$hessian                                                                        
        0.4849716671   0.0275863243  -0.0161881952  -0.0916450804   0.0436515838
        0.0215445830   0.0064973593  -0.0033648133  -0.0024248628   0.0004596685
        0.0004598366   0.0002326939  -0.0136151688  -0.0108182771   0.0120982736
       -0.0697262223  -0.0081235809   0.0251823389  -0.1304554836  -0.0020150840
       -0.0491710880  -0.0250349305  -0.0118394652  -0.0031441442  -0.0140733312
        0.0063923783   0.0229923451  -0.0894161246  -0.0520044922   0.0032930835
       -0.0017130503  -0.0019708566   0.0014470575  -0.0229571641   0.0154877244
       -0.0003361442  -0.0000041033  -0.0003930344   0.0023782950  -0.0074832932
        0.0082216599   0.0068476414   0.0070018372   0.0191694784   0.0003500433
       -0.0015061683   0.0000959621  -0.0008927153  -0.0005445715  -0.0026152427
        0.0000362685  -0.0001492070  -0.0005305172  -0.0002118133   0.0000303350
       -0.0001497282   0.0000512931   0.0000495136  -0.0000089902  -0.0000741087
       -0.0021059874  -0.0027752590  -0.0004579396   0.0058059853   0.0052699737
       -0.0173461569  -0.0160407223   0.0024560552  -0.0094329523   0.0033561481
        0.0003797442   0.0012949787   0.0005784986  -0.0005403180  -0.0005801350
       -0.0157382838  -0.0203038632  -0.0003119339  -0.0068694641  -0.0099794884
        0.0037288902   0.0001903254  -0.0000295188   0.0002174613  -0.0005566182
       -0.0005244571  -0.0002904154   0.0002228787  -0.0015691687  -0.0006309398
        0.0000983352   0.0005202906   0.0001779049   0.0006687185   0.0006072011
       -0.0004918714   0.0002268620   0.0000418080  -0.0000864111  -0.0004071458
       -0.0004716789   0.0001442210  -0.0001160116  -0.0003121865   0.0000544541
        0.0275863243   0.4646297581  -0.0041064841   0.0387012645  -0.1051446328
       -0.0218096216   0.0121050806  -0.0268630845  -0.0060158061   0.0015180233
        0.0025760965  -0.0007844891  -0.0186498322  -0.0116207820   0.0180357459
       -0.0097072769  -0.0631054841   0.0233733878  -0.0005782543  -0.0619421143
       -0.0026341855  -0.0201362713  -0.0044443149  -0.0047062438   0.0167920116
       -0.0025445226  -0.0245782389  -0.0476306378  -0.1297666059   0.0097064966
       -0.0020022132  -0.0020477672   0.0020423606   0.0075685596   0.0002703034
        0.0047211127  -0.0004520931   0.0002602389  -0.0014470011   0.0020971905
       -0.0006621191  -0.0020989670  -0.0009573730  -0.0376191765  -0.0043763503
       -0.0006871554  -0.0009217089  -0.0003653191  -0.0016490124  -0.0049020235
       -0.0002417886  -0.0001029686  -0.0000761976  -0.0002103717  -0.0000087861
       -0.0001333803   0.0001123725   0.0002428041   0.0001123444  -0.0003093038
       -0.0036363690  -0.0040515542  -0.0003306085  -0.0022315783  -0.0006556691
        0.0046660825   0.0210000398   0.0006927124   0.0136184767  -0.0056308836
       -0.0006207971  -0.0040538483   0.0002787904   0.0001519208  -0.0010397210
       -0.0056574870  -0.0042136414  -0.0015366550  -0.0067128587  -0.0068029299
        0.0044239871   0.0000373359  -0.0000235283   0.0000504375  -0.0008249985
       -0.0006679102  -0.0001976798  -0.0001867450  -0.0000256013  -0.0000966897
       -0.0000290492  -0.0000050575   0.0002229357   0.0000302659   0.0004486041
       -0.0001653937   0.0000114617  -0.0000350211  -0.0000875371  -0.0002927038
       -0.0001055660  -0.0000120677  -0.0002046048  -0.0001407886   0.0002309761
       -0.0161881952  -0.0041064841   0.4441839353   0.0143886279  -0.0159823084
       -0.0680538495  -0.0012564372   0.0003925599   0.0016030151  -0.0000898912
       -0.0000328519   0.0000490236   0.0086606380   0.0087628465  -0.0034686075
        0.0309019825   0.0224154489  -0.1441548210  -0.0504601469  -0.0033667435
       -0.0995245306   0.0002552848  -0.0045283541   0.0055606038   0.0124284159
       -0.0078758764  -0.0148244240   0.0032314916   0.0098156897  -0.0648641754
        0.0008963705   0.0016422681  -0.0012370672  -0.0062939439   0.0093254089
        0.0052192454  -0.0005800236   0.0000192057  -0.0007114039   0.0198417310
       -0.0213989077  -0.0148490589  -0.0019780227  -0.0100233039   0.0022352938
       -0.0005038671  -0.0001475018  -0.0001990420  -0.0000487904   0.0009762084
       -0.0000093663  -0.0001599104  -0.0001556486  -0.0001944117   0.0000386927
        0.0000895454  -0.0000891051  -0.0000401071  -0.0002221317  -0.0000080349
       -0.0005266026   0.0005024994  -0.0004580023   0.0051599870   0.0072105983
       -0.0223949389  -0.0022861369   0.0011368388  -0.0004397528  -0.0217155214
       -0.0034071438  -0.0179483469   0.0007361877  -0.0000828270   0.0014670845
       -0.0122211345  -0.0154623503   0.0008649188   0.0175312183   0.0237669831
       -0.0070281363   0.0000556798  -0.0001000112  -0.0002043692   0.0002805424
        0.0006932008   0.0002630168   0.0001839547  -0.0012025085  -0.0006966383
       -0.0000164190   0.0004834074  -0.0000883507  -0.0000005253   0.0007588853
       -0.0000501154  -0.0000136101   0.0000647433   0.0000426250  -0.0002195527
       -0.0000631553   0.0001345756   0.0000080334   0.0001017701  -0.0001267890
       -0.0916450804   0.0387012645   0.0143886279   0.4516676180   0.0160043377
       -0.0040627139  -0.0799823846  -0.0413295377  -0.0001308263  -0.0093663356
       -0.0137852100   0.0042930750   0.0013794402  -0.0004555127  -0.0010352047
       -0.0080652158   0.0071679661   0.0071782696  -0.0224547984   0.0183202671
        0.0007570575   0.0002990675   0.0004512265  -0.0003056342  -0.0012036823
        0.0001134014   0.0019013757   0.0048997241  -0.0016758163  -0.0013519932
       -0.0001279161  -0.0002202662  -0.0000360926  -0.1557447237  -0.0045834730
       -0.0398580984  -0.0082312596   0.0032085868  -0.0143479757  -0.0475959980
       -0.0058142338   0.0405816009   0.0004888778  -0.0045940205  -0.0004640965
       -0.0262516495  -0.0034530980  -0.0068251472   0.0069313291   0.0160922845
       -0.0008323665  -0.0099276622  -0.0194442008  -0.0017055525   0.0000957343
        0.0000611095  -0.0000803177  -0.0017145466  -0.0009812860   0.0030353441
        0.0002167874  -0.0000004985  -0.0000887938  -0.0000373048   0.0001656907
       -0.0008483111  -0.0043413194   0.0001933743  -0.0018572220   0.0009671014
        0.0005728766   0.0012561947   0.0000045602  -0.0001863887   0.0000870287
        0.0002926151  -0.0006644314  -0.0003126799   0.0003066212  -0.0009028502
       -0.0001215242   0.0000252175   0.0000370888   0.0000108675   0.0000355487
       -0.0000764159  -0.0000015788   0.0021182921  -0.0024220848  -0.0004939216
        0.0004237130   0.0008753177   0.0009281629  -0.0002151265   0.0000110397
       -0.0001037968   0.0001876758  -0.0002601866  -0.0009302559  -0.0036654500
       -0.0016084485   0.0021199334   0.0002305303   0.0004821276  -0.0007434341
        0.0436515838  -0.1051446328  -0.0159823084   0.0160043377   0.4206492796
       -0.0191289527  -0.0436120284  -0.1499464830   0.0021475044  -0.0067582069
       -0.0058868792   0.0065589542   0.0007954263  -0.0000551834  -0.0004398491
        0.0025520459  -0.0000140266  -0.0052730861   0.0058901770  -0.0022011898
        0.0012352979  -0.0002311921  -0.0002875616  -0.0001351918  -0.0010284562
        0.0014477581   0.0014124094   0.0131466040  -0.0253135504  -0.0054907311
        0.0000403392   0.0000053644   0.0000290594  -0.0061798423  -0.0580363704
       -0.0016604569   0.0072389514  -0.0013375178   0.0034518513  -0.0058187846
       -0.0443338717   0.0309108695  -0.0010964372  -0.0068686485  -0.0005770293
       -0.0085190575   0.0019724931  -0.0018473967  -0.0080858455  -0.0250979603
        0.0006864063  -0.0066037273  -0.0091530561  -0.0002286924  -0.0001682140
        0.0000696535   0.0002102371   0.0002737292   0.0007049039   0.0006961914
        0.0000346076  -0.0000514430   0.0000372475   0.0001074650   0.0003111670
        0.0005638140   0.0002237683   0.0003502143  -0.0002409105  -0.0004973380
        0.0001685457  -0.0007240277  -0.0001284912  -0.0002705070   0.0002179256
        0.0008388375   0.0004928730  -0.0001731285   0.0008405963   0.0003783214
       -0.0006784938  -0.0000161198   0.0000272578  -0.0000279056  -0.0000379075
        0.0000300812   0.0000250195  -0.0011981602   0.0092104501   0.0049931878
        0.0009629214  -0.0035211666  -0.0014918869  -0.0002005978   0.0000624847
       -0.0000121777  -0.0003024057   0.0001562287   0.0001979395  -0.0019645382
        0.0009653776   0.0012024385  -0.0001540403   0.0005175940  -0.0004641282
        0.0215445830  -0.0218096216  -0.0680538495  -0.0040627139  -0.0191289527
        0.5096195908   0.0051696046   0.0109217844  -0.0663656371   0.0110060142
        0.0195540941  -0.0017214292  -0.0013315606  -0.0001669250   0.0015933298
        0.0156544332  -0.0165321978  -0.0081510636  -0.0102784275   0.0099646442
        0.0014959442   0.0001995380   0.0003377060  -0.0001504749   0.0046819606
       -0.0012118542  -0.0063176404  -0.0000998881  -0.0017506620   0.0000961119
       -0.0000088993  -0.0001059062   0.0000067859  -0.0562181277  -0.0011389640
       -0.0929368928  -0.0265235496   0.0008499224  -0.0176234602   0.0417463856
        0.0304174130  -0.2490933681  -0.0003639907   0.0016383991   0.0004737401
        0.0087319481   0.0002764070   0.0036856964  -0.0003425728  -0.0000658277
        0.0009103506  -0.0096842274  -0.0203433685  -0.0011829625  -0.0000740464
        0.0001719606  -0.0000980464   0.0030729480   0.0013599280  -0.0031671681
       -0.0002971099   0.0000266019   0.0000120733  -0.0000670858  -0.0007419562
        0.0004329958  -0.0035307236   0.0003457048  -0.0015505194  -0.0015338222
        0.0010224567   0.0006526852   0.0000734292   0.0003509074  -0.0000854388
        0.0000835280  -0.0000637628   0.0000138996  -0.0001056906   0.0012140824
        0.0003741097  -0.0000302625   0.0000045372  -0.0000219284  -0.0000520928
       -0.0000402178  -0.0000116980  -0.0013847697   0.0047492242  -0.0027378903
       -0.0000631196  -0.0015145671   0.0005817971  -0.0000557292  -0.0001229162
        0.0000116982   0.0009829381   0.0000507016   0.0000926677   0.0025256426
        0.0011232119  -0.0010640191   0.0006354566   0.0003580132   0.0002800103
        0.0064973593   0.0121050806  -0.0012564372  -0.0799823846  -0.0436120284
        0.0051696046   0.5073817797  -0.0371186666   0.0280542960  -0.1078735503
       -0.0104870909   0.0565687063  -0.0167977586   0.0042762504   0.0162238257
        0.0005571952  -0.0013101646  -0.0007948568   0.0001092202  -0.0000418983
        0.0001914635  -0.0011182387   0.0007080118   0.0008698032   0.0000696527
        0.0001626772  -0.0000131401  -0.0016521006   0.0015258377   0.0007210404
        0.0001655612   0.0000876357   0.0001758987  -0.0174080440  -0.0203232036
       -0.0032275256   0.0000026223  -0.0010149632   0.0016411720  -0.0041048393
       -0.0104984556   0.0022893063  -0.0000071886   0.0018198531   0.0001668167
       -0.0025012256  -0.0003350675  -0.0016517092  -0.1608372238   0.1164125149
       -0.0046026608  -0.1155449744  -0.0143430159  -0.1073676260   0.0085173200
        0.0025401440  -0.0105407789  -0.0130059126  -0.0052405440   0.0158928850
       -0.0018085104   0.0034357443   0.0010641429   0.0001048629   0.0000281912
        0.0000875079   0.0000782372   0.0000296884   0.0001052270  -0.0000953972
        0.0002542203  -0.0000810079  -0.0000352404  -0.0000385596  -0.0000361030
       -0.0000338013   0.0000682813   0.0000160653  -0.0000122411   0.0001074263
       -0.0000641328  -0.0000430879   0.0001151288   0.0000359083  -0.0000023881
       -0.0000032803   0.0000369285  -0.0001069789   0.0010754092   0.0004313816
        0.0002867949  -0.0004905640  -0.0004336866   0.0000337092  -0.0000351056
        0.0000340988   0.0000184641  -0.0000355991  -0.0001045678  -0.0009390197
       -0.0000114688   0.0004508166   0.0000873272   0.0001875808  -0.0000526628
       -0.0033648133  -0.0268630845   0.0003925599  -0.0413295377  -0.1499464830
        0.0109217844  -0.0371186666   0.4659592443   0.0014262813  -0.0075149253
       -0.0658689285   0.0092568295   0.0142653927   0.0007667754  -0.0167701524
       -0.0007458497   0.0014133270   0.0008302816  -0.0003287252  -0.0000257236
       -0.0001123688   0.0003198619   0.0005416804  -0.0001569113  -0.0002011343
        0.0003920775   0.0001926348   0.0025023688  -0.0017270071  -0.0010141581
       -0.0000488267  -0.0002498320  -0.0001020947  -0.0093226456  -0.0043211721
       -0.0045935809   0.0008361268  -0.0002937099   0.0014077896  -0.0063311289
       -0.0095708947   0.0023824683  -0.0000315456  -0.0017547563  -0.0002345932
        0.0006506934  -0.0005402786  -0.0004495867   0.1167973754  -0.1541128328
        0.0030436481  -0.0146448583  -0.0461982359  -0.0258009874  -0.0018352648
        0.0001384233   0.0026038286  -0.0163682182  -0.0046626301   0.0189901382
        0.0034195533  -0.0034147372  -0.0014610431  -0.0000340134  -0.0000615965
       -0.0002308839  -0.0001512317  -0.0000332662  -0.0002178832   0.0002343112
       -0.0000500684  -0.0001651652  -0.0000578512  -0.0001422436   0.0000577291
        0.0000224429  -0.0000273113  -0.0000087725   0.0001006923   0.0001236105
       -0.0000752391   0.0000554581  -0.0000535309  -0.0001036635   0.0000402867
        0.0000270912   0.0000228170   0.0000274751   0.0004842086   0.0002229179
        0.0000044909  -0.0000851350  -0.0001265841  -0.0000690345  -0.0000197143
       -0.0000190026   0.0001039994   0.0000459277  -0.0002440697   0.0000908816
        0.0000771302   0.0001321303   0.0000268606   0.0000536766   0.0000029019
       -0.0024248628  -0.0060158061   0.0016030151  -0.0001308263   0.0021475044
       -0.0663656371   0.0280542960   0.0014262813   0.4875896076   0.0590573456
        0.0136447057  -0.1509393174   0.0090605645  -0.0043615670  -0.0054613783
       -0.0001000732   0.0003978539   0.0001643839   0.0000947579  -0.0002891573
       -0.0002580526  -0.0005740640   0.0003023379   0.0007941653  -0.0004821665
        0.0004054902   0.0003067320   0.0007668731  -0.0010398925   0.0000567969
        0.0000396695   0.0000035638  -0.0001602044  -0.0067516964  -0.0124588096
        0.0017910971  -0.0004724913  -0.0003272977  -0.0002070435   0.0120847331
        0.0254258429  -0.0058649872  -0.0000996995  -0.0002660974   0.0001553585
       -0.0012179134  -0.0001338815  -0.0002648190  -0.0039966378   0.0022499413
       -0.0424255957  -0.1077082044  -0.0256378712  -0.1953091838   0.0143366508
        0.0035970451  -0.0253744393   0.0009422959   0.0010459159  -0.0005071503
        0.0001870491  -0.0006414849   0.0007106009  -0.0000939211  -0.0000748912
       -0.0001688196  -0.0000267054  -0.0001733685  -0.0000292706  -0.0001138950
        0.0005559571  -0.0000125265   0.0000451694  -0.0000527456  -0.0000232083
        0.0000221505   0.0000762249  -0.0000007439  -0.0000472630  -0.0001168333
        0.0000304233  -0.0000200485  -0.0000543448  -0.0001173397  -0.0000556698
        0.0000385810   0.0000525403   0.0000411301   0.0006708231   0.0003039419
       -0.0000567824  -0.0001573385  -0.0004524361   0.0000340607  -0.0000632329
        0.0000088151  -0.0001093269   0.0000700328   0.0000227550  -0.0002391980
       -0.0000602954   0.0003157411  -0.0000453006  -0.0001331859   0.0000361794
        0.0004596685   0.0015180233  -0.0000898912  -0.0093663356  -0.0067582069
        0.0110060142  -0.1078735503  -0.0075149253   0.0590573456   0.4769234734
        0.0307572221   0.0426246940  -0.1001399638   0.0567398722   0.0139343781
        0.0075627689  -0.0067934258  -0.0011214188  -0.0006091323  -0.0000666035
        0.0000534601  -0.0141340253   0.0148565426  -0.0083632144  -0.0005676525
       -0.0049145737  -0.0010284552  -0.0001305435   0.0001996971   0.0000074999
        0.0012055131   0.0012055231  -0.0002369842  -0.0001587409  -0.0003774640
        0.0000831945   0.0004258938   0.0001602440  -0.0007142167  -0.0005534121
       -0.0015653772   0.0002567032   0.0000023159  -0.0001242742   0.0000752699
       -0.0001240602   0.0001476230  -0.0000093375  -0.0151948665   0.0001318890
        0.0199554765   0.0077682092  -0.0002474039  -0.0104766314  -0.1097616138
        0.0167946211  -0.1045986147  -0.1219605089  -0.1080167984  -0.0242953113
       -0.0131179795   0.0174062724   0.0050955191   0.0005168615  -0.0012879434
       -0.0002432298   0.0000827284   0.0000870927   0.0000115811   0.0000126819
        0.0000017682   0.0000595982   0.0003063690  -0.0006031740  -0.0005026916
        0.0000165557  -0.0000333555  -0.0000119305   0.0000014091  -0.0000310865
       -0.0000217851   0.0005701133  -0.0012051298  -0.0007833938  -0.0002956635
        0.0005389489   0.0002734797  -0.0001564830  -0.0001019817   0.0001550754
       -0.0016031840  -0.0009055317  -0.0001208253  -0.0000329981   0.0000266862
       -0.0000287152   0.0000178411  -0.0000116808   0.0000002992  -0.0000674619
       -0.0000220283   0.0000069604  -0.0000242271   0.0000089388  -0.0000099022
        0.0004598366   0.0025760965  -0.0000328519  -0.0137852100  -0.0058868792
        0.0195540941  -0.0104870909  -0.0658689285   0.0136447057   0.0307572221
        0.4909944640  -0.0017372070   0.0556986668  -0.1420528730  -0.0172589749
        0.0098226888  -0.0282468757  -0.0048051278  -0.0001659343   0.0005445711
        0.0001511148   0.0115498980  -0.0086637605   0.0093778050  -0.0026065721
       -0.0058325946  -0.0002163902  -0.0000004961  -0.0002072547  -0.0001353430
       -0.0018639571  -0.0010511766  -0.0013641106  -0.0002389690  -0.0000569386
        0.0000958984  -0.0001452275  -0.0001988869  -0.0003604589  -0.0026505213
       -0.0044062121   0.0015947489  -0.0001140563   0.0002965075   0.0000510585
       -0.0003549622   0.0000100917  -0.0000640667   0.0130093229   0.0013360342
       -0.0164172000   0.0010073966   0.0006288621  -0.0006996633   0.0168701903
       -0.0476557838   0.0287289271  -0.1086240621  -0.1868887887  -0.0292285345
        0.0006498924   0.0005398409  -0.0008923171   0.0014402990   0.0007249287
        0.0004729428  -0.0000501142   0.0000748603  -0.0001355471   0.0000029618
       -0.0000725045   0.0000783124   0.0005284146  -0.0010900187  -0.0007960054
        0.0000089536   0.0000277525   0.0000306022  -0.0000086392   0.0001080768
       -0.0000396390  -0.0003330468   0.0005176350   0.0002841218  -0.0000775114
       -0.0001683832  -0.0001824295  -0.0001938922  -0.0000507659   0.0001877029
       -0.0000239683   0.0000382625   0.0000476240   0.0000164814  -0.0000485769
        0.0000041387  -0.0000221232  -0.0000542864   0.0000499039  -0.0000730249
        0.0000169418   0.0000050948  -0.0000028456   0.0000665629   0.0000070706
        0.0002326939  -0.0007844891   0.0000490236   0.0042930750   0.0065589542
       -0.0017214292   0.0565687063   0.0092568295  -0.1509393174   0.0426246940
       -0.0017372070   0.5029142683   0.0061106114  -0.0078267367  -0.0621412292
        0.0023234756  -0.0065681227  -0.0004178063   0.0002741733  -0.0008824412
       -0.0014144606  -0.0157371514   0.0199712778   0.0005360330  -0.0009471138
       -0.0025093580   0.0001678733   0.0001440235   0.0001805315  -0.0000361220
       -0.0001870177   0.0008507838  -0.0011342354   0.0001425032  -0.0000056161
       -0.0002060778   0.0003717845   0.0003928002  -0.0000371378   0.0005369642
        0.0003087207   0.0008948436  -0.0000900875  -0.0001990942   0.0001020815
        0.0001361545  -0.0000310246  -0.0001941118   0.0034395205  -0.0003830512
       -0.0030442366   0.0150896229   0.0027602787  -0.0291361269  -0.1053234888
        0.0298102228  -0.2007538754  -0.0238562534  -0.0287581605  -0.0488157642
        0.0140081540  -0.0172442699  -0.0036548359   0.0003648465  -0.0009888880
        0.0002607946  -0.0000755455  -0.0001054703   0.0001733685   0.0002326153
        0.0001404404  -0.0003273449   0.0002917519  -0.0003388681  -0.0003519095
       -0.0000080363  -0.0000181198   0.0000058505  -0.0000551122  -0.0000257225
        0.0000489081   0.0007682437  -0.0017471898  -0.0011359439  -0.0004537707
        0.0007165505   0.0004483315   0.0001386842  -0.0000751701  -0.0000393871
       -0.0012766920  -0.0007980800  -0.0001334690  -0.0000076359   0.0000524479
       -0.0000436841  -0.0000122305   0.0000496086   0.0000597091  -0.0000726819
        0.0000128545  -0.0000099379   0.0000105191  -0.0000352214   0.0000273570
       -0.0136151688  -0.0186498322   0.0086606380   0.0013794402   0.0007954263
       -0.0013315606  -0.0167977586   0.0142653927   0.0090605645  -0.1001399638
        0.0556986668   0.0061106114   0.4875008269   0.0170706323  -0.0619820673
       -0.1069176508  -0.0593384667  -0.0105417914   0.0049154457  -0.0064110911
        0.0053061331  -0.0825304501   0.0138548929  -0.0455694327   0.0113873063
        0.0149632939   0.0020941182  -0.0015184992  -0.0001638940   0.0029239789
       -0.0170636386   0.0040468682  -0.0253175796  -0.0005033222  -0.0000383838
       -0.0000680818  -0.0000422893  -0.0000267993   0.0001894756   0.0002076980
        0.0000990794  -0.0001467432   0.0004178864   0.0001630658  -0.0003807970
        0.0000962721   0.0000430947   0.0000089931  -0.0023461238   0.0002093338
        0.0036457211   0.0004142191  -0.0001588773  -0.0004733735  -0.0124902846
        0.0162390695  -0.0005955822   0.0080173359  -0.0115062560  -0.0017742689
       -0.1431768429  -0.0238321939   0.1136346003  -0.0134270774  -0.0143688382
       -0.0036241189  -0.0008231870  -0.0013820543   0.0012197374  -0.0009847315
       -0.0007617690   0.0005205268  -0.0011850656   0.0023786099   0.0016309093
        0.0000985207   0.0000261602   0.0000363610  -0.0005205694  -0.0008585196
        0.0003985631  -0.0002581343  -0.0054403168  -0.0038654688  -0.0002233544
        0.0029163477   0.0004737030   0.0001144635   0.0000326246   0.0000232401
       -0.0000037422   0.0001189910  -0.0002158092  -0.0000557454   0.0000035092
       -0.0000520940  -0.0000092947   0.0000283526   0.0000117164   0.0000533968
        0.0000088872   0.0000029851   0.0000300832  -0.0000250068  -0.0000138070
       -0.0108182771  -0.0116207820   0.0087628465  -0.0004555127  -0.0000551834
       -0.0001669250   0.0042762504   0.0007667754  -0.0043615670   0.0567398722
       -0.1420528730  -0.0078267367   0.0170706323   0.4576587092  -0.0329426592
       -0.0557658673  -0.1221970739  -0.0132180172  -0.0003343147  -0.0060864793
        0.0174327411   0.0084347063  -0.0679358181   0.0255836091  -0.0078944894
       -0.0357492712  -0.0080601193  -0.0008608278   0.0002057985   0.0015974822
       -0.0007828493   0.0042638180  -0.0061884947  -0.0002348586  -0.0000937364
        0.0001190017   0.0000993581  -0.0001783870  -0.0001148300   0.0000418567
        0.0000262970  -0.0000621593  -0.0003001147   0.0000870756   0.0004689360
       -0.0000050118   0.0000100816  -0.0000214537  -0.0008093919   0.0007624437
        0.0003156604  -0.0002706127   0.0002144899   0.0002979327   0.0074742245
       -0.0085668675   0.0010691253   0.0136966066  -0.0254292621  -0.0041858619
       -0.0242832398  -0.0428659168   0.0236111098   0.0005113766   0.0015306018
        0.0000927661  -0.0007365102  -0.0011451905   0.0004038269  -0.0010367597
       -0.0016964796   0.0007234008   0.0010461683  -0.0037835287  -0.0034998899
        0.0000049242  -0.0000016606   0.0000016624  -0.0003164690  -0.0004534825
        0.0001490376  -0.0065844804   0.0070194498   0.0025826043   0.0019750539
       -0.0026888373  -0.0024569468   0.0000495020   0.0000273999   0.0000093830
        0.0000083343   0.0000146751  -0.0000641214   0.0000245664  -0.0000155220
       -0.0000505412  -0.0000067172  -0.0000090445   0.0000077069   0.0000127359
        0.0000126791   0.0000024551   0.0000301354   0.0000251017  -0.0000109648
        0.0120982736   0.0180357459  -0.0034686075  -0.0010352047  -0.0004398491
        0.0015933298   0.0162238257  -0.0167701524  -0.0054613783   0.0139343781
       -0.0172589749  -0.0621412292  -0.0619820673  -0.0329426592   0.5145718914
       -0.0108171098  -0.0124528983  -0.0674116575   0.0012772757   0.0155820366
       -0.0204278366  -0.0457698570   0.0337431397  -0.1646203213  -0.0026352949
       -0.0146730185   0.0002378214   0.0014648704   0.0007192346  -0.0043696600
       -0.0129702615   0.0002799326  -0.0147524077   0.0000492347   0.0000844326
       -0.0002405441  -0.0001139610   0.0000168292   0.0000906264  -0.0001789719
       -0.0001358377   0.0000493969  -0.0004791813  -0.0002637198   0.0005330694
       -0.0000065295  -0.0000270256   0.0000561231   0.0031112281  -0.0002198428
       -0.0035027497  -0.0000766539  -0.0001895944   0.0002685176  -0.0148658754
        0.0190243875   0.0014807022   0.0025881297  -0.0051903690  -0.0004476409
        0.1131882767   0.0219406365  -0.1676419898  -0.0148565504  -0.0147065681
       -0.0029712346   0.0005128633   0.0008641713  -0.0016986572   0.0009088105
        0.0021916798  -0.0017069198   0.0004406773  -0.0006159960  -0.0008786590
       -0.0000600732  -0.0000882006  -0.0000786879   0.0008287781   0.0011342989
       -0.0004330450  -0.0030392484   0.0034357237   0.0033316983   0.0023082765
       -0.0012456275  -0.0000808004  -0.0000783749   0.0000004973  -0.0000029340
        0.0000287721   0.0000478269   0.0001678082   0.0000928892   0.0001137522
       -0.0000903991  -0.0000280195  -0.0000050871   0.0000328858  -0.0000177465
        0.0000021020  -0.0000041674  -0.0000455787   0.0000089937   0.0000176566
       -0.0697262223  -0.0097072769   0.0309019825  -0.0080652158   0.0025520459
        0.0156544332   0.0005571952  -0.0007458497  -0.0001000732   0.0075627689
        0.0098226888   0.0023234756  -0.1069176508  -0.0557658673  -0.0108171098
        0.4752382291  -0.0029883186   0.0616388337   0.0029920812  -0.0003709561
       -0.0174536855  -0.0165115522  -0.0136532976  -0.0186682410  -0.1238319445
        0.0710879393   0.0365531002  -0.0062189901  -0.0075295695   0.0128262801
       -0.0007368976   0.0005343040  -0.0024938029  -0.0001082436  -0.0003404304
        0.0003466259   0.0001599900  -0.0006562657  -0.0005304564  -0.0013181453
        0.0017911161   0.0007974454  -0.0018381537   0.0005770077   0.0018989925
        0.0000832473   0.0001668659  -0.0001575271  -0.0001101435  -0.0000735184
        0.0000869880  -0.0001050736   0.0001276949  -0.0001516089   0.0006046263
        0.0015308651   0.0003541641  -0.0010932080   0.0035726021   0.0006037429
       -0.0139556544  -0.0161827553  -0.0026339809  -0.1420877275   0.0212372682
       -0.1016999749  -0.0001099098   0.0005897499  -0.0004357795  -0.0034030994
       -0.0006829042  -0.0029106368   0.0108559239  -0.0046570371  -0.0063205132
        0.0002960520   0.0000949892   0.0005814424  -0.0006365913  -0.0022808503
        0.0007131115  -0.0009800898   0.0004407589  -0.0002248155   0.0001996402
        0.0000429305  -0.0000523098   0.0001834810   0.0004096357   0.0001697229
       -0.0008881913   0.0007956420  -0.0001527598  -0.0000709968   0.0002952860
       -0.0006520894  -0.0000611002  -0.0000843273  -0.0000245580  -0.0000277180
        0.0000156031   0.0000290054   0.0000692841   0.0000342309   0.0000005763
       -0.0081235809  -0.0631054841   0.0224154489   0.0071679661  -0.0000140266
       -0.0165321978  -0.0013101646   0.0014133270   0.0003978539  -0.0067934258
       -0.0282468757  -0.0065681227  -0.0593384667  -0.1221970739  -0.0124528983
       -0.0029883186   0.4384070528   0.0048269976   0.0000017492   0.0005229382
        0.0052116201  -0.0050119424   0.0027531152  -0.0072755635   0.0501523043
       -0.1370838755  -0.0249434039  -0.0098123128  -0.0063478404   0.0228050852
        0.0004259025  -0.0006000215   0.0007568933  -0.0000722638   0.0004679666
       -0.0002682194  -0.0000731812   0.0000738564   0.0003167638   0.0026267121
       -0.0023869779  -0.0020085350   0.0029570663   0.0022776776  -0.0027051840
       -0.0000417404  -0.0000147384   0.0001075106  -0.0001674227   0.0001622364
        0.0001867744   0.0001436887  -0.0000846644  -0.0001299251  -0.0010178560
        0.0005627325  -0.0005179954   0.0021494655  -0.0033112359  -0.0011235008
       -0.0048061920  -0.0047375978  -0.0008338077   0.0188465422  -0.0439762534
        0.0246502728   0.0003409114  -0.0003459420   0.0004756588   0.0002882886
       -0.0002946150   0.0005393167   0.0168631575  -0.0299356335  -0.0101322611
        0.0004904139   0.0010301024   0.0003121716  -0.0035307137  -0.0042970716
        0.0014860814   0.0004726833  -0.0002020785   0.0002737692  -0.0001273124
        0.0002147682   0.0000705270  -0.0000537490  -0.0001079551  -0.0001061826
        0.0004865147  -0.0002508265   0.0002278437  -0.0002685352  -0.0004037666
        0.0005358703   0.0000299744   0.0000342031   0.0000044910   0.0000464856
        0.0000434401  -0.0000097554   0.0000473520  -0.0000188624   0.0000066025
        0.0251823389   0.0233733878  -0.1441548210   0.0071782696  -0.0052730861
       -0.0081510636  -0.0007948568   0.0008302816   0.0001643839  -0.0011214188
       -0.0048051278  -0.0004178063  -0.0105417914  -0.0132180172  -0.0674116575
        0.0616388337   0.0048269976   0.4849464420  -0.0056937683  -0.0009472913
       -0.0324624863  -0.0159427946  -0.0160884575  -0.0135496648   0.0401966290
       -0.0418735686  -0.0692301890   0.0042437181   0.0074030479  -0.0044372593
       -0.0015516992   0.0010215727  -0.0038929881  -0.0000625290   0.0004542356
        0.0005476036  -0.0001930480  -0.0008914617   0.0000942399   0.0002448875
       -0.0002305218   0.0002261233   0.0012881421  -0.0019587314  -0.0011237496
       -0.0000749733   0.0002862450  -0.0003568235  -0.0000462515   0.0003450990
        0.0001262356  -0.0001521275  -0.0001423984  -0.0001593303  -0.0000517213
        0.0010764630   0.0002327355  -0.0000823121  -0.0005359106   0.0002660799
        0.0145118618   0.0159834147   0.0037924690  -0.1074893500   0.0289068253
       -0.1428316553   0.0001564273  -0.0000820534   0.0001875662  -0.0030807513
        0.0002118751  -0.0032998110  -0.0050859729   0.0006039556   0.0002249620
       -0.0008296463  -0.0008076547   0.0006902667  -0.0005022419  -0.0003102829
        0.0008577282  -0.0015977702   0.0007379099   0.0000578691   0.0004100442
       -0.0000385855  -0.0002643149   0.0000504018   0.0002809511  -0.0001052635
       -0.0001002854   0.0003869420  -0.0002231636  -0.0001199869   0.0004965795
       -0.0002750606   0.0000626420   0.0000082529  -0.0000031395  -0.0002263057
       -0.0000387948  -0.0000538288   0.0001774062   0.0000079077  -0.0000106287
       -0.1304554836  -0.0005782543  -0.0504601469  -0.0224547984   0.0058901770
       -0.0102784275   0.0001092202  -0.0003287252   0.0000947579  -0.0006091323
       -0.0001659343   0.0002741733   0.0049154457  -0.0003343147   0.0012772757
        0.0029920812   0.0000017492  -0.0056937683   0.4312839605  -0.0346108539
       -0.0149573750  -0.1052098432  -0.0526658534   0.0374485759   0.0001540238
        0.0004570555   0.0001926646  -0.0138267199  -0.0071539564  -0.0093210708
       -0.0205814428  -0.0207227036   0.0116781196  -0.0011282156   0.0028847005
        0.0011041093  -0.0004032940  -0.0000190265  -0.0004271224   0.0005296589
       -0.0005313151  -0.0014813676  -0.0010919034   0.0013319055  -0.0001730844
       -0.0003235444  -0.0000832180  -0.0001186256  -0.0000478739  -0.0001272024
       -0.0001052144  -0.0001767418   0.0003062137  -0.0002023704  -0.0000477953
       -0.0000939032  -0.0000673376   0.0000855760   0.0000107386  -0.0000878731
       -0.0004628289  -0.0005327062  -0.0007561032  -0.0003717408  -0.0008423984
        0.0004560545  -0.0913683856   0.0991614269  -0.0025497370  -0.0510664172
        0.0133881001   0.0457547979  -0.0002911465  -0.0001642309   0.0002662265
       -0.0010459477  -0.0021367030  -0.0000627063   0.0005964945   0.0007244617
       -0.0005182556   0.0000432253   0.0019511391   0.0023968777  -0.0002377870
       -0.0060640138  -0.0038510203   0.0000025378  -0.0003511920  -0.0002670569
       -0.0001212849   0.0001566493   0.0000805689   0.0007046593   0.0012831799
        0.0003904477   0.0000010047   0.0000174197  -0.0000212668  -0.0000869991
       -0.0000684824   0.0000463443  -0.0000085617   0.0000100711  -0.0000610638
       -0.0020150840  -0.0619421143  -0.0033667435   0.0183202671  -0.0022011898
        0.0099646442  -0.0000418983  -0.0000257236  -0.0002891573  -0.0000666035
        0.0005445711  -0.0008824412  -0.0064110911  -0.0060864793   0.0155820366
       -0.0003709561   0.0005229382  -0.0009472913  -0.0346108539   0.4763803955
        0.0025395639  -0.0500779585  -0.1221079545   0.0458436150  -0.0000358275
        0.0010935744  -0.0002809600  -0.0187660057  -0.0039188789  -0.0135598061
       -0.0139769150  -0.0126653587   0.0042691781   0.0018935032  -0.0027457470
       -0.0013112286   0.0002367579   0.0001034086   0.0002905624   0.0001662033
        0.0003605417   0.0006827757  -0.0002091062   0.0002104381  -0.0006589879
        0.0004458855   0.0001877820   0.0002425977   0.0001530469   0.0001013616
        0.0002112668   0.0007893541  -0.0008254762   0.0002717161  -0.0000457904
        0.0001102648   0.0000187626  -0.0000682081   0.0000643082   0.0001119160
        0.0006994546  -0.0006595376   0.0016138586  -0.0004630496  -0.0000468165
        0.0001226625   0.0973546377  -0.2122516179   0.0006374855   0.0137862869
       -0.0552648477  -0.0620540672  -0.0003078201  -0.0001897928   0.0005056264
       -0.0032217052  -0.0040570989  -0.0000205953   0.0003798414   0.0008299471
       -0.0006760522   0.0026985048  -0.0024512432  -0.0013316822  -0.0049282894
        0.0067736186   0.0028756691   0.0000044517   0.0003363946   0.0002621197
        0.0000681078  -0.0001885508  -0.0000864363  -0.0015997447  -0.0001055567
       -0.0005023682  -0.0000066841   0.0000254174   0.0000449320   0.0001490799
        0.0000796483  -0.0000683080   0.0000782085   0.0000093740  -0.0000548637
       -0.0491710880  -0.0026341855  -0.0995245306   0.0007570575   0.0012352979
        0.0014959442   0.0001914635  -0.0001123688  -0.0002580526   0.0000534601
        0.0001511148  -0.0014144606   0.0053061331   0.0174327411  -0.0204278366
       -0.0174536855   0.0052116201  -0.0324624863  -0.0149573750   0.0025395639
        0.5298350811   0.0331826241   0.0409694400  -0.0939490049  -0.0014564535
        0.0006340574   0.0005754000  -0.0003933058  -0.0030021310   0.0001227469
       -0.0002049356  -0.0029832021   0.0049092219   0.0004846851  -0.0008476765
       -0.0000048341   0.0001654421   0.0001596708  -0.0001335656   0.0016690770
       -0.0005178823   0.0012220806  -0.0006937709   0.0007005987   0.0006371725
        0.0000210642  -0.0000390660   0.0000542030   0.0000369585  -0.0000543559
        0.0001076643   0.0000269276  -0.0002879807   0.0004418248  -0.0003196204
        0.0002439237   0.0000522437  -0.0000868435   0.0000207394  -0.0000179142
       -0.0018128724   0.0014706185  -0.0036334678   0.0016903446   0.0013402238
       -0.0060547143  -0.0013212501  -0.0019499413  -0.0393857441   0.0471965231
       -0.0606460550  -0.2456614021   0.0001888209  -0.0000026437  -0.0001652214
        0.0003409121   0.0006840835   0.0006827438   0.0003703975   0.0003681685
        0.0005727399   0.0007854298  -0.0022242510  -0.0000615174  -0.0046449069
        0.0024090600   0.0026989310   0.0000410510   0.0000403040   0.0001678655
       -0.0000163476  -0.0000487642   0.0000175002  -0.0000082654  -0.0002951070
       -0.0005116898  -0.0000114749  -0.0000142788   0.0000161914   0.0000946542
        0.0000375115   0.0000080919  -0.0000508304   0.0000111523   0.0000487955
       -0.0250349305  -0.0201362713   0.0002552848   0.0002990675  -0.0002311921
        0.0001995380  -0.0011182387   0.0003198619  -0.0005740640  -0.0141340253
        0.0115498980  -0.0157371514  -0.0825304501   0.0084347063  -0.0457698570
       -0.0165115522  -0.0050119424  -0.0159427946  -0.1052098432  -0.0500779585
        0.0331826241   0.7091502452   0.2406785777   0.1953085765   0.0001483304
        0.0012482511   0.0004509969  -0.0037941151   0.0000723532  -0.0022338348
       -0.4328111149  -0.1666706702  -0.1542772916  -0.0005174280  -0.0000807729
       -0.0002591157   0.0000330693   0.0000097917   0.0000103477  -0.0002796623
       -0.0000177170   0.0000941389   0.0004943074   0.0006521385  -0.0001055687
        0.0001500161  -0.0000089822   0.0000990030   0.0000161144   0.0000324162
       -0.0001840842  -0.0002130163   0.0010261995   0.0004807306  -0.0023668027
        0.0032161575  -0.0007480555   0.0007197496  -0.0011505854   0.0001791657
        0.0071500527  -0.0026279085   0.0145877455  -0.0023293332  -0.0027677849
       -0.0010498602   0.0065310893   0.0033730225  -0.0026881215  -0.0046134208
       -0.0067965989   0.0066154314  -0.0001505110  -0.0003646748  -0.0001160889
       -0.0007066134  -0.0009928052  -0.0000080967   0.0000391171   0.0001115088
       -0.0001218211  -0.0136818686  -0.0032910154  -0.0083098659  -0.0190196115
       -0.0100596614  -0.0035517647   0.0001328368   0.0000075362   0.0000907750
       -0.0000788626   0.0000381096  -0.0000546244   0.0001562299  -0.0004792800
        0.0001973162  -0.0000279213  -0.0000074654  -0.0000106907   0.0001244906
        0.0000182239   0.0000226187  -0.0000153942  -0.0000154665  -0.0000315413
       -0.0118394652  -0.0044443149  -0.0045283541   0.0004512265  -0.0002875616
        0.0003377060   0.0007080118   0.0005416804   0.0003023379   0.0148565426
       -0.0086637605   0.0199712778   0.0138548929  -0.0679358181   0.0337431397
       -0.0136532976   0.0027531152  -0.0160884575  -0.0526658534  -0.1221079545
        0.0409694400   0.2406785777   0.3523245624  -0.0485567952   0.0004925780
       -0.0003172436   0.0007170738  -0.0014895266  -0.0001234264  -0.0001397940
       -0.1672585535  -0.1125834271  -0.0447845813  -0.0001977936  -0.0001821183
       -0.0001860806  -0.0000444804   0.0000678983   0.0001597964  -0.0002542871
        0.0000343007   0.0000713759  -0.0000128972   0.0004071482  -0.0000537257
        0.0000414388  -0.0000302030   0.0001005422  -0.0001283695  -0.0000539994
        0.0002647986   0.0008412020  -0.0001736558  -0.0006078334   0.0032603424
       -0.0038119877  -0.0000433644  -0.0000286254  -0.0001513048   0.0005775007
        0.0012437643  -0.0009222555   0.0058276423  -0.0028500489  -0.0030043498
       -0.0003116300  -0.0160862665  -0.0258463414   0.0149035172   0.0028178564
        0.0036982599   0.0004753614  -0.0003790022  -0.0002797445  -0.0005168926
        0.0000188830  -0.0001067851   0.0001008057   0.0000113240  -0.0001340484
       -0.0000000024   0.0076677774   0.0024122394   0.0024887205  -0.0203385113
       -0.0108647655  -0.0055261739   0.0000483654   0.0000453676   0.0000404311
        0.0000410249  -0.0000759612  -0.0000097598   0.0002001779  -0.0001823972
        0.0003107016  -0.0000180299   0.0000133662  -0.0000161977   0.0000573114
        0.0000072343   0.0000258766  -0.0000462890  -0.0000217484  -0.0000184028
       -0.0031441442  -0.0047062438   0.0055606038  -0.0003056342  -0.0001351918
       -0.0001504749   0.0008698032  -0.0001569113   0.0007941653  -0.0083632144
        0.0093778050   0.0005360330  -0.0455694327   0.0255836091  -0.1646203213
       -0.0186682410  -0.0072755635  -0.0135496648   0.0374485759   0.0458436150
       -0.0939490049   0.1953085765  -0.0485567952   0.4407027666   0.0000545758
        0.0013982441   0.0002786079  -0.0016747413  -0.0002962986  -0.0020635301
       -0.1534429983  -0.0443415561  -0.1249887766  -0.0000977296   0.0000549263
        0.0000775014   0.0000217249   0.0001546358  -0.0001529577   0.0002119075
        0.0000691494  -0.0001469665  -0.0002361379   0.0003268660  -0.0003068501
       -0.0000132072   0.0000433443  -0.0000983873   0.0001922139  -0.0000696330
       -0.0004140323   0.0004378472  -0.0007908943  -0.0001115925   0.0007356101
       -0.0011636660   0.0003591022   0.0005056974  -0.0004078267   0.0002572013
       -0.0086611483   0.0074027767  -0.0221701549  -0.0012728419  -0.0017107243
       -0.0013204067   0.0011208773   0.0042619644  -0.0000869751   0.0166540660
        0.0186375912  -0.0146659773   0.0000681418   0.0001115134   0.0002028387
       -0.0004860923  -0.0006677016  -0.0001616460   0.0001400342   0.0002407288
       -0.0001888299  -0.0267339196  -0.0091695690  -0.0142792853   0.0147115820
        0.0057013878   0.0045663609   0.0000392442  -0.0000306491   0.0000123206
       -0.0002107291  -0.0000315612  -0.0000628867   0.0003108115   0.0003391606
        0.0001615385   0.0000303335  -0.0000213175  -0.0000015803  -0.0000081889
       -0.0000225136  -0.0000061295   0.0000267779   0.0000072986  -0.0000126095
       -0.0140733312   0.0167920116   0.0124284159  -0.0012036823  -0.0010284562
        0.0046819606   0.0000696527  -0.0002011343  -0.0004821665  -0.0005676525
       -0.0026065721  -0.0009471138   0.0113873063  -0.0078944894  -0.0026352949
       -0.1238319445   0.0501523043   0.0401966290   0.0001540238  -0.0000358275
       -0.0014564535   0.0001483304   0.0004925780   0.0000545758   0.2736691740
        0.0568690159  -0.1245612317   0.0010579311   0.0007339688  -0.0011106657
        0.0004672044  -0.0002351943   0.0001056468   0.0006944526  -0.0000001661
       -0.0001490615  -0.0001596191   0.0008065596   0.0000770269  -0.0010727414
        0.0010399065   0.0011342438  -0.0019802964  -0.0048478698   0.0055340967
       -0.0002223018  -0.0001318275   0.0000751923   0.0000480090  -0.0001369475
       -0.0000331805   0.0000099034  -0.0000486532   0.0001650244  -0.0000856435
       -0.0004998881   0.0001766832   0.0003571708  -0.0004536712   0.0000439599
        0.0009424095   0.0007376212  -0.0002624334  -0.0247430164   0.0308151472
        0.0058675124   0.0001493197  -0.0006877776   0.0004239369  -0.0000072654
       -0.0002609427   0.0000602572  -0.1206587510  -0.1391372915   0.0590154325
        0.0002261676   0.0000398082  -0.0000914044  -0.0000951569   0.0003054165
       -0.0000430575   0.0000690053   0.0000322207   0.0001299802  -0.0000519389
        0.0001099473   0.0000431116  -0.0002357982  -0.0001901987   0.0001184413
       -0.0000929150  -0.0003645362   0.0004269535  -0.0004337629  -0.0001112548
        0.0010260623   0.0000381126   0.0000000855   0.0000154743   0.0000039643
       -0.0000235390  -0.0000494592   0.0000236796  -0.0000303535   0.0000209049
        0.0063923783  -0.0025445226  -0.0078758764   0.0001134014   0.0014477581
       -0.0012118542   0.0001626772   0.0003920775   0.0004054902  -0.0049145737
       -0.0058325946  -0.0025093580   0.0149632939  -0.0357492712  -0.0146730185
        0.0710879393  -0.1370838755  -0.0418735686   0.0004570555   0.0010935744
        0.0006340574   0.0012482511  -0.0003172436   0.0013982441   0.0568690159
        0.4961390195  -0.0240783115   0.0004294303  -0.0030875227  -0.0001569611
       -0.0002774941   0.0001379908   0.0002979807  -0.0004654081  -0.0002246136
        0.0002637883   0.0004115900  -0.0005278591  -0.0001995680   0.0004529915
       -0.0005621508  -0.0006134694  -0.0086683107  -0.0045879813   0.0111977828
        0.0001425267   0.0002087523  -0.0000449101  -0.0000149180  -0.0000056472
        0.0001127995  -0.0001477651  -0.0000136544  -0.0000018377  -0.0002177415
        0.0005351093   0.0000806807   0.0007881102  -0.0021884714  -0.0004359333
        0.0008398341   0.0017487651   0.0010645812   0.0230746168  -0.0174492176
       -0.0010251762  -0.0003284549   0.0003072603  -0.0002985601  -0.0000913667
       -0.0001600073  -0.0000099348  -0.1627365128  -0.2918072156   0.0804414452
        0.0001681616  -0.0003438911  -0.0000368419   0.0003885598   0.0001762798
       -0.0000360252   0.0000612613   0.0000474653  -0.0001072502   0.0000184002
       -0.0000858565   0.0000501181   0.0002078001   0.0000788519  -0.0000455977
        0.0000623957   0.0002464141  -0.0003811444  -0.0004375969   0.0000791396
       -0.0003518189  -0.0000601510  -0.0000109206   0.0000420532  -0.0000119119
       -0.0000284424   0.0000478593   0.0000325147  -0.0000274990  -0.0000698645
        0.0229923451  -0.0245782389  -0.0148244240   0.0019013757   0.0014124094
       -0.0063176404  -0.0000131401   0.0001926348   0.0003067320  -0.0010284552
       -0.0002163902   0.0001678733   0.0020941182  -0.0080601193   0.0002378214
        0.0365531002  -0.0249434039  -0.0692301890   0.0001926646  -0.0002809600
        0.0005754000   0.0004509969   0.0007170738   0.0002786079  -0.1245612317
       -0.0240783115   0.1151466590  -0.0023031694   0.0000819849   0.0015957553
        0.0002495895   0.0000155443   0.0002803766  -0.0006220605   0.0000159882
       -0.0003970248   0.0003505988   0.0001232179  -0.0000705910   0.0012655302
       -0.0013871290  -0.0010731719   0.0065738906   0.0063155660  -0.0062687156
        0.0001811874  -0.0000373455   0.0002297713   0.0000967494  -0.0000488534
        0.0000153811   0.0000461917   0.0001505212   0.0000957040   0.0002307642
       -0.0000958294   0.0001184501   0.0002223361  -0.0001931015   0.0000120056
       -0.0004382529   0.0004513671  -0.0001625003  -0.0039924714   0.0090572961
        0.0097073920   0.0002519776  -0.0005046334   0.0000877070   0.0004505534
       -0.0001251251   0.0002802147   0.0582176014   0.0673284736  -0.0318095026
        0.0003708149   0.0000022142   0.0000565587  -0.0000610101  -0.0004259016
        0.0000234738   0.0001435798  -0.0000370079   0.0000338620  -0.0000553376
       -0.0000681291   0.0000185183   0.0000880999  -0.0000672546   0.0000670343
        0.0000100555  -0.0001358915  -0.0000003524   0.0002591661  -0.0005833662
        0.0006833375  -0.0001122867   0.0000343522   0.0000547471   0.0001320945
        0.0000153442   0.0000842778  -0.0001379665  -0.0000469958  -0.0000035492
       -0.0894161246  -0.0476306378   0.0032314916   0.0048997241   0.0131466040
       -0.0000998881  -0.0016521006   0.0025023688   0.0007668731  -0.0001305435
       -0.0000004961   0.0001440235  -0.0015184992  -0.0008608278   0.0014648704
       -0.0062189901  -0.0098123128   0.0042437181  -0.0138267199  -0.0187660057
       -0.0003933058  -0.0037941151  -0.0014895266  -0.0016747413   0.0010579311
        0.0004294303  -0.0023031694   0.4706701488  -0.0030079281   0.0328429481
       -0.0008034537  -0.0006850995   0.0005925788  -0.0001802754   0.0020799761
       -0.0001857246   0.0000027528  -0.0000602846   0.0001791049   0.0002904625
        0.0011262541  -0.0001219426  -0.1008673150   0.0599717927   0.0048686283
        0.0002866507  -0.0007674791   0.0002091769   0.0001648116   0.0009564188
       -0.0000029087   0.0000621278   0.0001289966   0.0000448991  -0.0000405930
        0.0000568861  -0.0000458554   0.0000212301   0.0000663275  -0.0000297283
       -0.0003225882  -0.0004949744  -0.0000188299   0.0002764526   0.0003392510
       -0.0005382722   0.0003152507   0.0000091882   0.0002622802  -0.0004450289
       -0.0000374484  -0.0001554824  -0.0014100037  -0.0005350783   0.0034429308
       -0.1704486847  -0.0087859065  -0.1141257045  -0.0652363309  -0.0115647747
        0.0619844292   0.0000546400  -0.0000332375   0.0000477115  -0.0002363314
       -0.0001530717  -0.0001191767  -0.0000817668   0.0000223127  -0.0000932245
       -0.0000133948   0.0000904723  -0.0000266152  -0.0203322534   0.0226789457
        0.0056387488  -0.0000898370   0.0001810114  -0.0001823344  -0.0000474970
        0.0002282670   0.0000276943  -0.0009897357   0.0006705864   0.0001247961
       -0.0520044922  -0.1297666059   0.0098156897  -0.0016758163  -0.0253135504
       -0.0017506620   0.0015258377  -0.0017270071  -0.0010398925   0.0001996971
       -0.0002072547   0.0001805315  -0.0001638940   0.0002057985   0.0007192346
       -0.0075295695  -0.0063478404   0.0074030479  -0.0071539564  -0.0039188789
       -0.0030021310   0.0000723532  -0.0001234264  -0.0002962986   0.0007339688
       -0.0030875227   0.0000819849  -0.0030079281   0.4101748957  -0.0025243956
       -0.0001577816  -0.0001080897  -0.0000536008   0.0007777200  -0.0009518535
        0.0006472447  -0.0001422827  -0.0001500181  -0.0001250674  -0.0006154825
        0.0002183939   0.0007849251   0.0771672819  -0.1551185119  -0.0354485867
       -0.0003260322  -0.0000457227  -0.0002573326  -0.0003331598  -0.0005000984
        0.0000357946  -0.0000113765  -0.0001904868   0.0001377849  -0.0001257828
       -0.0000232320  -0.0000935768   0.0001590799   0.0002874011   0.0000009606
        0.0001264223   0.0000039456  -0.0002609772   0.0002589782   0.0004267051
       -0.0004858273   0.0012789012  -0.0007674184   0.0002527275   0.0002423257
        0.0001192225   0.0000936925   0.0019862378   0.0023351645  -0.0035342521
       -0.0063627828  -0.0380271079  -0.0024494498  -0.0128948744  -0.0414246496
        0.0276934221   0.0000653861  -0.0000039764   0.0000880280   0.0000978079
        0.0002156207  -0.0000171880  -0.0001504601  -0.0000974954  -0.0001118573
        0.0000539084  -0.0000319935   0.0000584424   0.0074011480  -0.0054954548
        0.0034967702   0.0001653266  -0.0000401563  -0.0000074749  -0.0001043487
       -0.0001549135  -0.0000690180   0.0004476397  -0.0003638822   0.0000373074
        0.0032930835   0.0097064966  -0.0648641754  -0.0013519932  -0.0054907311
        0.0000961119   0.0007210404  -0.0010141581   0.0000567969   0.0000074999
       -0.0001353430  -0.0000361220   0.0029239789   0.0015974822  -0.0043696600
        0.0128262801   0.0228050852  -0.0044372593  -0.0093210708  -0.0135598061
        0.0001227469  -0.0022338348  -0.0001397940  -0.0020635301  -0.0011106657
       -0.0001569611   0.0015957553   0.0328429481  -0.0025243956   0.5222521840
       -0.0004292670  -0.0005472658   0.0004468734  -0.0003143873   0.0005309537
        0.0004928071   0.0000437181  -0.0001386818  -0.0001846602  -0.0000790042
       -0.0013252626   0.0001434529   0.0200458875  -0.0517768431  -0.0800312508
       -0.0001941770   0.0000860859  -0.0006586010  -0.0000914007  -0.0003920154
        0.0000160638  -0.0000296355   0.0000819190  -0.0000163234   0.0000205054
        0.0000179717  -0.0000370333  -0.0000356404  -0.0000142785   0.0000139896
        0.0009966802   0.0011532080   0.0001091513   0.0003597739   0.0003839987
       -0.0002119786   0.0003975874  -0.0004144470   0.0009875055  -0.0007665464
       -0.0005036864  -0.0005737996   0.0015909606  -0.0005111685  -0.0016076826
       -0.1116372921  -0.0056689671  -0.1458158071   0.0604940158   0.0283780956
       -0.2285688477  -0.0000280262   0.0000015994   0.0000455403  -0.0002531739
       -0.0001827620  -0.0000440196  -0.0000139872   0.0000349508   0.0000327932
        0.0000340512   0.0000486696   0.0000165784  -0.0095965492   0.0202211840
        0.0067158476   0.0001001281  -0.0002399221   0.0000018102  -0.0001647777
        0.0000350198  -0.0000665621   0.0009532902  -0.0003462308   0.0004413044
       -0.0017130503  -0.0020022132   0.0008963705  -0.0001279161   0.0000403392
       -0.0000088993   0.0001655612  -0.0000488267   0.0000396695   0.0012055131
       -0.0018639571  -0.0001870177  -0.0170636386  -0.0007828493  -0.0129702615
       -0.0007368976   0.0004259025  -0.0015516992  -0.0205814428  -0.0139769150
       -0.0002049356  -0.4328111149  -0.1672585535  -0.1534429983   0.0004672044
       -0.0002774941   0.0002495895  -0.0008034537  -0.0001577816  -0.0004292670
        0.6604935149   0.2591881938   0.1838100326  -0.0000120331   0.0000027112
       -0.0000065741  -0.0000086812   0.0000081346   0.0000003232   0.0000164818
       -0.0000302560  -0.0001200708   0.0000867957   0.0000371441   0.0000186346
       -0.0000199122   0.0000006010   0.0000022505   0.0000864250  -0.0000495249
        0.0000393284  -0.0005480008   0.0001648758   0.0000490465  -0.0000322486
        0.0001450995   0.0001054571   0.0001264388  -0.0000431445  -0.0000134136
        0.0004958554  -0.0006814660   0.0009442867  -0.0002831771  -0.0004214472
       -0.0000718689  -0.0000275800   0.0010205127  -0.0009235806   0.0003187383
        0.0003743492  -0.0014232028  -0.0000526580   0.0000355651  -0.0000243052
       -0.0000843664  -0.0001875586  -0.0000000028   0.0000597661   0.0000391491
       -0.0000644343  -0.0748707408   0.0230658558  -0.0871525710  -0.1136187788
       -0.0968131092   0.0724592270  -0.0000112146   0.0000019038   0.0000023236
        0.0000170495  -0.0000133198   0.0000260791  -0.0001552483   0.0000385874
       -0.0000395900   0.0000078333  -0.0000041966  -0.0000038421  -0.0000076383
        0.0000036784   0.0000025180   0.0000226148   0.0000200104  -0.0000066019
       -0.0019708566  -0.0020477672   0.0016422681  -0.0002202662   0.0000053644
       -0.0001059062   0.0000876357  -0.0002498320   0.0000035638   0.0012055231
       -0.0010511766   0.0008507838   0.0040468682   0.0042638180   0.0002799326
        0.0005343040  -0.0006000215   0.0010215727  -0.0207227036  -0.0126653587
       -0.0029832021  -0.1666706702  -0.1125834271  -0.0443415561  -0.0002351943
        0.0001379908   0.0000155443  -0.0006850995  -0.0001080897  -0.0005472658
        0.2591881938   0.3321248572  -0.1269732873  -0.0000313191   0.0000776734
        0.0000499054   0.0000180727   0.0000358679   0.0000022184   0.0000319063
       -0.0000308061  -0.0000554660  -0.0000982311   0.0001324402   0.0000548220
        0.0000077935   0.0000053824  -0.0000171848   0.0000558155  -0.0000021278
        0.0000787665  -0.0000173641   0.0000870870   0.0002670066   0.0003547164
       -0.0001270983   0.0001945701   0.0000939489   0.0004071376  -0.0001088354
        0.0006927493  -0.0000432046   0.0007269413   0.0002202763   0.0002426857
        0.0000619667  -0.0014122983   0.0003044407   0.0001931936  -0.0008016426
        0.0002895578  -0.0005551588   0.0000660962   0.0000079713   0.0001060170
       -0.0001477566  -0.0002444342  -0.0000344629   0.0000425447   0.0000332376
       -0.0000415578   0.0226285980  -0.0588266327   0.0718427508  -0.0963279147
       -0.1496856120   0.0984771195   0.0000193877  -0.0000140126  -0.0000123041
       -0.0000249925  -0.0000064292  -0.0000246265   0.0000454018   0.0001179363
       -0.0000545172  -0.0000066367  -0.0000028013   0.0000073688   0.0000014496
       -0.0000003093  -0.0000029113   0.0000316646   0.0000156927  -0.0000180697
        0.0014470575   0.0020423606  -0.0012370672  -0.0000360926   0.0000290594
        0.0000067859   0.0001758987  -0.0001020947  -0.0001602044  -0.0002369842
       -0.0013641106  -0.0011342354  -0.0253175796  -0.0061884947  -0.0147524077
       -0.0024938029   0.0007568933  -0.0038929881   0.0116781196   0.0042691781
        0.0049092219  -0.1542772916  -0.0447845813  -0.1249887766   0.0001056468
        0.0002979807   0.0002803766   0.0005925788  -0.0000536008   0.0004468734
        0.1838100326  -0.1269732873   0.5016775888  -0.0000210821   0.0000119956
       -0.0000609260  -0.0000010975   0.0000419897   0.0000300645  -0.0000826473
        0.0000194939   0.0000325717  -0.0000186913   0.0000272120   0.0000791666
        0.0000131052  -0.0000219907   0.0000383746   0.0000138605  -0.0000223894
        0.0001452458   0.0000176418   0.0000684957   0.0002681410  -0.0003539077
        0.0006419674   0.0000433424  -0.0000205134   0.0001076677  -0.0001166338
       -0.0009953459  -0.0004481889   0.0006709692  -0.0008990554  -0.0009560032
       -0.0003282431   0.0009014176   0.0013706532   0.0000716594   0.0007035199
        0.0010092271   0.0000685935  -0.0000374811  -0.0000388503  -0.0000295667
        0.0001629169   0.0002301694   0.0000555849  -0.0000377949  -0.0000441075
        0.0000534693  -0.0859899367   0.0727137760  -0.2450233390   0.0712150487
        0.0974844174  -0.1171797151  -0.0000091846  -0.0000093093   0.0000269395
        0.0000515812  -0.0000319896   0.0000341000  -0.0000369059  -0.0000853100
       -0.0000588191  -0.0000207422   0.0000078489   0.0000127096   0.0000201002
        0.0000007077   0.0000100284  -0.0000223893  -0.0000067856   0.0000011150
       -0.0229571641   0.0075685596  -0.0062939439  -0.1557447237  -0.0061798423
       -0.0562181277  -0.0174080440  -0.0093226456  -0.0067516964  -0.0001587409
       -0.0002389690   0.0001425032  -0.0005033222  -0.0002348586   0.0000492347
       -0.0001082436  -0.0000722638  -0.0000625290  -0.0011282156   0.0018935032
        0.0004846851  -0.0005174280  -0.0001977936  -0.0000977296   0.0006944526
       -0.0004654081  -0.0006220605  -0.0001802754   0.0007777200  -0.0003143873
       -0.0000120331  -0.0000313191  -0.0000210821   0.4732339046   0.0317906391
        0.0739678939  -0.0904930530   0.0169773383  -0.0776323079  -0.0013114529
        0.0006836764  -0.0024369899  -0.0000848479  -0.0013639111  -0.0000599663
       -0.1493276086  -0.0336045336   0.0608652345   0.0005971706   0.0010660792
        0.0000023906  -0.0008350908  -0.0012152771  -0.0001073142   0.0004276693
        0.0000531730   0.0001869053   0.0001596937   0.0000378333  -0.0000029550
        0.0002040039   0.0000328127  -0.0001117284   0.0002783935  -0.0001640113
        0.0005514487  -0.0004951256  -0.0000495787  -0.0003298733   0.0001065248
        0.0001303082   0.0000870872  -0.0000560157   0.0002166334   0.0001867938
        0.0005929803   0.0002480352  -0.0001252631   0.0003348400  -0.0000181234
        0.0000366546   0.0000584248  -0.0000045636   0.0000852091   0.0000628882
        0.0000575815  -0.0000278673  -0.0108082373   0.0083347186  -0.0284587309
        0.0021173428  -0.0074549874   0.0224539768   0.0000055300   0.0002497141
       -0.0000980524  -0.0051320054  -0.0008714123   0.0085650509  -0.0255306916
       -0.0076022965   0.0118176173   0.0039185002  -0.0010265306   0.0002899196
        0.0154877244   0.0002703034   0.0093254089  -0.0045834730  -0.0580363704
       -0.0011389640  -0.0203232036  -0.0043211721  -0.0124588096  -0.0003774640
       -0.0000569386  -0.0000056161  -0.0000383838  -0.0000937364   0.0000844326
       -0.0003404304   0.0004679666   0.0004542356   0.0028847005  -0.0027457470
       -0.0008476765  -0.0000807729  -0.0001821183   0.0000549263  -0.0000001661
       -0.0002246136   0.0000159882   0.0020799761  -0.0009518535   0.0005309537
        0.0000027112   0.0000776734   0.0000119956   0.0317906391   0.2363312312
       -0.1909040858   0.0176473257  -0.0807628098   0.1456821945   0.0026570508
        0.0013971477   0.0028419934  -0.0004258335   0.0003461032   0.0003367683
       -0.0351527891  -0.0748846895   0.0258439337  -0.0014573288  -0.0002825922
       -0.0008996589  -0.0028451074  -0.0043645902  -0.0004239514   0.0001155319
        0.0000032440   0.0002310574   0.0000079451  -0.0001046424   0.0002541028
        0.0000118322  -0.0000580580  -0.0000196748   0.0000482616   0.0001618134
        0.0000319934   0.0010602120  -0.0001448573   0.0004482776  -0.0001202229
       -0.0001037251  -0.0001587380   0.0000867129   0.0000417036  -0.0000110741
        0.0003419145  -0.0012925253  -0.0006910320  -0.0001258359  -0.0001898214
        0.0004530404   0.0000144327  -0.0000204765   0.0000118345   0.0000316692
        0.0000259765  -0.0000159115   0.0007165665  -0.0007508544  -0.0003939989
        0.0007841689  -0.0053314770   0.0107875317  -0.0000680229   0.0000629320
       -0.0001118561   0.0132330088   0.0064167562  -0.0090801818  -0.0026221254
       -0.0003302184   0.0007314473  -0.0204412243  -0.0103689637   0.0190291136
       -0.0003361442   0.0047211127   0.0052192454  -0.0398580984  -0.0016604569
       -0.0929368928  -0.0032275256  -0.0045935809   0.0017910971   0.0000831945
        0.0000958984  -0.0002060778  -0.0000680818   0.0001190017  -0.0002405441
        0.0003466259  -0.0002682194   0.0005476036   0.0011041093  -0.0013112286
       -0.0000048341  -0.0002591157  -0.0001860806   0.0000775014  -0.0001490615
        0.0002637883  -0.0003970248  -0.0001857246   0.0006472447   0.0004928071
       -0.0000065741   0.0000499054  -0.0000609260   0.0739678939  -0.1909040858
        0.7659583301  -0.0824285165   0.1468172388  -0.4864268156  -0.0267799462
        0.0010496939  -0.0225463126   0.0005146601  -0.0006095057  -0.0005280070
        0.0644025896   0.0261557827  -0.1097368851  -0.0002427639   0.0000981338
        0.0008190205  -0.0004412283   0.0002550472   0.0007235203   0.0003161456
        0.0002016306  -0.0003979824   0.0000926652   0.0000185711  -0.0001624825
        0.0000973910  -0.0000033345  -0.0000375826   0.0012709571  -0.0003356855
       -0.0008396268   0.0004290803  -0.0000104727   0.0003929255  -0.0000650596
        0.0000211076   0.0000398699  -0.0000035579  -0.0000719697   0.0002541109
        0.0000351140  -0.0005876225   0.0007706307  -0.0002179863   0.0003589968
       -0.0007233886  -0.0000277912   0.0000052332   0.0000020990   0.0000398503
        0.0000347479  -0.0000154013  -0.0075447884   0.0042351261  -0.0151290779
        0.0001243847   0.0060653635  -0.0208847426  -0.0000697079   0.0000780648
        0.0000230090   0.0203279760   0.0053040859  -0.0216189601  -0.0104683631
       -0.0043629534   0.0078085268   0.0092273977   0.0083094212  -0.0120267325
       -0.0000041033  -0.0004520931  -0.0005800236  -0.0082312596   0.0072389514
       -0.0265235496   0.0000026223   0.0008361268  -0.0004724913   0.0004258938
       -0.0001452275   0.0003717845  -0.0000422893   0.0000993581  -0.0001139610
        0.0001599900  -0.0000731812  -0.0001930480  -0.0004032940   0.0002367579
        0.0001654421   0.0000330693  -0.0000444804   0.0000217249  -0.0001596191
        0.0004115900   0.0003505988   0.0000027528  -0.0001422827   0.0000437181
       -0.0000086812   0.0000180727  -0.0000010975  -0.0904930530   0.0176473257
       -0.0824285165   0.5572812166   0.0688941387   0.0589148399  -0.0040408211
       -0.0000553960  -0.0034423340   0.0000254989   0.0001552868   0.0000089032
       -0.0006525393  -0.0080815360   0.0222014039  -0.0000148815  -0.0001423405
       -0.0002743134  -0.0001506988  -0.0002639084   0.0001901658  -0.0014044414
       -0.0005860342  -0.0003903393  -0.0000357970   0.0000778083  -0.0001000577
       -0.0000821004   0.0000005555  -0.0000480598  -0.0018553413   0.0013320836
       -0.0002501034  -0.0001418617   0.0000259540  -0.0000110917   0.0000217927
        0.0000091087   0.0000773633  -0.0000728289  -0.0000712240  -0.0000591617
       -0.0000761319   0.0001878956  -0.0000260214  -0.0001309088  -0.0000100166
       -0.0000217234  -0.0000126240  -0.0000080624  -0.0000032196  -0.0000306417
       -0.0000212511  -0.0000032918  -0.2667326654  -0.0130678795  -0.0889090906
       -0.1799892071  -0.0711621858   0.1136650050   0.0000027530  -0.0000639348
        0.0000226761  -0.0020130997  -0.0007794550   0.0027284189   0.0009665284
       -0.0004801771   0.0023290145  -0.0021432280  -0.0015203476   0.0027604363
       -0.0003930344   0.0002602389   0.0000192057   0.0032085868  -0.0013375178
        0.0008499224  -0.0010149632  -0.0002937099  -0.0003272977   0.0001602440
       -0.0001988869   0.0003928002  -0.0000267993  -0.0001783870   0.0000168292
       -0.0006562657   0.0000738564  -0.0008914617  -0.0000190265   0.0001034086
        0.0001596708   0.0000097917   0.0000678983   0.0001546358   0.0008065596
       -0.0005278591   0.0001232179  -0.0000602846  -0.0001500181  -0.0001386818
        0.0000081346   0.0000358679   0.0000419897   0.0169773383  -0.0807628098
        0.1468172388   0.0688941387   0.1850664732  -0.2247190820  -0.0003130847
        0.0006620298  -0.0004692829  -0.0000551848   0.0000247983   0.0000903005
       -0.0024637635  -0.0030208132   0.0146809274  -0.0003967674   0.0005284563
       -0.0000075500  -0.0003046505   0.0000843118  -0.0000868091  -0.0006316739
       -0.0003956278  -0.0005998359  -0.0000500680   0.0001299581  -0.0000894372
       -0.0000385918   0.0000629173   0.0000278989   0.0008783715  -0.0000928308
        0.0006108697  -0.0000487771   0.0000543658  -0.0000312692   0.0000647989
       -0.0000150896   0.0000645228  -0.0001009100   0.0001624031  -0.0000441092
        0.0003723176  -0.0002706381   0.0002461901   0.0000437555  -0.0000639028
        0.0000955310   0.0000308318  -0.0000224207  -0.0000094765   0.0000179917
        0.0000109539  -0.0000039099  -0.0128852290  -0.0326485655   0.0000723815
       -0.0713992428  -0.0662332962   0.0614512852   0.0000525544   0.0000149199
       -0.0000014000  -0.0001326110  -0.0002411996   0.0000049516   0.0008064416
       -0.0001479843   0.0000886947  -0.0013409285  -0.0007413006   0.0014105393
        0.0023782950  -0.0014470011  -0.0007114039  -0.0143479757   0.0034518513
       -0.0176234602   0.0016411720   0.0014077896  -0.0002070435  -0.0007142167
       -0.0003604589  -0.0000371378   0.0001894756  -0.0001148300   0.0000906264
       -0.0005304564   0.0003167638   0.0000942399  -0.0004271224   0.0002905624
       -0.0001335656   0.0000103477   0.0001597964  -0.0001529577   0.0000770269
       -0.0001995680  -0.0000705910   0.0001791049  -0.0001250674  -0.0001846602
        0.0000003232   0.0000022184   0.0000300645  -0.0776323079   0.1456821945
       -0.4864268156   0.0589148399  -0.2247190820   0.7530319046  -0.0022567841
       -0.0002022378  -0.0014182305   0.0001193765   0.0000308616   0.0002557715
        0.0062740269   0.0127517592  -0.0302524078  -0.0001836877  -0.0000701427
        0.0000921753  -0.0000862986  -0.0001738322   0.0001403714   0.0003751086
        0.0003010142  -0.0000580021  -0.0002319265   0.0000686848  -0.0001890161
        0.0000329866   0.0000163510   0.0000077036   0.0001520100  -0.0005975337
        0.0004360717  -0.0000496332  -0.0000573476  -0.0000078548   0.0000320256
        0.0000106571   0.0001344777  -0.0000442095   0.0001721883  -0.0000971809
       -0.0000882056   0.0006853062  -0.0000013548  -0.0000190801   0.0000044567
        0.0000636036   0.0000381142  -0.0000068122   0.0000296979   0.0000146960
        0.0000052455   0.0000036312  -0.0909410021  -0.0004514069  -0.0777206673
        0.1159377418   0.0624680129  -0.1385832015   0.0000414199  -0.0000460364
       -0.0000385508   0.0009217047   0.0008696968  -0.0002739567  -0.0015418435
       -0.0004253547   0.0006034304   0.0017649541   0.0003013007  -0.0008257112
       -0.0074832932   0.0020971905   0.0198417310  -0.0475959980  -0.0058187846
        0.0417463856  -0.0041048393  -0.0063311289   0.0120847331  -0.0005534121
       -0.0026505213   0.0005369642   0.0002076980   0.0000418567  -0.0001789719
       -0.0013181453   0.0026267121   0.0002448875   0.0005296589   0.0001662033
        0.0016690770  -0.0002796623  -0.0002542871   0.0002119075  -0.0010727414
        0.0004529915   0.0012655302   0.0002904625  -0.0006154825  -0.0000790042
        0.0000164818   0.0000319063  -0.0000826473  -0.0013114529   0.0026570508
       -0.0267799462  -0.0040408211  -0.0003130847  -0.0022567841   0.0715076769
        0.0082424811  -0.0451739923  -0.0000753100  -0.0001255256  -0.0001056017
       -0.0007070206   0.0001140974  -0.0022785752  -0.0001761548  -0.0000227328
        0.0000272013  -0.0002996879  -0.0008322690   0.0011365886  -0.0001545580
       -0.0000022565   0.0000901226  -0.0004002045  -0.0001903939   0.0004148813
        0.0000592776  -0.0000080030  -0.0000901641  -0.0000599038   0.0000188162
       -0.0001147325   0.0001090773  -0.0001089066  -0.0001018088  -0.0011727219
        0.0002676780  -0.0008203311   0.0000008677  -0.0000979326   0.0000318243
       -0.0000837208  -0.0000200991  -0.0001720474   0.0003169245   0.0000261502
       -0.0000552943  -0.0000443118   0.0000169714  -0.0000358638   0.0000850572
        0.0000421970  -0.0000228803  -0.0005578545   0.0008723641  -0.0009706956
       -0.0001520415  -0.0002108725   0.0002139878  -0.0000228908   0.0000757426
        0.0000537789  -0.0011041437   0.0006866013  -0.0000319496  -0.0000261035
       -0.0000326438   0.0000983250  -0.0003261888  -0.0008020859  -0.0003166357
        0.0082216599  -0.0006621191  -0.0213989077  -0.0058142338  -0.0443338717
        0.0304174130  -0.0104984556  -0.0095708947   0.0254258429  -0.0015653772
       -0.0044062121   0.0003087207   0.0000990794   0.0000262970  -0.0001358377
        0.0017911161  -0.0023869779  -0.0002305218  -0.0005313151   0.0003605417
       -0.0005178823  -0.0000177170   0.0000343007   0.0000691494   0.0010399065
       -0.0005621508  -0.0013871290   0.0011262541   0.0002183939  -0.0013252626
       -0.0000302560  -0.0000308061   0.0000194939   0.0006836764   0.0013971477
        0.0010496939  -0.0000553960   0.0006620298  -0.0002022378   0.0082424811
        0.0598976507  -0.0339673763  -0.0004708404   0.0004919711   0.0003507773
       -0.0006248016   0.0004288890  -0.0005357225   0.0001117583  -0.0004026656
        0.0000571770  -0.0006365659   0.0003949148   0.0011511859  -0.0000593418
       -0.0000551862   0.0000265987  -0.0008569129  -0.0003648398   0.0008721380
        0.0000360481  -0.0000804689  -0.0000617479  -0.0000766181  -0.0001306960
        0.0000804189  -0.0001351357  -0.0000959806  -0.0001388402   0.0001687657
        0.0003738840   0.0002141365   0.0000936467   0.0001159377  -0.0000660330
       -0.0000847736  -0.0000221431   0.0000661627  -0.0000552665  -0.0009524465
        0.0002486156   0.0000009114  -0.0000019013  -0.0000233633   0.0000049390
       -0.0000070688   0.0000020699   0.0000445533   0.0000915891   0.0000344119
       -0.0000307378  -0.0000414680  -0.0000518278   0.0000962273   0.0000002803
       -0.0000363320   0.0003729591   0.0001372578  -0.0001127500  -0.0001002902
       -0.0001333165   0.0000038290  -0.0004899474  -0.0003898717  -0.0002060631
        0.0068476414  -0.0020989670  -0.0148490589   0.0405816009   0.0309108695
       -0.2490933681   0.0022893063   0.0023824683  -0.0058649872   0.0002567032
        0.0015947489   0.0008948436  -0.0001467432  -0.0000621593   0.0000493969
        0.0007974454  -0.0020085350   0.0002261233  -0.0014813676   0.0006827757
        0.0012220806   0.0000941389   0.0000713759  -0.0001469665   0.0011342438
       -0.0006134694  -0.0010731719  -0.0001219426   0.0007849251   0.0001434529
       -0.0001200708  -0.0000554660   0.0000325717  -0.0024369899   0.0028419934
       -0.0225463126  -0.0034423340  -0.0004692829  -0.0014182305  -0.0451739923
       -0.0339673763   0.2884909847  -0.0002582734  -0.0000788546   0.0003454001
        0.0021557933   0.0003430602   0.0011735754   0.0000285672   0.0003804783
       -0.0002093481  -0.0003740317  -0.0008417643   0.0014193103  -0.0000130650
       -0.0000854191   0.0001870974   0.0003550263   0.0001327771  -0.0003729854
       -0.0000835877   0.0000108875   0.0001070656  -0.0000404881   0.0000408957
        0.0001879677  -0.0001267428   0.0000873143   0.0000018615   0.0001554700
        0.0001198314   0.0004940340  -0.0000147736   0.0002421098  -0.0000521637
       -0.0000490537  -0.0000385385  -0.0002257954  -0.0000862129  -0.0006521596
        0.0004748317   0.0000260196  -0.0000003323   0.0000621620  -0.0000098704
       -0.0000211782  -0.0000204646  -0.0005662498   0.0007497570  -0.0008266013
       -0.0000932758  -0.0002003314   0.0002846150   0.0000247299   0.0000634913
       -0.0000639036  -0.0003911163   0.0002634472   0.0005476367   0.0006115357
        0.0001068964   0.0001499185  -0.0003280402  -0.0006162690   0.0002684281
        0.0070018372  -0.0009573730  -0.0019780227   0.0004888778  -0.0010964372
       -0.0003639907  -0.0000071886  -0.0000315456  -0.0000996995   0.0000023159
       -0.0001140563  -0.0000900875   0.0004178864  -0.0003001147  -0.0004791813
       -0.0018381537   0.0029570663   0.0012881421  -0.0010919034  -0.0002091062
       -0.0006937709   0.0004943074  -0.0000128972  -0.0002361379  -0.0019802964
       -0.0086683107   0.0065738906  -0.1008673150   0.0771672819   0.0200458875
        0.0000867957  -0.0000982311  -0.0000186913  -0.0000848479  -0.0004258335
        0.0005146601   0.0000254989  -0.0000551848   0.0001193765  -0.0000753100
       -0.0004708404  -0.0002582734   0.3582092891  -0.1314339270   0.1778442079
       -0.0002268322   0.0003053724  -0.0000040935   0.0000655100  -0.0000689432
        0.0000127481  -0.0000321726   0.0000469463   0.0000475446  -0.0000345047
        0.0000056720   0.0000068310   0.0000444328  -0.0000181554  -0.0000352478
        0.0001155055   0.0001633613  -0.0000957337   0.0000633512   0.0000095317
        0.0000188575  -0.0001501335  -0.0033021991   0.0000525144   0.0000030966
       -0.0003315906  -0.0001861617  -0.0007003581   0.0010923698  -0.0036348686
       -0.0225944444   0.0253382886   0.0029486760  -0.0140133652   0.0187525761
        0.0128717269  -0.0000080796   0.0000234340  -0.0000054115  -0.0000813102
        0.0001043122   0.0000609685   0.0000702757  -0.0000016572   0.0000247496
        0.0000057668   0.0000528224  -0.0000985735  -0.2237985262   0.0212727595
       -0.2137663453   0.0000673913   0.0000251990  -0.0000176825   0.0000237773
        0.0000370999  -0.0000821441   0.0003988259   0.0002423098  -0.0002866641
        0.0191694784  -0.0376191765  -0.0100233039  -0.0045940205  -0.0068686485
        0.0016383991   0.0018198531  -0.0017547563  -0.0002660974  -0.0001242742
        0.0002965075  -0.0001990942   0.0001630658   0.0000870756  -0.0002637198
        0.0005770077   0.0022776776  -0.0019587314   0.0013319055   0.0002104381
        0.0007005987   0.0006521385   0.0004071482   0.0003268660  -0.0048478698
       -0.0045879813   0.0063155660   0.0599717927  -0.1551185119  -0.0517768431
        0.0000371441   0.0001324402   0.0000272120  -0.0013639111   0.0003461032
       -0.0006095057   0.0001552868   0.0000247983   0.0000308616  -0.0001255256
        0.0004919711  -0.0000788546  -0.1314339270   0.2508729271   0.0531342754
        0.0004132076  -0.0001054906   0.0001419500  -0.0001318509  -0.0008530821
       -0.0000051983  -0.0000028214   0.0000184962  -0.0000795442   0.0001078120
        0.0000399224   0.0000264846  -0.0000802472  -0.0001599212  -0.0000421908
       -0.0000618052  -0.0000032509   0.0001325571   0.0001964653  -0.0001657535
        0.0000461952  -0.0003901218   0.0001996270   0.0001038410   0.0003373559
       -0.0002496386  -0.0001069497  -0.0003118465  -0.0014597765   0.0000620050
        0.0097926397  -0.0070114448   0.0020038637   0.0136054368  -0.0093817754
       -0.0125726636  -0.0000477492   0.0000060852  -0.0001008657  -0.0000022696
       -0.0001506741   0.0000031139   0.0001397928  -0.0000227208   0.0000401780
       -0.0000202293   0.0000390563  -0.0001076042   0.0354379816  -0.0297669216
        0.0133010047  -0.0001282702   0.0000263125   0.0000490807   0.0000898123
       -0.0000312647   0.0001240098  -0.0003314373  -0.0001657972  -0.0000168957
        0.0003500433  -0.0043763503   0.0022352938  -0.0004640965  -0.0005770293
        0.0004737401   0.0001668167  -0.0002345932   0.0001553585   0.0000752699
        0.0000510585   0.0001020815  -0.0003807970   0.0004689360   0.0005330694
        0.0018989925  -0.0027051840  -0.0011237496  -0.0001730844  -0.0006589879
        0.0006371725  -0.0001055687  -0.0000537257  -0.0003068501   0.0055340967
        0.0111977828  -0.0062687156   0.0048686283  -0.0354485867  -0.0800312508
        0.0000186346   0.0000548220   0.0000791666  -0.0000599663   0.0003367683
       -0.0005280070   0.0000089032   0.0000903005   0.0002557715  -0.0001056017
        0.0003507773   0.0003454001   0.1778442079   0.0531342754   0.3060375174
        0.0000931067   0.0000140636   0.0001724223  -0.0000506084  -0.0000624656
        0.0000106960   0.0000386601   0.0000265562   0.0000015772   0.0000218976
       -0.0000140359   0.0000035408  -0.0000424046   0.0000944977   0.0000293722
       -0.0001442940  -0.0001822920   0.0000648158  -0.0002360216   0.0000681235
       -0.0000420257  -0.0003994799  -0.0011487340  -0.0007376772   0.0000590236
        0.0002435098   0.0001261347  -0.0017161795  -0.0027648829   0.0021773677
       -0.0131787173   0.0160258314   0.0054081408   0.0235585202  -0.0294782540
       -0.0108235394   0.0000775946  -0.0000091422   0.0000139369  -0.0000253540
       -0.0000182774   0.0000261096   0.0000045087  -0.0000473489  -0.0000082616
       -0.0000197872  -0.0000678927   0.0000779791  -0.1971709322  -0.0041530818
       -0.2191547382  -0.0000738719   0.0000531539   0.0000349707   0.0001022914
       -0.0001110103   0.0000942429  -0.0003744307  -0.0000985818  -0.0000710628
       -0.0015061683  -0.0006871554  -0.0005038671  -0.0262516495  -0.0085190575
        0.0087319481  -0.0025012256   0.0006506934  -0.0012179134  -0.0001240602
       -0.0003549622   0.0001361545   0.0000962721  -0.0000050118  -0.0000065295
        0.0000832473  -0.0000417404  -0.0000749733  -0.0003235444   0.0004458855
        0.0000210642   0.0001500161   0.0000414388  -0.0000132072  -0.0002223018
        0.0001425267   0.0001811874   0.0002866507  -0.0003260322  -0.0001941770
       -0.0000199122   0.0000077935   0.0000131052  -0.1493276086  -0.0351527891
        0.0644025896  -0.0006525393  -0.0024637635   0.0062740269  -0.0007070206
       -0.0006248016   0.0021557933  -0.0002268322   0.0004132076   0.0000931067
        0.4933487023  -0.0061615518   0.0366317106   0.0000318118   0.0001997604
        0.0000185214  -0.0003782775  -0.0007496747  -0.0001362442  -0.0000657791
        0.0000174225  -0.0000974145  -0.0001317842  -0.0000316021   0.0001380603
       -0.0000341380  -0.0000200932  -0.0000091008  -0.0000944640  -0.0000112991
       -0.0000445650  -0.0001942059   0.0000023251  -0.0000808786   0.0000106570
       -0.0000319976   0.0000631232   0.0000252188  -0.0000317936  -0.0000401996
       -0.0005399733   0.0004421066   0.0001495870  -0.0003709479   0.0001601558
        0.0001772145  -0.0000215009   0.0000003944  -0.0000145999  -0.0000204220
       -0.0000124988   0.0000012560   0.0011895936   0.0017425463  -0.0014179545
        0.0015032325  -0.0012542007  -0.0020661649   0.0000013648  -0.0000492340
        0.0000844821  -0.0459230460   0.0183114174   0.0181295096  -0.2150840570
       -0.0094868099  -0.1093818661  -0.0520053084   0.0434383953  -0.0221027850
        0.0000959621  -0.0009217089  -0.0001475018  -0.0034530980   0.0019724931
        0.0002764070  -0.0003350675  -0.0005402786  -0.0001338815   0.0001476230
        0.0000100917  -0.0000310246   0.0000430947   0.0000100816  -0.0000270256
        0.0001668659  -0.0000147384   0.0002862450  -0.0000832180   0.0001877820
       -0.0000390660  -0.0000089822  -0.0000302030   0.0000433443  -0.0001318275
        0.0002087523  -0.0000373455  -0.0007674791  -0.0000457227   0.0000860859
        0.0000006010   0.0000053824  -0.0000219907  -0.0336045336  -0.0748846895
        0.0261557827  -0.0080815360  -0.0030208132   0.0127517592   0.0001140974
        0.0004288890   0.0003430602   0.0003053724  -0.0001054906   0.0000140636
       -0.0061615518   0.4917905501  -0.0030135839  -0.0000585674   0.0000546360
       -0.0000171512  -0.0000732587   0.0000957974  -0.0000398551   0.0000017249
        0.0000453212  -0.0000290267   0.0000145977   0.0000115473  -0.0000055414
        0.0000252964   0.0000280292  -0.0000084402  -0.0000097922  -0.0000867768
       -0.0000694340  -0.0000180070  -0.0000047640  -0.0000275116   0.0000145738
        0.0000347687   0.0000015933  -0.0000759153  -0.0000917030   0.0000858141
        0.0004855017  -0.0001399363  -0.0000671094   0.0005990232  -0.0002050908
       -0.0000905923  -0.0000083356   0.0000080917  -0.0000047880   0.0000108884
        0.0000096477   0.0000040806   0.0003783027  -0.0045164142  -0.0022279613
       -0.0019904946   0.0108966328   0.0055661462   0.0000203727  -0.0000802012
       -0.0000233214   0.0202588434  -0.1403658273  -0.1180401139  -0.0094531423
       -0.0456181338  -0.0063415630   0.0416320654  -0.2351260018   0.0848294470
       -0.0008927153  -0.0003653191  -0.0001990420  -0.0068251472  -0.0018473967
        0.0036856964  -0.0016517092  -0.0004495867  -0.0002648190  -0.0000093375
       -0.0000640667  -0.0001941118   0.0000089931  -0.0000214537   0.0000561231
       -0.0001575271   0.0001075106  -0.0003568235  -0.0001186256   0.0002425977
        0.0000542030   0.0000990030   0.0001005422  -0.0000983873   0.0000751923
       -0.0000449101   0.0002297713   0.0002091769  -0.0002573326  -0.0006586010
        0.0000022505  -0.0000171848   0.0000383746   0.0608652345   0.0258439337
       -0.1097368851   0.0222014039   0.0146809274  -0.0302524078  -0.0022785752
       -0.0005357225   0.0011735754  -0.0000040935   0.0001419500   0.0001724223
        0.0366317106  -0.0030135839   0.4971480449   0.0000289345   0.0000276806
       -0.0000533563  -0.0001274985  -0.0002014707  -0.0000271780  -0.0000917369
       -0.0001302394   0.0001707604  -0.0000275113  -0.0000555431   0.0001361363
       -0.0000468381   0.0000062773   0.0000343135  -0.0000422262   0.0001282779
        0.0001219052  -0.0001133352   0.0000157368  -0.0000491806   0.0000440739
       -0.0000154043   0.0000867304  -0.0000174848   0.0000126475  -0.0000908073
        0.0004245373  -0.0002565730   0.0002379295  -0.0002546260  -0.0000067412
        0.0000584927   0.0000216910  -0.0000001302   0.0000251064  -0.0000259713
       -0.0000218170   0.0000056525   0.0025227799  -0.0013720976   0.0002001343
       -0.0011367433   0.0048059806  -0.0030097689   0.0000647516  -0.0000643615
       -0.0000368444   0.0202874375  -0.1149447219  -0.1706140794  -0.1089964714
       -0.0058923808  -0.1127927441  -0.0206689968   0.0834639754  -0.0752003358
       -0.0005445715  -0.0016490124  -0.0000487904   0.0069313291  -0.0080858455
       -0.0003425728  -0.1608372238   0.1167973754  -0.0039966378  -0.0151948665
        0.0130093229   0.0034395205  -0.0023461238  -0.0008093919   0.0031112281
       -0.0001101435  -0.0001674227  -0.0000462515  -0.0000478739   0.0001530469
        0.0000369585   0.0000161144  -0.0001283695   0.0001922139   0.0000480090
       -0.0000149180   0.0000967494   0.0001648116  -0.0003331598  -0.0000914007
        0.0000864250   0.0000558155   0.0000138605   0.0005971706  -0.0014573288
       -0.0002427639  -0.0000148815  -0.0003967674  -0.0001836877  -0.0001761548
        0.0001117583   0.0000285672   0.0000655100  -0.0001318509  -0.0000506084
        0.0000318118  -0.0000585674   0.0000289345   0.1883380773  -0.1323677826
        0.0020923831  -0.0169776113   0.0146544858  -0.0044144227   0.0009520906
        0.0000783364  -0.0004752663  -0.0004172080  -0.0001642550  -0.0000330349
       -0.0006227572   0.0008690347   0.0003093060  -0.0000068306   0.0000332051
        0.0000510914   0.0000345076  -0.0000570914   0.0000551856  -0.0000557338
       -0.0001223493   0.0001533533   0.0000255558  -0.0000411153  -0.0000439201
        0.0000267051   0.0000142690   0.0000327281  -0.0000016045   0.0000183896
       -0.0000327605   0.0000034302   0.0000156865   0.0000254446   0.0000154171
        0.0000147288   0.0000109341  -0.0000869571   0.0001280499   0.0000966645
        0.0000750045   0.0000400648   0.0001337018  -0.0000056893  -0.0000605047
        0.0000257797   0.0000078072  -0.0000552540   0.0000829624   0.0000135733
        0.0000241574  -0.0000126861   0.0000128811   0.0000832592  -0.0000027636
       -0.0026152427  -0.0049020235   0.0009762084   0.0160922845  -0.0250979603
       -0.0000658277   0.1164125149  -0.1541128328   0.0022499413   0.0001318890
        0.0013360342  -0.0003830512   0.0002093338   0.0007624437  -0.0002198428
       -0.0000735184   0.0001622364   0.0003450990  -0.0001272024   0.0001013616
       -0.0000543559   0.0000324162  -0.0000539994  -0.0000696330  -0.0001369475
       -0.0000056472  -0.0000488534   0.0009564188  -0.0005000984  -0.0003920154
       -0.0000495249  -0.0000021278  -0.0000223894   0.0010660792  -0.0002825922
        0.0000981338  -0.0001423405   0.0005284563  -0.0000701427  -0.0000227328
       -0.0004026656   0.0003804783  -0.0000689432  -0.0008530821  -0.0000624656
        0.0001997604   0.0000546360   0.0000276806  -0.1323677826   0.1810707935
       -0.0033884467   0.0005074593   0.0017870016   0.0009335876  -0.0002035084
        0.0003083267  -0.0000627060   0.0000931327   0.0000077143  -0.0000370991
       -0.0000027381  -0.0001177453   0.0000278002  -0.0000115635  -0.0000665114
       -0.0001077988  -0.0000831750   0.0000856329   0.0000017431  -0.0000067649
       -0.0000066707  -0.0000120266   0.0000360946   0.0001079585   0.0000540035
        0.0000438866  -0.0000226822  -0.0000075251   0.0000324250   0.0000127623
        0.0000062622  -0.0000146238  -0.0000157581   0.0000060100  -0.0000047112
        0.0000136284  -0.0000128417   0.0000829312  -0.0001345880  -0.0000564555
        0.0000789429   0.0000672384  -0.0001768251  -0.0000360568   0.0000968441
       -0.0000349610  -0.0001566093  -0.0000151692   0.0002344190   0.0000636594
        0.0000199950  -0.0000303169   0.0000847574   0.0000690901  -0.0000257876
        0.0000362685  -0.0002417886  -0.0000093663  -0.0008323665   0.0006864063
        0.0009103506  -0.0046026608   0.0030436481  -0.0424255957   0.0199554765
       -0.0164172000  -0.0030442366   0.0036457211   0.0003156604  -0.0035027497
        0.0000869880   0.0001867744   0.0001262356  -0.0001052144   0.0002112668
        0.0001076643  -0.0001840842   0.0002647986  -0.0004140323  -0.0000331805
        0.0001127995   0.0000153811  -0.0000029087   0.0000357946   0.0000160638
        0.0000393284   0.0000787665   0.0001452458   0.0000023906  -0.0008996589
        0.0008190205  -0.0002743134  -0.0000075500   0.0000921753   0.0000272013
        0.0000571770  -0.0002093481   0.0000127481  -0.0000051983   0.0000106960
        0.0000185214  -0.0000171512  -0.0000533563   0.0020923831  -0.0033884467
        0.0504359118  -0.0215159252   0.0180042348  -0.0027911030   0.0003742754
       -0.0008645151   0.0005966190  -0.0000026576   0.0000397675   0.0000406566
        0.0008657167  -0.0010426596  -0.0004115804   0.0000115196  -0.0000148539
       -0.0000592444   0.0000448503   0.0000230744   0.0000437773  -0.0000126844
       -0.0001475774   0.0001218691  -0.0000421526  -0.0000320149   0.0000103466
        0.0000069036  -0.0000063771  -0.0000082873  -0.0000075608   0.0000003139
       -0.0000004326   0.0000175574  -0.0000174431   0.0000394419  -0.0000266117
       -0.0000002590  -0.0000248713   0.0000868770   0.0000525777  -0.0000457109
        0.0001758564  -0.0000303807  -0.0003397643  -0.0000000067  -0.0000094847
       -0.0000065838   0.0001691959   0.0000649541  -0.0000973889  -0.0000297994
       -0.0000540709  -0.0000357008   0.0000023476   0.0000186156  -0.0000521029
       -0.0001492070  -0.0001029686  -0.0001599104  -0.0099276622  -0.0066037273
       -0.0096842274  -0.1155449744  -0.0146448583  -0.1077082044   0.0077682092
        0.0010073966   0.0150896229   0.0004142191  -0.0002706127  -0.0000766539
       -0.0001050736   0.0001436887  -0.0001521275  -0.0001767418   0.0007893541
        0.0000269276  -0.0002130163   0.0008412020   0.0004378472   0.0000099034
       -0.0001477651   0.0000461917   0.0000621278  -0.0000113765  -0.0000296355
       -0.0005480008  -0.0000173641   0.0000176418  -0.0008350908  -0.0028451074
       -0.0004412283  -0.0001506988  -0.0003046505  -0.0000862986  -0.0002996879
       -0.0006365659  -0.0003740317  -0.0000321726  -0.0000028214   0.0000386601
       -0.0003782775  -0.0000732587  -0.0001274985  -0.0169776113   0.0005074593
       -0.0215159252   0.1372997819   0.0219116561   0.1200523938  -0.0009893281
       -0.0001597967   0.0033157406   0.0010370819   0.0002165724   0.0008612073
       -0.0000853613  -0.0000630978  -0.0000824225  -0.0000717364  -0.0000350632
        0.0000723723  -0.0000665827   0.0000943638   0.0001081999   0.0002383803
        0.0002091400   0.0000311758   0.0000217853   0.0000614998  -0.0000301131
       -0.0000147485   0.0000699905   0.0000473574  -0.0000426254  -0.0000222274
        0.0000047521  -0.0000560293   0.0000453145  -0.0000644662  -0.0000105117
       -0.0001098722  -0.0000014970  -0.0000061944   0.0002376001   0.0001189458
       -0.0000980447  -0.0001417748   0.0001593232   0.0000302351   0.0000174598
        0.0000107706  -0.0000835627   0.0000182465  -0.0000148017  -0.0000362726
        0.0000393998   0.0001148953   0.0000174890  -0.0000174355  -0.0000049835
       -0.0005305172  -0.0000761976  -0.0001556486  -0.0194442008  -0.0091530561
       -0.0203433685  -0.0143430159  -0.0461982359  -0.0256378712  -0.0002474039
        0.0006288621   0.0027602787  -0.0001588773   0.0002144899  -0.0001895944
        0.0001276949  -0.0000846644  -0.0001423984   0.0003062137  -0.0008254762
       -0.0002879807   0.0010261995  -0.0001736558  -0.0007908943  -0.0000486532
       -0.0000136544   0.0001505212   0.0001289966  -0.0001904868   0.0000819190
        0.0001648758   0.0000870870   0.0000684957  -0.0012152771  -0.0043645902
        0.0002550472  -0.0002639084   0.0000843118  -0.0001738322  -0.0008322690
        0.0003949148  -0.0008417643   0.0000469463   0.0000184962   0.0000265562
       -0.0007496747   0.0000957974  -0.0002014707   0.0146544858   0.0017870016
        0.0180042348   0.0219116561   0.0575925586   0.0237662768  -0.0003169610
        0.0007656530   0.0009717681   0.0000551372   0.0002688788   0.0013461316
        0.0000147177  -0.0000921182   0.0000905511  -0.0000561184  -0.0000231172
        0.0001312539  -0.0001229606  -0.0000069527   0.0001458202   0.0001844725
       -0.0009846193   0.0007877995  -0.0000059975   0.0000127325  -0.0000537564
        0.0000542605   0.0001226342   0.0000814485  -0.0000419118   0.0000211110
       -0.0000395369   0.0000495219  -0.0000247539   0.0000535585  -0.0001314632
       -0.0000512853   0.0000606155  -0.0000745767   0.0003857574   0.0000742625
        0.0000069655  -0.0001860789  -0.0000653152  -0.0000100550  -0.0000550958
        0.0000053841  -0.0000274231  -0.0000074259   0.0000022976  -0.0001699113
       -0.0000053082   0.0001050864   0.0000590321   0.0000364863  -0.0000458752
       -0.0002118133  -0.0002103717  -0.0001944117  -0.0017055525  -0.0002286924
       -0.0011829625  -0.1073676260  -0.0258009874  -0.1953091838  -0.0104766314
       -0.0006996633  -0.0291361269  -0.0004733735   0.0002979327   0.0002685176
       -0.0001516089  -0.0001299251  -0.0001593303  -0.0002023704   0.0002717161
        0.0004418248   0.0004807306  -0.0006078334  -0.0001115925   0.0001650244
       -0.0000018377   0.0000957040   0.0000448991   0.0001377849  -0.0000163234
        0.0000490465   0.0002670066   0.0002681410  -0.0001073142  -0.0004239514
        0.0007235203   0.0001901658  -0.0000868091   0.0001403714   0.0011365886
        0.0011511859   0.0014193103   0.0000475446  -0.0000795442   0.0000015772
       -0.0001362442  -0.0000398551  -0.0000271780  -0.0044144227   0.0009335876
       -0.0027911030   0.1200523938   0.0237662768   0.2297328367   0.0035970174
        0.0006565133  -0.0053015180  -0.0004590385   0.0000167913   0.0005446535
       -0.0000612548   0.0001252796   0.0001415257   0.0000715927   0.0001677537
        0.0000959258   0.0000143594   0.0001481373   0.0000143024  -0.0000572227
        0.0002381758   0.0002431724  -0.0000578280   0.0000599799  -0.0000225068
        0.0000050901   0.0000505572  -0.0000011148  -0.0000008733  -0.0000071054
        0.0000291001  -0.0000336620  -0.0000209892  -0.0000084887   0.0000476726
        0.0000576809  -0.0000873742   0.0000385045  -0.0000034926   0.0000485316
        0.0000412706   0.0000333455   0.0000584622  -0.0000098918  -0.0000172682
        0.0000126824  -0.0000426039   0.0000233074   0.0000253180  -0.0000077439
        0.0000033999   0.0000365473  -0.0000048246  -0.0000480859   0.0000071899
        0.0000303350  -0.0000087861   0.0000386927   0.0000957343  -0.0001682140
       -0.0000740464   0.0085173200  -0.0018352648   0.0143366508  -0.1097616138
        0.0168701903  -0.1053234888  -0.0124902846   0.0074742245  -0.0148658754
        0.0006046263  -0.0010178560  -0.0000517213  -0.0000477953  -0.0000457904
       -0.0003196204  -0.0023668027   0.0032603424   0.0007356101  -0.0000856435
       -0.0002177415   0.0002307642  -0.0000405930  -0.0001257828   0.0000205054
       -0.0000322486   0.0003547164  -0.0003539077   0.0004276693   0.0001155319
        0.0003161456  -0.0014044414  -0.0006316739   0.0003751086  -0.0001545580
       -0.0000593418  -0.0000130650  -0.0000345047   0.0001078120   0.0000218976
       -0.0000657791   0.0000017249  -0.0000917369   0.0009520906  -0.0002035084
        0.0003742754  -0.0009893281  -0.0003169610   0.0035970174   0.1309704764
       -0.0215451737   0.1208023523  -0.0131943584  -0.0004291853  -0.0185233153
       -0.0001967628  -0.0001360995  -0.0001278012   0.0006037707  -0.0000705129
        0.0001196123   0.0000022674   0.0000081977  -0.0000113269  -0.0000050771
        0.0000421704   0.0000212939  -0.0000157236  -0.0001310850  -0.0000838422
        0.0000228709  -0.0000059245   0.0000141291  -0.0000122833  -0.0000053379
       -0.0000003690   0.0001278224  -0.0003889932  -0.0002104686  -0.0000039736
        0.0001553141   0.0000827469  -0.0000619165   0.0001324432  -0.0000957755
       -0.0014572587  -0.0011897696  -0.0008495996  -0.0000032609  -0.0000363696
        0.0000136008   0.0000451257   0.0000030306  -0.0000477769  -0.0000130476
       -0.0000049482  -0.0000104019   0.0000371462   0.0000486216  -0.0000462640
       -0.0001497282  -0.0001333803   0.0000895454   0.0000611095   0.0000696535
        0.0001719606   0.0025401440   0.0001384233   0.0035970451   0.0167946211
       -0.0476557838   0.0298102228   0.0162390695  -0.0085668675   0.0190243875
        0.0015308651   0.0005627325   0.0010764630  -0.0000939032   0.0001102648
        0.0002439237   0.0032161575  -0.0038119877  -0.0011636660  -0.0004998881
        0.0005351093  -0.0000958294   0.0000568861  -0.0000232320   0.0000179717
        0.0001450995  -0.0001270983   0.0006419674   0.0000531730   0.0000032440
        0.0002016306  -0.0005860342  -0.0003956278   0.0003010142  -0.0000022565
       -0.0000551862  -0.0000854191   0.0000056720   0.0000399224  -0.0000140359
        0.0000174225   0.0000453212  -0.0001302394   0.0000783364   0.0003083267
       -0.0008645151  -0.0001597967   0.0007656530   0.0006565133  -0.0215451737
        0.0563847246  -0.0316534764  -0.0159317259   0.0019474539  -0.0207890127
       -0.0001667064   0.0004159661   0.0000276219  -0.0002975265  -0.0010636074
       -0.0004374307   0.0000047152   0.0000492495  -0.0000393588  -0.0000715063
       -0.0000083479   0.0000511763   0.0000622800   0.0000433357   0.0000912633
       -0.0000269989  -0.0000378840  -0.0000127758   0.0000137500   0.0000388754
       -0.0000292178  -0.0001607615   0.0005135551   0.0003490243   0.0001628084
       -0.0002445065  -0.0001359371   0.0002052851   0.0001098441  -0.0001069118
       -0.0015435322   0.0000115110  -0.0007072842  -0.0000192342   0.0000079416
       -0.0000237554   0.0000423674   0.0000028722  -0.0000429947  -0.0000061979
        0.0000078030  -0.0000103274   0.0000312082   0.0000117266  -0.0000095432
        0.0000512931   0.0001123725  -0.0000891051  -0.0000803177   0.0002102371
       -0.0000980464  -0.0105407789   0.0026038286  -0.0253744393  -0.1045986147
        0.0287289271  -0.2007538754  -0.0005955822   0.0010691253   0.0014807022
        0.0003541641  -0.0005179954   0.0002327355  -0.0000673376   0.0000187626
        0.0000522437  -0.0007480555  -0.0000433644   0.0003591022   0.0001766832
        0.0000806807   0.0001184501  -0.0000458554  -0.0000935768  -0.0000370333
        0.0001054571   0.0001945701   0.0000433424   0.0001869053   0.0002310574
       -0.0003979824  -0.0003903393  -0.0005998359  -0.0000580021   0.0000901226
        0.0000265987   0.0001870974   0.0000068310   0.0000264846   0.0000035408
       -0.0000974145  -0.0000290267   0.0001707604  -0.0004752663  -0.0000627060
        0.0005966190   0.0033157406   0.0009717681  -0.0053015180   0.1208023523
       -0.0316534764   0.2339468486  -0.0071711639  -0.0009462750  -0.0071594931
       -0.0000304941  -0.0000491278   0.0002974627   0.0002228053   0.0001504543
        0.0003528649   0.0000325452   0.0000249459   0.0000282849  -0.0000173155
       -0.0001165033   0.0001261045  -0.0000964188  -0.0001000278   0.0000475603
        0.0000331056   0.0000443756   0.0000324740   0.0000026644  -0.0000376455
        0.0000014054   0.0000514107  -0.0000773509  -0.0000055334   0.0000375094
        0.0000014300  -0.0000193628  -0.0002682244  -0.0000209351   0.0000683210
       -0.0001641039  -0.0000669284   0.0011031873   0.0000127503  -0.0000339888
        0.0000110731  -0.0000626265  -0.0000027906  -0.0000126672   0.0000182683
       -0.0000014121   0.0000425163  -0.0000506991  -0.0000426516   0.0000043618
        0.0000495136   0.0002428041  -0.0000401071  -0.0017145466   0.0002737292
        0.0030729480  -0.0130059126  -0.0163682182   0.0009422959  -0.1219605089
       -0.1086240621  -0.0238562534   0.0080173359   0.0136966066   0.0025881297
       -0.0010932080   0.0021494655  -0.0000823121   0.0000855760  -0.0000682081
       -0.0000868435   0.0007197496  -0.0000286254   0.0005056974   0.0003571708
        0.0007881102   0.0002223361   0.0000212301   0.0001590799  -0.0000356404
        0.0001264388   0.0000939489  -0.0000205134   0.0001596937   0.0000079451
        0.0000926652  -0.0000357970  -0.0000500680  -0.0002319265  -0.0004002045
       -0.0008569129   0.0003550263   0.0000444328  -0.0000802472  -0.0000424046
       -0.0001317842   0.0000145977  -0.0000275113  -0.0004172080   0.0000931327
       -0.0000026576   0.0010370819   0.0000551372  -0.0004590385  -0.0131943584
       -0.0159317259  -0.0071711639   0.1410779578   0.1239308067   0.0236021605
        0.0007000501   0.0001437818  -0.0000404060  -0.0000310593   0.0001080308
        0.0001787981  -0.0000129083  -0.0000101027   0.0000372653  -0.0000752656
       -0.0000075940   0.0000156713  -0.0000221089   0.0002933257   0.0001138165
        0.0000042472   0.0000481225   0.0000184420  -0.0000108343   0.0000394464
       -0.0000023054  -0.0000191293  -0.0000953285   0.0001020621  -0.0001831319
        0.0000405367   0.0000108978  -0.0001086121   0.0000001746   0.0000935015
       -0.0000072204  -0.0001163279   0.0001393097   0.0000082642   0.0000278317
        0.0000208349   0.0000121812  -0.0000147819   0.0000147920  -0.0000276609
        0.0000090538  -0.0000156929   0.0000305357   0.0000365349  -0.0000118736
       -0.0000089902   0.0001123444  -0.0002221317  -0.0009812860   0.0007049039
        0.0013599280  -0.0052405440  -0.0046626301   0.0010459159  -0.1080167984
       -0.1868887887  -0.0287581605  -0.0115062560  -0.0254292621  -0.0051903690
        0.0035726021  -0.0033112359  -0.0005359106   0.0000107386   0.0000643082
        0.0000207394  -0.0011505854  -0.0001513048  -0.0004078267  -0.0004536712
       -0.0021884714  -0.0001931015   0.0000663275   0.0002874011  -0.0000142785
       -0.0000431445   0.0004071376   0.0001076677   0.0000378333  -0.0001046424
        0.0000185711   0.0000778083   0.0001299581   0.0000686848  -0.0001903939
       -0.0003648398   0.0001327771  -0.0000181554  -0.0001599212   0.0000944977
       -0.0000316021   0.0000115473  -0.0000555431  -0.0001642550   0.0000077143
        0.0000397675   0.0002165724   0.0002688788   0.0000167913  -0.0004291853
        0.0019474539  -0.0009462750   0.1239308067   0.2185622254   0.0339827818
       -0.0003390220   0.0006410060  -0.0001041289   0.0002415484   0.0001180643
        0.0000779259  -0.0000235469   0.0000603772  -0.0000556485   0.0000080539
       -0.0000035810   0.0000339248   0.0001502393  -0.0001603096  -0.0002941141
        0.0000443978   0.0000433055  -0.0000020425  -0.0000145873   0.0000028966
        0.0000426500   0.0000564835  -0.0000586365  -0.0001918055   0.0003364082
        0.0002085369   0.0000060748   0.0000286332  -0.0000054580  -0.0000192307
       -0.0001614684  -0.0001451879  -0.0000117131  -0.0000137757   0.0000457856
       -0.0000376707   0.0000074528   0.0000080077   0.0000187752  -0.0000240324
        0.0000010124  -0.0000187311   0.0000253944   0.0000014041  -0.0000087912
       -0.0000741087  -0.0003093038  -0.0000080349   0.0030353441   0.0006961914
       -0.0031671681   0.0158928850   0.0189901382  -0.0005071503  -0.0242953113
       -0.0292285345  -0.0488157642  -0.0017742689  -0.0041858619  -0.0004476409
        0.0006037429  -0.0011235008   0.0002660799  -0.0000878731   0.0001119160
       -0.0000179142   0.0001791657   0.0005775007   0.0002572013   0.0000439599
       -0.0004359333   0.0000120056  -0.0000297283   0.0000009606   0.0000139896
       -0.0000134136  -0.0001088354  -0.0001166338  -0.0000029550   0.0002541028
       -0.0001624825  -0.0001000577  -0.0000894372  -0.0001890161   0.0004148813
        0.0008721380  -0.0003729854  -0.0000352478  -0.0000421908   0.0000293722
        0.0001380603  -0.0000055414   0.0001361363  -0.0000330349  -0.0000370991
        0.0000406566   0.0008612073   0.0013461316   0.0005446535  -0.0185233153
       -0.0207890127  -0.0071594931   0.0236021605   0.0339827818   0.0592802622
       -0.0001549604  -0.0004702734  -0.0000135573   0.0001841514   0.0001673056
        0.0000860411   0.0000177903  -0.0000073126  -0.0000082378   0.0000497358
        0.0000174768   0.0000023149   0.0000056016  -0.0000667274  -0.0000289788
        0.0000066167  -0.0000029332  -0.0000259554   0.0000077354  -0.0000553103
        0.0000284414   0.0000344480  -0.0000186312  -0.0000689024   0.0000020658
       -0.0000060029   0.0001253008  -0.0001233576  -0.0000516379   0.0000837045
        0.0001647255   0.0000397670   0.0001689521   0.0000180153   0.0000108771
       -0.0000037360  -0.0000401617   0.0000068722   0.0000245358   0.0000459904
       -0.0000041417   0.0000027429  -0.0000204886  -0.0000359383   0.0000112608
       -0.0021059874  -0.0036363690  -0.0005266026   0.0002167874   0.0000346076
       -0.0002971099  -0.0018085104   0.0034195533   0.0001870491  -0.0131179795
        0.0006498924   0.0140081540  -0.1431768429  -0.0242832398   0.1131882767
       -0.0139556544  -0.0048061920   0.0145118618  -0.0004628289   0.0006994546
       -0.0018128724   0.0071500527   0.0012437643  -0.0086611483   0.0009424095
        0.0008398341  -0.0004382529  -0.0003225882   0.0001264223   0.0009966802
        0.0004958554   0.0006927493  -0.0009953459   0.0002040039   0.0000118322
        0.0000973910  -0.0000821004  -0.0000385918   0.0000329866   0.0000592776
        0.0000360481  -0.0000835877   0.0001155055  -0.0000618052  -0.0001442940
       -0.0000341380   0.0000252964  -0.0000468381  -0.0006227572  -0.0000027381
        0.0008657167  -0.0000853613   0.0000147177  -0.0000612548  -0.0001967628
       -0.0001667064  -0.0000304941   0.0007000501  -0.0003390220  -0.0001549604
        0.1664309447   0.0249450451  -0.1304168749  -0.0004665060  -0.0002024631
       -0.0000951209   0.0000387239   0.0000958408  -0.0000924850   0.0000999174
        0.0002025394  -0.0002658538   0.0003756289   0.0005894239  -0.0000663225
        0.0000290263   0.0000490355   0.0000306679  -0.0002020453  -0.0002606826
        0.0000915491  -0.0001958677   0.0001825356   0.0002267313  -0.0000050245
       -0.0001432534  -0.0000562992   0.0000303521   0.0000137804  -0.0000178717
       -0.0001089304  -0.0000066753   0.0000616131  -0.0000189203   0.0000532713
        0.0000302009   0.0000375186   0.0000048006  -0.0000235330  -0.0000060327
        0.0000008665  -0.0000171023   0.0000487841   0.0000164274  -0.0000246539
       -0.0027752590  -0.0040515542   0.0005024994  -0.0000004985  -0.0000514430
        0.0000266019   0.0034357443  -0.0034147372  -0.0006414849   0.0174062724
        0.0005398409  -0.0172442699  -0.0238321939  -0.0428659168   0.0219406365
       -0.0161827553  -0.0047375978   0.0159834147  -0.0005327062  -0.0006595376
        0.0014706185  -0.0026279085  -0.0009222555   0.0074027767   0.0007376212
        0.0017487651   0.0004513671  -0.0004949744   0.0000039456   0.0011532080
       -0.0006814660  -0.0000432046  -0.0004481889   0.0000328127  -0.0000580580
       -0.0000033345   0.0000005555   0.0000629173   0.0000163510  -0.0000080030
       -0.0000804689   0.0000108875   0.0001633613  -0.0000032509  -0.0001822920
       -0.0000200932   0.0000280292   0.0000062773   0.0008690347  -0.0001177453
       -0.0010426596  -0.0000630978  -0.0000921182   0.0001252796  -0.0001360995
        0.0004159661  -0.0000491278   0.0001437818   0.0006410060  -0.0004702734
        0.0249450451   0.0542874149  -0.0292514971  -0.0000982276  -0.0001668665
        0.0000696340  -0.0000464087  -0.0001128875   0.0001564025  -0.0001343238
       -0.0002788548   0.0001227199   0.0001965374   0.0003698333  -0.0000676848
        0.0000549935   0.0000230306   0.0000170940  -0.0002007691  -0.0003402840
        0.0001016974   0.0001193641  -0.0003063421  -0.0000768363  -0.0002271127
        0.0001772232  -0.0000945157  -0.0000031371  -0.0000125064  -0.0000021539
       -0.0000065291  -0.0000088573  -0.0000076593  -0.0000465514   0.0000398240
        0.0000256388  -0.0000069920  -0.0000082869   0.0000132042  -0.0000025207
       -0.0000054340  -0.0000039958   0.0000225037   0.0000004114  -0.0000103351
       -0.0004579396  -0.0003306085  -0.0004580023  -0.0000887938   0.0000372475
        0.0000120733   0.0010641429  -0.0014610431   0.0007106009   0.0050955191
       -0.0008923171  -0.0036548359   0.1136346003   0.0236111098  -0.1676419898
       -0.0026339809  -0.0008338077   0.0037924690  -0.0007561032   0.0016138586
       -0.0036334678   0.0145877455   0.0058276423  -0.0221701549  -0.0002624334
        0.0010645812  -0.0001625003  -0.0000188299  -0.0002609772   0.0001091513
        0.0009442867   0.0007269413   0.0006709692  -0.0001117284  -0.0000196748
       -0.0000375826  -0.0000480598   0.0000278989   0.0000077036  -0.0000901641
       -0.0000617479   0.0001070656  -0.0000957337   0.0001325571   0.0000648158
       -0.0000091008  -0.0000084402   0.0000343135   0.0003093060   0.0000278002
       -0.0004115804  -0.0000824225   0.0000905511   0.0001415257  -0.0001278012
        0.0000276219   0.0002974627  -0.0000404060  -0.0001041289  -0.0000135573
       -0.1304168749  -0.0292514971   0.1921892632   0.0000462027  -0.0000692463
       -0.0001094311   0.0002477747   0.0003257537  -0.0004071411   0.0003145344
        0.0005649897  -0.0002982135  -0.0002772435  -0.0003001433   0.0002114549
        0.0000032240   0.0000044611   0.0000165450  -0.0000264660  -0.0000621856
        0.0000680903  -0.0004817020   0.0005213472   0.0008005150  -0.0003168849
       -0.0008601256  -0.0002404545   0.0000019541  -0.0000119089   0.0000133368
        0.0000707756  -0.0000051862   0.0000050893   0.0000339340  -0.0000706177
       -0.0000123386  -0.0000162958  -0.0000025586  -0.0000065656   0.0000224689
       -0.0000003787   0.0000172185  -0.0000175046   0.0000022317  -0.0000118480
        0.0058059853  -0.0022315783   0.0051599870  -0.0000373048   0.0001074650
       -0.0000670858   0.0001048629  -0.0000340134  -0.0000939211   0.0005168615
        0.0014402990   0.0003648465  -0.0134270774   0.0005113766  -0.0148565504
       -0.1420877275   0.0188465422  -0.1074893500  -0.0003717408  -0.0004630496
        0.0016903446  -0.0023293332  -0.0028500489  -0.0012728419  -0.0247430164
        0.0230746168  -0.0039924714   0.0002764526   0.0002589782   0.0003597739
       -0.0002831771   0.0002202763  -0.0008990554   0.0002783935   0.0000482616
        0.0012709571  -0.0018553413   0.0008783715   0.0001520100  -0.0000599038
       -0.0000766181  -0.0000404881   0.0000633512   0.0001964653  -0.0002360216
       -0.0000944640  -0.0000097922  -0.0000422262  -0.0000068306  -0.0000115635
        0.0000115196  -0.0000717364  -0.0000561184   0.0000715927   0.0006037707
       -0.0002975265   0.0002228053  -0.0000310593   0.0002415484   0.0001841514
       -0.0004665060  -0.0000982276   0.0000462027   0.1805741213  -0.0415291813
        0.1197580300  -0.0000510301  -0.0000956532   0.0001546752   0.0002610539
        0.0000609752   0.0003608616  -0.0004990551  -0.0001073390  -0.0004692070
        0.0000821067  -0.0000347321  -0.0000017892  -0.0000876072  -0.0000711461
       -0.0000414645  -0.0003906232   0.0001406407   0.0000071407   0.0000693739
       -0.0000205099  -0.0000483802  -0.0002691818  -0.0003078747  -0.0001990385
       -0.0015000851   0.0022687282  -0.0001211711  -0.0000148407  -0.0000254565
        0.0001759612   0.0000541728   0.0000057006  -0.0000687310  -0.0000375921
       -0.0000028879  -0.0000159702   0.0000247277   0.0000230716  -0.0000350961
        0.0052699737  -0.0006556691   0.0072105983   0.0001656907   0.0003111670
       -0.0007419562   0.0000281912  -0.0000615965  -0.0000748912  -0.0012879434
        0.0007249287  -0.0009888880  -0.0143688382   0.0015306018  -0.0147065681
        0.0212372682  -0.0439762534   0.0289068253  -0.0008423984  -0.0000468165
        0.0013402238  -0.0027677849  -0.0030043498  -0.0017107243   0.0308151472
       -0.0174492176   0.0090572961   0.0003392510   0.0004267051   0.0003839987
       -0.0004214472   0.0002426857  -0.0009560032  -0.0001640113   0.0001618134
       -0.0003356855   0.0013320836  -0.0000928308  -0.0005975337   0.0000188162
       -0.0001306960   0.0000408957   0.0000095317  -0.0001657535   0.0000681235
       -0.0000112991  -0.0000867768   0.0001282779   0.0000332051  -0.0000665114
       -0.0000148539  -0.0000350632  -0.0000231172   0.0001677537  -0.0000705129
       -0.0010636074   0.0001504543   0.0001080308   0.0001180643   0.0001673056
       -0.0002024631  -0.0001668665  -0.0000692463  -0.0415291813   0.0655770672
       -0.0285387561  -0.0000371691  -0.0000910823  -0.0000723248   0.0002598160
        0.0000662264   0.0002615517   0.0013109253  -0.0005969066   0.0005890589
       -0.0002768744  -0.0001344560   0.0000641944  -0.0001040934   0.0000055395
       -0.0001731695  -0.0004357086   0.0001386538  -0.0000574263   0.0000852057
       -0.0000251287  -0.0000743176  -0.0001762497  -0.0000019316   0.0002077746
        0.0018724855  -0.0013579108   0.0003984850  -0.0000775163  -0.0000203045
       -0.0001333246  -0.0000185225  -0.0000177766   0.0000098517  -0.0000150835
        0.0000003652   0.0000109854  -0.0000434613  -0.0000682581   0.0000820147
       -0.0173461569   0.0046660825  -0.0223949389  -0.0008483111   0.0005638140
        0.0004329958   0.0000875079  -0.0002308839  -0.0001688196  -0.0002432298
        0.0004729428   0.0002607946  -0.0036241189   0.0000927661  -0.0029712346
       -0.1016999749   0.0246502728  -0.1428316553   0.0004560545   0.0001226625
       -0.0060547143  -0.0010498602  -0.0003116300  -0.0013204067   0.0058675124
       -0.0010251762   0.0097073920  -0.0005382722  -0.0004858273  -0.0002119786
       -0.0000718689   0.0000619667  -0.0003282431   0.0005514487   0.0000319934
       -0.0008396268  -0.0002501034   0.0006108697   0.0004360717  -0.0001147325
        0.0000804189   0.0001879677   0.0000188575   0.0000461952  -0.0000420257
       -0.0000445650  -0.0000694340   0.0001219052   0.0000510914  -0.0001077988
       -0.0000592444   0.0000723723   0.0001312539   0.0000959258   0.0001196123
       -0.0004374307   0.0003528649   0.0001787981   0.0000779259   0.0000860411
       -0.0000951209   0.0000696340  -0.0001094311   0.1197580300  -0.0285387561
        0.1643872300   0.0000179990  -0.0001049037  -0.0000007160  -0.0011839732
       -0.0000378059  -0.0010062493  -0.0001284217  -0.0002243285   0.0006907239
        0.0003486106   0.0003258997   0.0001026567   0.0002455608   0.0000500588
        0.0001118796  -0.0000988149  -0.0000293274   0.0000144820  -0.0000106507
       -0.0000055514   0.0000286453  -0.0002717292  -0.0001558571   0.0000413382
       -0.0001505095  -0.0001781801   0.0010868184   0.0001163250  -0.0001091824
        0.0001349102  -0.0000728256   0.0000141754   0.0000365175   0.0000265341
       -0.0000100127   0.0000550591  -0.0000730750  -0.0000068463  -0.0000329352
       -0.0160407223   0.0210000398  -0.0022861369  -0.0043413194   0.0002237683
       -0.0035307236   0.0000782372  -0.0001512317  -0.0000267054   0.0000827284
       -0.0000501142  -0.0000755455  -0.0008231870  -0.0007365102   0.0005128633
       -0.0001099098   0.0003409114   0.0001564273  -0.0913683856   0.0973546377
       -0.0013212501   0.0065310893  -0.0160862665   0.0011208773   0.0001493197
       -0.0003284549   0.0002519776   0.0003152507   0.0012789012   0.0003975874
       -0.0000275800  -0.0014122983   0.0009014176  -0.0004951256   0.0010602120
        0.0004290803  -0.0001418617  -0.0000487771  -0.0000496332   0.0001090773
       -0.0001351357  -0.0001267428  -0.0001501335  -0.0003901218  -0.0003994799
       -0.0001942059  -0.0000180070  -0.0001133352   0.0000345076  -0.0000831750
        0.0000448503  -0.0000665827  -0.0001229606   0.0000143594   0.0000022674
        0.0000047152   0.0000325452  -0.0000129083  -0.0000235469   0.0000177903
        0.0000387239  -0.0000464087   0.0002477747  -0.0000510301  -0.0000371691
        0.0000179990   0.1100889825  -0.1092218915   0.0015293988  -0.0031361921
        0.0092635278   0.0024462828   0.0000226386  -0.0000114020  -0.0005311359
        0.0003084447   0.0002315617   0.0002577825  -0.0002807282  -0.0000419434
        0.0001205551   0.0001674820  -0.0002869472  -0.0003066029  -0.0006152251
        0.0008735812   0.0003896779  -0.0000112615  -0.0001373421  -0.0001020980
       -0.0000254181   0.0000484612   0.0000647713  -0.0000320990  -0.0022691255
       -0.0000687627   0.0000478057  -0.0000191662  -0.0000284115  -0.0000467600
       -0.0000381096   0.0000064699  -0.0000059190   0.0000157876   0.0000060758
        0.0024560552   0.0006927124   0.0011368388   0.0001933743   0.0003502143
        0.0003457048   0.0000296884  -0.0000332662  -0.0001733685   0.0000870927
        0.0000748603  -0.0001054703  -0.0013820543  -0.0011451905   0.0008641713
        0.0005897499  -0.0003459420  -0.0000820534   0.0991614269  -0.2122516179
       -0.0019499413   0.0033730225  -0.0258463414   0.0042619644  -0.0006877776
        0.0003072603  -0.0005046334   0.0000091882  -0.0007674184  -0.0004144470
        0.0010205127   0.0003044407   0.0013706532  -0.0000495787  -0.0001448573
       -0.0000104727   0.0000259540   0.0000543658  -0.0000573476  -0.0001089066
       -0.0000959806   0.0000873143  -0.0033021991   0.0001996270  -0.0011487340
        0.0000023251  -0.0000047640   0.0000157368  -0.0000570914   0.0000856329
        0.0000230744   0.0000943638  -0.0000069527   0.0001481373   0.0000081977
        0.0000492495   0.0000249459  -0.0000101027   0.0000603772  -0.0000073126
        0.0000958408  -0.0001128875   0.0003257537  -0.0000956532  -0.0000910823
       -0.0001049037  -0.1092218915   0.2501676115  -0.0007594344   0.0073878703
       -0.0117858360  -0.0036964639   0.0001693489   0.0002569760   0.0000436838
        0.0002411753  -0.0000589986  -0.0001508748   0.0001732641  -0.0000678766
        0.0000068986   0.0001747761  -0.0007412877  -0.0006640344  -0.0009332645
        0.0014405907   0.0005111184   0.0000204832   0.0000002270   0.0000302342
       -0.0000136170  -0.0000226110  -0.0000048825   0.0005446556  -0.0005296720
        0.0006324878  -0.0000242070  -0.0000064435   0.0000061528   0.0000163366
        0.0000086334   0.0000081509   0.0000116410   0.0000062474  -0.0000086469
       -0.0094329523   0.0136184767  -0.0004397528  -0.0018572220  -0.0002409105
       -0.0015505194   0.0001052270  -0.0002178832  -0.0000292706   0.0000115811
       -0.0001355471   0.0001733685   0.0012197374   0.0004038269  -0.0016986572
       -0.0004357795   0.0004756588   0.0001875662  -0.0025497370   0.0006374855
       -0.0393857441  -0.0026881215   0.0149035172  -0.0000869751   0.0004239369
       -0.0002985601   0.0000877070   0.0002622802   0.0002527275   0.0009875055
       -0.0009235806   0.0001931936   0.0000716594  -0.0003298733   0.0004482776
        0.0003929255  -0.0000110917  -0.0000312692  -0.0000078548  -0.0001018088
       -0.0001388402   0.0000018615   0.0000525144   0.0001038410  -0.0007376772
       -0.0000808786  -0.0000275116  -0.0000491806   0.0000551856   0.0000017431
        0.0000437773   0.0001081999   0.0001458202   0.0000143024  -0.0000113269
       -0.0000393588   0.0000282849   0.0000372653  -0.0000556485  -0.0000082378
       -0.0000924850   0.0001564025  -0.0004071411   0.0001546752  -0.0000723248
       -0.0000007160   0.0015293988  -0.0007594344   0.0455761106   0.0150968951
       -0.0278062147  -0.0032815734  -0.0005668605  -0.0003269609  -0.0005756794
        0.0001607995   0.0001424593  -0.0000231204   0.0001346196  -0.0000705379
       -0.0001280214  -0.0004539452   0.0002667532   0.0001581478   0.0005548062
       -0.0006523097  -0.0005022265   0.0000131801  -0.0000609893  -0.0000326303
       -0.0000072065   0.0000413593   0.0000168113  -0.0003715480  -0.0008504283
        0.0012164245   0.0000073249   0.0000014435  -0.0000169075  -0.0000237825
       -0.0000099499   0.0000064927   0.0000105725   0.0000016932  -0.0000010593
        0.0033561481  -0.0056308836  -0.0217155214   0.0009671014  -0.0004973380
       -0.0015338222  -0.0000953972   0.0002343112  -0.0001138950   0.0000126819
        0.0000029618   0.0002326153  -0.0009847315  -0.0010367597   0.0009088105
       -0.0034030994   0.0002882886  -0.0030807513  -0.0510664172   0.0137862869
        0.0471965231  -0.0046134208   0.0028178564   0.0166540660  -0.0000072654
       -0.0000913667   0.0004505534  -0.0004450289   0.0002423257  -0.0007665464
        0.0003187383  -0.0008016426   0.0007035199   0.0001065248  -0.0001202229
       -0.0000650596   0.0000217927   0.0000647989   0.0000320256  -0.0011727219
        0.0001687657   0.0001554700   0.0000030966   0.0003373559   0.0000590236
        0.0000106570   0.0000145738   0.0000440739  -0.0000557338  -0.0000067649
       -0.0000126844   0.0002383803   0.0001844725  -0.0000572227  -0.0000050771
       -0.0000715063  -0.0000173155  -0.0000752656   0.0000080539   0.0000497358
        0.0000999174  -0.0001343238   0.0003145344   0.0002610539   0.0002598160
       -0.0011839732  -0.0031361921   0.0073878703   0.0150968951   0.0599023850
       -0.0166079232  -0.0528826802   0.0000441713  -0.0000683581  -0.0001032253
       -0.0002131324  -0.0002298253   0.0001444040  -0.0000080460  -0.0001064354
        0.0000899751  -0.0006502180   0.0002724323  -0.0000545928   0.0004573844
       -0.0005168560  -0.0007456384   0.0000297583  -0.0000166912   0.0000507446
        0.0000051673  -0.0000422800   0.0000335183   0.0000740147  -0.0000849147
        0.0000966729  -0.0000294199   0.0000324352   0.0000182796   0.0000654629
        0.0000019076   0.0000249056  -0.0000132692  -0.0000404205  -0.0000234182
        0.0003797442  -0.0006207971  -0.0034071438   0.0005728766   0.0001685457
        0.0010224567   0.0002542203  -0.0000500684   0.0005559571   0.0000017682
       -0.0000725045   0.0001404404  -0.0007617690  -0.0016964796   0.0021916798
       -0.0006829042  -0.0002946150   0.0002118751   0.0133881001  -0.0552648477
       -0.0606460550  -0.0067965989   0.0036982599   0.0186375912  -0.0002609427
       -0.0001600073  -0.0001251251  -0.0000374484   0.0001192225  -0.0005036864
        0.0003743492   0.0002895578   0.0010092271   0.0001303082  -0.0001037251
        0.0000211076   0.0000091087  -0.0000150896   0.0000106571   0.0002676780
        0.0003738840   0.0001198314  -0.0003315906  -0.0002496386   0.0002435098
       -0.0000319976   0.0000347687  -0.0000154043  -0.0001223493  -0.0000066707
       -0.0001475774   0.0002091400  -0.0009846193   0.0002381758   0.0000421704
       -0.0000083479  -0.0001165033  -0.0000075940  -0.0000035810   0.0000174768
        0.0002025394  -0.0002788548   0.0005649897   0.0000609752   0.0000662264
       -0.0000378059   0.0092635278  -0.0117858360  -0.0278062147  -0.0166079232
        0.0671778283   0.0682148206   0.0002047196   0.0001893425  -0.0000028765
        0.0000241662  -0.0000076636   0.0001837507  -0.0002948369  -0.0001416259
        0.0001115269  -0.0001127365   0.0005131861   0.0001469387   0.0004787858
       -0.0008344788  -0.0005151526  -0.0000262858   0.0000208027   0.0000005445
       -0.0000064640  -0.0000178737   0.0000155533   0.0002619319  -0.0000023329
       -0.0003390126   0.0000089357   0.0000116646   0.0000001901  -0.0000151324
       -0.0000253293   0.0000067471  -0.0000384722  -0.0000383023  -0.0000024898
        0.0012949787  -0.0040538483  -0.0179483469   0.0012561947  -0.0007240277
        0.0006526852  -0.0000810079  -0.0001651652  -0.0000125265   0.0000595982
        0.0000783124  -0.0003273449   0.0005205268   0.0007234008  -0.0017069198
       -0.0029106368   0.0005393167  -0.0032998110   0.0457547979  -0.0620540672
       -0.2456614021   0.0066154314   0.0004753614  -0.0146659773   0.0000602572
       -0.0000099348   0.0002802147  -0.0001554824   0.0000936925  -0.0005737996
       -0.0014232028  -0.0005551588   0.0000685935   0.0000870872  -0.0001587380
        0.0000398699   0.0000773633   0.0000645228   0.0001344777  -0.0008203311
        0.0002141365   0.0004940340  -0.0001861617  -0.0001069497   0.0001261347
        0.0000631232   0.0000015933   0.0000867304   0.0001533533  -0.0000120266
        0.0001218691   0.0000311758   0.0007877995   0.0002431724   0.0000212939
        0.0000511763   0.0001261045   0.0000156713   0.0000339248   0.0000023149
       -0.0002658538   0.0001227199  -0.0002982135   0.0003608616   0.0002615517
       -0.0010062493   0.0024462828  -0.0036964639  -0.0032815734  -0.0528826802
        0.0682148206   0.2855674461   0.0000628184   0.0001766651   0.0000389687
       -0.0001087524  -0.0001318351   0.0001527072  -0.0001941497  -0.0001756253
        0.0002033611   0.0004806036  -0.0004363955  -0.0000092520  -0.0004655549
        0.0006052417   0.0005627939   0.0000190400  -0.0000017608   0.0000344191
        0.0000235566  -0.0000406813  -0.0000013622   0.0001131979  -0.0000885157
       -0.0001749578  -0.0000321190   0.0000409043   0.0000359645   0.0000558407
       -0.0000100972   0.0000093429  -0.0000471220  -0.0000638492  -0.0000134679
        0.0005784986   0.0002787904   0.0007361877   0.0000045602  -0.0001284912
        0.0000734292  -0.0000352404  -0.0000578512   0.0000451694   0.0003063690
        0.0005284146   0.0002917519  -0.0011850656   0.0010461683   0.0004406773
        0.0108559239   0.0168631575  -0.0050859729  -0.0002911465  -0.0003078201
        0.0001888209  -0.0001505110  -0.0003790022   0.0000681418  -0.1206587510
       -0.1627365128   0.0582176014  -0.0014100037   0.0019862378   0.0015909606
       -0.0000526580   0.0000660962  -0.0000374811  -0.0000560157   0.0000867129
       -0.0000035579  -0.0000728289  -0.0001009100  -0.0000442095   0.0000008677
        0.0000936467  -0.0000147736  -0.0007003581  -0.0003118465  -0.0017161795
        0.0000252188  -0.0000759153  -0.0000174848   0.0000255558   0.0000360946
       -0.0000421526   0.0000217853  -0.0000059975  -0.0000578280  -0.0000157236
        0.0000622800  -0.0000964188  -0.0000221089   0.0001502393   0.0000056016
        0.0003756289   0.0001965374  -0.0002772435  -0.0004990551   0.0013109253
       -0.0001284217   0.0000226386   0.0001693489  -0.0005668605   0.0000441713
        0.0002047196   0.0000628184   0.1130297710   0.1406833987  -0.0515997074
       -0.0008568690   0.0003120827   0.0001306097  -0.0000484742  -0.0000059051
       -0.0002835342  -0.0000296524  -0.0000237766  -0.0000666361   0.0000628884
        0.0000104179  -0.0000267668   0.0000113429   0.0000294781  -0.0000133815
        0.0000079886   0.0000370173  -0.0000155954   0.0007450545  -0.0000435192
       -0.0017782349   0.0000138866  -0.0000231704  -0.0000476757   0.0000050443
        0.0000236516   0.0000062638  -0.0000527321   0.0000253025   0.0000620827
       -0.0005403180   0.0001519208  -0.0000828270  -0.0001863887  -0.0002705070
        0.0003509074  -0.0000385596  -0.0001422436  -0.0000527456  -0.0006031740
       -0.0010900187  -0.0003388681   0.0023786099  -0.0037835287  -0.0006159960
       -0.0046570371  -0.0299356335   0.0006039556  -0.0001642309  -0.0001897928
       -0.0000026437  -0.0003646748  -0.0002797445   0.0001115134  -0.1391372915
       -0.2918072156   0.0673284736  -0.0005350783   0.0023351645  -0.0005111685
        0.0000355651   0.0000079713  -0.0000388503   0.0002166334   0.0000417036
       -0.0000719697  -0.0000712240   0.0001624031   0.0001721883  -0.0000979326
        0.0001159377   0.0002421098   0.0010923698  -0.0014597765  -0.0027648829
       -0.0000317936  -0.0000917030   0.0000126475  -0.0000411153   0.0001079585
       -0.0000320149   0.0000614998   0.0000127325   0.0000599799  -0.0001310850
        0.0000433357  -0.0001000278   0.0002933257  -0.0001603096  -0.0000667274
        0.0005894239   0.0003698333  -0.0003001433  -0.0001073390  -0.0005969066
       -0.0002243285  -0.0000114020   0.0002569760  -0.0003269609  -0.0000683581
        0.0001893425   0.0001766651   0.1406833987   0.3257180130  -0.0638845286
        0.0003713056   0.0002639434   0.0000049370   0.0003127511  -0.0004127554
       -0.0000397751   0.0000380144  -0.0000125574   0.0000093705   0.0001013059
        0.0000625787  -0.0000168595  -0.0000337238  -0.0000339079  -0.0000531982
       -0.0000276083  -0.0000907532   0.0000315243   0.0007042637   0.0004512322
        0.0004272848  -0.0000061840   0.0000188750   0.0000036983  -0.0000057384
        0.0000116349  -0.0000143192  -0.0000182102   0.0000357973   0.0000035799
       -0.0005801350  -0.0010397210   0.0014670845   0.0000870287   0.0002179256
       -0.0000854388  -0.0000361030   0.0000577291  -0.0000232083  -0.0005026916
       -0.0007960054  -0.0003519095   0.0016309093  -0.0034998899  -0.0008786590
       -0.0063205132  -0.0101322611   0.0002249620   0.0002662265   0.0005056264
       -0.0001652214  -0.0001160889  -0.0005168926   0.0002028387   0.0590154325
        0.0804414452  -0.0318095026   0.0034429308  -0.0035342521  -0.0016076826
       -0.0000243052   0.0001060170  -0.0000295667   0.0001867938  -0.0000110741
        0.0002541109  -0.0000591617  -0.0000441092  -0.0000971809   0.0000318243
       -0.0000660330  -0.0000521637  -0.0036348686   0.0000620050   0.0021773677
       -0.0000401996   0.0000858141  -0.0000908073  -0.0000439201   0.0000540035
        0.0000103466  -0.0000301131  -0.0000537564  -0.0000225068  -0.0000838422
        0.0000912633   0.0000475603   0.0001138165  -0.0002941141  -0.0000289788
       -0.0000663225  -0.0000676848   0.0002114549  -0.0004692070   0.0005890589
        0.0006907239  -0.0005311359   0.0000436838  -0.0005756794  -0.0001032253
       -0.0000028765   0.0000389687  -0.0515997074  -0.0638845286   0.0323887516
       -0.0001076225  -0.0000165328  -0.0000690997  -0.0001262342   0.0002943888
        0.0003833068  -0.0000284212   0.0000160510  -0.0000327191   0.0000502141
        0.0000487461   0.0000063321  -0.0000606376   0.0000106449  -0.0000159511
       -0.0000011446   0.0000575126   0.0000185992  -0.0003204571   0.0012894734
       -0.0021276228   0.0000220061  -0.0000062860   0.0000068350  -0.0000745075
       -0.0000121140  -0.0000239391   0.0001133820   0.0000067431  -0.0000414055
       -0.0157382838  -0.0056574870  -0.0122211345   0.0002926151   0.0008388375
        0.0000835280  -0.0000338013   0.0000224429   0.0000221505   0.0000165557
        0.0000089536  -0.0000080363   0.0000985207   0.0000049242  -0.0000600732
        0.0002960520   0.0004904139  -0.0008296463  -0.0010459477  -0.0032217052
        0.0003409121  -0.0007066134   0.0000188830  -0.0004860923   0.0002261676
        0.0001681616   0.0003708149  -0.1704486847  -0.0063627828  -0.1116372921
       -0.0000843664  -0.0001477566   0.0001629169   0.0005929803   0.0003419145
        0.0000351140  -0.0000761319   0.0003723176  -0.0000882056  -0.0000837208
       -0.0000847736  -0.0000490537  -0.0225944444   0.0097926397  -0.0131787173
       -0.0005399733   0.0004855017   0.0004245373   0.0000267051   0.0000438866
        0.0000069036  -0.0000147485   0.0000542605   0.0000050901   0.0000228709
       -0.0000269989   0.0000331056   0.0000042472   0.0000443978   0.0000066167
        0.0000290263   0.0000549935   0.0000032240   0.0000821067  -0.0002768744
        0.0003486106   0.0003084447   0.0002411753   0.0001607995  -0.0002131324
        0.0000241662  -0.0001087524  -0.0008568690   0.0003713056  -0.0001076225
        0.2073946446  -0.0011870575   0.1309879890   0.0065445574  -0.0001110747
        0.0043939858   0.0000359811   0.0000107243   0.0000282804  -0.0000655143
       -0.0000656170  -0.0000025512  -0.0001206458   0.0000065683  -0.0000857926
       -0.0000534540  -0.0001111699   0.0000834000  -0.0027595956   0.0034880619
        0.0008168058  -0.0000746884  -0.0000340925  -0.0000022472  -0.0002117175
        0.0000828557  -0.0000709389  -0.0002491427   0.0003200043   0.0006213713
       -0.0203038632  -0.0042136414  -0.0154623503  -0.0006644314   0.0004928730
       -0.0000637628   0.0000682813  -0.0000273113   0.0000762249  -0.0000333555
        0.0000277525  -0.0000181198   0.0000261602  -0.0000016606  -0.0000882006
        0.0000949892   0.0010301024  -0.0008076547  -0.0021367030  -0.0040570989
        0.0006840835  -0.0009928052  -0.0001067851  -0.0006677016   0.0000398082
       -0.0003438911   0.0000022142  -0.0087859065  -0.0380271079  -0.0056689671
       -0.0001875586  -0.0002444342   0.0002301694   0.0002480352  -0.0012925253
       -0.0005876225   0.0001878956  -0.0002706381   0.0006853062  -0.0000200991
       -0.0000221431  -0.0000385385   0.0253382886  -0.0070114448   0.0160258314
        0.0004421066  -0.0001399363  -0.0002565730   0.0000142690  -0.0000226822
       -0.0000063771   0.0000699905   0.0001226342   0.0000505572  -0.0000059245
       -0.0000378840   0.0000443756   0.0000481225   0.0000433055  -0.0000029332
        0.0000490355   0.0000230306   0.0000044611  -0.0000347321  -0.0001344560
        0.0003258997   0.0002315617  -0.0000589986   0.0001424593  -0.0002298253
       -0.0000076636  -0.0001318351   0.0003120827   0.0002639434  -0.0000165328
       -0.0011870575   0.0557009914   0.0034901615   0.0027727560   0.0015178795
        0.0032301966   0.0000402712   0.0000002950   0.0000382745  -0.0001060071
       -0.0000803165  -0.0000167071   0.0000859950   0.0000229984   0.0000320729
       -0.0000924281   0.0000042756   0.0000511034   0.0043317511  -0.0032993320
       -0.0009477110  -0.0000715799   0.0000034220   0.0000808489   0.0001309921
       -0.0000026497   0.0000438640   0.0003198848   0.0001490974  -0.0004565171
       -0.0003119339  -0.0015366550   0.0008649188  -0.0003126799  -0.0001731285
        0.0000138996   0.0000160653  -0.0000087725  -0.0000007439  -0.0000119305
        0.0000306022   0.0000058505   0.0000363610   0.0000016624  -0.0000786879
        0.0005814424   0.0003121716   0.0006902667  -0.0000627063  -0.0000205953
        0.0006827438  -0.0000080967   0.0001008057  -0.0001616460  -0.0000914044
       -0.0000368419   0.0000565587  -0.1141257045  -0.0024494498  -0.1458158071
       -0.0000000028  -0.0000344629   0.0000555849  -0.0001252631  -0.0006910320
        0.0007706307  -0.0000260214   0.0002461901  -0.0000013548  -0.0001720474
        0.0000661627  -0.0002257954   0.0029486760   0.0020038637   0.0054081408
        0.0001495870  -0.0000671094   0.0002379295   0.0000327281  -0.0000075251
       -0.0000082873   0.0000473574   0.0000814485  -0.0000011148   0.0000141291
       -0.0000127758   0.0000324740   0.0000184420  -0.0000020425  -0.0000259554
        0.0000306679   0.0000170940   0.0000165450  -0.0000017892   0.0000641944
        0.0001026567   0.0002577825  -0.0001508748  -0.0000231204   0.0001444040
        0.0001837507   0.0001527072   0.0001306097   0.0000049370  -0.0000690997
        0.1309879890   0.0034901615   0.1620858204  -0.0220050803  -0.0005717195
       -0.0251313748   0.0000127377   0.0000131871   0.0000087219  -0.0000309695
       -0.0000347482   0.0000103462  -0.0000362496   0.0000268784  -0.0000382820
        0.0000429052   0.0000545342  -0.0001347924   0.0011323273  -0.0011254674
        0.0015831050  -0.0000471517   0.0002566574  -0.0000842149   0.0000382022
        0.0001016744  -0.0000016657   0.0007466177  -0.0001327754  -0.0009769580
       -0.0068694641  -0.0067128587   0.0175312183   0.0003066212   0.0008405963
       -0.0001056906  -0.0000122411   0.0001006923  -0.0000472630   0.0000014091
       -0.0000086392  -0.0000551122  -0.0005205694  -0.0003164690   0.0008287781
       -0.0006365913  -0.0035307137  -0.0005022419   0.0005964945   0.0003798414
        0.0003703975   0.0000391171   0.0000113240   0.0001400342  -0.0000951569
        0.0003885598  -0.0000610101  -0.0652363309  -0.0128948744   0.0604940158
        0.0000597661   0.0000425447  -0.0000377949   0.0003348400  -0.0001258359
       -0.0002179863  -0.0001309088   0.0000437555  -0.0000190801   0.0003169245
       -0.0000552665  -0.0000862129  -0.0140133652   0.0136054368   0.0235585202
       -0.0003709479   0.0005990232  -0.0002546260  -0.0000016045   0.0000324250
       -0.0000075608  -0.0000426254  -0.0000419118  -0.0000008733  -0.0000122833
        0.0000137500   0.0000026644  -0.0000108343  -0.0000145873   0.0000077354
       -0.0002020453  -0.0002007691  -0.0000264660  -0.0000876072  -0.0001040934
        0.0002455608  -0.0002807282   0.0001732641   0.0001346196  -0.0000080460
       -0.0002948369  -0.0001941497  -0.0000484742   0.0003127511  -0.0001262342
        0.0065445574   0.0027727560  -0.0220050803   0.0812924215   0.0047988284
       -0.0814326127  -0.0000271297   0.0000025765  -0.0000191821   0.0000328535
        0.0000257982  -0.0000048503   0.0000092677   0.0000071815   0.0000035046
       -0.0000511497  -0.0000205513   0.0000924239   0.0000777200  -0.0001392701
        0.0016592374   0.0000020609  -0.0000868336   0.0001074435   0.0000007867
       -0.0001547989   0.0000469272  -0.0009567369   0.0005512050  -0.0000190536
       -0.0099794884  -0.0068029299   0.0237669831  -0.0009028502   0.0003783214
        0.0012140824   0.0001074263   0.0001236105  -0.0001168333  -0.0000310865
        0.0001080768  -0.0000257225  -0.0008585196  -0.0004534825   0.0011342989
       -0.0022808503  -0.0042970716  -0.0003102829   0.0007244617   0.0008299471
        0.0003681685   0.0001115088  -0.0001340484   0.0002407288   0.0003054165
        0.0001762798  -0.0004259016  -0.0115647747  -0.0414246496   0.0283780956
        0.0000391491   0.0000332376  -0.0000441075  -0.0000181234  -0.0001898214
        0.0003589968  -0.0000100166  -0.0000639028   0.0000044567   0.0000261502
       -0.0009524465  -0.0006521596   0.0187525761  -0.0093817754  -0.0294782540
        0.0001601558  -0.0002050908  -0.0000067412   0.0000183896   0.0000127623
        0.0000003139  -0.0000222274   0.0000211110  -0.0000071054  -0.0000053379
        0.0000388754  -0.0000376455   0.0000394464   0.0000028966  -0.0000553103
       -0.0002606826  -0.0003402840  -0.0000621856  -0.0000711461   0.0000055395
        0.0000500588  -0.0000419434  -0.0000678766  -0.0000705379  -0.0001064354
       -0.0001416259  -0.0001756253  -0.0000059051  -0.0004127554   0.0002943888
       -0.0001110747   0.0015178795  -0.0005717195   0.0047988284   0.0604958388
       -0.0229248595  -0.0000258078   0.0000049532  -0.0000300289   0.0000252153
        0.0000220523  -0.0000060735  -0.0000260292   0.0000425712  -0.0000723216
       -0.0000053837   0.0000578197  -0.0001196718   0.0003781681   0.0008023966
       -0.0004514375   0.0000598458  -0.0001033775  -0.0000843262  -0.0000987179
        0.0001046828  -0.0000938840   0.0008796625   0.0001922862   0.0000121630
        0.0037288902   0.0044239871  -0.0070281363  -0.0001215242  -0.0006784938
        0.0003741097  -0.0000641328  -0.0000752391   0.0000304233  -0.0000217851
       -0.0000396390   0.0000489081   0.0003985631   0.0001490376  -0.0004330450
        0.0007131115   0.0014860814   0.0008577282  -0.0005182556  -0.0006760522
        0.0005727399  -0.0001218211  -0.0000000024  -0.0001888299  -0.0000430575
       -0.0000360252   0.0000234738   0.0619844292   0.0276934221  -0.2285688477
       -0.0000644343  -0.0000415578   0.0000534693   0.0000366546   0.0004530404
       -0.0007233886  -0.0000217234   0.0000955310   0.0000636036  -0.0000552943
        0.0002486156   0.0004748317   0.0128717269  -0.0125726636  -0.0108235394
        0.0001772145  -0.0000905923   0.0000584927  -0.0000327605   0.0000062622
       -0.0000004326   0.0000047521  -0.0000395369   0.0000291001  -0.0000003690
       -0.0000292178   0.0000014054  -0.0000023054   0.0000426500   0.0000284414
        0.0000915491   0.0001016974   0.0000680903  -0.0000414645  -0.0001731695
        0.0001118796   0.0001205551   0.0000068986  -0.0001280214   0.0000899751
        0.0001115269   0.0002033611  -0.0002835342  -0.0000397751   0.0003833068
        0.0043939858   0.0032301966  -0.0251313748  -0.0814326127  -0.0229248595
        0.2667215868   0.0000395088  -0.0000123070   0.0000372801  -0.0000067401
       -0.0000059532  -0.0000038378   0.0000202859  -0.0000381533   0.0000300697
       -0.0000278641  -0.0000873145   0.0001201934  -0.0011760981  -0.0001637437
        0.0020868201   0.0000097647  -0.0001434505   0.0000604050   0.0000916303
       -0.0001195521   0.0000406636  -0.0007368198  -0.0000616485   0.0005490694
        0.0001903254   0.0000373359   0.0000556798   0.0000252175  -0.0000161198
       -0.0000302625  -0.0000430879   0.0000554581  -0.0000200485   0.0005701133
       -0.0003330468   0.0007682437  -0.0002581343  -0.0065844804  -0.0030392484
       -0.0009800898   0.0004726833  -0.0015977702   0.0000432253   0.0026985048
        0.0007854298  -0.0136818686   0.0076677774  -0.0267339196   0.0000690053
        0.0000612613   0.0001435798   0.0000546400   0.0000653861  -0.0000280262
       -0.0748707408   0.0226285980  -0.0859899367   0.0000584248   0.0000144327
       -0.0000277912  -0.0000126240   0.0000308318   0.0000381142  -0.0000443118
        0.0000009114   0.0000260196  -0.0000080796  -0.0000477492   0.0000775946
       -0.0000215009  -0.0000083356   0.0000216910   0.0000034302  -0.0000146238
        0.0000175574  -0.0000560293   0.0000495219  -0.0000336620   0.0001278224
       -0.0001607615   0.0000514107  -0.0000191293   0.0000564835   0.0000344480
       -0.0001958677   0.0001193641  -0.0004817020  -0.0003906232  -0.0004357086
       -0.0000988149   0.0001674820   0.0001747761  -0.0004539452  -0.0006502180
       -0.0001127365   0.0004806036  -0.0000296524   0.0000380144  -0.0000284212
        0.0000359811   0.0000402712   0.0000127377  -0.0000271297  -0.0000258078
        0.0000395088   0.0847263259  -0.0209653438   0.1035779849   0.0052210744
       -0.0054420217   0.0124606688  -0.0000069292  -0.0000108385   0.0000059208
        0.0000094366  -0.0000234972   0.0000257262  -0.0000179018  -0.0000333530
       -0.0000488470  -0.0000020849   0.0000086321   0.0000005617   0.0000142972
        0.0000012830  -0.0000043118  -0.0000007979  -0.0000071027  -0.0000067739
       -0.0000295188  -0.0000235283  -0.0001000112   0.0000370888   0.0000272578
        0.0000045372   0.0001151288  -0.0000535309  -0.0000543448  -0.0012051298
        0.0005176350  -0.0017471898  -0.0054403168   0.0070194498   0.0034357237
        0.0004407589  -0.0002020785   0.0007379099   0.0019511391  -0.0024512432
       -0.0022242510  -0.0032910154   0.0024122394  -0.0091695690   0.0000322207
        0.0000474653  -0.0000370079  -0.0000332375  -0.0000039764   0.0000015994
        0.0230658558  -0.0588266327   0.0727137760  -0.0000045636  -0.0000204765
        0.0000052332  -0.0000080624  -0.0000224207  -0.0000068122   0.0000169714
       -0.0000019013  -0.0000003323   0.0000234340   0.0000060852  -0.0000091422
        0.0000003944   0.0000080917  -0.0000001302   0.0000156865  -0.0000157581
       -0.0000174431   0.0000453145  -0.0000247539  -0.0000209892  -0.0003889932
        0.0005135551  -0.0000773509  -0.0000953285  -0.0000586365  -0.0000186312
        0.0001825356  -0.0003063421   0.0005213472   0.0001406407   0.0001386538
       -0.0000293274  -0.0002869472  -0.0007412877   0.0002667532   0.0002724323
        0.0005131861  -0.0004363955  -0.0000237766  -0.0000125574   0.0000160510
        0.0000107243   0.0000002950   0.0000131871   0.0000025765   0.0000049532
       -0.0000123070  -0.0209653438   0.0569413893  -0.0821876856   0.0054197312
       -0.0054025949   0.0184435465   0.0000047028   0.0000036634   0.0000055573
        0.0000069481   0.0000065287   0.0000078046  -0.0000166837   0.0000069130
       -0.0000199758   0.0000035120  -0.0000023908  -0.0000069088   0.0000032851
        0.0000006875   0.0000025634  -0.0000021638   0.0000020608   0.0000002154
        0.0002174613   0.0000504375  -0.0002043692   0.0000108675  -0.0000279056
       -0.0000219284   0.0000359083  -0.0001036635  -0.0001173397  -0.0007833938
        0.0002841218  -0.0011359439  -0.0038654688   0.0025826043   0.0033316983
       -0.0002248155   0.0002737692   0.0000578691   0.0023968777  -0.0013316822
       -0.0000615174  -0.0083098659   0.0024887205  -0.0142792853   0.0001299802
       -0.0001072502   0.0000338620   0.0000477115   0.0000880280   0.0000455403
       -0.0871525710   0.0718427508  -0.2450233390   0.0000852091   0.0000118345
        0.0000020990  -0.0000032196  -0.0000094765   0.0000296979  -0.0000358638
       -0.0000233633   0.0000621620  -0.0000054115  -0.0001008657   0.0000139369
       -0.0000145999  -0.0000047880   0.0000251064   0.0000254446   0.0000060100
        0.0000394419  -0.0000644662   0.0000535585  -0.0000084887  -0.0002104686
        0.0003490243  -0.0000055334   0.0001020621  -0.0001918055  -0.0000689024
        0.0002267313  -0.0000768363   0.0008005150   0.0000071407  -0.0000574263
        0.0000144820  -0.0003066029  -0.0006640344   0.0001581478  -0.0000545928
        0.0001469387  -0.0000092520  -0.0000666361   0.0000093705  -0.0000327191
        0.0000282804   0.0000382745   0.0000087219  -0.0000191821  -0.0000300289
        0.0000372801   0.1035779849  -0.0821876856   0.2715843015  -0.0057632230
        0.0066899117  -0.0153024997  -0.0000204526  -0.0000023894  -0.0000004087
        0.0000193012   0.0000007090   0.0000245938  -0.0000095404   0.0000078680
        0.0000038364  -0.0000012303   0.0000088849   0.0000043990  -0.0000012384
        0.0000007239  -0.0000066836   0.0000018824  -0.0000143393   0.0000005190
       -0.0005566182  -0.0008249985   0.0002805424   0.0000355487  -0.0000379075
       -0.0000520928  -0.0000023881   0.0000402867  -0.0000556698  -0.0002956635
       -0.0000775114  -0.0004537707  -0.0002233544   0.0019750539   0.0023082765
        0.0001996402  -0.0001273124   0.0004100442  -0.0002377870  -0.0049282894
       -0.0046449069  -0.0190196115  -0.0203385113   0.0147115820  -0.0000519389
        0.0000184002  -0.0000553376  -0.0002363314   0.0000978079  -0.0002531739
       -0.1136187788  -0.0963279147   0.0712150487   0.0000628882   0.0000316692
        0.0000398503  -0.0000306417   0.0000179917   0.0000146960   0.0000850572
        0.0000049390  -0.0000098704  -0.0000813102  -0.0000022696  -0.0000253540
       -0.0000204220   0.0000108884  -0.0000259713   0.0000154171  -0.0000047112
       -0.0000266117  -0.0000105117  -0.0001314632   0.0000476726  -0.0000039736
        0.0001628084   0.0000375094  -0.0001831319   0.0003364082   0.0000020658
       -0.0000050245  -0.0002271127  -0.0003168849   0.0000693739   0.0000852057
       -0.0000106507  -0.0006152251  -0.0009332645   0.0005548062   0.0004573844
        0.0004787858  -0.0004655549   0.0000628884   0.0001013059   0.0000502141
       -0.0000655143  -0.0001060071  -0.0000309695   0.0000328535   0.0000252153
       -0.0000067401   0.0052210744   0.0054197312  -0.0057632230   0.1289206965
        0.1151417371  -0.0774685994   0.0000061789  -0.0000098585  -0.0000082811
       -0.0000118703  -0.0000094672   0.0000002618   0.0000623660   0.0001315862
        0.0000220754   0.0000144186  -0.0000020299   0.0000014049  -0.0000026366
       -0.0000011298  -0.0000147948   0.0000269477   0.0000099381  -0.0000075929
       -0.0005244571  -0.0006679102   0.0006932008  -0.0000764159   0.0000300812
       -0.0000402178  -0.0000032803   0.0000270912   0.0000385810   0.0005389489
       -0.0001683832   0.0007165505   0.0029163477  -0.0026888373  -0.0012456275
        0.0000429305   0.0002147682  -0.0000385855  -0.0060640138   0.0067736186
        0.0024090600  -0.0100596614  -0.0108647655   0.0057013878   0.0001099473
       -0.0000858565  -0.0000681291  -0.0001530717   0.0002156207  -0.0001827620
       -0.0968131092  -0.1496856120   0.0974844174   0.0000575815   0.0000259765
        0.0000347479  -0.0000212511   0.0000109539   0.0000052455   0.0000421970
       -0.0000070688  -0.0000211782   0.0001043122  -0.0001506741  -0.0000182774
       -0.0000124988   0.0000096477  -0.0000218170   0.0000147288   0.0000136284
       -0.0000002590  -0.0001098722  -0.0000512853   0.0000576809   0.0001553141
       -0.0002445065   0.0000014300   0.0000405367   0.0002085369  -0.0000060029
       -0.0001432534   0.0001772232  -0.0008601256  -0.0000205099  -0.0000251287
       -0.0000055514   0.0008735812   0.0014405907  -0.0006523097  -0.0005168560
       -0.0008344788   0.0006052417   0.0000104179   0.0000625787   0.0000487461
       -0.0000656170  -0.0000803165  -0.0000347482   0.0000257982   0.0000220523
       -0.0000059532  -0.0054420217  -0.0054025949   0.0066899117   0.1151417371
        0.1616821191  -0.1112303830  -0.0000080845  -0.0000042149  -0.0000142232
       -0.0000124786  -0.0000038397  -0.0000049915  -0.0000482370   0.0000495172
       -0.0000192822   0.0000134379  -0.0000040188   0.0000007089  -0.0000134986
       -0.0000021634  -0.0000135999   0.0000203711   0.0000076505  -0.0000028860
       -0.0002904154  -0.0001976798   0.0002630168  -0.0000015788   0.0000250195
       -0.0000116980   0.0000369285   0.0000228170   0.0000525403   0.0002734797
       -0.0001824295   0.0004483315   0.0004737030  -0.0024569468  -0.0000808004
       -0.0000523098   0.0000705270  -0.0002643149  -0.0038510203   0.0028756691
        0.0026989310  -0.0035517647  -0.0055261739   0.0045663609   0.0000431116
        0.0000501181   0.0000185183  -0.0001191767  -0.0000171880  -0.0000440196
        0.0724592270   0.0984771195  -0.1171797151  -0.0000278673  -0.0000159115
       -0.0000154013  -0.0000032918  -0.0000039099   0.0000036312  -0.0000228803
        0.0000020699  -0.0000204646   0.0000609685   0.0000031139   0.0000261096
        0.0000012560   0.0000040806   0.0000056525   0.0000109341  -0.0000128417
       -0.0000248713  -0.0000014970   0.0000606155  -0.0000873742   0.0000827469
       -0.0001359371  -0.0000193628   0.0000108978   0.0000060748   0.0001253008
       -0.0000562992  -0.0000945157  -0.0002404545  -0.0000483802  -0.0000743176
        0.0000286453   0.0003896779   0.0005111184  -0.0005022265  -0.0007456384
       -0.0005151526   0.0005627939  -0.0000267668  -0.0000168595   0.0000063321
       -0.0000025512  -0.0000167071   0.0000103462  -0.0000048503  -0.0000060735
       -0.0000038378   0.0124606688   0.0184435465  -0.0153024997  -0.0774685994
       -0.1112303830   0.1250187826   0.0000103241   0.0000043984   0.0000027693
       -0.0000011635  -0.0000025375  -0.0000001909  -0.0000439226  -0.0000525021
       -0.0000336486   0.0000010325  -0.0000011660  -0.0000080426   0.0000082190
        0.0000005564   0.0000055300  -0.0000032017   0.0000023885  -0.0000046694
        0.0002228787  -0.0001867450   0.0001839547   0.0021182921  -0.0011981602
       -0.0013847697  -0.0001069789   0.0000274751   0.0000411301  -0.0001564830
       -0.0001938922   0.0001386842   0.0001144635   0.0000495020  -0.0000783749
        0.0001834810  -0.0000537490   0.0000504018   0.0000025378   0.0000044517
        0.0000410510   0.0001328368   0.0000483654   0.0000392442  -0.0002357982
        0.0002078001   0.0000880999  -0.0000817668  -0.0001504601  -0.0000139872
       -0.0000112146   0.0000193877  -0.0000091846  -0.0108082373   0.0007165665
       -0.0075447884  -0.2667326654  -0.0128852290  -0.0909410021  -0.0005578545
        0.0000445533  -0.0005662498   0.0000702757   0.0001397928   0.0000045087
        0.0011895936   0.0003783027   0.0025227799  -0.0000869571   0.0000829312
        0.0000868770  -0.0000061944  -0.0000745767   0.0000385045  -0.0000619165
        0.0002052851  -0.0002682244  -0.0001086121   0.0000286332  -0.0001233576
        0.0000303521  -0.0000031371   0.0000019541  -0.0002691818  -0.0001762497
       -0.0002717292  -0.0000112615   0.0000204832   0.0000131801   0.0000297583
       -0.0000262858   0.0000190400   0.0000113429  -0.0000337238  -0.0000606376
       -0.0001206458   0.0000859950  -0.0000362496   0.0000092677  -0.0000260292
        0.0000202859  -0.0000069292   0.0000047028  -0.0000204526   0.0000061789
       -0.0000080845   0.0000103241   0.2970755568   0.0154269879   0.1042094102
       -0.0221754137  -0.0021977049  -0.0070717651   0.0000209371  -0.0000754501
        0.0000324052  -0.0002834064  -0.0000384275   0.0003498489   0.0006542859
       -0.0000232694   0.0003843033  -0.0000505219  -0.0001400414   0.0001147849
       -0.0015691687  -0.0000256013  -0.0012025085  -0.0024220848   0.0092104501
        0.0047492242   0.0010754092   0.0004842086   0.0006708231  -0.0001019817
       -0.0000507659  -0.0000751701   0.0000326246   0.0000273999   0.0000004973
        0.0004096357  -0.0001079551   0.0002809511  -0.0003511920   0.0003363946
        0.0000403040   0.0000075362   0.0000453676  -0.0000306491  -0.0001901987
        0.0000788519  -0.0000672546   0.0000223127  -0.0000974954   0.0000349508
        0.0000019038  -0.0000140126  -0.0000093093   0.0083347186  -0.0007508544
        0.0042351261  -0.0130678795  -0.0326485655  -0.0004514069   0.0008723641
        0.0000915891   0.0007497570  -0.0000016572  -0.0000227208  -0.0000473489
        0.0017425463  -0.0045164142  -0.0013720976   0.0001280499  -0.0001345880
        0.0000525777   0.0002376001   0.0003857574  -0.0000034926   0.0001324432
        0.0001098441  -0.0000209351   0.0000001746  -0.0000054580  -0.0000516379
        0.0000137804  -0.0000125064  -0.0000119089  -0.0003078747  -0.0000019316
       -0.0001558571  -0.0001373421   0.0000002270  -0.0000609893  -0.0000166912
        0.0000208027  -0.0000017608   0.0000294781  -0.0000339079   0.0000106449
        0.0000065683   0.0000229984   0.0000268784   0.0000071815   0.0000425712
       -0.0000381533  -0.0000108385   0.0000036634  -0.0000023894  -0.0000098585
       -0.0000042149   0.0000043984   0.0154269879   0.0263416235  -0.0051281819
       -0.0100711197   0.0014807134  -0.0024284508   0.0000081755   0.0000028089
        0.0000193906   0.0005711531   0.0002060048  -0.0007789775  -0.0003206005
       -0.0001107190   0.0004142850  -0.0004821561  -0.0003535655   0.0006486710
       -0.0006309398  -0.0000966897  -0.0006966383  -0.0004939216   0.0049931878
       -0.0027378903   0.0004313816   0.0002229179   0.0003039419   0.0001550754
        0.0001877029  -0.0000393871   0.0000232401   0.0000093830  -0.0000029340
        0.0001697229  -0.0001061826  -0.0001052635  -0.0002670569   0.0002621197
        0.0001678655   0.0000907750   0.0000404311   0.0000123206   0.0001184413
       -0.0000455977   0.0000670343  -0.0000932245  -0.0001118573   0.0000327932
        0.0000023236  -0.0000123041   0.0000269395  -0.0284587309  -0.0003939989
       -0.0151290779  -0.0889090906   0.0000723815  -0.0777206673  -0.0009706956
        0.0000344119  -0.0008266013   0.0000247496   0.0000401780  -0.0000082616
       -0.0014179545  -0.0022279613   0.0002001343   0.0000966645  -0.0000564555
       -0.0000457109   0.0001189458   0.0000742625   0.0000485316  -0.0000957755
       -0.0001069118   0.0000683210   0.0000935015  -0.0000192307   0.0000837045
       -0.0000178717  -0.0000021539   0.0000133368  -0.0001990385   0.0002077746
        0.0000413382  -0.0001020980   0.0000302342  -0.0000326303   0.0000507446
        0.0000005445   0.0000344191  -0.0000133815  -0.0000531982  -0.0000159511
       -0.0000857926   0.0000320729  -0.0000382820   0.0000035046  -0.0000723216
        0.0000300697   0.0000059208   0.0000055573  -0.0000004087  -0.0000082811
       -0.0000142232   0.0000027693   0.1042094102  -0.0051281819   0.0913365109
        0.0151019614   0.0017937002   0.0055898170   0.0000279719  -0.0000432379
        0.0000278680   0.0001773411   0.0001229162  -0.0001888815   0.0010031505
        0.0006311741  -0.0008680221  -0.0001409730  -0.0002704438   0.0003688923
        0.0000983352  -0.0000290492  -0.0000164190   0.0004237130   0.0009629214
       -0.0000631196   0.0002867949   0.0000044909  -0.0000567824  -0.0016031840
       -0.0000239683  -0.0012766920  -0.0000037422   0.0000083343   0.0000287721
       -0.0008881913   0.0004865147  -0.0001002854  -0.0001212849   0.0000681078
       -0.0000163476  -0.0000788626   0.0000410249  -0.0002107291  -0.0000929150
        0.0000623957   0.0000100555  -0.0000133948   0.0000539084   0.0000340512
        0.0000170495  -0.0000249925   0.0000515812   0.0021173428   0.0007841689
        0.0001243847  -0.1799892071  -0.0713992428   0.1159377418  -0.0001520415
       -0.0000307378  -0.0000932758   0.0000057668  -0.0000202293  -0.0000197872
        0.0015032325  -0.0019904946  -0.0011367433   0.0000750045   0.0000789429
        0.0001758564  -0.0000980447   0.0000069655   0.0000412706  -0.0014572587
       -0.0015435322  -0.0001641039  -0.0000072204  -0.0001614684   0.0001647255
       -0.0001089304  -0.0000065291   0.0000707756  -0.0015000851   0.0018724855
       -0.0001505095  -0.0000254181  -0.0000136170  -0.0000072065   0.0000051673
       -0.0000064640   0.0000235566   0.0000079886  -0.0000276083  -0.0000011446
       -0.0000534540  -0.0000924281   0.0000429052  -0.0000511497  -0.0000053837
       -0.0000278641   0.0000094366   0.0000069481   0.0000193012  -0.0000118703
       -0.0000124786  -0.0000011635  -0.0221754137  -0.0100711197   0.0151019614
        0.2030343382   0.0808699051  -0.1285024501  -0.0000165774   0.0000085604
       -0.0000045350   0.0005308009   0.0000623320  -0.0003843718   0.0004511498
        0.0001453463  -0.0000599877  -0.0001178746  -0.0000640094   0.0004665792
        0.0005202906  -0.0000050575   0.0004834074   0.0008753177  -0.0035211666
       -0.0015145671  -0.0004905640  -0.0000851350  -0.0001573385  -0.0009055317
        0.0000382625  -0.0007980800   0.0001189910   0.0000146751   0.0000478269
        0.0007956420  -0.0002508265   0.0003869420   0.0001566493  -0.0001885508
       -0.0000487642   0.0000381096  -0.0000759612  -0.0000315612  -0.0003645362
        0.0002464141  -0.0001358915   0.0000904723  -0.0000319935   0.0000486696
       -0.0000133198  -0.0000064292  -0.0000319896  -0.0074549874  -0.0053314770
        0.0060653635  -0.0711621858  -0.0662332962   0.0624680129  -0.0002108725
       -0.0000414680  -0.0002003314   0.0000528224   0.0000390563  -0.0000678927
       -0.0012542007   0.0108966328   0.0048059806   0.0000400648   0.0000672384
       -0.0000303807  -0.0001417748  -0.0001860789   0.0000333455  -0.0011897696
        0.0000115110  -0.0000669284  -0.0001163279  -0.0001451879   0.0000397670
       -0.0000066753  -0.0000088573  -0.0000051862   0.0022687282  -0.0013579108
       -0.0001781801   0.0000484612  -0.0000226110   0.0000413593  -0.0000422800
       -0.0000178737  -0.0000406813   0.0000370173  -0.0000907532   0.0000575126
       -0.0001111699   0.0000042756   0.0000545342  -0.0000205513   0.0000578197
       -0.0000873145  -0.0000234972   0.0000065287   0.0000007090  -0.0000094672
       -0.0000038397  -0.0000025375  -0.0021977049   0.0014807134   0.0017937002
        0.0808699051   0.0645761809  -0.0736928607  -0.0000134912  -0.0000068372
        0.0000158453  -0.0018510560  -0.0008095318   0.0021485176   0.0003684217
        0.0000664986  -0.0000429580   0.0012990702   0.0009150361  -0.0013580498
        0.0001779049   0.0002229357  -0.0000883507   0.0009281629  -0.0014918869
        0.0005817971  -0.0004336866  -0.0001265841  -0.0004524361  -0.0001208253
        0.0000476240  -0.0001334690  -0.0002158092  -0.0000641214   0.0001678082
       -0.0001527598   0.0002278437  -0.0002231636   0.0000805689  -0.0000864363
        0.0000175002  -0.0000546244  -0.0000097598  -0.0000628867   0.0004269535
       -0.0003811444  -0.0000003524  -0.0000266152   0.0000584424   0.0000165784
        0.0000260791  -0.0000246265   0.0000341000   0.0224539768   0.0107875317
       -0.0208847426   0.1136650050   0.0614512852  -0.1385832015   0.0002139878
       -0.0000518278   0.0002846150  -0.0000985735  -0.0001076042   0.0000779791
       -0.0020661649   0.0055661462  -0.0030097689   0.0001337018  -0.0001768251
       -0.0003397643   0.0001593232  -0.0000653152   0.0000584622  -0.0008495996
       -0.0007072842   0.0011031873   0.0001393097  -0.0000117131   0.0001689521
        0.0000616131  -0.0000076593   0.0000050893  -0.0001211711   0.0003984850
        0.0010868184   0.0000647713  -0.0000048825   0.0000168113   0.0000335183
        0.0000155533  -0.0000013622  -0.0000155954   0.0000315243   0.0000185992
        0.0000834000   0.0000511034  -0.0001347924   0.0000924239  -0.0001196718
        0.0001201934   0.0000257262   0.0000078046   0.0000245938   0.0000002618
       -0.0000049915  -0.0000001909  -0.0070717651  -0.0024284508   0.0055898170
       -0.1285024501  -0.0736928607   0.1558423692   0.0000436814   0.0000256940
       -0.0000140447  -0.0000421172   0.0000785926   0.0001085880  -0.0004345947
       -0.0000887326   0.0000676545   0.0013959826   0.0006818123  -0.0014629878
        0.0006687185   0.0000302659  -0.0000005253  -0.0002151265  -0.0002005978
       -0.0000557292   0.0000337092  -0.0000690345   0.0000340607  -0.0000329981
        0.0000164814  -0.0000076359  -0.0000557454   0.0000245664   0.0000928892
       -0.0000709968  -0.0002685352  -0.0001199869   0.0007046593  -0.0015997447
       -0.0000082654   0.0001562299   0.0002001779   0.0003108115  -0.0004337629
       -0.0004375969   0.0002591661  -0.0203322534   0.0074011480  -0.0095965492
       -0.0001552483   0.0000454018  -0.0000369059   0.0000055300  -0.0000680229
       -0.0000697079   0.0000027530   0.0000525544   0.0000414199  -0.0000228908
        0.0000962273   0.0000247299  -0.2237985262   0.0354379816  -0.1971709322
        0.0000013648   0.0000203727   0.0000647516  -0.0000056893  -0.0000360568
       -0.0000000067   0.0000302351  -0.0000100550  -0.0000098918  -0.0000032609
       -0.0000192342   0.0000127503   0.0000082642  -0.0000137757   0.0000180153
       -0.0000189203  -0.0000465514   0.0000339340  -0.0000148407  -0.0000775163
        0.0001163250  -0.0000320990   0.0005446556  -0.0003715480   0.0000740147
        0.0002619319   0.0001131979   0.0007450545   0.0007042637  -0.0003204571
       -0.0027595956   0.0043317511   0.0011323273   0.0000777200   0.0003781681
       -0.0011760981  -0.0000179018  -0.0000166837  -0.0000095404   0.0000623660
       -0.0000482370  -0.0000439226   0.0000209371   0.0000081755   0.0000279719
       -0.0000165774  -0.0000134912   0.0000436814   0.2454300843  -0.0467294806
        0.2067281033  -0.0000217015   0.0000371411  -0.0000027412   0.0000590773
        0.0000029182   0.0000279896  -0.0000725829   0.0000604314  -0.0000816809
        0.0006072011   0.0004486041   0.0007588853   0.0000110397   0.0000624847
       -0.0001229162  -0.0000351056  -0.0000197143  -0.0000632329   0.0000266862
       -0.0000485769   0.0000524479   0.0000035092  -0.0000155220   0.0001137522
        0.0002952860  -0.0004037666   0.0004965795   0.0012831799  -0.0001055567
       -0.0002951070  -0.0004792800  -0.0001823972   0.0003391606  -0.0001112548
        0.0000791396  -0.0005833662   0.0226789457  -0.0054954548   0.0202211840
        0.0000385874   0.0001179363  -0.0000853100   0.0002497141   0.0000629320
        0.0000780648  -0.0000639348   0.0000149199  -0.0000460364   0.0000757426
        0.0000002803   0.0000634913   0.0212727595  -0.0297669216  -0.0041530818
       -0.0000492340  -0.0000802012  -0.0000643615  -0.0000605047   0.0000968441
       -0.0000094847   0.0000174598  -0.0000550958  -0.0000172682  -0.0000363696
        0.0000079416  -0.0000339888   0.0000278317   0.0000457856   0.0000108771
        0.0000532713   0.0000398240  -0.0000706177  -0.0000254565  -0.0000203045
       -0.0001091824  -0.0022691255  -0.0005296720  -0.0008504283  -0.0000849147
       -0.0000023329  -0.0000885157  -0.0000435192   0.0004512322   0.0012894734
        0.0034880619  -0.0032993320  -0.0011254674  -0.0001392701   0.0008023966
       -0.0001637437  -0.0000333530   0.0000069130   0.0000078680   0.0001315862
        0.0000495172  -0.0000525021  -0.0000754501   0.0000028089  -0.0000432379
        0.0000085604  -0.0000068372   0.0000256940  -0.0467294806   0.0377082649
       -0.0155113629   0.0000078923  -0.0000022061   0.0000110358  -0.0000797040
        0.0000155028  -0.0000303241   0.0000386422   0.0000205642   0.0000510220
       -0.0004918714  -0.0001653937  -0.0000501154  -0.0001037968  -0.0000121777
        0.0000116982   0.0000340988  -0.0000190026   0.0000088151  -0.0000287152
        0.0000041387  -0.0000436841  -0.0000520940  -0.0000505412  -0.0000903991
       -0.0006520894   0.0005358703  -0.0002750606   0.0003904477  -0.0005023682
       -0.0005116898   0.0001973162   0.0003107016   0.0001615385   0.0010260623
       -0.0003518189   0.0006833375   0.0056387488   0.0034967702   0.0067158476
       -0.0000395900  -0.0000545172  -0.0000588191  -0.0000980524  -0.0001118561
        0.0000230090   0.0000226761  -0.0000014000  -0.0000385508   0.0000537789
       -0.0000363320  -0.0000639036  -0.2137663453   0.0133010047  -0.2191547382
        0.0000844821  -0.0000233214  -0.0000368444   0.0000257797  -0.0000349610
       -0.0000065838   0.0000107706   0.0000053841   0.0000126824   0.0000136008
       -0.0000237554   0.0000110731   0.0000208349  -0.0000376707  -0.0000037360
        0.0000302009   0.0000256388  -0.0000123386   0.0001759612  -0.0001333246
        0.0001349102  -0.0000687627   0.0006324878   0.0012164245   0.0000966729
       -0.0003390126  -0.0001749578  -0.0017782349   0.0004272848  -0.0021276228
        0.0008168058  -0.0009477110   0.0015831050   0.0016592374  -0.0004514375
        0.0020868201  -0.0000488470  -0.0000199758   0.0000038364   0.0000220754
       -0.0000192822  -0.0000336486   0.0000324052   0.0000193906   0.0000278680
       -0.0000045350   0.0000158453  -0.0000140447   0.2067281033  -0.0155113629
        0.2100342605  -0.0000005097   0.0000139543   0.0000054983   0.0000243066
        0.0000144025   0.0000055775   0.0000290781   0.0000443488  -0.0000295646
        0.0002268620   0.0000114617  -0.0000136101   0.0001876758  -0.0003024057
        0.0009829381   0.0000184641   0.0001039994  -0.0001093269   0.0000178411
       -0.0000221232  -0.0000122305  -0.0000092947  -0.0000067172  -0.0000280195
       -0.0000611002   0.0000299744   0.0000626420   0.0000010047  -0.0000066841
       -0.0000114749  -0.0000279213  -0.0000180299   0.0000303335   0.0000381126
       -0.0000601510  -0.0001122867  -0.0000898370   0.0001653266   0.0001001281
        0.0000078333  -0.0000066367  -0.0000207422  -0.0051320054   0.0132330088
        0.0203279760  -0.0020130997  -0.0001326110   0.0009217047  -0.0011041437
        0.0003729591  -0.0003911163   0.0000673913  -0.0001282702  -0.0000738719
       -0.0459230460   0.0202588434   0.0202874375   0.0000078072  -0.0001566093
        0.0001691959  -0.0000835627  -0.0000274231  -0.0000426039   0.0000451257
        0.0000423674  -0.0000626265   0.0000121812   0.0000074528  -0.0000401617
        0.0000375186  -0.0000069920  -0.0000162958   0.0000541728  -0.0000185225
       -0.0000728256   0.0000478057  -0.0000242070   0.0000073249  -0.0000294199
        0.0000089357  -0.0000321190   0.0000138866  -0.0000061840   0.0000220061
       -0.0000746884  -0.0000715799  -0.0000471517   0.0000020609   0.0000598458
        0.0000097647  -0.0000020849   0.0000035120  -0.0000012303   0.0000144186
        0.0000134379   0.0000010325  -0.0002834064   0.0005711531   0.0001773411
        0.0005308009  -0.0018510560  -0.0000421172  -0.0000217015   0.0000078923
       -0.0000005097   0.0520465183  -0.0208845678  -0.0254912588   0.0013108572
       -0.0179776411  -0.0215236665   0.0001669732   0.0068182414   0.0050454205
        0.0000418080  -0.0000350211   0.0000647433  -0.0002601866   0.0001562287
        0.0000507016  -0.0000355991   0.0000459277   0.0000700328  -0.0000116808
       -0.0000542864   0.0000496086   0.0000283526  -0.0000090445  -0.0000050871
       -0.0000843273   0.0000342031   0.0000082529   0.0000174197   0.0000254174
       -0.0000142788  -0.0000074654   0.0000133662  -0.0000213175   0.0000000855
       -0.0000109206   0.0000343522   0.0001810114  -0.0000401563  -0.0002399221
       -0.0000041966  -0.0000028013   0.0000078489  -0.0008714123   0.0064167562
        0.0053040859  -0.0007794550  -0.0002411996   0.0008696968   0.0006866013
        0.0001372578   0.0002634472   0.0000251990   0.0000263125   0.0000531539
        0.0183114174  -0.1403658273  -0.1149447219  -0.0000552540  -0.0000151692
        0.0000649541   0.0000182465  -0.0000074259   0.0000233074   0.0000030306
        0.0000028722  -0.0000027906  -0.0000147819   0.0000080077   0.0000068722
        0.0000048006  -0.0000082869  -0.0000025586   0.0000057006  -0.0000177766
        0.0000141754  -0.0000191662  -0.0000064435   0.0000014435   0.0000324352
        0.0000116646   0.0000409043  -0.0000231704   0.0000188750  -0.0000062860
       -0.0000340925   0.0000034220   0.0002566574  -0.0000868336  -0.0001033775
       -0.0001434505   0.0000086321  -0.0000023908   0.0000088849  -0.0000020299
       -0.0000040188  -0.0000011660  -0.0000384275   0.0002060048   0.0001229162
        0.0000623320  -0.0008095318   0.0000785926   0.0000371411  -0.0000022061
        0.0000139543  -0.0208845678   0.1629626193   0.1338362644  -0.0007470263
       -0.0019490758  -0.0034057751   0.0044954596  -0.0263839754  -0.0224574963
       -0.0000864111  -0.0000875371   0.0000426250  -0.0009302559   0.0001979395
        0.0000926677  -0.0001045678  -0.0002440697   0.0000227550   0.0000002992
        0.0000499039   0.0000597091   0.0000117164   0.0000077069   0.0000328858
       -0.0000245580   0.0000044910  -0.0000031395  -0.0000212668   0.0000449320
        0.0000161914  -0.0000106907  -0.0000161977  -0.0000015803   0.0000154743
        0.0000420532   0.0000547471  -0.0001823344  -0.0000074749   0.0000018102
       -0.0000038421   0.0000073688   0.0000127096   0.0085650509  -0.0090801818
       -0.0216189601   0.0027284189   0.0000049516  -0.0002739567  -0.0000319496
       -0.0001127500   0.0005476367  -0.0000176825   0.0000490807   0.0000349707
        0.0181295096  -0.1180401139  -0.1706140794   0.0000829624   0.0002344190
       -0.0000973889  -0.0000148017   0.0000022976   0.0000253180  -0.0000477769
       -0.0000429947  -0.0000126672   0.0000147920   0.0000187752   0.0000245358
       -0.0000235330   0.0000132042  -0.0000065656  -0.0000687310   0.0000098517
        0.0000365175  -0.0000284115   0.0000061528  -0.0000169075   0.0000182796
        0.0000001901   0.0000359645  -0.0000476757   0.0000036983   0.0000068350
       -0.0000022472   0.0000808489  -0.0000842149   0.0001074435  -0.0000843262
        0.0000604050   0.0000005617  -0.0000069088   0.0000043990   0.0000014049
        0.0000007089  -0.0000080426   0.0003498489  -0.0007789775  -0.0001888815
       -0.0003843718   0.0021485176   0.0001085880  -0.0000027412   0.0000110358
        0.0000054983  -0.0254912588   0.1338362644   0.2002095775  -0.0011710666
       -0.0141073177  -0.0164825389  -0.0013295878   0.0058344580   0.0079725760
       -0.0004071458  -0.0002927038  -0.0002195527  -0.0036654500  -0.0019645382
        0.0025256426  -0.0009390197   0.0000908816  -0.0002391980  -0.0000674619
       -0.0000730249  -0.0000726819   0.0000533968   0.0000127359  -0.0000177465
       -0.0000277180   0.0000464856  -0.0002263057  -0.0000869991   0.0001490799
        0.0000946542   0.0001244906   0.0000573114  -0.0000081889   0.0000039643
       -0.0000119119   0.0001320945  -0.0000474970  -0.0001043487  -0.0001647777
       -0.0000076383   0.0000014496   0.0000201002  -0.0255306916  -0.0026221254
       -0.0104683631   0.0009665284   0.0008064416  -0.0015418435  -0.0000261035
       -0.0001002902   0.0006115357   0.0000237773   0.0000898123   0.0001022914
       -0.2150840570  -0.0094531423  -0.1089964714   0.0000135733   0.0000636594
       -0.0000297994  -0.0000362726  -0.0001699113  -0.0000077439  -0.0000130476
       -0.0000061979   0.0000182683  -0.0000276609  -0.0000240324   0.0000459904
       -0.0000060327  -0.0000025207   0.0000224689  -0.0000375921  -0.0000150835
        0.0000265341  -0.0000467600   0.0000163366  -0.0000237825   0.0000654629
       -0.0000151324   0.0000558407   0.0000050443  -0.0000057384  -0.0000745075
       -0.0002117175   0.0001309921   0.0000382022   0.0000007867  -0.0000987179
        0.0000916303   0.0000142972   0.0000032851  -0.0000012384  -0.0000026366
       -0.0000134986   0.0000082190   0.0006542859  -0.0003206005   0.0010031505
        0.0004511498   0.0003684217  -0.0004345947   0.0000590773  -0.0000797040
        0.0000243066   0.0013108572  -0.0007470263  -0.0011710666   0.2506747703
        0.0124208284   0.1258351145  -0.0081499604   0.0018625279  -0.0069581816
       -0.0004716789  -0.0001055660  -0.0000631553  -0.0016084485   0.0009653776
        0.0011232119  -0.0000114688   0.0000771302  -0.0000602954  -0.0000220283
        0.0000169418   0.0000128545   0.0000088872   0.0000126791   0.0000021020
        0.0000156031   0.0000434401  -0.0000387948  -0.0000684824   0.0000796483
        0.0000375115   0.0000182239   0.0000072343  -0.0000225136  -0.0000235390
       -0.0000284424   0.0000153442   0.0002282670  -0.0001549135   0.0000350198
        0.0000036784  -0.0000003093   0.0000007077  -0.0076022965  -0.0003302184
       -0.0043629534  -0.0004801771  -0.0001479843  -0.0004253547  -0.0000326438
       -0.0001333165   0.0001068964   0.0000370999  -0.0000312647  -0.0001110103
       -0.0094868099  -0.0456181338  -0.0058923808   0.0000241574   0.0000199950
       -0.0000540709   0.0000393998  -0.0000053082   0.0000033999  -0.0000049482
        0.0000078030  -0.0000014121   0.0000090538   0.0000010124  -0.0000041417
        0.0000008665  -0.0000054340  -0.0000003787  -0.0000028879   0.0000003652
       -0.0000100127  -0.0000381096   0.0000086334  -0.0000099499   0.0000019076
       -0.0000253293  -0.0000100972   0.0000236516   0.0000116349  -0.0000121140
        0.0000828557  -0.0000026497   0.0001016744  -0.0001547989   0.0001046828
       -0.0001195521   0.0000012830   0.0000006875   0.0000007239  -0.0000011298
       -0.0000021634   0.0000005564  -0.0000232694  -0.0001107190   0.0006311741
        0.0001453463   0.0000664986  -0.0000887326   0.0000029182   0.0000155028
        0.0000144025  -0.0179776411  -0.0019490758  -0.0141073177   0.0124208284
        0.0478664782   0.0059887688   0.0249463301  -0.0006549173   0.0173198900
        0.0001442210  -0.0000120677   0.0001345756   0.0021199334   0.0012024385
       -0.0010640191   0.0004508166   0.0001321303   0.0003157411   0.0000069604
        0.0000050948  -0.0000099379   0.0000029851   0.0000024551  -0.0000041674
        0.0000290054  -0.0000097554  -0.0000538288   0.0000463443  -0.0000683080
        0.0000080919   0.0000226187   0.0000258766  -0.0000061295  -0.0000494592
        0.0000478593   0.0000842778   0.0000276943  -0.0000690180  -0.0000665621
        0.0000025180  -0.0000029113   0.0000100284   0.0118176173   0.0007314473
        0.0078085268   0.0023290145   0.0000886947   0.0006034304   0.0000983250
        0.0000038290   0.0001499185  -0.0000821441   0.0001240098   0.0000942429
       -0.1093818661  -0.0063415630  -0.1127927441  -0.0000126861  -0.0000303169
       -0.0000357008   0.0001148953   0.0001050864   0.0000365473  -0.0000104019
       -0.0000103274   0.0000425163  -0.0000156929  -0.0000187311   0.0000027429
       -0.0000171023  -0.0000039958   0.0000172185  -0.0000159702   0.0000109854
        0.0000550591   0.0000064699   0.0000081509   0.0000064927   0.0000249056
        0.0000067471   0.0000093429   0.0000062638  -0.0000143192  -0.0000239391
       -0.0000709389   0.0000438640  -0.0000016657   0.0000469272  -0.0000938840
        0.0000406636  -0.0000043118   0.0000025634  -0.0000066836  -0.0000147948
       -0.0000135999   0.0000055300   0.0003843033   0.0004142850  -0.0008680221
       -0.0000599877  -0.0000429580   0.0000676545   0.0000279896  -0.0000303241
        0.0000055775  -0.0215236665  -0.0034057751  -0.0164825389   0.1258351145
        0.0059887688   0.1300886162  -0.0122859006   0.0012235684  -0.0081708560
       -0.0001160116  -0.0002046048   0.0000080334   0.0002305303  -0.0001540403
        0.0006354566   0.0000873272   0.0000268606  -0.0000453006  -0.0000242271
       -0.0000028456   0.0000105191   0.0000300832   0.0000301354  -0.0000455787
        0.0000692841   0.0000473520   0.0001774062  -0.0000085617   0.0000782085
       -0.0000508304  -0.0000153942  -0.0000462890   0.0000267779   0.0000236796
        0.0000325147  -0.0001379665  -0.0009897357   0.0004476397   0.0009532902
        0.0000226148   0.0000316646  -0.0000223893   0.0039185002  -0.0204412243
        0.0092273977  -0.0021432280  -0.0013409285   0.0017649541  -0.0003261888
       -0.0004899474  -0.0003280402   0.0003988259  -0.0003314373  -0.0003744307
       -0.0520053084   0.0416320654  -0.0206689968   0.0000128811   0.0000847574
        0.0000023476   0.0000174890   0.0000590321  -0.0000048246   0.0000371462
        0.0000312082  -0.0000506991   0.0000305357   0.0000253944  -0.0000204886
        0.0000487841   0.0000225037  -0.0000175046   0.0000247277  -0.0000434613
       -0.0000730750  -0.0000059190   0.0000116410   0.0000105725  -0.0000132692
       -0.0000384722  -0.0000471220  -0.0000527321  -0.0000182102   0.0001133820
       -0.0002491427   0.0003198848   0.0007466177  -0.0009567369   0.0008796625
       -0.0007368198  -0.0000007979  -0.0000021638   0.0000018824   0.0000269477
        0.0000203711  -0.0000032017  -0.0000505219  -0.0004821561  -0.0001409730
       -0.0001178746   0.0012990702   0.0013959826  -0.0000725829   0.0000386422
        0.0000290781   0.0001669732   0.0044954596  -0.0013295878  -0.0081499604
        0.0249463301  -0.0122859006   0.0601518631  -0.0509646176   0.0212800318
       -0.0003121865  -0.0001407886   0.0001017701   0.0004821276   0.0005175940
        0.0003580132   0.0001875808   0.0000536766  -0.0001331859   0.0000089388
        0.0000665629  -0.0000352214  -0.0000250068   0.0000251017   0.0000089937
        0.0000342309  -0.0000188624   0.0000079077   0.0000100711   0.0000093740
        0.0000111523  -0.0000154665  -0.0000217484   0.0000072986  -0.0000303535
       -0.0000274990  -0.0000469958   0.0006705864  -0.0003638822  -0.0003462308
        0.0000200104   0.0000156927  -0.0000067856  -0.0010265306  -0.0103689637
        0.0083094212  -0.0015203476  -0.0007413006   0.0003013007  -0.0008020859
       -0.0003898717  -0.0006162690   0.0002423098  -0.0001657972  -0.0000985818
        0.0434383953  -0.2351260018   0.0834639754   0.0000832592   0.0000690901
        0.0000186156  -0.0000174355   0.0000364863  -0.0000480859   0.0000486216
        0.0000117266  -0.0000426516   0.0000365349   0.0000014041  -0.0000359383
        0.0000164274   0.0000004114   0.0000022317   0.0000230716  -0.0000682581
       -0.0000068463   0.0000157876   0.0000062474   0.0000016932  -0.0000404205
       -0.0000383023  -0.0000638492   0.0000253025   0.0000357973   0.0000067431
        0.0003200043   0.0001490974  -0.0001327754   0.0005512050   0.0001922862
       -0.0000616485  -0.0000071027   0.0000020608  -0.0000143393   0.0000099381
        0.0000076505   0.0000023885  -0.0001400414  -0.0003535655  -0.0002704438
       -0.0000640094   0.0009150361   0.0006818123   0.0000604314   0.0000205642
        0.0000443488   0.0068182414  -0.0263839754   0.0058344580   0.0018625279
       -0.0006549173   0.0012235684  -0.0509646176   0.2727278737  -0.0984258436
        0.0000544541   0.0002309761  -0.0001267890  -0.0007434341  -0.0004641282
        0.0002800103  -0.0000526628   0.0000029019   0.0000361794  -0.0000099022
        0.0000070706   0.0000273570  -0.0000138070  -0.0000109648   0.0000176566
        0.0000005763   0.0000066025  -0.0000106287  -0.0000610638  -0.0000548637
        0.0000487955  -0.0000315413  -0.0000184028  -0.0000126095   0.0000209049
       -0.0000698645  -0.0000035492   0.0001247961   0.0000373074   0.0004413044
       -0.0000066019  -0.0000180697   0.0000011150   0.0002899196   0.0190291136
       -0.0120267325   0.0027604363   0.0014105393  -0.0008257112  -0.0003166357
       -0.0002060631   0.0002684281  -0.0002866641  -0.0000168957  -0.0000710628
       -0.0221027850   0.0848294470  -0.0752003358  -0.0000027636  -0.0000257876
       -0.0000521029  -0.0000049835  -0.0000458752   0.0000071899  -0.0000462640
       -0.0000095432   0.0000043618  -0.0000118736  -0.0000087912   0.0000112608
       -0.0000246539  -0.0000103351  -0.0000118480  -0.0000350961   0.0000820147
       -0.0000329352   0.0000060758  -0.0000086469  -0.0000010593  -0.0000234182
       -0.0000024898  -0.0000134679   0.0000620827   0.0000035799  -0.0000414055
        0.0006213713  -0.0004565171  -0.0009769580  -0.0000190536   0.0000121630
        0.0005490694  -0.0000067739   0.0000002154   0.0000005190  -0.0000075929
       -0.0000028860  -0.0000046694   0.0001147849   0.0006486710   0.0003688923
        0.0004665792  -0.0013580498  -0.0014629878  -0.0000816809   0.0000510220
       -0.0000295646   0.0050454205  -0.0224574963   0.0079725760  -0.0069581816
        0.0173198900  -0.0081708560   0.0212800318  -0.0984258436   0.0890405575
