$hessian                                                                        
        0.4820549400   0.0268094494  -0.0147540283  -0.0928120963   0.0438471638
        0.0229493553   0.0064557021  -0.0033854168  -0.0023350221   0.0004697395
        0.0003189159   0.0002685662  -0.0139879428  -0.0116770471   0.0122589133
       -0.0707741078  -0.0078188139   0.0264777496  -0.1296130715  -0.0005914540
       -0.0494871146  -0.0252532544  -0.0113492533  -0.0040414615  -0.0127716851
        0.0052454096   0.0206082126  -0.0879352009  -0.0533160107   0.0029478695
       -0.0018298731  -0.0020839833   0.0014869773  -0.0231700486   0.0156775730
       -0.0009497442  -0.0002073325  -0.0004723644   0.0024568861  -0.0079792952
        0.0083742635   0.0071154853   0.0093527741   0.0179447808  -0.0008840173
       -0.0012950499   0.0000744592  -0.0008760693  -0.0005729330  -0.0026216227
       -0.0000663519  -0.0001338464  -0.0005319642  -0.0002228414   0.0000221212
       -0.0001575678   0.0000486264   0.0000612430  -0.0000002301  -0.0000619992
       -0.0021655109  -0.0028279557  -0.0005928399   0.0063138906   0.0058977840
       -0.0169463456  -0.0159218683   0.0024556358  -0.0099758526   0.0035392439
        0.0003862312   0.0015456401   0.0010617787  -0.0001051809   0.0011233244
       -0.0129476672  -0.0198102965  -0.0012379940  -0.0075926235  -0.0115708062
        0.0035881198   0.0002205318  -0.0000604049   0.0002209257  -0.0006224347
       -0.0004672624  -0.0002765079   0.0002647740  -0.0015357997  -0.0007717705
        0.0000449950   0.0004838683   0.0002420884  -0.0020307023   0.0036475607
        0.0000496542  -0.0003577024  -0.0004700917   0.0000848981  -0.0001112837
       -0.0003599349   0.0000812617   0.0002237969   0.0000503660  -0.0000745939
        0.0268094494   0.4774757917  -0.0065442961   0.0393912107  -0.1047481841
       -0.0221972543   0.0120503580  -0.0269347613  -0.0063446755   0.0014994977
        0.0024731135  -0.0006232456  -0.0185576294  -0.0120898342   0.0172154652
       -0.0098647950  -0.0641203608   0.0273876522  -0.0004497307  -0.0619264716
       -0.0021134044  -0.0194806904  -0.0039662994  -0.0050344488   0.0152153811
       -0.0034993283  -0.0251753765  -0.0468721866  -0.1420867305   0.0064052649
       -0.0019952683  -0.0019947716   0.0019582970   0.0078697180   0.0000054615
        0.0049323865  -0.0004338629   0.0004076564  -0.0015205241   0.0015917129
       -0.0001883488  -0.0016472161  -0.0042226277  -0.0318951660  -0.0011768414
       -0.0006129451  -0.0009333502  -0.0004019078  -0.0016449155  -0.0048746799
       -0.0003886247  -0.0000812883  -0.0000542037  -0.0002101895  -0.0000292245
       -0.0001342315   0.0001018322   0.0002671683   0.0001417470  -0.0003082810
       -0.0035083519  -0.0038477861  -0.0004652590  -0.0025587024  -0.0012379009
        0.0057137196   0.0210158428   0.0001641179   0.0140776998  -0.0056017248
       -0.0004634550  -0.0042287072   0.0012253887   0.0009060169  -0.0019224010
       -0.0061159376  -0.0056528432  -0.0014969317  -0.0056203786  -0.0063756146
        0.0037538727   0.0000485997  -0.0000403234   0.0000593280  -0.0008566500
       -0.0005591989  -0.0001633173  -0.0002029293  -0.0000070282  -0.0001080535
       -0.0000449625  -0.0000240094   0.0002329951   0.0023028140  -0.0036199914
        0.0001230556  -0.0002978214  -0.0001026587  -0.0000335793  -0.0002474798
       -0.0001655573   0.0002388441   0.0000129614  -0.0000308161  -0.0000958782
       -0.0147540283  -0.0065442961   0.4467783898   0.0151188049  -0.0161236411
       -0.0679405669  -0.0008545726  -0.0002117544   0.0013710037  -0.0001042154
        0.0001078089   0.0000274415   0.0080552440   0.0084435111  -0.0027212589
        0.0328558290   0.0226679833  -0.1469704867  -0.0505236050  -0.0023304409
       -0.1006112028  -0.0000221217  -0.0048623111   0.0054745951   0.0114071731
       -0.0055929422  -0.0151326683   0.0024377127   0.0082262543  -0.0655987812
        0.0009234551   0.0016143730  -0.0012095506  -0.0066239985   0.0095853245
        0.0055115126  -0.0004875926  -0.0000022501  -0.0008877264   0.0201214722
       -0.0208137655  -0.0147651962  -0.0018628308  -0.0044387901   0.0013953624
       -0.0004827032  -0.0001703389  -0.0002585760  -0.0000988883   0.0008212627
        0.0000016130  -0.0001742118  -0.0001503068  -0.0002204779   0.0000454327
        0.0000987075  -0.0000720021  -0.0000260717  -0.0002134884  -0.0000352769
       -0.0006120533   0.0004737700  -0.0004702015   0.0052876603   0.0072039375
       -0.0211106623  -0.0029072209   0.0011285419  -0.0006983451  -0.0215977330
       -0.0028692744  -0.0182334066   0.0001598882   0.0001172260   0.0012339368
       -0.0120808888  -0.0182180760   0.0004293580   0.0160267686   0.0233043971
       -0.0050104062   0.0000474636  -0.0000916667  -0.0002116521   0.0002867692
        0.0007158093   0.0002821187   0.0002249628  -0.0012531277  -0.0008380098
       -0.0000668972   0.0005530084  -0.0000148957   0.0005007107  -0.0012616811
        0.0004825632  -0.0002371802  -0.0000828803   0.0001082904   0.0000173836
        0.0001209311  -0.0001239119   0.0000000825   0.0000481851   0.0000390768
       -0.0928120963   0.0393912107   0.0151188049   0.4521034855   0.0174946530
       -0.0048157300  -0.0804470654  -0.0418458405  -0.0013807878  -0.0097032699
       -0.0140964765   0.0037115268   0.0014209026  -0.0005171132  -0.0010980648
       -0.0083804118   0.0073117069   0.0076237248  -0.0225915957   0.0181070037
        0.0007655951   0.0002092189   0.0004854889  -0.0003451551  -0.0011962375
        0.0000698332   0.0018661560   0.0051259205  -0.0020357676  -0.0015487376
       -0.0001509719  -0.0002489388  -0.0000222395  -0.1534299925  -0.0044536024
       -0.0415523897  -0.0075541726   0.0039392894  -0.0142873415  -0.0492654071
       -0.0076266625   0.0444879906  -0.0000328272  -0.0035887048  -0.0001258307
       -0.0257702495  -0.0036794013  -0.0075414161   0.0069516864   0.0159767487
       -0.0003255465  -0.0097837036  -0.0189200798  -0.0023440166   0.0000809374
        0.0000361411  -0.0000528348  -0.0018296967  -0.0010782905   0.0030236314
        0.0002240918  -0.0000107480  -0.0000789083  -0.0001485124   0.0002950102
       -0.0009171732  -0.0042471046   0.0001062189  -0.0018914519   0.0010270005
        0.0005193067   0.0012923881  -0.0000678724  -0.0001692685   0.0001047169
        0.0001021315  -0.0004913585  -0.0001952118   0.0004187812  -0.0010150698
       -0.0001402668   0.0000268859   0.0000396337   0.0000156903   0.0000269978
       -0.0000929875  -0.0000087860   0.0022679559  -0.0027079243  -0.0006818385
        0.0003159380   0.0009720812   0.0010533948   0.0003029970  -0.0006056457
        0.0000223122  -0.0036259595  -0.0018297821   0.0019014260   0.0002443463
        0.0004828928  -0.0007235080   0.0001878696  -0.0002135571  -0.0009101229
        0.0438471638  -0.1047481841  -0.0161236411   0.0174946530   0.4213558722
       -0.0205576415  -0.0437364949  -0.1496610028  -0.0006072067  -0.0069592627
       -0.0062004628   0.0061901905   0.0008271296  -0.0000155800  -0.0004537750
        0.0022039244   0.0003486987  -0.0050876631   0.0059302753  -0.0021183181
        0.0013888112  -0.0002556353  -0.0003286179  -0.0001319711  -0.0009460271
        0.0013626177   0.0014869772   0.0140667496  -0.0249844501  -0.0056802784
        0.0000562422   0.0000125613   0.0000310379  -0.0061160478  -0.0582389642
       -0.0015321945   0.0085077302  -0.0013847647   0.0046125314  -0.0074977732
       -0.0457146888   0.0349201372  -0.0022077689  -0.0054481838  -0.0003330707
       -0.0098044820   0.0017348077  -0.0024727093  -0.0082459693  -0.0252101686
       -0.0000799205  -0.0063948426  -0.0085834569  -0.0005265189  -0.0001813735
        0.0000461997   0.0002133716   0.0002282493   0.0006224114   0.0007793198
        0.0000182460  -0.0000700558   0.0000337831   0.0001558684   0.0003334635
        0.0006294251   0.0003163467   0.0003587992  -0.0001830150  -0.0004411201
        0.0001683698  -0.0007427557  -0.0000423241  -0.0002964943   0.0001438827
        0.0003659731   0.0005567545  -0.0001112348   0.0011256317   0.0004185705
       -0.0007620395  -0.0000144193   0.0000246474  -0.0000289825  -0.0000391320
        0.0000351587   0.0000276063  -0.0014474591   0.0085165714   0.0056551703
        0.0011191777  -0.0032963398  -0.0016908823   0.0008645166  -0.0009655749
        0.0000120539  -0.0023188119   0.0006953502   0.0012977391  -0.0001318570
        0.0005618241  -0.0004762664  -0.0003470769   0.0001126296   0.0001597298
        0.0229493553  -0.0221972543  -0.0679405669  -0.0048157300  -0.0205576415
        0.5094840535   0.0040011134   0.0081016477  -0.0663827627   0.0106041412
        0.0189487101  -0.0007058648  -0.0013007669  -0.0000944781   0.0014721594
        0.0161470701  -0.0162798763  -0.0086100225  -0.0106678434   0.0098866338
        0.0015123366   0.0001460855   0.0003578869  -0.0002225079   0.0044746236
       -0.0011728280  -0.0062512180   0.0002574474  -0.0017597386   0.0000986799
       -0.0000310075  -0.0001296545   0.0000100709  -0.0578364409  -0.0006635265
       -0.0953553855  -0.0258324353   0.0014217620  -0.0182728038   0.0452762332
        0.0346865052  -0.2459929479  -0.0002406287   0.0014168671   0.0002717921
        0.0075680197   0.0001153741   0.0036432790  -0.0004151533  -0.0002906975
        0.0009013116  -0.0101322984  -0.0209432860  -0.0019732670  -0.0000459318
        0.0001801737  -0.0001427481   0.0030588108   0.0014095368  -0.0029263355
       -0.0002882182   0.0000455910   0.0000115946  -0.0000198674  -0.0009388644
        0.0003469612  -0.0034187133   0.0001902493  -0.0015585160  -0.0015513883
        0.0009658460   0.0006439770   0.0000129616   0.0004335248  -0.0002629567
        0.0000425939   0.0000341501  -0.0000620596  -0.0001194325   0.0013480528
        0.0004836899  -0.0000347638   0.0000076724  -0.0000208294  -0.0000570817
       -0.0000553196  -0.0000158490  -0.0015324430   0.0054130836  -0.0021149450
        0.0000320279  -0.0017319724   0.0003900456  -0.0001199280   0.0001544639
        0.0000342536   0.0023456076   0.0012297080  -0.0008509994   0.0005765883
        0.0003906878   0.0002810882   0.0009673926   0.0000770107   0.0000772925
        0.0064557021   0.0120503580  -0.0008545726  -0.0804470654  -0.0437364949
        0.0040011134   0.5047966153  -0.0378691305   0.0280540367  -0.1104195584
       -0.0121004155   0.0568701907  -0.0168285117   0.0038366328   0.0157595500
        0.0005519394  -0.0012034487  -0.0008268667   0.0001221348  -0.0000271210
        0.0001337540  -0.0009039955   0.0005838321   0.0007983837   0.0000629437
        0.0001109531  -0.0000569804  -0.0018304562   0.0019765461   0.0008425060
        0.0001600557   0.0000454652   0.0001433739  -0.0170416179  -0.0198067953
       -0.0038114803   0.0000402467  -0.0010378208   0.0016014510  -0.0044961806
       -0.0110745442   0.0020812931   0.0003239322   0.0012401241   0.0000125336
       -0.0025216367  -0.0003875360  -0.0018234986  -0.1592948156   0.1163717121
       -0.0044454799  -0.1109488158  -0.0108878785  -0.1060628341   0.0083550611
        0.0027651878  -0.0096044019  -0.0135913320  -0.0056883590   0.0156033417
       -0.0017209308   0.0033582257   0.0010953803   0.0001184922   0.0000101417
        0.0000856701   0.0000691889   0.0000385045   0.0001213227  -0.0001174294
        0.0002993129  -0.0000729914   0.0000022371  -0.0000402026   0.0000139623
        0.0000416260   0.0000874854  -0.0000014223  -0.0000424851   0.0001106830
       -0.0000270049  -0.0000374419   0.0001140496   0.0000363902   0.0000041666
       -0.0000084129   0.0000334367  -0.0001197747   0.0009486809   0.0004809786
        0.0002800787  -0.0004487521  -0.0004644739  -0.0001515844   0.0002995029
        0.0000098432  -0.0009816035  -0.0000893595   0.0004327922   0.0000756136
        0.0001931403  -0.0000393554   0.0000352016  -0.0000342665  -0.0001199417
       -0.0033854168  -0.0269347613  -0.0002117544  -0.0418458405  -0.1496610028
        0.0081016477  -0.0378691305   0.4665062459  -0.0007322308  -0.0089821645
       -0.0665223672   0.0108691894   0.0142742529   0.0013214442  -0.0163074617
       -0.0006632350   0.0013852136   0.0008489620  -0.0003955691  -0.0000452653
       -0.0000521779   0.0002200815   0.0005695276  -0.0001587106  -0.0002455163
        0.0003324027   0.0001367972   0.0025486253  -0.0019035311  -0.0011463522
       -0.0000822808  -0.0002139199  -0.0000745294  -0.0087098620  -0.0038306117
       -0.0046577867   0.0008447287  -0.0003009231   0.0013171839  -0.0066221910
       -0.0100279596   0.0021161526  -0.0002699766  -0.0013340767  -0.0001081636
        0.0007114167  -0.0004771140  -0.0004559763   0.1167656629  -0.1553442736
        0.0030065454  -0.0111978051  -0.0448925639  -0.0219829893  -0.0025142826
       -0.0001141845   0.0035057214  -0.0167052570  -0.0050734838   0.0182574332
        0.0034285836  -0.0034079994  -0.0015606586  -0.0000506545  -0.0000492094
       -0.0002300387  -0.0001403152  -0.0000839351  -0.0002377665   0.0002708414
       -0.0001242209  -0.0001662464   0.0000005120  -0.0000908309   0.0000635182
       -0.0000389189  -0.0000779029  -0.0000044037   0.0001682470   0.0001321895
       -0.0000922064   0.0000500692  -0.0000489853  -0.0000971968   0.0000430863
        0.0000218573   0.0000172157   0.0000157041   0.0004453233   0.0002503508
        0.0000141996  -0.0000652932  -0.0001058177   0.0001524436  -0.0002573592
       -0.0000079469   0.0000910678   0.0000657294   0.0001267070   0.0000208406
        0.0000622828   0.0000058044   0.0000980534   0.0000395585  -0.0002328142
       -0.0023350221  -0.0063446755   0.0013710037  -0.0013807878  -0.0006072067
       -0.0663827627   0.0280540367  -0.0007322308   0.4886896689   0.0594152070
        0.0153769705  -0.1469374183   0.0091145894  -0.0041029116  -0.0056261128
       -0.0000866079   0.0003166615   0.0001581911   0.0001042404  -0.0002946703
       -0.0002871856  -0.0005429993   0.0002789083   0.0007797456  -0.0005172082
        0.0004446693   0.0003998675   0.0008916367  -0.0010399909   0.0000845038
        0.0000170606   0.0000090278  -0.0001468095  -0.0072194967  -0.0129441681
        0.0012330853  -0.0003866419  -0.0003510304  -0.0001233622   0.0119547358
        0.0249429303  -0.0049373226  -0.0002267507  -0.0001590216   0.0001084747
       -0.0013250924  -0.0001344218  -0.0003373038  -0.0038734471   0.0022423593
       -0.0424324749  -0.1063757279  -0.0217722069  -0.2015987840   0.0150577277
        0.0043354734  -0.0250521527   0.0001582651   0.0007196091   0.0004147481
        0.0002612324  -0.0007200341   0.0006734510  -0.0000933287  -0.0000747596
       -0.0001991681  -0.0000335536  -0.0001732825  -0.0000334504  -0.0001401414
        0.0006326725  -0.0000073969   0.0000869459  -0.0000499279  -0.0000427871
        0.0000064402   0.0000967030   0.0000352084  -0.0000450386  -0.0000881584
        0.0000260425  -0.0000244664  -0.0000465830  -0.0001119267  -0.0000552889
        0.0000339782   0.0000485720   0.0000306243   0.0006208032   0.0003508705
       -0.0000846266  -0.0001460690  -0.0004944786   0.0000368511  -0.0001198550
        0.0000126856  -0.0002796462  -0.0000831637   0.0003289806  -0.0000414869
       -0.0001285707   0.0000167009  -0.0001222340   0.0000621720   0.0000190968
        0.0004697395   0.0014994977  -0.0001042154  -0.0097032699  -0.0069592627
        0.0106041412  -0.1104195584  -0.0089821645   0.0594152070   0.4746756365
        0.0295818607   0.0425374418  -0.0988185553   0.0553774340   0.0153064746
        0.0071728687  -0.0067156665  -0.0011466053  -0.0006102383  -0.0000918924
        0.0001136481  -0.0138214780   0.0150264492  -0.0079632957  -0.0000895489
       -0.0053051948  -0.0014938235  -0.0001506399   0.0001337440   0.0000232648
        0.0012482195   0.0011874198  -0.0002236476  -0.0001997928  -0.0003970260
        0.0000696342   0.0004478829   0.0002133827  -0.0007107627  -0.0005532116
       -0.0015529555   0.0001699656   0.0000119481  -0.0000617484   0.0000363376
       -0.0001391931   0.0001318946  -0.0000104727  -0.0156732130  -0.0002497202
        0.0195966304   0.0075909422  -0.0001941646  -0.0095973413  -0.1043649468
        0.0202278037  -0.1011231296  -0.1230028636  -0.1069898771  -0.0298600338
       -0.0131175124   0.0175195253   0.0055670032   0.0005841432  -0.0014082068
       -0.0002707988   0.0000864154   0.0001116245   0.0000030041   0.0000057108
        0.0000087399   0.0000684815   0.0000095703  -0.0003495493  -0.0004277826
        0.0000191347  -0.0000327376  -0.0000165004   0.0000062107  -0.0000345759
       -0.0000260368   0.0005324736  -0.0012016404  -0.0008083564  -0.0002769673
        0.0005403377   0.0002816697  -0.0001738405  -0.0001166741   0.0001566532
       -0.0016462532  -0.0008831676  -0.0001745360  -0.0000242481  -0.0000012680
        0.0000086051  -0.0000703282  -0.0000258719   0.0000064953  -0.0000233947
        0.0000075917  -0.0000073340   0.0000181579  -0.0000139409   0.0000000153
        0.0003189159   0.0024731135   0.0001078089  -0.0140964765  -0.0062004628
        0.0189487101  -0.0121004155  -0.0665223672   0.0153769705   0.0295818607
        0.4888559856  -0.0012142865   0.0549764828  -0.1412675194  -0.0189661247
        0.0089666259  -0.0281206684  -0.0058103749  -0.0002031534   0.0006686916
        0.0001442575   0.0118791136  -0.0096905767   0.0090676637  -0.0022178769
       -0.0059221200  -0.0007899103  -0.0000167111  -0.0001067180  -0.0001132331
       -0.0018532706  -0.0010177574  -0.0013183137  -0.0003009495  -0.0000556354
        0.0000824788  -0.0001898015  -0.0001776237  -0.0003275885  -0.0026822364
       -0.0043768597   0.0013978410  -0.0000074765   0.0002458726   0.0000589520
       -0.0003558446  -0.0000120306  -0.0000839274   0.0133850305   0.0016745803
       -0.0160928536   0.0005482288   0.0005536226   0.0001695812   0.0202514101
       -0.0503909597   0.0356134223  -0.1074024552  -0.1818692459  -0.0358090576
        0.0003906784   0.0009298865  -0.0007321480   0.0015979515   0.0006571109
        0.0004953264  -0.0000532009   0.0000255229  -0.0001430584   0.0000048463
       -0.0000937618   0.0000975055   0.0002197370  -0.0008440954  -0.0005264570
        0.0000151426   0.0000322095   0.0000215407  -0.0000169927   0.0001002641
       -0.0000323565  -0.0003444965   0.0005737316   0.0003204651  -0.0000738518
       -0.0001984022  -0.0001851075  -0.0001952019  -0.0000629595   0.0001780682
        0.0000842681   0.0000784576   0.0000367417  -0.0000176629   0.0000388496
       -0.0000224448  -0.0000741770   0.0000108153   0.0000021961  -0.0000038463
        0.0000656792   0.0000089015  -0.0000141945  -0.0000546294   0.0000388115
        0.0002685662  -0.0006232456   0.0000274415   0.0037115268   0.0061901905
       -0.0007058648   0.0568701907   0.0108691894  -0.1469374183   0.0425374418
       -0.0012142865   0.5038581584   0.0074061392  -0.0093351938  -0.0627916628
        0.0023302909  -0.0073081016  -0.0007451937   0.0002658502  -0.0009285183
       -0.0013479782  -0.0153147958   0.0199664230   0.0012852270  -0.0007870877
       -0.0030936727  -0.0000422765   0.0001676838   0.0001071477  -0.0000274474
       -0.0002668092   0.0008740420  -0.0011892158   0.0001485304   0.0000155020
       -0.0001912149   0.0004061674   0.0003635101  -0.0000845641   0.0004301799
        0.0001298471   0.0009592458  -0.0001347943  -0.0001031990   0.0000781500
        0.0001266662  -0.0000002974  -0.0001912462   0.0035484029  -0.0002617673
       -0.0029830638   0.0159954869   0.0033677399  -0.0288830883  -0.1017439421
        0.0367675269  -0.2025937107  -0.0294020887  -0.0353063040  -0.0522368638
        0.0138593338  -0.0172370358  -0.0041398096   0.0004578290  -0.0011265562
        0.0002607362  -0.0000769483  -0.0000894499   0.0001541203   0.0002296011
        0.0001264166  -0.0003232077   0.0001193783  -0.0001835167  -0.0004084742
       -0.0000122626  -0.0000228963   0.0000051976  -0.0000585565  -0.0000277662
        0.0000402380   0.0007064322  -0.0017560532  -0.0011796385  -0.0004411688
        0.0007218289   0.0004598219   0.0001237947  -0.0000644422  -0.0000268359
       -0.0014037951  -0.0008142475  -0.0001648945   0.0000079207  -0.0000207167
       -0.0000128370  -0.0000760266   0.0000105086  -0.0000094393   0.0000156470
       -0.0000345346   0.0000244851  -0.0000147841   0.0000419290   0.0000631241
       -0.0139879428  -0.0185576294   0.0080552440   0.0014209026   0.0008271296
       -0.0013007669  -0.0168285117   0.0142742529   0.0091145894  -0.0988185553
        0.0549764828   0.0074061392   0.4876986608   0.0169298708  -0.0611583679
       -0.1072549469  -0.0553008281  -0.0113517091   0.0048434108  -0.0070599250
        0.0054789795  -0.0822351589   0.0151823807  -0.0448586219   0.0116969286
        0.0142636631   0.0029179151  -0.0016551782  -0.0005738971   0.0028331238
       -0.0172734773   0.0050718168  -0.0255420023  -0.0005095868  -0.0000464968
       -0.0000812434  -0.0000636792  -0.0000141409   0.0002071352   0.0002187338
        0.0001129535  -0.0001257644   0.0002394351   0.0001228036  -0.0002030647
        0.0000972954   0.0000473843   0.0000205002  -0.0024385692   0.0001256926
        0.0036209293   0.0003955247  -0.0001332360  -0.0004098683  -0.0120660273
        0.0159387846  -0.0003253560   0.0080680610  -0.0116467227  -0.0020721354
       -0.1432013897  -0.0263750730   0.1126295377  -0.0149430287  -0.0142141157
       -0.0044198902  -0.0009226695  -0.0013826013   0.0012480360  -0.0010153699
       -0.0007173792   0.0004863115  -0.0006049068   0.0010048267   0.0010679474
        0.0001408423   0.0001106150   0.0000600895  -0.0004724987  -0.0008722738
        0.0003526404  -0.0006353019  -0.0051824862  -0.0039194403  -0.0000843714
        0.0028629337   0.0004545521   0.0001121661   0.0000297387   0.0000351596
        0.0000033639   0.0001306160  -0.0002006753  -0.0000072442   0.0000495561
       -0.0000304005   0.0000601734   0.0000105938   0.0000083357   0.0000349731
       -0.0000223060  -0.0000157607  -0.0000120572   0.0000270157   0.0000179020
       -0.0116770471  -0.0120898342   0.0084435111  -0.0005171132  -0.0000155800
       -0.0000944781   0.0038366328   0.0013214442  -0.0041029116   0.0553774340
       -0.1412675194  -0.0093351938   0.0169298708   0.4506122596  -0.0368171374
       -0.0548380924  -0.1126609130  -0.0118885013  -0.0007342272  -0.0066427787
        0.0174837878   0.0102019325  -0.0698648157   0.0291521545  -0.0046991620
       -0.0361303872  -0.0121086311  -0.0010212591  -0.0000421752   0.0017397197
       -0.0001132921   0.0042903760  -0.0052696061  -0.0002133175  -0.0001185766
        0.0001469448   0.0001093704  -0.0001593424  -0.0001274245   0.0000365866
        0.0000546136  -0.0000497751  -0.0002162778   0.0001496308   0.0002686900
       -0.0000105455   0.0000123341  -0.0000240005  -0.0009323703   0.0007409834
        0.0004010883  -0.0002645376   0.0002061606   0.0002714171   0.0081725671
       -0.0095638282   0.0008477498   0.0133474054  -0.0252717538  -0.0047599646
       -0.0269001735  -0.0441906560   0.0263329920   0.0010204172   0.0019061145
        0.0001973447  -0.0008432391  -0.0011868490   0.0004956395  -0.0010380764
       -0.0016572027   0.0007000051  -0.0003520238  -0.0025962690  -0.0022211182
        0.0000366428   0.0000668850  -0.0000055348  -0.0003164799  -0.0005243563
        0.0001356176  -0.0063617194   0.0072253240   0.0027884666   0.0018719864
       -0.0027431359  -0.0025522580   0.0000583172   0.0000273252   0.0000075424
       -0.0000055299  -0.0000022957  -0.0000704827   0.0000153320   0.0000795153
        0.0000187943   0.0000147808   0.0000139944   0.0000026503   0.0000301439
        0.0000294520  -0.0000100688  -0.0000049359  -0.0000081439   0.0000029712
        0.0122589133   0.0172154652  -0.0027212589  -0.0010980648  -0.0004537750
        0.0014721594   0.0157595500  -0.0163074617  -0.0056261128   0.0153064746
       -0.0189661247  -0.0627916628  -0.0611583679  -0.0368171374   0.5132533699
       -0.0129834743  -0.0111180070  -0.0665385442   0.0016014400   0.0161011585
       -0.0200047896  -0.0455100460   0.0366004448  -0.1640188395   0.0000757643
       -0.0177086265  -0.0014360758   0.0015014100   0.0011792832  -0.0043514809
       -0.0130586660   0.0010512742  -0.0148246629   0.0000277873   0.0001095240
       -0.0002246617  -0.0001361193   0.0000267156   0.0001055267  -0.0001592419
       -0.0001536813   0.0000281313  -0.0001509631  -0.0002695091   0.0003834166
       -0.0000052661  -0.0000369748   0.0000572572   0.0030560919  -0.0001403836
       -0.0033281924  -0.0000516482  -0.0001833312   0.0002207857  -0.0146655381
        0.0191411781   0.0018523338   0.0031346551  -0.0062777888  -0.0007405024
        0.1121475044   0.0247354332  -0.1659308232  -0.0161218910  -0.0139054463
       -0.0034469649   0.0006119278   0.0009413516  -0.0017848124   0.0008921432
        0.0021266977  -0.0016224330  -0.0010567985  -0.0002363969  -0.0010776156
       -0.0000431286  -0.0001105050  -0.0000727869   0.0007686170   0.0011432894
       -0.0003497351  -0.0031423200   0.0036399201   0.0034571930   0.0023487198
       -0.0013684884  -0.0001423168  -0.0000785540  -0.0000051865  -0.0000031501
        0.0000443616   0.0000498394   0.0001681443  -0.0000311506  -0.0000071156
       -0.0000092187  -0.0000120291   0.0000012335   0.0000011876  -0.0000460312
        0.0000076733   0.0000133622  -0.0000260616  -0.0000045418   0.0000337731
       -0.0707741078  -0.0098647950   0.0328558290  -0.0083804118   0.0022039244
        0.0161470701   0.0005519394  -0.0006632350  -0.0000866079   0.0071728687
        0.0089666259   0.0023302909  -0.1072549469  -0.0548380924  -0.0129834743
        0.4651371837  -0.0193745453   0.0594916879   0.0032545703  -0.0000997904
       -0.0166273518  -0.0163432200  -0.0128631792  -0.0187130573  -0.0969285544
        0.0678274966   0.0346292965  -0.0066448162  -0.0074264349   0.0127693349
       -0.0006938321   0.0006212793  -0.0024790246  -0.0001512352  -0.0003070679
        0.0002968605  -0.0000038623  -0.0005391088  -0.0004203483  -0.0014334788
        0.0018942609   0.0009755401  -0.0015418392   0.0003397153   0.0009794039
        0.0000591196   0.0001777037  -0.0001271769  -0.0001110908  -0.0000801191
        0.0000962826  -0.0001024339   0.0001286061  -0.0001171974   0.0005727420
        0.0015442470   0.0004323667  -0.0009738529   0.0034494671   0.0006718208
       -0.0139272530  -0.0158472300  -0.0030720723  -0.1447147692   0.0299660145
       -0.1020555658  -0.0000787830   0.0004358871  -0.0003452021  -0.0032842676
       -0.0005654023  -0.0027279902  -0.0015124395   0.0056242335  -0.0033861178
        0.0002093639   0.0002518470   0.0007530164  -0.0005634704  -0.0024892786
        0.0007472111  -0.0009968450   0.0005103534  -0.0001860463   0.0001944468
        0.0000346497  -0.0000580029   0.0001355038   0.0004234502   0.0002178772
       -0.0007698546   0.0006734655  -0.0001318297  -0.0000863708  -0.0000536827
        0.0001008838  -0.0000269473   0.0000113750   0.0000232902   0.0000688401
        0.0000200650   0.0000165199  -0.0000578954  -0.0000927057  -0.0000175168
       -0.0078188139  -0.0641203608   0.0226679833   0.0073117069   0.0003486987
       -0.0162798763  -0.0012034487   0.0013852136   0.0003166615  -0.0067156665
       -0.0281206684  -0.0073081016  -0.0553008281  -0.1126609130  -0.0111180070
       -0.0193745453   0.4328899802  -0.0057657665   0.0004122280   0.0003800754
        0.0056412544  -0.0044002437   0.0040856082  -0.0069245853   0.0541037723
       -0.1391031985  -0.0257270078  -0.0103119159  -0.0079143793   0.0232675579
        0.0005795149  -0.0007612077   0.0010524066  -0.0000570187   0.0005050970
       -0.0002386698  -0.0000408801   0.0000362414   0.0002741737   0.0026845294
       -0.0023418096  -0.0020641747   0.0017240102   0.0014086836  -0.0025374587
       -0.0000548075  -0.0000313454   0.0000961515  -0.0002139157   0.0001501242
        0.0002086092   0.0001525711  -0.0000745242  -0.0001590588  -0.0010734737
        0.0004961194  -0.0006289626   0.0019802106  -0.0030500439  -0.0011976885
       -0.0046919036  -0.0047390943  -0.0010334000   0.0281976180  -0.0475103297
        0.0332114256   0.0003435018  -0.0002699179   0.0003924453   0.0002564151
       -0.0003787756   0.0005226943   0.0149744029  -0.0274785159  -0.0087214639
        0.0002985250   0.0011641717   0.0004233040  -0.0032155123  -0.0042821446
        0.0010664324   0.0006623886  -0.0003008336   0.0003103558  -0.0001421090
        0.0002346745   0.0000923886  -0.0000574621  -0.0001251720  -0.0001273149
        0.0004668797  -0.0002150846   0.0002471642   0.0004142048   0.0003237248
        0.0000326736   0.0000415285   0.0000494734  -0.0000037602   0.0000367245
       -0.0000119879   0.0000180926   0.0000318126   0.0000324207  -0.0000064778
        0.0264777496   0.0273876522  -0.1469704867   0.0076237248  -0.0050876631
       -0.0086100225  -0.0008268667   0.0008489620   0.0001581911  -0.0011466053
       -0.0058103749  -0.0007451937  -0.0113517091  -0.0118885013  -0.0665385442
        0.0594916879  -0.0057657665   0.5003737500  -0.0053117989  -0.0004678933
       -0.0318555008  -0.0156192573  -0.0146027058  -0.0141515442   0.0455381812
       -0.0530809880  -0.0940382316   0.0044264963   0.0062705993  -0.0042088003
       -0.0013855704   0.0010166177  -0.0036525433  -0.0003272979   0.0004649208
        0.0003345450  -0.0003027722  -0.0008156536   0.0001298315   0.0003014033
       -0.0003587656   0.0001314289   0.0009705878  -0.0008575760  -0.0014687754
       -0.0000740945   0.0002854232  -0.0003124027  -0.0000809433   0.0003296090
        0.0001543986  -0.0001375086  -0.0001287359  -0.0001501575  -0.0000723730
        0.0010727799   0.0001951754  -0.0000934089  -0.0004993406   0.0002245431
        0.0144433355   0.0154199359   0.0041390349  -0.1070026083   0.0365051055
       -0.1408115650   0.0001130121  -0.0000054149   0.0001546374  -0.0030699228
        0.0002552275  -0.0033620279  -0.0099238098   0.0097568605   0.0096888487
       -0.0009485360  -0.0011421798   0.0006423752  -0.0007447853  -0.0001843446
        0.0007475744  -0.0014857874   0.0007504684   0.0001562096   0.0003810573
       -0.0000702102  -0.0002769927   0.0000408453   0.0002962318  -0.0000583735
       -0.0000136758   0.0003081005  -0.0002001421   0.0000809179  -0.0001773745
        0.0002280651  -0.0002010279  -0.0000299824  -0.0000523651   0.0001709143
       -0.0000015621   0.0000124526   0.0000604462   0.0000065389  -0.0000073922
       -0.1296130715  -0.0004497307  -0.0505236050  -0.0225915957   0.0059302753
       -0.0106678434   0.0001221348  -0.0003955691   0.0001042404  -0.0006102383
       -0.0002031534   0.0002658502   0.0048434108  -0.0007342272   0.0016014400
        0.0032545703   0.0004122280  -0.0053117989   0.4309330411  -0.0293263147
       -0.0173968343  -0.1097922346  -0.0552559836   0.0391977876   0.0000026439
        0.0001101250   0.0000476346  -0.0143354596  -0.0073788619  -0.0097771319
       -0.0213556096  -0.0206048355   0.0113610098  -0.0011385176   0.0030007033
        0.0011940674  -0.0004269689  -0.0000006530  -0.0004556335   0.0006012090
       -0.0005267911  -0.0014817978   0.0000420013   0.0009010317  -0.0007368362
       -0.0002970787  -0.0000876954  -0.0001263803  -0.0000586401  -0.0001420710
       -0.0001142543  -0.0001861449   0.0003185975  -0.0002343416  -0.0000495052
       -0.0000960763  -0.0000834339   0.0000969014   0.0000151734  -0.0000800538
       -0.0004383038  -0.0005241232  -0.0008155315  -0.0004085791  -0.0007981227
        0.0004191719  -0.0844541210   0.0966556711  -0.0032872910  -0.0524676347
        0.0144234583   0.0485898755  -0.0001951509  -0.0000431042   0.0003373885
       -0.0010938547  -0.0021361841   0.0000103620   0.0005178198   0.0007004406
       -0.0003770504   0.0001586136   0.0018548501   0.0024189283  -0.0004575197
       -0.0058065270  -0.0038961178   0.0000130474  -0.0003538263  -0.0003126057
       -0.0001315769   0.0001620364   0.0000925733  -0.0004018856   0.0004349773
        0.0000818365  -0.0000843149  -0.0000752470   0.0000361002  -0.0000037196
        0.0000025741  -0.0000550136   0.0000063322   0.0000169555  -0.0000247113
       -0.0005914540  -0.0619264716  -0.0023304409   0.0181070037  -0.0021183181
        0.0098866338  -0.0000271210  -0.0000452653  -0.0002946703  -0.0000918924
        0.0006686916  -0.0009285183  -0.0070599250  -0.0066427787   0.0161011585
       -0.0000997904   0.0003800754  -0.0004678933  -0.0293263147   0.4900347249
       -0.0005582584  -0.0519549515  -0.1218170394   0.0454970546  -0.0001392499
        0.0010919114  -0.0002108935  -0.0191683149  -0.0050286925  -0.0142749394
       -0.0138169844  -0.0116873382   0.0036254066   0.0018851528  -0.0027073593
       -0.0013821282   0.0002433387   0.0000798117   0.0003221622   0.0000995428
        0.0003383957   0.0006395841  -0.0016615920  -0.0003766377  -0.0013273428
        0.0004187409   0.0001855165   0.0002469562   0.0001786319   0.0001137595
        0.0002430274   0.0008489498  -0.0008683468   0.0003241223  -0.0000490140
        0.0001111915   0.0000303008  -0.0000665174   0.0000512240   0.0001233036
        0.0007135633  -0.0007518229   0.0018203064  -0.0004426577  -0.0000722710
        0.0002732192   0.0924248643  -0.2251829958   0.0036431064   0.0147367130
       -0.0551204495  -0.0622308312  -0.0003220430  -0.0001704197   0.0004502303
       -0.0032552846  -0.0043680580  -0.0002270287   0.0002945847   0.0007176906
       -0.0005083397   0.0026097688  -0.0025591737  -0.0014791279  -0.0046375891
        0.0069488165   0.0030599247  -0.0000066931   0.0003343514   0.0002986835
        0.0000797705  -0.0001818456  -0.0000988657  -0.0001439011   0.0004499789
       -0.0002185427   0.0001451227   0.0000866841  -0.0000489065   0.0000808440
        0.0000124129  -0.0000461513  -0.0000053017   0.0000200475   0.0000476984
       -0.0494871146  -0.0021134044  -0.1006112028   0.0007655951   0.0013888112
        0.0015123366   0.0001337540  -0.0000521779  -0.0002871856   0.0001136481
        0.0001442575  -0.0013479782   0.0054789795   0.0174837878  -0.0200047896
       -0.0166273518   0.0056412544  -0.0318555008  -0.0173968343  -0.0005582584
        0.5274918797   0.0340179653   0.0407269854  -0.0928527176  -0.0014106708
        0.0008400690   0.0004635329  -0.0012890347  -0.0034095504  -0.0001688472
       -0.0003121100  -0.0031220767   0.0049825550   0.0005021084  -0.0008494418
       -0.0000450833   0.0001562209   0.0001707160  -0.0000949486   0.0015938834
       -0.0005007235   0.0011887032  -0.0006783833   0.0003009802   0.0004255371
        0.0000133709  -0.0000482193   0.0000581932   0.0000361518  -0.0000440150
        0.0001225348   0.0000389712  -0.0003143447   0.0004491856  -0.0003174736
        0.0002360634   0.0000577551  -0.0000877480   0.0000309796  -0.0000228604
       -0.0017885010   0.0015719653  -0.0036348028   0.0016703668   0.0013343665
       -0.0057153365  -0.0022779811   0.0012115233  -0.0399185638   0.0507158612
       -0.0613301239  -0.2444175906   0.0002747099  -0.0000010276   0.0002362687
        0.0000977705   0.0005919371   0.0007080984   0.0002284286   0.0003808431
        0.0004810967   0.0008002107  -0.0022488221  -0.0001301110  -0.0046709598
        0.0025491266   0.0028150098   0.0000438910   0.0000363661   0.0001735591
       -0.0000137279  -0.0000527464   0.0000100624  -0.0003435517  -0.0000288803
       -0.0001278275   0.0000944412   0.0000385465   0.0000069169  -0.0000596690
        0.0000065263   0.0000395031  -0.0000152167  -0.0000112928   0.0000126179
       -0.0252532544  -0.0194806904  -0.0000221217   0.0002092189  -0.0002556353
        0.0001460855  -0.0009039955   0.0002200815  -0.0005429993  -0.0138214780
        0.0118791136  -0.0153147958  -0.0822351589   0.0102019325  -0.0455100460
       -0.0163432200  -0.0044002437  -0.0156192573  -0.1097922346  -0.0519549515
        0.0340179653   0.7225588467   0.2290265490   0.1957287677   0.0001396016
        0.0012941805   0.0004904577  -0.0039208023  -0.0000898087  -0.0024406147
       -0.4409468527  -0.1557061884  -0.1567184352  -0.0005320047  -0.0000502966
       -0.0002863023   0.0000163237   0.0000267656   0.0000181022  -0.0002800171
       -0.0000221207   0.0000728136   0.0005444107   0.0006162970   0.0002279259
        0.0001402630  -0.0000137022   0.0001020227   0.0000574431   0.0000150723
       -0.0001425839  -0.0001807582   0.0009882499   0.0004992549  -0.0023375332
        0.0032025037  -0.0007116898   0.0007241153  -0.0012032045   0.0001234427
        0.0071158776  -0.0031526567   0.0147397572  -0.0025316350  -0.0026601404
       -0.0011252666   0.0063904727   0.0025097851  -0.0023471837  -0.0051135766
       -0.0072210260   0.0070643479   0.0000691297  -0.0005813886  -0.0002400643
       -0.0005913263  -0.0009699732   0.0000056404   0.0000090564   0.0000710330
       -0.0000930000  -0.0136545669  -0.0027339725  -0.0083594301  -0.0198250470
       -0.0098223538  -0.0037695932   0.0001276872   0.0000020740   0.0000906551
       -0.0000735181   0.0000389815  -0.0000519535   0.0001729937   0.0002219953
       -0.0000011842   0.0001175802   0.0000216365   0.0000183562  -0.0000247607
       -0.0000120265  -0.0000312557  -0.0000312804  -0.0000058716  -0.0000178177
       -0.0113492533  -0.0039662994  -0.0048623111   0.0004854889  -0.0003286179
        0.0003578869   0.0005838321   0.0005695276   0.0002789083   0.0150264492
       -0.0096905767   0.0199664230   0.0151823807  -0.0698648157   0.0366004448
       -0.0128631792   0.0040856082  -0.0146027058  -0.0552559836  -0.1218170394
        0.0407269854   0.2290265490   0.3424487198  -0.0565467225   0.0011498597
       -0.0005293815   0.0001695694  -0.0017417844  -0.0000656368  -0.0002067457
       -0.1561150098  -0.1030840101  -0.0399884005  -0.0001910035  -0.0001811346
       -0.0002046924  -0.0000596469   0.0000719318   0.0001829761  -0.0002482531
        0.0000210850   0.0000765806   0.0004507234   0.0000895710   0.0001957548
        0.0000286620  -0.0000335451   0.0000985193  -0.0001543272  -0.0000557922
        0.0002533770   0.0007375709  -0.0000922166  -0.0005519887   0.0032754757
       -0.0038690748  -0.0001139331  -0.0000441219  -0.0001307133   0.0005875988
        0.0013656588  -0.0013360246   0.0063063106  -0.0030779604  -0.0028384731
       -0.0003930608  -0.0169864034  -0.0244793295   0.0142684122   0.0030792755
        0.0035776294   0.0004544123  -0.0006805294  -0.0006493785  -0.0004779458
        0.0000436875  -0.0000569024   0.0001405980   0.0000123002  -0.0001550576
        0.0000035367   0.0086015551   0.0024424849   0.0029582931  -0.0204181275
       -0.0102159560  -0.0056636288   0.0000452311   0.0000420672   0.0000415877
        0.0000424227  -0.0000833315  -0.0000112362   0.0000647218   0.0001780158
       -0.0000253691   0.0000527495   0.0000049382   0.0000214755  -0.0000456742
       -0.0000223412  -0.0000236037  -0.0000233361   0.0000140696  -0.0000173062
       -0.0040414615  -0.0050344488   0.0054745951  -0.0003451551  -0.0001319711
       -0.0002225079   0.0007983837  -0.0001587106   0.0007797456  -0.0079632957
        0.0090676637   0.0012852270  -0.0448586219   0.0291521545  -0.1640188395
       -0.0187130573  -0.0069245853  -0.0141515442   0.0391977876   0.0454970546
       -0.0928527176   0.1957287677  -0.0565467225   0.4387244256   0.0001431319
        0.0017652972   0.0006285294  -0.0015866700  -0.0001873764  -0.0020099858
       -0.1560335785  -0.0396894055  -0.1253847682  -0.0000990550   0.0000716292
        0.0000759465   0.0000240033   0.0001699434  -0.0001512448   0.0001986603
        0.0000633682  -0.0001386584  -0.0000969839   0.0003717590  -0.0004212333
       -0.0000165722   0.0000429153  -0.0000968927   0.0001720689  -0.0000535776
       -0.0004132350   0.0004088250  -0.0007467214  -0.0001396814   0.0008087115
       -0.0013125196   0.0003428251   0.0005104562  -0.0004556974   0.0002779109
       -0.0084659092   0.0080851198  -0.0217553586  -0.0014406987  -0.0016236289
       -0.0013697900   0.0013089015   0.0042553151  -0.0002287399   0.0172909837
        0.0183104752  -0.0142945541  -0.0000944628  -0.0001838032   0.0002526884
       -0.0005050947  -0.0007815106  -0.0001967801   0.0001088166   0.0002373433
       -0.0001593690  -0.0268121451  -0.0082398469  -0.0142837903   0.0146044731
        0.0050829588   0.0044843742   0.0000390185  -0.0000384973   0.0000105097
       -0.0002177366  -0.0000325350  -0.0000604717  -0.0000973291   0.0000013676
        0.0000368742  -0.0000065544  -0.0000220301  -0.0000101468   0.0000239571
        0.0000055973  -0.0000103739   0.0000274350  -0.0000163740  -0.0000029685
       -0.0127716851   0.0152153811   0.0114071731  -0.0011962375  -0.0009460271
        0.0044746236   0.0000629437  -0.0002455163  -0.0005172082  -0.0000895489
       -0.0022178769  -0.0007870877   0.0116969286  -0.0046991620   0.0000757643
       -0.0969285544   0.0541037723   0.0455381812   0.0000026439  -0.0001392499
       -0.0014106708   0.0001396016   0.0011498597   0.0001431319   0.1254665023
       -0.0804550993  -0.1039498651   0.0011861769   0.0001500064  -0.0011717660
        0.0006724782  -0.0003258437   0.0002492896   0.0006779984  -0.0000109793
       -0.0000621976  -0.0000798574   0.0006195775   0.0001087446  -0.0010512778
        0.0009892841   0.0010580234  -0.0004473210  -0.0026429818   0.0046056005
       -0.0001688803  -0.0001192440   0.0000463886   0.0000788883  -0.0000818174
       -0.0000449645   0.0000328228  -0.0000102503   0.0001563507  -0.0001228357
       -0.0004575340   0.0000662105   0.0002613836  -0.0000932320   0.0000606580
        0.0014982692   0.0013329544  -0.0005450447  -0.0172594181   0.0277656634
        0.0068570183   0.0000186593  -0.0005944970   0.0004192569   0.0000538277
       -0.0002173128  -0.0000100124  -0.0116969732  -0.0085402619   0.0329668053
        0.0003132627   0.0001265710  -0.0001443397  -0.0000970146   0.0003619314
       -0.0000610394   0.0001762798  -0.0000509646   0.0001108457   0.0000060127
        0.0001724280   0.0000351046  -0.0001596451  -0.0001655026   0.0000738466
       -0.0000963879  -0.0003147237   0.0003266575  -0.0002447200   0.0003540678
       -0.0000567638   0.0000142479  -0.0000172316  -0.0000490715   0.0000310046
       -0.0000092227  -0.0000011598   0.0000204252   0.0000130339   0.0000315161
        0.0052454096  -0.0034993283  -0.0055929422   0.0000698332   0.0013626177
       -0.0011728280   0.0001109531   0.0003324027   0.0004446693  -0.0053051948
       -0.0059221200  -0.0030936727   0.0142636631  -0.0361303872  -0.0177086265
        0.0678274966  -0.1391031985  -0.0530809880   0.0001101250   0.0010919114
        0.0008400690   0.0012941805  -0.0005293815   0.0017652972  -0.0804550993
        0.4571615980  -0.1301717459   0.0000005655  -0.0016835138   0.0001596409
       -0.0002793879   0.0001737171   0.0001398502  -0.0004590259  -0.0002743111
        0.0001718326   0.0004531798  -0.0004465717  -0.0001936497   0.0004508405
       -0.0004853538  -0.0005319475  -0.0070787876  -0.0052567766   0.0088587373
        0.0001564292   0.0002102621  -0.0000213613   0.0000361332  -0.0000142978
        0.0000890031  -0.0001391407   0.0000138194   0.0000653368  -0.0001549754
        0.0005222236   0.0001659706   0.0009417801  -0.0023929971  -0.0004988567
        0.0009929261   0.0018499728   0.0009615553   0.0227704351  -0.0201797787
       -0.0027278497  -0.0002732591   0.0000031155  -0.0000854173   0.0000357591
       -0.0000556731   0.0000723047  -0.0212289585  -0.2473088205   0.2005188616
        0.0003140616  -0.0001073722  -0.0000573717   0.0004179190   0.0000118462
        0.0001117727  -0.0000325783   0.0000625336  -0.0001478157   0.0000245513
       -0.0000683523   0.0000296055   0.0002200268   0.0000744362  -0.0000140909
        0.0000483572   0.0002116107  -0.0003724557  -0.0003719358   0.0004576733
        0.0010547216   0.0000159348  -0.0000411264   0.0000438120   0.0000463352
       -0.0000294886  -0.0000891307  -0.0000685521  -0.0000108913   0.0000677098
        0.0206082126  -0.0251753765  -0.0151326683   0.0018661560   0.0014869772
       -0.0062512180  -0.0000569804   0.0001367972   0.0003998675  -0.0014938235
       -0.0007899103  -0.0000422765   0.0029179151  -0.0121086311  -0.0014360758
        0.0346292965  -0.0257270078  -0.0940382316   0.0000476346  -0.0002108935
        0.0004635329   0.0004904577   0.0001695694   0.0006285294  -0.1039498651
       -0.1301717459   0.2982097866  -0.0022656220  -0.0000295312   0.0014449264
        0.0001213525   0.0001519564   0.0002166164  -0.0005707445   0.0000569478
       -0.0002953965   0.0002384975   0.0000706391   0.0000273925   0.0012626840
       -0.0012904118  -0.0011283792   0.0059920153   0.0068046379  -0.0047796437
        0.0001844780  -0.0000378405   0.0001809455   0.0001209830   0.0000018483
       -0.0000248420   0.0000460034   0.0001327669   0.0000203595   0.0001280071
        0.0000898190   0.0000981027   0.0004052010  -0.0004406715  -0.0000357726
       -0.0000513795   0.0008780457  -0.0001106989  -0.0027623671   0.0093924088
        0.0093825928   0.0001772777  -0.0001582884  -0.0000476454   0.0003039821
       -0.0000482513   0.0000952584   0.0403197196   0.1769589116  -0.1864126889
        0.0004200442   0.0001890004   0.0002541176  -0.0000057950  -0.0005574471
        0.0001924902   0.0000813648  -0.0000177628  -0.0000613118   0.0000150767
       -0.0000139128   0.0000445087   0.0001129187  -0.0000575786   0.0000061139
       -0.0000346326  -0.0000723861  -0.0000562425   0.0008094155   0.0003406689
       -0.0018754029   0.0001088054   0.0000109773   0.0000757556  -0.0001194922
       -0.0000025151  -0.0000412845  -0.0000967971   0.0000381906   0.0000288824
       -0.0879352009  -0.0468721866   0.0024377127   0.0051259205   0.0140667496
        0.0002574474  -0.0018304562   0.0025486253   0.0008916367  -0.0001506399
       -0.0000167111   0.0001676838  -0.0016551782  -0.0010212591   0.0015014100
       -0.0066448162  -0.0103119159   0.0044264963  -0.0143354596  -0.0191683149
       -0.0012890347  -0.0039208023  -0.0017417844  -0.0015866700   0.0011861769
        0.0000005655  -0.0022656220   0.4637454568   0.0158707642   0.0120865195
       -0.0007966930  -0.0006080923   0.0005516527   0.0001527494   0.0015754046
        0.0000275068  -0.0000068059  -0.0001141250   0.0000453962   0.0003695275
        0.0012520327  -0.0001688779  -0.1486556722   0.0808724302   0.0147884877
        0.0003110500  -0.0009640140   0.0003016779   0.0001994686   0.0010528748
        0.0000242309   0.0000564413   0.0001267783   0.0000204214  -0.0000452628
        0.0000845689  -0.0000617792   0.0000226169   0.0000700771  -0.0000372537
       -0.0003221641  -0.0004694491  -0.0000604660   0.0003288788   0.0004587205
       -0.0005865197  -0.0002293845  -0.0004304513   0.0001925968  -0.0004585316
       -0.0001281071  -0.0003254501  -0.0027752999  -0.0002574848   0.0025819292
       -0.1367152649  -0.0164282805  -0.1058496044  -0.0745642222  -0.0135691731
        0.0746567778   0.0000536759  -0.0000192111   0.0000360553  -0.0002168229
       -0.0000795527  -0.0001194971  -0.0001007185   0.0000554597  -0.0001069665
       -0.0000232201   0.0001047403  -0.0000171123   0.0112938311  -0.0072363264
       -0.0024119443  -0.0000624291   0.0002604013   0.0000472135  -0.0013014797
        0.0008263196   0.0000698951  -0.0000992692   0.0002099270  -0.0002259497
       -0.0533160107  -0.1420867305   0.0082262543  -0.0020357676  -0.0249844501
       -0.0017597386   0.0019765461  -0.0019035311  -0.0010399909   0.0001337440
       -0.0001067180   0.0001071477  -0.0005738971  -0.0000421752   0.0011792832
       -0.0074264349  -0.0079143793   0.0062705993  -0.0073788619  -0.0050286925
       -0.0034095504  -0.0000898087  -0.0000656368  -0.0001873764   0.0001500064
       -0.0016835138  -0.0000295312   0.0158707642   0.4213325965  -0.0024323468
       -0.0001661135  -0.0001595974  -0.0000034691   0.0002815159  -0.0006036735
        0.0004755732  -0.0000793346  -0.0000512822  -0.0000073667  -0.0006389004
        0.0003080453   0.0007162365   0.0556853815  -0.1303643876  -0.0115571601
       -0.0001914954   0.0000202403  -0.0002490990  -0.0003447444  -0.0007294221
        0.0000049905  -0.0000147221  -0.0001692293   0.0001269762  -0.0000966372
       -0.0000395365  -0.0000647747   0.0001560224   0.0002002742   0.0000056589
       -0.0000508063  -0.0001726306  -0.0002390907   0.0002173538   0.0002570377
       -0.0002998513   0.0015886616   0.0000124285   0.0005002325   0.0000870531
       -0.0000118549   0.0000251203   0.0024497624   0.0019363912  -0.0021137091
       -0.0155773103  -0.0400930054  -0.0132440914  -0.0137967523  -0.0413395468
        0.0214704233   0.0000308789  -0.0000162514   0.0000584315   0.0000551629
        0.0001063115  -0.0000362156  -0.0000732614  -0.0001096043  -0.0000762445
        0.0000410672  -0.0000257725   0.0000207713   0.0224598239  -0.0259286947
       -0.0023697863  -0.0000179984  -0.0001640860  -0.0000505678   0.0005371078
       -0.0003638997  -0.0000379903   0.0001480052  -0.0000150228   0.0000202522
        0.0029478695   0.0064052649  -0.0655987812  -0.0015487376  -0.0056802784
        0.0000986799   0.0008425060  -0.0011463522   0.0000845038   0.0000232648
       -0.0001132331  -0.0000274474   0.0028331238   0.0017397197  -0.0043514809
        0.0127693349   0.0232675579  -0.0042088003  -0.0097771319  -0.0142749394
       -0.0001688472  -0.0024406147  -0.0002067457  -0.0020099858  -0.0011717660
        0.0001596409   0.0014449264   0.0120865195  -0.0024323468   0.5075918324
       -0.0004550901  -0.0005249469   0.0004335174  -0.0003136615   0.0004399987
        0.0005462657   0.0000681059  -0.0001427647  -0.0002654406  -0.0000728869
       -0.0013643843   0.0000071670   0.0099946811  -0.0119953735  -0.0502409686
       -0.0003026001   0.0001335434  -0.0006339597  -0.0001042075  -0.0004255889
        0.0000004134  -0.0000310789   0.0000723782  -0.0000437919   0.0000215430
        0.0000273739  -0.0000560872  -0.0000373685  -0.0000204832   0.0000064666
        0.0009896105   0.0011081054   0.0001419791   0.0003723619   0.0004037095
       -0.0003093678  -0.0000338020  -0.0002121708   0.0010471581  -0.0007472593
       -0.0004929964  -0.0007138759   0.0019727071  -0.0003086089  -0.0001863735
       -0.1051869929  -0.0135612568  -0.1625470907   0.0755006759   0.0212879575
       -0.2174579967  -0.0000445257  -0.0000103596   0.0000352311  -0.0002326145
       -0.0001711325  -0.0000590181  -0.0000407891   0.0000349488   0.0000114651
        0.0000417603   0.0000592550   0.0000061859   0.0011420824  -0.0016150591
       -0.0029592251  -0.0001999089   0.0000807380  -0.0000830984   0.0010330425
       -0.0002971317   0.0005196984   0.0001018467  -0.0002240389  -0.0000538531
       -0.0018298731  -0.0019952683   0.0009234551  -0.0001509719   0.0000562422
       -0.0000310075   0.0001600557  -0.0000822808   0.0000170606   0.0012482195
       -0.0018532706  -0.0002668092  -0.0172734773  -0.0001132921  -0.0130586660
       -0.0006938321   0.0005795149  -0.0013855704  -0.0213556096  -0.0138169844
       -0.0003121100  -0.4409468527  -0.1561150098  -0.1560335785   0.0006724782
       -0.0002793879   0.0001213525  -0.0007966930  -0.0001661135  -0.0004550901
        0.6729891742   0.2466717193   0.1845672862  -0.0000107855   0.0000181084
       -0.0000000181  -0.0000090851   0.0000065073  -0.0000003459   0.0000296949
       -0.0000317079  -0.0001232562   0.0000447357   0.0000249265  -0.0000567426
       -0.0000191365  -0.0000007675  -0.0000002695   0.0000804817  -0.0000529995
        0.0000443041  -0.0004460662   0.0001155226   0.0000563771  -0.0000326875
        0.0001602518   0.0001132023   0.0001237492  -0.0000239698  -0.0000212920
        0.0005114491  -0.0007103563   0.0009459664  -0.0003178291  -0.0004073238
       -0.0000768186  -0.0000405929   0.0010204611  -0.0009476354   0.0002269211
        0.0003715552  -0.0014826355  -0.0002848832  -0.0000571336   0.0000244526
       -0.0000739006  -0.0002042932  -0.0000027499   0.0000706140   0.0000323824
       -0.0000575694  -0.0741061551   0.0253393396  -0.0853052242  -0.1177604568
       -0.0985098825   0.0727788232  -0.0000096375  -0.0000002394  -0.0000005148
        0.0000173065  -0.0000153940   0.0000240138  -0.0000456751   0.0000236977
        0.0000112876  -0.0000065767   0.0000019651   0.0000022784   0.0000263809
        0.0000207799  -0.0000067122   0.0000095168  -0.0000072991  -0.0000052437
       -0.0020839833  -0.0019947716   0.0016143730  -0.0002489388   0.0000125613
       -0.0001296545   0.0000454652  -0.0002139199   0.0000090278   0.0011874198
       -0.0010177574   0.0008740420   0.0050718168   0.0042903760   0.0010512742
        0.0006212793  -0.0007612077   0.0010166177  -0.0206048355  -0.0116873382
       -0.0031220767  -0.1557061884  -0.1030840101  -0.0396894055  -0.0003258437
        0.0001737171   0.0001519564  -0.0006080923  -0.0001595974  -0.0005249469
        0.2466717193   0.3240399388  -0.1356958387  -0.0000273139   0.0000822747
        0.0000623597   0.0000143602   0.0000309361  -0.0000006092   0.0000418219
       -0.0000266672  -0.0000521178  -0.0000926138   0.0002641380  -0.0000415575
        0.0000080822   0.0000099613  -0.0000187638   0.0000483941  -0.0000027928
        0.0000674701  -0.0000456867   0.0000486786   0.0002444277   0.0003718324
       -0.0001570000   0.0002011129   0.0000973341   0.0004113858  -0.0000881354
        0.0007151484  -0.0000521861   0.0006801647   0.0002756916   0.0002624997
        0.0000820361  -0.0012766041   0.0003529139   0.0001334606  -0.0008871269
        0.0003122685  -0.0005311218   0.0000900715   0.0000150073   0.0000441357
       -0.0001446752  -0.0002585018  -0.0000458358   0.0000367786   0.0000270044
       -0.0000337709   0.0248191066  -0.0629046657   0.0775931589  -0.0980287823
       -0.1479936129   0.0961836308   0.0000204937  -0.0000096703  -0.0000137406
       -0.0000267829  -0.0000002528  -0.0000272297  -0.0000605741  -0.0000288555
        0.0000106154   0.0000007131   0.0000019780  -0.0000013523   0.0000337752
        0.0000175527  -0.0000126121  -0.0000032621  -0.0000003848   0.0000089055
        0.0014869773   0.0019582970  -0.0012095506  -0.0000222395   0.0000310379
        0.0000100709   0.0001433739  -0.0000745294  -0.0001468095  -0.0002236476
       -0.0013183137  -0.0011892158  -0.0255420023  -0.0052696061  -0.0148246629
       -0.0024790246   0.0010524066  -0.0036525433   0.0113610098   0.0036254066
        0.0049825550  -0.1567184352  -0.0399884005  -0.1253847682   0.0002492896
        0.0001398502   0.0002166164   0.0005516527  -0.0000034691   0.0004335174
        0.1845672862  -0.1356958387   0.4951976738  -0.0000175943   0.0000139946
       -0.0000607655  -0.0000070828   0.0000428415   0.0000395271  -0.0000797630
        0.0000181471   0.0000306825  -0.0000578220  -0.0000732674   0.0000861152
        0.0000100897  -0.0000231457   0.0000388431   0.0000048384  -0.0000244191
        0.0001415100   0.0000037249   0.0000653171   0.0002437069  -0.0003479585
        0.0006471291   0.0000587317  -0.0000192697   0.0001333220  -0.0001058489
       -0.0009822992  -0.0004591644   0.0007121190  -0.0009664322  -0.0009070304
       -0.0003604363   0.0008610265   0.0011862981   0.0000822219   0.0007336216
        0.0010256781  -0.0000016451  -0.0000620693  -0.0000298507  -0.0000266276
        0.0001490377   0.0002517628   0.0000690182  -0.0000408274  -0.0000400824
        0.0000518223  -0.0841599315   0.0784959941  -0.2417167159   0.0715239172
        0.0952247537  -0.1137764822  -0.0000087664  -0.0000102854   0.0000267120
        0.0000500637  -0.0000360381   0.0000324320   0.0000575955   0.0000338850
       -0.0000259745   0.0000214244   0.0000031500   0.0000125134  -0.0000203713
       -0.0000051974   0.0000005103  -0.0000193920   0.0000093671   0.0000151475
       -0.0231700486   0.0078697180  -0.0066239985  -0.1534299925  -0.0061160478
       -0.0578364409  -0.0170416179  -0.0087098620  -0.0072194967  -0.0001997928
       -0.0003009495   0.0001485304  -0.0005095868  -0.0002133175   0.0000277873
       -0.0001512352  -0.0000570187  -0.0003272979  -0.0011385176   0.0018851528
        0.0005021084  -0.0005320047  -0.0001910035  -0.0000990550   0.0006779984
       -0.0004590259  -0.0005707445   0.0001527494   0.0002815159  -0.0003136615
       -0.0000107855  -0.0000273139  -0.0000175943   0.4688922574   0.0375309098
        0.0742735296  -0.0878253511   0.0178757174  -0.0714299507  -0.0006548847
        0.0007895609  -0.0019176593  -0.0001516818  -0.0008464161   0.0000076210
       -0.1503395514  -0.0392923961   0.0568396068   0.0006000222   0.0010847192
        0.0000712033  -0.0008662386  -0.0012084113  -0.0001740541   0.0004131136
        0.0000337011   0.0001680775   0.0001321497   0.0000352643   0.0000139462
        0.0002063419   0.0000387167  -0.0001128184   0.0002132399  -0.0001781850
        0.0006682860  -0.0005071100   0.0000038431  -0.0003411629   0.0000973997
        0.0001280172   0.0000883649  -0.0001038114   0.0002341255   0.0001025688
        0.0004406841   0.0001904095  -0.0001275533   0.0003754667   0.0000005104
        0.0000827359   0.0000606942  -0.0000071879   0.0000829105   0.0000683119
        0.0000563869  -0.0000277858  -0.0102792112   0.0097252021  -0.0277753200
        0.0018163135  -0.0087939077   0.0220854726   0.0000530430  -0.0001753713
       -0.0000268531  -0.0252941340  -0.0086627710   0.0104589821   0.0044153631
       -0.0007109015   0.0000202939  -0.0064095929  -0.0018133844   0.0092994217
        0.0156775730   0.0000054615   0.0095853245  -0.0044536024  -0.0582389642
       -0.0006635265  -0.0198067953  -0.0038306117  -0.0129441681  -0.0003970260
       -0.0000556354   0.0000155020  -0.0000464968  -0.0001185766   0.0001095240
       -0.0003070679   0.0005050970   0.0004649208   0.0030007033  -0.0027073593
       -0.0008494418  -0.0000502966  -0.0001811346   0.0000716292  -0.0000109793
       -0.0002743111   0.0000569478   0.0015754046  -0.0006036735   0.0004399987
        0.0000181084   0.0000822747   0.0000139946   0.0375309098   0.2619317683
       -0.2188629096   0.0189393648  -0.0995050489   0.1679823899   0.0030905399
        0.0012569032   0.0034085849  -0.0007004273   0.0005464726   0.0001354599
       -0.0410352996  -0.0797532562   0.0279809380  -0.0014174430  -0.0002113994
       -0.0009292215  -0.0027941293  -0.0043495108  -0.0005895241   0.0001065832
       -0.0000214544   0.0002352051  -0.0000100635  -0.0001135480   0.0002572553
        0.0000085684  -0.0000558854  -0.0000185735  -0.0000253658   0.0002072881
        0.0000844307   0.0010371548  -0.0000716663   0.0004519290  -0.0001248781
       -0.0000798009  -0.0001697147   0.0000737419   0.0000612490  -0.0000231212
        0.0002368548  -0.0009123531  -0.0007221733  -0.0001176508  -0.0002519739
        0.0004781892   0.0000161052  -0.0000206453   0.0000116165   0.0000322502
        0.0000301245  -0.0000118972   0.0009119739  -0.0007856532  -0.0002038809
        0.0007112168  -0.0066203601   0.0122363225   0.0000203599  -0.0000381717
        0.0000305031  -0.0028648937  -0.0004123734   0.0006286781  -0.0208889037
       -0.0122729285   0.0183403906   0.0120639059   0.0068596570  -0.0070315816
       -0.0009497442   0.0049323865   0.0055115126  -0.0415523897  -0.0015321945
       -0.0953553855  -0.0038114803  -0.0046577867   0.0012330853   0.0000696342
        0.0000824788  -0.0001912149  -0.0000812434   0.0001469448  -0.0002246617
        0.0002968605  -0.0002386698   0.0003345450   0.0011940674  -0.0013821282
       -0.0000450833  -0.0002863023  -0.0002046924   0.0000759465  -0.0000621976
        0.0001718326  -0.0002953965   0.0000275068   0.0004755732   0.0005462657
       -0.0000000181   0.0000623597  -0.0000607655   0.0742735296  -0.2188629096
        0.7436241719  -0.0765970574   0.1690083014  -0.4700152154  -0.0263279962
        0.0017029225  -0.0230973640   0.0004209560  -0.0004883519  -0.0004706102
        0.0603717664   0.0284834999  -0.1035705316  -0.0002439470   0.0001637834
        0.0007907199  -0.0005394992   0.0001290039   0.0007184418   0.0003105767
        0.0002127970  -0.0003652743   0.0000922464   0.0000297750  -0.0001494420
        0.0001027522   0.0000078182  -0.0000450407   0.0017124493  -0.0003984884
       -0.0008148002   0.0004417146   0.0000413200   0.0003879980  -0.0000887934
        0.0000309582   0.0000355302  -0.0000261201   0.0000235107   0.0001488349
       -0.0000070263  -0.0004616184   0.0004709103  -0.0001558353   0.0003644897
       -0.0007456602  -0.0000251703   0.0000016612   0.0000011827   0.0000469935
        0.0000411077  -0.0000164279  -0.0074644885   0.0052053801  -0.0156609619
        0.0005954545   0.0066362329  -0.0192442745  -0.0000572729  -0.0000391484
        0.0001018814  -0.0113856956  -0.0053282357   0.0076500553   0.0083918302
        0.0084917044  -0.0103981584   0.0213139395   0.0071483824  -0.0208648130
       -0.0002073325  -0.0004338629  -0.0004875926  -0.0075541726   0.0085077302
       -0.0258324353   0.0000402467   0.0008447287  -0.0003866419   0.0004478829
       -0.0001898015   0.0004061674  -0.0000636792   0.0001093704  -0.0001361193
       -0.0000038623  -0.0000408801  -0.0003027722  -0.0004269689   0.0002433387
        0.0001562209   0.0000163237  -0.0000596469   0.0000240033  -0.0000798574
        0.0004531798   0.0002384975  -0.0000068059  -0.0000793346   0.0000681059
       -0.0000090851   0.0000143602  -0.0000070828  -0.0878253511   0.0189393648
       -0.0765970574   0.5504880070   0.0801924768   0.0655365894  -0.0038656458
        0.0000235285  -0.0034312701   0.0000536993   0.0000645293   0.0000141348
       -0.0010467416  -0.0096909496   0.0219820993  -0.0000467592  -0.0001514883
       -0.0003256224  -0.0001419747  -0.0002434639   0.0001811464  -0.0014463647
       -0.0005355569  -0.0004247149  -0.0000427922   0.0000838546  -0.0001045642
       -0.0000802525   0.0000016161  -0.0000488074  -0.0017477323   0.0013433412
       -0.0002050860  -0.0001373672   0.0000044071  -0.0000142716   0.0000239899
        0.0000064551   0.0000727423  -0.0000838084  -0.0001199664   0.0000523555
       -0.0000714464   0.0001286197  -0.0000105395  -0.0001394728  -0.0000126792
       -0.0000346212  -0.0000155746  -0.0000079647  -0.0000061425  -0.0000317780
       -0.0000225251  -0.0000037381  -0.2614849732  -0.0133178258  -0.0939202391
       -0.1811962294  -0.0827629651   0.1059809898   0.0000033217   0.0000241227
        0.0000031812   0.0009335754  -0.0005860930   0.0023294408  -0.0022175186
       -0.0017538558   0.0026316676  -0.0020335002  -0.0009761640   0.0026019763
       -0.0004723644   0.0004076564  -0.0000022501   0.0039392894  -0.0013847647
        0.0014217620  -0.0010378208  -0.0003009231  -0.0003510304   0.0002133827
       -0.0001776237   0.0003635101  -0.0000141409  -0.0001593424   0.0000267156
       -0.0005391088   0.0000362414  -0.0008156536  -0.0000006530   0.0000798117
        0.0001707160   0.0000267656   0.0000719318   0.0001699434   0.0006195775
       -0.0004465717   0.0000706391  -0.0001141250  -0.0000512822  -0.0001427647
        0.0000065073   0.0000309361   0.0000428415   0.0178757174  -0.0995050489
        0.1690083014   0.0801924768   0.2190793308  -0.2549234812  -0.0003170573
        0.0007069453  -0.0005261222   0.0000411850  -0.0000254246   0.0001322566
       -0.0031863264  -0.0051514014   0.0167564680  -0.0003810366   0.0005295395
       -0.0000154068  -0.0003026611   0.0000957907  -0.0000834501  -0.0006773861
       -0.0004027389  -0.0005757063  -0.0000212806   0.0001306856  -0.0000544763
       -0.0000457901   0.0000641697   0.0000328702   0.0008625395  -0.0000870325
        0.0005469810  -0.0000435439   0.0000512236  -0.0000287114   0.0000594267
       -0.0000140567   0.0000600126  -0.0000015103   0.0000551727  -0.0000186977
        0.0002773311  -0.0001895175   0.0002334032   0.0000140957  -0.0000596898
        0.0000882060   0.0000314415  -0.0000218721  -0.0000084449   0.0000146619
        0.0000094798  -0.0000058101  -0.0130826003  -0.0333449938   0.0003689907
       -0.0830857223  -0.0786950020   0.0664384002  -0.0000308981   0.0000396019
       -0.0000550522   0.0009443713  -0.0001242900   0.0001165655  -0.0015656154
       -0.0009349701   0.0014928984  -0.0001991282  -0.0003119707   0.0000655768
        0.0024568861  -0.0015205241  -0.0008877264  -0.0142873415   0.0046125314
       -0.0182728038   0.0016014510   0.0013171839  -0.0001233622  -0.0007107627
       -0.0003275885  -0.0000845641   0.0002071352  -0.0001274245   0.0001055267
       -0.0004203483   0.0002741737   0.0001298315  -0.0004556335   0.0003221622
       -0.0000949486   0.0000181022   0.0001829761  -0.0001512448   0.0001087446
       -0.0001936497   0.0000273925   0.0000453962  -0.0000073667  -0.0002654406
       -0.0000003459  -0.0000006092   0.0000395271  -0.0714299507   0.1679823899
       -0.4700152154   0.0655365894  -0.2549234812   0.7255885341  -0.0022828542
       -0.0002003492  -0.0015582535   0.0001835652  -0.0000540029   0.0002668768
        0.0064459481   0.0142928448  -0.0278638520  -0.0002223461  -0.0000473584
        0.0000964459  -0.0000951706  -0.0001505027   0.0001437738   0.0003765179
        0.0002456456  -0.0000750179  -0.0002189741   0.0000875010  -0.0001858982
        0.0000249964   0.0000197681   0.0000113521  -0.0000634636  -0.0005548301
        0.0004197582  -0.0000722723  -0.0000516507  -0.0000267619   0.0000419630
        0.0000139509   0.0001463699  -0.0000523457   0.0001403814  -0.0001753788
        0.0000173454   0.0005058219   0.0001487656  -0.0000486451   0.0000056576
        0.0000589263   0.0000426587  -0.0000103574   0.0000292398   0.0000123916
        0.0000016634   0.0000022611  -0.0959586086  -0.0002298762  -0.0819902777
        0.1082079689   0.0676139613  -0.1251922257  -0.0000275018   0.0000743617
       -0.0000797199  -0.0014649215  -0.0005170659   0.0005849331   0.0017106893
        0.0003378036  -0.0006626076   0.0007731371   0.0008858590  -0.0000942153
       -0.0079792952   0.0015917129   0.0201214722  -0.0492654071  -0.0074977732
        0.0452762332  -0.0044961806  -0.0066221910   0.0119547358  -0.0005532116
       -0.0026822364   0.0004301799   0.0002187338   0.0000365866  -0.0001592419
       -0.0014334788   0.0026845294   0.0003014033   0.0006012090   0.0000995428
        0.0015938834  -0.0002800171  -0.0002482531   0.0001986603  -0.0010512778
        0.0004508405   0.0012626840   0.0003695275  -0.0006389004  -0.0000728869
        0.0000296949   0.0000418219  -0.0000797630  -0.0006548847   0.0030905399
       -0.0263279962  -0.0038656458  -0.0003170573  -0.0022828542   0.0730170490
        0.0104020413  -0.0492202505  -0.0001521453  -0.0000637096  -0.0001564774
       -0.0006205598   0.0001521419  -0.0022220728  -0.0001794191  -0.0000383753
        0.0000281484  -0.0003537871  -0.0008817611   0.0010967858  -0.0001611877
       -0.0000098062   0.0000941659  -0.0004150923  -0.0002104964   0.0004071486
        0.0000514757  -0.0000150095  -0.0000916564  -0.0000587823   0.0000665898
       -0.0001460440   0.0000986593  -0.0000835238  -0.0000888575  -0.0011625530
        0.0002312227  -0.0008215760   0.0000308567  -0.0000998644   0.0001249524
       -0.0000847529  -0.0000459505  -0.0001710740   0.0003597029   0.0000061595
       -0.0000714834  -0.0000416328   0.0000173811  -0.0000365048   0.0000836448
        0.0000413854  -0.0000196364  -0.0005725005   0.0009950443  -0.0008559181
       -0.0001396546  -0.0002430226   0.0001819721   0.0000276911  -0.0000734933
        0.0000237554  -0.0000142320  -0.0000321832   0.0000918510  -0.0002407392
       -0.0007343244  -0.0003326838  -0.0011118076   0.0006303916  -0.0000310545
        0.0083742635  -0.0001883488  -0.0208137655  -0.0076266625  -0.0457146888
        0.0346865052  -0.0110745442  -0.0100279596   0.0249429303  -0.0015529555
       -0.0043768597   0.0001298471   0.0001129535   0.0000546136  -0.0001536813
        0.0018942609  -0.0023418096  -0.0003587656  -0.0005267911   0.0003383957
       -0.0005007235  -0.0000221207   0.0000210850   0.0000633682   0.0009892841
       -0.0004853538  -0.0012904118   0.0012520327   0.0003080453  -0.0013643843
       -0.0000317079  -0.0000266672   0.0000181471   0.0007895609   0.0012569032
        0.0017029225   0.0000235285   0.0007069453  -0.0002003492   0.0104020413
        0.0612754442  -0.0383997664  -0.0004283565   0.0005115377   0.0003117281
       -0.0006902431   0.0004041884  -0.0006242325   0.0001069049  -0.0004131356
        0.0000503326  -0.0006744635   0.0003760887   0.0011172769  -0.0000677181
       -0.0000595118   0.0000352305  -0.0008663147  -0.0003843194   0.0008326574
        0.0000427323  -0.0000739487  -0.0000642742  -0.0000853072  -0.0001689715
        0.0000949181  -0.0001123040  -0.0001031620  -0.0001427564   0.0001334473
        0.0003767315   0.0001958705   0.0000454160   0.0001024955  -0.0001228479
       -0.0000778223  -0.0000206346   0.0001241584  -0.0001272044  -0.0009828449
        0.0001922794  -0.0000013052  -0.0000012021  -0.0000238287   0.0000051269
       -0.0000087703   0.0000010275   0.0000690100   0.0000608023   0.0000527105
       -0.0000336719  -0.0000271426  -0.0000609945  -0.0000179466  -0.0000146058
       -0.0000676684  -0.0001153443  -0.0001475833   0.0000014816  -0.0004488171
       -0.0003952264  -0.0002465304   0.0003410383   0.0001694701  -0.0001184113
        0.0071154853  -0.0016472161  -0.0147651962   0.0444879906   0.0349201372
       -0.2459929479   0.0020812931   0.0021161526  -0.0049373226   0.0001699656
        0.0013978410   0.0009592458  -0.0001257644  -0.0000497751   0.0000281313
        0.0009755401  -0.0020641747   0.0001314289  -0.0014817978   0.0006395841
        0.0011887032   0.0000728136   0.0000765806  -0.0001386584   0.0010580234
       -0.0005319475  -0.0011283792  -0.0001688779   0.0007162365   0.0000071670
       -0.0001232562  -0.0000521178   0.0000306825  -0.0019176593   0.0034085849
       -0.0230973640  -0.0034312701  -0.0005261222  -0.0015582535  -0.0492202505
       -0.0383997664   0.2851236893  -0.0003192558  -0.0000393252   0.0004462697
        0.0020214063   0.0003765378   0.0011533686   0.0000321925   0.0003736987
       -0.0002011922  -0.0004515484  -0.0008902324   0.0014481631  -0.0000185853
       -0.0000917419   0.0001822315   0.0003315320   0.0001361900  -0.0003313414
       -0.0000762003   0.0000153834   0.0001060837  -0.0000443757  -0.0000099172
        0.0002220399  -0.0001047010   0.0000814319  -0.0000144534   0.0001431636
        0.0001227339   0.0004922865  -0.0000465396   0.0002137970  -0.0000795080
       -0.0000538204   0.0000143870  -0.0001363074  -0.0001401413  -0.0007278395
        0.0004782817   0.0000264691  -0.0000006928   0.0000597589  -0.0000076586
       -0.0000189810  -0.0000213237  -0.0005903640   0.0008992469  -0.0007643375
       -0.0000941912  -0.0002418501   0.0002643794   0.0000736667   0.0000770989
       -0.0000661860   0.0005845269   0.0001139191   0.0001814801  -0.0003260943
       -0.0006591639   0.0001981660  -0.0004317164   0.0002513223   0.0005312141
        0.0093527741  -0.0042226277  -0.0018628308  -0.0000328272  -0.0022077689
       -0.0002406287   0.0003239322  -0.0002699766  -0.0002267507   0.0000119481
       -0.0000074765  -0.0001347943   0.0002394351  -0.0002162778  -0.0001509631
       -0.0015418392   0.0017240102   0.0009705878   0.0000420013  -0.0016615920
       -0.0006783833   0.0005444107   0.0004507234  -0.0000969839  -0.0004473210
       -0.0070787876   0.0059920153  -0.1486556722   0.0556853815   0.0099946811
        0.0000447357  -0.0000926138  -0.0000578220  -0.0001516818  -0.0007004273
        0.0004209560   0.0000536993   0.0000411850   0.0001835652  -0.0001521453
       -0.0004283565  -0.0003192558   0.3466599048   0.0752871209  -0.0128853506
       -0.0003545987   0.0004512507   0.0000824984   0.0000231570  -0.0002243375
        0.0000059515  -0.0000146717   0.0000471155   0.0000404321  -0.0000178532
       -0.0000450647   0.0000596454   0.0000494099   0.0000093293  -0.0000046341
        0.0000434492   0.0000845558  -0.0000297171   0.0000443541  -0.0001630357
        0.0002701668  -0.0003115768  -0.0016718781  -0.0002185034  -0.0000674129
       -0.0001102028  -0.0001279635  -0.0001962487   0.0020970862  -0.0020749082
       -0.0296858662   0.0276293304  -0.0012501912  -0.0228124055   0.0222923839
        0.0118377927   0.0000028359   0.0000217388   0.0000363363  -0.0000355576
        0.0000294143   0.0000453844   0.0000790861  -0.0000132279   0.0000570527
       -0.0000018516   0.0000130707  -0.0000628919  -0.1536355730  -0.1672453344
       -0.0091099962   0.0000540480   0.0000614803  -0.0000816931   0.0005179352
        0.0003466570  -0.0004069327   0.0000279859   0.0000871519   0.0000241289
        0.0179447808  -0.0318951660  -0.0044387901  -0.0035887048  -0.0054481838
        0.0014168671   0.0012401241  -0.0013340767  -0.0001590216  -0.0000617484
        0.0002458726  -0.0001031990   0.0001228036   0.0001496308  -0.0002695091
        0.0003397153   0.0014086836  -0.0008575760   0.0009010317  -0.0003766377
        0.0003009802   0.0006162970   0.0000895710   0.0003717590  -0.0026429818
       -0.0052567766   0.0068046379   0.0808724302  -0.1303643876  -0.0119953735
        0.0000249265   0.0002641380  -0.0000732674  -0.0008464161   0.0005464726
       -0.0004883519   0.0000645293  -0.0000254246  -0.0000540029  -0.0000637096
        0.0005115377  -0.0000393252   0.0752871209   0.5114818569   0.0413166055
        0.0003899645  -0.0002320905   0.0000481142  -0.0001166350  -0.0005152628
       -0.0000284997  -0.0000133559  -0.0000220115  -0.0001145473   0.0000743085
        0.0000633734   0.0000119925  -0.0000895577  -0.0000570048  -0.0000272578
        0.0000076871   0.0000853721   0.0001290245   0.0002556887   0.0000444041
       -0.0001524277  -0.0014676071  -0.0007167132  -0.0006105689   0.0004415911
       -0.0001881431  -0.0001984462  -0.0006235573   0.0000951479  -0.0007620246
        0.0143375930  -0.0090254047   0.0040839858   0.0146338433  -0.0074218200
       -0.0099845878  -0.0000278104   0.0000161419  -0.0000713384   0.0000870312
       -0.0000141398   0.0000066147   0.0000248411   0.0000209837  -0.0000252444
       -0.0000316729   0.0000352162  -0.0000223201  -0.1976061596  -0.3220029799
       -0.0242284093  -0.0000246860  -0.0000075764   0.0001069093  -0.0003510622
       -0.0001198406   0.0001081195  -0.0001106430  -0.0000347624  -0.0000015211
       -0.0008840173  -0.0011768414   0.0013953624  -0.0001258307  -0.0003330707
        0.0002717921   0.0000125336  -0.0001081636   0.0001084747   0.0000363376
        0.0000589520   0.0000781500  -0.0002030647   0.0002686900   0.0003834166
        0.0009794039  -0.0025374587  -0.0014687754  -0.0007368362  -0.0013273428
        0.0004255371   0.0002279259   0.0001957548  -0.0004212333   0.0046056005
        0.0088587373  -0.0047796437   0.0147884877  -0.0115571601  -0.0502409686
       -0.0000567426  -0.0000415575   0.0000861152   0.0000076210   0.0001354599
       -0.0004706102   0.0000141348   0.0001322566   0.0002668768  -0.0001564774
        0.0003117281   0.0004462697  -0.0128853506   0.0413166055   0.0586597093
        0.0001524661   0.0000215109   0.0001491764  -0.0000202776  -0.0000277641
        0.0000115236   0.0000674378   0.0000664616   0.0000599668   0.0000412641
       -0.0000699051   0.0000554318  -0.0000134153   0.0001065072   0.0000485082
       -0.0000868599  -0.0001337546   0.0001161082  -0.0001238619   0.0001095347
        0.0002195792   0.0003502090  -0.0006184288  -0.0006670788   0.0000687296
        0.0003254193   0.0002900893  -0.0017619598  -0.0000597835  -0.0037259214
       -0.0158526263   0.0144490496   0.0054868600   0.0243546506  -0.0230144310
       -0.0023383218   0.0001294799  -0.0000086050   0.0000680365  -0.0000686053
       -0.0000558086   0.0000382015   0.0000324167  -0.0000410982   0.0000289226
       -0.0000275109  -0.0000871751   0.0000773898  -0.0125880755  -0.0250273468
       -0.0046793251   0.0001465616  -0.0001323101   0.0001022040  -0.0003341017
       -0.0000889122  -0.0001714185  -0.0000896467   0.0000902506   0.0000895950
       -0.0012950499  -0.0006129451  -0.0004827032  -0.0257702495  -0.0098044820
        0.0075680197  -0.0025216367   0.0007114167  -0.0013250924  -0.0001391931
       -0.0003558446   0.0001266662   0.0000972954  -0.0000105455  -0.0000052661
        0.0000591196  -0.0000548075  -0.0000740945  -0.0002970787   0.0004187409
        0.0000133709   0.0001402630   0.0000286620  -0.0000165722  -0.0001688803
        0.0001564292   0.0001844780   0.0003110500  -0.0001914954  -0.0003026001
       -0.0000191365   0.0000080822   0.0000100897  -0.1503395514  -0.0410352996
        0.0603717664  -0.0010467416  -0.0031863264   0.0064459481  -0.0006205598
       -0.0006902431   0.0020214063  -0.0003545987   0.0003899645   0.0001524661
        0.4906201976  -0.0078205926   0.0365016333   0.0000254406   0.0002090570
        0.0000350854  -0.0003942107  -0.0007779627  -0.0001650466  -0.0000623333
        0.0000238850  -0.0001030382  -0.0001328131  -0.0000314571   0.0001331387
       -0.0000359006  -0.0000198073  -0.0000132078  -0.0000749621  -0.0000096576
       -0.0000467148  -0.0001766148  -0.0000073631  -0.0000731468   0.0000037063
       -0.0000372782   0.0000610348   0.0000337711  -0.0000403952  -0.0000423494
       -0.0003862900   0.0003272835   0.0001223772  -0.0005515011   0.0002197326
        0.0002169142  -0.0000209917  -0.0000014013  -0.0000199563  -0.0000197024
       -0.0000136504  -0.0000022422   0.0010999653   0.0020150984  -0.0012183517
        0.0016603886  -0.0014634582  -0.0021948570  -0.0000319812  -0.0000403062
        0.0000089940  -0.2077245676  -0.0090320668  -0.1123516624  -0.0532720875
        0.0474943841  -0.0218613607  -0.0485945649   0.0232346500   0.0263248734
        0.0000744592  -0.0009333502  -0.0001703389  -0.0036794013   0.0017348077
        0.0001153741  -0.0003875360  -0.0004771140  -0.0001344218   0.0001318946
       -0.0000120306  -0.0000002974   0.0000473843   0.0000123341  -0.0000369748
        0.0001777037  -0.0000313454   0.0002854232  -0.0000876954   0.0001855165
       -0.0000482193  -0.0000137022  -0.0000335451   0.0000429153  -0.0001192440
        0.0002102621  -0.0000378405  -0.0009640140   0.0000202403   0.0001335434
       -0.0000007675   0.0000099613  -0.0000231457  -0.0392923961  -0.0797532562
        0.0284834999  -0.0096909496  -0.0051514014   0.0142928448   0.0001521419
        0.0004041884   0.0003765378   0.0004512507  -0.0002320905   0.0000215109
       -0.0078205926   0.4924187561  -0.0037271784  -0.0000635077   0.0000566815
       -0.0000166564  -0.0000711097   0.0000923283  -0.0000397129   0.0000048692
        0.0000568209  -0.0000425953   0.0000074805   0.0000145776  -0.0000110618
        0.0000292199   0.0000291764  -0.0000112986   0.0000046876  -0.0000969376
       -0.0000637375  -0.0000174658  -0.0000150642  -0.0000305196   0.0000151223
        0.0000330700   0.0000022468  -0.0000702727  -0.0000830561   0.0000828572
        0.0004014142  -0.0000271728  -0.0000259921   0.0008291271  -0.0002703002
       -0.0000782746  -0.0000077252   0.0000088448  -0.0000070244   0.0000128350
        0.0000108591   0.0000011960   0.0004235579  -0.0042063446  -0.0025182337
       -0.0023059425   0.0100683798   0.0063107244  -0.0001079627   0.0000546852
       -0.0000180039  -0.0089544942  -0.0455832449  -0.0065707873   0.0456359887
       -0.2399675555   0.0782423443   0.0252556422  -0.1285476806  -0.1147787029
       -0.0008760693  -0.0004019078  -0.0002585760  -0.0075414161  -0.0024727093
        0.0036432790  -0.0018234986  -0.0004559763  -0.0003373038  -0.0000104727
       -0.0000839274  -0.0001912462   0.0000205002  -0.0000240005   0.0000572572
       -0.0001271769   0.0000961515  -0.0003124027  -0.0001263803   0.0002469562
        0.0000581932   0.0001020227   0.0000985193  -0.0000968927   0.0000463886
       -0.0000213613   0.0001809455   0.0003016779  -0.0002490990  -0.0006339597
       -0.0000002695  -0.0000187638   0.0000388431   0.0568396068   0.0279809380
       -0.1035705316   0.0219820993   0.0167564680  -0.0278638520  -0.0022220728
       -0.0006242325   0.0011533686   0.0000824984   0.0000481142   0.0001491764
        0.0365016333  -0.0037271784   0.4984818159   0.0000343777   0.0000322562
       -0.0000705706  -0.0001452874  -0.0002248959  -0.0000465129  -0.0000958886
       -0.0001291315   0.0001675420  -0.0000372846  -0.0000657587   0.0001405265
       -0.0000470202   0.0000021230   0.0000354868  -0.0000665511   0.0001227356
        0.0000964302  -0.0001038459   0.0000019000  -0.0000481157   0.0000449313
       -0.0000142829   0.0000873926  -0.0000100252  -0.0000169102  -0.0000478701
        0.0003331373  -0.0001625034   0.0003069015  -0.0003400199   0.0000167465
        0.0000638495   0.0000207131  -0.0000013508   0.0000236226  -0.0000266970
       -0.0000228554   0.0000059423   0.0026098497  -0.0014977720  -0.0000046701
       -0.0013072806   0.0054813541  -0.0024318638  -0.0000111204   0.0000498670
       -0.0000488194  -0.1120653828  -0.0061081539  -0.1198218011  -0.0204827304
        0.0769507768  -0.0692322284   0.0285470539  -0.1115621354  -0.1796733564
       -0.0005729330  -0.0016449155  -0.0000988883   0.0069516864  -0.0082459693
       -0.0004151533  -0.1592948156   0.1167656629  -0.0038734471  -0.0156732130
        0.0133850305   0.0035484029  -0.0024385692  -0.0009323703   0.0030560919
       -0.0001110908  -0.0002139157  -0.0000809433  -0.0000586401   0.0001786319
        0.0000361518   0.0000574431  -0.0001543272   0.0001720689   0.0000788883
        0.0000361332   0.0001209830   0.0001994686  -0.0003447444  -0.0001042075
        0.0000804817   0.0000483941   0.0000048384   0.0006000222  -0.0014174430
       -0.0002439470  -0.0000467592  -0.0003810366  -0.0002223461  -0.0001794191
        0.0001069049   0.0000321925   0.0000231570  -0.0001166350  -0.0000202776
        0.0000254406  -0.0000635077   0.0000343777   0.1867237979  -0.1322554618
        0.0020287551  -0.0163186586   0.0144420965  -0.0043855988   0.0009722567
        0.0001115950  -0.0004642372  -0.0004358128  -0.0001747314  -0.0000339737
       -0.0006392714   0.0008825953   0.0003430049  -0.0000066913   0.0000406918
        0.0000558829   0.0000282231  -0.0000577058   0.0000609607  -0.0000575983
       -0.0001183562   0.0001581970   0.0000063783  -0.0000930321  -0.0000474449
        0.0000170991   0.0000172964   0.0000346957   0.0000067458   0.0000191647
       -0.0000337141   0.0000018810   0.0000171501   0.0000237772   0.0000133153
        0.0000125208   0.0000141496  -0.0000963068   0.0001136877   0.0001044520
        0.0000923754   0.0000314723   0.0001338406   0.0000265589  -0.0000419867
        0.0000013594   0.0000169507   0.0000220128  -0.0000127746   0.0000093231
        0.0000809527  -0.0000001224  -0.0000017141  -0.0000558549   0.0000728937
       -0.0026216227  -0.0048746799   0.0008212627   0.0159767487  -0.0252101686
       -0.0002906975   0.1163717121  -0.1553442736   0.0022423593  -0.0002497202
        0.0016745803  -0.0002617673   0.0001256926   0.0007409834  -0.0001403836
       -0.0000801191   0.0001501242   0.0003296090  -0.0001420710   0.0001137595
       -0.0000440150   0.0000150723  -0.0000557922  -0.0000535776  -0.0000818174
       -0.0000142978   0.0000018483   0.0010528748  -0.0007294221  -0.0004255889
       -0.0000529995  -0.0000027928  -0.0000244191   0.0010847192  -0.0002113994
        0.0001637834  -0.0001514883   0.0005295395  -0.0000473584  -0.0000383753
       -0.0004131356   0.0003736987  -0.0002243375  -0.0005152628  -0.0000277641
        0.0002090570   0.0000566815   0.0000322562  -0.1322554618   0.1825732338
       -0.0033956257   0.0010680477   0.0012481680   0.0010636069  -0.0002448324
        0.0003563052  -0.0000538961   0.0001070533  -0.0000184549  -0.0000404693
       -0.0000107700  -0.0000966438   0.0000296951  -0.0000047152  -0.0000669858
       -0.0001097281  -0.0000862042   0.0001071685  -0.0000031756  -0.0000055078
       -0.0000000997  -0.0000170938  -0.0000232858   0.0001267556  -0.0000067490
        0.0000064672  -0.0000306001  -0.0000017898   0.0000507293   0.0000063941
       -0.0000100405  -0.0000143533  -0.0000142908   0.0000052886  -0.0000023509
        0.0000155428  -0.0000122372   0.0000984017  -0.0001275932  -0.0000668433
        0.0000746620   0.0000900656  -0.0002004491   0.0000465804  -0.0001267578
        0.0000067562   0.0000655431   0.0000239533  -0.0000274067   0.0000839217
        0.0000701663  -0.0000197609  -0.0001472509  -0.0000307709   0.0002106723
       -0.0000663519  -0.0003886247   0.0000016130  -0.0003255465  -0.0000799205
        0.0009013116  -0.0044454799   0.0030065454  -0.0424324749   0.0195966304
       -0.0160928536  -0.0029830638   0.0036209293   0.0004010883  -0.0033281924
        0.0000962826   0.0002086092   0.0001543986  -0.0001142543   0.0002430274
        0.0001225348  -0.0001425839   0.0002533770  -0.0004132350  -0.0000449645
        0.0000890031  -0.0000248420   0.0000242309   0.0000049905   0.0000004134
        0.0000443041   0.0000674701   0.0001415100   0.0000712033  -0.0009292215
        0.0007907199  -0.0003256224  -0.0000154068   0.0000964459   0.0000281484
        0.0000503326  -0.0002011922   0.0000059515  -0.0000284997   0.0000115236
        0.0000350854  -0.0000166564  -0.0000705706   0.0020287551  -0.0033956257
        0.0504822284  -0.0217544851   0.0185764242  -0.0029509052   0.0003851146
       -0.0008907200   0.0005700482   0.0000106263   0.0000434117   0.0000139376
        0.0008461154  -0.0010123918  -0.0004272423   0.0000067386  -0.0000200055
       -0.0000639783   0.0000401473   0.0000388381   0.0000554525  -0.0000143374
       -0.0001569592   0.0001299432  -0.0000270507  -0.0000163499   0.0000317582
        0.0000055497   0.0000014294  -0.0000099985  -0.0000080677   0.0000032950
        0.0000030483   0.0000161363  -0.0000152468   0.0000379547  -0.0000280444
       -0.0000011647  -0.0000241483   0.0001052306   0.0000599953  -0.0000489926
        0.0001817901  -0.0000343068  -0.0003959104   0.0000077967   0.0000086055
        0.0000017898  -0.0000254119  -0.0000490757  -0.0000334925   0.0000050082
        0.0000219698  -0.0000488233   0.0001604258   0.0000646166  -0.0000895693
       -0.0001338464  -0.0000812883  -0.0001742118  -0.0097837036  -0.0063948426
       -0.0101322984  -0.1109488158  -0.0111978051  -0.1063757279   0.0075909422
        0.0005482288   0.0159954869   0.0003955247  -0.0002645376  -0.0000516482
       -0.0001024339   0.0001525711  -0.0001375086  -0.0001861449   0.0008489498
        0.0000389712  -0.0001807582   0.0007375709   0.0004088250   0.0000328228
       -0.0001391407   0.0000460034   0.0000564413  -0.0000147221  -0.0000310789
       -0.0004460662  -0.0000456867   0.0000037249  -0.0008662386  -0.0027941293
       -0.0005394992  -0.0001419747  -0.0003026611  -0.0000951706  -0.0003537871
       -0.0006744635  -0.0004515484  -0.0000146717  -0.0000133559   0.0000674378
       -0.0003942107  -0.0000711097  -0.0001452874  -0.0163186586   0.0010680477
       -0.0217544851   0.1321981034   0.0182775467   0.1185282990  -0.0011204070
       -0.0002762365   0.0034206718   0.0010352319   0.0001827586   0.0009474032
       -0.0000906010  -0.0000553473  -0.0000843630  -0.0000737219  -0.0000377636
        0.0000665799  -0.0000638506   0.0001035515   0.0001058035   0.0002499453
        0.0002734638   0.0000130630   0.0000026261   0.0000505088  -0.0000394155
       -0.0000198597   0.0000626707   0.0000609553  -0.0000492387  -0.0000181622
       -0.0000037626  -0.0000494197   0.0000457196  -0.0000592964  -0.0000067286
       -0.0001008352  -0.0000036050  -0.0000106546   0.0002099437   0.0001303911
       -0.0001007998  -0.0001385647   0.0001624270   0.0000016632   0.0000331024
       -0.0000129434  -0.0000492152   0.0000273137   0.0001172823   0.0000186488
       -0.0000138898  -0.0000064177  -0.0000761425   0.0000125944  -0.0000150575
       -0.0005319642  -0.0000542037  -0.0001503068  -0.0189200798  -0.0085834569
       -0.0209432860  -0.0108878785  -0.0448925639  -0.0217722069  -0.0001941646
        0.0005536226   0.0033677399  -0.0001332360   0.0002061606  -0.0001833312
        0.0001286061  -0.0000745242  -0.0001287359   0.0003185975  -0.0008683468
       -0.0003143447   0.0009882499  -0.0000922166  -0.0007467214  -0.0000102503
        0.0000138194   0.0001327669   0.0001267783  -0.0001692293   0.0000723782
        0.0001155226   0.0000486786   0.0000653171  -0.0012084113  -0.0043495108
        0.0001290039  -0.0002434639   0.0000957907  -0.0001505027  -0.0008817611
        0.0003760887  -0.0008902324   0.0000471155  -0.0000220115   0.0000664616
       -0.0007779627   0.0000923283  -0.0002248959   0.0144420965   0.0012481680
        0.0185764242   0.0182775467   0.0564633498   0.0192942227  -0.0003961448
        0.0007158946   0.0011001780   0.0000086762   0.0002441002   0.0013694713
        0.0000148234  -0.0000989804   0.0000836808  -0.0000584100  -0.0000303048
        0.0001238201  -0.0001165638  -0.0000155363   0.0001381001   0.0002242399
       -0.0011044937   0.0008238705  -0.0000383350  -0.0000234660  -0.0000626189
        0.0000444376   0.0001296197   0.0000954448  -0.0000425399   0.0000277031
       -0.0000412163   0.0000448654  -0.0000239008   0.0000496242  -0.0001282652
       -0.0000545656   0.0000569326  -0.0000780587   0.0003625840   0.0000936286
        0.0000113339  -0.0001692025  -0.0000758236   0.0000030475   0.0000352817
       -0.0000141853  -0.0001817166  -0.0000185722   0.0001045568   0.0000587581
        0.0000402318  -0.0000432577  -0.0000254889  -0.0000083358  -0.0000019565
       -0.0002228414  -0.0002101895  -0.0002204779  -0.0023440166  -0.0005265189
       -0.0019732670  -0.1060628341  -0.0219829893  -0.2015987840  -0.0095973413
        0.0001695812  -0.0288830883  -0.0004098683   0.0002714171   0.0002207857
       -0.0001171974  -0.0001590588  -0.0001501575  -0.0002343416   0.0003241223
        0.0004491856   0.0004992549  -0.0005519887  -0.0001396814   0.0001563507
        0.0000653368   0.0000203595   0.0000204214   0.0001269762  -0.0000437919
        0.0000563771   0.0002444277   0.0002437069  -0.0001740541  -0.0005895241
        0.0007184418   0.0001811464  -0.0000834501   0.0001437738   0.0010967858
        0.0011172769   0.0014481631   0.0000404321  -0.0001145473   0.0000599668
       -0.0001650466  -0.0000397129  -0.0000465129  -0.0043855988   0.0010636069
       -0.0029509052   0.1185282990   0.0192942227   0.2365079464   0.0036601019
        0.0007932838  -0.0050843918  -0.0004444863   0.0000039863   0.0005804336
       -0.0000493979   0.0001043919   0.0001446511   0.0000707284   0.0001658448
        0.0000990907   0.0000077716   0.0001495171   0.0000296838  -0.0000742440
        0.0002393508   0.0002842999  -0.0000808331  -0.0000007174   0.0000151059
        0.0000022693   0.0000528579   0.0000140351  -0.0000064694  -0.0000054397
        0.0000238839  -0.0000316578  -0.0000234250  -0.0000028827   0.0000364262
        0.0000507508  -0.0000789570   0.0000392552   0.0000024192   0.0000499774
        0.0000411152   0.0000210307   0.0000603323   0.0000245977   0.0000530908
       -0.0000125312  -0.0000160667   0.0000002460   0.0000445749  -0.0000025887
       -0.0000497641   0.0000022294  -0.0000424491   0.0000235880   0.0000248015
        0.0000221212  -0.0000292245   0.0000454327   0.0000809374  -0.0001813735
       -0.0000459318   0.0083550611  -0.0025142826   0.0150577277  -0.1043649468
        0.0202514101  -0.1017439421  -0.0120660273   0.0081725671  -0.0146655381
        0.0005727420  -0.0010734737  -0.0000723730  -0.0000495052  -0.0000490140
       -0.0003174736  -0.0023375332   0.0032754757   0.0008087115  -0.0001228357
       -0.0001549754   0.0001280071  -0.0000452628  -0.0000966372   0.0000215430
       -0.0000326875   0.0003718324  -0.0003479585   0.0004131136   0.0001065832
        0.0003105767  -0.0014463647  -0.0006773861   0.0003765179  -0.0001611877
       -0.0000677181  -0.0000185853  -0.0000178532   0.0000743085   0.0000412641
       -0.0000623333   0.0000048692  -0.0000958886   0.0009722567  -0.0002448324
        0.0003851146  -0.0011204070  -0.0003961448   0.0036601019   0.1252513847
       -0.0256349564   0.1166732049  -0.0128363435   0.0004011106  -0.0189132519
       -0.0001924254  -0.0001293479  -0.0001602035   0.0006180735  -0.0001238835
        0.0001028110  -0.0000013689  -0.0000134055  -0.0000123836  -0.0000085080
        0.0000403407   0.0000228580  -0.0000034863  -0.0001622386   0.0000070565
        0.0000223053   0.0000038887   0.0000125070  -0.0000104547  -0.0000043364
        0.0000025630   0.0001133417  -0.0003954249  -0.0002216832  -0.0000091818
        0.0001552318   0.0000856580  -0.0000397351   0.0001383915  -0.0000984639
       -0.0015747807  -0.0011086995  -0.0009152051   0.0000080368   0.0000026363
       -0.0000109013  -0.0000116618  -0.0000026610  -0.0000130601   0.0000377576
        0.0000540480  -0.0000425423   0.0000477589   0.0000073222  -0.0000462696
       -0.0001575678  -0.0001342315   0.0000987075   0.0000361411   0.0000461997
        0.0001801737   0.0027651878  -0.0001141845   0.0043354734   0.0202278037
       -0.0503909597   0.0367675269   0.0159387846  -0.0095638282   0.0191411781
        0.0015442470   0.0004961194   0.0010727799  -0.0000960763   0.0001111915
        0.0002360634   0.0032025037  -0.0038690748  -0.0013125196  -0.0004575340
        0.0005222236   0.0000898190   0.0000845689  -0.0000395365   0.0000273739
        0.0001602518  -0.0001570000   0.0006471291   0.0000337011  -0.0000214544
        0.0002127970  -0.0005355569  -0.0004027389   0.0002456456  -0.0000098062
       -0.0000595118  -0.0000917419  -0.0000450647   0.0000633734  -0.0000699051
        0.0000238850   0.0000568209  -0.0001291315   0.0001115950   0.0003563052
       -0.0008907200  -0.0002762365   0.0007158946   0.0007932838  -0.0256349564
        0.0594886502  -0.0396737145  -0.0150868634   0.0028573685  -0.0205965662
       -0.0001740465   0.0004661813   0.0000401167  -0.0003536351  -0.0011201494
       -0.0004619500   0.0000089594   0.0000595556  -0.0000347077  -0.0000716121
        0.0000012283   0.0000493326   0.0000368435   0.0001003292  -0.0000354688
       -0.0000252491  -0.0000381854  -0.0000256030   0.0000142236   0.0000355564
       -0.0000298858  -0.0001495630   0.0005232190   0.0003661920   0.0001525363
       -0.0002459058  -0.0001433325   0.0002018824   0.0001159545  -0.0000905600
       -0.0015304275   0.0001257601  -0.0006809301  -0.0000071641  -0.0000115936
        0.0000227910  -0.0000080397   0.0000077617  -0.0000114927   0.0000323908
        0.0000125065  -0.0000084396   0.0000438936   0.0000061553  -0.0000397145
        0.0000486264   0.0001018322  -0.0000720021  -0.0000528348   0.0002133716
       -0.0001427481  -0.0096044019   0.0035057214  -0.0250521527  -0.1011231296
        0.0356134223  -0.2025937107  -0.0003253560   0.0008477498   0.0018523338
        0.0004323667  -0.0006289626   0.0001951754  -0.0000834339   0.0000303008
        0.0000577551  -0.0007116898  -0.0001139331   0.0003428251   0.0000662105
        0.0001659706   0.0000981027  -0.0000617792  -0.0000647747  -0.0000560872
        0.0001132023   0.0002011129   0.0000587317   0.0001680775   0.0002352051
       -0.0003652743  -0.0004247149  -0.0005757063  -0.0000750179   0.0000941659
        0.0000352305   0.0001822315   0.0000596454   0.0000119925   0.0000554318
       -0.0001030382  -0.0000425953   0.0001675420  -0.0004642372  -0.0000538961
        0.0005700482   0.0034206718   0.0011001780  -0.0050843918   0.1166732049
       -0.0396737145   0.2362524052  -0.0078719422  -0.0005106630  -0.0085264220
       -0.0000151976  -0.0000668626   0.0003517865   0.0002102260   0.0001477070
        0.0003746632   0.0000273244   0.0000024055   0.0000310890  -0.0000189350
       -0.0001191461   0.0001257295  -0.0000278274  -0.0001376041   0.0000844738
        0.0000330476   0.0000446090   0.0000420961   0.0000027244  -0.0000317873
        0.0000050186   0.0000464272  -0.0000730637  -0.0000031863   0.0000364307
       -0.0000036706  -0.0000214857  -0.0002739056  -0.0000361155   0.0000611118
       -0.0001736486  -0.0000674156   0.0010810987  -0.0000046736  -0.0000058990
       -0.0000266564   0.0000167313  -0.0000031701   0.0000417902  -0.0000487465
       -0.0000437317  -0.0000002548  -0.0000595911  -0.0000040974  -0.0000120501
        0.0000612430   0.0002671683  -0.0000260717  -0.0018296967   0.0002282493
        0.0030588108  -0.0135913320  -0.0167052570   0.0001582651  -0.1230028636
       -0.1074024552  -0.0294020887   0.0080680610   0.0133474054   0.0031346551
       -0.0009738529   0.0019802106  -0.0000934089   0.0000969014  -0.0000665174
       -0.0000877480   0.0007241153  -0.0000441219   0.0005104562   0.0002613836
        0.0009417801   0.0004052010   0.0000226169   0.0001560224  -0.0000373685
        0.0001237492   0.0000973341  -0.0000192697   0.0001321497  -0.0000100635
        0.0000922464  -0.0000427922  -0.0000212806  -0.0002189741  -0.0004150923
       -0.0008663147   0.0003315320   0.0000494099  -0.0000895577  -0.0000134153
       -0.0001328131   0.0000074805  -0.0000372846  -0.0004358128   0.0001070533
        0.0000106263   0.0010352319   0.0000086762  -0.0004444863  -0.0128363435
       -0.0150868634  -0.0078719422   0.1424565897   0.1228046978   0.0299749988
        0.0006601135   0.0001219831  -0.0000344337  -0.0000375787   0.0001157630
        0.0001756906  -0.0000136578   0.0000015613   0.0000335176  -0.0000793160
       -0.0000093478   0.0000167531  -0.0000134878   0.0001751684   0.0000441682
        0.0000016125   0.0000398223   0.0000216481  -0.0000119828   0.0000424900
       -0.0000079816  -0.0000175353  -0.0000923295   0.0001001172  -0.0001591307
        0.0000418129   0.0000223234  -0.0001070499  -0.0000082169   0.0000900188
       -0.0000076312  -0.0001380065   0.0001225261  -0.0000004764   0.0000233521
        0.0000005117  -0.0000296646   0.0000093502  -0.0000148692   0.0000305848
        0.0000376171  -0.0000079041   0.0000143479  -0.0000146662   0.0000131801
       -0.0000002301   0.0001417470  -0.0002134884  -0.0010782905   0.0006224114
        0.0014095368  -0.0056883590  -0.0050734838   0.0007196091  -0.1069898771
       -0.1818692459  -0.0353063040  -0.0116467227  -0.0252717538  -0.0062777888
        0.0034494671  -0.0030500439  -0.0004993406   0.0000151734   0.0000512240
        0.0000309796  -0.0012032045  -0.0001307133  -0.0004556974  -0.0000932320
       -0.0023929971  -0.0004406715   0.0000700771   0.0002002742  -0.0000204832
       -0.0000239698   0.0004113858   0.0001333220   0.0000352643  -0.0001135480
        0.0000297750   0.0000838546   0.0001306856   0.0000875010  -0.0002104964
       -0.0003843194   0.0001361900   0.0000093293  -0.0000570048   0.0001065072
       -0.0000314571   0.0000145776  -0.0000657587  -0.0001747314  -0.0000184549
        0.0000434117   0.0001827586   0.0002441002   0.0000039863   0.0004011106
        0.0028573685  -0.0005106630   0.1228046978   0.2129198350   0.0416437992
       -0.0002973562   0.0006445772  -0.0000950670   0.0002520003   0.0000969821
        0.0000768137  -0.0000208633   0.0000857972  -0.0000591165   0.0000027747
       -0.0000096982   0.0000418275  -0.0000987258  -0.0000872726  -0.0002885389
        0.0000429316   0.0000413774   0.0000043421  -0.0000177386   0.0000038805
        0.0000376849   0.0000584237  -0.0000642657  -0.0001909993   0.0003349603
        0.0001905252   0.0000001963   0.0000365813  -0.0000023034  -0.0000247325
       -0.0001779395  -0.0001461023  -0.0000302727  -0.0000361038   0.0000069114
       -0.0000186887  -0.0000258582  -0.0000010355  -0.0000178674   0.0000266725
       -0.0000006338  -0.0000077301   0.0000090784   0.0000092164   0.0000177262
       -0.0000619992  -0.0003082810  -0.0000352769   0.0030236314   0.0007793198
       -0.0029263355   0.0156033417   0.0182574332   0.0004147481  -0.0298600338
       -0.0358090576  -0.0522368638  -0.0020721354  -0.0047599646  -0.0007405024
        0.0006718208  -0.0011976885   0.0002245431  -0.0000800538   0.0001233036
       -0.0000228604   0.0001234427   0.0005875988   0.0002779109   0.0000606580
       -0.0004988567  -0.0000357726  -0.0000372537   0.0000056589   0.0000064666
       -0.0000212920  -0.0000881354  -0.0001058489   0.0000139462   0.0002572553
       -0.0001494420  -0.0001045642  -0.0000544763  -0.0001858982   0.0004071486
        0.0008326574  -0.0003313414  -0.0000046341  -0.0000272578   0.0000485082
        0.0001331387  -0.0000110618   0.0001405265  -0.0000339737  -0.0000404693
        0.0000139376   0.0009474032   0.0013694713   0.0005804336  -0.0189132519
       -0.0205965662  -0.0085264220   0.0299749988   0.0416437992   0.0632592211
       -0.0001448539  -0.0004241997  -0.0000651328   0.0002008063   0.0001728466
        0.0000949042   0.0000192862  -0.0000020683  -0.0000111362   0.0000526291
        0.0000206946   0.0000031456  -0.0000066465  -0.0000738819  -0.0000128269
        0.0000088839   0.0000030184  -0.0000195647   0.0000029831  -0.0000503074
        0.0000308357   0.0000403844  -0.0000197052  -0.0000809090   0.0000258602
       -0.0000027981   0.0001208719  -0.0001271273  -0.0000626030   0.0000779419
        0.0001739906   0.0000116465   0.0001672455  -0.0000061313  -0.0000080236
       -0.0000126634   0.0000481894   0.0000003168   0.0000037188  -0.0000192100
       -0.0000363331   0.0000088646  -0.0000393824   0.0000067149   0.0000249733
       -0.0021655109  -0.0035083519  -0.0006120533   0.0002240918   0.0000182460
       -0.0002882182  -0.0017209308   0.0034285836   0.0002612324  -0.0131175124
        0.0003906784   0.0138593338  -0.1432013897  -0.0269001735   0.1121475044
       -0.0139272530  -0.0046919036   0.0144433355  -0.0004383038   0.0007135633
       -0.0017885010   0.0071158776   0.0013656588  -0.0084659092   0.0014982692
        0.0009929261  -0.0000513795  -0.0003221641  -0.0000508063   0.0009896105
        0.0005114491   0.0007151484  -0.0009822992   0.0002063419   0.0000085684
        0.0001027522  -0.0000802525  -0.0000457901   0.0000249964   0.0000514757
        0.0000427323  -0.0000762003   0.0000434492   0.0000076871  -0.0000868599
       -0.0000359006   0.0000292199  -0.0000470202  -0.0006392714  -0.0000107700
        0.0008461154  -0.0000906010   0.0000148234  -0.0000493979  -0.0001924254
       -0.0001740465  -0.0000151976   0.0006601135  -0.0002973562  -0.0001448539
        0.1662988280   0.0275985662  -0.1295322790  -0.0005093692  -0.0002480053
       -0.0001100078   0.0000493673   0.0001067957  -0.0000945606   0.0000967953
        0.0001851211  -0.0002561956   0.0000300565   0.0004172273  -0.0003513245
        0.0000219326   0.0000459345   0.0000275566  -0.0001890908  -0.0002604386
        0.0000678653  -0.0001792101   0.0001684787   0.0002284700   0.0000010854
       -0.0001297780  -0.0000497886   0.0000289294   0.0000163963  -0.0000173334
       -0.0001104052  -0.0000044737   0.0000640168  -0.0000011887   0.0000278686
        0.0000174781  -0.0000055267   0.0000029025  -0.0000178065   0.0000508657
        0.0000178441  -0.0000219891   0.0000373781   0.0000069228  -0.0000210921
       -0.0028279557  -0.0038477861   0.0004737700  -0.0000107480  -0.0000700558
        0.0000455910   0.0033582257  -0.0034079994  -0.0007200341   0.0175195253
        0.0009298865  -0.0172370358  -0.0263750730  -0.0441906560   0.0247354332
       -0.0158472300  -0.0047390943   0.0154199359  -0.0005241232  -0.0007518229
        0.0015719653  -0.0031526567  -0.0013360246   0.0080851198   0.0013329544
        0.0018499728   0.0008780457  -0.0004694491  -0.0001726306   0.0011081054
       -0.0007103563  -0.0000521861  -0.0004591644   0.0000387167  -0.0000558854
        0.0000078182   0.0000016161   0.0000641697   0.0000197681  -0.0000150095
       -0.0000739487   0.0000153834   0.0000845558   0.0000853721  -0.0001337546
       -0.0000198073   0.0000291764   0.0000021230   0.0008825953  -0.0000966438
       -0.0010123918  -0.0000553473  -0.0000989804   0.0001043919  -0.0001293479
        0.0004661813  -0.0000668626   0.0001219831   0.0006445772  -0.0004241997
        0.0275985662   0.0557500262  -0.0324340637  -0.0001576313  -0.0001836020
        0.0000670257  -0.0000554907  -0.0000989388   0.0001737263  -0.0001546026
       -0.0002950215   0.0001398680  -0.0002060830   0.0000939028  -0.0002584485
        0.0000524610   0.0000281050   0.0000166505  -0.0001814090  -0.0003347666
        0.0000812177   0.0001199303  -0.0003137958  -0.0001080631  -0.0001942379
        0.0002160040  -0.0000759823  -0.0000032439  -0.0000108761  -0.0000043887
       -0.0000054080  -0.0000062228  -0.0000121333  -0.0000326246  -0.0000070372
        0.0000039821  -0.0000026171  -0.0000047556  -0.0000045094   0.0000247536
       -0.0000013924  -0.0000107603  -0.0000054314  -0.0000072511   0.0000118706
       -0.0005928399  -0.0004652590  -0.0004702015  -0.0000789083   0.0000337831
        0.0000115946   0.0010953803  -0.0015606586   0.0006734510   0.0055670032
       -0.0007321480  -0.0041398096   0.1126295377   0.0263329920  -0.1659308232
       -0.0030720723  -0.0010334000   0.0041390349  -0.0008155315   0.0018203064
       -0.0036348028   0.0147397572   0.0063063106  -0.0217553586  -0.0005450447
        0.0009615553  -0.0001106989  -0.0000604660  -0.0002390907   0.0001419791
        0.0009459664   0.0006801647   0.0007121190  -0.0001128184  -0.0000185735
       -0.0000450407  -0.0000488074   0.0000328702   0.0000113521  -0.0000916564
       -0.0000642742   0.0001060837  -0.0000297171   0.0001290245   0.0001161082
       -0.0000132078  -0.0000112986   0.0000354868   0.0003430049   0.0000296951
       -0.0004272423  -0.0000843630   0.0000836808   0.0001446511  -0.0001602035
        0.0000401167   0.0003517865  -0.0000344337  -0.0000950670  -0.0000651328
       -0.1295322790  -0.0324340637   0.1901583190   0.0000484762  -0.0000600824
       -0.0001190470   0.0002770694   0.0002918120  -0.0004240879   0.0003187154
        0.0005305947  -0.0002912998   0.0000851543  -0.0001021060   0.0001933968
        0.0000053615   0.0000149785   0.0000251368  -0.0000392588  -0.0000692630
        0.0000720743  -0.0004483324   0.0004857944   0.0007994135  -0.0003618706
       -0.0008476626  -0.0002623119   0.0000024321  -0.0000151957   0.0000135644
        0.0000684853  -0.0000077780   0.0000062386   0.0000058942  -0.0000208231
       -0.0000350944   0.0000230342   0.0000007163   0.0000172458  -0.0000177273
        0.0000035155  -0.0000119991  -0.0000157342  -0.0000011666  -0.0000060857
        0.0063138906  -0.0025587024   0.0052876603  -0.0001485124   0.0001558684
       -0.0000198674   0.0001184922  -0.0000506545  -0.0000933287   0.0005841432
        0.0015979515   0.0004578290  -0.0149430287   0.0010204172  -0.0161218910
       -0.1447147692   0.0281976180  -0.1070026083  -0.0004085791  -0.0004426577
        0.0016703668  -0.0025316350  -0.0030779604  -0.0014406987  -0.0172594181
        0.0227704351  -0.0027623671   0.0003288788   0.0002173538   0.0003723619
       -0.0003178291   0.0002756916  -0.0009664322   0.0002132399  -0.0000253658
        0.0017124493  -0.0017477323   0.0008625395  -0.0000634636  -0.0000587823
       -0.0000853072  -0.0000443757   0.0000443541   0.0002556887  -0.0001238619
       -0.0000749621   0.0000046876  -0.0000665511  -0.0000066913  -0.0000047152
        0.0000067386  -0.0000737219  -0.0000584100   0.0000707284   0.0006180735
       -0.0003536351   0.0002102260  -0.0000375787   0.0002520003   0.0002008063
       -0.0005093692  -0.0001576313   0.0000484762   0.1800800904  -0.0506113328
        0.1192024897  -0.0000479826  -0.0000880158   0.0001140119   0.0002550420
        0.0000538641   0.0003735333  -0.0036495416  -0.0001732565  -0.0004941775
        0.0000860313  -0.0000179803  -0.0000489084  -0.0000797570  -0.0000784496
       -0.0000277190  -0.0004311018   0.0001823306   0.0000170680   0.0000785480
       -0.0000397978  -0.0000556073  -0.0002502291  -0.0003258877  -0.0002358455
       -0.0014295237   0.0023213836  -0.0000368311  -0.0000398959  -0.0000594647
       -0.0000127375  -0.0000452531  -0.0000037026  -0.0000217447   0.0000283709
        0.0000334435  -0.0000326922   0.0000567393   0.0000116540  -0.0000730366
        0.0058977840  -0.0012379009   0.0072039375   0.0002950102   0.0003334635
       -0.0009388644   0.0000101417  -0.0000492094  -0.0000747596  -0.0014082068
        0.0006571109  -0.0011265562  -0.0142141157   0.0019061145  -0.0139054463
        0.0299660145  -0.0475103297   0.0365051055  -0.0007981227  -0.0000722710
        0.0013343665  -0.0026601404  -0.0028384731  -0.0016236289   0.0277656634
       -0.0201797787   0.0093924088   0.0004587205   0.0002570377   0.0004037095
       -0.0004073238   0.0002624997  -0.0009070304  -0.0001781850   0.0002072881
       -0.0003984884   0.0013433412  -0.0000870325  -0.0005548301   0.0000665898
       -0.0001689715  -0.0000099172  -0.0001630357   0.0000444041   0.0001095347
       -0.0000096576  -0.0000969376   0.0001227356   0.0000406918  -0.0000669858
       -0.0000200055  -0.0000377636  -0.0000303048   0.0001658448  -0.0001238835
       -0.0011201494   0.0001477070   0.0001157630   0.0000969821   0.0001728466
       -0.0002480053  -0.0001836020  -0.0000600824  -0.0506113328   0.0731853107
       -0.0362976558  -0.0000138313  -0.0000649410  -0.0000617682   0.0002656257
        0.0000409168   0.0002577307   0.0038334113  -0.0014909039  -0.0002060116
       -0.0003000909  -0.0002229095   0.0000026715  -0.0001221988  -0.0000018599
       -0.0001928254  -0.0004169353   0.0001558686  -0.0000504362   0.0000855416
       -0.0000274095  -0.0000765584  -0.0001825382   0.0000068187   0.0002145688
        0.0018691003  -0.0015190905   0.0003389481  -0.0000405100  -0.0000871471
        0.0000311964  -0.0000200473   0.0000016448   0.0000119943  -0.0000423715
       -0.0000801128   0.0000833224  -0.0000151028  -0.0000191396   0.0000062366
       -0.0169463456   0.0057137196  -0.0211106623  -0.0009171732   0.0006294251
        0.0003469612   0.0000856701  -0.0002300387  -0.0001991681  -0.0002707988
        0.0004953264   0.0002607362  -0.0044198902   0.0001973447  -0.0034469649
       -0.1020555658   0.0332114256  -0.1408115650   0.0004191719   0.0002732192
       -0.0057153365  -0.0011252666  -0.0003930608  -0.0013697900   0.0068570183
       -0.0027278497   0.0093825928  -0.0005865197  -0.0002998513  -0.0003093678
       -0.0000768186   0.0000820361  -0.0003604363   0.0006682860   0.0000844307
       -0.0008148002  -0.0002050860   0.0005469810   0.0004197582  -0.0001460440
        0.0000949181   0.0002220399   0.0002701668  -0.0001524277   0.0002195792
       -0.0000467148  -0.0000637375   0.0000964302   0.0000558829  -0.0001097281
       -0.0000639783   0.0000665799   0.0001238201   0.0000990907   0.0001028110
       -0.0004619500   0.0003746632   0.0001756906   0.0000768137   0.0000949042
       -0.0001100078   0.0000670257  -0.0001190470   0.1192024897  -0.0362976558
        0.1616599908  -0.0000391828  -0.0001514372  -0.0000254702  -0.0010957411
        0.0000040174  -0.0009283333   0.0003147259  -0.0007006275   0.0006537557
        0.0002976966   0.0003266692   0.0002156723   0.0002327608   0.0000435200
        0.0001357576  -0.0001113360  -0.0000201230   0.0000151022  -0.0000020627
       -0.0000010139   0.0000271448  -0.0002745208  -0.0001677397   0.0000184743
       -0.0001661482  -0.0001701905   0.0010604199  -0.0000259480  -0.0000149380
       -0.0000798084   0.0000150617  -0.0000146029   0.0000517334  -0.0000694405
       -0.0000042384  -0.0000356746  -0.0000734011   0.0000105182   0.0000355962
       -0.0159218683   0.0210158428  -0.0029072209  -0.0042471046   0.0003163467
       -0.0034187133   0.0000691889  -0.0001403152  -0.0000335536   0.0000864154
       -0.0000532009  -0.0000769483  -0.0009226695  -0.0008432391   0.0006119278
       -0.0000787830   0.0003435018   0.0001130121  -0.0844541210   0.0924248643
       -0.0022779811   0.0063904727  -0.0169864034   0.0013089015   0.0000186593
       -0.0002732591   0.0001772777  -0.0002293845   0.0015886616  -0.0000338020
       -0.0000405929  -0.0012766041   0.0008610265  -0.0005071100   0.0010371548
        0.0004417146  -0.0001373672  -0.0000435439  -0.0000722723   0.0000986593
       -0.0001123040  -0.0001047010  -0.0003115768  -0.0014676071   0.0003502090
       -0.0001766148  -0.0000174658  -0.0001038459   0.0000282231  -0.0000862042
        0.0000401473  -0.0000638506  -0.0001165638   0.0000077716  -0.0000013689
        0.0000089594   0.0000273244  -0.0000136578  -0.0000208633   0.0000192862
        0.0000493673  -0.0000554907   0.0002770694  -0.0000479826  -0.0000138313
       -0.0000391828   0.1029320349  -0.1058935336   0.0029235418  -0.0029238811
        0.0097837388   0.0024034073   0.0003499635  -0.0000900135  -0.0007505997
        0.0003683944   0.0002764912   0.0003606331  -0.0002734004  -0.0000219085
        0.0000835200   0.0001833581  -0.0003184793  -0.0003369973  -0.0006062341
        0.0009416626   0.0004308310  -0.0000051301  -0.0001322791  -0.0001102623
       -0.0000294396   0.0000446035   0.0000682730   0.0004277264   0.0002182089
       -0.0002260906  -0.0000385610  -0.0000375457   0.0000073107  -0.0000165999
        0.0000130634   0.0000057899   0.0000448353  -0.0000124444  -0.0000268038
        0.0024556358   0.0001641179   0.0011285419   0.0001062189   0.0003587992
        0.0001902493   0.0000385045  -0.0000839351  -0.0001732825   0.0001116245
        0.0000255229  -0.0000894499  -0.0013826013  -0.0011868490   0.0009413516
        0.0004358871  -0.0002699179  -0.0000054149   0.0966556711  -0.2251829958
        0.0012115233   0.0025097851  -0.0244793295   0.0042553151  -0.0005944970
        0.0000031155  -0.0001582884  -0.0004304513   0.0000124285  -0.0002121708
        0.0010204611   0.0003529139   0.0011862981   0.0000038431  -0.0000716663
        0.0000413200   0.0000044071   0.0000512236  -0.0000516507  -0.0000835238
       -0.0001031620   0.0000814319  -0.0016718781  -0.0007167132  -0.0006184288
       -0.0000073631  -0.0000150642   0.0000019000  -0.0000577058   0.0001071685
        0.0000388381   0.0001035515  -0.0000155363   0.0001495171  -0.0000134055
        0.0000595556   0.0000024055   0.0000015613   0.0000857972  -0.0000020683
        0.0001067957  -0.0000989388   0.0002918120  -0.0000880158  -0.0000649410
       -0.0001514372  -0.1058935336   0.2620383925  -0.0038031334   0.0071493778
       -0.0117042740  -0.0036839145   0.0002107812   0.0007037997  -0.0002290138
        0.0003215381  -0.0001694806  -0.0000736508   0.0001780888  -0.0000603264
       -0.0000414420   0.0001291611  -0.0006760378  -0.0006318789  -0.0007705555
        0.0013931194   0.0004954397   0.0000092700  -0.0000071840   0.0000118755
       -0.0000144906  -0.0000114020  -0.0000073815  -0.0005425910  -0.0004409793
       -0.0000998929   0.0000028486   0.0000049167   0.0000015220   0.0000145489
        0.0000045809  -0.0000023838  -0.0000189490  -0.0000067188   0.0000055423
       -0.0099758526   0.0140776998  -0.0006983451  -0.0018914519  -0.0001830150
       -0.0015585160   0.0001213227  -0.0002377665  -0.0000334504   0.0000030041
       -0.0001430584   0.0001541203   0.0012480360   0.0004956395  -0.0017848124
       -0.0003452021   0.0003924453   0.0001546374  -0.0032872910   0.0036431064
       -0.0399185638  -0.0023471837   0.0142684122  -0.0002287399   0.0004192569
       -0.0000854173  -0.0000476454   0.0001925968   0.0005002325   0.0010471581
       -0.0009476354   0.0001334606   0.0000822219  -0.0003411629   0.0004519290
        0.0003879980  -0.0000142716  -0.0000287114  -0.0000267619  -0.0000888575
       -0.0001427564  -0.0000144534  -0.0002185034  -0.0006105689  -0.0006670788
       -0.0000731468  -0.0000305196  -0.0000481157   0.0000609607  -0.0000031756
        0.0000554525   0.0001058035   0.0001381001   0.0000296838  -0.0000123836
       -0.0000347077   0.0000310890   0.0000335176  -0.0000591165  -0.0000111362
       -0.0000945606   0.0001737263  -0.0004240879   0.0001140119  -0.0000617682
       -0.0000254702   0.0029235418  -0.0038031334   0.0481399665   0.0144129754
       -0.0280145226  -0.0030222337  -0.0006909883  -0.0006548400  -0.0012348370
        0.0002470991   0.0001486861   0.0000007647   0.0001961763  -0.0000583686
       -0.0001554462  -0.0004428769   0.0002627934   0.0001701263   0.0005179871
       -0.0006333205  -0.0005070439   0.0000171510  -0.0000620993  -0.0000375450
       -0.0000093627   0.0000432730   0.0000202588   0.0001716668   0.0001227923
        0.0001798025  -0.0000220431  -0.0000089935   0.0000026149   0.0000088193
        0.0000047800   0.0000051656   0.0000088472  -0.0000012170  -0.0000167775
        0.0035392439  -0.0056017248  -0.0215977330   0.0010270005  -0.0004411201
       -0.0015513883  -0.0001174294   0.0002708414  -0.0001401414   0.0000057108
        0.0000048463   0.0002296011  -0.0010153699  -0.0010380764   0.0008921432
       -0.0032842676   0.0002564151  -0.0030699228  -0.0524676347   0.0147367130
        0.0507158612  -0.0051135766   0.0030792755   0.0172909837   0.0000538277
        0.0000357591   0.0003039821  -0.0004585316   0.0000870531  -0.0007472593
        0.0002269211  -0.0008871269   0.0007336216   0.0000973997  -0.0001248781
       -0.0000887934   0.0000239899   0.0000594267   0.0000419630  -0.0011625530
        0.0001334473   0.0001431636  -0.0000674129   0.0004415911   0.0000687296
        0.0000037063   0.0000151223   0.0000449313  -0.0000575983  -0.0000055078
       -0.0000143374   0.0002499453   0.0002242399  -0.0000742440  -0.0000085080
       -0.0000716121  -0.0000189350  -0.0000793160   0.0000027747   0.0000526291
        0.0000967953  -0.0001546026   0.0003187154   0.0002550420   0.0002656257
       -0.0010957411  -0.0029238811   0.0071493778   0.0144129754   0.0615076822
       -0.0175970654  -0.0562823929  -0.0000034843  -0.0001703868  -0.0000474351
       -0.0002283630  -0.0002734615   0.0001308316  -0.0000238003  -0.0000836794
        0.0000696140  -0.0006534370   0.0003251343  -0.0000225893   0.0004680149
       -0.0005783977  -0.0008050555   0.0000296936  -0.0000164641   0.0000518047
        0.0000051010  -0.0000405835   0.0000292341   0.0000473021   0.0000010833
        0.0000052542   0.0000642775   0.0000044500   0.0000270250  -0.0000068584
       -0.0000365387  -0.0000252288  -0.0000296319   0.0000280491   0.0000181337
        0.0003862312  -0.0004634550  -0.0028692744   0.0005193067   0.0001683698
        0.0009658460   0.0002993129  -0.0001242209   0.0006326725   0.0000087399
       -0.0000937618   0.0001264166  -0.0007173792  -0.0016572027   0.0021266977
       -0.0005654023  -0.0003787756   0.0002552275   0.0144234583  -0.0551204495
       -0.0613301239  -0.0072210260   0.0035776294   0.0183104752  -0.0002173128
       -0.0000556731  -0.0000482513  -0.0001281071  -0.0000118549  -0.0004929964
        0.0003715552   0.0003122685   0.0010256781   0.0001280172  -0.0000798009
        0.0000309582   0.0000064551  -0.0000140567   0.0000139509   0.0002312227
        0.0003767315   0.0001227339  -0.0001102028  -0.0001881431   0.0003254193
       -0.0000372782   0.0000330700  -0.0000142829  -0.0001183562  -0.0000000997
       -0.0001569592   0.0002734638  -0.0011044937   0.0002393508   0.0000403407
        0.0000012283  -0.0001191461  -0.0000093478  -0.0000096982   0.0000206946
        0.0001851211  -0.0002950215   0.0005305947   0.0000538641   0.0000409168
        0.0000040174   0.0097837388  -0.0117042740  -0.0280145226  -0.0175970654
        0.0671869764   0.0684019716   0.0001716057   0.0002253322   0.0000890041
       -0.0000059200  -0.0000049176   0.0002173372  -0.0002952179  -0.0001187587
        0.0001031762  -0.0000799739   0.0005219762   0.0001738564   0.0004684313
       -0.0008631796  -0.0005300917  -0.0000260295   0.0000167355  -0.0000017355
       -0.0000064563  -0.0000178336   0.0000168264  -0.0001653755  -0.0001002949
       -0.0001568915  -0.0000157991  -0.0000280518   0.0000069432  -0.0000387173
       -0.0000430872  -0.0000075186   0.0000041029   0.0000158698   0.0000019458
        0.0015456401  -0.0042287072  -0.0182334066   0.0012923881  -0.0007427557
        0.0006439770  -0.0000729914  -0.0001662464  -0.0000073969   0.0000684815
        0.0000975055  -0.0003232077   0.0004863115   0.0007000051  -0.0016224330
       -0.0027279902   0.0005226943  -0.0033620279   0.0485898755  -0.0622308312
       -0.2444175906   0.0070643479   0.0004544123  -0.0142945541  -0.0000100124
        0.0000723047   0.0000952584  -0.0003254501   0.0000251203  -0.0007138759
       -0.0014826355  -0.0005311218  -0.0000016451   0.0000883649  -0.0001697147
        0.0000355302   0.0000727423   0.0000600126   0.0001463699  -0.0008215760
        0.0001958705   0.0004922865  -0.0001279635  -0.0001984462   0.0002900893
        0.0000610348   0.0000022468   0.0000873926   0.0001581970  -0.0000170938
        0.0001299432   0.0000130630   0.0008238705   0.0002842999   0.0000228580
        0.0000493326   0.0001257295   0.0000167531   0.0000418275   0.0000031456
       -0.0002561956   0.0001398680  -0.0002912998   0.0003735333   0.0002577307
       -0.0009283333   0.0024034073  -0.0036839145  -0.0030222337  -0.0562823929
        0.0684019716   0.2839173139   0.0000744189   0.0001564971   0.0001120227
       -0.0001646343  -0.0001747778   0.0001673931  -0.0002078910  -0.0001384855
        0.0001842920   0.0004579577  -0.0004455826  -0.0000357791  -0.0004367440
        0.0006289471   0.0005751580   0.0000224756  -0.0000021330   0.0000350922
        0.0000226741  -0.0000376988  -0.0000073770   0.0001037538   0.0001693885
       -0.0000940446   0.0000566341  -0.0000090030   0.0000130095  -0.0000445055
       -0.0000633351  -0.0000209424  -0.0000339298   0.0000402417   0.0000378441
        0.0010617787   0.0012253887   0.0001598882  -0.0000678724  -0.0000423241
        0.0000129616   0.0000022371   0.0000005120   0.0000869459   0.0000095703
        0.0002197370   0.0001193783  -0.0006049068  -0.0003520238  -0.0010567985
       -0.0015124395   0.0149744029  -0.0099238098  -0.0001951509  -0.0003220430
        0.0002747099   0.0000691297  -0.0006805294  -0.0000944628  -0.0116969732
       -0.0212289585   0.0403197196  -0.0027752999   0.0024497624   0.0019727071
       -0.0002848832   0.0000900715  -0.0000620693  -0.0001038114   0.0000737419
       -0.0000261201  -0.0000838084  -0.0000015103  -0.0000523457   0.0000308567
        0.0000454160  -0.0000465396  -0.0001962487  -0.0006235573  -0.0017619598
        0.0000337711  -0.0000702727  -0.0000100252   0.0000063783  -0.0000232858
       -0.0000270507   0.0000026261  -0.0000383350  -0.0000808331  -0.0000034863
        0.0000368435  -0.0000278274  -0.0000134878  -0.0000987258  -0.0000066465
        0.0000300565  -0.0002060830   0.0000851543  -0.0036495416   0.0038334113
        0.0003147259   0.0003499635   0.0002107812  -0.0006909883  -0.0000034843
        0.0001716057   0.0000744189   0.0197919831   0.0013899558  -0.0291370134
       -0.0006112296   0.0000127088   0.0000442606   0.0001043721  -0.0000322341
       -0.0004632947  -0.0000657079  -0.0000026479  -0.0000593716   0.0000015807
       -0.0000536147  -0.0000209435  -0.0000084434   0.0000099566   0.0000089377
        0.0000046894  -0.0000007774   0.0000326455   0.0004412871  -0.0009629949
        0.0000045728   0.0000059134   0.0000198810   0.0000149844  -0.0000871201
       -0.0000016779   0.0000779055   0.0000177017  -0.0000225808  -0.0000558159
       -0.0001051809   0.0009060169   0.0001172260  -0.0001692685  -0.0002964943
        0.0004335248  -0.0000402026  -0.0000908309  -0.0000499279  -0.0003495493
       -0.0008440954  -0.0001835167   0.0010048267  -0.0025962690  -0.0002363969
        0.0056242335  -0.0274785159   0.0097568605  -0.0000431042  -0.0001704197
       -0.0000010276  -0.0005813886  -0.0006493785  -0.0001838032  -0.0085402619
       -0.2473088205   0.1769589116  -0.0002574848   0.0019363912  -0.0003086089
       -0.0000571336   0.0000150073  -0.0000298507   0.0002341255   0.0000612490
        0.0000235107  -0.0001199664   0.0000551727   0.0001403814  -0.0000998644
        0.0001024955   0.0002137970   0.0020970862   0.0000951479  -0.0000597835
       -0.0000403952  -0.0000830561  -0.0000169102  -0.0000930321   0.0001267556
       -0.0000163499   0.0000505088  -0.0000234660  -0.0000007174  -0.0001622386
        0.0001003292  -0.0001376041   0.0001751684  -0.0000872726  -0.0000738819
        0.0004172273   0.0000939028  -0.0001021060  -0.0001732565  -0.0014909039
       -0.0007006275  -0.0000900135   0.0007037997  -0.0006548400  -0.0001703868
        0.0002253322   0.0001564971   0.0013899558   0.2782420531  -0.1839641278
        0.0004794616   0.0000198360   0.0000705271   0.0003406855  -0.0003525615
       -0.0001023056   0.0000436079  -0.0000026604   0.0000265144   0.0000922704
        0.0000442549  -0.0000049071  -0.0000395004  -0.0000149820  -0.0000788240
       -0.0000136937  -0.0000314984   0.0000175618  -0.0007535210  -0.0012762988
       -0.0009857828  -0.0000318062   0.0000130040  -0.0000183354  -0.0000246226
        0.0000405700   0.0000135396   0.0000067141   0.0000162060  -0.0000186171
        0.0011233244  -0.0019224010   0.0012339368   0.0001047169   0.0001438827
       -0.0002629567   0.0000139623   0.0000635182  -0.0000427871  -0.0004277826
       -0.0005264570  -0.0004084742   0.0010679474  -0.0022211182  -0.0010776156
       -0.0033861178  -0.0087214639   0.0096888487   0.0003373885   0.0004502303
        0.0002362687  -0.0002400643  -0.0004779458   0.0002526884   0.0329668053
        0.2005188616  -0.1864126889   0.0025819292  -0.0021137091  -0.0001863735
        0.0000244526   0.0000441357  -0.0000266276   0.0001025688  -0.0000231212
        0.0001488349   0.0000523555  -0.0000186977  -0.0001753788   0.0001249524
       -0.0001228479  -0.0000795080  -0.0020749082  -0.0007620246  -0.0037259214
       -0.0000423494   0.0000828572  -0.0000478701  -0.0000474449  -0.0000067490
        0.0000317582  -0.0000394155  -0.0000626189   0.0000151059   0.0000070565
       -0.0000354688   0.0000844738   0.0000441682  -0.0002885389  -0.0000128269
       -0.0003513245  -0.0002584485   0.0001933968  -0.0004941775  -0.0002060116
        0.0006537557  -0.0007505997  -0.0002290138  -0.0012348370  -0.0000474351
        0.0000890041   0.0001120227  -0.0291370134  -0.1839641278   0.1787858991
       -0.0004412895  -0.0000395138  -0.0002046046  -0.0001020611   0.0002767331
        0.0000747865  -0.0000296669   0.0000134501  -0.0000111740   0.0000164157
        0.0000251404  -0.0000248181  -0.0000657191   0.0000059809   0.0000284578
        0.0000287407   0.0000091267   0.0000345877  -0.0009692468   0.0003414102
        0.0023558687  -0.0000527602  -0.0000137240  -0.0000151247   0.0000928270
       -0.0000234058  -0.0000027957   0.0000097651  -0.0000269242   0.0000216926
       -0.0129476672  -0.0061159376  -0.0120808888   0.0001021315   0.0003659731
        0.0000425939   0.0000416260  -0.0000389189   0.0000064402   0.0000191347
        0.0000151426  -0.0000122626   0.0001408423   0.0000366428  -0.0000431286
        0.0002093639   0.0002985250  -0.0009485360  -0.0010938547  -0.0032552846
        0.0000977705  -0.0005913263   0.0000436875  -0.0005050947   0.0003132627
        0.0003140616   0.0004200442  -0.1367152649  -0.0155773103  -0.1051869929
       -0.0000739006  -0.0001446752   0.0001490377   0.0004406841   0.0002368548
       -0.0000070263  -0.0000714464   0.0002773311   0.0000173454  -0.0000847529
       -0.0000778223  -0.0000538204  -0.0296858662   0.0143375930  -0.0158526263
       -0.0003862900   0.0004014142   0.0003331373   0.0000170991   0.0000064672
        0.0000055497  -0.0000198597   0.0000444376   0.0000022693   0.0000223053
       -0.0000252491   0.0000330476   0.0000016125   0.0000429316   0.0000088839
        0.0000219326   0.0000524610   0.0000053615   0.0000860313  -0.0003000909
        0.0002976966   0.0003683944   0.0003215381   0.0002470991  -0.0002283630
       -0.0000059200  -0.0001646343  -0.0006112296   0.0004794616  -0.0004412895
        0.1728937819   0.0079143988   0.1251124965   0.0073791972   0.0004361016
        0.0072060626   0.0000350164   0.0000079642   0.0000248112  -0.0000707881
       -0.0000554927   0.0000071030  -0.0000912360   0.0000009397  -0.0000749022
       -0.0000409211  -0.0001037778   0.0000571426   0.0010438104  -0.0001823666
        0.0008390868  -0.0001651171   0.0000515710  -0.0000702295  -0.0002045253
        0.0002520025   0.0005210014  -0.0000538173  -0.0000546546   0.0000074510
       -0.0198102965  -0.0056528432  -0.0182180760  -0.0004913585   0.0005567545
        0.0000341501   0.0000874854  -0.0000779029   0.0000967030  -0.0000327376
        0.0000322095  -0.0000228963   0.0001106150   0.0000668850  -0.0001105050
        0.0002518470   0.0011641717  -0.0011421798  -0.0021361841  -0.0043680580
        0.0005919371  -0.0009699732  -0.0000569024  -0.0007815106   0.0001265710
       -0.0001073722   0.0001890004  -0.0164282805  -0.0400930054  -0.0135612568
       -0.0002042932  -0.0002585018   0.0002517628   0.0001904095  -0.0009123531
       -0.0004616184   0.0001286197  -0.0001895175   0.0005058219  -0.0000459505
       -0.0000206346   0.0000143870   0.0276293304  -0.0090254047   0.0144490496
        0.0003272835  -0.0000271728  -0.0001625034   0.0000172964  -0.0000306001
        0.0000014294   0.0000626707   0.0001296197   0.0000528579   0.0000038887
       -0.0000381854   0.0000446090   0.0000398223   0.0000413774   0.0000030184
        0.0000459345   0.0000281050   0.0000149785  -0.0000179803  -0.0002229095
        0.0003266692   0.0002764912  -0.0001694806   0.0001486861  -0.0002734615
       -0.0000049176  -0.0001747778   0.0000127088   0.0000198360  -0.0000395138
        0.0079143988   0.0569578179   0.0134143154   0.0014368290   0.0020631929
        0.0033138333   0.0000446955  -0.0000040598   0.0000350102  -0.0001295274
       -0.0000825846  -0.0000066413   0.0000766083   0.0000190440   0.0000312966
       -0.0000807386  -0.0000106909   0.0000415264   0.0015442146   0.0001100809
        0.0013933558   0.0001064901  -0.0000037509   0.0000436418   0.0002649105
        0.0001529327  -0.0004022312  -0.0000783390   0.0000148208   0.0000856706
       -0.0012379940  -0.0014969317   0.0004293580  -0.0001952118  -0.0001112348
       -0.0000620596  -0.0000014223  -0.0000044037   0.0000352084  -0.0000165004
        0.0000215407   0.0000051976   0.0000600895  -0.0000055348  -0.0000727869
        0.0007530164   0.0004233040   0.0006423752   0.0000103620  -0.0002270287
        0.0007080984   0.0000056404   0.0001405980  -0.0001967801  -0.0001443397
       -0.0000573717   0.0002541176  -0.1058496044  -0.0132440914  -0.1625470907
       -0.0000027499  -0.0000458358   0.0000690182  -0.0001275533  -0.0007221733
        0.0004709103  -0.0000105395   0.0002334032   0.0001487656  -0.0001710740
        0.0001241584  -0.0001363074  -0.0012501912   0.0040839858   0.0054868600
        0.0001223772  -0.0000259921   0.0003069015   0.0000346957  -0.0000017898
       -0.0000099985   0.0000609553   0.0000954448   0.0000140351   0.0000125070
       -0.0000256030   0.0000420961   0.0000216481   0.0000043421  -0.0000195647
        0.0000275566   0.0000166505   0.0000251368  -0.0000489084   0.0000026715
        0.0002156723   0.0003606331  -0.0000736508   0.0000007647   0.0001308316
        0.0002173372   0.0001673931   0.0000442606   0.0000705271  -0.0002046046
        0.1251124965   0.0134143154   0.1828025427  -0.0182504939  -0.0032226953
       -0.0287047942   0.0000196556   0.0000108678   0.0000125505  -0.0000399479
       -0.0000442279   0.0000116756  -0.0000084566   0.0000154082  -0.0000265622
        0.0000278935   0.0000430887  -0.0001146595  -0.0000385545   0.0000886013
        0.0012209471   0.0000593557   0.0000931035   0.0000099162   0.0006062231
       -0.0000791027  -0.0009374544  -0.0000766560   0.0002883192  -0.0000468780
       -0.0075926235  -0.0056203786   0.0160267686   0.0004187812   0.0011256317
       -0.0001194325  -0.0000424851   0.0001682470  -0.0000450386   0.0000062107
       -0.0000169927  -0.0000585565  -0.0004724987  -0.0003164799   0.0007686170
       -0.0005634704  -0.0032155123  -0.0007447853   0.0005178198   0.0002945847
        0.0002284286   0.0000090564   0.0000123002   0.0001088166  -0.0000970146
        0.0004179190  -0.0000057950  -0.0745642222  -0.0137967523   0.0755006759
        0.0000706140   0.0000367786  -0.0000408274   0.0003754667  -0.0001176508
       -0.0001558353  -0.0001394728   0.0000140957  -0.0000486451   0.0003597029
       -0.0001272044  -0.0001401413  -0.0228124055   0.0146338433   0.0243546506
       -0.0005515011   0.0008291271  -0.0003400199   0.0000067458   0.0000507293
       -0.0000080677  -0.0000492387  -0.0000425399  -0.0000064694  -0.0000104547
        0.0000142236   0.0000027244  -0.0000119828  -0.0000177386   0.0000029831
       -0.0001890908  -0.0001814090  -0.0000392588  -0.0000797570  -0.0001221988
        0.0002327608  -0.0002734004   0.0001780888   0.0001961763  -0.0000238003
       -0.0002952179  -0.0002078910   0.0001043721   0.0003406855  -0.0001020611
        0.0073791972   0.0014368290  -0.0182504939   0.0988747610   0.0040949439
       -0.0969312334  -0.0000275167   0.0000061769  -0.0000186159   0.0000288676
        0.0000214610  -0.0000005297  -0.0000023265   0.0000111644  -0.0000025309
       -0.0000438194  -0.0000261020   0.0000843719   0.0006231028  -0.0001822550
       -0.0003489309  -0.0000271417  -0.0001684754   0.0000272719  -0.0012064457
        0.0006433521  -0.0000434192   0.0000059704  -0.0000832744   0.0001243327
       -0.0115708062  -0.0063756146   0.0233043971  -0.0010150698   0.0004185705
        0.0013480528   0.0001106830   0.0001321895  -0.0000881584  -0.0000345759
        0.0001002641  -0.0000277662  -0.0008722738  -0.0005243563   0.0011432894
       -0.0024892786  -0.0042821446  -0.0001843446   0.0007004406   0.0007176906
        0.0003808431   0.0000710330  -0.0001550576   0.0002373433   0.0003619314
        0.0000118462  -0.0005574471  -0.0135691731  -0.0413395468   0.0212879575
        0.0000323824   0.0000270044  -0.0000400824   0.0000005104  -0.0002519739
        0.0003644897  -0.0000126792  -0.0000596898   0.0000056576   0.0000061595
       -0.0009828449  -0.0007278395   0.0222923839  -0.0074218200  -0.0230144310
        0.0002197326  -0.0002703002   0.0000167465   0.0000191647   0.0000063941
        0.0000032950  -0.0000181622   0.0000277031  -0.0000054397  -0.0000043364
        0.0000355564  -0.0000317873   0.0000424900   0.0000038805  -0.0000503074
       -0.0002604386  -0.0003347666  -0.0000692630  -0.0000784496  -0.0000018599
        0.0000435200  -0.0000219085  -0.0000603264  -0.0000583686  -0.0000836794
       -0.0001187587  -0.0001384855  -0.0000322341  -0.0003525615   0.0002767331
        0.0004361016   0.0020631929  -0.0032226953   0.0040949439   0.0586183943
       -0.0183510357  -0.0000220312   0.0000055186  -0.0000260441   0.0000254142
        0.0000191641  -0.0000057320  -0.0000247743   0.0000521056  -0.0000633441
       -0.0000059234   0.0000607220  -0.0001059344   0.0006954327  -0.0000349658
       -0.0014895754  -0.0000920109   0.0001073233  -0.0000938030   0.0010247319
        0.0002754052   0.0000376900   0.0000742695  -0.0001163379  -0.0000981305
        0.0035881198   0.0037538727  -0.0050104062  -0.0001402668  -0.0007620395
        0.0004836899  -0.0000270049  -0.0000922064   0.0000260425  -0.0000260368
       -0.0000323565   0.0000402380   0.0003526404   0.0001356176  -0.0003497351
        0.0007472111   0.0010664324   0.0007475744  -0.0003770504  -0.0005083397
        0.0004810967  -0.0000930000   0.0000035367  -0.0001593690  -0.0000610394
        0.0001117727   0.0001924902   0.0746567778   0.0214704233  -0.2174579967
       -0.0000575694  -0.0000337709   0.0000518223   0.0000827359   0.0004781892
       -0.0007456602  -0.0000346212   0.0000882060   0.0000589263  -0.0000714834
        0.0001922794   0.0004782817   0.0118377927  -0.0099845878  -0.0023383218
        0.0002169142  -0.0000782746   0.0000638495  -0.0000337141  -0.0000100405
        0.0000030483  -0.0000037626  -0.0000412163   0.0000238839   0.0000025630
       -0.0000298858   0.0000050186  -0.0000079816   0.0000376849   0.0000308357
        0.0000678653   0.0000812177   0.0000720743  -0.0000277190  -0.0001928254
        0.0001357576   0.0000835200  -0.0000414420  -0.0001554462   0.0000696140
        0.0001031762   0.0001842920  -0.0004632947  -0.0001023056   0.0000747865
        0.0072060626   0.0033138333  -0.0287047942  -0.0969312334  -0.0183510357
        0.2503559910   0.0000365386  -0.0000085740   0.0000292557  -0.0000095537
       -0.0000063514  -0.0000030589   0.0000187861  -0.0000402545   0.0000313308
       -0.0000286034  -0.0000925138   0.0001184976   0.0001794457  -0.0000436819
        0.0005253758   0.0000928024  -0.0001442978   0.0000501021  -0.0008605581
       -0.0000673943   0.0005937079   0.0000151036  -0.0001728477   0.0000668189
        0.0002205318   0.0000485997   0.0000474636   0.0000268859  -0.0000144193
       -0.0000347638  -0.0000374419   0.0000500692  -0.0000244664   0.0005324736
       -0.0003444965   0.0007064322  -0.0006353019  -0.0063617194  -0.0031423200
       -0.0009968450   0.0006623886  -0.0014857874   0.0001586136   0.0026097688
        0.0008002107  -0.0136545669   0.0086015551  -0.0268121451   0.0001762798
       -0.0000325783   0.0000813648   0.0000536759   0.0000308789  -0.0000445257
       -0.0741061551   0.0248191066  -0.0841599315   0.0000606942   0.0000161052
       -0.0000251703  -0.0000155746   0.0000314415   0.0000426587  -0.0000416328
       -0.0000013052   0.0000264691   0.0000028359  -0.0000278104   0.0001294799
       -0.0000209917  -0.0000077252   0.0000207131   0.0000018810  -0.0000143533
        0.0000161363  -0.0000494197   0.0000448654  -0.0000316578   0.0001133417
       -0.0001495630   0.0000464272  -0.0000175353   0.0000584237   0.0000403844
       -0.0001792101   0.0001199303  -0.0004483324  -0.0004311018  -0.0004169353
       -0.0001113360   0.0001833581   0.0001291611  -0.0004428769  -0.0006534370
       -0.0000799739   0.0004579577  -0.0000657079   0.0000436079  -0.0000296669
        0.0000350164   0.0000446955   0.0000196556  -0.0000275167  -0.0000220312
        0.0000365386   0.0841380893  -0.0238842528   0.1015694539   0.0052110328
       -0.0059273935   0.0127686773  -0.0000072847  -0.0000104746   0.0000051096
        0.0000083358  -0.0000240744   0.0000250157   0.0000045261   0.0000066601
       -0.0000369872   0.0000135891   0.0000015488  -0.0000031620   0.0000001418
       -0.0000072713  -0.0000079417  -0.0000015798   0.0000075712   0.0000009232
       -0.0000604049  -0.0000403234  -0.0000916667   0.0000396337   0.0000246474
        0.0000076724   0.0001140496  -0.0000489853  -0.0000465830  -0.0012016404
        0.0005737316  -0.0017560532  -0.0051824862   0.0072253240   0.0036399201
        0.0005103534  -0.0003008336   0.0007504684   0.0018548501  -0.0025591737
       -0.0022488221  -0.0027339725   0.0024424849  -0.0082398469  -0.0000509646
        0.0000625336  -0.0000177628  -0.0000192111  -0.0000162514  -0.0000103596
        0.0253393396  -0.0629046657   0.0784959941  -0.0000071879  -0.0000206453
        0.0000016612  -0.0000079647  -0.0000218721  -0.0000103574   0.0000173811
       -0.0000012021  -0.0000006928   0.0000217388   0.0000161419  -0.0000086050
       -0.0000014013   0.0000088448  -0.0000013508   0.0000171501  -0.0000142908
       -0.0000152468   0.0000457196  -0.0000239008  -0.0000234250  -0.0003954249
        0.0005232190  -0.0000730637  -0.0000923295  -0.0000642657  -0.0000197052
        0.0001684787  -0.0003137958   0.0004857944   0.0001823306   0.0001558686
       -0.0000201230  -0.0003184793  -0.0006760378   0.0002627934   0.0003251343
        0.0005219762  -0.0004455826  -0.0000026479  -0.0000026604   0.0000134501
        0.0000079642  -0.0000040598   0.0000108678   0.0000061769   0.0000055186
       -0.0000085740  -0.0238842528   0.0613491299  -0.0889069937   0.0053143368
       -0.0058954114   0.0182758333   0.0000055679   0.0000040869   0.0000050084
        0.0000086816   0.0000084611   0.0000062258  -0.0000229247  -0.0000124969
       -0.0000086652   0.0000019791  -0.0000007098   0.0000019897  -0.0000020183
        0.0000003561   0.0000015332   0.0000024449  -0.0000007429  -0.0000057327
        0.0002209257   0.0000593280  -0.0002116521   0.0000156903  -0.0000289825
       -0.0000208294   0.0000363902  -0.0000971968  -0.0001119267  -0.0008083564
        0.0003204651  -0.0011796385  -0.0039194403   0.0027884666   0.0034571930
       -0.0001860463   0.0003103558   0.0001562096   0.0024189283  -0.0014791279
       -0.0001301110  -0.0083594301   0.0029582931  -0.0142837903   0.0001108457
       -0.0001478157  -0.0000613118   0.0000360553   0.0000584315   0.0000352311
       -0.0853052242   0.0775931589  -0.2417167159   0.0000829105   0.0000116165
        0.0000011827  -0.0000061425  -0.0000084449   0.0000292398  -0.0000365048
       -0.0000238287   0.0000597589   0.0000363363  -0.0000713384   0.0000680365
       -0.0000199563  -0.0000070244   0.0000236226   0.0000237772   0.0000052886
        0.0000379547  -0.0000592964   0.0000496242  -0.0000028827  -0.0002216832
        0.0003661920  -0.0000031863   0.0001001172  -0.0001909993  -0.0000809090
        0.0002284700  -0.0001080631   0.0007994135   0.0000170680  -0.0000504362
        0.0000151022  -0.0003369973  -0.0006318789   0.0001701263  -0.0000225893
        0.0001738564  -0.0000357791  -0.0000593716   0.0000265144  -0.0000111740
        0.0000248112   0.0000350102   0.0000125505  -0.0000186159  -0.0000260441
        0.0000292557   0.1015694539  -0.0889069937   0.2678441635  -0.0055496863
        0.0070238664  -0.0148853907  -0.0000195877  -0.0000042015  -0.0000021230
        0.0000213254  -0.0000016900   0.0000242575  -0.0000128448   0.0000037600
       -0.0000229808  -0.0000004140   0.0000027557  -0.0000082507   0.0000011296
       -0.0000141294  -0.0000002296  -0.0000020475   0.0000112125   0.0000055834
       -0.0006224347  -0.0008566500   0.0002867692   0.0000269978  -0.0000391320
       -0.0000570817   0.0000041666   0.0000430863  -0.0000552889  -0.0002769673
       -0.0000738518  -0.0004411688  -0.0000843714   0.0018719864   0.0023487198
        0.0001944468  -0.0001421090   0.0003810573  -0.0004575197  -0.0046375891
       -0.0046709598  -0.0198250470  -0.0204181275   0.0146044731   0.0000060127
        0.0000245513   0.0000150767  -0.0002168229   0.0000551629  -0.0002326145
       -0.1177604568  -0.0980287823   0.0715239172   0.0000683119   0.0000322502
        0.0000469935  -0.0000317780   0.0000146619   0.0000123916   0.0000836448
        0.0000051269  -0.0000076586  -0.0000355576   0.0000870312  -0.0000686053
       -0.0000197024   0.0000128350  -0.0000266970   0.0000133153  -0.0000023509
       -0.0000280444  -0.0000067286  -0.0001282652   0.0000364262  -0.0000091818
        0.0001525363   0.0000364307  -0.0001591307   0.0003349603   0.0000258602
        0.0000010854  -0.0001942379  -0.0003618706   0.0000785480   0.0000855416
       -0.0000020627  -0.0006062341  -0.0007705555   0.0005179871   0.0004680149
        0.0004684313  -0.0004367440   0.0000015807   0.0000922704   0.0000164157
       -0.0000707881  -0.0001295274  -0.0000399479   0.0000288676   0.0000254142
       -0.0000095537   0.0052110328   0.0053143368  -0.0055496863   0.1340083075
        0.1168291800  -0.0778557426   0.0000056922  -0.0000097971  -0.0000093759
       -0.0000133641  -0.0000090776   0.0000002108  -0.0000445745  -0.0000184391
        0.0000198607  -0.0000030626  -0.0000001787  -0.0000147305   0.0000280843
        0.0000109923  -0.0000059683   0.0000156132  -0.0000016840   0.0000012118
       -0.0004672624  -0.0005591989   0.0007158093  -0.0000929875   0.0000351587
       -0.0000553196  -0.0000084129   0.0000218573   0.0000339782   0.0005403377
       -0.0001984022   0.0007218289   0.0028629337  -0.0027431359  -0.0013684884
        0.0000346497   0.0002346745  -0.0000702102  -0.0058065270   0.0069488165
        0.0025491266  -0.0098223538  -0.0102159560   0.0050829588   0.0001724280
       -0.0000683523  -0.0000139128  -0.0000795527   0.0001063115  -0.0001711325
       -0.0985098825  -0.1479936129   0.0952247537   0.0000563869   0.0000301245
        0.0000411077  -0.0000225251   0.0000094798   0.0000016634   0.0000413854
       -0.0000087703  -0.0000189810   0.0000294143  -0.0000141398  -0.0000558086
       -0.0000136504   0.0000108591  -0.0000228554   0.0000125208   0.0000155428
       -0.0000011647  -0.0001008352  -0.0000545656   0.0000507508   0.0001552318
       -0.0002459058  -0.0000036706   0.0000418129   0.0001905252  -0.0000027981
       -0.0001297780   0.0002160040  -0.0008476626  -0.0000397978  -0.0000274095
       -0.0000010139   0.0009416626   0.0013931194  -0.0006333205  -0.0005783977
       -0.0008631796   0.0006289471  -0.0000536147   0.0000442549   0.0000251404
       -0.0000554927  -0.0000825846  -0.0000442279   0.0000214610   0.0000191641
       -0.0000063514  -0.0059273935  -0.0058954114   0.0070238664   0.1168291800
        0.1597087273  -0.1087738354  -0.0000095516  -0.0000046509  -0.0000162943
       -0.0000126881  -0.0000012379  -0.0000051268  -0.0000264093  -0.0000077573
        0.0000234504  -0.0000145532  -0.0000032180  -0.0000135374   0.0000197877
        0.0000044681  -0.0000001727   0.0000124739  -0.0000015986   0.0000025025
       -0.0002765079  -0.0001633173   0.0002821187  -0.0000087860   0.0000276063
       -0.0000158490   0.0000334367   0.0000172157   0.0000485720   0.0002816697
       -0.0001851075   0.0004598219   0.0004545521  -0.0025522580  -0.0001423168
       -0.0000580029   0.0000923886  -0.0002769927  -0.0038961178   0.0030599247
        0.0028150098  -0.0037695932  -0.0056636288   0.0044843742   0.0000351046
        0.0000296055   0.0000445087  -0.0001194971  -0.0000362156  -0.0000590181
        0.0727788232   0.0961836308  -0.1137764822  -0.0000277858  -0.0000118972
       -0.0000164279  -0.0000037381  -0.0000058101   0.0000022611  -0.0000196364
        0.0000010275  -0.0000213237   0.0000453844   0.0000066147   0.0000382015
       -0.0000022422   0.0000011960   0.0000059423   0.0000141496  -0.0000122372
       -0.0000241483  -0.0000036050   0.0000569326  -0.0000789570   0.0000856580
       -0.0001433325  -0.0000214857   0.0000223234   0.0000001963   0.0001208719
       -0.0000497886  -0.0000759823  -0.0002623119  -0.0000556073  -0.0000765584
        0.0000271448   0.0004308310   0.0004954397  -0.0005070439  -0.0008050555
       -0.0005300917   0.0005751580  -0.0000209435  -0.0000049071  -0.0000248181
        0.0000071030  -0.0000066413   0.0000116756  -0.0000005297  -0.0000057320
       -0.0000030589   0.0127686773   0.0182758333  -0.0148853907  -0.0778557426
       -0.1087738354   0.1212095070   0.0000101394   0.0000028323   0.0000031812
       -0.0000020215  -0.0000028348   0.0000016189  -0.0000017449  -0.0000045219
       -0.0000106779   0.0000097708   0.0000017342   0.0000062507  -0.0000029669
        0.0000021505  -0.0000036860   0.0000022894   0.0000005807  -0.0000062292
        0.0002647740  -0.0002029293   0.0002249628   0.0022679559  -0.0014474591
       -0.0015324430  -0.0001197747   0.0000157041   0.0000306243  -0.0001738405
       -0.0001952019   0.0001237947   0.0001121661   0.0000583172  -0.0000785540
        0.0001355038  -0.0000574621   0.0000408453   0.0000130474  -0.0000066931
        0.0000438910   0.0001276872   0.0000452311   0.0000390185  -0.0001596451
        0.0002200268   0.0001129187  -0.0001007185  -0.0000732614  -0.0000407891
       -0.0000096375   0.0000204937  -0.0000087664  -0.0102792112   0.0009119739
       -0.0074644885  -0.2614849732  -0.0130826003  -0.0959586086  -0.0005725005
        0.0000690100  -0.0005903640   0.0000790861   0.0000248411   0.0000324167
        0.0010999653   0.0004235579   0.0026098497  -0.0000963068   0.0000984017
        0.0001052306  -0.0000106546  -0.0000780587   0.0000392552  -0.0000397351
        0.0002018824  -0.0002739056  -0.0001070499   0.0000365813  -0.0001271273
        0.0000289294  -0.0000032439   0.0000024321  -0.0002502291  -0.0001825382
       -0.0002745208  -0.0000051301   0.0000092700   0.0000171510   0.0000296936
       -0.0000260295   0.0000224756  -0.0000084434  -0.0000395004  -0.0000657191
       -0.0000912360   0.0000766083  -0.0000084566  -0.0000023265  -0.0000247743
        0.0000187861  -0.0000072847   0.0000055679  -0.0000195877   0.0000056922
       -0.0000095516   0.0000101394   0.2910289653   0.0158620432   0.1099369529
       -0.0219754902  -0.0024063703  -0.0078053030   0.0000116866   0.0000245866
       -0.0000165383   0.0006322785  -0.0000643203   0.0004052677  -0.0000329847
       -0.0001313804   0.0000946726  -0.0003102592  -0.0000727226   0.0003544870
       -0.0015357997  -0.0000070282  -0.0012531277  -0.0027079243   0.0085165714
        0.0054130836   0.0009486809   0.0004453233   0.0006208032  -0.0001166741
       -0.0000629595  -0.0000644422   0.0000297387   0.0000273252  -0.0000051865
        0.0004234502  -0.0001251720   0.0002962318  -0.0003538263   0.0003343514
        0.0000363661   0.0000020740   0.0000420672  -0.0000384973  -0.0001655026
        0.0000744362  -0.0000575786   0.0000554597  -0.0001096043   0.0000349488
       -0.0000002394  -0.0000096703  -0.0000102854   0.0097252021  -0.0007856532
        0.0052053801  -0.0133178258  -0.0333449938  -0.0002298762   0.0009950443
        0.0000608023   0.0008992469  -0.0000132279   0.0000209837  -0.0000410982
        0.0020150984  -0.0042063446  -0.0014977720   0.0001136877  -0.0001275932
        0.0000599953   0.0002099437   0.0003625840   0.0000024192   0.0001383915
        0.0001159545  -0.0000361155  -0.0000082169  -0.0000023034  -0.0000626030
        0.0000163963  -0.0000108761  -0.0000151957  -0.0003258877   0.0000068187
       -0.0001677397  -0.0001322791  -0.0000071840  -0.0000620993  -0.0000164641
        0.0000167355  -0.0000021330   0.0000099566  -0.0000149820   0.0000059809
        0.0000009397   0.0000190440   0.0000154082   0.0000111644   0.0000521056
       -0.0000402545  -0.0000104746   0.0000040869  -0.0000042015  -0.0000097971
       -0.0000046509   0.0000028323   0.0158620432   0.0278835019  -0.0061753754
       -0.0115357230   0.0011803790  -0.0031551511   0.0000059766  -0.0000222707
        0.0000168488  -0.0004085396  -0.0001927699   0.0004525863  -0.0004730096
       -0.0003774689   0.0005852689   0.0005681640   0.0002484545  -0.0007286675
       -0.0007717705  -0.0001080535  -0.0008380098  -0.0006818385   0.0056551703
       -0.0021149450   0.0004809786   0.0002503508   0.0003508705   0.0001566532
        0.0001780682  -0.0000268359   0.0000351596   0.0000075424  -0.0000031501
        0.0002178772  -0.0001273149  -0.0000583735  -0.0003126057   0.0002986835
        0.0001735591   0.0000906551   0.0000415877   0.0000105097   0.0000738466
       -0.0000140909   0.0000061139  -0.0001069665  -0.0000762445   0.0000114651
       -0.0000005148  -0.0000137406   0.0000267120  -0.0277753200  -0.0002038809
       -0.0156609619  -0.0939202391   0.0003689907  -0.0819902777  -0.0008559181
        0.0000527105  -0.0007643375   0.0000570527  -0.0000252444   0.0000289226
       -0.0012183517  -0.0025182337  -0.0000046701   0.0001044520  -0.0000668433
       -0.0000489926   0.0001303911   0.0000936286   0.0000499774  -0.0000984639
       -0.0000905600   0.0000611118   0.0000900188  -0.0000247325   0.0000779419
       -0.0000173334  -0.0000043887   0.0000135644  -0.0002358455   0.0002145688
        0.0000184743  -0.0001102623   0.0000118755  -0.0000375450   0.0000518047
       -0.0000017355   0.0000350922   0.0000089377  -0.0000788240   0.0000284578
       -0.0000749022   0.0000312966  -0.0000265622  -0.0000025309  -0.0000633441
        0.0000313308   0.0000051096   0.0000050084  -0.0000021230  -0.0000093759
       -0.0000162943   0.0000031812   0.1099369529  -0.0061753754   0.0955590583
        0.0137067552   0.0018594893   0.0056976289   0.0000155199   0.0000105053
       -0.0000068358   0.0009928761   0.0007067096  -0.0007671344  -0.0001689200
       -0.0003236466   0.0003929240   0.0002061180   0.0001463619  -0.0002261417
        0.0000449950  -0.0000449625  -0.0000668972   0.0003159380   0.0011191777
        0.0000320279   0.0002800787   0.0000141996  -0.0000846266  -0.0016462532
        0.0000842681  -0.0014037951   0.0000033639  -0.0000055299   0.0000443616
       -0.0007698546   0.0004668797  -0.0000136758  -0.0001315769   0.0000797705
       -0.0000137279  -0.0000735181   0.0000424227  -0.0002177366  -0.0000963879
        0.0000483572  -0.0000346326  -0.0000232201   0.0000410672   0.0000417603
        0.0000173065  -0.0000267829   0.0000500637   0.0018163135   0.0007112168
        0.0005954545  -0.1811962294  -0.0830857223   0.1082079689  -0.0001396546
       -0.0000336719  -0.0000941912  -0.0000018516  -0.0000316729  -0.0000275109
        0.0016603886  -0.0023059425  -0.0013072806   0.0000923754   0.0000746620
        0.0001817901  -0.0001007998   0.0000113339   0.0000411152  -0.0015747807
       -0.0015304275  -0.0001736486  -0.0000076312  -0.0001779395   0.0001739906
       -0.0001104052  -0.0000054080   0.0000684853  -0.0014295237   0.0018691003
       -0.0001661482  -0.0000294396  -0.0000144906  -0.0000093627   0.0000051010
       -0.0000064563   0.0000226741   0.0000046894  -0.0000136937   0.0000287407
       -0.0000409211  -0.0000807386   0.0000278935  -0.0000438194  -0.0000059234
       -0.0000286034   0.0000083358   0.0000086816   0.0000213254  -0.0000133641
       -0.0000126881  -0.0000020215  -0.0219754902  -0.0115357230   0.0137067552
        0.2043136302   0.0941795744  -0.1196573234  -0.0000035059   0.0000144217
        0.0000101027   0.0004433228   0.0001643410  -0.0000382241  -0.0001875483
       -0.0001344609   0.0005210814   0.0005899369   0.0001227601  -0.0004361848
        0.0004838683  -0.0000240094   0.0005530084   0.0009720812  -0.0032963398
       -0.0017319724  -0.0004487521  -0.0000652932  -0.0001460690  -0.0008831676
        0.0000784576  -0.0008142475   0.0001306160  -0.0000022957   0.0000498394
        0.0006734655  -0.0002150846   0.0003081005   0.0001620364  -0.0001818456
       -0.0000527464   0.0000389815  -0.0000833315  -0.0000325350  -0.0003147237
        0.0002116107  -0.0000723861   0.0001047403  -0.0000257725   0.0000592550
       -0.0000153940  -0.0000002528  -0.0000360381  -0.0087939077  -0.0066203601
        0.0066362329  -0.0827629651  -0.0786950020   0.0676139613  -0.0002430226
       -0.0000271426  -0.0002418501   0.0000130707   0.0000352162  -0.0000871751
       -0.0014634582   0.0100683798   0.0054813541   0.0000314723   0.0000900656
       -0.0000343068  -0.0001385647  -0.0001692025   0.0000210307  -0.0011086995
        0.0001257601  -0.0000674156  -0.0001380065  -0.0001461023   0.0000116465
       -0.0000044737  -0.0000062228  -0.0000077780   0.0023213836  -0.0015190905
       -0.0001701905   0.0000446035  -0.0000114020   0.0000432730  -0.0000405835
       -0.0000178336  -0.0000376988  -0.0000007774  -0.0000314984   0.0000091267
       -0.0001037778  -0.0000106909   0.0000430887  -0.0000261020   0.0000607220
       -0.0000925138  -0.0000240744   0.0000084611  -0.0000016900  -0.0000090776
       -0.0000012379  -0.0000028348  -0.0024063703   0.0011803790   0.0018594893
        0.0941795744   0.0792010874  -0.0799384537   0.0000028877   0.0000067046
        0.0000301039   0.0004197332   0.0000896020  -0.0000297103   0.0011950272
        0.0009558770  -0.0011360130  -0.0018476434  -0.0009623126   0.0020141145
        0.0002420884   0.0002329951  -0.0000148957   0.0010533948  -0.0016908823
        0.0003900456  -0.0004644739  -0.0001058177  -0.0004944786  -0.0001745360
        0.0000367417  -0.0001648945  -0.0002006753  -0.0000704827   0.0001681443
       -0.0001318297   0.0002471642  -0.0002001421   0.0000925733  -0.0000988657
        0.0000100624  -0.0000519535  -0.0000112362  -0.0000604717   0.0003266575
       -0.0003724557  -0.0000562425  -0.0000171123   0.0000207713   0.0000061859
        0.0000240138  -0.0000272297   0.0000324320   0.0220854726   0.0122363225
       -0.0192442745   0.1059809898   0.0664384002  -0.1251922257   0.0001819721
       -0.0000609945   0.0002643794  -0.0000628919  -0.0000223201   0.0000773898
       -0.0021948570   0.0063107244  -0.0024318638   0.0001338406  -0.0002004491
       -0.0003959104   0.0001624270  -0.0000758236   0.0000603323  -0.0009152051
       -0.0006809301   0.0010810987   0.0001225261  -0.0000302727   0.0001672455
        0.0000640168  -0.0000121333   0.0000062386  -0.0000368311   0.0003389481
        0.0010604199   0.0000682730  -0.0000073815   0.0000202588   0.0000292341
        0.0000168264  -0.0000073770   0.0000326455   0.0000175618   0.0000345877
        0.0000571426   0.0000415264  -0.0001146595   0.0000843719  -0.0001059344
        0.0001184976   0.0000250157   0.0000062258   0.0000242575   0.0000002108
       -0.0000051268   0.0000016189  -0.0078053030  -0.0031551511   0.0056976289
       -0.1196573234  -0.0799384537   0.1403319238   0.0000071211  -0.0000531239
       -0.0000153912  -0.0003953116  -0.0000885019   0.0000438709   0.0015051179
        0.0008671806  -0.0014546653  -0.0001708017   0.0000021782   0.0002508741
       -0.0020307023   0.0023028140   0.0005007107   0.0003029970   0.0008645166
       -0.0001199280  -0.0001515844   0.0001524436   0.0000368511  -0.0000242481
       -0.0000176629   0.0000079207  -0.0000072442   0.0000153320  -0.0000311506
       -0.0000863708   0.0004142048   0.0000809179  -0.0004018856  -0.0001439011
       -0.0003435517   0.0001729937   0.0000647218  -0.0000973291  -0.0002447200
       -0.0003719358   0.0008094155   0.0112938311   0.0224598239   0.0011420824
       -0.0000456751  -0.0000605741   0.0000575955   0.0000530430   0.0000203599
       -0.0000572729   0.0000033217  -0.0000308981  -0.0000275018   0.0000276911
       -0.0000179466   0.0000736667  -0.1536355730  -0.1976061596  -0.0125880755
       -0.0000319812  -0.0001079627  -0.0000111204   0.0000265589   0.0000465804
        0.0000077967   0.0000016632   0.0000030475   0.0000245977   0.0000080368
       -0.0000071641  -0.0000046736  -0.0000004764  -0.0000361038  -0.0000061313
       -0.0000011887  -0.0000326246   0.0000058942  -0.0000398959  -0.0000405100
       -0.0000259480   0.0004277264  -0.0005425910   0.0001716668   0.0000473021
       -0.0001653755   0.0001037538   0.0004412871  -0.0007535210  -0.0009692468
        0.0010438104   0.0015442146  -0.0000385545   0.0006231028   0.0006954327
        0.0001794457   0.0000045261  -0.0000229247  -0.0000128448  -0.0000445745
       -0.0000264093  -0.0000017449   0.0000116866   0.0000059766   0.0000155199
       -0.0000035059   0.0000028877   0.0000071211   0.1422791644   0.1713496749
        0.0110396366   0.0000149333   0.0000156596  -0.0000003896  -0.0000492167
        0.0000584572   0.0000936455   0.0000151672  -0.0000318828  -0.0000227750
        0.0036475607  -0.0036199914  -0.0012616811  -0.0006056457  -0.0009655749
        0.0001544639   0.0002995029  -0.0002573592  -0.0001198550  -0.0000012680
        0.0000388496  -0.0000207167   0.0000495561   0.0000795153  -0.0000071156
       -0.0000536827   0.0003237248  -0.0001773745   0.0004349773   0.0004499789
       -0.0000288803   0.0002219953   0.0001780158   0.0000013676   0.0003540678
        0.0004576733   0.0003406689  -0.0072363264  -0.0259286947  -0.0016150591
        0.0000236977  -0.0000288555   0.0000338850  -0.0001753713  -0.0000381717
       -0.0000391484   0.0000241227   0.0000396019   0.0000743617  -0.0000734933
       -0.0000146058   0.0000770989  -0.1672453344  -0.3220029799  -0.0250273468
       -0.0000403062   0.0000546852   0.0000498670  -0.0000419867  -0.0001267578
        0.0000086055   0.0000331024   0.0000352817   0.0000530908   0.0000026363
       -0.0000115936  -0.0000058990   0.0000233521   0.0000069114  -0.0000080236
        0.0000278686  -0.0000070372  -0.0000208231  -0.0000594647  -0.0000871471
       -0.0000149380   0.0002182089  -0.0004409793   0.0001227923   0.0000010833
       -0.0001002949   0.0001693885  -0.0009629949  -0.0012762988   0.0003414102
       -0.0001823666   0.0001100809   0.0000886013  -0.0001822550  -0.0000349658
       -0.0000436819   0.0000066601  -0.0000124969   0.0000037600  -0.0000184391
       -0.0000077573  -0.0000045219   0.0000245866  -0.0000222707   0.0000105053
        0.0000144217   0.0000067046  -0.0000531239   0.1713496749   0.3532205094
        0.0269883285   0.0000175418  -0.0000028312  -0.0000193905   0.0001216597
       -0.0000693535  -0.0000958376  -0.0000173418   0.0000544847   0.0000452217
        0.0000496542   0.0001230556   0.0004825632   0.0000223122   0.0000120539
        0.0000342536   0.0000098432  -0.0000079469   0.0000126856   0.0000086051
       -0.0000224448  -0.0000128370  -0.0000304005   0.0000187943  -0.0000092187
        0.0001008838   0.0000326736   0.0002280651   0.0000818365  -0.0002185427
       -0.0001278275  -0.0000011842  -0.0000253691   0.0000368742  -0.0000567638
        0.0010547216  -0.0018754029  -0.0024119443  -0.0023697863  -0.0029592251
        0.0000112876   0.0000106154  -0.0000259745  -0.0000268531   0.0000305031
        0.0001018814   0.0000031812  -0.0000550522  -0.0000797199   0.0000237554
       -0.0000676684  -0.0000661860  -0.0091099962  -0.0242284093  -0.0046793251
        0.0000089940  -0.0000180039  -0.0000488194   0.0000013594   0.0000067562
        0.0000017898  -0.0000129434  -0.0000141853  -0.0000125312  -0.0000109013
        0.0000227910  -0.0000266564   0.0000005117  -0.0000186887  -0.0000126634
        0.0000174781   0.0000039821  -0.0000350944  -0.0000127375   0.0000311964
       -0.0000798084  -0.0002260906  -0.0000998929   0.0001798025   0.0000052542
       -0.0001568915  -0.0000940446   0.0000045728  -0.0009857828   0.0023558687
        0.0008390868   0.0013933558   0.0012209471  -0.0003489309  -0.0014895754
        0.0005253758  -0.0000369872  -0.0000086652  -0.0000229808   0.0000198607
        0.0000234504  -0.0000106779  -0.0000165383   0.0000168488  -0.0000068358
        0.0000101027   0.0000301039  -0.0000153912   0.0110396366   0.0269883285
        0.0050052661  -0.0000418945   0.0000251407  -0.0000167933   0.0000674797
       -0.0000112810   0.0000613362   0.0000184702  -0.0000261849  -0.0000286956
       -0.0003577024  -0.0002978214  -0.0002371802  -0.0036259595  -0.0023188119
        0.0023456076  -0.0009816035   0.0000910678  -0.0002796462  -0.0000703282
       -0.0000741770  -0.0000760266   0.0000601734   0.0000147808  -0.0000120291
       -0.0000269473   0.0000415285  -0.0002010279  -0.0000843149   0.0001451227
        0.0000944412   0.0001175802   0.0000527495  -0.0000065544   0.0000142479
        0.0000159348   0.0001088054  -0.0000624291  -0.0000179984  -0.0001999089
       -0.0000065767   0.0000007131   0.0000214244  -0.0252941340  -0.0028648937
       -0.0113856956   0.0009335754   0.0009443713  -0.0014649215  -0.0000142320
       -0.0001153443   0.0005845269   0.0000540480  -0.0000246860   0.0001465616
       -0.2077245676  -0.0089544942  -0.1120653828   0.0000169507   0.0000655431
       -0.0000254119  -0.0000492152  -0.0001817166  -0.0000160667  -0.0000116618
       -0.0000080397   0.0000167313  -0.0000296646  -0.0000258582   0.0000481894
       -0.0000055267  -0.0000026171   0.0000230342  -0.0000452531  -0.0000200473
        0.0000150617  -0.0000385610   0.0000028486  -0.0000220431   0.0000642775
       -0.0000157991   0.0000566341   0.0000059134  -0.0000318062  -0.0000527602
       -0.0001651171   0.0001064901   0.0000593557  -0.0000271417  -0.0000920109
        0.0000928024   0.0000135891   0.0000019791  -0.0000004140  -0.0000030626
       -0.0000145532   0.0000097708   0.0006322785  -0.0004085396   0.0009928761
        0.0004433228   0.0004197332  -0.0003953116   0.0000149333   0.0000175418
       -0.0000418945   0.2421253183   0.0121426551   0.1294972563  -0.0083884099
        0.0019284907  -0.0073972709   0.0025162004  -0.0005223354  -0.0002335329
       -0.0004700917  -0.0001026587  -0.0000828803  -0.0018297821   0.0006953502
        0.0012297080  -0.0000893595   0.0000657294  -0.0000831637  -0.0000258719
        0.0000108153   0.0000105086   0.0000105938   0.0000139944   0.0000012335
        0.0000113750   0.0000494734  -0.0000299824  -0.0000752470   0.0000866841
        0.0000385465   0.0000216365   0.0000049382  -0.0000220301  -0.0000172316
       -0.0000411264   0.0000109773   0.0002604013  -0.0001640860   0.0000807380
        0.0000019651   0.0000019780   0.0000031500  -0.0086627710  -0.0004123734
       -0.0053282357  -0.0005860930  -0.0001242900  -0.0005170659  -0.0000321832
       -0.0001475833   0.0001139191   0.0000614803  -0.0000075764  -0.0001323101
       -0.0090320668  -0.0455832449  -0.0061081539   0.0000220128   0.0000239533
       -0.0000490757   0.0000273137  -0.0000185722   0.0000002460  -0.0000026610
        0.0000077617  -0.0000031701   0.0000093502  -0.0000010355   0.0000003168
        0.0000029025  -0.0000047556   0.0000007163  -0.0000037026   0.0000016448
       -0.0000146029  -0.0000375457   0.0000049167  -0.0000089935   0.0000044500
       -0.0000280518  -0.0000090030   0.0000198810   0.0000130040  -0.0000137240
        0.0000515710  -0.0000037509   0.0000931035  -0.0001684754   0.0001073233
       -0.0001442978   0.0000015488  -0.0000007098   0.0000027557  -0.0000001787
       -0.0000032180   0.0000017342  -0.0000643203  -0.0001927699   0.0007067096
        0.0001643410   0.0000896020  -0.0000885019   0.0000156596  -0.0000028312
        0.0000251407   0.0121426551   0.0480881039   0.0060538906   0.0247628066
       -0.0007695400   0.0182146223  -0.0164943628  -0.0016570989  -0.0139528256
        0.0000848981  -0.0000335793   0.0001082904   0.0019014260   0.0012977391
       -0.0008509994   0.0004327922   0.0001267070   0.0003289806   0.0000064953
        0.0000021961  -0.0000094393   0.0000083357   0.0000026503   0.0000011876
        0.0000232902  -0.0000037602  -0.0000523651   0.0000361002  -0.0000489065
        0.0000069169   0.0000183562   0.0000214755  -0.0000101468  -0.0000490715
        0.0000438120   0.0000757556   0.0000472135  -0.0000505678  -0.0000830984
        0.0000022784  -0.0000013523   0.0000125134   0.0104589821   0.0006286781
        0.0076500553   0.0023294408   0.0001165655   0.0005849331   0.0000918510
        0.0000014816   0.0001814801  -0.0000816931   0.0001069093   0.0001022040
       -0.1123516624  -0.0065707873  -0.1198218011  -0.0000127746  -0.0000274067
       -0.0000334925   0.0001172823   0.0001045568   0.0000445749  -0.0000130601
       -0.0000114927   0.0000417902  -0.0000148692  -0.0000178674   0.0000037188
       -0.0000178065  -0.0000045094   0.0000172458  -0.0000217447   0.0000119943
        0.0000517334   0.0000073107   0.0000015220   0.0000026149   0.0000270250
        0.0000069432   0.0000130095   0.0000149844  -0.0000183354  -0.0000151247
       -0.0000702295   0.0000436418   0.0000099162   0.0000272719  -0.0000938030
        0.0000501021  -0.0000031620   0.0000019897  -0.0000082507  -0.0000147305
       -0.0000135374   0.0000062507   0.0004052677   0.0004525863  -0.0007671344
       -0.0000382241  -0.0000297103   0.0000438709  -0.0000003896  -0.0000193905
       -0.0000167933   0.1294972563   0.0060538906   0.1381602075  -0.0111884750
        0.0012652816  -0.0078812105  -0.0216599653  -0.0033456145  -0.0179474958
       -0.0001112837  -0.0002474798   0.0000173836   0.0002443463  -0.0001318570
        0.0005765883   0.0000756136   0.0000208406  -0.0000414869  -0.0000233947
       -0.0000038463   0.0000156470   0.0000349731   0.0000301439  -0.0000460312
        0.0000688401   0.0000367245   0.0001709143  -0.0000037196   0.0000808440
       -0.0000596690  -0.0000247607  -0.0000456742   0.0000239571   0.0000310046
        0.0000463352  -0.0001194922  -0.0013014797   0.0005371078   0.0010330425
        0.0000263809   0.0000337752  -0.0000203713   0.0044153631  -0.0208889037
        0.0083918302  -0.0022175186  -0.0015656154   0.0017106893  -0.0002407392
       -0.0004488171  -0.0003260943   0.0005179352  -0.0003510622  -0.0003341017
       -0.0532720875   0.0456359887  -0.0204827304   0.0000093231   0.0000839217
        0.0000050082   0.0000186488   0.0000587581  -0.0000025887   0.0000377576
        0.0000323908  -0.0000487465   0.0000305848   0.0000266725  -0.0000192100
        0.0000508657   0.0000247536  -0.0000177273   0.0000283709  -0.0000423715
       -0.0000694405  -0.0000165999   0.0000145489   0.0000088193  -0.0000068584
       -0.0000387173  -0.0000445055  -0.0000871201  -0.0000246226   0.0000928270
       -0.0002045253   0.0002649105   0.0006062231  -0.0012064457   0.0010247319
       -0.0008605581   0.0000001418  -0.0000020183   0.0000011296   0.0000280843
        0.0000197877  -0.0000029669  -0.0000329847  -0.0004730096  -0.0001689200
       -0.0001875483   0.0011950272   0.0015051179  -0.0000492167   0.0001216597
        0.0000674797  -0.0083884099   0.0247628066  -0.0111884750   0.0620760051
       -0.0558172901   0.0211040850  -0.0003195468   0.0060295560  -0.0014776268
       -0.0003599349  -0.0001655573   0.0001209311   0.0004828928   0.0005618241
        0.0003906878   0.0001931403   0.0000622828  -0.0001285707   0.0000075917
        0.0000656792  -0.0000345346  -0.0000223060   0.0000294520   0.0000076733
        0.0000200650  -0.0000119879  -0.0000015621   0.0000025741   0.0000124129
        0.0000065263  -0.0000120265  -0.0000223412   0.0000055973  -0.0000092227
       -0.0000294886  -0.0000025151   0.0008263196  -0.0003638997  -0.0002971317
        0.0000207799   0.0000175527  -0.0000051974  -0.0007109015  -0.0122729285
        0.0084917044  -0.0017538558  -0.0009349701   0.0003378036  -0.0007343244
       -0.0003952264  -0.0006591639   0.0003466570  -0.0001198406  -0.0000889122
        0.0474943841  -0.2399675555   0.0769507768   0.0000809527   0.0000701663
        0.0000219698  -0.0000138898   0.0000402318  -0.0000497641   0.0000540480
        0.0000125065  -0.0000437317   0.0000376171  -0.0000006338  -0.0000363331
        0.0000178441  -0.0000013924   0.0000035155   0.0000334435  -0.0000801128
       -0.0000042384   0.0000130634   0.0000045809   0.0000047800  -0.0000365387
       -0.0000430872  -0.0000633351  -0.0000016779   0.0000405700  -0.0000234058
        0.0002520025   0.0001529327  -0.0000791027   0.0006433521   0.0002754052
       -0.0000673943  -0.0000072713   0.0000003561  -0.0000141294   0.0000109923
        0.0000044681   0.0000021505  -0.0001313804  -0.0003774689  -0.0003236466
       -0.0001344609   0.0009558770   0.0008671806   0.0000584572  -0.0000693535
       -0.0000112810   0.0019284907  -0.0007695400   0.0012652816  -0.0558172901
        0.2786228188  -0.0910177739   0.0072204124  -0.0253037326   0.0044751452
        0.0000812617   0.0002388441  -0.0001239119  -0.0007235080  -0.0004762664
        0.0002810882  -0.0000393554   0.0000058044   0.0000167009  -0.0000073340
        0.0000089015   0.0000244851  -0.0000157607  -0.0000100688   0.0000133622
        0.0000165199   0.0000180926   0.0000124526  -0.0000550136  -0.0000461513
        0.0000395031  -0.0000312557  -0.0000236037  -0.0000103739  -0.0000011598
       -0.0000891307  -0.0000412845   0.0000698951  -0.0000379903   0.0005196984
       -0.0000067122  -0.0000126121   0.0000005103   0.0000202939   0.0183403906
       -0.0103981584   0.0026316676   0.0014928984  -0.0006626076  -0.0003326838
       -0.0002465304   0.0001981660  -0.0004069327   0.0001081195  -0.0001714185
       -0.0218613607   0.0782423443  -0.0692322284  -0.0000001224  -0.0000197609
       -0.0000488233  -0.0000064177  -0.0000432577   0.0000022294  -0.0000425423
       -0.0000084396  -0.0000002548  -0.0000079041  -0.0000077301   0.0000088646
       -0.0000219891  -0.0000107603  -0.0000119991  -0.0000326922   0.0000833224
       -0.0000356746   0.0000057899  -0.0000023838   0.0000051656  -0.0000252288
       -0.0000075186  -0.0000209424   0.0000779055   0.0000135396  -0.0000027957
        0.0005210014  -0.0004022312  -0.0009374544  -0.0000434192   0.0000376900
        0.0005937079  -0.0000079417   0.0000015332  -0.0000002296  -0.0000059683
       -0.0000001727  -0.0000036860   0.0000946726   0.0005852689   0.0003929240
        0.0005210814  -0.0011360130  -0.0014546653   0.0000936455  -0.0000958376
        0.0000613362  -0.0073972709   0.0182146223  -0.0078812105   0.0211040850
       -0.0910177739   0.0815900157   0.0058347538  -0.0236971388   0.0072775087
        0.0002237969   0.0000129614   0.0000000825   0.0001878696  -0.0003470769
        0.0009673926   0.0000352016   0.0000980534  -0.0001222340   0.0000181579
       -0.0000141945  -0.0000147841  -0.0000120572  -0.0000049359  -0.0000260616
       -0.0000578954   0.0000318126   0.0000604462   0.0000063322  -0.0000053017
       -0.0000152167  -0.0000312804  -0.0000233361   0.0000274350   0.0000204252
       -0.0000685521  -0.0000967971  -0.0000992692   0.0001480052   0.0001018467
        0.0000095168  -0.0000032621  -0.0000193920  -0.0064095929   0.0120639059
        0.0213139395  -0.0020335002  -0.0001991282   0.0007731371  -0.0011118076
        0.0003410383  -0.0004317164   0.0000279859  -0.0001106430  -0.0000896467
       -0.0485945649   0.0252556422   0.0285470539  -0.0000017141  -0.0001472509
        0.0001604258  -0.0000761425  -0.0000254889  -0.0000424491   0.0000477589
        0.0000438936  -0.0000595911   0.0000143479   0.0000090784  -0.0000393824
        0.0000373781  -0.0000054314  -0.0000157342   0.0000567393  -0.0000151028
       -0.0000734011   0.0000448353  -0.0000189490   0.0000088472  -0.0000296319
        0.0000041029  -0.0000339298   0.0000177017   0.0000067141   0.0000097651
       -0.0000538173  -0.0000783390  -0.0000766560   0.0000059704   0.0000742695
        0.0000151036  -0.0000015798   0.0000024449  -0.0000020475   0.0000156132
        0.0000124739   0.0000022894  -0.0003102592   0.0005681640   0.0002061180
        0.0005899369  -0.0018476434  -0.0001708017   0.0000151672  -0.0000173418
        0.0000184702   0.0025162004  -0.0164943628  -0.0216599653  -0.0003195468
        0.0072204124   0.0058347538   0.0552517238  -0.0264666321  -0.0350572997
        0.0000503660  -0.0000308161   0.0000481851  -0.0002135571   0.0001126296
        0.0000770107  -0.0000342665   0.0000395585   0.0000621720  -0.0000139409
       -0.0000546294   0.0000419290   0.0000270157  -0.0000081439  -0.0000045418
       -0.0000927057   0.0000324207   0.0000065389   0.0000169555   0.0000200475
       -0.0000112928  -0.0000058716   0.0000140696  -0.0000163740   0.0000130339
       -0.0000108913   0.0000381906   0.0002099270  -0.0000150228  -0.0002240389
       -0.0000072991  -0.0000003848   0.0000093671  -0.0018133844   0.0068596570
        0.0071483824  -0.0009761640  -0.0003119707   0.0008858590   0.0006303916
        0.0001694701   0.0002513223   0.0000871519  -0.0000347624   0.0000902506
        0.0232346500  -0.1285476806  -0.1115621354  -0.0000558549  -0.0000307709
        0.0000646166   0.0000125944  -0.0000083358   0.0000235880   0.0000073222
        0.0000061553  -0.0000040974  -0.0000146662   0.0000092164   0.0000067149
        0.0000069228  -0.0000072511  -0.0000011666   0.0000116540  -0.0000191396
        0.0000105182  -0.0000124444  -0.0000067188  -0.0000012170   0.0000280491
        0.0000158698   0.0000402417  -0.0000225808   0.0000162060  -0.0000269242
       -0.0000546546   0.0000148208   0.0002883192  -0.0000832744  -0.0001163379
       -0.0001728477   0.0000075712  -0.0000007429   0.0000112125  -0.0000016840
       -0.0000015986   0.0000005807  -0.0000727226   0.0002484545   0.0001463619
        0.0001227601  -0.0009623126   0.0000021782  -0.0000318828   0.0000544847
       -0.0000261849  -0.0005223354  -0.0016570989  -0.0033456145   0.0060295560
       -0.0253037326  -0.0236971388  -0.0264666321   0.1495152813   0.1298400344
       -0.0000745939  -0.0000958782   0.0000390768  -0.0009101229   0.0001597298
        0.0000772925  -0.0001199417  -0.0002328142   0.0000190968   0.0000000153
        0.0000388115   0.0000631241   0.0000179020   0.0000029712   0.0000337731
       -0.0000175168  -0.0000064778  -0.0000073922  -0.0000247113   0.0000476984
        0.0000126179  -0.0000178177  -0.0000173062  -0.0000029685   0.0000315161
        0.0000677098   0.0000288824  -0.0002259497   0.0000202522  -0.0000538531
       -0.0000052437   0.0000089055   0.0000151475   0.0092994217  -0.0070315816
       -0.0208648130   0.0026019763   0.0000655768  -0.0000942153  -0.0000310545
       -0.0001184113   0.0005312141   0.0000241289  -0.0000015211   0.0000895950
        0.0263248734  -0.1147787029  -0.1796733564   0.0000728937   0.0002106723
       -0.0000895693  -0.0000150575  -0.0000019565   0.0000248015  -0.0000462696
       -0.0000397145  -0.0000120501   0.0000131801   0.0000177262   0.0000249733
       -0.0000210921   0.0000118706  -0.0000060857  -0.0000730366   0.0000062366
        0.0000355962  -0.0000268038   0.0000055423  -0.0000167775   0.0000181337
        0.0000019458   0.0000378441  -0.0000558159  -0.0000186171   0.0000216926
        0.0000074510   0.0000856706  -0.0000468780   0.0001243327  -0.0000981305
        0.0000668189   0.0000009232  -0.0000057327   0.0000055834   0.0000012118
        0.0000025025  -0.0000062292   0.0003544870  -0.0007286675  -0.0002261417
       -0.0004361848   0.0020141145   0.0002508741  -0.0000227750   0.0000452217
       -0.0000286956  -0.0002335329  -0.0139528256  -0.0179474958  -0.0014776268
        0.0044751452   0.0072775087  -0.0350572997   0.1298400344   0.2104210086
