$hessian                                                                        
        0.4857902101   0.0268101142  -0.0204355850  -0.0907489279   0.0438342768
        0.0214159072   0.0062570861  -0.0033139405  -0.0025325336   0.0004352582
        0.0004911176   0.0002449371  -0.0137720743  -0.0106999420   0.0122838040
       -0.0695550934  -0.0078554704   0.0255611380  -0.1308591275  -0.0012890154
       -0.0485563270  -0.0248809192  -0.0117326144  -0.0028699370  -0.0142738335
        0.0068559178   0.0227057133  -0.0903523142  -0.0523813803   0.0039266528
       -0.0016468248  -0.0018954255   0.0014608854  -0.0237926911   0.0149735651
        0.0055280041  -0.0010792287   0.0008849885  -0.0021024108  -0.0062179588
        0.0071594942   0.0064017016   0.0071173061   0.0189887742  -0.0000183454
        0.0004075293  -0.0001469685   0.0005720317  -0.0004884612  -0.0024859403
        0.0001856482  -0.0001882318  -0.0005658574  -0.0001575338   0.0000431132
       -0.0001740737   0.0000481738   0.0000391800  -0.0000111305  -0.0000693071
       -0.0021243179  -0.0028389276  -0.0004270950   0.0056810263   0.0049186000
       -0.0172624015  -0.0164015947   0.0025890410  -0.0093602665   0.0031868668
        0.0003887269   0.0012902363   0.0005957493  -0.0005749687  -0.0004758754
       -0.0157811365  -0.0199033331  -0.0001377159  -0.0074314321  -0.0102168677
        0.0038929026   0.0001841292  -0.0000190965   0.0002238038  -0.0004885468
       -0.0005949670  -0.0003235116  -0.0003714378  -0.0022204771  -0.0002352044
       -0.0001041095   0.0007360481   0.0001191191   0.0006370257   0.0006198237
       -0.0004318515   0.0000973939  -0.0000540775  -0.0000267463   0.0000945376
       -0.0000766568  -0.0004045627  -0.0000081501  -0.0001993572  -0.0000334485
        0.0268101142   0.4641515913  -0.0020706859   0.0388000827  -0.1067591310
       -0.0230031945   0.0118150260  -0.0266289985  -0.0060442919   0.0015526987
        0.0026008710  -0.0009041456  -0.0187013147  -0.0112168990   0.0178819846
       -0.0093585509  -0.0623679002   0.0225320711   0.0000213017  -0.0615427845
       -0.0018802398  -0.0207032266  -0.0045675640  -0.0047051991   0.0173570739
       -0.0033730410  -0.0248152741  -0.0479651469  -0.1284469641   0.0099164951
       -0.0019868924  -0.0021052760   0.0020730246   0.0076399277   0.0013689349
        0.0025146369  -0.0015957445  -0.0013264165   0.0002339986   0.0026085395
       -0.0012325730  -0.0026419715  -0.0013922939  -0.0380874276  -0.0036780957
       -0.0004098374   0.0001456877  -0.0001672183  -0.0016253647  -0.0047936710
       -0.0002214934  -0.0001808199  -0.0003188264  -0.0002420627  -0.0000098338
       -0.0001252518   0.0001051917   0.0002292844   0.0001150481  -0.0003114565
       -0.0035981064  -0.0040640597  -0.0002959331  -0.0021935288  -0.0006236758
        0.0044451299   0.0211945402   0.0005852229   0.0132880559  -0.0050993680
       -0.0006187100  -0.0036495282   0.0003797449   0.0001257447  -0.0011021265
       -0.0058753747  -0.0042083663  -0.0013761861  -0.0065309116  -0.0059869439
        0.0043019618   0.0000246933  -0.0000023997   0.0000622660  -0.0007685913
       -0.0007815001  -0.0002500642  -0.0003295510  -0.0002676978  -0.0000204646
       -0.0000598707   0.0000737247   0.0001003102   0.0000705850   0.0003712435
       -0.0001112956   0.0000493864  -0.0001860582   0.0000893385  -0.0000348412
        0.0001114771   0.0000050143  -0.0001338292  -0.0000174098  -0.0000585523
       -0.0204355850  -0.0020706859   0.4430851418   0.0145394023  -0.0171652718
       -0.0694438778  -0.0017787889   0.0012017452   0.0019193416  -0.0000756646
       -0.0000847210   0.0000972610   0.0087508425   0.0087730837  -0.0035854438
        0.0313136010   0.0213918754  -0.1443696449  -0.0496763382  -0.0026990938
       -0.0983502025   0.0002137940  -0.0046392136   0.0053378041   0.0123453067
       -0.0080968519  -0.0143789878   0.0038485458   0.0104880910  -0.0651372813
        0.0008966898   0.0016783961  -0.0011654596  -0.0042389097   0.0083930944
        0.0049378764  -0.0009555948  -0.0001543472   0.0000708241   0.0190701795
       -0.0217163734  -0.0160860509  -0.0017837052  -0.0090740759   0.0024398639
        0.0002776606  -0.0003110413   0.0000745916   0.0000524789   0.0012555395
       -0.0000823134  -0.0001477452  -0.0001536590  -0.0001359804   0.0000596978
        0.0000905848  -0.0000914540  -0.0000509218  -0.0002287653   0.0000073917
       -0.0005351401   0.0004811101  -0.0004617418   0.0057966039   0.0065506751
       -0.0217734274  -0.0017496254   0.0011265087  -0.0000750346  -0.0218012895
       -0.0032722382  -0.0177299175   0.0007536277  -0.0000227126   0.0014558583
       -0.0125518114  -0.0155896018   0.0009485641   0.0178124132   0.0232178675
       -0.0070422256   0.0000737444  -0.0001120642  -0.0002097832   0.0002318064
        0.0007138031   0.0002932917  -0.0001973713  -0.0006800495   0.0000975719
        0.0000561930   0.0000699089   0.0000089703   0.0000355957   0.0007659862
       -0.0000722254  -0.0000366619   0.0001758416  -0.0000554260  -0.0001328951
       -0.0001628661  -0.0003571267   0.0000198649  -0.0001404790  -0.0001707482
       -0.0907489279   0.0388000827   0.0145394023   0.4570054664   0.0126525015
       -0.0039557322  -0.0783889094  -0.0384609507   0.0011805169  -0.0086728290
       -0.0133697340   0.0044773191   0.0013038190  -0.0004369843  -0.0010586666
       -0.0073899338   0.0067806459   0.0060667215  -0.0228726221   0.0188146825
        0.0009975387   0.0003469017   0.0004813204  -0.0002228196  -0.0008508140
        0.0000150997   0.0017677392   0.0052728595  -0.0019353155  -0.0015745242
       -0.0001170013  -0.0002033030  -0.0000660421  -0.1601885441  -0.0034256738
       -0.0417758991  -0.0398328730  -0.0054738856  -0.0018215568  -0.0431923387
       -0.0032821267   0.0280133902   0.0002850380  -0.0045155729  -0.0003593484
       -0.0041308378   0.0004683001  -0.0055501997   0.0070446323   0.0165595105
       -0.0011501263  -0.0095576236  -0.0200306681  -0.0008249017   0.0001812086
        0.0000578591  -0.0000658694  -0.0016188943  -0.0008720880   0.0030390842
        0.0002262713  -0.0000054155  -0.0000895820   0.0003947948   0.0000196370
       -0.0006890086  -0.0044924134   0.0002842776  -0.0017863790   0.0007909832
        0.0006551199   0.0013166765   0.0000178629  -0.0001619261   0.0001138965
        0.0001511779  -0.0006095708  -0.0002525401   0.0002400398  -0.0008619750
       -0.0000727972   0.0000194577   0.0000374518   0.0000058850   0.0000456207
       -0.0000653387   0.0000021752  -0.0022687321  -0.0028532218   0.0012589935
        0.0003300832   0.0014274741  -0.0017037802  -0.0002018125   0.0000493241
       -0.0000832383   0.0003789846  -0.0001437617   0.0004564633  -0.0001722251
        0.0000571625   0.0000562882   0.0006621306  -0.0004529371  -0.0001890786
        0.0438342768  -0.1067591310  -0.0171652718   0.0126525015   0.4215421862
       -0.0178236538  -0.0419759087  -0.1498983987   0.0058417726  -0.0062505276
       -0.0051489558   0.0067373645   0.0008275209  -0.0000318363  -0.0004117107
        0.0025641533  -0.0001074407  -0.0050059317   0.0062574016  -0.0023394694
        0.0008721282  -0.0001903199  -0.0002774695  -0.0001460000  -0.0012336313
        0.0015610466   0.0013768317   0.0127149763  -0.0259024870  -0.0054213256
        0.0000395425   0.0000074405   0.0000250550  -0.0065541808  -0.0583041226
       -0.0006688391  -0.0080216611   0.0014892423  -0.0013634338  -0.0029402914
       -0.0433733548   0.0269431834  -0.0010720141  -0.0068797726  -0.0006094615
        0.0042669094  -0.0002105947   0.0018778837  -0.0076027850  -0.0246750429
        0.0016624110  -0.0072080080  -0.0107278329   0.0004446238  -0.0001912025
        0.0001326969   0.0002321248   0.0004155585   0.0007865044   0.0005806078
        0.0000308960  -0.0000464296   0.0000378332  -0.0000052269   0.0003354411
        0.0004407733   0.0002435716   0.0003581912  -0.0002377557  -0.0005322957
        0.0001697230  -0.0007584647  -0.0001141417  -0.0003147662   0.0002239437
        0.0007450237   0.0005074041  -0.0001314755   0.0009793733   0.0002740318
       -0.0008029831  -0.0000228533   0.0000317723  -0.0000293503  -0.0000360170
        0.0000268041   0.0000261881  -0.0023836530   0.0109949473   0.0031167401
       -0.0000481419  -0.0039402395  -0.0014597432  -0.0002081888   0.0000366102
       -0.0000114051   0.0001668608  -0.0000313508  -0.0000942228   0.0003092373
        0.0000175257  -0.0001321825   0.0005432453   0.0006971273   0.0018337461
        0.0214159072  -0.0230031945  -0.0694438778  -0.0039557322  -0.0178236538
        0.5042421038   0.0064554028   0.0150820147  -0.0664888753   0.0105762160
        0.0196171792  -0.0027630956  -0.0014346987  -0.0001685494   0.0016228128
        0.0151830520  -0.0165780186  -0.0080812335  -0.0097013184   0.0097892438
        0.0014228009   0.0002156093   0.0003323110  -0.0000876881   0.0046819693
       -0.0013441384  -0.0061808498  -0.0001981114  -0.0018953317   0.0001658911
        0.0000144574  -0.0000890690   0.0000022286  -0.0521133127  -0.0010483275
       -0.0871516659   0.0110770421   0.0005835611   0.0043006173   0.0282286350
        0.0258645181  -0.2536571554  -0.0004048908   0.0019160896   0.0005081874
       -0.0229402981   0.0006683568  -0.0113143740  -0.0000781735   0.0007335643
        0.0009405079  -0.0087265545  -0.0196040558  -0.0003222766  -0.0000135851
        0.0001721264  -0.0000856078   0.0029769213   0.0012565831  -0.0031773293
       -0.0002945689   0.0000266723   0.0000046422  -0.0000183160  -0.0006535547
        0.0005313296  -0.0035004443   0.0003277936  -0.0015353971  -0.0017115517
        0.0010999807   0.0006467833   0.0000947198   0.0003510101  -0.0001104883
        0.0000974179  -0.0000442805   0.0000138393  -0.0000860093   0.0013172900
        0.0003949986  -0.0000247997   0.0000028070  -0.0000182012  -0.0000516313
       -0.0000311815  -0.0000088456   0.0031287021   0.0028899742  -0.0007167673
        0.0025568384  -0.0004848435   0.0005817386  -0.0000329128  -0.0001279940
        0.0000450123  -0.0002258388  -0.0002036510   0.0006861940  -0.0001143935
       -0.0000067292  -0.0000178914  -0.0010757488   0.0010754970  -0.0049480680
        0.0062570861   0.0118150260  -0.0017787889  -0.0783889094  -0.0419759087
        0.0064554028   0.5077752960  -0.0354447113   0.0274998637  -0.1065188979
       -0.0089598668   0.0561344786  -0.0169764169   0.0045767428   0.0163818928
        0.0005537642  -0.0013342474  -0.0006937077   0.0001248350  -0.0001351427
        0.0002656480  -0.0011551771   0.0006961062   0.0008547222   0.0000442814
        0.0001814056  -0.0000334359  -0.0016105531   0.0015053389   0.0007302229
        0.0001524233   0.0001169587   0.0001880228  -0.0174874372  -0.0223855136
        0.0015283988  -0.0019899261  -0.0004837765  -0.0023622445  -0.0030484027
       -0.0089498901   0.0022007167   0.0000346644   0.0017693318   0.0001307993
        0.0006292823   0.0002598068   0.0007840592  -0.1641316452   0.1159626827
       -0.0068895054  -0.1170246775  -0.0196171808  -0.1075158421   0.0085555709
        0.0023475178  -0.0107710941  -0.0126215802  -0.0048500679   0.0157800107
       -0.0019096056   0.0035170340   0.0010151876   0.0000847105   0.0000417558
        0.0000851880   0.0000827750   0.0000135951   0.0000911735  -0.0000657075
        0.0001722507  -0.0000794274  -0.0000328226  -0.0000406859  -0.0000267985
       -0.0000117416   0.0000786458   0.0000439344  -0.0000380369   0.0001158990
       -0.0000764014  -0.0000460572   0.0001155528   0.0000402135  -0.0000062536
       -0.0000000752   0.0000375212  -0.0011394962   0.0017935486   0.0007737468
        0.0000913854  -0.0006502026  -0.0003700304   0.0000261472  -0.0000365664
        0.0000433695  -0.0002071559  -0.0002622124  -0.0006104901  -0.0000429753
       -0.0000216901  -0.0000060888   0.0000412541   0.0000685395   0.0001492822
       -0.0033139405  -0.0266289985   0.0012017452  -0.0384609507  -0.1498983987
        0.0150820147  -0.0354447113   0.4634799474   0.0035957281  -0.0060309413
       -0.0652622512   0.0070336856   0.0142127648   0.0002905660  -0.0167033465
       -0.0007817445   0.0014543272   0.0008968886  -0.0003111445   0.0001309722
       -0.0001851428   0.0003027898   0.0006034104  -0.0001512730  -0.0002100493
        0.0004029051   0.0001875589   0.0024992930  -0.0017606538  -0.0009785226
       -0.0000006305  -0.0002694454  -0.0001114472  -0.0105523216  -0.0049525306
       -0.0028283116   0.0012395370  -0.0003297359  -0.0009331993  -0.0060798136
       -0.0094840383   0.0028580310  -0.0000540275  -0.0017492503  -0.0002178824
        0.0002777569  -0.0001585252   0.0004162450   0.1162114081  -0.1503465163
        0.0045766979  -0.0197654356  -0.0485590210  -0.0329132294  -0.0011897966
        0.0003208846   0.0014511585  -0.0164301898  -0.0042964215   0.0193994662
        0.0033985038  -0.0033787757  -0.0013372151  -0.0000361130  -0.0000466949
       -0.0002277138  -0.0001296298  -0.0000061770  -0.0001492655   0.0001860630
        0.0000316409  -0.0001315436  -0.0000580977  -0.0001373745   0.0000596315
        0.0000118186  -0.0000424998  -0.0000097366   0.0001078513   0.0001260758
       -0.0000755031   0.0000633459  -0.0000567595  -0.0001111342   0.0000327692
        0.0000262083   0.0000285066   0.0001056406   0.0003913825   0.0001246436
        0.0001104267  -0.0001462711  -0.0001635167  -0.0000661744  -0.0000123736
       -0.0000134187   0.0000281583   0.0003121585   0.0003222637  -0.0000381341
       -0.0001630123  -0.0000335044   0.0001657196   0.0001152465   0.0000406414
       -0.0025325336  -0.0060442919   0.0019193416   0.0011805169   0.0058417726
       -0.0664888753   0.0274998637   0.0035957281   0.4853913635   0.0586917659
        0.0115379818  -0.1515053833   0.0085884276  -0.0043692216  -0.0047346221
       -0.0001611841   0.0003787135   0.0001823805   0.0000678906  -0.0002904917
       -0.0002209068  -0.0006029434   0.0003239365   0.0007685885  -0.0004899261
        0.0004048401   0.0003071629   0.0008403254  -0.0011328648   0.0000330096
        0.0000461746   0.0000034514  -0.0001682574  -0.0044607604  -0.0105411656
        0.0023528336  -0.0017251539  -0.0001534017  -0.0002409220   0.0117858933
        0.0255808729  -0.0073781606  -0.0000918577  -0.0003416257   0.0001444658
        0.0006607127   0.0000757865   0.0001825451  -0.0062997712   0.0041131861
       -0.0424916768  -0.1077436720  -0.0328882906  -0.1921441443   0.0142244802
        0.0029042143  -0.0254364051   0.0016312254   0.0012410921  -0.0013741700
        0.0000495394  -0.0005094044   0.0007541185  -0.0000398104  -0.0000849629
       -0.0001803751  -0.0000046090  -0.0001563786  -0.0000184366  -0.0000768750
        0.0004388006  -0.0000014105   0.0000540259  -0.0000522432  -0.0000209858
        0.0000187141   0.0000826596   0.0000374694  -0.0000605483  -0.0000895742
        0.0000175663  -0.0000162244  -0.0000529282  -0.0001126908  -0.0000531889
        0.0000337494   0.0000543510  -0.0003000552   0.0005472133   0.0005520725
       -0.0000257392  -0.0000980008   0.0001214586   0.0000269125  -0.0000693740
        0.0000067735  -0.0006133336  -0.0000475019  -0.0003992156  -0.0001561265
       -0.0002353868  -0.0000142569   0.0000878445   0.0000531097   0.0001053938
        0.0004352582   0.0015526987  -0.0000756646  -0.0086728290  -0.0062505276
        0.0105762160  -0.1065188979  -0.0060309413   0.0586917659   0.4729933876
        0.0331963767   0.0408084069  -0.1013509127   0.0573980291   0.0123322714
        0.0073028851  -0.0063864383  -0.0010589937  -0.0006182087  -0.0000322431
        0.0000482755  -0.0139405024   0.0142660689  -0.0087762011  -0.0004631152
       -0.0048955363  -0.0009578636  -0.0001222720   0.0002057632  -0.0000006946
        0.0012133843   0.0012080597  -0.0001636963  -0.0002381702  -0.0005767230
        0.0000972286  -0.0001810742  -0.0000199315   0.0000339978  -0.0005012965
       -0.0012518242   0.0002708310  -0.0000020260  -0.0001232680   0.0000769836
        0.0003102465   0.0007530572  -0.0002559590  -0.0150971797   0.0005939399
        0.0201351795   0.0076881913  -0.0005673050  -0.0105901466  -0.1095098137
        0.0110412670  -0.1047461994  -0.1186114107  -0.1078807345  -0.0199326065
       -0.0134026076   0.0175698630   0.0046952802   0.0005996437  -0.0015752204
       -0.0002054223   0.0000894566   0.0000916515   0.0000097763   0.0000054244
        0.0000017884   0.0000596902   0.0002758784  -0.0005758838  -0.0004911611
        0.0000195771  -0.0000361764  -0.0000135224   0.0000012437  -0.0000312902
       -0.0000219053   0.0006072642  -0.0011598311  -0.0007375339  -0.0003078746
        0.0005131883   0.0002579551  -0.0000762365   0.0001157438   0.0000303969
       -0.0000399526  -0.0000546266  -0.0000571087  -0.0000340080   0.0000263189
       -0.0000298027  -0.0017085986  -0.0007231147  -0.0000543146  -0.0000450639
       -0.0000858136  -0.0000206243  -0.0000997905  -0.0002763850   0.0000651657
        0.0004911176   0.0026008710  -0.0000847210  -0.0133697340  -0.0051489558
        0.0196171792  -0.0089598668  -0.0652622512   0.0115379818   0.0331963767
        0.4926923696   0.0012382803   0.0562200535  -0.1410281808  -0.0147660198
        0.0101729542  -0.0292071136  -0.0043970993  -0.0002136057   0.0005015729
        0.0001838362   0.0107565139  -0.0076081729   0.0094048928  -0.0026023704
       -0.0060524416  -0.0001370324  -0.0000110576  -0.0001904260  -0.0001375769
       -0.0017958135  -0.0010411772  -0.0014099767  -0.0001414854  -0.0003633057
        0.0002212956  -0.0004561389  -0.0000302916  -0.0000246751  -0.0024735105
       -0.0042274660   0.0018001760  -0.0001170550   0.0002982759   0.0000435255
       -0.0002386301  -0.0000964407  -0.0000073455   0.0126291504   0.0009060014
       -0.0163318870   0.0016044404   0.0006889084  -0.0019480706   0.0113103635
       -0.0450563785   0.0207651138  -0.1084337617  -0.1924744056  -0.0242562771
        0.0008602732   0.0002867267  -0.0009413849   0.0015622850   0.0005531741
        0.0005212270  -0.0000628977   0.0000646314  -0.0001467476   0.0000227067
       -0.0000774083   0.0000623667   0.0005281107  -0.0011233059  -0.0007829498
        0.0000143708   0.0000247881   0.0000264623  -0.0000069738   0.0001026535
       -0.0000399727  -0.0003282907   0.0004448391   0.0002375609  -0.0000799849
       -0.0001548434  -0.0001766997  -0.0000926923   0.0001562971   0.0000158995
        0.0000083672  -0.0000523529  -0.0000582287   0.0000156445  -0.0000445362
        0.0000075960   0.0001225575  -0.0000345233  -0.0001062791  -0.0000355422
        0.0001019654  -0.0000121481  -0.0000958744  -0.0001490973   0.0000816986
        0.0002449371  -0.0009041456   0.0000972610   0.0044773191   0.0067373645
       -0.0027630956   0.0561344786   0.0070336856  -0.1515053833   0.0408084069
        0.0012382803   0.5026175958   0.0043950755  -0.0054154313  -0.0614191934
        0.0020730935  -0.0060140513  -0.0001881880   0.0002729746  -0.0008310818
       -0.0015237468  -0.0160788356   0.0200502701  -0.0002185281  -0.0008930369
       -0.0024527015   0.0001751089   0.0001431940   0.0001854208  -0.0000311171
       -0.0000571225   0.0008588276  -0.0010253474   0.0001293835  -0.0000438980
        0.0000121824   0.0002245270   0.0000295265  -0.0002492937   0.0006888657
        0.0006043255   0.0007598408  -0.0000872582  -0.0002046559   0.0001063922
        0.0006268137   0.0003114997  -0.0004942331   0.0029614575  -0.0004485216
       -0.0024884169   0.0147775923   0.0018314107  -0.0293461325  -0.1050397854
        0.0213325314  -0.2022375189  -0.0195022379  -0.0238401649  -0.0468080298
        0.0140421448  -0.0170740628  -0.0031224109   0.0004292640  -0.0012629797
        0.0003089211  -0.0000720996  -0.0001030796   0.0001765287   0.0002431022
        0.0001720125  -0.0003310014   0.0002674105  -0.0003141052  -0.0003510318
       -0.0000111357  -0.0000214547   0.0000085199  -0.0000535509  -0.0000264167
        0.0000455840   0.0008481579  -0.0017256797  -0.0011108560  -0.0004730096
        0.0007078874   0.0004537898  -0.0000821239   0.0000250322   0.0000275467
       -0.0000130031  -0.0000558236   0.0000702610  -0.0000080008   0.0000507183
       -0.0000490800  -0.0014730461  -0.0003079573   0.0003323568  -0.0000581960
       -0.0001641405   0.0000753344   0.0001142437   0.0000415587  -0.0000046189
       -0.0137720743  -0.0187013147   0.0087508425   0.0013038190   0.0008275209
       -0.0014346987  -0.0169764169   0.0142127648   0.0085884276  -0.1013509127
        0.0562200535   0.0043950755   0.4901556535   0.0167104965  -0.0603142418
       -0.1070578397  -0.0595061825  -0.0098979354   0.0048696950  -0.0062302086
        0.0049926391  -0.0818903296   0.0129986962  -0.0454672455   0.0115486147
        0.0149053858   0.0018978961  -0.0014994552  -0.0001298875   0.0029816865
       -0.0165517628   0.0034668714  -0.0251579916  -0.0004055679  -0.0000463804
       -0.0000927351   0.0001091327   0.0000198150   0.0000459283   0.0001949101
        0.0000854804  -0.0001435474   0.0004255876   0.0001205960  -0.0003593977
       -0.0000692193  -0.0000417281  -0.0000481674  -0.0023081053   0.0002931807
        0.0036133414   0.0004150763  -0.0001706206  -0.0004771311  -0.0130316677
        0.0162318426  -0.0012647219   0.0079886950  -0.0110437607  -0.0012878316
       -0.1447088549  -0.0226919667   0.1142348580  -0.0138430899  -0.0144300280
       -0.0038277537  -0.0007520370  -0.0013100212   0.0011930114  -0.0009667205
       -0.0008386094   0.0005387789  -0.0011642146   0.0023389411   0.0015407858
        0.0001067089   0.0000377925   0.0000419123  -0.0005445576  -0.0008605421
        0.0004078288   0.0001251129  -0.0056761582  -0.0039607320  -0.0003884729
        0.0029897116   0.0005425864   0.0000659991   0.0000032034   0.0000015520
       -0.0000050450  -0.0000049278   0.0000184162  -0.0000630421  -0.0000004407
       -0.0000619784   0.0000021307   0.0002679021  -0.0000632640   0.0000306199
       -0.0001119287  -0.0000029045   0.0000076306   0.0000644517   0.0000767109
       -0.0106999420  -0.0112168990   0.0087730837  -0.0004369843  -0.0000318363
       -0.0001685494   0.0045767428   0.0002905660  -0.0043692216   0.0573980291
       -0.1410281808  -0.0054154313   0.0167104965   0.4552590738  -0.0332387056
       -0.0563490369  -0.1225491557  -0.0128231469  -0.0001828764  -0.0058770918
        0.0178445853   0.0074419640  -0.0673385066   0.0238593234  -0.0076279683
       -0.0357575870  -0.0074432345  -0.0008202813   0.0002320819   0.0015284714
       -0.0012707826   0.0042817655  -0.0069907508  -0.0002542773  -0.0000524953
        0.0000738106  -0.0000146112   0.0000015274   0.0000443401   0.0000516270
        0.0000278599  -0.0000704629  -0.0003097018   0.0000778830   0.0004604079
        0.0001505267  -0.0001738434  -0.0000765849  -0.0007506930   0.0007572683
        0.0002284407  -0.0002592236   0.0002193196   0.0002943187   0.0071112185
       -0.0076875688   0.0014171104   0.0142902396  -0.0254941248  -0.0033190262
       -0.0230519116  -0.0422513826   0.0218749656   0.0002038655   0.0011273059
        0.0000096640  -0.0006684739  -0.0010549291   0.0002769560  -0.0011439413
       -0.0017829878   0.0007868894   0.0009178672  -0.0037324909  -0.0034975056
        0.0000182943   0.0000068979   0.0000012603  -0.0003165534  -0.0004383904
        0.0001484334  -0.0067967283   0.0067228694   0.0023807121   0.0020985006
       -0.0025702216  -0.0023980684   0.0000248820   0.0000173212  -0.0000024199
        0.0000109004  -0.0000021633  -0.0000336041   0.0000221034  -0.0000092164
       -0.0000490193  -0.0000583640   0.0000080862  -0.0000282175  -0.0000769867
       -0.0000092174  -0.0000648587   0.0000620803   0.0000284626  -0.0000139655
        0.0122838040   0.0178819846  -0.0035854438  -0.0010586666  -0.0004117107
        0.0016228128   0.0163818928  -0.0167033465  -0.0047346221   0.0123322714
       -0.0147660198  -0.0614191934  -0.0603142418  -0.0332387056   0.5147629191
       -0.0103918346  -0.0120212498  -0.0672126671   0.0013561985   0.0153295877
       -0.0206294053  -0.0453985842   0.0321448532  -0.1664559828  -0.0022890306
       -0.0139137074   0.0006136002   0.0015014499   0.0006901644  -0.0043562158
       -0.0130448107  -0.0001521886  -0.0153091090   0.0001262709   0.0000031330
       -0.0002362570  -0.0000159948  -0.0000189711   0.0000072429  -0.0001520691
       -0.0001288435   0.0000458708  -0.0004711415  -0.0002021806   0.0005195594
       -0.0003627004  -0.0000103931   0.0000235849   0.0030855304  -0.0003268906
       -0.0035412202  -0.0000806839  -0.0001787264   0.0002788337  -0.0155725566
        0.0190723516   0.0007691556   0.0022017142  -0.0043554135  -0.0001522815
        0.1136226765   0.0202388601  -0.1665329167  -0.0155304030  -0.0149308862
       -0.0030569482   0.0004177985   0.0008205910  -0.0015977159   0.0009065398
        0.0023110776  -0.0017619322   0.0002826610  -0.0004965349  -0.0008969724
       -0.0000730680  -0.0000958637  -0.0000771939   0.0008226225   0.0011039713
       -0.0004305961  -0.0031447598   0.0032528513   0.0032112602   0.0023067004
       -0.0011319104  -0.0000363059  -0.0000357573   0.0000159709  -0.0000016422
       -0.0000151035   0.0000120982   0.0000516213   0.0000901640   0.0001063160
       -0.0000882801   0.0002248743   0.0000181146   0.0000474015   0.0001386862
        0.0000279312   0.0001093512  -0.0001304487   0.0000536857   0.0000496880
       -0.0695550934  -0.0093585509   0.0313136010  -0.0073899338   0.0025641533
        0.0151830520   0.0005537642  -0.0007817445  -0.0001611841   0.0073028851
        0.0101729542   0.0020730935  -0.1070578397  -0.0563490369  -0.0103918346
        0.4696838833  -0.0032884664   0.0637121966   0.0028283847  -0.0003517551
       -0.0175646044  -0.0159963132  -0.0136616441  -0.0183555961  -0.1220190939
        0.0711841077   0.0348795740  -0.0063893593  -0.0074834907   0.0130599627
       -0.0007301959   0.0004747832  -0.0024733841   0.0000849259  -0.0004739952
        0.0002557273  -0.0001223046  -0.0000342168   0.0000724497  -0.0011791175
        0.0016016418   0.0006983135  -0.0018628378   0.0005780955   0.0017990401
        0.0010603453  -0.0006433157  -0.0010281639  -0.0001230403  -0.0000819892
        0.0000965634  -0.0000870292   0.0001197513  -0.0001620085   0.0006878797
        0.0018122166   0.0004322082  -0.0011225116   0.0035712827   0.0004958812
       -0.0139273667  -0.0164478517  -0.0025127002  -0.1384454368   0.0221841715
       -0.1023319462  -0.0000747352   0.0006369707  -0.0004470146  -0.0034528903
       -0.0006876622  -0.0029140871   0.0104941191  -0.0044526124  -0.0062192643
        0.0003490506   0.0001125140   0.0006305669  -0.0007049231  -0.0023176284
        0.0007782458  -0.0009394156   0.0003682299  -0.0002544330   0.0001951248
        0.0000634419  -0.0000352767   0.0000118446  -0.0000091589   0.0000125893
       -0.0000572067   0.0000627768  -0.0000951845  -0.0000490422   0.0002703966
       -0.0006105334  -0.0001664830   0.0003604142   0.0000493441  -0.0020876546
        0.0001288403  -0.0000618294   0.0002876172   0.0001563770   0.0000766359
       -0.0078554704  -0.0623679002   0.0213918754   0.0067806459  -0.0001074407
       -0.0165780186  -0.0013342474   0.0014543272   0.0003787135  -0.0063864383
       -0.0292071136  -0.0060140513  -0.0595061825  -0.1225491557  -0.0120212498
       -0.0032884664   0.4401891740   0.0014821251  -0.0000687634   0.0004390946
        0.0053796481  -0.0051952089   0.0023749733  -0.0074814783   0.0507603218
       -0.1383811251  -0.0229932156  -0.0096747619  -0.0059438507   0.0226721244
        0.0003836458  -0.0005601300   0.0007061528  -0.0001080459   0.0002369538
       -0.0004080593   0.0002160304   0.0000541166   0.0000490917   0.0024772003
       -0.0023601342  -0.0020841423   0.0030739542   0.0019808942  -0.0026865426
       -0.0008951938  -0.0000171375   0.0001956054  -0.0001710960   0.0001918783
        0.0001675988   0.0001557347  -0.0000823024  -0.0001311627  -0.0011639221
        0.0003764709  -0.0006436472   0.0021433584  -0.0033870321  -0.0010942637
       -0.0045657969  -0.0045303323  -0.0007195583   0.0192915230  -0.0438720457
        0.0257770566   0.0003594485  -0.0003431387   0.0005006106   0.0003663384
       -0.0002891163   0.0005959479   0.0165205770  -0.0301489402  -0.0094312608
        0.0004696751   0.0010733449   0.0003154089  -0.0035003710  -0.0041793051
        0.0014645997   0.0004505734  -0.0001754315   0.0002853078  -0.0001246624
        0.0001984324   0.0000627192   0.0000288100   0.0000986696   0.0000061778
        0.0000343469  -0.0000601229   0.0000340744  -0.0003177327  -0.0003678190
        0.0004384032   0.0002129043  -0.0001933389   0.0000976152   0.0006481826
        0.0002891166   0.0002021975  -0.0002169104   0.0001654661   0.0000835969
        0.0255611380   0.0225320711  -0.1443696449   0.0060667215  -0.0050059317
       -0.0080812335  -0.0006937077   0.0008968886   0.0001823805  -0.0010589937
       -0.0043970993  -0.0001881880  -0.0098979354  -0.0128231469  -0.0672126671
        0.0637121966   0.0014821251   0.4891391891  -0.0059786860  -0.0008540343
       -0.0328443608  -0.0158144390  -0.0165372896  -0.0134379596   0.0395787187
       -0.0407735833  -0.0690009010   0.0043305628   0.0071678849  -0.0046479232
       -0.0015904959   0.0009761581  -0.0039856704   0.0001114720   0.0003859422
        0.0014882801   0.0000474796   0.0002612333  -0.0004804346   0.0003093901
       -0.0002333523   0.0001154895   0.0012140443  -0.0020237400  -0.0009799864
        0.0009321284  -0.0004388964  -0.0005349250  -0.0000327262   0.0003383817
        0.0001298448  -0.0001491174  -0.0001304303  -0.0001526055  -0.0000469557
        0.0012285313   0.0002608392  -0.0001439470  -0.0004554583   0.0002821142
        0.0143901876   0.0161216706   0.0036426627  -0.1083897065   0.0305888382
       -0.1476445055   0.0002007010  -0.0000766002   0.0002075611  -0.0031377846
        0.0001608933  -0.0033321813  -0.0058386020   0.0016525430   0.0008022312
       -0.0008764231  -0.0008532973   0.0006848299  -0.0004687363  -0.0002157442
        0.0007858960  -0.0016135473   0.0006672933   0.0000062924   0.0004098244
       -0.0000145150  -0.0002545416  -0.0002760692  -0.0001310122  -0.0000109658
        0.0000363550   0.0000402043  -0.0000246533  -0.0000983066   0.0004886665
       -0.0003274096   0.0000238109   0.0003120167   0.0001138395  -0.0010838790
       -0.0002151917  -0.0001655393   0.0002653277  -0.0001220192  -0.0001651538
       -0.1308591275   0.0000213017  -0.0496763382  -0.0228726221   0.0062574016
       -0.0097013184   0.0001248350  -0.0003111445   0.0000678906  -0.0006182087
       -0.0002136057   0.0002729746   0.0048696950  -0.0001828764   0.0013561985
        0.0028283847  -0.0000687634  -0.0059786860   0.4303821816  -0.0346288835
       -0.0158356268  -0.1034093806  -0.0529614942   0.0362417863   0.0001649755
        0.0004719552   0.0001776448  -0.0137991420  -0.0070508314  -0.0092026519
       -0.0197673642  -0.0208821582   0.0112353960  -0.0011896435   0.0028678599
        0.0009432812  -0.0005213882  -0.0000702279  -0.0001896543   0.0002025655
       -0.0004568788  -0.0017156304  -0.0010832526   0.0013454998  -0.0001892263
       -0.0001939848  -0.0000492774  -0.0002684525  -0.0000250990  -0.0000832288
       -0.0000786751  -0.0001266255   0.0002262840  -0.0001575922  -0.0000760462
       -0.0000963547  -0.0000831215   0.0000835247   0.0000010208  -0.0000916766
       -0.0004336528  -0.0005383640  -0.0007031439  -0.0002479702  -0.0008147320
        0.0004706537  -0.0927625858   0.1003431446   0.0005856684  -0.0502990952
        0.0117284881   0.0439344024  -0.0002872061  -0.0001561728   0.0003057959
       -0.0011341878  -0.0020739658   0.0000897239   0.0005730105   0.0006770400
       -0.0004602998  -0.0001159705   0.0020555540   0.0024237728   0.0001855260
       -0.0063018069  -0.0039378767  -0.0000936016  -0.0003737553   0.0000020679
        0.0000006291   0.0001185752  -0.0000174499   0.0006671861   0.0012271020
        0.0002360223  -0.0000494355  -0.0000063455   0.0000148121  -0.0000767949
       -0.0000088651   0.0000384657  -0.0000401286  -0.0000114947  -0.0001091364
       -0.0012890154  -0.0615427845  -0.0026990938   0.0188146825  -0.0023394694
        0.0097892438  -0.0001351427   0.0001309722  -0.0002904917  -0.0000322431
        0.0005015729  -0.0008310818  -0.0062302086  -0.0058770918   0.0153295877
       -0.0003517551   0.0004390946  -0.0008540343  -0.0346288835   0.4744648475
        0.0031672593  -0.0500658887  -0.1244454024   0.0460526761  -0.0000453146
        0.0011295174  -0.0003886757  -0.0185527886  -0.0037299255  -0.0133731654
       -0.0143669265  -0.0136195808   0.0043679885   0.0019410441  -0.0027823608
       -0.0013067156   0.0007201124   0.0001806142   0.0002907185   0.0004186329
        0.0003665115   0.0008268245  -0.0003826128   0.0002715472  -0.0007153545
        0.0000723703   0.0001083104   0.0000363810   0.0000917408   0.0000944315
        0.0001317337   0.0006135595  -0.0006198338   0.0001858622  -0.0000388635
        0.0000908387   0.0000112130  -0.0000720662   0.0000808649   0.0000960179
        0.0006699480  -0.0006317029   0.0015293513  -0.0006172595  -0.0000217006
        0.0000773641   0.0983450206  -0.2105149756  -0.0046461587   0.0119406616
       -0.0528508766  -0.0577991133  -0.0003343310  -0.0001794917   0.0005057639
       -0.0032306834  -0.0039948933  -0.0000211252   0.0003922652   0.0007668899
       -0.0006250517   0.0027923894  -0.0023722498  -0.0012395801  -0.0051817472
        0.0065669626   0.0026955938   0.0001565731   0.0004171581  -0.0000235190
        0.0000111358  -0.0001344915  -0.0000371203  -0.0014866085   0.0000177301
       -0.0003916384   0.0000241365   0.0000353261  -0.0000086244   0.0000020255
       -0.0000158932   0.0000706937   0.0000360407   0.0000095343   0.0000862709
       -0.0485563270  -0.0018802398  -0.0983502025   0.0009975387   0.0008721282
        0.0014228009   0.0002656480  -0.0001851428  -0.0002209068   0.0000482755
        0.0001838362  -0.0015237468   0.0049926391   0.0178445853  -0.0206294053
       -0.0175646044   0.0053796481  -0.0328443608  -0.0158356268   0.0031672593
        0.5333729961   0.0322383603   0.0414090374  -0.0934077366  -0.0016223824
        0.0006835759   0.0003684735  -0.0002701954  -0.0029735416   0.0003525720
       -0.0005230203  -0.0033014426   0.0050134922   0.0005229347  -0.0008408210
       -0.0001382749   0.0000009256  -0.0000591656   0.0001065392   0.0020156502
       -0.0006875020   0.0013405934  -0.0005593496   0.0007035859   0.0006918928
        0.0000109320   0.0000384864   0.0000124342   0.0000287248  -0.0000535326
        0.0000841922   0.0000241765  -0.0002401238   0.0004054176  -0.0003448149
        0.0002616432   0.0000345150  -0.0000969385   0.0000284825  -0.0000131109
       -0.0017591052   0.0013914091  -0.0036394268   0.0017701790   0.0012444704
       -0.0060892194   0.0016288470  -0.0072213285  -0.0397190857   0.0454135381
       -0.0565737198  -0.2497706124   0.0002111157   0.0000135670  -0.0001805710
        0.0003764750   0.0006929849   0.0006398122   0.0003404837   0.0003470822
        0.0005345517   0.0007989856  -0.0021765581   0.0000080327  -0.0046928138
        0.0021707776   0.0025305958   0.0001251683   0.0001569227   0.0000110653
        0.0000244834  -0.0000338119   0.0000472231  -0.0001216057  -0.0003959633
       -0.0005060852   0.0000198404  -0.0000744808  -0.0000356848   0.0000488673
        0.0001052146  -0.0000057926   0.0000429952   0.0000026772   0.0000970226
       -0.0248809192  -0.0207032266   0.0002137940   0.0003469017  -0.0001903199
        0.0002156093  -0.0011551771   0.0003027898  -0.0006029434  -0.0139405024
        0.0107565139  -0.0160788356  -0.0818903296   0.0074419640  -0.0453985842
       -0.0159963132  -0.0051952089  -0.0158144390  -0.1034093806  -0.0500658887
        0.0322383603   0.6913506771   0.2509825801   0.1989610576   0.0001914911
        0.0012048259   0.0004628310  -0.0039883489   0.0001068077  -0.0023164361
       -0.4196797845  -0.1746100082  -0.1561892835  -0.0005114552  -0.0000845951
       -0.0002266455   0.0001750193  -0.0000334524   0.0001130251  -0.0002898509
        0.0000053165   0.0001305490   0.0005591392   0.0006899815  -0.0000988981
       -0.0000063048   0.0000140931  -0.0000134990   0.0000114963   0.0000278360
       -0.0002049041  -0.0001888932   0.0009911920   0.0004112967  -0.0024649465
        0.0031647114  -0.0008770963   0.0006992784  -0.0010643732   0.0002191924
        0.0071158719  -0.0023062564   0.0147149632  -0.0023662831  -0.0027043747
       -0.0010437823   0.0065649206   0.0035625157  -0.0029206552  -0.0040698942
       -0.0066653182   0.0061350829  -0.0001229028  -0.0003731335  -0.0001107736
       -0.0007238539  -0.0010025058   0.0000103691   0.0000401178   0.0000847742
       -0.0001200240  -0.0133040947  -0.0035718183  -0.0083344556  -0.0183752477
       -0.0103358749  -0.0036920559   0.0001541109   0.0000265239   0.0000083140
       -0.0000177235  -0.0000183984  -0.0000083626   0.0001238802  -0.0004722168
        0.0002156044  -0.0000215483   0.0000541299  -0.0000442139  -0.0000321371
        0.0000022772  -0.0000122632   0.0001029871  -0.0000218629   0.0000581020
       -0.0117326144  -0.0045675640  -0.0046392136   0.0004813204  -0.0002774695
        0.0003323110   0.0006961062   0.0006034104   0.0003239365   0.0142660689
       -0.0076081729   0.0200502701   0.0129986962  -0.0673385066   0.0321448532
       -0.0136616441   0.0023749733  -0.0165372896  -0.0529614942  -0.1244454024
        0.0414090374   0.2509825801   0.3642764691  -0.0397965287   0.0005663546
       -0.0003076627   0.0007253742  -0.0014987598  -0.0001499900  -0.0001010684
       -0.1752446375  -0.1217963875  -0.0511489668  -0.0001393355  -0.0001945595
       -0.0001319677   0.0000371195  -0.0000645610   0.0000752807  -0.0002448377
        0.0000466416   0.0000853560   0.0000655680   0.0004335757  -0.0000545461
       -0.0000768233   0.0000274865   0.0000992535  -0.0001269534  -0.0000532354
        0.0002563608   0.0008606344  -0.0002402920  -0.0006245315   0.0032671947
       -0.0037372010   0.0000686155  -0.0000639829  -0.0001676523   0.0005116612
        0.0010898067  -0.0006731724   0.0055616031  -0.0029549344  -0.0029966852
       -0.0002804105  -0.0157542524  -0.0265488969   0.0144751690   0.0025862271
        0.0032195140   0.0007925667  -0.0003950523  -0.0003217183  -0.0005188520
        0.0000324339  -0.0000813184   0.0001171148  -0.0000076077  -0.0001419621
       -0.0000051054   0.0070640864   0.0025313002   0.0023155285  -0.0203830505
       -0.0116695934  -0.0058547530   0.0000670705   0.0000496116   0.0000246133
       -0.0000369173  -0.0000077004  -0.0000016991   0.0001450950  -0.0001995469
        0.0002922603  -0.0000066425  -0.0000401580   0.0000060394   0.0000585458
        0.0000394212  -0.0000038153   0.0000246317   0.0000270053   0.0000315423
       -0.0028699370  -0.0047051991   0.0053378041  -0.0002228196  -0.0001460000
       -0.0000876881   0.0008547222  -0.0001512730   0.0007685885  -0.0087762011
        0.0094048928  -0.0002185281  -0.0454672455   0.0238593234  -0.1664559828
       -0.0183555961  -0.0074814783  -0.0134379596   0.0362417863   0.0460526761
       -0.0934077366   0.1989610576  -0.0397965287   0.4465319684   0.0000648859
        0.0014333493   0.0002556194  -0.0016904946  -0.0002786664  -0.0020328541
       -0.1554743408  -0.0507174118  -0.1287932041  -0.0001964155   0.0000780925
        0.0000762559  -0.0000094188   0.0000254758  -0.0000606164   0.0002109583
        0.0000744159  -0.0001729278  -0.0002456898   0.0003229480  -0.0003046434
        0.0000941225   0.0001107392  -0.0001763465   0.0002247035  -0.0000858916
       -0.0003962453   0.0004222073  -0.0007645985  -0.0000492242   0.0006802817
       -0.0010890015   0.0003455427   0.0005207749  -0.0003896521   0.0002447139
       -0.0084757765   0.0070269715  -0.0224304586  -0.0012939319  -0.0016739358
       -0.0013227132   0.0007107426   0.0036371904   0.0004510393   0.0163532474
        0.0192438420  -0.0146353570   0.0000877428   0.0001021823   0.0002150912
       -0.0004805406  -0.0006540561  -0.0001501092   0.0001512113   0.0002348166
       -0.0001809406  -0.0265003283  -0.0099578117  -0.0147094310   0.0143297334
        0.0060156611   0.0047134000   0.0000013784  -0.0000411601  -0.0000089346
        0.0000216530  -0.0000063874  -0.0000311686   0.0003255557   0.0003263905
        0.0001193612  -0.0001782473   0.0000315784  -0.0000213643  -0.0000616347
       -0.0000319571   0.0000100011   0.0000418532  -0.0000095366   0.0000150484
       -0.0142738335   0.0173570739   0.0123453067  -0.0008508140  -0.0012336313
        0.0046819693   0.0000442814  -0.0002100493  -0.0004899261  -0.0004631152
       -0.0026023704  -0.0008930369   0.0115486147  -0.0076279683  -0.0022890306
       -0.1220190939   0.0507603218   0.0395787187   0.0001649755  -0.0000453146
       -0.0016223824   0.0001914911   0.0005663546   0.0000648859   0.2655600179
        0.0502191762  -0.1299105224   0.0010561667   0.0006247330  -0.0011165092
        0.0004684979  -0.0002228260   0.0001318912   0.0005934098   0.0000749743
       -0.0003083343  -0.0000799078   0.0000145004  -0.0000374259  -0.0010100637
        0.0010270564   0.0011880160  -0.0019005524  -0.0045620838   0.0054674899
       -0.0009406824   0.0001453591   0.0000695534   0.0000550635  -0.0001292165
       -0.0000143152  -0.0000026676  -0.0000508417   0.0001652474  -0.0000663973
       -0.0005446143   0.0001824849   0.0003615667  -0.0004422082   0.0000736875
        0.0009767278   0.0008203503  -0.0002653598  -0.0239652840   0.0306272484
        0.0052802959   0.0001785694  -0.0007346019   0.0004175128  -0.0000230334
       -0.0002877392   0.0000252372  -0.1154958266  -0.1339302225   0.0656644114
        0.0002274115   0.0000222602  -0.0000964403  -0.0000703498   0.0003261657
       -0.0000732378   0.0000742147   0.0000287485   0.0001309693  -0.0000630137
        0.0001031549   0.0000427626  -0.0000368964  -0.0000639869  -0.0000435008
        0.0000306147  -0.0000199739   0.0000419439  -0.0004982945  -0.0001245252
        0.0010129954   0.0001259634  -0.0004468158   0.0000115249   0.0003717425
        0.0004977627   0.0003826156  -0.0002695031   0.0000637492   0.0002005016
        0.0068559178  -0.0033730410  -0.0080968519   0.0000150997   0.0015610466
       -0.0013441384   0.0001814056   0.0004029051   0.0004048401  -0.0048955363
       -0.0060524416  -0.0024527015   0.0149053858  -0.0357575870  -0.0139137074
        0.0711841077  -0.1383811251  -0.0407735833   0.0004719552   0.0011295174
        0.0006835759   0.0012048259  -0.0003076627   0.0014333493   0.0502191762
        0.4938973815  -0.0395942619   0.0003267660  -0.0030258206  -0.0000124683
       -0.0002616444   0.0001543742   0.0002913498  -0.0004225734  -0.0002184777
        0.0002095784   0.0000525609   0.0000963145   0.0000640355   0.0004489316
       -0.0005822437  -0.0006540595  -0.0083835418  -0.0041268719   0.0107831628
        0.0011562875   0.0000576722  -0.0001265704  -0.0000117843  -0.0000171044
        0.0001069961  -0.0001412278  -0.0000023768   0.0000139731  -0.0002480063
        0.0005612076   0.0000503642   0.0008187380  -0.0021909721  -0.0003828884
        0.0007966264   0.0017934673   0.0010451724   0.0232561011  -0.0178557956
       -0.0006446648  -0.0003315501   0.0002999474  -0.0002659879  -0.0000579792
       -0.0001601313   0.0000133072  -0.1571018543  -0.2873417829   0.0939126897
        0.0002020062  -0.0003250678  -0.0000095911   0.0004016554   0.0001113276
       -0.0000278772   0.0000544572   0.0000537215  -0.0001063388   0.0000247272
       -0.0000787868   0.0000527881   0.0000274717  -0.0000154884   0.0000411980
       -0.0000454776  -0.0000464061  -0.0000349677  -0.0004695114   0.0000280588
       -0.0002425416  -0.0001990711   0.0003809142  -0.0000252560  -0.0002796232
       -0.0005310917  -0.0002470290   0.0002451782  -0.0001375809  -0.0001508955
        0.0227057133  -0.0248152741  -0.0143789878   0.0017677392   0.0013768317
       -0.0061808498  -0.0000334359   0.0001875589   0.0003071629  -0.0009578636
       -0.0001370324   0.0001751089   0.0018978961  -0.0074432345   0.0006136002
        0.0348795740  -0.0229932156  -0.0690009010   0.0001776448  -0.0003886757
        0.0003684735   0.0004628310   0.0007253742   0.0002556194  -0.1299105224
       -0.0395942619   0.1233439607  -0.0022836563   0.0001968511   0.0015179891
        0.0002393613   0.0000271862   0.0002808047  -0.0005155650  -0.0000296391
       -0.0006625075   0.0001631541  -0.0000427333   0.0002348756   0.0011712741
       -0.0013363342  -0.0010531321   0.0066384902   0.0061033068  -0.0063060819
        0.0002477378  -0.0001265269   0.0001157947   0.0000932580  -0.0000390567
       -0.0000022985   0.0000464994   0.0001480876   0.0000940186   0.0002340624
       -0.0000802363   0.0001372949   0.0002258960  -0.0001392001   0.0000386141
       -0.0004198908   0.0004594384  -0.0001999053  -0.0041409645   0.0096398518
        0.0097167863   0.0002743511  -0.0005636519  -0.0000170880   0.0004976201
       -0.0001568769   0.0002863741   0.0656673612   0.0800362456  -0.0406569298
        0.0003750263   0.0000218698   0.0000861833  -0.0000786427  -0.0004312408
        0.0000492147   0.0001421364  -0.0000342704   0.0000322045  -0.0000535999
       -0.0000656932   0.0000220150   0.0001485379   0.0001057581   0.0000723350
       -0.0000780056  -0.0000682877   0.0001073554   0.0002528479  -0.0005527752
        0.0006253989  -0.0000336167  -0.0000785390  -0.0000713976   0.0001562059
        0.0000766053   0.0000172744   0.0000405449   0.0000117905   0.0000316203
       -0.0903523142  -0.0479651469   0.0038485458   0.0052728595   0.0127149763
       -0.0001981114  -0.0016105531   0.0024992930   0.0008403254  -0.0001222720
       -0.0000110576   0.0001431940  -0.0014994552  -0.0008202813   0.0015014499
       -0.0063893593  -0.0096747619   0.0043305628  -0.0137991420  -0.0185527886
       -0.0002701954  -0.0039883489  -0.0014987598  -0.0016904946   0.0010561667
        0.0003267660  -0.0022836563   0.4711539939  -0.0032072665   0.0289823417
       -0.0007658923  -0.0006976082   0.0005982544  -0.0004988282   0.0022576917
        0.0001391282  -0.0001297643   0.0001407525  -0.0000788434   0.0002450108
        0.0010940941  -0.0000534175  -0.0998565026   0.0619409867   0.0030370930
       -0.0000164990  -0.0004499181   0.0004021434   0.0001458454   0.0009263093
       -0.0000198178   0.0000672514   0.0001499926   0.0000421358  -0.0000388710
        0.0000575636  -0.0000540620   0.0000161470   0.0000679969  -0.0000255633
       -0.0003180559  -0.0004917510  -0.0000216939   0.0002961031   0.0003351890
       -0.0005568960   0.0003251787   0.0000452965   0.0002887785  -0.0003759197
       -0.0000567971  -0.0001248979  -0.0015119264  -0.0004755711   0.0034914400
       -0.1672044513  -0.0103230218  -0.1146773348  -0.0701592410  -0.0104023699
        0.0682570301   0.0000500966  -0.0000267346   0.0000484033  -0.0002120192
       -0.0001852912  -0.0001308251  -0.0000124260   0.0001112840   0.0000767581
       -0.0001502493   0.0001493246   0.0000366511  -0.0196300130   0.0218483530
        0.0045894219  -0.0000176701  -0.0000926550  -0.0000706956   0.0000558175
        0.0002261460  -0.0003038911  -0.0000246964   0.0000397646  -0.0000932612
       -0.0523813803  -0.1284469641   0.0104880910  -0.0019353155  -0.0259024870
       -0.0018953317   0.0015053389  -0.0017606538  -0.0011328648   0.0002057632
       -0.0001904260   0.0001854208  -0.0001298875   0.0002320819   0.0006901644
       -0.0074834907  -0.0059438507   0.0071678849  -0.0070508314  -0.0037299255
       -0.0029735416   0.0001068077  -0.0001499900  -0.0002786664   0.0006247330
       -0.0030258206   0.0001968511  -0.0032072665   0.4107129743   0.0005268990
       -0.0001366577  -0.0000904226  -0.0000691873   0.0009631900  -0.0010936885
        0.0004974357  -0.0001358347  -0.0003912763  -0.0001869659  -0.0005188018
        0.0001588915   0.0007495662   0.0779735517  -0.1577391232  -0.0313734484
       -0.0003153488   0.0000025206  -0.0001533744  -0.0003148368  -0.0005014429
        0.0000616054  -0.0000325719  -0.0002175821   0.0001386531  -0.0001299896
       -0.0000228014  -0.0000891897   0.0001562070   0.0002810340  -0.0000138390
        0.0001387119   0.0000171941  -0.0002614544   0.0002907740   0.0004155779
       -0.0005208702   0.0012563185  -0.0007247790   0.0002094685   0.0002377306
        0.0001477277   0.0000962734   0.0021643008   0.0023101227  -0.0036512349
       -0.0077855416  -0.0380507974  -0.0038562207  -0.0115683534  -0.0403056044
        0.0219824902   0.0000645601   0.0000011656   0.0000857332   0.0000941322
        0.0002300631  -0.0000150485  -0.0001690319  -0.0002751483  -0.0000952519
        0.0001115214  -0.0000315099  -0.0000224970   0.0073368330  -0.0058544590
        0.0034896052   0.0000943231  -0.0000633801   0.0000502525   0.0001051447
        0.0000365434  -0.0000278760  -0.0001348019  -0.0000337643   0.0000004680
        0.0039266528   0.0099164951  -0.0651372813  -0.0015745242  -0.0054213256
        0.0001658911   0.0007302229  -0.0009785226   0.0000330096  -0.0000006946
       -0.0001375769  -0.0000311171   0.0029816865   0.0015284714  -0.0043562158
        0.0130599627   0.0226721244  -0.0046479232  -0.0092026519  -0.0133731654
        0.0003525720  -0.0023164361  -0.0001010684  -0.0020328541  -0.0011165092
       -0.0000124683   0.0015179891   0.0289823417   0.0005268990   0.5241106539
       -0.0004239001  -0.0005547985   0.0004471800  -0.0002038074   0.0000888151
        0.0006703564   0.0001879801  -0.0000007716   0.0000719646  -0.0000975377
       -0.0012879665   0.0000658574   0.0183276731  -0.0494750596  -0.0786806645
        0.0000791746  -0.0002989476  -0.0002884105  -0.0000848734  -0.0003841521
        0.0000332455  -0.0000265369   0.0000798324  -0.0000196713   0.0000207077
        0.0000190193  -0.0000339763  -0.0000335452  -0.0000154593   0.0000125579
        0.0009948030   0.0011615233   0.0001068681   0.0003943211   0.0003574981
       -0.0001838503   0.0004810427  -0.0003162928   0.0009669663  -0.0007034833
       -0.0004720901  -0.0005066908   0.0015680299  -0.0005469155  -0.0014413596
       -0.1123418068  -0.0071098323  -0.1491413398   0.0671527254   0.0230080218
       -0.2279690862  -0.0000282141   0.0000084880   0.0000505118  -0.0002345086
       -0.0002118416  -0.0000561113  -0.0001003947  -0.0001203320  -0.0001082535
        0.0001555716  -0.0000776734  -0.0001738011  -0.0105139816   0.0213286505
        0.0063719084  -0.0000299272  -0.0000022635   0.0000401119  -0.0000237991
        0.0001539715  -0.0002532957   0.0000142364   0.0000487143   0.0000442585
       -0.0016468248  -0.0019868924   0.0008966898  -0.0001170013   0.0000395425
        0.0000144574   0.0001524233  -0.0000006305   0.0000461746   0.0012133843
       -0.0017958135  -0.0000571225  -0.0165517628  -0.0012707826  -0.0130448107
       -0.0007301959   0.0003836458  -0.0015904959  -0.0197673642  -0.0143669265
       -0.0005230203  -0.4196797845  -0.1752446375  -0.1554743408   0.0004684979
       -0.0002616444   0.0002393613  -0.0007658923  -0.0001366577  -0.0004239001
        0.6419311009   0.2695896810   0.1877234882   0.0000110115  -0.0000069336
       -0.0000216321  -0.0000200141   0.0000114776  -0.0000018877  -0.0000034952
       -0.0000292167  -0.0001257194   0.0000760558   0.0000282930   0.0000281792
       -0.0000058307   0.0000092794  -0.0000055365   0.0000853773  -0.0000428095
        0.0000310331  -0.0006259892   0.0002062927   0.0000204696  -0.0000252946
        0.0001242433   0.0000934112   0.0001053335  -0.0000429780  -0.0000067806
        0.0004745753  -0.0006801534   0.0009283639  -0.0003033182  -0.0004224647
       -0.0000733200  -0.0000490250   0.0010076081  -0.0008564165   0.0003281568
        0.0004348236  -0.0013821568  -0.0000706676   0.0000351833  -0.0000293361
       -0.0000870412  -0.0001839764   0.0000010277   0.0000583435   0.0000328916
       -0.0000626533  -0.0736651613   0.0213099035  -0.0867357455  -0.1106491912
       -0.0967730855   0.0704005474  -0.0000152365   0.0000003459   0.0000017548
        0.0000109868   0.0000036750  -0.0000109338  -0.0001458496   0.0000419351
       -0.0000497718   0.0000067924  -0.0000324124   0.0000128230   0.0000097507
        0.0000158698   0.0000333768  -0.0000068499   0.0000033239   0.0000044223
       -0.0018954255  -0.0021052760   0.0016783961  -0.0002033030   0.0000074405
       -0.0000890690   0.0001169587  -0.0002694454   0.0000034514   0.0012080597
       -0.0010411772   0.0008588276   0.0034668714   0.0042817655  -0.0001521886
        0.0004747832  -0.0005601300   0.0009761581  -0.0208821582  -0.0136195808
       -0.0033014426  -0.1746100082  -0.1217963875  -0.0507174118  -0.0002228260
        0.0001543742   0.0000271862  -0.0006976082  -0.0000904226  -0.0005547985
        0.2695896810   0.3446100905  -0.1178038534  -0.0000414639   0.0000865428
        0.0000262611   0.0000024097   0.0000435379   0.0000020361   0.0000154347
       -0.0000379590  -0.0000594624  -0.0001032998   0.0001297088   0.0000606106
        0.0000552223   0.0000066831  -0.0000120335   0.0000660499   0.0000009372
        0.0000914035   0.0000039620   0.0001177375   0.0002770911   0.0003435887
       -0.0001101754   0.0001960302   0.0000967672   0.0003719891  -0.0001240848
        0.0006613308  -0.0000332020   0.0007806438   0.0002142265   0.0002225610
        0.0000566484  -0.0014319490   0.0002162135   0.0002297097  -0.0007604430
        0.0002950121  -0.0006124661   0.0000600261   0.0000100929   0.0001056046
       -0.0001533646  -0.0002471578  -0.0000299218   0.0000434584   0.0000262097
       -0.0000406696   0.0208755988  -0.0570413283   0.0691118242  -0.0963149588
       -0.1537230905   0.0991019197   0.0000029612  -0.0000255140  -0.0000062317
        0.0000108589  -0.0000053692  -0.0000085717   0.0000430841   0.0001129110
       -0.0000734129  -0.0000349796   0.0000149331  -0.0000221105  -0.0000120140
       -0.0000061839   0.0000272752   0.0000124683   0.0000036593  -0.0000033487
        0.0014608854   0.0020730246  -0.0011654596  -0.0000660421   0.0000250550
        0.0000022286   0.0001880228  -0.0001114472  -0.0001682574  -0.0001636963
       -0.0014099767  -0.0010253474  -0.0251579916  -0.0069907508  -0.0153091090
       -0.0024733841   0.0007061528  -0.0039856704   0.0112353960   0.0043679885
        0.0050134922  -0.1561892835  -0.0511489668  -0.1287932041   0.0001318912
        0.0002913498   0.0002808047   0.0005982544  -0.0000691873   0.0004471800
        0.1877234882  -0.1178038534   0.5078088982   0.0000058869   0.0000178616
       -0.0000729382   0.0000142146  -0.0000009229   0.0000261059  -0.0000832352
        0.0000188922   0.0000351121  -0.0000250006   0.0000313317   0.0000767550
       -0.0000711101  -0.0000001968   0.0000447977   0.0000190942  -0.0000186752
        0.0001461830   0.0000082821   0.0000765469   0.0002856303  -0.0003706867
        0.0006282412   0.0000196340  -0.0000268396   0.0000934272  -0.0001425273
       -0.0010139988  -0.0004542570   0.0006509135  -0.0009389793  -0.0009606271
       -0.0003254700   0.0008612498   0.0014473657   0.0000699126   0.0006550559
        0.0010069795   0.0001183067  -0.0000561438  -0.0000466929  -0.0000345737
        0.0001661828   0.0002300268   0.0000531924  -0.0000401159  -0.0000393146
        0.0000516509  -0.0855982186   0.0700293081  -0.2480659979   0.0691641531
        0.0980919318  -0.1160714916   0.0000191911   0.0000042561   0.0000112904
       -0.0000210106  -0.0000035283   0.0000272060  -0.0000397331  -0.0000836634
       -0.0000511880   0.0000456833  -0.0000557427  -0.0000102976   0.0000560866
        0.0000533952   0.0000258946  -0.0000175486   0.0000046685   0.0000263434
       -0.0237926911   0.0076399277  -0.0042389097  -0.1601885441  -0.0065541808
       -0.0521133127  -0.0174874372  -0.0105523216  -0.0044607604  -0.0002381702
       -0.0001414854   0.0001293835  -0.0004055679  -0.0002542773   0.0001262709
        0.0000849259  -0.0001080459   0.0001114720  -0.0011896435   0.0019410441
        0.0005229347  -0.0005114552  -0.0001393355  -0.0001964155   0.0005934098
       -0.0004225734  -0.0005155650  -0.0004988282   0.0009631900  -0.0002038074
        0.0000110115  -0.0000414639   0.0000058869   0.6612568309   0.0980782119
       -0.1337410786  -0.3525552198  -0.0895568829   0.2107872230  -0.0036630938
        0.0011085979  -0.0048124770  -0.0001107124  -0.0014113765  -0.0000822286
       -0.0697558039   0.0043512440  -0.0221650787   0.0006219329   0.0010013776
       -0.0000140982  -0.0005742120  -0.0009925121   0.0000318634   0.0003268486
       -0.0001082605   0.0002073918   0.0001575931  -0.0000354373   0.0000514080
        0.0001873377   0.0000434014  -0.0000868823   0.0002575073   0.0000469702
        0.0005049792  -0.0005175270  -0.0000367746  -0.0003429145   0.0001494007
        0.0001409034   0.0001222376  -0.0001011547   0.0002219897   0.0001703708
        0.0004631466   0.0001876056   0.0000079228   0.0003990559  -0.0001167294
       -0.0000775911   0.0000605179   0.0000039644   0.0000956261   0.0000463357
        0.0000503013  -0.0000267541  -0.0290948603  -0.0064943778   0.0149041471
        0.0017041142   0.0001723294  -0.0009868997   0.0000246248   0.0002447258
       -0.0001146221   0.0019347143  -0.0041939272   0.0145646022   0.0022366220
       -0.0019318186   0.0112381317  -0.0098310086   0.0068959965  -0.0294024559
        0.0149735651   0.0013689349   0.0083930944  -0.0034256738  -0.0583041226
       -0.0010483275  -0.0223855136  -0.0049525306  -0.0105411656  -0.0005767230
       -0.0003633057  -0.0000438980  -0.0000463804  -0.0000524953   0.0000031330
       -0.0004739952   0.0002369538   0.0003859422   0.0028678599  -0.0027823608
       -0.0008408210  -0.0000845951  -0.0001945595   0.0000780925   0.0000749743
       -0.0002184777  -0.0000296391   0.0022576917  -0.0010936885   0.0000888151
       -0.0000069336   0.0000865428   0.0000178616   0.0980782119   0.2090946774
       -0.1233330328  -0.0905115364  -0.0615428502   0.0753983610   0.0025479684
        0.0016780272   0.0026432240  -0.0002627372   0.0002497889   0.0002732619
        0.0056571723  -0.0693236298   0.0318105731  -0.0011884563  -0.0002261462
       -0.0005626945  -0.0027455029  -0.0045753540  -0.0002778357   0.0001346278
       -0.0000275384   0.0001914547  -0.0001096532  -0.0001835460   0.0003732009
        0.0000047737  -0.0000749342  -0.0000128313  -0.0000251147   0.0001636721
       -0.0000433408   0.0010451628  -0.0001266084   0.0004515276  -0.0001248436
       -0.0001027028  -0.0001301899   0.0000638766   0.0000604552  -0.0000342472
        0.0006738209  -0.0015790955  -0.0006965387  -0.0000504722  -0.0002785776
        0.0004097556   0.0000081324  -0.0000194229   0.0000085950   0.0000287754
        0.0000238699  -0.0000176971  -0.0015226441  -0.0018022951   0.0002234179
       -0.0046889894  -0.0034587360   0.0054633134  -0.0000210794   0.0000709215
       -0.0001149936   0.0024742737  -0.0073038743   0.0268449651  -0.0041434671
        0.0058034248  -0.0194858377   0.0015034243  -0.0002504166   0.0041545017
        0.0055280041   0.0025146369   0.0049378764  -0.0417758991  -0.0006688391
       -0.0871516659   0.0015283988  -0.0028283116   0.0023528336   0.0000972286
        0.0002212956   0.0000121824  -0.0000927351   0.0000738106  -0.0002362570
        0.0002557273  -0.0004080593   0.0014882801   0.0009432812  -0.0013067156
       -0.0001382749  -0.0002266455  -0.0001319677   0.0000762559  -0.0003083343
        0.0002095784  -0.0006625075   0.0001391282   0.0004974357   0.0006703564
       -0.0000216321   0.0000262611  -0.0000729382  -0.1337410786  -0.1233330328
        0.6080590452   0.2125974388   0.0755404896  -0.2381582223  -0.0276305071
        0.0002331013  -0.0221207286   0.0005863074  -0.0005047730  -0.0003943230
       -0.0285387490   0.0350489151  -0.2009542504  -0.0002180219  -0.0001300859
        0.0008708223  -0.0001829817   0.0004197615   0.0007168802   0.0001914700
        0.0002951685  -0.0004530256   0.0000809752   0.0000780077  -0.0003013134
        0.0001173748  -0.0000115695  -0.0000360086   0.0003968655  -0.0002304086
       -0.0009588333   0.0005013961  -0.0000746417   0.0004425915  -0.0001024559
       -0.0000072596   0.0000183638   0.0000854233  -0.0000872469   0.0002382440
        0.0000308398  -0.0005097938   0.0006950673  -0.0002588403   0.0005030977
       -0.0007123768  -0.0000194965  -0.0000029040  -0.0000034776   0.0000447307
        0.0000313339  -0.0000087780  -0.0078499492  -0.0019071924   0.0048695665
        0.0210987671   0.0074926471  -0.0242999180  -0.0001639687   0.0000186082
       -0.0000490270   0.0031307195   0.0066078600  -0.0129073030   0.0006613149
        0.0010684954  -0.0265276113  -0.0068840961   0.0012622971  -0.0093015253
       -0.0010792287  -0.0015957445  -0.0009555948  -0.0398328730  -0.0080216611
        0.0110770421  -0.0019899261   0.0012395370  -0.0017251539  -0.0001810742
       -0.0004561389   0.0002245270   0.0001091327  -0.0000146112  -0.0000159948
       -0.0001223046   0.0002160304   0.0000474796  -0.0005213882   0.0007201124
        0.0000009256   0.0001750193   0.0000371195  -0.0000094188  -0.0000799078
        0.0000525609   0.0001631541  -0.0001297643  -0.0001358347   0.0001879801
       -0.0000200141   0.0000024097   0.0000142146  -0.3525552198  -0.0905115364
        0.2125974388   0.7155885241   0.1018710364  -0.1037759512  -0.0009067212
       -0.0004751095   0.0025470915   0.0002212191   0.0000535720  -0.0000553764
       -0.0001884175  -0.0006083183   0.0059235580   0.0001198340   0.0000812119
        0.0000361115  -0.0003792510  -0.0008798400  -0.0000031052  -0.0001657003
        0.0000236556  -0.0000701920  -0.0000916844   0.0000370150   0.0001483693
        0.0000088454  -0.0000089079  -0.0000345279  -0.0001853030   0.0000050805
       -0.0000223012  -0.0002267500  -0.0000252318  -0.0000960979   0.0000462818
       -0.0000414490   0.0001102257  -0.0000051863  -0.0000677832  -0.0000169417
       -0.0003727580   0.0007115772   0.0002780810  -0.0001823330   0.0001998627
       -0.0001392512   0.0000033657   0.0000005473   0.0000071051  -0.0000015864
        0.0000020282  -0.0000010766  -0.2712239207  -0.0083526153  -0.0882786076
       -0.0485204537   0.0052561413  -0.0326061187  -0.0000546681  -0.0001063363
        0.0000483811   0.0007316884   0.0007279353  -0.0016010982   0.0007139323
       -0.0003452642  -0.0018743262   0.0012985913   0.0004089489  -0.0021305509
        0.0008849885  -0.0013264165  -0.0001543472  -0.0054738856   0.0014892423
        0.0005835611  -0.0004837765  -0.0003297359  -0.0001534017  -0.0000199315
       -0.0000302916   0.0000295265   0.0000198150   0.0000015274  -0.0000189711
       -0.0000342168   0.0000541166   0.0002612333  -0.0000702279   0.0001806142
       -0.0000591656  -0.0000334524  -0.0000645610   0.0000254758   0.0000145004
        0.0000963145  -0.0000427333   0.0001407525  -0.0003912763  -0.0000007716
        0.0000114776   0.0000435379  -0.0000009229  -0.0895568829  -0.0615428502
        0.0755404896   0.1018710364   0.1396426053  -0.1446678557   0.0008113329
       -0.0002682700   0.0000837761   0.0005301548  -0.0001198560  -0.0001598299
       -0.0053669155  -0.0005847591   0.0093906737  -0.0000815419   0.0001678352
       -0.0000540513  -0.0000091881   0.0000077323  -0.0000123396   0.0000082060
       -0.0000122702  -0.0000084647   0.0000071611   0.0000378679   0.0000067839
        0.0000238590   0.0000349773  -0.0000097751  -0.0000596961  -0.0000430745
       -0.0000181975  -0.0000338250  -0.0000088300  -0.0000052656   0.0000204973
       -0.0000286681   0.0000085606  -0.0000990038  -0.0000367297   0.0001078159
        0.0004366268  -0.0000953692   0.0002425408   0.0000704040   0.0000814416
       -0.0003374159   0.0000059901  -0.0000054687  -0.0000026210   0.0000234586
        0.0000145165  -0.0000038627  -0.0087978667  -0.0322681215   0.0004196272
        0.0058600500  -0.0438984670   0.0581541337  -0.0000019468  -0.0000372095
        0.0000518785   0.0000262621  -0.0004858355   0.0016558416  -0.0000802282
       -0.0001545316  -0.0003184381  -0.0005639877  -0.0001197367  -0.0005334879
       -0.0021024108   0.0002339986   0.0000708241  -0.0018215568  -0.0013634338
        0.0043006173  -0.0023622445  -0.0009331993  -0.0002409220   0.0000339978
       -0.0000246751  -0.0002492937   0.0000459283   0.0000443401   0.0000072429
        0.0000724497   0.0000490917  -0.0004804346  -0.0001896543   0.0002907185
        0.0001065392   0.0001130251   0.0000752807  -0.0000606164  -0.0000374259
        0.0000640355   0.0002348756  -0.0000788434  -0.0001869659   0.0000719646
       -0.0000018877   0.0000020361   0.0000261059   0.2107872230   0.0753983610
       -0.2381582223  -0.1037759512  -0.1446678557   0.6365326090  -0.0034389597
       -0.0006232673   0.0015239645  -0.0000430785   0.0001186954  -0.0001284897
        0.0221642163   0.0111884892  -0.0336561478   0.0000791534   0.0001895157
       -0.0000242338  -0.0002288236  -0.0002558387  -0.0000814433  -0.0000166057
       -0.0000712331   0.0000598086  -0.0000590885  -0.0000853036   0.0001087476
       -0.0000588669   0.0000050816   0.0000332838  -0.0000533712   0.0000644784
        0.0000117177  -0.0001656216   0.0000381077  -0.0000534211   0.0000015593
       -0.0000530462   0.0000678516  -0.0000106965  -0.0000011993  -0.0000618542
        0.0003733451  -0.0004243564  -0.0000838684  -0.0002183766   0.0001662715
        0.0000280866  -0.0000003273  -0.0000016790   0.0000060125  -0.0000175358
       -0.0000172014   0.0000008576  -0.0864421634   0.0008628933  -0.0768925033
       -0.0342308930   0.0578758362  -0.2865045069  -0.0000127454  -0.0000272991
        0.0000203171  -0.0006812165   0.0009486501  -0.0041163966   0.0000164691
        0.0010550879  -0.0026950326   0.0023609777   0.0000655844   0.0002759605
       -0.0062179588   0.0026085395   0.0190701795  -0.0431923387  -0.0029402914
        0.0282286350  -0.0030484027  -0.0060798136   0.0117858933  -0.0005012965
       -0.0024735105   0.0006888657   0.0001949101   0.0000516270  -0.0001520691
       -0.0011791175   0.0024772003   0.0003093901   0.0002025655   0.0004186329
        0.0020156502  -0.0002898509  -0.0002448377   0.0002109583  -0.0010100637
        0.0004489316   0.0011712741   0.0002450108  -0.0005188018  -0.0000975377
       -0.0000034952   0.0000154347  -0.0000832352  -0.0036630938   0.0025479684
       -0.0276305071  -0.0009067212   0.0008113329  -0.0034389597   0.0675998227
        0.0048945108  -0.0310071671  -0.0001012482  -0.0000761256  -0.0000586758
       -0.0042253862  -0.0004681617  -0.0016381671  -0.0002173191  -0.0000887596
        0.0000729987  -0.0002182069  -0.0010163621   0.0013208211  -0.0001541821
        0.0000038534   0.0001044819  -0.0003687574  -0.0001677244   0.0003784103
        0.0000517775  -0.0000070835  -0.0000872213  -0.0000653254  -0.0000002737
       -0.0000996350   0.0000613973  -0.0001034925  -0.0001026176  -0.0013457936
        0.0004270463  -0.0008487384   0.0000031088  -0.0000829296   0.0000318405
       -0.0001005750  -0.0000377253  -0.0001734651   0.0003061521  -0.0001169172
       -0.0000286389  -0.0000493653   0.0000191348  -0.0000378564   0.0000876403
        0.0000410637  -0.0000267986   0.0003490812  -0.0000422017   0.0001217918
       -0.0017308180  -0.0005436653   0.0008069232  -0.0000202272   0.0000816874
        0.0000411105  -0.0000722534  -0.0001894618   0.0003276283  -0.0000564363
        0.0000709684   0.0000402321  -0.0003632330   0.0002802070  -0.0012157944
        0.0071594942  -0.0012325730  -0.0217163734  -0.0032821267  -0.0433733548
        0.0258645181  -0.0089498901  -0.0094840383   0.0255808729  -0.0012518242
       -0.0042274660   0.0006043255   0.0000854804   0.0000278599  -0.0001288435
        0.0016016418  -0.0023601342  -0.0002333523  -0.0004568788   0.0003665115
       -0.0006875020   0.0000053165   0.0000466416   0.0000744159   0.0010270564
       -0.0005822437  -0.0013363342   0.0010940941   0.0001588915  -0.0012879665
       -0.0000292167  -0.0000379590   0.0000188922   0.0011085979   0.0016780272
        0.0002331013  -0.0004751095  -0.0002682700  -0.0006232673   0.0048945108
        0.0590659909  -0.0297721358  -0.0004443105   0.0004512428   0.0003265653
       -0.0001388319   0.0011401486   0.0002780158   0.0000825786  -0.0005623027
        0.0000632597  -0.0008097004   0.0001751643   0.0014358020  -0.0000773371
       -0.0000555807   0.0000545239  -0.0007824080  -0.0003164810   0.0008100260
        0.0000367065  -0.0000866473  -0.0000618150  -0.0000547096  -0.0001180916
        0.0000720269  -0.0001464960  -0.0000888356  -0.0001476456   0.0003170086
        0.0003846720   0.0002554827   0.0000988287   0.0001147005  -0.0000689628
       -0.0000682183  -0.0000182488   0.0000932107  -0.0001409062  -0.0009685214
        0.0001912825   0.0000018134   0.0000001607  -0.0000234298   0.0000018378
       -0.0000046546   0.0000033350  -0.0000283888  -0.0000156301   0.0000316622
       -0.0004740566   0.0002261642   0.0000881645   0.0001078209  -0.0000164480
       -0.0000341200  -0.0000604506  -0.0000049130  -0.0000918501   0.0000439066
       -0.0000705882   0.0001863514   0.0000041667   0.0000568061  -0.0000522358
        0.0064017016  -0.0026419715  -0.0160860509   0.0280133902   0.0269431834
       -0.2536571554   0.0022007167   0.0028580310  -0.0073781606   0.0002708310
        0.0018001760   0.0007598408  -0.0001435474  -0.0000704629   0.0000458708
        0.0006983135  -0.0020841423   0.0001154895  -0.0017156304   0.0008268245
        0.0013405934   0.0001305490   0.0000853560  -0.0001729278   0.0011880160
       -0.0006540595  -0.0010531321  -0.0000534175   0.0007495662   0.0000658574
       -0.0001257194  -0.0000594624   0.0000351121  -0.0048124770   0.0026432240
       -0.0221207286   0.0025470915   0.0000837761   0.0015239645  -0.0310071671
       -0.0297721358   0.2941473053  -0.0002752965  -0.0000638588   0.0003650164
       -0.0032564263  -0.0001517201  -0.0004907851   0.0000822747   0.0004367947
       -0.0002704459  -0.0003248480  -0.0008882220   0.0015082323  -0.0000160985
       -0.0000805288   0.0001967036   0.0003798852   0.0001315753  -0.0003990454
       -0.0000874308   0.0000116383   0.0001166662  -0.0000278365   0.0000542085
        0.0001792055  -0.0001750249   0.0001177588   0.0000201932   0.0001401312
        0.0001388698   0.0005705266  -0.0000176363   0.0002432656  -0.0000693815
       -0.0000480647  -0.0000152889  -0.0001720647  -0.0001381123  -0.0006809769
        0.0004677518   0.0000266321   0.0000010763   0.0000647564  -0.0000114969
       -0.0000244334  -0.0000228546   0.0005520715   0.0002204595   0.0002862111
       -0.0001188831  -0.0003503273   0.0009217029   0.0000420381   0.0000494357
       -0.0000558535   0.0000071278  -0.0002109630   0.0001691273   0.0000430126
        0.0001281610   0.0000729131  -0.0003686691   0.0002251731  -0.0010244539
        0.0071173061  -0.0013922939  -0.0017837052   0.0002850380  -0.0010720141
       -0.0004048908   0.0000346644  -0.0000540275  -0.0000918577  -0.0000020260
       -0.0001170550  -0.0000872582   0.0004255876  -0.0003097018  -0.0004711415
       -0.0018628378   0.0030739542   0.0012140443  -0.0010832526  -0.0003826128
       -0.0005593496   0.0005591392   0.0000655680  -0.0002456898  -0.0019005524
       -0.0083835418   0.0066384902  -0.0998565026   0.0779735517   0.0183276731
        0.0000760558  -0.0001032998  -0.0000250006  -0.0001107124  -0.0002627372
        0.0005863074   0.0002212191   0.0005301548  -0.0000430785  -0.0001012482
       -0.0004443105  -0.0002752965   0.3347531030  -0.1357798045   0.1816283817
        0.0000726831   0.0001697744  -0.0001344154   0.0000688574  -0.0000803953
        0.0000110680  -0.0000204275   0.0000602129   0.0000467337  -0.0000347495
        0.0000111561   0.0000060803   0.0000494050  -0.0000208325  -0.0000407774
        0.0001205776   0.0001623830  -0.0000960486   0.0000797505  -0.0000166103
        0.0000236037  -0.0000640823  -0.0031104497   0.0001874578   0.0000163289
       -0.0002883013  -0.0001807247  -0.0007415014   0.0010240663  -0.0037791945
       -0.0217149516   0.0250898223   0.0016475672  -0.0143399666   0.0194558908
        0.0118919410  -0.0000055442   0.0000255357  -0.0000051586  -0.0000877055
        0.0001042738   0.0000581968   0.0000308445  -0.0000423782  -0.0000837478
        0.0001364151  -0.0000736812  -0.0002572829  -0.2020559651   0.0242857871
       -0.2138492039  -0.0000053771   0.0001119238  -0.0000188599  -0.0001580767
       -0.0001275460   0.0001411106   0.0000985043  -0.0000824616   0.0000240264
        0.0189887742  -0.0380874276  -0.0090740759  -0.0045155729  -0.0068797726
        0.0019160896   0.0017693318  -0.0017492503  -0.0003416257  -0.0001232680
        0.0002982759  -0.0002046559   0.0001205960   0.0000778830  -0.0002021806
        0.0005780955   0.0019808942  -0.0020237400   0.0013454998   0.0002715472
        0.0007035859   0.0006899815   0.0004335757   0.0003229480  -0.0045620838
       -0.0041268719   0.0061033068   0.0619409867  -0.1577391232  -0.0494750596
        0.0000282930   0.0001297088   0.0000313317  -0.0014113765   0.0002497889
       -0.0005047730   0.0000535720  -0.0001198560   0.0001186954  -0.0000761256
        0.0004512428  -0.0000638588  -0.1357798045   0.2555920093   0.0429772044
        0.0002915236  -0.0000062438   0.0001290254  -0.0001386140  -0.0008379195
        0.0000050622  -0.0000094339  -0.0000074085  -0.0000773654   0.0001058340
        0.0000335075   0.0000326025  -0.0000773225  -0.0001577176  -0.0000335076
       -0.0000787755  -0.0000193726   0.0001352781   0.0001794379  -0.0001565915
        0.0000680796  -0.0004097850   0.0001199190   0.0001171855   0.0003354704
       -0.0002586852  -0.0001235388  -0.0003714696  -0.0014336154  -0.0000484322
        0.0098121540  -0.0071327305   0.0026396562   0.0139755806  -0.0103049789
       -0.0117356392  -0.0000443862   0.0000001483  -0.0000996331  -0.0000028757
       -0.0001534634   0.0000064111   0.0001442148   0.0000252613   0.0001014444
       -0.0001773309   0.0000092664   0.0001138939   0.0374873910  -0.0305041699
        0.0187630634  -0.0000794580   0.0000487566  -0.0001021805  -0.0001034994
       -0.0000371636  -0.0001381807   0.0001144451  -0.0000094231  -0.0000364170
       -0.0000183454  -0.0036780957   0.0024398639  -0.0003593484  -0.0006094615
        0.0005081874   0.0001307993  -0.0002178824   0.0001444658   0.0000769836
        0.0000435255   0.0001063922  -0.0003593977   0.0004604079   0.0005195594
        0.0017990401  -0.0026865426  -0.0009799864  -0.0001892263  -0.0007153545
        0.0006918928  -0.0000988981  -0.0000545461  -0.0003046434   0.0054674899
        0.0107831628  -0.0063060819   0.0030370930  -0.0313734484  -0.0786806645
        0.0000281792   0.0000606106   0.0000767550  -0.0000822286   0.0002732619
       -0.0003943230  -0.0000553764  -0.0001598299  -0.0001284897  -0.0000586758
        0.0003265653   0.0003650164   0.1816283817   0.0429772044   0.3253111169
       -0.0001052813   0.0000801596   0.0002629376  -0.0000540675  -0.0000471702
        0.0000059264   0.0000316554   0.0000151877   0.0000027327   0.0000160270
       -0.0000174270   0.0000010623  -0.0000408361   0.0000943092   0.0000268168
       -0.0001387211  -0.0001761235   0.0000533570  -0.0002352857   0.0000728975
       -0.0000474039  -0.0004346181  -0.0011087263  -0.0006749847   0.0000463382
        0.0002638354   0.0001081826  -0.0017873860  -0.0028471552   0.0021621863
       -0.0138894272   0.0171230371   0.0046520375   0.0225400812  -0.0289914711
       -0.0090245909   0.0000737843  -0.0000022799   0.0000107492  -0.0000251675
       -0.0000095583   0.0000280111   0.0000609776   0.0000163030   0.0000886581
       -0.0001286651   0.0000615065   0.0001892466  -0.1969766225   0.0001421446
       -0.2413361682   0.0000266449  -0.0000659443  -0.0000005692   0.0001050515
       -0.0000229416   0.0001360537  -0.0000309522  -0.0000101604  -0.0000133021
        0.0004075293  -0.0004098374   0.0002776606  -0.0041308378   0.0042669094
       -0.0229402981   0.0006292823   0.0002777569   0.0006607127   0.0003102465
       -0.0002386301   0.0006268137  -0.0000692193   0.0001505267  -0.0003627004
        0.0010603453  -0.0008951938   0.0009321284  -0.0001939848   0.0000723703
        0.0000109320  -0.0000063048  -0.0000768233   0.0000941225  -0.0009406824
        0.0011562875   0.0002477378  -0.0000164990  -0.0003153488   0.0000791746
       -0.0000058307   0.0000552223  -0.0000711101  -0.0697558039   0.0056571723
       -0.0285387490  -0.0001884175  -0.0053669155   0.0221642163  -0.0042253862
       -0.0001388319  -0.0032564263   0.0000726831   0.0002915236  -0.0001052813
        0.5208325191   0.0102118541  -0.0123389734  -0.0001320654  -0.0000598589
       -0.0001957212   0.0000240909  -0.0000613698   0.0000304904  -0.0012982398
       -0.0000988010  -0.0006294479  -0.0002338592   0.0000115888  -0.0002796050
       -0.0000917825  -0.0000233504  -0.0000508623  -0.0027990921   0.0006735837
       -0.0009333530  -0.0000955728   0.0000437159   0.0000028570  -0.0000305494
        0.0000015255  -0.0000328090  -0.0000643219  -0.0002116823   0.0000108757
       -0.0001555610   0.0002003693  -0.0000980618  -0.0000454834   0.0000676964
       -0.0000989213  -0.0000658556  -0.0000109166  -0.0000594447  -0.0000274697
       -0.0000244699   0.0000021879   0.0011404792  -0.0001606185   0.0022343033
       -0.0021140127  -0.0020421031   0.0033291411   0.0000098781  -0.0000722337
        0.0000814109  -0.0963154645  -0.0965513127   0.0275520900  -0.0662853203
        0.0578111808   0.0459776091  -0.2751994370   0.0258090141  -0.0343226989
       -0.0001469685   0.0001456877  -0.0003110413   0.0004683001  -0.0002105947
        0.0006683568   0.0002598068  -0.0001585252   0.0000757865   0.0007530572
       -0.0000964407   0.0003114997  -0.0000417281  -0.0001738434  -0.0000103931
       -0.0006433157  -0.0000171375  -0.0004388964  -0.0000492774   0.0001083104
        0.0000384864   0.0000140931   0.0000274865   0.0001107392   0.0001453591
        0.0000576722  -0.0001265269  -0.0004499181   0.0000025206  -0.0002989476
        0.0000092794   0.0000066831  -0.0000001968   0.0043512440  -0.0693236298
        0.0350489151  -0.0006083183  -0.0005847591   0.0111884892  -0.0004681617
        0.0011401486  -0.0001517201   0.0001697744  -0.0000062438   0.0000801596
        0.0102118541   0.4953855569   0.0006376826  -0.0003446822   0.0001805167
       -0.0003447298  -0.0000504115   0.0001453854  -0.0000639217  -0.0011183939
       -0.0001290851  -0.0001196990   0.0000027779   0.0000985930   0.0000430395
       -0.0000025961   0.0000850293   0.0000149253   0.0016987350   0.0000737478
        0.0003507534  -0.0000160878   0.0000178356   0.0000017225   0.0000389650
       -0.0000001364   0.0000124991  -0.0000937223  -0.0000219002   0.0000840040
        0.0003180844  -0.0003140589   0.0003571920   0.0000468571  -0.0000022332
        0.0000747704   0.0000041350  -0.0000015514  -0.0000070800   0.0000105139
        0.0000095707   0.0000017060   0.0011272247  -0.0039323086  -0.0009753334
       -0.0021294440   0.0112838274   0.0037327483   0.0000018821  -0.0000643717
       -0.0000435534  -0.0969132417  -0.2162926204   0.0524690274   0.0576666835
       -0.1697025058  -0.1063827417   0.0257776405  -0.0477366261   0.0039722782
        0.0005720317  -0.0001672183   0.0000745916  -0.0055501997   0.0018778837
       -0.0113143740   0.0007840592   0.0004162450   0.0001825451  -0.0002559590
       -0.0000073455  -0.0004942331  -0.0000481674  -0.0000765849   0.0000235849
       -0.0010281639   0.0001956054  -0.0005349250  -0.0002684525   0.0000363810
        0.0000124342  -0.0000134990   0.0000992535  -0.0001763465   0.0000695534
       -0.0001265704   0.0001157947   0.0004021434  -0.0001533744  -0.0002884105
       -0.0000055365  -0.0000120335   0.0000447977  -0.0221650787   0.0318105731
       -0.2009542504   0.0059235580   0.0093906737  -0.0336561478  -0.0016381671
        0.0002780158  -0.0004907851  -0.0001344154   0.0001290254   0.0002629376
       -0.0123389734   0.0006376826   0.4663737771  -0.0002092796   0.0000795371
        0.0001050964  -0.0000833497   0.0000413618   0.0001212301   0.0004154827
       -0.0000744863   0.0001071652  -0.0000763465   0.0000049802   0.0000464663
       -0.0000754614   0.0000225687   0.0000429645   0.0011659446   0.0000223449
        0.0004608843  -0.0000402643  -0.0000192787   0.0000084008   0.0000306628
        0.0000376905   0.0001266613  -0.0000114222   0.0001100819  -0.0001198368
       -0.0001945425   0.0001934147   0.0001384431  -0.0000946339  -0.0000393510
       -0.0000079391   0.0000278606   0.0000009917   0.0000400037  -0.0000184376
       -0.0000113614  -0.0000010060  -0.0014984890  -0.0016371767   0.0003250180
        0.0017784883   0.0037722967  -0.0006400052   0.0000409350   0.0000073390
       -0.0000814995   0.0260279149   0.0507335877  -0.0530377752   0.0432214253
       -0.1021513530  -0.1195991004  -0.0347112205   0.0045786001  -0.0472161620
       -0.0004884612  -0.0016253647   0.0000524789   0.0070446323  -0.0076027850
       -0.0000781735  -0.1641316452   0.1162114081  -0.0062997712  -0.0150971797
        0.0126291504   0.0029614575  -0.0023081053  -0.0007506930   0.0030855304
       -0.0001230403  -0.0001710960  -0.0000327262  -0.0000250990   0.0000917408
        0.0000287248   0.0000114963  -0.0001269534   0.0002247035   0.0000550635
       -0.0000117843   0.0000932580   0.0001458454  -0.0003148368  -0.0000848734
        0.0000853773   0.0000660499   0.0000190942   0.0006219329  -0.0011884563
       -0.0002180219   0.0001198340  -0.0000815419   0.0000791534  -0.0002173191
        0.0000825786   0.0000822747   0.0000688574  -0.0001386140  -0.0000540675
       -0.0001320654  -0.0003446822  -0.0002092796   0.1919953500  -0.1319336002
        0.0052844142  -0.0177003017   0.0145240044  -0.0048796956   0.0009507547
        0.0000546605  -0.0005004230  -0.0004093745  -0.0001664350  -0.0000212769
       -0.0006200791   0.0008668675   0.0002817176  -0.0000166735   0.0000397196
        0.0000517264   0.0000415159  -0.0000592957   0.0000500229  -0.0000503660
       -0.0001196720   0.0001399993   0.0000253222  -0.0000423518  -0.0000418878
        0.0000252538   0.0000173453   0.0000319653   0.0000069129   0.0000146998
       -0.0000345256   0.0000024032   0.0000124685   0.0000269463   0.0000171943
        0.0000185490   0.0000087776   0.0000009575   0.0001339663  -0.0000015678
        0.0000348779   0.0000106317  -0.0000340455  -0.0000098013  -0.0000577174
        0.0000251283   0.0001924755  -0.0000300135  -0.0001128500  -0.0000389958
        0.0000107651   0.0000678583  -0.0000775494  -0.0000187123   0.0000079538
       -0.0024859403  -0.0047936710   0.0012555395   0.0165595105  -0.0246750429
        0.0007335643   0.1159626827  -0.1503465163   0.0041131861   0.0005939399
        0.0009060014  -0.0004485216   0.0002931807   0.0007572683  -0.0003268906
       -0.0000819892   0.0001918783   0.0003383817  -0.0000832288   0.0000944315
       -0.0000535326   0.0000278360  -0.0000532354  -0.0000858916  -0.0001292165
       -0.0000171044  -0.0000390567   0.0009263093  -0.0005014429  -0.0003841521
       -0.0000428095   0.0000009372  -0.0000186752   0.0010013776  -0.0002261462
       -0.0001300859   0.0000812119   0.0001678352   0.0001895157  -0.0000887596
       -0.0005623027   0.0004367947  -0.0000803953  -0.0008379195  -0.0000471702
       -0.0000598589   0.0001805167   0.0000795371  -0.1319336002   0.1765264642
       -0.0054680689  -0.0004873945   0.0026759343   0.0007063901  -0.0002004772
        0.0002634591  -0.0000441812   0.0000913019   0.0000108369  -0.0000356323
        0.0000193942  -0.0001446448   0.0000191551   0.0000026468  -0.0000671688
       -0.0001109912  -0.0000667079   0.0000827253   0.0000069426  -0.0000120220
       -0.0000115686  -0.0000081345   0.0000320027   0.0001087707   0.0000486182
        0.0000358800  -0.0000259745  -0.0000144581   0.0000432582   0.0000081616
        0.0000084536  -0.0000142484  -0.0000154073   0.0000078559  -0.0000062458
        0.0000133181  -0.0000128278   0.0000829945  -0.0001118274  -0.0000719460
        0.0000657649   0.0000089038   0.0000567179  -0.0000329384   0.0000952048
       -0.0000403250  -0.0000521356   0.0001838757  -0.0007341052   0.0000556234
        0.0000852451   0.0001183151  -0.0000169472   0.0000282044  -0.0000443213
        0.0001856482  -0.0002214934  -0.0000823134  -0.0011501263   0.0016624110
        0.0009405079  -0.0068895054   0.0045766979  -0.0424916768   0.0201351795
       -0.0163318870  -0.0024884169   0.0036133414   0.0002284407  -0.0035412202
        0.0000965634   0.0001675988   0.0001298448  -0.0000786751   0.0001317337
        0.0000841922  -0.0002049041   0.0002563608  -0.0003962453  -0.0000143152
        0.0001069961  -0.0000022985  -0.0000198178   0.0000616054   0.0000332455
        0.0000310331   0.0000914035   0.0001461830  -0.0000140982  -0.0005626945
        0.0008708223   0.0000361115  -0.0000540513  -0.0000242338   0.0000729987
        0.0000632597  -0.0002704459   0.0000110680   0.0000050622   0.0000059264
       -0.0001957212  -0.0003447298   0.0001050964   0.0052844142  -0.0054680689
        0.0509506338  -0.0219532138   0.0175512380  -0.0032274082   0.0002842832
       -0.0008053836   0.0007048773  -0.0000065283   0.0000421504   0.0000435392
        0.0008786869  -0.0010463634  -0.0003841721   0.0000147387  -0.0000073706
       -0.0000581903   0.0000542011   0.0000206571   0.0000372809  -0.0000118098
       -0.0001300595   0.0001072578  -0.0000444406  -0.0000376601   0.0000162982
        0.0000046917  -0.0000033713  -0.0000096457  -0.0000061152   0.0000013127
        0.0000016972   0.0000174324  -0.0000175844   0.0000407734  -0.0000244418
        0.0000029200  -0.0000265984  -0.0000219566   0.0000016745  -0.0000122068
        0.0000215738   0.0000518606  -0.0001533357   0.0000034195  -0.0000084934
       -0.0000036499  -0.0002285541  -0.0002512503  -0.0009486845   0.0000477235
        0.0001304002  -0.0000662106   0.0000711151   0.0001366781  -0.0000312233
       -0.0001882318  -0.0001808199  -0.0001477452  -0.0095576236  -0.0072080080
       -0.0087265545  -0.1170246775  -0.0197654356  -0.1077436720   0.0076881913
        0.0016044404   0.0147775923   0.0004150763  -0.0002592236  -0.0000806839
       -0.0000870292   0.0001557347  -0.0001491174  -0.0001266255   0.0006135595
        0.0000241765  -0.0001888932   0.0008606344   0.0004222073  -0.0000026676
       -0.0001412278   0.0000464994   0.0000672514  -0.0000325719  -0.0000265369
       -0.0006259892   0.0000039620   0.0000082821  -0.0005742120  -0.0027455029
       -0.0001829817  -0.0003792510  -0.0000091881  -0.0002288236  -0.0002182069
       -0.0008097004  -0.0003248480  -0.0000204275  -0.0000094339   0.0000316554
        0.0000240909  -0.0000504115  -0.0000833497  -0.0177003017  -0.0004873945
       -0.0219532138   0.1386198853   0.0280899025   0.1194885545  -0.0009344576
       -0.0000690274   0.0032553932   0.0010333936   0.0002485088   0.0008660083
       -0.0000755598  -0.0000668471  -0.0000788930  -0.0000693209  -0.0000401342
        0.0000634900  -0.0000713968   0.0000605721   0.0000906856   0.0002030251
        0.0000999069   0.0000365217   0.0000201527   0.0000603022  -0.0000279477
       -0.0000145718   0.0000678221   0.0000555945  -0.0000432302  -0.0000071164
       -0.0000078396  -0.0000560361   0.0000414485  -0.0000653241  -0.0000184425
       -0.0001128643   0.0000062143  -0.0000719546   0.0002743193   0.0001866193
       -0.0000076560  -0.0001381798   0.0000254954   0.0000255028   0.0000157851
        0.0000109849  -0.0000556262  -0.0000418611   0.0002473030  -0.0000472380
       -0.0000494072   0.0001192465   0.0000630576   0.0000274572   0.0000650071
       -0.0005658574  -0.0003188264  -0.0001536590  -0.0200306681  -0.0107278329
       -0.0196040558  -0.0196171808  -0.0485590210  -0.0328882906  -0.0005673050
        0.0006889084   0.0018314107  -0.0001706206   0.0002193196  -0.0001787264
        0.0001197513  -0.0000823024  -0.0001304303   0.0002262840  -0.0006198338
       -0.0002401238   0.0009911920  -0.0002402920  -0.0007645985  -0.0000508417
       -0.0000023768   0.0001480876   0.0001499926  -0.0002175821   0.0000798324
        0.0002062927   0.0001177375   0.0000765469  -0.0009925121  -0.0045753540
        0.0004197615  -0.0008798400   0.0000077323  -0.0002558387  -0.0010163621
        0.0001751643  -0.0008882220   0.0000602129  -0.0000074085   0.0000151877
       -0.0000613698   0.0001453854   0.0000413618   0.0145240044   0.0026759343
        0.0175512380   0.0280899025   0.0605788781   0.0315001787  -0.0001675419
        0.0008103685   0.0007774830   0.0000499985   0.0003314685   0.0014019497
        0.0000145367  -0.0000851368   0.0000953254  -0.0000393922  -0.0000324279
        0.0001231440  -0.0001208817   0.0000185198   0.0001507444   0.0000926917
       -0.0007701293   0.0006854576  -0.0000099222   0.0000107729  -0.0000513517
        0.0000519857   0.0001243407   0.0000886991  -0.0000407547   0.0000417268
       -0.0000523194   0.0000508766  -0.0000274919   0.0000572460  -0.0001282448
       -0.0000474919   0.0000597172  -0.0002286956   0.0004261297   0.0002341049
        0.0000674471  -0.0001142289  -0.0000701160  -0.0000158257  -0.0000533007
        0.0000096432  -0.0000043677   0.0000198617  -0.0001070948   0.0000285043
        0.0000371371   0.0000335201  -0.0000154889   0.0000516517   0.0000041873
       -0.0001575338  -0.0002420627  -0.0001359804  -0.0008249017   0.0004446238
       -0.0003222766  -0.1075158421  -0.0329132294  -0.1921441443  -0.0105901466
       -0.0019480706  -0.0293461325  -0.0004771311   0.0002943187   0.0002788337
       -0.0001620085  -0.0001311627  -0.0001526055  -0.0001575922   0.0001858622
        0.0004054176   0.0004112967  -0.0006245315  -0.0000492242   0.0001652474
        0.0000139731   0.0000940186   0.0000421358   0.0001386531  -0.0000196713
        0.0000204696   0.0002770911   0.0002856303   0.0000318634  -0.0002778357
        0.0007168802  -0.0000031052  -0.0000123396  -0.0000814433   0.0013208211
        0.0014358020   0.0015082323   0.0000467337  -0.0000773654   0.0000027327
        0.0000304904  -0.0000639217   0.0001212301  -0.0048796956   0.0007063901
       -0.0032274082   0.1194885545   0.0315001787   0.2265478520   0.0035471038
        0.0005149951  -0.0053856176  -0.0004592033   0.0000237741   0.0004538208
       -0.0000695158   0.0001366576   0.0001305577   0.0000783089   0.0001745653
        0.0000942534   0.0000232620   0.0001277911  -0.0000072094  -0.0000195682
        0.0001785022   0.0001790797  -0.0000657674   0.0000546087  -0.0000201846
        0.0000024703   0.0000469661  -0.0000052811  -0.0000013765  -0.0000085605
        0.0000287369  -0.0000359809  -0.0000175397  -0.0000187697   0.0000632876
        0.0000646470  -0.0000927878   0.0000075468   0.0000119051   0.0000282776
       -0.0000243393   0.0000043735   0.0000681762  -0.0000091492  -0.0000145460
        0.0000120390   0.0000713865  -0.0000719456  -0.0000107950   0.0000400940
        0.0000636490   0.0000140480   0.0000617851   0.0000037835   0.0000497145
        0.0000431132  -0.0000098338   0.0000596978   0.0001812086  -0.0001912025
       -0.0000135851   0.0085555709  -0.0011897966   0.0142244802  -0.1095098137
        0.0113103635  -0.1050397854  -0.0130316677   0.0071112185  -0.0155725566
        0.0006878797  -0.0011639221  -0.0000469557  -0.0000760462  -0.0000388635
       -0.0003448149  -0.0024649465   0.0032671947   0.0006802817  -0.0000663973
       -0.0002480063   0.0002340624  -0.0000388710  -0.0001299896   0.0000207077
       -0.0000252946   0.0003435887  -0.0003706867   0.0003268486   0.0001346278
        0.0001914700  -0.0001657003   0.0000082060  -0.0000166057  -0.0001541821
       -0.0000773371  -0.0000160985  -0.0000347495   0.0001058340   0.0000160270
       -0.0012982398  -0.0011183939   0.0004154827   0.0009507547  -0.0002004772
        0.0002842832  -0.0009344576  -0.0001675419   0.0035471038   0.1311966523
       -0.0160585445   0.1204800702  -0.0128989103  -0.0012923030  -0.0180600311
       -0.0002110841  -0.0001393987  -0.0001194333   0.0005912217   0.0000155901
        0.0000968283   0.0000025289   0.0000037806  -0.0000089805   0.0000082474
        0.0000434465   0.0000165336  -0.0000189024  -0.0001443845  -0.0000736401
        0.0000223909  -0.0000022695   0.0000152224  -0.0000097803  -0.0000048927
       -0.0000030485   0.0001366757  -0.0003899270  -0.0002159860  -0.0000048101
        0.0001531449   0.0000887387  -0.0000023011   0.0000092165  -0.0000092209
        0.0000346974   0.0000344276  -0.0000886243  -0.0000037950  -0.0000353154
        0.0000171422  -0.0018206514  -0.0001241220  -0.0002287459   0.0001416224
        0.0000089157  -0.0001035859  -0.0001088110   0.0001769667  -0.0000557467
       -0.0001740737  -0.0001252518   0.0000905848   0.0000578591   0.0001326969
        0.0001721264   0.0023475178   0.0003208846   0.0029042143   0.0110412670
       -0.0450563785   0.0213325314   0.0162318426  -0.0076875688   0.0190723516
        0.0018122166   0.0003764709   0.0012285313  -0.0000963547   0.0000908387
        0.0002616432   0.0031647114  -0.0037372010  -0.0010890015  -0.0005446143
        0.0005612076  -0.0000802363   0.0000575636  -0.0000228014   0.0000190193
        0.0001242433  -0.0001101754   0.0006282412  -0.0001082605  -0.0000275384
        0.0002951685   0.0000236556  -0.0000122702  -0.0000712331   0.0000038534
       -0.0000555807  -0.0000805288   0.0000111561   0.0000335075  -0.0000174270
       -0.0000988010  -0.0001290851  -0.0000744863   0.0000546605   0.0002634591
       -0.0008053836  -0.0000690274   0.0008103685   0.0005149951  -0.0160585445
        0.0535995923  -0.0225732078  -0.0163803922   0.0008460304  -0.0212643415
       -0.0001470965   0.0003805364   0.0000182973  -0.0003491586  -0.0012411630
       -0.0005056591   0.0000108128   0.0000503109  -0.0000364728  -0.0000739729
       -0.0000214486   0.0000536017   0.0000703276   0.0000393279   0.0000902666
       -0.0000283791  -0.0000357649  -0.0000105419   0.0000144346   0.0000394292
       -0.0000321244  -0.0001756789   0.0004966086   0.0003359585   0.0001725932
       -0.0002369762  -0.0001300007   0.0000141866   0.0000024508  -0.0000129121
        0.0000207645   0.0000174274  -0.0000366884  -0.0000178699   0.0000071556
       -0.0000250394  -0.0008307455   0.0007967085   0.0000065433  -0.0001839780
       -0.0003871211  -0.0001191937   0.0001032816   0.0000213134  -0.0000595960
        0.0000481738   0.0001051917  -0.0000914540  -0.0000658694   0.0002321248
       -0.0000856078  -0.0107710941   0.0014511585  -0.0254364051  -0.1047461994
        0.0207651138  -0.2022375189  -0.0012647219   0.0014171104   0.0007691556
        0.0004322082  -0.0006436472   0.0002608392  -0.0000831215   0.0000112130
        0.0000345150  -0.0008770963   0.0000686155   0.0003455427   0.0001824849
        0.0000503642   0.0001372949  -0.0000540620  -0.0000891897  -0.0000339763
        0.0000934112   0.0001960302   0.0000196340   0.0002073918   0.0001914547
       -0.0004530256  -0.0000701920  -0.0000084647   0.0000598086   0.0001044819
        0.0000545239   0.0001967036   0.0000060803   0.0000326025   0.0000010623
       -0.0006294479  -0.0001196990   0.0001071652  -0.0005004230  -0.0000441812
        0.0007048773   0.0032553932   0.0007774830  -0.0053856176   0.1204800702
       -0.0225732078   0.2353859805  -0.0064698247  -0.0013464812  -0.0062131835
       -0.0000381128  -0.0000465271   0.0002778700   0.0001808776   0.0002071958
        0.0003754422   0.0000308186   0.0000206983   0.0000243037  -0.0000139737
       -0.0001108894   0.0001282301  -0.0000880012  -0.0001034441   0.0000498886
        0.0000362671   0.0000485755   0.0000331686   0.0000010615  -0.0000403652
        0.0000029172   0.0000571780  -0.0000934747  -0.0000163752   0.0000346110
        0.0000091037  -0.0000177471   0.0000160506  -0.0000071782   0.0000363732
       -0.0000510916  -0.0000116066   0.0000455591   0.0000144899  -0.0000342822
        0.0000180032   0.0007587315  -0.0001609396   0.0008260754   0.0000092636
       -0.0000580699   0.0000780354  -0.0002258137  -0.0001469115   0.0000524655
        0.0000391800   0.0002292844  -0.0000509218  -0.0016188943   0.0004155585
        0.0029769213  -0.0126215802  -0.0164301898   0.0016312254  -0.1186114107
       -0.1084337617  -0.0195022379   0.0079886950   0.0142902396   0.0022017142
       -0.0011225116   0.0021433584  -0.0001439470   0.0000835247  -0.0000720662
       -0.0000969385   0.0006992784  -0.0000639829   0.0005207749   0.0003615667
        0.0008187380   0.0002258960   0.0000161470   0.0001562070  -0.0000335452
        0.0001053335   0.0000967672  -0.0000268396   0.0001575931  -0.0001096532
        0.0000809752  -0.0000916844   0.0000071611  -0.0000590885  -0.0003687574
       -0.0007824080   0.0003798852   0.0000494050  -0.0000773225  -0.0000408361
       -0.0002338592   0.0000027779  -0.0000763465  -0.0004093745   0.0000913019
       -0.0000065283   0.0010333936   0.0000499985  -0.0004592033  -0.0128989103
       -0.0163803922  -0.0064698247   0.1370716738   0.1235886685   0.0184191281
        0.0007262272   0.0001581868  -0.0000390468  -0.0000355250   0.0001101397
        0.0001790846  -0.0000134427  -0.0000151123   0.0000362436  -0.0000700589
       -0.0000053025   0.0000097528  -0.0000225720   0.0002915112   0.0001138089
        0.0000023411   0.0000460726   0.0000208315  -0.0000085209   0.0000418696
       -0.0000086286  -0.0000223275  -0.0000954052   0.0001020595  -0.0001857285
        0.0000402344  -0.0000103478  -0.0000496799   0.0000565380  -0.0000031828
        0.0000204239  -0.0000086668  -0.0000170707   0.0000064973   0.0000269479
        0.0000201199   0.0000388674  -0.0002685701  -0.0000122470   0.0000346373
        0.0001487826   0.0000807605  -0.0000499471  -0.0000675103   0.0000575994
       -0.0000111305   0.0001150481  -0.0002287653  -0.0008720880   0.0007865044
        0.0012565831  -0.0048500679  -0.0042964215   0.0012410921  -0.1078807345
       -0.1924744056  -0.0238401649  -0.0110437607  -0.0254941248  -0.0043554135
        0.0035712827  -0.0033870321  -0.0004554583   0.0000010208   0.0000808649
        0.0000284825  -0.0010643732  -0.0001676523  -0.0003896521  -0.0004422082
       -0.0021909721  -0.0001392001   0.0000679969   0.0002810340  -0.0000154593
       -0.0000429780   0.0003719891   0.0000934272  -0.0000354373  -0.0001835460
        0.0000780077   0.0000370150   0.0000378679  -0.0000853036  -0.0001677244
       -0.0003164810   0.0001315753  -0.0000208325  -0.0001577176   0.0000943092
        0.0000115888   0.0000985930   0.0000049802  -0.0001664350   0.0000108369
        0.0000421504   0.0002485088   0.0003314685   0.0000237741  -0.0012923030
        0.0008460304  -0.0013464812   0.1235886685   0.2248791268   0.0283456343
       -0.0003418293   0.0006528579  -0.0001128668   0.0002828688   0.0000952042
        0.0000918219  -0.0000222315   0.0000633728  -0.0000581451   0.0000095834
        0.0000005971   0.0000307499   0.0001358038  -0.0001586402  -0.0002952192
        0.0000437723   0.0000415111  -0.0000029750  -0.0000113338   0.0000059047
        0.0000389205   0.0000566892  -0.0000477902  -0.0001887117   0.0003317853
        0.0002149369   0.0000152269  -0.0000333258   0.0000199471  -0.0000101770
        0.0000151359  -0.0000180522   0.0000069742  -0.0000095644   0.0000459851
       -0.0000368034  -0.0001738227  -0.0001394542  -0.0000214546   0.0000533081
        0.0000326619   0.0000545117   0.0000271525   0.0000199469   0.0000040297
       -0.0000693071  -0.0003114565   0.0000073917   0.0030390842   0.0005806078
       -0.0031773293   0.0157800107   0.0193994662  -0.0013741700  -0.0199326065
       -0.0242562771  -0.0468080298  -0.0012878316  -0.0033190262  -0.0001522815
        0.0004958812  -0.0010942637   0.0002821142  -0.0000916766   0.0000960179
       -0.0000131109   0.0002191924   0.0005116612   0.0002447139   0.0000736875
       -0.0003828884   0.0000386141  -0.0000255633  -0.0000138390   0.0000125579
       -0.0000067806  -0.0001240848  -0.0001425273   0.0000514080   0.0003732009
       -0.0003013134   0.0001483693   0.0000067839   0.0001087476   0.0003784103
        0.0008100260  -0.0003990454  -0.0000407774  -0.0000335076   0.0000268168
       -0.0002796050   0.0000430395   0.0000464663  -0.0000212769  -0.0000356323
        0.0000435392   0.0008660083   0.0014019497   0.0004538208  -0.0180600311
       -0.0212643415  -0.0062131835   0.0184191281   0.0283456343   0.0570603899
       -0.0001254952  -0.0005171679   0.0000047803   0.0001869319   0.0001558960
        0.0001014912   0.0000149094  -0.0000101117  -0.0000034555   0.0000456905
        0.0000149823   0.0000051775   0.0000004710  -0.0000659089  -0.0000185282
        0.0000071390  -0.0000037386  -0.0000264737   0.0000054550  -0.0000547983
        0.0000296058   0.0000279112  -0.0000183289  -0.0000539361  -0.0000294329
       -0.0000096514   0.0001247828   0.0000549764  -0.0000795632  -0.0000134121
       -0.0000266739   0.0000216123   0.0000580983   0.0000210891   0.0000084171
       -0.0000007405   0.0001910710  -0.0001990854  -0.0000139136   0.0000504118
        0.0001151579   0.0000291737  -0.0000801781  -0.0000907816   0.0000331690
       -0.0021243179  -0.0035981064  -0.0005351401   0.0002262713   0.0000308960
       -0.0002945689  -0.0019096056   0.0033985038   0.0000495394  -0.0134026076
        0.0008602732   0.0140421448  -0.1447088549  -0.0230519116   0.1136226765
       -0.0139273667  -0.0045657969   0.0143901876  -0.0004336528   0.0006699480
       -0.0017591052   0.0071158719   0.0010898067  -0.0084757765   0.0009767278
        0.0007966264  -0.0004198908  -0.0003180559   0.0001387119   0.0009948030
        0.0004745753   0.0006613308  -0.0010139988   0.0001873377   0.0000047737
        0.0001173748   0.0000088454   0.0000238590  -0.0000588669   0.0000517775
        0.0000367065  -0.0000874308   0.0001205776  -0.0000787755  -0.0001387211
       -0.0000917825  -0.0000025961  -0.0000754614  -0.0006200791   0.0000193942
        0.0008786869  -0.0000755598   0.0000145367  -0.0000695158  -0.0002110841
       -0.0001470965  -0.0000381128   0.0007262272  -0.0003418293  -0.0001254952
        0.1683110500   0.0234850619  -0.1308592615  -0.0004753330  -0.0002077429
       -0.0001120015   0.0000308854   0.0000769291  -0.0000765403   0.0000919156
        0.0002098275  -0.0002645378   0.0003596026   0.0005775995  -0.0000994171
        0.0000290210   0.0000494569   0.0000297429  -0.0001956635  -0.0002515169
        0.0000871891  -0.0002125530   0.0001924162   0.0002232897   0.0000197858
       -0.0001378099  -0.0000520969  -0.0000153355  -0.0000025653  -0.0000141191
        0.0000241477   0.0000074149  -0.0000349737  -0.0000223885   0.0000545802
        0.0000252740  -0.0000348425   0.0000097541   0.0000872287  -0.0000109956
       -0.0000308026   0.0000559645   0.0000354587   0.0000081429   0.0000009305
       -0.0028389276  -0.0040640597   0.0004811101  -0.0000054155  -0.0000464296
        0.0000266723   0.0035170340  -0.0033787757  -0.0005094044   0.0175698630
        0.0002867267  -0.0170740628  -0.0226919667  -0.0422513826   0.0202388601
       -0.0164478517  -0.0045303323   0.0161216706  -0.0005383640  -0.0006317029
        0.0013914091  -0.0023062564  -0.0006731724   0.0070269715   0.0008203503
        0.0017934673   0.0004594384  -0.0004917510   0.0000171941   0.0011615233
       -0.0006801534  -0.0000332020  -0.0004542570   0.0000434014  -0.0000749342
       -0.0000115695  -0.0000089079   0.0000349773   0.0000050816  -0.0000070835
       -0.0000866473   0.0000116383   0.0001623830  -0.0000193726  -0.0001761235
       -0.0000233504   0.0000850293   0.0000225687   0.0008668675  -0.0001446448
       -0.0010463634  -0.0000668471  -0.0000851368   0.0001366576  -0.0001393987
        0.0003805364  -0.0000465271   0.0001581868   0.0006528579  -0.0005171679
        0.0234850619   0.0534165124  -0.0274727119  -0.0000942480  -0.0001607046
        0.0000618409  -0.0000404162  -0.0001084532   0.0001501710  -0.0001198449
       -0.0002753725   0.0001144532   0.0001774529   0.0003567812  -0.0000968424
        0.0000560769   0.0000258970   0.0000150471  -0.0002023868  -0.0003356453
        0.0001079691   0.0001240673  -0.0003026496  -0.0000588631  -0.0002404374
        0.0001560570  -0.0000855640  -0.0000044786  -0.0000102707  -0.0000031459
        0.0000064508  -0.0000072817  -0.0000022296  -0.0000451357   0.0000397464
        0.0000189357  -0.0000044419  -0.0000179073  -0.0000346512   0.0000176675
        0.0000007057   0.0000374177  -0.0000072001  -0.0000084110   0.0000000474
       -0.0004270950  -0.0002959331  -0.0004617418  -0.0000895820   0.0000378332
        0.0000046422   0.0010151876  -0.0013372151   0.0007541185   0.0046952802
       -0.0009413849  -0.0031224109   0.1142348580   0.0218749656  -0.1665329167
       -0.0025127002  -0.0007195583   0.0036426627  -0.0007031439   0.0015293513
       -0.0036394268   0.0147149632   0.0055616031  -0.0224304586  -0.0002653598
        0.0010451724  -0.0001999053  -0.0000216939  -0.0002614544   0.0001068681
        0.0009283639   0.0007806438   0.0006509135  -0.0000868823  -0.0000128313
       -0.0000360086  -0.0000345279  -0.0000097751   0.0000332838  -0.0000872213
       -0.0000618150   0.0001166662  -0.0000960486   0.0001352781   0.0000533570
       -0.0000508623   0.0000149253   0.0000429645   0.0002817176   0.0000191551
       -0.0003841721  -0.0000788930   0.0000953254   0.0001305577  -0.0001194333
        0.0000182973   0.0002778700  -0.0000390468  -0.0001128668   0.0000047803
       -0.1308592615  -0.0274727119   0.1909730937   0.0000456428  -0.0000675870
       -0.0001022559   0.0002209572   0.0002971651  -0.0003925598   0.0003120491
        0.0006095779  -0.0003105392  -0.0002509871  -0.0002872160   0.0002199921
        0.0000038140   0.0000057089   0.0000145184  -0.0000265795  -0.0000571819
        0.0000661806  -0.0005379268   0.0005467204   0.0008035552  -0.0002629256
       -0.0008654316  -0.0002520656   0.0000268860   0.0000010491   0.0000096937
       -0.0000116100  -0.0000006074  -0.0000071612   0.0000328917  -0.0000693102
       -0.0000043111   0.0000349364  -0.0000185831  -0.0000360747   0.0000289833
        0.0000231248  -0.0000013896  -0.0000147502  -0.0000044336   0.0000076797
        0.0056810263  -0.0021935288   0.0057966039   0.0003947948  -0.0000052269
       -0.0000183160   0.0000847105  -0.0000361130  -0.0000398104   0.0005996437
        0.0015622850   0.0004292640  -0.0138430899   0.0002038655  -0.0155304030
       -0.1384454368   0.0192915230  -0.1083897065  -0.0002479702  -0.0006172595
        0.0017701790  -0.0023662831  -0.0029549344  -0.0012939319  -0.0239652840
        0.0232561011  -0.0041409645   0.0002961031   0.0002907740   0.0003943211
       -0.0003033182   0.0002142265  -0.0009389793   0.0002575073  -0.0000251147
        0.0003968655  -0.0001853030  -0.0000596961  -0.0000533712  -0.0000653254
       -0.0000547096  -0.0000278365   0.0000797505   0.0001794379  -0.0002352857
       -0.0027990921   0.0016987350   0.0011659446  -0.0000166735   0.0000026468
        0.0000147387  -0.0000693209  -0.0000393922   0.0000783089   0.0005912217
       -0.0003491586   0.0001808776  -0.0000355250   0.0002828688   0.0001869319
       -0.0004753330  -0.0000942480   0.0000456428   0.1791723412  -0.0404879801
        0.1211023735  -0.0000277238  -0.0000936447   0.0001857772   0.0002802658
        0.0000551546   0.0003671846  -0.0006893365  -0.0001376025  -0.0005837970
        0.0000771178  -0.0000197009   0.0000020296  -0.0000894054  -0.0000755451
       -0.0000395289  -0.0004038523   0.0001248501  -0.0000027796   0.0000709297
       -0.0000168627  -0.0000480687  -0.0000273526  -0.0000165661  -0.0000269630
        0.0000504939   0.0000334723  -0.0000975723  -0.0000230083  -0.0000244131
        0.0001611217  -0.0000902817   0.0004077548   0.0000039102  -0.0030257769
       -0.0002222121  -0.0006701276  -0.0004412136  -0.0000797861  -0.0001446329
        0.0049186000  -0.0006236758   0.0065506751   0.0000196370   0.0003354411
       -0.0006535547   0.0000417558  -0.0000466949  -0.0000849629  -0.0015752204
        0.0005531741  -0.0012629797  -0.0144300280   0.0011273059  -0.0149308862
        0.0221841715  -0.0438720457   0.0305888382  -0.0008147320  -0.0000217006
        0.0012444704  -0.0027043747  -0.0029966852  -0.0016739358   0.0306272484
       -0.0178557956   0.0096398518   0.0003351890   0.0004155779   0.0003574981
       -0.0004224647   0.0002225610  -0.0009606271   0.0000469702   0.0001636721
       -0.0002304086   0.0000050805  -0.0000430745   0.0000644784  -0.0000002737
       -0.0001180916   0.0000542085  -0.0000166103  -0.0001565915   0.0000728975
        0.0006735837   0.0000737478   0.0000223449   0.0000397196  -0.0000671688
       -0.0000073706  -0.0000401342  -0.0000324279   0.0001745653   0.0000155901
       -0.0012411630   0.0002071958   0.0001101397   0.0000952042   0.0001558960
       -0.0002077429  -0.0001607046  -0.0000675870  -0.0404879801   0.0651198305
       -0.0295726390  -0.0000520478  -0.0000992070  -0.0000914520   0.0002354586
        0.0000659252   0.0002415148   0.0013523050  -0.0006566949   0.0005981556
       -0.0002568031  -0.0001331077   0.0000410546  -0.0000913173   0.0000039499
       -0.0001652234  -0.0004292231   0.0001143904  -0.0000666195   0.0000815850
       -0.0000206646  -0.0000710406  -0.0000147583  -0.0000129042   0.0000142832
       -0.0000243801  -0.0000093645   0.0000450849  -0.0000651558  -0.0000164747
       -0.0001268451   0.0005187995  -0.0008206969  -0.0001224429   0.0003442271
        0.0008960384  -0.0000074346   0.0000831860  -0.0001818842   0.0000229967
       -0.0172624015   0.0044451299  -0.0217734274  -0.0006890086   0.0004407733
        0.0005313296   0.0000851880  -0.0002277138  -0.0001803751  -0.0002054223
        0.0005212270   0.0003089211  -0.0038277537   0.0000096640  -0.0030569482
       -0.1023319462   0.0257770566  -0.1476445055   0.0004706537   0.0000773641
       -0.0060892194  -0.0010437823  -0.0002804105  -0.0013227132   0.0052802959
       -0.0006446648   0.0097167863  -0.0005568960  -0.0005208702  -0.0001838503
       -0.0000733200   0.0000566484  -0.0003254700   0.0005049792  -0.0000433408
       -0.0009588333  -0.0000223012  -0.0000181975   0.0000117177  -0.0000996350
        0.0000720269   0.0001792055   0.0000236037   0.0000680796  -0.0000474039
       -0.0009333530   0.0003507534   0.0004608843   0.0000517264  -0.0001109912
       -0.0000581903   0.0000634900   0.0001231440   0.0000942534   0.0000968283
       -0.0005056591   0.0003754422   0.0001790846   0.0000918219   0.0001014912
       -0.0001120015   0.0000618409  -0.0001022559   0.1211023735  -0.0295726390
        0.1683049781   0.0000470831  -0.0001104553   0.0000259104  -0.0012015229
       -0.0000380120  -0.0010065404  -0.0001433327  -0.0002215972   0.0006495438
        0.0003407029   0.0003187864   0.0001242206   0.0002268395   0.0000394412
        0.0001147076  -0.0000945370  -0.0000356950   0.0000151003  -0.0000138156
       -0.0000089337   0.0000299748   0.0000006489  -0.0000015758   0.0000479176
       -0.0000625401  -0.0000175511   0.0000645836   0.0001096761  -0.0001145700
        0.0001529604   0.0000731775  -0.0003628770   0.0001768606   0.0003347958
        0.0003046375   0.0011422241  -0.0003175774   0.0000773591   0.0001207198
       -0.0164015947   0.0211945402  -0.0017496254  -0.0044924134   0.0002435716
       -0.0035004443   0.0000827750  -0.0001296298  -0.0000046090   0.0000894566
       -0.0000628977  -0.0000720996  -0.0007520370  -0.0006684739   0.0004177985
       -0.0000747352   0.0003594485   0.0002007010  -0.0927625858   0.0983450206
        0.0016288470   0.0065649206  -0.0157542524   0.0007107426   0.0001785694
       -0.0003315501   0.0002743511   0.0003251787   0.0012563185   0.0004810427
       -0.0000490250  -0.0014319490   0.0008612498  -0.0005175270   0.0010451628
        0.0005013961  -0.0002267500  -0.0000338250  -0.0001656216   0.0000613973
       -0.0001464960  -0.0001750249  -0.0000640823  -0.0004097850  -0.0004346181
       -0.0000955728  -0.0000160878  -0.0000402643   0.0000415159  -0.0000667079
        0.0000542011  -0.0000713968  -0.0001208817   0.0000232620   0.0000025289
        0.0000108128   0.0000308186  -0.0000134427  -0.0000222315   0.0000149094
        0.0000308854  -0.0000404162   0.0002209572  -0.0000277238  -0.0000520478
        0.0000470831   0.1118502417  -0.1103322640  -0.0019205282  -0.0030103217
        0.0088454690   0.0026212481   0.0000088852  -0.0000561702  -0.0005926104
        0.0003019618   0.0002332920   0.0002494248  -0.0002374609  -0.0000283804
        0.0000813457   0.0001892014  -0.0002903506  -0.0002998061  -0.0006697084
        0.0008689073   0.0003946470  -0.0000654839  -0.0001633441  -0.0000064106
        0.0000256817   0.0000715070  -0.0000033859  -0.0002131614  -0.0022729876
        0.0001386303   0.0000045991  -0.0000314576   0.0000380068   0.0000061549
       -0.0000002576  -0.0000028383  -0.0000189308  -0.0000116064  -0.0000227767
        0.0025890410   0.0005852229   0.0011265087   0.0002842776   0.0003581912
        0.0003277936   0.0000135951  -0.0000061770  -0.0001563786   0.0000916515
        0.0000646314  -0.0001030796  -0.0013100212  -0.0010549291   0.0008205910
        0.0006369707  -0.0003431387  -0.0000766002   0.1003431446  -0.2105149756
       -0.0072213285   0.0035625157  -0.0265488969   0.0036371904  -0.0007346019
        0.0002999474  -0.0005636519   0.0000452965  -0.0007247790  -0.0003162928
        0.0010076081   0.0002162135   0.0014473657  -0.0000367746  -0.0001266084
       -0.0000746417  -0.0000252318  -0.0000088300   0.0000381077  -0.0001034925
       -0.0000888356   0.0001177588  -0.0031104497   0.0001199190  -0.0011087263
        0.0000437159   0.0000178356  -0.0000192787  -0.0000592957   0.0000827253
        0.0000206571   0.0000605721   0.0000185198   0.0001277911   0.0000037806
        0.0000503109   0.0000206983  -0.0000151123   0.0000633728  -0.0000101117
        0.0000769291  -0.0001084532   0.0002971651  -0.0000936447  -0.0000992070
       -0.0001104553  -0.1103322640   0.2483364077   0.0052129801   0.0070077805
       -0.0108765884  -0.0038880952   0.0001631591   0.0002948836  -0.0000036992
        0.0002343463  -0.0000609213  -0.0001356269   0.0001609146  -0.0000964291
        0.0000150565   0.0002433531  -0.0007443471  -0.0006424023  -0.0010403231
        0.0014633079   0.0005336813   0.0000258969   0.0000152296   0.0000041261
       -0.0000037444  -0.0000188141  -0.0000038120   0.0002816227  -0.0005634721
        0.0006662946  -0.0000289878  -0.0000064638  -0.0000183350   0.0000046996
        0.0000037983   0.0000223835   0.0000130724   0.0000013495   0.0000163663
       -0.0093602665   0.0132880559  -0.0000750346  -0.0017863790  -0.0002377557
       -0.0015353971   0.0000911735  -0.0001492655  -0.0000184366   0.0000097763
       -0.0001467476   0.0001765287   0.0011930114   0.0002769560  -0.0015977159
       -0.0004470146   0.0005006106   0.0002075611   0.0005856684  -0.0046461587
       -0.0397190857  -0.0029206552   0.0144751690   0.0004510393   0.0004175128
       -0.0002659879  -0.0000170880   0.0002887785   0.0002094685   0.0009669663
       -0.0008564165   0.0002297097   0.0000699126  -0.0003429145   0.0004515276
        0.0004425915  -0.0000960979  -0.0000052656  -0.0000534211  -0.0001026176
       -0.0001476456   0.0000201932   0.0001874578   0.0001171855  -0.0006749847
        0.0000028570   0.0000017225   0.0000084008   0.0000500229   0.0000069426
        0.0000372809   0.0000906856   0.0001507444  -0.0000072094  -0.0000089805
       -0.0000364728   0.0000243037   0.0000362436  -0.0000581451  -0.0000034555
       -0.0000765403   0.0001501710  -0.0003925598   0.0001857772  -0.0000914520
        0.0000259104  -0.0019205282   0.0052129801   0.0457461472   0.0154141181
       -0.0278846228  -0.0041542092  -0.0006524972  -0.0004039095  -0.0006256594
        0.0001300933   0.0001380219  -0.0000196300   0.0001265082  -0.0000703346
       -0.0001349803  -0.0004607777   0.0002478547   0.0001302988   0.0005917414
       -0.0006295897  -0.0004856199  -0.0000238062  -0.0000903417  -0.0000037571
       -0.0000073962   0.0000200570  -0.0000145012  -0.0003542033  -0.0006034861
        0.0012275814   0.0000069063   0.0000015200  -0.0000007703   0.0000001579
       -0.0000033021  -0.0000031579   0.0000086014  -0.0000082141   0.0000019580
        0.0031868668  -0.0050993680  -0.0218012895   0.0007909832  -0.0005322957
       -0.0017115517  -0.0000657075   0.0001860630  -0.0000768750   0.0000054244
        0.0000227067   0.0002431022  -0.0009667205  -0.0011439413   0.0009065398
       -0.0034528903   0.0003663384  -0.0031377846  -0.0502990952   0.0119406616
        0.0454135381  -0.0040698942   0.0025862271   0.0163532474  -0.0000230334
       -0.0000579792   0.0004976201  -0.0003759197   0.0002377306  -0.0007034833
        0.0003281568  -0.0007604430   0.0006550559   0.0001494007  -0.0001248436
       -0.0001024559   0.0000462818   0.0000204973   0.0000015593  -0.0013457936
        0.0003170086   0.0001401312   0.0000163289   0.0003354704   0.0000463382
       -0.0000305494   0.0000389650   0.0000306628  -0.0000503660  -0.0000120220
       -0.0000118098   0.0002030251   0.0000926917  -0.0000195682   0.0000082474
       -0.0000739729  -0.0000139737  -0.0000700589   0.0000095834   0.0000456905
        0.0000919156  -0.0001198449   0.0003120491   0.0002802658   0.0002354586
       -0.0012015229  -0.0030103217   0.0070077805   0.0154141181   0.0589320718
       -0.0147217842  -0.0508994100   0.0000356241  -0.0000857458  -0.0001013340
       -0.0002049654  -0.0002140412   0.0001462491  -0.0000271066  -0.0001106718
        0.0000866044  -0.0006701247   0.0002180377  -0.0000873164   0.0004513023
       -0.0004441147  -0.0007035846   0.0000711764   0.0000239387   0.0000419142
       -0.0000512282  -0.0000208052   0.0000375946   0.0000650895  -0.0000902653
        0.0000953026   0.0000065939  -0.0000294363   0.0000134814   0.0000277155
        0.0000143773   0.0000473380   0.0000173053  -0.0000119617   0.0000438225
        0.0003887269  -0.0006187100  -0.0032722382   0.0006551199   0.0001697230
        0.0010999807   0.0001722507   0.0000316409   0.0004388006   0.0000017884
       -0.0000774083   0.0001720125  -0.0008386094  -0.0017829878   0.0023110776
       -0.0006876622  -0.0002891163   0.0001608933   0.0117284881  -0.0528508766
       -0.0565737198  -0.0066653182   0.0032195140   0.0192438420  -0.0002877392
       -0.0001601313  -0.0001568769  -0.0000567971   0.0001477277  -0.0004720901
        0.0004348236   0.0002950121   0.0010069795   0.0001409034  -0.0001027028
       -0.0000072596  -0.0000414490  -0.0000286681  -0.0000530462   0.0004270463
        0.0003846720   0.0001388698  -0.0002883013  -0.0002586852   0.0002638354
        0.0000015255  -0.0000001364   0.0000376905  -0.0001196720  -0.0000115686
       -0.0001300595   0.0000999069  -0.0007701293   0.0001785022   0.0000434465
       -0.0000214486  -0.0001108894  -0.0000053025   0.0000005971   0.0000149823
        0.0002098275  -0.0002753725   0.0006095779   0.0000551546   0.0000659252
       -0.0000380120   0.0088454690  -0.0108765884  -0.0278846228  -0.0147217842
        0.0640939231   0.0634447045   0.0002185121   0.0002014531  -0.0000149260
        0.0000304764  -0.0000036478   0.0001821374  -0.0002835130  -0.0001101438
        0.0001018755  -0.0001544811   0.0004997127   0.0001244046   0.0005087555
       -0.0007920141  -0.0005055799  -0.0000252569   0.0000060659   0.0000172674
       -0.0000214314   0.0000090041   0.0000234369   0.0002408628  -0.0000789120
       -0.0003706994   0.0000010883  -0.0000101833   0.0000218655   0.0000153493
       -0.0000123194  -0.0000017989  -0.0000222042   0.0000067799  -0.0000009172
        0.0012902363  -0.0036495282  -0.0177299175   0.0013166765  -0.0007584647
        0.0006467833  -0.0000794274  -0.0001315436  -0.0000014105   0.0000596902
        0.0000623667  -0.0003310014   0.0005387789   0.0007868894  -0.0017619322
       -0.0029140871   0.0005959479  -0.0033321813   0.0439344024  -0.0577991133
       -0.2497706124   0.0061350829   0.0007925667  -0.0146353570   0.0000252372
        0.0000133072   0.0002863741  -0.0001248979   0.0000962734  -0.0005066908
       -0.0013821568  -0.0006124661   0.0001183067   0.0001222376  -0.0001301899
        0.0000183638   0.0001102257   0.0000085606   0.0000678516  -0.0008487384
        0.0002554827   0.0005705266  -0.0001807247  -0.0001235388   0.0001081826
       -0.0000328090   0.0000124991   0.0001266613   0.0001399993  -0.0000081345
        0.0001072578   0.0000365217   0.0006854576   0.0001790797   0.0000165336
        0.0000536017   0.0001282301   0.0000097528   0.0000307499   0.0000051775
       -0.0002645378   0.0001144532  -0.0003105392   0.0003671846   0.0002415148
       -0.0010065404   0.0026212481  -0.0038880952  -0.0041542092  -0.0508994100
        0.0634447045   0.2902998285   0.0000670528   0.0001827855   0.0000283609
       -0.0000992879  -0.0001183128   0.0001527564  -0.0002083089  -0.0001641035
        0.0002013881   0.0005035141  -0.0004117381   0.0000176089  -0.0004815605
        0.0005578532   0.0005382750   0.0000556811   0.0000026525   0.0000100896
       -0.0000612152  -0.0000253489   0.0000609942   0.0001199461  -0.0001221264
       -0.0001591114   0.0000436954  -0.0000153957  -0.0000266596   0.0000695798
        0.0000174813   0.0000217516  -0.0000061155   0.0000029516   0.0000323145
        0.0005957493   0.0003797449   0.0007536277   0.0000178629  -0.0001141417
        0.0000947198  -0.0000328226  -0.0000580977   0.0000540259   0.0002758784
        0.0005281107   0.0002674105  -0.0011642146   0.0009178672   0.0002826610
        0.0104941191   0.0165205770  -0.0058386020  -0.0002872061  -0.0003343310
        0.0002111157  -0.0001229028  -0.0003950523   0.0000877428  -0.1154958266
       -0.1571018543   0.0656673612  -0.0015119264   0.0021643008   0.0015680299
       -0.0000706676   0.0000600261  -0.0000561438  -0.0001011547   0.0000638766
        0.0000854233  -0.0000051863  -0.0000990038  -0.0000106965   0.0000031088
        0.0000988287  -0.0000176363  -0.0007415014  -0.0003714696  -0.0017873860
       -0.0000643219  -0.0000937223  -0.0000114222   0.0000253222   0.0000320027
       -0.0000444406   0.0000201527  -0.0000099222  -0.0000657674  -0.0000189024
        0.0000703276  -0.0000880012  -0.0000225720   0.0001358038   0.0000004710
        0.0003596026   0.0001774529  -0.0002509871  -0.0006893365   0.0013523050
       -0.0001433327   0.0000088852   0.0001631591  -0.0006524972   0.0000356241
        0.0002185121   0.0000670528   0.1085663099   0.1353114438  -0.0580208104
       -0.0008712524   0.0003053080   0.0000962721  -0.0000586474  -0.0000075677
       -0.0002726161  -0.0000339040  -0.0000238668  -0.0000705182   0.0000602929
        0.0000082503  -0.0000286210   0.0000075704   0.0000299294  -0.0000017739
        0.0000084732   0.0000363683  -0.0000087335   0.0008536952  -0.0000482176
       -0.0017143764  -0.0000004436  -0.0000224368  -0.0000117343  -0.0000754796
        0.0000939150  -0.0001209446   0.0000356220   0.0000115739  -0.0000188722
       -0.0005749687   0.0001257447  -0.0000227126  -0.0001619261  -0.0003147662
        0.0003510101  -0.0000406859  -0.0001373745  -0.0000522432  -0.0005758838
       -0.0011233059  -0.0003141052   0.0023389411  -0.0037324909  -0.0004965349
       -0.0044526124  -0.0301489402   0.0016525430  -0.0001561728  -0.0001794917
        0.0000135670  -0.0003731335  -0.0003217183   0.0001021823  -0.1339302225
       -0.2873417829   0.0800362456  -0.0004755711   0.0023101227  -0.0005469155
        0.0000351833   0.0000100929  -0.0000466929   0.0002219897   0.0000604552
       -0.0000872469  -0.0000677832  -0.0000367297  -0.0000011993  -0.0000829296
        0.0001147005   0.0002432656   0.0010240663  -0.0014336154  -0.0028471552
       -0.0002116823  -0.0000219002   0.0001100819  -0.0000423518   0.0001087707
       -0.0000376601   0.0000603022   0.0000107729   0.0000546087  -0.0001443845
        0.0000393279  -0.0001034441   0.0002915112  -0.0001586402  -0.0000659089
        0.0005775995   0.0003567812  -0.0002872160  -0.0001376025  -0.0006566949
       -0.0002215972  -0.0000561702   0.0002948836  -0.0004039095  -0.0000857458
        0.0002014531   0.0001827855   0.1353114438   0.3214919847  -0.0776099305
        0.0003721310   0.0002410636   0.0000081269   0.0002974344  -0.0003979685
       -0.0000105046   0.0000363652  -0.0000112006   0.0000079298   0.0001004287
        0.0000639971  -0.0000187913  -0.0000214026   0.0000019060  -0.0000093327
        0.0000098774   0.0000218549   0.0000137526   0.0007953286   0.0005092635
        0.0003146414  -0.0000005076  -0.0000186363  -0.0000225653   0.0002138568
        0.0000175049   0.0001151929  -0.0000947223   0.0000545765  -0.0000002676
       -0.0004758754  -0.0011021265   0.0014558583   0.0001138965   0.0002239437
       -0.0001104883  -0.0000267985   0.0000596315  -0.0000209858  -0.0004911611
       -0.0007829498  -0.0003510318   0.0015407858  -0.0034975056  -0.0008969724
       -0.0062192643  -0.0094312608   0.0008022312   0.0003057959   0.0005057639
       -0.0001805710  -0.0001107736  -0.0005188520   0.0002150912   0.0656644114
        0.0939126897  -0.0406569298   0.0034914400  -0.0036512349  -0.0014413596
       -0.0000293361   0.0001056046  -0.0000345737   0.0001703708  -0.0000342472
        0.0002382440  -0.0000169417   0.0001078159  -0.0000618542   0.0000318405
       -0.0000689628  -0.0000693815  -0.0037791945  -0.0000484322   0.0021621863
        0.0000108757   0.0000840040  -0.0001198368  -0.0000418878   0.0000486182
        0.0000162982  -0.0000279477  -0.0000513517  -0.0000201846  -0.0000736401
        0.0000902666   0.0000498886   0.0001138089  -0.0002952192  -0.0000185282
       -0.0000994171  -0.0000968424   0.0002199921  -0.0005837970   0.0005981556
        0.0006495438  -0.0005926104  -0.0000036992  -0.0006256594  -0.0001013340
       -0.0000149260   0.0000283609  -0.0580208104  -0.0776099305   0.0405080692
       -0.0001321663  -0.0000068358  -0.0000901904  -0.0001047206   0.0002976636
        0.0003351296  -0.0000315708   0.0000191292  -0.0000317294   0.0000471893
        0.0000482245   0.0000049028  -0.0000751223  -0.0000463364  -0.0000164078
        0.0000181865  -0.0000094800  -0.0000496903  -0.0003320133   0.0011700303
       -0.0019494826  -0.0000077715   0.0000275829   0.0000230234  -0.0001064374
       -0.0000198712   0.0000422767  -0.0000280097  -0.0000090599  -0.0000052389
       -0.0157811365  -0.0058753747  -0.0125518114   0.0001511779   0.0007450237
        0.0000974179  -0.0000117416   0.0000118186   0.0000187141   0.0000195771
        0.0000143708  -0.0000111357   0.0001067089   0.0000182943  -0.0000730680
        0.0003490506   0.0004696751  -0.0008764231  -0.0011341878  -0.0032306834
        0.0003764750  -0.0007238539   0.0000324339  -0.0004805406   0.0002274115
        0.0002020062   0.0003750263  -0.1672044513  -0.0077855416  -0.1123418068
       -0.0000870412  -0.0001533646   0.0001661828   0.0004631466   0.0006738209
        0.0000308398  -0.0003727580   0.0004366268   0.0003733451  -0.0001005750
       -0.0000682183  -0.0000480647  -0.0217149516   0.0098121540  -0.0138894272
       -0.0001555610   0.0003180844  -0.0001945425   0.0000252538   0.0000358800
        0.0000046917  -0.0000145718   0.0000519857   0.0000024703   0.0000223909
       -0.0000283791   0.0000362671   0.0000023411   0.0000437723   0.0000071390
        0.0000290210   0.0000560769   0.0000038140   0.0000771178  -0.0002568031
        0.0003407029   0.0003019618   0.0002343463   0.0001300933  -0.0002049654
        0.0000304764  -0.0000992879  -0.0008712524   0.0003721310  -0.0001321663
        0.2026058703   0.0005360404   0.1330005986   0.0069604326  -0.0000474586
        0.0049342426   0.0000336223   0.0000138879   0.0000302263  -0.0000611230
       -0.0000747240  -0.0000057217  -0.0001747515   0.0000168307  -0.0000287019
        0.0000201977  -0.0000512485  -0.0000357487  -0.0028269446   0.0033357783
        0.0007913836  -0.0000234502  -0.0000787491   0.0000124018   0.0002398032
        0.0000848330   0.0000503928  -0.0001717683   0.0001041974  -0.0000139784
       -0.0199033331  -0.0042083663  -0.0155896018  -0.0006095708   0.0005074041
       -0.0000442805   0.0000786458  -0.0000424998   0.0000826596  -0.0000361764
        0.0000247881  -0.0000214547   0.0000377925   0.0000068979  -0.0000958637
        0.0001125140   0.0010733449  -0.0008532973  -0.0020739658  -0.0039948933
        0.0006929849  -0.0010025058  -0.0000813184  -0.0006540561   0.0000222602
       -0.0003250678   0.0000218698  -0.0103230218  -0.0380507974  -0.0071098323
       -0.0001839764  -0.0002471578   0.0002300268   0.0001876056  -0.0015790955
       -0.0005097938   0.0007115772  -0.0000953692  -0.0004243564  -0.0000377253
       -0.0000182488  -0.0000152889   0.0250898223  -0.0071327305   0.0171230371
        0.0002003693  -0.0003140589   0.0001934147   0.0000173453  -0.0000259745
       -0.0000033713   0.0000678221   0.0001243407   0.0000469661  -0.0000022695
       -0.0000357649   0.0000485755   0.0000460726   0.0000415111  -0.0000037386
        0.0000494569   0.0000258970   0.0000057089  -0.0000197009  -0.0001331077
        0.0003187864   0.0002332920  -0.0000609213   0.0001380219  -0.0002140412
       -0.0000036478  -0.0001183128   0.0003053080   0.0002410636  -0.0000068358
        0.0005360404   0.0561633639   0.0035961172   0.0022237993   0.0016319112
        0.0027375733   0.0000383019   0.0000022263   0.0000393103  -0.0000984967
       -0.0000919875  -0.0000209687   0.0000524770  -0.0000182136   0.0000398493
       -0.0000707264   0.0000357025   0.0000573945   0.0044956504  -0.0033463007
       -0.0008281930  -0.0000590246   0.0000705780   0.0000024634   0.0000728649
       -0.0001922256   0.0008648348   0.0000555174   0.0000487183   0.0000596511
       -0.0001377159  -0.0013761861   0.0009485641  -0.0002525401  -0.0001314755
        0.0000138393   0.0000439344  -0.0000097366   0.0000374694  -0.0000135224
        0.0000264623   0.0000085199   0.0000419123   0.0000012603  -0.0000771939
        0.0006305669   0.0003154089   0.0006848299   0.0000897239  -0.0000211252
        0.0006398122   0.0000103691   0.0001171148  -0.0001501092  -0.0000964403
       -0.0000095911   0.0000861833  -0.1146773348  -0.0038562207  -0.1491413398
        0.0000010277  -0.0000299218   0.0000531924   0.0000079228  -0.0006965387
        0.0006950673   0.0002780810   0.0002425408  -0.0000838684  -0.0001734651
        0.0000932107  -0.0001720647   0.0016475672   0.0026396562   0.0046520375
       -0.0000980618   0.0003571920   0.0001384431   0.0000319653  -0.0000144581
       -0.0000096457   0.0000555945   0.0000886991  -0.0000052811   0.0000152224
       -0.0000105419   0.0000331686   0.0000208315  -0.0000029750  -0.0000264737
        0.0000297429   0.0000150471   0.0000145184   0.0000020296   0.0000410546
        0.0001242206   0.0002494248  -0.0001356269  -0.0000196300   0.0001462491
        0.0001821374   0.0001527564   0.0000962721   0.0000081269  -0.0000901904
        0.1330005986   0.0035961172   0.1665724167  -0.0216799826  -0.0009183095
       -0.0261507503   0.0000124851   0.0000153347   0.0000117000  -0.0000270101
       -0.0000339394   0.0000087123   0.0000470223   0.0000160729   0.0000431575
       -0.0000603656   0.0000666407  -0.0002557274   0.0008368511  -0.0009034098
        0.0016891645   0.0000155016  -0.0000035957  -0.0001591393  -0.0000958541
        0.0003655181  -0.0002173776   0.0000013966  -0.0000339426  -0.0000489815
       -0.0074314321  -0.0065309116   0.0178124132   0.0002400398   0.0009793733
       -0.0000860093  -0.0000380369   0.0001078513  -0.0000605483   0.0000012437
       -0.0000069738  -0.0000535509  -0.0005445576  -0.0003165534   0.0008226225
       -0.0007049231  -0.0035003710  -0.0004687363   0.0005730105   0.0003922652
        0.0003404837   0.0000401178  -0.0000076077   0.0001512113  -0.0000703498
        0.0004016554  -0.0000786427  -0.0701592410  -0.0115683534   0.0671527254
        0.0000583435   0.0000434584  -0.0000401159   0.0003990559  -0.0000504722
       -0.0002588403  -0.0001823330   0.0000704040  -0.0002183766   0.0003061521
       -0.0001409062  -0.0001381123  -0.0143399666   0.0139755806   0.0225400812
       -0.0000454834   0.0000468571  -0.0000946339   0.0000069129   0.0000432582
       -0.0000061152  -0.0000432302  -0.0000407547  -0.0000013765  -0.0000097803
        0.0000144346   0.0000010615  -0.0000085209  -0.0000113338   0.0000054550
       -0.0001956635  -0.0002023868  -0.0000265795  -0.0000894054  -0.0000913173
        0.0002268395  -0.0002374609   0.0001609146   0.0001265082  -0.0000271066
       -0.0002835130  -0.0002083089  -0.0000586474   0.0002974344  -0.0001047206
        0.0069604326   0.0022237993  -0.0216799826   0.0857090821   0.0039029400
       -0.0877429725  -0.0000259563   0.0000029626  -0.0000186959   0.0000335128
        0.0000275276  -0.0000039527  -0.0000484786  -0.0000668798   0.0000376388
       -0.0001311559   0.0002402836   0.0002216542   0.0001260117  -0.0000988495
        0.0016081673  -0.0000369210   0.0000159954   0.0000830429  -0.0000166767
       -0.0000584183   0.0001503094  -0.0000085880   0.0000286066   0.0000100566
       -0.0102168677  -0.0059869439   0.0232178675  -0.0008619750   0.0002740318
        0.0013172900   0.0001158990   0.0001260758  -0.0000895742  -0.0000312902
        0.0001026535  -0.0000264167  -0.0008605421  -0.0004383904   0.0011039713
       -0.0023176284  -0.0041793051  -0.0002157442   0.0006770400   0.0007668899
        0.0003470822   0.0000847742  -0.0001419621   0.0002348166   0.0003261657
        0.0001113276  -0.0004312408  -0.0104023699  -0.0403056044   0.0230080218
        0.0000328916   0.0000262097  -0.0000393146  -0.0001167294  -0.0002785776
        0.0005030977   0.0001998627   0.0000814416   0.0001662715  -0.0001169172
       -0.0009685214  -0.0006809769   0.0194558908  -0.0103049789  -0.0289914711
        0.0000676964  -0.0000022332  -0.0000393510   0.0000146998   0.0000081616
        0.0000013127  -0.0000071164   0.0000417268  -0.0000085605  -0.0000048927
        0.0000394292  -0.0000403652   0.0000418696   0.0000059047  -0.0000547983
       -0.0002515169  -0.0003356453  -0.0000571819  -0.0000755451   0.0000039499
        0.0000394412  -0.0000283804  -0.0000964291  -0.0000703346  -0.0001106718
       -0.0001101438  -0.0001641035  -0.0000075677  -0.0003979685   0.0002976636
       -0.0000474586   0.0016319112  -0.0009183095   0.0039029400   0.0595314654
       -0.0171963211  -0.0000231167   0.0000032422  -0.0000278183   0.0000223028
        0.0000210997  -0.0000050434  -0.0001057539   0.0000352487  -0.0001357596
        0.0003401986  -0.0001137349  -0.0003095911   0.0003881188   0.0008247868
       -0.0004844637  -0.0000257217   0.0000681960  -0.0000644688  -0.0000508473
       -0.0000521552  -0.0001148394  -0.0000074407   0.0000088417  -0.0000707871
        0.0038929026   0.0043019618  -0.0070422256  -0.0000727972  -0.0008029831
        0.0003949986  -0.0000764014  -0.0000755031   0.0000175663  -0.0000219053
       -0.0000399727   0.0000455840   0.0004078288   0.0001484334  -0.0004305961
        0.0007782458   0.0014645997   0.0007858960  -0.0004602998  -0.0006250517
        0.0005345517  -0.0001200240  -0.0000051054  -0.0001809406  -0.0000732378
       -0.0000278772   0.0000492147   0.0682570301   0.0219824902  -0.2279690862
       -0.0000626533  -0.0000406696   0.0000516509  -0.0000775911   0.0004097556
       -0.0007123768  -0.0001392512  -0.0003374159   0.0000280866  -0.0000286389
        0.0001912825   0.0004677518   0.0118919410  -0.0117356392  -0.0090245909
       -0.0000989213   0.0000747704  -0.0000079391  -0.0000345256   0.0000084536
        0.0000016972  -0.0000078396  -0.0000523194   0.0000287369  -0.0000030485
       -0.0000321244   0.0000029172  -0.0000086286   0.0000389205   0.0000296058
        0.0000871891   0.0001079691   0.0000661806  -0.0000395289  -0.0001652234
        0.0001147076   0.0000813457   0.0000150565  -0.0001349803   0.0000866044
        0.0001018755   0.0002013881  -0.0002726161  -0.0000105046   0.0003351296
        0.0049342426   0.0027375733  -0.0261507503  -0.0877429725  -0.0171963211
        0.2656445742   0.0000366487  -0.0000099619   0.0000351549  -0.0000061267
       -0.0000063055  -0.0000048093   0.0000489106   0.0000222854   0.0000030152
        0.0000339420  -0.0001336521   0.0003532314  -0.0012888404  -0.0001872750
        0.0022226606   0.0000178351  -0.0000554513   0.0000808307   0.0001066840
       -0.0000764996   0.0001199953  -0.0000255022   0.0000104289   0.0000431696
        0.0001841292   0.0000246933   0.0000737444   0.0000194577  -0.0000228533
       -0.0000247997  -0.0000460572   0.0000633459  -0.0000162244   0.0006072642
       -0.0003282907   0.0008481579   0.0001251129  -0.0067967283  -0.0031447598
       -0.0009394156   0.0004505734  -0.0016135473  -0.0001159705   0.0027923894
        0.0007989856  -0.0133040947   0.0070640864  -0.0265003283   0.0000742147
        0.0000544572   0.0001421364   0.0000500966   0.0000645601  -0.0000282141
       -0.0736651613   0.0208755988  -0.0855982186   0.0000605179   0.0000081324
       -0.0000194965   0.0000033657   0.0000059901  -0.0000003273  -0.0000493653
        0.0000018134   0.0000266321  -0.0000055442  -0.0000443862   0.0000737843
       -0.0000658556   0.0000041350   0.0000278606   0.0000024032  -0.0000142484
        0.0000174324  -0.0000560361   0.0000508766  -0.0000359809   0.0001366757
       -0.0001756789   0.0000571780  -0.0000223275   0.0000566892   0.0000279112
       -0.0002125530   0.0001240673  -0.0005379268  -0.0004038523  -0.0004292231
       -0.0000945370   0.0001892014   0.0002433531  -0.0004607777  -0.0006701247
       -0.0001544811   0.0005035141  -0.0000339040   0.0000363652  -0.0000315708
        0.0000336223   0.0000383019   0.0000124851  -0.0000259563  -0.0000231167
        0.0000366487   0.0829638621  -0.0187183040   0.1031794582   0.0051320135
       -0.0052102432   0.0122853650   0.0000125357  -0.0000011471  -0.0000025547
       -0.0000019496  -0.0000024194   0.0000046995  -0.0000170578  -0.0000342619
       -0.0000410960   0.0000222530  -0.0000285693   0.0000027496   0.0000341936
        0.0000217731   0.0000197358  -0.0000156937   0.0000027498   0.0000118808
       -0.0000190965  -0.0000023997  -0.0001120642   0.0000374518   0.0000317723
        0.0000028070   0.0001155528  -0.0000567595  -0.0000529282  -0.0011598311
        0.0004448391  -0.0017256797  -0.0056761582   0.0067228694   0.0032528513
        0.0003682299  -0.0001754315   0.0006672933   0.0020555540  -0.0023722498
       -0.0021765581  -0.0035718183   0.0025313002  -0.0099578117   0.0000287485
        0.0000537215  -0.0000342704  -0.0000267346   0.0000011656   0.0000084880
        0.0213099035  -0.0570413283   0.0700293081   0.0000039644  -0.0000194229
       -0.0000029040   0.0000005473  -0.0000054687  -0.0000016790   0.0000191348
        0.0000001607   0.0000010763   0.0000255357   0.0000001483  -0.0000022799
       -0.0000109166  -0.0000015514   0.0000009917   0.0000124685  -0.0000154073
       -0.0000175844   0.0000414485  -0.0000274919  -0.0000175397  -0.0003899270
        0.0004966086  -0.0000934747  -0.0000954052  -0.0000477902  -0.0000183289
        0.0001924162  -0.0003026496   0.0005467204   0.0001248501   0.0001143904
       -0.0000356950  -0.0002903506  -0.0007443471   0.0002478547   0.0002180377
        0.0004997127  -0.0004117381  -0.0000238668  -0.0000112006   0.0000191292
        0.0000138879   0.0000022263   0.0000153347   0.0000029626   0.0000032422
       -0.0000099619  -0.0187183040   0.0552091255  -0.0788913359   0.0054137710
       -0.0052930933   0.0187883514   0.0000033485   0.0000062368   0.0000033194
       -0.0000012701   0.0000042384  -0.0000027590  -0.0000198478   0.0000048460
       -0.0000245358   0.0000094937  -0.0000033968   0.0000056758  -0.0000005610
       -0.0000020747  -0.0000029598   0.0000067802  -0.0000045406   0.0000028871
        0.0002238038   0.0000622660  -0.0002097832   0.0000058850  -0.0000293503
       -0.0000182012   0.0000402135  -0.0001111342  -0.0001126908  -0.0007375339
        0.0002375609  -0.0011108560  -0.0039607320   0.0023807121   0.0032112602
       -0.0002544330   0.0002853078   0.0000062924   0.0024237728  -0.0012395801
        0.0000080327  -0.0083344556   0.0023155285  -0.0147094310   0.0001309693
       -0.0001063388   0.0000322045   0.0000484033   0.0000857332   0.0000505118
       -0.0867357455   0.0691118242  -0.2480659979   0.0000956261   0.0000085950
       -0.0000034776   0.0000071051  -0.0000026210   0.0000060125  -0.0000378564
       -0.0000234298   0.0000647564  -0.0000051586  -0.0000996331   0.0000107492
       -0.0000594447  -0.0000070800   0.0000400037   0.0000269463   0.0000078559
        0.0000407734  -0.0000653241   0.0000572460  -0.0000187697  -0.0002159860
        0.0003359585  -0.0000163752   0.0001020595  -0.0001887117  -0.0000539361
        0.0002232897  -0.0000588631   0.0008035552  -0.0000027796  -0.0000666195
        0.0000151003  -0.0002998061  -0.0006424023   0.0001302988  -0.0000873164
        0.0001244046   0.0000176089  -0.0000705182   0.0000079298  -0.0000317294
        0.0000302263   0.0000393103   0.0000117000  -0.0000186959  -0.0000278183
        0.0000351549   0.1031794582  -0.0788913359   0.2751642363  -0.0056825616
        0.0064360025  -0.0153278181  -0.0000034479   0.0000015029  -0.0000037175
       -0.0000021590  -0.0000038121   0.0000117434  -0.0000072233   0.0000069058
        0.0000052376   0.0000439588  -0.0000191330   0.0000064413   0.0000262033
        0.0000136462   0.0000059817  -0.0000267433  -0.0000004272   0.0000051285
       -0.0004885468  -0.0007685913   0.0002318064   0.0000456207  -0.0000360170
       -0.0000516313  -0.0000062536   0.0000327692  -0.0000531889  -0.0003078746
       -0.0000799849  -0.0004730096  -0.0003884729   0.0020985006   0.0023067004
        0.0001951248  -0.0001246624   0.0004098244   0.0001855260  -0.0051817472
       -0.0046928138  -0.0183752477  -0.0203830505   0.0143297334  -0.0000630137
        0.0000247272  -0.0000535999  -0.0002120192   0.0000941322  -0.0002345086
       -0.1106491912  -0.0963149588   0.0691641531   0.0000463357   0.0000287754
        0.0000447307  -0.0000015864   0.0000234586  -0.0000175358   0.0000876403
        0.0000018378  -0.0000114969  -0.0000877055  -0.0000028757  -0.0000251675
       -0.0000274697   0.0000105139  -0.0000184376   0.0000171943  -0.0000062458
       -0.0000244418  -0.0000184425  -0.0001282448   0.0000632876  -0.0000048101
        0.0001725932   0.0000346110  -0.0001857285   0.0003317853  -0.0000294329
        0.0000197858  -0.0002404374  -0.0002629256   0.0000709297   0.0000815850
       -0.0000138156  -0.0006697084  -0.0010403231   0.0005917414   0.0004513023
        0.0005087555  -0.0004815605   0.0000602929   0.0001004287   0.0000471893
       -0.0000611230  -0.0000984967  -0.0000270101   0.0000335128   0.0000223028
       -0.0000061267   0.0051320135   0.0054137710  -0.0056825616   0.1251248442
        0.1153491103  -0.0750691013  -0.0000014815  -0.0000131389  -0.0000129372
        0.0000178719  -0.0000002857  -0.0000125488   0.0000652606   0.0001296148
        0.0000114770  -0.0000082057   0.0000019953   0.0000015639   0.0000043839
       -0.0000081083   0.0000155271  -0.0000007584   0.0000005118   0.0000015061
       -0.0005949670  -0.0007815001   0.0007138031  -0.0000653387   0.0000268041
       -0.0000311815  -0.0000000752   0.0000262083   0.0000337494   0.0005131883
       -0.0001548434   0.0007078874   0.0029897116  -0.0025702216  -0.0011319104
        0.0000634419   0.0001984324  -0.0000145150  -0.0063018069   0.0065669626
        0.0021707776  -0.0103358749  -0.0116695934   0.0060156611   0.0001031549
       -0.0000787868  -0.0000656932  -0.0001852912   0.0002300631  -0.0002118416
       -0.0967730855  -0.1537230905   0.0980919318   0.0000503013   0.0000238699
        0.0000313339   0.0000020282   0.0000145165  -0.0000172014   0.0000410637
       -0.0000046546  -0.0000244334   0.0001042738  -0.0001534634  -0.0000095583
       -0.0000244699   0.0000095707  -0.0000113614   0.0000185490   0.0000133181
        0.0000029200  -0.0001128643  -0.0000474919   0.0000646470   0.0001531449
       -0.0002369762   0.0000091037   0.0000402344   0.0002149369  -0.0000096514
       -0.0001378099   0.0001560570  -0.0008654316  -0.0000168627  -0.0000206646
       -0.0000089337   0.0008689073   0.0014633079  -0.0006295897  -0.0004441147
       -0.0007920141   0.0005578532   0.0000082503   0.0000639971   0.0000482245
       -0.0000747240  -0.0000919875  -0.0000339394   0.0000275276   0.0000210997
       -0.0000063055  -0.0052102432  -0.0052930933   0.0064360025   0.1153491103
        0.1665443644  -0.1117653803  -0.0000145080  -0.0000099000  -0.0000111476
        0.0000140654   0.0000009068  -0.0000118832  -0.0000431416   0.0000533593
       -0.0000244804  -0.0000076924   0.0000069491  -0.0000009378   0.0000062561
       -0.0000102211   0.0000073140  -0.0000103391   0.0000037782  -0.0000058324
       -0.0003235116  -0.0002500642   0.0002932917   0.0000021752   0.0000261881
       -0.0000088456   0.0000375212   0.0000285066   0.0000543510   0.0002579551
       -0.0001766997   0.0004537898   0.0005425864  -0.0023980684  -0.0000363059
       -0.0000352767   0.0000627192  -0.0002545416  -0.0039378767   0.0026955938
        0.0025305958  -0.0036920559  -0.0058547530   0.0047134000   0.0000427626
        0.0000527881   0.0000220150  -0.0001308251  -0.0000150485  -0.0000561113
        0.0704005474   0.0991019197  -0.1160714916  -0.0000267541  -0.0000176971
       -0.0000087780  -0.0000010766  -0.0000038627   0.0000008576  -0.0000267986
        0.0000033350  -0.0000228546   0.0000581968   0.0000064111   0.0000280111
        0.0000021879   0.0000017060  -0.0000010060   0.0000087776  -0.0000128278
       -0.0000265984   0.0000062143   0.0000597172  -0.0000927878   0.0000887387
       -0.0001300007  -0.0000177471  -0.0000103478   0.0000152269   0.0001247828
       -0.0000520969  -0.0000855640  -0.0002520656  -0.0000480687  -0.0000710406
        0.0000299748   0.0003946470   0.0005336813  -0.0004856199  -0.0007035846
       -0.0005055799   0.0005382750  -0.0000286210  -0.0000187913   0.0000049028
       -0.0000057217  -0.0000209687   0.0000087123  -0.0000039527  -0.0000050434
       -0.0000048093   0.0122853650   0.0187883514  -0.0153278181  -0.0750691013
       -0.1117653803   0.1238912811   0.0000088429   0.0000046445   0.0000020031
       -0.0000003247   0.0000039861  -0.0000050935  -0.0000419150  -0.0000495540
       -0.0000284888  -0.0000081482  -0.0000049721   0.0000040649  -0.0000006390
       -0.0000014210  -0.0000005227   0.0000101788   0.0000025625   0.0000011770
       -0.0003714378  -0.0003295510  -0.0001973713  -0.0022687321  -0.0023836530
        0.0031287021  -0.0011394962   0.0001056406  -0.0003000552  -0.0000762365
       -0.0000926923  -0.0000821239   0.0000659991   0.0000248820  -0.0000357573
        0.0000118446   0.0000288100  -0.0002760692  -0.0000936016   0.0001565731
        0.0001251683   0.0001541109   0.0000670705   0.0000013784  -0.0000368964
        0.0000274717   0.0001485379  -0.0000124260  -0.0001690319  -0.0001003947
       -0.0000152365   0.0000029612   0.0000191911  -0.0290948603  -0.0015226441
       -0.0078499492  -0.2712239207  -0.0087978667  -0.0864421634   0.0003490812
       -0.0000283888   0.0005520715   0.0000308445   0.0001442148   0.0000609776
        0.0011404792   0.0011272247  -0.0014984890   0.0000009575   0.0000829945
       -0.0000219566  -0.0000719546  -0.0002286956   0.0000075468  -0.0000023011
        0.0000141866   0.0000160506  -0.0000496799  -0.0000333258   0.0000549764
       -0.0000153355  -0.0000044786   0.0000268860  -0.0000273526  -0.0000147583
        0.0000006489  -0.0000654839   0.0000258969  -0.0000238062   0.0000711764
       -0.0000252569   0.0000556811   0.0000075704  -0.0000214026  -0.0000751223
       -0.0001747515   0.0000524770   0.0000470223  -0.0000484786  -0.0001057539
        0.0000489106   0.0000125357   0.0000033485  -0.0000034479  -0.0000014815
       -0.0000145080   0.0000088429   0.3075451816   0.0124272435   0.0949928372
       -0.0054044909  -0.0002292949  -0.0029338877   0.0000368565  -0.0000883604
        0.0000223804   0.0001987582   0.0002392056  -0.0003683568  -0.0000299146
       -0.0000445375  -0.0000885696   0.0005986729  -0.0003960010   0.0009797104
       -0.0022204771  -0.0002676978  -0.0006800495  -0.0028532218   0.0109949473
        0.0028899742   0.0017935486   0.0003913825   0.0005472133   0.0001157438
        0.0001562971   0.0000250322   0.0000032034   0.0000173212   0.0000159709
       -0.0000091589   0.0000986696  -0.0001310122  -0.0003737553   0.0004171581
        0.0001569227   0.0000265239   0.0000496116  -0.0000411601  -0.0000639869
       -0.0000154884   0.0001057581   0.0001112840  -0.0002751483  -0.0001203320
        0.0000003459  -0.0000255140   0.0000042561  -0.0064943778  -0.0018022951
       -0.0019071924  -0.0083526153  -0.0322681215   0.0008628933  -0.0000422017
       -0.0000156301   0.0002204595  -0.0000423782   0.0000252613   0.0000163030
       -0.0001606185  -0.0039323086  -0.0016371767   0.0001339663  -0.0001118274
        0.0000016745   0.0002743193   0.0004261297   0.0000119051   0.0000092165
        0.0000024508  -0.0000071782   0.0000565380   0.0000199471  -0.0000795632
       -0.0000025653  -0.0000102707   0.0000010491  -0.0000165661  -0.0000129042
       -0.0000015758  -0.0001633441   0.0000152296  -0.0000903417   0.0000239387
        0.0000060659   0.0000026525   0.0000299294   0.0000019060  -0.0000463364
        0.0000168307  -0.0000182136   0.0000160729  -0.0000668798   0.0000352487
        0.0000222854  -0.0000011471   0.0000062368   0.0000015029  -0.0000131389
       -0.0000099000   0.0000046445   0.0124272435   0.0241735867  -0.0036421338
        0.0055781964   0.0021387278   0.0031557717   0.0000386156  -0.0000118106
        0.0000233598  -0.0001017327  -0.0001678048   0.0006516910   0.0002049344
        0.0000604858  -0.0008813343   0.0001337870  -0.0000917283   0.0005279936
       -0.0002352044  -0.0000204646   0.0000975719   0.0012589935   0.0031167401
       -0.0007167673   0.0007737468   0.0001246436   0.0005520725   0.0000303969
        0.0000158995   0.0000275467   0.0000015520  -0.0000024199  -0.0000016422
        0.0000125893   0.0000061778  -0.0000109658   0.0000020679  -0.0000235190
        0.0000110653   0.0000083140   0.0000246133  -0.0000089346  -0.0000435008
        0.0000411980   0.0000723350   0.0000767581  -0.0000952519  -0.0001082535
        0.0000017548  -0.0000062317   0.0000112904   0.0149041471   0.0002234179
        0.0048695665  -0.0882786076   0.0004196272  -0.0768925033   0.0001217918
        0.0000316622   0.0002862111  -0.0000837478   0.0001014444   0.0000886581
        0.0022343033  -0.0009753334   0.0003250180  -0.0000015678  -0.0000719460
       -0.0000122068   0.0001866193   0.0002341049   0.0000282776  -0.0000092209
       -0.0000129121   0.0000363732  -0.0000031828  -0.0000101770  -0.0000134121
       -0.0000141191  -0.0000031459   0.0000096937  -0.0000269630   0.0000142832
        0.0000479176  -0.0000064106   0.0000041261  -0.0000037571   0.0000419142
        0.0000172674   0.0000100896  -0.0000017739  -0.0000093327  -0.0000164078
       -0.0000287019   0.0000398493   0.0000431575   0.0000376388  -0.0001357596
        0.0000030152  -0.0000025547   0.0000033194  -0.0000037175  -0.0000129372
       -0.0000111476   0.0000020031   0.0949928372  -0.0036421338   0.0844721448
       -0.0263143852   0.0001433679  -0.0121138946   0.0000321227  -0.0000208007
        0.0000000064  -0.0001193408  -0.0000498780   0.0000478616   0.0000433094
        0.0000207755  -0.0002867445   0.0004213617   0.0005079362  -0.0008526688
       -0.0001041095  -0.0000598707   0.0000561930   0.0003300832  -0.0000481419
        0.0025568384   0.0000913854   0.0001104267  -0.0000257392  -0.0000399526
        0.0000083672  -0.0000130031  -0.0000050450   0.0000109004  -0.0000151035
       -0.0000572067   0.0000343469   0.0000363550   0.0000006291   0.0000111358
        0.0000244834  -0.0000177235  -0.0000369173   0.0000216530   0.0000306147
       -0.0000454776  -0.0000780056  -0.0001502493   0.0001115214   0.0001555716
        0.0000109868   0.0000108589  -0.0000210106   0.0017041142  -0.0046889894
        0.0210987671  -0.0485204537   0.0058600500  -0.0342308930  -0.0017308180
       -0.0004740566  -0.0001188831   0.0001364151  -0.0001773309  -0.0001286651
       -0.0021140127  -0.0021294440   0.0017784883   0.0000348779   0.0000657649
        0.0000215738  -0.0000076560   0.0000674471  -0.0000243393   0.0000346974
        0.0000207645  -0.0000510916   0.0000204239   0.0000151359  -0.0000266739
        0.0000241477   0.0000064508  -0.0000116100   0.0000504939  -0.0000243801
       -0.0000625401   0.0000256817  -0.0000037444  -0.0000073962  -0.0000512282
       -0.0000214314  -0.0000612152   0.0000084732   0.0000098774   0.0000181865
        0.0000201977  -0.0000707264  -0.0000603656  -0.0001311559   0.0003401986
        0.0000339420  -0.0000019496  -0.0000012701  -0.0000021590   0.0000178719
        0.0000140654  -0.0000003247  -0.0054044909   0.0055781964  -0.0263143852
        0.0554600943  -0.0041120958   0.0342149633  -0.0000314934   0.0000269590
        0.0000035804   0.0002556091  -0.0002788432   0.0010356043   0.0000974994
       -0.0000607900   0.0002104147   0.0000132484  -0.0000689576  -0.0000132108
        0.0007360481   0.0000737247   0.0000699089   0.0014274741  -0.0039402395
       -0.0004848435  -0.0006502026  -0.0001462711  -0.0000980008  -0.0000546266
       -0.0000523529  -0.0000558236  -0.0000049278  -0.0000021633   0.0000120982
        0.0000627768  -0.0000601229   0.0000402043   0.0001185752  -0.0001344915
       -0.0000338119  -0.0000183984  -0.0000077004  -0.0000063874  -0.0000199739
       -0.0000464061  -0.0000682877   0.0001493246  -0.0000315099  -0.0000776734
        0.0000036750  -0.0000053692  -0.0000035283   0.0001723294  -0.0034587360
        0.0074926471   0.0052561413  -0.0438984670   0.0578758362  -0.0005436653
        0.0002261642  -0.0003503273  -0.0000736812   0.0000092664   0.0000615065
       -0.0020421031   0.0112838274   0.0037722967   0.0000106317   0.0000089038
        0.0000518606  -0.0001381798  -0.0001142289   0.0000043735   0.0000344276
        0.0000174274  -0.0000116066  -0.0000086668  -0.0000180522   0.0000216123
        0.0000074149  -0.0000072817  -0.0000006074   0.0000334723  -0.0000093645
       -0.0000175511   0.0000715070  -0.0000188141   0.0000200570  -0.0000208052
        0.0000090041  -0.0000253489   0.0000363683   0.0000218549  -0.0000094800
       -0.0000512485   0.0000357025   0.0000666407   0.0002402836  -0.0001137349
       -0.0001336521  -0.0000024194   0.0000042384  -0.0000038121  -0.0000002857
        0.0000009068   0.0000039861  -0.0002292949   0.0021387278   0.0001433679
       -0.0041120958   0.0380741479  -0.0690386510   0.0000424627   0.0000102895
        0.0000008785  -0.0000354989   0.0006784352  -0.0018643703  -0.0000562836
       -0.0005512476   0.0029397645  -0.0003405550   0.0000239327  -0.0002932756
        0.0001191191   0.0001003102   0.0000089703  -0.0017037802  -0.0014597432
        0.0005817386  -0.0003700304  -0.0001635167   0.0001214586  -0.0000571087
       -0.0000582287   0.0000702610   0.0000184162  -0.0000336041   0.0000516213
       -0.0000951845   0.0000340744  -0.0000246533  -0.0000174499  -0.0000371203
        0.0000472231  -0.0000083626  -0.0000016991  -0.0000311686   0.0000419439
       -0.0000349677   0.0001073554   0.0000366511  -0.0000224970  -0.0001738011
       -0.0000109338  -0.0000085717   0.0000272060  -0.0009868997   0.0054633134
       -0.0242999180  -0.0326061187   0.0581541337  -0.2865045069   0.0008069232
        0.0000881645   0.0009217029  -0.0002572829   0.0001138939   0.0001892466
        0.0033291411   0.0037327483  -0.0006400052  -0.0000340455   0.0000567179
       -0.0001533357   0.0000254954  -0.0000701160   0.0000681762  -0.0000886243
       -0.0000366884   0.0000455591  -0.0000170707   0.0000069742   0.0000580983
       -0.0000349737  -0.0000022296  -0.0000071612  -0.0000975723   0.0000450849
        0.0000645836  -0.0000033859  -0.0000038120  -0.0000145012   0.0000375946
        0.0000234369   0.0000609942  -0.0000087335   0.0000137526  -0.0000496903
       -0.0000357487   0.0000573945  -0.0002557274   0.0002216542  -0.0003095911
        0.0003532314   0.0000046995  -0.0000027590   0.0000117434  -0.0000125488
       -0.0000118832  -0.0000050935  -0.0029338877   0.0031557717  -0.0121138946
        0.0342149633  -0.0690386510   0.3225425542   0.0000362186   0.0000209278
       -0.0000129203   0.0000463416   0.0002765645  -0.0016096031   0.0000114675
        0.0001347580   0.0000750481   0.0004291131  -0.0001823425   0.0004892082
        0.0006370257   0.0000705850   0.0000355957  -0.0002018125  -0.0002081888
       -0.0000329128   0.0000261472  -0.0000661744   0.0000269125  -0.0000340080
        0.0000156445  -0.0000080008  -0.0000630421   0.0000221034   0.0000901640
       -0.0000490422  -0.0003177327  -0.0000983066   0.0006671861  -0.0014866085
       -0.0001216057   0.0001238802   0.0001450950   0.0003255557  -0.0004982945
       -0.0004695114   0.0002528479  -0.0196300130   0.0073368330  -0.0105139816
       -0.0001458496   0.0000430841  -0.0000397331   0.0000246248  -0.0000210794
       -0.0001639687  -0.0000546681  -0.0000019468  -0.0000127454  -0.0000202272
        0.0001078209   0.0000420381  -0.2020559651   0.0374873910  -0.1969766225
        0.0000098781   0.0000018821   0.0000409350  -0.0000098013  -0.0000329384
        0.0000034195   0.0000255028  -0.0000158257  -0.0000091492  -0.0000037950
       -0.0000178699   0.0000144899   0.0000064973  -0.0000095644   0.0000210891
       -0.0000223885  -0.0000451357   0.0000328917  -0.0000230083  -0.0000651558
        0.0001096761  -0.0002131614   0.0002816227  -0.0003542033   0.0000650895
        0.0002408628   0.0001199461   0.0008536952   0.0007953286  -0.0003320133
       -0.0028269446   0.0044956504   0.0008368511   0.0001260117   0.0003881188
       -0.0012888404  -0.0000170578  -0.0000198478  -0.0000072233   0.0000652606
       -0.0000431416  -0.0000419150   0.0000368565   0.0000386156   0.0000321227
       -0.0000314934   0.0000424627   0.0000362186   0.2232188637  -0.0487199888
        0.2078140317  -0.0000030793  -0.0000014291   0.0000257944   0.0000168534
        0.0000088498   0.0001134114   0.0000002792   0.0000201891   0.0000272306
        0.0006198237   0.0003712435   0.0007659862   0.0000493241   0.0000366102
       -0.0001279940  -0.0000365664  -0.0000123736  -0.0000693740   0.0000263189
       -0.0000445362   0.0000507183  -0.0000004407  -0.0000092164   0.0001063160
        0.0002703966  -0.0003678190   0.0004886665   0.0012271020   0.0000177301
       -0.0003959633  -0.0004722168  -0.0001995469   0.0003263905  -0.0001245252
        0.0000280588  -0.0005527752   0.0218483530  -0.0058544590   0.0213286505
        0.0000419351   0.0001129110  -0.0000836634   0.0002447258   0.0000709215
        0.0000186082  -0.0001063363  -0.0000372095  -0.0000272991   0.0000816874
       -0.0000164480   0.0000494357   0.0242857871  -0.0305041699   0.0001421446
       -0.0000722337  -0.0000643717   0.0000073390  -0.0000577174   0.0000952048
       -0.0000084934   0.0000157851  -0.0000533007  -0.0000145460  -0.0000353154
        0.0000071556  -0.0000342822   0.0000269479   0.0000459851   0.0000084171
        0.0000545802   0.0000397464  -0.0000693102  -0.0000244131  -0.0000164747
       -0.0001145700  -0.0022729876  -0.0005634721  -0.0006034861  -0.0000902653
       -0.0000789120  -0.0001221264  -0.0000482176   0.0005092635   0.0011700303
        0.0033357783  -0.0033463007  -0.0009034098  -0.0000988495   0.0008247868
       -0.0001872750  -0.0000342619   0.0000048460   0.0000069058   0.0001296148
        0.0000533593  -0.0000495540  -0.0000883604  -0.0000118106  -0.0000208007
        0.0000269590   0.0000102895   0.0000209278  -0.0487199888   0.0389028879
       -0.0210861775   0.0000194177  -0.0000158148   0.0000066571   0.0000573237
        0.0000321974  -0.0000102841  -0.0000791641   0.0000330384  -0.0000158095
       -0.0004318515  -0.0001112956  -0.0000722254  -0.0000832383  -0.0000114051
        0.0000450123   0.0000433695  -0.0000134187   0.0000067735  -0.0000298027
        0.0000075960  -0.0000490800  -0.0000619784  -0.0000490193  -0.0000882801
       -0.0006105334   0.0004384032  -0.0003274096   0.0002360223  -0.0003916384
       -0.0005060852   0.0002156044   0.0002922603   0.0001193612   0.0010129954
       -0.0002425416   0.0006253989   0.0045894219   0.0034896052   0.0063719084
       -0.0000497718  -0.0000734129  -0.0000511880  -0.0001146221  -0.0001149936
       -0.0000490270   0.0000483811   0.0000518785   0.0000203171   0.0000411105
       -0.0000341200  -0.0000558535  -0.2138492039   0.0187630634  -0.2413361682
        0.0000814109  -0.0000435534  -0.0000814995   0.0000251283  -0.0000403250
       -0.0000036499   0.0000109849   0.0000096432   0.0000120390   0.0000171422
       -0.0000250394   0.0000180032   0.0000201199  -0.0000368034  -0.0000007405
        0.0000252740   0.0000189357  -0.0000043111   0.0001611217  -0.0001268451
        0.0001529604   0.0001386303   0.0006662946   0.0012275814   0.0000953026
       -0.0003706994  -0.0001591114  -0.0017143764   0.0003146414  -0.0019494826
        0.0007913836  -0.0008281930   0.0016891645   0.0016081673  -0.0004844637
        0.0022226606  -0.0000410960  -0.0000245358   0.0000052376   0.0000114770
       -0.0000244804  -0.0000284888   0.0000223804   0.0000233598   0.0000000064
        0.0000035804   0.0000008785  -0.0000129203   0.2078140317  -0.0210861775
        0.2321785397  -0.0000199895   0.0000410341   0.0000045516  -0.0000431239
        0.0000040723   0.0000521869   0.0000365472   0.0000112949   0.0000238185
        0.0000973939   0.0000493864  -0.0000366619   0.0003789846   0.0001668608
       -0.0002258388  -0.0002071559   0.0000281583  -0.0006133336  -0.0017085986
        0.0001225575  -0.0014730461   0.0000021307  -0.0000583640   0.0002248743
       -0.0001664830   0.0002129043   0.0000238109  -0.0000494355   0.0000241365
        0.0000198404  -0.0000215483  -0.0000066425  -0.0001782473   0.0001259634
       -0.0001990711  -0.0000336167  -0.0000176701   0.0000943231  -0.0000299272
        0.0000067924  -0.0000349796   0.0000456833   0.0019347143   0.0024742737
        0.0031307195   0.0007316884   0.0000262621  -0.0006812165  -0.0000722534
       -0.0000604506   0.0000071278  -0.0000053771  -0.0000794580   0.0000266449
       -0.0963154645  -0.0969132417   0.0260279149   0.0001924755  -0.0000521356
       -0.0002285541  -0.0000556262  -0.0000043677   0.0000713865  -0.0018206514
       -0.0008307455   0.0007587315   0.0000388674  -0.0001738227   0.0001910710
       -0.0000348425  -0.0000044419   0.0000349364  -0.0000902817   0.0005187995
        0.0000731775   0.0000045991  -0.0000289878   0.0000069063   0.0000065939
        0.0000010883   0.0000436954  -0.0000004436  -0.0000005076  -0.0000077715
       -0.0000234502  -0.0000590246   0.0000155016  -0.0000369210  -0.0000257217
        0.0000178351   0.0000222530   0.0000094937   0.0000439588  -0.0000082057
       -0.0000076924  -0.0000081482   0.0001987582  -0.0001017327  -0.0001193408
        0.0002556091  -0.0000354989   0.0000463416  -0.0000030793   0.0000194177
       -0.0000199895   0.1115258983   0.1143978999  -0.0322446257   0.0050814162
        0.0085300913  -0.0017661240  -0.0199666505  -0.0279987664   0.0068562842
       -0.0000540775  -0.0001860582   0.0001758416  -0.0001437617  -0.0000313508
       -0.0002036510  -0.0002622124   0.0003121585  -0.0000475019  -0.0007231147
       -0.0000345233  -0.0003079573   0.0002679021   0.0000080862   0.0000181146
        0.0003604142  -0.0001933389   0.0003120167  -0.0000063455   0.0000353261
       -0.0000744808   0.0000541299  -0.0000401580   0.0000315784  -0.0004468158
        0.0003809142  -0.0000785390  -0.0000926550  -0.0000633801  -0.0000022635
       -0.0000324124   0.0000149331  -0.0000557427  -0.0041939272  -0.0073038743
        0.0066078600   0.0007279353  -0.0004858355   0.0009486501  -0.0001894618
       -0.0000049130  -0.0002109630   0.0001119238   0.0000487566  -0.0000659443
       -0.0965513127  -0.2162926204   0.0507335877  -0.0000300135   0.0001838757
       -0.0002512503  -0.0000418611   0.0000198617  -0.0000719456  -0.0001241220
        0.0007967085  -0.0001609396  -0.0002685701  -0.0001394542  -0.0001990854
        0.0000097541  -0.0000179073  -0.0000185831   0.0004077548  -0.0008206969
       -0.0003628770  -0.0000314576  -0.0000064638   0.0000015200  -0.0000294363
       -0.0000101833  -0.0000153957  -0.0000224368  -0.0000186363   0.0000275829
       -0.0000787491   0.0000705780  -0.0000035957   0.0000159954   0.0000681960
       -0.0000554513  -0.0000285693  -0.0000033968  -0.0000191330   0.0000019953
        0.0000069491  -0.0000049721   0.0002392056  -0.0001678048  -0.0000498780
       -0.0002788432   0.0006784352   0.0002765645  -0.0000014291  -0.0000158148
        0.0000410341   0.1143978999   0.2492209439  -0.0593266745  -0.0120727591
       -0.0274288460   0.0030149966  -0.0008905667   0.0014195341  -0.0006025223
       -0.0000267463   0.0000893385  -0.0000554260   0.0004564633  -0.0000942228
        0.0006861940  -0.0006104901   0.0003222637  -0.0003992156  -0.0000543146
       -0.0001062791   0.0003323568  -0.0000632640  -0.0000282175   0.0000474015
        0.0000493441   0.0000976152   0.0001138395   0.0000148121  -0.0000086244
       -0.0000356848  -0.0000442139   0.0000060394  -0.0000213643   0.0000115249
       -0.0000252560  -0.0000713976  -0.0000706956   0.0000502525   0.0000401119
        0.0000128230  -0.0000221105  -0.0000102976   0.0145646022   0.0268449651
       -0.0129073030  -0.0016010982   0.0016558416  -0.0041163966   0.0003276283
       -0.0000918501   0.0001691273  -0.0000188599  -0.0001021805  -0.0000005692
        0.0275520900   0.0524690274  -0.0530377752  -0.0001128500  -0.0007341052
       -0.0009486845   0.0002473030  -0.0001070948  -0.0000107950  -0.0002287459
        0.0000065433   0.0008260754  -0.0000122470  -0.0000214546  -0.0000139136
        0.0000872287  -0.0000346512  -0.0000360747   0.0000039102  -0.0001224429
        0.0001768606   0.0000380068  -0.0000183350  -0.0000007703   0.0000134814
        0.0000218655  -0.0000266596  -0.0000117343  -0.0000225653   0.0000230234
        0.0000124018   0.0000024634  -0.0001591393   0.0000830429  -0.0000644688
        0.0000808307   0.0000027496   0.0000056758   0.0000064413   0.0000015639
       -0.0000009378   0.0000040649  -0.0003683568   0.0006516910   0.0000478616
        0.0010356043  -0.0018643703  -0.0016096031   0.0000257944   0.0000066571
        0.0000045516  -0.0322446257  -0.0593266745   0.0648739429  -0.0077916769
       -0.0165604036   0.0043489455  -0.0012804558  -0.0028739948   0.0016794410
        0.0000945376  -0.0000348412  -0.0001328951  -0.0001722251   0.0003092373
       -0.0001143935  -0.0000429753  -0.0000381341  -0.0001561265  -0.0000450639
       -0.0000355422  -0.0000581960   0.0000306199  -0.0000769867   0.0001386862
       -0.0020876546   0.0006481826  -0.0010838790  -0.0000767949   0.0000020255
        0.0000488673  -0.0000321371   0.0000585458  -0.0000616347   0.0003717425
       -0.0002796232   0.0001562059   0.0000558175   0.0001051447  -0.0000237991
        0.0000097507  -0.0000120140   0.0000560866   0.0022366220  -0.0041434671
        0.0006613149   0.0007139323  -0.0000802282   0.0000164691  -0.0000564363
        0.0000439066   0.0000430126  -0.0001580767  -0.0001034994   0.0001050515
       -0.0662853203   0.0576666835   0.0432214253  -0.0000389958   0.0000556234
        0.0000477235  -0.0000472380   0.0000285043   0.0000400940   0.0001416224
       -0.0001839780   0.0000092636   0.0000346373   0.0000533081   0.0000504118
       -0.0000109956   0.0000176675   0.0000289833  -0.0030257769   0.0003442271
        0.0003347958   0.0000061549   0.0000046996   0.0000001579   0.0000277155
        0.0000153493   0.0000695798  -0.0000754796   0.0002138568  -0.0001064374
        0.0002398032   0.0000728649  -0.0000958541  -0.0000166767  -0.0000508473
        0.0001066840   0.0000341936  -0.0000005610   0.0000262033   0.0000043839
        0.0000062561  -0.0000006390  -0.0000299146   0.0002049344   0.0000433094
        0.0000974994  -0.0000562836   0.0000114675   0.0000168534   0.0000573237
       -0.0000431239   0.0050814162  -0.0120727591  -0.0077916769   0.0784993461
       -0.0687165933  -0.0537967619  -0.0154948867   0.0259770173   0.0182496237
       -0.0000766568   0.0001114771  -0.0001628661   0.0000571625   0.0000175257
       -0.0000067292  -0.0000216901  -0.0001630123  -0.0002353868  -0.0000858136
        0.0001019654  -0.0001641405  -0.0001119287  -0.0000092174   0.0000279312
        0.0001288403   0.0002891166  -0.0002151917  -0.0000088651  -0.0000158932
        0.0001052146   0.0000022772   0.0000394212  -0.0000319571   0.0004977627
       -0.0005310917   0.0000766053   0.0002261460   0.0000365434   0.0001539715
        0.0000158698  -0.0000061839   0.0000533952  -0.0019318186   0.0058034248
        0.0010684954  -0.0003452642  -0.0001545316   0.0010550879   0.0000709684
       -0.0000705882   0.0001281610  -0.0001275460  -0.0000371636  -0.0000229416
        0.0578111808  -0.1697025058  -0.1021513530   0.0000107651   0.0000852451
        0.0001304002  -0.0000494072   0.0000371371   0.0000636490   0.0000089157
       -0.0003871211  -0.0000580699   0.0001487826   0.0000326619   0.0001151579
       -0.0000308026   0.0000007057   0.0000231248  -0.0002222121   0.0008960384
        0.0003046375  -0.0000002576   0.0000037983  -0.0000033021   0.0000143773
       -0.0000123194   0.0000174813   0.0000939150   0.0000175049  -0.0000198712
        0.0000848330  -0.0001922256   0.0003655181  -0.0000584183  -0.0000521552
       -0.0000764996   0.0000217731  -0.0000020747   0.0000136462  -0.0000081083
       -0.0000102211  -0.0000014210  -0.0000445375   0.0000604858   0.0000207755
       -0.0000607900  -0.0005512476   0.0001347580   0.0000088498   0.0000321974
        0.0000040723   0.0085300913  -0.0274288460  -0.0165604036  -0.0687165933
        0.1960846795   0.1191615116   0.0041681991  -0.0043235298  -0.0033134612
       -0.0004045627   0.0000050143  -0.0003571267   0.0000562882  -0.0001321825
       -0.0000178914  -0.0000060888  -0.0000335044  -0.0000142569  -0.0000206243
       -0.0000121481   0.0000753344  -0.0000029045  -0.0000648587   0.0001093512
       -0.0000618294   0.0002021975  -0.0001655393   0.0000384657   0.0000706937
       -0.0000057926  -0.0000122632  -0.0000038153   0.0000100011   0.0003826156
       -0.0002470290   0.0000172744  -0.0003038911  -0.0000278760  -0.0002532957
        0.0000333768   0.0000272752   0.0000258946   0.0112381317  -0.0194858377
       -0.0265276113  -0.0018743262  -0.0003184381  -0.0026950326   0.0000402321
        0.0001863514   0.0000729131   0.0001411106  -0.0001381807   0.0001360537
        0.0459776091  -0.1063827417  -0.1195991004   0.0000678583   0.0001183151
       -0.0000662106   0.0001192465   0.0000335201   0.0000140480  -0.0001035859
       -0.0001191937   0.0000780354   0.0000807605   0.0000545117   0.0000291737
        0.0000559645   0.0000374177  -0.0000013896  -0.0006701276  -0.0000074346
        0.0011422241  -0.0000028383   0.0000223835  -0.0000031579   0.0000473380
       -0.0000017989   0.0000217516  -0.0001209446   0.0001151929   0.0000422767
        0.0000503928   0.0008648348  -0.0002173776   0.0001503094  -0.0001148394
        0.0001199953   0.0000197358  -0.0000029598   0.0000059817   0.0000155271
        0.0000073140  -0.0000005227  -0.0000885696  -0.0008813343  -0.0002867445
        0.0002104147   0.0029397645   0.0000750481   0.0001134114  -0.0000102841
        0.0000521869  -0.0017661240   0.0030149966   0.0043489455  -0.0537967619
        0.1191615116   0.1414605498   0.0003966530   0.0011231622   0.0023740105
       -0.0000081501  -0.0001338292   0.0000198649   0.0006621306   0.0005432453
       -0.0010757488   0.0000412541   0.0001657196   0.0000878445  -0.0000997905
       -0.0000958744   0.0001142437   0.0000076306   0.0000620803  -0.0001304487
        0.0002876172  -0.0002169104   0.0002653277  -0.0000401286   0.0000360407
        0.0000429952   0.0001029871   0.0000246317   0.0000418532  -0.0002695031
        0.0002451782   0.0000405449  -0.0000246964  -0.0001348019   0.0000142364
       -0.0000068499   0.0000124683  -0.0000175486  -0.0098310086   0.0015034243
       -0.0068840961   0.0012985913  -0.0005639877   0.0023609777  -0.0003632330
        0.0000041667  -0.0003686691   0.0000985043   0.0001144451  -0.0000309522
       -0.2751994370   0.0257776405  -0.0347112205  -0.0000775494  -0.0000169472
        0.0000711151   0.0000630576  -0.0000154889   0.0000617851  -0.0001088110
        0.0001032816  -0.0002258137  -0.0000499471   0.0000271525  -0.0000801781
        0.0000354587  -0.0000072001  -0.0000147502  -0.0004412136   0.0000831860
       -0.0003175774  -0.0000189308   0.0000130724   0.0000086014   0.0000173053
       -0.0000222042  -0.0000061155   0.0000356220  -0.0000947223  -0.0000280097
       -0.0001717683   0.0000555174   0.0000013966  -0.0000085880  -0.0000074407
       -0.0000255022  -0.0000156937   0.0000067802  -0.0000267433  -0.0000007584
       -0.0000103391   0.0000101788   0.0005986729   0.0001337870   0.0004213617
        0.0000132484  -0.0003405550   0.0004291131   0.0000002792  -0.0000791641
        0.0000365472  -0.0199666505  -0.0008905667  -0.0012804558  -0.0154948867
        0.0041681991   0.0003966530   0.3189352353  -0.0304499851   0.0407991898
       -0.0001993572  -0.0000174098  -0.0001404790  -0.0004529371   0.0006971273
        0.0010754970   0.0000685395   0.0001152465   0.0000531097  -0.0002763850
       -0.0001490973   0.0000415587   0.0000644517   0.0000284626   0.0000536857
        0.0001563770   0.0001654661  -0.0001220192  -0.0000114947   0.0000095343
        0.0000026772  -0.0000218629   0.0000270053  -0.0000095366   0.0000637492
       -0.0001375809   0.0000117905   0.0000397646  -0.0000337643   0.0000487143
        0.0000033239   0.0000036593   0.0000046685   0.0068959965  -0.0002504166
        0.0012622971   0.0004089489  -0.0001197367   0.0000655844   0.0002802070
        0.0000568061   0.0002251731  -0.0000824616  -0.0000094231  -0.0000101604
        0.0258090141  -0.0477366261   0.0045786001  -0.0000187123   0.0000282044
        0.0001366781   0.0000274572   0.0000516517   0.0000037835   0.0001769667
        0.0000213134  -0.0001469115  -0.0000675103   0.0000199469  -0.0000907816
        0.0000081429  -0.0000084110  -0.0000044336  -0.0000797861  -0.0001818842
        0.0000773591  -0.0000116064   0.0000013495  -0.0000082141  -0.0000119617
        0.0000067799   0.0000029516   0.0000115739   0.0000545765  -0.0000090599
        0.0001041974   0.0000487183  -0.0000339426   0.0000286066   0.0000088417
        0.0000104289   0.0000027498  -0.0000045406  -0.0000004272   0.0000005118
        0.0000037782   0.0000025625  -0.0003960010  -0.0000917283   0.0005079362
       -0.0000689576   0.0000239327  -0.0001823425   0.0000201891   0.0000330384
        0.0000112949  -0.0279987664   0.0014195341  -0.0028739948   0.0259770173
       -0.0043235298   0.0011231622  -0.0304499851   0.0502391752  -0.0056672105
       -0.0000334485  -0.0000585523  -0.0001707482  -0.0001890786   0.0018337461
       -0.0049480680   0.0001492822   0.0000406414   0.0001053938   0.0000651657
        0.0000816986  -0.0000046189   0.0000767109  -0.0000139655   0.0000496880
        0.0000766359   0.0000835969  -0.0001651538  -0.0001091364   0.0000862709
        0.0000970226   0.0000581020   0.0000315423   0.0000150484   0.0002005016
       -0.0001508955   0.0000316203  -0.0000932612   0.0000004680   0.0000442585
        0.0000044223  -0.0000033487   0.0000263434  -0.0294024559   0.0041545017
       -0.0093015253  -0.0021305509  -0.0005334879   0.0002759605  -0.0012157944
       -0.0000522358  -0.0010244539   0.0000240264  -0.0000364170  -0.0000133021
       -0.0343226989   0.0039722782  -0.0472161620   0.0000079538  -0.0000443213
       -0.0000312233   0.0000650071   0.0000041873   0.0000497145  -0.0000557467
       -0.0000595960   0.0000524655   0.0000575994   0.0000040297   0.0000331690
        0.0000009305   0.0000000474   0.0000076797  -0.0001446329   0.0000229967
        0.0001207198  -0.0000227767   0.0000163663   0.0000019580   0.0000438225
       -0.0000009172   0.0000323145  -0.0000188722  -0.0000002676  -0.0000052389
       -0.0000139784   0.0000596511  -0.0000489815   0.0000100566  -0.0000707871
        0.0000431696   0.0000118808   0.0000028871   0.0000051285   0.0000015061
       -0.0000058324   0.0000011770   0.0009797104   0.0005279936  -0.0008526688
       -0.0000132108  -0.0002932756   0.0004892082   0.0000272306  -0.0000158095
        0.0000238185   0.0068562842  -0.0006025223   0.0016794410   0.0182496237
       -0.0033134612   0.0023740105   0.0407991898  -0.0056672105   0.0582228350
