$hessian                                                                        
        0.4915969736  -0.0199139206  -0.0211084479  -0.0649766010  -0.0245961314
        0.0160485562   0.0047355524   0.0141429815  -0.0068875167   0.0016623187
       -0.0013568203   0.0001828965  -0.0202698284   0.0059797882   0.0167647539
       -0.0713218239   0.0031331244   0.0344068006  -0.1319477807  -0.0252232510
       -0.0408485987  -0.0316693255   0.0019631147  -0.0010960697   0.0041866185
       -0.0059665051  -0.0224567564  -0.1187679115   0.0539021166   0.0049807044
       -0.0026056444   0.0017080847   0.0019151796  -0.0136116716  -0.0187699516
        0.0094200080  -0.0003188566  -0.0008919769  -0.0015305988  -0.0012784227
       -0.0054176434   0.0051301510   0.0063920031  -0.0013979302  -0.0008355376
       -0.0005749453  -0.0000658021   0.0002284376  -0.0024032309   0.0035334674
       -0.0003002523  -0.0003973413   0.0003547867  -0.0003567530  -0.0000025063
        0.0001688860   0.0000662907   0.0000501495  -0.0001690404  -0.0001139161
       -0.0041965760   0.0028586767  -0.0008211465  -0.0044619435  -0.0017586559
        0.0103826456  -0.0013953901  -0.0003680262  -0.0019596980  -0.0073814235
       -0.0056200581  -0.0026680700   0.0007715564   0.0003160184  -0.0010548327
       -0.0243426726   0.0161136830   0.0005998334  -0.0067933618   0.0063052492
        0.0035495786   0.0001620110   0.0000570840   0.0001792348  -0.0008925929
        0.0003304634  -0.0002905686  -0.0005773913   0.0018382928  -0.0011580890
       -0.0000253096  -0.0005153800   0.0006426717   0.0005793117  -0.0009251277
       -0.0005697274   0.0001610709   0.0001211095  -0.0001230674  -0.0001067002
       -0.0000121494  -0.0002621080   0.0000216858   0.0001414430  -0.0000559877
       -0.0199139206   0.4464194868  -0.0100097559  -0.0183012237  -0.1183740977
        0.0361024537   0.0003541442  -0.0260666048   0.0091758805  -0.0018249278
        0.0019541269   0.0006783721   0.0167296681  -0.0037801196  -0.0157870590
        0.0038113089  -0.0630832521  -0.0045539995  -0.0269109729  -0.0709656570
       -0.0138354040   0.0109953894   0.0036696187   0.0025674820   0.0013603550
       -0.0022724540  -0.0177082273   0.0485589946  -0.1015131546  -0.0096696117
        0.0017295049  -0.0011221029  -0.0016027848  -0.0148252081  -0.0089525533
        0.0016411825   0.0023144129  -0.0018055025  -0.0003562511  -0.0013015332
       -0.0005911980   0.0027239692   0.0157972933  -0.0373590167   0.0102524700
        0.0000250416   0.0000362852   0.0003500159   0.0029035147  -0.0031669529
        0.0003278793  -0.0000316452   0.0001897119   0.0000510157  -0.0000781888
       -0.0001735774  -0.0001988186  -0.0002229902   0.0001323522   0.0002075084
        0.0038937205  -0.0020554841  -0.0003157542  -0.0128106606  -0.0008766396
        0.0237195893   0.0038591987   0.0011249834   0.0016141349  -0.0248491140
       -0.0102054414  -0.0118060257  -0.0000103938   0.0001979181   0.0009349897
       -0.0022585678   0.0050952253   0.0011947625   0.0095719245  -0.0068096290
       -0.0047729073   0.0000209599  -0.0000069887  -0.0000237249   0.0008316365
       -0.0002810998   0.0000768695   0.0001059951   0.0004741104  -0.0003558600
        0.0000938105  -0.0001714409  -0.0000441524   0.0001673190   0.0001698955
       -0.0001258109   0.0000278277   0.0001778977  -0.0003024515   0.0001637327
        0.0000630746  -0.0001093465   0.0000235940  -0.0000717197  -0.0000406298
       -0.0211084479  -0.0100097559   0.4429852598   0.0100479283   0.0283920621
       -0.0776587709  -0.0017351576   0.0014379115   0.0015433816  -0.0000186312
        0.0004993923   0.0000152160   0.0122284019  -0.0061229208  -0.0045816705
        0.0379302786  -0.0038086917  -0.1346490456  -0.0421316233  -0.0138840931
       -0.0869950402   0.0028820004   0.0035229080   0.0045133687  -0.0035516729
       -0.0099012881  -0.0281737924   0.0054214964  -0.0090130874  -0.0625389751
        0.0015227861  -0.0013191875  -0.0010158077   0.0019145562  -0.0064565591
        0.0056718058  -0.0004254832   0.0002191527   0.0004103928   0.0093936113
        0.0255137238  -0.0218612480  -0.0088926350   0.0177283196  -0.0015320689
       -0.0007580472   0.0001716790  -0.0005586604   0.0001626640  -0.0010824355
        0.0001536570  -0.0001581952  -0.0000559724  -0.0001667055  -0.0000741719
       -0.0000068380  -0.0001716919  -0.0000410180   0.0002213847  -0.0000865071
       -0.0002614993  -0.0009327656  -0.0001170539   0.0094572325   0.0036400826
       -0.0162991566  -0.0238795348  -0.0057437116  -0.0153126975   0.0015595049
        0.0000905371   0.0012491506  -0.0004717398  -0.0001841345   0.0007141436
       -0.0113449908   0.0079855825   0.0013635015   0.0219853700  -0.0200773084
       -0.0068244575  -0.0000036887   0.0000007643  -0.0001544352   0.0004590116
       -0.0004306408   0.0002664364  -0.0003151945   0.0004070296  -0.0002647765
        0.0001719996  -0.0001941500   0.0000507425   0.0001217265  -0.0005131372
        0.0003993729  -0.0000853064   0.0000177870  -0.0002076992  -0.0000698980
       -0.0000793845  -0.0003345912   0.0000683671  -0.0000322546   0.0001684229
       -0.0649766010  -0.0183012237   0.0100479283   0.4664976987  -0.0088913603
       -0.0057021722  -0.1172855093   0.0547781082   0.0000604008  -0.0119930446
        0.0093415178   0.0063115021   0.0011878994   0.0004313063  -0.0011677791
       -0.0032766872  -0.0062974626   0.0045124458  -0.0135380056  -0.0226971663
        0.0056287413   0.0002426848  -0.0002497386  -0.0003414697   0.0004335234
        0.0000765334  -0.0001242055   0.0056421198   0.0113532963  -0.0049301584
       -0.0002355721   0.0001774073  -0.0000337640  -0.1555828301  -0.0358536260
       -0.0291966637  -0.0398869833  -0.0047967606  -0.0011104168  -0.0408357994
        0.0066820366   0.0202963006  -0.0022958654   0.0055124320  -0.0015811295
       -0.0037022715  -0.0027032661  -0.0047917934   0.0058081172  -0.0048501003
       -0.0004674287  -0.0206445918   0.0177094019  -0.0015339846   0.0003406880
       -0.0001937596  -0.0000576360  -0.0007022842   0.0004033938   0.0026436341
        0.0001814654   0.0001179285  -0.0000944951  -0.0004628358   0.0000276248
        0.0015387530   0.0006858471  -0.0005399377   0.0009719986  -0.0041532639
       -0.0019993191  -0.0011038889  -0.0001203220   0.0002672574  -0.0000880757
       -0.0000189147   0.0001737507  -0.0003854400   0.0000595824   0.0004515509
       -0.0002118343   0.0000277151  -0.0000421070   0.0000127689   0.0000038426
        0.0000668902  -0.0000019691  -0.0027420024   0.0007740159   0.0017629222
        0.0006069746  -0.0013546052  -0.0012266562  -0.0001709747  -0.0002056363
        0.0000114415   0.0002536059  -0.0001206850   0.0000455777   0.0005660666
        0.0002372783  -0.0000693943   0.0000865277   0.0005150242   0.0003759402
       -0.0245961314  -0.1183740977   0.0283920621  -0.0088913603   0.4197751945
        0.0346766551   0.0571428177  -0.1185813062  -0.0030300115   0.0053227081
       -0.0026901661  -0.0056289938  -0.0002290707  -0.0003201680   0.0003533213
       -0.0014989337   0.0016789734   0.0050989023  -0.0107087601  -0.0135218648
        0.0022851875   0.0004135261  -0.0002760738   0.0000171039  -0.0003679113
        0.0000923522  -0.0001952593  -0.0021500631  -0.0228452181   0.0083667319
       -0.0001008117   0.0000459037  -0.0000380362  -0.0290065964  -0.0732523521
       -0.0139107963   0.0020194576   0.0045083929   0.0024279934   0.0052216166
       -0.0494703889  -0.0469633159   0.0023588349  -0.0044838001   0.0007466054
       -0.0141438847  -0.0051068418  -0.0052620844   0.0186902324  -0.0238516831
        0.0000107238   0.0005744206   0.0014386639  -0.0008215355   0.0000716925
        0.0000826896  -0.0002831753  -0.0005293596   0.0006994723  -0.0001421694
        0.0000382393  -0.0000696090  -0.0000319003   0.0006486441   0.0007080051
       -0.0014450199   0.0006174426   0.0000803947   0.0011283394  -0.0020999242
       -0.0005020247  -0.0002365945   0.0000582559  -0.0001656700  -0.0000244879
       -0.0013086942   0.0003878379   0.0002281168  -0.0003768569   0.0003239842
        0.0003438230   0.0000151865   0.0000332652   0.0000153325   0.0000227989
        0.0000600037  -0.0000375262   0.0014032611   0.0074320658  -0.0064407628
        0.0015045309  -0.0024779883   0.0026673234   0.0001118270   0.0000213306
       -0.0000345786  -0.0002749023   0.0002864000   0.0001783566  -0.0004044721
       -0.0016092824  -0.0029875200   0.0004522399  -0.0000563945   0.0005771892
        0.0160485562   0.0361024537  -0.0776587709  -0.0057021722   0.0346766551
        0.4860418107   0.0059441274  -0.0083138971  -0.0661309993   0.0184730146
       -0.0166184585  -0.0021366400  -0.0016310173   0.0001407714   0.0020604929
        0.0108808653   0.0209910262  -0.0144579059  -0.0030696405  -0.0077516113
        0.0026302212   0.0001819786  -0.0002148070  -0.0001817802  -0.0007263340
       -0.0000726359   0.0023018297  -0.0014488289   0.0033050775  -0.0004570413
       -0.0000034669   0.0000821130   0.0000409897  -0.0392233059  -0.0158533382
       -0.0754308298   0.0093662286   0.0029685787   0.0025206022   0.0198759167
       -0.0462775604  -0.2456517978   0.0002664521  -0.0014228180   0.0007513480
       -0.0170626240  -0.0081329059  -0.0060837657  -0.0039115883   0.0044063606
        0.0009347824  -0.0140512958   0.0132615390  -0.0007495645  -0.0000472761
       -0.0001226657   0.0003262835   0.0033773510  -0.0008740237  -0.0042229809
       -0.0003098837  -0.0001562233   0.0001322205   0.0028034392   0.0001774107
       -0.0048605581  -0.0014492871  -0.0014073784   0.0007258496  -0.0025892193
       -0.0014180274  -0.0007396616  -0.0000034879   0.0000066877  -0.0002925474
        0.0002370710  -0.0000100178   0.0002045004   0.0003197883  -0.0009222604
        0.0001543261  -0.0000185139   0.0000004392  -0.0000060201  -0.0000844143
        0.0000067272   0.0000047676   0.0036232137  -0.0055200617   0.0031312959
        0.0013510178   0.0021288695  -0.0009929784  -0.0000894225   0.0001882404
       -0.0000127922  -0.0001670682   0.0002194274   0.0005643297  -0.0006716171
       -0.0035404321  -0.0024149505  -0.0004885570  -0.0000332547  -0.0000440653
        0.0047355524   0.0003541442  -0.0017351576  -0.1172855093   0.0571428177
        0.0059441274   0.4861126742   0.0441773682   0.0192234772  -0.0928265903
        0.0025091327   0.0478351137  -0.0072475685  -0.0053718501   0.0114533136
       -0.0002293098   0.0004538629  -0.0005128709  -0.0001222621  -0.0000149712
        0.0000704667  -0.0006668597  -0.0011638853   0.0012484431   0.0001904444
        0.0000300129   0.0003106814  -0.0002958373  -0.0009526649   0.0005414264
        0.0002196767   0.0000477057   0.0001255074  -0.0247941548   0.0155786227
        0.0000161143  -0.0031968475  -0.0008628239  -0.0020817678  -0.0069379479
        0.0075347312   0.0019951207   0.0003086204  -0.0008740836   0.0002883179
        0.0008822867  -0.0000547416   0.0008593980  -0.0814218485  -0.0863828429
        0.0167692022  -0.1488221034  -0.0309613203  -0.1120679527   0.0082861131
       -0.0013050132  -0.0142951329  -0.0149018168   0.0032553109   0.0230600701
        0.0000468381  -0.0022817013   0.0010095919   0.0000175686  -0.0000738072
       -0.0000010672   0.0000609564  -0.0003777469  -0.0000838540   0.0000009114
        0.0000129682   0.0000152586  -0.0001592343   0.0001636518  -0.0000283087
        0.0000029671  -0.0000741956   0.0000587267   0.0000427384  -0.0001133820
       -0.0000909102   0.0000012011  -0.0000936548   0.0000021019   0.0000085586
       -0.0000127257   0.0000451743  -0.0009575308  -0.0009993053   0.0013359532
       -0.0000004580   0.0001973145  -0.0005222809   0.0000005482   0.0000720099
        0.0000126816   0.0000115596   0.0000143238  -0.0002270032   0.0000716013
        0.0003697623   0.0001718102  -0.0011349380   0.0000569766  -0.0007457722
        0.0141429815  -0.0260666048   0.0014379115   0.0547781082  -0.1185813062
       -0.0083138971   0.0441773682   0.5023089108  -0.0031056170   0.0012082694
       -0.0647116037  -0.0025229710  -0.0138421755  -0.0026421286   0.0228622508
        0.0003972470   0.0020092419  -0.0013629352   0.0002496049  -0.0002263673
        0.0000690749  -0.0008929038  -0.0001021278   0.0006257825   0.0001146459
        0.0001286622   0.0000763400  -0.0019445057  -0.0024900569   0.0016226982
        0.0002229215  -0.0002369094   0.0001903279   0.0001249960   0.0054073783
        0.0024554882  -0.0015676344  -0.0005901355  -0.0001608165   0.0087604332
       -0.0069618777  -0.0026111373   0.0007596315  -0.0021064706   0.0006380158
        0.0003423596  -0.0005874888   0.0001018203  -0.0869476945  -0.2267172390
        0.0383909663  -0.0306217024  -0.0513831492  -0.0286437153   0.0043956822
       -0.0000992039  -0.0088549175   0.0102302395  -0.0010522169  -0.0156035884
       -0.0022616706  -0.0048831634   0.0027163738   0.0000858765   0.0000802247
       -0.0002031969  -0.0001674069  -0.0003655863   0.0002158960   0.0001932059
        0.0000450134   0.0002229194   0.0000010762  -0.0000640424   0.0000544539
       -0.0000700198  -0.0000422704   0.0000435452  -0.0000150625   0.0000536096
       -0.0000049366  -0.0000318949  -0.0000944038   0.0001161964  -0.0000540369
        0.0000089153  -0.0000037430  -0.0005502448  -0.0002742415   0.0003826549
       -0.0000876947   0.0000971424   0.0000254557   0.0000696978   0.0000278876
       -0.0000016773   0.0000089092   0.0000020792   0.0000322604  -0.0001338633
        0.0001605117  -0.0001449978  -0.0010747437  -0.0000509831  -0.0007422854
       -0.0068875167   0.0091758805   0.0015433816   0.0000604008  -0.0030300115
       -0.0661309993   0.0192234772  -0.0031056170   0.4801932222   0.0519713666
       -0.0055218573  -0.1688109745   0.0087840521   0.0073714455  -0.0113086029
       -0.0001441030  -0.0011038191   0.0003437335  -0.0000728359   0.0003604316
       -0.0003613517  -0.0001942185  -0.0003032168   0.0007484124  -0.0002215806
        0.0000738284   0.0002513153   0.0007289293   0.0018334797  -0.0004131498
       -0.0000586568   0.0000360982  -0.0002174835  -0.0064064867   0.0067064756
        0.0011369186  -0.0018299575  -0.0003498383   0.0000397022   0.0194890026
       -0.0211842012  -0.0056066345  -0.0002814809   0.0006130905  -0.0000631584
        0.0000229094   0.0000890069  -0.0001922664   0.0171620509   0.0389910238
       -0.0497572162  -0.1119952679  -0.0290391020  -0.1555591312   0.0093748217
       -0.0020024650  -0.0243945673   0.0021986781  -0.0010828532  -0.0022186732
        0.0002070992   0.0015088939   0.0001783199  -0.0000632466  -0.0001544670
        0.0003423282   0.0001136758  -0.0005626526   0.0000315186  -0.0001195733
        0.0001835272  -0.0000534588   0.0000705697  -0.0000525730  -0.0001822468
        0.0000127022  -0.0000886553   0.0000004831  -0.0001064817   0.0001394587
        0.0000408218  -0.0000343543   0.0000866679  -0.0001554469  -0.0000316830
       -0.0000623953   0.0000655259  -0.0001788607  -0.0002013743   0.0006887081
       -0.0000870189   0.0001050564   0.0001035305   0.0000047097   0.0000415895
        0.0000063153  -0.0001708052   0.0000925709  -0.0002870006  -0.0000308881
        0.0003276205  -0.0000085794  -0.0005094290   0.0001089530   0.0000067044
        0.0016623187  -0.0018249278  -0.0000186312  -0.0119930446   0.0053227081
        0.0184730146  -0.0928265903   0.0012082694   0.0519713666   0.5112631807
       -0.0250805549   0.0446227769  -0.0719271285  -0.0311923678   0.0128960888
        0.0050930802   0.0211712113  -0.0059668885  -0.0005694512  -0.0002305624
        0.0000508794  -0.0075779550  -0.0173162043  -0.0019350974   0.0007250282
        0.0002771161  -0.0001716290  -0.0001057555  -0.0001208163  -0.0000852555
        0.0007571135  -0.0008632401  -0.0008039661  -0.0004236128   0.0002650528
        0.0000316652  -0.0001252326  -0.0000359556  -0.0000572850  -0.0021683327
        0.0025223693   0.0008486561  -0.0000592972   0.0000438324   0.0001200847
        0.0001380613   0.0000004976  -0.0005499999  -0.0065042947  -0.0016583532
        0.0134279532   0.0074716442   0.0004728586  -0.0160114393  -0.1289399717
       -0.0490911490  -0.1025801362  -0.1933678750   0.1077904541  -0.0197995680
       -0.0055962354  -0.0164974669   0.0069967785  -0.0035275357   0.0042086263
       -0.0010544312   0.0000367643   0.0000568189   0.0000250173   0.0001005335
       -0.0000632838  -0.0000396735   0.0002056547  -0.0000018411  -0.0000085652
        0.0000318088   0.0000205161   0.0000043370   0.0000140840  -0.0000199473
       -0.0000419207  -0.0000134517   0.0012631378  -0.0010255462  -0.0001293385
       -0.0005863489   0.0003506184  -0.0000828372  -0.0000724260   0.0000500170
       -0.0000364275   0.0000205245  -0.0000547669  -0.0000382353  -0.0000238433
       -0.0000355990  -0.0010296351   0.0000150648   0.0001227606  -0.0001105028
        0.0000248420   0.0002405190  -0.0003465308  -0.0000046115   0.0000078657
       -0.0013568203   0.0019541269   0.0004993923   0.0093415178  -0.0026901661
       -0.0166184585   0.0025091327  -0.0647116037  -0.0055218573  -0.0250805549
        0.4720144273   0.0201757523  -0.0308869586  -0.1607433260   0.0343638018
        0.0040710551  -0.0262992232   0.0073162452  -0.0003616264   0.0005919641
       -0.0003358869  -0.0128253400  -0.0204613693  -0.0073821497  -0.0011791092
        0.0002309160  -0.0000665718   0.0001178330  -0.0001872696   0.0001410620
        0.0024917057  -0.0006646184   0.0008249334   0.0000468012  -0.0001097230
       -0.0001843054   0.0002560005   0.0000283731   0.0000547565   0.0034384116
       -0.0028625694  -0.0014447177   0.0000482725   0.0002040880  -0.0001444967
        0.0003813811  -0.0002263222   0.0001328521  -0.0127049587  -0.0012288718
        0.0240374155   0.0023675521   0.0004855528  -0.0072701187  -0.0502665197
       -0.0718606851  -0.0622009124   0.1089036399  -0.1193081523   0.0116679248
       -0.0016601560  -0.0030732336   0.0025897249   0.0026922683  -0.0021043391
        0.0001833398   0.0000500341  -0.0000675402  -0.0000690202   0.0000597569
        0.0001100494   0.0000594999  -0.0002016284  -0.0002397025  -0.0002439792
       -0.0000548130   0.0000295544  -0.0000357109  -0.0000373743   0.0000989820
        0.0000155158   0.0000700404   0.0011054115  -0.0008352496   0.0000781472
       -0.0003762095   0.0003479418   0.0000281204   0.0000629655  -0.0000091881
       -0.0000304451   0.0000208684   0.0000540581   0.0000084587  -0.0000565764
        0.0000069339  -0.0002116627   0.0001684702  -0.0001043801   0.0000711015
        0.0000643643  -0.0001328009  -0.0001732633   0.0001013874   0.0001286541
        0.0001828965   0.0006783721   0.0000152160   0.0063115021  -0.0056289938
       -0.0021366400   0.0478351137  -0.0025229710  -0.1688109745   0.0446227769
        0.0201757523   0.4931106557   0.0084836064   0.0232216339  -0.0702484922
       -0.0010553501   0.0092639229  -0.0015716458  -0.0001695350   0.0007618020
       -0.0013733326  -0.0062764444  -0.0189835204   0.0061824678  -0.0002266456
        0.0006176390   0.0002738941   0.0001638212  -0.0000880532  -0.0000512202
       -0.0004738660  -0.0008374042  -0.0011812506   0.0001275297   0.0001009934
       -0.0000040451   0.0001234550  -0.0000783003  -0.0001261628   0.0004316544
        0.0000523760   0.0009698621  -0.0000921000   0.0001407628   0.0000351003
        0.0004282704  -0.0001460650  -0.0003452349   0.0054040946   0.0016074289
       -0.0087656524   0.0094354926  -0.0020053229  -0.0289351784  -0.1038550218
       -0.0623896420  -0.1642337443  -0.0191967143   0.0114486908  -0.0442315681
        0.0092376768   0.0225723490  -0.0083652880  -0.0012993833   0.0010152961
        0.0006664926   0.0001879099  -0.0000700692  -0.0003571061  -0.0001052402
        0.0000979989   0.0001516584   0.0003571293  -0.0002012241  -0.0000558268
        0.0000053292   0.0000043414   0.0000244230  -0.0000407381  -0.0000053864
        0.0000354889   0.0000011368   0.0015693888  -0.0012325428  -0.0001408976
       -0.0006713160   0.0004768089  -0.0000632255  -0.0000443388   0.0000552359
       -0.0000123758   0.0000545866   0.0000278755   0.0000039508  -0.0000305566
       -0.0000203180  -0.0003305519   0.0003110171  -0.0001296229   0.0001059224
        0.0000454067  -0.0000292006  -0.0001111789  -0.0000365947   0.0001798677
       -0.0202698284   0.0167296681   0.0122284019   0.0011878994  -0.0002290707
       -0.0016310173  -0.0072475685  -0.0138421755   0.0087840521  -0.0719271285
       -0.0308869586   0.0084836064   0.4825325276  -0.0150194176  -0.0627661201
       -0.1328674666   0.0553445985  -0.0085447596   0.0026034758   0.0085840759
        0.0078102653  -0.0830983359  -0.0263431649  -0.0427129780  -0.0214849344
        0.0092522438  -0.0084692365  -0.0011782170  -0.0000157121   0.0031934593
       -0.0179411675  -0.0137937109  -0.0244957881  -0.0004462590  -0.0001354404
       -0.0000374118   0.0000795740   0.0000439348   0.0000488315   0.0001794564
       -0.0000094155  -0.0001455009   0.0005059432  -0.0005419418  -0.0003135124
        0.0001062149   0.0000879339  -0.0000084892  -0.0013295245  -0.0005929389
        0.0034147100   0.0002457448   0.0002366377  -0.0005155959  -0.0061513176
       -0.0188819145   0.0032107354   0.0053196594   0.0214156378  -0.0057673221
       -0.1232385129   0.0074866870   0.1103875672   0.0030349342  -0.0010545117
       -0.0000062025  -0.0013276941   0.0009020228   0.0010092959  -0.0012024087
        0.0013998370   0.0011968621  -0.0027068341  -0.0006141973  -0.0020195248
       -0.0000640099   0.0000720628  -0.0000284539  -0.0007276816   0.0006616927
        0.0002371912  -0.0036911317   0.0012041332  -0.0021412875   0.0011371927
       -0.0014424137  -0.0002896797   0.0000632925  -0.0000056678  -0.0000043050
        0.0000011291   0.0000244477   0.0000116020  -0.0000167943   0.0000745075
        0.0000464453  -0.0001830565  -0.0001265762  -0.0001368223   0.0000441632
        0.0000456108  -0.0000174876   0.0000586642  -0.0000305040  -0.0000115305
        0.0059797882  -0.0037801196  -0.0061229208   0.0004313063  -0.0003201680
        0.0001407714  -0.0053718501  -0.0026421286   0.0073714455  -0.0311923678
       -0.1607433260   0.0232216339  -0.0150194176   0.4476920397   0.0337639758
        0.0565146591  -0.1026136358   0.0115565718   0.0016459091  -0.0065724471
       -0.0166367054  -0.0196315711  -0.0858740414  -0.0469277909  -0.0078360662
        0.0091181709  -0.0001807563   0.0004954409  -0.0003396147  -0.0007251303
       -0.0069598103   0.0002120165  -0.0030061176   0.0001249697  -0.0000554745
       -0.0000604472   0.0000128866  -0.0000171463  -0.0000296071  -0.0001139506
        0.0000127529   0.0000439475   0.0001166935   0.0004956017  -0.0003304010
        0.0001008879  -0.0001163889   0.0000935174   0.0001834596   0.0009879576
        0.0001384064   0.0001828094   0.0004350860  -0.0006390552  -0.0074846692
       -0.0179115563   0.0017113042  -0.0039176138  -0.0224072636   0.0062492675
        0.0075524467  -0.0381681000  -0.0092363525   0.0222018621  -0.0207283622
        0.0037557057   0.0010220553  -0.0013937222  -0.0007774351   0.0007157455
       -0.0006457266  -0.0001052575  -0.0020585476  -0.0003503624  -0.0016463786
       -0.0000885411   0.0000020080  -0.0000469465   0.0001217506  -0.0000957937
        0.0000302268   0.0025727859   0.0089522313  -0.0045699592  -0.0002502343
       -0.0033444038   0.0029029451  -0.0000323132   0.0000162651   0.0000040973
       -0.0000260918   0.0000234323   0.0000426329   0.0000353158   0.0000334551
        0.0000561939  -0.0000608116  -0.0000049326   0.0000386675  -0.0000042365
        0.0000430407  -0.0000353957   0.0000373206   0.0001006564  -0.0000446536
        0.0167647539  -0.0157870590  -0.0045816705  -0.0011677791   0.0003533213
        0.0020604929   0.0114533136   0.0228622508  -0.0113086029   0.0128960888
        0.0343638018  -0.0702484922  -0.0627661201   0.0337639758   0.5257996997
       -0.0052250310   0.0089245952  -0.0628679632   0.0032626434  -0.0167013439
       -0.0182576055  -0.0407149671  -0.0538902510  -0.1474375729  -0.0219536279
        0.0102403451  -0.0058880519   0.0014537312  -0.0007833543  -0.0048603093
       -0.0110810459  -0.0047754743  -0.0100184249   0.0001917274  -0.0000175226
       -0.0001691627  -0.0000549878   0.0000221750  -0.0000126284  -0.0002335149
        0.0000553607   0.0000996297  -0.0004655922   0.0003785437   0.0003411856
       -0.0001336734   0.0000315102   0.0000887471   0.0026422110   0.0006696516
       -0.0046675610  -0.0002254205   0.0002169200   0.0006932957  -0.0064104127
       -0.0182158561   0.0049286026   0.0005787525   0.0046342299  -0.0008628039
        0.1092992467  -0.0076235175  -0.1914629434  -0.0086801768   0.0088420793
       -0.0001881145   0.0014291738  -0.0017384105  -0.0014394454   0.0007331135
       -0.0008766877  -0.0016990861  -0.0029657344  -0.0013251168  -0.0017516629
       -0.0000933453   0.0000341968  -0.0000563396   0.0010604278  -0.0010137543
       -0.0003678910  -0.0014371302  -0.0050933955   0.0048210742   0.0016933968
        0.0024818412  -0.0007604579  -0.0000354945  -0.0000235601   0.0000064856
       -0.0000168365  -0.0000020066   0.0000400915   0.0001650671  -0.0000840150
       -0.0000509034   0.0000138004   0.0000057868   0.0001920553  -0.0000786646
        0.0000017090  -0.0000164615   0.0001021069   0.0000690308  -0.0000972049
       -0.0713218239   0.0038113089   0.0379302786  -0.0032766872  -0.0014989337
        0.0108808653  -0.0002293098   0.0003972470  -0.0001441030   0.0050930802
        0.0040710551  -0.0010553501  -0.1328674666   0.0565146591  -0.0052250310
        0.4505977110   0.0087127207   0.0378357853  -0.0008250618  -0.0023503584
       -0.0180441408  -0.0214540328   0.0029427963  -0.0182141096  -0.1165800483
       -0.0274308960  -0.0602172326  -0.0079649859   0.0079221227   0.0196332388
       -0.0002638108  -0.0002922000  -0.0015683567   0.0001414757   0.0004291523
        0.0006205295  -0.0002621425   0.0000739958  -0.0000151467  -0.0002576247
       -0.0015363490   0.0008819228  -0.0006531534  -0.0004094851   0.0016106085
        0.0002152506   0.0004159690  -0.0006080667  -0.0000589753  -0.0001346187
        0.0001847283  -0.0000804695  -0.0000638851  -0.0001959235   0.0004561986
       -0.0010846133  -0.0004992222   0.0003001034  -0.0021814694   0.0002861735
       -0.0163362473   0.0101625458  -0.0024214395  -0.0537333686  -0.0460932988
        0.0219339075  -0.0032067624  -0.0005975003  -0.0023862323  -0.0002482855
       -0.0001233202  -0.0006265260  -0.0228819587  -0.0117641860  -0.0209613166
        0.0000888742  -0.0002137157   0.0001791435  -0.0030742662   0.0029993952
        0.0010910350  -0.0003774656  -0.0003572629  -0.0000059077   0.0001597614
       -0.0001459950  -0.0000596583  -0.0000470994  -0.0000313748  -0.0000283462
        0.0000602859  -0.0000767633  -0.0000560789  -0.0003247141  -0.0004835160
       -0.0006424328  -0.0007030092  -0.0015025353  -0.0002548845  -0.0000199694
       -0.0000767415   0.0000516199  -0.0000640020  -0.0000039493   0.0001096692
        0.0031331244  -0.0630832521  -0.0038086917  -0.0062974626   0.0016789734
        0.0209910262   0.0004538629   0.0020092419  -0.0011038191   0.0211712113
       -0.0262992232   0.0092639229   0.0553445985  -0.1026136358   0.0089245952
        0.0087127207   0.4977351639  -0.0195691073  -0.0025774437  -0.0012039961
       -0.0120941088  -0.0061964856   0.0064984016  -0.0021603714  -0.0470404120
       -0.1053776415  -0.0617355621   0.0081399851  -0.0055850239  -0.0187299474
       -0.0005605298  -0.0011357353  -0.0019555764   0.0004918296   0.0009505771
        0.0006963520  -0.0004834029  -0.0000407938  -0.0000571979  -0.0016100539
       -0.0038868216   0.0036461388  -0.0003601400   0.0000411786  -0.0004794797
        0.0002944654  -0.0000711156  -0.0001367062  -0.0000418128   0.0000433657
       -0.0001110526  -0.0000458497  -0.0001364014   0.0000304420   0.0007254012
        0.0005350228  -0.0003783767  -0.0011374798  -0.0061547039   0.0021666386
        0.0035103297  -0.0012639278  -0.0001462581  -0.0464025895  -0.1982081878
        0.0660589607  -0.0008814252  -0.0004918519  -0.0009488874  -0.0002278076
       -0.0002906153  -0.0007017925   0.0102920019   0.0102304888   0.0152355088
       -0.0007260469   0.0005061855  -0.0003464527   0.0034241408  -0.0026547139
       -0.0009809014  -0.0008518788  -0.0006307647  -0.0001678469   0.0000700504
        0.0001356719  -0.0001140273  -0.0000527121   0.0000534437  -0.0000701290
        0.0000445750  -0.0001580745  -0.0000462880   0.0002765156  -0.0003998017
       -0.0006219582  -0.0005295197  -0.0004548840  -0.0007651837   0.0000510151
       -0.0000243085   0.0000279781  -0.0001127749  -0.0002522406   0.0001881592
        0.0344068006  -0.0045539995  -0.1346490456   0.0045124458   0.0050989023
       -0.0144579059  -0.0005128709  -0.0013629352   0.0003437335  -0.0059668885
        0.0073162452  -0.0015716458  -0.0085447596   0.0115565718  -0.0628679632
        0.0378357853  -0.0195691073   0.4500279418  -0.0093155349  -0.0049794299
       -0.0251430816  -0.0189816038   0.0073404568  -0.0110996889  -0.0736586381
       -0.0488792999  -0.1214338118   0.0063373204  -0.0090797268  -0.0035220151
       -0.0012326838  -0.0015184795  -0.0028573905   0.0005695094   0.0001477271
        0.0008995744   0.0001235650  -0.0003895024  -0.0002309817   0.0006905925
        0.0012749572  -0.0005181014   0.0005455260   0.0029028138  -0.0015400197
        0.0002705524   0.0005248393  -0.0011566630   0.0001914492  -0.0003038425
        0.0001998362  -0.0001388467   0.0000902647  -0.0001782090  -0.0002055300
       -0.0012457622   0.0002484681  -0.0001436706   0.0015811220  -0.0001093394
        0.0204978880  -0.0119875019   0.0032143355   0.0244807229   0.0681007515
       -0.0667717968  -0.0013956228  -0.0009280134  -0.0015837193   0.0003990404
        0.0005467567   0.0001358856  -0.0075897930  -0.0004377657  -0.0070235565
       -0.0007755622   0.0003492394   0.0001022827  -0.0005117104   0.0007126904
        0.0007652161  -0.0009419510  -0.0009114247   0.0002996187   0.0003336385
        0.0000564216  -0.0002905137  -0.0002695962   0.0000380540  -0.0000099131
        0.0000366003  -0.0000420282   0.0000066148  -0.0001343690  -0.0004091028
        0.0000081862  -0.0007390786  -0.0010350446   0.0004448196  -0.0000830093
       -0.0001001392   0.0001316008  -0.0000897173   0.0000952918   0.0001872482
       -0.1319477807  -0.0269109729  -0.0421316233  -0.0135380056  -0.0107087601
       -0.0030696405  -0.0001222621   0.0002496049  -0.0000728359  -0.0005694512
       -0.0003616264  -0.0001695350   0.0026034758   0.0016459091   0.0032626434
       -0.0008250618  -0.0025774437  -0.0093155349   0.4125523431   0.0100572149
       -0.0015338514  -0.1283504827   0.0492900955   0.0483675689   0.0003104686
        0.0008593786   0.0008504263  -0.0226858240   0.0004467529  -0.0110158114
       -0.0290397822   0.0163010806   0.0139636513   0.0003589753  -0.0016834518
        0.0006499111  -0.0001216256   0.0000232406  -0.0000110811   0.0002414251
        0.0003550883  -0.0013744437  -0.0007861352  -0.0013277812   0.0003083508
       -0.0003232597  -0.0000862090  -0.0002299355  -0.0000346807   0.0000818434
       -0.0000187443   0.0001048458   0.0000589817  -0.0000567562  -0.0000385651
       -0.0000986590   0.0000434900   0.0000702421  -0.0000295225  -0.0000363405
       -0.0006018431   0.0004972961  -0.0005401835   0.0000702970  -0.0000494938
        0.0006469628  -0.0405413233  -0.0012782563   0.0010187107  -0.0432752664
       -0.0371603771   0.0019746375  -0.0000609515   0.0000763669  -0.0001558098
       -0.0029412212   0.0026467766  -0.0001888867   0.0010695425  -0.0011174748
       -0.0008728909   0.0014099888  -0.0001813854   0.0016642995  -0.0033993146
        0.0018941136  -0.0022562950  -0.0000490335   0.0001544650  -0.0000896724
        0.0000227331  -0.0000822270   0.0000088586   0.0005088528  -0.0009271575
        0.0004448701  -0.0000533248  -0.0000037905   0.0000150395  -0.0000102701
       -0.0000517211  -0.0000937527  -0.0000077250  -0.0000018985   0.0000142042
       -0.0252232510  -0.0709656570  -0.0138840931  -0.0226971663  -0.0135218648
       -0.0077516113  -0.0000149712  -0.0002263673   0.0003604316  -0.0002305624
        0.0005919641   0.0007618020   0.0085840759  -0.0065724471  -0.0167013439
       -0.0023503584  -0.0012039961  -0.0049794299   0.0100572149   0.4912713433
       -0.0035855189   0.0451821967  -0.0954611396  -0.0356654703   0.0007188513
        0.0003790935  -0.0004123539   0.0144083348   0.0042869281   0.0079253189
        0.0079310339  -0.0024642914  -0.0001664792  -0.0006044875  -0.0035344112
        0.0021219323  -0.0005908414   0.0000912374  -0.0003357196  -0.0002874052
        0.0004659259  -0.0011651021  -0.0000404590  -0.0006741236   0.0007135761
       -0.0004123062  -0.0000293337  -0.0001848289  -0.0002679405   0.0000366836
       -0.0002706672  -0.0006574146  -0.0014931886  -0.0001114628  -0.0000526791
        0.0001371535  -0.0000440840   0.0000572852   0.0001177368  -0.0001367676
       -0.0010474358  -0.0010399783  -0.0019847245   0.0001725232   0.0005890698
        0.0007013064  -0.0013853690  -0.0491392981   0.0515019022  -0.0355664644
       -0.2555328853   0.0245915899  -0.0000086146  -0.0000224028  -0.0001375629
        0.0033524642  -0.0025040271   0.0001199414  -0.0001346322   0.0007927428
        0.0006184192  -0.0012080875  -0.0030634134   0.0025511951   0.0007760202
        0.0084206712  -0.0047729870  -0.0001973458   0.0003837278  -0.0001757270
        0.0000221277  -0.0001388428   0.0001594735   0.0018281173   0.0000665841
        0.0004381223  -0.0000260027  -0.0000204308   0.0000254267  -0.0000545130
       -0.0000811649  -0.0001344951  -0.0000319374   0.0000584019   0.0000099915
       -0.0408485987  -0.0138354040  -0.0869950402   0.0056287413   0.0022851875
        0.0026302212   0.0000704667   0.0000690749  -0.0003613517   0.0000508794
       -0.0003358869  -0.0013733326   0.0078102653  -0.0166367054  -0.0182576055
       -0.0180441408  -0.0120941088  -0.0251430816  -0.0015338514  -0.0035855189
        0.5322871753   0.0428333319  -0.0331513143  -0.0957403984   0.0000883780
       -0.0024023583  -0.0079060733  -0.0008027502   0.0018416859  -0.0000881525
        0.0016149998   0.0020713521   0.0032440907   0.0002164175   0.0014409781
       -0.0007665573   0.0000445789   0.0000583661   0.0001183337   0.0018622876
        0.0013205019   0.0012932309  -0.0003953325  -0.0004416807   0.0005552895
        0.0002535415   0.0000214134   0.0000928495   0.0000759858   0.0000954101
        0.0001045198   0.0000335627   0.0005209376   0.0004734312  -0.0002026433
       -0.0002252790   0.0001197674  -0.0000697531  -0.0000550634   0.0000598113
       -0.0014400348  -0.0024511126  -0.0030607945  -0.0011935717  -0.0010997218
       -0.0001438802   0.0028252402   0.0503925210  -0.2633915371   0.0024362011
        0.0282703354  -0.0422522057   0.0002068469  -0.0000232922  -0.0000860239
        0.0007166714  -0.0003784852   0.0007018654   0.0007085506  -0.0000566027
        0.0007339786   0.0000519867   0.0027752870  -0.0008484044  -0.0030515133
       -0.0046167935   0.0043115106   0.0001727703  -0.0001660334   0.0001149866
       -0.0000082514   0.0000800279   0.0000050948  -0.0002521611   0.0001401321
       -0.0005395522   0.0000800329   0.0000929136  -0.0000043484   0.0000740628
        0.0000603250   0.0001322511  -0.0000131970   0.0000189115  -0.0000200682
       -0.0316693255   0.0109953894   0.0028820004   0.0002426848   0.0004135261
        0.0001819786  -0.0006668597  -0.0008929038  -0.0001942185  -0.0075779550
       -0.0128253400  -0.0062764444  -0.0830983359  -0.0196315711  -0.0407149671
       -0.0214540328  -0.0061964856  -0.0189816038  -0.1283504827   0.0451821967
        0.0428333319   0.8488395896  -0.0479010356   0.1349900004  -0.0043598245
        0.0034885135  -0.0003521041  -0.0042445972  -0.0015822471  -0.0015819383
       -0.5298088604   0.0158954842  -0.1211572800  -0.0005778752  -0.0001290547
       -0.0002426719   0.0001380751   0.0001498982   0.0001027981  -0.0002845095
       -0.0000837607   0.0001400798   0.0004822434  -0.0006384053  -0.0001099061
        0.0001346426  -0.0000092033   0.0000373105  -0.0000304184   0.0000102218
       -0.0001883222   0.0003866946  -0.0008647236   0.0003151699  -0.0006589012
       -0.0021508159  -0.0002667503   0.0003574169   0.0014077770   0.0002295998
        0.0067317097   0.0053476045   0.0124740649   0.0003367914  -0.0003278393
       -0.0004548270  -0.0020777089   0.0031562469   0.0049052392  -0.0003953085
        0.0048946044   0.0018191961  -0.0011135214  -0.0004373082  -0.0010609732
       -0.0010360473   0.0007803250  -0.0001075131   0.0000752999  -0.0001671362
       -0.0001515827  -0.0142815268  -0.0023101743  -0.0068256695  -0.0262923243
        0.0038478575  -0.0024473925   0.0001643643   0.0000168455   0.0000178175
       -0.0000364075   0.0000145593  -0.0000145962   0.0001010744   0.0005255215
        0.0001904835  -0.0000590339  -0.0000213114  -0.0000389796   0.0001219873
        0.0000519909   0.0000541162  -0.0000387175  -0.0000092461  -0.0000054462
        0.0019631147   0.0036696187   0.0035229080  -0.0002497386  -0.0002760738
       -0.0002148070  -0.0011638853  -0.0001021278  -0.0003032168  -0.0173162043
       -0.0204613693  -0.0189835204  -0.0263431649  -0.0858740414  -0.0538902510
        0.0029427963   0.0064984016   0.0073404568   0.0492900955  -0.0954611396
       -0.0331513143  -0.0479010356   0.2692612118   0.1330266661   0.0030967743
       -0.0014398096   0.0003750832   0.0000159288  -0.0001738121  -0.0006859374
        0.0160238817  -0.0470157282  -0.0180181826  -0.0000251870  -0.0001725389
        0.0000905971   0.0000500622  -0.0000351392  -0.0000285618   0.0001323556
        0.0000519890  -0.0001165085   0.0001426127   0.0003685296  -0.0000894926
       -0.0000517109   0.0000106804  -0.0000883604   0.0000712294  -0.0000836054
       -0.0004154579  -0.0006820469  -0.0006683375   0.0009810042  -0.0019956515
       -0.0052814959   0.0008442460   0.0002009084   0.0003920969  -0.0004176442
       -0.0002972362  -0.0018413487  -0.0036790934   0.0009084466  -0.0001484749
        0.0008816396  -0.0032838215   0.0024910964  -0.0002394137   0.0231558737
       -0.0201995826  -0.0151496278   0.0007538412   0.0000830398   0.0003667350
       -0.0003504203   0.0001464746  -0.0000009050   0.0000317843  -0.0001753784
       -0.0000346088  -0.0159004845  -0.0013458029  -0.0048935746   0.0170095767
       -0.0019924996   0.0032090664  -0.0000141707   0.0000193091  -0.0000296103
        0.0000431928  -0.0000056178  -0.0000042541  -0.0002121469  -0.0001323539
       -0.0001767388  -0.0000502313  -0.0000942065  -0.0000019629   0.0000103456
       -0.0000002609   0.0000013268  -0.0000056842  -0.0000117032  -0.0000266847
       -0.0010960697   0.0025674820   0.0045133687  -0.0003414697   0.0000171039
       -0.0001817802   0.0012484431   0.0006257825   0.0007484124  -0.0019350974
       -0.0073821497   0.0061824678  -0.0427129780  -0.0469277909  -0.1474375729
       -0.0182141096  -0.0021603714  -0.0110996889   0.0483675689  -0.0356654703
       -0.0957403984   0.1349900004   0.1330266661   0.3821457431  -0.0017643420
        0.0015900809  -0.0005858687  -0.0014219430  -0.0003218206  -0.0014796929
       -0.1199613772  -0.0180388010  -0.0926694471  -0.0000691209  -0.0000370577
        0.0000854331  -0.0000283713  -0.0000530669  -0.0000630145   0.0002194157
       -0.0000100816  -0.0002060855  -0.0002646791  -0.0001637813  -0.0000908286
        0.0001852456  -0.0001183627  -0.0001208901   0.0000961697   0.0000978430
       -0.0004297242   0.0002333839   0.0011673198  -0.0004273979   0.0005943434
        0.0023253199  -0.0000549760   0.0003466371   0.0004404698   0.0001925720
       -0.0089843264  -0.0123341760  -0.0205217112  -0.0001864660  -0.0003056423
       -0.0000702847   0.0211238311  -0.0147984853  -0.0163300558  -0.0003448152
       -0.0016966504   0.0012339380  -0.0002505346  -0.0003529680  -0.0004207694
       -0.0005386039   0.0003504170  -0.0001276142   0.0001527974  -0.0001888919
       -0.0001534635  -0.0265720637  -0.0011230584  -0.0099747552   0.0169619197
       -0.0003662105   0.0028699285  -0.0000288173   0.0000305995  -0.0000035488
        0.0000174435  -0.0000022632  -0.0000118060   0.0003142812  -0.0002321275
        0.0002261860  -0.0001023696   0.0000671902  -0.0000620071   0.0000492486
        0.0000074977   0.0000020636  -0.0000831746  -0.0000345445   0.0000632686
        0.0041866185   0.0013603550  -0.0035516729   0.0004335234  -0.0003679113
       -0.0007263340   0.0001904444   0.0001146459  -0.0002215806   0.0007250282
       -0.0011791092  -0.0002266456  -0.0214849344  -0.0078360662  -0.0219536279
       -0.1165800483  -0.0470404120  -0.0736586381   0.0003104686   0.0007188513
        0.0000883780  -0.0043598245   0.0030967743  -0.0017643420   0.3972302550
       -0.1422929399   0.1471310370  -0.0009270858   0.0005790412   0.0001904985
       -0.0003282862  -0.0005324745  -0.0011609653  -0.0001308544  -0.0007612837
       -0.0009208685   0.0002043362   0.0000464216   0.0000790560  -0.0000239092
        0.0003305601  -0.0003440593   0.0005011693  -0.0005828714  -0.0004188433
       -0.0009739564  -0.0027486041   0.0015128523  -0.0000436679   0.0002981674
       -0.0001368414  -0.0000211546  -0.0000364454   0.0001642372  -0.0001580347
        0.0010299492   0.0004200980  -0.0000482922  -0.0003123191   0.0003392795
        0.0003657486  -0.0003186040   0.0005384402  -0.0178122745  -0.0196014970
       -0.0147849811  -0.0002080612  -0.0000035367  -0.0002794871  -0.0000364524
        0.0001972091   0.0002650816  -0.2399507615   0.2171693185  -0.0339075817
        0.0005922760  -0.0000423973   0.0004733990   0.0003301355  -0.0001310498
       -0.0002057770  -0.0005068406  -0.0005368210   0.0000967509   0.0000573054
        0.0001272095  -0.0000803041   0.0000582221   0.0000298511  -0.0000124731
       -0.0000650512   0.0002200460   0.0000647088   0.0001724863   0.0003181830
        0.0005301313  -0.0014885206  -0.0011123814   0.0020904831  -0.0001804137
       -0.0000446523   0.0002249659  -0.0000295934  -0.0001552069   0.0001456258
       -0.0059665051  -0.0022724540  -0.0099012881   0.0000765334   0.0000923522
       -0.0000726359   0.0000300129   0.0001286622   0.0000738284   0.0002771161
        0.0002309160   0.0006176390   0.0092522438   0.0091181709   0.0102403451
       -0.0274308960  -0.1053776415  -0.0488792999   0.0008593786   0.0003790935
       -0.0024023583   0.0034885135  -0.0014398096   0.0015900809  -0.1422929399
        0.3425505184   0.0624758488  -0.0008682443   0.0000521676  -0.0000489590
        0.0003838172   0.0004369682   0.0005526094  -0.0003905592  -0.0011220949
       -0.0010042733   0.0001445123   0.0002603047   0.0001256968   0.0001245952
        0.0001072832  -0.0001534932   0.0008666555  -0.0004289399  -0.0008400688
       -0.0020850454  -0.0023464594   0.0015290248   0.0000027987   0.0001679386
       -0.0001937680   0.0001584357  -0.0000392086   0.0000915669   0.0006601238
       -0.0003004028   0.0007189885   0.0001944214   0.0003429378  -0.0001230532
        0.0000765543  -0.0002357239  -0.0000944173  -0.0293676996  -0.0221114720
       -0.0245700543  -0.0005688547   0.0000582903  -0.0005951628   0.0002013724
        0.0003579645   0.0002602767   0.1944342216  -0.2161041134   0.0065492440
        0.0002546655  -0.0002585530   0.0000542057   0.0001420290  -0.0000608457
       -0.0000718897   0.0002732562   0.0001694112   0.0000425037  -0.0000820268
       -0.0000195917   0.0000502175   0.0001310549  -0.0000541042   0.0000613394
       -0.0000846680   0.0001809493   0.0001364960   0.0000188185   0.0004509371
        0.0003848311  -0.0025908902  -0.0025749079   0.0027873610  -0.0002034221
       -0.0001696561   0.0003223782  -0.0001193791  -0.0001688873   0.0002862400
       -0.0224567564  -0.0177082273  -0.0281737924  -0.0001242055  -0.0001952593
        0.0023018297   0.0003106814   0.0000763400   0.0002513153  -0.0001716290
       -0.0000665718   0.0002738941  -0.0084692365  -0.0001807563  -0.0058880519
       -0.0602172326  -0.0617355621  -0.1214338118   0.0008504263  -0.0004123539
       -0.0079060733  -0.0003521041   0.0003750832  -0.0005858687   0.1471310370
        0.0624758488   0.1864286597  -0.0007263607   0.0017265313  -0.0007461713
       -0.0002047030  -0.0002250387  -0.0002591464  -0.0004555896   0.0002183777
        0.0003509377  -0.0002188398   0.0001246809   0.0001484363  -0.0001374243
       -0.0002489649  -0.0000576613  -0.0002127571  -0.0011628310   0.0006568844
        0.0012549231   0.0019702993   0.0008335616   0.0000219351   0.0001093491
        0.0000288251  -0.0000199359  -0.0001747042   0.0000323241   0.0002935845
        0.0004005191  -0.0003474647  -0.0002669779  -0.0001469914  -0.0001086061
       -0.0007824385   0.0000510372   0.0003196026  -0.0085994653  -0.0093523441
        0.0007584178  -0.0018402295  -0.0004657806  -0.0013531410  -0.0001387906
       -0.0001302183   0.0000351265  -0.0464888820   0.0228516386  -0.0227475942
       -0.0001048150   0.0002160366   0.0001823110   0.0003503194  -0.0002711099
       -0.0001779002  -0.0001065400  -0.0000909864   0.0000543947  -0.0001336210
        0.0001044581   0.0000359400   0.0001046645   0.0000018471   0.0000384512
       -0.0000302875  -0.0000479208  -0.0000788739   0.0001126881   0.0003245473
        0.0000385449   0.0012378173   0.0012482270  -0.0016840903   0.0003255114
        0.0001843878  -0.0005839538   0.0002652339   0.0001564119  -0.0006372552
       -0.1187679115   0.0485589946   0.0054214964   0.0056421198  -0.0021500631
       -0.0014488289  -0.0002958373  -0.0019445057   0.0007289293  -0.0001057555
        0.0001178330   0.0001638212  -0.0011782170   0.0004954409   0.0014537312
       -0.0079649859   0.0081399851   0.0063373204  -0.0226858240   0.0144083348
       -0.0008027502  -0.0042445972   0.0000159288  -0.0014219430  -0.0009270858
       -0.0008682443  -0.0007263607   0.4815953693   0.0329899327   0.0303926125
       -0.0009265379   0.0004915532   0.0006344740  -0.0002723098  -0.0011305525
        0.0003857153  -0.0001343406  -0.0008801010   0.0001844702   0.0003222586
       -0.0007174650   0.0001936456  -0.0678236937  -0.0219933158  -0.0041026175
       -0.0001662781   0.0001343762   0.0001157070   0.0003100893  -0.0006752071
        0.0000965209   0.0000661268  -0.0000372946   0.0000723097  -0.0000446416
       -0.0000832295  -0.0000523275   0.0000984891  -0.0001102737  -0.0000289026
       -0.0002623286   0.0002434695  -0.0000702963  -0.0000128496   0.0002158882
       -0.0001038613  -0.0003895868  -0.0001824259  -0.0001147738   0.0006000369
        0.0007084705   0.0003192416   0.0007321682   0.0002525339  -0.0004673825
       -0.2032655047  -0.0579802075  -0.0854987837  -0.0504624047   0.0078504161
        0.0321412184   0.0000660736   0.0000476247   0.0000634536  -0.0002499050
        0.0000276489  -0.0001027890  -0.0000386031  -0.0001648818   0.0000541173
       -0.0001623096  -0.0001877456  -0.0000008660  -0.0090818698  -0.0254401206
        0.0163525487   0.0001490785  -0.0000352680  -0.0000643674  -0.0001328635
       -0.0001104416  -0.0000252519   0.0000144306  -0.0000070874  -0.0000792310
        0.0539021166  -0.1015131546  -0.0090130874   0.0113532963  -0.0228452181
        0.0033050775  -0.0009526649  -0.0024900569   0.0018334797  -0.0001208163
       -0.0001872696  -0.0000880532  -0.0000157121  -0.0003396147  -0.0007833543
        0.0079221227  -0.0055850239  -0.0090797268   0.0004467529   0.0042869281
        0.0018416859  -0.0015822471  -0.0001738121  -0.0003218206   0.0005790412
        0.0000521676   0.0017265313   0.0329899327   0.4248593347   0.0255331139
       -0.0001846043   0.0001333342   0.0002844253  -0.0007214312  -0.0017046706
        0.0000513118  -0.0000050605  -0.0009920191   0.0004270224   0.0004017554
        0.0001971104  -0.0007566374  -0.0408353962  -0.1615798585   0.0671623745
        0.0001880681   0.0000672790   0.0001565406   0.0006019011  -0.0005624762
       -0.0000244445   0.0000573304  -0.0002294773  -0.0000961553   0.0001023179
        0.0000088151   0.0000193956  -0.0002194130   0.0001623809   0.0000270454
       -0.0001182861   0.0000366731   0.0002234641  -0.0008971546  -0.0005597428
        0.0012007033  -0.0006064819  -0.0000372485  -0.0001619130  -0.0009670893
       -0.0008271500   0.0001842628   0.0002171500   0.0005286772  -0.0002045710
       -0.0609599393  -0.0601108512  -0.0359803397   0.0087374481  -0.0515778285
       -0.0536463837  -0.0000455479  -0.0000247775  -0.0000604945  -0.0002800916
        0.0001700986  -0.0000136657   0.0001688102  -0.0003259577   0.0001931694
       -0.0002263436  -0.0002599688  -0.0000030872  -0.0089826858  -0.0184168514
        0.0062104330  -0.0000105324  -0.0000834925  -0.0000497689   0.0001112855
       -0.0000236839   0.0000450585  -0.0000478308  -0.0000525943  -0.0001415920
        0.0049807044  -0.0096696117  -0.0625389751  -0.0049301584   0.0083667319
       -0.0004570413   0.0005414264   0.0016226982  -0.0004131498  -0.0000852555
        0.0001410620  -0.0000512202   0.0031934593  -0.0007251303  -0.0048603093
        0.0196332388  -0.0187299474  -0.0035220151  -0.0110158114   0.0079253189
       -0.0000881525  -0.0015819383  -0.0006859374  -0.0014796929   0.0001904985
       -0.0000489590  -0.0007461713   0.0303926125   0.0255331139   0.4972509274
       -0.0004408718   0.0003520147   0.0003173637  -0.0002799951   0.0006011435
        0.0003536529   0.0001521315   0.0002558389  -0.0001674277  -0.0004432346
        0.0010702577   0.0000878286   0.0104227056   0.0814689310  -0.1101443555
       -0.0000394257  -0.0000022597  -0.0002448435  -0.0003248899   0.0004984564
       -0.0000095526  -0.0000139899  -0.0000675859  -0.0000022489   0.0000062394
       -0.0000358767  -0.0000387848  -0.0000222791   0.0000279347   0.0000120246
        0.0014358114  -0.0008256483   0.0000034032   0.0004468992   0.0002089830
        0.0003164899  -0.0008862141   0.0002461902  -0.0004580774   0.0002278064
        0.0009414735   0.0008289062  -0.0005128971  -0.0003688871  -0.0001454703
       -0.0841725870  -0.0332881569  -0.0898045733   0.0306859505  -0.0538445291
       -0.2317735424  -0.0000300199   0.0000119857   0.0000505328  -0.0002203668
        0.0000356081  -0.0000049115  -0.0001505475   0.0000725126  -0.0001346632
        0.0004664149   0.0005659131  -0.0000849458   0.0023579210  -0.0116684692
        0.0078998003   0.0000459877  -0.0000693077  -0.0000148105  -0.0000026310
       -0.0000093651   0.0000386952  -0.0000266944   0.0000935032   0.0000253102
       -0.0026056444   0.0017295049   0.0015227861  -0.0002355721  -0.0001008117
       -0.0000034669   0.0002196767   0.0002229215  -0.0000586568   0.0007571135
        0.0024917057  -0.0004738660  -0.0179411675  -0.0069598103  -0.0110810459
       -0.0002638108  -0.0005605298  -0.0012326838  -0.0290397822   0.0079310339
        0.0016149998  -0.5298088604   0.0160238817  -0.1199613772  -0.0003282862
        0.0003838172  -0.0002047030  -0.0009265379  -0.0001846043  -0.0004408718
        0.8090114021  -0.0700500359   0.1087336146   0.0000122307  -0.0000320913
       -0.0000011395  -0.0000112964  -0.0000195094   0.0000073381  -0.0000144344
        0.0000115858  -0.0001482395   0.0000760836  -0.0000060114   0.0000307613
        0.0000029846  -0.0000077391  -0.0000142969   0.0000914687   0.0000941268
        0.0000656006  -0.0005172670  -0.0003847589   0.0003035562   0.0000884965
       -0.0002198483   0.0001793090   0.0001163074  -0.0000963106  -0.0000646691
        0.0005179941   0.0009439441   0.0009918495  -0.0001171418   0.0001411059
       -0.0000147411   0.0001513617  -0.0006785376  -0.0014808317  -0.0000427950
       -0.0013163941  -0.0006723895  -0.0001026908  -0.0000282258   0.0000047024
       -0.0001795847   0.0001829072  -0.0000228347   0.0000716670  -0.0000576579
       -0.0000806278  -0.0724771372  -0.0413832796  -0.0720723124  -0.1564242662
        0.0920154278   0.0945702959  -0.0000144210  -0.0000006054  -0.0000079650
        0.0000241683  -0.0000062538  -0.0000180620  -0.0001009910  -0.0000987886
        0.0000041133   0.0000078475   0.0000126346   0.0000348784   0.0000052010
       -0.0000027058   0.0000023498  -0.0000023165   0.0000099124  -0.0000113742
        0.0017080847  -0.0011221029  -0.0013191875   0.0001774073   0.0000459037
        0.0000821130   0.0000477057  -0.0002369094   0.0000360982  -0.0008632401
       -0.0006646184  -0.0008374042  -0.0137937109   0.0002120165  -0.0047754743
       -0.0002922000  -0.0011357353  -0.0015184795   0.0163010806  -0.0024642914
        0.0020713521   0.0158954842  -0.0470157282  -0.0180388010  -0.0005324745
        0.0004369682  -0.0002250387   0.0004915532   0.0001333342   0.0003520147
       -0.0700500359   0.2550586909   0.2163015569   0.0000064278   0.0000738308
       -0.0000653362  -0.0000274211   0.0000223550  -0.0000154927  -0.0000285153
       -0.0000354589   0.0000285183   0.0000539571   0.0001278925  -0.0000772604
       -0.0000452497   0.0000037662   0.0000110702  -0.0000322250   0.0000008550
       -0.0000428766  -0.0002726910  -0.0001142917  -0.0001701232  -0.0002279364
       -0.0003842251  -0.0000130508  -0.0001256828   0.0003331380   0.0000780429
       -0.0006446804   0.0000149443  -0.0002027505  -0.0000619239   0.0000558012
       -0.0001307990   0.0008505925   0.0003225554   0.0000103512   0.0013025136
        0.0001870347  -0.0006018530  -0.0002185989  -0.0000099661  -0.0000941922
        0.0001924143  -0.0001390309   0.0000365554  -0.0000370201   0.0000336117
        0.0000350428  -0.0407899913  -0.0984926575  -0.1093008872   0.0911014983
       -0.1053415033  -0.0816806084  -0.0000025461  -0.0000142053   0.0000203194
       -0.0000153357  -0.0000008109   0.0000147019  -0.0000963094   0.0000741978
        0.0000030738   0.0000335897  -0.0000161245   0.0000274304  -0.0000249401
        0.0000011566   0.0000079993   0.0000204196   0.0000496070  -0.0000066251
        0.0019151796  -0.0016027848  -0.0010158077  -0.0000337640  -0.0000380362
        0.0000409897   0.0001255074   0.0001903279  -0.0002174835  -0.0008039661
        0.0008249334  -0.0011812506  -0.0244957881  -0.0030061176  -0.0100184249
       -0.0015683567  -0.0019555764  -0.0028573905   0.0139636513  -0.0001664792
        0.0032440907  -0.1211572800  -0.0180181826  -0.0926694471  -0.0011609653
        0.0005526094  -0.0002591464   0.0006344740   0.0002844253   0.0003173637
        0.1087336146   0.2163015569   0.4301233278   0.0000076194  -0.0000336185
       -0.0000463258   0.0000219642   0.0000119496   0.0000234685  -0.0000617737
       -0.0000403952   0.0000599730  -0.0000052177  -0.0000523259   0.0000824703
       -0.0000225834   0.0000059089   0.0000327544   0.0000253328   0.0000360073
        0.0001380392   0.0001971773   0.0000543893   0.0002774694  -0.0000699830
       -0.0007625413   0.0001772760   0.0000153029  -0.0001245108  -0.0001066806
       -0.0008973870   0.0001889844   0.0007333395   0.0001153224  -0.0001382177
       -0.0000135399   0.0009515406  -0.0007007539   0.0002146738   0.0011813671
       -0.0009312496   0.0002397744  -0.0003198123   0.0000351851  -0.0002306214
        0.0002226753  -0.0001629273   0.0000339663  -0.0000427101   0.0000500063
        0.0000621053  -0.0706812888  -0.1095161182  -0.2081280081   0.0931834028
       -0.0813958048  -0.1190290039   0.0000260938   0.0000043342   0.0000079403
       -0.0000217409   0.0000071911   0.0000164937  -0.0000316909   0.0000658186
       -0.0000756709   0.0000477934   0.0000204599   0.0000229861   0.0000014126
        0.0000030130   0.0000204865   0.0000048763   0.0000085394  -0.0000201874
       -0.0136116716  -0.0148252081   0.0019145562  -0.1555828301  -0.0290065964
       -0.0392233059  -0.0247941548   0.0001249960  -0.0064064867  -0.0004236128
        0.0000468012   0.0001275297  -0.0004462590   0.0001249697   0.0001917274
        0.0001414757   0.0004918296   0.0005695094   0.0003589753  -0.0006044875
        0.0002164175  -0.0005778752  -0.0000251870  -0.0000691209  -0.0001308544
       -0.0003905592  -0.0004555896  -0.0002723098  -0.0007214312  -0.0002799951
        0.0000122307   0.0000064278   0.0000076194   0.6808321340  -0.0643539328
       -0.1451008561  -0.3790153684   0.1130449269   0.1896421204  -0.0049625463
       -0.0057398377  -0.0039770995  -0.0004320294   0.0011685419  -0.0000306128
       -0.0671078025  -0.0093074642  -0.0086906454   0.0006520521  -0.0007904764
        0.0000914815  -0.0024734805   0.0018768629   0.0000424096   0.0002735734
        0.0002360091   0.0002256895   0.0001527431   0.0000867566   0.0001236517
        0.0001634207   0.0000288635  -0.0001274949   0.0001204115  -0.0000224512
       -0.0003429714   0.0000916381  -0.0000724727   0.0000454224  -0.0001065079
        0.0000443134  -0.0001266973   0.0002016043   0.0000999061   0.0003659127
        0.0011700159   0.0015050812  -0.0006022358   0.0000968976   0.0001962779
        0.0000350895   0.0000598740   0.0000289998   0.0000721688   0.0000620399
       -0.0000386301  -0.0000477566  -0.0297733514   0.0057685005   0.0131255354
        0.0004882348   0.0013868017  -0.0003429065   0.0000050546  -0.0002331826
       -0.0000942801   0.0013109317   0.0097927365   0.0118866458  -0.0075032572
       -0.0203133458  -0.0225939617   0.0010206037   0.0103856609   0.0098285292
       -0.0187699516  -0.0089525533  -0.0064565591  -0.0358536260  -0.0732523521
       -0.0158533382   0.0155786227   0.0054073783   0.0067064756   0.0002650528
       -0.0001097230   0.0001009934  -0.0001354404  -0.0000554745  -0.0000175226
        0.0004291523   0.0009505771   0.0001477271  -0.0016834518  -0.0035344112
        0.0014409781  -0.0001290547  -0.0001725389  -0.0000370577  -0.0007612837
       -0.0011220949   0.0002183777  -0.0011305525  -0.0017046706   0.0006011435
       -0.0000320913   0.0000738308  -0.0000336185  -0.0643539328   0.3442168266
        0.2214848735   0.1156605917  -0.0943523714  -0.0937624417  -0.0085664971
       -0.0029616577  -0.0070473170  -0.0000204322   0.0006562008  -0.0006264877
       -0.0134051607  -0.1272841162  -0.0744049489   0.0013094626  -0.0000010763
        0.0006032705   0.0037519629  -0.0029360097   0.0003938473   0.0002968660
       -0.0000534130  -0.0002981166   0.0001404802  -0.0001682394  -0.0003348361
        0.0001268971  -0.0000344647  -0.0000296947   0.0000776609  -0.0001458384
       -0.0001741826   0.0001590087  -0.0000601680   0.0001341047  -0.0009655312
       -0.0004742540  -0.0002388024   0.0000086645   0.0002208341   0.0002383608
       -0.0005278929  -0.0025163100   0.0010048061   0.0001632890  -0.0001391849
       -0.0004208281   0.0000094284  -0.0000090957   0.0000104811   0.0000130356
        0.0000056305   0.0000080366  -0.0079449578   0.0016890511   0.0043757547
        0.0152741076  -0.0099009477  -0.0123591629   0.0000158675  -0.0000558095
        0.0000809530   0.0042079462   0.0063290572   0.0024239441  -0.0044952995
       -0.0056503069  -0.0056065723   0.0012870598  -0.0239023047  -0.0222726408
        0.0094200080   0.0016411825   0.0056718058  -0.0291966637  -0.0139107963
       -0.0754308298   0.0000161143   0.0024554882   0.0011369186   0.0000316652
       -0.0001843054  -0.0000040451  -0.0000374118  -0.0000604472  -0.0001691627
        0.0006205295   0.0006963520   0.0008995744   0.0006499111   0.0021219323
       -0.0007665573  -0.0002426719   0.0000905971   0.0000854331  -0.0009208685
       -0.0010042733   0.0003509377   0.0003857153   0.0000513118   0.0003536529
       -0.0000011395  -0.0000653362  -0.0000463258  -0.1451008561   0.2214848735
        0.4473189633   0.1900626142  -0.0930787355  -0.1757294262  -0.0259462826
       -0.0122015343  -0.0162029380   0.0004831643   0.0005034289  -0.0003231456
       -0.0145209241  -0.0753881601  -0.1461167862  -0.0004778502  -0.0000757515
        0.0006790728  -0.0003210564  -0.0000624560   0.0007322560   0.0003471389
       -0.0001429416  -0.0004478867   0.0000555538  -0.0000388758  -0.0002054254
        0.0000954350   0.0000361127  -0.0000446817  -0.0000094111  -0.0000769295
       -0.0001569626  -0.0001379019  -0.0000251445   0.0000402311   0.0006545159
        0.0003496861   0.0003765246   0.0001719303   0.0005320263  -0.0003157596
       -0.0000063692   0.0001050834   0.0005588543  -0.0000571768  -0.0002951156
       -0.0002978356  -0.0000178806   0.0000078233  -0.0000015127   0.0000581441
       -0.0000115568  -0.0000131699  -0.0056890736   0.0025479591   0.0022721616
        0.0182474667  -0.0098901423  -0.0165744681  -0.0000739907  -0.0000078345
       -0.0000226854   0.0017630679  -0.0180765674  -0.0249482270  -0.0045669888
       -0.0069263467  -0.0062625695   0.0042615433  -0.0011006067   0.0036040147
       -0.0003188566   0.0023144129  -0.0004254832  -0.0398869833   0.0020194576
        0.0093662286  -0.0031968475  -0.0015676344  -0.0018299575  -0.0001252326
        0.0002560005   0.0001234550   0.0000795740   0.0000128866  -0.0000549878
       -0.0002621425  -0.0004834029   0.0001235650  -0.0001216256  -0.0005908414
        0.0000445789   0.0001380751   0.0000500622  -0.0000283713   0.0002043362
        0.0001445123  -0.0002188398  -0.0001343406  -0.0000050605   0.0001521315
       -0.0000112964  -0.0000274211   0.0000219642  -0.3790153684   0.1156605917
        0.1900626142   0.7312614133  -0.0312804301  -0.1295812943  -0.0008316360
        0.0010671137   0.0021985014   0.0002446827  -0.0000032009  -0.0000292765
       -0.0020305827   0.0048401964   0.0068763522   0.0000718382  -0.0001752254
       -0.0000618401  -0.0008661880   0.0008255580  -0.0000894323  -0.0000778396
       -0.0000402018  -0.0000329234   0.0000146424  -0.0000338700   0.0001291703
        0.0000159651   0.0000023346  -0.0000308414  -0.0000491871   0.0000596403
        0.0001387807   0.0000553670   0.0000849466   0.0001018749  -0.0001470269
       -0.0000235985  -0.0000256007  -0.0000755435  -0.0000616893   0.0001310002
       -0.0003535489  -0.0015511043   0.0006191167  -0.0001269895  -0.0001768106
       -0.0000256803   0.0000065543   0.0000057850   0.0000079570   0.0000094458
       -0.0000037238  -0.0000009121  -0.2613370043  -0.0758899767  -0.0614368050
       -0.0459388107  -0.0119665408  -0.0130564635  -0.0000475662   0.0001003592
        0.0000351408   0.0008228709  -0.0005447128  -0.0009537748   0.0012376589
       -0.0013517477  -0.0014733661   0.0007921931  -0.0016666647  -0.0007765818
       -0.0008919769  -0.0018055025   0.0002191527  -0.0047967606   0.0045083929
        0.0029685787  -0.0008628239  -0.0005901355  -0.0003498383  -0.0000359556
        0.0000283731  -0.0000783003   0.0000439348  -0.0000171463   0.0000221750
        0.0000739958  -0.0000407938  -0.0003895024   0.0000232406   0.0000912374
        0.0000583661   0.0001498982  -0.0000351392  -0.0000530669   0.0000464216
        0.0002603047   0.0001246809  -0.0008801010  -0.0009920191   0.0002558389
       -0.0000195094   0.0000223550   0.0000119496   0.1130449269  -0.0943523714
       -0.0930787355  -0.0312804301   0.3103698648   0.2727946303  -0.0021095016
        0.0000027894   0.0005487150  -0.0004012730  -0.0004068677   0.0001242585
        0.0160989823  -0.0114937752  -0.0191951869   0.0000245077   0.0000339591
       -0.0000199531  -0.0003434261   0.0002498977  -0.0000574361  -0.0000792331
       -0.0000445291   0.0000306260  -0.0000838993   0.0000496356   0.0000528279
       -0.0000645927   0.0000170514   0.0000227633  -0.0000061240  -0.0000031978
        0.0000462992  -0.0000419425   0.0000210758  -0.0000016727  -0.0000396276
       -0.0000574869   0.0000256678   0.0000833835  -0.0000096965  -0.0001571693
       -0.0003390642  -0.0004312015   0.0000575161  -0.0003649762  -0.0002399996
        0.0001911914  -0.0000106465  -0.0000072916   0.0000032248  -0.0000309375
        0.0000089152   0.0000027460  -0.0750253454  -0.0616630173  -0.0277624722
       -0.0130351773  -0.1399321557  -0.1329255545  -0.0000748454  -0.0000762477
        0.0000539091  -0.0004229222  -0.0017611650  -0.0016052532   0.0016473642
       -0.0000731598   0.0000865790   0.0000044366  -0.0016309528  -0.0020275550
       -0.0015305988  -0.0003562511   0.0004103928  -0.0011104168   0.0024279934
        0.0025206022  -0.0020817678  -0.0001608165   0.0000397022  -0.0000572850
        0.0000547565  -0.0001261628   0.0000488315  -0.0000296071  -0.0000126284
       -0.0000151467  -0.0000571979  -0.0002309817  -0.0000110811  -0.0003357196
        0.0001183337   0.0001027981  -0.0000285618  -0.0000630145   0.0000790560
        0.0001256968   0.0001484363   0.0001844702   0.0004270224  -0.0001674277
        0.0000073381  -0.0000154927   0.0000234685   0.1896421204  -0.0937624417
       -0.1757294262  -0.1295812943   0.2727946303   0.4446313444  -0.0024396703
       -0.0000555012   0.0013684646   0.0002545115   0.0000308493  -0.0003125279
        0.0194994435  -0.0172159950  -0.0208534128   0.0001403380  -0.0001465282
       -0.0001021650  -0.0002838940   0.0001490339  -0.0000639060  -0.0001138463
        0.0000093648   0.0000270548  -0.0000879093   0.0000487033   0.0000927621
       -0.0000353513  -0.0000266823   0.0000353142  -0.0000476364  -0.0000306907
        0.0001136837   0.0000127307   0.0000774882   0.0000606769  -0.0001381329
       -0.0000956759  -0.0000054666  -0.0000082612  -0.0000095164  -0.0000170693
        0.0004776464   0.0009467502   0.0003722848  -0.0002677136  -0.0002994424
       -0.0001914353   0.0000010307   0.0000058718   0.0000022252  -0.0000110574
        0.0000065225  -0.0000029502  -0.0597195579  -0.0282580999  -0.0558119669
       -0.0144152010  -0.1332487226  -0.1922324929   0.0000123571   0.0000682646
        0.0000268964  -0.0002572736  -0.0026968987  -0.0027926992   0.0018413560
        0.0005699563   0.0002091090  -0.0000909325  -0.0009130628  -0.0014850181
       -0.0012784227  -0.0013015332   0.0093936113  -0.0408357994   0.0052216166
        0.0198759167  -0.0069379479   0.0087604332   0.0194890026  -0.0021683327
        0.0034384116   0.0004316544   0.0001794564  -0.0001139506  -0.0002335149
       -0.0002576247  -0.0016100539   0.0006905925   0.0002414251  -0.0002874052
        0.0018622876  -0.0002845095   0.0001323556   0.0002194157  -0.0000239092
        0.0001245952  -0.0001374243   0.0003222586   0.0004017554  -0.0004432346
       -0.0000144344  -0.0000285153  -0.0000617737  -0.0049625463  -0.0085664971
       -0.0259462826  -0.0008316360  -0.0021095016  -0.0024396703   0.0646888208
       -0.0033564034  -0.0237781710  -0.0001905657  -0.0001163494   0.0000831350
       -0.0036290307  -0.0007794226  -0.0012626547  -0.0001360901   0.0000514977
        0.0000352148  -0.0004963563   0.0006916833   0.0015471849  -0.0001364209
       -0.0000177395   0.0000705726  -0.0006273001   0.0001298480   0.0007782838
        0.0000279462   0.0000420295  -0.0000980444  -0.0002576520   0.0000145507
        0.0004411600  -0.0010876213  -0.0008983520  -0.0004364871  -0.0000561299
        0.0000865934  -0.0001418617   0.0000227545  -0.0000630745  -0.0000349243
       -0.0001424436  -0.0000065830  -0.0001737706   0.0001516400   0.0002861264
        0.0000324578  -0.0000381419  -0.0000303687  -0.0000299769   0.0000844722
       -0.0000064527  -0.0000320563   0.0003798329   0.0001285540   0.0001404307
       -0.0012814127   0.0005215825   0.0005129827   0.0000315465  -0.0000663009
        0.0000480754  -0.0000555209   0.0000618004   0.0002391381  -0.0002883882
       -0.0009135274  -0.0007520645  -0.0001119161   0.0001785977   0.0001107955
       -0.0054176434  -0.0005911980   0.0255137238   0.0066820366  -0.0494703889
       -0.0462775604   0.0075347312  -0.0069618777  -0.0211842012   0.0025223693
       -0.0028625694   0.0000523760  -0.0000094155   0.0000127529   0.0000553607
       -0.0015363490  -0.0038868216   0.0012749572   0.0003550883   0.0004659259
        0.0013205019  -0.0000837607   0.0000519890  -0.0000100816   0.0003305601
        0.0001072832  -0.0002489649  -0.0007174650   0.0001971104   0.0010702577
        0.0000115858  -0.0000354589  -0.0000403952  -0.0057398377  -0.0029616577
       -0.0122015343   0.0010671137   0.0000027894  -0.0000555012  -0.0033564034
        0.0662058339   0.0527327543   0.0001269419   0.0004823459  -0.0004350871
       -0.0019848584   0.0001103053  -0.0009921597  -0.0000017627  -0.0004314760
       -0.0000241530   0.0000257528   0.0007466129  -0.0005851837   0.0000089334
       -0.0000359066   0.0001111155   0.0007053319  -0.0001525308  -0.0008692858
       -0.0000067061  -0.0000361154   0.0000402420  -0.0006539439  -0.0001652641
        0.0012697964  -0.0007127251   0.0000233720  -0.0003226858   0.0001654613
       -0.0000262891   0.0001148297  -0.0000288841   0.0000491187   0.0000716482
        0.0000749365   0.0000248657  -0.0001584661   0.0002021908  -0.0006164808
       -0.0001095270  -0.0000073867  -0.0000086767   0.0000189937   0.0000256876
       -0.0000085376  -0.0000137443   0.0002262504  -0.0002874872   0.0001488340
        0.0003185111   0.0004889973  -0.0000878864  -0.0000558552  -0.0000401678
        0.0000539939   0.0000600259  -0.0000407822   0.0001329877  -0.0001821703
       -0.0004398634  -0.0003634164   0.0000516585   0.0000902473  -0.0000025385
        0.0051301510   0.0027239692  -0.0218612480   0.0202963006  -0.0469633159
       -0.2456517978   0.0019951207  -0.0026111373  -0.0056066345   0.0008486561
       -0.0014447177   0.0009698621  -0.0001455009   0.0000439475   0.0000996297
        0.0008819228   0.0036461388  -0.0005181014  -0.0013744437  -0.0011651021
        0.0012932309   0.0001400798  -0.0001165085  -0.0002060855  -0.0003440593
       -0.0001534932  -0.0000576613   0.0001936456  -0.0007566374   0.0000878286
       -0.0001482395   0.0000285183   0.0000599730  -0.0039770995  -0.0070473170
       -0.0162029380   0.0021985014   0.0005487150   0.0013684646  -0.0237781710
        0.0527327543   0.2846112022  -0.0002115992   0.0000249341   0.0003778973
       -0.0023969258  -0.0003518892  -0.0001044444   0.0001559545  -0.0003183683
       -0.0002005826  -0.0003562282   0.0006081498   0.0012439130  -0.0000144403
        0.0001026076   0.0002031107   0.0003310284  -0.0000185830  -0.0004337474
       -0.0000564657  -0.0000117722   0.0001392027   0.0007153150   0.0001085376
       -0.0011141976   0.0004779493   0.0000966732   0.0006416789  -0.0001219219
       -0.0001465696   0.0000396127   0.0001070070  -0.0001071150   0.0000898302
       -0.0001274688   0.0000088961  -0.0002138303  -0.0002000336   0.0006521132
        0.0003819913   0.0000376681   0.0000198531   0.0000611778  -0.0000373197
        0.0000207844  -0.0000173747   0.0004432422  -0.0002156667   0.0005029971
       -0.0003635835   0.0007505539   0.0003939327   0.0000191855  -0.0000612587
       -0.0000769712  -0.0000135438   0.0000300173   0.0003287053  -0.0002562520
       -0.0006900187  -0.0005499655  -0.0000484315   0.0000323072  -0.0000786607
        0.0063920031   0.0157972933  -0.0088926350  -0.0022958654   0.0023588349
        0.0002664521   0.0003086204   0.0007596315  -0.0002814809  -0.0000592972
        0.0000482725  -0.0000921000   0.0005059432   0.0001166935  -0.0004655922
       -0.0006531534  -0.0003601400   0.0005455260  -0.0007861352  -0.0000404590
       -0.0003953325   0.0004822434   0.0001426127  -0.0002646791   0.0005011693
        0.0008666555  -0.0002127571  -0.0678236937  -0.0408353962   0.0104227056
        0.0000760836   0.0000539571  -0.0000052177  -0.0004320294  -0.0000204322
        0.0004831643   0.0002446827  -0.0004012730   0.0002545115  -0.0001905657
        0.0001269419  -0.0002115992   0.3456041352   0.1775783836   0.1465716252
        0.0001230185  -0.0001058625  -0.0001037184  -0.0001234113   0.0003115095
       -0.0000323352   0.0000079604  -0.0000479099   0.0000207843  -0.0000076974
       -0.0000465404   0.0000018479  -0.0000131334   0.0000675763  -0.0000513226
        0.0000866677  -0.0000727659  -0.0000245481   0.0001938233   0.0014836457
       -0.0003515731  -0.0000656753   0.0003499692  -0.0002105272  -0.0012201004
        0.0026581801  -0.0005258363  -0.0005992486  -0.0005819517  -0.0001768243
       -0.0108090429  -0.0272501891   0.0132649512  -0.0003850699  -0.0080333725
        0.0086095793  -0.0000157961  -0.0000142258  -0.0000232235  -0.0000453324
       -0.0000532029   0.0000677990   0.0000495315   0.0000008795  -0.0000757663
        0.0000319732  -0.0001084521  -0.0002727158  -0.2690197323  -0.1246390809
       -0.1677715083  -0.0001338717  -0.0001104102  -0.0000381767   0.0000891264
        0.0000635681  -0.0000027341  -0.0000181305  -0.0000629404  -0.0000267431
       -0.0013979302  -0.0373590167   0.0177283196   0.0055124320  -0.0044838001
       -0.0014228180  -0.0008740836  -0.0021064706   0.0006130905   0.0000438324
        0.0002040880   0.0001407628  -0.0005419418   0.0004956017   0.0003785437
       -0.0004094851   0.0000411786   0.0029028138  -0.0013277812  -0.0006741236
       -0.0004416807  -0.0006384053   0.0003685296  -0.0001637813  -0.0005828714
       -0.0004289399  -0.0011628310  -0.0219933158  -0.1615798585   0.0814689310
       -0.0000060114   0.0001278925  -0.0000523259   0.0011685419   0.0006562008
        0.0005034289  -0.0000032009  -0.0004068677   0.0000308493  -0.0001163494
        0.0004823459   0.0000249341   0.1775783836   0.3216020158  -0.0523708445
       -0.0001777548  -0.0000184620  -0.0001519587   0.0004072504  -0.0006734354
        0.0000738271   0.0000045491   0.0000376569   0.0000964044  -0.0000772080
        0.0000012253   0.0000345205   0.0001294187  -0.0001080266   0.0000284158
        0.0000484119  -0.0000274556  -0.0001462613   0.0003314134  -0.0002210560
       -0.0003863752  -0.0001742781  -0.0001963139   0.0001144191  -0.0004108611
        0.0014288995  -0.0005217609   0.0001302495  -0.0002024224   0.0001514186
       -0.0114671117  -0.0197897911   0.0069798138  -0.0051752364  -0.0063767948
        0.0161094465   0.0000471026   0.0000254560   0.0000737197   0.0000436548
       -0.0001430935   0.0000333486  -0.0001342718  -0.0000363444  -0.0000985037
        0.0002088821  -0.0000243068  -0.0001318359  -0.1401741085  -0.0907527560
       -0.0706281208   0.0000457134   0.0000540168   0.0001070749  -0.0000970149
        0.0000227873   0.0000102807   0.0000793858   0.0000614408   0.0000747347
       -0.0008355376   0.0102524700  -0.0015320689  -0.0015811295   0.0007466054
        0.0007513480   0.0002883179   0.0006380158  -0.0000631584   0.0001200847
       -0.0001444967   0.0000351003  -0.0003135124  -0.0003304010   0.0003411856
        0.0016106085  -0.0004794797  -0.0015400197   0.0003083508   0.0007135761
        0.0005552895  -0.0001099061  -0.0000894926  -0.0000908286  -0.0004188433
       -0.0008400688   0.0006568844  -0.0041026175   0.0671623745  -0.1101443555
        0.0000307613  -0.0000772604   0.0000824703  -0.0000306128  -0.0006264877
       -0.0003231456  -0.0000292765   0.0001242585  -0.0003125279   0.0000831350
       -0.0004350871   0.0003778973   0.1465716252  -0.0523708445   0.2447846225
       -0.0000007388   0.0000449302   0.0003167634  -0.0001446194   0.0001707519
       -0.0000063266   0.0000301024  -0.0000085241  -0.0000216187   0.0000400265
        0.0000482805   0.0000115984  -0.0000478997  -0.0000832561   0.0000544171
       -0.0001962624   0.0000922367   0.0001260231  -0.0003258236  -0.0015212790
        0.0005219924   0.0002488524  -0.0001547480   0.0001736668  -0.0004762755
       -0.0000423868  -0.0005933420   0.0007944941   0.0008450644   0.0000483528
       -0.0017059072  -0.0077818939   0.0073732230   0.0128285994   0.0356572504
       -0.0276311003   0.0000623129   0.0000118437  -0.0000054247  -0.0000242148
        0.0000721990   0.0000109362   0.0001026207   0.0000940816   0.0001727840
       -0.0002767362  -0.0000412970   0.0002409729  -0.1525459753  -0.0518073328
       -0.1143746277   0.0000405920   0.0001706173   0.0000368047   0.0000085813
        0.0000047675  -0.0000150863  -0.0000031763  -0.0000149876  -0.0000187019
       -0.0005749453   0.0000250416  -0.0007580472  -0.0037022715  -0.0141438847
       -0.0170626240   0.0008822867   0.0003423596   0.0000229094   0.0001380613
        0.0003813811   0.0004282704   0.0001062149   0.0001008879  -0.0001336734
        0.0002152506   0.0002944654   0.0002705524  -0.0003232597  -0.0004123062
        0.0002535415   0.0001346426  -0.0000517109   0.0001852456  -0.0009739564
       -0.0020850454   0.0012549231  -0.0001662781   0.0001880681  -0.0000394257
        0.0000029846  -0.0000452497  -0.0000225834  -0.0671078025  -0.0134051607
       -0.0145209241  -0.0020305827   0.0160989823   0.0194994435  -0.0036290307
       -0.0019848584  -0.0023969258   0.0001230185  -0.0001777548  -0.0000007388
        0.5281017429   0.0006313372  -0.0132990928  -0.0011082701  -0.0006640734
       -0.0004525963  -0.0000176090  -0.0003975859  -0.0000104586  -0.0012406927
       -0.0003886339  -0.0005803274  -0.0003160629  -0.0001733495  -0.0002687723
       -0.0000567309  -0.0000929902   0.0000097672  -0.0000919746  -0.0001610948
       -0.0000915578   0.0000264530   0.0000009965   0.0000467696  -0.0001525341
       -0.0001233274   0.0000028567  -0.0002129001  -0.0002842439  -0.0000646788
       -0.0000051368  -0.0000963374   0.0001075980  -0.0000533154  -0.0000763131
       -0.0000473803  -0.0000372521   0.0000072954  -0.0000435067  -0.0000205396
        0.0000064310   0.0000059175   0.0011388483   0.0017606877   0.0015085705
       -0.0026012892   0.0015911113   0.0035564728  -0.0000076625   0.0000780106
        0.0000257645  -0.0946447609  -0.0386151748   0.0924493178  -0.2702355196
       -0.0334995748  -0.0430472411  -0.0815591260   0.0853716141  -0.0267873663
       -0.0000658021   0.0000362852   0.0001716790  -0.0027032661  -0.0051068418
       -0.0081329059  -0.0000547416  -0.0005874888   0.0000890069   0.0000004976
       -0.0002263222  -0.0001460650   0.0000879339  -0.0001163889   0.0000315102
        0.0004159690  -0.0000711156   0.0005248393  -0.0000862090  -0.0000293337
        0.0000214134  -0.0000092033   0.0000106804  -0.0001183627  -0.0027486041
       -0.0023464594   0.0019702993   0.0001343762   0.0000672790  -0.0000022597
       -0.0000077391   0.0000037662   0.0000059089  -0.0093074642  -0.1272841162
       -0.0753881601   0.0048401964  -0.0114937752  -0.0172159950  -0.0007794226
        0.0001103053  -0.0003518892  -0.0001058625  -0.0000184620   0.0000449302
        0.0006313372   0.4764971840  -0.0171641401   0.0006036333   0.0005018385
        0.0004254898  -0.0000391392  -0.0000021344   0.0001195908  -0.0001446232
        0.0002204695  -0.0000358908  -0.0000177224   0.0000752441   0.0000110790
       -0.0000612032   0.0000288942  -0.0000148006  -0.0002039973  -0.0001076081
       -0.0001621780  -0.0000123246  -0.0000362303   0.0000425344  -0.0000314046
        0.0000155602  -0.0000090368  -0.0000767770   0.0001837041  -0.0002284177
       -0.0000304224  -0.0000454272  -0.0000775028   0.0000073552   0.0000239788
        0.0000379972  -0.0000050113  -0.0000046106   0.0000169067  -0.0000360734
        0.0000065924  -0.0000071789  -0.0007385551  -0.0024275272   0.0027957957
        0.0003136287   0.0072299652  -0.0062479165   0.0000169144  -0.0000021133
       -0.0000085889  -0.0397845228  -0.0659111150   0.0701288327  -0.0333075658
       -0.0478686747  -0.0059039478   0.0833058150  -0.2213260023   0.0547774230
        0.0002284376   0.0003500159  -0.0005586604  -0.0047917934  -0.0052620844
       -0.0060837657   0.0008593980   0.0001018203  -0.0001922664  -0.0005499999
        0.0001328521  -0.0003452349  -0.0000084892   0.0000935174   0.0000887471
       -0.0006080667  -0.0001367062  -0.0011566630  -0.0002299355  -0.0001848289
        0.0000928495   0.0000373105  -0.0000883604  -0.0001208901   0.0015128523
        0.0015290248   0.0008335616   0.0001157070   0.0001565406  -0.0002448435
       -0.0000142969   0.0000110702   0.0000327544  -0.0086906454  -0.0744049489
       -0.1461167862   0.0068763522  -0.0191951869  -0.0208534128  -0.0012626547
       -0.0009921597  -0.0001044444  -0.0001037184  -0.0001519587   0.0003167634
       -0.0132990928  -0.0171641401   0.4867007837  -0.0006264655  -0.0003880025
       -0.0002359652  -0.0001104550  -0.0001809194   0.0001426210   0.0003500507
       -0.0001704899   0.0002340332  -0.0001630051  -0.0000472953   0.0000418391
       -0.0000497692  -0.0000416462   0.0000526932   0.0001509082   0.0001487997
        0.0001739386   0.0000475704  -0.0000180111   0.0000963108  -0.0000646078
       -0.0000021556  -0.0000097579   0.0000497821  -0.0003455840  -0.0000375002
        0.0000976300  -0.0000727810  -0.0001065582   0.0000508818   0.0001211938
        0.0001386993   0.0000238248   0.0000046340   0.0000235444  -0.0000250210
        0.0000011727  -0.0000019728  -0.0017213871   0.0023217890  -0.0013327354
        0.0027857154  -0.0073694391   0.0041334034   0.0000601119   0.0000175539
       -0.0000531340   0.0918149913   0.0686102490  -0.2087332859  -0.0443869066
       -0.0053439340  -0.0523486185  -0.0283552139   0.0579603990  -0.0544660470
       -0.0024032309   0.0029035147   0.0001626640   0.0058081172   0.0186902324
       -0.0039115883  -0.0814218485  -0.0869476945   0.0171620509  -0.0065042947
       -0.0127049587   0.0054040946  -0.0013295245   0.0001834596   0.0026422110
       -0.0000589753  -0.0000418128   0.0001914492  -0.0000346807  -0.0002679405
        0.0000759858  -0.0000304184   0.0000712294   0.0000961697  -0.0000436679
        0.0000027987   0.0000219351   0.0003100893   0.0006019011  -0.0003248899
        0.0000914687  -0.0000322250   0.0000253328   0.0006520521   0.0013094626
       -0.0004778502   0.0000718382   0.0000245077   0.0001403380  -0.0001360901
       -0.0000017627   0.0001559545  -0.0001234113   0.0004072504  -0.0001446194
       -0.0011082701   0.0006036333  -0.0006264655   0.0989994932   0.0992408251
       -0.0202437023  -0.0121100720  -0.0227025660   0.0007744520   0.0006074523
        0.0001343704  -0.0005264717  -0.0003305872  -0.0000520493  -0.0000324954
       -0.0002530887  -0.0007201288   0.0003681695   0.0000044128   0.0000376555
       -0.0000216043  -0.0000817323   0.0001224915   0.0001651234   0.0000100297
        0.0000318832   0.0000511799   0.0000037448  -0.0000113877  -0.0000128563
        0.0000560595   0.0000141712   0.0000115897  -0.0000060336  -0.0000199202
       -0.0000129876   0.0000096637  -0.0000030620   0.0000369560   0.0000164863
       -0.0000174124   0.0000031609   0.0000564193  -0.0000185171  -0.0000137341
        0.0000688102  -0.0000506948  -0.0000517914  -0.0000191774   0.0000118785
        0.0000138464   0.0000892681  -0.0000693396   0.0000833337   0.0000127194
       -0.0001076860   0.0000812786  -0.0008730215  -0.0006221072  -0.0012662192
        0.0035334674  -0.0031669529  -0.0010824355  -0.0048501003  -0.0238516831
        0.0044063606  -0.0863828429  -0.2267172390   0.0389910238  -0.0016583532
       -0.0012288718   0.0016074289  -0.0005929389   0.0009879576   0.0006696516
       -0.0001346187   0.0000433657  -0.0003038425   0.0000818434   0.0000366836
        0.0000954101   0.0000102218  -0.0000836054   0.0000978430   0.0002981674
        0.0001679386   0.0001093491  -0.0006752071  -0.0005624762   0.0004984564
        0.0000941268   0.0000008550   0.0000360073  -0.0007904764  -0.0000010763
       -0.0000757515  -0.0001752254   0.0000339591  -0.0001465282   0.0000514977
       -0.0004314760  -0.0003183683   0.0003115095  -0.0006734354   0.0001707519
       -0.0006640734   0.0005018385  -0.0003880025   0.0992408251   0.2630744233
       -0.0440237457  -0.0072445671  -0.0093056261  -0.0005127179   0.0002439162
        0.0003633449  -0.0000353758  -0.0001984165   0.0001369003  -0.0000071616
       -0.0000125592  -0.0002736567   0.0000629325   0.0000428434   0.0000739936
       -0.0000847992  -0.0000241289   0.0000427670   0.0000842951   0.0000623943
        0.0001226507   0.0000077484  -0.0001289071   0.0000047773  -0.0000301417
       -0.0000311096  -0.0000289350   0.0000335242  -0.0000156669   0.0000035261
       -0.0000212593   0.0000238642  -0.0000111633   0.0000089609   0.0000035554
        0.0000094187   0.0000106419  -0.0000508779  -0.0000207489   0.0000801179
       -0.0000709623  -0.0000339522  -0.0000102800   0.0000014179   0.0001243365
        0.0000075759   0.0000018002  -0.0001400573   0.0000993541  -0.0001175462
       -0.0000166688   0.0000429188  -0.0001828726   0.0008188883  -0.0000799428
       -0.0003002523   0.0003278793   0.0001536570  -0.0004674287   0.0000107238
        0.0009347824   0.0167692022   0.0383909663  -0.0497572162   0.0134279532
        0.0240374155  -0.0087656524   0.0034147100   0.0001384064  -0.0046675610
        0.0001847283  -0.0001110526   0.0001998362  -0.0000187443  -0.0002706672
        0.0001045198  -0.0001883222  -0.0004154579  -0.0004297242  -0.0001368414
       -0.0001937680   0.0000288251   0.0000965209  -0.0000244445  -0.0000095526
        0.0000656006  -0.0000428766   0.0001380392   0.0000914815   0.0006032705
        0.0006790728  -0.0000618401  -0.0000199531  -0.0001021650   0.0000352148
       -0.0000241530  -0.0002005826  -0.0000323352   0.0000738271  -0.0000063266
       -0.0004525963   0.0004254898  -0.0002359652  -0.0202437023  -0.0440237457
        0.0596762041  -0.0115724028  -0.0202721704   0.0028597726  -0.0000703360
        0.0007150268   0.0006298962   0.0000142955  -0.0000041475   0.0002249389
        0.0005851213   0.0014136737  -0.0007165159  -0.0000352057  -0.0000408242
       -0.0000037828  -0.0000387190   0.0001167164   0.0000977462   0.0000547136
       -0.0000223278   0.0000265555   0.0000260415   0.0000691990  -0.0000039057
       -0.0000035840   0.0000056190  -0.0000163274   0.0000009312   0.0000053927
        0.0000085476   0.0000159685   0.0000293376   0.0000348318  -0.0000292885
       -0.0000103217  -0.0000212754  -0.0000248842   0.0000454115  -0.0000200921
        0.0000304826  -0.0000651334  -0.0000907278   0.0000013563  -0.0000221915
       -0.0000138390   0.0000566910   0.0001142539  -0.0002254497   0.0002118198
       -0.0001961260   0.0000463411  -0.0014063498  -0.0007632484  -0.0005569049
       -0.0003973413  -0.0000316452  -0.0001581952  -0.0206445918   0.0005744206
       -0.0140512958  -0.1488221034  -0.0306217024  -0.1119952679   0.0074716442
        0.0023675521   0.0094354926   0.0002457448   0.0001828094  -0.0002254205
       -0.0000804695  -0.0000458497  -0.0001388467   0.0001048458  -0.0006574146
        0.0000335627   0.0003866946  -0.0006820469   0.0002333839  -0.0000211546
        0.0001584357  -0.0000199359   0.0000661268   0.0000573304  -0.0000139899
       -0.0005172670  -0.0002726910   0.0001971773  -0.0024734805   0.0037519629
       -0.0003210564  -0.0008661880  -0.0003434261  -0.0002838940  -0.0004963563
        0.0000257528  -0.0003562282   0.0000079604   0.0000045491   0.0000301024
       -0.0000176090  -0.0000391392  -0.0001104550  -0.0121100720  -0.0072445671
       -0.0115724028   0.1774491929   0.0325452488   0.1246597544  -0.0001324483
       -0.0000622547   0.0025951449   0.0010055770   0.0001231382   0.0008406003
       -0.0000836336   0.0000788535  -0.0000391880  -0.0000414499   0.0000271454
        0.0000573762   0.0002977337   0.0002618700   0.0003062706  -0.0000359021
       -0.0001334448   0.0002063630   0.0000549038  -0.0001431843   0.0000322898
        0.0000395438  -0.0000985061   0.0000884564  -0.0000557264   0.0000055602
        0.0000034481  -0.0000407006  -0.0000646464  -0.0000387287  -0.0000879143
        0.0001111669  -0.0000000885  -0.0001868015  -0.0002303422   0.0003972418
        0.0000069886   0.0000999910  -0.0000435511   0.0000256598   0.0000142075
        0.0000084246  -0.0000873184   0.0000503598   0.0001431457   0.0000615813
        0.0000725508   0.0000785290  -0.0000256691   0.0001579554   0.0000217808
        0.0003547867   0.0001897119  -0.0000559724   0.0177094019   0.0014386639
        0.0132615390  -0.0309613203  -0.0513831492  -0.0290391020   0.0004728586
        0.0004855528  -0.0020053229   0.0002366377   0.0004350860   0.0002169200
       -0.0000638851  -0.0001364014   0.0000902647   0.0000589817  -0.0014931886
        0.0005209376  -0.0008647236  -0.0006683375   0.0011673198  -0.0000364454
       -0.0000392086  -0.0001747042  -0.0000372946  -0.0002294773  -0.0000675859
       -0.0003847589  -0.0001142917   0.0000543893   0.0018768629  -0.0029360097
       -0.0000624560   0.0008255580   0.0002498977   0.0001490339   0.0006916833
        0.0007466129   0.0006081498  -0.0000479099   0.0000376569  -0.0000085241
       -0.0003975859  -0.0000021344  -0.0001809194  -0.0227025660  -0.0093056261
       -0.0202721704   0.0325452488   0.0630002416   0.0382772651   0.0001085476
        0.0007084866  -0.0005570926  -0.0000327138   0.0000117614  -0.0008067465
       -0.0000269615  -0.0001086495  -0.0000861581   0.0000683187  -0.0000135947
        0.0000041177   0.0002134066  -0.0013510114  -0.0006683905   0.0001211168
       -0.0000848838  -0.0000867057  -0.0000171168   0.0000278401   0.0000220150
       -0.0000717912   0.0000699205  -0.0000649401   0.0000274677   0.0000285832
        0.0000325083  -0.0000668857  -0.0000762557  -0.0000610824   0.0001309974
        0.0000225391  -0.0000942176   0.0001932527   0.0002168544  -0.0002803891
       -0.0000426119  -0.0000090346   0.0000984843   0.0000253284  -0.0000489359
        0.0000050362   0.0000243684   0.0000077122   0.0000712862  -0.0000174916
        0.0001043201  -0.0000327534   0.0000872384   0.0002187490   0.0000259661
       -0.0003567530   0.0000510157  -0.0001667055  -0.0015339846  -0.0008215355
       -0.0007495645  -0.1120679527  -0.0286437153  -0.1555591312  -0.0160114393
       -0.0072701187  -0.0289351784  -0.0005155959  -0.0006390552   0.0006932957
       -0.0001959235   0.0000304420  -0.0001782090  -0.0000567562  -0.0001114628
        0.0004734312   0.0003151699   0.0009810042  -0.0004273979   0.0001642372
        0.0000915669   0.0000323241   0.0000723097  -0.0000961553  -0.0000022489
        0.0003035562  -0.0001701232   0.0002774694   0.0000424096   0.0003938473
        0.0007322560  -0.0000894323  -0.0000574361  -0.0000639060   0.0015471849
       -0.0005851837   0.0012439130   0.0000207843   0.0000964044  -0.0000216187
       -0.0000104586   0.0001195908   0.0001426210   0.0007744520  -0.0005127179
        0.0028597726   0.1246597544   0.0382772651   0.1845844380   0.0031411554
       -0.0004680830  -0.0061570707  -0.0004443382  -0.0001110644   0.0006382390
       -0.0000201627  -0.0001825163   0.0001912081   0.0000569031  -0.0000228198
       -0.0000428237  -0.0000025578  -0.0001908156   0.0003329624   0.0000605030
       -0.0001261649   0.0000305739   0.0000015597   0.0000334550   0.0000635515
        0.0000231851  -0.0000411887  -0.0000000674   0.0000106694   0.0000045667
        0.0000259819  -0.0000292584   0.0000246920   0.0000033700   0.0000558172
       -0.0000665461  -0.0000810583  -0.0000249509   0.0000292426   0.0000027854
       -0.0000109389   0.0000157558   0.0000515187  -0.0000182529   0.0000215528
        0.0000047123   0.0000936206  -0.0000836119   0.0000638769   0.0000417926
       -0.0000097787   0.0000247863   0.0000036917   0.0000396915  -0.0000881070
       -0.0000025063  -0.0000781888  -0.0000741719   0.0003406880   0.0000716925
       -0.0000472761   0.0082861131   0.0043956822   0.0093748217  -0.1289399717
       -0.0502665197  -0.1038550218  -0.0061513176  -0.0074846692  -0.0064104127
        0.0004561986   0.0007254012  -0.0002055300  -0.0000385651  -0.0000526791
       -0.0002026433  -0.0006589012  -0.0019956515   0.0005943434  -0.0001580347
        0.0006601238   0.0002935845  -0.0000446416   0.0001023179   0.0000062394
        0.0000884965  -0.0002279364  -0.0000699830   0.0002735734   0.0002968660
        0.0003471389  -0.0000778396  -0.0000792331  -0.0001138463  -0.0001364209
        0.0000089334  -0.0000144403  -0.0000076974  -0.0000772080   0.0000400265
       -0.0012406927  -0.0001446232   0.0003500507   0.0006074523   0.0002439162
       -0.0000703360  -0.0001324483   0.0001085476   0.0031411554   0.1510092034
        0.0601791408   0.1178463957  -0.0202839116  -0.0069187047  -0.0204307788
       -0.0002333025  -0.0000789631   0.0000120472  -0.0002292115   0.0000314873
       -0.0000890574  -0.0000218538  -0.0000220447   0.0000506693   0.0000045773
       -0.0000013749  -0.0000161267  -0.0000650860   0.0003794673  -0.0000872074
        0.0000053926   0.0000319982   0.0000085669  -0.0000115122  -0.0000018669
       -0.0000023776   0.0000294526   0.0002018834  -0.0000789588   0.0000772885
       -0.0000511658   0.0000263524  -0.0000035696   0.0000055645  -0.0000281958
        0.0000527360  -0.0000969020  -0.0000607061  -0.0000162616   0.0000128170
       -0.0000113748  -0.0022255675   0.0007674901  -0.0006684766  -0.0001018345
       -0.0000590587  -0.0001582408  -0.0004500242  -0.0005865397   0.0006037701
        0.0001688860  -0.0001735774  -0.0000068380  -0.0001937596   0.0000826896
       -0.0001226657  -0.0013050132  -0.0000992039  -0.0020024650  -0.0490911490
       -0.0718606851  -0.0623896420  -0.0188819145  -0.0179115563  -0.0182158561
       -0.0010846133   0.0005350228  -0.0012457622  -0.0000986590   0.0001371535
       -0.0002252790  -0.0021508159  -0.0052814959   0.0023253199   0.0010299492
       -0.0003004028   0.0004005191  -0.0000832295   0.0000088151  -0.0000358767
       -0.0002198483  -0.0003842251  -0.0007625413   0.0002360091  -0.0000534130
       -0.0001429416  -0.0000402018  -0.0000445291   0.0000093648  -0.0000177395
       -0.0000359066   0.0001026076  -0.0000465404   0.0000012253   0.0000482805
       -0.0003886339   0.0002204695  -0.0001704899   0.0001343704   0.0003633449
        0.0007150268  -0.0000622547   0.0007084866  -0.0004680830   0.0601791408
        0.0858727840   0.0695789912   0.0121182947   0.0063119020   0.0120672022
       -0.0000915797   0.0002916017  -0.0000355024  -0.0001402125   0.0004773356
       -0.0000385202   0.0000543390   0.0000204280  -0.0000211146  -0.0000162499
        0.0000454648   0.0000328512  -0.0003483398   0.0003893480   0.0001795629
        0.0000585075  -0.0000170117   0.0000031247  -0.0000139561   0.0000464118
        0.0000324626  -0.0000789487   0.0006056046  -0.0004860655  -0.0000281662
       -0.0002944916   0.0001811494  -0.0000087861  -0.0000009963   0.0000128643
       -0.0000064198   0.0000096062  -0.0000133563   0.0000319230   0.0000211459
        0.0000085054   0.0008782952   0.0005507779   0.0002236911  -0.0001557935
       -0.0001196566   0.0001276063  -0.0003368899  -0.0001224663   0.0003338694
        0.0000662907  -0.0001988186  -0.0001716919  -0.0000576360  -0.0002831753
        0.0003262835  -0.0142951329  -0.0088549175  -0.0243945673  -0.1025801362
       -0.0622009124  -0.1642337443   0.0032107354   0.0017113042   0.0049286026
       -0.0004992222  -0.0003783767   0.0002484681   0.0000434900  -0.0000440840
        0.0001197674  -0.0002667503   0.0008442460  -0.0000549760   0.0004200980
        0.0007189885  -0.0003474647  -0.0000523275   0.0000193956  -0.0000387848
        0.0001793090  -0.0000130508   0.0001772760   0.0002256895  -0.0002981166
       -0.0004478867  -0.0000329234   0.0000306260   0.0000270548   0.0000705726
        0.0001111155   0.0002031107   0.0000018479   0.0000345205   0.0000115984
       -0.0005803274  -0.0000358908   0.0002340332  -0.0005264717  -0.0000353758
        0.0006298962   0.0025951449  -0.0005570926  -0.0061570707   0.1178463957
        0.0695789912   0.1911168596  -0.0057073258  -0.0010011981  -0.0034240556
        0.0000425904   0.0000436640   0.0002269499   0.0000109133  -0.0001118635
       -0.0001376511  -0.0000551236   0.0001244620   0.0000996059   0.0000311123
        0.0000013146   0.0000333185  -0.0001350509   0.0001750298   0.0001484304
        0.0000399596  -0.0000159332   0.0000278758  -0.0000034673   0.0000357354
       -0.0000029150   0.0000627233  -0.0000329297   0.0000884009   0.0000324357
        0.0000484844  -0.0000568484  -0.0000088031   0.0000283745   0.0000207827
       -0.0000551827   0.0000292244   0.0000548139   0.0000042934   0.0000184209
       -0.0000052899  -0.0002187400  -0.0002266934   0.0009903604  -0.0003013792
        0.0001195585   0.0000244275   0.0004923986   0.0006149730  -0.0002649698
        0.0000501495  -0.0002229902  -0.0000410180  -0.0007022842  -0.0005293596
        0.0033773510  -0.0149018168   0.0102302395   0.0021986781  -0.1933678750
        0.1089036399  -0.0191967143   0.0053196594  -0.0039176138   0.0005787525
        0.0003001034  -0.0011374798  -0.0001436706   0.0000702421   0.0000572852
       -0.0000697531   0.0003574169   0.0002009084   0.0003466371  -0.0000482922
        0.0001944214  -0.0002669779   0.0000984891  -0.0002194130  -0.0000222791
        0.0001163074  -0.0001256828   0.0000153029   0.0001527431   0.0001404802
        0.0000555538   0.0000146424  -0.0000838993  -0.0000879093  -0.0006273001
        0.0007053319   0.0003310284  -0.0000131334   0.0001294187  -0.0000478997
       -0.0003160629  -0.0000177224  -0.0001630051  -0.0003305872  -0.0001984165
        0.0000142955   0.0010055770  -0.0000327138  -0.0004443382  -0.0202839116
        0.0121182947  -0.0057073258   0.2222978297  -0.1256662716   0.0187283608
        0.0006821554  -0.0001666450  -0.0001493649   0.0001749799  -0.0002311597
        0.0001331057  -0.0000576595  -0.0000161705   0.0000198426  -0.0000156725
       -0.0000083460   0.0000247213   0.0000905560  -0.0000264697   0.0001784142
        0.0000428108  -0.0000393943   0.0000154323   0.0000020026  -0.0000234567
        0.0000183282  -0.0000239716   0.0001034525   0.0000139001  -0.0000043961
       -0.0001035566   0.0000320183  -0.0000506092  -0.0000372365  -0.0000093604
        0.0000321003   0.0000016469  -0.0000149839   0.0000235803  -0.0000387377
        0.0000139672   0.0000557251  -0.0000213138   0.0002014080  -0.0000188415
       -0.0000316858   0.0001150719  -0.0001246564   0.0001106158  -0.0000475695
       -0.0001690404   0.0001323522   0.0002213847   0.0004033938   0.0006994723
       -0.0008740237   0.0032553109  -0.0010522169  -0.0010828532   0.1077904541
       -0.1193081523   0.0114486908   0.0214156378  -0.0224072636   0.0046342299
       -0.0021814694  -0.0061547039   0.0015811220  -0.0000295225   0.0001177368
       -0.0000550634   0.0014077770   0.0003920969   0.0004404698  -0.0003123191
        0.0003429378  -0.0001469914  -0.0001102737   0.0001623809   0.0000279347
       -0.0000963106   0.0003331380  -0.0001245108   0.0000867566  -0.0001682394
       -0.0000388758  -0.0000338700   0.0000496356   0.0000487033   0.0001298480
       -0.0001525308  -0.0000185830   0.0000675763  -0.0001080266  -0.0000832561
       -0.0001733495   0.0000752441  -0.0000472953  -0.0000520493   0.0001369003
       -0.0000041475   0.0001231382   0.0000117614  -0.0001110644  -0.0069187047
        0.0063119020  -0.0010011981  -0.1256662716   0.1409766125  -0.0153535819
        0.0003692220   0.0006551408  -0.0000048521   0.0012846259  -0.0013140744
        0.0002626391  -0.0000227407  -0.0000149981  -0.0000196676  -0.0000066907
        0.0000686326   0.0000744932  -0.0001727711   0.0001825202  -0.0000856986
       -0.0000449958   0.0000139038   0.0000107916  -0.0000092044  -0.0000081627
       -0.0000263703  -0.0000153105  -0.0000107831   0.0002022840  -0.0003709098
        0.0000537959   0.0000435652   0.0000284274   0.0000128236   0.0000039073
       -0.0000105595  -0.0000178364  -0.0000002349   0.0000054848   0.0000570613
        0.0000399314   0.0000567361  -0.0001134548   0.0000387425  -0.0000676382
       -0.0000122657   0.0000471692   0.0000396126   0.0000566597  -0.0000477905
       -0.0001139161   0.0002075084  -0.0000865071   0.0026436341  -0.0001421694
       -0.0042229809   0.0230600701  -0.0156035884  -0.0022186732  -0.0197995680
        0.0116679248  -0.0442315681  -0.0057673221   0.0062492675  -0.0008628039
        0.0002861735   0.0021666386  -0.0001093394  -0.0000363405  -0.0001367676
        0.0000598113   0.0002295998  -0.0004176442   0.0001925720   0.0003392795
       -0.0001230532  -0.0001086061  -0.0000289026   0.0000270454   0.0000120246
       -0.0000646691   0.0000780429  -0.0001066806   0.0001236517  -0.0003348361
       -0.0002054254   0.0001291703   0.0000528279   0.0000927621   0.0007782838
       -0.0008692858  -0.0004337474  -0.0000513226   0.0000284158   0.0000544171
       -0.0002687723   0.0000110790   0.0000418391  -0.0000324954  -0.0000071616
        0.0002249389   0.0008406003  -0.0008067465   0.0006382390  -0.0204307788
        0.0120672022  -0.0034240556   0.0187283608  -0.0153535819   0.0546124079
       -0.0004174235   0.0005054557   0.0000066739  -0.0003577178   0.0004002792
       -0.0001375616   0.0000645007   0.0000088384  -0.0000052555   0.0000097949
        0.0000071363  -0.0000206157  -0.0000069086   0.0001242705   0.0001081441
        0.0000037731   0.0000093170  -0.0000341136   0.0000029268   0.0000633490
        0.0000206815   0.0000244418   0.0000170741  -0.0000886646   0.0000449659
        0.0000312111   0.0001108199   0.0000484791   0.0000570776  -0.0000318139
       -0.0000250661   0.0000183464   0.0000479015   0.0000105646  -0.0000146038
       -0.0000184283   0.0001017685  -0.0000769989   0.0001395348  -0.0000746426
       -0.0000141772   0.0000726098   0.0000058068   0.0001023067  -0.0000885367
       -0.0041965760   0.0038937205  -0.0002614993   0.0001814654   0.0000382393
       -0.0003098837   0.0000468381  -0.0022616706   0.0002070992  -0.0055962354
       -0.0016601560   0.0092376768  -0.1232385129   0.0075524467   0.1092992467
       -0.0163362473   0.0035103297   0.0204978880  -0.0006018431  -0.0010474358
       -0.0014400348   0.0067317097  -0.0002972362  -0.0089843264   0.0003657486
        0.0000765543  -0.0007824385  -0.0002623286  -0.0001182861   0.0014358114
        0.0005179941  -0.0006446804  -0.0008973870   0.0001634207   0.0001268971
        0.0000954350   0.0000159651  -0.0000645927  -0.0000353513   0.0000279462
       -0.0000067061  -0.0000564657   0.0000866677   0.0000484119  -0.0001962624
       -0.0000567309  -0.0000612032  -0.0000497692  -0.0002530887  -0.0000125592
        0.0005851213  -0.0000836336  -0.0000269615  -0.0000201627  -0.0002333025
       -0.0000915797   0.0000425904   0.0006821554   0.0003692220  -0.0004174235
        0.1413816802  -0.0084267792  -0.1280104257   0.0009101240  -0.0004916036
       -0.0000038167   0.0001250677  -0.0001501228  -0.0002292484   0.0000541141
       -0.0000915980  -0.0000946904   0.0001111416  -0.0003844041  -0.0000065882
        0.0000510369  -0.0000133187   0.0000151925  -0.0003402084   0.0003058502
        0.0000982260  -0.0001052290  -0.0001573499   0.0003069217  -0.0001182087
        0.0000971331  -0.0001018187  -0.0000215130  -0.0000057109  -0.0000148346
        0.0000309956  -0.0000118573  -0.0000321232   0.0000001751  -0.0000471929
        0.0000471739  -0.0000818234   0.0000107480   0.0000754418   0.0000200419
        0.0000147639  -0.0000195304   0.0000211934   0.0000286879   0.0000202559
        0.0028586767  -0.0020554841  -0.0009327656   0.0001179285  -0.0000696090
       -0.0001562233  -0.0022817013  -0.0048831634   0.0015088939  -0.0164974669
       -0.0030732336   0.0225723490   0.0074866870  -0.0381681000  -0.0076235175
        0.0101625458  -0.0012639278  -0.0119875019   0.0004972961  -0.0010399783
       -0.0024511126   0.0053476045  -0.0018413487  -0.0123341760  -0.0003186040
       -0.0002357239   0.0000510372   0.0002434695   0.0000366731  -0.0008256483
        0.0009439441   0.0000149443   0.0001889844   0.0000288635  -0.0000344647
        0.0000361127   0.0000023346   0.0000170514  -0.0000266823   0.0000420295
       -0.0000361154  -0.0000117722  -0.0000727659  -0.0000274556   0.0000922367
       -0.0000929902   0.0000288942  -0.0000416462  -0.0007201288  -0.0002736567
        0.0014136737   0.0000788535  -0.0001086495  -0.0001825163  -0.0000789631
        0.0002916017   0.0000436640  -0.0001666450   0.0006551408   0.0005054557
       -0.0084267792   0.0525675584   0.0108050274   0.0001401694   0.0001792957
       -0.0005480863   0.0002773659  -0.0003249448  -0.0002219039   0.0001052730
       -0.0001294979  -0.0001739301   0.0000671770   0.0000395676   0.0000019738
       -0.0000375501  -0.0000184408   0.0000133841   0.0001886066  -0.0002045362
       -0.0000364155  -0.0000124609  -0.0003830826   0.0002944484   0.0000461029
        0.0003193146   0.0000136350   0.0000064204  -0.0000103009   0.0000052455
       -0.0000004344  -0.0000154832   0.0000006851   0.0000340405   0.0000321718
       -0.0000325040  -0.0000052903  -0.0000159055   0.0000151981  -0.0000004760
        0.0000014210   0.0000007746   0.0000368672   0.0000294681   0.0000236226
       -0.0008211465  -0.0003157542  -0.0001170539  -0.0000944951  -0.0000319003
        0.0001322205   0.0010095919   0.0027163738   0.0001783199   0.0069967785
        0.0025897249  -0.0083652880   0.1103875672  -0.0092363525  -0.1914629434
       -0.0024214395  -0.0001462581   0.0032143355  -0.0005401835  -0.0019847245
       -0.0030607945   0.0124740649  -0.0036790934  -0.0205217112   0.0005384402
       -0.0000944173   0.0003196026  -0.0000702963   0.0002234641   0.0000034032
        0.0009918495  -0.0002027505   0.0007333395  -0.0001274949  -0.0000296947
       -0.0000446817  -0.0000308414   0.0000227633   0.0000353142  -0.0000980444
        0.0000402420   0.0001392027  -0.0000245481  -0.0001462613   0.0001260231
        0.0000097672  -0.0000148006   0.0000526932   0.0003681695   0.0000629325
       -0.0007165159  -0.0000391880  -0.0000861581   0.0001912081   0.0000120472
       -0.0000355024   0.0002269499  -0.0001493649  -0.0000048521   0.0000066739
       -0.1280104257   0.0108050274   0.2186765724  -0.0000968086  -0.0003643206
        0.0003837979   0.0004095772  -0.0004134908  -0.0002493112   0.0002796469
       -0.0002659717  -0.0003590851  -0.0001945308   0.0003255782  -0.0000604964
        0.0000005543   0.0000019939   0.0000037874  -0.0000141462   0.0000598496
        0.0000560722  -0.0001710082  -0.0004498914   0.0008187247  -0.0006073082
        0.0006022254  -0.0002655319   0.0000324655   0.0000111002   0.0000092051
       -0.0000163475  -0.0000018418  -0.0000031776  -0.0000002648   0.0000686396
       -0.0000512324   0.0000407364  -0.0000130471  -0.0000048411  -0.0000017818
       -0.0000006062   0.0000122067  -0.0000215917  -0.0000122253  -0.0000369885
       -0.0044619435  -0.0128106606   0.0094572325  -0.0004628358   0.0006486441
        0.0028034392   0.0000175686   0.0000858765  -0.0000632466  -0.0035275357
        0.0026922683  -0.0012993833   0.0030349342   0.0222018621  -0.0086801768
       -0.0537333686  -0.0464025895   0.0244807229   0.0000702970   0.0001725232
       -0.0011935717   0.0003367914   0.0009084466  -0.0001864660  -0.0178122745
       -0.0293676996  -0.0085994653  -0.0000128496  -0.0008971546   0.0004468992
       -0.0001171418  -0.0000619239   0.0001153224   0.0001204115   0.0000776609
       -0.0000094111  -0.0000491871  -0.0000061240  -0.0000476364  -0.0002576520
       -0.0006539439   0.0007153150   0.0001938233   0.0003314134  -0.0003258236
       -0.0000919746  -0.0002039973   0.0001509082   0.0000044128   0.0000428434
       -0.0000352057  -0.0000414499   0.0000683187   0.0000569031  -0.0002292115
       -0.0001402125   0.0000109133   0.0001749799   0.0012846259  -0.0003577178
        0.0009101240   0.0001401694  -0.0000968086   0.0758644592   0.0628162093
       -0.0174202460  -0.0001462426   0.0000395360   0.0000779500   0.0001774476
       -0.0000167975  -0.0002098522  -0.0001864814  -0.0016098995   0.0000665779
       -0.0001248266  -0.0000643094   0.0000176239   0.0001018510  -0.0000636844
       -0.0002825767   0.0000425573  -0.0000151681   0.0000221325   0.0000273599
        0.0000104372   0.0000321329  -0.0000051549   0.0000107114  -0.0000167417
        0.0000178183   0.0000013824   0.0000065835   0.0000147810   0.0004246393
        0.0004542121   0.0001812038   0.0003470105  -0.0001467987  -0.0000016769
        0.0000077784   0.0000156781  -0.0000290140   0.0000018079   0.0000405817
       -0.0017586559  -0.0008766396   0.0036400826   0.0000276248   0.0007080051
        0.0001774107  -0.0000738072   0.0000802247  -0.0001544670   0.0042086263
       -0.0021043391   0.0010152961  -0.0010545117  -0.0207283622   0.0088420793
       -0.0460932988  -0.1982081878   0.0681007515  -0.0000494938   0.0005890698
       -0.0010997218  -0.0003278393  -0.0001484749  -0.0003056423  -0.0196014970
       -0.0221114720  -0.0093523441   0.0002158882  -0.0005597428   0.0002089830
        0.0001411059   0.0000558012  -0.0001382177  -0.0000224512  -0.0001458384
       -0.0000769295   0.0000596403  -0.0000031978  -0.0000306907   0.0000145507
       -0.0001652641   0.0001085376   0.0014836457  -0.0002210560  -0.0015212790
       -0.0001610948  -0.0001076081   0.0001487997   0.0000376555   0.0000739936
       -0.0000408242   0.0000271454  -0.0000135947  -0.0000228198   0.0000314873
        0.0004773356  -0.0001118635  -0.0002311597  -0.0013140744   0.0004002792
       -0.0004916036   0.0001792957  -0.0003643206   0.0628162093   0.2427445827
       -0.0683377179   0.0000252584   0.0000114889  -0.0000761365   0.0000108365
        0.0002792067  -0.0001440202   0.0007584752   0.0016334304  -0.0006226121
       -0.0000628711  -0.0001080918   0.0001075204  -0.0001660212  -0.0001564141
        0.0000523668  -0.0000673607  -0.0000492440   0.0000153474  -0.0000061954
       -0.0000276289  -0.0000321270   0.0000039157  -0.0000132121  -0.0000068897
        0.0000050920   0.0000246312   0.0000317217   0.0000499360  -0.0001557986
       -0.0004089384   0.0002242011   0.0003070718  -0.0000262858  -0.0000119546
        0.0000127509   0.0000168733   0.0000385217   0.0000413530   0.0000077986
        0.0103826456   0.0237195893  -0.0162991566   0.0015387530  -0.0014450199
       -0.0048605581  -0.0000010672  -0.0002031969   0.0003423282  -0.0010544312
        0.0001833398   0.0006664926  -0.0000062025   0.0037557057  -0.0001881145
        0.0219339075   0.0660589607  -0.0667717968   0.0006469628   0.0007013064
       -0.0001438802  -0.0004548270   0.0008816396  -0.0000702847  -0.0147849811
       -0.0245700543   0.0007584178  -0.0001038613   0.0012007033   0.0003164899
       -0.0000147411  -0.0001307990  -0.0000135399  -0.0003429714  -0.0001741826
       -0.0001569626   0.0001387807   0.0000462992   0.0001136837   0.0004411600
        0.0012697964  -0.0011141976  -0.0003515731  -0.0003863752   0.0005219924
       -0.0000915578  -0.0001621780   0.0001739386  -0.0000216043  -0.0000847992
       -0.0000037828   0.0000573762   0.0000041177  -0.0000428237  -0.0000890574
       -0.0000385202  -0.0001376511   0.0001331057   0.0002626391  -0.0001375616
       -0.0000038167  -0.0005480863   0.0003837979  -0.0174202460  -0.0683377179
        0.0871471072   0.0000172231  -0.0001627956   0.0002428751  -0.0001608193
       -0.0006324053  -0.0008552789  -0.0005716605  -0.0007171260   0.0009630316
       -0.0001076514  -0.0000384217  -0.0000995076  -0.0001492767   0.0001331466
        0.0001622755  -0.0000026113  -0.0000278217  -0.0000389928   0.0000975474
        0.0000013788  -0.0000011396   0.0000507417  -0.0000187966   0.0000169266
       -0.0000319583   0.0000331921  -0.0000068042   0.0001974063  -0.0007607873
       -0.0006795299   0.0001294845   0.0002592440  -0.0001788535   0.0000271232
       -0.0000026517  -0.0000042682  -0.0000273024  -0.0000693231  -0.0000046720
       -0.0013953901   0.0038591987  -0.0238795348   0.0006858471   0.0006174426
       -0.0014492871   0.0000609564  -0.0001674069   0.0001136758   0.0000367643
        0.0000500341   0.0001879099  -0.0013276941   0.0010220553   0.0014291738
       -0.0032067624  -0.0008814252  -0.0013956228  -0.0405413233  -0.0013853690
        0.0028252402  -0.0020777089  -0.0032838215   0.0211238311  -0.0002080612
       -0.0005688547  -0.0018402295  -0.0003895868  -0.0006064819  -0.0008862141
        0.0001513617   0.0008505925   0.0009515406   0.0000916381   0.0001590087
       -0.0001379019   0.0000553670  -0.0000419425   0.0000127307  -0.0010876213
       -0.0007127251   0.0004779493  -0.0000656753  -0.0001742781   0.0002488524
        0.0000264530  -0.0000123246   0.0000475704  -0.0000817323  -0.0000241289
       -0.0000387190   0.0002977337   0.0002134066  -0.0000025578  -0.0000218538
        0.0000543390  -0.0000551236  -0.0000576595  -0.0000227407   0.0000645007
        0.0001250677   0.0002773659   0.0004095772  -0.0001462426   0.0000252584
        0.0000172231   0.0475990171   0.0018576307  -0.0024872184   0.0017887669
       -0.0018908173   0.0046498871   0.0000727581  -0.0000732932  -0.0000077143
       -0.0002085766   0.0002186264   0.0001988096  -0.0001146557   0.0002070612
        0.0001877758  -0.0004258933  -0.0005240096   0.0000760810   0.0002026727
        0.0007329324  -0.0009391914   0.0000640907   0.0000079708   0.0000528999
       -0.0000711430   0.0000350638   0.0000266768   0.0001363816   0.0000776101
       -0.0000546932   0.0000076152   0.0000557217   0.0000319543   0.0000222410
        0.0000328036   0.0000289858   0.0000028478   0.0000154969   0.0000111624
       -0.0003680262   0.0011249834  -0.0057437116  -0.0005399377   0.0000803947
       -0.0014073784  -0.0003777469  -0.0003655863  -0.0005626526   0.0000568189
       -0.0000675402  -0.0000700692   0.0009020228  -0.0013937222  -0.0017384105
       -0.0005975003  -0.0004918519  -0.0009280134  -0.0012782563  -0.0491392981
        0.0503925210   0.0031562469   0.0024910964  -0.0147984853  -0.0000035367
        0.0000582903  -0.0004657806  -0.0001824259  -0.0000372485   0.0002461902
       -0.0006785376   0.0003225554  -0.0007007539  -0.0000724727  -0.0000601680
       -0.0000251445   0.0000849466   0.0000210758   0.0000774882  -0.0008983520
        0.0000233720   0.0000966732   0.0003499692  -0.0001963139  -0.0001547480
        0.0000009965  -0.0000362303  -0.0000180111   0.0001224915   0.0000427670
        0.0001167164   0.0002618700  -0.0013510114  -0.0001908156  -0.0000220447
        0.0000204280   0.0001244620  -0.0000161705  -0.0000149981   0.0000088384
       -0.0001501228  -0.0003249448  -0.0004134908   0.0000395360   0.0000114889
       -0.0001627956   0.0018576307   0.0617101291  -0.0566261993  -0.0014781147
       -0.0121635827   0.0327086426  -0.0000171300  -0.0000036665  -0.0000184148
       -0.0001087730   0.0000333732  -0.0001112665   0.0003132315  -0.0000639770
       -0.0000905277  -0.0001967161   0.0004079677  -0.0001896820  -0.0000773640
       -0.0007342663   0.0004197620   0.0000503675  -0.0000075812  -0.0000144433
        0.0000178315   0.0000057308  -0.0000187731  -0.0001754580   0.0000999887
        0.0002596512  -0.0000026736   0.0000019227   0.0000049764   0.0000329219
        0.0000128327   0.0000118622  -0.0000055215  -0.0000164095  -0.0000182162
       -0.0019596980   0.0016141349  -0.0153126975   0.0009719986   0.0011283394
        0.0007258496  -0.0000838540   0.0002158960   0.0000315186   0.0000250173
       -0.0000690202  -0.0003571061   0.0010092959  -0.0007774351  -0.0014394454
       -0.0023862323  -0.0009488874  -0.0015837193   0.0010187107   0.0515019022
       -0.2633915371   0.0049052392  -0.0002394137  -0.0163300558  -0.0002794871
       -0.0005951628  -0.0013531410  -0.0001147738  -0.0001619130  -0.0004580774
       -0.0014808317   0.0000103512   0.0002146738   0.0000454224   0.0001341047
        0.0000402311   0.0001018749  -0.0000016727   0.0000606769  -0.0004364871
       -0.0003226858   0.0006416789  -0.0002105272   0.0001144191   0.0001736668
        0.0000467696   0.0000425344   0.0000963108   0.0001651234   0.0000842951
        0.0000977462   0.0003062706  -0.0006683905   0.0003329624   0.0000506693
       -0.0000211146   0.0000996059   0.0000198426  -0.0000196676  -0.0000052555
       -0.0002292484  -0.0002219039  -0.0002493112   0.0000779500  -0.0000761365
        0.0002428751  -0.0024872184  -0.0566261993   0.3049361618   0.0007196014
        0.0055362735  -0.0080358504   0.0001933589   0.0000218120   0.0000611414
       -0.0000526118   0.0001138500   0.0001314344  -0.0002153980   0.0001762630
        0.0002128164   0.0003957093   0.0006289427  -0.0001354129  -0.0002104463
       -0.0006713417   0.0007454518   0.0000464796   0.0000220694   0.0000067666
       -0.0000729736   0.0000247010   0.0000331853   0.0000545444   0.0000017526
       -0.0002317386   0.0000377925   0.0000598567  -0.0000116748   0.0000123954
        0.0000240253   0.0000121212   0.0000157217  -0.0000345787  -0.0000018519
       -0.0073814235  -0.0248491140   0.0015595049  -0.0041532639  -0.0020999242
       -0.0025892193   0.0000009114   0.0001932059  -0.0001195733   0.0001005335
        0.0000597569  -0.0001052402  -0.0012024087   0.0007157455   0.0007331135
       -0.0002482855  -0.0002278076   0.0003990404  -0.0432752664  -0.0355664644
        0.0024362011  -0.0003953085   0.0231558737  -0.0003448152  -0.0000364524
        0.0002013724  -0.0001387906   0.0006000369  -0.0009670893   0.0002278064
       -0.0000427950   0.0013025136   0.0011813671  -0.0001065079  -0.0009655312
        0.0006545159  -0.0001470269  -0.0000396276  -0.0001381329  -0.0000561299
        0.0001654613  -0.0001219219  -0.0012201004  -0.0004108611  -0.0004762755
       -0.0001525341  -0.0000314046  -0.0000646078   0.0000100297   0.0000623943
        0.0000547136  -0.0000359021   0.0001211168   0.0000605030   0.0000045773
       -0.0000162499   0.0000311123  -0.0000156725  -0.0000066907   0.0000097949
        0.0000541141   0.0001052730   0.0002796469   0.0001774476   0.0000108365
       -0.0001608193   0.0017887669  -0.0014781147   0.0007196014   0.0561749269
        0.0394148223  -0.0040784055  -0.0000288375  -0.0000644978  -0.0000334150
        0.0004091678  -0.0000868465   0.0001839200  -0.0002862488   0.0000383955
        0.0002226280  -0.0000317064   0.0004308227  -0.0005169272  -0.0003279620
       -0.0013672905   0.0006882929  -0.0000669356   0.0001217900  -0.0000639178
        0.0000293883  -0.0000597507   0.0000422794  -0.0001065335   0.0021050677
       -0.0005529431  -0.0000074091   0.0000060857   0.0000349278  -0.0000248815
       -0.0000121990  -0.0000336234  -0.0000003082   0.0000389301   0.0000196583
       -0.0056200581  -0.0102054414   0.0000905371  -0.0019993191  -0.0005020247
       -0.0014180274   0.0000129682   0.0000450134   0.0001835272  -0.0000632838
        0.0001100494   0.0000979989   0.0013998370  -0.0006457266  -0.0008766877
       -0.0001233202  -0.0002906153   0.0005467567  -0.0371603771  -0.2555328853
        0.0282703354   0.0048946044  -0.0201995826  -0.0016966504   0.0001972091
        0.0003579645  -0.0001302183   0.0007084705  -0.0008271500   0.0009414735
       -0.0013163941   0.0001870347  -0.0009312496   0.0000443134  -0.0004742540
        0.0003496861  -0.0000235985  -0.0000574869  -0.0000956759   0.0000865934
       -0.0000262891  -0.0001465696   0.0026581801   0.0014288995  -0.0000423868
       -0.0001233274   0.0000155602  -0.0000021556   0.0000318832   0.0001226507
       -0.0000223278  -0.0001334448  -0.0000848838  -0.0001261649  -0.0000013749
        0.0000454648   0.0000013146  -0.0000083460   0.0000686326   0.0000071363
       -0.0000915980  -0.0001294979  -0.0002659717  -0.0000167975   0.0002792067
       -0.0006324053  -0.0018908173  -0.0121635827   0.0055362735   0.0394148223
        0.2978220753  -0.0299004782  -0.0000310776  -0.0000312937   0.0000495271
        0.0000071522  -0.0001126403   0.0002867002  -0.0002809832  -0.0000252827
        0.0001054671   0.0001127556  -0.0006131716   0.0006236659   0.0002961473
        0.0012732561  -0.0005931617  -0.0000576103   0.0000536140  -0.0000277830
        0.0000012226  -0.0000331974   0.0000300342  -0.0009228530   0.0001479355
       -0.0002149323   0.0000138628  -0.0000222100   0.0000226273  -0.0000447474
       -0.0000139146  -0.0000351915   0.0000293062   0.0000337733   0.0000149767
       -0.0026680700  -0.0118060257   0.0012491506  -0.0011038889  -0.0002365945
       -0.0007396616   0.0000152586   0.0002229194  -0.0000534588  -0.0000396735
        0.0000594999   0.0001516584   0.0011968621  -0.0001052575  -0.0016990861
       -0.0006265260  -0.0007017925   0.0001358856   0.0019746375   0.0245915899
       -0.0422522057   0.0018191961  -0.0151496278   0.0012339380   0.0002650816
        0.0002602767   0.0000351265   0.0003192416   0.0001842628   0.0008289062
       -0.0006723895  -0.0006018530   0.0002397744  -0.0001266973  -0.0002388024
        0.0003765246  -0.0000256007   0.0000256678  -0.0000054666  -0.0001418617
        0.0001148297   0.0000396127  -0.0005258363  -0.0005217609  -0.0005933420
        0.0000028567  -0.0000090368  -0.0000097579   0.0000511799   0.0000077484
        0.0000265555   0.0002063630  -0.0000867057   0.0000305739  -0.0000161267
        0.0000328512   0.0000333185   0.0000247213   0.0000744932  -0.0000206157
       -0.0000946904  -0.0001739301  -0.0003590851  -0.0002098522  -0.0001440202
       -0.0008552789   0.0046498871   0.0327086426  -0.0080358504  -0.0040784055
       -0.0299004782   0.0500432688  -0.0000654729  -0.0000145922   0.0000118057
        0.0001792474  -0.0000942622  -0.0001174003   0.0002043773   0.0001149131
       -0.0001680433  -0.0003340473  -0.0003773495   0.0002537915   0.0002431518
        0.0007526061  -0.0006408991  -0.0000093306   0.0000434570  -0.0000342027
        0.0000029563  -0.0000179136  -0.0000045861  -0.0004157301   0.0009982536
        0.0008934880  -0.0000120753  -0.0000170968   0.0000108787   0.0000133857
        0.0000060994   0.0000060721  -0.0000021292  -0.0000010111  -0.0000113894
        0.0007715564  -0.0000103938  -0.0004717398  -0.0001203220   0.0000582559
       -0.0000034879  -0.0001592343   0.0000010762   0.0000705697   0.0002056547
       -0.0002016284   0.0003571293  -0.0027068341  -0.0020585476  -0.0029657344
       -0.0228819587   0.0102920019  -0.0075897930  -0.0000609515  -0.0000086146
        0.0002068469  -0.0011135214   0.0007538412  -0.0002505346  -0.2399507615
        0.1944342216  -0.0464888820   0.0007321682   0.0002171500  -0.0005128971
       -0.0001026908  -0.0002185989  -0.0003198123   0.0002016043   0.0000086645
        0.0001719303  -0.0000755435   0.0000833835  -0.0000082612   0.0000227545
       -0.0000288841   0.0001070070  -0.0005992486   0.0001302495   0.0007944941
       -0.0002129001  -0.0000767770   0.0000497821   0.0000037448  -0.0001289071
        0.0000260415   0.0000549038  -0.0000171168   0.0000015597  -0.0000650860
       -0.0003483398  -0.0001350509   0.0000905560  -0.0001727711  -0.0000069086
        0.0001111416   0.0000671770  -0.0001945308  -0.0001864814   0.0007584752
       -0.0005716605   0.0000727581  -0.0000171300   0.0001933589  -0.0000288375
       -0.0000310776  -0.0000654729   0.2657877832  -0.2030851674   0.0578072235
       -0.0000253843   0.0000412156   0.0001371665  -0.0000182496  -0.0000622869
        0.0001079898  -0.0001009199  -0.0000859608   0.0000009230   0.0000716768
        0.0000031198  -0.0000450577  -0.0000397903  -0.0000228065   0.0000183086
        0.0000003210  -0.0000517900  -0.0000018457   0.0000076507  -0.0001839084
       -0.0002851013   0.0004362192   0.0001218375  -0.0002255468  -0.0000452406
       -0.0000951398   0.0000262123  -0.0000765373  -0.0000648226   0.0000657743
        0.0003160184   0.0001979181  -0.0001841345   0.0002672574  -0.0001656700
        0.0000066877   0.0001636518  -0.0000640424  -0.0000525730  -0.0000018411
       -0.0002397025  -0.0002012241  -0.0006141973  -0.0003503624  -0.0013251168
       -0.0117641860   0.0102304888  -0.0004377657   0.0000763669  -0.0000224028
       -0.0000232922  -0.0004373082   0.0000830398  -0.0003529680   0.2171693185
       -0.2161041134   0.0228516386   0.0002525339   0.0005286772  -0.0003688871
       -0.0000282258  -0.0000099661   0.0000351851   0.0000999061   0.0002208341
        0.0005320263  -0.0000616893  -0.0000096965  -0.0000095164  -0.0000630745
        0.0000491187  -0.0001071150  -0.0005819517  -0.0002024224   0.0008450644
       -0.0002842439   0.0001837041  -0.0003455840  -0.0000113877   0.0000047773
        0.0000691990  -0.0001431843   0.0000278401   0.0000334550   0.0003794673
        0.0003893480   0.0001750298  -0.0000264697   0.0001825202   0.0001242705
       -0.0003844041   0.0000395676   0.0003255782  -0.0016098995   0.0016334304
       -0.0007171260  -0.0000732932  -0.0000036665   0.0000218120  -0.0000644978
       -0.0000312937  -0.0000145922  -0.2030851674   0.2046484314  -0.0209434051
        0.0000721661   0.0004687206  -0.0001223410  -0.0000414732   0.0000641048
        0.0000681377  -0.0000087997  -0.0000239686   0.0000460627  -0.0000217597
        0.0000291983  -0.0000007730  -0.0000979320   0.0000018844  -0.0000101561
        0.0000079416  -0.0000634755  -0.0000802287   0.0001348776  -0.0001560224
        0.0000133672   0.0006773555  -0.0016325600   0.0002095187  -0.0002042768
       -0.0001182778   0.0000747638  -0.0000075981   0.0002140387  -0.0001349976
       -0.0010548327   0.0009349897   0.0007141436  -0.0000880757  -0.0000244879
       -0.0002925474  -0.0000283087   0.0000544539  -0.0001822468  -0.0000085652
       -0.0002439792  -0.0000558268  -0.0020195248  -0.0016463786  -0.0017516629
       -0.0209613166   0.0152355088  -0.0070235565  -0.0001558098  -0.0001375629
       -0.0000860239  -0.0010609732   0.0003667350  -0.0004207694  -0.0339075817
        0.0065492440  -0.0227475942  -0.0004673825  -0.0002045710  -0.0001454703
        0.0000047024  -0.0000941922  -0.0002306214   0.0003659127   0.0002383608
       -0.0003157596   0.0001310002  -0.0001571693  -0.0000170693  -0.0000349243
        0.0000716482   0.0000898302  -0.0001768243   0.0001514186   0.0000483528
       -0.0000646788  -0.0002284177  -0.0000375002  -0.0000128563  -0.0000301417
       -0.0000039057   0.0000322898   0.0000220150   0.0000635515  -0.0000872074
        0.0001795629   0.0001484304   0.0001784142  -0.0000856986   0.0001081441
       -0.0000065882   0.0000019738  -0.0000604964   0.0000665779  -0.0006226121
        0.0009630316  -0.0000077143  -0.0000184148   0.0000611414  -0.0000334150
        0.0000495271   0.0000118057   0.0578072235  -0.0209434051   0.0306701986
        0.0010946470  -0.0002637920  -0.0004490920   0.0001658302   0.0002886769
        0.0002470277  -0.0000661550  -0.0000491719   0.0000144902   0.0000813904
       -0.0000286323  -0.0000124193  -0.0000595559   0.0000192454  -0.0000160120
        0.0000072318   0.0000114258  -0.0000334300   0.0001774115  -0.0001506555
        0.0001625804   0.0002767520   0.0007929042   0.0004133269  -0.0000989359
        0.0000080274   0.0000979168   0.0000118427  -0.0000464346   0.0000680324
       -0.0243426726  -0.0022585678  -0.0113449908  -0.0000189147  -0.0013086942
        0.0002370710   0.0000029671  -0.0000700198   0.0000127022   0.0000318088
       -0.0000548130   0.0000053292  -0.0000640099  -0.0000885411  -0.0000933453
        0.0000888742  -0.0007260469  -0.0007755622  -0.0029412212   0.0033524642
        0.0007166714  -0.0010360473  -0.0003504203  -0.0005386039   0.0005922760
        0.0002546655  -0.0001048150  -0.2032655047  -0.0609599393  -0.0841725870
       -0.0001795847   0.0001924143   0.0002226753   0.0011700159  -0.0005278929
       -0.0000063692  -0.0003535489  -0.0003390642   0.0004776464  -0.0001424436
        0.0000749365  -0.0001274688  -0.0108090429  -0.0114671117  -0.0017059072
       -0.0000051368  -0.0000304224   0.0000976300   0.0000560595  -0.0000311096
       -0.0000035840   0.0000395438  -0.0000717912   0.0000231851   0.0000053926
        0.0000585075   0.0000399596   0.0000428108  -0.0000449958   0.0000037731
        0.0000510369  -0.0000375501   0.0000005543  -0.0001248266  -0.0000628711
       -0.0001076514  -0.0002085766  -0.0001087730  -0.0000526118   0.0004091678
        0.0000071522   0.0001792474  -0.0000253843   0.0000721661   0.0010946470
        0.2389489560   0.0762749300   0.0949695751   0.0025145937   0.0004543597
       -0.0005741903   0.0000487485   0.0000093070   0.0000314456  -0.0001232962
        0.0000512405   0.0000008299  -0.0002171906  -0.0000968009  -0.0000938434
        0.0000633802  -0.0002489118   0.0001757014  -0.0001451112  -0.0020029839
        0.0012817000  -0.0000179779   0.0001772898   0.0001404263  -0.0000206889
       -0.0000608905  -0.0000299798  -0.0000244524  -0.0000312216   0.0000207400
        0.0161136830   0.0050952253   0.0079855825   0.0001737507   0.0003878379
       -0.0000100178  -0.0000741956  -0.0000422704  -0.0000886553   0.0000205161
        0.0000295544   0.0000043414   0.0000720628   0.0000020080   0.0000341968
       -0.0002137157   0.0005061855   0.0003492394   0.0026467766  -0.0025040271
       -0.0003784852   0.0007803250   0.0001464746   0.0003504170  -0.0000423973
       -0.0002585530   0.0002160366  -0.0579802075  -0.0601108512  -0.0332881569
        0.0001829072  -0.0001390309  -0.0001629273   0.0015050812  -0.0025163100
        0.0001050834  -0.0015511043  -0.0004312015   0.0009467502  -0.0000065830
        0.0000248657   0.0000088961  -0.0272501891  -0.0197897911  -0.0077818939
       -0.0000963374  -0.0000454272  -0.0000727810   0.0000141712  -0.0000289350
        0.0000056190  -0.0000985061   0.0000699205  -0.0000411887   0.0000319982
       -0.0000170117  -0.0000159332  -0.0000393943   0.0000139038   0.0000093170
       -0.0000133187  -0.0000184408   0.0000019939  -0.0000643094  -0.0001080918
       -0.0000384217   0.0002186264   0.0000333732   0.0001138500  -0.0000868465
       -0.0001126403  -0.0000942622   0.0000412156   0.0004687206  -0.0002637920
        0.0762749300   0.0855950629   0.0352396228  -0.0076149778  -0.0017958784
       -0.0062305307  -0.0000222742  -0.0000086466  -0.0000243363   0.0000908089
       -0.0000291649   0.0000149730  -0.0001697126  -0.0000805105  -0.0000700073
       -0.0000375766  -0.0000436970   0.0002110373  -0.0028235726  -0.0043135144
        0.0031265004   0.0001306610  -0.0000540909  -0.0001557698  -0.0001257924
       -0.0000639716  -0.0000449743   0.0000134972   0.0001389239   0.0000386768
        0.0005998334   0.0011947625   0.0013635015  -0.0003854400   0.0002281168
        0.0002045004   0.0000587267   0.0000435452   0.0000004831   0.0000043370
       -0.0000357109   0.0000244230  -0.0000284539  -0.0000469465  -0.0000563396
        0.0001791435  -0.0003464527   0.0001022827  -0.0001888867   0.0001199414
        0.0007018654  -0.0001075131  -0.0000009050  -0.0001276142   0.0004733990
        0.0000542057   0.0001823110  -0.0854987837  -0.0359803397  -0.0898045733
       -0.0000228347   0.0000365554   0.0000339663  -0.0006022358   0.0010048061
        0.0005588543   0.0006191167   0.0000575161   0.0003722848  -0.0001737706
       -0.0001584661  -0.0002138303   0.0132649512   0.0069798138   0.0073732230
        0.0001075980  -0.0000775028  -0.0001065582   0.0000115897   0.0000335242
       -0.0000163274   0.0000884564  -0.0000649401  -0.0000000674   0.0000085669
        0.0000031247   0.0000278758   0.0000154323   0.0000107916  -0.0000341136
        0.0000151925   0.0000133841   0.0000037874   0.0000176239   0.0001075204
       -0.0000995076   0.0001988096  -0.0001112665   0.0001314344   0.0001839200
        0.0002867002  -0.0001174003   0.0001371665  -0.0001223410  -0.0004490920
        0.0949695751   0.0352396228   0.0995196666  -0.0259298064  -0.0114636437
       -0.0185605238   0.0000126524  -0.0000017937  -0.0000036670  -0.0000400565
        0.0000097094   0.0000185648   0.0000481624  -0.0000757992  -0.0000343228
        0.0001188274   0.0000571299  -0.0008941631   0.0018505470   0.0032446367
        0.0000687198   0.0000003695  -0.0001398179  -0.0000728785   0.0000063957
       -0.0000203696  -0.0000022632  -0.0000126112  -0.0000791118  -0.0000945020
       -0.0067933618   0.0095719245   0.0219853700   0.0000595824  -0.0003768569
        0.0003197883   0.0000427384  -0.0000150625  -0.0001064817   0.0000140840
       -0.0000373743  -0.0000407381  -0.0007276816   0.0001217506   0.0010604278
       -0.0030742662   0.0034241408  -0.0005117104   0.0010695425  -0.0001346322
        0.0007085506   0.0000752999   0.0000317843   0.0001527974   0.0003301355
        0.0001420290   0.0003503194  -0.0504624047   0.0087374481   0.0306859505
        0.0000716670  -0.0000370201  -0.0000427101   0.0000968976   0.0001632890
       -0.0000571768  -0.0001269895  -0.0003649762  -0.0002677136   0.0001516400
        0.0002021908  -0.0002000336  -0.0003850699  -0.0051752364   0.0128285994
       -0.0000533154   0.0000073552   0.0000508818  -0.0000060336  -0.0000156669
        0.0000009312  -0.0000557264   0.0000274677   0.0000106694  -0.0000115122
       -0.0000139561  -0.0000034673   0.0000020026  -0.0000092044   0.0000029268
       -0.0003402084   0.0001886066  -0.0000141462   0.0001018510  -0.0001660212
       -0.0001492767  -0.0001146557   0.0003132315  -0.0002153980  -0.0002862488
       -0.0002809832   0.0002043773  -0.0000182496  -0.0000414732   0.0001658302
        0.0025145937  -0.0076149778  -0.0259298064   0.0577855229  -0.0087573541
       -0.0430797187  -0.0000287221  -0.0000128645  -0.0000157070   0.0000524679
       -0.0000186095  -0.0000101989  -0.0000157286   0.0000959292   0.0000656766
       -0.0001329049  -0.0003924075   0.0002510989   0.0003123833   0.0003629376
        0.0016938671  -0.0000512680   0.0000538769   0.0000682646   0.0000177549
        0.0000050759  -0.0000072520  -0.0000138165   0.0000156394   0.0000452080
        0.0063052492  -0.0068096290  -0.0200773084   0.0004515509   0.0003239842
       -0.0009222604  -0.0001133820   0.0000536096   0.0001394587  -0.0000199473
        0.0000989820  -0.0000053864   0.0006616927  -0.0000957937  -0.0010137543
        0.0029993952  -0.0026547139   0.0007126904  -0.0011174748   0.0007927428
       -0.0000566027  -0.0001671362  -0.0001753784  -0.0001888919  -0.0001310498
       -0.0000608457  -0.0002711099   0.0078504161  -0.0515778285  -0.0538445291
       -0.0000576579   0.0000336117   0.0000500063   0.0001962779  -0.0001391849
       -0.0002951156  -0.0001768106  -0.0002399996  -0.0002994424   0.0002861264
       -0.0006164808   0.0006521132  -0.0080333725  -0.0063767948   0.0356572504
       -0.0000763131   0.0000239788   0.0001211938  -0.0000199202   0.0000035261
        0.0000053927   0.0000055602   0.0000285832   0.0000045667  -0.0000018669
        0.0000464118   0.0000357354  -0.0000234567  -0.0000081627   0.0000633490
        0.0003058502  -0.0002045362   0.0000598496  -0.0000636844  -0.0001564141
        0.0001331466   0.0002070612  -0.0000639770   0.0001762630   0.0000383955
       -0.0000252827   0.0001149131  -0.0000622869   0.0000641048   0.0002886769
        0.0004543597  -0.0017958784  -0.0114636437  -0.0087573541   0.0684866993
        0.0482357892   0.0000299638   0.0000194514   0.0000306469  -0.0000257016
        0.0000096517   0.0000022346   0.0001233157   0.0001691227   0.0001617617
       -0.0006268864  -0.0003155332   0.0004492794  -0.0005097120   0.0009246432
        0.0011278340   0.0000273373   0.0001232900   0.0001316138   0.0000272495
        0.0000517563   0.0000430583   0.0000142118   0.0000622840   0.0000412209
        0.0035495786  -0.0047729073  -0.0068244575  -0.0002118343   0.0003438230
        0.0001543261  -0.0000909102  -0.0000049366   0.0000408218  -0.0000419207
        0.0000155158   0.0000354889   0.0002371912   0.0000302268  -0.0003678910
        0.0010910350  -0.0009809014   0.0007652161  -0.0008728909   0.0006184192
        0.0007339786  -0.0001515827  -0.0000346088  -0.0001534635  -0.0002057770
       -0.0000718897  -0.0001779002   0.0321412184  -0.0536463837  -0.2317735424
       -0.0000806278   0.0000350428   0.0000621053   0.0000350895  -0.0004208281
       -0.0002978356  -0.0000256803   0.0001911914  -0.0001914353   0.0000324578
       -0.0001095270   0.0003819913   0.0086095793   0.0161094465  -0.0276311003
       -0.0000473803   0.0000379972   0.0001386993  -0.0000129876  -0.0000212593
        0.0000085476   0.0000034481   0.0000325083   0.0000259819  -0.0000023776
        0.0000324626  -0.0000029150   0.0000183282  -0.0000263703   0.0000206815
        0.0000982260  -0.0000364155   0.0000560722  -0.0002825767   0.0000523668
        0.0001622755   0.0001877758  -0.0000905277   0.0002128164   0.0002226280
        0.0001054671  -0.0001680433   0.0001079898   0.0000681377   0.0002470277
       -0.0005741903  -0.0062305307  -0.0185605238  -0.0430797187   0.0482357892
        0.2806471605   0.0000379416   0.0000252687   0.0000282158  -0.0000170679
        0.0000038943  -0.0000019883   0.0000867996   0.0000587968   0.0000577714
       -0.0000517331   0.0002049887   0.0004806980  -0.0007487378   0.0000696391
        0.0018121484   0.0000182051   0.0001206082   0.0000382223   0.0000003250
        0.0000316611   0.0000005448   0.0000201771   0.0000238350   0.0000403049
        0.0001620110   0.0000209599  -0.0000036887   0.0000277151   0.0000151865
       -0.0000185139   0.0000012011  -0.0000318949  -0.0000343543  -0.0000134517
        0.0000700404   0.0000011368  -0.0036911317   0.0025727859  -0.0014371302
       -0.0003774656  -0.0008518788  -0.0009419510   0.0014099888  -0.0012080875
        0.0000519867  -0.0142815268  -0.0159004845  -0.0265720637  -0.0005068406
        0.0002732562  -0.0001065400   0.0000660736  -0.0000455479  -0.0000300199
       -0.0724771372  -0.0407899913  -0.0706812888   0.0000598740   0.0000094284
       -0.0000178806   0.0000065543  -0.0000106465   0.0000010307  -0.0000381419
       -0.0000073867   0.0000376681  -0.0000157961   0.0000471026   0.0000623129
       -0.0000372521  -0.0000050113   0.0000238248   0.0000096637   0.0000238642
        0.0000159685  -0.0000407006  -0.0000668857  -0.0000292584   0.0000294526
       -0.0000789487   0.0000627233  -0.0000239716  -0.0000153105   0.0000244418
       -0.0001052290  -0.0000124609  -0.0001710082   0.0000425573  -0.0000673607
       -0.0000026113  -0.0004258933  -0.0001967161   0.0003957093  -0.0000317064
        0.0001127556  -0.0003340473  -0.0001009199  -0.0000087997  -0.0000661550
        0.0000487485  -0.0000222742   0.0000126524  -0.0000287221   0.0000299638
        0.0000379416   0.0849649532   0.0465251549   0.0851053035   0.0053436959
        0.0095658889   0.0146524462   0.0000111401   0.0000004443  -0.0000022262
       -0.0000042145   0.0000051107   0.0000031361  -0.0000227463   0.0000070871
       -0.0000600611   0.0000290513   0.0000183918   0.0000208358  -0.0000044474
        0.0000083414   0.0000042226   0.0000146146   0.0000139230  -0.0000045423
        0.0000570840  -0.0000069887   0.0000007643  -0.0000421070   0.0000332652
        0.0000004392  -0.0000936548  -0.0000944038   0.0000866679   0.0012631378
        0.0011054115   0.0015693888   0.0012041332   0.0089522313  -0.0050933955
       -0.0003572629  -0.0006307647  -0.0009114247  -0.0001813854  -0.0030634134
        0.0027752870  -0.0023101743  -0.0013458029  -0.0011230584  -0.0005368210
        0.0001694112  -0.0000909864   0.0000476247  -0.0000247775   0.0000119857
       -0.0413832796  -0.0984926575  -0.1095161182   0.0000289998  -0.0000090957
        0.0000078233   0.0000057850  -0.0000072916   0.0000058718  -0.0000303687
       -0.0000086767   0.0000198531  -0.0000142258   0.0000254560   0.0000118437
        0.0000072954  -0.0000046106   0.0000046340  -0.0000030620  -0.0000111633
        0.0000293376  -0.0000646464  -0.0000762557   0.0000246920   0.0002018834
        0.0006056046  -0.0000329297   0.0001034525  -0.0000107831   0.0000170741
       -0.0001573499  -0.0003830826  -0.0004498914  -0.0000151681  -0.0000492440
       -0.0000278217  -0.0005240096   0.0004079677   0.0006289427   0.0004308227
       -0.0006131716  -0.0003773495  -0.0000859608  -0.0000239686  -0.0000491719
        0.0000093070  -0.0000086466  -0.0000017937  -0.0000128645   0.0000194514
        0.0000252687   0.0465251549   0.1004057647   0.1266614866  -0.0040789157
       -0.0068917431  -0.0141856131   0.0000005909   0.0000031351  -0.0000061381
        0.0000013866   0.0000060041   0.0000005298  -0.0000067844   0.0000096269
       -0.0000159613   0.0000118640   0.0000248512  -0.0000037834  -0.0000052182
       -0.0000015754  -0.0000021488   0.0000047371  -0.0000100637   0.0000056953
        0.0001792348  -0.0000237249  -0.0001544352   0.0000127689   0.0000153325
       -0.0000060201   0.0000021019   0.0001161964  -0.0001554469  -0.0010255462
       -0.0008352496  -0.0012325428  -0.0021412875  -0.0045699592   0.0048210742
       -0.0000059077  -0.0001678469   0.0002996187   0.0016642995   0.0025511951
       -0.0008484044  -0.0068256695  -0.0048935746  -0.0099747552   0.0000967509
        0.0000425037   0.0000543947   0.0000634536  -0.0000604945   0.0000505328
       -0.0720723124  -0.1093008872  -0.2081280081   0.0000721688   0.0000104811
       -0.0000015127   0.0000079570   0.0000032248   0.0000022252  -0.0000299769
        0.0000189937   0.0000611778  -0.0000232235   0.0000737197  -0.0000054247
       -0.0000435067   0.0000169067   0.0000235444   0.0000369560   0.0000089609
        0.0000348318  -0.0000387287  -0.0000610824   0.0000033700  -0.0000789588
       -0.0004860655   0.0000884009   0.0000139001   0.0002022840  -0.0000886646
        0.0003069217   0.0002944484   0.0008187247   0.0000221325   0.0000153474
       -0.0000389928   0.0000760810  -0.0001896820  -0.0001354129  -0.0005169272
        0.0006236659   0.0002537915   0.0000009230   0.0000460627   0.0000144902
        0.0000314456  -0.0000243363  -0.0000036670  -0.0000157070   0.0000306469
        0.0000282158   0.0851053035   0.1266614866   0.2279468854  -0.0048937501
       -0.0101093193  -0.0137415910  -0.0000033964  -0.0000037868  -0.0000038763
       -0.0000029764   0.0000069968   0.0000062639  -0.0000024784  -0.0000179057
        0.0000040861   0.0000307968  -0.0000109229   0.0000199782  -0.0000257281
        0.0000012016  -0.0000012662   0.0000228857   0.0000151833  -0.0000115852
       -0.0008925929   0.0008316365   0.0004590116   0.0000038426   0.0000227989
       -0.0000844143   0.0000085586  -0.0000540369  -0.0000316830  -0.0001293385
        0.0000781472  -0.0001408976   0.0011371927  -0.0002502343   0.0016933968
        0.0001597614   0.0000700504   0.0003336385  -0.0033993146   0.0007760202
       -0.0030515133  -0.0262923243   0.0170095767   0.0169619197   0.0000573054
       -0.0000820268  -0.0001336210  -0.0002499050  -0.0002800916  -0.0002203668
       -0.1564242662   0.0911014983   0.0931834028   0.0000620399   0.0000130356
        0.0000581441   0.0000094458  -0.0000309375  -0.0000110574   0.0000844722
        0.0000256876  -0.0000373197  -0.0000453324   0.0000436548  -0.0000242148
       -0.0000205396  -0.0000360734  -0.0000250210   0.0000164863   0.0000035554
       -0.0000292885  -0.0000879143   0.0001309974   0.0000558172   0.0000772885
       -0.0000281662   0.0000324357  -0.0000043961  -0.0003709098   0.0000449659
       -0.0001182087   0.0000461029  -0.0006073082   0.0000273599  -0.0000061954
        0.0000975474   0.0002026727  -0.0000773640  -0.0002104463  -0.0003279620
        0.0002961473   0.0002431518   0.0000716768  -0.0000217597   0.0000813904
       -0.0001232962   0.0000908089  -0.0000400565   0.0000524679  -0.0000257016
       -0.0000170679   0.0053436959  -0.0040789157  -0.0048937501   0.1807338092
       -0.1051072379  -0.1037099007  -0.0000081509   0.0000038404  -0.0000172152
        0.0000258631  -0.0000035107  -0.0000147675   0.0000657885  -0.0001043987
        0.0000411176  -0.0000146720   0.0000212141   0.0000031815   0.0000022428
        0.0000046408  -0.0000051951  -0.0000037564  -0.0000118532   0.0000159837
        0.0003304634  -0.0002810998  -0.0004306408   0.0000668902   0.0000600037
        0.0000067272  -0.0000127257   0.0000089153  -0.0000623953  -0.0005863489
       -0.0003762095  -0.0006713160  -0.0014424137  -0.0033444038   0.0024818412
       -0.0001459950   0.0001356719   0.0000564216   0.0018941136   0.0084206712
       -0.0046167935   0.0038478575  -0.0019924996  -0.0003662105   0.0001272095
       -0.0000195917   0.0001044581   0.0000276489   0.0001700986   0.0000356081
        0.0920154278  -0.1053415033  -0.0813958048  -0.0000386301   0.0000056305
       -0.0000115568  -0.0000037238   0.0000089152   0.0000065225  -0.0000064527
       -0.0000085376   0.0000207844  -0.0000532029  -0.0001430935   0.0000721990
        0.0000064310   0.0000065924   0.0000011727  -0.0000174124   0.0000094187
       -0.0000103217   0.0001111669   0.0000225391  -0.0000665461  -0.0000511658
       -0.0002944916   0.0000484844  -0.0001035566   0.0000537959   0.0000312111
        0.0000971331   0.0003193146   0.0006022254   0.0000104372  -0.0000276289
        0.0000013788   0.0007329324  -0.0007342663  -0.0006713417  -0.0013672905
        0.0012732561   0.0007526061   0.0000031198   0.0000291983  -0.0000286323
        0.0000512405  -0.0000291649   0.0000097094  -0.0000186095   0.0000096517
        0.0000038943   0.0095658889  -0.0068917431  -0.0101093193  -0.1051072379
        0.1089154716   0.0941993503   0.0000173535   0.0000010846   0.0000047497
       -0.0000076728  -0.0000009791   0.0000027684   0.0000468232   0.0000326025
       -0.0000038082   0.0000033788  -0.0000071464   0.0000041887   0.0000080288
        0.0000015138   0.0000067701  -0.0000011071   0.0000080132  -0.0000083846
       -0.0002905686   0.0000768695   0.0002664364  -0.0000019691  -0.0000375262
        0.0000047676   0.0000451743  -0.0000037430   0.0000655259   0.0003506184
        0.0003479418   0.0004768089  -0.0002896797   0.0029029451  -0.0007604579
       -0.0000596583  -0.0001140273  -0.0002905137  -0.0022562950  -0.0047729870
        0.0043115106  -0.0024473925   0.0032090664   0.0028699285  -0.0000803041
        0.0000502175   0.0000359400  -0.0001027890  -0.0000136657  -0.0000049115
        0.0945702959  -0.0816806084  -0.1190290039  -0.0000477566   0.0000080366
       -0.0000131699  -0.0000009121   0.0000027460  -0.0000029502  -0.0000320563
       -0.0000137443  -0.0000173747   0.0000677990   0.0000333486   0.0000109362
        0.0000059175  -0.0000071789  -0.0000019728   0.0000031609   0.0000106419
       -0.0000212754  -0.0000000885  -0.0000942176  -0.0000810583   0.0000263524
        0.0001811494  -0.0000568484   0.0000320183   0.0000435652   0.0001108199
       -0.0001018187   0.0000136350  -0.0002655319   0.0000321329  -0.0000321270
       -0.0000011396  -0.0009391914   0.0004197620   0.0007454518   0.0006882929
       -0.0005931617  -0.0006408991  -0.0000450577  -0.0000007730  -0.0000124193
        0.0000008299   0.0000149730   0.0000185648  -0.0000101989   0.0000022346
       -0.0000019883   0.0146524462  -0.0141856131  -0.0137415910  -0.1037099007
        0.0941993503   0.1260706982   0.0000095203  -0.0000014397   0.0000035629
       -0.0000007049  -0.0000044837  -0.0000015492  -0.0000667374   0.0000363651
       -0.0000449380  -0.0000062933  -0.0000022611   0.0000002792   0.0000074872
        0.0000004284  -0.0000003696  -0.0000026730   0.0000042813  -0.0000012680
       -0.0005773913   0.0001059951  -0.0003151945  -0.0027420024   0.0014032611
        0.0036232137  -0.0009575308  -0.0005502448  -0.0001788607  -0.0000828372
        0.0000281204  -0.0000632255   0.0000632925  -0.0000323132  -0.0000354945
       -0.0000470994  -0.0000527121  -0.0002695962  -0.0000490335  -0.0001973458
        0.0001727703   0.0001643643  -0.0000141707  -0.0000288173   0.0000582221
        0.0001310549   0.0001046645  -0.0000386031   0.0001688102  -0.0001505475
       -0.0000144210  -0.0000025461   0.0000260938  -0.0297733514  -0.0079449578
       -0.0056890736  -0.2613370043  -0.0750253454  -0.0597195579   0.0003798329
        0.0002262504   0.0004432422   0.0000495315  -0.0001342718   0.0001026207
        0.0011388483  -0.0007385551  -0.0017213871   0.0000564193  -0.0000508779
       -0.0000248842  -0.0001868015   0.0001932527  -0.0000249509  -0.0000035696
       -0.0000087861  -0.0000088031  -0.0000506092   0.0000284274   0.0000484791
       -0.0000215130   0.0000064204   0.0000324655  -0.0000051549   0.0000039157
        0.0000507417   0.0000640907   0.0000503675   0.0000464796  -0.0000669356
       -0.0000576103  -0.0000093306  -0.0000397903  -0.0000979320  -0.0000595559
       -0.0002171906  -0.0001697126   0.0000481624  -0.0000157286   0.0001233157
        0.0000867996   0.0000111401   0.0000005909  -0.0000033964  -0.0000081509
        0.0000173535   0.0000095203   0.2971714183   0.0838915918   0.0644277779
       -0.0037113198  -0.0018443517  -0.0014798908   0.0000447169   0.0001047619
        0.0000039100   0.0001957690  -0.0001234784  -0.0003613840   0.0005238242
        0.0007111664   0.0009465235   0.0000245683  -0.0001494443  -0.0000295143
        0.0018382928   0.0004741104   0.0004070296   0.0007740159   0.0074320658
       -0.0055200617  -0.0009993053  -0.0002742415  -0.0002013743  -0.0000724260
        0.0000629655  -0.0000443388  -0.0000056678   0.0000162651  -0.0000235601
       -0.0000313748   0.0000534437   0.0000380540   0.0001544650   0.0003837278
       -0.0001660334   0.0000168455   0.0000193091   0.0000305995   0.0000298511
       -0.0000541042   0.0000018471  -0.0001648818  -0.0003259577   0.0000725126
       -0.0000006054  -0.0000142053   0.0000043342   0.0057685005   0.0016890511
        0.0025479591  -0.0758899767  -0.0616630173  -0.0282580999   0.0001285540
       -0.0002874872  -0.0002156667   0.0000008795  -0.0000363444   0.0000940816
        0.0017606877  -0.0024275272   0.0023217890  -0.0000185171  -0.0000207489
        0.0000454115  -0.0002303422   0.0002168544   0.0000292426   0.0000055645
       -0.0000009963   0.0000283745  -0.0000372365   0.0000128236   0.0000570776
       -0.0000057109  -0.0000103009   0.0000111002   0.0000107114  -0.0000132121
       -0.0000187966   0.0000079708  -0.0000075812   0.0000220694   0.0001217900
        0.0000536140   0.0000434570  -0.0000228065   0.0000018844   0.0000192454
       -0.0000968009  -0.0000805105  -0.0000757992   0.0000959292   0.0001691227
        0.0000587968   0.0000004443   0.0000031351  -0.0000037868   0.0000038404
        0.0000010846  -0.0000014397   0.0838915918   0.0606839588   0.0366891890
       -0.0173416862  -0.0056005657  -0.0072403953  -0.0000180664   0.0000167956
       -0.0000191578  -0.0002074435   0.0003012105   0.0003536401   0.0004200936
       -0.0001978833  -0.0005111295   0.0001128200  -0.0005767384  -0.0005761712
       -0.0011580890  -0.0003558600  -0.0002647765   0.0017629222  -0.0064407628
        0.0031312959   0.0013359532   0.0003826549   0.0006887081   0.0000500170
       -0.0000091881   0.0000552359  -0.0000043050   0.0000040973   0.0000064856
       -0.0000283462  -0.0000701290  -0.0000099131  -0.0000896724  -0.0001757270
        0.0001149866   0.0000178175  -0.0000296103  -0.0000035488  -0.0000124731
        0.0000613394   0.0000384512   0.0000541173   0.0001931694  -0.0001346632
       -0.0000079650   0.0000203194   0.0000079403   0.0131255354   0.0043757547
        0.0022721616  -0.0614368050  -0.0277624722  -0.0558119669   0.0001404307
        0.0001488340   0.0005029971  -0.0000757663  -0.0000985037   0.0001727840
        0.0015085705   0.0027957957  -0.0013327354  -0.0000137341   0.0000801179
       -0.0000200921   0.0003972418  -0.0002803891   0.0000027854  -0.0000281958
        0.0000128643   0.0000207827  -0.0000093604   0.0000039073  -0.0000318139
       -0.0000148346   0.0000052455   0.0000092051  -0.0000167417  -0.0000068897
        0.0000169266   0.0000528999  -0.0000144433   0.0000067666  -0.0000639178
       -0.0000277830  -0.0000342027   0.0000183086  -0.0000101561  -0.0000160120
       -0.0000938434  -0.0000700073  -0.0000343228   0.0000656766   0.0001617617
        0.0000577714  -0.0000022262  -0.0000061381  -0.0000038763  -0.0000172152
        0.0000047497   0.0000035629   0.0644277779   0.0366891890   0.0577466522
       -0.0202021113  -0.0090751820  -0.0063977634   0.0000358992   0.0000318885
       -0.0000053616   0.0001001652  -0.0003562203  -0.0004053032   0.0003033719
       -0.0005564020  -0.0007170728  -0.0001211025   0.0003741750   0.0003679252
       -0.0000253096   0.0000938105   0.0001719996   0.0006069746   0.0015045309
        0.0013510178  -0.0000004580  -0.0000876947  -0.0000870189  -0.0000364275
       -0.0000304451  -0.0000123758   0.0000011291  -0.0000260918  -0.0000168365
        0.0000602859   0.0000445750   0.0000366003   0.0000227331   0.0000221277
       -0.0000082514  -0.0000364075   0.0000431928   0.0000174435  -0.0000650512
       -0.0000846680  -0.0000302875  -0.0001623096  -0.0002263436   0.0004664149
        0.0000241683  -0.0000153357  -0.0000217409   0.0004882348   0.0152741076
        0.0182474667  -0.0459388107  -0.0130351773  -0.0144152010  -0.0012814127
        0.0003185111  -0.0003635835   0.0000319732   0.0002088821  -0.0002767362
       -0.0026012892   0.0003136287   0.0027857154   0.0000688102  -0.0000709623
        0.0000304826   0.0000069886  -0.0000426119  -0.0000109389   0.0000527360
       -0.0000064198  -0.0000551827   0.0000321003  -0.0000105595  -0.0000250661
        0.0000309956  -0.0000004344  -0.0000163475   0.0000178183   0.0000050920
       -0.0000319583  -0.0000711430   0.0000178315  -0.0000729736   0.0000293883
        0.0000012226   0.0000029563   0.0000003210   0.0000079416   0.0000072318
        0.0000633802  -0.0000375766   0.0001188274  -0.0001329049  -0.0006268864
       -0.0000517331  -0.0000042145   0.0000013866  -0.0000029764   0.0000258631
       -0.0000076728  -0.0000007049  -0.0037113198  -0.0173416862  -0.0202021113
        0.0522045247   0.0128542969   0.0113879215  -0.0000060607  -0.0000423944
        0.0000295531   0.0002224872   0.0007960760   0.0007947568  -0.0000161681
       -0.0000466249  -0.0000200257   0.0000983743   0.0002323720   0.0002736626
       -0.0005153800  -0.0001714409  -0.0001941500  -0.0013546052  -0.0024779883
        0.0021288695   0.0001973145   0.0000971424   0.0001050564   0.0000205245
        0.0000208684   0.0000545866   0.0000244477   0.0000234323  -0.0000020066
       -0.0000767633  -0.0001580745  -0.0000420282  -0.0000822270  -0.0001388428
        0.0000800279   0.0000145593  -0.0000056178  -0.0000022632   0.0002200460
        0.0001809493  -0.0000479208  -0.0001877456  -0.0002599688   0.0005659131
       -0.0000062538  -0.0000008109   0.0000071911   0.0013868017  -0.0099009477
       -0.0098901423  -0.0119665408  -0.1399321557  -0.1332487226   0.0005215825
        0.0004889973   0.0007505539  -0.0001084521  -0.0000243068  -0.0000412970
        0.0015911113   0.0072299652  -0.0073694391  -0.0000506948  -0.0000339522
       -0.0000651334   0.0000999910  -0.0000090346   0.0000157558  -0.0000969020
        0.0000096062   0.0000292244   0.0000016469  -0.0000178364   0.0000183464
       -0.0000118573  -0.0000154832  -0.0000018418   0.0000013824   0.0000246312
        0.0000331921   0.0000350638   0.0000057308   0.0000247010  -0.0000597507
       -0.0000331974  -0.0000179136  -0.0000517900  -0.0000634755   0.0000114258
       -0.0002489118  -0.0000436970   0.0000571299  -0.0003924075  -0.0003155332
        0.0002049887   0.0000051107   0.0000060041   0.0000069968  -0.0000035107
       -0.0000009791  -0.0000044837  -0.0018443517  -0.0056005657  -0.0090751820
        0.0128542969   0.1514367614   0.1562299313  -0.0000626751  -0.0000264813
        0.0000042922   0.0000757694  -0.0017970152  -0.0018551768   0.0001959519
        0.0001659914   0.0002691848  -0.0001247811   0.0013373246   0.0012603333
        0.0006426717  -0.0000441524   0.0000507425  -0.0012266562   0.0026673234
       -0.0009929784  -0.0005222809   0.0000254557   0.0001035305  -0.0000547669
        0.0000540581   0.0000278755   0.0000116020   0.0000426329   0.0000400915
       -0.0000560789  -0.0000462880   0.0000066148   0.0000088586   0.0001594735
        0.0000050948  -0.0000145962  -0.0000042541  -0.0000118060   0.0000647088
        0.0001364960  -0.0000788739  -0.0000008660  -0.0000030872  -0.0000849458
       -0.0000180620   0.0000147019   0.0000164937  -0.0003429065  -0.0123591629
       -0.0165744681  -0.0130564635  -0.1329255545  -0.1922324929   0.0005129827
       -0.0000878864   0.0003939327  -0.0002727158  -0.0001318359   0.0002409729
        0.0035564728  -0.0062479165   0.0041334034  -0.0000517914  -0.0000102800
       -0.0000907278  -0.0000435511   0.0000984843   0.0000515187  -0.0000607061
       -0.0000133563   0.0000548139  -0.0000149839  -0.0000002349   0.0000479015
       -0.0000321232   0.0000006851  -0.0000031776   0.0000065835   0.0000317217
       -0.0000068042   0.0000266768  -0.0000187731   0.0000331853   0.0000422794
        0.0000300342  -0.0000045861  -0.0000018457  -0.0000802287  -0.0000334300
        0.0001757014   0.0002110373  -0.0008941631   0.0002510989   0.0004492794
        0.0004806980   0.0000031361   0.0000005298   0.0000062639  -0.0000147675
        0.0000027684  -0.0000015492  -0.0014798908  -0.0072403953  -0.0063977634
        0.0113879215   0.1562299313   0.2123788375  -0.0000085366  -0.0000450665
       -0.0000357702  -0.0000409688   0.0003040319   0.0007718829   0.0004126570
        0.0003792619   0.0003918775   0.0002112069  -0.0015794339  -0.0017921946
        0.0005793117   0.0001673190   0.0001217265  -0.0001709747   0.0001118270
       -0.0000894225   0.0000005482   0.0000696978   0.0000047097  -0.0000382353
        0.0000084587   0.0000039508  -0.0000167943   0.0000353158   0.0001650671
       -0.0003247141   0.0002765156  -0.0001343690   0.0005088528   0.0018281173
       -0.0002521611   0.0001010744  -0.0002121469   0.0003142812   0.0001724863
        0.0000188185   0.0001126881  -0.0090818698  -0.0089826858   0.0023579210
       -0.0001009910  -0.0000963094  -0.0000316909   0.0000050546   0.0000158675
       -0.0000739907  -0.0000475662  -0.0000748454   0.0000123571   0.0000315465
       -0.0000558552   0.0000191855  -0.2690197323  -0.1401741085  -0.1525459753
       -0.0000076625   0.0000169144   0.0000601119  -0.0000191774   0.0000014179
        0.0000013563   0.0000256598   0.0000253284  -0.0000182529  -0.0000162616
        0.0000319230   0.0000042934   0.0000235803   0.0000054848   0.0000105646
        0.0000001751   0.0000340405  -0.0000002648   0.0000147810   0.0000499360
        0.0001974063   0.0001363816  -0.0001754580   0.0000545444  -0.0001065335
       -0.0009228530  -0.0004157301   0.0000076507   0.0001348776   0.0001774115
       -0.0001451112  -0.0028235726   0.0018505470   0.0003123833  -0.0005097120
       -0.0007487378  -0.0000227463  -0.0000067844  -0.0000024784   0.0000657885
        0.0000468232  -0.0000667374   0.0000447169  -0.0000180664   0.0000358992
       -0.0000060607  -0.0000626751  -0.0000085366   0.2770643399   0.1511733319
        0.1487998791   0.0000089668   0.0000610304   0.0000629545   0.0000139529
        0.0000135181   0.0000195545   0.0000071796  -0.0000114909   0.0000019381
       -0.0009251277   0.0001698955  -0.0005131372  -0.0002056363   0.0000213306
        0.0001882404   0.0000720099   0.0000278876   0.0000415895  -0.0000238433
       -0.0000565764  -0.0000305566   0.0000745075   0.0000334551  -0.0000840150
       -0.0004835160  -0.0003998017  -0.0004091028  -0.0009271575   0.0000665841
        0.0001401321   0.0005255215  -0.0001323539  -0.0002321275   0.0003181830
        0.0004509371   0.0003245473  -0.0254401206  -0.0184168514  -0.0116684692
       -0.0000987886   0.0000741978   0.0000658186  -0.0002331826  -0.0000558095
       -0.0000078345   0.0001003592  -0.0000762477   0.0000682646  -0.0000663009
       -0.0000401678  -0.0000612587  -0.1246390809  -0.0907527560  -0.0518073328
        0.0000780106  -0.0000021133   0.0000175539   0.0000118785   0.0001243365
       -0.0000221915   0.0000142075  -0.0000489359   0.0000215528   0.0000128170
        0.0000211459   0.0000184209  -0.0000387377   0.0000570613  -0.0000146038
       -0.0000471929   0.0000321718   0.0000686396   0.0004246393  -0.0001557986
       -0.0007607873   0.0000776101   0.0000999887   0.0000017526   0.0021050677
        0.0001479355   0.0009982536  -0.0001839084  -0.0001560224  -0.0001506555
       -0.0020029839  -0.0043135144   0.0032446367   0.0003629376   0.0009246432
        0.0000696391   0.0000070871   0.0000096269  -0.0000179057  -0.0001043987
        0.0000326025   0.0000363651   0.0001047619   0.0000167956   0.0000318885
       -0.0000423944  -0.0000264813  -0.0000450665   0.1511733319   0.1123236674
        0.0604659949  -0.0000581383  -0.0000292223   0.0000068699   0.0000726136
        0.0000378500   0.0000219512  -0.0000150350  -0.0000094605  -0.0000070668
       -0.0005697274  -0.0001258109   0.0003993729   0.0000114415  -0.0000345786
       -0.0000127922   0.0000126816  -0.0000016773   0.0000063153  -0.0000355990
        0.0000069339  -0.0000203180   0.0000464453   0.0000561939  -0.0000509034
       -0.0006424328  -0.0006219582   0.0000081862   0.0004448701   0.0004381223
       -0.0005395522   0.0001904835  -0.0001767388   0.0002261860   0.0005301313
        0.0003848311   0.0000385449   0.0163525487   0.0062104330   0.0078998003
        0.0000041133   0.0000030738  -0.0000756709  -0.0000942801   0.0000809530
       -0.0000226854   0.0000351408   0.0000539091   0.0000268964   0.0000480754
        0.0000539939  -0.0000769712  -0.1677715083  -0.0706281208  -0.1143746277
        0.0000257645  -0.0000085889  -0.0000531340   0.0000138464   0.0000075759
       -0.0000138390   0.0000084246   0.0000050362   0.0000047123  -0.0000113748
        0.0000085054  -0.0000052899   0.0000139672   0.0000399314  -0.0000184283
        0.0000471739  -0.0000325040  -0.0000512324   0.0004542121  -0.0004089384
       -0.0006795299  -0.0000546932   0.0002596512  -0.0002317386  -0.0005529431
       -0.0002149323   0.0008934880  -0.0002851013   0.0000133672   0.0001625804
        0.0012817000   0.0031265004   0.0000687198   0.0016938671   0.0011278340
        0.0018121484  -0.0000600611  -0.0000159613   0.0000040861   0.0000411176
       -0.0000038082  -0.0000449380   0.0000039100  -0.0000191578  -0.0000053616
        0.0000295531   0.0000042922  -0.0000357702   0.1487998791   0.0604659949
        0.1047515415  -0.0000251639  -0.0000290496   0.0000051822   0.0000185964
        0.0000019747   0.0000111692  -0.0000050585  -0.0000272824  -0.0000061469
        0.0001610709   0.0000278277  -0.0000853064   0.0002536059  -0.0002749023
       -0.0001670682   0.0000115596   0.0000089092  -0.0001708052  -0.0010296351
       -0.0002116627  -0.0003305519  -0.0001830565  -0.0000608116   0.0000138004
       -0.0007030092  -0.0005295197  -0.0007390786  -0.0000533248  -0.0000260027
        0.0000800329  -0.0000590339  -0.0000502313  -0.0001023696  -0.0014885206
       -0.0025908902   0.0012378173   0.0001490785  -0.0000105324   0.0000459877
        0.0000078475   0.0000335897   0.0000477934   0.0013109317   0.0042079462
        0.0017630679   0.0008228709  -0.0004229222  -0.0002572736  -0.0000555209
        0.0000600259  -0.0000135438  -0.0001338717   0.0000457134   0.0000405920
       -0.0946447609  -0.0397845228   0.0918149913   0.0000892681   0.0000018002
        0.0000566910  -0.0000873184   0.0000243684   0.0000936206  -0.0022255675
        0.0008782952  -0.0002187400   0.0000557251   0.0000567361   0.0001017685
       -0.0000818234  -0.0000052903   0.0000407364   0.0001812038   0.0002242011
        0.0001294845   0.0000076152  -0.0000026736   0.0000377925  -0.0000074091
        0.0000138628  -0.0000120753   0.0004362192   0.0006773555   0.0002767520
       -0.0000179779   0.0001306610   0.0000003695  -0.0000512680   0.0000273373
        0.0000182051   0.0000290513   0.0000118640   0.0000307968  -0.0000146720
        0.0000033788  -0.0000062933   0.0001957690  -0.0002074435   0.0001001652
        0.0002224872   0.0000757694  -0.0000409688   0.0000089668  -0.0000581383
       -0.0000251639   0.1095859828   0.0446473902  -0.1091433591  -0.0187981233
       -0.0121016666   0.0254852203   0.0061056399   0.0051801778  -0.0101030876
        0.0001211095   0.0001778977   0.0000177870  -0.0001206850   0.0002864000
        0.0002194274   0.0000143238   0.0000020792   0.0000925709   0.0000150648
        0.0001684702   0.0003110171  -0.0001265762  -0.0000049326   0.0000057868
       -0.0015025353  -0.0004548840  -0.0010350446  -0.0000037905  -0.0000204308
        0.0000929136  -0.0000213114  -0.0000942065   0.0000671902  -0.0011123814
       -0.0025749079   0.0012482270  -0.0000352680  -0.0000834925  -0.0000693077
        0.0000126346  -0.0000161245   0.0000204599   0.0097927365   0.0063290572
       -0.0180765674  -0.0005447128  -0.0017611650  -0.0026968987   0.0000618004
       -0.0000407822   0.0000300173  -0.0001104102   0.0000540168   0.0001706173
       -0.0386151748  -0.0659111150   0.0686102490  -0.0000693396  -0.0001400573
        0.0001142539   0.0000503598   0.0000077122  -0.0000836119   0.0007674901
        0.0005507779  -0.0002266934  -0.0000213138  -0.0001134548  -0.0000769989
        0.0000107480  -0.0000159055  -0.0000130471   0.0003470105   0.0003070718
        0.0002592440   0.0000557217   0.0000019227   0.0000598567   0.0000060857
       -0.0000222100  -0.0000170968   0.0001218375  -0.0016325600   0.0007929042
        0.0001772898  -0.0000540909  -0.0001398179   0.0000538769   0.0001232900
        0.0001206082   0.0000183918   0.0000248512  -0.0000109229   0.0000212141
       -0.0000071464  -0.0000022611  -0.0001234784   0.0003012105  -0.0003562203
        0.0007960760  -0.0017970152   0.0003040319   0.0000610304  -0.0000292223
       -0.0000290496   0.0446473902   0.0808276909  -0.0790942842  -0.0030494188
       -0.0011016510   0.0038485369  -0.0116957960  -0.0132870939   0.0255421231
       -0.0001230674  -0.0003024515  -0.0002076992   0.0000455777   0.0001783566
        0.0005643297  -0.0002270032   0.0000322604  -0.0002870006   0.0001227606
       -0.0001043801  -0.0001296229  -0.0001368223   0.0000386675   0.0001920553
       -0.0002548845  -0.0007651837   0.0004448196   0.0000150395   0.0000254267
       -0.0000043484  -0.0000389796  -0.0000019629  -0.0000620071   0.0020904831
        0.0027873610  -0.0016840903  -0.0000643674  -0.0000497689  -0.0000148105
        0.0000348784   0.0000274304   0.0000229861   0.0118866458   0.0024239441
       -0.0249482270  -0.0009537748  -0.0016052532  -0.0027926992   0.0002391381
        0.0001329877   0.0003287053  -0.0000381767   0.0001070749   0.0000368047
        0.0924493178   0.0701288327  -0.2087332859   0.0000833337   0.0000993541
       -0.0002254497   0.0001431457   0.0000712862   0.0000638769  -0.0006684766
        0.0002236911   0.0009903604   0.0002014080   0.0000387425   0.0001395348
        0.0000754418   0.0000151981  -0.0000048411  -0.0001467987  -0.0000262858
       -0.0001788535   0.0000319543   0.0000049764  -0.0000116748   0.0000349278
        0.0000226273   0.0000108787  -0.0002255468   0.0002095187   0.0004133269
        0.0001404263  -0.0001557698  -0.0000728785   0.0000682646   0.0001316138
        0.0000382223   0.0000208358  -0.0000037834   0.0000199782   0.0000031815
        0.0000041887   0.0000002792  -0.0003613840   0.0003536401  -0.0004053032
        0.0007947568  -0.0018551768   0.0007718829   0.0000629545   0.0000068699
        0.0000051822  -0.1091433591  -0.0790942842   0.2414150174  -0.0007715354
       -0.0008815589   0.0040355663   0.0046097045   0.0077818101  -0.0097310151
       -0.0001067002   0.0001637327  -0.0000698980   0.0005660666  -0.0004044721
       -0.0006716171   0.0000716013  -0.0001338633  -0.0000308881  -0.0001105028
        0.0000711015   0.0001059224   0.0000441632  -0.0000042365  -0.0000786646
       -0.0000199694   0.0000510151  -0.0000830093  -0.0000102701  -0.0000545130
        0.0000740628   0.0001219873   0.0000103456   0.0000492486  -0.0001804137
       -0.0002034221   0.0003255114  -0.0001328635   0.0001112855  -0.0000026310
        0.0000052010  -0.0000249401   0.0000014126  -0.0075032572  -0.0044952995
       -0.0045669888   0.0012376589   0.0016473642   0.0018413560  -0.0002883882
       -0.0001821703  -0.0002562520   0.0000891264  -0.0000970149   0.0000085813
       -0.2702355196  -0.0333075658  -0.0443869066   0.0000127194  -0.0001175462
        0.0002118198   0.0000615813  -0.0000174916   0.0000417926  -0.0001018345
       -0.0001557935  -0.0003013792  -0.0000188415  -0.0000676382  -0.0000746426
        0.0000200419  -0.0000004760  -0.0000017818  -0.0000016769  -0.0000119546
        0.0000271232   0.0000222410   0.0000329219   0.0000123954  -0.0000248815
       -0.0000447474   0.0000133857  -0.0000452406  -0.0002042768  -0.0000989359
       -0.0000206889  -0.0001257924   0.0000063957   0.0000177549   0.0000272495
        0.0000003250  -0.0000044474  -0.0000052182  -0.0000257281   0.0000022428
        0.0000080288   0.0000074872   0.0005238242   0.0004200936   0.0003033719
       -0.0000161681   0.0001959519   0.0004126570   0.0000139529   0.0000726136
        0.0000185964  -0.0187981233  -0.0030494188  -0.0007715354   0.3129002239
        0.0389000308   0.0518080492  -0.0180906000   0.0009961166  -0.0038486353
       -0.0000121494   0.0000630746  -0.0000793845   0.0002372783  -0.0016092824
       -0.0035404321   0.0003697623   0.0001605117   0.0003276205   0.0000248420
        0.0000643643   0.0000454067   0.0000456108   0.0000430407   0.0000017090
       -0.0000767415  -0.0000243085  -0.0001001392  -0.0000517211  -0.0000811649
        0.0000603250   0.0000519909  -0.0000002609   0.0000074977  -0.0000446523
       -0.0001696561   0.0001843878  -0.0001104416  -0.0000236839  -0.0000093651
       -0.0000027058   0.0000011566   0.0000030130  -0.0203133458  -0.0056503069
       -0.0069263467  -0.0013517477  -0.0000731598   0.0005699563  -0.0009135274
       -0.0004398634  -0.0006900187   0.0000635681   0.0000227873   0.0000047675
       -0.0334995748  -0.0478686747  -0.0053439340  -0.0001076860  -0.0000166688
       -0.0001961260   0.0000725508   0.0001043201  -0.0000097787  -0.0000590587
       -0.0001196566   0.0001195585  -0.0000316858  -0.0000122657  -0.0000141772
        0.0000147639   0.0000014210  -0.0000006062   0.0000077784   0.0000127509
       -0.0000026517   0.0000328036   0.0000128327   0.0000240253  -0.0000121990
       -0.0000139146   0.0000060994  -0.0000951398  -0.0001182778   0.0000080274
       -0.0000608905  -0.0000639716  -0.0000203696   0.0000050759   0.0000517563
        0.0000316611   0.0000083414  -0.0000015754   0.0000012016   0.0000046408
        0.0000015138   0.0000004284   0.0007111664  -0.0001978833  -0.0005564020
       -0.0000466249   0.0001659914   0.0003792619   0.0000135181   0.0000378500
        0.0000019747  -0.0121016666  -0.0011016510  -0.0008815589   0.0389000308
        0.0549728705   0.0107135151   0.0283278361   0.0018699845   0.0058808537
       -0.0002621080  -0.0001093465  -0.0003345912  -0.0000693943  -0.0029875200
       -0.0024149505   0.0001718102  -0.0001449978  -0.0000085794   0.0002405190
       -0.0001328009  -0.0000292006  -0.0000174876  -0.0000353957  -0.0000164615
        0.0000516199   0.0000279781   0.0001316008  -0.0000937527  -0.0001344951
        0.0001322511   0.0000541162   0.0000013268   0.0000020636   0.0002249659
        0.0003223782  -0.0005839538  -0.0000252519   0.0000450585   0.0000386952
        0.0000023498   0.0000079993   0.0000204865  -0.0225939617  -0.0056065723
       -0.0062625695  -0.0014733661   0.0000865790   0.0002091090  -0.0007520645
       -0.0003634164  -0.0005499655  -0.0000027341   0.0000102807  -0.0000150863
       -0.0430472411  -0.0059039478  -0.0523486185   0.0000812786   0.0000429188
        0.0000463411   0.0000785290  -0.0000327534   0.0000247863  -0.0001582408
        0.0001276063   0.0000244275   0.0001150719   0.0000471692   0.0000726098
       -0.0000195304   0.0000007746   0.0000122067   0.0000156781   0.0000168733
       -0.0000042682   0.0000289858   0.0000118622   0.0000121212  -0.0000336234
       -0.0000351915   0.0000060721   0.0000262123   0.0000747638   0.0000979168
       -0.0000299798  -0.0000449743  -0.0000022632  -0.0000072520   0.0000430583
        0.0000005448   0.0000042226  -0.0000021488  -0.0000012662  -0.0000051951
        0.0000067701  -0.0000003696   0.0009465235  -0.0005111295  -0.0007170728
       -0.0000200257   0.0002691848   0.0003918775   0.0000195545   0.0000219512
        0.0000111692   0.0254852203   0.0038485369   0.0040355663   0.0518080492
        0.0107135151   0.0593899319  -0.0107434978   0.0003181049  -0.0013705605
        0.0000216858   0.0000235940   0.0000683671   0.0000865277   0.0004522399
       -0.0004885570  -0.0011349380  -0.0010747437  -0.0005094290  -0.0003465308
       -0.0001732633  -0.0001111789   0.0000586642   0.0000373206   0.0001021069
       -0.0000640020  -0.0001127749  -0.0000897173  -0.0000077250  -0.0000319374
       -0.0000131970  -0.0000387175  -0.0000056842  -0.0000831746  -0.0000295934
       -0.0001193791   0.0002652339   0.0000144306  -0.0000478308  -0.0000266944
       -0.0000023165   0.0000204196   0.0000048763   0.0010206037   0.0012870598
        0.0042615433   0.0007921931   0.0000044366  -0.0000909325  -0.0001119161
        0.0000516585  -0.0000484315  -0.0000181305   0.0000793858  -0.0000031763
       -0.0815591260   0.0833058150  -0.0283552139  -0.0008730215  -0.0001828726
       -0.0014063498  -0.0000256691   0.0000872384   0.0000036917  -0.0004500242
       -0.0003368899   0.0004923986  -0.0001246564   0.0000396126   0.0000058068
        0.0000211934   0.0000368672  -0.0000215917  -0.0000290140   0.0000385217
       -0.0000273024   0.0000028478  -0.0000055215   0.0000157217  -0.0000003082
        0.0000293062  -0.0000021292  -0.0000765373  -0.0000075981   0.0000118427
       -0.0000244524   0.0000134972  -0.0000126112  -0.0000138165   0.0000142118
        0.0000201771   0.0000146146   0.0000047371   0.0000228857  -0.0000037564
       -0.0000011071  -0.0000026730   0.0000245683   0.0001128200  -0.0001211025
        0.0000983743  -0.0001247811   0.0002112069   0.0000071796  -0.0000150350
       -0.0000050585   0.0061056399  -0.0116957960   0.0046097045  -0.0180906000
        0.0283278361  -0.0107434978   0.0947563288  -0.1000313634   0.0320664554
        0.0001414430  -0.0000717197  -0.0000322546   0.0005150242  -0.0000563945
       -0.0000332547   0.0000569766  -0.0000509831   0.0001089530  -0.0000046115
        0.0001013874  -0.0000365947  -0.0000305040   0.0001006564   0.0000690308
       -0.0000039493  -0.0002522406   0.0000952918  -0.0000018985   0.0000584019
        0.0000189115  -0.0000092461  -0.0000117032  -0.0000345445  -0.0001552069
       -0.0001688873   0.0001564119  -0.0000070874  -0.0000525943   0.0000935032
        0.0000099124   0.0000496070   0.0000085394   0.0103856609  -0.0239023047
       -0.0011006067  -0.0016666647  -0.0016309528  -0.0009130628   0.0001785977
        0.0000902473   0.0000323072  -0.0000629404   0.0000614408  -0.0000149876
        0.0853716141  -0.2213260023   0.0579603990  -0.0006221072   0.0008188883
       -0.0007632484   0.0001579554   0.0002187490   0.0000396915  -0.0005865397
       -0.0001224663   0.0006149730   0.0001106158   0.0000566597   0.0001023067
        0.0000286879   0.0000294681  -0.0000122253   0.0000018079   0.0000413530
       -0.0000693231   0.0000154969  -0.0000164095  -0.0000345787   0.0000389301
        0.0000337733  -0.0000010111  -0.0000648226   0.0002140387  -0.0000464346
       -0.0000312216   0.0001389239  -0.0000791118   0.0000156394   0.0000622840
        0.0000238350   0.0000139230  -0.0000100637   0.0000151833  -0.0000118532
        0.0000080132   0.0000042813  -0.0001494443  -0.0005767384   0.0003741750
        0.0002323720   0.0013373246  -0.0015794339  -0.0000114909  -0.0000094605
       -0.0000272824   0.0051801778  -0.0132870939   0.0077818101   0.0009961166
        0.0018699845   0.0003181049  -0.1000313634   0.2562548140  -0.0630397537
       -0.0000559877  -0.0000406298   0.0001684229   0.0003759402   0.0005771892
       -0.0000440653  -0.0007457722  -0.0007422854   0.0000067044   0.0000078657
        0.0001286541   0.0001798677  -0.0000115305  -0.0000446536  -0.0000972049
        0.0001096692   0.0001881592   0.0001872482   0.0000142042   0.0000099915
       -0.0000200682  -0.0000054462  -0.0000266847   0.0000632686   0.0001456258
        0.0002862400  -0.0006372552  -0.0000792310  -0.0001415920   0.0000253102
       -0.0000113742  -0.0000066251  -0.0000201874   0.0098285292  -0.0222726408
        0.0036040147  -0.0007765818  -0.0020275550  -0.0014850181   0.0001107955
       -0.0000025385  -0.0000786607  -0.0000267431   0.0000747347  -0.0000187019
       -0.0267873663   0.0547774230  -0.0544660470  -0.0012662192  -0.0000799428
       -0.0005569049   0.0000217808   0.0000259661  -0.0000881070   0.0006037701
        0.0003338694  -0.0002649698  -0.0000475695  -0.0000477905  -0.0000885367
        0.0000202559   0.0000236226  -0.0000369885   0.0000405817   0.0000077986
       -0.0000046720   0.0000111624  -0.0000182162  -0.0000018519   0.0000196583
        0.0000149767  -0.0000113894   0.0000657743  -0.0001349976   0.0000680324
        0.0000207400   0.0000386768  -0.0000945020   0.0000452080   0.0000412209
        0.0000403049  -0.0000045423   0.0000056953  -0.0000115852   0.0000159837
       -0.0000083846  -0.0000012680  -0.0000295143  -0.0005761712   0.0003679252
        0.0002736626   0.0012603333  -0.0017921946   0.0000019381  -0.0000070668
       -0.0000061469  -0.0101030876   0.0255421231  -0.0097310151  -0.0038486353
        0.0058808537  -0.0013705605   0.0320664554  -0.0630397537   0.0662168021
