$hessian                                                                        
        0.4725972535   0.0250925995  -0.0075908483  -0.0961580316   0.0407254535
        0.0286259496   0.0060657542  -0.0016724026  -0.0022975899   0.0003285547
        0.0001892964   0.0002686956  -0.0120323481  -0.0125900167   0.0105712654
       -0.0651701762  -0.0125933457   0.0190883155  -0.1331333082   0.0018467728
       -0.0490298129  -0.0239154958  -0.0118048491  -0.0043718972  -0.0146360262
        0.0036152642   0.0248157140  -0.0776288436  -0.0360984691  -0.0064328135
       -0.0015921842  -0.0021324908   0.0011696420  -0.0241406932   0.0149861319
        0.0010700335  -0.0001344467  -0.0007548660   0.0023586306  -0.0075243555
        0.0070715016   0.0076305086  -0.0026352652  -0.0116394638   0.0072647735
       -0.0011717699   0.0001857568  -0.0006186977  -0.0004050589  -0.0024596099
       -0.0003142448  -0.0001279149  -0.0005059649  -0.0003035417   0.0000262208
       -0.0001566845   0.0000374100   0.0000424947  -0.0000434916  -0.0000622647
       -0.0020183089  -0.0025911588  -0.0008103647   0.0053575248   0.0081638998
       -0.0168329820  -0.0173063311   0.0031920197  -0.0097801412   0.0031471453
        0.0003082205   0.0011340577   0.0003043087  -0.0001404630  -0.0005775265
        0.0059084857   0.0168551976   0.0023049016  -0.0138930347  -0.0240279691
       -0.0064355673   0.0002003358  -0.0000600845   0.0001862367  -0.0005384742
       -0.0004523544  -0.0003194462   0.0003275261  -0.0014618063  -0.0010263055
        0.0000002683   0.0004443962   0.0003127671   0.0001982651  -0.0007038822
        0.0001104221   0.0001737349   0.0000876535  -0.0000628453  -0.0003650615
       -0.0005227896  -0.0000156141  -0.0001507438  -0.0003520016  -0.0000668198
        0.0250925995   0.4786968380   0.0003916927   0.0358571955  -0.0950399658
       -0.0242045383   0.0132907218  -0.0253948699  -0.0100069478   0.0013788120
        0.0026892413  -0.0003335577  -0.0190481693  -0.0162884149   0.0173359155
       -0.0112386980  -0.0717956660   0.0320184536   0.0016730801  -0.0617028077
       -0.0011784717  -0.0202291198  -0.0039589975  -0.0057055754   0.0120636199
        0.0033724914  -0.0198607728  -0.0350093914  -0.1512234846  -0.0135538087
       -0.0020076030  -0.0026025781   0.0019414757   0.0078227320  -0.0006914615
        0.0045774353  -0.0003763276   0.0003413192  -0.0013027867  -0.0012618562
        0.0032778648   0.0002128552  -0.0097441740  -0.0181066487   0.0128505835
       -0.0006059507  -0.0008587550  -0.0005961918  -0.0013749043  -0.0049815462
       -0.0009080177  -0.0001023658  -0.0000031461  -0.0001863327  -0.0000237113
       -0.0001639054   0.0000971027   0.0002834839   0.0001744795  -0.0003421695
       -0.0035166094  -0.0042011867  -0.0008070029  -0.0025511142  -0.0027097333
        0.0074397766   0.0208653476  -0.0015092665   0.0125920182  -0.0028879130
       -0.0001533443  -0.0021284881  -0.0000423857   0.0004433946  -0.0012426213
       -0.0042692558  -0.0241212743  -0.0045870063  -0.0036645900  -0.0037968614
       -0.0023458139   0.0000306044  -0.0000248162   0.0000651741  -0.0009013609
       -0.0007077066  -0.0002642627  -0.0002296983   0.0000887144  -0.0000360885
       -0.0000132790  -0.0000511984   0.0002016845   0.0011735645   0.0013569165
       -0.0001023255   0.0000206592  -0.0000205332  -0.0001001531  -0.0002531560
       -0.0001026503  -0.0000552057  -0.0002007868  -0.0002304415   0.0001239711
       -0.0075908483   0.0003916927   0.4424821481   0.0206534650  -0.0195746704
       -0.0738833116   0.0005053670  -0.0034397113   0.0003054341   0.0000803611
        0.0003982387   0.0000041063   0.0063030436   0.0078545916  -0.0008509322
        0.0244698814   0.0344574131  -0.1314552945  -0.0500966607  -0.0003362500
       -0.0985091049  -0.0014151581  -0.0054913653   0.0040068763   0.0164971715
       -0.0057376399  -0.0191586278  -0.0071287152  -0.0181973509  -0.0584316775
        0.0005856821   0.0014616234  -0.0007793552  -0.0057273905   0.0082354547
        0.0070430453  -0.0005805931   0.0001681386  -0.0010527457   0.0205647826
       -0.0184474384  -0.0171032335   0.0148982582   0.0348055068  -0.0123913449
       -0.0004930616  -0.0002703736  -0.0002908645  -0.0002975465   0.0002815200
        0.0000115288  -0.0001416147  -0.0000894538  -0.0001776128   0.0000418015
        0.0000624017  -0.0000527898   0.0000135907  -0.0001702229  -0.0000651097
       -0.0008920083   0.0001457037  -0.0005089537   0.0037033359   0.0099956435
       -0.0195558861   0.0000371785   0.0004996163   0.0010572246  -0.0226604668
       -0.0017242629  -0.0178584913  -0.0000509593  -0.0004319187   0.0001358988
       -0.0037397108  -0.0100904520  -0.0008598801  -0.0080898999  -0.0152257138
       -0.0022092785   0.0000628194  -0.0000765808  -0.0001948973   0.0001221785
        0.0005746489   0.0003247320   0.0002518108  -0.0010888100  -0.0009650209
       -0.0000867759   0.0005091070   0.0000748162   0.0003945547   0.0005449269
        0.0008643124   0.0000072259   0.0000614574   0.0000667370  -0.0002220359
       -0.0000675246   0.0000903995   0.0000209372   0.0000120547  -0.0001128470
       -0.0961580316   0.0358571955   0.0206534650   0.4479810965   0.0177089636
        0.0000629804  -0.0768521344  -0.0381899860  -0.0056864856  -0.0084656054
       -0.0139272222   0.0020502938   0.0013740217  -0.0002968570  -0.0011283554
       -0.0084347393   0.0056940857   0.0086434096  -0.0234932208   0.0166319920
        0.0035749865   0.0000541333   0.0005303723  -0.0003666005  -0.0010729717
       -0.0002044408   0.0017422006   0.0059721129  -0.0017770327  -0.0030410824
       -0.0001507838  -0.0002831198  -0.0000392659  -0.1532992136  -0.0034892959
       -0.0398970151  -0.0089640554   0.0054061401  -0.0142379334  -0.0462662572
       -0.0103295596   0.0368677498   0.0003598428  -0.0002870003   0.0003490443
       -0.0246381643  -0.0034591333  -0.0069131332   0.0065382816   0.0171995637
        0.0014702317  -0.0090175510  -0.0190416087  -0.0043333971   0.0000779206
        0.0000500366  -0.0000586844  -0.0016260166  -0.0014584009   0.0027870987
        0.0002088816   0.0000044945  -0.0000959218  -0.0001274620   0.0003406969
       -0.0009205925  -0.0043083155   0.0002069474  -0.0017212986   0.0010613033
        0.0003871737   0.0012776587   0.0000153981  -0.0000755770  -0.0000389012
       -0.0003294142  -0.0024946025  -0.0002348672   0.0002804989  -0.0006379183
       -0.0002892818   0.0000222320   0.0000383481   0.0000197298   0.0000210590
       -0.0000992079  -0.0000255644   0.0024302091  -0.0027528881  -0.0014036328
        0.0002459846   0.0009421383   0.0012786127  -0.0003144974  -0.0000728053
       -0.0000024028   0.0001727073   0.0000443726  -0.0012811009  -0.0032440838
       -0.0024903355   0.0014010955  -0.0000531653   0.0003244709  -0.0004630402
        0.0407254535  -0.0950399658  -0.0195746704   0.0177089636   0.4236610067
       -0.0275628090  -0.0405926383  -0.1522276650  -0.0091489788  -0.0080347182
       -0.0099338575   0.0054341293   0.0009762948   0.0000723431  -0.0006754769
       -0.0002006629   0.0028849497  -0.0034248915   0.0059721554  -0.0023204223
        0.0006952090  -0.0002430787  -0.0003901921  -0.0001595487  -0.0015767960
        0.0010410377   0.0025010113   0.0143171896  -0.0251605920  -0.0084309914
        0.0000546047   0.0000173667   0.0000295112  -0.0036899479  -0.0589595126
        0.0008134422   0.0115041444  -0.0016377294   0.0060121731  -0.0102807646
       -0.0544371707   0.0555110953   0.0009914093  -0.0000678610  -0.0015773889
       -0.0122055995   0.0020020443  -0.0034090396  -0.0068967663  -0.0245606338
       -0.0028634684  -0.0052454570  -0.0070374831  -0.0010483610  -0.0001717838
       -0.0000213632   0.0002201897  -0.0001630197   0.0002782569   0.0012805125
        0.0000620392  -0.0000580333   0.0000203449   0.0001103355   0.0003769288
        0.0005667740   0.0005217219   0.0003087922  -0.0000080191  -0.0002740244
        0.0001391587  -0.0007062715  -0.0000583323  -0.0001168869   0.0000640094
       -0.0015245529  -0.0048724953  -0.0004953007   0.0009313222   0.0009774977
        0.0001981241  -0.0000106207   0.0000239761  -0.0000247926  -0.0000362933
        0.0000299359   0.0000364682  -0.0013485901   0.0066712306   0.0067709265
        0.0012271787  -0.0026655072  -0.0020587630   0.0001577944   0.0003330894
       -0.0004124992  -0.0003144948   0.0001357058   0.0000215735  -0.0026155369
        0.0000023352   0.0015476336   0.0002230709   0.0005517157  -0.0001418573
        0.0286259496  -0.0242045383  -0.0738833116   0.0000629804  -0.0275628090
        0.5021151586  -0.0009187362  -0.0004781311  -0.0658508712   0.0090454393
        0.0184965392   0.0018513359  -0.0011935377  -0.0003595221   0.0014443154
        0.0169720490  -0.0139855063  -0.0115224822  -0.0096219652   0.0084043753
        0.0031477430   0.0000431505   0.0003493331  -0.0002076721   0.0043524993
       -0.0000527288  -0.0061896552   0.0006024402  -0.0039941940   0.0003004038
       -0.0000124662  -0.0001330082   0.0000149057  -0.0565194935   0.0013353683
       -0.0928337569  -0.0248599876   0.0023631327  -0.0167331351   0.0373817685
        0.0538655618  -0.2369530852   0.0001785778   0.0000164500  -0.0010876701
        0.0065340908   0.0002086968   0.0029137086  -0.0013216751  -0.0035704493
        0.0005029341  -0.0097186186  -0.0213497219  -0.0042441050  -0.0000655436
        0.0002031388  -0.0001207439   0.0029225119   0.0019072374  -0.0026978094
       -0.0002679060   0.0000340833   0.0000300580   0.0000636677  -0.0008718138
        0.0004106707  -0.0033038888   0.0004805689  -0.0013297937  -0.0015037645
        0.0007704033   0.0006409875   0.0000013756   0.0000550118   0.0000170640
        0.0001420881  -0.0000739073   0.0002771645   0.0001573753   0.0000413107
        0.0000391648  -0.0000351223   0.0000072809  -0.0000258336  -0.0000661926
       -0.0000525164  -0.0000149579  -0.0020683889   0.0065274263  -0.0004676982
        0.0002564579  -0.0021221795  -0.0001421624   0.0002237364   0.0018235345
        0.0006172459   0.0013179661   0.0001205298   0.0002934312   0.0021294380
        0.0014823837  -0.0005267326   0.0004637245   0.0003186593   0.0002151847
        0.0060657542   0.0132907218   0.0005053670  -0.0768521344  -0.0405926383
       -0.0009187362   0.5090808775  -0.0389532618   0.0231758902  -0.1066925807
       -0.0197058078   0.0533468032  -0.0169120264   0.0010825955   0.0169148188
        0.0006659506  -0.0011561599  -0.0010798648   0.0001081048   0.0000044268
        0.0001451014  -0.0009509017   0.0004522915   0.0008977414   0.0000375457
        0.0001599705   0.0000317029  -0.0023149506   0.0025229759   0.0017240682
        0.0001509892   0.0000422520   0.0001436046  -0.0161328563  -0.0200783209
       -0.0055366679   0.0000480707  -0.0012264639   0.0013902718  -0.0035309295
       -0.0106474522   0.0008696014   0.0000715829   0.0000019089  -0.0001409660
       -0.0026926161  -0.0001268552  -0.0018637509  -0.1685364001   0.1151032101
        0.0120420235  -0.1153566962  -0.0018040510  -0.1082751482   0.0084225715
        0.0044210763  -0.0100825199  -0.0123440159  -0.0077133946   0.0143661764
       -0.0019072949   0.0032141672   0.0015910067   0.0001267520   0.0000084680
        0.0001012321   0.0000750103   0.0000450276   0.0001311037  -0.0001409129
        0.0003046116  -0.0000168384  -0.0000309917  -0.0000238295  -0.0000475553
        0.0002908902   0.0010336852   0.0001015764  -0.0000412347   0.0000578950
        0.0000514734  -0.0000420781   0.0001047578   0.0000512245   0.0000011917
       -0.0000110946   0.0000342390  -0.0001348509   0.0008191792   0.0005898881
        0.0002714693  -0.0003644978  -0.0005373224  -0.0000175393  -0.0001572199
       -0.0000519147   0.0000810716   0.0000058743  -0.0001455830  -0.0009180211
       -0.0002422045   0.0004003445   0.0000511993   0.0001281567   0.0000916084
       -0.0016724026  -0.0253948699  -0.0034397113  -0.0381899860  -0.1522276650
       -0.0004781311  -0.0389532618   0.4629698086  -0.0018812945  -0.0170147399
       -0.0722267523   0.0224404999   0.0120464018   0.0042179081  -0.0147885853
       -0.0007151739   0.0011902917   0.0008595038  -0.0003503151  -0.0000747202
       -0.0000199033   0.0002140950   0.0005806343  -0.0001724254  -0.0001989759
        0.0003002147   0.0003306175   0.0025981568  -0.0019821191  -0.0014557595
       -0.0000649920  -0.0002113415  -0.0000687332  -0.0084775205  -0.0029740735
       -0.0050778898   0.0009122584  -0.0004221939   0.0013024709  -0.0076624264
       -0.0140533825   0.0015257717   0.0001131829   0.0003164340  -0.0002650982
        0.0007315361  -0.0003192530  -0.0005268363   0.1154412534  -0.1445209529
       -0.0118905069  -0.0020925395  -0.0419952429  -0.0080128080  -0.0037627804
       -0.0013827957   0.0059915466  -0.0164684987  -0.0081974662   0.0182168180
        0.0033928218  -0.0028237281  -0.0020029129  -0.0000230137  -0.0000261516
       -0.0001864383  -0.0001253976  -0.0000478265  -0.0002294906   0.0002708846
       -0.0001538291  -0.0001981803  -0.0000418212  -0.0000706989  -0.0000154601
       -0.0003080240  -0.0010495972  -0.0001417167   0.0000960766   0.0000428849
        0.0000443900   0.0000504900  -0.0000283781  -0.0000901703   0.0000450586
        0.0000184719   0.0000153343  -0.0000038775   0.0003850129   0.0002855461
        0.0000410183  -0.0000523020  -0.0000699973  -0.0000531193   0.0000923179
        0.0000956430   0.0000795419   0.0000571326  -0.0002389775   0.0001508781
        0.0000190589   0.0000895721  -0.0000047882   0.0000451696   0.0000533127
       -0.0022975899  -0.0100069478   0.0003054341  -0.0056864856  -0.0091489788
       -0.0658508712   0.0231758902  -0.0018812945   0.4868821454   0.0561132761
        0.0271047544  -0.1447104579   0.0110042863  -0.0026227723  -0.0084428287
       -0.0001446475   0.0004470779   0.0003133299   0.0000680943  -0.0002621843
       -0.0003155496  -0.0004929788   0.0002051956   0.0007853477  -0.0005045822
        0.0004146962   0.0004503234   0.0014273455  -0.0013316733  -0.0006440190
        0.0000104037   0.0000075780  -0.0001573294  -0.0072888755  -0.0132909696
       -0.0005299573  -0.0002753889  -0.0003983716  -0.0000475771   0.0102589707
        0.0250756976  -0.0025897761  -0.0002157596   0.0004445719   0.0003331531
       -0.0012138978  -0.0002487996  -0.0004582049   0.0127019809  -0.0126277353
       -0.0437818790  -0.1086644730  -0.0078094885  -0.2003281114   0.0136833278
        0.0076205259  -0.0238026870  -0.0014670934  -0.0000738414   0.0023127355
        0.0007257496  -0.0011807859   0.0003241567  -0.0001207877  -0.0000469762
       -0.0002161448  -0.0000414672  -0.0001883602  -0.0000829313  -0.0001251826
        0.0005860204   0.0000392247   0.0000055718  -0.0000048935  -0.0000290182
       -0.0000939431  -0.0005565547  -0.0000004037   0.0000132064   0.0001151241
        0.0000469826  -0.0000172369  -0.0000393887  -0.0001265507  -0.0000487373
        0.0000262917   0.0000519999   0.0000259399   0.0005590232   0.0004436627
       -0.0001194718  -0.0000757901  -0.0005321589  -0.0000091108  -0.0006655706
       -0.0000227660  -0.0000761685   0.0000847933   0.0000342755  -0.0002443968
       -0.0001103277   0.0003512035  -0.0000657680  -0.0001196456  -0.0000047524
        0.0003285547   0.0013788120   0.0000803611  -0.0084656054  -0.0080347182
        0.0090454393  -0.1066925807  -0.0170147399   0.0561132761   0.4747523450
        0.0235728276   0.0467669301  -0.1025918045   0.0545501679   0.0235892746
        0.0075539760  -0.0058502867  -0.0017762122  -0.0005842333  -0.0001640261
        0.0000345257  -0.0154950990   0.0160546062  -0.0061491513  -0.0006937741
       -0.0041520580  -0.0020035827  -0.0001119751   0.0001928957   0.0000878058
        0.0012236611   0.0013127960  -0.0000888294  -0.0001719744  -0.0003932997
        0.0000090517   0.0004386956   0.0003623352  -0.0007216516  -0.0003667808
       -0.0014043950   0.0000194209   0.0000039408  -0.0001182341   0.0000122227
       -0.0001275917   0.0001310810   0.0000143691  -0.0155675696  -0.0033038125
        0.0202755363   0.0076604550   0.0013608541  -0.0103479506  -0.1104153164
        0.0312298619  -0.1014505022  -0.1166550884  -0.1015107574  -0.0394202033
       -0.0132739202   0.0156328066   0.0076279933   0.0005798049  -0.0013039680
       -0.0005257247   0.0000815570   0.0000898202   0.0000296174   0.0000153774
        0.0000111650   0.0000447214   0.0003116506  -0.0008667640  -0.0004537325
       -0.0000046023   0.0000523995  -0.0000518877   0.0000091183  -0.0000318940
       -0.0000049113   0.0006072045  -0.0011149873  -0.0009774373  -0.0003006424
        0.0005137545   0.0003676535  -0.0001763016  -0.0001554330   0.0001464762
       -0.0017845798  -0.0010168087  -0.0002619020  -0.0000112891   0.0000262868
       -0.0000267624   0.0000083999  -0.0000104896  -0.0000085108  -0.0000699574
       -0.0000244096  -0.0000021573  -0.0000140544  -0.0000013883   0.0000064340
        0.0001892964   0.0026892413   0.0003982387  -0.0139272222  -0.0099338575
        0.0184965392  -0.0197058078  -0.0722267523   0.0271047544   0.0235728276
        0.4922253767  -0.0015489073   0.0544903708  -0.1329766828  -0.0280454648
        0.0104195038  -0.0264913774  -0.0089951382  -0.0002508995   0.0006441248
        0.0003975949   0.0138341961  -0.0115672775   0.0070643179  -0.0026307241
       -0.0049215534  -0.0014698123  -0.0002745591  -0.0000515838   0.0001218569
       -0.0017953728  -0.0010127880  -0.0012841617  -0.0003215896  -0.0000907076
        0.0001060353  -0.0002436808  -0.0001632510  -0.0003746677  -0.0025476035
       -0.0046825014   0.0008901706   0.0000943782   0.0000878916  -0.0001685966
       -0.0003755256   0.0000095871  -0.0000526424   0.0117378624   0.0038629651
       -0.0147185755  -0.0009286111  -0.0002574730   0.0031533293   0.0313459718
       -0.0586209139   0.0481612736  -0.1022584742  -0.1804032602  -0.0501358179
       -0.0018610156   0.0035456117   0.0004425467   0.0014181882   0.0007846419
        0.0005081156  -0.0000379300   0.0000836122  -0.0001108115  -0.0000155989
       -0.0001127365   0.0001191441   0.0005849439  -0.0010728940  -0.0006174831
        0.0000357408   0.0001294530  -0.0000452262   0.0000357848   0.0000370863
        0.0000318403  -0.0004347765   0.0006557431   0.0005183871  -0.0000270924
       -0.0002201659  -0.0002511206  -0.0002200159  -0.0001003219   0.0001834771
        0.0001728361   0.0001389624   0.0000600469  -0.0000157419   0.0000314531
        0.0000230625   0.0000062257  -0.0000660465   0.0000133561  -0.0000692325
       -0.0000105269  -0.0000026813   0.0000033474   0.0000569210   0.0000270197
        0.0002686956  -0.0003335577   0.0000041063   0.0020502938   0.0054341293
        0.0018513359   0.0533468032   0.0224404999  -0.1447104579   0.0467669301
       -0.0015489073   0.5015846658   0.0152680448  -0.0186636264  -0.0677332192
        0.0037649873  -0.0104219070  -0.0026978693   0.0002578206  -0.0006693387
       -0.0014410842  -0.0142499342   0.0173203558   0.0047747711  -0.0012868106
       -0.0028373883  -0.0007505932   0.0001345637   0.0001288415  -0.0000859128
       -0.0005545473   0.0008434716  -0.0012129508   0.0000985194   0.0000416680
       -0.0001866266   0.0003799292   0.0003770092  -0.0001073929   0.0001693296
       -0.0004451922   0.0010961464  -0.0001140800  -0.0001070747   0.0001178066
        0.0000835741   0.0000399300  -0.0002114744   0.0052224338   0.0007723248
       -0.0052746789   0.0149651439   0.0073554355  -0.0281808070  -0.1019757874
        0.0492675258  -0.1880615287  -0.0391360854  -0.0496014372  -0.0610814655
        0.0146469328  -0.0160975484  -0.0065812009   0.0006224531  -0.0009267879
        0.0001969164  -0.0000782019  -0.0001228646   0.0001348738   0.0002063882
        0.0001637022  -0.0002953749   0.0002875133  -0.0006724805  -0.0002237031
       -0.0000052753  -0.0000228357  -0.0000082981  -0.0000205066  -0.0000202235
        0.0000086760   0.0006962413  -0.0014580150  -0.0012797302  -0.0004622566
        0.0006107778   0.0005121348   0.0001011915  -0.0000649368  -0.0000126014
       -0.0014345337  -0.0008721415  -0.0002103017   0.0000530946   0.0000747165
       -0.0000315350  -0.0000096184   0.0000166595   0.0000811573  -0.0000842910
        0.0000193101  -0.0000033767   0.0000210445  -0.0000200939   0.0000195931
       -0.0120323481  -0.0190481693   0.0063030436   0.0013740217   0.0009762948
       -0.0011935377  -0.0169120264   0.0120464018   0.0110042863  -0.1025918045
        0.0544903708   0.0152680448   0.4846568131   0.0278979395  -0.0553824885
       -0.1055992116  -0.0574305578  -0.0189601618   0.0051413867  -0.0064129773
        0.0034037457  -0.0861357004   0.0209657181  -0.0464509023   0.0112406265
        0.0130137937   0.0049063321  -0.0009069550  -0.0003201877   0.0019368939
       -0.0183162733   0.0069584682  -0.0246060762  -0.0004645535  -0.0000340123
       -0.0000731354  -0.0000560647  -0.0000964439   0.0001690706   0.0002196374
        0.0001451864  -0.0001325126  -0.0004504137  -0.0011798129   0.0008285120
        0.0000981628   0.0000423364   0.0000209404  -0.0022724989  -0.0004076609
        0.0035872493   0.0003959858  -0.0000773889  -0.0004346189  -0.0133659025
        0.0161442158   0.0019434468   0.0079247684  -0.0102048960  -0.0033296779
       -0.1357174306  -0.0420386259   0.1071167852  -0.0133076792  -0.0146464223
       -0.0055099384  -0.0007529092  -0.0015057792   0.0009815580  -0.0009295766
       -0.0007254307   0.0004184321  -0.0009692551   0.0032664767   0.0019240639
        0.0000029138   0.0000732059   0.0001130618   0.0000244843   0.0000057174
       -0.0000916900  -0.0002276334  -0.0049891789  -0.0045182396  -0.0002249712
        0.0028521613   0.0009093127   0.0001015979   0.0000420922   0.0000369747
        0.0000076782   0.0001943676  -0.0001747611  -0.0000123531  -0.0000334569
       -0.0000306591  -0.0000156487   0.0000203062   0.0000216613   0.0000465207
        0.0000155864   0.0000054683   0.0000266124   0.0000003617  -0.0000104843
       -0.0125900167  -0.0162884149   0.0078545916  -0.0002968570   0.0000723431
       -0.0003595221   0.0010825955   0.0042179081  -0.0026227723   0.0545501679
       -0.1329766828  -0.0186636264   0.0278979395   0.4675075979  -0.0422635412
       -0.0535847952  -0.1222244480  -0.0205940386   0.0001481020  -0.0110229196
        0.0188002578   0.0156037923  -0.0766847705   0.0363176217  -0.0085266000
       -0.0279624953  -0.0138918800  -0.0008956947   0.0000513121   0.0020522599
        0.0002087856   0.0048222817  -0.0042183246  -0.0002515970  -0.0001500892
        0.0001224097   0.0001102902  -0.0001481984  -0.0001488737   0.0000854589
        0.0000832296  -0.0000755238  -0.0004334693  -0.0008205474   0.0003490178
       -0.0000023479   0.0000213803  -0.0000237218  -0.0013620135   0.0005946563
        0.0010403936  -0.0002318574   0.0001807311   0.0002409641   0.0096789965
       -0.0107432638  -0.0010117678   0.0139028483  -0.0232804796  -0.0078042881
       -0.0424160725  -0.0546553571   0.0448278871   0.0024394273   0.0035305209
        0.0006805770  -0.0008189269  -0.0014813225   0.0006395847  -0.0010764748
       -0.0021116803   0.0007365147   0.0011525128  -0.0044177124  -0.0021398058
        0.0000514243   0.0001339816  -0.0000036126  -0.0000092584  -0.0000186802
       -0.0000610556  -0.0061712953   0.0058836729   0.0030516062   0.0016273679
       -0.0020595014  -0.0027902142   0.0000598663   0.0000309225   0.0000163818
        0.0000019783   0.0000022108  -0.0000926623   0.0000239216  -0.0001096157
        0.0000327580  -0.0000002797  -0.0000135719  -0.0000059358   0.0000132653
        0.0000069104   0.0000076569   0.0000288159   0.0000300915   0.0000006840
        0.0105712654   0.0173359155  -0.0008509322  -0.0011283554  -0.0006754769
        0.0014443154   0.0169148188  -0.0147885853  -0.0084428287   0.0235892746
       -0.0280454648  -0.0677332192  -0.0553824885  -0.0422635412   0.5088707697
       -0.0171331820  -0.0197094164  -0.0710285675   0.0001387006   0.0172610513
       -0.0161539888  -0.0476289227   0.0444554127  -0.1534254063  -0.0058796513
       -0.0189489795  -0.0059911266   0.0006696323   0.0004973540  -0.0033495171
       -0.0129059873   0.0024781788  -0.0143276550  -0.0000041638   0.0001041256
       -0.0001781195  -0.0001025986  -0.0000470522   0.0000662566  -0.0001783025
       -0.0001883235   0.0000295108   0.0007752162   0.0016824651  -0.0007935892
       -0.0000077903  -0.0000340000   0.0000434009   0.0028946774   0.0004626891
       -0.0033724312  -0.0000790037  -0.0001824109   0.0002257112  -0.0140020110
        0.0166327594   0.0042318165   0.0048017420  -0.0084833970  -0.0023873474
        0.1064027194   0.0431210121  -0.1629506006  -0.0133375289  -0.0136330421
       -0.0044100312   0.0004610147   0.0010202947  -0.0016260210   0.0006877877
        0.0021842727  -0.0013359695   0.0013469072  -0.0025400447  -0.0004855571
       -0.0000477049  -0.0000411493  -0.0000076725   0.0000236775  -0.0000335314
        0.0000170513  -0.0039236122   0.0038414504   0.0043377495   0.0026136805
       -0.0015659354  -0.0006696642  -0.0000702670   0.0000008136   0.0000012449
        0.0000616476   0.0000505047   0.0001648528  -0.0000592630   0.0000464655
        0.0000475260  -0.0000270377   0.0000010883   0.0000368704  -0.0000158973
        0.0000035398  -0.0000041095  -0.0000389938   0.0000009573   0.0000072785
       -0.0651701762  -0.0112386980   0.0244698814  -0.0084347393  -0.0002006629
        0.0169720490   0.0006659506  -0.0007151739  -0.0001446475   0.0075539760
        0.0104195038   0.0037649873  -0.1055992116  -0.0535847952  -0.0171331820
        0.4869779836  -0.0143815724   0.0701411557   0.0027707073   0.0022585556
       -0.0177970937  -0.0171048229  -0.0120112699  -0.0203634825  -0.1331795702
        0.0674503470   0.0462635429  -0.0049649769  -0.0086110332   0.0102278534
       -0.0007620598   0.0009330731  -0.0025288083  -0.0002852923  -0.0003862394
        0.0002745269   0.0000105491  -0.0005550696  -0.0004402318  -0.0014983650
        0.0017507180   0.0011044615  -0.0007428599  -0.0016951719   0.0002164466
        0.0000780802   0.0001819648  -0.0000587167  -0.0000806052  -0.0001147675
        0.0000738541  -0.0001162631   0.0001624847  -0.0001219110   0.0005498816
        0.0014406190   0.0005466940  -0.0012798352   0.0034710439   0.0011239136
       -0.0131058751  -0.0155917698  -0.0044930517  -0.1541549040   0.0372087923
       -0.1008276736  -0.0001596087   0.0005212935  -0.0003300978  -0.0034770916
       -0.0004603525  -0.0029067558   0.0129909580  -0.0090474206  -0.0088773047
       -0.0000863119   0.0011335110   0.0003807896   0.0001869246   0.0000834737
        0.0003391764  -0.0010737979   0.0004820676  -0.0001297339   0.0001965180
        0.0000491426  -0.0000629438   0.0001501677   0.0004205332   0.0002713414
       -0.0006946916   0.0006410833  -0.0000929502  -0.0001095694   0.0000114441
        0.0001280041  -0.0000814052  -0.0000762821  -0.0000642979  -0.0000210680
       -0.0000014206   0.0000443035   0.0000514044   0.0000520483   0.0000299013
       -0.0125933457  -0.0717956660   0.0344574131   0.0056940857   0.0028849497
       -0.0139855063  -0.0011561599   0.0011902917   0.0004470779  -0.0058502867
       -0.0264913774  -0.0104219070  -0.0574305578  -0.1222244480  -0.0197094164
       -0.0143815724   0.4330770565   0.0082679207   0.0015187688  -0.0001997116
        0.0082120534  -0.0032165295   0.0054171305  -0.0048525511   0.0451527696
       -0.1169473347  -0.0468376544  -0.0079120780  -0.0081007809   0.0208898120
        0.0006043104  -0.0008614451   0.0010658818   0.0000126727   0.0004589165
       -0.0002897050   0.0000460460   0.0001244098   0.0002468311   0.0025509228
       -0.0018679647  -0.0021714453  -0.0032711773  -0.0074526569   0.0028781438
       -0.0000131802  -0.0000844967   0.0001014955  -0.0001745183   0.0000651614
        0.0001845411   0.0001442614  -0.0000450834  -0.0001178251  -0.0009516990
        0.0004927598  -0.0003592883   0.0022806715  -0.0029653901  -0.0016077408
       -0.0071478118  -0.0076509606  -0.0024822546   0.0371783349  -0.0535585168
        0.0364674953   0.0003561389  -0.0003606177   0.0004724539   0.0004488707
       -0.0005714482   0.0006234953   0.0162375062  -0.0224923560  -0.0122054617
        0.0005402781  -0.0002654722   0.0006168453   0.0000363963   0.0006554251
        0.0001137009   0.0006678745  -0.0003039940   0.0001694583  -0.0001945310
        0.0002278989   0.0001400947  -0.0000423628  -0.0001333245  -0.0001315734
        0.0004031421  -0.0002531410   0.0002216202   0.0003344842  -0.0000366890
       -0.0004459940   0.0000310927   0.0000058069   0.0000053196   0.0000549255
        0.0000594957  -0.0000009020   0.0000422570   0.0000035730   0.0000375714
        0.0190883155   0.0320184536  -0.1314552945   0.0086434096  -0.0034248915
       -0.0115224822  -0.0010798648   0.0008595038   0.0003133299  -0.0017762122
       -0.0089951382  -0.0026978693  -0.0189601618  -0.0205940386  -0.0710285675
        0.0701411557   0.0082679207   0.4780855430  -0.0067212521   0.0031884499
       -0.0300856399  -0.0159276182  -0.0135386533  -0.0154696553   0.0316751198
       -0.0494411162  -0.0781193835   0.0037846955   0.0076719444  -0.0031525607
       -0.0014721416   0.0013843143  -0.0035297446  -0.0001060979   0.0004895773
        0.0004566904  -0.0002680067  -0.0008425244   0.0000177463   0.0006077720
       -0.0004568485  -0.0000815621  -0.0011071100  -0.0026497128   0.0026167923
       -0.0001708371   0.0003171433  -0.0002992744  -0.0000834974   0.0003663315
        0.0001952932  -0.0001266819  -0.0001431462  -0.0001894554  -0.0002067691
        0.0010762484   0.0003187468   0.0002917531  -0.0011133231  -0.0000653719
        0.0135193465   0.0152355151   0.0054363488  -0.1037730593   0.0394469104
       -0.1275816425   0.0000186338  -0.0000878972   0.0001214311  -0.0027993340
        0.0006626187  -0.0028618145   0.0078357304  -0.0097392930  -0.0092883813
        0.0003935021  -0.0007627053   0.0000690308  -0.0009618176  -0.0006888065
        0.0003858428  -0.0014973882   0.0006284045   0.0002192151   0.0004053186
        0.0000627978  -0.0002743174  -0.0000115909   0.0002792904  -0.0000546411
        0.0000737470   0.0003014493  -0.0001361464   0.0005706638   0.0001775573
       -0.0003014376   0.0000790228   0.0000030666   0.0000082540  -0.0002308562
       -0.0000142943  -0.0000574791   0.0001521109   0.0000548914   0.0000084565
       -0.1331333082   0.0016730801  -0.0500966607  -0.0234932208   0.0059721554
       -0.0096219652   0.0001081048  -0.0003503151   0.0000680943  -0.0005842333
       -0.0002508995   0.0002578206   0.0051413867   0.0001481020   0.0001387006
        0.0027707073   0.0015187688  -0.0067212521   0.4327315110  -0.0289578355
       -0.0167839313  -0.1035872392  -0.0575034006   0.0313158882  -0.0000181818
        0.0004138388   0.0004260768  -0.0147505162  -0.0059652286  -0.0081935158
       -0.0194734716  -0.0221394221   0.0092620243  -0.0012534472   0.0028215675
        0.0015716093  -0.0004651433   0.0000491437  -0.0004468724   0.0006938015
       -0.0003992005  -0.0015261391   0.0005426299   0.0009429523  -0.0016720566
       -0.0002958166  -0.0001242554  -0.0000994456  -0.0000660700  -0.0001104069
       -0.0001479823  -0.0002407454   0.0003547418  -0.0001995283  -0.0000502973
       -0.0000796096  -0.0000885009   0.0000814632   0.0000316878  -0.0000856723
       -0.0005366193  -0.0003966227  -0.0009522246  -0.0003448916  -0.0008919286
        0.0002839213  -0.0927583360   0.1012060992   0.0104299073  -0.0502770466
        0.0070588582   0.0452572326  -0.0001614064  -0.0000647729  -0.0000645019
        0.0006907166   0.0011019201   0.0005174263  -0.0010469673  -0.0021586172
       -0.0005228709   0.0000460013   0.0016283530   0.0026671813  -0.0001670473
       -0.0055350027  -0.0045721527   0.0000296167  -0.0003167003  -0.0003697691
       -0.0001337820   0.0001454571   0.0001126947   0.0000980417   0.0001641394
       -0.0000801579  -0.0000011038   0.0000338679  -0.0000273131  -0.0000929311
       -0.0000599929   0.0000208854  -0.0000021581   0.0000394780  -0.0000569501
        0.0018467728  -0.0617028077  -0.0003362500   0.0166319920  -0.0023204223
        0.0084043753   0.0000044268  -0.0000747202  -0.0002621843  -0.0001640261
        0.0006441248  -0.0006693387  -0.0064129773  -0.0110229196   0.0172610513
        0.0022585556  -0.0001997116   0.0031884499  -0.0289578355   0.4863962998
       -0.0050809432  -0.0535540874  -0.1366190673   0.0439116542   0.0000467948
        0.0007300105  -0.0002099879  -0.0199597014  -0.0041400250  -0.0144987731
       -0.0139474297  -0.0131559507   0.0023534021   0.0017696910  -0.0021894751
       -0.0016107373   0.0002090359   0.0000151445   0.0003328510  -0.0000729351
        0.0003956182   0.0003746494  -0.0004296269   0.0011116435  -0.0008517780
        0.0003397808   0.0001808184   0.0002368433   0.0001636563   0.0000770638
        0.0002321411   0.0008605823  -0.0007930858   0.0001363176  -0.0000148295
        0.0000760828   0.0000295885  -0.0000472687   0.0000280770   0.0001283924
        0.0010132341  -0.0011152529   0.0020148251  -0.0006520937  -0.0004663639
        0.0009445429   0.0971625350  -0.2139445727  -0.0212645513   0.0073261448
       -0.0421229001  -0.0353234733  -0.0000847897  -0.0000056291   0.0002231659
       -0.0012413457   0.0007834439  -0.0003495541  -0.0032894339  -0.0046111695
       -0.0011163090   0.0025793681  -0.0019010589  -0.0015964321  -0.0042815442
        0.0058548453   0.0033405520  -0.0000277707   0.0002725641   0.0002975582
        0.0000798066  -0.0001462355  -0.0001167323   0.0006320901  -0.0002213990
       -0.0000645113  -0.0000039989   0.0000165415   0.0000417097   0.0001000148
        0.0001112786  -0.0000465420   0.0001172126   0.0000592104  -0.0000539722
       -0.0490298129  -0.0011784717  -0.0985091049   0.0035749865   0.0006952090
        0.0031477430   0.0001451014  -0.0000199033  -0.0003155496   0.0000345257
        0.0003975949  -0.0014410842   0.0034037457   0.0188002578  -0.0161539888
       -0.0177970937   0.0082120534  -0.0300856399  -0.0167839313  -0.0050809432
        0.5306355710   0.0269752360   0.0389025163  -0.0844515957  -0.0011854913
        0.0005662267   0.0007173642  -0.0044604820  -0.0020223846  -0.0020684129
       -0.0011169296  -0.0045965241   0.0046617270   0.0007869534  -0.0012204136
       -0.0004126197   0.0001896094   0.0002075160  -0.0000138725   0.0015521803
       -0.0004315454   0.0011178997   0.0006806335   0.0003839206   0.0004225522
        0.0000850378  -0.0000273551   0.0000898643   0.0000632318  -0.0000570123
        0.0001379018   0.0001731897  -0.0004583814   0.0004278888  -0.0003372980
        0.0002377497   0.0000984418  -0.0000841569   0.0000189517  -0.0000054231
       -0.0018468934   0.0017041273  -0.0031038176   0.0012932046   0.0021206295
       -0.0055652901   0.0108933051  -0.0235830918  -0.0425104635   0.0472274696
       -0.0340584213  -0.2607062333   0.0000710348   0.0000691489  -0.0001087323
       -0.0001426810   0.0004090720   0.0001661748  -0.0003709320  -0.0001885219
        0.0005900452   0.0011905806  -0.0024519944  -0.0006730957  -0.0052145969
        0.0028006540   0.0036686026   0.0000427672   0.0000611003   0.0002253240
        0.0000001639  -0.0000718516  -0.0000192781  -0.0000944870  -0.0001858325
       -0.0000236275  -0.0000156748  -0.0000023735   0.0000217188   0.0001153573
        0.0000436787   0.0000137412  -0.0000178540   0.0000046149   0.0000252692
       -0.0239154958  -0.0202291198  -0.0014151581   0.0000541333  -0.0002430787
        0.0000431505  -0.0009509017   0.0002140950  -0.0004929788  -0.0154950990
        0.0138341961  -0.0142499342  -0.0861357004   0.0156037923  -0.0476289227
       -0.0171048229  -0.0032165295  -0.0159276182  -0.1035872392  -0.0535540874
        0.0269752360   0.7121723530   0.2213906979   0.2183872888   0.0000562472
        0.0008543334   0.0006572096  -0.0037017884  -0.0002355832  -0.0023552370
       -0.4339389121  -0.1543786681  -0.1658161002  -0.0005580450  -0.0000070140
       -0.0002670258   0.0000155189   0.0000245247   0.0000138371  -0.0002368022
       -0.0000325166   0.0000602117   0.0005386187   0.0007565278   0.0000096737
        0.0001467347  -0.0000252798   0.0000895595   0.0000670779   0.0000407462
       -0.0001771101  -0.0002351761   0.0008930770   0.0006259937  -0.0025442693
        0.0032737297  -0.0002312595   0.0007861340  -0.0011636273  -0.0000422017
        0.0073052859  -0.0041448603   0.0132475879  -0.0021891348  -0.0026359006
       -0.0013808963   0.0068888315   0.0043449474  -0.0025269883  -0.0041768533
       -0.0077037016   0.0057666034   0.0000481533  -0.0000039726  -0.0000794027
        0.0000544829   0.0001121810  -0.0001294311  -0.0004597347  -0.0010724752
       -0.0002893446  -0.0147541924  -0.0026981891  -0.0087508152  -0.0181656531
       -0.0097380540  -0.0041896470   0.0001304926  -0.0000077183   0.0000831344
       -0.0000804981   0.0000470606  -0.0000455210  -0.0001185244  -0.0002764602
        0.0000563241  -0.0000265904  -0.0000158693  -0.0000141743   0.0001167651
        0.0000022387   0.0000275244  -0.0000053954  -0.0000094419  -0.0000335681
       -0.0118048491  -0.0039589975  -0.0054913653   0.0005303723  -0.0003901921
        0.0003493331   0.0004522915   0.0005806343   0.0002051956   0.0160546062
       -0.0115672775   0.0173203558   0.0209657181  -0.0766847705   0.0444554127
       -0.0120112699   0.0054171305  -0.0135386533  -0.0575034006  -0.1366190673
        0.0389025163   0.2213906979   0.3775863709  -0.0601553811   0.0000235290
       -0.0010060426   0.0005532171  -0.0016070208  -0.0002232097  -0.0001719511
       -0.1545892611  -0.1086446623  -0.0418858180  -0.0002047638  -0.0001691455
       -0.0002395447  -0.0000443370   0.0000125145   0.0002002168  -0.0002806607
       -0.0000038546   0.0001018880   0.0004307487   0.0001472484   0.0001655314
        0.0000406090  -0.0000582544   0.0001045376  -0.0001602781  -0.0001003039
        0.0002892382   0.0006720415   0.0001263852  -0.0005204996   0.0032011054
       -0.0033516487  -0.0006389261  -0.0000276943  -0.0002228582   0.0005526075
        0.0029653436  -0.0031661210   0.0089460312  -0.0025172370  -0.0028369262
       -0.0005207353  -0.0150788269  -0.0269339249   0.0117509867   0.0007778289
        0.0006655646   0.0025290726   0.0000525815   0.0000009772  -0.0002270143
       -0.0000628225  -0.0000451232  -0.0000591490   0.0000335102  -0.0001431123
       -0.0000779690   0.0108711571   0.0032192898   0.0042097124  -0.0224767718
       -0.0115015723  -0.0070879528   0.0000472868   0.0000453173   0.0000499443
        0.0000632147  -0.0000672174  -0.0000180321  -0.0001912252  -0.0001019628
       -0.0000441720  -0.0000321742   0.0000181856  -0.0000093952   0.0000610634
       -0.0000057157   0.0000297133  -0.0000411127  -0.0000176576  -0.0000289517
       -0.0043718972  -0.0057055754   0.0040068763  -0.0003666005  -0.0001595487
       -0.0002076721   0.0008977414  -0.0001724254   0.0007853477  -0.0061491513
        0.0070643179   0.0047747711  -0.0464509023   0.0363176217  -0.1534254063
       -0.0203634825  -0.0048525511  -0.0154696553   0.0313158882   0.0439116542
       -0.0844515957   0.2183872888  -0.0601553811   0.4165094015   0.0000132212
        0.0010244901   0.0002105500  -0.0017270402   0.0000797674  -0.0019281994
       -0.1654667153  -0.0417533874  -0.1278303195  -0.0001308703   0.0000350950
        0.0000756141   0.0000092153   0.0001831205  -0.0001130869   0.0001810246
        0.0000839002  -0.0001334086   0.0002211037   0.0004342881  -0.0004270780
       -0.0000132766   0.0000505070  -0.0000787216   0.0001459379  -0.0000083355
       -0.0003859644   0.0005347676  -0.0007273817  -0.0003167106   0.0013216425
       -0.0017502982   0.0001315629   0.0005029767  -0.0004416410   0.0002930306
       -0.0092097465   0.0098110129  -0.0199611345  -0.0015517419  -0.0018867955
       -0.0015518572  -0.0009709534   0.0009353949   0.0017098793   0.0164723824
        0.0211781024  -0.0124815740   0.0003849720   0.0004232647   0.0002588316
       -0.0000377463   0.0000844348   0.0000487020  -0.0006880039  -0.0006993395
       -0.0001581746  -0.0252613045  -0.0074800151  -0.0139150768   0.0124735567
        0.0042682420   0.0040852358   0.0000470927  -0.0000306956   0.0000074955
       -0.0002088223  -0.0000368272  -0.0000620242   0.0000093765   0.0000020741
        0.0000298440   0.0000294327  -0.0000153638  -0.0000118937  -0.0000033432
       -0.0000161107  -0.0000071591   0.0000239773   0.0000043850  -0.0000104297
       -0.0146360262   0.0120636199   0.0164971715  -0.0010729717  -0.0015767960
        0.0043524993   0.0000375457  -0.0001989759  -0.0005045822  -0.0006937741
       -0.0026307241  -0.0012868106   0.0112406265  -0.0085266000  -0.0058796513
       -0.1331795702   0.0451527696   0.0316751198  -0.0000181818   0.0000467948
       -0.0011854913   0.0000562472   0.0000235290   0.0000132212   0.3559042639
        0.0874417550   0.0208760669   0.0002120954   0.0017623723   0.0007841316
        0.0002399963  -0.0001433413  -0.0000094191   0.0008575037   0.0001579309
        0.0000071911  -0.0002455034   0.0007145275   0.0002459003  -0.0011584764
        0.0008961951   0.0012634524   0.0001041815  -0.0002273241   0.0000677154
       -0.0002505057  -0.0001802976   0.0000196577   0.0000235717  -0.0000989652
       -0.0000609813   0.0000089940  -0.0001080407   0.0000848777  -0.0001117254
       -0.0003819897   0.0001606941   0.0004453136  -0.0005158015  -0.0000169559
        0.0009410778   0.0005576359  -0.0001312905  -0.0261642202   0.0288868786
        0.0121865625   0.0000546411  -0.0003386531   0.0001169331   0.0000271835
       -0.0000932531   0.0001307094  -0.1921771130  -0.1618753847  -0.0800227823
       -0.0003542371  -0.0005842074   0.0005632845   0.0000012670   0.0001272663
       -0.0002907643   0.0000426787   0.0000353447   0.0001107059  -0.0000154082
        0.0001288229   0.0000685806  -0.0002315750  -0.0002032762   0.0000364926
       -0.0001445976  -0.0003794626   0.0003729263   0.0001867856   0.0000816566
       -0.0001939271   0.0000550558   0.0000008799  -0.0000071941  -0.0000115966
       -0.0000019647  -0.0000561493   0.0000264536  -0.0000129210   0.0000121053
        0.0036152642   0.0033724914  -0.0057376399  -0.0002044408   0.0010410377
       -0.0000527288   0.0001599705   0.0003002147   0.0004146962  -0.0041520580
       -0.0049215534  -0.0028373883   0.0130137937  -0.0279624953  -0.0189489795
        0.0674503470  -0.1169473347  -0.0494411162   0.0004138388   0.0007300105
        0.0005662267   0.0008543334  -0.0010060426   0.0010244901   0.0874417550
        0.3834867046   0.1994848139  -0.0007259606  -0.0022879369   0.0011133984
       -0.0003741162   0.0001308057   0.0001818327  -0.0003659756  -0.0003028883
        0.0003047087   0.0002750778  -0.0004957695  -0.0002493103   0.0002843383
       -0.0003114493  -0.0004996281   0.0000681368   0.0011055679  -0.0005156450
        0.0001065518   0.0001810903  -0.0000401001  -0.0000478512   0.0000246703
        0.0000906243  -0.0001236149  -0.0000321706  -0.0000680098  -0.0003344881
        0.0005464958   0.0000128512   0.0006985810  -0.0017679620  -0.0007234043
        0.0011163017   0.0016772079   0.0010901723   0.0209997761  -0.0170888889
       -0.0064841625  -0.0004446391   0.0006808860  -0.0005859446  -0.0002470017
       -0.0000250847  -0.0000777050  -0.1885708607  -0.2214542069  -0.1189912524
       -0.0010446751   0.0008954794   0.0012337254   0.0000580631  -0.0000754828
        0.0000065132  -0.0000057017   0.0001002593  -0.0000963853   0.0000913964
       -0.0000428057   0.0000291662   0.0001650627   0.0001131204  -0.0000580334
        0.0000679856   0.0003239509  -0.0003124005  -0.0002181845   0.0000035580
        0.0001945700  -0.0000263569  -0.0000227474  -0.0000019681  -0.0000459880
       -0.0000207245   0.0000186299   0.0000513393   0.0000519926  -0.0000446167
        0.0248157140  -0.0198607728  -0.0191586278   0.0017422006   0.0025010113
       -0.0061896552   0.0000317029   0.0003306175   0.0004503234  -0.0020035827
       -0.0014698123  -0.0007505932   0.0049063321  -0.0138918800  -0.0059911266
        0.0462635429  -0.0468376544  -0.0781193835   0.0004260768  -0.0002099879
        0.0007173642   0.0006572096   0.0005532171   0.0002105500   0.0208760669
        0.1994848139   0.1672073063  -0.0004234868  -0.0009542082   0.0000923095
       -0.0000278821   0.0000074573   0.0003179159  -0.0007471478   0.0000556685
       -0.0003995166   0.0003808548   0.0001105508  -0.0000866857   0.0014337514
       -0.0013202325  -0.0013392756   0.0005038613  -0.0000166977  -0.0003685913
        0.0001909114  -0.0000175427   0.0002276088   0.0000417286  -0.0000843147
        0.0000498164  -0.0000086112   0.0000963916   0.0000836217   0.0001821568
       -0.0000240019   0.0001769233   0.0003358378  -0.0007315506  -0.0001972834
       -0.0006473722   0.0000807490   0.0004810725  -0.0033659474   0.0037265423
        0.0082012780   0.0002265822  -0.0003066115   0.0001179270   0.0002789324
       -0.0001898935   0.0002089578  -0.0963880724  -0.1200656533  -0.0655909736
        0.0000716184  -0.0002612624  -0.0006025098   0.0005211102  -0.0002345104
        0.0000127552   0.0001372862   0.0000011832   0.0000637931  -0.0001271735
       -0.0001582209   0.0000383524   0.0000914883  -0.0000629528   0.0000546779
        0.0000216384  -0.0001138074  -0.0000400489  -0.0002506477  -0.0000359041
       -0.0000225271  -0.0001184496   0.0000047039   0.0000707826   0.0001049821
       -0.0000252765   0.0000857185  -0.0001332128  -0.0000801579  -0.0000122561
       -0.0776288436  -0.0350093914  -0.0071287152   0.0059721129   0.0143171896
        0.0006024402  -0.0023149506   0.0025981568   0.0014273455  -0.0001119751
       -0.0002745591   0.0001345637  -0.0009069550  -0.0008956947   0.0006696323
       -0.0049649769  -0.0079120780   0.0037846955  -0.0147505162  -0.0199597014
       -0.0044604820  -0.0037017884  -0.0016070208  -0.0017270402   0.0002120954
       -0.0007259606  -0.0004234868   0.5038039057  -0.0476855730   0.0011277278
       -0.0007246337  -0.0007251577   0.0004519904   0.0007787168   0.0014441396
        0.0000146589  -0.0001630831  -0.0000878418   0.0000095533   0.0005571502
       -0.0001628344   0.0002292289  -0.0617363944   0.0055239931   0.0275523581
        0.0003824551  -0.0006341265  -0.0000354868   0.0001678752   0.0012078298
        0.0001368959   0.0000201945   0.0000428859   0.0000485941  -0.0000621328
        0.0000524964  -0.0000662285   0.0000280704   0.0000478500  -0.0000007022
       -0.0001087929  -0.0001864051  -0.0001091251   0.0002179771   0.0003726772
       -0.0006527112  -0.0001987790  -0.0016742812  -0.0002380828  -0.0004028772
       -0.0004095773  -0.0005114705   0.0001073551  -0.0006329158   0.0008517629
       -0.1495837209   0.1005727916   0.0496839109  -0.1848288332   0.0014689472
       -0.0931544468   0.0000405489  -0.0000482914   0.0000484243  -0.0002326951
       -0.0000630505  -0.0001171584  -0.0001296026   0.0000560041  -0.0001118647
       -0.0000408266   0.0000344223   0.0000857483  -0.0082718403  -0.0097096714
        0.0213885497  -0.0000707703   0.0001360982  -0.0000659137  -0.0000401435
        0.0000500157   0.0000667043  -0.0013133257   0.0004786345   0.0004881301
       -0.0360984691  -0.1512234846  -0.0181973509  -0.0017770327  -0.0251605920
       -0.0039941940   0.0025229759  -0.0019821191  -0.0013316733   0.0001928957
       -0.0000515838   0.0001288415  -0.0003201877   0.0000513121   0.0004973540
       -0.0086110332  -0.0081007809   0.0076719444  -0.0059652286  -0.0041400250
       -0.0020223846  -0.0002355832  -0.0002232097   0.0000797674   0.0017623723
       -0.0022879369  -0.0009542082  -0.0476855730   0.4534026324   0.0191327876
       -0.0001961204  -0.0000686920  -0.0000436190   0.0001484896  -0.0001487882
       -0.0000048050  -0.0002288292   0.0000656657   0.0000832092  -0.0006006409
        0.0003760856   0.0008062844  -0.0041507689  -0.0951690235   0.0748315128
       -0.0001059223  -0.0003616151   0.0001493213  -0.0003993485  -0.0009097121
       -0.0001190937   0.0000207457  -0.0002294617   0.0000195594  -0.0000793474
       -0.0000205466  -0.0001160965   0.0001403879   0.0002287328   0.0000249680
        0.0001182568   0.0000417787  -0.0002522809   0.0003003571   0.0003299938
       -0.0007183774   0.0014538982   0.0007397595   0.0007117394   0.0003146471
        0.0001821021   0.0001890833  -0.0002635522   0.0005317359  -0.0005549820
        0.0986496092  -0.1339531152  -0.0509739990   0.0000042561  -0.0424838604
       -0.0057672420   0.0000661914  -0.0000349311   0.0000774349   0.0001241199
        0.0001636957  -0.0000640548  -0.0000896219  -0.0001014619  -0.0001769654
       -0.0000040198  -0.0000540121   0.0000398058   0.0008888664   0.0108300242
       -0.0188751837   0.0001029274  -0.0000100552  -0.0000820614  -0.0000065761
       -0.0000811208  -0.0000773493   0.0000068582  -0.0001473906  -0.0001176921
       -0.0064328135  -0.0135538087  -0.0584316775  -0.0030410824  -0.0084309914
        0.0003004038   0.0017240682  -0.0014557595  -0.0006440190   0.0000878058
        0.0001218569  -0.0000859128   0.0019368939   0.0020522599  -0.0033495171
        0.0102278534   0.0208898120  -0.0031525607  -0.0081935158  -0.0144987731
       -0.0020684129  -0.0023552370  -0.0001719511  -0.0019281994   0.0007841316
        0.0011133984   0.0000923095   0.0011277278   0.0191327876   0.4450967614
       -0.0004678553  -0.0005975890   0.0003458934  -0.0006745051   0.0010544617
        0.0006424090   0.0001340730  -0.0002760519  -0.0003853531   0.0001142881
        0.0001413488  -0.0007944295   0.0348909655   0.0494981080  -0.1843754086
       -0.0000038058   0.0000758281  -0.0013150466  -0.0001343481  -0.0007383776
       -0.0000142848  -0.0001279805   0.0000361393  -0.0000492901   0.0000320168
        0.0000774876  -0.0000469174  -0.0000564756   0.0000330176  -0.0000106762
        0.0007628515   0.0008768817   0.0001975533   0.0003925738   0.0005710039
       -0.0002119666   0.0000634204   0.0000280199   0.0011891188  -0.0007639958
       -0.0007509696  -0.0011382694   0.0001366412   0.0002248535  -0.0004220483
        0.0536214256  -0.0546004452  -0.0674113569  -0.0929705499  -0.0031430068
       -0.1003281272  -0.0000285891   0.0000008791   0.0000377618  -0.0001911005
       -0.0001312811  -0.0000653855  -0.0000622325   0.0000270014   0.0000020655
        0.0000250720   0.0000797261   0.0000470476   0.0089304075   0.0028844019
       -0.0224335934   0.0002173452  -0.0004397042  -0.0001743497  -0.0002204211
       -0.0000625037  -0.0000194733   0.0005149466  -0.0000680605   0.0009049520
       -0.0015921842  -0.0020076030   0.0005856821  -0.0001507838   0.0000546047
       -0.0000124662   0.0001509892  -0.0000649920   0.0000104037   0.0012236611
       -0.0017953728  -0.0005545473  -0.0183162733   0.0002087856  -0.0129059873
       -0.0007620598   0.0006043104  -0.0014721416  -0.0194734716  -0.0139474297
       -0.0011169296  -0.4339389121  -0.1545892611  -0.1654667153   0.0002399963
       -0.0003741162  -0.0000278821  -0.0007246337  -0.0001961204  -0.0004678553
        0.6598306079   0.2358341326   0.2148586147  -0.0000089704   0.0000167239
       -0.0000044885  -0.0000093071   0.0000056292   0.0000000387   0.0000224875
       -0.0000157321  -0.0001204602   0.0000635829   0.0000275583  -0.0000579833
       -0.0000224830  -0.0000006673   0.0000028954   0.0000792781  -0.0000510673
        0.0000410465  -0.0004391042   0.0000854737   0.0000918908  -0.0000553788
        0.0001489716   0.0001229510   0.0001350754  -0.0000488977  -0.0000412609
        0.0005158881  -0.0007731214   0.0008426919  -0.0002775095  -0.0004223070
       -0.0001411012  -0.0001309312   0.0010850310  -0.0008895080   0.0002544001
        0.0005889361  -0.0013781768   0.0001166375   0.0000571228   0.0000597067
       -0.0000634892   0.0000458473   0.0000506545  -0.0000910253  -0.0001848681
        0.0000070763  -0.0808165410   0.0369722877  -0.0892591330  -0.1058238254
       -0.1012975675   0.0572656609  -0.0000103409  -0.0000000827   0.0000002451
        0.0000185969  -0.0000180956   0.0000218969   0.0000344928   0.0000321889
       -0.0000339278   0.0000091314  -0.0000053752  -0.0000090464  -0.0000082873
        0.0000036066  -0.0000012287   0.0000206870   0.0000214667  -0.0000006159
       -0.0021324908  -0.0026025781   0.0014616234  -0.0002831198   0.0000173667
       -0.0001330082   0.0000422520  -0.0002113415   0.0000075780   0.0013127960
       -0.0010127880   0.0008434716   0.0069584682   0.0048222817   0.0024781788
        0.0009330731  -0.0008614451   0.0013843143  -0.0221394221  -0.0131559507
       -0.0045965241  -0.1543786681  -0.1086446623  -0.0417533874  -0.0001433413
        0.0001308057   0.0000074573  -0.0007251577  -0.0000686920  -0.0005975890
        0.2358341326   0.3787336074  -0.1455927445  -0.0000283005   0.0000737324
        0.0000785503   0.0000112585   0.0000266984  -0.0000014004   0.0000503536
       -0.0000205644  -0.0000659626  -0.0000014560   0.0000672366  -0.0000807954
        0.0000050466   0.0000127260  -0.0000237599   0.0000488422  -0.0000062678
        0.0000515556  -0.0000750418   0.0000166186   0.0002232411   0.0004198235
       -0.0002243653   0.0001661798   0.0000916059   0.0004100729  -0.0000253362
        0.0008705607  -0.0000676924   0.0006186690   0.0002992740   0.0003450444
        0.0001459704  -0.0014574760   0.0001101597   0.0001537515  -0.0009467870
        0.0002618775  -0.0005573156   0.0000221443   0.0000130559   0.0000624886
       -0.0000143267   0.0001400731   0.0000701232  -0.0002304793  -0.0002766419
       -0.0000248981   0.0363019032  -0.0794464289   0.0911414437  -0.1007051220
       -0.1786085206   0.0946346344   0.0000196412  -0.0000069310  -0.0000200751
       -0.0000339003   0.0000047643  -0.0000297407   0.0000444538   0.0000081670
       -0.0000168490   0.0000035447  -0.0000096373   0.0000034326  -0.0000070443
        0.0000043780  -0.0000083362   0.0000329595   0.0000258410  -0.0000049412
        0.0011696420   0.0019414757  -0.0007793552  -0.0000392659   0.0000295112
        0.0000149057   0.0001436046  -0.0000687332  -0.0001573294  -0.0000888294
       -0.0012841617  -0.0012129508  -0.0246060762  -0.0042183246  -0.0143276550
       -0.0025288083   0.0010658818  -0.0035297446   0.0092620243   0.0023534021
        0.0046617270  -0.1658161002  -0.0418858180  -0.1278303195  -0.0000094191
        0.0001818327   0.0003179159   0.0004519904  -0.0000436190   0.0003458934
        0.2148586147  -0.1455927445   0.4553765136  -0.0000141151   0.0000244911
       -0.0000436913  -0.0000051113   0.0000417243   0.0000452805  -0.0000771368
        0.0000103341   0.0000355698  -0.0000168556  -0.0000413398   0.0001309924
        0.0000163424  -0.0000240111   0.0000274967   0.0000083217  -0.0000377673
        0.0001454492   0.0000245429   0.0000359641   0.0002783812  -0.0003188566
        0.0005863484   0.0001553977  -0.0000299384   0.0001907094  -0.0001053990
       -0.0008578690  -0.0005598495   0.0007221453  -0.0008188634  -0.0008728799
       -0.0004335954   0.0006609190   0.0012476163   0.0002291313   0.0005683031
        0.0010627713   0.0001113032  -0.0000041889  -0.0000309241  -0.0000241396
       -0.0000066841   0.0000119452  -0.0000074975   0.0001814271   0.0001963314
        0.0000505909  -0.0881761088   0.0921297145  -0.2192282204   0.0560970943
        0.0936163415  -0.0950228743  -0.0000049810  -0.0000125713   0.0000229156
        0.0000474018  -0.0000373169   0.0000216845  -0.0000531910  -0.0000206127
       -0.0000114368  -0.0000210712   0.0000040079   0.0000187805   0.0000183815
       -0.0000011548   0.0000063910  -0.0000151393   0.0000014253  -0.0000042564
       -0.0241406932   0.0078227320  -0.0057273905  -0.1532992136  -0.0036899479
       -0.0565194935  -0.0161328563  -0.0084775205  -0.0072888755  -0.0001719744
       -0.0003215896   0.0000985194  -0.0004645535  -0.0002515970  -0.0000041638
       -0.0002852923   0.0000126727  -0.0001060979  -0.0012534472   0.0017696910
        0.0007869534  -0.0005580450  -0.0002047638  -0.0001308703   0.0008575037
       -0.0003659756  -0.0007471478   0.0007787168   0.0001484896  -0.0006745051
       -0.0000089704  -0.0000283005  -0.0000141151   0.4655459868   0.0320117918
        0.0949425245  -0.0923661597   0.0325932967  -0.0819169092  -0.0013749710
        0.0010753641  -0.0023050442  -0.0009209649  -0.0006292959   0.0001663029
       -0.1436523795  -0.0477121952   0.0491528862   0.0006289498   0.0010745916
        0.0002461821  -0.0007461360  -0.0010612190  -0.0002446248   0.0004225262
        0.0000403776   0.0001296781   0.0001202369   0.0000442766  -0.0000021367
        0.0002020194   0.0000603938  -0.0001122720   0.0002500745  -0.0002424835
        0.0005793230  -0.0005445907   0.0000069014  -0.0003306399   0.0000958135
        0.0001270638   0.0001118751  -0.0000903566   0.0000654501   0.0002058114
       -0.0001630640  -0.0003623525  -0.0000393093   0.0004435431   0.0001229129
       -0.0000191042   0.0000605143  -0.0000086477   0.0000779699   0.0000619272
        0.0000598216  -0.0000205728  -0.0114453327   0.0130479334  -0.0261863260
        0.0025221798  -0.0110713011   0.0197702280   0.0008555429   0.0005035838
        0.0000482550  -0.0035250851  -0.0027892757   0.0065049762  -0.0256583590
       -0.0119249570   0.0097765217   0.0039569105  -0.0014459222  -0.0002084084
        0.0149861319  -0.0006914615   0.0082354547  -0.0034892959  -0.0589595126
        0.0013353683  -0.0200783209  -0.0029740735  -0.0132909696  -0.0003932997
       -0.0000907076   0.0000416680  -0.0000340123  -0.0001500892   0.0001041256
       -0.0003862394   0.0004589165   0.0004895773   0.0028215675  -0.0021894751
       -0.0012204136  -0.0000070140  -0.0001691455   0.0000350950   0.0001579309
       -0.0003028883   0.0000556685   0.0014441396  -0.0001487882   0.0010544617
        0.0000167239   0.0000737324   0.0000244911   0.0320117918   0.3316963661
       -0.2695670576   0.0342325783  -0.1464624702   0.2062861107   0.0059416169
        0.0007163263   0.0058206069  -0.0001996673  -0.0003032145  -0.0003227950
       -0.0519078061  -0.0922021508   0.0331656726  -0.0013622734  -0.0001143462
       -0.0009904069  -0.0025758002  -0.0044104763  -0.0011255719   0.0001005209
       -0.0000730557   0.0002757027  -0.0000066970  -0.0001484837   0.0002608191
        0.0000111911  -0.0000451665  -0.0000274917  -0.0001911230   0.0002170176
        0.0002465969   0.0009668073  -0.0001257186   0.0003279813  -0.0001130621
       -0.0000603841  -0.0001785171   0.0000160178   0.0000362576  -0.0000594794
       -0.0001612180   0.0001393088  -0.0001269053   0.0002954528  -0.0008288482
       -0.0007594648   0.0000223668  -0.0000220353   0.0000087538   0.0000299894
        0.0000306561  -0.0000094444   0.0013789401  -0.0008216229   0.0005613369
        0.0013856694  -0.0099172513   0.0144281057   0.0000679505  -0.0000188842
        0.0006422345   0.0066810785   0.0047551545  -0.0013828995   0.0003544247
        0.0012492147  -0.0018546172  -0.0220170609  -0.0181427004   0.0175162027
        0.0010700335   0.0045774353   0.0070430453  -0.0398970151   0.0008134422
       -0.0928337569  -0.0055366679  -0.0050778898  -0.0005299573   0.0000090517
        0.0001060353  -0.0001866266  -0.0000731354   0.0001224097  -0.0001781195
        0.0002745269  -0.0002897050   0.0004566904   0.0015716093  -0.0016107373
       -0.0004126197  -0.0002670258  -0.0002395447   0.0000756141   0.0000071911
        0.0003047087  -0.0003995166   0.0000146589  -0.0000048050   0.0006424090
       -0.0000044885   0.0000785503  -0.0000436913   0.0949425245  -0.2695670576
        0.6718130857  -0.0868844287   0.2067172056  -0.4175613920  -0.0260842330
        0.0031774842  -0.0217688602   0.0002379551   0.0000936032  -0.0003086884
        0.0520729579   0.0318796948  -0.0959030571  -0.0004140323   0.0000493947
        0.0007030597  -0.0008033210  -0.0004501278   0.0006391614   0.0002835129
        0.0002375404  -0.0002991753   0.0000864665   0.0000368278  -0.0001215239
        0.0000910019   0.0000031429  -0.0000422897   0.0015865368  -0.0002333905
       -0.0008968107   0.0005664311  -0.0000610255   0.0004056469  -0.0000932817
        0.0000094059   0.0000212762   0.0000487906  -0.0001358370   0.0001629310
        0.0000579648  -0.0002483527  -0.0000275245  -0.0000506949  -0.0004304965
        0.0003443324  -0.0000214782  -0.0000021976   0.0000079261   0.0000447938
        0.0000455339  -0.0000101465  -0.0075652535   0.0063885914  -0.0143829867
        0.0000265578   0.0081209714  -0.0166273205  -0.0001097699   0.0003117835
       -0.0007961046   0.0219190249   0.0138817310  -0.0211912278  -0.0096557603
       -0.0053749110   0.0060404066   0.0025489965   0.0067705859  -0.0038341891
       -0.0001344467  -0.0003763276  -0.0005805931  -0.0089640554   0.0115041444
       -0.0248599876   0.0000480707   0.0009122584  -0.0002753889   0.0004386956
       -0.0002436808   0.0003799292  -0.0000560647   0.0001102902  -0.0001025986
        0.0000105491   0.0000460460  -0.0002680067  -0.0004651433   0.0002090359
        0.0001896094   0.0000155189  -0.0000443370   0.0000092153  -0.0002455034
        0.0002750778   0.0003808548  -0.0001630831  -0.0002288292   0.0001340730
       -0.0000093071   0.0000112585  -0.0000051113  -0.0923661597   0.0342325783
       -0.0868844287   0.5455218221   0.0793482223   0.0916441959  -0.0039196690
        0.0001762001  -0.0033357200   0.0002592842   0.0001292697  -0.0000628767
       -0.0002543499  -0.0116681365   0.0192805363  -0.0000429608  -0.0001399515
       -0.0003638856  -0.0001172535  -0.0002664501   0.0001638828  -0.0014645066
       -0.0005363320  -0.0004505181  -0.0000565452   0.0001034812  -0.0000973299
       -0.0000787506  -0.0000002389  -0.0000478414  -0.0017291129   0.0012046530
       -0.0000103815  -0.0001387410   0.0000023423  -0.0000139164   0.0000283225
       -0.0000060144   0.0000738547  -0.0000093970   0.0000136197  -0.0000472954
        0.0000338804   0.0000291481  -0.0000298053  -0.0000664719   0.0001234368
       -0.0000000090  -0.0000145212  -0.0000078023  -0.0000046401  -0.0000323924
       -0.0000228427  -0.0000049116  -0.2632584760  -0.0114062610  -0.0929944067
       -0.1696292379  -0.0986931348   0.0912300381  -0.0002652002  -0.0000508610
       -0.0000458410  -0.0022208820  -0.0016475677   0.0026859757   0.0009768138
       -0.0011133624   0.0022339655  -0.0016307258  -0.0019789328   0.0020793632
       -0.0007548660   0.0003413192   0.0001681386   0.0054061401  -0.0016377294
        0.0023631327  -0.0012264639  -0.0004221939  -0.0003983716   0.0003623352
       -0.0001632510   0.0003770092  -0.0000964439  -0.0001481984  -0.0000470522
       -0.0005550696   0.0001244098  -0.0008425244   0.0000491437   0.0000151445
        0.0002075160   0.0000245247   0.0000125145   0.0001831205   0.0007145275
       -0.0004957695   0.0001105508  -0.0000878418   0.0000656657  -0.0002760519
        0.0000056292   0.0000266984   0.0000417243   0.0325932967  -0.1464624702
        0.2067172056   0.0793482223   0.3012241190  -0.3086512004  -0.0002462040
        0.0008040028  -0.0004784372   0.0000595360   0.0000112329   0.0002654869
       -0.0034419731  -0.0107822425   0.0205241874  -0.0003790897   0.0005203927
        0.0000197689  -0.0003087855   0.0000927445  -0.0000699518  -0.0008315745
       -0.0004291963  -0.0006131833   0.0000009780   0.0001252488  -0.0000157121
       -0.0000589582   0.0000527792   0.0000412307   0.0007748344   0.0000705603
        0.0004801690  -0.0000357254   0.0000830825  -0.0000027494   0.0000551503
       -0.0000144920   0.0000418046  -0.0001004294   0.0001609694  -0.0000091864
       -0.0000455246   0.0000652432   0.0000023374   0.0002538514  -0.0002849000
        0.0001563755   0.0000235783  -0.0000182567  -0.0000122829   0.0000104197
        0.0000059517  -0.0000051562  -0.0109226767  -0.0347448983   0.0022993338
       -0.0991847303  -0.1063945475   0.0756309261  -0.0000432498  -0.0001801666
        0.0000199195  -0.0008877313  -0.0005972581   0.0003101675   0.0010068483
       -0.0000855768   0.0002026896  -0.0014816779  -0.0009409320   0.0012590653
        0.0023586306  -0.0013027867  -0.0010527457  -0.0142379334   0.0060121731
       -0.0167331351   0.0013902718   0.0013024709  -0.0000475771  -0.0007216516
       -0.0003746677  -0.0001073929   0.0001690706  -0.0001488737   0.0000662566
       -0.0004402318   0.0002468311   0.0000177463  -0.0004468724   0.0003328510
       -0.0000138725   0.0000138371   0.0002002168  -0.0001130869   0.0002459003
       -0.0002493103  -0.0000866857   0.0000095533   0.0000832092  -0.0003853531
        0.0000000387  -0.0000014004   0.0000452805  -0.0819169092   0.2062861107
       -0.4175613920   0.0916441959  -0.3086512004   0.6483442712  -0.0022560127
       -0.0000843371  -0.0015153553  -0.0000655981  -0.0000943397   0.0003919112
        0.0049282141   0.0177080436  -0.0231949646  -0.0002780290   0.0000027297
        0.0001150785  -0.0001270995  -0.0001475913   0.0001250852   0.0003216182
        0.0002314339  -0.0001192222  -0.0002319990   0.0001124558  -0.0001691900
        0.0000155833   0.0000287679   0.0000197889   0.0000798968  -0.0005602476
        0.0004489737  -0.0000786806  -0.0000409775  -0.0000412537   0.0000577931
       -0.0000029342   0.0001491778  -0.0001116446   0.0001739987  -0.0000134522
        0.0000923494   0.0000528359   0.0000698823   0.0001222500   0.0004341364
        0.0001335569   0.0000473996  -0.0000112515   0.0000261511   0.0000151568
        0.0000053184   0.0000006687  -0.0950131480   0.0016679063  -0.0791540452
        0.0935210993   0.0768653138  -0.1090549515  -0.0000060153   0.0000676503
       -0.0001103847   0.0013006770   0.0008469071  -0.0005213067  -0.0013732762
       -0.0008100536   0.0004689867   0.0009715654  -0.0001813886  -0.0004274486
       -0.0075243555  -0.0012618562   0.0205647826  -0.0462662572  -0.0102807646
        0.0373817685  -0.0035309295  -0.0076624264   0.0102589707  -0.0003667808
       -0.0025476035   0.0001693296   0.0002196374   0.0000854589  -0.0001783025
       -0.0014983650   0.0025509228   0.0006077720   0.0006938015  -0.0000729351
        0.0015521803  -0.0002368022  -0.0002806607   0.0001810246  -0.0011584764
        0.0002843383   0.0014337514   0.0005571502  -0.0006006409   0.0001142881
        0.0000224875   0.0000503536  -0.0000771368  -0.0013749710   0.0059416169
       -0.0260842330  -0.0039196690  -0.0002462040  -0.0022560127   0.0687558602
        0.0144788993  -0.0408153323  -0.0001907836  -0.0003613542  -0.0006198288
       -0.0005582853   0.0003567040  -0.0022653632  -0.0001802893  -0.0000159854
        0.0000154536  -0.0003560549  -0.0011505655   0.0010029196  -0.0001563288
       -0.0000278256   0.0001070153  -0.0003635816  -0.0002533957   0.0003488195
        0.0000478721   0.0000015153  -0.0000836903  -0.0000658504   0.0000565077
       -0.0001207144   0.0000988652  -0.0000773891  -0.0001036666  -0.0011474247
        0.0002544319  -0.0007289871   0.0000250748  -0.0000576056  -0.0000126486
       -0.0000816967  -0.0000645588   0.0000322144  -0.0001311000  -0.0000113335
       -0.0001031473  -0.0000432304   0.0000183217  -0.0000320904   0.0000797426
        0.0000462246  -0.0000168090  -0.0006451184   0.0011000392  -0.0006903058
       -0.0001206359  -0.0002952148   0.0001494016   0.0009431098   0.0000386562
        0.0002302393  -0.0015335713   0.0003846373   0.0002272329   0.0000393140
       -0.0000246435   0.0000611462  -0.0000323573  -0.0003556643  -0.0002500414
        0.0070715016   0.0032778648  -0.0184474384  -0.0103295596  -0.0544371707
        0.0538655618  -0.0106474522  -0.0140533825   0.0250756976  -0.0014043950
       -0.0046825014  -0.0004451922   0.0001451864   0.0000832296  -0.0001883235
        0.0017507180  -0.0018679647  -0.0004568485  -0.0003992005   0.0003956182
       -0.0004315454  -0.0000325166  -0.0000038546   0.0000839002   0.0008961951
       -0.0003114493  -0.0013202325  -0.0001628344   0.0003760856   0.0001413488
       -0.0000157321  -0.0000205644   0.0000103341   0.0010753641   0.0007163263
        0.0031774842   0.0001762001   0.0008040028  -0.0000843371   0.0144788993
        0.0727123814  -0.0617000579   0.0008705282  -0.0013584860  -0.0009278326
       -0.0009535970   0.0003285500  -0.0006442941   0.0001255099  -0.0004328430
        0.0000327602  -0.0006543425   0.0002899839   0.0010941547  -0.0000763998
       -0.0000605167   0.0000284568  -0.0008773348  -0.0005421263   0.0008468911
        0.0000652654  -0.0000577366  -0.0000832230  -0.0000623871  -0.0001608279
        0.0000346777  -0.0001128273  -0.0000909594  -0.0001497077   0.0000869263
        0.0003262041   0.0001459915   0.0000398396   0.0000202690  -0.0000113494
        0.0000272024   0.0001651379   0.0001529689  -0.0000192115  -0.0000443572
        0.0000608077  -0.0000034682   0.0000023917  -0.0000309475   0.0000085496
       -0.0000036642   0.0000029294   0.0001190026  -0.0000161584   0.0000929391
       -0.0000314038  -0.0000015611  -0.0000782781  -0.0009700294  -0.0013319729
        0.0006744028   0.0001519352   0.0003665232  -0.0002017161  -0.0001436665
       -0.0001479955  -0.0000101063  -0.0001924655  -0.0002384758  -0.0003098764
        0.0076305086   0.0002128552  -0.0171032335   0.0368677498   0.0555110953
       -0.2369530852   0.0008696014   0.0015257717  -0.0025897761   0.0000194209
        0.0008901706   0.0010961464  -0.0001325126  -0.0000755238   0.0000295108
        0.0011044615  -0.0021714453  -0.0000815621  -0.0015261391   0.0003746494
        0.0011178997   0.0000602117   0.0001018880  -0.0001334086   0.0012634524
       -0.0004996281  -0.0013392756   0.0002292289   0.0008062844  -0.0007944295
       -0.0001204602  -0.0000659626   0.0000355698  -0.0023050442   0.0058206069
       -0.0217688602  -0.0033357200  -0.0004784372  -0.0015153553  -0.0408153323
       -0.0617000579   0.2747142652  -0.0002344694   0.0005993520   0.0012237134
        0.0020234979   0.0002471223   0.0012309122   0.0000210992   0.0003621501
       -0.0001599455  -0.0004773747  -0.0010842782   0.0014911658  -0.0000162990
       -0.0001211462   0.0001755133   0.0002468111   0.0001474936  -0.0002492342
       -0.0000774503  -0.0000104853   0.0000999068  -0.0000550374  -0.0000252496
        0.0002265217  -0.0001060361   0.0000649446  -0.0000174578   0.0001866051
        0.0001009041   0.0004850755  -0.0000357916   0.0001813194   0.0000234854
       -0.0001819604   0.0001182485  -0.0000892384   0.0000741628  -0.0000434667
       -0.0001830052   0.0000271864  -0.0000045741   0.0000576891  -0.0000097485
       -0.0000207895  -0.0000216977  -0.0006495791   0.0009977301  -0.0005813490
       -0.0000827614  -0.0002728367   0.0002128319  -0.0003391147  -0.0012533498
        0.0005684815  -0.0003961974   0.0001771141   0.0007267517   0.0005397845
        0.0000980218   0.0001594495  -0.0002667539  -0.0005104911  -0.0000939757
       -0.0026352652  -0.0097441740   0.0148982582   0.0003598428   0.0009914093
        0.0001785778   0.0000715829   0.0001131829  -0.0002157596   0.0000039408
        0.0000943782  -0.0001140800  -0.0004504137  -0.0004334693   0.0007752162
       -0.0007428599  -0.0032711773  -0.0011071100   0.0005426299  -0.0004296269
        0.0006806335   0.0005386187   0.0004307487   0.0002211037   0.0001041815
        0.0000681368   0.0005038613  -0.0617363944  -0.0041507689   0.0348909655
        0.0000635829  -0.0000014560  -0.0000168556  -0.0009209649  -0.0001996673
        0.0002379551   0.0002592842   0.0000595360  -0.0000655981  -0.0001907836
        0.0008705282  -0.0002344694   0.2170338053  -0.1615588278  -0.1644411484
       -0.0002538794  -0.0003020577  -0.0006231724   0.0000555388  -0.0001302419
        0.0000396351  -0.0000236542   0.0000830509   0.0001003993   0.0000096293
       -0.0000248996   0.0000970792  -0.0000324172  -0.0000195828   0.0000086887
       -0.0002186560  -0.0002624267   0.0000528237  -0.0000709171  -0.0001453219
        0.0004622778   0.0003711744   0.0001038506  -0.0002141339   0.0000575362
        0.0003880566   0.0004084342  -0.0002566545  -0.0000131608  -0.0003628916
       -0.0075369184  -0.0065601334   0.0262042069   0.0100244932   0.0076973028
       -0.0191183098   0.0000318012   0.0000422929  -0.0000003623  -0.0000486639
       -0.0000702159   0.0000479049   0.0001229839  -0.0000272990   0.0001457889
        0.0000338261   0.0000289491  -0.0001072955  -0.1536240725   0.1750210594
        0.1068633494   0.0000459567  -0.0001304557   0.0000657113   0.0000587614
        0.0001091211   0.0000171829  -0.0010466554   0.0013733591  -0.0002788670
       -0.0116394638  -0.0181066487   0.0348055068  -0.0002870003  -0.0000678610
        0.0000164500   0.0000019089   0.0003164340   0.0004445719  -0.0001182341
        0.0000878916  -0.0001070747  -0.0011798129  -0.0008205474   0.0016824651
       -0.0016951719  -0.0074526569  -0.0026497128   0.0009429523   0.0011116435
        0.0003839206   0.0007565278   0.0001472484   0.0004342881  -0.0002273241
        0.0011055679  -0.0000166977   0.0055239931  -0.0951690235   0.0494981080
        0.0000275583   0.0000672366  -0.0000413398  -0.0006292959  -0.0003032145
        0.0000936032   0.0001292697   0.0000112329  -0.0000943397  -0.0003613542
       -0.0013584860   0.0005993520  -0.1615588278   0.3219414191   0.0132306488
        0.0005641845   0.0002032763   0.0000669461   0.0001035930   0.0000128334
        0.0000106492   0.0000023365   0.0001111171   0.0000106713   0.0000463234
        0.0000373605   0.0000487347  -0.0000775327  -0.0001027489  -0.0000337358
       -0.0004569171  -0.0005632099   0.0000041516  -0.0000895294  -0.0000543349
        0.0003704530   0.0001338678   0.0001038410  -0.0001243632   0.0000055804
       -0.0000345184   0.0001862671   0.0000962510  -0.0001261194   0.0000312792
        0.0039295884   0.0072750357  -0.0165235019   0.0022233938  -0.0010866858
        0.0131563106  -0.0000244870   0.0000268951  -0.0000514192  -0.0000124287
       -0.0000443028   0.0000345248   0.0001105757   0.0000487402   0.0000444929
       -0.0000219352   0.0001096277  -0.0001134776   0.1628414487  -0.2068509530
       -0.0958999295  -0.0001315611   0.0000562645  -0.0000440427   0.0000147121
       -0.0000122691   0.0000760811   0.0010568107  -0.0006200854   0.0004701584
        0.0072647735   0.0128505835  -0.0123913449   0.0003490443  -0.0015773889
       -0.0010876701  -0.0001409660  -0.0002650982   0.0003331531   0.0000122227
       -0.0001685966   0.0001178066   0.0008285120   0.0003490178  -0.0007935892
        0.0002164466   0.0028781438   0.0026167923  -0.0016720566  -0.0008517780
        0.0004225522   0.0000096737   0.0001655314  -0.0004270780   0.0000677154
       -0.0005156450  -0.0003685913   0.0275523581   0.0748315128  -0.1843754086
       -0.0000579833  -0.0000807954   0.0001309924   0.0001663029  -0.0003227950
       -0.0003086884  -0.0000628767   0.0002654869   0.0003919112  -0.0006198288
       -0.0009278326   0.0012237134  -0.1644411484   0.0132306488   0.3692385467
       -0.0001328579   0.0001834582   0.0006011422  -0.0000719516   0.0000251423
       -0.0000552431   0.0001748562   0.0000773300   0.0000974607   0.0000042006
       -0.0001178885   0.0000094351   0.0000625160   0.0000956342   0.0000697360
        0.0002292463   0.0002549576   0.0000776728   0.0000054853  -0.0003263063
       -0.0000396234   0.0006907450  -0.0004719360  -0.0004617976   0.0001721000
        0.0005395709   0.0007326419  -0.0000835232   0.0003060443   0.0005361514
        0.0117487933   0.0035104390  -0.0248169898  -0.0016632372   0.0155023193
       -0.0422309469   0.0001297123  -0.0000275881   0.0000854001  -0.0000492264
       -0.0000281328   0.0000241265   0.0000534749  -0.0000742591  -0.0000144019
       -0.0000053230  -0.0001232349  -0.0000208309   0.1190508308  -0.1191078860
       -0.1091640276  -0.0001014063   0.0001622382   0.0000840313   0.0001157270
        0.0000164821  -0.0000797834   0.0001976484  -0.0002573801  -0.0001572508
       -0.0011717699  -0.0006059507  -0.0004930616  -0.0246381643  -0.0122055995
        0.0065340908  -0.0026926161   0.0007315361  -0.0012138978  -0.0001275917
       -0.0003755256   0.0000835741   0.0000981628  -0.0000023479  -0.0000077903
        0.0000780802  -0.0000131802  -0.0001708371  -0.0002958166   0.0003397808
        0.0000850378   0.0001467347   0.0000406090  -0.0000132766  -0.0002505057
        0.0001065518   0.0001909114   0.0003824551  -0.0001059223  -0.0000038058
       -0.0000224830   0.0000050466   0.0000163424  -0.1436523795  -0.0519078061
        0.0520729579  -0.0002543499  -0.0034419731   0.0049282141  -0.0005582853
       -0.0009535970   0.0020234979  -0.0002538794   0.0005641845  -0.0001328579
        0.4905876721  -0.0139055574   0.0304964747   0.0000091251   0.0001981932
        0.0000796147  -0.0003671634  -0.0007952236  -0.0002355584  -0.0000725052
        0.0000200069  -0.0000883120  -0.0001307528  -0.0000522773   0.0001404942
       -0.0000426448  -0.0000229531  -0.0000065361  -0.0000969589  -0.0000152303
       -0.0000229210  -0.0001718616   0.0000084648  -0.0000618823   0.0000093121
       -0.0000420637   0.0000609059   0.0000486446  -0.0000170746  -0.0000283896
       -0.0001028813  -0.0000336417   0.0000349990  -0.0007106716   0.0004753514
        0.0001676820  -0.0000193921  -0.0000007378  -0.0000138121  -0.0000221775
       -0.0000160344   0.0000006039   0.0010721203   0.0021152308  -0.0010058290
        0.0016111917  -0.0011298670  -0.0025222909  -0.0002696620  -0.0002343981
        0.0002287181  -0.0449043273   0.0081805422   0.0156469651  -0.2233070158
        0.0278150627  -0.1010939959  -0.0499076432   0.0452764003  -0.0056760294
        0.0001857568  -0.0008587550  -0.0002703736  -0.0034591333   0.0020020443
        0.0002086968  -0.0001268552  -0.0003192530  -0.0002487996   0.0001310810
        0.0000095871   0.0000399300   0.0000423364   0.0000213803  -0.0000340000
        0.0001819648  -0.0000844967   0.0003171433  -0.0001242554   0.0001808184
       -0.0000273551  -0.0000252798  -0.0000582544   0.0000505070  -0.0001802976
        0.0001810903  -0.0000175427  -0.0006341265  -0.0003616151   0.0000758281
       -0.0000006673   0.0000127260  -0.0000240111  -0.0477121952  -0.0922021508
        0.0318796948  -0.0116681365  -0.0107822425   0.0177080436   0.0003567040
        0.0003285500   0.0002471223  -0.0003020577   0.0002032763   0.0001834582
       -0.0139055574   0.4873408932   0.0007321978  -0.0000601827   0.0000685416
       -0.0000075390  -0.0000705438   0.0000847647  -0.0000283053   0.0000142726
        0.0000861024  -0.0000708610   0.0000123216   0.0000275131  -0.0000322131
        0.0000316593   0.0000242221  -0.0000133196   0.0000254749  -0.0001269616
       -0.0000990846  -0.0000220303  -0.0000015875  -0.0000230645  -0.0000065502
        0.0000176203  -0.0000084061  -0.0000136875  -0.0000533211   0.0000347030
        0.0001148936   0.0000407867  -0.0000314683   0.0007534974  -0.0000251646
       -0.0002155123  -0.0000149412   0.0000068324  -0.0000102255   0.0000144166
        0.0000109797   0.0000041041   0.0002468154  -0.0035741945  -0.0029781785
       -0.0022253078   0.0082259435   0.0075544258   0.0008593631  -0.0001484171
        0.0000423042   0.0088695580  -0.0735054803  -0.0854876912   0.0272389181
       -0.0481219508   0.0142660266   0.0414727719  -0.2686498277   0.0162837657
       -0.0006186977  -0.0005961918  -0.0002908645  -0.0069131332  -0.0034090396
        0.0029137086  -0.0018637509  -0.0005268363  -0.0004582049   0.0000143691
       -0.0000526424  -0.0002114744   0.0000209404  -0.0000237218   0.0000434009
       -0.0000587167   0.0001014955  -0.0002992744  -0.0000994456   0.0002368433
        0.0000898643   0.0000895595   0.0001045376  -0.0000787216   0.0000196577
       -0.0000401001   0.0002276088  -0.0000354868   0.0001493213  -0.0013150466
        0.0000028954  -0.0000237599   0.0000274967   0.0491528862   0.0331656726
       -0.0959030571   0.0192805363   0.0205241874  -0.0231949646  -0.0022653632
       -0.0006442941   0.0012309122  -0.0006231724   0.0000669461   0.0006011422
        0.0304964747   0.0007321978   0.4979418787   0.0000397823   0.0000412022
       -0.0000558087  -0.0001775795  -0.0002313327  -0.0000779226  -0.0000753134
       -0.0001309582   0.0001421694  -0.0000281752  -0.0000806718   0.0001317742
       -0.0000366453   0.0000020046   0.0000329924  -0.0000492582   0.0001052352
        0.0000943371  -0.0000833672   0.0000171911  -0.0000374297   0.0000398179
       -0.0000062146   0.0000825025  -0.0000431825   0.0000375660  -0.0000634527
        0.0001230898   0.0000097558   0.0002263714   0.0005807473  -0.0003251239
        0.0002417153   0.0000183540  -0.0000007064   0.0000202812  -0.0000211607
       -0.0000219121   0.0000030855   0.0027698211  -0.0018963673  -0.0006495774
       -0.0018902472   0.0071195790  -0.0005699346   0.0003177736  -0.0002807634
       -0.0000829610   0.0176194753  -0.0830740136  -0.2398442543  -0.1010048952
        0.0146010129  -0.1013875400  -0.0046985895   0.0143499018  -0.0395307519
       -0.0004050589  -0.0013749043  -0.0002975465   0.0065382816  -0.0068967663
       -0.0013216751  -0.1685364001   0.1154412534   0.0127019809  -0.0155675696
        0.0117378624   0.0052224338  -0.0022724989  -0.0013620135   0.0028946774
       -0.0000806052  -0.0001745183  -0.0000834974  -0.0000660700   0.0001636563
        0.0000632318   0.0000670779  -0.0001602781   0.0001459379   0.0000235717
       -0.0000478512   0.0000417286   0.0001678752  -0.0003993485  -0.0001343481
        0.0000792781   0.0000488422   0.0000083217   0.0006289498  -0.0013622734
       -0.0004140323  -0.0000429608  -0.0003790897  -0.0002780290  -0.0001802893
        0.0001255099   0.0000210992   0.0000555388   0.0001035930  -0.0000719516
        0.0000091251  -0.0000601827   0.0000397823   0.1970910945  -0.1305703019
       -0.0167303200  -0.0175158729   0.0145285372  -0.0023803117   0.0009592076
        0.0001782770  -0.0004427717  -0.0004252578  -0.0001736531  -0.0000380922
       -0.0006317499   0.0007872901   0.0004373062  -0.0000046469   0.0000298670
        0.0000632035   0.0000376076  -0.0000707574   0.0000507005  -0.0000449103
       -0.0001390428   0.0001446630   0.0000530841   0.0000084236  -0.0000165205
        0.0000008905  -0.0001605395   0.0000053901   0.0000391198   0.0000180528
        0.0000231044   0.0000025356   0.0000121772   0.0000260417   0.0000141288
        0.0000095997   0.0000132590  -0.0001034356   0.0000999633   0.0001227552
        0.0001041432   0.0000142605   0.0001317238  -0.0000329243  -0.0000096159
        0.0000085156   0.0000221833  -0.0000400384   0.0000469380   0.0000121520
        0.0000095639  -0.0000121833   0.0000044052   0.0000644457   0.0000084846
       -0.0024596099  -0.0049815462   0.0002815200   0.0171995637  -0.0245606338
       -0.0035704493   0.1151032101  -0.1445209529  -0.0126277353  -0.0033038125
        0.0038629651   0.0007723248  -0.0004076609   0.0005946563   0.0004626891
       -0.0001147675   0.0000651614   0.0003663315  -0.0001104069   0.0000770638
       -0.0000570123   0.0000407462  -0.0001003039  -0.0000083355  -0.0000989652
        0.0000246703  -0.0000843147   0.0012078298  -0.0009097121  -0.0007383776
       -0.0000510673  -0.0000062678  -0.0000377673   0.0010745916  -0.0001143462
        0.0000493947  -0.0001399515   0.0005203927   0.0000027297  -0.0000159854
       -0.0004328430   0.0003621501  -0.0001302419   0.0000128334   0.0000251423
        0.0001981932   0.0000685416   0.0000412022  -0.1305703019   0.1704473102
        0.0137824830   0.0029060799  -0.0002746643   0.0011155458  -0.0002696000
        0.0004595312  -0.0000770219   0.0000982486  -0.0000085132  -0.0000462464
       -0.0001440590   0.0000445412   0.0001081185  -0.0000098928  -0.0000522897
       -0.0001212725  -0.0000948366   0.0000755095  -0.0000004254  -0.0000099903
        0.0000156942  -0.0000289492   0.0000265094   0.0000349694   0.0000842002
       -0.0001702450  -0.0004159364  -0.0000217135   0.0000125250  -0.0000120050
       -0.0000020284  -0.0000157204  -0.0000121861   0.0000001629   0.0000010655
        0.0000158125  -0.0000068673   0.0000871565  -0.0001125770  -0.0000729269
        0.0000507442   0.0001265528  -0.0001468345   0.0000957034   0.0000476890
        0.0000113295  -0.0001029297  -0.0001139856   0.0002199936   0.0000444255
        0.0000361889  -0.0000470106   0.0000734523   0.0000986798   0.0000099709
       -0.0003142448  -0.0009080177   0.0000115288   0.0014702317  -0.0028634684
        0.0005029341   0.0120420235  -0.0118905069  -0.0437818790   0.0202755363
       -0.0147185755  -0.0052746789   0.0035872493   0.0010403936  -0.0033724312
        0.0000738541   0.0001845411   0.0001952932  -0.0001479823   0.0002321411
        0.0001379018  -0.0001771101   0.0002892382  -0.0003859644  -0.0000609813
        0.0000906243   0.0000498164   0.0001368959  -0.0001190937  -0.0000142848
        0.0000410465   0.0000515556   0.0001454492   0.0002461821  -0.0009904069
        0.0007030597  -0.0003638856   0.0000197689   0.0001150785   0.0000154536
        0.0000327602  -0.0001599455   0.0000396351   0.0000106492  -0.0000552431
        0.0000796147  -0.0000075390  -0.0000558087  -0.0167303200   0.0137824830
        0.0520410399  -0.0218667482   0.0175692197  -0.0001164464   0.0003720424
       -0.0008948622   0.0004638582   0.0000318543   0.0000494032   0.0000130192
        0.0008684800  -0.0009404093  -0.0005604817   0.0000066646  -0.0000168098
       -0.0000858391   0.0000283881   0.0000312865   0.0000538648  -0.0000028869
       -0.0001616628   0.0001056854  -0.0000265819  -0.0000155989  -0.0000030359
       -0.0000023422  -0.0000446799  -0.0000255882   0.0000140527  -0.0000036576
       -0.0000155563   0.0000171770  -0.0000193960   0.0000353504  -0.0000283365
       -0.0000016105  -0.0000259965   0.0001207146   0.0000557290  -0.0000579973
        0.0001799305   0.0000301110  -0.0004490260  -0.0000394924   0.0000489504
        0.0000407209   0.0001193531   0.0000835323  -0.0000873498  -0.0000116049
       -0.0000286896  -0.0000363600   0.0000061373   0.0000225973  -0.0000506877
       -0.0001279149  -0.0001023658  -0.0001416147  -0.0090175510  -0.0052454570
       -0.0097186186  -0.1153566962  -0.0020925395  -0.1086644730   0.0076604550
       -0.0009286111   0.0149651439   0.0003959858  -0.0002318574  -0.0000790037
       -0.0001162631   0.0001442614  -0.0001266819  -0.0002407454   0.0008605823
        0.0001731897  -0.0002351761   0.0006720415   0.0005347676   0.0000089940
       -0.0001236149  -0.0000086112   0.0000201945   0.0000207457  -0.0001279805
       -0.0004391042  -0.0000750418   0.0000245429  -0.0007461360  -0.0025758002
       -0.0008033210  -0.0001172535  -0.0003087855  -0.0001270995  -0.0003560549
       -0.0006543425  -0.0004773747  -0.0000236542   0.0000023365   0.0001748562
       -0.0003671634  -0.0000705438  -0.0001775795  -0.0175158729   0.0029060799
       -0.0218667482   0.1367194405   0.0080906880   0.1218572755  -0.0009273415
       -0.0006964139   0.0032237785   0.0010428709   0.0001048283   0.0009263388
       -0.0000968300  -0.0000425285  -0.0000862616  -0.0000697582  -0.0000432817
        0.0000643275  -0.0000585963   0.0000932261   0.0001147234   0.0002171991
        0.0003354366   0.0000171766   0.0000107623   0.0000325816   0.0000115978
        0.0000038247   0.0000191157   0.0000241159  -0.0000091293   0.0000343045
        0.0000177796  -0.0000555437   0.0000506097  -0.0000571795   0.0000030180
       -0.0000943631  -0.0000196448  -0.0000068901   0.0001638420   0.0001520372
       -0.0000950259  -0.0001508391   0.0001564895  -0.0000188023  -0.0001009787
       -0.0000861614  -0.0000603390   0.0000003487   0.0000084987  -0.0000357133
        0.0000058867   0.0001108615   0.0000108108   0.0000004497   0.0000108529
       -0.0005059649  -0.0000031461  -0.0000894538  -0.0190416087  -0.0070374831
       -0.0213497219  -0.0018040510  -0.0419952429  -0.0078094885   0.0013608541
       -0.0002574730   0.0073554355  -0.0000773889   0.0001807311  -0.0001824109
        0.0001624847  -0.0000450834  -0.0001431462   0.0003547418  -0.0007930858
       -0.0004583814   0.0008930770   0.0001263852  -0.0007273817  -0.0001080407
       -0.0000321706   0.0000963916   0.0000428859  -0.0002294617   0.0000361393
        0.0000854737   0.0000166186   0.0000359641  -0.0010612190  -0.0044104763
       -0.0004501278  -0.0002664501   0.0000927445  -0.0001475913  -0.0011505655
        0.0002899839  -0.0010842782   0.0000830509   0.0001111171   0.0000773300
       -0.0007952236   0.0000847647  -0.0002313327   0.0145285372  -0.0002746643
        0.0175692197   0.0080906880   0.0549943118   0.0030740415  -0.0008288414
        0.0003570379   0.0019084821   0.0001279233   0.0001134913   0.0013846067
        0.0000213370  -0.0001163547   0.0000480396  -0.0000648168  -0.0000693907
        0.0001127764  -0.0001148027  -0.0000599947   0.0001323701   0.0003087382
       -0.0011475441   0.0006424667   0.0000285709   0.0000212359  -0.0000091245
        0.0000263446  -0.0000228497   0.0000176302   0.0000692878   0.0001061730
        0.0000468070   0.0000479141  -0.0000189991   0.0000438060  -0.0001281754
       -0.0000771750   0.0000617406  -0.0000952981   0.0003376682   0.0001423417
        0.0000078180  -0.0001590108  -0.0000932249  -0.0000653102  -0.0000982992
       -0.0000753451   0.0000049444   0.0000018129  -0.0000119740  -0.0001864731
       -0.0000397693   0.0001066070   0.0000495585   0.0000535986  -0.0000292129
       -0.0003035417  -0.0001863327  -0.0001776128  -0.0043333971  -0.0010483610
       -0.0042441050  -0.1082751482  -0.0080128080  -0.2003281114  -0.0103479506
        0.0031533293  -0.0281808070  -0.0004346189   0.0002409641   0.0002257112
       -0.0001219110  -0.0001178251  -0.0001894554  -0.0001995283   0.0001363176
        0.0004278888   0.0006259937  -0.0005204996  -0.0003167106   0.0000848777
       -0.0000680098   0.0000836217   0.0000485941   0.0000195594  -0.0000492901
        0.0000918908   0.0002232411   0.0002783812  -0.0002446248  -0.0011255719
        0.0006391614   0.0001638828  -0.0000699518   0.0001250852   0.0010029196
        0.0010941547   0.0014911658   0.0001003993   0.0000106713   0.0000974607
       -0.0002355584  -0.0000283053  -0.0000779226  -0.0023803117   0.0011155458
       -0.0001164464   0.1218572755   0.0030740415   0.2337431047   0.0034324671
        0.0015798493  -0.0049131844  -0.0004497159  -0.0000676168   0.0007059474
       -0.0000416241   0.0000726323   0.0001663741   0.0000545951   0.0001477933
        0.0001312605  -0.0000079046   0.0001373792   0.0000615938  -0.0000478182
        0.0000655886   0.0003688474   0.0000036475   0.0001061686   0.0000084549
       -0.0000026683  -0.0000106841  -0.0000375781   0.0000442632   0.0000478138
       -0.0000245189  -0.0000268198  -0.0000255678   0.0000047939   0.0000174542
        0.0000527570  -0.0000678214   0.0000356806   0.0000279439   0.0000600367
        0.0000456110   0.0000021029   0.0000434815  -0.0000892637   0.0000033834
       -0.0000117392  -0.0000379481   0.0000172845   0.0000399843  -0.0000331087
       -0.0000133069   0.0000440206   0.0000039098  -0.0000336809  -0.0000110726
        0.0000262208  -0.0000237113   0.0000418015   0.0000779206  -0.0001717838
       -0.0000655436   0.0084225715  -0.0037627804   0.0136833278  -0.1104153164
        0.0313459718  -0.1019757874  -0.0133659025   0.0096789965  -0.0140020110
        0.0005498816  -0.0009516990  -0.0002067691  -0.0000502973  -0.0000148295
       -0.0003372980  -0.0025442693   0.0032011054   0.0013216425  -0.0001117254
       -0.0003344881   0.0001821568  -0.0000621328  -0.0000793474   0.0000320168
       -0.0000553788   0.0004198235  -0.0003188566   0.0004225262   0.0001005209
        0.0002835129  -0.0014645066  -0.0008315745   0.0003216182  -0.0001563288
       -0.0000763998  -0.0000162990   0.0000096293   0.0000463234   0.0000042006
       -0.0000725052   0.0000142726  -0.0000753134   0.0009592076  -0.0002696000
        0.0003720424  -0.0009273415  -0.0008288414   0.0034324671   0.1326073163
       -0.0380589472   0.1166856132  -0.0128337122   0.0019617410  -0.0179049807
       -0.0001720389  -0.0001317086  -0.0001795908   0.0006280704  -0.0000788263
        0.0001124737   0.0000019910  -0.0000043387  -0.0000084268  -0.0000071603
        0.0000327868   0.0000277514   0.0000319955  -0.0000338326  -0.0001047676
       -0.0000172123   0.0000112744   0.0000009186   0.0000348388  -0.0000029483
        0.0000089470   0.0001367015  -0.0003797228  -0.0002752009  -0.0000191934
        0.0001535347   0.0001088731  -0.0000640144   0.0001431548  -0.0000752790
       -0.0016216209  -0.0011062645  -0.0009878087  -0.0000070134  -0.0000327068
        0.0000072642   0.0000409627   0.0000173602  -0.0000526325  -0.0000135777
       -0.0000056426  -0.0000067413   0.0000314144   0.0000531276  -0.0000333213
       -0.0001566845  -0.0001639054   0.0000624017   0.0000500366  -0.0000213632
        0.0002031388   0.0044210763  -0.0013827957   0.0076205259   0.0312298619
       -0.0586209139   0.0492675258   0.0161442158  -0.0107432638   0.0166327594
        0.0014406190   0.0004927598   0.0010762484  -0.0000796096   0.0000760828
        0.0002377497   0.0032737297  -0.0033516487  -0.0017502982  -0.0003819897
        0.0005464958  -0.0000240019   0.0000524964  -0.0000205466   0.0000774876
        0.0001489716  -0.0002243653   0.0005863484   0.0000403776  -0.0000730557
        0.0002375404  -0.0005363320  -0.0004291963   0.0002314339  -0.0000278256
       -0.0000605167  -0.0001211462  -0.0000248996   0.0000373605  -0.0001178885
        0.0000200069   0.0000861024  -0.0001309582   0.0001782770   0.0004595312
       -0.0008948622  -0.0006964139   0.0003570379   0.0015798493  -0.0380589472
        0.0682993152  -0.0542273839  -0.0150814288   0.0047106074  -0.0193864633
       -0.0002022442   0.0004544844   0.0000623764  -0.0003078356  -0.0010754925
       -0.0006117702   0.0000008485   0.0000562123  -0.0000366793  -0.0000681869
        0.0000101099   0.0000362218   0.0000124564  -0.0000227124   0.0000773135
        0.0000061473   0.0000343737  -0.0000042320  -0.0000542557  -0.0000224978
       -0.0000074254  -0.0001621802   0.0004549389   0.0004037921   0.0001539451
       -0.0002121952  -0.0001655021   0.0002223228   0.0001480741  -0.0000861853
       -0.0016576291   0.0001503422  -0.0007937483   0.0000245257   0.0000050633
        0.0000309439   0.0000485727   0.0000144994  -0.0000421436  -0.0000086887
        0.0000125190  -0.0000155404   0.0000366636   0.0000185587  -0.0000074281
        0.0000374100   0.0000971027  -0.0000527898  -0.0000586844   0.0002201897
       -0.0001207439  -0.0100825199   0.0059915466  -0.0238026870  -0.1014505022
        0.0481612736  -0.1880615287   0.0019434468  -0.0010117678   0.0042318165
        0.0005466940  -0.0003592883   0.0003187468  -0.0000885009   0.0000295885
        0.0000984418  -0.0002312595  -0.0006389261   0.0001315629   0.0001606941
        0.0000128512   0.0001769233  -0.0000662285  -0.0001160965  -0.0000469174
        0.0001229510   0.0001661798   0.0001553977   0.0001296781   0.0002757027
       -0.0002991753  -0.0004505181  -0.0006131833  -0.0001192222   0.0001070153
        0.0000284568   0.0001755133   0.0000970792   0.0000487347   0.0000094351
       -0.0000883120  -0.0000708610   0.0001421694  -0.0004427717  -0.0000770219
        0.0004638582   0.0032237785   0.0019084821  -0.0049131844   0.1166856132
       -0.0542273839   0.2199288450  -0.0096132845   0.0007094899  -0.0103289425
       -0.0000334364  -0.0000542145   0.0003581309   0.0001689833  -0.0000437967
        0.0003084333   0.0000321984   0.0000180674   0.0000302725  -0.0000147461
       -0.0001350776   0.0001179025  -0.0000771200  -0.0000211304  -0.0000122655
       -0.0000094281  -0.0000190704  -0.0000022430   0.0000583051   0.0000281389
        0.0000245810   0.0000308937  -0.0000095304   0.0000424352   0.0000556734
       -0.0000273250  -0.0000468111  -0.0002511706  -0.0000500974   0.0000547206
       -0.0002841491  -0.0001510379   0.0010272523  -0.0000764477  -0.0000126597
       -0.0000207848  -0.0000578520  -0.0000075244  -0.0000092449   0.0000193762
       -0.0000110762   0.0000388609  -0.0000428587  -0.0000387352   0.0000012412
        0.0000424947   0.0002834839   0.0000135907  -0.0016260166  -0.0001630197
        0.0029225119  -0.0123440159  -0.0164684987  -0.0014670934  -0.1166550884
       -0.1022584742  -0.0391360854   0.0079247684   0.0139028483   0.0048017420
       -0.0012798352   0.0022806715   0.0002917531   0.0000814632  -0.0000472687
       -0.0000841569   0.0007861340  -0.0000276943   0.0005029767   0.0004453136
        0.0006985810   0.0003358378   0.0000280704   0.0001403879  -0.0000564756
        0.0001350754   0.0000916059  -0.0000299384   0.0001202369  -0.0000066970
        0.0000864665  -0.0000565452   0.0000009780  -0.0002319990  -0.0003635816
       -0.0008773348   0.0002468111  -0.0000324172  -0.0000775327   0.0000625160
       -0.0001307528   0.0000123216  -0.0000281752  -0.0004252578   0.0000982486
        0.0000318543   0.0010428709   0.0001279233  -0.0004497159  -0.0128337122
       -0.0150814288  -0.0096132845   0.1349007112   0.1170484395   0.0410758083
        0.0006612727   0.0001200485  -0.0000239451  -0.0000514221   0.0000640054
        0.0001967452  -0.0000103332  -0.0000064104   0.0000305737  -0.0000773090
       -0.0000127814   0.0000189422  -0.0000361845   0.0003348624   0.0001983893
        0.0000171888  -0.0000166737   0.0000230992  -0.0000034657   0.0000283365
        0.0000078810  -0.0000162139  -0.0001026139   0.0000961873  -0.0002005684
        0.0000114218   0.0000305920  -0.0001087593  -0.0000291636   0.0000939251
        0.0000062878  -0.0001548233   0.0001038579   0.0000410572   0.0000600582
       -0.0000436833   0.0000198026  -0.0000144120   0.0000069429  -0.0000295623
        0.0000050262  -0.0000143821   0.0000282932   0.0000355787  -0.0000000693
       -0.0000434916   0.0001744795  -0.0001702229  -0.0014584009   0.0002782569
        0.0019072374  -0.0077133946  -0.0081974662  -0.0000738414  -0.1015107574
       -0.1804032602  -0.0496014372  -0.0102048960  -0.0232804796  -0.0084833970
        0.0034710439  -0.0029653901  -0.0011133231   0.0000316878   0.0000280770
        0.0000189517  -0.0011636273  -0.0002228582  -0.0004416410  -0.0005158015
       -0.0017679620  -0.0007315506   0.0000478500   0.0002287328   0.0000330176
       -0.0000488977   0.0004100729   0.0001907094   0.0000442766  -0.0001484837
        0.0000368278   0.0001034812   0.0001252488   0.0001124558  -0.0002533957
       -0.0005421263   0.0001474936  -0.0000195828  -0.0001027489   0.0000956342
       -0.0000522773   0.0000275131  -0.0000806718  -0.0001736531  -0.0000085132
        0.0000494032   0.0001048283   0.0001134913  -0.0000676168   0.0019617410
        0.0047106074   0.0007094899   0.1170484395   0.2108433436   0.0578761851
       -0.0003057901   0.0006547534  -0.0000119405   0.0002566927   0.0000849248
        0.0000599718  -0.0000284010   0.0000780339  -0.0000391109  -0.0000052401
       -0.0000136774   0.0000324780   0.0001527456  -0.0003222761  -0.0001032100
        0.0000138211   0.0000506903  -0.0000314579   0.0000407044   0.0000331049
        0.0000015393   0.0000469171  -0.0000375944  -0.0001818089   0.0003034430
        0.0002199660   0.0000007424   0.0000504679   0.0000120607  -0.0000299540
       -0.0002055690  -0.0001561799  -0.0000617092   0.0000107847   0.0000758701
       -0.0000382886   0.0000190757   0.0000054410   0.0000154809  -0.0000339835
        0.0000051555  -0.0000202643   0.0000291591   0.0000091922  -0.0000061718
       -0.0000622647  -0.0003421695  -0.0000651097   0.0027870987   0.0012805125
       -0.0026978094   0.0143661764   0.0182168180   0.0023127355  -0.0394202033
       -0.0501358179  -0.0610814655  -0.0033296779  -0.0078042881  -0.0023873474
        0.0011239136  -0.0016077408  -0.0000653719  -0.0000856723   0.0001283924
       -0.0000054231  -0.0000422017   0.0005526075   0.0002930306  -0.0000169559
       -0.0007234043  -0.0001972834  -0.0000007022   0.0000249680  -0.0000106762
       -0.0000412609  -0.0000253362  -0.0001053990  -0.0000021367   0.0002608191
       -0.0001215239  -0.0000973299  -0.0000157121  -0.0001691900   0.0003488195
        0.0008468911  -0.0002492342   0.0000086887  -0.0000337358   0.0000697360
        0.0001404942  -0.0000322131   0.0001317742  -0.0000380922  -0.0000462464
        0.0000130192   0.0009263388   0.0013846067   0.0007059474  -0.0179049807
       -0.0193864633  -0.0103289425   0.0410758083   0.0578761851   0.0737834956
       -0.0001924472  -0.0003548057  -0.0001144221   0.0002388761   0.0001449419
        0.0001152504   0.0000166463   0.0000086834  -0.0000150894   0.0000522909
        0.0000233852   0.0000067829   0.0000280123  -0.0001059591  -0.0000420105
       -0.0000048909   0.0000121625  -0.0000228169   0.0000233939   0.0000017234
       -0.0000179177   0.0000435086  -0.0000085740  -0.0001080705   0.0000671409
        0.0000046260   0.0001221488  -0.0001153824  -0.0000783437   0.0000678281
        0.0001525723  -0.0000215342   0.0001514402  -0.0000335627  -0.0000133467
        0.0000040102  -0.0000401162  -0.0000025637   0.0000329096   0.0000450474
        0.0000008568  -0.0000018583  -0.0000169492  -0.0000299251  -0.0000031469
       -0.0020183089  -0.0035166094  -0.0008920083   0.0002088816   0.0000620392
       -0.0002679060  -0.0019072949   0.0033928218   0.0007257496  -0.0132739202
       -0.0018610156   0.0146469328  -0.1357174306  -0.0424160725   0.1064027194
       -0.0131058751  -0.0071478118   0.0135193465  -0.0005366193   0.0010132341
       -0.0018468934   0.0073052859   0.0029653436  -0.0092097465   0.0009410778
        0.0011163017  -0.0006473722  -0.0001087929   0.0001182568   0.0007628515
        0.0005158881   0.0008705607  -0.0008578690   0.0002020194   0.0000111911
        0.0000910019  -0.0000787506  -0.0000589582   0.0000155833   0.0000478721
        0.0000652654  -0.0000774503  -0.0002186560  -0.0004569171   0.0002292463
       -0.0000426448   0.0000316593  -0.0000366453  -0.0006317499  -0.0001440590
        0.0008684800  -0.0000968300   0.0000213370  -0.0000416241  -0.0001720389
       -0.0002022442  -0.0000334364   0.0006612727  -0.0003057901  -0.0001924472
        0.1581794324   0.0457552157  -0.1231358231  -0.0004629819  -0.0002129048
       -0.0001260768   0.0000415195   0.0001367380  -0.0001132093   0.0000974216
        0.0002514262  -0.0002556232   0.0003004833   0.0003567815   0.0003669288
        0.0000038704   0.0000406813   0.0000091664   0.0000105470   0.0000209526
       -0.0000239342  -0.0001995944   0.0001430799   0.0002662014  -0.0000032839
       -0.0001491567  -0.0000880350   0.0000291112   0.0000205166  -0.0000141680
       -0.0001070237  -0.0000143308   0.0000657954   0.0000647476   0.0000436950
       -0.0000515812   0.0000348236   0.0000124909  -0.0000267245  -0.0000059413
        0.0000090353  -0.0000148048   0.0000434835   0.0000272467  -0.0000166245
       -0.0025911588  -0.0042011867   0.0001457037   0.0000044945  -0.0000580333
        0.0000340833   0.0032141672  -0.0028237281  -0.0011807859   0.0156328066
        0.0035456117  -0.0160975484  -0.0420386259  -0.0546553571   0.0431210121
       -0.0155917698  -0.0076509606   0.0152355151  -0.0003966227  -0.0011152529
        0.0017041273  -0.0041448603  -0.0031661210   0.0098110129   0.0005576359
        0.0016772079   0.0000807490  -0.0001864051   0.0000417787   0.0008768817
       -0.0007731214  -0.0000676924  -0.0005598495   0.0000603938  -0.0000451665
        0.0000031429  -0.0000002389   0.0000527792   0.0000287679   0.0000015153
       -0.0000577366  -0.0000104853  -0.0002624267  -0.0005632099   0.0002549576
       -0.0000229531   0.0000242221   0.0000020046   0.0007872901   0.0000445412
       -0.0009404093  -0.0000425285  -0.0001163547   0.0000726323  -0.0001317086
        0.0004544844  -0.0000542145   0.0001200485   0.0006547534  -0.0003548057
        0.0457552157   0.0684040685  -0.0526050885  -0.0001177494  -0.0001934167
        0.0000485875  -0.0000734112  -0.0001657393   0.0001821591  -0.0001687125
       -0.0003677734   0.0001277492   0.0003369636   0.0003174801   0.0003788385
       -0.0000182611   0.0000349948   0.0000332043   0.0000254747   0.0000058360
       -0.0000273279   0.0001827483  -0.0003364913  -0.0002346618  -0.0001669458
        0.0003001668  -0.0000026296  -0.0000010382  -0.0000092761  -0.0000070662
       -0.0000180846  -0.0000037802  -0.0000118065   0.0000486226   0.0000410122
       -0.0000492475   0.0000022173  -0.0000117196   0.0000082286  -0.0000077630
        0.0000000083  -0.0000100268   0.0000247917   0.0000100510  -0.0000034044
       -0.0008103647  -0.0008070029  -0.0005089537  -0.0000959218   0.0000203449
        0.0000300580   0.0015910067  -0.0020029129   0.0003241567   0.0076279933
        0.0004425467  -0.0065812009   0.1071167852   0.0448278871  -0.1629506006
       -0.0044930517  -0.0024822546   0.0054363488  -0.0009522246   0.0020148251
       -0.0031038176   0.0132475879   0.0089460312  -0.0199611345  -0.0001312905
        0.0010901723   0.0004810725  -0.0001091251  -0.0002522809   0.0001975533
        0.0008426919   0.0006186690   0.0007221453  -0.0001122720  -0.0000274917
       -0.0000422897  -0.0000478414   0.0000412307   0.0000197889  -0.0000836903
       -0.0000832230   0.0000999068   0.0000528237   0.0000041516   0.0000776728
       -0.0000065361  -0.0000133196   0.0000329924   0.0004373062   0.0001081185
       -0.0005604817  -0.0000862616   0.0000480396   0.0001663741  -0.0001795908
        0.0000623764   0.0003581309  -0.0000239451  -0.0000119405  -0.0001144221
       -0.1231358231  -0.0526050885   0.1861573117   0.0000377635  -0.0000845127
       -0.0001319102   0.0002402026   0.0003523037  -0.0003506327   0.0002715985
        0.0005282525  -0.0002212209  -0.0004001281  -0.0002343839  -0.0000698258
       -0.0000346118   0.0000217770  -0.0000329666   0.0000392984   0.0000000788
        0.0000091268  -0.0004378184   0.0003302216   0.0008325320  -0.0003589475
       -0.0007885855  -0.0003533515   0.0000033672  -0.0000179883   0.0000119471
        0.0000713195  -0.0000044239  -0.0000006060  -0.0000731423  -0.0000357523
        0.0000263939  -0.0000163505  -0.0000051112  -0.0000038179   0.0000229290
       -0.0000068941   0.0000150056  -0.0000137361   0.0000061398  -0.0000112851
        0.0053575248  -0.0025511142   0.0037033359  -0.0001274620   0.0001103355
        0.0000636677   0.0001267520  -0.0000230137  -0.0001207877   0.0005798049
        0.0014181882   0.0006224531  -0.0133076792   0.0024394273  -0.0133375289
       -0.1541549040   0.0371783349  -0.1037730593  -0.0003448916  -0.0006520937
        0.0012932046  -0.0021891348  -0.0025172370  -0.0015517419  -0.0261642202
        0.0209997761  -0.0033659474   0.0002179771   0.0003003571   0.0003925738
       -0.0002775095   0.0002992740  -0.0008188634   0.0002500745  -0.0001911230
        0.0015865368  -0.0017291129   0.0007748344   0.0000798968  -0.0000658504
       -0.0000623871  -0.0000550374  -0.0000709171  -0.0000895294   0.0000054853
       -0.0000969589   0.0000254749  -0.0000492582  -0.0000046469  -0.0000098928
        0.0000066646  -0.0000697582  -0.0000648168   0.0000545951   0.0006280704
       -0.0003078356   0.0001689833  -0.0000514221   0.0002566927   0.0002388761
       -0.0004629819  -0.0001177494   0.0000377635   0.1923807980  -0.0585918030
        0.1135926112  -0.0000474458  -0.0001129808   0.0001297898   0.0002031676
        0.0000080857   0.0003063918   0.0014054865  -0.0004967720   0.0008678119
       -0.0001541704   0.0000025511   0.0000193710   0.0001224289  -0.0000453531
       -0.0000126678  -0.0003613512   0.0001107389   0.0000492124   0.0000661253
       -0.0000125585  -0.0000484237  -0.0002377925  -0.0003013466  -0.0002797767
       -0.0014745565   0.0021974780   0.0002969460   0.0000020500  -0.0000054674
        0.0000122246   0.0000560196   0.0000172292  -0.0000719385  -0.0000378749
        0.0000031814  -0.0000175434   0.0000343615   0.0000111148  -0.0000258213
        0.0081638998  -0.0027097333   0.0099956435   0.0003406969   0.0003769288
       -0.0008718138   0.0000084680  -0.0000261516  -0.0000469762  -0.0013039680
        0.0007846419  -0.0009267879  -0.0146464223   0.0035305209  -0.0136330421
        0.0372087923  -0.0535585168   0.0394469104  -0.0008919286  -0.0004663639
        0.0021206295  -0.0026359006  -0.0028369262  -0.0018867955   0.0288868786
       -0.0170888889   0.0037265423   0.0003726772   0.0003299938   0.0005710039
       -0.0004223070   0.0003450444  -0.0008728799  -0.0002424835   0.0002170176
       -0.0002333905   0.0012046530   0.0000705603  -0.0005602476   0.0000565077
       -0.0001608279  -0.0000252496  -0.0001453219  -0.0000543349  -0.0003263063
       -0.0000152303  -0.0001269616   0.0001052352   0.0000298670  -0.0000522897
       -0.0000168098  -0.0000432817  -0.0000693907   0.0001477933  -0.0000788263
       -0.0010754925  -0.0000437967   0.0000640054   0.0000849248   0.0001449419
       -0.0002129048  -0.0001934167  -0.0000845127  -0.0585918030   0.0745244699
       -0.0378959263  -0.0000190310  -0.0000649913  -0.0000569232   0.0004231337
        0.0000282514   0.0003741676   0.0015044525  -0.0002706248   0.0007533177
        0.0001252377  -0.0000437916  -0.0000654441  -0.0003602363  -0.0001727674
        0.0000161620  -0.0004294153   0.0001386900  -0.0000236665   0.0000806597
       -0.0000180778  -0.0000815602  -0.0001600555  -0.0000321532   0.0001937958
        0.0017899125  -0.0013556079  -0.0000192519   0.0000040943   0.0000571871
       -0.0000060814  -0.0000053528  -0.0000216775  -0.0000011045  -0.0000141436
        0.0000035681   0.0000033045  -0.0000453237  -0.0000928128   0.0000791191
       -0.0168329820   0.0074397766  -0.0195558861  -0.0009205925   0.0005667740
        0.0004106707   0.0001012321  -0.0001864383  -0.0002161448  -0.0005257247
        0.0005081156   0.0001969164  -0.0055099384   0.0006805770  -0.0044100312
       -0.1008276736   0.0364674953  -0.1275816425   0.0002839213   0.0009445429
       -0.0055652901  -0.0013808963  -0.0005207353  -0.0015518572   0.0121865625
       -0.0064841625   0.0082012780  -0.0006527112  -0.0007183774  -0.0002119666
       -0.0001411012   0.0001459704  -0.0004335954   0.0005793230   0.0002465969
       -0.0008968107  -0.0000103815   0.0004801690   0.0004489737  -0.0001207144
        0.0000346777   0.0002265217   0.0004622778   0.0003704530  -0.0000396234
       -0.0000229210  -0.0000990846   0.0000943371   0.0000632035  -0.0001212725
       -0.0000858391   0.0000643275   0.0001127764   0.0001312605   0.0001124737
       -0.0006117702   0.0003084333   0.0001967452   0.0000599718   0.0001152504
       -0.0001260768   0.0000485875  -0.0001319102   0.1135926112  -0.0378959263
        0.1488145330  -0.0000223278  -0.0001391459  -0.0000371631  -0.0011433980
        0.0000367828  -0.0008903121   0.0007729932  -0.0008049219   0.0015838898
        0.0000171889  -0.0000610284  -0.0000693720   0.0003816899   0.0002539271
        0.0000582696  -0.0001538170  -0.0000190347   0.0000122658  -0.0000000171
       -0.0000137124   0.0000184498  -0.0002667472  -0.0001758545   0.0000284056
        0.0000950264  -0.0005302460   0.0009780499  -0.0001350241   0.0000174473
       -0.0000121675  -0.0000745278   0.0000023802   0.0000411658   0.0000219582
       -0.0000254722   0.0000514148  -0.0000639619  -0.0000098384  -0.0000304736
       -0.0173063311   0.0208653476   0.0000371785  -0.0043083155   0.0005217219
       -0.0033038888   0.0000750103  -0.0001253976  -0.0000414672   0.0000815570
       -0.0000379300  -0.0000782019  -0.0007529092  -0.0008189269   0.0004610147
       -0.0001596087   0.0003561389   0.0000186338  -0.0927583360   0.0971625350
        0.0108933051   0.0068888315  -0.0150788269  -0.0009709534   0.0000546411
       -0.0004446391   0.0002265822  -0.0001987790   0.0014538982   0.0000634204
       -0.0001309312  -0.0014574760   0.0006609190  -0.0005445907   0.0009668073
        0.0005664311  -0.0001387410  -0.0000357254  -0.0000786806   0.0000988652
       -0.0001128273  -0.0001060361   0.0003711744   0.0001338678   0.0006907450
       -0.0001718616  -0.0000220303  -0.0000833672   0.0000376076  -0.0000948366
        0.0000283881  -0.0000585963  -0.0001148027  -0.0000079046   0.0000019910
        0.0000008485   0.0000321984  -0.0000103332  -0.0000284010   0.0000166463
        0.0000415195  -0.0000734112   0.0002402026  -0.0000474458  -0.0000190310
       -0.0000223278   0.1125233132  -0.1114547750  -0.0119036447  -0.0031505112
        0.0087821906   0.0036092093  -0.0000020467   0.0000716952  -0.0002492578
       -0.0002812906  -0.0007706263  -0.0007674491   0.0004873314   0.0001163276
        0.0000798082   0.0001744201  -0.0002429768  -0.0003280481  -0.0005955288
        0.0007855686   0.0005016041   0.0000027522  -0.0001177906  -0.0001272384
       -0.0000297475   0.0000347604   0.0000747531  -0.0001849973  -0.0001726631
       -0.0001027938   0.0000416123   0.0000088777  -0.0000264240  -0.0000289040
       -0.0000388922   0.0000012445  -0.0000208215   0.0000014006  -0.0000046010
        0.0031920197  -0.0015092665   0.0004996163   0.0002069474   0.0003087922
        0.0004805689   0.0000450276  -0.0000478265  -0.0001883602   0.0000898202
        0.0000836122  -0.0001228646  -0.0015057792  -0.0014813225   0.0010202947
        0.0005212935  -0.0003606177  -0.0000878972   0.1012060992  -0.2139445727
       -0.0235830918   0.0043449474  -0.0269339249   0.0009353949  -0.0003386531
        0.0006808860  -0.0003066115  -0.0016742812   0.0007397595   0.0000280199
        0.0010850310   0.0001101597   0.0012476163   0.0000069014  -0.0001257186
       -0.0000610255   0.0000023423   0.0000830825  -0.0000409775  -0.0000773891
       -0.0000909594   0.0000649446   0.0001038506   0.0001038410  -0.0004719360
        0.0000084648  -0.0000015875   0.0000171911  -0.0000707574   0.0000755095
        0.0000312865   0.0000932261  -0.0000599947   0.0001373792  -0.0000043387
        0.0000562123   0.0000180674  -0.0000064104   0.0000780339   0.0000086834
        0.0001367380  -0.0001657393   0.0003523037  -0.0001129808  -0.0000649913
       -0.0001391459  -0.1114547750   0.2492254494   0.0247014399   0.0055860032
       -0.0074794616  -0.0043721281  -0.0001270553  -0.0001241905   0.0000901044
       -0.0003369656   0.0002561682  -0.0003379921  -0.0002663126  -0.0000856096
        0.0000786866   0.0002157364  -0.0006382702  -0.0007462141  -0.0009341521
        0.0013645560   0.0007478402   0.0000203472  -0.0000073291   0.0000198169
       -0.0000149681  -0.0000182696  -0.0000112790   0.0000492844  -0.0000389768
       -0.0000179699  -0.0000205839  -0.0000077374   0.0000051207   0.0000172161
        0.0000063308   0.0000044879   0.0000141061   0.0000139731  -0.0000013700
       -0.0097801412   0.0125920182   0.0010572246  -0.0017212986  -0.0000080191
       -0.0013297937   0.0001311037  -0.0002294906  -0.0000829313   0.0000296174
       -0.0001108115   0.0001348738   0.0009815580   0.0006395847  -0.0016260210
       -0.0003300978   0.0004724539   0.0001214311   0.0104299073  -0.0212645513
       -0.0425104635  -0.0025269883   0.0117509867   0.0017098793   0.0001169331
       -0.0005859446   0.0001179270  -0.0002380828   0.0007117394   0.0011891188
       -0.0008895080   0.0001537515   0.0002291313  -0.0003306399   0.0003279813
        0.0004056469  -0.0000139164  -0.0000027494  -0.0000412537  -0.0001036666
       -0.0001497077  -0.0000174578  -0.0002141339  -0.0001243632  -0.0004617976
       -0.0000618823  -0.0000230645  -0.0000374297   0.0000507005  -0.0000004254
        0.0000538648   0.0001147234   0.0001323701   0.0000615938  -0.0000084268
       -0.0000366793   0.0000302725   0.0000305737  -0.0000391109  -0.0000150894
       -0.0001132093   0.0001821591  -0.0003506327   0.0001297898  -0.0000569232
       -0.0000371631  -0.0119036447   0.0247014399   0.0500044947   0.0164372554
       -0.0283267552  -0.0074893908  -0.0001219010   0.0000658538  -0.0003355887
       -0.0004151357  -0.0005172564  -0.0002296335   0.0000944487   0.0001130622
       -0.0000783036  -0.0004323197   0.0001493064   0.0001261943   0.0004435999
       -0.0004271651  -0.0005249300   0.0000234653  -0.0000529485  -0.0000371535
       -0.0000096624   0.0000347047   0.0000215377   0.0002033637  -0.0000678947
       -0.0000479314   0.0000021894  -0.0000030546  -0.0000164712  -0.0000129503
       -0.0000074269   0.0000021215   0.0000083764   0.0000069301   0.0000041243
        0.0031471453  -0.0028879130  -0.0226604668   0.0010613033  -0.0002740244
       -0.0015037645  -0.0001409129   0.0002708846  -0.0001251826   0.0000153774
       -0.0000155989   0.0002063882  -0.0009295766  -0.0010764748   0.0006877877
       -0.0034770916   0.0004488707  -0.0027993340  -0.0502770466   0.0073261448
        0.0472274696  -0.0041768533   0.0007778289   0.0164723824   0.0000271835
       -0.0002470017   0.0002789324  -0.0004028772   0.0003146471  -0.0007639958
        0.0002544001  -0.0009467870   0.0005683031   0.0000958135  -0.0001130621
       -0.0000932817   0.0000283225   0.0000551503   0.0000577931  -0.0011474247
        0.0000869263   0.0001866051   0.0000575362   0.0000055804   0.0001721000
        0.0000093121  -0.0000065502   0.0000398179  -0.0000449103  -0.0000099903
       -0.0000028869   0.0002171991   0.0003087382  -0.0000478182  -0.0000071603
       -0.0000681869  -0.0000147461  -0.0000773090  -0.0000052401   0.0000522909
        0.0000974216  -0.0001687125   0.0002715985   0.0002031676   0.0004231337
       -0.0011433980  -0.0031505112   0.0055860032   0.0164372554   0.0594215499
       -0.0090863086  -0.0526680241   0.0000973390   0.0000344090  -0.0000538347
       -0.0001318195  -0.0000203006   0.0000279624  -0.0002443024  -0.0003262365
        0.0000211889  -0.0006357314   0.0002466764   0.0000104357   0.0004400808
       -0.0003987433  -0.0008193275   0.0000328738  -0.0000234603   0.0000496570
        0.0000066510  -0.0000437062   0.0000226260  -0.0004019539  -0.0001790647
       -0.0001228852  -0.0000343968   0.0000230855   0.0000290260   0.0000619997
        0.0000060621   0.0000263353   0.0000052017  -0.0000167791  -0.0000270091
        0.0003082205  -0.0001533443  -0.0017242629   0.0003871737   0.0001391587
        0.0007704033   0.0003046116  -0.0001538291   0.0005860204   0.0000111650
       -0.0001127365   0.0001637022  -0.0007254307  -0.0021116803   0.0021842727
       -0.0004603525  -0.0005714482   0.0006626187   0.0070588582  -0.0421229001
       -0.0340584213  -0.0077037016   0.0006655646   0.0211781024  -0.0000932531
       -0.0000250847  -0.0001898935  -0.0004095773   0.0001821021  -0.0007509696
        0.0005889361   0.0002618775   0.0010627713   0.0001270638  -0.0000603841
        0.0000094059  -0.0000060144  -0.0000144920  -0.0000029342   0.0002544319
        0.0003262041   0.0001009041   0.0003880566  -0.0000345184   0.0005395709
       -0.0000420637   0.0000176203  -0.0000062146  -0.0001390428   0.0000156942
       -0.0001616628   0.0003354366  -0.0011475441   0.0000655886   0.0000327868
        0.0000101099  -0.0001350776  -0.0000127814  -0.0000136774   0.0000233852
        0.0002514262  -0.0003677734   0.0005282525   0.0000080857   0.0000282514
        0.0000367828   0.0087821906  -0.0074794616  -0.0283267552  -0.0090863086
        0.0529057178   0.0377859656   0.0000509421   0.0000211861   0.0000598023
        0.0000523431   0.0000885031   0.0000382909  -0.0000709213  -0.0000587477
        0.0001625177  -0.0001881643   0.0005465024   0.0002326483   0.0005755231
       -0.0008367707  -0.0007366037  -0.0000291227   0.0000161458  -0.0000030044
       -0.0000074460  -0.0000164693   0.0000154072  -0.0004995173   0.0000926671
       -0.0000998813   0.0000000109   0.0000251036   0.0000040904  -0.0000156933
       -0.0000222329   0.0000057589  -0.0000278715  -0.0000393137  -0.0000205811
        0.0011340577  -0.0021284881  -0.0178584913   0.0012776587  -0.0007062715
        0.0006409875  -0.0000168384  -0.0001981803   0.0000392247   0.0000447214
        0.0001191441  -0.0002953749   0.0004184321   0.0007365147  -0.0013359695
       -0.0029067558   0.0006234953  -0.0028618145   0.0452572326  -0.0353234733
       -0.2607062333   0.0057666034   0.0025290726  -0.0124815740   0.0001307094
       -0.0000777050   0.0002089578  -0.0005114705   0.0001890833  -0.0011382694
       -0.0013781768  -0.0005573156   0.0001113032   0.0001118751  -0.0001785171
        0.0000212762   0.0000738547   0.0000418046   0.0001491778  -0.0007289871
        0.0001459915   0.0004850755   0.0004084342   0.0001862671   0.0007326419
        0.0000609059  -0.0000084061   0.0000825025   0.0001446630  -0.0000289492
        0.0001056854   0.0000171766   0.0006424667   0.0003688474   0.0000277514
        0.0000362218   0.0001179025   0.0000189422   0.0000324780   0.0000067829
       -0.0002556232   0.0001277492  -0.0002212209   0.0003063918   0.0003741676
       -0.0008903121   0.0036092093  -0.0043721281  -0.0074893908  -0.0526680241
        0.0377859656   0.3015682729   0.0000262559   0.0001327611   0.0000941660
       -0.0000342339   0.0001441412  -0.0000809726  -0.0000308112  -0.0002095195
       -0.0000028313   0.0004805165  -0.0003630554  -0.0000662063  -0.0004114580
        0.0004488510   0.0005924698   0.0000180570  -0.0000025474   0.0000350653
        0.0000212778  -0.0000353796  -0.0000114085  -0.0003960015  -0.0000787600
        0.0000599821  -0.0000379420   0.0000357510   0.0000560559   0.0000501454
       -0.0000114304   0.0000046141  -0.0000285496  -0.0000518001  -0.0000409220
        0.0003043087  -0.0000423857  -0.0000509593   0.0000153981  -0.0000583323
        0.0000013756  -0.0000309917  -0.0000418212   0.0000055718   0.0003116506
        0.0005849439   0.0002875133  -0.0009692551   0.0011525128   0.0013469072
        0.0129909580   0.0162375062   0.0078357304  -0.0001614064  -0.0000847897
        0.0000710348   0.0000481533   0.0000525815   0.0003849720  -0.1921771130
       -0.1885708607  -0.0963880724   0.0001073551  -0.0002635522   0.0001366412
        0.0001166375   0.0000221443  -0.0000041889  -0.0000903566   0.0000160178
        0.0000487906  -0.0000093970  -0.0001004294  -0.0001116446   0.0000250748
        0.0000398396  -0.0000357916  -0.0002566545   0.0000962510  -0.0000835232
        0.0000486446  -0.0000136875  -0.0000431825   0.0000530841   0.0000265094
       -0.0000265819   0.0000107623   0.0000285709   0.0000036475   0.0000319955
        0.0000124564  -0.0000771200  -0.0000361845   0.0001527456   0.0000280123
        0.0003004833   0.0003369636  -0.0004001281   0.0014054865   0.0015044525
        0.0007729932  -0.0000020467  -0.0001270553  -0.0001219010   0.0000973390
        0.0000509421   0.0000262559   0.1779868384   0.1690283078   0.0856467495
        0.0006170519  -0.0001840935   0.0004160610  -0.0007446318   0.0001285246
        0.0002803368  -0.0000219449  -0.0000285280  -0.0000605683   0.0000483105
        0.0000128777  -0.0000374073   0.0000174227   0.0000317349   0.0000153326
        0.0000224543   0.0000405674  -0.0000272290  -0.0000498975  -0.0000349319
        0.0001386349   0.0000035014  -0.0000111946  -0.0000302731   0.0000064894
        0.0000113688   0.0000086673  -0.0000195202  -0.0000061571   0.0000433432
       -0.0001404630   0.0004433946  -0.0004319187  -0.0000755770  -0.0001168869
        0.0000550118  -0.0000238295  -0.0000706989  -0.0000048935  -0.0008667640
       -0.0010728940  -0.0006724805   0.0032664767  -0.0044177124  -0.0025400447
       -0.0090474206  -0.0224923560  -0.0097392930  -0.0000647729  -0.0000056291
        0.0000691489  -0.0000039726   0.0000009772   0.0004232647  -0.1618753847
       -0.2214542069  -0.1200656533  -0.0006329158   0.0005317359   0.0002248535
        0.0000571228   0.0000130559  -0.0000309241   0.0000654501   0.0000362576
       -0.0001358370   0.0000136197   0.0001609694   0.0001739987  -0.0000576056
        0.0000202690   0.0001813194  -0.0000131608  -0.0001261194   0.0003060443
       -0.0000170746  -0.0000533211   0.0000375660   0.0000084236   0.0000349694
       -0.0000155989   0.0000325816   0.0000212359   0.0001061686  -0.0000338326
       -0.0000227124  -0.0000211304   0.0003348624  -0.0003222761  -0.0001059591
        0.0003567815   0.0003174801  -0.0002343839  -0.0004967720  -0.0002706248
       -0.0008049219   0.0000716952  -0.0001241905   0.0000658538   0.0000344090
        0.0000211861   0.0001327611   0.1690283078   0.2489973454   0.1321243449
       -0.0001591607  -0.0001056159   0.0008605266   0.0002079619   0.0002076370
        0.0000475509   0.0000082680  -0.0000126078   0.0000061676   0.0000451130
        0.0000188392  -0.0000168189  -0.0000011544  -0.0000415533  -0.0000117158
       -0.0000173488  -0.0001238169  -0.0000159075   0.0000082134  -0.0000031957
        0.0000087539  -0.0000209152   0.0000089721   0.0000334119   0.0000229734
        0.0000011928  -0.0000011313  -0.0000141353   0.0000009004  -0.0000081342
       -0.0005775265  -0.0012426213   0.0001358988  -0.0000389012   0.0000640094
        0.0000170640  -0.0000475553  -0.0000154601  -0.0000290182  -0.0004537325
       -0.0006174831  -0.0002237031   0.0019240639  -0.0021398058  -0.0004855571
       -0.0088773047  -0.0122054617  -0.0092883813  -0.0000645019   0.0002231659
       -0.0001087323  -0.0000794027  -0.0002270143   0.0002588316  -0.0800227823
       -0.1189912524  -0.0655909736   0.0008517629  -0.0005549820  -0.0004220483
        0.0000597067   0.0000624886  -0.0000241396   0.0002058114  -0.0000594794
        0.0001629310  -0.0000472954  -0.0000091864  -0.0000134522  -0.0000126486
       -0.0000113494   0.0000234854  -0.0003628916   0.0000312792   0.0005361514
       -0.0000283896   0.0000347030  -0.0000634527  -0.0000165205   0.0000842002
       -0.0000030359   0.0000115978  -0.0000091245   0.0000084549  -0.0001047676
        0.0000773135  -0.0000122655   0.0001983893  -0.0001032100  -0.0000420105
        0.0003669288   0.0003788385  -0.0000698258   0.0008678119   0.0007533177
        0.0015838898  -0.0002492578   0.0000901044  -0.0003355887  -0.0000538347
        0.0000598023   0.0000941660   0.0856467495   0.1321243449   0.0755040476
        0.0004472660   0.0018699931  -0.0015881028   0.0003585738   0.0001268293
        0.0000742616  -0.0000034966  -0.0000100243  -0.0000370177   0.0000982135
        0.0000843459  -0.0000047496  -0.0000346091  -0.0000020886  -0.0000301544
       -0.0000106438   0.0000317268   0.0000213219  -0.0000069248   0.0000315861
       -0.0000009380   0.0000146201  -0.0000009919   0.0000037944  -0.0000449637
        0.0000116423  -0.0000214593   0.0000864553   0.0000598440  -0.0000296917
        0.0059084857  -0.0042692558  -0.0037397108  -0.0003294142  -0.0015245529
        0.0001420881   0.0002908902  -0.0003080240  -0.0000939431  -0.0000046023
        0.0000357408  -0.0000052753   0.0000029138   0.0000514243  -0.0000477049
       -0.0000863119   0.0005402781   0.0003935021   0.0006907166  -0.0012413457
       -0.0001426810   0.0000544829  -0.0000628225  -0.0000377463  -0.0003542371
       -0.0010446751   0.0000716184  -0.1495837209   0.0986496092   0.0536214256
       -0.0000634892  -0.0000143267  -0.0000066841  -0.0001630640  -0.0001612180
        0.0000579648   0.0000338804  -0.0000455246   0.0000923494  -0.0000816967
        0.0000272024  -0.0001819604  -0.0075369184   0.0039295884   0.0117487933
       -0.0001028813   0.0001148936   0.0001230898   0.0000008905  -0.0001702450
       -0.0000023422   0.0000038247   0.0000263446  -0.0000026683  -0.0000172123
        0.0000061473  -0.0000094281   0.0000171888   0.0000138211  -0.0000048909
        0.0000038704  -0.0000182611  -0.0000346118  -0.0001541704   0.0001252377
        0.0000171889  -0.0002812906  -0.0003369656  -0.0004151357  -0.0001318195
        0.0000523431  -0.0000342339   0.0006170519  -0.0001591607   0.0004472660
        0.1738845617  -0.1120807903  -0.0704498970  -0.0231430411   0.0185739029
        0.0068929994  -0.0000029708   0.0000055670   0.0000026930   0.0000023836
        0.0000194559   0.0000036648   0.0000217333   0.0000000997   0.0000213220
       -0.0000005705   0.0000183393  -0.0000085574   0.0002519431  -0.0009703938
        0.0017258737   0.0000101367   0.0000279067  -0.0000398322   0.0000436314
        0.0000197623   0.0000042669   0.0001988256   0.0001698972  -0.0001088024
        0.0168551976  -0.0241212743  -0.0100904520  -0.0024946025  -0.0048724953
       -0.0000739073   0.0010336852  -0.0010495972  -0.0005565547   0.0000523995
        0.0001294530  -0.0000228357   0.0000732059   0.0001339816  -0.0000411493
        0.0011335110  -0.0002654722  -0.0007627053   0.0011019201   0.0007834439
        0.0004090720   0.0001121810  -0.0000451232   0.0000844348  -0.0005842074
        0.0008954794  -0.0002612624   0.1005727916  -0.1339531152  -0.0546004452
        0.0000458473   0.0001400731   0.0000119452  -0.0003623525   0.0001393088
       -0.0002483527   0.0000291481   0.0000652432   0.0000528359  -0.0000645588
        0.0001651379   0.0001182485  -0.0065601334   0.0072750357   0.0035104390
       -0.0000336417   0.0000407867   0.0000097558  -0.0001605395  -0.0004159364
       -0.0000446799   0.0000191157  -0.0000228497  -0.0000106841   0.0000112744
        0.0000343737  -0.0000190704  -0.0000166737   0.0000506903   0.0000121625
        0.0000406813   0.0000349948   0.0000217770   0.0000025511  -0.0000437916
       -0.0000610284  -0.0007706263   0.0002561682  -0.0005172564  -0.0000203006
        0.0000885031   0.0001441412  -0.0001840935  -0.0001056159   0.0018699931
       -0.1120807903   0.1545257886   0.0590648380   0.0030205046  -0.0004678830
       -0.0001701878   0.0000106192   0.0000060856  -0.0000062639   0.0000603821
        0.0000131664   0.0000024954  -0.0000003674  -0.0000253432  -0.0000153552
       -0.0000014197  -0.0000030556  -0.0000172001  -0.0007127427   0.0007616866
        0.0020891603  -0.0000609832  -0.0000168622   0.0000589123  -0.0000257813
       -0.0000148755   0.0000116456  -0.0000412012  -0.0001161104   0.0000475342
        0.0023049016  -0.0045870063  -0.0008598801  -0.0002348672  -0.0004953007
        0.0002771645   0.0001015764  -0.0001417167  -0.0000004037  -0.0000518877
       -0.0000452262  -0.0000082981   0.0001130618  -0.0000036126  -0.0000076725
        0.0003807896   0.0006168453   0.0000690308   0.0005174263  -0.0003495541
        0.0001661748  -0.0001294311  -0.0000591490   0.0000487020   0.0005632845
        0.0012337254  -0.0006025098   0.0496839109  -0.0509739990  -0.0674113569
        0.0000506545   0.0000701232  -0.0000074975  -0.0000393093  -0.0001269053
       -0.0000275245  -0.0000298053   0.0000023374   0.0000698823   0.0000322144
        0.0001529689  -0.0000892384   0.0262042069  -0.0165235019  -0.0248169898
        0.0000349990  -0.0000314683   0.0002263714   0.0000053901  -0.0000217135
       -0.0000255882   0.0000241159   0.0000176302  -0.0000375781   0.0000009186
       -0.0000042320  -0.0000022430   0.0000230992  -0.0000314579  -0.0000228169
        0.0000091664   0.0000332043  -0.0000329666   0.0000193710  -0.0000654441
       -0.0000693720  -0.0007674491  -0.0003379921  -0.0002296335   0.0000279624
        0.0000382909  -0.0000809726   0.0004160610   0.0008605266  -0.0015881028
       -0.0704498970   0.0590648380   0.0949245329  -0.0120659206   0.0092119046
        0.0061084142  -0.0000250981   0.0000009821  -0.0000248197   0.0000260205
        0.0000099959  -0.0000091705   0.0000223095   0.0000101686  -0.0000045680
       -0.0000215396   0.0000082906   0.0000048614   0.0032866536   0.0022517992
       -0.0057114368  -0.0000555529   0.0001137944  -0.0000098193   0.0000314081
        0.0000162351   0.0000339302  -0.0000087445   0.0000846193  -0.0002486055
       -0.0138930347  -0.0036645900  -0.0080898999   0.0002804989   0.0009313222
        0.0001573753  -0.0000412347   0.0000960766   0.0000132064   0.0000091183
        0.0000357848  -0.0000205066   0.0000244843  -0.0000092584   0.0000236775
        0.0001869246   0.0000363963  -0.0009618176  -0.0010469673  -0.0032894339
       -0.0003709320  -0.0004597347   0.0000335102  -0.0006880039   0.0000012670
        0.0000580631   0.0005211102  -0.1848288332   0.0000042561  -0.0929705499
       -0.0000910253  -0.0002304793   0.0001814271   0.0004435431   0.0002954528
       -0.0000506949  -0.0000664719   0.0002538514   0.0001222500  -0.0001311000
       -0.0000192115   0.0000741628   0.0100244932   0.0022233938  -0.0016632372
       -0.0007106716   0.0007534974   0.0005807473   0.0000391198   0.0000125250
        0.0000140527  -0.0000091293   0.0000692878   0.0000442632   0.0000348388
       -0.0000542557   0.0000583051  -0.0000034657   0.0000407044   0.0000233939
        0.0000105470   0.0000254747   0.0000392984   0.0001224289  -0.0003602363
        0.0003816899   0.0004873314  -0.0002663126   0.0000944487  -0.0002443024
       -0.0000709213  -0.0000308112  -0.0007446318   0.0002079619   0.0003585738
       -0.0231430411   0.0030205046  -0.0120659206   0.2136158112  -0.0004738305
        0.1123113017   0.0000632906  -0.0000004806   0.0000368794  -0.0001293259
       -0.0000639415   0.0000294051  -0.0000384978   0.0000087120  -0.0000301591
       -0.0000488437  -0.0001270478   0.0000466539   0.0011432837   0.0002556794
        0.0010273295  -0.0000657365  -0.0000593958   0.0000751184  -0.0001359242
        0.0000468879  -0.0000417054  -0.0006550089   0.0002800530   0.0007695680
       -0.0240279691  -0.0037968614  -0.0152257138  -0.0006379183   0.0009774977
        0.0000413107   0.0000578950   0.0000428849   0.0001151241  -0.0000318940
        0.0000370863  -0.0000202235   0.0000057174  -0.0000186802  -0.0000335314
        0.0000834737   0.0006554251  -0.0006888065  -0.0021586172  -0.0046111695
       -0.0001885219  -0.0010724752  -0.0001431123  -0.0006993395   0.0001272663
       -0.0000754828  -0.0002345104   0.0014689472  -0.0424838604  -0.0031430068
       -0.0001848681  -0.0002766419   0.0001963314   0.0001229129  -0.0008288482
       -0.0004304965   0.0001234368  -0.0002849000   0.0004341364  -0.0000113335
       -0.0000443572  -0.0000434667   0.0076973028  -0.0010866858   0.0155023193
        0.0004753514  -0.0000251646  -0.0003251239   0.0000180528  -0.0000120050
       -0.0000036576   0.0000343045   0.0001061730   0.0000478138  -0.0000029483
       -0.0000224978   0.0000281389   0.0000283365   0.0000331049   0.0000017234
        0.0000209526   0.0000058360   0.0000000788  -0.0000453531  -0.0001727674
        0.0002539271   0.0001163276  -0.0000856096   0.0001130622  -0.0003262365
       -0.0000587477  -0.0002095195   0.0001285246   0.0002076370   0.0001268293
        0.0185739029  -0.0004678830   0.0092119046  -0.0004738305   0.0516072821
       -0.0039442395   0.0000282843   0.0000000559   0.0000274943  -0.0001106480
       -0.0000778626  -0.0000209213   0.0000812143   0.0000095602   0.0000222863
       -0.0000765299   0.0000145640   0.0000331875  -0.0004784651   0.0005464156
       -0.0006381291  -0.0000304076  -0.0000699374   0.0000341126   0.0000836509
       -0.0000173734   0.0000292277   0.0003936399   0.0004169254  -0.0003698004
       -0.0064355673  -0.0023458139  -0.0022092785  -0.0002892818   0.0001981241
        0.0000391648   0.0000514734   0.0000443900   0.0000469826  -0.0000049113
        0.0000318403   0.0000086760  -0.0000916900  -0.0000610556   0.0000170513
        0.0003391764   0.0001137009   0.0003858428  -0.0005228709  -0.0011163090
        0.0005900452  -0.0002893446  -0.0000779690  -0.0001581746  -0.0002907643
        0.0000065132   0.0000127552  -0.0931544468  -0.0057672420  -0.1003281272
        0.0000070763  -0.0000248981   0.0000505909  -0.0000191042  -0.0007594648
        0.0003443324  -0.0000000090   0.0001563755   0.0001335569  -0.0001031473
        0.0000608077  -0.0001830052  -0.0191183098   0.0131563106  -0.0422309469
        0.0001676820  -0.0002155123   0.0002417153   0.0000231044  -0.0000020284
       -0.0000155563   0.0000177796   0.0000468070  -0.0000245189   0.0000089470
       -0.0000074254   0.0000245810   0.0000078810   0.0000015393  -0.0000179177
       -0.0000239342  -0.0000273279   0.0000091268  -0.0000126678   0.0000161620
        0.0000582696   0.0000798082   0.0000786866  -0.0000783036   0.0000211889
        0.0001625177  -0.0000028313   0.0002803368   0.0000475509   0.0000742616
        0.0068929994  -0.0001701878   0.0061084142   0.1123113017  -0.0039442395
        0.1379621705   0.0000007047   0.0000101247  -0.0000082000  -0.0000279808
       -0.0000390333  -0.0000016124  -0.0000457472   0.0000089345  -0.0000467936
        0.0000359073   0.0000296153  -0.0000990539  -0.0008398015   0.0000403563
        0.0001620146  -0.0000497950   0.0002154468  -0.0000089947  -0.0000100894
        0.0001325501   0.0000001567   0.0010840959   0.0000001532  -0.0008563936
        0.0002003358   0.0000306044   0.0000628194   0.0000222320  -0.0000106207
       -0.0000351223  -0.0000420781   0.0000504900  -0.0000172369   0.0006072045
       -0.0004347765   0.0006962413  -0.0002276334  -0.0061712953  -0.0039236122
       -0.0010737979   0.0006678745  -0.0014973882   0.0000460013   0.0025793681
        0.0011905806  -0.0147541924   0.0108711571  -0.0252613045   0.0000426787
       -0.0000057017   0.0001372862   0.0000405489   0.0000661914  -0.0000285891
       -0.0808165410   0.0363019032  -0.0881761088   0.0000605143   0.0000223668
       -0.0000214782  -0.0000145212   0.0000235783   0.0000473996  -0.0000432304
       -0.0000034682   0.0000271864   0.0000318012  -0.0000244870   0.0001297123
       -0.0000193921  -0.0000149412   0.0000183540   0.0000025356  -0.0000157204
        0.0000171770  -0.0000555437   0.0000479141  -0.0000268198   0.0001367015
       -0.0001621802   0.0000308937  -0.0000162139   0.0000469171   0.0000435086
       -0.0001995944   0.0001827483  -0.0004378184  -0.0003613512  -0.0004294153
       -0.0001538170   0.0001744201   0.0002157364  -0.0004323197  -0.0006357314
       -0.0001881643   0.0004805165  -0.0000219449   0.0000082680  -0.0000034966
       -0.0000029708   0.0000106192  -0.0000250981   0.0000632906   0.0000282843
        0.0000007047   0.0915246461  -0.0371283685   0.1063688128   0.0053558567
       -0.0065442045   0.0107983079  -0.0000059474  -0.0000112097   0.0000027165
        0.0000098086  -0.0000256010   0.0000198424  -0.0000405512   0.0000075380
       -0.0000227569  -0.0000011982   0.0000076883   0.0000036793   0.0000129595
        0.0000040020  -0.0000040145   0.0000008981  -0.0000030952  -0.0000087580
       -0.0000600845  -0.0000248162  -0.0000765808   0.0000383481   0.0000239761
        0.0000072809   0.0001047578  -0.0000283781  -0.0000393887  -0.0011149873
        0.0006557431  -0.0014580150  -0.0049891789   0.0058836729   0.0038414504
        0.0004820676  -0.0003039940   0.0006284045   0.0016283530  -0.0019010589
       -0.0024519944  -0.0026981891   0.0032192898  -0.0074800151   0.0000353447
        0.0001002593   0.0000011832  -0.0000482914  -0.0000349311   0.0000008791
        0.0369722877  -0.0794464289   0.0921297145  -0.0000086477  -0.0000220353
       -0.0000021976  -0.0000078023  -0.0000182567  -0.0000112515   0.0000183217
        0.0000023917  -0.0000045741   0.0000422929   0.0000268951  -0.0000275881
       -0.0000007378   0.0000068324  -0.0000007064   0.0000121772  -0.0000121861
       -0.0000193960   0.0000506097  -0.0000189991  -0.0000255678  -0.0003797228
        0.0004549389  -0.0000095304  -0.0001026139  -0.0000375944  -0.0000085740
        0.0001430799  -0.0003364913   0.0003302216   0.0001107389   0.0001386900
       -0.0000190347  -0.0002429768  -0.0006382702   0.0001493064   0.0002466764
        0.0005465024  -0.0003630554  -0.0000285280  -0.0000126078  -0.0000100243
        0.0000055670   0.0000060856   0.0000009821  -0.0000004806   0.0000000559
        0.0000101247  -0.0371283685   0.0806173249  -0.1044453869   0.0069210108
       -0.0088625423   0.0193465528   0.0000055436   0.0000036260   0.0000057826
        0.0000062049   0.0000063407   0.0000051455  -0.0000155066   0.0000033056
       -0.0000011326   0.0000013379   0.0000012782  -0.0000058533   0.0000033870
        0.0000002960   0.0000022538  -0.0000019907   0.0000010860   0.0000005852
        0.0001862367   0.0000651741  -0.0001948973   0.0000197298  -0.0000247926
       -0.0000258336   0.0000512245  -0.0000901703  -0.0001265507  -0.0009774373
        0.0005183871  -0.0012797302  -0.0045182396   0.0030516062   0.0043377495
       -0.0001297339   0.0001694583   0.0002192151   0.0026671813  -0.0015964321
       -0.0006730957  -0.0087508152   0.0042097124  -0.0139150768   0.0001107059
       -0.0000963853   0.0000637931   0.0000484243   0.0000774349   0.0000377618
       -0.0892591330   0.0911414437  -0.2192282204   0.0000779699   0.0000087538
        0.0000079261  -0.0000046401  -0.0000122829   0.0000261511  -0.0000320904
       -0.0000309475   0.0000576891  -0.0000003623  -0.0000514192   0.0000854001
       -0.0000138121  -0.0000102255   0.0000202812   0.0000260417   0.0000001629
        0.0000353504  -0.0000571795   0.0000438060   0.0000047939  -0.0002752009
        0.0004037921   0.0000424352   0.0000961873  -0.0001818089  -0.0001080705
        0.0002662014  -0.0002346618   0.0008325320   0.0000492124  -0.0000236665
        0.0000122658  -0.0003280481  -0.0007462141   0.0001261943   0.0000104357
        0.0002326483  -0.0000662063  -0.0000605683   0.0000061676  -0.0000370177
        0.0000026930  -0.0000062639  -0.0000248197   0.0000368794   0.0000274943
       -0.0000082000   0.1063688128  -0.1044453869   0.2418090141  -0.0056028497
        0.0075912960  -0.0120401826  -0.0000184063  -0.0000026076   0.0000002073
        0.0000230394  -0.0000021824   0.0000237273  -0.0000123774   0.0000097993
       -0.0000118057  -0.0000016102   0.0000077035   0.0000086712  -0.0000009580
        0.0000027852  -0.0000062309   0.0000024869  -0.0000121779  -0.0000052203
       -0.0005384742  -0.0009013609   0.0001221785   0.0000210590  -0.0000362933
       -0.0000661926   0.0000011917   0.0000450586  -0.0000487373  -0.0003006424
       -0.0000270924  -0.0004622566  -0.0002249712   0.0016273679   0.0026136805
        0.0001965180  -0.0001945310   0.0004053186  -0.0001670473  -0.0042815442
       -0.0052145969  -0.0181656531  -0.0224767718   0.0124735567  -0.0000154082
        0.0000913964  -0.0001271735  -0.0002326951   0.0001241199  -0.0001911005
       -0.1058238254  -0.1007051220   0.0560970943   0.0000619272   0.0000299894
        0.0000447938  -0.0000323924   0.0000104197   0.0000151568   0.0000797426
        0.0000085496  -0.0000097485  -0.0000486639  -0.0000124287  -0.0000492264
       -0.0000221775   0.0000144166  -0.0000211607   0.0000141288   0.0000010655
       -0.0000283365   0.0000030180  -0.0001281754   0.0000174542  -0.0000191934
        0.0001539451   0.0000556734  -0.0002005684   0.0003034430   0.0000671409
       -0.0000032839  -0.0001669458  -0.0003589475   0.0000661253   0.0000806597
       -0.0000000171  -0.0005955288  -0.0009341521   0.0004435999   0.0004400808
        0.0005755231  -0.0004114580   0.0000483105   0.0000451130   0.0000982135
        0.0000023836   0.0000603821   0.0000260205  -0.0001293259  -0.0001106480
       -0.0000279808   0.0053558567   0.0069210108  -0.0056028497   0.1201406370
        0.1198626398  -0.0598278317   0.0000065854  -0.0000081454  -0.0000095504
       -0.0000132207  -0.0000094260  -0.0000000976   0.0000559253   0.0000217468
       -0.0000066240   0.0000174813  -0.0000026238  -0.0000006394  -0.0000035266
        0.0000049740  -0.0000134400   0.0000256276   0.0000134400  -0.0000019158
       -0.0004523544  -0.0007077066   0.0005746489  -0.0000992079   0.0000299359
       -0.0000525164  -0.0000110946   0.0000184719   0.0000262917   0.0005137545
       -0.0002201659   0.0006107778   0.0028521613  -0.0020595014  -0.0015659354
        0.0000491426   0.0002278989   0.0000627978  -0.0055350027   0.0058548453
        0.0028006540  -0.0097380540  -0.0115015723   0.0042682420   0.0001288229
       -0.0000428057  -0.0001582209  -0.0000630505   0.0001636957  -0.0001312811
       -0.1012975675  -0.1786085206   0.0936163415   0.0000598216   0.0000306561
        0.0000455339  -0.0000228427   0.0000059517   0.0000053184   0.0000462246
       -0.0000036642  -0.0000207895  -0.0000702159  -0.0000443028  -0.0000281328
       -0.0000160344   0.0000109797  -0.0000219121   0.0000095997   0.0000158125
       -0.0000016105  -0.0000943631  -0.0000771750   0.0000527570   0.0001535347
       -0.0002121952  -0.0000273250   0.0000114218   0.0002199660   0.0000046260
       -0.0001491567   0.0003001668  -0.0007885855  -0.0000125585  -0.0000180778
       -0.0000137124   0.0007855686   0.0013645560  -0.0004271651  -0.0003987433
       -0.0008367707   0.0004488510   0.0000128777   0.0000188392   0.0000843459
        0.0000194559   0.0000131664   0.0000099959  -0.0000639415  -0.0000778626
       -0.0000390333  -0.0065442045  -0.0088625423   0.0075912960   0.1198626398
        0.1949619287  -0.1068952840  -0.0000100912  -0.0000037325  -0.0000175118
       -0.0000134567  -0.0000005963  -0.0000055383   0.0000676946   0.0000333849
        0.0000029727   0.0000162046  -0.0000032555   0.0000012606  -0.0000168200
        0.0000032491  -0.0000141789   0.0000198354   0.0000069424   0.0000020220
       -0.0003194462  -0.0002642627   0.0003247320  -0.0000255644   0.0000364682
       -0.0000149579   0.0000342390   0.0000153343   0.0000519999   0.0003676535
       -0.0002511206   0.0005121348   0.0009093127  -0.0027902142  -0.0006696642
       -0.0000629438   0.0001400947  -0.0002743174  -0.0045721527   0.0033405520
        0.0036686026  -0.0041896470  -0.0070879528   0.0040852358   0.0000685806
        0.0000291662   0.0000383524  -0.0001171584  -0.0000640548  -0.0000653855
        0.0572656609   0.0946346344  -0.0950228743  -0.0000205728  -0.0000094444
       -0.0000101465  -0.0000049116  -0.0000051562   0.0000006687  -0.0000168090
        0.0000029294  -0.0000216977   0.0000479049   0.0000345248   0.0000241265
        0.0000006039   0.0000041041   0.0000030855   0.0000132590  -0.0000068673
       -0.0000259965  -0.0000196448   0.0000617406  -0.0000678214   0.0001088731
       -0.0001655021  -0.0000468111   0.0000305920   0.0000007424   0.0001221488
       -0.0000880350  -0.0000026296  -0.0003533515  -0.0000484237  -0.0000815602
        0.0000184498   0.0005016041   0.0007478402  -0.0005249300  -0.0008193275
       -0.0007366037   0.0005924698  -0.0000374073  -0.0000168189  -0.0000047496
        0.0000036648   0.0000024954  -0.0000091705   0.0000294051  -0.0000209213
       -0.0000016124   0.0107983079   0.0193465528  -0.0120401826  -0.0598278317
       -0.1068952840   0.0997188675   0.0000093468   0.0000028800   0.0000016582
       -0.0000023716  -0.0000038781   0.0000000636  -0.0000238629  -0.0000028493
       -0.0000018827   0.0000011174   0.0000023006  -0.0000071851   0.0000074256
       -0.0000009627   0.0000032198  -0.0000014408   0.0000037230  -0.0000030787
        0.0003275261  -0.0002296983   0.0002518108   0.0024302091  -0.0013485901
       -0.0020683889  -0.0001348509  -0.0000038775   0.0000259399  -0.0001763016
       -0.0002200159   0.0001011915   0.0001015979   0.0000598663  -0.0000702670
        0.0001501677  -0.0000423628  -0.0000115909   0.0000296167  -0.0000277707
        0.0000427672   0.0001304926   0.0000472868   0.0000470927  -0.0002315750
        0.0001650627   0.0000914883  -0.0001296026  -0.0000896219  -0.0000622325
       -0.0000103409   0.0000196412  -0.0000049810  -0.0114453327   0.0013789401
       -0.0075652535  -0.2632584760  -0.0109226767  -0.0950131480  -0.0006451184
        0.0001190026  -0.0006495791   0.0001229839   0.0001105757   0.0000534749
        0.0010721203   0.0002468154   0.0027698211  -0.0001034356   0.0000871565
        0.0001207146  -0.0000068901  -0.0000952981   0.0000356806  -0.0000640144
        0.0002223228  -0.0002511706  -0.0001087593   0.0000504679  -0.0001153824
        0.0000291112  -0.0000010382   0.0000033672  -0.0002377925  -0.0001600555
       -0.0002667472   0.0000027522   0.0000203472   0.0000234653   0.0000328738
       -0.0000291227   0.0000180570   0.0000174227  -0.0000011544  -0.0000346091
        0.0000217333  -0.0000003674   0.0000223095  -0.0000384978   0.0000812143
       -0.0000457472  -0.0000059474   0.0000055436  -0.0000184063   0.0000065854
       -0.0000100912   0.0000093468   0.2930277714   0.0134030327   0.1093105383
       -0.0211630540  -0.0024113080  -0.0075468247  -0.0000949354  -0.0000913369
        0.0000022676  -0.0003057941  -0.0001882954   0.0004305265   0.0006384266
       -0.0000895366   0.0003969801   0.0000193276  -0.0000550576  -0.0000325117
       -0.0014618063   0.0000887144  -0.0010888100  -0.0027528881   0.0066712306
        0.0065274263   0.0008191792   0.0003850129   0.0005590232  -0.0001554330
       -0.0001003219  -0.0000649368   0.0000420922   0.0000309225   0.0000008136
        0.0004205332  -0.0001333245   0.0002792904  -0.0003167003   0.0002725641
        0.0000611003  -0.0000077183   0.0000453173  -0.0000306956  -0.0002032762
        0.0001131204  -0.0000629528   0.0000560041  -0.0001014619   0.0000270014
       -0.0000000827  -0.0000069310  -0.0000125713   0.0130479334  -0.0008216229
        0.0063885914  -0.0114062610  -0.0347448983   0.0016679063   0.0011000392
       -0.0000161584   0.0009977301  -0.0000272990   0.0000487402  -0.0000742591
        0.0021152308  -0.0035741945  -0.0018963673   0.0000999633  -0.0001125770
        0.0000557290   0.0001638420   0.0003376682   0.0000279439   0.0001431548
        0.0001480741  -0.0000500974  -0.0000291636   0.0000120607  -0.0000783437
        0.0000205166  -0.0000092761  -0.0000179883  -0.0003013466  -0.0000321532
       -0.0001758545  -0.0001177906  -0.0000073291  -0.0000529485  -0.0000234603
        0.0000161458  -0.0000025474   0.0000317349  -0.0000415533  -0.0000020886
        0.0000000997  -0.0000253432   0.0000101686   0.0000087120   0.0000095602
        0.0000089345  -0.0000112097   0.0000036260  -0.0000026076  -0.0000081454
       -0.0000037325   0.0000028800   0.0134030327   0.0312808739  -0.0096704999
       -0.0143521648   0.0007057766  -0.0039082864   0.0000495574   0.0000100062
       -0.0000077096   0.0004109146   0.0003367315  -0.0005903467  -0.0003339525
       -0.0002484545   0.0006192355  -0.0004238415  -0.0005368133   0.0005561368
       -0.0010263055  -0.0000360885  -0.0009650209  -0.0014036328   0.0067709265
       -0.0004676982   0.0005898881   0.0002855461   0.0004436627   0.0001464762
        0.0001834771  -0.0000126014   0.0000369747   0.0000163818   0.0000012449
        0.0002713414  -0.0001315734  -0.0000546411  -0.0003697691   0.0002975582
        0.0002253240   0.0000831344   0.0000499443   0.0000074955   0.0000364926
       -0.0000580334   0.0000546779  -0.0001118647  -0.0001769654   0.0000020655
        0.0000002451  -0.0000200751   0.0000229156  -0.0261863260   0.0005613369
       -0.0143829867  -0.0929944067   0.0022993338  -0.0791540452  -0.0006903058
        0.0000929391  -0.0005813490   0.0001457889   0.0000444929  -0.0000144019
       -0.0010058290  -0.0029781785  -0.0006495774   0.0001227552  -0.0000729269
       -0.0000579973   0.0001520372   0.0001423417   0.0000600367  -0.0000752790
       -0.0000861853   0.0000547206   0.0000939251  -0.0000299540   0.0000678281
       -0.0000141680  -0.0000070662   0.0000119471  -0.0002797767   0.0001937958
        0.0000284056  -0.0001272384   0.0000198169  -0.0000371535   0.0000496570
       -0.0000030044   0.0000350653   0.0000153326  -0.0000117158  -0.0000301544
        0.0000213220  -0.0000153552  -0.0000045680  -0.0000301591   0.0000222863
       -0.0000467936   0.0000027165   0.0000057826   0.0000002073  -0.0000095504
       -0.0000175118   0.0000016582   0.1093105383  -0.0096704999   0.0905832936
        0.0123175191   0.0018913654   0.0054050862  -0.0001355185  -0.0000216061
        0.0000200384   0.0002630954   0.0002233223  -0.0001650436   0.0010668103
        0.0006795178  -0.0007863897  -0.0002659206  -0.0004434255   0.0003847487
        0.0000002683  -0.0000132790  -0.0000867759   0.0002459846   0.0012271787
        0.0002564579   0.0002714693   0.0000410183  -0.0001194718  -0.0017845798
        0.0001728361  -0.0014345337   0.0000076782   0.0000019783   0.0000616476
       -0.0006946916   0.0004031421   0.0000737470  -0.0001337820   0.0000798066
        0.0000001639  -0.0000804981   0.0000632147  -0.0002088223  -0.0001445976
        0.0000679856   0.0000216384  -0.0000408266  -0.0000040198   0.0000250720
        0.0000185969  -0.0000339003   0.0000474018   0.0025221798   0.0013856694
        0.0000265578  -0.1696292379  -0.0991847303   0.0935210993  -0.0001206359
       -0.0000314038  -0.0000827614   0.0000338261  -0.0000219352  -0.0000053230
        0.0016111917  -0.0022253078  -0.0018902472   0.0001041432   0.0000507442
        0.0001799305  -0.0000950259   0.0000078180   0.0000456110  -0.0016216209
       -0.0016576291  -0.0002841491   0.0000062878  -0.0002055690   0.0001525723
       -0.0001070237  -0.0000180846   0.0000713195  -0.0014745565   0.0017899125
        0.0000950264  -0.0000297475  -0.0000149681  -0.0000096624   0.0000066510
       -0.0000074460   0.0000212778   0.0000224543  -0.0000173488  -0.0000106438
       -0.0000005705  -0.0000014197  -0.0000215396  -0.0000488437  -0.0000765299
        0.0000359073   0.0000098086   0.0000062049   0.0000230394  -0.0000132207
       -0.0000134567  -0.0000023716  -0.0211630540  -0.0143521648   0.0123175191
        0.1914697909   0.1125439675  -0.1028370704  -0.0000632818   0.0000004395
       -0.0000179432   0.0006523932   0.0002063077  -0.0004185801   0.0005024047
        0.0000994757  -0.0000387699  -0.0002393343  -0.0002685068   0.0004926764
        0.0004443962  -0.0000511984   0.0005091070   0.0009421383  -0.0026655072
       -0.0021221795  -0.0003644978  -0.0000523020  -0.0000757901  -0.0010168087
        0.0001389624  -0.0008721415   0.0001943676   0.0000022108   0.0000505047
        0.0006410833  -0.0002531410   0.0003014493   0.0001454571  -0.0001462355
       -0.0000718516   0.0000470606  -0.0000672174  -0.0000368272  -0.0003794626
        0.0003239509  -0.0001138074   0.0000344223  -0.0000540121   0.0000797261
       -0.0000180956   0.0000047643  -0.0000373169  -0.0110713011  -0.0099172513
        0.0081209714  -0.0986931348  -0.1063945475   0.0768653138  -0.0002952148
       -0.0000015611  -0.0002728367   0.0000289491   0.0001096277  -0.0001232349
       -0.0011298670   0.0082259435   0.0071195790   0.0000142605   0.0001265528
        0.0000301110  -0.0001508391  -0.0001590108   0.0000021029  -0.0011062645
        0.0001503422  -0.0001510379  -0.0001548233  -0.0001561799  -0.0000215342
       -0.0000143308  -0.0000037802  -0.0000044239   0.0021974780  -0.0013556079
       -0.0005302460   0.0000347604  -0.0000182696   0.0000347047  -0.0000437062
       -0.0000164693  -0.0000353796   0.0000405674  -0.0001238169   0.0000317268
        0.0000183393  -0.0000030556   0.0000082906  -0.0001270478   0.0000145640
        0.0000296153  -0.0000256010   0.0000063407  -0.0000021824  -0.0000094260
       -0.0000005963  -0.0000038781  -0.0024113080   0.0007057766   0.0018913654
        0.1125439675   0.1117644173  -0.0913193150  -0.0000236894  -0.0000159431
       -0.0000280397  -0.0016711405  -0.0013280565   0.0018027545   0.0002930273
        0.0000692708  -0.0000532087   0.0010862840   0.0011410355  -0.0010020914
        0.0003127671   0.0002016845   0.0000748162   0.0012786127  -0.0020587630
       -0.0001421624  -0.0005373224  -0.0000699973  -0.0005321589  -0.0002619020
        0.0000600469  -0.0002103017  -0.0001747611  -0.0000926623   0.0001648528
       -0.0000929502   0.0002216202  -0.0001361464   0.0001126947  -0.0001167323
       -0.0000192781  -0.0000455210  -0.0000180321  -0.0000620242   0.0003729263
       -0.0003124005  -0.0000400489   0.0000857483   0.0000398058   0.0000470476
        0.0000218969  -0.0000297407   0.0000216845   0.0197702280   0.0144281057
       -0.0166273205   0.0912300381   0.0756309261  -0.1090549515   0.0001494016
       -0.0000782781   0.0002128319  -0.0001072955  -0.0001134776  -0.0000208309
       -0.0025222909   0.0075544258  -0.0005699346   0.0001317238  -0.0001468345
       -0.0004490260   0.0001564895  -0.0000932249   0.0000434815  -0.0009878087
       -0.0007937483   0.0010272523   0.0001038579  -0.0000617092   0.0001514402
        0.0000657954  -0.0000118065  -0.0000006060   0.0002969460  -0.0000192519
        0.0009780499   0.0000747531  -0.0000112790   0.0000215377   0.0000226260
        0.0000154072  -0.0000114085  -0.0000272290  -0.0000159075   0.0000213219
       -0.0000085574  -0.0000172001   0.0000048614   0.0000466539   0.0000331875
       -0.0000990539   0.0000198424   0.0000051455   0.0000237273  -0.0000000976
       -0.0000055383   0.0000000636  -0.0075468247  -0.0039082864   0.0054050862
       -0.1028370704  -0.0913193150   0.1207570316   0.0000852220   0.0000854656
        0.0000920487  -0.0002020108  -0.0000730735   0.0003129191  -0.0004762454
       -0.0001311603   0.0000267135   0.0014896636   0.0012225984  -0.0014115152
        0.0001982651   0.0011735645   0.0003945547  -0.0003144974   0.0001577944
        0.0002237364  -0.0000175393  -0.0000531193  -0.0000091108  -0.0000112891
       -0.0000157419   0.0000530946  -0.0000123531   0.0000239216  -0.0000592630
       -0.0001095694   0.0003344842   0.0005706638   0.0000980417   0.0006320901
       -0.0000944870  -0.0001185244  -0.0001912252   0.0000093765   0.0001867856
       -0.0002181845  -0.0002506477  -0.0082718403   0.0008888664   0.0089304075
        0.0000344928   0.0000444538  -0.0000531910   0.0008555429   0.0000679505
       -0.0001097699  -0.0002652002  -0.0000432498  -0.0000060153   0.0009431098
       -0.0009700294  -0.0003391147  -0.1536240725   0.1628414487   0.1190508308
       -0.0002696620   0.0008593631   0.0003177736  -0.0000329243   0.0000957034
       -0.0000394924  -0.0000188023  -0.0000653102  -0.0000892637  -0.0000070134
        0.0000245257  -0.0000764477   0.0000410572   0.0000107847  -0.0000335627
        0.0000647476   0.0000486226  -0.0000731423   0.0000020500   0.0000040943
       -0.0001350241  -0.0001849973   0.0000492844   0.0002033637  -0.0004019539
       -0.0004995173  -0.0003960015  -0.0000498975   0.0000082134  -0.0000069248
        0.0002519431  -0.0007127427   0.0032866536   0.0011432837  -0.0004784651
       -0.0008398015  -0.0000405512  -0.0000155066  -0.0000123774   0.0000559253
        0.0000676946  -0.0000238629  -0.0000949354   0.0000495574  -0.0001355185
       -0.0000632818  -0.0000236894   0.0000852220   0.1610235248  -0.1636979428
       -0.1293112875  -0.0001484916   0.0003156365   0.0000282849  -0.0001673473
       -0.0000620437  -0.0000284961  -0.0006740259  -0.0006512864  -0.0010311597
       -0.0007038822   0.0013569165   0.0005449269  -0.0000728053   0.0003330894
        0.0018235345  -0.0001572199   0.0000923179  -0.0006655706   0.0000262868
        0.0000314531   0.0000747165  -0.0000334569  -0.0001096157   0.0000464655
        0.0000114441  -0.0000366890   0.0001775573   0.0001641394  -0.0002213990
       -0.0001858325  -0.0002764602  -0.0001019628   0.0000020741   0.0000816566
        0.0000035580  -0.0000359041  -0.0097096714   0.0108300242   0.0028844019
        0.0000321889   0.0000081670  -0.0000206127   0.0005035838  -0.0000188842
        0.0003117835  -0.0000508610  -0.0001801666   0.0000676503   0.0000386562
       -0.0013319729  -0.0012533498   0.1750210594  -0.2068509530  -0.1191078860
       -0.0002343981  -0.0001484171  -0.0002807634  -0.0000096159   0.0000476890
        0.0000489504  -0.0001009787  -0.0000982992   0.0000033834  -0.0000327068
        0.0000050633  -0.0000126597   0.0000600582   0.0000758701  -0.0000133467
        0.0000436950   0.0000410122  -0.0000357523  -0.0000054674   0.0000571871
        0.0000174473  -0.0001726631  -0.0000389768  -0.0000678947  -0.0001790647
        0.0000926671  -0.0000787600  -0.0000349319  -0.0000031957   0.0000315861
       -0.0009703938   0.0007616866   0.0022517992   0.0002556794   0.0005464156
        0.0000403563   0.0000075380   0.0000033056   0.0000097993   0.0000217468
        0.0000333849  -0.0000028493  -0.0000913369   0.0000100062  -0.0000216061
        0.0000004395  -0.0000159431   0.0000854656  -0.1636979428   0.1943741553
        0.1135631280   0.0003909554  -0.0002940078  -0.0000792215  -0.0000451977
       -0.0000131445  -0.0000731978  -0.0000800729   0.0007596583  -0.0000498191
        0.0001104221  -0.0001023255   0.0008643124  -0.0000024028  -0.0004124992
        0.0006172459  -0.0000519147   0.0000956430  -0.0000227660  -0.0000267624
        0.0000230625  -0.0000315350  -0.0000306591   0.0000327580   0.0000475260
        0.0001280041  -0.0004459940  -0.0003014376  -0.0000801579  -0.0000645113
       -0.0000236275   0.0000563241  -0.0000441720   0.0000298440  -0.0001939271
        0.0001945700  -0.0000225271   0.0213885497  -0.0188751837  -0.0224335934
       -0.0000339278  -0.0000168490  -0.0000114368   0.0000482550   0.0006422345
       -0.0007961046  -0.0000458410   0.0000199195  -0.0001103847   0.0002302393
        0.0006744028   0.0005684815   0.1068633494  -0.0958999295  -0.1091640276
        0.0002287181   0.0000423042  -0.0000829610   0.0000085156   0.0000113295
        0.0000407209  -0.0000861614  -0.0000753451  -0.0000117392   0.0000072642
        0.0000309439  -0.0000207848  -0.0000436833  -0.0000382886   0.0000040102
       -0.0000515812  -0.0000492475   0.0000263939   0.0000122246  -0.0000060814
       -0.0000121675  -0.0001027938  -0.0000179699  -0.0000479314  -0.0001228852
       -0.0000998813   0.0000599821   0.0001386349   0.0000087539  -0.0000009380
        0.0017258737   0.0020891603  -0.0057114368   0.0010273295  -0.0006381291
        0.0001620146  -0.0000227569  -0.0000011326  -0.0000118057  -0.0000066240
        0.0000029727  -0.0000018827   0.0000022676  -0.0000077096   0.0000200384
       -0.0000179432  -0.0000280397   0.0000920487  -0.1293112875   0.1135631280
        0.1361927218   0.0000804322  -0.0003380284   0.0001141313   0.0000684397
       -0.0001089325   0.0000240732  -0.0018935344  -0.0001609328  -0.0000444574
        0.0001737349   0.0000206592   0.0000072259   0.0001727073  -0.0003144948
        0.0013179661   0.0000810716   0.0000795419  -0.0000761685   0.0000083999
        0.0000062257  -0.0000096184  -0.0000156487  -0.0000002797  -0.0000270377
       -0.0000814052   0.0000310927   0.0000790228  -0.0000011038  -0.0000039989
       -0.0000156748  -0.0000265904  -0.0000321742   0.0000294327   0.0000550558
       -0.0000263569  -0.0001184496  -0.0000707703   0.0001029274   0.0002173452
        0.0000091314   0.0000035447  -0.0000210712  -0.0035250851   0.0066810785
        0.0219190249  -0.0022208820  -0.0008877313   0.0013006770  -0.0015335713
        0.0001519352  -0.0003961974   0.0000459567  -0.0001315611  -0.0001014063
       -0.0449043273   0.0088695580   0.0176194753   0.0000221833  -0.0001029297
        0.0001193531  -0.0000603390   0.0000049444  -0.0000379481   0.0000409627
        0.0000485727  -0.0000578520   0.0000198026   0.0000190757  -0.0000401162
        0.0000348236   0.0000022173  -0.0000163505   0.0000560196  -0.0000053528
       -0.0000745278   0.0000416123  -0.0000205839   0.0000021894  -0.0000343968
        0.0000000109  -0.0000379420   0.0000035014  -0.0000209152   0.0000146201
        0.0000101367  -0.0000609832  -0.0000555529  -0.0000657365  -0.0000304076
       -0.0000497950  -0.0000011982   0.0000013379  -0.0000016102   0.0000174813
        0.0000162046   0.0000011174  -0.0003057941   0.0004109146   0.0002630954
        0.0006523932  -0.0016711405  -0.0002020108  -0.0001484916   0.0003909554
        0.0000804322   0.0509632747  -0.0076288325  -0.0212741136   0.0001088077
       -0.0104646583  -0.0269721587   0.0004782836   0.0045616037   0.0066146242
        0.0000876535  -0.0000205332   0.0000614574   0.0000443726   0.0001357058
        0.0001205298   0.0000058743   0.0000571326   0.0000847933  -0.0000104896
       -0.0000660465   0.0000166595   0.0000203062  -0.0000135719   0.0000010883
       -0.0000762821   0.0000058069   0.0000030666   0.0000338679   0.0000165415
       -0.0000023735  -0.0000158693   0.0000181856  -0.0000153638   0.0000008799
       -0.0000227474   0.0000047039   0.0001360982  -0.0000100552  -0.0004397042
       -0.0000053752  -0.0000096373   0.0000040079  -0.0027892757   0.0047551545
        0.0138817310  -0.0016475677  -0.0005972581   0.0008469071   0.0003846373
        0.0003665232   0.0001771141  -0.0001304557   0.0000562645   0.0001622382
        0.0081805422  -0.0735054803  -0.0830740136  -0.0000400384  -0.0001139856
        0.0000835323   0.0000003487   0.0000018129   0.0000172845   0.0000173602
        0.0000144994  -0.0000075244  -0.0000144120   0.0000054410  -0.0000025637
        0.0000124909  -0.0000117196  -0.0000051112   0.0000172292  -0.0000216775
        0.0000023802   0.0000088777  -0.0000077374  -0.0000030546   0.0000230855
        0.0000251036   0.0000357510  -0.0000111946   0.0000089721  -0.0000009919
        0.0000279067  -0.0000168622   0.0001137944  -0.0000593958  -0.0000699374
        0.0002154468   0.0000076883   0.0000012782   0.0000077035  -0.0000026238
       -0.0000032555   0.0000023006  -0.0001882954   0.0003367315   0.0002233223
        0.0002063077  -0.0013280565  -0.0000730735   0.0003156365  -0.0002940078
       -0.0003380284  -0.0076288325   0.0861326350   0.0960780075  -0.0002601202
        0.0019324322   0.0030241564   0.0033490647  -0.0177576513  -0.0312061736
       -0.0000628453  -0.0001001531   0.0000667370  -0.0012811009   0.0000215735
        0.0002934312  -0.0001455830  -0.0002389775   0.0000342755  -0.0000085108
        0.0000133561   0.0000811573   0.0000216613  -0.0000059358   0.0000368704
       -0.0000642979   0.0000053196   0.0000082540  -0.0000273131   0.0000417097
        0.0000217188  -0.0000141743  -0.0000093952  -0.0000118937  -0.0000071941
       -0.0000019681   0.0000707826  -0.0000659137  -0.0000820614  -0.0001743497
       -0.0000090464   0.0000034326   0.0000187805   0.0065049762  -0.0013828995
       -0.0211912278   0.0026859757   0.0003101675  -0.0005213067   0.0002272329
       -0.0002017161   0.0007267517   0.0000657113  -0.0000440427   0.0000840313
        0.0156469651  -0.0854876912  -0.2398442543   0.0000469380   0.0002199936
       -0.0000873498   0.0000084987  -0.0000119740   0.0000399843  -0.0000526325
       -0.0000421436  -0.0000092449   0.0000069429   0.0000154809   0.0000329096
       -0.0000267245   0.0000082286  -0.0000038179  -0.0000719385  -0.0000011045
        0.0000411658  -0.0000264240   0.0000051207  -0.0000164712   0.0000290260
        0.0000040904   0.0000560559  -0.0000302731   0.0000334119   0.0000037944
       -0.0000398322   0.0000589123  -0.0000098193   0.0000751184   0.0000341126
       -0.0000089947   0.0000036793  -0.0000058533   0.0000086712  -0.0000006394
        0.0000012606  -0.0000071851   0.0004305265  -0.0005903467  -0.0001650436
       -0.0004185801   0.0018027545   0.0003129191   0.0000282849  -0.0000792215
        0.0001141313  -0.0212741136   0.0960780075   0.2798920016  -0.0022295106
       -0.0074030635  -0.0190663111   0.0000751107  -0.0029683852  -0.0008271538
       -0.0003650615  -0.0002531560  -0.0002220359  -0.0032440838  -0.0026155369
        0.0021294380  -0.0009180211   0.0001508781  -0.0002443968  -0.0000699574
       -0.0000692325  -0.0000842910   0.0000465207   0.0000132653  -0.0000158973
       -0.0000210680   0.0000549255  -0.0002308562  -0.0000929311   0.0001000148
        0.0001153573   0.0001167651   0.0000610634  -0.0000033432  -0.0000115966
       -0.0000459880   0.0001049821  -0.0000401435  -0.0000065761  -0.0002204211
       -0.0000082873  -0.0000070443   0.0000183815  -0.0256583590   0.0003544247
       -0.0096557603   0.0009768138   0.0010068483  -0.0013732762   0.0000393140
       -0.0001436665   0.0005397845   0.0000587614   0.0000147121   0.0001157270
       -0.2233070158   0.0272389181  -0.1010048952   0.0000121520   0.0000444255
       -0.0000116049  -0.0000357133  -0.0001864731  -0.0000331087  -0.0000135777
       -0.0000086887   0.0000193762  -0.0000295623  -0.0000339835   0.0000450474
       -0.0000059413  -0.0000077630   0.0000229290  -0.0000378749  -0.0000141436
        0.0000219582  -0.0000289040   0.0000172161  -0.0000129503   0.0000619997
       -0.0000156933   0.0000501454   0.0000064894   0.0000229734  -0.0000449637
        0.0000436314  -0.0000257813   0.0000314081  -0.0001359242   0.0000836509
       -0.0000100894   0.0000129595   0.0000033870  -0.0000009580  -0.0000035266
       -0.0000168200   0.0000074256   0.0006384266  -0.0003339525   0.0010668103
        0.0005024047   0.0002930273  -0.0004762454  -0.0001673473  -0.0000451977
        0.0000684397   0.0001088077  -0.0002601202  -0.0022295106   0.2600063777
       -0.0297624451   0.1172536193  -0.0084365271   0.0043925317  -0.0057362255
       -0.0005227896  -0.0001026503  -0.0000675246  -0.0024903355   0.0000023352
        0.0014823837  -0.0002422045   0.0000190589  -0.0001103277  -0.0000244096
       -0.0000105269   0.0000193101   0.0000155864   0.0000069104   0.0000035398
       -0.0000014206   0.0000594957  -0.0000142943  -0.0000599929   0.0001112786
        0.0000436787   0.0000022387  -0.0000057157  -0.0000161107  -0.0000019647
       -0.0000207245  -0.0000252765   0.0000500157  -0.0000811208  -0.0000625037
        0.0000036066   0.0000043780  -0.0000011548  -0.0119249570   0.0012492147
       -0.0053749110  -0.0011133624  -0.0000855768  -0.0008100536  -0.0000246435
       -0.0001479955   0.0000980218   0.0001091211  -0.0000122691   0.0000164821
        0.0278150627  -0.0481219508   0.0146010129   0.0000095639   0.0000361889
       -0.0000286896   0.0000058867  -0.0000397693  -0.0000133069  -0.0000056426
        0.0000125190  -0.0000110762   0.0000050262   0.0000051555   0.0000008568
        0.0000090353   0.0000000083  -0.0000068941   0.0000031814   0.0000035681
       -0.0000254722  -0.0000388922   0.0000063308  -0.0000074269   0.0000060621
       -0.0000222329  -0.0000114304   0.0000113688   0.0000011928   0.0000116423
        0.0000197623  -0.0000148755   0.0000162351   0.0000468879  -0.0000173734
        0.0001325501   0.0000040020   0.0000002960   0.0000027852   0.0000049740
        0.0000032491  -0.0000009627  -0.0000895366  -0.0002484545   0.0006795178
        0.0000994757   0.0000692708  -0.0001311603  -0.0000620437  -0.0000131445
       -0.0001089325  -0.0104646583   0.0019324322  -0.0074030635  -0.0297624451
        0.0530453509  -0.0193541299   0.0286084414  -0.0076238534   0.0164766855
       -0.0000156141  -0.0000552057   0.0000903995   0.0014010955   0.0015476336
       -0.0005267326   0.0004003445   0.0000895721   0.0003512035  -0.0000021573
       -0.0000026813  -0.0000033767   0.0000054683   0.0000076569  -0.0000041095
        0.0000443035  -0.0000009020  -0.0000574791   0.0000208854  -0.0000465420
        0.0000137412   0.0000275244   0.0000297133  -0.0000071591  -0.0000561493
        0.0000186299   0.0000857185   0.0000667043  -0.0000773493  -0.0000194733
       -0.0000012287  -0.0000083362   0.0000063910   0.0097765217  -0.0018546172
        0.0060404066   0.0022339655   0.0002026896   0.0004689867   0.0000611462
       -0.0000101063   0.0001594495   0.0000171829   0.0000760811  -0.0000797834
       -0.1010939959   0.0142660266  -0.1013875400  -0.0000121833  -0.0000470106
       -0.0000363600   0.0001108615   0.0001066070   0.0000440206  -0.0000067413
       -0.0000155404   0.0000388609  -0.0000143821  -0.0000202643  -0.0000018583
       -0.0000148048  -0.0000100268   0.0000150056  -0.0000175434   0.0000033045
        0.0000514148   0.0000012445   0.0000044879   0.0000021215   0.0000263353
        0.0000057589   0.0000046141   0.0000086673  -0.0000011313  -0.0000214593
        0.0000042669   0.0000116456   0.0000339302  -0.0000417054   0.0000292277
        0.0000001567  -0.0000040145   0.0000022538  -0.0000062309  -0.0000134400
       -0.0000141789   0.0000032198   0.0003969801   0.0006192355  -0.0007863897
       -0.0000387699  -0.0000532087   0.0000267135  -0.0000284961  -0.0000731978
        0.0000240732  -0.0269721587   0.0030241564  -0.0190663111   0.1172536193
       -0.0193541299   0.1157168402  -0.0035237322   0.0015997481  -0.0011730044
       -0.0001507438  -0.0002007868   0.0000209372  -0.0000531653   0.0002230709
        0.0004637245   0.0000511993  -0.0000047882  -0.0000657680  -0.0000140544
        0.0000033474   0.0000210445   0.0000266124   0.0000288159  -0.0000389938
        0.0000514044   0.0000422570   0.0001521109  -0.0000021581   0.0001172126
       -0.0000178540  -0.0000053954  -0.0000411127   0.0000239773   0.0000264536
        0.0000513393  -0.0001332128  -0.0013133257   0.0000068582   0.0005149466
        0.0000206870   0.0000329595  -0.0000151393   0.0039569105  -0.0220170609
        0.0025489965  -0.0016307258  -0.0014816779   0.0009715654  -0.0000323573
       -0.0001924655  -0.0002667539  -0.0010466554   0.0010568107   0.0001976484
       -0.0499076432   0.0414727719  -0.0046985895   0.0000044052   0.0000734523
        0.0000061373   0.0000108108   0.0000495585   0.0000039098   0.0000314144
        0.0000366636  -0.0000428587   0.0000282932   0.0000291591  -0.0000169492
        0.0000434835   0.0000247917  -0.0000137361   0.0000343615  -0.0000453237
       -0.0000639619  -0.0000208215   0.0000141061   0.0000083764   0.0000052017
       -0.0000278715  -0.0000285496  -0.0000195202  -0.0000141353   0.0000864553
        0.0001988256  -0.0000412012  -0.0000087445  -0.0006550089   0.0003936399
        0.0010840959   0.0000008981  -0.0000019907   0.0000024869   0.0000256276
        0.0000198354  -0.0000014408   0.0000193276  -0.0004238415  -0.0002659206
       -0.0002393343   0.0010862840   0.0014896636  -0.0006740259  -0.0000800729
       -0.0018935344   0.0004782836   0.0033490647   0.0000751107  -0.0084365271
        0.0286084414  -0.0035237322   0.0591872623  -0.0521481113   0.0034245525
       -0.0003520016  -0.0002304415   0.0000120547   0.0003244709   0.0005517157
        0.0003186593   0.0001281567   0.0000451696  -0.0001196456  -0.0000013883
        0.0000569210  -0.0000200939   0.0000003617   0.0000300915   0.0000009573
        0.0000520483   0.0000035730   0.0000548914   0.0000394780   0.0000592104
        0.0000046149  -0.0000094419  -0.0000176576   0.0000043850  -0.0000129210
        0.0000519926  -0.0000801579   0.0004786345  -0.0001473906  -0.0000680605
        0.0000214667   0.0000258410   0.0000014253  -0.0014459222  -0.0181427004
        0.0067705859  -0.0019789328  -0.0009409320  -0.0001813886  -0.0003556643
       -0.0002384758  -0.0005104911   0.0013733591  -0.0006200854  -0.0002573801
        0.0452764003  -0.2686498277   0.0143499018   0.0000644457   0.0000986798
        0.0000225973   0.0000004497   0.0000535986  -0.0000336809   0.0000531276
        0.0000185587  -0.0000387352   0.0000355787   0.0000091922  -0.0000299251
        0.0000272467   0.0000100510   0.0000061398   0.0000111148  -0.0000928128
       -0.0000098384   0.0000014006   0.0000139731   0.0000069301  -0.0000167791
       -0.0000393137  -0.0000518001  -0.0000061571   0.0000009004   0.0000598440
        0.0001698972  -0.0001161104   0.0000846193   0.0002800530   0.0004169254
        0.0000001532  -0.0000030952   0.0000010860  -0.0000121779   0.0000134400
        0.0000069424   0.0000037230  -0.0000550576  -0.0005368133  -0.0004434255
       -0.0002685068   0.0011410355   0.0012225984  -0.0006512864   0.0007596583
       -0.0001609328   0.0045616037  -0.0177576513  -0.0029683852   0.0043925317
       -0.0076238534   0.0015997481  -0.0521481113   0.3117989500  -0.0195377102
       -0.0000668198   0.0001239711  -0.0001128470  -0.0004630402  -0.0001418573
        0.0002151847   0.0000916084   0.0000533127  -0.0000047524   0.0000064340
        0.0000270197   0.0000195931  -0.0000104843   0.0000006840   0.0000072785
        0.0000299013   0.0000375714   0.0000084565  -0.0000569501  -0.0000539722
        0.0000252692  -0.0000335681  -0.0000289517  -0.0000104297   0.0000121053
       -0.0000446167  -0.0000122561   0.0004881301  -0.0001176921   0.0009049520
       -0.0000006159  -0.0000049412  -0.0000042564  -0.0002084084   0.0175162027
       -0.0038341891   0.0020793632   0.0012590653  -0.0004274486  -0.0002500414
       -0.0003098764  -0.0000939757  -0.0002788670   0.0004701584  -0.0001572508
       -0.0056760294   0.0162837657  -0.0395307519   0.0000084846   0.0000099709
       -0.0000506877   0.0000108529  -0.0000292129  -0.0000110726  -0.0000333213
       -0.0000074281   0.0000012412  -0.0000000693  -0.0000061718  -0.0000031469
       -0.0000166245  -0.0000034044  -0.0000112851  -0.0000258213   0.0000791191
       -0.0000304736  -0.0000046010  -0.0000013700   0.0000041243  -0.0000270091
       -0.0000205811  -0.0000409220   0.0000433432  -0.0000081342  -0.0000296917
       -0.0001088024   0.0000475342  -0.0002486055   0.0007695680  -0.0003698004
       -0.0008563936  -0.0000087580   0.0000005852  -0.0000052203  -0.0000019158
        0.0000020220  -0.0000030787  -0.0000325117   0.0005561368   0.0003847487
        0.0004926764  -0.0010020914  -0.0014115152  -0.0010311597  -0.0000498191
       -0.0000444574   0.0066146242  -0.0312061736  -0.0008271538  -0.0057362255
        0.0164766855  -0.0011730044   0.0034245525  -0.0195377102   0.0473640181
