$hessian                                                                        
        0.4895472448  -0.0279696981  -0.0163857156  -0.0708407337  -0.0270333734
        0.0229914970   0.0060077845   0.0116911783  -0.0079163154   0.0014126642
       -0.0012402305   0.0004853853  -0.0209645067   0.0092180462   0.0133599601
       -0.0791659324   0.0103414463   0.0426369993  -0.1253319709  -0.0271086397
       -0.0397349940  -0.0305927735   0.0022491125  -0.0046496004   0.0091184984
       -0.0049984995  -0.0168664108  -0.1085105629   0.0528892002  -0.0167890401
       -0.0027297665   0.0021060876   0.0014064967  -0.0161416159  -0.0166089731
        0.0099549993   0.0000302849  -0.0011739066  -0.0013137622  -0.0032000486
       -0.0069668547   0.0078717323  -0.0096814978   0.0145452715   0.0090500461
       -0.0006055056  -0.0001165631   0.0002556622  -0.0020948782   0.0034515485
       -0.0010314360  -0.0003455232   0.0003136084  -0.0004441810   0.0000407183
        0.0001379209   0.0000688826   0.0000343940  -0.0001961077  -0.0000578819
       -0.0037674863   0.0027443367  -0.0015517757  -0.0066801454   0.0004666402
        0.0120911250   0.0012224460   0.0002070714  -0.0003630931  -0.0086884426
       -0.0061614354  -0.0034735514  -0.0015398342  -0.0019765414  -0.0031004029
        0.0047246277  -0.0066083201   0.0017155067  -0.0210864141   0.0176320577
       -0.0068151785   0.0001436262   0.0000824846   0.0001897782  -0.0008457213
        0.0003366952  -0.0004294194  -0.0002871081   0.0015654424  -0.0015466945
       -0.0001850806  -0.0003963950   0.0007435890   0.0009731326  -0.0014585996
        0.0001544759   0.0000056265   0.0001239541  -0.0000800571   0.0001045498
        0.0000127048  -0.0001095410  -0.0000800493  -0.0001006699  -0.0003170846
       -0.0279696981   0.4535160990  -0.0101994916  -0.0216051150  -0.1070550771
        0.0376777951  -0.0020789169  -0.0243457826   0.0133627666  -0.0017085927
        0.0022521330   0.0001016513   0.0197062871  -0.0080639607  -0.0143058451
        0.0111883743  -0.0680554875  -0.0194491779  -0.0285156507  -0.0729871588
       -0.0164004438   0.0118004393   0.0042562719   0.0035987235   0.0048526960
       -0.0046109729  -0.0146838981   0.0476667401  -0.1195231978   0.0170262658
        0.0020654421  -0.0016933917  -0.0013778262  -0.0151687528  -0.0085402963
        0.0016776428   0.0021280830  -0.0020711769   0.0004859729   0.0003363834
        0.0036463729  -0.0011250762   0.0140096423  -0.0138192154  -0.0104731296
       -0.0001298162   0.0000237598   0.0002047732   0.0027437120  -0.0033898211
        0.0011461301  -0.0000814212   0.0002340656  -0.0000243608  -0.0000611227
       -0.0002081252  -0.0002173221  -0.0002920767   0.0001839696   0.0001848583
        0.0038623769  -0.0024308719   0.0003047887  -0.0121079586   0.0025885726
        0.0192776002   0.0005084651   0.0001871495  -0.0002841565  -0.0234240061
       -0.0115047926  -0.0115598661  -0.0009970359  -0.0009072420  -0.0026261676
        0.0141054459  -0.0239052225   0.0094068432  -0.0025414966   0.0060337540
       -0.0008589743   0.0000315255  -0.0000113554  -0.0000433590   0.0009154477
       -0.0003681531   0.0002518517   0.0002195360   0.0004100616  -0.0004156351
        0.0000730697  -0.0001480285   0.0000103490   0.0002988147   0.0002893473
       -0.0002544213   0.0000133726  -0.0000798047   0.0000146416  -0.0000090536
        0.0000844631  -0.0002649969   0.0001648601   0.0000131148  -0.0001685058
       -0.0163857156  -0.0101994916   0.4524049960   0.0157098938   0.0303863607
       -0.0848049604  -0.0009730259   0.0064267094  -0.0018404209   0.0004144998
       -0.0000519299   0.0000012040   0.0078228936  -0.0054317452   0.0003846162
        0.0429941381  -0.0184104879  -0.1343625684  -0.0421559630  -0.0167857155
       -0.0893380800  -0.0018262594   0.0038312686   0.0029644917   0.0028257558
       -0.0089894208  -0.0210959214  -0.0170523972   0.0181550119  -0.0605839749
        0.0009856589  -0.0010496863  -0.0003513225   0.0017627755  -0.0059713253
        0.0076822688  -0.0006543316   0.0005237998   0.0002005917   0.0122484721
        0.0210855644  -0.0232869507   0.0245229295  -0.0270714044  -0.0088267679
       -0.0007347305   0.0000629400  -0.0008784718  -0.0005436215  -0.0002291262
        0.0001148365  -0.0001528500  -0.0000788924  -0.0001586698  -0.0000342523
       -0.0000341639  -0.0000926967   0.0000409426   0.0001355879  -0.0001503728
       -0.0010855867  -0.0003718380  -0.0001344382   0.0110363362  -0.0000398106
       -0.0170624912  -0.0226274315  -0.0073230158  -0.0157245457   0.0040198960
        0.0017404980   0.0026951364  -0.0013720126  -0.0015405546  -0.0017633823
       -0.0087267998   0.0129831373  -0.0040913688  -0.0103406755   0.0096724966
       -0.0022414534   0.0000206891   0.0000002049  -0.0001147512   0.0002145385
       -0.0003608198   0.0003153768  -0.0003093417   0.0004383428  -0.0005017856
        0.0001348504  -0.0002374396   0.0001247125   0.0004445875  -0.0008669032
        0.0008075271   0.0000575364  -0.0000214250   0.0001786023  -0.0001835740
       -0.0002133856  -0.0001604720  -0.0000978250  -0.0001633408  -0.0003084934
       -0.0708407337  -0.0216051150   0.0157098938   0.4692806810  -0.0187397749
       -0.0050909462  -0.1139383573   0.0545181117  -0.0127101416  -0.0133912619
        0.0119253745   0.0034869806   0.0013311204   0.0001998268  -0.0012380903
       -0.0053243821  -0.0069168536   0.0069543822  -0.0150333970  -0.0206320443
        0.0075067188   0.0001537228  -0.0003466320  -0.0003503723   0.0004569180
        0.0000886934  -0.0003505368   0.0068281260   0.0106850864  -0.0070040671
       -0.0002556849   0.0001941307  -0.0000783172  -0.1508830962  -0.0350691879
       -0.0325268909  -0.0404332426  -0.0029718087  -0.0052245568  -0.0460512830
        0.0174351751   0.0373575077   0.0004024669   0.0002182954   0.0001958527
       -0.0023809632  -0.0030086406  -0.0041939314   0.0068195736  -0.0063524872
        0.0010599019  -0.0183687051   0.0164352469  -0.0057346226   0.0004105253
       -0.0002222858  -0.0000879869  -0.0011974459   0.0009629134   0.0026907728
        0.0002098924   0.0001057723  -0.0001224362  -0.0007326232   0.0002802156
        0.0016417609   0.0008166351  -0.0002500065   0.0010439262  -0.0038606366
       -0.0018878294  -0.0010734785  -0.0000638891  -0.0000255225  -0.0000642211
       -0.0020266181   0.0034481949  -0.0013249228  -0.0000600628  -0.0000154342
       -0.0001603861   0.0000228828  -0.0000437432   0.0000250438  -0.0000034107
        0.0000698040  -0.0000214268  -0.0030795863   0.0022055334   0.0001589686
        0.0005351581  -0.0018238907  -0.0004411430  -0.0001745128   0.0000059380
       -0.0001080081   0.0001902622   0.0006784756   0.0002435777   0.0000908389
       -0.0001511119  -0.0000602213   0.0005510890   0.0006055803  -0.0001085838
       -0.0270333734  -0.1070550771   0.0303863607  -0.0187397749   0.4347205031
        0.0421535462   0.0571567180  -0.1229831465   0.0108068415   0.0088600819
       -0.0068016450  -0.0044220655  -0.0005816477  -0.0001366349   0.0006433927
        0.0000579928   0.0051481765   0.0018957137  -0.0111802700  -0.0127328015
        0.0035052272   0.0003575985  -0.0003301897   0.0000551798  -0.0001591629
       -0.0000500407   0.0002223485  -0.0033310750  -0.0231605659   0.0108733956
       -0.0001106286   0.0000508857  -0.0000356789  -0.0296138217  -0.0755293316
       -0.0159984498   0.0054627266   0.0054576804   0.0028178308   0.0158592989
       -0.0688806539  -0.0739007508  -0.0005407594   0.0004603978   0.0009466149
       -0.0162897873  -0.0067619936  -0.0064366729   0.0165666262  -0.0228736662
        0.0051599718  -0.0009785107   0.0029687357  -0.0013186105   0.0000352397
        0.0000580245  -0.0001578159   0.0001583790   0.0003955765  -0.0009174492
       -0.0000145357  -0.0001107618   0.0000170806   0.0011617684   0.0004480474
       -0.0021864906   0.0003271944   0.0000795873   0.0012337905  -0.0022010046
       -0.0006550194  -0.0004155014   0.0000082648   0.0000537988  -0.0000429482
        0.0020194473  -0.0035221330   0.0010908022  -0.0012479507   0.0006608855
       -0.0002243665   0.0000111549   0.0000352216   0.0000104333   0.0000159586
        0.0000528187  -0.0000471543   0.0033209514   0.0048323924  -0.0064918757
        0.0011532441  -0.0015039956   0.0030321536   0.0000735938   0.0000445022
        0.0001629288   0.0002251319   0.0002208854   0.0007128419  -0.0003567531
        0.0002031111   0.0000804431  -0.0004523155  -0.0028035741  -0.0032110670
        0.0229914970   0.0376777951  -0.0848049604  -0.0050909462   0.0421535462
        0.4739549942  -0.0078664783   0.0055822533  -0.0669211863   0.0159482108
       -0.0155797987   0.0028973464  -0.0014970926   0.0005146322   0.0016083111
        0.0131352110   0.0174032305  -0.0166538305  -0.0033019467  -0.0071072876
        0.0038146291   0.0001208395  -0.0002479428  -0.0001863095  -0.0005487258
        0.0002121218   0.0014081927  -0.0008321039   0.0068383600  -0.0015149726
       -0.0000225905   0.0001025261   0.0000316067  -0.0434537332  -0.0180342498
       -0.0776790240   0.0034854156   0.0016930631   0.0017665169   0.0371793114
       -0.0738631392  -0.2233243133   0.0004330689  -0.0004438882  -0.0008740396
       -0.0145532150  -0.0075205389  -0.0053663725  -0.0058302426   0.0076813707
       -0.0008108994  -0.0150171884   0.0145014947  -0.0042872879  -0.0000615711
       -0.0000817312   0.0004715929   0.0036695891  -0.0016492554  -0.0034936269
       -0.0002682653  -0.0001052025   0.0001274217   0.0028037404  -0.0006905275
       -0.0040357583  -0.0014036866  -0.0011709858   0.0006367115  -0.0025447130
       -0.0015684421  -0.0007277851  -0.0001360295   0.0000253636   0.0003141245
       -0.0001478253   0.0004284821   0.0003372096   0.0003209272  -0.0001121925
        0.0001840373  -0.0000085555  -0.0000066991  -0.0000057584  -0.0000912951
        0.0000065113  -0.0000003038   0.0020214257  -0.0056883245   0.0059215890
        0.0014480669   0.0019424012  -0.0018788288  -0.0002167564  -0.0002136521
        0.0000479353  -0.0003643282   0.0002261376  -0.0000150212   0.0000596322
        0.0002483512   0.0003770858  -0.0003596465  -0.0031537827  -0.0013190261
        0.0060077845  -0.0020789169  -0.0009730259  -0.1139383573   0.0571567180
       -0.0078664783   0.4862101546   0.0469236502   0.0129244966  -0.1012796204
        0.0122483515   0.0520049440  -0.0098422891  -0.0036532187   0.0133292807
       -0.0000503851   0.0005227750  -0.0004944744  -0.0001161873  -0.0000694912
        0.0001131040  -0.0008378718  -0.0008883394   0.0012910041   0.0001038376
        0.0001370368   0.0000385649  -0.0005625149  -0.0014828326   0.0013277832
        0.0002260854   0.0000531249   0.0001645789  -0.0227402896   0.0155595847
       -0.0045556608  -0.0030914776  -0.0010898935  -0.0022523876  -0.0081277467
        0.0096205418   0.0000687673   0.0001065079  -0.0001083028  -0.0002658697
        0.0008174572   0.0000718010   0.0009133179  -0.0913107426  -0.0913108107
        0.0295393995  -0.1318464662  -0.0414980355  -0.1055372200   0.0086771488
       -0.0032872902  -0.0118136586  -0.0160195514   0.0070785141   0.0203532860
       -0.0002614837  -0.0024002164   0.0015075950   0.0000340948  -0.0001106826
        0.0000097057   0.0000336477  -0.0003736055  -0.0000190766   0.0000039032
       -0.0000019445   0.0000203031  -0.0001400483  -0.0000061663   0.0000900560
        0.0002743439  -0.0005983617   0.0002620709  -0.0000366413  -0.0000676899
        0.0000752688  -0.0000033811  -0.0000964457   0.0000333212   0.0000040957
       -0.0000041579   0.0000403635  -0.0012115201  -0.0005943196   0.0012404262
        0.0000844966   0.0000436749  -0.0005237358  -0.0000350201  -0.0000171717
        0.0000313089  -0.0011564526  -0.0000957640  -0.0010218618  -0.0000128075
        0.0000407231  -0.0001665974   0.0000372968   0.0003771613   0.0001111005
        0.0116911783  -0.0243457826   0.0064267094   0.0545181117  -0.1229831465
        0.0055822533   0.0469236502   0.4991739046  -0.0028167979   0.0112821285
       -0.0689187422  -0.0183737278  -0.0136469923   0.0022197868   0.0192895825
        0.0005662215   0.0015519295  -0.0016186287   0.0002674887  -0.0002653011
        0.0000727564  -0.0009277174  -0.0000167609   0.0005667427  -0.0000189736
        0.0002258343   0.0002209057  -0.0019870121  -0.0029314549   0.0025105872
        0.0001851643  -0.0002037981   0.0001893808  -0.0003612741   0.0062389518
        0.0016522922  -0.0016465396  -0.0005506567  -0.0002161475   0.0114331211
       -0.0110203047  -0.0006083554  -0.0001413649   0.0004931669  -0.0001541571
        0.0003694166  -0.0006809622   0.0001766318  -0.0914858558  -0.2057565306
        0.0549943934  -0.0414210860  -0.0601787003  -0.0444022921   0.0062813860
       -0.0022816230  -0.0113632343   0.0122185166  -0.0041283087  -0.0153083500
       -0.0026557161  -0.0039865204   0.0031875271   0.0000813170   0.0000407100
       -0.0001569337  -0.0001982712  -0.0004197817   0.0002917474   0.0001634214
        0.0000716322   0.0002295002   0.0001408248  -0.0001136203  -0.0000185520
        0.0007675187  -0.0011743269   0.0003911951  -0.0001257230  -0.0000128572
       -0.0000012228  -0.0000463469  -0.0000660847   0.0001010933  -0.0000576491
        0.0000056703   0.0000002137  -0.0006321954  -0.0001276972   0.0003605934
       -0.0001240309   0.0000669834   0.0000063569   0.0000299042   0.0000066379
        0.0000183316  -0.0012290601  -0.0001199488  -0.0010655475  -0.0000373923
        0.0000150867   0.0000224461  -0.0001761689   0.0001726152  -0.0001872933
       -0.0079163154   0.0133627666  -0.0018404209  -0.0127101416   0.0108068415
       -0.0669211863   0.0129244966  -0.0028167979   0.4852322196   0.0558727092
       -0.0214698760  -0.1560897340   0.0113789820   0.0047057188  -0.0134430460
       -0.0004576985  -0.0010868829   0.0006844103  -0.0000944551   0.0003559774
       -0.0004106329  -0.0002039689  -0.0002285959   0.0008424805   0.0000377319
       -0.0001332340   0.0001076823   0.0013051350   0.0022186163  -0.0012924919
       -0.0000553435   0.0000364917  -0.0002550016  -0.0085846620   0.0075792513
       -0.0013109849  -0.0018651260  -0.0003286487  -0.0003255642   0.0167497918
       -0.0200814565  -0.0001762864  -0.0000055001  -0.0002571119   0.0002371046
        0.0001025977   0.0001713935  -0.0002686140   0.0299996307   0.0555568081
       -0.0606035960  -0.1057341746  -0.0447605199  -0.1635337505   0.0110572633
       -0.0061120961  -0.0229810921  -0.0006680942  -0.0003183099   0.0022107673
        0.0006383732   0.0018619825  -0.0003130784  -0.0000993214  -0.0001300687
        0.0003760890   0.0001118495  -0.0005524044   0.0000843574  -0.0001457508
        0.0001821797  -0.0001262904  -0.0000784153   0.0000739811  -0.0000533947
       -0.0003840607   0.0007342467  -0.0002001839   0.0000044317  -0.0000938717
        0.0000465228  -0.0000174877   0.0000622951  -0.0001792160  -0.0000282251
       -0.0000537381   0.0000751531  -0.0003158719  -0.0000988803   0.0007477683
       -0.0000677470   0.0001221041   0.0000070645  -0.0000052084   0.0001358315
       -0.0000126771  -0.0005562568   0.0000957065  -0.0000093113  -0.0001785375
        0.0001336834  -0.0003076023  -0.0000106304   0.0003266172   0.0000025360
        0.0014126642  -0.0017085927   0.0004144998  -0.0133912619   0.0088600819
        0.0159482108  -0.1012796204   0.0112821285   0.0558727092   0.5011893767
       -0.0216851895   0.0486877882  -0.0770507041  -0.0338516912   0.0189636034
        0.0068504519   0.0173552310  -0.0072715054  -0.0005905948  -0.0002509275
        0.0001466416  -0.0080691767  -0.0166237301  -0.0011314571   0.0008616847
        0.0004001872  -0.0005688388  -0.0001428171  -0.0002134636   0.0001413752
        0.0009853010  -0.0009151261  -0.0004169581  -0.0003839639   0.0002304835
       -0.0000245132  -0.0001125576  -0.0000262005  -0.0000665526  -0.0020802715
        0.0026118741   0.0000977874   0.0000068874   0.0000200973  -0.0000542927
        0.0001794903  -0.0002322121  -0.0002562200  -0.0088402822   0.0007501563
        0.0144410704   0.0079358835  -0.0018253940  -0.0132939534  -0.1177628697
       -0.0563521585  -0.0932966200  -0.1771865540   0.1042118062  -0.0454149711
       -0.0079858508  -0.0169347943   0.0098461980  -0.0029452863   0.0042641355
       -0.0021108834   0.0000242763   0.0000773158   0.0000566385   0.0001047481
       -0.0000803156  -0.0000412704  -0.0002635655   0.0001392591  -0.0000551210
        0.0000539985  -0.0001027853  -0.0000457762   0.0000174648   0.0000167868
        0.0000142978   0.0001183628   0.0010223417  -0.0011098206  -0.0001589226
       -0.0004817393   0.0003981522  -0.0000866990  -0.0000408752   0.0000328839
       -0.0000317796  -0.0000105425  -0.0000605446  -0.0000339408  -0.0000078205
       -0.0000045534  -0.0006001507  -0.0000104607  -0.0000258929  -0.0006533269
       -0.0000020501   0.0000367344  -0.0000903941   0.0001141843   0.0001511541
       -0.0012402305   0.0022521330  -0.0000519299   0.0119253745  -0.0068016450
       -0.0155797987   0.0122483515  -0.0689187422  -0.0214698760  -0.0216851895
        0.4790889799   0.0171033161  -0.0359468797  -0.1470971183   0.0420702723
        0.0023952317  -0.0233601294   0.0116998467  -0.0002388558   0.0006315699
       -0.0006664868  -0.0134537361  -0.0224376466  -0.0040476066  -0.0018525376
       -0.0004342855  -0.0011198707   0.0002783986  -0.0001916296  -0.0000926537
        0.0021916596  -0.0006941020   0.0009683504   0.0000631455  -0.0000907938
       -0.0001378447   0.0002709236   0.0000069110   0.0000801057   0.0034921885
       -0.0031290372  -0.0004479333  -0.0000766658   0.0001386284   0.0001450172
        0.0004302528  -0.0002843054   0.0001682448  -0.0133905289   0.0027394625
        0.0208678906   0.0045053206  -0.0016973205  -0.0106373874  -0.0573513612
       -0.0871279459  -0.0723330793   0.1050978556  -0.1229478785   0.0327087704
       -0.0001394346   0.0011143795   0.0008276592   0.0024058907  -0.0022258354
        0.0009054762   0.0000816149  -0.0000909271  -0.0000949044   0.0000355736
        0.0001363460   0.0000588232   0.0001215620   0.0001376645  -0.0000291977
        0.0000216720   0.0001217288  -0.0000703559  -0.0000410289   0.0000274528
       -0.0000171484   0.0002126541   0.0011014156  -0.0010965901   0.0000182763
       -0.0003772318   0.0004513787   0.0000150744   0.0000468670  -0.0000016072
       -0.0000391910   0.0000388004   0.0000458320   0.0000161156  -0.0000484390
       -0.0000204242  -0.0003476851   0.0001453477   0.0001477855  -0.0001195042
        0.0001750141  -0.0001882334   0.0000956928   0.0000523119  -0.0001458402
        0.0004853853   0.0001016513   0.0000012040   0.0034869806  -0.0044220655
        0.0028973464   0.0520049440  -0.0183737278  -0.1560897340   0.0486877882
        0.0171033161   0.4899804319   0.0146209770   0.0314053447  -0.0774905330
       -0.0003428748   0.0139267760  -0.0055030613  -0.0000306274   0.0004587745
       -0.0013636358  -0.0063609895  -0.0158362103   0.0089853457   0.0004720232
        0.0005991138   0.0003506539   0.0000871323   0.0000184664  -0.0001329698
       -0.0006635217  -0.0009747923  -0.0012734220   0.0000473936   0.0001749993
        0.0000335218   0.0000964363  -0.0001063825  -0.0000938941  -0.0003192497
        0.0008046961   0.0010700873  -0.0000587927   0.0000441662   0.0001350501
        0.0003763540  -0.0001640082  -0.0003901272   0.0075857190  -0.0003182663
       -0.0105147258   0.0118358220  -0.0066040719  -0.0271113163  -0.0949489040
       -0.0728912747  -0.1564256737  -0.0453694680   0.0325778835  -0.0559858635
        0.0105192784   0.0195317164  -0.0102164925  -0.0019119963   0.0019593537
        0.0000867333   0.0002014407  -0.0001082439  -0.0003043544  -0.0001100872
        0.0000957110   0.0000904093   0.0001351260   0.0000661986  -0.0000183077
       -0.0000619621   0.0000090301   0.0000523592   0.0000133417   0.0000005165
        0.0000277573   0.0001409482   0.0013007497  -0.0013830124  -0.0002243294
       -0.0005732863   0.0005185027  -0.0000885266  -0.0000380865   0.0000523096
       -0.0000129693   0.0000352896  -0.0000044085  -0.0000053235  -0.0000060089
       -0.0000386843  -0.0001606637  -0.0000591402   0.0002178558  -0.0002452265
        0.0002335409  -0.0001582051   0.0001184217   0.0000282710  -0.0000011469
       -0.0209645067   0.0197062871   0.0078228936   0.0013311204  -0.0005816477
       -0.0014970926  -0.0098422891  -0.0136469923   0.0113789820  -0.0770507041
       -0.0359468797   0.0146209770   0.4859133605  -0.0232562780  -0.0612734411
       -0.1178670918   0.0499087544  -0.0167541748   0.0020129915   0.0107855511
        0.0072008323  -0.0778182933  -0.0271966038  -0.0344186884  -0.0247520477
        0.0061779151  -0.0158707888  -0.0010510305   0.0001808590   0.0027040456
       -0.0159493780  -0.0165129268  -0.0231060315  -0.0004658544  -0.0001937702
       -0.0000801032   0.0000686467   0.0000632468   0.0000568638   0.0001905701
       -0.0000229448  -0.0001125209  -0.0009824017   0.0010973635   0.0006254589
        0.0001246222   0.0000405057   0.0000364154  -0.0018377248   0.0000596843
        0.0035789761   0.0003391191   0.0001518004  -0.0005964062  -0.0071044944
       -0.0172848132   0.0050492979   0.0064687528   0.0186102306  -0.0076421689
       -0.1420506058   0.0290048496   0.1078771985   0.0042723926  -0.0025834877
        0.0012351862  -0.0014296824   0.0011578502   0.0008094507  -0.0012962545
        0.0016529600   0.0009920995   0.0018319793  -0.0012454628   0.0007478624
        0.0001306008  -0.0000770748   0.0000154217  -0.0000543764   0.0000153258
       -0.0001265049  -0.0032339519   0.0016168173  -0.0033043731   0.0009095333
       -0.0017885694   0.0002274827   0.0000818092  -0.0000000248  -0.0000012967
        0.0000040799   0.0000432855   0.0000071258   0.0000282737   0.0000121139
       -0.0000205679   0.0000449270  -0.0000550546   0.0000174667  -0.0000574656
        0.0000447607  -0.0001745147   0.0000553742   0.0000623697  -0.0000253633
        0.0092180462  -0.0080639607  -0.0054317452   0.0001998268  -0.0001366349
        0.0005146322  -0.0036532187   0.0022197868   0.0047057188  -0.0338516912
       -0.1470971183   0.0314053447  -0.0232562780   0.4586752847   0.0459470552
        0.0506979824  -0.0984563669   0.0205186096   0.0033114776  -0.0121204341
       -0.0176801512  -0.0217915894  -0.1009160893  -0.0552595777  -0.0122717860
        0.0079937903  -0.0054378963   0.0006482085  -0.0001897610  -0.0015814133
       -0.0077199844  -0.0005018039  -0.0044594399   0.0001767273  -0.0000784506
       -0.0000658310   0.0000152281  -0.0000108365  -0.0000237735  -0.0001448334
        0.0000167674   0.0000518971   0.0005763186  -0.0003164125  -0.0003178677
        0.0000339203  -0.0000852090   0.0000829034   0.0006916091   0.0009274306
       -0.0007520209   0.0002086514   0.0003801726  -0.0005474383  -0.0094205888
       -0.0185476166   0.0040769049  -0.0057661226  -0.0212407111   0.0089360800
        0.0290962396  -0.0456521490  -0.0311862753   0.0188608065  -0.0203844879
        0.0087788812   0.0012622182  -0.0018382795  -0.0006811487   0.0008918516
       -0.0008788403  -0.0001899263  -0.0004681209   0.0008920318   0.0001365165
       -0.0000719810   0.0003684902  -0.0001090208  -0.0000511585  -0.0000069563
        0.0000110899   0.0030090687   0.0073382978  -0.0047023099  -0.0003558432
       -0.0024402425   0.0031778547  -0.0000431257   0.0000169231  -0.0000026892
       -0.0000399209   0.0000190779   0.0000392297   0.0000084121  -0.0000421859
        0.0000515013   0.0000611632   0.0001173295  -0.0000626251  -0.0000242742
       -0.0000045177   0.0000912347  -0.0000372393   0.0000436817  -0.0000343036
        0.0133599601  -0.0143058451   0.0003846162  -0.0012380903   0.0006433927
        0.0016083111   0.0133292807   0.0192895825  -0.0134430460   0.0189636034
        0.0420702723  -0.0774905330  -0.0612734411   0.0459470552   0.4960687387
       -0.0132377470   0.0187235896  -0.0669036101   0.0038974189  -0.0169805572
       -0.0122800635  -0.0344956239  -0.0622752082  -0.1377547197  -0.0264846258
        0.0046026941  -0.0129279135   0.0006393779  -0.0008817274  -0.0030473716
       -0.0108896885  -0.0074934147  -0.0117111728   0.0001393667  -0.0000843803
       -0.0001608386  -0.0000328678   0.0000267875  -0.0000140678  -0.0001931986
        0.0000809507   0.0000596755   0.0012586601  -0.0013167392  -0.0007759911
       -0.0001705565   0.0000395299   0.0000935137   0.0028371964  -0.0002847055
       -0.0041160525  -0.0002596200   0.0003329485   0.0007083383  -0.0068439728
       -0.0159474908   0.0068830353   0.0023249217   0.0091733493  -0.0033900273
        0.1078273904  -0.0297628776  -0.1609364032  -0.0104639753   0.0132406921
       -0.0037438791   0.0012165246  -0.0016550409  -0.0009127912   0.0006114931
       -0.0009005885  -0.0014222403  -0.0001395047   0.0005011314   0.0007432698
        0.0000151703  -0.0000777878  -0.0000730960  -0.0000456947  -0.0000363395
       -0.0000403099  -0.0028527535  -0.0053591018   0.0058829577   0.0020461831
        0.0025413499  -0.0013949905  -0.0000225768  -0.0000192881   0.0000000357
       -0.0000195109   0.0000083748   0.0000259126   0.0000579139  -0.0000277695
        0.0000699053   0.0001136417   0.0000554310  -0.0000943475   0.0001095202
        0.0001292905   0.0001255863  -0.0000841751   0.0000024400  -0.0000204312
       -0.0791659324   0.0111883743   0.0429941381  -0.0053243821   0.0000579928
        0.0131352110  -0.0000503851   0.0005662215  -0.0004576985   0.0068504519
        0.0023952317  -0.0003428748  -0.1178670918   0.0506979824  -0.0132377470
        0.4370712984   0.0284947068   0.0126508085   0.0011571896  -0.0046977456
       -0.0166945621  -0.0179415584  -0.0005655130  -0.0197183378  -0.1435542547
       -0.0607472894  -0.0671136337  -0.0085882244   0.0098654578   0.0172035056
       -0.0000012823  -0.0000565866  -0.0010703692  -0.0000120755   0.0003603018
        0.0002284639  -0.0002497651   0.0001396319  -0.0000765801  -0.0005269901
       -0.0016377754   0.0013132095  -0.0039221711   0.0037760941   0.0015640248
        0.0002575789   0.0001870316  -0.0006490911  -0.0001332678  -0.0000494072
        0.0002130649  -0.0000484338  -0.0000986193  -0.0001209798   0.0002405576
       -0.0008645653  -0.0006647879   0.0000177901  -0.0027838801   0.0007743616
       -0.0163121157   0.0106568193  -0.0060156411  -0.0605784421  -0.0494113413
        0.0323444134  -0.0031350523  -0.0008086980  -0.0024971109  -0.0002753568
       -0.0001912057  -0.0007696891   0.0123952984   0.0061267622   0.0064044688
        0.0006355053  -0.0008768048   0.0003944633  -0.0002737680  -0.0001965167
        0.0004690556  -0.0001563733  -0.0001705946   0.0000485719   0.0001111838
       -0.0001842957   0.0000149673  -0.0000150642  -0.0000536192   0.0000037624
        0.0000654557  -0.0000220898  -0.0000085327  -0.0000949492  -0.0001226896
       -0.0004033557  -0.0000608744   0.0000290509   0.0001236492  -0.0004654459
       -0.0009372655  -0.0002540561  -0.0000490531  -0.0000651562   0.0002149078
        0.0103414463  -0.0680554875  -0.0184104879  -0.0069168536   0.0051481765
        0.0174032305   0.0005227750   0.0015519295  -0.0010868829   0.0173552310
       -0.0233601294   0.0139267760   0.0499087544  -0.0984563669   0.0187235896
        0.0284947068   0.4696167086  -0.0116202089  -0.0025274754  -0.0040152770
       -0.0150660545  -0.0068974407   0.0070739065  -0.0043922746  -0.0465698772
       -0.0830076632  -0.0476924087   0.0080224881  -0.0083095584  -0.0163754117
       -0.0005664119  -0.0015974339  -0.0019794131   0.0002968061   0.0010477149
        0.0005889303  -0.0003992977  -0.0001081325  -0.0001889508  -0.0018251309
       -0.0031133473   0.0035575112   0.0047264553  -0.0046815976  -0.0021420804
        0.0003654279  -0.0001153293  -0.0000843341  -0.0000218576   0.0000166979
       -0.0001011540  -0.0000598721  -0.0001278105  -0.0000416522   0.0007761836
       -0.0000114234  -0.0001845421  -0.0016014586  -0.0052223911   0.0027362838
        0.0064585791  -0.0033037158   0.0013855648  -0.0523729842  -0.1703744852
        0.0733765884  -0.0009701623  -0.0008822509  -0.0011586675  -0.0002399955
       -0.0003799177  -0.0007624810  -0.0054441716  -0.0078944079  -0.0080101835
        0.0010408071  -0.0005794027  -0.0014861786  -0.0003122988   0.0005122956
       -0.0003614623  -0.0009458559  -0.0007122388  -0.0000946613   0.0000992627
        0.0001535960  -0.0001727982  -0.0000208544   0.0000437277  -0.0000603208
        0.0000344096  -0.0001547427  -0.0000324669   0.0000721905   0.0001783275
        0.0000964775  -0.0000849678  -0.0002997155   0.0002388428  -0.0008331454
       -0.0005745795  -0.0005416823   0.0000945881  -0.0000056759   0.0000129636
        0.0426369993  -0.0194491779  -0.1343625684   0.0069543822   0.0018957137
       -0.0166538305  -0.0004944744  -0.0016186287   0.0006844103  -0.0072715054
        0.0116998467  -0.0055030613  -0.0167541748   0.0205186096  -0.0669036101
        0.0126508085  -0.0116202089   0.4847368706  -0.0064457713  -0.0084600383
       -0.0246616633  -0.0178991397   0.0043389523  -0.0152061349  -0.0433902679
       -0.0447789534  -0.1160802483   0.0049541971  -0.0051802952  -0.0024133267
       -0.0008877219  -0.0014032955  -0.0022213204   0.0001800087  -0.0000058818
        0.0009583375   0.0001509507  -0.0002255976  -0.0001285848   0.0012164700
        0.0018261218  -0.0016116252  -0.0014886169   0.0022214006   0.0021117746
        0.0002226649   0.0003923294  -0.0009949679   0.0001032303  -0.0002745005
        0.0003276560  -0.0001366866   0.0000968785  -0.0002213731  -0.0004198158
       -0.0011430266   0.0001439953   0.0000324949   0.0019178913  -0.0006849972
        0.0172230938  -0.0108349717   0.0059576145   0.0346361543   0.0764809237
       -0.0824033019  -0.0017021944  -0.0011796577  -0.0019438742   0.0002646597
        0.0005189467   0.0000774207  -0.0214055652  -0.0152444494  -0.0244636413
       -0.0007120616   0.0013639793   0.0006914459  -0.0007222981   0.0003404072
        0.0003269288  -0.0007328825  -0.0006510010   0.0004255228   0.0002719533
        0.0000060581  -0.0002460148  -0.0002352251   0.0000295514  -0.0000453219
        0.0000133349  -0.0000523551   0.0000083572   0.0000478410  -0.0004936618
       -0.0002488906  -0.0000145130   0.0001938692   0.0000433368  -0.0007405166
       -0.0011401182   0.0003931213  -0.0001058123  -0.0000856602   0.0001115643
       -0.1253319709  -0.0285156507  -0.0421559630  -0.0150333970  -0.0111802700
       -0.0033019467  -0.0001161873   0.0002674887  -0.0000944551  -0.0005905948
       -0.0002388558  -0.0000306274   0.0020129915   0.0033114776   0.0038974189
        0.0011571896  -0.0025274754  -0.0064457713   0.4136262049   0.0083872378
       -0.0122544332  -0.1320327418   0.0593165343   0.0359329280   0.0000599644
        0.0007293407   0.0006963585  -0.0225857859  -0.0006107309  -0.0105179490
       -0.0290711220   0.0186259930   0.0085828089   0.0001655423  -0.0018495892
        0.0011281547  -0.0001223902  -0.0000128579   0.0000125691   0.0002365399
        0.0000177239  -0.0015377519  -0.0001182285  -0.0014759319  -0.0025354436
       -0.0003639311  -0.0001323037  -0.0002542228  -0.0000574002   0.0000624021
       -0.0000650485   0.0000722102  -0.0000768163  -0.0000834945  -0.0000544146
       -0.0000639227   0.0000225004   0.0000878486  -0.0000361318  -0.0000365078
       -0.0004863074   0.0006558950  -0.0004727105   0.0002239704   0.0001873072
        0.0006434213  -0.0423554364  -0.0028726612   0.0208911800  -0.0467657371
       -0.0451152478   0.0099660188  -0.0001649262   0.0002450440   0.0001795937
        0.0007100820  -0.0011271511   0.0005147246  -0.0026668414   0.0027299319
       -0.0006561045   0.0011748932  -0.0002966629   0.0020117904  -0.0027415481
        0.0022586483  -0.0034034645  -0.0000415855   0.0001544444  -0.0001674582
        0.0000421884  -0.0000991351   0.0000081933   0.0012163566  -0.0006269264
       -0.0003754303  -0.0000132114  -0.0000004025   0.0000187086  -0.0000527657
       -0.0000051474   0.0000015701  -0.0000194584  -0.0000855981  -0.0001191564
       -0.0271086397  -0.0729871588  -0.0167857155  -0.0206320443  -0.0127328015
       -0.0071072876  -0.0000694912  -0.0002653011   0.0003559774  -0.0002509275
        0.0006315699   0.0004587745   0.0107855511  -0.0121204341  -0.0169805572
       -0.0046977456  -0.0040152770  -0.0084600383   0.0083872378   0.4910597018
        0.0003517236   0.0547163538  -0.1089501602  -0.0307235114   0.0012016325
       -0.0000134981  -0.0012474950   0.0145564338   0.0039224817   0.0099088009
        0.0087963754  -0.0027645438   0.0010965877  -0.0009154031  -0.0028240382
        0.0023084424  -0.0004942124   0.0000079873  -0.0003281072   0.0001320063
        0.0005301685  -0.0009626606   0.0009032304   0.0005701193   0.0006509724
       -0.0003702100  -0.0000548214  -0.0001666761  -0.0002495607   0.0000011116
       -0.0002929345  -0.0007599436  -0.0014488076   0.0000849606  -0.0000341135
        0.0000994720  -0.0000371587   0.0000521130   0.0000934604  -0.0001270728
       -0.0010533438  -0.0017278977  -0.0023329418  -0.0000455485   0.0005173213
        0.0005941135  -0.0028369040  -0.0392199805   0.0187332490  -0.0425334558
       -0.2416378497   0.0528395637  -0.0002399922  -0.0001901601  -0.0003108491
        0.0013750500   0.0007733387   0.0003833610   0.0030710030  -0.0027435031
        0.0008065779  -0.0015073722  -0.0022057010   0.0025903368   0.0010006669
        0.0068885115  -0.0050440796  -0.0001137324   0.0003118820  -0.0002296414
       -0.0000368569  -0.0001063833   0.0001817148  -0.0009370362   0.0006444505
       -0.0001161543  -0.0000382314   0.0000576889  -0.0000020586  -0.0000163267
       -0.0000116599   0.0000224897  -0.0000365622  -0.0000892882  -0.0001127063
       -0.0397349940  -0.0164004438  -0.0893380800   0.0075067188   0.0035052272
        0.0038146291   0.0001131040   0.0000727564  -0.0004106329   0.0001466416
       -0.0006664868  -0.0013636358   0.0072008323  -0.0176801512  -0.0122800635
       -0.0166945621  -0.0150660545  -0.0246616633  -0.0122544332   0.0003517236
        0.5326736519   0.0312872435  -0.0278459377  -0.0788400670   0.0019487478
       -0.0023234701  -0.0061574692  -0.0056928996   0.0000439999  -0.0028969731
       -0.0021381777   0.0043940041   0.0035827066   0.0004302337   0.0015870893
       -0.0011943274   0.0000664919   0.0000349739   0.0001562992   0.0017496917
        0.0012842106   0.0011860311   0.0011750513   0.0002167300   0.0008326522
        0.0002750226   0.0000355583   0.0001536061   0.0000983183   0.0001391741
        0.0001367476   0.0001443675   0.0008171117   0.0003626867  -0.0001669684
       -0.0002159951   0.0001534896  -0.0000873988  -0.0000715779   0.0000882847
       -0.0011841969  -0.0025328327  -0.0025373590  -0.0012360325  -0.0011081294
       -0.0001168459   0.0226417090   0.0181324348  -0.2722035982   0.0097957834
        0.0556072391  -0.0545831193  -0.0007638632  -0.0006549365  -0.0010785268
       -0.0001895278  -0.0004986425   0.0000896545  -0.0004779186   0.0006016375
        0.0004212355   0.0005738021   0.0029325752  -0.0015002436  -0.0039899969
       -0.0046947228   0.0051949964   0.0001695246  -0.0001843698   0.0002012124
        0.0000036692   0.0001010625  -0.0000473311  -0.0008669150  -0.0000834458
        0.0000663503  -0.0000062806   0.0000074137  -0.0000306819   0.0000856505
        0.0000684562   0.0000052963   0.0000715615   0.0000938185   0.0001210879
       -0.0305927735   0.0118004393  -0.0018262594   0.0001537228   0.0003575985
        0.0001208395  -0.0008378718  -0.0009277174  -0.0002039689  -0.0080691767
       -0.0134537361  -0.0063609895  -0.0778182933  -0.0217915894  -0.0344956239
       -0.0179415584  -0.0068974407  -0.0178991397  -0.1320327418   0.0547163538
        0.0312872435   0.8179006490  -0.0542028291   0.1851185528  -0.0048690345
        0.0018015585  -0.0023293549  -0.0039143904  -0.0013207263  -0.0017847636
       -0.5051060542   0.0125732614  -0.1586371946  -0.0005468996  -0.0001929924
       -0.0002855518   0.0001103941   0.0001699798   0.0000904756  -0.0003150847
       -0.0000324933   0.0001344520   0.0007054592  -0.0004896697  -0.0003162807
        0.0000915051   0.0000035928   0.0000448717  -0.0000287856  -0.0000099340
       -0.0001666339   0.0002536901  -0.0009482317   0.0005654687  -0.0009489313
       -0.0024796809  -0.0000577888   0.0003633201   0.0013666134   0.0000139159
        0.0065051102   0.0081299423   0.0138785324   0.0003767035  -0.0003725847
       -0.0002923716  -0.0043501456   0.0055323996   0.0052224866   0.0007419287
        0.0041081568   0.0005097579  -0.0002841843   0.0002283370   0.0000440787
       -0.0000058106  -0.0001287195  -0.0000882611  -0.0008150568   0.0007925029
       -0.0003621758  -0.0121924919  -0.0028221905  -0.0068340957  -0.0264582568
        0.0041039216  -0.0054198599   0.0001642391   0.0000072765   0.0000439797
       -0.0000550771   0.0000157281  -0.0000026882  -0.0002234869   0.0003313789
        0.0002526663  -0.0000199969  -0.0000156698  -0.0000149489  -0.0000406615
       -0.0000102727  -0.0000122327   0.0001000422   0.0000574369   0.0000628622
        0.0022491125   0.0042562719   0.0038312686  -0.0003466320  -0.0003301897
       -0.0002479428  -0.0008883394  -0.0000167609  -0.0002285959  -0.0166237301
       -0.0224376466  -0.0158362103  -0.0271966038  -0.1009160893  -0.0622752082
       -0.0005655130   0.0070739065   0.0043389523   0.0593165343  -0.1089501602
       -0.0278459377  -0.0542028291   0.3126395476   0.1362252189   0.0044250378
       -0.0006983895   0.0020034305   0.0000046313  -0.0002713718  -0.0010592575
        0.0127248043  -0.0535606878  -0.0195734885  -0.0000118668  -0.0001617109
        0.0001327509   0.0000392351  -0.0000456514  -0.0000190704   0.0001891025
        0.0000082479  -0.0001482849   0.0000318043  -0.0000507359  -0.0000535408
       -0.0000198953  -0.0000267777  -0.0000986062   0.0001254305  -0.0001451733
       -0.0004438099  -0.0007568802  -0.0002880804   0.0008941165  -0.0020897259
       -0.0045539960   0.0013606930   0.0002981101   0.0003319301  -0.0003858609
       -0.0013691599  -0.0048346262  -0.0067070142   0.0008222565  -0.0002871268
        0.0009974745   0.0002697210  -0.0002021169  -0.0027519827   0.0230614257
       -0.0225809714  -0.0098117116  -0.0002118759   0.0000729714  -0.0005044127
        0.0000273839  -0.0000177841   0.0000235672  -0.0002610123   0.0002330230
        0.0000405625  -0.0187262882  -0.0017390769  -0.0074798412   0.0196235485
       -0.0021588080   0.0056495108  -0.0000195062   0.0000154460  -0.0000374185
        0.0000448358  -0.0000161471  -0.0000005737   0.0001154110  -0.0002326354
        0.0000367859  -0.0000155535  -0.0000297273  -0.0000132950  -0.0000806853
       -0.0000845960  -0.0000014153   0.0000177119   0.0000056931  -0.0000108526
       -0.0046496004   0.0035987235   0.0029644917  -0.0003503723   0.0000551798
       -0.0001863095   0.0012910041   0.0005667427   0.0008424805  -0.0011314571
       -0.0040476066   0.0089853457  -0.0344186884  -0.0552595777  -0.1377547197
       -0.0197183378  -0.0043922746  -0.0152061349   0.0359329280  -0.0307235114
       -0.0788400670   0.1851185528   0.1362252189   0.3696850293  -0.0024208537
        0.0010744779  -0.0013695282  -0.0017666223  -0.0007541864  -0.0015277739
       -0.1576112328  -0.0196077579  -0.1103072179  -0.0000986433  -0.0000285208
        0.0000401731  -0.0000248404  -0.0000330239  -0.0000376408   0.0001931966
       -0.0000535572  -0.0001389933   0.0003294629  -0.0004055288  -0.0004643580
        0.0002047567  -0.0001278289  -0.0000924904   0.0001011776   0.0000475335
       -0.0003770264   0.0004632296   0.0010674989  -0.0006803741   0.0009410289
        0.0028399377  -0.0005694087   0.0003445737   0.0005483388   0.0002224236
       -0.0071468388  -0.0138510028  -0.0175782012  -0.0002441379  -0.0004894108
       -0.0001525437   0.0219543999  -0.0175871494  -0.0117057363  -0.0039884668
        0.0022305708   0.0030648765  -0.0003320800   0.0002017789  -0.0002929662
        0.0000080311  -0.0000171550   0.0000489390  -0.0006617489   0.0004059606
       -0.0000730660  -0.0241552169  -0.0018341287  -0.0114596216   0.0117378701
        0.0002542360   0.0030036869  -0.0000112765   0.0000255024  -0.0000007306
       -0.0000016957  -0.0000121853  -0.0000058118   0.0002325801   0.0000319435
       -0.0000537713  -0.0000919892  -0.0000344131   0.0000723534  -0.0000845334
        0.0000713385  -0.0000628007   0.0000558403   0.0000138370   0.0000074925
        0.0091184984   0.0048526960   0.0028257558   0.0004569180  -0.0001591629
       -0.0005487258   0.0001038376  -0.0000189736   0.0000377319   0.0008616847
       -0.0018525376   0.0004720232  -0.0247520477  -0.0122717860  -0.0264846258
       -0.1435542547  -0.0465698772  -0.0433902679   0.0000599644   0.0012016325
        0.0019487478  -0.0048690345   0.0044250378  -0.0024208537   0.3433416813
        0.0464157759  -0.0873280718  -0.0002812840   0.0000953738   0.0003607080
       -0.0003891086  -0.0011372110  -0.0015550469  -0.0002995570  -0.0006660071
       -0.0002353480   0.0001282634  -0.0000152617   0.0001093941  -0.0000812305
        0.0001643829  -0.0001398417   0.0002744629  -0.0002009883  -0.0001713002
       -0.0012282493  -0.0021392861   0.0018625729   0.0000032998   0.0001438358
       -0.0001263671  -0.0000386607   0.0000035386   0.0001440371   0.0002496748
        0.0001285074   0.0003719040  -0.0001217830  -0.0002880192   0.0003143578
       -0.0001172337  -0.0000158621   0.0003844033  -0.0199031134  -0.0227841414
       -0.0144722970   0.0003096179   0.0002303031   0.0002610393  -0.0000760316
        0.0002628421   0.0002605628  -0.1564708332   0.0325892910   0.1659713774
       -0.0002762447   0.0000206803  -0.0000528254   0.0004585683  -0.0000661026
       -0.0001011032  -0.0007700714  -0.0006851233   0.0000885614   0.0001466359
        0.0000998757  -0.0001460515   0.0001125122   0.0000346017  -0.0000485852
       -0.0000145182   0.0001419314  -0.0000425953   0.0000260235   0.0001370845
        0.0001005951   0.0000133109  -0.0003224528   0.0002068561  -0.0023974058
       -0.0017860513   0.0015659614  -0.0000242918   0.0000314538  -0.0000226829
       -0.0049984995  -0.0046109729  -0.0089894208   0.0000886934  -0.0000500407
        0.0002121218   0.0001370368   0.0002258343  -0.0001332340   0.0004001872
       -0.0004342855   0.0005991138   0.0061779151   0.0079937903   0.0046026941
       -0.0607472894  -0.0830076632  -0.0447789534   0.0007293407  -0.0000134981
       -0.0023234701   0.0018015585  -0.0006983895   0.0010744779   0.0464157759
        0.1306048205   0.1480843010  -0.0003172165   0.0001333864  -0.0001388838
        0.0002496391   0.0003222035   0.0002333375   0.0001793353  -0.0012887192
       -0.0008789787   0.0000056384   0.0003175011   0.0000958715  -0.0000230960
        0.0000076064   0.0000901387   0.0001513036   0.0001616626  -0.0005833605
       -0.0019980061  -0.0011238738   0.0009230769   0.0000215576   0.0002055571
       -0.0002183256   0.0000315541   0.0000427592   0.0002489866   0.0006256412
        0.0008978219   0.0008884297   0.0003299369   0.0006389041   0.0000424183
       -0.0002757716  -0.0002271873   0.0005923100  -0.0299317822  -0.0234140138
       -0.0206632162  -0.0004447850  -0.0000371341  -0.0005403456   0.0001752904
        0.0004686696   0.0002587266   0.0437660603  -0.0258965886  -0.0829352689
       -0.0001312550   0.0006752429   0.0001519860  -0.0002111089  -0.0000906074
        0.0003170433   0.0001415283   0.0000621154   0.0001097714  -0.0001035286
        0.0000171997   0.0000377520   0.0000040116  -0.0000424994   0.0000908879
       -0.0001218666   0.0001741911   0.0000916891  -0.0000094820  -0.0000506331
        0.0002120137  -0.0000492026   0.0002462079  -0.0000180003  -0.0016645348
       -0.0020366701   0.0028807400  -0.0004045798  -0.0001726973   0.0003635699
       -0.0168664108  -0.0146838981  -0.0210959214  -0.0003505368   0.0002223485
        0.0014081927   0.0000385649   0.0002209057   0.0001076823  -0.0005688388
       -0.0011198707   0.0003506539  -0.0158707888  -0.0054378963  -0.0129279135
       -0.0671136337  -0.0476924087  -0.1160802483   0.0006963585  -0.0012474950
       -0.0061574692  -0.0023293549   0.0020034305  -0.0013695282  -0.0873280718
        0.1480843010   0.4459507456  -0.0010632854   0.0011394458  -0.0005144022
       -0.0003185877  -0.0008059912  -0.0009313398   0.0000178379   0.0004643336
       -0.0001547285  -0.0000805065  -0.0000861255   0.0001297805  -0.0001636433
       -0.0002996101   0.0000420422   0.0002618803  -0.0004302141   0.0001987868
        0.0014688577   0.0013971292   0.0004573837   0.0001234243   0.0000938947
       -0.0000734856   0.0000288419  -0.0002127675   0.0000050451   0.0002105699
        0.0001789537   0.0001239145  -0.0000436241  -0.0002103722   0.0000590584
       -0.0004475248   0.0001972719   0.0004925483  -0.0046298104  -0.0082488247
        0.0040594812  -0.0011606153  -0.0005031432  -0.0010452991  -0.0000790548
       -0.0001359663   0.0001053340   0.1937693349  -0.0744582625  -0.2914689806
       -0.0003842084  -0.0003483527   0.0001700500   0.0006676108   0.0000918720
       -0.0001191577  -0.0004292512  -0.0003327341  -0.0000024114   0.0000639005
        0.0000633749  -0.0000088154   0.0000523757   0.0000416070   0.0000429839
       -0.0000061180  -0.0000348664  -0.0000601237   0.0001197050   0.0002393591
        0.0001383612   0.0000976155  -0.0000923995  -0.0003120116   0.0012176102
        0.0018172641  -0.0009871339   0.0003993774   0.0001257073  -0.0005330743
       -0.1085105629   0.0476667401  -0.0170523972   0.0068281260  -0.0033310750
       -0.0008321039  -0.0005625149  -0.0019870121   0.0013051350  -0.0001428171
        0.0002783986   0.0000871323  -0.0010510305   0.0006482085   0.0006393779
       -0.0085882244   0.0080224881   0.0049541971  -0.0225857859   0.0145564338
       -0.0056928996  -0.0039143904   0.0000046313  -0.0017666223  -0.0002812840
       -0.0003172165  -0.0010632854   0.5049670977   0.0522290158   0.0245999996
       -0.0009134220   0.0006076261   0.0004627867  -0.0001554215  -0.0009638846
        0.0003775133  -0.0002397194  -0.0011388302   0.0002320845   0.0003626506
       -0.0000678315   0.0005206713  -0.0972691219   0.0215617154   0.0626400979
       -0.0002960015   0.0000977126   0.0001669039   0.0003241311  -0.0007388817
        0.0002234185   0.0000235395   0.0000167952   0.0000564811  -0.0000463484
       -0.0000767631  -0.0000722090   0.0000873062  -0.0000779504   0.0000061964
       -0.0000420017   0.0000779152  -0.0001694246  -0.0000594732   0.0007536968
       -0.0004079175  -0.0003867001   0.0000459017  -0.0003364058   0.0000953409
        0.0016617771  -0.0001950078  -0.0001337814   0.0000027988   0.0001040633
       -0.0785710426  -0.0644579831   0.0390227789  -0.2006236761  -0.0648072090
       -0.0847597668   0.0000454905   0.0000778491   0.0000543067  -0.0002593282
       -0.0000158153  -0.0001216644  -0.0000207385  -0.0001614132   0.0001338990
       -0.0003835042  -0.0002621677   0.0004057761   0.0122368800  -0.0097941476
       -0.0234103075   0.0000296698   0.0000066977  -0.0000571483   0.0001433404
       -0.0000188288  -0.0000183695  -0.0001066819  -0.0000993922  -0.0000372899
        0.0528892002  -0.1195231978   0.0181550119   0.0106850864  -0.0231605659
        0.0068383600  -0.0014828326  -0.0029314549   0.0022186163  -0.0002134636
       -0.0001916296   0.0000184664   0.0001808590  -0.0001897610  -0.0008817274
        0.0098654578  -0.0083095584  -0.0051802952  -0.0006107309   0.0039224817
        0.0000439999  -0.0013207263  -0.0002713718  -0.0007541864   0.0000953738
        0.0001333864   0.0011394458   0.0522290158   0.4547424950  -0.0025191042
       -0.0002052250   0.0002337987   0.0002324010  -0.0002858507  -0.0013598581
        0.0003803773   0.0000492701  -0.0011908518   0.0003512833   0.0003736645
        0.0004144248  -0.0004954829   0.0110898443  -0.0703952218  -0.0564649054
        0.0001934733   0.0000376835   0.0000540863   0.0006847355  -0.0007647314
        0.0001753098   0.0000318439  -0.0002092291   0.0000253187   0.0000724500
       -0.0000046163   0.0000794341  -0.0002216851   0.0001924218   0.0000163030
       -0.0001077901   0.0000465273   0.0002704951  -0.0012475345   0.0006454976
        0.0012842477  -0.0005227519   0.0001308363  -0.0003044833  -0.0016074880
        0.0005344486  -0.0004672636   0.0000652550   0.0000706815  -0.0000590159
       -0.0660013904  -0.1552711390   0.0805995724  -0.0670396928  -0.0686878329
       -0.0325827119  -0.0000558260  -0.0000455007  -0.0000506148  -0.0002923885
        0.0001455757  -0.0000061331   0.0000797798  -0.0001036408   0.0003200307
       -0.0003285653   0.0001157619   0.0001184639   0.0029194234  -0.0087343549
       -0.0125685170  -0.0000329073  -0.0000156252  -0.0000627403  -0.0000319712
       -0.0000490542  -0.0000107144   0.0001040874   0.0000431746   0.0000866723
       -0.0167890401   0.0170262658  -0.0605839749  -0.0070040671   0.0108733956
       -0.0015149726   0.0013277832   0.0025105872  -0.0012924919   0.0001413752
       -0.0000926537  -0.0001329698   0.0027040456  -0.0015814133  -0.0030473716
        0.0172035056  -0.0163754117  -0.0024133267  -0.0105179490   0.0099088009
       -0.0028969731  -0.0017847636  -0.0010592575  -0.0015277739   0.0003607080
       -0.0001388838  -0.0005144022   0.0245999996  -0.0025191042   0.4534657942
       -0.0005441418   0.0004351109   0.0002658709  -0.0008318961   0.0001528707
        0.0002206542   0.0000921079   0.0002763857  -0.0002748161  -0.0002877213
        0.0003222694  -0.0006749734   0.0372713026  -0.0535551386  -0.1744611822
        0.0001259153  -0.0000070379  -0.0002476813  -0.0005015331   0.0008434422
       -0.0001586024  -0.0000621710  -0.0000930556   0.0000028589   0.0000225908
       -0.0000367091  -0.0000445703  -0.0000216001  -0.0000577957  -0.0000117045
        0.0010128963  -0.0006120010   0.0001936875   0.0009361872  -0.0016996631
        0.0001473268  -0.0009047873   0.0003421058  -0.0010416208   0.0008625185
       -0.0001690762   0.0014904283  -0.0002620640  -0.0001284768   0.0000383614
        0.0398778735   0.0794604594  -0.0927715157  -0.0898746034  -0.0348986293
       -0.0877366601  -0.0000243157   0.0000046354   0.0000572169  -0.0001883142
        0.0000655018  -0.0000523657  -0.0002300305  -0.0000546198  -0.0001574559
        0.0009586792   0.0006774731  -0.0004840419   0.0023615288  -0.0096627335
       -0.0237561173  -0.0000777000   0.0000338686  -0.0000217904   0.0000596281
       -0.0001362126  -0.0001026038  -0.0000119472  -0.0000552992   0.0000397594
       -0.0027297665   0.0020654421   0.0009856589  -0.0002556849  -0.0001106286
       -0.0000225905   0.0002260854   0.0001851643  -0.0000553435   0.0009853010
        0.0021916596  -0.0006635217  -0.0159493780  -0.0077199844  -0.0108896885
       -0.0000012823  -0.0005664119  -0.0008877219  -0.0290711220   0.0087963754
       -0.0021381777  -0.5051060542   0.0127248043  -0.1576112328  -0.0003891086
        0.0002496391  -0.0003185877  -0.0009134220  -0.0002052250  -0.0005441418
        0.7809303454  -0.0854594744   0.1609141105   0.0000251265  -0.0000280321
        0.0000053651  -0.0000195296  -0.0000154797   0.0000143557   0.0000026889
       -0.0000081020  -0.0001490588   0.0001030894  -0.0000101660  -0.0001006876
        0.0000033019  -0.0000114547  -0.0000084862   0.0000846190   0.0000937477
        0.0000481589  -0.0005796845  -0.0003186651   0.0002949017   0.0000599709
       -0.0001499115   0.0001981844   0.0000962820  -0.0001058358  -0.0000307648
        0.0005701732   0.0010590201   0.0008569878  -0.0001057014   0.0001737846
       -0.0000419396   0.0002022136  -0.0008349281  -0.0014015485  -0.0000769088
       -0.0012683041  -0.0005725998  -0.0000205894  -0.0000012655   0.0000171719
       -0.0000170648  -0.0000651558   0.0000716123  -0.0001785249   0.0001829684
       -0.0000021210  -0.0645600137  -0.0431078872  -0.0590489461  -0.1633624729
        0.1123499978   0.0711172443  -0.0000139822  -0.0000008324  -0.0000113406
        0.0000334964  -0.0000123023  -0.0000162054   0.0000202027  -0.0000979304
       -0.0000290496  -0.0000056822   0.0000143363  -0.0000115707   0.0000109875
        0.0000156168   0.0000297661   0.0000020887  -0.0000045795   0.0000018074
        0.0021060876  -0.0016933917  -0.0010496863   0.0001941307   0.0000508857
        0.0001025261   0.0000531249  -0.0002037981   0.0000364917  -0.0009151261
       -0.0006941020  -0.0009747923  -0.0165129268  -0.0005018039  -0.0074934147
       -0.0000565866  -0.0015974339  -0.0014032955   0.0186259930  -0.0027645438
        0.0043940041   0.0125732614  -0.0535606878  -0.0196077579  -0.0011372110
        0.0003222035  -0.0008059912   0.0006076261   0.0002337987   0.0004351109
       -0.0854594744   0.3268639123   0.2226729347   0.0000235897   0.0000552213
       -0.0000863700  -0.0000195460   0.0000157017  -0.0000183083  -0.0000472864
       -0.0000301919   0.0000464869  -0.0000326490   0.0000792045   0.0000579791
       -0.0000546259   0.0000070292   0.0000250277  -0.0000270976   0.0000018261
       -0.0000229710  -0.0002149344  -0.0001113458  -0.0001259644  -0.0002698963
       -0.0004748516   0.0000342051  -0.0001111005   0.0003119255   0.0000079936
       -0.0007835343   0.0000207609  -0.0002046743  -0.0000397117   0.0000658187
       -0.0001548496   0.0009713524   0.0002225367   0.0001453857   0.0014638488
       -0.0000109050  -0.0004215956  -0.0000114458  -0.0000531567   0.0001067676
       -0.0000318652   0.0000889795  -0.0000733953   0.0002263755  -0.0001611484
        0.0000051510  -0.0423081619  -0.1309843918  -0.1231424592   0.1112698109
       -0.1355867211  -0.0726104754  -0.0000032897  -0.0000064464   0.0000232149
       -0.0000253630   0.0000078844   0.0000150038  -0.0000944532   0.0000349317
        0.0000652491   0.0000220200   0.0000521889  -0.0000164646   0.0000436912
       -0.0000052440   0.0000283779  -0.0000246263   0.0000053549   0.0000105558
        0.0014064967  -0.0013778262  -0.0003513225  -0.0000783172  -0.0000356789
        0.0000316067   0.0001645789   0.0001893808  -0.0002550016  -0.0004169581
        0.0009683504  -0.0012734220  -0.0231060315  -0.0044594399  -0.0117111728
       -0.0010703692  -0.0019794131  -0.0022213204   0.0085828089   0.0010965877
        0.0035827066  -0.1586371946  -0.0195734885  -0.1103072179  -0.0015550469
        0.0002333375  -0.0009313398   0.0004627867   0.0002324010   0.0002658709
        0.1609141105   0.2226729347   0.3864445747   0.0000190036  -0.0000558578
       -0.0000326046   0.0000187950   0.0000093021   0.0000258024  -0.0000656909
       -0.0000210200   0.0000394760  -0.0000417033  -0.0000098068   0.0001511134
       -0.0000230221   0.0000139734   0.0000309971   0.0000228869   0.0000631059
        0.0001412099   0.0001720559   0.0000835482   0.0003284534  -0.0000938333
       -0.0006763394   0.0002655143   0.0000357237  -0.0002068098  -0.0000952920
       -0.0008045400   0.0004111376   0.0007457203   0.0001096029  -0.0000937802
        0.0000276318   0.0007950574  -0.0008112227   0.0002743038   0.0008705309
       -0.0009761229   0.0004811044   0.0000210698   0.0000526706   0.0001089982
       -0.0000060292  -0.0000436009  -0.0000015716   0.0001667303  -0.0001172288
        0.0000108669  -0.0577998455  -0.1234847965  -0.1843966600   0.0699360376
       -0.0722454720  -0.0813839000   0.0000239124   0.0000063354   0.0000063517
       -0.0000179299   0.0000140744   0.0000080510  -0.0000612361   0.0000866704
       -0.0000254051   0.0000042758   0.0000052981  -0.0000273708   0.0000517378
        0.0000238031   0.0000262102  -0.0000004540   0.0000049929   0.0000170374
       -0.0161416159  -0.0151687528   0.0017627755  -0.1508830962  -0.0296138217
       -0.0434537332  -0.0227402896  -0.0003612741  -0.0085846620  -0.0003839639
        0.0000631455   0.0000473936  -0.0004658544   0.0001767273   0.0001393667
       -0.0000120755   0.0002968061   0.0001800087   0.0001655423  -0.0009154031
        0.0004302337  -0.0005468996  -0.0000118668  -0.0000986433  -0.0002995570
        0.0001793353   0.0000178379  -0.0001554215  -0.0002858507  -0.0008318961
        0.0000251265   0.0000235897   0.0000190036   0.6952773262  -0.1301106022
       -0.0793989931  -0.3986669010   0.1723037216   0.1281354400  -0.0029537202
       -0.0052242673  -0.0024841916  -0.0004909263   0.0000125250   0.0005026955
       -0.0663082655  -0.0062812909  -0.0047480870   0.0007494385  -0.0008139316
        0.0002755633  -0.0021592407   0.0018074381  -0.0004226564   0.0002136965
        0.0003015158   0.0002151852   0.0001758743   0.0001080818   0.0001455179
        0.0001825556  -0.0000033132  -0.0001213203   0.0001288209   0.0000429142
       -0.0002807821   0.0001043886  -0.0000398164   0.0000556022  -0.0002500597
        0.0000432722  -0.0002355808   0.0002361828  -0.0000993657   0.0000289951
       -0.0001207884   0.0005107404  -0.0000483096   0.0012578944   0.0011938017
       -0.0005773664   0.0000569056   0.0000472547   0.0000787202   0.0000659571
       -0.0000377596  -0.0000203014  -0.0302682560   0.0094364797   0.0084447204
       -0.0002985929   0.0019064579   0.0004874429  -0.0001343216  -0.0002459902
       -0.0001548496   0.0000746862   0.0128777644   0.0088315129   0.0009831158
        0.0113905480   0.0106365781  -0.0064176656  -0.0235088131  -0.0189732205
       -0.0166089731  -0.0085402963  -0.0059713253  -0.0350691879  -0.0755293316
       -0.0180342498   0.0155595847   0.0062389518   0.0075792513   0.0002304835
       -0.0000907938   0.0001749993  -0.0001937702  -0.0000784506  -0.0000843803
        0.0003603018   0.0010477149  -0.0000058818  -0.0018495892  -0.0028240382
        0.0015870893  -0.0001929924  -0.0001617109  -0.0000285208  -0.0006660071
       -0.0012887192   0.0004643336  -0.0009638846  -0.0013598581   0.0001528707
       -0.0000280321   0.0000552213  -0.0000558578  -0.1301106022   0.4397441170
        0.2195027451   0.1746049261  -0.1502732721  -0.0902809497  -0.0114959137
       -0.0053274702  -0.0096470622   0.0000000139   0.0004641779  -0.0002710578
       -0.0116255895  -0.1541465011  -0.0730937009   0.0009087051   0.0000582581
        0.0006805503   0.0035022788  -0.0029507944   0.0012797887   0.0003745994
       -0.0001493551  -0.0003292335   0.0001434824  -0.0002334670  -0.0003153790
        0.0001293555  -0.0000417949  -0.0000265234   0.0000408623  -0.0001861003
       -0.0001397039   0.0001312786  -0.0000437960   0.0001566485  -0.0008243443
       -0.0003953105  -0.0001920720   0.0002100359   0.0001548692  -0.0002636503
       -0.0000727968   0.0002735697  -0.0000634125  -0.0007545418  -0.0021057179
        0.0011962265   0.0000038031  -0.0000123992   0.0000094765   0.0000155079
       -0.0000011304  -0.0000004772  -0.0078198220   0.0027951972   0.0027090329
        0.0193651441  -0.0146067309  -0.0106412030   0.0000768672  -0.0001726033
        0.0000736808   0.0031836682  -0.0256601058  -0.0165177489   0.0043536620
        0.0034372415  -0.0026909979  -0.0049185138  -0.0080895708  -0.0069133058
        0.0099549993   0.0016776428   0.0076822688  -0.0325268909  -0.0159984498
       -0.0776790240  -0.0045556608   0.0016522922  -0.0013109849  -0.0000245132
       -0.0001378447   0.0000335218  -0.0000801032  -0.0000658310  -0.0001608386
        0.0002284639   0.0005889303   0.0009583375   0.0011281547   0.0023084424
       -0.0011943274  -0.0002855518   0.0001327509   0.0000401731  -0.0002353480
       -0.0008789787  -0.0001547285   0.0003775133   0.0003803773   0.0002206542
        0.0000053651  -0.0000863700  -0.0000326046  -0.0793989931   0.2195027451
        0.3388242807   0.1296555140  -0.0913052273  -0.1033853184  -0.0237429329
       -0.0133400012  -0.0155691718  -0.0000884880   0.0002232420  -0.0002517123
       -0.0095035294  -0.0747847597  -0.1198507734  -0.0006634427  -0.0001171195
        0.0004856028  -0.0011980650   0.0006499392   0.0004637551   0.0003783696
       -0.0001842979  -0.0003228287   0.0000474757  -0.0000391534  -0.0001467752
        0.0000958356   0.0000253502  -0.0000662133  -0.0000484357  -0.0000367693
       -0.0001139353  -0.0001445904  -0.0000053157  -0.0000014539   0.0007044638
        0.0004539321   0.0003629712  -0.0002057085   0.0001281467   0.0000439222
        0.0003668467   0.0003677254   0.0000546773   0.0001413509   0.0005762971
        0.0003209131  -0.0000163524   0.0000018652  -0.0000067538   0.0000581856
       -0.0000227965  -0.0000146912  -0.0078879051   0.0035806150   0.0015258075
        0.0157936305  -0.0104422236  -0.0101794396  -0.0000393680  -0.0001893727
       -0.0000705795   0.0036891759   0.0047254883   0.0069021283   0.0019965642
       -0.0228657197  -0.0225003357  -0.0039760296  -0.0064755513  -0.0049065234
        0.0000302849   0.0021280830  -0.0006543316  -0.0404332426   0.0054627266
        0.0034854156  -0.0030914776  -0.0016465396  -0.0018651260  -0.0001125576
        0.0002709236   0.0000964363   0.0000686467   0.0000152281  -0.0000328678
       -0.0002497651  -0.0003992977   0.0001509507  -0.0001223902  -0.0004942124
        0.0000664919   0.0001103941   0.0000392351  -0.0000248404   0.0001282634
        0.0000056384  -0.0000805065  -0.0002397194   0.0000492701   0.0000921079
       -0.0000195296  -0.0000195460   0.0000187950  -0.3986669010   0.1746049261
        0.1296555140   0.7444373179  -0.1057996451  -0.0572971121  -0.0009522574
        0.0014314920   0.0018117735   0.0000300109  -0.0005659149  -0.0000990838
       -0.0034919595   0.0069375159   0.0064320062   0.0000395933  -0.0001626936
       -0.0000261613  -0.0008083142   0.0008116485  -0.0002928276  -0.0000669737
       -0.0000536403  -0.0000300761   0.0000100923  -0.0000265512   0.0001135762
        0.0000179771  -0.0000020012  -0.0000387515  -0.0000504242   0.0000827860
        0.0001013269   0.0000461519   0.0000874361   0.0000964562  -0.0001198982
       -0.0000023375  -0.0000411714   0.0000637814   0.0000327796  -0.0000947969
        0.0000871635   0.0000995766   0.0000130374  -0.0005572838  -0.0013512922
        0.0007149002   0.0000046628   0.0000046373   0.0000069623   0.0000065672
       -0.0000076827  -0.0000024355  -0.2538892749  -0.0718617943  -0.0728782737
       -0.0450729817  -0.0060459457  -0.0067012339  -0.0000848053   0.0000640144
        0.0000974413   0.0008634888  -0.0015071491  -0.0004472546   0.0008142395
       -0.0005211629  -0.0010376685   0.0012711201  -0.0016605109  -0.0013086724
       -0.0011739066  -0.0020711769   0.0005237998  -0.0029718087   0.0054576804
        0.0016930631  -0.0010898935  -0.0005506567  -0.0003286487  -0.0000262005
        0.0000069110  -0.0001063825   0.0000632468  -0.0000108365   0.0000267875
        0.0001396319  -0.0001081325  -0.0002255976  -0.0000128579   0.0000079873
        0.0000349739   0.0001699798  -0.0000456514  -0.0000330239  -0.0000152617
        0.0003175011  -0.0000861255  -0.0011388302  -0.0011908518   0.0002763857
       -0.0000154797   0.0000157017   0.0000093021   0.1723037216  -0.1502732721
       -0.0913052273  -0.1057996451   0.4343512605   0.2742204107  -0.0025049207
        0.0001446388   0.0002869384  -0.0008766099  -0.0005346537  -0.0003589165
        0.0207773961  -0.0195037531  -0.0174892552   0.0000557936  -0.0000213902
       -0.0000219722  -0.0003356948   0.0002399219  -0.0001279251  -0.0000996009
       -0.0000464872   0.0000318642  -0.0000942574   0.0000643221   0.0000436395
       -0.0000656895   0.0000160088   0.0000273248  -0.0000358835   0.0000419176
        0.0000670599  -0.0000333092   0.0000435462  -0.0000099329  -0.0000977924
       -0.0000059117  -0.0000180770  -0.0000947587  -0.0000821754   0.0001056259
       -0.0001919948   0.0000921590   0.0000040721  -0.0000348909   0.0000234593
       -0.0000257277  -0.0000083627  -0.0000050538   0.0000021158  -0.0000269185
        0.0000089146  -0.0000005113  -0.0705717782  -0.0638356198  -0.0307322809
       -0.0083222805  -0.1977515954  -0.1336176812   0.0001097982  -0.0000285018
        0.0001520615   0.0001138954  -0.0027396699  -0.0022145911  -0.0000698918
       -0.0021758555  -0.0012571791   0.0019750551   0.0001493150   0.0004536308
       -0.0013137622   0.0004859729   0.0002005917  -0.0052245568   0.0028178308
        0.0017665169  -0.0022523876  -0.0002161475  -0.0003255642  -0.0000665526
        0.0000801057  -0.0000938941   0.0000568638  -0.0000237735  -0.0000140678
       -0.0000765801  -0.0001889508  -0.0001285848   0.0000125691  -0.0003281072
        0.0001562992   0.0000904756  -0.0000190704  -0.0000376408   0.0001093941
        0.0000958715   0.0001297805   0.0002320845   0.0003512833  -0.0002748161
        0.0000143557  -0.0000183083   0.0000258024   0.1281354400  -0.0902809497
       -0.1033853184  -0.0572971121   0.2742204107   0.3143360070  -0.0021598447
        0.0003222660   0.0012405263   0.0002504404   0.0003654033  -0.0001536669
        0.0166928954  -0.0180872532  -0.0113561011   0.0001418231  -0.0001726670
       -0.0000637929  -0.0003015800   0.0002187829  -0.0001133839  -0.0001180383
        0.0000105958   0.0000163761  -0.0000712650   0.0000485924   0.0000937724
       -0.0000176973  -0.0000264418   0.0000317094  -0.0000467211  -0.0000386331
        0.0001127205   0.0000322848   0.0000801167   0.0000557452  -0.0001160493
       -0.0000880062   0.0000232726  -0.0000386482  -0.0000159108  -0.0000049801
        0.0001552260   0.0000518184   0.0000720138   0.0002723427   0.0005503435
        0.0003846160   0.0000049145   0.0000135144   0.0000056661  -0.0000006530
        0.0000024655  -0.0000038846  -0.0708357547  -0.0315639678  -0.0597393350
       -0.0080971111  -0.1350235884  -0.1398951376   0.0003081817   0.0001007263
        0.0000321546  -0.0001386287  -0.0014922685  -0.0013483512   0.0000420940
       -0.0024825288  -0.0017760153   0.0016215573   0.0002504732   0.0000309638
       -0.0032000486   0.0003363834   0.0122484721  -0.0460512830   0.0158592989
        0.0371793114  -0.0081277467   0.0114331211   0.0167497918  -0.0020802715
        0.0034921885  -0.0003192497   0.0001905701  -0.0001448334  -0.0001931986
       -0.0005269901  -0.0018251309   0.0012164700   0.0002365399   0.0001320063
        0.0017496917  -0.0003150847   0.0001891025   0.0001931966  -0.0000812305
       -0.0000230960  -0.0001636433   0.0003626506   0.0003736645  -0.0002877213
        0.0000026889  -0.0000472864  -0.0000656909  -0.0029537202  -0.0114959137
       -0.0237429329  -0.0009522574  -0.0025049207  -0.0021598447   0.0709996845
       -0.0152952617  -0.0423501901  -0.0000350724  -0.0000131924  -0.0000219647
       -0.0033668301  -0.0007223587  -0.0014609903  -0.0001195701   0.0000365313
        0.0000143347  -0.0004414369   0.0007587543   0.0011842792  -0.0001262378
       -0.0000210795   0.0000186547  -0.0006714657   0.0002608208   0.0007026600
        0.0000546652   0.0000217327  -0.0001095838  -0.0003458521   0.0000810928
        0.0005087749  -0.0010949792  -0.0008605415  -0.0004732770  -0.0000018827
        0.0000831527  -0.0001615668   0.0000338432   0.0000178382  -0.0000534572
       -0.0001269878   0.0000034440   0.0000558955  -0.0000865365  -0.0000055482
       -0.0001392732  -0.0000334428  -0.0000317759  -0.0000265545   0.0000951628
       -0.0000200391  -0.0000221137   0.0003344790   0.0001485437   0.0001098047
       -0.0012887764   0.0005805211   0.0001468373   0.0000666169  -0.0001678869
       -0.0000197875  -0.0000917438   0.0002503194   0.0001235857  -0.0000224841
        0.0000431137   0.0001386584  -0.0002349700  -0.0009227647  -0.0005693785
       -0.0069668547   0.0036463729   0.0210855644   0.0174351751  -0.0688806539
       -0.0738631392   0.0096205418  -0.0110203047  -0.0200814565   0.0026118741
       -0.0031290372   0.0008046961  -0.0000229448   0.0000167674   0.0000809507
       -0.0016377754  -0.0031133473   0.0018261218   0.0000177239   0.0005301685
        0.0012842106  -0.0000324933   0.0000082479  -0.0000535572   0.0001643829
        0.0000076064  -0.0002996101  -0.0000678315   0.0004144248   0.0003222694
       -0.0000081020  -0.0000301919  -0.0000210200  -0.0052242673  -0.0053274702
       -0.0133400012   0.0014314920   0.0001446388   0.0003222660  -0.0152952617
        0.0875192277   0.0833573191  -0.0001016079   0.0000423939   0.0000498401
       -0.0019654221  -0.0000955275  -0.0011078367  -0.0000131290  -0.0004397564
        0.0000151660  -0.0000377774   0.0007738492  -0.0005422424  -0.0000145364
        0.0000103945   0.0001540698   0.0008139327  -0.0003128170  -0.0008461634
       -0.0000414966  -0.0000216909   0.0000626575  -0.0006267534   0.0000118020
        0.0010801434  -0.0005721421   0.0000723653  -0.0002794467   0.0001153284
       -0.0000357810   0.0001374239  -0.0000247285   0.0000086490   0.0000683069
       -0.0000153060   0.0001641812  -0.0002387624   0.0000020804  -0.0000037310
       -0.0001091868  -0.0000076414  -0.0000045222   0.0000265198   0.0000136676
       -0.0000032020  -0.0000143402   0.0002364626  -0.0003444616   0.0003302841
        0.0005056620   0.0005521329  -0.0001240601  -0.0002522441  -0.0007240261
        0.0000903848   0.0000520851   0.0000901527  -0.0000147389   0.0000615813
       -0.0000505098   0.0001404495  -0.0001536743  -0.0004763448  -0.0003030824
        0.0078717323  -0.0011250762  -0.0232869507   0.0373575077  -0.0739007508
       -0.2233243133   0.0000687673  -0.0006083554  -0.0001762864   0.0000977874
       -0.0004479333   0.0010700873  -0.0001125209   0.0000518971   0.0000596755
        0.0013132095   0.0035575112  -0.0016116252  -0.0015377519  -0.0009626606
        0.0011860311   0.0001344520  -0.0001482849  -0.0001389933  -0.0001398417
        0.0000901387   0.0000420422   0.0005206713  -0.0004954829  -0.0006749734
       -0.0001490588   0.0000464869   0.0000394760  -0.0024841916  -0.0096470622
       -0.0155691718   0.0018117735   0.0002869384   0.0012405263  -0.0423501901
        0.0833573191   0.2588830109  -0.0000627132  -0.0005900291   0.0011840493
       -0.0023713149  -0.0003115016  -0.0002569384   0.0001330049  -0.0002508886
       -0.0001161273  -0.0005001623   0.0007531171   0.0012901098  -0.0000459950
        0.0001311707   0.0001631748   0.0001533079  -0.0000135128  -0.0001961856
       -0.0000708147   0.0000175452   0.0001032185   0.0007800601  -0.0000553609
       -0.0011118126   0.0003405951   0.0000701554   0.0006221567  -0.0001471584
       -0.0001225915   0.0000004895  -0.0000460382  -0.0000286719   0.0002076242
       -0.0001551039  -0.0002850709  -0.0000235228  -0.0000304625   0.0000010371
       -0.0002152377   0.0000278311   0.0000211525   0.0000505934  -0.0000311043
        0.0000191114  -0.0000242315   0.0003703397  -0.0000877163   0.0005864199
       -0.0005785316   0.0007744210   0.0001745035   0.0000787951   0.0004949914
        0.0000483864  -0.0000497851   0.0000938495  -0.0000376439   0.0000117981
        0.0000567373   0.0002577593  -0.0002088938  -0.0007426301  -0.0004453210
       -0.0096814978   0.0140096423   0.0245229295   0.0004024669  -0.0005407594
        0.0004330689   0.0001065079  -0.0001413649  -0.0000055001   0.0000068874
       -0.0000766658  -0.0000587927  -0.0009824017   0.0005763186   0.0012586601
       -0.0039221711   0.0047264553  -0.0014886169  -0.0001182285   0.0009032304
        0.0011750513   0.0007054592   0.0000318043   0.0003294629   0.0002744629
        0.0001513036   0.0002618803  -0.0972691219   0.0110898443   0.0372713026
        0.0001030894  -0.0000326490  -0.0000417033  -0.0004909263   0.0000000139
       -0.0000884880   0.0000300109  -0.0008766099   0.0002504404  -0.0000350724
       -0.0001016079  -0.0000627132   0.4179724029   0.0718286598   0.0730554841
        0.0001802797  -0.0000793189  -0.0001182079   0.0000418484   0.0000746838
       -0.0000202306  -0.0000782836  -0.0000311079   0.0000219319   0.0000077174
       -0.0000279383   0.0000352410  -0.0000631585   0.0000416417  -0.0000257156
       -0.0004885088   0.0002956020   0.0000031700   0.0002399983  -0.0000564431
       -0.0003343441  -0.0000689426  -0.0000832309   0.0001241443  -0.0000785553
       -0.0000661565  -0.0000424326  -0.0000121375  -0.0000162950   0.0000323209
       -0.0068989140   0.0049631200   0.0237842848   0.0079745581  -0.0092676943
       -0.0227704840  -0.0000060017  -0.0000599037  -0.0000437637  -0.0000307210
        0.0000247019   0.0000283353  -0.0000564360   0.0000788657  -0.0000306294
       -0.0006557893  -0.0004990818  -0.0000954809  -0.3070092292  -0.0967882531
       -0.1373610327  -0.0000460565  -0.0000374107   0.0000517878  -0.0001084502
       -0.0000455408  -0.0000619846   0.0000549142   0.0000321444   0.0000106243
        0.0145452715  -0.0138192154  -0.0270714044   0.0002182954   0.0004603978
       -0.0004438882  -0.0001083028   0.0004931669  -0.0002571119   0.0000200973
        0.0001386284   0.0000441662   0.0010973635  -0.0003164125  -0.0013167392
        0.0037760941  -0.0046815976   0.0022214006  -0.0014759319   0.0005701193
        0.0002167300  -0.0004896697  -0.0000507359  -0.0004055288  -0.0002009883
        0.0001616626  -0.0004302141   0.0215617154  -0.0703952218  -0.0535551386
       -0.0000101660   0.0000792045  -0.0000098068   0.0000125250   0.0004641779
        0.0002232420  -0.0005659149  -0.0005346537   0.0003654033  -0.0000131924
        0.0000423939  -0.0005900291   0.0718286598   0.1322123494   0.1578707239
       -0.0000227011  -0.0001094473  -0.0002258400  -0.0000702692   0.0000111863
       -0.0000230348   0.0000060389   0.0000376173  -0.0000298695  -0.0000284054
        0.0000309100  -0.0000504425   0.0001373698  -0.0000700801  -0.0000266823
        0.0005523702  -0.0003348741  -0.0000625174   0.0000174088   0.0002976340
       -0.0000959753  -0.0000843478  -0.0002344351  -0.0002704887   0.0001582485
        0.0004224789  -0.0002490819   0.0001108460  -0.0000783857  -0.0000761437
       -0.0027026667   0.0111677617   0.0105590411   0.0018426485  -0.0062977547
       -0.0157456765   0.0000418996   0.0000403218   0.0000461721   0.0000312041
       -0.0000558805  -0.0000036551  -0.0002609849  -0.0003670633  -0.0003906096
        0.0000950448  -0.0008646438  -0.0001861032  -0.1099910769  -0.0483860153
       -0.0700445322   0.0000322429   0.0000019725   0.0000305065   0.0000339210
       -0.0000086511  -0.0000014193  -0.0000946472  -0.0000269155  -0.0000154529
        0.0090500461  -0.0104731296  -0.0088267679   0.0001958527   0.0009466149
       -0.0008740396  -0.0002658697  -0.0001541571   0.0002371046  -0.0000542927
        0.0001450172   0.0001350501   0.0006254589  -0.0003178677  -0.0007759911
        0.0015640248  -0.0021420804   0.0021117746  -0.0025354436   0.0006509724
        0.0008326522  -0.0003162807  -0.0000535408  -0.0004643580  -0.0001713002
       -0.0005833605   0.0001987868   0.0626400979  -0.0564649054  -0.1744611822
       -0.0001006876   0.0000579791   0.0001511134   0.0005026955  -0.0002710578
       -0.0002517123  -0.0000990838  -0.0003589165  -0.0001536669  -0.0000219647
        0.0000498401   0.0011840493   0.0730554841   0.1578707239   0.3634799526
       -0.0002313532   0.0002195148   0.0002564808  -0.0000048433  -0.0002052285
        0.0000343754   0.0000839038   0.0000731237   0.0000282625  -0.0000095912
        0.0000548314  -0.0000390331   0.0000361645  -0.0000816451   0.0000705184
        0.0002767333  -0.0001792712   0.0000268012  -0.0006690990   0.0002922593
        0.0004390384   0.0005165362  -0.0002853880   0.0006293238  -0.0002512110
        0.0006639550  -0.0006186862   0.0001127011   0.0003076589  -0.0000780424
        0.0188508883  -0.0057067961  -0.0392824525   0.0016599081  -0.0117849847
       -0.0246511431   0.0000884064   0.0000630347   0.0000299246  -0.0000468705
       -0.0000087163  -0.0000023257   0.0001560740   0.0002284395   0.0000064489
       -0.0005072786   0.0002804383   0.0006660336  -0.1642012377  -0.0731799463
       -0.1201902701   0.0000729655   0.0000668351   0.0000777910   0.0000399209
        0.0002353629   0.0000955348  -0.0000414542   0.0000443908  -0.0000213460
       -0.0006055056  -0.0001298162  -0.0007347305  -0.0023809632  -0.0162897873
       -0.0145532150   0.0008174572   0.0003694166   0.0001025977   0.0001794903
        0.0004302528   0.0003763540   0.0001246222   0.0000339203  -0.0001705565
        0.0002575789   0.0003654279   0.0002226649  -0.0003639311  -0.0003702100
        0.0002750226   0.0000915051  -0.0000198953   0.0002047567  -0.0012282493
       -0.0019980061   0.0014688577  -0.0002960015   0.0001934733   0.0001259153
        0.0000033019  -0.0000546259  -0.0000230221  -0.0663082655  -0.0116255895
       -0.0095035294  -0.0034919595   0.0207773961   0.0166928954  -0.0033668301
       -0.0019654221  -0.0023713149   0.0001802797  -0.0000227011  -0.0002313532
        0.5268522121  -0.0038169811  -0.0069256335  -0.0010883534  -0.0006914991
       -0.0005437459  -0.0000424400  -0.0003589142   0.0000265017  -0.0011530102
       -0.0004882680  -0.0005862064  -0.0003133333  -0.0001907203  -0.0002745888
       -0.0000661604  -0.0000850776   0.0000189509  -0.0001337355  -0.0002113717
       -0.0000805125   0.0000189247   0.0000032705   0.0000384834  -0.0001577238
       -0.0001193548   0.0000041282  -0.0001501251  -0.0001040995  -0.0001463801
        0.0000610952  -0.0000333129  -0.0000106803  -0.0000470186  -0.0000822318
        0.0000835305  -0.0000379215  -0.0000040534  -0.0000512955  -0.0000233068
        0.0000078560   0.0000021706   0.0011132301   0.0017783381   0.0015778039
       -0.0029940319   0.0028056527   0.0018711967   0.0000762031   0.0000742985
        0.0000536586  -0.0898942771   0.0854970752  -0.0430874187  -0.0886718666
       -0.0256749796   0.0924573188  -0.2669608905  -0.0479994604  -0.0363086244
       -0.0001165631   0.0000237598   0.0000629400  -0.0030086406  -0.0067619936
       -0.0075205389   0.0000718010  -0.0006809622   0.0001713935  -0.0002322121
       -0.0002843054  -0.0001640082   0.0000405057  -0.0000852090   0.0000395299
        0.0001870316  -0.0001153293   0.0003923294  -0.0001323037  -0.0000548214
        0.0000355583   0.0000035928  -0.0000267777  -0.0001278289  -0.0021392861
       -0.0011238738   0.0013971292   0.0000977126   0.0000376835  -0.0000070379
       -0.0000114547   0.0000070292   0.0000139734  -0.0062812909  -0.1541465011
       -0.0747847597   0.0069375159  -0.0195037531  -0.0180872532  -0.0007223587
       -0.0000955275  -0.0003115016  -0.0000793189  -0.0001094473   0.0002195148
       -0.0038169811   0.4783567120  -0.0189631127   0.0005538608   0.0005383551
        0.0005168098   0.0000016898  -0.0000160409   0.0001285864  -0.0000006369
        0.0002450737  -0.0001312271  -0.0000347329   0.0000665577  -0.0000040076
       -0.0000523067   0.0000301678  -0.0000175307  -0.0001705762  -0.0000823431
       -0.0001456198  -0.0000092228  -0.0000246180   0.0000667191  -0.0000384449
        0.0000218245  -0.0000239878  -0.0002653946  -0.0003962391   0.0001887827
       -0.0000791291  -0.0000563897  -0.0000174812   0.0000367748  -0.0000386062
       -0.0000793249  -0.0000004646   0.0000048819   0.0000223656  -0.0000293586
        0.0000083694  -0.0000040377  -0.0015451077  -0.0012858356   0.0025557001
        0.0020286115   0.0042957751  -0.0064579434   0.0000418114   0.0000348958
       -0.0000371731   0.0838580724  -0.1939326926   0.0754119018  -0.0270497885
       -0.0509264067   0.0525829540  -0.0480434067  -0.0539234122  -0.0069218136
        0.0002556622   0.0002047732  -0.0008784718  -0.0041939314  -0.0064366729
       -0.0053663725   0.0009133179   0.0001766318  -0.0002686140  -0.0002562200
        0.0001682448  -0.0003901272   0.0000364154   0.0000829034   0.0000935137
       -0.0006490911  -0.0000843341  -0.0009949679  -0.0002542228  -0.0001666761
        0.0001536061   0.0000448717  -0.0000986062  -0.0000924904   0.0018625729
        0.0009230769   0.0004573837   0.0001669039   0.0000540863  -0.0002476813
       -0.0000084862   0.0000250277   0.0000309971  -0.0047480870  -0.0730937009
       -0.1198507734   0.0064320062  -0.0174892552  -0.0113561011  -0.0014609903
       -0.0011078367  -0.0002569384  -0.0001182079  -0.0002258400   0.0002564808
       -0.0069256335  -0.0189631127   0.4842159208  -0.0008118150  -0.0005687443
       -0.0003699609  -0.0001186633  -0.0002213236   0.0001647460   0.0001207317
       -0.0001800946   0.0003619299  -0.0001433225  -0.0000323532   0.0000527147
       -0.0000427717  -0.0000434092   0.0000698478   0.0001630466   0.0001373059
        0.0001356974   0.0000454573   0.0000009565   0.0000869943  -0.0000649136
       -0.0000107839  -0.0000175718  -0.0002024063   0.0001209596   0.0001324792
       -0.0000393167  -0.0000858216   0.0000726825   0.0001054431  -0.0000455717
       -0.0001228744   0.0000200551   0.0000111658   0.0000259808  -0.0000229527
        0.0000090717   0.0000003921  -0.0009554557   0.0026713515  -0.0024405133
        0.0011865926  -0.0068968301   0.0075113340   0.0000153875   0.0000615419
        0.0000006716  -0.0443899498   0.0780183151  -0.0753598788   0.0915887326
        0.0500883884  -0.2263514189  -0.0375507590  -0.0070028333  -0.0494586166
       -0.0020948782   0.0027437120  -0.0005436215   0.0068195736   0.0165666262
       -0.0058302426  -0.0913107426  -0.0914858558   0.0299996307  -0.0088402822
       -0.0133905289   0.0075857190  -0.0018377248   0.0006916091   0.0028371964
       -0.0001332678  -0.0000218576   0.0001032303  -0.0000574002  -0.0002495607
        0.0000983183  -0.0000287856   0.0001254305   0.0001011776   0.0000032998
        0.0000215576   0.0001234243   0.0003241311   0.0006847355  -0.0005015331
        0.0000846190  -0.0000270976   0.0000228869   0.0007494385   0.0009087051
       -0.0006634427   0.0000395933   0.0000557936   0.0001418231  -0.0001195701
       -0.0000131290   0.0001330049   0.0000418484  -0.0000702692  -0.0000048433
       -0.0010883534   0.0005538608  -0.0008118150   0.1102673264   0.1047281730
       -0.0343467823  -0.0122010271  -0.0206291919   0.0026843101   0.0006378347
       -0.0000139714  -0.0005269364  -0.0003121831  -0.0000662466  -0.0000814172
       -0.0003690760  -0.0007529650   0.0005418888   0.0000109568   0.0000443702
       -0.0000316482  -0.0000848264   0.0001398532   0.0001386095   0.0000001882
        0.0000547663   0.0000442833   0.0000182063  -0.0000232379  -0.0000704691
       -0.0001337733   0.0002983672  -0.0000762209   0.0000579310   0.0000098642
        0.0000113132   0.0000064133  -0.0000013519   0.0000347837   0.0000169227
       -0.0000143448   0.0000084395   0.0000597272  -0.0000269587   0.0000064672
        0.0000668353  -0.0000487404  -0.0000218862  -0.0000262760   0.0000177811
        0.0000064271  -0.0005971027  -0.0006780330  -0.0013018822   0.0000644462
       -0.0000640021   0.0001190122  -0.0000340225  -0.0000678632   0.0000707944
        0.0034515485  -0.0033898211  -0.0002291262  -0.0063524872  -0.0228736662
        0.0076813707  -0.0913108107  -0.2057565306   0.0555568081   0.0007501563
        0.0027394625  -0.0003182663   0.0000596843   0.0009274306  -0.0002847055
       -0.0000494072   0.0000166979  -0.0002745005   0.0000624021   0.0000011116
        0.0001391741  -0.0000099340  -0.0001451733   0.0000475335   0.0001438358
        0.0002055571   0.0000938947  -0.0007388817  -0.0007647314   0.0008434422
        0.0000937477   0.0000018261   0.0000631059  -0.0008139316   0.0000582581
       -0.0001171195  -0.0001626936  -0.0000213902  -0.0001726670   0.0000365313
       -0.0004397564  -0.0002508886   0.0000746838   0.0000111863  -0.0002052285
       -0.0006914991   0.0005383551  -0.0005687443   0.1047281730   0.2392607494
       -0.0629775690  -0.0090889948  -0.0114533262   0.0009289059   0.0002110565
        0.0004510717   0.0000386779  -0.0001900623   0.0001760497  -0.0000185768
        0.0000926472  -0.0000417238  -0.0000365727   0.0000519086   0.0000155720
       -0.0000740699  -0.0000338592   0.0000711832   0.0000849460   0.0000756409
        0.0001149972   0.0000050975  -0.0000253226  -0.0000598863  -0.0000441390
        0.0002162680  -0.0003365650   0.0001242153  -0.0000471783  -0.0000125666
       -0.0000046926   0.0000235801  -0.0000032476   0.0000153923  -0.0000037966
        0.0000106074   0.0000062052  -0.0000592744   0.0000194715   0.0000621657
       -0.0000687851  -0.0000228414  -0.0000178098  -0.0000264321   0.0000593104
        0.0000713412  -0.0003342578   0.0007578130  -0.0002547591   0.0000027902
       -0.0000878721   0.0000296180  -0.0000670462  -0.0000276127   0.0000575413
       -0.0010314360   0.0011461301   0.0001148365   0.0010599019   0.0051599718
       -0.0008108994   0.0295393995   0.0549943934  -0.0606035960   0.0144410704
        0.0208678906  -0.0105147258   0.0035789761  -0.0007520209  -0.0041160525
        0.0002130649  -0.0001011540   0.0003276560  -0.0000650485  -0.0002929345
        0.0001367476  -0.0001666339  -0.0004438099  -0.0003770264  -0.0001263671
       -0.0002183256  -0.0000734856   0.0002234185   0.0001753098  -0.0001586024
        0.0000481589  -0.0000229710   0.0001412099   0.0002755633   0.0006805503
        0.0004856028  -0.0000261613  -0.0000219722  -0.0000637929   0.0000143347
        0.0000151660  -0.0001161273  -0.0000202306  -0.0000230348   0.0000343754
       -0.0005437459   0.0005168098  -0.0003699609  -0.0343467823  -0.0629775690
        0.0720588635  -0.0124214904  -0.0195931707   0.0050375268  -0.0000887383
        0.0007193340   0.0004410310  -0.0000182576   0.0000120598   0.0002536303
        0.0006765780   0.0012267063  -0.0008600546  -0.0000518278  -0.0000228566
        0.0000053775  -0.0000425029   0.0001381102   0.0000796873   0.0000388655
       -0.0000333574   0.0000390178   0.0000013525   0.0000598431   0.0000469664
       -0.0000329663   0.0000755028  -0.0000651220   0.0000176726   0.0000065622
       -0.0000157552   0.0000112379   0.0000334456   0.0000317608  -0.0000279233
       -0.0000135310  -0.0000225864  -0.0000013386   0.0000405096  -0.0000396352
        0.0000537721  -0.0000738919  -0.0000638149   0.0000070838  -0.0000046218
       -0.0000053039  -0.0015014081  -0.0010905908  -0.0009072425   0.0000883141
        0.0000238074  -0.0001570413   0.0002240943  -0.0002062908   0.0001065356
       -0.0003455232  -0.0000814212  -0.0001528500  -0.0183687051  -0.0009785107
       -0.0150171884  -0.1318464662  -0.0414210860  -0.1057341746   0.0079358835
        0.0045053206   0.0118358220   0.0003391191   0.0002086514  -0.0002596200
       -0.0000484338  -0.0000598721  -0.0001366866   0.0000722102  -0.0007599436
        0.0001443675   0.0002536901  -0.0007568802   0.0004632296  -0.0000386607
        0.0000315541   0.0000288419   0.0000235395   0.0000318439  -0.0000621710
       -0.0005796845  -0.0002149344   0.0001720559  -0.0021592407   0.0035022788
       -0.0011980650  -0.0008083142  -0.0003356948  -0.0003015800  -0.0004414369
       -0.0000377774  -0.0005001623  -0.0000782836   0.0000060389   0.0000839038
       -0.0000424400   0.0000016898  -0.0001186633  -0.0122010271  -0.0090889948
       -0.0124214904   0.1581614289   0.0442088342   0.1184847142  -0.0006583650
        0.0004992808   0.0030330844   0.0009536949   0.0001724571   0.0007091558
       -0.0000776590   0.0000867682  -0.0000883262  -0.0000414584   0.0000470283
        0.0000453015   0.0003120526   0.0002264348   0.0002339171  -0.0000532942
       -0.0000946492   0.0002173103   0.0000421737  -0.0000012535   0.0000230265
        0.0000209284   0.0000034149   0.0000228266   0.0000319471  -0.0000676981
        0.0000489512  -0.0000380415  -0.0000722198  -0.0000366420  -0.0000794351
        0.0001195238  -0.0000268111  -0.0002550283  -0.0001244109   0.0003765041
        0.0000091668   0.0000540226  -0.0000697645   0.0000678288   0.0000704936
       -0.0000203801  -0.0000131078   0.0001606992   0.0000457586  -0.0001015006
        0.0000818783   0.0001096093   0.0000524423   0.0000771336   0.0000661951
        0.0003136084   0.0002340656  -0.0000788924   0.0164352469   0.0029687357
        0.0145014947  -0.0414980355  -0.0601787003  -0.0447605199  -0.0018253940
       -0.0016973205  -0.0066040719   0.0001518004   0.0003801726   0.0003329485
       -0.0000986193  -0.0001278105   0.0000968785  -0.0000768163  -0.0014488076
        0.0008171117  -0.0009482317  -0.0002880804   0.0010674989   0.0000035386
        0.0000427592  -0.0002127675   0.0000167952  -0.0002092291  -0.0000930556
       -0.0003186651  -0.0001113458   0.0000835482   0.0018074381  -0.0029507944
        0.0006499392   0.0008116485   0.0002399219   0.0002187829   0.0007587543
        0.0007738492   0.0007531171  -0.0000311079   0.0000376173   0.0000731237
       -0.0003589142  -0.0000160409  -0.0002213236  -0.0206291919  -0.0114533262
       -0.0195931707   0.0442088342   0.0750612245   0.0560153120   0.0007527790
        0.0003574203  -0.0016217633  -0.0001014072  -0.0001234028  -0.0006627418
       -0.0000290031  -0.0001485974  -0.0000403091   0.0000750040  -0.0000213074
        0.0000037562   0.0001735238  -0.0015578344  -0.0003832113   0.0001441916
       -0.0001320718  -0.0000465617  -0.0000527916  -0.0000339157   0.0000617352
       -0.0000185280  -0.0000201859  -0.0000124804  -0.0000643155   0.0000560996
       -0.0000522938  -0.0000652427  -0.0000748309  -0.0000546564   0.0001506213
       -0.0000092830  -0.0000938439   0.0002514303   0.0001483459  -0.0002843039
       -0.0000465521   0.0000298940   0.0001002761   0.0000358011  -0.0000534112
        0.0000012886   0.0000665889   0.0002121986   0.0000214404   0.0000057637
        0.0000278712   0.0000592592  -0.0000005524   0.0000861206  -0.0000415440
       -0.0004441810  -0.0000243608  -0.0001586698  -0.0057346226  -0.0013186105
       -0.0042872879  -0.1055372200  -0.0444022921  -0.1635337505  -0.0132939534
       -0.0106373874  -0.0271113163  -0.0005964062  -0.0005474383   0.0007083383
       -0.0001209798  -0.0000416522  -0.0002213731  -0.0000834945   0.0000849606
        0.0003626867   0.0005654687   0.0008941165  -0.0006803741   0.0001440371
        0.0002489866   0.0000050451   0.0000564811   0.0000253187   0.0000028589
        0.0002949017  -0.0001259644   0.0003284534  -0.0004226564   0.0012797887
        0.0004637551  -0.0002928276  -0.0001279251  -0.0001133839   0.0011842792
       -0.0005422424   0.0012901098   0.0000219319  -0.0000298695   0.0000282625
        0.0000265017   0.0001285864   0.0001647460   0.0026843101   0.0009289059
        0.0050375268   0.1184847142   0.0560153120   0.1915098536   0.0034819575
       -0.0015582864  -0.0054607657  -0.0004051663   0.0000257785   0.0007890734
       -0.0000439006  -0.0001255645   0.0002181365   0.0000465383  -0.0000129262
       -0.0000394738  -0.0000573865   0.0001104017   0.0004719165   0.0000276792
       -0.0001104425   0.0000825646  -0.0000649298  -0.0000546159   0.0001265399
        0.0000047182   0.0000191594  -0.0000473740   0.0000567638  -0.0000514304
       -0.0000185685  -0.0000220519   0.0000303223   0.0000037331   0.0000289046
       -0.0000671270  -0.0000508081  -0.0000918430  -0.0000021973   0.0000695574
       -0.0000114650   0.0000173769   0.0000199864   0.0000066471   0.0000581898
        0.0000389611  -0.0000142846   0.0000053278  -0.0001268344   0.0000800593
       -0.0000773322   0.0000822823   0.0000414756  -0.0000148667   0.0000455924
        0.0000407183  -0.0000611227  -0.0000342523   0.0004105253   0.0000352397
       -0.0000615711   0.0086771488   0.0062813860   0.0110572633  -0.1177628697
       -0.0573513612  -0.0949489040  -0.0071044944  -0.0094205888  -0.0068439728
        0.0002405576   0.0007761836  -0.0004198158  -0.0000544146  -0.0000341135
       -0.0001669684  -0.0009489313  -0.0020897259   0.0009410289   0.0002496748
        0.0006256412   0.0002105699  -0.0000463484   0.0000724500   0.0000225908
        0.0000599709  -0.0002698963  -0.0000938333   0.0002136965   0.0003745994
        0.0003783696  -0.0000669737  -0.0000996009  -0.0001180383  -0.0001262378
       -0.0000145364  -0.0000459950   0.0000077174  -0.0000284054  -0.0000095912
       -0.0011530102  -0.0000006369   0.0001207317   0.0006378347   0.0002110565
       -0.0000887383  -0.0006583650   0.0007527790   0.0034819575   0.1379634337
        0.0689763943   0.1068537151  -0.0179013866  -0.0085634585  -0.0199009714
       -0.0002046695  -0.0000263912   0.0000006427  -0.0002339096   0.0000675948
       -0.0001124739  -0.0000201388  -0.0000242262   0.0000388447  -0.0000017968
       -0.0000042643  -0.0000210128   0.0001483306  -0.0000645002   0.0000807161
       -0.0000163449  -0.0000327716   0.0000075342   0.0000048501   0.0000343147
        0.0000036230   0.0000246472   0.0002102027  -0.0001468012   0.0000651269
       -0.0000669757   0.0000503355   0.0000024964  -0.0000066447  -0.0000266232
        0.0000625457  -0.0000936461  -0.0000307145  -0.0000257969   0.0000136924
       -0.0000008483  -0.0008106401  -0.0006784718   0.0008520318  -0.0015836086
        0.0006145093  -0.0009179520  -0.0000893381  -0.0001147055  -0.0001108770
        0.0001379209  -0.0002081252  -0.0000341639  -0.0002222858   0.0000580245
       -0.0000817312  -0.0032872902  -0.0022816230  -0.0061120961  -0.0563521585
       -0.0871279459  -0.0728912747  -0.0172848132  -0.0185476166  -0.0159474908
       -0.0008645653  -0.0000114234  -0.0011430266  -0.0000639227   0.0000994720
       -0.0002159951  -0.0024796809  -0.0045539960   0.0028399377   0.0001285074
        0.0008978219   0.0001789537  -0.0000767631  -0.0000046163  -0.0000367091
       -0.0001499115  -0.0004748516  -0.0006763394   0.0003015158  -0.0001493551
       -0.0001842979  -0.0000536403  -0.0000464872   0.0000105958  -0.0000210795
        0.0000103945   0.0001311707  -0.0000279383   0.0000309100   0.0000548314
       -0.0004882680   0.0002450737  -0.0001800946  -0.0000139714   0.0004510717
        0.0007193340   0.0004992808   0.0003574203  -0.0015582864   0.0689763943
        0.1026378152   0.0818523390   0.0112900631   0.0076429764   0.0122421372
       -0.0000578122   0.0002943112  -0.0000305016  -0.0000853062   0.0004728151
       -0.0001700385   0.0000465548   0.0000398438  -0.0000070515  -0.0000130912
        0.0000540796   0.0000287852   0.0000401832  -0.0005782583   0.0007428638
       -0.0000258670   0.0000089323   0.0000084049   0.0000724158  -0.0000124409
       -0.0000097991  -0.0000066571   0.0005160802  -0.0005447376  -0.0000478104
       -0.0002504919   0.0002080158  -0.0000144872   0.0000036451   0.0000149729
       -0.0000106468   0.0000122657  -0.0000109241   0.0000146400   0.0000299684
        0.0000237941  -0.0003451477   0.0000990289   0.0002609533   0.0006900850
        0.0003801366   0.0003782034  -0.0002044465  -0.0000948558   0.0001392651
        0.0000688826  -0.0002173221  -0.0000926967  -0.0000879869  -0.0001578159
        0.0004715929  -0.0118136586  -0.0113632343  -0.0229810921  -0.0932966200
       -0.0723330793  -0.1564256737   0.0050492979   0.0040769049   0.0068830353
       -0.0006647879  -0.0001845421   0.0001439953   0.0000225004  -0.0000371587
        0.0001534896  -0.0000577888   0.0013606930  -0.0005694087   0.0003719040
        0.0008884297   0.0001239145  -0.0000722090   0.0000794341  -0.0000445703
        0.0001981844   0.0000342051   0.0002655143   0.0002151852  -0.0003292335
       -0.0003228287  -0.0000300761   0.0000318642   0.0000163761   0.0000186547
        0.0001540698   0.0001631748   0.0000352410  -0.0000504425  -0.0000390331
       -0.0005862064  -0.0001312271   0.0003619299  -0.0005269364   0.0000386779
        0.0004410310   0.0030330844  -0.0016217633  -0.0054607657   0.1068537151
        0.0818523390   0.1841034409  -0.0087529087  -0.0031933703  -0.0073806154
        0.0000002466  -0.0000076075   0.0001956493   0.0000135831  -0.0002341569
       -0.0000877087  -0.0000633550   0.0001401167   0.0000710947   0.0000283706
       -0.0000042532   0.0000361807   0.0001609437   0.0003654963  -0.0004159215
       -0.0000122982   0.0000275536   0.0000061818   0.0000299711  -0.0000066058
        0.0000207052   0.0000423584  -0.0000800240   0.0001482953   0.0000497860
        0.0000728587  -0.0000848018  -0.0000033794   0.0000326275   0.0000061549
       -0.0000534533   0.0000318382   0.0000389877   0.0000134643   0.0000325977
        0.0000069576   0.0006277291   0.0006259931  -0.0002876898  -0.0005194993
       -0.0000505398   0.0006134497  -0.0002919386   0.0001566768  -0.0000783455
        0.0000343940  -0.0002920767   0.0000409426  -0.0011974459   0.0001583790
        0.0036695891  -0.0160195514   0.0122185166  -0.0006680942  -0.1771865540
        0.1050978556  -0.0453694680   0.0064687528  -0.0057661226   0.0023249217
        0.0000177901  -0.0016014586   0.0000324949   0.0000878486   0.0000521130
       -0.0000873988   0.0003633201   0.0002981101   0.0003445737  -0.0001217830
        0.0003299369  -0.0000436241   0.0000873062  -0.0002216851  -0.0000216001
        0.0000962820  -0.0001111005   0.0000357237   0.0001758743   0.0001434824
        0.0000474757   0.0000100923  -0.0000942574  -0.0000712650  -0.0006714657
        0.0008139327   0.0001533079  -0.0000631585   0.0001373698   0.0000361645
       -0.0003133333  -0.0000347329  -0.0001433225  -0.0003121831  -0.0001900623
       -0.0000182576   0.0009536949  -0.0001014072  -0.0004051663  -0.0179013866
        0.0112900631  -0.0087529087   0.2046724183  -0.1215030014   0.0482802463
        0.0007231236  -0.0002298703  -0.0000349970   0.0002405362  -0.0003332530
        0.0002399190  -0.0000658126  -0.0000083058   0.0000120506  -0.0000185130
       -0.0000012738   0.0000286653   0.0000499018  -0.0000121067   0.0001174622
        0.0000195773   0.0000309920   0.0000044391   0.0000368009  -0.0000356926
        0.0000150970  -0.0000233457   0.0001003555   0.0000105100  -0.0000323408
       -0.0001015644   0.0000409860  -0.0000585458  -0.0000383100  -0.0000082524
        0.0000311112  -0.0000147649  -0.0000215588   0.0000274395  -0.0000578948
       -0.0000070202  -0.0001546495   0.0001170473  -0.0000893437   0.0000661024
       -0.0000322905   0.0002037460  -0.0000222973  -0.0000069226   0.0001039621
       -0.0001961077   0.0001839696   0.0001355879   0.0009629134   0.0003955765
       -0.0016492554   0.0070785141  -0.0041283087  -0.0003183099   0.1042118062
       -0.1229478785   0.0325778835   0.0186102306  -0.0212407111   0.0091733493
       -0.0027838801  -0.0052223911   0.0019178913  -0.0000361318   0.0000934604
       -0.0000715779   0.0013666134   0.0003319301   0.0005483388  -0.0002880192
        0.0006389041  -0.0002103722  -0.0000779504   0.0001924218  -0.0000577957
       -0.0001058358   0.0003119255  -0.0002068098   0.0001080818  -0.0002334670
       -0.0000391534  -0.0000265512   0.0000643221   0.0000485924   0.0002608208
       -0.0003128170  -0.0000135128   0.0000416417  -0.0000700801  -0.0000816451
       -0.0001907203   0.0000665577  -0.0000323532  -0.0000662466   0.0001760497
        0.0000120598   0.0001724571  -0.0001234028   0.0000257785  -0.0085634585
        0.0076429764  -0.0031933703  -0.1215030014   0.1446411534  -0.0394297375
        0.0002921321   0.0007396179  -0.0000496884   0.0011342554  -0.0013943367
        0.0005931871  -0.0000097001  -0.0000201909  -0.0000215735  -0.0000085094
        0.0000863226   0.0000634541   0.0000188265  -0.0000469119  -0.0000006027
       -0.0000371848   0.0000529350   0.0000171822  -0.0000479749   0.0000184179
       -0.0000073965  -0.0000258170   0.0000192365   0.0001799584  -0.0003585698
        0.0000683929   0.0000157875   0.0000415081   0.0000186731   0.0000044923
       -0.0000137630   0.0000004212   0.0000118056   0.0000012455   0.0000285099
        0.0000264401   0.0000644442   0.0000665696  -0.0000698205   0.0000469609
       -0.0001018108   0.0000605521  -0.0000730300   0.0000039627   0.0000406338
       -0.0000578819   0.0001848583  -0.0001503728   0.0026907728  -0.0009174492
       -0.0034936269   0.0203532860  -0.0153083500   0.0022107673  -0.0454149711
        0.0327087704  -0.0559858635  -0.0076421689   0.0089360800  -0.0033900273
        0.0007743616   0.0027362838  -0.0006849972  -0.0000365078  -0.0001270728
        0.0000882847   0.0000139159  -0.0003858609   0.0002224236   0.0003143578
        0.0000424183   0.0000590584   0.0000061964   0.0000163030  -0.0000117045
       -0.0000307648   0.0000079936  -0.0000952920   0.0001455179  -0.0003153790
       -0.0001467752   0.0001135762   0.0000436395   0.0000937724   0.0007026600
       -0.0008461634  -0.0001961856  -0.0000257156  -0.0000266823   0.0000705184
       -0.0002745888  -0.0000040076   0.0000527147  -0.0000814172  -0.0000185768
        0.0002536303   0.0007091558  -0.0006627418   0.0007890734  -0.0199009714
        0.0122421372  -0.0073806154   0.0482802463  -0.0394297375   0.0680137975
       -0.0003854922   0.0003724737  -0.0001195483  -0.0004733008   0.0006248235
       -0.0003221168   0.0000637108   0.0000078391   0.0000029846   0.0000137516
       -0.0000140403  -0.0000261422  -0.0000503392  -0.0000165960   0.0000933268
       -0.0000032991  -0.0000332211  -0.0000152289   0.0000220266  -0.0000006177
       -0.0000278260   0.0000317367   0.0000079057  -0.0001136072   0.0000903497
        0.0000235005   0.0001025874   0.0000484551   0.0000377649  -0.0000285939
       -0.0000228439   0.0000331839   0.0000357318   0.0000227403   0.0000223262
        0.0000007658  -0.0000164207   0.0001122347  -0.0001154000   0.0000896448
       -0.0000572032   0.0001513342  -0.0000697791   0.0000031633   0.0000631523
       -0.0037674863   0.0038623769  -0.0010855867   0.0002098924  -0.0000145357
       -0.0002682653  -0.0002614837  -0.0026557161   0.0006383732  -0.0079858508
       -0.0001394346   0.0105192784  -0.1420506058   0.0290962396   0.1078273904
       -0.0163121157   0.0064585791   0.0172230938  -0.0004863074  -0.0010533438
       -0.0011841969   0.0065051102  -0.0013691599  -0.0071468388  -0.0001172337
       -0.0002757716  -0.0004475248  -0.0000420017  -0.0001077901   0.0010128963
        0.0005701732  -0.0007835343  -0.0008045400   0.0001825556   0.0001293555
        0.0000958356   0.0000179771  -0.0000656895  -0.0000176973   0.0000546652
       -0.0000414966  -0.0000708147  -0.0004885088   0.0005523702   0.0002767333
       -0.0000661604  -0.0000523067  -0.0000427717  -0.0003690760   0.0000926472
        0.0006765780  -0.0000776590  -0.0000290031  -0.0000439006  -0.0002046695
       -0.0000578122   0.0000002466   0.0007231236   0.0002921321  -0.0003854922
        0.1633136165  -0.0328630886  -0.1261791421   0.0007568564  -0.0004880024
        0.0001383057   0.0001049714  -0.0001544368  -0.0001952558   0.0000353865
       -0.0000922964  -0.0000573383  -0.0001516489  -0.0001349705  -0.0006047203
        0.0000240220  -0.0000045577   0.0000076831   0.0000595344   0.0000004975
       -0.0000038919  -0.0001204003  -0.0001016275   0.0002481503  -0.0000594257
        0.0000445481  -0.0000897979  -0.0000247054  -0.0000093686  -0.0000157961
        0.0000348014  -0.0000227086  -0.0000254681   0.0000199400  -0.0000791297
       -0.0000477100   0.0000206712   0.0000330600   0.0000319108  -0.0000700458
        0.0000243608   0.0000433774   0.0000220879   0.0000096141  -0.0000231033
        0.0027443367  -0.0024308719  -0.0003718380   0.0001057723  -0.0001107618
       -0.0001052025  -0.0024002164  -0.0039865204   0.0018619825  -0.0169347943
        0.0011143795   0.0195317164   0.0290048496  -0.0456521490  -0.0297628776
        0.0106568193  -0.0033037158  -0.0108349717   0.0006558950  -0.0017278977
       -0.0025328327   0.0081299423  -0.0048346262  -0.0138510028  -0.0000158621
       -0.0002271873   0.0001972719   0.0000779152   0.0000465273  -0.0006120010
        0.0010590201   0.0000207609   0.0004111376  -0.0000033132  -0.0000417949
        0.0000253502  -0.0000020012   0.0000160088  -0.0000264418   0.0000217327
       -0.0000216909   0.0000175452   0.0002956020  -0.0003348741  -0.0001792712
       -0.0000850776   0.0000301678  -0.0000434092  -0.0007529650  -0.0000417238
        0.0012267063   0.0000867682  -0.0001485974  -0.0001255645  -0.0000263912
        0.0002943112  -0.0000076075  -0.0002298703   0.0007396179   0.0003724737
       -0.0328630886   0.0607306750   0.0351324068   0.0001443882   0.0000856764
       -0.0004720768   0.0003429802  -0.0004336784  -0.0001821990   0.0001583284
       -0.0002036143  -0.0001868152  -0.0000369180   0.0003511906   0.0000699519
       -0.0000147959   0.0000125811  -0.0000112421  -0.0000399694  -0.0000123739
        0.0000083181  -0.0000818002  -0.0003654593   0.0004567294  -0.0000385613
        0.0003959965  -0.0000930486   0.0000106570  -0.0000075263   0.0000100185
       -0.0000068307  -0.0000094003   0.0000060547  -0.0000019174   0.0000457635
        0.0000388624   0.0000359727   0.0000292378   0.0000194018   0.0000033812
       -0.0000196900   0.0000074696   0.0000000117   0.0000012594   0.0000050051
       -0.0015517757   0.0003047887  -0.0001344382  -0.0001224362   0.0000170806
        0.0001274217   0.0015075950   0.0031875271  -0.0003130784   0.0098461980
        0.0008276592  -0.0102164925   0.1078771985  -0.0311862753  -0.1609364032
       -0.0060156411   0.0013855648   0.0059576145  -0.0004727105  -0.0023329418
       -0.0025373590   0.0138785324  -0.0067070142  -0.0175782012   0.0003844033
        0.0005923100   0.0004925483  -0.0001694246   0.0002704951   0.0001936875
        0.0008569878  -0.0002046743   0.0007457203  -0.0001213203  -0.0000265234
       -0.0000662133  -0.0000387515   0.0000273248   0.0000317094  -0.0001095838
        0.0000626575   0.0001032185   0.0000031700  -0.0000625174   0.0000268012
        0.0000189509  -0.0000175307   0.0000698478   0.0005418888  -0.0000365727
       -0.0008600546  -0.0000883262  -0.0000403091   0.0002181365   0.0000006427
       -0.0000305016   0.0001956493  -0.0000349970  -0.0000496884  -0.0001195483
       -0.1261791421   0.0351324068   0.1841805664  -0.0000541184  -0.0004128886
        0.0005088499   0.0003900700  -0.0004279545  -0.0001667653   0.0003014129
       -0.0003347512  -0.0002752393   0.0002046075  -0.0002454652  -0.0000374784
       -0.0000305122  -0.0000614685  -0.0000136276   0.0000207872   0.0000122607
       -0.0000043385  -0.0002676791  -0.0002686225   0.0008149740  -0.0005939975
        0.0005372031  -0.0004128610   0.0000368594   0.0000128669   0.0000104234
       -0.0000138293   0.0000022190  -0.0000047717  -0.0000186800   0.0000964486
        0.0000358269  -0.0000213763  -0.0000170532  -0.0000493686   0.0000327386
       -0.0000129672   0.0000062510   0.0000022589   0.0000069069   0.0000069928
       -0.0066801454  -0.0121079586   0.0110363362  -0.0007326232   0.0011617684
        0.0028037404   0.0000340948   0.0000813170  -0.0000993214  -0.0029452863
        0.0024058907  -0.0019119963   0.0042723926   0.0188608065  -0.0104639753
       -0.0605784421  -0.0523729842   0.0346361543   0.0002239704  -0.0000455485
       -0.0012360325   0.0003767035   0.0008222565  -0.0002441379  -0.0199031134
       -0.0299317822  -0.0046298104  -0.0000594732  -0.0012475345   0.0009361872
       -0.0001057014  -0.0000397117   0.0001096029   0.0001288209   0.0000408623
       -0.0000484357  -0.0000504242  -0.0000358835  -0.0000467211  -0.0003458521
       -0.0006267534   0.0007800601   0.0002399983   0.0000174088  -0.0006690990
       -0.0001337355  -0.0001705762   0.0001630466   0.0000109568   0.0000519086
       -0.0000518278  -0.0000414584   0.0000750040   0.0000465383  -0.0002339096
       -0.0000853062   0.0000135831   0.0002405362   0.0011342554  -0.0004733008
        0.0007568564   0.0001443882  -0.0000541184   0.0848649596   0.0698519084
       -0.0306063477  -0.0001767787   0.0000674027   0.0000006902   0.0002096473
        0.0000251197  -0.0001236749   0.0008181190   0.0006682163  -0.0001115836
       -0.0003252997   0.0010728167   0.0003109197  -0.0001571133  -0.0000588140
       -0.0000988386   0.0000328933  -0.0000132994   0.0000178626   0.0000142112
        0.0000149260   0.0000303604   0.0000018422   0.0000032634  -0.0000138937
        0.0000133789  -0.0000053578   0.0000039194   0.0000420850  -0.0000678161
        0.0000319766  -0.0000232726   0.0000153599   0.0000333148   0.0002236714
        0.0002876123  -0.0000946564  -0.0000125086   0.0000068347   0.0000234787
        0.0004666402   0.0025885726  -0.0000398106   0.0002802156   0.0004480474
       -0.0006905275  -0.0001106826   0.0000407100  -0.0001300687   0.0042641355
       -0.0022258354   0.0019593537  -0.0025834877  -0.0203844879   0.0132406921
       -0.0494113413  -0.1703744852   0.0764809237   0.0001873072   0.0005173213
       -0.0011081294  -0.0003725847  -0.0002871268  -0.0004894108  -0.0227841414
       -0.0234140138  -0.0082488247   0.0007536968   0.0006454976  -0.0016996631
        0.0001737846   0.0000658187  -0.0000937802   0.0000429142  -0.0001861003
       -0.0000367693   0.0000827860   0.0000419176  -0.0000386331   0.0000810928
        0.0000118020  -0.0000553609  -0.0000564431   0.0002976340   0.0002922593
       -0.0002113717  -0.0000823431   0.0001373059   0.0000443702   0.0000155720
       -0.0000228566   0.0000470283  -0.0000213074  -0.0000129262   0.0000675948
        0.0004728151  -0.0002341569  -0.0003332530  -0.0013943367   0.0006248235
       -0.0004880024   0.0000856764  -0.0004128886   0.0698519084   0.2124155267
       -0.0789529875   0.0000453036  -0.0000089758  -0.0000594396   0.0000537278
        0.0002059679  -0.0002268532  -0.0004435679   0.0004612601  -0.0000768209
        0.0002372046   0.0000261688  -0.0002193923  -0.0000806592  -0.0001588250
        0.0000711355  -0.0000348122  -0.0000198661   0.0000279411   0.0000073894
       -0.0000407267  -0.0000187148  -0.0000059917  -0.0000132157  -0.0000066440
       -0.0000110369   0.0000241107   0.0000315944  -0.0000215198  -0.0000345058
       -0.0000110271   0.0000397444   0.0000391615   0.0000118083   0.0002525870
        0.0002414734  -0.0000077483  -0.0000305356   0.0000010980   0.0000155968
        0.0120911250   0.0192776002  -0.0170624912   0.0016417609  -0.0021864906
       -0.0040357583   0.0000097057  -0.0001569337   0.0003760890  -0.0021108834
        0.0009054762   0.0000867333   0.0012351862   0.0087788812  -0.0037438791
        0.0323444134   0.0733765884  -0.0824033019   0.0006434213   0.0005941135
       -0.0001168459  -0.0002923716   0.0009974745  -0.0001525437  -0.0144722970
       -0.0206632162   0.0040594812  -0.0004079175   0.0012842477   0.0001473268
       -0.0000419396  -0.0001548496   0.0000276318  -0.0002807821  -0.0001397039
       -0.0001139353   0.0001013269   0.0000670599   0.0001127205   0.0005087749
        0.0010801434  -0.0011118126  -0.0003343441  -0.0000959753   0.0004390384
       -0.0000805125  -0.0001456198   0.0001356974  -0.0000316482  -0.0000740699
        0.0000053775   0.0000453015   0.0000037562  -0.0000394738  -0.0001124739
       -0.0001700385  -0.0000877087   0.0002399190   0.0005931871  -0.0003221168
        0.0001383057  -0.0004720768   0.0005088499  -0.0306063477  -0.0789529875
        0.1029858808  -0.0000209164  -0.0001202142   0.0002702487  -0.0000970760
       -0.0008005867  -0.0007555708  -0.0007235335  -0.0020248391   0.0009405480
        0.0003935211  -0.0009100173   0.0001591158  -0.0000848799  -0.0000799701
       -0.0000037743   0.0000033494  -0.0000256669  -0.0000516235   0.0000999495
        0.0000025363   0.0000161292   0.0000476020  -0.0000087834   0.0000207014
       -0.0000175882   0.0000413208  -0.0000092849   0.0000673210   0.0000901504
       -0.0001371608  -0.0000330098  -0.0000758969   0.0000057682   0.0001121236
        0.0001693810  -0.0001594752   0.0000254144  -0.0000039806   0.0000094190
        0.0012224460   0.0005084651  -0.0226274315   0.0008166351   0.0003271944
       -0.0014036866   0.0000336477  -0.0001982712   0.0001118495   0.0000242763
        0.0000816149   0.0002014407  -0.0014296824   0.0012622182   0.0012165246
       -0.0031350523  -0.0009701623  -0.0017021944  -0.0423554364  -0.0028369040
        0.0226417090  -0.0043501456   0.0002697210   0.0219543999   0.0003096179
       -0.0004447850  -0.0011606153  -0.0003867001  -0.0005227519  -0.0009047873
        0.0002022136   0.0009713524   0.0007950574   0.0001043886   0.0001312786
       -0.0001445904   0.0000461519  -0.0000333092   0.0000322848  -0.0010949792
       -0.0005721421   0.0003405951  -0.0000689426  -0.0000843478   0.0005165362
        0.0000189247  -0.0000092228   0.0000454573  -0.0000848264  -0.0000338592
       -0.0000425029   0.0003120526   0.0001735238  -0.0000573865  -0.0000201388
        0.0000465548  -0.0000633550  -0.0000658126  -0.0000097001   0.0000637108
        0.0001049714   0.0003429802   0.0003900700  -0.0001767787   0.0000453036
       -0.0000209164   0.0500897260   0.0021233982  -0.0256718686   0.0010058114
       -0.0017732972   0.0067700457  -0.0000875851  -0.0001790137  -0.0003075770
       -0.0000902798  -0.0000598920   0.0000445493  -0.0003041576   0.0002798918
        0.0000383122  -0.0004876939  -0.0005165443   0.0001180072   0.0003316176
        0.0006023360  -0.0010626156   0.0000586154   0.0000138155   0.0000560132
       -0.0000670664   0.0000314049  -0.0000010489  -0.0005002439   0.0009390439
       -0.0002292395   0.0000015312   0.0000190404   0.0000062879   0.0000043142
        0.0000422258   0.0000325478   0.0000185800   0.0000328392   0.0000244174
        0.0002070714   0.0001871495  -0.0073230158  -0.0002500065   0.0000795873
       -0.0011709858  -0.0003736055  -0.0004197817  -0.0005524044   0.0000773158
       -0.0000909271  -0.0001082439   0.0011578502  -0.0018382795  -0.0016550409
       -0.0008086980  -0.0008822509  -0.0011796577  -0.0028726612  -0.0392199805
        0.0181324348   0.0055323996  -0.0002021169  -0.0175871494   0.0002303031
       -0.0000371341  -0.0005031432   0.0000459017   0.0001308363   0.0003421058
       -0.0008349281   0.0002225367  -0.0008112227  -0.0000398164  -0.0000437960
       -0.0000053157   0.0000874361   0.0000435462   0.0000801167  -0.0008605415
        0.0000723653   0.0000701554  -0.0000832309  -0.0002344351  -0.0002853880
        0.0000032705  -0.0000246180   0.0000009565   0.0001398532   0.0000711832
        0.0001381102   0.0002264348  -0.0015578344   0.0001104017  -0.0000242262
        0.0000398438   0.0001401167  -0.0000083058  -0.0000201909   0.0000078391
       -0.0001544368  -0.0004336784  -0.0004279545   0.0000674027  -0.0000089758
       -0.0001202142   0.0021233982   0.0509541875  -0.0194426893  -0.0042986022
       -0.0061084383   0.0318350851  -0.0000976061  -0.0000240771  -0.0001016161
       -0.0000659121   0.0000331708  -0.0000798334  -0.0000142717   0.0000800724
       -0.0001545490  -0.0000818136   0.0004840159  -0.0002948886  -0.0001898628
       -0.0007630594   0.0006688952   0.0000525994  -0.0000114430  -0.0000091101
        0.0000222628   0.0000172741  -0.0000121154   0.0010515663  -0.0004833859
        0.0002995893  -0.0000013430  -0.0000286688  -0.0000172218   0.0000047377
        0.0000015004   0.0000051958   0.0000300646   0.0000158025   0.0000107575
       -0.0003630931  -0.0002841565  -0.0157245457   0.0010439262   0.0012337905
        0.0006367115  -0.0000190766   0.0002917474   0.0000843574   0.0000566385
       -0.0000949044  -0.0003043544   0.0008094507  -0.0006811487  -0.0009127912
       -0.0024971109  -0.0011586675  -0.0019438742   0.0208911800   0.0187332490
       -0.2722035982   0.0052224866  -0.0027519827  -0.0117057363   0.0002610393
       -0.0005403456  -0.0010452991  -0.0003364058  -0.0003044833  -0.0010416208
       -0.0014015485   0.0001453857   0.0002743038   0.0000556022   0.0001566485
       -0.0000014539   0.0000964562  -0.0000099329   0.0000557452  -0.0004732770
       -0.0002794467   0.0006221567   0.0001241443  -0.0002704887   0.0006293238
        0.0000384834   0.0000667191   0.0000869943   0.0001386095   0.0000849460
        0.0000796873   0.0002339171  -0.0003832113   0.0004719165   0.0000388447
       -0.0000070515   0.0000710947   0.0000120506  -0.0000215735   0.0000029846
       -0.0001952558  -0.0001821990  -0.0001667653   0.0000006902  -0.0000594396
        0.0002702487  -0.0256718686  -0.0194426893   0.3135978102   0.0021707870
        0.0048820744  -0.0126354877  -0.0001332002  -0.0000308010  -0.0000266184
       -0.0000015755  -0.0001769532  -0.0000135479  -0.0000185746   0.0001725955
        0.0000128978   0.0003974769   0.0004875755  -0.0001396357  -0.0002475940
       -0.0004080161   0.0006507013   0.0000426466   0.0000239982   0.0000198066
       -0.0000861913   0.0000337161   0.0000203137  -0.0002548385   0.0007398130
        0.0002679741   0.0000193418  -0.0000288397   0.0000011346   0.0000387532
        0.0000427831  -0.0000034977   0.0000070857   0.0000212895   0.0000126635
       -0.0086884426  -0.0234240061   0.0040198960  -0.0038606366  -0.0022010046
       -0.0025447130   0.0000039032   0.0001634214  -0.0001457508   0.0001047481
        0.0000355736  -0.0001100872  -0.0012962545   0.0008918516   0.0006114931
       -0.0002753568  -0.0002399955   0.0002646597  -0.0467657371  -0.0425334558
        0.0097957834   0.0007419287   0.0230614257  -0.0039884668  -0.0000760316
        0.0001752904  -0.0000790548   0.0000953409  -0.0016074880   0.0008625185
       -0.0000769088   0.0014638488   0.0008705309  -0.0002500597  -0.0008243443
        0.0007044638  -0.0001198982  -0.0000977924  -0.0001160493  -0.0000018827
        0.0001153284  -0.0001471584  -0.0000785553   0.0001582485  -0.0002512110
       -0.0001577238  -0.0000384449  -0.0000649136   0.0000001882   0.0000756409
        0.0000388655  -0.0000532942   0.0001441916   0.0000276792  -0.0000017968
       -0.0000130912   0.0000283706  -0.0000185130  -0.0000085094   0.0000137516
        0.0000353865   0.0001583284   0.0003014129   0.0002096473   0.0000537278
       -0.0000970760   0.0010058114  -0.0042986022   0.0021707870   0.0605981090
        0.0488927621  -0.0126509339   0.0000370140  -0.0000045687  -0.0000229160
       -0.0003362519   0.0004219357  -0.0007393304   0.0003491069  -0.0000100684
        0.0000638770   0.0000581944   0.0003590618  -0.0005711291  -0.0004429511
       -0.0012452248   0.0008884746  -0.0000416426   0.0001039145  -0.0000822554
        0.0000092520  -0.0000652930   0.0000432671  -0.0006771376   0.0003047410
        0.0008959094  -0.0000024514   0.0000434469   0.0000162525  -0.0000044790
        0.0000091586   0.0000288745  -0.0000226257  -0.0000200081  -0.0000358217
       -0.0061614354  -0.0115047926   0.0017404980  -0.0018878294  -0.0006550194
       -0.0015684421  -0.0000019445   0.0000716322   0.0001821797  -0.0000803156
        0.0001363460   0.0000957110   0.0016529600  -0.0008788403  -0.0009005885
       -0.0001912057  -0.0003799177   0.0005189467  -0.0451152478  -0.2416378497
        0.0556072391   0.0041081568  -0.0225809714   0.0022305708   0.0002628421
        0.0004686696  -0.0001359663   0.0016617771   0.0005344486  -0.0001690762
       -0.0012683041  -0.0000109050  -0.0009761229   0.0000432722  -0.0003953105
        0.0004539321  -0.0000023375  -0.0000059117  -0.0000880062   0.0000831527
       -0.0000357810  -0.0001225915  -0.0000661565   0.0004224789   0.0006639550
       -0.0001193548   0.0000218245  -0.0000107839   0.0000547663   0.0001149972
       -0.0000333574  -0.0000946492  -0.0001320718  -0.0001104425  -0.0000042643
        0.0000540796  -0.0000042532  -0.0000012738   0.0000863226  -0.0000140403
       -0.0000922964  -0.0002036143  -0.0003347512   0.0000251197   0.0002059679
       -0.0008005867  -0.0017732972  -0.0061084383   0.0048820744   0.0488927621
        0.2811133385  -0.0610593367  -0.0000324681  -0.0000667296   0.0000811917
       -0.0001960201   0.0005183053  -0.0001668400   0.0002960469  -0.0000593462
       -0.0000785572  -0.0000187091  -0.0005508675   0.0007401989   0.0004183226
        0.0012399819  -0.0008446534  -0.0000573848   0.0000537719  -0.0000520057
       -0.0000165125  -0.0000420091   0.0000417480  -0.0003105775   0.0002144304
        0.0002346849   0.0000268287   0.0000354568   0.0000115797   0.0000057996
       -0.0000231664   0.0000167518  -0.0000402224  -0.0000205093  -0.0000308598
       -0.0034735514  -0.0115598661   0.0026951364  -0.0010734785  -0.0004155014
       -0.0007277851   0.0000203031   0.0002295002  -0.0001262904  -0.0000412704
        0.0000588232   0.0000904093   0.0009920995  -0.0001899263  -0.0014222403
       -0.0007696891  -0.0007624810   0.0000774207   0.0099660188   0.0528395637
       -0.0545831193   0.0005097579  -0.0098117116   0.0030648765   0.0002605628
        0.0002587266   0.0001053340  -0.0001950078  -0.0004672636   0.0014904283
       -0.0005725998  -0.0004215956   0.0004811044  -0.0002355808  -0.0001920720
        0.0003629712  -0.0000411714  -0.0000180770   0.0000232726  -0.0001615668
        0.0001374239   0.0000004895  -0.0000424326  -0.0002490819  -0.0006186862
        0.0000041282  -0.0000239878  -0.0000175718   0.0000442833   0.0000050975
        0.0000390178   0.0002173103  -0.0000465617   0.0000825646  -0.0000210128
        0.0000287852   0.0000361807   0.0000286653   0.0000634541  -0.0000261422
       -0.0000573383  -0.0001868152  -0.0002752393  -0.0001236749  -0.0002268532
       -0.0007555708   0.0067700457   0.0318350851  -0.0126354877  -0.0126509339
       -0.0610593367   0.0636560556  -0.0000139081  -0.0000437309  -0.0000553561
       -0.0002234383   0.0002072330  -0.0002704895   0.0000751648  -0.0000695308
       -0.0000957531  -0.0003752709  -0.0002155611   0.0001246782   0.0002394409
        0.0003803698  -0.0005537566   0.0000067786   0.0000324827  -0.0000438489
        0.0000119124  -0.0000118300  -0.0000051556   0.0009222499  -0.0000951476
       -0.0001215743  -0.0000028073  -0.0000088070  -0.0000091199  -0.0000111564
       -0.0000094947   0.0000080063   0.0000171679   0.0000086881   0.0000052409
       -0.0015398342  -0.0009970359  -0.0013720126  -0.0000638891   0.0000082648
       -0.0001360295  -0.0001400483   0.0001408248  -0.0000784153  -0.0002635655
        0.0001215620   0.0001351260   0.0018319793  -0.0004681209  -0.0001395047
        0.0123952984  -0.0054441716  -0.0214055652  -0.0001649262  -0.0002399922
       -0.0007638632  -0.0002841843  -0.0002118759  -0.0003320800  -0.1564708332
        0.0437660603   0.1937693349  -0.0001337814   0.0000652550  -0.0002620640
       -0.0000205894  -0.0000114458   0.0000210698   0.0002361828   0.0002100359
       -0.0002057085   0.0000637814  -0.0000947587  -0.0000386482   0.0000338432
       -0.0000247285  -0.0000460382  -0.0000121375   0.0001108460   0.0001127011
       -0.0001501251  -0.0002653946  -0.0002024063   0.0000182063  -0.0000253226
        0.0000013525   0.0000421737  -0.0000527916  -0.0000649298   0.0001483306
        0.0000401832   0.0001609437   0.0000499018   0.0000188265  -0.0000503392
       -0.0001516489  -0.0000369180   0.0002046075   0.0008181190  -0.0004435679
       -0.0007235335  -0.0000875851  -0.0000976061  -0.0001332002   0.0000370140
       -0.0000324681  -0.0000139081   0.1438107964  -0.0359443141  -0.1697820391
        0.0000296838   0.0000098608   0.0001100737   0.0002324130  -0.0001032874
        0.0001100928   0.0000391539   0.0000420577   0.0000481890  -0.0000043205
        0.0000037692  -0.0000085301  -0.0000573402  -0.0000053573   0.0000313688
       -0.0000023590  -0.0000573997   0.0000055947   0.0000300234  -0.0000438877
        0.0000203807  -0.0000727541   0.0000457410   0.0000676951  -0.0001235284
        0.0000660379   0.0008354755  -0.0000734507  -0.0000488805   0.0001248098
       -0.0019765414  -0.0009072420  -0.0015405546  -0.0000255225   0.0000537988
        0.0000253636  -0.0000061663  -0.0001136203   0.0000739811   0.0001392591
        0.0001376645   0.0000661986  -0.0012454628   0.0008920318   0.0005011314
        0.0061267622  -0.0078944079  -0.0152444494   0.0002450440  -0.0001901601
       -0.0006549365   0.0002283370   0.0000729714   0.0002017789   0.0325892910
       -0.0258965886  -0.0744582625   0.0000027988   0.0000706815  -0.0001284768
       -0.0000012655  -0.0000531567   0.0000526706  -0.0000993657   0.0001548692
        0.0001281467   0.0000327796  -0.0000821754  -0.0000159108   0.0000178382
        0.0000086490  -0.0000286719  -0.0000162950  -0.0000783857   0.0003076589
       -0.0001040995  -0.0003962391   0.0001209596  -0.0000232379  -0.0000598863
        0.0000598431  -0.0000012535  -0.0000339157  -0.0000546159  -0.0000645002
       -0.0005782583   0.0003654963  -0.0000121067  -0.0000469119  -0.0000165960
       -0.0001349705   0.0003511906  -0.0002454652   0.0006682163   0.0004612601
       -0.0020248391  -0.0001790137  -0.0000240771  -0.0000308010  -0.0000045687
       -0.0000667296  -0.0000437309  -0.0359443141   0.0341405067   0.0927674285
       -0.0000600298  -0.0002761463  -0.0000809271   0.0001344894   0.0000614211
       -0.0001145827   0.0000113778   0.0000124745  -0.0000335135   0.0000291224
        0.0000064986  -0.0000001197   0.0000093910   0.0000173337  -0.0000133072
        0.0000106319  -0.0000266330  -0.0000235768   0.0000214375   0.0000791550
       -0.0000184512  -0.0000196387  -0.0001279860   0.0001240651  -0.0003595126
        0.0003274769  -0.0000469281   0.0000110889   0.0000045364   0.0000239947
       -0.0031004029  -0.0026261676  -0.0017633823  -0.0000642211  -0.0000429482
        0.0003141245   0.0000900560  -0.0000185520  -0.0000533947  -0.0000551210
       -0.0000291977  -0.0000183077   0.0007478624   0.0001365165   0.0007432698
        0.0064044688  -0.0080101835  -0.0244636413   0.0001795937  -0.0003108491
       -0.0010785268   0.0000440787  -0.0005044127  -0.0002929662   0.1659713774
       -0.0829352689  -0.2914689806   0.0001040633  -0.0000590159   0.0000383614
        0.0000171719   0.0001067676   0.0001089982   0.0000289951  -0.0002636503
        0.0000439222  -0.0000947969   0.0001056259  -0.0000049801  -0.0000534572
        0.0000683069   0.0002076242   0.0000323209  -0.0000761437  -0.0000780424
       -0.0001463801   0.0001887827   0.0001324792  -0.0000704691  -0.0000441390
        0.0000469664   0.0000230265   0.0000617352   0.0001265399   0.0000807161
        0.0007428638  -0.0004159215   0.0001174622  -0.0000006027   0.0000933268
       -0.0006047203   0.0000699519  -0.0000374784  -0.0001115836  -0.0000768209
        0.0009405480  -0.0003075770  -0.0001016161  -0.0000266184  -0.0000229160
        0.0000811917  -0.0000553561  -0.1697820391   0.0927674285   0.3174953556
        0.0000104121   0.0000572049  -0.0000943935  -0.0002725066   0.0000863736
       -0.0000368108   0.0000848711   0.0000869254   0.0000753074  -0.0000662328
        0.0000070781   0.0000061538   0.0000039111  -0.0000027656  -0.0000020549
       -0.0000296405   0.0000434973   0.0000209296  -0.0000052917   0.0000123959
        0.0000053036   0.0000777627   0.0000732500  -0.0000617691   0.0008772465
        0.0003841358  -0.0004323699  -0.0001080404   0.0000223022  -0.0000142161
        0.0047246277   0.0141054459  -0.0087267998  -0.0020266181   0.0020194473
       -0.0001478253   0.0002743439   0.0007675187  -0.0003840607   0.0000539985
        0.0000216720  -0.0000619621   0.0001306008  -0.0000719810   0.0000151703
        0.0006355053   0.0010408071  -0.0007120616   0.0007100820   0.0013750500
       -0.0001895278  -0.0000058106   0.0000273839   0.0000080311  -0.0002762447
       -0.0001312550  -0.0003842084  -0.0785710426  -0.0660013904   0.0398778735
       -0.0000170648  -0.0000318652  -0.0000060292  -0.0001207884  -0.0000727968
        0.0003668467   0.0000871635  -0.0001919948   0.0001552260  -0.0001269878
       -0.0000153060  -0.0001551039  -0.0068989140  -0.0027026667   0.0188508883
        0.0000610952  -0.0000791291  -0.0000393167  -0.0001337733   0.0002162680
       -0.0000329663   0.0000209284  -0.0000185280   0.0000047182  -0.0000163449
       -0.0000258670  -0.0000122982   0.0000195773  -0.0000371848  -0.0000032991
        0.0000240220  -0.0000147959  -0.0000305122  -0.0003252997   0.0002372046
        0.0003935211  -0.0000902798  -0.0000659121  -0.0000015755  -0.0003362519
       -0.0001960201  -0.0002234383   0.0000296838  -0.0000600298   0.0000104121
        0.0953767488   0.0714830832  -0.0591955988  -0.0143345748  -0.0223943944
        0.0118986653   0.0000015330  -0.0000100811   0.0000019546   0.0000341375
       -0.0000121702   0.0000022153   0.0000101702  -0.0000146858  -0.0000166823
        0.0000954157  -0.0000539346  -0.0001074479   0.0010120806   0.0009327945
       -0.0011655393  -0.0000054487  -0.0000436588  -0.0000037884  -0.0000444914
       -0.0000057824   0.0000123313   0.0000282214   0.0000247544   0.0000021880
       -0.0066083201  -0.0239052225   0.0129831373   0.0034481949  -0.0035221330
        0.0004284821  -0.0005983617  -0.0011743269   0.0007342467  -0.0001027853
        0.0001217288   0.0000090301  -0.0000770748   0.0003684902  -0.0000777878
       -0.0008768048  -0.0005794027   0.0013639793  -0.0011271511   0.0007733387
       -0.0004986425  -0.0001287195  -0.0000177841  -0.0000171550   0.0000206803
        0.0006752429  -0.0003483527  -0.0644579831  -0.1552711390   0.0794604594
       -0.0000651558   0.0000889795  -0.0000436009   0.0005107404   0.0002735697
        0.0003677254   0.0000995766   0.0000921590   0.0000518184   0.0000034440
        0.0001641812  -0.0002850709   0.0049631200   0.0111677617  -0.0057067961
       -0.0000333129  -0.0000563897  -0.0000858216   0.0002983672  -0.0003365650
        0.0000755028   0.0000034149  -0.0000201859   0.0000191594  -0.0000327716
        0.0000089323   0.0000275536   0.0000309920   0.0000529350  -0.0000332211
       -0.0000045577   0.0000125811  -0.0000614685   0.0010728167   0.0000261688
       -0.0009100173  -0.0000598920   0.0000331708  -0.0001769532   0.0004219357
        0.0005183053   0.0002072330   0.0000098608  -0.0002761463   0.0000572049
        0.0714830832   0.1797486326  -0.0925926480  -0.0084037420  -0.0100197562
        0.0060307107  -0.0000111430   0.0000022586   0.0000123271  -0.0000277914
       -0.0000231172   0.0000015703   0.0000061482  -0.0000416520  -0.0000202197
        0.0000938536  -0.0001815569  -0.0001392980   0.0001529074   0.0013154632
       -0.0008948784   0.0000219793   0.0000157191   0.0000032019  -0.0000368673
       -0.0000540696   0.0000558190   0.0000113188   0.0000198285   0.0000027705
        0.0017155067   0.0094068432  -0.0040913688  -0.0013249228   0.0010908022
        0.0003372096   0.0002620709   0.0003911951  -0.0002001839  -0.0000457762
       -0.0000703559   0.0000523592   0.0000154217  -0.0001090208  -0.0000730960
        0.0003944633  -0.0014861786   0.0006914459   0.0005147246   0.0003833610
        0.0000896545  -0.0000882611   0.0000235672   0.0000489390  -0.0000528254
        0.0001519860   0.0001700500   0.0390227789   0.0805995724  -0.0927715157
        0.0000716123  -0.0000733953  -0.0000015716  -0.0000483096  -0.0000634125
        0.0000546773   0.0000130374   0.0000040721   0.0000720138   0.0000558955
       -0.0002387624  -0.0000235228   0.0237842848   0.0105590411  -0.0392824525
       -0.0000106803  -0.0000174812   0.0000726825  -0.0000762209   0.0001242153
       -0.0000651220   0.0000228266  -0.0000124804  -0.0000473740   0.0000075342
        0.0000084049   0.0000061818   0.0000044391   0.0000171822  -0.0000152289
        0.0000076831  -0.0000112421  -0.0000136276   0.0003109197  -0.0002193923
        0.0001591158   0.0000445493  -0.0000798334  -0.0000135479  -0.0007393304
       -0.0001668400  -0.0002704895   0.0001100737  -0.0000809271  -0.0000943935
       -0.0591955988  -0.0925926480   0.1282019453  -0.0051971541  -0.0081071184
        0.0069860983  -0.0000147350  -0.0000106765  -0.0000207153   0.0000296087
        0.0000074970  -0.0000084300   0.0000430267   0.0000099803   0.0000306114
       -0.0001422066  -0.0002567392  -0.0000563251   0.0005053225   0.0008096921
        0.0000763828  -0.0000076925  -0.0000285553  -0.0000290373  -0.0000185433
        0.0000383380   0.0000414211   0.0000264771  -0.0000006903  -0.0000127858
       -0.0210864141  -0.0025414966  -0.0103406755  -0.0000600628  -0.0012479507
        0.0003209272  -0.0000366413  -0.0001257230   0.0000044317   0.0000174648
       -0.0000410289   0.0000133417  -0.0000543764  -0.0000511585  -0.0000456947
       -0.0002737680  -0.0003122988  -0.0007222981  -0.0026668414   0.0030710030
       -0.0004779186  -0.0008150568  -0.0002610123  -0.0006617489   0.0004585683
       -0.0002111089   0.0006676108  -0.2006236761  -0.0670396928  -0.0898746034
       -0.0001785249   0.0002263755   0.0001667303   0.0012578944  -0.0007545418
        0.0001413509  -0.0005572838  -0.0000348909   0.0002723427  -0.0000865365
        0.0000020804  -0.0000304625   0.0079745581   0.0018426485   0.0016599081
       -0.0000470186   0.0000367748   0.0001054431   0.0000579310  -0.0000471783
        0.0000176726   0.0000319471  -0.0000643155   0.0000567638   0.0000048501
        0.0000724158   0.0000299711   0.0000368009  -0.0000479749   0.0000220266
        0.0000595344  -0.0000399694   0.0000207872  -0.0001571133  -0.0000806592
       -0.0000848799  -0.0003041576  -0.0000142717  -0.0000185746   0.0003491069
        0.0002960469   0.0000751648   0.0002324130   0.0001344894  -0.0002725066
       -0.0143345748  -0.0084037420  -0.0051971541   0.2300582573   0.0749945214
        0.1017309807   0.0000608096   0.0000258215   0.0000382629  -0.0001220898
        0.0000278344   0.0000093415  -0.0001858605  -0.0000829992  -0.0000786089
       -0.0000189447  -0.0002614187   0.0004479909   0.0010533183   0.0007978144
        0.0018472995  -0.0000219756  -0.0000091738   0.0000223940   0.0000007732
        0.0002049034   0.0001383490  -0.0000233106  -0.0000601235  -0.0000039653
        0.0176320577   0.0060337540   0.0096724966  -0.0000154342   0.0006608855
       -0.0001121925  -0.0000676899  -0.0000128572  -0.0000938717   0.0000167868
        0.0000274528   0.0000005165   0.0000153258  -0.0000069563  -0.0000363395
       -0.0001965167   0.0005122956   0.0003404072   0.0027299319  -0.0027435031
        0.0006016375   0.0007925029   0.0002330230   0.0004059606  -0.0000661026
       -0.0000906074   0.0000918720  -0.0648072090  -0.0686878329  -0.0348986293
        0.0001829684  -0.0001611484  -0.0001172288   0.0011938017  -0.0021057179
        0.0005762971  -0.0013512922   0.0000234593   0.0005503435  -0.0000055482
       -0.0000037310   0.0000010371  -0.0092676943  -0.0062977547  -0.0117849847
       -0.0000822318  -0.0000386062  -0.0000455717   0.0000098642  -0.0000125666
        0.0000065622  -0.0000676981   0.0000560996  -0.0000514304   0.0000343147
       -0.0000124409  -0.0000066058  -0.0000356926   0.0000184179  -0.0000006177
        0.0000004975  -0.0000123739   0.0000122607  -0.0000588140  -0.0001588250
       -0.0000799701   0.0002798918   0.0000800724   0.0001725955  -0.0000100684
       -0.0000593462  -0.0000695308  -0.0001032874   0.0000614211   0.0000863736
       -0.0223943944  -0.0100197562  -0.0081071184   0.0749945214   0.0828387066
        0.0456196882  -0.0000134166  -0.0000088720  -0.0000206369   0.0000808639
       -0.0000290041   0.0000280182  -0.0001228867  -0.0000605186  -0.0000430310
       -0.0000559362   0.0000779453   0.0001685542   0.0007084662  -0.0000672861
       -0.0026888588   0.0000119626   0.0001258450  -0.0000142334   0.0001267398
       -0.0001101923  -0.0001394218  -0.0000885841  -0.0000494809  -0.0000243474
       -0.0068151785  -0.0008589743  -0.0022414534  -0.0001603861  -0.0002243665
        0.0001840373   0.0000752688  -0.0000012228   0.0000465228   0.0000142978
       -0.0000171484   0.0000277573  -0.0001265049   0.0000110899  -0.0000403099
        0.0004690556  -0.0003614623   0.0003269288  -0.0006561045   0.0008065779
        0.0004212355  -0.0003621758   0.0000405625  -0.0000730660  -0.0001011032
        0.0003170433  -0.0001191577  -0.0847597668  -0.0325827119  -0.0877366601
       -0.0000021210   0.0000051510   0.0000108669  -0.0005773664   0.0011962265
        0.0003209131   0.0007149002  -0.0000257277   0.0003846160  -0.0001392732
       -0.0001091868  -0.0002152377  -0.0227704840  -0.0157456765  -0.0246511431
        0.0000835305  -0.0000793249  -0.0001228744   0.0000113132  -0.0000046926
       -0.0000157552   0.0000489512  -0.0000522938  -0.0000185685   0.0000036230
       -0.0000097991   0.0000207052   0.0000150970  -0.0000073965  -0.0000278260
       -0.0000038919   0.0000083181  -0.0000043385  -0.0000988386   0.0000711355
       -0.0000037743   0.0000383122  -0.0001545490   0.0000128978   0.0000638770
       -0.0000785572  -0.0000957531   0.0001100928  -0.0001145827  -0.0000368108
        0.0118986653   0.0060307107   0.0069860983   0.1017309807   0.0456196882
        0.1133655815   0.0000001009  -0.0000155770  -0.0000090248  -0.0000120952
        0.0000170921  -0.0000047736  -0.0000125705  -0.0000737509  -0.0000467506
        0.0002707066   0.0000039127  -0.0009220208   0.0010534349  -0.0033808718
       -0.0056004220   0.0000004677  -0.0000675420  -0.0000553554   0.0000116540
       -0.0001359241  -0.0000553934  -0.0000164688  -0.0000261700  -0.0000116912
        0.0001436262   0.0000315255   0.0000206891   0.0000228828   0.0000111549
       -0.0000085555  -0.0000033811  -0.0000463469  -0.0000174877   0.0001183628
        0.0002126541   0.0001409482  -0.0032339519   0.0030090687  -0.0028527535
       -0.0001563733  -0.0009458559  -0.0007328825   0.0011748932  -0.0015073722
        0.0005738021  -0.0121924919  -0.0187262882  -0.0241552169  -0.0007700714
        0.0001415283  -0.0004292512   0.0000454905  -0.0000558260  -0.0000243157
       -0.0645600137  -0.0423081619  -0.0577998455   0.0000569056   0.0000038031
       -0.0000163524   0.0000046628  -0.0000083627   0.0000049145  -0.0000334428
       -0.0000076414   0.0000278311  -0.0000060017   0.0000418996   0.0000884064
       -0.0000379215  -0.0000004646   0.0000200551   0.0000064133   0.0000235801
        0.0000112379  -0.0000380415  -0.0000652427  -0.0000220519   0.0000246472
       -0.0000066571   0.0000423584  -0.0000233457  -0.0000258170   0.0000317367
       -0.0001204003  -0.0000818002  -0.0002676791   0.0000328933  -0.0000348122
        0.0000033494  -0.0004876939  -0.0000818136   0.0003974769   0.0000581944
       -0.0000187091  -0.0003752709   0.0000391539   0.0000113778   0.0000848711
        0.0000015330  -0.0000111430  -0.0000147350   0.0000608096  -0.0000134166
        0.0000001009   0.0751461701   0.0483039908   0.0713371366   0.0047288170
        0.0120947741   0.0139242339   0.0000124942   0.0000003917  -0.0000018564
       -0.0000039687   0.0000021716  -0.0000008892  -0.0000500037   0.0000168713
       -0.0000066497   0.0000142318   0.0000145909  -0.0000061276   0.0000303239
        0.0000191592   0.0000183953  -0.0000054023   0.0000071896   0.0000043769
        0.0000824846  -0.0000113554   0.0000002049  -0.0000437432   0.0000352216
       -0.0000066991  -0.0000964457  -0.0000660847   0.0000622951   0.0010223417
        0.0011014156   0.0013007497   0.0016168173   0.0073382978  -0.0053591018
       -0.0001705946  -0.0007122388  -0.0006510010  -0.0002966629  -0.0022057010
        0.0029325752  -0.0028221905  -0.0017390769  -0.0018341287  -0.0006851233
        0.0000621154  -0.0003327341   0.0000778491  -0.0000455007   0.0000046354
       -0.0431078872  -0.1309843918  -0.1234847965   0.0000472547  -0.0000123992
        0.0000018652   0.0000046373  -0.0000050538   0.0000135144  -0.0000317759
       -0.0000045222   0.0000211525  -0.0000599037   0.0000403218   0.0000630347
       -0.0000040534   0.0000048819   0.0000111658  -0.0000013519  -0.0000032476
        0.0000334456  -0.0000722198  -0.0000748309   0.0000303223   0.0002102027
        0.0005160802  -0.0000800240   0.0001003555   0.0000192365   0.0000079057
       -0.0001016275  -0.0003654593  -0.0002686225  -0.0000132994  -0.0000198661
       -0.0000256669  -0.0005165443   0.0004840159   0.0004875755   0.0003590618
       -0.0005508675  -0.0002155611   0.0000420577   0.0000124745   0.0000869254
       -0.0000100811   0.0000022586  -0.0000106765   0.0000258215  -0.0000088720
       -0.0000155770   0.0483039908   0.1379959329   0.1426393975  -0.0038943336
       -0.0108302993  -0.0154176463  -0.0000013252   0.0000015950  -0.0000061131
       -0.0000022051   0.0000076465   0.0000003800   0.0000232119   0.0000075882
        0.0000081919   0.0000069316  -0.0000065875   0.0000036070   0.0000178392
        0.0000189806  -0.0000003093  -0.0000094890  -0.0000017080  -0.0000002857
        0.0001897782  -0.0000433590  -0.0001147512   0.0000250438   0.0000104333
       -0.0000057584   0.0000333212   0.0001010933  -0.0001792160  -0.0011098206
       -0.0010965901  -0.0013830124  -0.0033043731  -0.0047023099   0.0058829577
        0.0000485719  -0.0000946613   0.0004255228   0.0020117904   0.0025903368
       -0.0015002436  -0.0068340957  -0.0074798412  -0.0114596216   0.0000885614
        0.0001097714  -0.0000024114   0.0000543067  -0.0000506148   0.0000572169
       -0.0590489461  -0.1231424592  -0.1843966600   0.0000787202   0.0000094765
       -0.0000067538   0.0000069623   0.0000021158   0.0000056661  -0.0000265545
        0.0000265198   0.0000505934  -0.0000437637   0.0000461721   0.0000299246
       -0.0000512955   0.0000223656   0.0000259808   0.0000347837   0.0000153923
        0.0000317608  -0.0000366420  -0.0000546564   0.0000037331  -0.0001468012
       -0.0005447376   0.0001482953   0.0000105100   0.0001799584  -0.0001136072
        0.0002481503   0.0004567294   0.0008149740   0.0000178626   0.0000279411
       -0.0000516235   0.0001180072  -0.0002948886  -0.0001396357  -0.0005711291
        0.0007401989   0.0001246782   0.0000481890  -0.0000335135   0.0000753074
        0.0000019546   0.0000123271  -0.0000207153   0.0000382629  -0.0000206369
       -0.0000090248   0.0713371366   0.1426393975   0.2008257192  -0.0032405395
       -0.0094543338  -0.0091480377  -0.0000054369  -0.0000044087   0.0000000317
       -0.0000066798   0.0000080062   0.0000056692   0.0000064273   0.0000067001
        0.0000140685   0.0000262267   0.0000202578  -0.0000140106   0.0000293268
       -0.0000092047   0.0000232996  -0.0000278163   0.0000010222  -0.0000003160
       -0.0008457213   0.0009154477   0.0002145385  -0.0000034107   0.0000159586
       -0.0000912951   0.0000040957  -0.0000576491  -0.0000282251  -0.0001589226
        0.0000182763  -0.0002243294   0.0009095333  -0.0003558432   0.0020461831
        0.0001111838   0.0000992627   0.0002719533  -0.0027415481   0.0010006669
       -0.0039899969  -0.0264582568   0.0196235485   0.0117378701   0.0001466359
       -0.0001035286   0.0000639005  -0.0002593282  -0.0002923885  -0.0001883142
       -0.1633624729   0.1112698109   0.0699360376   0.0000659571   0.0000155079
        0.0000581856   0.0000065672  -0.0000269185  -0.0000006530   0.0000951628
        0.0000136676  -0.0000311043  -0.0000307210   0.0000312041  -0.0000468705
       -0.0000233068  -0.0000293586  -0.0000229527   0.0000169227  -0.0000037966
       -0.0000279233  -0.0000794351   0.0001506213   0.0000289046   0.0000651269
       -0.0000478104   0.0000497860  -0.0000323408  -0.0003585698   0.0000903497
       -0.0000594257  -0.0000385613  -0.0005939975   0.0000142112   0.0000073894
        0.0000999495   0.0003316176  -0.0001898628  -0.0002475940  -0.0004429511
        0.0004183226   0.0002394409  -0.0000043205   0.0000291224  -0.0000662328
        0.0000341375  -0.0000277914   0.0000296087  -0.0001220898   0.0000808639
       -0.0000120952   0.0047288170  -0.0038943336  -0.0032405395   0.1879925149
       -0.1281712308  -0.0759930068  -0.0000068718  -0.0000006025  -0.0000200595
        0.0000260741  -0.0000103826  -0.0000120558   0.0000948479  -0.0000913762
       -0.0000358662  -0.0000031405  -0.0000095670   0.0000152599  -0.0000108328
        0.0000176869  -0.0000035849   0.0000016910   0.0000022137  -0.0000052711
        0.0003366952  -0.0003681531  -0.0003608198   0.0000698040   0.0000528187
        0.0000065113  -0.0000041579   0.0000056703  -0.0000537381  -0.0004817393
       -0.0003772318  -0.0005732863  -0.0017885694  -0.0024402425   0.0025413499
       -0.0001842957   0.0001535960   0.0000060581   0.0022586483   0.0068885115
       -0.0046947228   0.0041039216  -0.0021588080   0.0002542360   0.0000998757
        0.0000171997   0.0000633749  -0.0000158153   0.0001455757   0.0000655018
        0.1123499978  -0.1355867211  -0.0722454720  -0.0000377596  -0.0000011304
       -0.0000227965  -0.0000076827   0.0000089146   0.0000024655  -0.0000200391
       -0.0000032020   0.0000191114   0.0000247019  -0.0000558805  -0.0000087163
        0.0000078560   0.0000083694   0.0000090717  -0.0000143448   0.0000106074
       -0.0000135310   0.0001195238  -0.0000092830  -0.0000671270  -0.0000669757
       -0.0002504919   0.0000728587  -0.0001015644   0.0000683929   0.0000235005
        0.0000445481   0.0003959965   0.0005372031   0.0000149260  -0.0000407267
        0.0000025363   0.0006023360  -0.0007630594  -0.0004080161  -0.0012452248
        0.0012399819   0.0003803698   0.0000037692   0.0000064986   0.0000070781
       -0.0000121702  -0.0000231172   0.0000074970   0.0000278344  -0.0000290041
        0.0000170921   0.0120947741  -0.0108302993  -0.0094543338  -0.1281712308
        0.1438543371   0.0838788460   0.0000183246   0.0000026460   0.0000078314
       -0.0000097885   0.0000037644   0.0000025711  -0.0000285825   0.0000689090
       -0.0000026108  -0.0000015440   0.0000067471  -0.0000094902   0.0000026040
       -0.0000074927   0.0000042877   0.0000113441   0.0000063069   0.0000053084
       -0.0004294194   0.0002518517   0.0003153768  -0.0000214268  -0.0000471543
       -0.0000003038   0.0000403635   0.0000002137   0.0000751531   0.0003981522
        0.0004513787   0.0005185027   0.0002274827   0.0031778547  -0.0013949905
        0.0000149673  -0.0001727982  -0.0002460148  -0.0034034645  -0.0050440796
        0.0051949964  -0.0054198599   0.0056495108   0.0030036869  -0.0001460515
        0.0000377520  -0.0000088154  -0.0001216644  -0.0000061331  -0.0000523657
        0.0711172443  -0.0726104754  -0.0813839000  -0.0000203014  -0.0000004772
       -0.0000146912  -0.0000024355  -0.0000005113  -0.0000038846  -0.0000221137
       -0.0000143402  -0.0000242315   0.0000283353  -0.0000036551  -0.0000023257
        0.0000021706  -0.0000040377   0.0000003921   0.0000084395   0.0000062052
       -0.0000225864  -0.0000268111  -0.0000938439  -0.0000508081   0.0000503355
        0.0002080158  -0.0000848018   0.0000409860   0.0000157875   0.0001025874
       -0.0000897979  -0.0000930486  -0.0004128610   0.0000303604  -0.0000187148
        0.0000161292  -0.0010626156   0.0006688952   0.0006507013   0.0008884746
       -0.0008446534  -0.0005537566  -0.0000085301  -0.0000001197   0.0000061538
        0.0000022153   0.0000015703  -0.0000084300   0.0000093415   0.0000280182
       -0.0000047736   0.0139242339  -0.0154176463  -0.0091480377  -0.0759930068
        0.0838788460   0.0835113163   0.0000050630  -0.0000003536   0.0000029463
        0.0000006961  -0.0000035840  -0.0000009239  -0.0000222229  -0.0000044665
        0.0000236843  -0.0000021444   0.0000023033   0.0000026115  -0.0000038195
        0.0000011197  -0.0000024627   0.0000068238   0.0000007699  -0.0000032730
       -0.0002871081   0.0002195360  -0.0003093417  -0.0030795863   0.0033209514
        0.0020214257  -0.0012115201  -0.0006321954  -0.0003158719  -0.0000866990
        0.0000150744  -0.0000885266   0.0000818092  -0.0000431257  -0.0000225768
       -0.0000150642  -0.0000208544  -0.0002352251  -0.0000415855  -0.0001137324
        0.0001695246   0.0001642391  -0.0000195062  -0.0000112765   0.0001125122
        0.0000040116   0.0000523757  -0.0000207385   0.0000797798  -0.0002300305
       -0.0000139822  -0.0000032897   0.0000239124  -0.0302682560  -0.0078198220
       -0.0078879051  -0.2538892749  -0.0705717782  -0.0708357547   0.0003344790
        0.0002364626   0.0003703397  -0.0000564360  -0.0002609849   0.0001560740
        0.0011132301  -0.0015451077  -0.0009554557   0.0000597272  -0.0000592744
       -0.0000013386  -0.0002550283   0.0002514303  -0.0000918430   0.0000024964
       -0.0000144872  -0.0000033794  -0.0000585458   0.0000415081   0.0000484551
       -0.0000247054   0.0000106570   0.0000368594   0.0000018422  -0.0000059917
        0.0000476020   0.0000586154   0.0000525994   0.0000426466  -0.0000416426
       -0.0000573848   0.0000067786  -0.0000573402   0.0000093910   0.0000039111
        0.0000101702   0.0000061482   0.0000430267  -0.0001858605  -0.0001228867
       -0.0000125705   0.0000124942  -0.0000013252  -0.0000054369  -0.0000068718
        0.0000183246   0.0000050630   0.2896870216   0.0774531334   0.0788691507
       -0.0028605079  -0.0012889741  -0.0014297658   0.0000836956   0.0001706403
        0.0000560886   0.0001467426  -0.0002893978  -0.0000731163   0.0000940555
       -0.0000761121  -0.0002004244   0.0004976225   0.0010565826   0.0007566057
        0.0015654424   0.0004100616   0.0004383428   0.0022055334   0.0048323924
       -0.0056883245  -0.0005943196  -0.0001276972  -0.0000988803  -0.0000408752
        0.0000468670  -0.0000380865  -0.0000000248   0.0000169231  -0.0000192881
       -0.0000536192   0.0000437277   0.0000295514   0.0001544444   0.0003118820
       -0.0001843698   0.0000072765   0.0000154460   0.0000255024   0.0000346017
       -0.0000424994   0.0000416070  -0.0001614132  -0.0001036408  -0.0000546198
       -0.0000008324  -0.0000064464   0.0000063354   0.0094364797   0.0027951972
        0.0035806150  -0.0718617943  -0.0638356198  -0.0315639678   0.0001485437
       -0.0003444616  -0.0000877163   0.0000788657  -0.0003670633   0.0002284395
        0.0017783381  -0.0012858356   0.0026713515  -0.0000269587   0.0000194715
        0.0000405096  -0.0001244109   0.0001483459  -0.0000021973  -0.0000066447
        0.0000036451   0.0000326275  -0.0000383100   0.0000186731   0.0000377649
       -0.0000093686  -0.0000075263   0.0000128669   0.0000032634  -0.0000132157
       -0.0000087834   0.0000138155  -0.0000114430   0.0000239982   0.0001039145
        0.0000537719   0.0000324827  -0.0000053573   0.0000173337  -0.0000027656
       -0.0000146858  -0.0000416520   0.0000099803  -0.0000829992  -0.0000605186
       -0.0000737509   0.0000003917   0.0000015950  -0.0000044087  -0.0000006025
        0.0000026460  -0.0000003536   0.0774531334   0.0652197577   0.0403212011
       -0.0201788174  -0.0070080620  -0.0091028531  -0.0000904247   0.0000891391
       -0.0000026998   0.0000892811  -0.0004952172  -0.0003779797  -0.0002186050
        0.0003307694   0.0002952013   0.0004367381  -0.0006267470  -0.0005173325
       -0.0015466945  -0.0004156351  -0.0005017856   0.0001589686  -0.0064918757
        0.0059215890   0.0012404262   0.0003605934   0.0007477683   0.0000328839
       -0.0000016072   0.0000523096  -0.0000012967  -0.0000026892   0.0000000357
        0.0000037624  -0.0000603208  -0.0000453219  -0.0001674582  -0.0002296414
        0.0002012124   0.0000439797  -0.0000374185  -0.0000007306  -0.0000485852
        0.0000908879   0.0000429839   0.0001338990   0.0003200307  -0.0001574559
       -0.0000113406   0.0000232149   0.0000063517   0.0084447204   0.0027090329
        0.0015258075  -0.0728782737  -0.0307322809  -0.0597393350   0.0001098047
        0.0003302841   0.0005864199  -0.0000306294  -0.0003906096   0.0000064489
        0.0015778039   0.0025557001  -0.0024405133   0.0000064672   0.0000621657
       -0.0000396352   0.0003765041  -0.0002843039   0.0000695574  -0.0000266232
        0.0000149729   0.0000061549  -0.0000082524   0.0000044923  -0.0000285939
       -0.0000157961   0.0000100185   0.0000104234  -0.0000138937  -0.0000066440
        0.0000207014   0.0000560132  -0.0000091101   0.0000198066  -0.0000822554
       -0.0000520057  -0.0000438489   0.0000313688  -0.0000133072  -0.0000020549
       -0.0000166823  -0.0000202197   0.0000306114  -0.0000786089  -0.0000430310
       -0.0000467506  -0.0000018564  -0.0000061131   0.0000000317  -0.0000200595
        0.0000078314   0.0000029463   0.0788691507   0.0403212011   0.0592210548
       -0.0165296445  -0.0075160395  -0.0050783650  -0.0000439878   0.0000707449
        0.0000277809  -0.0001730441   0.0004691417   0.0003371214   0.0002254531
       -0.0005359746  -0.0004825435   0.0003837768  -0.0005014853  -0.0002301831
       -0.0001850806   0.0000730697   0.0001348504   0.0005351581   0.0011532441
        0.0014480669   0.0000844966  -0.0001240309  -0.0000677470  -0.0000317796
       -0.0000391910  -0.0000129693   0.0000040799  -0.0000399209  -0.0000195109
        0.0000654557   0.0000344096   0.0000133349   0.0000421884  -0.0000368569
        0.0000036692  -0.0000550771   0.0000448358  -0.0000016957  -0.0000145182
       -0.0001218666  -0.0000061180  -0.0003835042  -0.0003285653   0.0009586792
        0.0000334964  -0.0000253630  -0.0000179299  -0.0002985929   0.0193651441
        0.0157936305  -0.0450729817  -0.0083222805  -0.0080971111  -0.0012887764
        0.0005056620  -0.0005785316  -0.0006557893   0.0000950448  -0.0005072786
       -0.0029940319   0.0020286115   0.0011865926   0.0000668353  -0.0000687851
        0.0000537721   0.0000091668  -0.0000465521  -0.0000114650   0.0000625457
       -0.0000106468  -0.0000534533   0.0000311112  -0.0000137630  -0.0000228439
        0.0000348014  -0.0000068307  -0.0000138293   0.0000133789  -0.0000110369
       -0.0000175882  -0.0000670664   0.0000222628  -0.0000861913   0.0000092520
       -0.0000165125   0.0000119124  -0.0000023590   0.0000106319  -0.0000296405
        0.0000954157   0.0000938536  -0.0001422066  -0.0000189447  -0.0000559362
        0.0002707066  -0.0000039687  -0.0000022051  -0.0000066798   0.0000260741
       -0.0000097885   0.0000006961  -0.0028605079  -0.0201788174  -0.0165296445
        0.0525817014   0.0050367599   0.0054307626   0.0000296344  -0.0003660331
       -0.0000098230   0.0000846324   0.0007618116   0.0005581332   0.0001521510
        0.0006353532   0.0004433959  -0.0000285968  -0.0000357124  -0.0000759451
       -0.0003963950  -0.0001480285  -0.0002374396  -0.0018238907  -0.0015039956
        0.0019424012   0.0000436749   0.0000669834   0.0001221041  -0.0000105425
        0.0000388004   0.0000352896   0.0000432855   0.0000190779   0.0000083748
       -0.0000220898  -0.0001547427  -0.0000523551  -0.0000991351  -0.0001063833
        0.0001010625   0.0000157281  -0.0000161471  -0.0000121853   0.0001419314
        0.0001741911  -0.0000348664  -0.0002621677   0.0001157619   0.0006774731
       -0.0000123023   0.0000078844   0.0000140744   0.0019064579  -0.0146067309
       -0.0104422236  -0.0060459457  -0.1977515954  -0.1350235884   0.0005805211
        0.0005521329   0.0007744210  -0.0004990818  -0.0008646438   0.0002804383
        0.0028056527   0.0042957751  -0.0068968301  -0.0000487404  -0.0000228414
       -0.0000738919   0.0000540226   0.0000298940   0.0000173769  -0.0000936461
        0.0000122657   0.0000318382  -0.0000147649   0.0000004212   0.0000331839
       -0.0000227086  -0.0000094003   0.0000022190  -0.0000053578   0.0000241107
        0.0000413208   0.0000314049   0.0000172741   0.0000337161  -0.0000652930
       -0.0000420091  -0.0000118300  -0.0000573997  -0.0000266330   0.0000434973
       -0.0000539346  -0.0001815569  -0.0002567392  -0.0002614187   0.0000779453
        0.0000039127   0.0000021716   0.0000076465   0.0000080062  -0.0000103826
        0.0000037644  -0.0000035840  -0.0012889741  -0.0070080620  -0.0075160395
        0.0050367599   0.2174600693   0.1570178339  -0.0000974748   0.0000046976
       -0.0001296622  -0.0000644354   0.0010467315   0.0005136451   0.0002093176
       -0.0018826031  -0.0013476667   0.0003851534   0.0003699459   0.0003367128
        0.0007435890   0.0000103490   0.0001247125  -0.0004411430   0.0030321536
       -0.0018788288  -0.0005237358   0.0000063569   0.0000070645  -0.0000605446
        0.0000458320  -0.0000044085   0.0000071258   0.0000392297   0.0000259126
       -0.0000085327  -0.0000324669   0.0000083572   0.0000081933   0.0001817148
       -0.0000473311  -0.0000026882  -0.0000005737  -0.0000058118  -0.0000425953
        0.0000916891  -0.0000601237   0.0004057761   0.0001184639  -0.0004840419
       -0.0000162054   0.0000150038   0.0000080510   0.0004874429  -0.0106412030
       -0.0101794396  -0.0067012339  -0.1336176812  -0.1398951376   0.0001468373
       -0.0001240601   0.0001745035  -0.0000954809  -0.0001861032   0.0006660336
        0.0018711967  -0.0064579434   0.0075113340  -0.0000218862  -0.0000178098
       -0.0000638149  -0.0000697645   0.0001002761   0.0000199864  -0.0000307145
       -0.0000109241   0.0000389877  -0.0000215588   0.0000118056   0.0000357318
       -0.0000254681   0.0000060547  -0.0000047717   0.0000039194   0.0000315944
       -0.0000092849  -0.0000010489  -0.0000121154   0.0000203137   0.0000432671
        0.0000417480  -0.0000051556   0.0000055947  -0.0000235768   0.0000209296
       -0.0001074479  -0.0001392980  -0.0000563251   0.0004479909   0.0001685542
       -0.0009220208  -0.0000008892   0.0000003800   0.0000056692  -0.0000120558
        0.0000025711  -0.0000009239  -0.0014297658  -0.0091028531  -0.0050783650
        0.0054307626   0.1570178339   0.1501938741  -0.0004043968  -0.0000072475
       -0.0000332925   0.0003383027  -0.0020605159  -0.0015704880  -0.0001609182
        0.0012119969   0.0012465259   0.0002380758   0.0003007643   0.0001915779
        0.0009731326   0.0002988147   0.0004445875  -0.0001745128   0.0000735938
       -0.0002167564  -0.0000350201   0.0000299042  -0.0000052084  -0.0000339408
        0.0000161156  -0.0000053235   0.0000282737   0.0000084121   0.0000579139
       -0.0000949492   0.0000721905   0.0000478410   0.0012163566  -0.0009370362
       -0.0008669150  -0.0002234869   0.0001154110   0.0002325801   0.0000260235
       -0.0000094820   0.0001197050   0.0122368800   0.0029194234   0.0023615288
        0.0000202027  -0.0000944532  -0.0000612361  -0.0001343216   0.0000768672
       -0.0000393680  -0.0000848053   0.0001097982   0.0003081817   0.0000666169
       -0.0002522441   0.0000787951  -0.3070092292  -0.1099910769  -0.1642012377
        0.0000762031   0.0000418114   0.0000153875  -0.0000262760  -0.0000264321
        0.0000070838   0.0000678288   0.0000358011   0.0000066471  -0.0000257969
        0.0000146400   0.0000134643   0.0000274395   0.0000012455   0.0000227403
        0.0000199400  -0.0000019174  -0.0000186800   0.0000420850  -0.0000215198
        0.0000673210  -0.0005002439   0.0010515663  -0.0002548385  -0.0006771376
       -0.0003105775   0.0009222499   0.0000300234   0.0000214375  -0.0000052917
        0.0010120806   0.0001529074   0.0005053225   0.0010533183   0.0007084662
        0.0010534349  -0.0000500037   0.0000232119   0.0000064273   0.0000948479
       -0.0000285825  -0.0000222229   0.0000836956  -0.0000904247  -0.0000439878
        0.0000296344  -0.0000974748  -0.0004043968   0.2919313425   0.1061141096
        0.1598619833   0.0000184936  -0.0000532595  -0.0000239530   0.0000042413
        0.0000152274   0.0000257766   0.0000110640   0.0000135256   0.0000104441
       -0.0014585996   0.0002893473  -0.0008669032   0.0000059380   0.0000445022
       -0.0002136521  -0.0000171717   0.0000066379   0.0001358315  -0.0000078205
       -0.0000484390  -0.0000060089   0.0000121139  -0.0000421859  -0.0000277695
       -0.0001226896   0.0001783275  -0.0004936618  -0.0006269264   0.0006444505
       -0.0000834458   0.0003313789  -0.0002326354   0.0000319435   0.0001370845
       -0.0000506331   0.0002393591  -0.0097941476  -0.0087343549  -0.0096627335
       -0.0000979304   0.0000349317   0.0000866704  -0.0002459902  -0.0001726033
       -0.0001893727   0.0000640144  -0.0000285018   0.0001007263  -0.0001678869
       -0.0007240261   0.0004949914  -0.0967882531  -0.0483860153  -0.0731799463
        0.0000742985   0.0000348958   0.0000615419   0.0000177811   0.0000593104
       -0.0000046218   0.0000704936  -0.0000534112   0.0000581898   0.0000136924
        0.0000299684   0.0000325977  -0.0000578948   0.0000285099   0.0000223262
       -0.0000791297   0.0000457635   0.0000964486  -0.0000678161  -0.0000345058
        0.0000901504   0.0009390439  -0.0004833859   0.0007398130   0.0003047410
        0.0002144304  -0.0000951476  -0.0000438877   0.0000791550   0.0000123959
        0.0009327945   0.0013154632   0.0008096921   0.0007978144  -0.0000672861
       -0.0033808718   0.0000168713   0.0000075882   0.0000067001  -0.0000913762
        0.0000689090  -0.0000044665   0.0001706403   0.0000891391   0.0000707449
       -0.0003660331   0.0000046976  -0.0000072475   0.1061141096   0.0558238576
        0.0850945270  -0.0000039228  -0.0000236934   0.0000031880  -0.0000282168
        0.0000335884   0.0000063913   0.0000628829   0.0000482037   0.0000216199
        0.0001544759  -0.0002544213   0.0008075271  -0.0001080081   0.0001629288
        0.0000479353   0.0000313089   0.0000183316  -0.0000126771  -0.0000045534
       -0.0000204242  -0.0000386843  -0.0000205679   0.0000515013   0.0000699053
       -0.0004033557   0.0000964775  -0.0002488906  -0.0003754303  -0.0001161543
        0.0000663503   0.0002526663   0.0000367859  -0.0000537713   0.0001005951
        0.0002120137   0.0001383612  -0.0234103075  -0.0125685170  -0.0237561173
       -0.0000290496   0.0000652491  -0.0000254051  -0.0001548496   0.0000736808
       -0.0000705795   0.0000974413   0.0001520615   0.0000321546  -0.0000197875
        0.0000903848   0.0000483864  -0.1373610327  -0.0700445322  -0.1201902701
        0.0000536586  -0.0000371731   0.0000006716   0.0000064271   0.0000713412
       -0.0000053039  -0.0000203801   0.0000012886   0.0000389611  -0.0000008483
        0.0000237941   0.0000069576  -0.0000070202   0.0000264401   0.0000007658
       -0.0000477100   0.0000388624   0.0000358269   0.0000319766  -0.0000110271
       -0.0001371608  -0.0002292395   0.0002995893   0.0002679741   0.0008959094
        0.0002346849  -0.0001215743   0.0000203807  -0.0000184512   0.0000053036
       -0.0011655393  -0.0008948784   0.0000763828   0.0018472995  -0.0026888588
       -0.0056004220  -0.0000066497   0.0000081919   0.0000140685  -0.0000358662
       -0.0000026108   0.0000236843   0.0000560886  -0.0000026998   0.0000277809
       -0.0000098230  -0.0001296622  -0.0000332925   0.1598619833   0.0850945270
        0.1485496713  -0.0000105742  -0.0000082220   0.0000040742  -0.0000261762
        0.0000176634   0.0000154451   0.0000365576   0.0000218343   0.0000159609
        0.0000056265   0.0000133726   0.0000575364   0.0001902622   0.0002251319
       -0.0003643282  -0.0011564526  -0.0012290601  -0.0005562568  -0.0006001507
       -0.0003476851  -0.0001606637   0.0000449270   0.0000611632   0.0001136417
       -0.0000608744  -0.0000849678  -0.0000145130  -0.0000132114  -0.0000382314
       -0.0000062806  -0.0000199969  -0.0000155535  -0.0000919892   0.0000133109
       -0.0000492026   0.0000976155   0.0000296698  -0.0000329073  -0.0000777000
       -0.0000056822   0.0000220200   0.0000042758   0.0000746862   0.0031836682
        0.0036891759   0.0008634888   0.0001138954  -0.0001386287  -0.0000917438
        0.0000520851  -0.0000497851  -0.0000460565   0.0000322429   0.0000729655
       -0.0898942771   0.0838580724  -0.0443899498  -0.0005971027  -0.0003342578
       -0.0015014081  -0.0000131078   0.0000665889  -0.0000142846  -0.0008106401
       -0.0003451477   0.0006277291  -0.0001546495   0.0000644442  -0.0000164207
        0.0000206712   0.0000359727  -0.0000213763  -0.0000232726   0.0000397444
       -0.0000330098   0.0000015312  -0.0000013430   0.0000193418  -0.0000024514
        0.0000268287  -0.0000028073  -0.0000727541  -0.0000196387   0.0000777627
       -0.0000054487   0.0000219793  -0.0000076925  -0.0000219756   0.0000119626
        0.0000004677   0.0000142318   0.0000069316   0.0000262267  -0.0000031405
       -0.0000015440  -0.0000021444   0.0001467426   0.0000892811  -0.0001730441
        0.0000846324  -0.0000644354   0.0003383027   0.0000184936  -0.0000039228
       -0.0000105742   0.1050457891  -0.1006015119   0.0513145178   0.0063442046
       -0.0101161518   0.0059313775  -0.0193052790   0.0253601758  -0.0147380797
        0.0001239541  -0.0000798047  -0.0000214250   0.0006784756   0.0002208854
        0.0002261376  -0.0000957640  -0.0001199488   0.0000957065  -0.0000104607
        0.0001453477  -0.0000591402  -0.0000550546   0.0001173295   0.0000554310
        0.0000290509  -0.0002997155   0.0001938692  -0.0000004025   0.0000576889
        0.0000074137  -0.0000156698  -0.0000297273  -0.0000344131  -0.0003224528
        0.0002462079  -0.0000923995   0.0000066977  -0.0000156252   0.0000338686
        0.0000143363   0.0000521889   0.0000052981   0.0128777644  -0.0256601058
        0.0047254883  -0.0015071491  -0.0027396699  -0.0014922685   0.0002503194
        0.0000901527   0.0000938495  -0.0000374107   0.0000019725   0.0000668351
        0.0854970752  -0.1939326926   0.0780183151  -0.0006780330   0.0007578130
       -0.0010905908   0.0001606992   0.0002121986   0.0000053278  -0.0006784718
        0.0000990289   0.0006259931   0.0001170473   0.0000665696   0.0001122347
        0.0000330600   0.0000292378  -0.0000170532   0.0000153599   0.0000391615
       -0.0000758969   0.0000190404  -0.0000286688  -0.0000288397   0.0000434469
        0.0000354568  -0.0000088070   0.0000457410  -0.0001279860   0.0000732500
       -0.0000436588   0.0000157191  -0.0000285553  -0.0000091738   0.0001258450
       -0.0000675420   0.0000145909  -0.0000065875   0.0000202578  -0.0000095670
        0.0000067471   0.0000023033  -0.0002893978  -0.0004952172   0.0004691417
        0.0007618116   0.0010467315  -0.0020605159  -0.0000532595  -0.0000236934
       -0.0000082220  -0.1006015119   0.2249059602  -0.0864633377   0.0043664535
       -0.0084804220   0.0077071883  -0.0006474867   0.0037676221  -0.0009889026
       -0.0000800571   0.0000146416   0.0001786023   0.0002435777   0.0007128419
       -0.0000150212  -0.0010218618  -0.0010655475  -0.0000093113  -0.0000258929
        0.0001477855   0.0002178558   0.0000174667  -0.0000626251  -0.0000943475
        0.0001236492   0.0002388428   0.0000433368   0.0000187086  -0.0000020586
       -0.0000306819  -0.0000149489  -0.0000132950   0.0000723534   0.0002068561
       -0.0000180003  -0.0003120116  -0.0000571483  -0.0000627403  -0.0000217904
       -0.0000115707  -0.0000164646  -0.0000273708   0.0088315129  -0.0165177489
        0.0069021283  -0.0004472546  -0.0022145911  -0.0013483512   0.0001235857
       -0.0000147389  -0.0000376439   0.0000517878   0.0000305065   0.0000777910
       -0.0430874187   0.0754119018  -0.0753598788  -0.0013018822  -0.0002547591
       -0.0009072425   0.0000457586   0.0000214404  -0.0001268344   0.0008520318
        0.0002609533  -0.0002876898  -0.0000893437  -0.0000698205  -0.0001154000
        0.0000319108   0.0000194018  -0.0000493686   0.0000333148   0.0000118083
        0.0000057682   0.0000062879  -0.0000172218   0.0000011346   0.0000162525
        0.0000115797  -0.0000091199   0.0000676951   0.0001240651  -0.0000617691
       -0.0000037884   0.0000032019  -0.0000290373   0.0000223940  -0.0000142334
       -0.0000553554  -0.0000061276   0.0000036070  -0.0000140106   0.0000152599
       -0.0000094902   0.0000026115  -0.0000731163  -0.0003779797   0.0003371214
        0.0005581332   0.0005136451  -0.0015704880  -0.0000239530   0.0000031880
        0.0000040742   0.0513145178  -0.0864633377   0.0897499657  -0.0123591374
        0.0248422097  -0.0149309185  -0.0039771993   0.0048230326  -0.0021791006
        0.0001045498  -0.0000090536  -0.0001835740   0.0000908389  -0.0003567531
        0.0000596322  -0.0000128075  -0.0000373923  -0.0001785375  -0.0006533269
       -0.0001195042  -0.0002452265  -0.0000574656  -0.0000242742   0.0001095202
       -0.0004654459  -0.0008331454  -0.0007405166  -0.0000527657  -0.0000163267
        0.0000856505  -0.0000406615  -0.0000806853  -0.0000845334  -0.0023974058
       -0.0016645348   0.0012176102   0.0001433404  -0.0000319712   0.0000596281
        0.0000109875   0.0000436912   0.0000517378   0.0009831158   0.0043536620
        0.0019965642   0.0008142395  -0.0000698918   0.0000420940  -0.0000224841
        0.0000615813   0.0000117981  -0.0001084502   0.0000339210   0.0000399209
       -0.0886718666  -0.0270497885   0.0915887326   0.0000644462   0.0000027902
        0.0000883141  -0.0001015006   0.0000057637   0.0000800593  -0.0015836086
        0.0006900850  -0.0005194993   0.0000661024   0.0000469609   0.0000896448
       -0.0000700458   0.0000033812   0.0000327386   0.0002236714   0.0002525870
        0.0001121236   0.0000043142   0.0000047377   0.0000387532  -0.0000044790
        0.0000057996  -0.0000111564  -0.0001235284  -0.0003595126   0.0008772465
       -0.0000444914  -0.0000368673  -0.0000185433   0.0000007732   0.0001267398
        0.0000116540   0.0000303239   0.0000178392   0.0000293268  -0.0000108328
        0.0000026040  -0.0000038195   0.0000940555  -0.0002186050   0.0002254531
        0.0001521510   0.0002093176  -0.0001609182   0.0000042413  -0.0000282168
       -0.0000261762   0.0063442046   0.0043664535  -0.0123591374   0.1037632668
        0.0298261283  -0.1097747909  -0.0184734560  -0.0091175205   0.0274582263
        0.0000127048   0.0000844631  -0.0002133856  -0.0001511119   0.0002031111
        0.0002483512   0.0000407231   0.0000150867   0.0001336834  -0.0000020501
        0.0001750141   0.0002335409   0.0000447607  -0.0000045177   0.0001292905
       -0.0009372655  -0.0005745795  -0.0011401182  -0.0000051474  -0.0000116599
        0.0000684562  -0.0000102727  -0.0000845960   0.0000713385  -0.0017860513
       -0.0020366701   0.0018172641  -0.0000188288  -0.0000490542  -0.0001362126
        0.0000156168  -0.0000052440   0.0000238031   0.0113905480   0.0034372415
       -0.0228657197  -0.0005211629  -0.0021758555  -0.0024825288   0.0000431137
       -0.0000505098   0.0000567373  -0.0000455408  -0.0000086511   0.0002353629
       -0.0256749796  -0.0509264067   0.0500883884  -0.0000640021  -0.0000878721
        0.0000238074   0.0000818783   0.0000278712  -0.0000773322   0.0006145093
        0.0003801366  -0.0000505398  -0.0000322905  -0.0001018108  -0.0000572032
        0.0000243608  -0.0000196900  -0.0000129672   0.0002876123   0.0002414734
        0.0001693810   0.0000422258   0.0000015004   0.0000427831   0.0000091586
       -0.0000231664  -0.0000094947   0.0000660379   0.0003274769   0.0003841358
       -0.0000057824  -0.0000540696   0.0000383380   0.0002049034  -0.0001101923
       -0.0001359241   0.0000191592   0.0000189806  -0.0000092047   0.0000176869
       -0.0000074927   0.0000011197  -0.0000761121   0.0003307694  -0.0005359746
        0.0006353532  -0.0018826031   0.0012119969   0.0000152274   0.0000335884
        0.0000176634  -0.0101161518  -0.0084804220   0.0248422097   0.0298261283
        0.0624205582  -0.0579204183  -0.0039449586  -0.0010022082   0.0058093723
       -0.0001095410  -0.0002649969  -0.0001604720  -0.0000602213   0.0000804431
        0.0003770858  -0.0001665974   0.0000224461  -0.0003076023   0.0000367344
       -0.0001882334  -0.0001582051  -0.0001745147   0.0000912347   0.0001255863
       -0.0002540561  -0.0005416823   0.0003931213   0.0000015701   0.0000224897
        0.0000052963  -0.0000122327  -0.0000014153  -0.0000628007   0.0015659614
        0.0028807400  -0.0009871339  -0.0000183695  -0.0000107144  -0.0001026038
        0.0000297661   0.0000283779   0.0000262102   0.0106365781  -0.0026909979
       -0.0225003357  -0.0010376685  -0.0012571791  -0.0017760153   0.0001386584
        0.0001404495   0.0002577593  -0.0000619846  -0.0000014193   0.0000955348
        0.0924573188   0.0525829540  -0.2263514189   0.0001190122   0.0000296180
       -0.0001570413   0.0001096093   0.0000592592   0.0000822823  -0.0009179520
        0.0003782034   0.0006134497   0.0002037460   0.0000605521   0.0001513342
        0.0000433774   0.0000074696   0.0000062510  -0.0000946564  -0.0000077483
       -0.0001594752   0.0000325478   0.0000051958  -0.0000034977   0.0000288745
        0.0000167518   0.0000080063   0.0008354755  -0.0000469281  -0.0004323699
        0.0000123313   0.0000558190   0.0000414211   0.0001383490  -0.0001394218
       -0.0000553934   0.0000183953  -0.0000003093   0.0000232996  -0.0000035849
        0.0000042877  -0.0000024627  -0.0002004244   0.0002952013  -0.0004825435
        0.0004433959  -0.0013476667   0.0012465259   0.0000257766   0.0000063913
        0.0000154451   0.0059313775   0.0077071883  -0.0149309185  -0.1097747909
       -0.0579204183   0.2620456455   0.0000777386  -0.0000559415   0.0031160351
       -0.0000800493   0.0001648601  -0.0000978250   0.0005510890  -0.0004523155
       -0.0003596465   0.0000372968  -0.0001761689  -0.0000106304  -0.0000903941
        0.0000956928   0.0001184217   0.0000553742  -0.0000372393  -0.0000841751
       -0.0000490531   0.0000945881  -0.0001058123  -0.0000194584  -0.0000365622
        0.0000715615   0.0001000422   0.0000177119   0.0000558403  -0.0000242918
       -0.0004045798   0.0003993774  -0.0001066819   0.0001040874  -0.0000119472
        0.0000020887  -0.0000246263  -0.0000004540  -0.0064176656  -0.0049185138
       -0.0039760296   0.0012711201   0.0019750551   0.0016215573  -0.0002349700
       -0.0001536743  -0.0002088938   0.0000549142  -0.0000946472  -0.0000414542
       -0.2669608905  -0.0480434067  -0.0375507590  -0.0000340225  -0.0000670462
        0.0002240943   0.0000524423  -0.0000005524   0.0000414756  -0.0000893381
       -0.0002044465  -0.0002919386  -0.0000222973  -0.0000730300  -0.0000697791
        0.0000220879   0.0000000117   0.0000022589  -0.0000125086  -0.0000305356
        0.0000254144   0.0000185800   0.0000300646   0.0000070857  -0.0000226257
       -0.0000402224   0.0000171679  -0.0000734507   0.0000110889  -0.0001080404
        0.0000282214   0.0000113188   0.0000264771  -0.0000233106  -0.0000885841
       -0.0000164688  -0.0000054023  -0.0000094890  -0.0000278163   0.0000016910
        0.0000113441   0.0000068238   0.0004976225   0.0004367381   0.0003837768
       -0.0000285968   0.0003851534   0.0002380758   0.0000110640   0.0000628829
        0.0000365576  -0.0193052790  -0.0006474867  -0.0039771993  -0.0184734560
       -0.0039449586   0.0000777386   0.3093701081   0.0560474875   0.0435851652
       -0.0001006699   0.0000131148  -0.0001633408   0.0006055803  -0.0028035741
       -0.0031537827   0.0003771613   0.0001726152   0.0003266172   0.0001141843
        0.0000523119   0.0000282710   0.0000623697   0.0000436817   0.0000024400
       -0.0000651562  -0.0000056759  -0.0000856602  -0.0000855981  -0.0000892882
        0.0000938185   0.0000574369   0.0000056931   0.0000138370   0.0000314538
       -0.0001726973   0.0001257073  -0.0000993922   0.0000431746  -0.0000552992
       -0.0000045795   0.0000053549   0.0000049929  -0.0235088131  -0.0080895708
       -0.0064755513  -0.0016605109   0.0001493150   0.0002504732  -0.0009227647
       -0.0004763448  -0.0007426301   0.0000321444  -0.0000269155   0.0000443908
       -0.0479994604  -0.0539234122  -0.0070028333  -0.0000678632  -0.0000276127
       -0.0002062908   0.0000771336   0.0000861206  -0.0000148667  -0.0001147055
       -0.0000948558   0.0001566768  -0.0000069226   0.0000039627   0.0000031633
        0.0000096141   0.0000012594   0.0000069069   0.0000068347   0.0000010980
       -0.0000039806   0.0000328392   0.0000158025   0.0000212895  -0.0000200081
       -0.0000205093   0.0000086881  -0.0000488805   0.0000045364   0.0000223022
        0.0000247544   0.0000198285  -0.0000006903  -0.0000601235  -0.0000494809
       -0.0000261700   0.0000071896  -0.0000017080   0.0000010222   0.0000022137
        0.0000063069   0.0000007699   0.0010565826  -0.0006267470  -0.0005014853
       -0.0000357124   0.0003699459   0.0003007643   0.0000135256   0.0000482037
        0.0000218343   0.0253601758   0.0037676221   0.0048230326  -0.0091175205
       -0.0010022082  -0.0000559415   0.0560474875   0.0626006528   0.0122315250
       -0.0003170846  -0.0001685058  -0.0003084934  -0.0001085838  -0.0032110670
       -0.0013190261   0.0001111005  -0.0001872933   0.0000025360   0.0001511541
       -0.0001458402  -0.0000011469  -0.0000253633  -0.0000343036  -0.0000204312
        0.0002149078   0.0000129636   0.0001115643  -0.0001191564  -0.0001127063
        0.0001210879   0.0000628622  -0.0000108526   0.0000074925  -0.0000226829
        0.0003635699  -0.0005330743  -0.0000372899   0.0000866723   0.0000397594
        0.0000018074   0.0000105558   0.0000170374  -0.0189732205  -0.0069133058
       -0.0049065234  -0.0013086724   0.0004536308   0.0000309638  -0.0005693785
       -0.0003030824  -0.0004453210   0.0000106243  -0.0000154529  -0.0000213460
       -0.0363086244  -0.0069218136  -0.0494586166   0.0000707944   0.0000575413
        0.0001065356   0.0000661951  -0.0000415440   0.0000455924  -0.0001108770
        0.0001392651  -0.0000783455   0.0001039621   0.0000406338   0.0000631523
       -0.0000231033   0.0000050051   0.0000069928   0.0000234787   0.0000155968
        0.0000094190   0.0000244174   0.0000107575   0.0000126635  -0.0000358217
       -0.0000308598   0.0000052409   0.0001248098   0.0000239947  -0.0000142161
        0.0000021880   0.0000027705  -0.0000127858  -0.0000039653  -0.0000243474
       -0.0000116912   0.0000043769  -0.0000002857  -0.0000003160  -0.0000052711
        0.0000053084  -0.0000032730   0.0007566057  -0.0005173325  -0.0002301831
       -0.0000759451   0.0003367128   0.0001915779   0.0000104441   0.0000216199
        0.0000159609  -0.0147380797  -0.0009889026  -0.0021791006   0.0274582263
        0.0058093723   0.0031160351   0.0435851652   0.0122315250   0.0556402788
