$hessian                                                                        
        0.4903750887  -0.0210311125  -0.0138102085  -0.0714381736  -0.0291950680
        0.0229158915   0.0058693953   0.0118485348  -0.0074627142   0.0014690592
       -0.0013686939   0.0005424461  -0.0219406313   0.0087517948   0.0137176380
       -0.0785418479   0.0094705880   0.0400073300  -0.1247760971  -0.0278991260
       -0.0413062039  -0.0311435012   0.0019217306  -0.0048591280   0.0059646937
       -0.0077302815  -0.0178732976  -0.1085020177   0.0516380098  -0.0158825435
       -0.0027824679   0.0020420286   0.0014544657  -0.0144929095  -0.0192829245
        0.0077197735  -0.0002354186   0.0007221549   0.0013768766  -0.0029888891
       -0.0069764841   0.0072561402  -0.0108725998   0.0148746655   0.0093631523
       -0.0013016133  -0.0003652412  -0.0008767078  -0.0019440350   0.0033953374
       -0.0008278656  -0.0004433853   0.0004647141  -0.0004253532  -0.0000305159
        0.0001734355   0.0000628136   0.0000740839  -0.0001884517  -0.0000853639
       -0.0038697042   0.0027992491  -0.0015701048  -0.0067618789  -0.0001006113
        0.0119377842   0.0013021752   0.0001835826  -0.0003197340  -0.0082397674
       -0.0060436927  -0.0034857469   0.0011579677   0.0002721675  -0.0013254365
        0.0049533761  -0.0060509189   0.0015549205  -0.0205181149   0.0170349402
       -0.0067802236   0.0001321117   0.0000725968   0.0002001721  -0.0008162638
        0.0003917554  -0.0004755727  -0.0002964809   0.0013146906  -0.0013648386
        0.0001631783  -0.0004794853   0.0004823008   0.0009883934  -0.0013897592
        0.0001072475  -0.0002092346   0.0003063303   0.0000986848   0.0002239767
        0.0000356208  -0.0000903791  -0.0005279518   0.0003879237   0.0000237851
       -0.0210311125   0.4550145046  -0.0143486277  -0.0247603799  -0.1128490694
        0.0395219734  -0.0019098855  -0.0242867704   0.0121327452  -0.0018422881
        0.0022734343   0.0001913223   0.0193242376  -0.0069523288  -0.0137326578
        0.0104179336  -0.0648351422  -0.0146278272  -0.0286974964  -0.0735107746
       -0.0167254190   0.0114824555   0.0044065151   0.0037697362   0.0029208823
       -0.0065851063  -0.0201386304   0.0470946590  -0.1171063680   0.0158593116
        0.0020436205  -0.0016043979  -0.0013745579  -0.0127430894  -0.0105901766
       -0.0002598984   0.0002211357   0.0007905852   0.0016351004   0.0000005297
        0.0029628801  -0.0002968486   0.0139153637  -0.0122647601  -0.0099657976
        0.0004857932  -0.0006485062   0.0004076993   0.0024472058  -0.0034189603
        0.0008988947   0.0000792940   0.0000120910   0.0000794665  -0.0000630660
       -0.0001720672  -0.0001917691  -0.0002889891   0.0001592353   0.0002238768
        0.0037361232  -0.0022740636   0.0003609398  -0.0128092947   0.0009306956
        0.0199656770   0.0008187250   0.0002578645  -0.0000395761  -0.0234080060
       -0.0118923538  -0.0120857831   0.0001416185   0.0006168517   0.0012532414
        0.0142276771  -0.0244292630   0.0088966052  -0.0035797287   0.0056862403
       -0.0006783227   0.0000390051   0.0000008201  -0.0000436132   0.0008708164
       -0.0003886972   0.0002758083   0.0001283954   0.0006497540  -0.0005785482
        0.0000569377  -0.0002539752  -0.0000441779   0.0003288499   0.0002775300
       -0.0002376792   0.0001097021  -0.0000234562  -0.0002496128   0.0000196635
       -0.0000293580   0.0001002957   0.0002227118   0.0000765932   0.0000466529
       -0.0138102085  -0.0143486277   0.4446684126   0.0170123138   0.0321384455
       -0.0846494262  -0.0013639132   0.0050691221  -0.0006301203   0.0004434971
        0.0000925670  -0.0000292425   0.0078684563  -0.0054972165   0.0005539653
        0.0418550023  -0.0135581209  -0.1255225575  -0.0423706022  -0.0172155131
       -0.0904537376  -0.0021816348   0.0038322257   0.0031068867   0.0000993336
       -0.0121733983  -0.0251683399  -0.0177656858   0.0177508218  -0.0599905234
        0.0010110331  -0.0010148851  -0.0003214454   0.0000711468  -0.0061626623
        0.0074876157  -0.0011459140  -0.0006664869  -0.0006203174   0.0123531315
        0.0225639385  -0.0228898650   0.0255583114  -0.0266632867  -0.0091911674
       -0.0005330099   0.0000348105  -0.0001398153  -0.0002594424  -0.0004994592
        0.0000741935  -0.0001585259   0.0000132973  -0.0001105586  -0.0000528816
        0.0000285553  -0.0001416205   0.0000073686   0.0001486659  -0.0001196868
       -0.0010875905  -0.0004177033  -0.0002592269   0.0121855064   0.0014219240
       -0.0173218702  -0.0226588693  -0.0075001336  -0.0163277703   0.0036505207
        0.0015959831   0.0025673937  -0.0002965520  -0.0003880374   0.0010731085
       -0.0082994175   0.0122752191  -0.0035559224  -0.0105081950   0.0100710215
       -0.0023946836   0.0000426962   0.0000213467  -0.0001302153   0.0001549982
       -0.0003503893   0.0003178241  -0.0001851494   0.0006410240  -0.0008712527
        0.0000269447  -0.0002603794   0.0000617626   0.0004739340  -0.0007778682
        0.0008442030   0.0000846864  -0.0000993470  -0.0001094255  -0.0000394084
       -0.0000899110   0.0000984607  -0.0001818805  -0.0000155422   0.0000949642
       -0.0714381736  -0.0247603799   0.0170123138   0.4620960388  -0.0057204654
       -0.0056014683  -0.1088807448   0.0526431121  -0.0102309784  -0.0134779620
        0.0117673556   0.0034998214   0.0015179538   0.0002885319  -0.0013343012
       -0.0052292524  -0.0075833836   0.0065725377  -0.0145872869  -0.0209502727
        0.0068281825   0.0002078965  -0.0003172141  -0.0002995538   0.0007097264
        0.0001513894  -0.0004247318   0.0061330194   0.0117730786  -0.0073488646
       -0.0002157058   0.0001802358  -0.0000666292  -0.1576041789  -0.0304501312
       -0.0276865506  -0.0080829375  -0.0088795324  -0.0110342223  -0.0449412870
        0.0124072016   0.0336715690   0.0004325627  -0.0000168259   0.0001182635
       -0.0274833088  -0.0050131491  -0.0038956511   0.0064348863  -0.0066878515
        0.0007318497  -0.0174085725   0.0169748556  -0.0049388265   0.0001557004
       -0.0001839931   0.0000220851  -0.0014056960   0.0008970463   0.0028692820
        0.0001996694   0.0001160405  -0.0001070562  -0.0007869993   0.0002193296
        0.0018821612   0.0007582143  -0.0002675235   0.0010319981  -0.0038971137
       -0.0019648186  -0.0011250571  -0.0001477685   0.0001780671  -0.0001135613
       -0.0018606303   0.0038161468  -0.0011478225   0.0004310545   0.0003661470
       -0.0003509380   0.0000198712  -0.0000423565   0.0000135319  -0.0000052834
        0.0000737912  -0.0000143653   0.0015942977   0.0002681011   0.0003972273
        0.0005981643   0.0005041651   0.0004031416  -0.0001518737  -0.0000105538
       -0.0001444245   0.0003265070  -0.0008813042  -0.0007820959  -0.0000209446
        0.0000764221  -0.0007300753  -0.0039898433   0.0010287382   0.0023232093
       -0.0291950680  -0.1128490694   0.0321384455  -0.0057204654   0.4316100147
        0.0387436865   0.0560141800  -0.1226195827   0.0082226306   0.0076149459
       -0.0052194452  -0.0047062118  -0.0005677390  -0.0002345576   0.0005966735
       -0.0003977688   0.0044408111   0.0030588215  -0.0110918862  -0.0128352753
        0.0031996618   0.0003139833  -0.0003746019   0.0000631880  -0.0004722475
       -0.0000391238   0.0000888307  -0.0034104983  -0.0234804684   0.0103967140
       -0.0001180412   0.0000692547  -0.0000486981  -0.0321536520  -0.0690778099
       -0.0117761714  -0.0171407948  -0.0101922189  -0.0087736290   0.0120597895
       -0.0629427882  -0.0669669504  -0.0007045384   0.0004170906   0.0010243401
        0.0048480194   0.0035548348  -0.0002429069   0.0166451017  -0.0239403351
        0.0040482314   0.0009800503   0.0012247668  -0.0009988100   0.0001327945
        0.0000222669  -0.0002842516  -0.0002180636   0.0004712251  -0.0006440897
        0.0000209886  -0.0000814914   0.0000011847   0.0010956382   0.0006918100
       -0.0019877357   0.0003968523   0.0001198815   0.0012059196  -0.0022157559
       -0.0006162201  -0.0004921298   0.0001054149  -0.0000342248  -0.0001284228
        0.0022934790  -0.0033333125   0.0011155217  -0.0010006820   0.0008326696
       -0.0003290682   0.0000081854   0.0000331469   0.0000139608   0.0000112940
        0.0000531842  -0.0000446869  -0.0011923156   0.0050588724  -0.0077221271
        0.0000200824  -0.0023365540   0.0026412005   0.0001176450   0.0000492502
        0.0001293465   0.0005048161   0.0005183506   0.0002967295   0.0006468334
        0.0001602201  -0.0004542670   0.0017694227   0.0008794290  -0.0013849306
        0.0229158915   0.0395219734  -0.0846494262  -0.0056014683   0.0387436865
        0.4881959060  -0.0036333214   0.0018129315  -0.0661067099   0.0148343100
       -0.0154205114   0.0025267501  -0.0016283051   0.0003944919   0.0016899755
        0.0126792945   0.0180113758  -0.0159504518  -0.0035885777  -0.0077383336
        0.0036143030   0.0000596995  -0.0002317877  -0.0001168551  -0.0007258753
        0.0002714330   0.0021722078  -0.0005593028   0.0063621256  -0.0013536427
       -0.0000057033   0.0000960246   0.0000235674  -0.0425414723  -0.0169845798
       -0.0796637967  -0.0217995105  -0.0093913014  -0.0097466172   0.0343109434
       -0.0670839079  -0.2323042403   0.0004019308  -0.0003851162  -0.0007463245
        0.0090908833   0.0022816712   0.0028001768  -0.0042190863   0.0056871817
        0.0001094630  -0.0149855996   0.0156471155  -0.0040333362  -0.0000802470
       -0.0001395940   0.0001379431   0.0034940698  -0.0012882468  -0.0031604599
       -0.0002853158  -0.0001500485   0.0001186594   0.0030785510  -0.0002881785
       -0.0043178117  -0.0014555905  -0.0013182348   0.0006841437  -0.0025747060
       -0.0016195555  -0.0008097015  -0.0001214720  -0.0000047395  -0.0002823736
       -0.0001614332   0.0004219325   0.0003122808   0.0002739289  -0.0000876758
        0.0001697954  -0.0000170721  -0.0000066164  -0.0000169065  -0.0000797066
        0.0000059828  -0.0000061477  -0.0000964814  -0.0081294862   0.0020146794
       -0.0005649784   0.0025235141  -0.0009375205  -0.0001940929  -0.0002538389
        0.0000295356   0.0006028088  -0.0001569830   0.0003304954   0.0007743221
        0.0000534460  -0.0000216314   0.0024026850  -0.0011561503  -0.0007059292
        0.0058693953  -0.0019098855  -0.0013639132  -0.1088807448   0.0560141800
       -0.0036333214   0.4850787599   0.0462644516   0.0165457363  -0.1056615491
        0.0100958224   0.0544290692  -0.0101700241  -0.0045857798   0.0125834321
       -0.0000677531   0.0006256528  -0.0006899427  -0.0000862190   0.0000291178
        0.0001639924  -0.0006276882  -0.0007870016   0.0010650560   0.0002232995
        0.0000833553   0.0002803186  -0.0005021857  -0.0015319914   0.0012859779
        0.0001557264   0.0000761676   0.0001240108  -0.0244228522   0.0139402585
       -0.0055216044   0.0000526610   0.0015893127   0.0013332457  -0.0078397199
        0.0098056548   0.0004415716   0.0001116337  -0.0001036031  -0.0002678073
       -0.0026903505  -0.0005382578  -0.0015928592  -0.0968916396  -0.0976169357
        0.0198144171  -0.1240896525  -0.0308876150  -0.1072459658   0.0083622106
       -0.0025807923  -0.0100857617  -0.0172396336   0.0059694178   0.0201803120
       -0.0001595598  -0.0023720397   0.0012848376   0.0000332412  -0.0000981195
       -0.0000536784   0.0000398987  -0.0002723354  -0.0000459447   0.0000270144
        0.0000003165   0.0000285947  -0.0002369021   0.0001485345  -0.0000189829
        0.0002709448  -0.0006074980   0.0002585760  -0.0000366529  -0.0000534182
        0.0000850275  -0.0000001089  -0.0000986619   0.0000293806  -0.0000020469
        0.0000057080   0.0000394755   0.0002520549  -0.0007245553   0.0007450924
        0.0000063731   0.0003335944  -0.0006310488  -0.0000216750  -0.0000160001
        0.0000325398   0.0001019130  -0.0002139049  -0.0000403238   0.0000000461
        0.0000057985  -0.0001800674  -0.0009582145   0.0000110518   0.0006205578
        0.0118485348  -0.0242867704   0.0050691221   0.0526431121  -0.1226195827
        0.0018129315   0.0462644516   0.4929776388   0.0035661029   0.0084097210
       -0.0666599690  -0.0123108349  -0.0149809389   0.0009251961   0.0194717849
        0.0005803018   0.0017449737  -0.0015421214   0.0002268403   0.0000864491
        0.0001090221  -0.0007052234   0.0002504623   0.0004920603   0.0000679877
        0.0002065041   0.0000836916  -0.0019269695  -0.0030642999   0.0023270167
        0.0001506832  -0.0001977170   0.0001604923   0.0012986532   0.0054235120
        0.0022500078  -0.0008863896  -0.0004277825  -0.0005990076   0.0108858797
       -0.0104981923  -0.0011535264  -0.0001447592   0.0004926340  -0.0001393432
       -0.0014208480  -0.0006172897   0.0002316626  -0.0979661274  -0.2104344548
        0.0362734489  -0.0306911717  -0.0530955184  -0.0351172946   0.0065018790
       -0.0016115917  -0.0102338011   0.0124778149  -0.0030342999  -0.0144042952
       -0.0025924756  -0.0042855460   0.0029296688   0.0001008566   0.0000749678
       -0.0001832579  -0.0001711903  -0.0002423246   0.0001920733   0.0001523032
        0.0000667486   0.0001664502   0.0000333696  -0.0001279252   0.0000690284
        0.0007642766  -0.0011597821   0.0003589475  -0.0001283202   0.0000034945
       -0.0000079706  -0.0000475642  -0.0000754872   0.0001102672  -0.0000449752
        0.0000056902  -0.0000057642  -0.0001007978   0.0000610924  -0.0000869305
       -0.0000811341   0.0000676061  -0.0001760611   0.0000327766   0.0000008094
        0.0000193711  -0.0000457038  -0.0000011835  -0.0000129493  -0.0000998390
        0.0000200761   0.0002062734  -0.0004050140   0.0000318616   0.0000737345
       -0.0074627142   0.0121327452  -0.0006301203  -0.0102309784   0.0082226306
       -0.0661067099   0.0165457363   0.0035661029   0.4821433774   0.0588445814
       -0.0158992519  -0.1531311507   0.0106697501   0.0053384798  -0.0115507301
       -0.0003135795  -0.0011398342   0.0005750491  -0.0000572448   0.0002773575
       -0.0003376442  -0.0003036672  -0.0003243691   0.0007869988  -0.0002180759
        0.0000361419   0.0002368679   0.0011539707   0.0022718276  -0.0011711416
       -0.0000248627   0.0000305522  -0.0002076913  -0.0084104892   0.0081292493
       -0.0003228365  -0.0003247329   0.0001535703  -0.0001424573   0.0164778048
       -0.0207100423  -0.0012695633  -0.0000124418  -0.0002852577   0.0001974853
       -0.0007645393  -0.0000959982   0.0000445286   0.0202558242   0.0371131395
       -0.0504188599  -0.1074178182  -0.0353670342  -0.1777372992   0.0127145581
       -0.0049204361  -0.0231328575  -0.0008712551  -0.0003550357   0.0019906004
        0.0004796834   0.0016965230  -0.0000876842  -0.0000849413  -0.0001659277
        0.0004251116   0.0001195443  -0.0004873981   0.0000572332  -0.0001038344
        0.0001619479  -0.0000988837   0.0000416171   0.0000114203  -0.0002099455
       -0.0003492873   0.0007189981  -0.0001630746   0.0000410418  -0.0000691249
        0.0000342292  -0.0000150037   0.0000472724  -0.0001582391  -0.0000339761
       -0.0000420958   0.0000658577   0.0002175932  -0.0003399663   0.0004184596
       -0.0002998803  -0.0000240656  -0.0004049917   0.0000028655   0.0001455580
       -0.0000032723  -0.0000720840   0.0001334210  -0.0000041312  -0.0001170892
       -0.0000802987   0.0000367972  -0.0000760753   0.0001191989   0.0002766878
        0.0014690592  -0.0018422881   0.0004434971  -0.0134779620   0.0076149459
        0.0148343100  -0.1056615491   0.0084097210   0.0588445814   0.4974103848
       -0.0235151038   0.0477205050  -0.0757932127  -0.0339084911   0.0171834450
        0.0062512757   0.0185601673  -0.0073353950  -0.0006178285  -0.0002802501
        0.0001765301  -0.0071867003  -0.0156965314  -0.0017368707   0.0006170774
        0.0004301712  -0.0004308458  -0.0001503526  -0.0002271324   0.0001572226
        0.0009236344  -0.0008439589  -0.0004310547  -0.0005794800   0.0003591213
       -0.0000364509   0.0003658594  -0.0003384819  -0.0006288436  -0.0017829479
        0.0022754928   0.0001541095   0.0000151833   0.0000194382  -0.0000563823
       -0.0002454635  -0.0001201097  -0.0000148213  -0.0098034409  -0.0002475834
        0.0150753038   0.0077170683  -0.0003617974  -0.0118529302  -0.1056354364
       -0.0504299829  -0.0910742639  -0.1812104035   0.1028099034  -0.0477810048
       -0.0078176810  -0.0177647367   0.0092736820  -0.0032117221   0.0040882217
       -0.0019798112   0.0000278347   0.0000596161   0.0000605277   0.0001179865
       -0.0000727677  -0.0000492971   0.0001949711   0.0002035652  -0.0000283445
        0.0000574583  -0.0001041067  -0.0000570626   0.0000221129   0.0000150151
        0.0000182419   0.0001373456   0.0009884265  -0.0009983894  -0.0001599672
       -0.0004763887   0.0003504278  -0.0002129129   0.0001343646   0.0001956120
       -0.0016251052   0.0002754163  -0.0000246802  -0.0000307459  -0.0000062367
       -0.0000005839  -0.0000331733  -0.0000406141   0.0000072698   0.0000053253
        0.0000296572  -0.0000074367  -0.0000964916   0.0000033179   0.0000292033
       -0.0013686939   0.0022734343   0.0000925670   0.0117673556  -0.0052194452
       -0.0154205114   0.0100958224  -0.0666599690  -0.0158992519  -0.0235151038
        0.4768217223   0.0159638050  -0.0352846715  -0.1521439877   0.0402941792
        0.0029103666  -0.0246062882   0.0109051839  -0.0002950441   0.0005532649
       -0.0006681201  -0.0130393368  -0.0224551541  -0.0055090463  -0.0013823492
       -0.0004775859   0.0001791472   0.0002742748  -0.0001417267  -0.0001105060
        0.0023635413  -0.0006685104   0.0011090438   0.0002417185  -0.0000628387
       -0.0002067650   0.0003218376  -0.0000819323   0.0000358817   0.0033147895
       -0.0031754334  -0.0006445035  -0.0000608406   0.0001218652   0.0001233501
        0.0003831975   0.0000640408   0.0000481268  -0.0146612228   0.0013842153
        0.0208987736   0.0039236288  -0.0005474589  -0.0086481913  -0.0512342859
       -0.0852622420  -0.0765285789   0.1039981106  -0.1184629797   0.0330142826
       -0.0008097418  -0.0001028455   0.0014930382   0.0025043700  -0.0019857401
        0.0008422934   0.0000809499  -0.0001012500  -0.0000940199   0.0000441076
        0.0001260442   0.0000482037  -0.0000735939  -0.0001355626  -0.0004167546
        0.0000208485   0.0001283808  -0.0000730553  -0.0000517514   0.0000308243
       -0.0000315519   0.0002341413   0.0011166812  -0.0010509014   0.0000071747
       -0.0003787510   0.0004470609   0.0000921016  -0.0000068967  -0.0001106563
       -0.0008498795   0.0000762063  -0.0000182308   0.0000107547  -0.0000463029
       -0.0000202759  -0.0000245304   0.0000648553  -0.0000095666   0.0000171955
       -0.0000591582  -0.0000111299   0.0000447586   0.0000205241  -0.0000233201
        0.0005424461   0.0001913223  -0.0000292425   0.0034998214  -0.0047062118
        0.0025267501   0.0544290692  -0.0123108349  -0.1531311507   0.0477205050
        0.0159638050   0.4995536597   0.0124215794   0.0288014014  -0.0747186782
       -0.0004535627   0.0141653334  -0.0049111060   0.0000011598   0.0004447070
       -0.0014541544  -0.0067406703  -0.0173809980   0.0081335659  -0.0002732729
        0.0008271725   0.0001424451   0.0000928348   0.0000119429  -0.0001083252
       -0.0005833538  -0.0010078572  -0.0012506206   0.0001052576  -0.0000456820
       -0.0002326778   0.0002973654  -0.0001009213  -0.0000412318  -0.0000898373
        0.0006602404   0.0010538380  -0.0000614026   0.0000503381   0.0001301215
        0.0000307506  -0.0000117752  -0.0001750645   0.0069006992   0.0004230039
       -0.0085181828   0.0136765892  -0.0048576052  -0.0282593742  -0.0914227043
       -0.0765199309  -0.1712184738  -0.0474069153   0.0326983054  -0.0571973830
        0.0100423062   0.0198997464  -0.0092185585  -0.0020246741   0.0018255794
        0.0000419090   0.0002303010  -0.0001357234  -0.0003189074  -0.0001181067
        0.0001109486   0.0000962202   0.0004347770   0.0000125783  -0.0000586664
       -0.0000619960   0.0000105500   0.0000482310   0.0000133394   0.0000051655
        0.0000278715   0.0001958671   0.0014066809  -0.0013918611  -0.0002394722
       -0.0006376414   0.0005326496   0.0000704304   0.0000560287  -0.0000453202
       -0.0011494510   0.0002066273  -0.0000569312  -0.0000089196  -0.0000107392
       -0.0000384498   0.0000130627   0.0000169076   0.0000085234  -0.0000113903
       -0.0000311995   0.0000760286  -0.0000724327  -0.0000312650   0.0000025464
       -0.0219406313   0.0193242376   0.0078684563   0.0015179538  -0.0005677390
       -0.0016283051  -0.0101700241  -0.0149809389   0.0106697501  -0.0757932127
       -0.0352846715   0.0124215794   0.4958219492  -0.0240389398  -0.0605294981
       -0.1278767883   0.0512767543  -0.0207328611   0.0015396617   0.0109169050
        0.0078510824  -0.0763597740  -0.0257147208  -0.0347854258  -0.0202945379
        0.0067573402  -0.0105149710  -0.0011259917   0.0001218875   0.0026832111
       -0.0148039147  -0.0155080911  -0.0233793197  -0.0004611468  -0.0000839849
       -0.0000553962   0.0000819631   0.0001042845  -0.0000004719   0.0001992009
       -0.0000436267  -0.0001272275  -0.0010465080   0.0011002539   0.0006183113
        0.0000777558   0.0000157815   0.0000151975  -0.0021004822  -0.0001931388
        0.0038060444   0.0002914266   0.0001271361  -0.0004810788  -0.0063817592
       -0.0166866479   0.0038029127   0.0061980772   0.0193461939  -0.0070412815
       -0.1448700964   0.0240693214   0.1130567795   0.0042256525  -0.0023944661
        0.0010127078  -0.0015475186   0.0011900421   0.0008269761  -0.0013147043
        0.0016035499   0.0009976154  -0.0019903700  -0.0002509165  -0.0030486848
        0.0001218503  -0.0000586110   0.0000305297  -0.0000876792   0.0000442734
       -0.0000945723  -0.0030013652   0.0018290718  -0.0034037316   0.0008801144
       -0.0018395079   0.0002364328   0.0000788805   0.0000182626   0.0000301082
        0.0000347250  -0.0002056305  -0.0000985596   0.0000472781  -0.0000072074
       -0.0000164761  -0.0000043552   0.0000390118   0.0000040881   0.0000064801
       -0.0000235188   0.0000071742   0.0000478907  -0.0000019499  -0.0000010959
        0.0087517948  -0.0069523288  -0.0054972165   0.0002885319  -0.0002345576
        0.0003944919  -0.0045857798   0.0009251961   0.0053384798  -0.0339084911
       -0.1521439877   0.0288014014  -0.0240389398   0.4560140320   0.0430598710
        0.0528478940  -0.0989726810   0.0210544041   0.0037484577  -0.0110774635
       -0.0177531586  -0.0191723531  -0.0980784163  -0.0546966091  -0.0106493093
        0.0100469207  -0.0028693236   0.0006364918  -0.0001146852  -0.0014519421
       -0.0075091700  -0.0003034929  -0.0044097964   0.0001987716  -0.0000247882
       -0.0000502390   0.0000416001   0.0000348872   0.0000115855  -0.0001218359
        0.0000260840   0.0000491174   0.0005735323  -0.0002668252  -0.0002540153
        0.0000071480  -0.0000149464   0.0000434769   0.0006337919   0.0009657936
       -0.0003580119   0.0002085535   0.0003356974  -0.0004933964  -0.0091394942
       -0.0193603960   0.0032645409  -0.0051395303  -0.0210116181   0.0079585530
        0.0242070692  -0.0425443908  -0.0260177961   0.0198800604  -0.0189883521
        0.0083675561   0.0013042167  -0.0017685234  -0.0007128578   0.0008018517
       -0.0008103176  -0.0001187628  -0.0024349300  -0.0008806100  -0.0021487078
       -0.0000823605   0.0003085731  -0.0000942569  -0.0000288260  -0.0000147379
       -0.0000395529   0.0031924652   0.0076255707  -0.0045214573  -0.0004991187
       -0.0026412870   0.0030964090  -0.0000466386   0.0000190368  -0.0000154329
        0.0001131745  -0.0000784598   0.0000308325  -0.0000026952  -0.0000328468
        0.0000384495  -0.0000493161   0.0000121016   0.0000029349   0.0000011569
       -0.0000125229   0.0000015103  -0.0000277737   0.0000143420  -0.0000110809
        0.0137176380  -0.0137326578   0.0005539653  -0.0013343012   0.0005966735
        0.0016899755   0.0125834321   0.0194717849  -0.0115507301   0.0171834450
        0.0402941792  -0.0747186782  -0.0605294981   0.0430598710   0.5050997483
       -0.0173061448   0.0187097272  -0.0693443241   0.0043504633  -0.0167365096
       -0.0129035237  -0.0333711306  -0.0626388917  -0.1434631318  -0.0232802830
        0.0075476880  -0.0092150090   0.0006229572  -0.0008352116  -0.0030582365
       -0.0110884793  -0.0074053735  -0.0126993213   0.0001233087  -0.0000351603
       -0.0001183059   0.0000357666  -0.0000290908   0.0000003489  -0.0001793856
        0.0000683260   0.0000493537   0.0013470857  -0.0012477041  -0.0007963001
       -0.0000553069   0.0000642122   0.0000401285   0.0028105698   0.0000767473
       -0.0038455447  -0.0002006633   0.0002069179   0.0005031038  -0.0073133732
       -0.0175980113   0.0061599250   0.0021511717   0.0092736666  -0.0030454297
        0.1118071192  -0.0244374745  -0.1655764707  -0.0108303805   0.0115394764
       -0.0033108386   0.0012450248  -0.0016509350  -0.0009448888   0.0006389449
       -0.0008790513  -0.0014000482  -0.0021767087  -0.0008211645  -0.0024903909
        0.0000108107  -0.0000546338  -0.0000722123  -0.0000593329   0.0000058769
       -0.0000124198  -0.0028928301  -0.0052480912   0.0054556328   0.0020313491
        0.0025012746  -0.0012471423  -0.0000889575  -0.0000019690  -0.0000093846
        0.0000735360   0.0000107283   0.0001493645   0.0000583670  -0.0000324727
        0.0000778331  -0.0000406190  -0.0000255074   0.0000239866  -0.0000213597
       -0.0000057575   0.0000312992  -0.0000222356  -0.0000114825  -0.0000123338
       -0.0785418479   0.0104179336   0.0418550023  -0.0052292524  -0.0003977688
        0.0126792945  -0.0000677531   0.0005803018  -0.0003135795   0.0062512757
        0.0029103666  -0.0004535627  -0.1278767883   0.0528478940  -0.0173061448
        0.4429184428   0.0139484762   0.0304768865   0.0017183007  -0.0040063001
       -0.0153884909  -0.0176510564   0.0006750577  -0.0187784727  -0.1070569049
       -0.0291321287  -0.0483722301  -0.0085901412   0.0091123635   0.0170468609
       -0.0000401326  -0.0003457810  -0.0013543070   0.0002294871   0.0005667614
        0.0007560802  -0.0002109851   0.0004935605  -0.0008711992  -0.0005466803
       -0.0016098297   0.0010725544  -0.0042109457   0.0037355299   0.0017585270
       -0.0000042598  -0.0000860411  -0.0001994582  -0.0000904427  -0.0000910179
        0.0001503749  -0.0000730287  -0.0000870924  -0.0001892762   0.0003691755
       -0.0010315433  -0.0004491078   0.0001419001  -0.0023634465   0.0005364189
       -0.0174777790   0.0111229950  -0.0058932330  -0.0597028247  -0.0464744139
        0.0288598232  -0.0029531286  -0.0007122559  -0.0024101343  -0.0002480153
       -0.0002772928  -0.0007040588  -0.0214426283  -0.0169853838  -0.0229114988
        0.0006383596  -0.0009666040   0.0004204788  -0.0001710406  -0.0003606853
        0.0003075057  -0.0003132647  -0.0002591503  -0.0000660552   0.0001288480
       -0.0001826229   0.0000170848   0.0001656051  -0.0001525322   0.0001199567
       -0.0000683185  -0.0008438709   0.0000697326  -0.0000897507  -0.0001131292
       -0.0004373249   0.0001415580   0.0000539012   0.0000869680   0.0000264768
        0.0000730064  -0.0000991565  -0.0000724601  -0.0000592571  -0.0000162588
        0.0094705880  -0.0648351422  -0.0135581209  -0.0075833836   0.0044408111
        0.0180113758   0.0006256528   0.0017449737  -0.0011398342   0.0185601673
       -0.0246062882   0.0141653334   0.0512767543  -0.0989726810   0.0187097272
        0.0139484762   0.4813029213  -0.0164771601  -0.0025350058  -0.0036637381
       -0.0144811991  -0.0074532114   0.0069690516  -0.0048757159  -0.0469402560
       -0.1158308411  -0.0675469982   0.0085713696  -0.0079906097  -0.0156402677
       -0.0004317066  -0.0015232173  -0.0021070270   0.0006636786   0.0009831910
        0.0008113300  -0.0001994359   0.0002336728  -0.0005240434  -0.0018917396
       -0.0033431133   0.0036694270   0.0043327932  -0.0041628015  -0.0019970363
       -0.0001182232  -0.0001650732  -0.0003255759  -0.0000396815   0.0000109938
       -0.0001199566  -0.0000843358  -0.0001213985  -0.0000324932   0.0006900896
        0.0002439541  -0.0003874682  -0.0015684745  -0.0055983346   0.0026040556
        0.0058726860  -0.0027173993   0.0012602120  -0.0491122461  -0.1694743049
        0.0729134717  -0.0008345471  -0.0007949147  -0.0010268674  -0.0001972112
       -0.0003326592  -0.0007419916   0.0051339889   0.0095850838   0.0113483085
        0.0011385086  -0.0004376147  -0.0015421570  -0.0005155588   0.0003710902
       -0.0004658968  -0.0009489183  -0.0006892513  -0.0001693902   0.0001249115
        0.0001378174  -0.0001640709   0.0002163077  -0.0001171056   0.0000570821
       -0.0002655845  -0.0007540241  -0.0002148428   0.0000631452   0.0001126722
        0.0000665833   0.0000636299  -0.0000719387   0.0000090913   0.0000536636
        0.0000514671  -0.0000479716  -0.0000868910   0.0000147511  -0.0000399130
        0.0400073300  -0.0146278272  -0.1255225575   0.0065725377   0.0030588215
       -0.0159504518  -0.0006899427  -0.0015421214   0.0005750491  -0.0073353950
        0.0109051839  -0.0049111060  -0.0207328611   0.0210544041  -0.0693443241
        0.0304768865  -0.0164771601   0.4634943380  -0.0065992240  -0.0081338863
       -0.0247390973  -0.0185285290   0.0056746603  -0.0150805099  -0.0666997244
       -0.0624555965  -0.1212688612   0.0061978110  -0.0060119163  -0.0027377838
       -0.0009383823  -0.0017263115  -0.0027356588   0.0006162642  -0.0002158602
        0.0006961642  -0.0002497266   0.0004278231  -0.0009231125   0.0011522423
        0.0014888483  -0.0010032065  -0.0021910025   0.0028103993   0.0027463676
        0.0000765170  -0.0003958698  -0.0002453052   0.0001081411  -0.0002957470
        0.0002341770  -0.0001144183   0.0000610570  -0.0001780559  -0.0003632742
       -0.0012946106   0.0002976406   0.0000798057   0.0020970414  -0.0005744708
        0.0175890972  -0.0104574814   0.0060453853   0.0322172675   0.0775195245
       -0.0801499841  -0.0014006700  -0.0010963001  -0.0016636491   0.0002808001
        0.0005210660   0.0001072242  -0.0072822943  -0.0008039251  -0.0080926128
       -0.0006956994   0.0014609349   0.0006811145  -0.0007199639   0.0001190626
        0.0000205361  -0.0009443889  -0.0007963472   0.0003117529   0.0003769632
       -0.0000057966  -0.0002438061  -0.0000984808  -0.0001491888   0.0001021014
       -0.0001573671  -0.0001516554   0.0003376679   0.0000217972  -0.0005842876
       -0.0003286567   0.0001663331  -0.0000023280  -0.0000291851   0.0000052406
        0.0000441134   0.0000830174  -0.0002036899  -0.0000187233  -0.0000101410
       -0.1247760971  -0.0286974964  -0.0423706022  -0.0145872869  -0.0110918862
       -0.0035885777  -0.0000862190   0.0002268403  -0.0000572448  -0.0006178285
       -0.0002950441   0.0000011598   0.0015396617   0.0037484577   0.0043504633
        0.0017183007  -0.0025350058  -0.0065992240   0.4144192775   0.0082026020
       -0.0122151138  -0.1343632619   0.0588891747   0.0364624038   0.0000526393
        0.0012378592   0.0012435388  -0.0226027767  -0.0010591736  -0.0109558135
       -0.0294493563   0.0182307968   0.0083879800   0.0000846976  -0.0020002440
        0.0010017571  -0.0004326718  -0.0002042508  -0.0001691759   0.0002443924
        0.0000573363  -0.0015644309  -0.0000431299  -0.0013994385  -0.0025279734
       -0.0001056027  -0.0000298235   0.0000133459  -0.0000198451   0.0000340473
       -0.0000541505   0.0000424287  -0.0000469448  -0.0000954201  -0.0000007410
       -0.0000450961   0.0000448571   0.0000792838  -0.0000337443  -0.0000221639
       -0.0004275712   0.0007286278  -0.0003669411   0.0001673999   0.0001651900
        0.0006154716  -0.0426407001  -0.0035052476   0.0221722661  -0.0458833578
       -0.0436480951   0.0087347295  -0.0000620946   0.0000579017  -0.0001342825
        0.0007515833  -0.0011051933   0.0005096082  -0.0027259419   0.0026842548
       -0.0007059401   0.0011241277  -0.0004094067   0.0020503178  -0.0026114380
        0.0024327735  -0.0035318562  -0.0000685566   0.0001390290  -0.0002822451
       -0.0000497010  -0.0000720028   0.0000612340   0.0013061173  -0.0006051446
       -0.0003330208   0.0000580894  -0.0000291032  -0.0000863224  -0.0000023679
       -0.0000434621   0.0000054219  -0.0000314533   0.0000209125   0.0000059440
       -0.0278991260  -0.0735107746  -0.0172155131  -0.0209502727  -0.0128352753
       -0.0077383336   0.0000291178   0.0000864491   0.0002773575  -0.0002802501
        0.0005532649   0.0004447070   0.0109169050  -0.0110774635  -0.0167365096
       -0.0040063001  -0.0036637381  -0.0081338863   0.0082026020   0.4900790591
       -0.0008793553   0.0545044274  -0.1066914150  -0.0299140114   0.0008643943
       -0.0002203111  -0.0013060662   0.0138727984   0.0041172486   0.0097878679
        0.0086724676  -0.0028085251   0.0010585405  -0.0009699607  -0.0031644775
        0.0020722083  -0.0004877303  -0.0001496163  -0.0002200082   0.0000725661
        0.0005050282  -0.0010405648   0.0008331339   0.0005469283   0.0006635281
       -0.0004198817   0.0000041445  -0.0002059567  -0.0001724966   0.0000287116
       -0.0002296920  -0.0005200667  -0.0009348963   0.0000161420  -0.0000711373
        0.0000987441  -0.0000346132   0.0000605023   0.0000990329  -0.0001322696
       -0.0009898949  -0.0015928492  -0.0022464898  -0.0000289093   0.0004876704
        0.0006040755  -0.0034787510  -0.0401260578   0.0228276685  -0.0408674908
       -0.2438195828   0.0498204659   0.0000212552  -0.0000247712  -0.0000539514
        0.0013877925   0.0008231319   0.0004283475   0.0033509518  -0.0024819572
        0.0008094714  -0.0015895277  -0.0023953408   0.0025493153   0.0012807464
        0.0072400387  -0.0050017035  -0.0001068170   0.0002477351  -0.0003897854
       -0.0000335927  -0.0001086893   0.0001492474  -0.0009867243   0.0006213753
       -0.0001200491  -0.0000856879  -0.0000216770   0.0000566087  -0.0000103667
        0.0000247774  -0.0000373319  -0.0001146760   0.0000640778   0.0000705397
       -0.0413062039  -0.0167254190  -0.0904537376   0.0068281825   0.0031996618
        0.0036143030   0.0001639924   0.0001090221  -0.0003376442   0.0001765301
       -0.0006681201  -0.0014541544   0.0078510824  -0.0177531586  -0.0129035237
       -0.0153884909  -0.0144811991  -0.0247390973  -0.0122151138  -0.0008793553
        0.5315188956   0.0321577287  -0.0273079204  -0.0791487442   0.0007316750
       -0.0031993813  -0.0070287811  -0.0051908938  -0.0001643825  -0.0027887586
       -0.0028803027   0.0046557033   0.0038110919   0.0004909435   0.0017837510
       -0.0008491646   0.0004112060  -0.0000423447  -0.0000443938   0.0017986768
        0.0013758548   0.0012427996   0.0010965662   0.0002510381   0.0008141427
        0.0001020236   0.0000631017   0.0001024825   0.0000689923   0.0001021454
        0.0001154009   0.0000740956   0.0005425565   0.0003379954  -0.0002214764
       -0.0002671585   0.0001331562  -0.0000838684  -0.0000576670   0.0000644110
       -0.0011530307  -0.0024764353  -0.0026591617  -0.0011239473  -0.0011207852
       -0.0000435318   0.0237804062   0.0222151856  -0.2705270683   0.0085337158
        0.0526259560  -0.0530567321   0.0002365239   0.0000741581  -0.0000119223
       -0.0001548097  -0.0004793627   0.0000985244  -0.0005965779   0.0003594180
        0.0004244935   0.0005474394   0.0029161127  -0.0012617988  -0.0040930702
       -0.0046321223   0.0047006920   0.0001041240  -0.0000238005   0.0002695607
        0.0000253287   0.0001283735  -0.0000663108  -0.0008563401  -0.0001125377
        0.0000598255  -0.0000239198   0.0000011680   0.0000341818  -0.0000235923
        0.0000143096   0.0000301907   0.0001324049  -0.0000263661   0.0000023780
       -0.0311435012   0.0114824555  -0.0021816348   0.0002078965   0.0003139833
        0.0000596995  -0.0006276882  -0.0007052234  -0.0003036672  -0.0071867003
       -0.0130393368  -0.0067406703  -0.0763597740  -0.0191723531  -0.0333711306
       -0.0176510564  -0.0074532114  -0.0185285290  -0.1343632619   0.0545044274
        0.0321577287   0.8101656960  -0.0609539848   0.1942650076  -0.0042971250
        0.0029148453  -0.0009557251  -0.0038624063  -0.0013509482  -0.0017771679
       -0.4973438628   0.0158043504  -0.1683108304  -0.0005235711  -0.0000965452
       -0.0002003093   0.0001046280   0.0000289426  -0.0000212662  -0.0003273814
       -0.0000377592   0.0001564858   0.0005815916  -0.0004441450  -0.0002661601
        0.0001357090   0.0000899452   0.0001034857  -0.0000166130  -0.0000232358
       -0.0001374432   0.0002974292  -0.0007791725   0.0004290211  -0.0008379191
       -0.0024594828  -0.0001236414   0.0003284982   0.0013727530   0.0000562128
        0.0062680267   0.0079095230   0.0141228619   0.0004008520  -0.0002927738
       -0.0003012931  -0.0046492746   0.0056345215   0.0054292758   0.0004286311
        0.0045897128   0.0005800442  -0.0009096319  -0.0004668215  -0.0010453996
        0.0000070861  -0.0001233652  -0.0000926592  -0.0007832865   0.0007630433
       -0.0003755007  -0.0113756594  -0.0026364400  -0.0068357378  -0.0266284365
        0.0042075336  -0.0061053972   0.0001267993   0.0000655249   0.0000846974
        0.0000085079  -0.0000352102  -0.0000268033  -0.0002160737   0.0003227804
        0.0002474665  -0.0000604768   0.0000269263  -0.0000203147  -0.0000309968
        0.0000111172  -0.0000086187   0.0001333455   0.0000276231   0.0000379129
        0.0019217306   0.0044065151   0.0038322257  -0.0003172141  -0.0003746019
       -0.0002317877  -0.0007870016   0.0002504623  -0.0003243691  -0.0156965314
       -0.0224551541  -0.0173809980  -0.0257147208  -0.0980784163  -0.0626388917
        0.0006750577   0.0069690516   0.0056746603   0.0588891747  -0.1066914150
       -0.0273079204  -0.0609539848   0.3049200073   0.1346990853   0.0028212662
       -0.0011880791   0.0004403597  -0.0000040372  -0.0002730818  -0.0010811483
        0.0161394172  -0.0524268058  -0.0179054303  -0.0000105497  -0.0002026416
        0.0001047913  -0.0000636524  -0.0000403481  -0.0000658689   0.0001845763
        0.0000272099  -0.0001327021   0.0000284695  -0.0000472105  -0.0000406518
        0.0000175832  -0.0000655238  -0.0000645966   0.0001657575  -0.0000947688
       -0.0003997767  -0.0005924811  -0.0003026747   0.0007651070  -0.0021585208
       -0.0048016721   0.0011444394   0.0002754661   0.0003620691  -0.0004108420
       -0.0008990813  -0.0039591004  -0.0059375061   0.0007823369  -0.0001958307
        0.0008666251  -0.0000203799   0.0001536024  -0.0025659861   0.0236124379
       -0.0220795446  -0.0098988303   0.0007439842   0.0000350122   0.0005172171
        0.0000319171  -0.0000248446   0.0000195008  -0.0002905726   0.0002299033
        0.0000252616  -0.0178920180  -0.0016184188  -0.0076764898   0.0189769119
       -0.0021687516   0.0059632608  -0.0000054940   0.0000232345  -0.0000137702
       -0.0000221934  -0.0000708073  -0.0000087515   0.0001119553  -0.0002293041
        0.0000366172   0.0000555448  -0.0000075384   0.0000055979   0.0000130847
        0.0000240701   0.0000057706  -0.0000182383  -0.0000046038  -0.0000142022
       -0.0048591280   0.0037697362   0.0031068867  -0.0002995538   0.0000631880
       -0.0001168551   0.0010650560   0.0004920603   0.0007869988  -0.0017368707
       -0.0055090463   0.0081335659  -0.0347854258  -0.0546966091  -0.1434631318
       -0.0187784727  -0.0048757159  -0.0150805099   0.0364624038  -0.0299140114
       -0.0791487442   0.1942650076   0.1346990853   0.3871067325  -0.0026415882
        0.0018128353  -0.0011085091  -0.0016964297  -0.0007892669  -0.0016039384
       -0.1670095081  -0.0180559142  -0.1201366031  -0.0000914671  -0.0000477999
        0.0000437204   0.0000320239  -0.0001189720  -0.0000627621   0.0001920234
       -0.0000555151  -0.0001525437   0.0003253246  -0.0003939656  -0.0004460764
       -0.0000039081  -0.0000724624  -0.0000476549   0.0001100740   0.0000387448
       -0.0003941233   0.0002987453   0.0008841454  -0.0005089712   0.0008969279
        0.0027044988  -0.0003457324   0.0003370306   0.0005544344   0.0002487894
       -0.0065707128  -0.0134472844  -0.0179937454  -0.0001063855  -0.0003823121
       -0.0001123548   0.0223567824  -0.0171031509  -0.0118765550  -0.0037520200
        0.0018845890   0.0030460281  -0.0003093780  -0.0004562076  -0.0005510658
        0.0000090255  -0.0000288844   0.0000468045  -0.0007008738   0.0003890839
       -0.0001052971  -0.0247272007  -0.0017222437  -0.0125822247   0.0115783729
        0.0002467558   0.0034470164   0.0000324665   0.0000319605   0.0000019484
       -0.0001107382   0.0000077478  -0.0000558827   0.0002113587   0.0000434519
       -0.0000563984   0.0000069929  -0.0000005223  -0.0000147427   0.0000122754
        0.0000222380  -0.0000051830  -0.0000122304   0.0000253287   0.0000011137
        0.0059646937   0.0029208823   0.0000993336   0.0007097264  -0.0004722475
       -0.0007258753   0.0002232995   0.0000679877  -0.0002180759   0.0006170774
       -0.0013823492  -0.0002732729  -0.0202945379  -0.0106493093  -0.0232802830
       -0.1070569049  -0.0469402560  -0.0666997244   0.0000526393   0.0008643943
        0.0007316750  -0.0042971250   0.0028212662  -0.0026415882   0.4634191747
       -0.1201873721   0.1331239692  -0.0012066848   0.0004616927   0.0005903417
       -0.0002514467  -0.0006551757  -0.0011010477  -0.0005532843  -0.0009444924
       -0.0005910133  -0.0008893319  -0.0027002750   0.0030505262  -0.0000453943
        0.0002872395  -0.0003065110   0.0005252128  -0.0000869245  -0.0004473091
       -0.0001076643   0.0003465153   0.0002729427  -0.0000090894   0.0002620228
       -0.0001075852  -0.0000444071   0.0000274079   0.0001513040  -0.0000563425
        0.0012224835   0.0002081158  -0.0001058294  -0.0003401211   0.0003763532
        0.0001023550  -0.0002047830   0.0006074873  -0.0146978966  -0.0221265803
       -0.0134550036  -0.0000276117   0.0000339708  -0.0001185028  -0.0000462386
        0.0002624629   0.0002358070  -0.3200939385   0.1973157946  -0.0311572062
       -0.0002624028   0.0001882484  -0.0000084457   0.0005121352   0.0002544117
        0.0005439428  -0.0005147239  -0.0004680442   0.0000902802   0.0000663376
        0.0000953046  -0.0000823446  -0.0004535781   0.0003091766  -0.0000248663
       -0.0011071700  -0.0006796599   0.0010161863   0.0000739868   0.0000956830
        0.0001512570  -0.0001656952   0.0000548954  -0.0000415958  -0.0000249557
       -0.0001027752   0.0000526716   0.0000456154   0.0000485253  -0.0000219426
       -0.0077302815  -0.0065851063  -0.0121733983   0.0001513894  -0.0000391238
        0.0002714330   0.0000833553   0.0002065041   0.0000361419   0.0004301712
       -0.0004775859   0.0008271725   0.0067573402   0.0100469207   0.0075476880
       -0.0291321287  -0.1158308411  -0.0624555965   0.0012378592  -0.0002203111
       -0.0031993813   0.0029148453  -0.0011880791   0.0018128353  -0.1201873721
        0.2792926019   0.0907242642  -0.0008496488   0.0005722538  -0.0004702630
        0.0002721422   0.0004335988   0.0004537686  -0.0006107042  -0.0005950125
       -0.0007956220  -0.0007693632  -0.0021899323   0.0018521214   0.0000729668
        0.0000308460  -0.0000981125   0.0005445525  -0.0000331994  -0.0005056018
       -0.0000485060   0.0004281080   0.0003409509   0.0000837733   0.0002213249
       -0.0001852863   0.0001486385  -0.0000300218   0.0001607595   0.0011096741
       -0.0001854776   0.0013616575   0.0003650118   0.0004126557   0.0000432374
        0.0000211009  -0.0003071459   0.0000061559  -0.0279656507  -0.0274517266
       -0.0236106728  -0.0006795451  -0.0001004345  -0.0008014711   0.0001750698
        0.0004296400   0.0002509598   0.1761724836  -0.1368015542  -0.0038866360
       -0.0001953901   0.0004563106   0.0001678445   0.0001716474  -0.0002231206
        0.0001158543   0.0002453326   0.0001453204   0.0000710936  -0.0000964568
       -0.0000080847   0.0000493175  -0.0004405198   0.0001934688   0.0001880215
       -0.0020289794  -0.0006778925   0.0014227134  -0.0000100921   0.0000601125
        0.0002789971  -0.0001995571   0.0000426319   0.0000718431  -0.0001224604
       -0.0000320404   0.0000919270   0.0001093019   0.0000043923   0.0000352834
       -0.0178732976  -0.0201386304  -0.0251683399  -0.0004247318   0.0000888307
        0.0021722078   0.0002803186   0.0000836916   0.0002368679  -0.0004308458
        0.0001791472   0.0001424451  -0.0105149710  -0.0028693236  -0.0092150090
       -0.0483722301  -0.0675469982  -0.1212688612   0.0012435388  -0.0013060662
       -0.0070287811  -0.0009557251   0.0004403597  -0.0011085091   0.1331239692
        0.0907242642   0.1823969034  -0.0014817102   0.0019327583  -0.0005252177
       -0.0002530908  -0.0003402322  -0.0003953149   0.0000314746   0.0006946017
       -0.0000566797   0.0012590945   0.0017522628  -0.0004238651  -0.0002293342
       -0.0002104586  -0.0000111876   0.0007998246  -0.0012157376  -0.0005382994
        0.0000005295  -0.0000343237   0.0000702495   0.0000301530   0.0000754220
        0.0000578368  -0.0000251656  -0.0001823570   0.0000258591  -0.0000502946
        0.0003959888  -0.0006692213  -0.0003547730  -0.0003856667  -0.0001640990
       -0.0006401691   0.0000272951   0.0001535391  -0.0063286454  -0.0110639717
        0.0040346053  -0.0015639222  -0.0006153158  -0.0012993878  -0.0001408408
       -0.0001141108   0.0000453228  -0.0481775585   0.0090757181  -0.0201950869
       -0.0004278397  -0.0003735934   0.0000870470   0.0001459363   0.0003187985
       -0.0000289606  -0.0001626713  -0.0001014819   0.0000311557  -0.0000953627
        0.0000990967   0.0000045979   0.0005655624  -0.0000531781  -0.0004196095
        0.0009619028   0.0003500167  -0.0010106778   0.0000860752   0.0003496485
        0.0001545339  -0.0000721816  -0.0000298949  -0.0000454366  -0.0000180310
       -0.0000401851  -0.0000883986   0.0000650127   0.0000336258   0.0000477715
       -0.1085020177   0.0470946590  -0.0177656858   0.0061330194  -0.0034104983
       -0.0005593028  -0.0005021857  -0.0019269695   0.0011539707  -0.0001503526
        0.0002742748   0.0000928348  -0.0011259917   0.0006364918   0.0006229572
       -0.0085901412   0.0085713696   0.0061978110  -0.0226027767   0.0138727984
       -0.0051908938  -0.0038624063  -0.0000040372  -0.0016964297  -0.0012066848
       -0.0008496488  -0.0014817102   0.5003846890   0.0510070239   0.0237511437
       -0.0009309385   0.0005872197   0.0004589004   0.0008833384  -0.0013488457
        0.0000632122  -0.0001804871   0.0000584314   0.0001051704   0.0003618361
       -0.0000565345   0.0004834005  -0.0997804016   0.0204821949   0.0662620505
        0.0000655986   0.0007203652  -0.0001686586   0.0002465929  -0.0007079947
        0.0001430400   0.0000628424  -0.0000020478   0.0000731464  -0.0000547377
       -0.0000719133  -0.0000641042   0.0000948283  -0.0000775313   0.0000037158
       -0.0000475550   0.0000941728  -0.0001519231  -0.0000266866   0.0008797340
       -0.0004356990  -0.0003142857   0.0000603272  -0.0002619034   0.0000696399
        0.0016131747  -0.0001878647   0.0008323238  -0.0003783852  -0.0006482694
       -0.0776564504  -0.0653624712   0.0351494516  -0.1950922522  -0.0623237805
       -0.0841198253   0.0000457555   0.0000758741   0.0000640123  -0.0002406235
       -0.0000032277  -0.0001498387  -0.0001258611  -0.0000588288  -0.0001204482
       -0.0000131780  -0.0000377101   0.0000722756   0.0128281783  -0.0085393349
       -0.0225344627  -0.0009309152  -0.0006670511   0.0009530036   0.0000091812
       -0.0000526339  -0.0001243761  -0.0000808945  -0.0001486668   0.0000112990
        0.0516380098  -0.1171063680   0.0177508218   0.0117730786  -0.0234804684
        0.0063621256  -0.0015319914  -0.0030642999   0.0022718276  -0.0002271324
       -0.0001417267   0.0000119429   0.0001218875  -0.0001146852  -0.0008352116
        0.0091123635  -0.0079906097  -0.0060119163  -0.0010591736   0.0041172486
       -0.0001643825  -0.0013509482  -0.0002730818  -0.0007892669   0.0004616927
        0.0005722538   0.0019327583   0.0510070239   0.4521325560  -0.0030081086
       -0.0002174230   0.0002266892   0.0002314443   0.0000697343  -0.0010420374
        0.0000270444   0.0001697157   0.0001034139  -0.0000686697   0.0003621249
        0.0003817886  -0.0004235532   0.0103611801  -0.0666051749  -0.0521240247
        0.0003641640  -0.0003543745  -0.0000313660   0.0006932771  -0.0008190389
        0.0001542428   0.0000818241  -0.0002696869   0.0000272040   0.0000737242
       -0.0000155959   0.0000723571  -0.0002269397   0.0001837299   0.0000130554
       -0.0001110732   0.0000256100   0.0002220173  -0.0013157875   0.0005928567
        0.0013907408  -0.0005230977   0.0001012519  -0.0003277301  -0.0015796446
        0.0005670102  -0.0004789558   0.0001715195   0.0000847289  -0.0005876594
       -0.0661538981  -0.1617786083   0.0779982690  -0.0649102034  -0.0679554806
       -0.0318402187  -0.0000540488  -0.0000435915  -0.0000546890  -0.0002814822
        0.0001411152  -0.0000111447   0.0001335208  -0.0000337058   0.0001669032
        0.0000063610  -0.0000405823   0.0000153278   0.0033867390  -0.0081372841
       -0.0124137989  -0.0003647493   0.0000569352   0.0003187673  -0.0001283283
       -0.0000720893   0.0000971532   0.0000479807   0.0000513020   0.0001066933
       -0.0158825435   0.0158593116  -0.0599905234  -0.0073488646   0.0103967140
       -0.0013536427   0.0012859779   0.0023270167  -0.0011711416   0.0001572226
       -0.0001105060  -0.0001083252   0.0026832111  -0.0014519421  -0.0030582365
        0.0170468609  -0.0156402677  -0.0027377838  -0.0109558135   0.0097878679
       -0.0027887586  -0.0017771679  -0.0010811483  -0.0016039384   0.0005903417
       -0.0004702630  -0.0005252177   0.0237511437  -0.0030081086   0.4487096870
       -0.0005731225   0.0004292207   0.0002715077  -0.0005210973  -0.0007361693
        0.0008796598   0.0000315626   0.0001710739  -0.0003004631  -0.0003112327
        0.0003051640  -0.0006903861   0.0399036681  -0.0498186540  -0.1746343086
       -0.0001136565  -0.0002394509  -0.0009401897  -0.0004389859   0.0007969038
       -0.0001015771  -0.0000854139  -0.0000699944  -0.0000245785   0.0000376112
       -0.0000375148  -0.0000465026  -0.0000118667  -0.0000610643  -0.0000148514
        0.0009969440  -0.0005871384   0.0002109915   0.0009790662  -0.0018646730
        0.0001488808  -0.0008873665   0.0003246905  -0.0010444541   0.0008212377
       -0.0001594885   0.0014613913  -0.0001077489  -0.0000565738   0.0000007007
        0.0363355722   0.0767517165  -0.0867730761  -0.0900698580  -0.0336758499
       -0.0892091636  -0.0000260171  -0.0000037956   0.0000589704  -0.0001831655
        0.0000778032  -0.0000728997  -0.0000404280  -0.0000258363  -0.0000072363
        0.0000649152  -0.0000673714  -0.0000476596   0.0031801506  -0.0093233711
       -0.0243466045   0.0016422105   0.0009644492   0.0000023005   0.0000784611
        0.0003792056  -0.0001385133  -0.0002518081  -0.0000819561  -0.0000140576
       -0.0027824679   0.0020436205   0.0010110331  -0.0002157058  -0.0001180412
       -0.0000057033   0.0001557264   0.0001506832  -0.0000248627   0.0009236344
        0.0023635413  -0.0005833538  -0.0148039147  -0.0075091700  -0.0110884793
       -0.0000401326  -0.0004317066  -0.0009383823  -0.0294493563   0.0086724676
       -0.0028803027  -0.4973438628   0.0161394172  -0.1670095081  -0.0002514467
        0.0002721422  -0.0002530908  -0.0009309385  -0.0002174230  -0.0005731225
        0.7739582997  -0.0940723980   0.1666225563   0.0000001657  -0.0000313626
        0.0000102154  -0.0000028897  -0.0000180485   0.0000036354  -0.0000032107
       -0.0000030209  -0.0001486728   0.0001154773   0.0000001569  -0.0001043967
       -0.0000154085  -0.0000091450  -0.0000009992   0.0000847514   0.0000855910
        0.0000570103  -0.0004780839  -0.0002970113   0.0002078064   0.0000690878
       -0.0001360820   0.0001874866   0.0001153739  -0.0000620398  -0.0000329127
        0.0004820570   0.0010297514   0.0008389678  -0.0001335909   0.0001512140
       -0.0000535032   0.0002572193  -0.0007723510  -0.0014253309  -0.0001137114
       -0.0012172602  -0.0005967476  -0.0000419411  -0.0000148810  -0.0000010291
       -0.0000215252  -0.0000706082   0.0000674489  -0.0001940643   0.0001891644
       -0.0000078534  -0.0612882403  -0.0379344173  -0.0564915180  -0.1681120244
        0.1119182705   0.0732600953  -0.0000069109  -0.0000023473  -0.0000075077
       -0.0000024867   0.0000213729   0.0000134626   0.0000298784  -0.0000973483
       -0.0000274919   0.0000411062  -0.0000182227  -0.0000145401   0.0000049262
        0.0000030194  -0.0000064213  -0.0000057903  -0.0000075276  -0.0000039881
        0.0020420286  -0.0016043979  -0.0010148851   0.0001802358   0.0000692547
        0.0000960246   0.0000761676  -0.0001977170   0.0000305522  -0.0008439589
       -0.0006685104  -0.0010078572  -0.0155080911  -0.0003034929  -0.0074053735
       -0.0003457810  -0.0015232173  -0.0017263115   0.0182307968  -0.0028085251
        0.0046557033   0.0158043504  -0.0524268058  -0.0180559142  -0.0006551757
        0.0004335988  -0.0003402322   0.0005872197   0.0002266892   0.0004292207
       -0.0940723980   0.3126737287   0.2189697620   0.0000156662   0.0000651585
       -0.0000734503  -0.0000037971   0.0000242273  -0.0000176866  -0.0000350327
       -0.0000328589   0.0000404115  -0.0000178804   0.0000808039   0.0000550942
       -0.0000196786   0.0000169692   0.0000234119  -0.0000253668   0.0000013415
       -0.0000257951  -0.0001794173  -0.0000731780  -0.0001574185  -0.0002765977
       -0.0004645939   0.0000159322  -0.0001332561   0.0003331188   0.0000129839
       -0.0007399840   0.0000164956  -0.0002470960  -0.0000534341   0.0000507767
       -0.0001458243   0.0009386698   0.0002407253   0.0001636524   0.0014527204
       -0.0000236455  -0.0004145087  -0.0002366645  -0.0000177496  -0.0001579818
       -0.0000330604   0.0000928877  -0.0000705927   0.0002368543  -0.0001494707
        0.0000096569  -0.0371752972  -0.1237519020  -0.1224221564   0.1109082029
       -0.1303324360  -0.0713438799  -0.0000187847  -0.0000063275   0.0000208365
        0.0000370792   0.0000242805   0.0000302375  -0.0001051182   0.0000256407
        0.0000600913  -0.0000327593   0.0000033045   0.0000158483   0.0000031246
        0.0000026633  -0.0000068120  -0.0000015823   0.0000031634   0.0000043568
        0.0014544657  -0.0013745579  -0.0003214454  -0.0000666292  -0.0000486981
        0.0000235674   0.0001240108   0.0001604923  -0.0002076913  -0.0004310547
        0.0011090438  -0.0012506206  -0.0233793197  -0.0044097964  -0.0126993213
       -0.0013543070  -0.0021070270  -0.0027356588   0.0083879800   0.0010585405
        0.0038110919  -0.1683108304  -0.0179054303  -0.1201366031  -0.0011010477
        0.0004537686  -0.0003953149   0.0004589004   0.0002314443   0.0002715077
        0.1666225563   0.2189697620   0.4084985634  -0.0000077347  -0.0000424537
       -0.0000340170   0.0000358957  -0.0000190183   0.0000245526  -0.0000717336
       -0.0000280342   0.0000396003  -0.0000285847  -0.0000084065   0.0001469822
        0.0000116105   0.0000297902   0.0000251605   0.0000193993   0.0000599377
        0.0001466318   0.0001095577   0.0000319306   0.0003235886  -0.0000859595
       -0.0006805999   0.0002594253   0.0000490221  -0.0001838675  -0.0000963860
       -0.0008429679   0.0003801764   0.0007120781   0.0000856223  -0.0001041449
        0.0000326950   0.0008209994  -0.0008202812   0.0002898811   0.0009186457
       -0.0010509820   0.0004525540  -0.0003052923   0.0000202041  -0.0002712996
       -0.0000082195  -0.0000419056  -0.0000003723   0.0001842839  -0.0001160844
        0.0000187259  -0.0551874532  -0.1227833331  -0.1943971844   0.0719465290
       -0.0709183740  -0.0825620312  -0.0000004814   0.0000172482   0.0000155261
        0.0000329610   0.0000388682   0.0000064147  -0.0000680273   0.0000840655
       -0.0000205795  -0.0000189878   0.0000034160   0.0000011685  -0.0000172824
       -0.0000093864   0.0000203608   0.0000234730   0.0000036929   0.0000084493
       -0.0144929095  -0.0127430894   0.0000711468  -0.1576041789  -0.0321536520
       -0.0425414723  -0.0244228522   0.0012986532  -0.0084104892  -0.0005794800
        0.0002417185   0.0001052576  -0.0004611468   0.0001987716   0.0001233087
        0.0002294871   0.0006636786   0.0006162642   0.0000846976  -0.0009699607
        0.0004909435  -0.0005235711  -0.0000105497  -0.0000914671  -0.0005532843
       -0.0006107042   0.0000314746   0.0008833384   0.0000697343  -0.0005210973
        0.0000001657   0.0000156662  -0.0000077347   0.4761428387   0.0490567667
        0.0248482458  -0.0868020632  -0.0445214343  -0.0484134037  -0.0024467923
       -0.0030604666  -0.0029386008  -0.0004522970   0.0001484621   0.0005060485
       -0.1528630505   0.0343502476   0.0602086015   0.0003596135  -0.0009065805
        0.0000366717  -0.0021754297   0.0016226415  -0.0003875609   0.0004359832
        0.0001807252   0.0001307195   0.0001400416   0.0000464788   0.0000845418
        0.0002266134   0.0000182883  -0.0001265565   0.0001067043  -0.0000019759
       -0.0004008866   0.0000957098  -0.0000609823   0.0000551154  -0.0001869361
        0.0000173640  -0.0001985689   0.0001613221   0.0000611971   0.0005077266
       -0.0002816493   0.0003229185  -0.0001207030   0.0005507964   0.0002478558
       -0.0003198183   0.0000526688   0.0000446235   0.0000766875   0.0000775308
       -0.0000456980  -0.0000193258  -0.0098781874  -0.0194195629  -0.0231768902
        0.0018458600   0.0160086017   0.0186919808  -0.0002405419  -0.0002999573
       -0.0001602175   0.0004849090   0.0034103994   0.0023860794  -0.0015502386
        0.0007870436   0.0062084246  -0.0263636715   0.0059927775   0.0126555541
       -0.0192829245  -0.0105901766  -0.0061626623  -0.0304501312  -0.0690778099
       -0.0169845798   0.0139402585   0.0054235120   0.0081292493   0.0003591213
       -0.0000628387  -0.0000456820  -0.0000839849  -0.0000247882  -0.0000351603
        0.0005667614   0.0009831910  -0.0002158602  -0.0020002440  -0.0031644775
        0.0017837510  -0.0000965452  -0.0002026416  -0.0000477999  -0.0009444924
       -0.0005950125   0.0006946017  -0.0013488457  -0.0010420374  -0.0007361693
       -0.0000313626   0.0000651585  -0.0000424537   0.0490567667   0.4234416100
        0.3251558619  -0.0466995899  -0.2370781083  -0.2481240254  -0.0099517026
       -0.0039349207  -0.0079347032  -0.0002469397   0.0002489398  -0.0002792628
        0.0364996661  -0.0768417327  -0.0263731438   0.0017087523   0.0001240591
        0.0009046656   0.0032176353  -0.0027797205   0.0010822456   0.0001039668
       -0.0001063199  -0.0002519673   0.0001041340  -0.0001612521  -0.0002692198
        0.0000744623  -0.0000435064  -0.0000068568   0.0000327441  -0.0002000308
       -0.0001119965   0.0001419829  -0.0000501541   0.0001994159  -0.0009557805
       -0.0005205209  -0.0002361737   0.0002256360   0.0005004697  -0.0001493050
        0.0000627857   0.0003221668   0.0000641748   0.0001741064  -0.0006722756
        0.0008806262   0.0000037177  -0.0000152494   0.0000099836  -0.0000046407
        0.0000026263  -0.0000063445  -0.0047478334  -0.0083417886  -0.0082828324
        0.0007013401  -0.0091923332  -0.0096614099   0.0001259756  -0.0001131058
        0.0000988148   0.0230970421  -0.0128148015  -0.0193867890  -0.0085465305
        0.0044613747   0.0035853854  -0.0048053072   0.0020524950   0.0027556217
        0.0077197735  -0.0002598984   0.0074876157  -0.0276865506  -0.0117761714
       -0.0796637967  -0.0055216044   0.0022500078  -0.0003228365  -0.0000364509
       -0.0002067650  -0.0002326778  -0.0000553962  -0.0000502390  -0.0001183059
        0.0007560802   0.0008113300   0.0006961642   0.0010017571   0.0020722083
       -0.0008491646  -0.0002003093   0.0001047913   0.0000437204  -0.0005910133
       -0.0007956220  -0.0000566797   0.0000632122   0.0000270444   0.0008796598
        0.0000102154  -0.0000734503  -0.0000340170   0.0248482458   0.3251558619
        0.5773703370  -0.0518963156  -0.2499624692  -0.3357181187  -0.0256128012
       -0.0131875750  -0.0167643790   0.0001193381   0.0004571319  -0.0007116814
        0.0629591280  -0.0264471876  -0.1047677726  -0.0005124987  -0.0000443454
        0.0007251323  -0.0010847201   0.0004461978   0.0005194303   0.0002978455
       -0.0001978050  -0.0003208478   0.0000564175   0.0000138048  -0.0001172690
        0.0000614244   0.0000170173  -0.0000391689  -0.0000682957  -0.0001377246
       -0.0001108924  -0.0001000282   0.0000169566   0.0000132478   0.0006040790
        0.0003606599   0.0003693163   0.0005494657   0.0008969825  -0.0007830812
        0.0001745601   0.0001734498  -0.0001124843  -0.0001409990   0.0006638349
        0.0003297407  -0.0000226220  -0.0000071910  -0.0000105040   0.0000459206
       -0.0000235463  -0.0000189172  -0.0049318312  -0.0070091198  -0.0084387527
        0.0004279958  -0.0118287027  -0.0164054891  -0.0000305257  -0.0001855288
       -0.0000040229   0.0038725413  -0.0062149524  -0.0054491258   0.0234002146
       -0.0090897838  -0.0235430113  -0.0084762526   0.0040307987   0.0061586319
       -0.0002354186   0.0002211357  -0.0011459140  -0.0080829375  -0.0171407948
       -0.0217995105   0.0000526610  -0.0008863896  -0.0003247329   0.0003658594
        0.0003218376   0.0002973654   0.0000819631   0.0000416001   0.0000357666
       -0.0002109851  -0.0001994359  -0.0002497266  -0.0004326718  -0.0004877303
        0.0004112060   0.0001046280  -0.0000636524   0.0000320239  -0.0008893319
       -0.0007693632   0.0012590945  -0.0001804871   0.0001697157   0.0000315626
       -0.0000028897  -0.0000037971   0.0000358957  -0.0868020632  -0.0466995899
       -0.0518963156   0.5702768110   0.0454106621  -0.0073427983  -0.0040567667
       -0.0018505188  -0.0028319464   0.0000574346   0.0000394047  -0.0000602565
       -0.0012606469   0.0152170039   0.0197031984  -0.0003032968  -0.0001244958
       -0.0003634571  -0.0002896693   0.0001386775   0.0001513992  -0.0014129593
       -0.0001309693  -0.0003071526  -0.0000351275  -0.0001489419  -0.0000853577
       -0.0000531850  -0.0000542754  -0.0000097231  -0.0000498724  -0.0000287870
       -0.0000169195   0.0000514681   0.0000285087   0.0001175903  -0.0001748609
       -0.0001072834  -0.0000000808  -0.0001754609  -0.0006143554   0.0003828815
        0.0000471424  -0.0000387295   0.0000005490   0.0000371468  -0.0000812452
        0.0000684746   0.0000060727   0.0000134783   0.0000039925  -0.0000242961
        0.0000076645  -0.0000049931  -0.2659226578  -0.0677877879  -0.0556293636
       -0.1971395335   0.0713530357   0.1125103099   0.0000934538   0.0000792457
        0.0000412714  -0.0027742312   0.0017694424   0.0026845209  -0.0017086943
        0.0010873039   0.0024530671   0.0010434029   0.0013194263   0.0018480786
        0.0007221549   0.0007905852  -0.0006664869  -0.0088795324  -0.0101922189
       -0.0093913014   0.0015893127  -0.0004277825   0.0001535703  -0.0003384819
       -0.0000819323  -0.0001009213   0.0001042845   0.0000348872  -0.0000290908
        0.0004935605   0.0002336728   0.0004278231  -0.0002042508  -0.0001496163
       -0.0000423447   0.0000289426  -0.0000403481  -0.0001189720  -0.0027002750
       -0.0021899323   0.0017522628   0.0000584314   0.0001034139   0.0001710739
       -0.0000180485   0.0000242273  -0.0000190183  -0.0445214343  -0.2370781083
       -0.2499624692   0.0454106621   0.3843316806   0.3596726077  -0.0013487523
        0.0002990607  -0.0005776342  -0.0000327101   0.0000234660  -0.0000873905
        0.0043836915  -0.0100378967  -0.0167599145   0.0001478065   0.0006140908
       -0.0001293047   0.0002002595   0.0002878569   0.0000824169   0.0004481706
       -0.0001414807   0.0002894719  -0.0000889937   0.0000231147  -0.0000681291
        0.0000329722   0.0000528765  -0.0000435735  -0.0001291944  -0.0000823364
       -0.0001196387  -0.0000220075  -0.0000210596   0.0000255678  -0.0000339326
        0.0000652812  -0.0000214482  -0.0002155330   0.0002698359   0.0001099990
        0.0000400011   0.0000695459  -0.0000184349  -0.0001361529  -0.0004217822
       -0.0000095922   0.0000000837  -0.0000072674   0.0000221653  -0.0000174556
        0.0000043186   0.0000029985  -0.0688995898  -0.0562212067  -0.0241167587
        0.0736028292  -0.0694608434  -0.0606191947   0.0000025357  -0.0000366299
       -0.0000197924   0.0015812446  -0.0005865247  -0.0010935769  -0.0000744919
       -0.0001974653   0.0006309652  -0.0011861065   0.0001465176   0.0006740652
        0.0013768766   0.0016351004  -0.0006203174  -0.0110342223  -0.0087736290
       -0.0097466172   0.0013332457  -0.0005990076  -0.0001424573  -0.0006288436
        0.0000358817  -0.0000412318  -0.0000004719   0.0000115855   0.0000003489
       -0.0008711992  -0.0005240434  -0.0009231125  -0.0001691759  -0.0002200082
       -0.0000443938  -0.0000212662  -0.0000658689  -0.0000627621   0.0030505262
        0.0018521214  -0.0004238651   0.0001051704  -0.0000686697  -0.0003004631
        0.0000036354  -0.0000176866   0.0000245526  -0.0484134037  -0.2481240254
       -0.3357181187  -0.0073427983   0.3596726077   0.5448807415  -0.0016206661
       -0.0005695585  -0.0007839249  -0.0000841435   0.0000008497   0.0002937742
        0.0063274844  -0.0189061094  -0.0223394847  -0.0003329744  -0.0001884208
        0.0002167159  -0.0001342280   0.0000066333   0.0001212453   0.0004865789
        0.0000875945  -0.0002301712  -0.0001146939  -0.0001487863  -0.0000883369
        0.0000033245  -0.0000230958   0.0000164973   0.0001949518   0.0002372982
        0.0001250054   0.0000340533   0.0000187857   0.0001166133  -0.0000246723
        0.0000267760  -0.0000068367  -0.0004274070  -0.0006163606   0.0004346117
        0.0000860592   0.0000126565   0.0000937197   0.0001775208  -0.0003951724
        0.0001176470   0.0000298491   0.0000207385   0.0000155628   0.0000178314
       -0.0000067930   0.0000042216  -0.0578690628  -0.0240364469  -0.0531458446
        0.1141918354  -0.0593664353  -0.1212061413   0.0000682947   0.0000449974
        0.0000144646   0.0019444983  -0.0002949878  -0.0008745626   0.0009884095
       -0.0008403831  -0.0001422369  -0.0013309167   0.0001218620   0.0003651570
       -0.0029888891   0.0000005297   0.0123531315  -0.0449412870   0.0120597895
        0.0343109434  -0.0078397199   0.0108858797   0.0164778048  -0.0017829479
        0.0033147895  -0.0000898373   0.0001992009  -0.0001218359  -0.0001793856
       -0.0005466803  -0.0018917396   0.0011522423   0.0002443924   0.0000725661
        0.0017986768  -0.0003273814   0.0001845763   0.0001920234  -0.0000453943
        0.0000729668  -0.0002293342   0.0003618361   0.0003621249  -0.0003112327
       -0.0000032107  -0.0000350327  -0.0000717336  -0.0024467923  -0.0099517026
       -0.0256128012  -0.0040567667  -0.0013487523  -0.0016206661   0.0703043206
       -0.0115193697  -0.0374909914  -0.0000979649  -0.0000855012   0.0000638239
       -0.0008996950  -0.0008885288  -0.0020312727  -0.0002342088   0.0001255183
        0.0000288723  -0.0005500890   0.0009534296   0.0013458456  -0.0001526297
       -0.0000123425   0.0000777148  -0.0006088266   0.0001803156   0.0005825095
        0.0000592302   0.0000248351  -0.0001136093  -0.0003649946   0.0000482127
        0.0005294327  -0.0010779774  -0.0009554195  -0.0004569221   0.0000029761
        0.0000926618  -0.0001613585   0.0000537371  -0.0000742861  -0.0000113152
       -0.0001234460  -0.0000218457   0.0000608450  -0.0000986124  -0.0000322921
       -0.0001189551  -0.0000353871  -0.0000345185  -0.0000315865   0.0000938645
       -0.0000185734  -0.0000190041  -0.0003688049  -0.0015280914  -0.0003474024
       -0.0002161053   0.0002733451   0.0001331370   0.0001325254  -0.0001103288
       -0.0000252493  -0.0008603395   0.0007428839  -0.0005669964  -0.0007512176
       -0.0008691089   0.0002760047  -0.0000327150   0.0001048452   0.0001066463
       -0.0069764841   0.0029628801   0.0225639385   0.0124072016  -0.0629427882
       -0.0670839079   0.0098056548  -0.0104981923  -0.0207100423   0.0022754928
       -0.0031754334   0.0006602404  -0.0000436267   0.0000260840   0.0000683260
       -0.0016098297  -0.0033431133   0.0014888483   0.0000573363   0.0005050282
        0.0013758548  -0.0000377592   0.0000272099  -0.0000555151   0.0002872395
        0.0000308460  -0.0002104586  -0.0000565345   0.0003817886   0.0003051640
       -0.0000030209  -0.0000328589  -0.0000280342  -0.0030604666  -0.0039349207
       -0.0131875750  -0.0018505188   0.0002990607  -0.0005695585  -0.0115193697
        0.0804688247   0.0751443001  -0.0000702232   0.0001142471  -0.0000254678
        0.0009788271   0.0005433535   0.0001441156   0.0000540950  -0.0005648777
        0.0000685275   0.0001606640   0.0007629605  -0.0007135234   0.0000186208
       -0.0000200678   0.0000882627   0.0007934845  -0.0002417678  -0.0007532458
       -0.0000388148  -0.0000364412   0.0000620599  -0.0006944311  -0.0000795041
        0.0011583283  -0.0006797468  -0.0000050755  -0.0003096361   0.0001268500
       -0.0000212676   0.0001398355   0.0000000866   0.0000437519   0.0000668348
       -0.0000334220   0.0001146858  -0.0002138339  -0.0000300472  -0.0000360595
       -0.0001016898  -0.0000112291  -0.0000062430   0.0000247361   0.0000183520
       -0.0000051174  -0.0000139243  -0.0002406211  -0.0006211767  -0.0001736090
       -0.0000357196   0.0001281225   0.0001306056  -0.0002343379  -0.0007602413
        0.0000808513   0.0005065553   0.0001516446   0.0002246258  -0.0005616457
       -0.0001423020   0.0003153999   0.0002973884  -0.0000930397   0.0000391667
        0.0072561402  -0.0002968486  -0.0228898650   0.0336715690  -0.0669669504
       -0.2323042403   0.0004415716  -0.0011535264  -0.0012695633   0.0001541095
       -0.0006445035   0.0010538380  -0.0001272275   0.0000491174   0.0000493537
        0.0010725544   0.0036694270  -0.0010032065  -0.0015644309  -0.0010405648
        0.0012427996   0.0001564858  -0.0001327021  -0.0001525437  -0.0003065110
       -0.0000981125  -0.0000111876   0.0004834005  -0.0004235532  -0.0006903861
       -0.0001486728   0.0000404115   0.0000396003  -0.0029386008  -0.0079347032
       -0.0167643790  -0.0028319464  -0.0005776342  -0.0007839249  -0.0374909914
        0.0751443001   0.2696499818  -0.0000957940  -0.0005743857   0.0011615152
        0.0020869942   0.0002587215   0.0011120877   0.0001785396  -0.0002868302
       -0.0001630264  -0.0006212864   0.0009160529   0.0014709943  -0.0000366585
        0.0001305600   0.0001689699   0.0001981186  -0.0000188601  -0.0002065688
       -0.0000736794   0.0000096267   0.0001244245   0.0008258543   0.0000642307
       -0.0011126639   0.0003595196   0.0000753713   0.0006449426  -0.0001566901
       -0.0001396232   0.0000179559   0.0001070385  -0.0001213621   0.0000923229
       -0.0001126898  -0.0002201591  -0.0000302966   0.0000251040   0.0000166856
       -0.0002087135   0.0000258770   0.0000219825   0.0000542226  -0.0000302748
        0.0000211673  -0.0000229203  -0.0003470318  -0.0010440918  -0.0002482780
       -0.0001284363   0.0002454236   0.0001767135   0.0000689671   0.0004963356
        0.0000444969  -0.0005518478   0.0005323622   0.0001439455  -0.0001178264
       -0.0000978622   0.0005164668   0.0005687523   0.0000804974   0.0000971324
       -0.0108725998   0.0139153637   0.0255583114   0.0004325627  -0.0007045384
        0.0004019308   0.0001116337  -0.0001447592  -0.0000124418   0.0000151833
       -0.0000608406  -0.0000614026  -0.0010465080   0.0005735323   0.0013470857
       -0.0042109457   0.0043327932  -0.0021910025  -0.0000431299   0.0008331339
        0.0010965662   0.0005815916   0.0000284695   0.0003253246   0.0005252128
        0.0005445525   0.0007998246  -0.0997804016   0.0103611801   0.0399036681
        0.0001154773  -0.0000178804  -0.0000285847  -0.0004522970  -0.0002469397
        0.0001193381   0.0000574346  -0.0000327101  -0.0000841435  -0.0000979649
       -0.0000702232  -0.0000957940   0.4121309180   0.0738496337   0.0742798197
       -0.0000925528  -0.0010783983  -0.0002624574   0.0000516881   0.0000638070
        0.0000016385  -0.0000823146  -0.0000269839   0.0000205296   0.0000083422
       -0.0000316316   0.0000232714  -0.0000664560   0.0000422719  -0.0000283877
       -0.0005001293   0.0002877915  -0.0000409771   0.0002469578  -0.0000698154
       -0.0003175012  -0.0000741076  -0.0000835395   0.0001236436  -0.0000442382
       -0.0000923969  -0.0000383682  -0.0001931786  -0.0000406859   0.0000158630
       -0.0075400422   0.0041527054   0.0244197095   0.0083758172  -0.0084635538
       -0.0225133059  -0.0000071557  -0.0000545053  -0.0000438416  -0.0000318624
        0.0000311264   0.0000301369   0.0000634894   0.0000239302   0.0000354126
       -0.0000128072  -0.0000319256  -0.0000685545  -0.2966300262  -0.0969532544
       -0.1429730095  -0.0008698248  -0.0011785947   0.0001404834  -0.0000189771
        0.0002250238   0.0000983351  -0.0000487890   0.0001178618   0.0000188796
        0.0148746655  -0.0122647601  -0.0266632867  -0.0000168259   0.0004170906
       -0.0003851162  -0.0001036031   0.0004926340  -0.0002852577   0.0000194382
        0.0001218652   0.0000503381   0.0011002539  -0.0002668252  -0.0012477041
        0.0037355299  -0.0041628015   0.0028103993  -0.0013994385   0.0005469283
        0.0002510381  -0.0004441450  -0.0000472105  -0.0003939656  -0.0000869245
       -0.0000331994  -0.0012157376   0.0204821949  -0.0666051749  -0.0498186540
        0.0000001569   0.0000808039  -0.0000084065   0.0001484621   0.0002489398
        0.0004571319   0.0000394047   0.0000234660   0.0000008497  -0.0000855012
        0.0001142471  -0.0005743857   0.0738496337   0.1282220916   0.1552297843
       -0.0012027876  -0.0006226969  -0.0002035448  -0.0000809291   0.0000353234
       -0.0000323466   0.0000015090   0.0000465609  -0.0000181396  -0.0000289145
        0.0000308707  -0.0000281243   0.0001362513  -0.0000573493  -0.0000110702
        0.0005233657  -0.0002973788  -0.0000166546   0.0000427884   0.0002851153
       -0.0001615284  -0.0001016616  -0.0002256885  -0.0002655278   0.0001673096
        0.0004089905  -0.0002342513  -0.0001749960  -0.0001463609   0.0005336836
       -0.0037957957   0.0111052683   0.0122158139   0.0021324467  -0.0059677426
       -0.0162837740   0.0000357064   0.0000371323   0.0000463724   0.0000260425
       -0.0000442460   0.0000016507  -0.0001248943  -0.0000527090  -0.0000583455
       -0.0000087948   0.0000255579  -0.0000465282  -0.1094907465  -0.0492488318
       -0.0735999935  -0.0001096183  -0.0018342308   0.0002962329   0.0001543458
        0.0000927274  -0.0001226284  -0.0002139287  -0.0004584069  -0.0002183237
        0.0093631523  -0.0099657976  -0.0091911674   0.0001182635   0.0010243401
       -0.0007463245  -0.0002678073  -0.0001393432   0.0001974853  -0.0000563823
        0.0001233501   0.0001301215   0.0006183113  -0.0002540153  -0.0007963001
        0.0017585270  -0.0019970363   0.0027463676  -0.0025279734   0.0006635281
        0.0008141427  -0.0002661601  -0.0000406518  -0.0004460764  -0.0004473091
       -0.0005056018  -0.0005382994   0.0662620505  -0.0521240247  -0.1746343086
       -0.0001043967   0.0000550942   0.0001469822   0.0005060485  -0.0002792628
       -0.0007116814  -0.0000602565  -0.0000873905   0.0002937742   0.0000638239
       -0.0000254678   0.0011615152   0.0742798197   0.1552297843   0.3767003981
       -0.0000305538  -0.0000896989   0.0005533323  -0.0000307809  -0.0001818732
        0.0000049448   0.0000810301   0.0000768060   0.0000473228  -0.0000152993
        0.0000691980  -0.0000180914   0.0000449339  -0.0000775580   0.0000738810
        0.0002673702  -0.0001593773   0.0000577144  -0.0006573830   0.0003298576
        0.0004029531   0.0004845019  -0.0002747501   0.0006337702  -0.0002267325
        0.0006494655  -0.0006106393   0.0002698506   0.0004423564   0.0003527393
        0.0191811893  -0.0041442475  -0.0383993816   0.0021062919  -0.0122493431
       -0.0266412450   0.0000849668   0.0000675610   0.0000375186  -0.0000471205
       -0.0000038588  -0.0000025793  -0.0000157157   0.0000840017  -0.0000335005
       -0.0000388342   0.0001717983   0.0000964966  -0.1699860564  -0.0771015370
       -0.1318245532  -0.0007557167   0.0007016236  -0.0000152716  -0.0000592927
       -0.0000630659   0.0001790740   0.0001036398   0.0000751368  -0.0000211144
       -0.0013016133   0.0004857932  -0.0005330099  -0.0274833088   0.0048480194
        0.0090908833  -0.0026903505  -0.0014208480  -0.0007645393  -0.0002454635
        0.0003831975   0.0000307506   0.0000777558   0.0000071480  -0.0000553069
       -0.0000042598  -0.0001182232   0.0000765170  -0.0001056027  -0.0004198817
        0.0001020236   0.0001357090   0.0000175832  -0.0000039081  -0.0001076643
       -0.0000485060   0.0000005295   0.0000655986   0.0003641640  -0.0001136565
       -0.0000154085  -0.0000196786   0.0000116105  -0.1528630505   0.0364996661
        0.0629591280  -0.0012606469   0.0043836915   0.0063274844  -0.0008996950
        0.0009788271   0.0020869942  -0.0000925528  -0.0012027876  -0.0000305538
        0.4948232134   0.0178993351   0.0314543830   0.0000534136  -0.0002027904
        0.0000745445  -0.0006120719   0.0005417772  -0.0002398571  -0.0000492527
       -0.0000715769  -0.0000865858  -0.0001394516   0.0000401338   0.0001507894
       -0.0000285744  -0.0000038143  -0.0000081591  -0.0000929163  -0.0000161197
        0.0001102348   0.0000139371   0.0000480109   0.0000670316  -0.0001561864
       -0.0000733444  -0.0000447732   0.0000447564   0.0000954655  -0.0000847378
        0.0000363760  -0.0000055422   0.0000533305  -0.0002240335  -0.0003961619
        0.0002857370  -0.0000170526  -0.0000105794  -0.0000160392  -0.0000158543
        0.0000011393  -0.0000059253   0.0013467695  -0.0009267696  -0.0015841182
        0.0012191371  -0.0015063053  -0.0004727752  -0.0001538585   0.0001278867
        0.0001032868  -0.0448568814  -0.0159406313  -0.0046773947  -0.0423627452
        0.0023884622  -0.0103316809  -0.2220381712  -0.0467267404  -0.0939322376
       -0.0003652412  -0.0006485062   0.0000348105  -0.0050131491   0.0035548348
        0.0022816712  -0.0005382578  -0.0006172897  -0.0000959982  -0.0001201097
        0.0000640408  -0.0000117752   0.0000157815  -0.0000149464   0.0000642122
       -0.0000860411  -0.0001650732  -0.0003958698  -0.0000298235   0.0000041445
        0.0000631017   0.0000899452  -0.0000655238  -0.0000724624   0.0003465153
        0.0004281080  -0.0000343237   0.0007203652  -0.0003543745  -0.0002394509
       -0.0000091450   0.0000169692   0.0000297902   0.0343502476  -0.0768417327
       -0.0264471876   0.0152170039  -0.0100378967  -0.0189061094  -0.0008885288
        0.0005433535   0.0002587215  -0.0010783983  -0.0006226969  -0.0000896989
        0.0178993351   0.5040222148   0.0109871480   0.0000864550   0.0000242902
       -0.0000143980  -0.0001312955   0.0002670726  -0.0000515452  -0.0001075812
        0.0000640236   0.0000433583  -0.0000462609   0.0000318698   0.0000765810
       -0.0000503725   0.0000180594   0.0000124590   0.0000067725   0.0000677014
        0.0000421452  -0.0000138462   0.0000356174   0.0000236797  -0.0000563227
       -0.0000156135   0.0000029400  -0.0000091485  -0.0002435284   0.0000668163
       -0.0001486889   0.0000494157   0.0000866769  -0.0004197626  -0.0002063056
        0.0001543204   0.0000040040   0.0000092651   0.0000101869  -0.0000264088
        0.0000095205  -0.0000016096   0.0017891500  -0.0028642635   0.0029256579
       -0.0010083962   0.0060138298  -0.0089960190   0.0002706491  -0.0000221043
        0.0001641037  -0.0152888981  -0.2783999846  -0.0346378911   0.0010417547
       -0.0868162452   0.0965544151  -0.0464023023  -0.0572882458  -0.0238884569
       -0.0008767078   0.0004076993  -0.0001398153  -0.0038956511  -0.0002429069
        0.0028001768  -0.0015928592   0.0002316626   0.0000445286  -0.0000148213
        0.0000481268  -0.0001750645   0.0000151975   0.0000434769   0.0000401285
       -0.0001994582  -0.0003255759  -0.0002453052   0.0000133459  -0.0002059567
        0.0001024825   0.0001034857  -0.0000645966  -0.0000476549   0.0002729427
        0.0003409509   0.0000702495  -0.0001686586  -0.0000313660  -0.0009401897
       -0.0000009992   0.0000234119   0.0000251605   0.0602086015  -0.0263731438
       -0.1047677726   0.0197031984  -0.0167599145  -0.0223394847  -0.0020312727
        0.0001441156   0.0011120877  -0.0002624574  -0.0002035448   0.0005533323
        0.0314543830   0.0109871480   0.4845445248  -0.0000066275  -0.0000092680
       -0.0001304838  -0.0000900008   0.0000336038  -0.0000228014  -0.0001340968
        0.0000894022   0.0001476562  -0.0000397834   0.0000491150   0.0000998634
       -0.0000193951  -0.0000097583   0.0000374358  -0.0000018517   0.0000338512
        0.0000660362   0.0000500409   0.0000276974   0.0000723370  -0.0000694347
       -0.0000464749  -0.0000091312  -0.0001219812  -0.0001413155   0.0000395799
        0.0000936360   0.0000568714   0.0001953508   0.0004640072   0.0005327027
        0.0001707460   0.0000197875   0.0000105231   0.0000251797  -0.0000202733
        0.0000132915   0.0000084920   0.0013842327   0.0030453968  -0.0014624091
       -0.0001146568  -0.0080935644   0.0020009073   0.0002444401   0.0001261217
       -0.0000508856  -0.0042229518  -0.0332079897  -0.0442701984  -0.0066538074
        0.0942299308  -0.2255180920  -0.0934895530  -0.0247597237  -0.0920369671
       -0.0019440350   0.0024472058  -0.0002594424   0.0064348863   0.0166451017
       -0.0042190863  -0.0968916396  -0.0979661274   0.0202558242  -0.0098034409
       -0.0146612228   0.0069006992  -0.0021004822   0.0006337919   0.0028105698
       -0.0000904427  -0.0000396815   0.0001081411  -0.0000198451  -0.0001724966
        0.0000689923  -0.0000166130   0.0001657575   0.0001100740  -0.0000090894
        0.0000837733   0.0000301530   0.0002465929   0.0006932771  -0.0004389859
        0.0000847514  -0.0000253668   0.0000193993   0.0003596135   0.0017087523
       -0.0005124987  -0.0003032968   0.0001478065  -0.0003329744  -0.0002342088
        0.0000540950   0.0001785396   0.0000516881  -0.0000809291  -0.0000307809
        0.0000534136   0.0000864550  -0.0000066275   0.1159932594   0.1102816297
       -0.0254118005  -0.0119274422  -0.0195650323   0.0005531532   0.0007941830
       -0.0000073624  -0.0005285422  -0.0003541490  -0.0000025195  -0.0000828127
       -0.0003829608  -0.0008220547   0.0005077366   0.0000037084   0.0000481622
       -0.0000046009  -0.0000803248   0.0001377687   0.0001160112  -0.0000034888
        0.0000507794   0.0000375371   0.0000085088  -0.0000273689  -0.0000178071
       -0.0001246064   0.0002783636  -0.0000615703   0.0000536601   0.0000111107
        0.0000141851   0.0000048538  -0.0000038513   0.0000322263   0.0000190743
       -0.0000131335   0.0000083985  -0.0000242939  -0.0000732570   0.0001184357
        0.0001496663   0.0000010511  -0.0000474800  -0.0000283555   0.0000208528
        0.0000085097   0.0000568571  -0.0000802431   0.0000017565  -0.0000190996
        0.0000634373   0.0000900503   0.0000430974  -0.0000185243  -0.0000153832
        0.0033953374  -0.0034189603  -0.0004994592  -0.0066878515  -0.0239403351
        0.0056871817  -0.0976169357  -0.2104344548   0.0371131395  -0.0002475834
        0.0013842153   0.0004230039  -0.0001931388   0.0009657936   0.0000767473
       -0.0000910179   0.0000109938  -0.0002957470   0.0000340473   0.0000287116
        0.0001021454  -0.0000232358  -0.0000947688   0.0000387448   0.0002620228
        0.0002213249   0.0000754220  -0.0007079947  -0.0008190389   0.0007969038
        0.0000855910   0.0000013415   0.0000599377  -0.0009065805   0.0001240591
       -0.0000443454  -0.0001244958   0.0006140908  -0.0001884208   0.0001255183
       -0.0005648777  -0.0002868302   0.0000638070   0.0000353234  -0.0001818732
       -0.0002027904   0.0000242902  -0.0000092680   0.1102816297   0.2445896713
       -0.0426989633  -0.0076899510  -0.0091091062  -0.0005018740   0.0003304623
        0.0005452477  -0.0000436058  -0.0002059672   0.0000657385   0.0000171661
        0.0000441828  -0.0001190733  -0.0000004648   0.0000649501   0.0000266891
       -0.0000991205  -0.0000200733   0.0000665090   0.0000755419   0.0000670232
        0.0001062651   0.0000038828  -0.0001110579  -0.0000618505  -0.0000014753
        0.0002172781  -0.0003230070   0.0001235118  -0.0000324762  -0.0000074701
        0.0000129088   0.0000240658  -0.0000071109   0.0000144796   0.0000016660
        0.0000102893   0.0000066157  -0.0000581388  -0.0001363700   0.0001368572
       -0.0000377701   0.0001456426   0.0001624887  -0.0000217897   0.0000519794
        0.0000694902  -0.0000873406   0.0000230098   0.0000141490   0.0001353414
       -0.0000257089  -0.0001894710  -0.0000667337   0.0000209466   0.0000306006
       -0.0008278656   0.0008988947   0.0000741935   0.0007318497   0.0040482314
        0.0001094630   0.0198144171   0.0362734489  -0.0504188599   0.0150753038
        0.0208987736  -0.0085181828   0.0038060444  -0.0003580119  -0.0038455447
        0.0001503749  -0.0001199566   0.0002341770  -0.0000541505  -0.0002296920
        0.0001154009  -0.0001374432  -0.0003997767  -0.0003941233  -0.0001075852
       -0.0001852863   0.0000578368   0.0001430400   0.0001542428  -0.0001015771
        0.0000570103  -0.0000257951   0.0001466318   0.0000366717   0.0009046656
        0.0007251323  -0.0003634571  -0.0001293047   0.0002167159   0.0000288723
        0.0000685275  -0.0001630264   0.0000016385  -0.0000323466   0.0000049448
        0.0000745445  -0.0000143980  -0.0001304838  -0.0254118005  -0.0426989633
        0.0599471105  -0.0139601095  -0.0213527949   0.0029439564   0.0000400058
        0.0008865267   0.0004528498   0.0000111166  -0.0000124917   0.0001224722
        0.0006214022   0.0012177780  -0.0007436897  -0.0000427296  -0.0000361211
        0.0000188930  -0.0000456769   0.0001440142   0.0000737426   0.0000355704
       -0.0000212427   0.0000321512   0.0000047017   0.0001004039  -0.0000276116
       -0.0000139134   0.0000614713  -0.0000517764   0.0000156080   0.0000118859
       -0.0000166455   0.0000098987   0.0000295349   0.0000339224  -0.0000265983
       -0.0000111448  -0.0000232260   0.0001663213  -0.0000116033  -0.0001021570
        0.0000437552  -0.0000317998  -0.0006068377  -0.0000019762   0.0000030716
       -0.0000002801   0.0000193293  -0.0000306019  -0.0000408253   0.0001377347
       -0.0000336094  -0.0000871684  -0.0000319051   0.0000334696  -0.0000375784
       -0.0004433853   0.0000792940  -0.0001585259  -0.0174085725   0.0009800503
       -0.0149855996  -0.1240896525  -0.0306911717  -0.1074178182   0.0077170683
        0.0039236288   0.0136765892   0.0002914266   0.0002085535  -0.0002006633
       -0.0000730287  -0.0000843358  -0.0001144183   0.0000424287  -0.0005200667
        0.0000740956   0.0002974292  -0.0005924811   0.0002987453  -0.0000444071
        0.0001486385  -0.0000251656   0.0000628424   0.0000818241  -0.0000854139
       -0.0004780839  -0.0001794173   0.0001095577  -0.0021754297   0.0032176353
       -0.0010847201  -0.0002896693   0.0002002595  -0.0001342280  -0.0005500890
        0.0001606640  -0.0006212864  -0.0000823146   0.0000015090   0.0000810301
       -0.0006120719  -0.0001312955  -0.0000900008  -0.0119274422  -0.0076899510
       -0.0139601095   0.1496358649   0.0301648341   0.1195790422  -0.0008002313
        0.0004147458   0.0031845738   0.0010388099   0.0002001831   0.0010138605
       -0.0000879936   0.0000714535  -0.0000738680  -0.0000541259   0.0000540628
        0.0000528075   0.0002271920   0.0002335700   0.0001982262  -0.0000646297
       -0.0000725187   0.0001720380   0.0000766388  -0.0001499929   0.0000371550
        0.0000107499   0.0000232522   0.0000198319   0.0000404170  -0.0000587771
        0.0000319030  -0.0000284533  -0.0000589799  -0.0000302405  -0.0000798055
        0.0001071197  -0.0000134678   0.0000570271  -0.0002113820   0.0002060653
       -0.0001160224   0.0001594708   0.0001398390   0.0000625056   0.0000639134
       -0.0000195018   0.0000238875  -0.0000159531  -0.0000306351  -0.0000867899
       -0.0000398120   0.0000165571  -0.0000920897   0.0000014726   0.0001537452
        0.0004647141   0.0000120910   0.0000132973   0.0169748556   0.0012247668
        0.0156471155  -0.0308876150  -0.0530955184  -0.0353670342  -0.0003617974
       -0.0005474589  -0.0048576052   0.0001271361   0.0003356974   0.0002069179
       -0.0000870924  -0.0001213985   0.0000610570  -0.0000469448  -0.0009348963
        0.0005425565  -0.0007791725  -0.0003026747   0.0008841454   0.0000274079
       -0.0000300218  -0.0001823570  -0.0000020478  -0.0002696869  -0.0000699944
       -0.0002970113  -0.0000731780   0.0000319306   0.0016226415  -0.0027797205
        0.0004461978   0.0001386775   0.0002878569   0.0000066333   0.0009534296
        0.0007629605   0.0009160529  -0.0000269839   0.0000465609   0.0000768060
        0.0005417772   0.0002670726   0.0000336038  -0.0195650323  -0.0091091062
       -0.0213527949   0.0301648341   0.0649952439   0.0457773641   0.0005825838
        0.0005544082  -0.0012686006   0.0000226087  -0.0000244964  -0.0008853100
       -0.0000203618  -0.0001240267  -0.0000520661   0.0000723541  -0.0000105067
       -0.0000031644   0.0001711862  -0.0011359323  -0.0003898751   0.0001192822
       -0.0000629225  -0.0000870310  -0.0000325079   0.0000319697   0.0000331711
       -0.0000158965  -0.0000480558  -0.0000073429  -0.0000790404   0.0000438836
       -0.0000426392  -0.0000584360  -0.0000714574  -0.0000556045   0.0001308826
       -0.0000016715  -0.0000777225  -0.0000056864   0.0002613469  -0.0001149988
        0.0000229682  -0.0000770039   0.0001551134   0.0000255935  -0.0000497102
        0.0000011424  -0.0000498898   0.0000649017   0.0000387370   0.0000076835
       -0.0000132113   0.0000148448   0.0001449001  -0.0000061047  -0.0000725461
       -0.0004253532   0.0000794665  -0.0001105586  -0.0049388265  -0.0009988100
       -0.0040333362  -0.1072459658  -0.0351172946  -0.1777372992  -0.0118529302
       -0.0086481913  -0.0282593742  -0.0004810788  -0.0004933964   0.0005031038
       -0.0001892762  -0.0000324932  -0.0001780559  -0.0000954201   0.0000161420
        0.0003379954   0.0004290211   0.0007651070  -0.0005089712   0.0001513040
        0.0001607595   0.0000258591   0.0000731464   0.0000272040  -0.0000245785
        0.0002078064  -0.0001574185   0.0003235886  -0.0003875609   0.0010822456
        0.0005194303   0.0001513992   0.0000824169   0.0001212453   0.0013458456
       -0.0007135234   0.0014709943   0.0000205296  -0.0000181396   0.0000473228
       -0.0002398571  -0.0000515452  -0.0000228014   0.0005531532  -0.0005018740
        0.0029439564   0.1195790422   0.0457773641   0.2082760068   0.0036778666
       -0.0011380828  -0.0051912571  -0.0004308756  -0.0000027455   0.0007809668
       -0.0000188944  -0.0000972255   0.0001897476   0.0000445387  -0.0000122185
       -0.0000236018  -0.0000422388   0.0000921315   0.0003704944   0.0000338067
       -0.0001113294   0.0000659743   0.0000050799   0.0000017577   0.0000783310
        0.0000030085   0.0000250985  -0.0000454453   0.0000631515  -0.0000414019
       -0.0000245635  -0.0000201616   0.0000265902   0.0000055971   0.0000407621
       -0.0000597795  -0.0000597289   0.0000290528  -0.0000225716   0.0000415259
        0.0000514001   0.0000218268   0.0000205475   0.0000046687   0.0000549869
        0.0000335334  -0.0000131296   0.0000195722  -0.0000185099  -0.0000338354
       -0.0000269405   0.0000400974  -0.0000491789   0.0000123117   0.0000417636
       -0.0000305159  -0.0000630660  -0.0000528816   0.0001557004   0.0001327945
       -0.0000802470   0.0083622106   0.0065018790   0.0127145581  -0.1056354364
       -0.0512342859  -0.0914227043  -0.0063817592  -0.0091394942  -0.0073133732
        0.0003691755   0.0006900896  -0.0003632742  -0.0000007410  -0.0000711373
       -0.0002214764  -0.0008379191  -0.0021585208   0.0008969279  -0.0000563425
        0.0011096741  -0.0000502946  -0.0000547377   0.0000737242   0.0000376112
        0.0000690878  -0.0002765977  -0.0000859595   0.0004359832   0.0001039668
        0.0002978455  -0.0014129593   0.0004481706   0.0004865789  -0.0001526297
        0.0000186208  -0.0000366585   0.0000083422  -0.0000289145  -0.0000152993
       -0.0000492527  -0.0001075812  -0.0001340968   0.0007941830   0.0003304623
        0.0000400058  -0.0008002313   0.0005825838   0.0036778666   0.1248077284
        0.0618373442   0.1038547910  -0.0169921041  -0.0086809294  -0.0211225412
       -0.0002491815  -0.0000901703  -0.0000563239  -0.0002103479  -0.0000169689
       -0.0001047957  -0.0000158353  -0.0000294813   0.0000340274  -0.0000018478
       -0.0000120621  -0.0000171369  -0.0001929089   0.0003331666  -0.0000523038
       -0.0000146509  -0.0000319583   0.0000069964   0.0000021301   0.0000314027
        0.0000063354   0.0000337646   0.0002102693  -0.0001397601   0.0000655104
       -0.0000617825   0.0000537522   0.0001312292  -0.0001936479  -0.0001037637
       -0.0022215545  -0.0001724822  -0.0006245497  -0.0000241775   0.0000159625
        0.0000000854   0.0000598221  -0.0000449710  -0.0000358900   0.0000538553
       -0.0000011553  -0.0000666888  -0.0000135894  -0.0000049042  -0.0000073628
        0.0001734355  -0.0001720672   0.0000285553  -0.0001839931   0.0000222669
       -0.0001395940  -0.0025807923  -0.0016115917  -0.0049204361  -0.0504299829
       -0.0852622420  -0.0765199309  -0.0166866479  -0.0193603960  -0.0175980113
       -0.0010315433   0.0002439541  -0.0012946106  -0.0000450961   0.0000987441
       -0.0002671585  -0.0024594828  -0.0048016721   0.0027044988   0.0012224835
       -0.0001854776   0.0003959888  -0.0000719133  -0.0000155959  -0.0000375148
       -0.0001360820  -0.0004645939  -0.0006805999   0.0001807252  -0.0001063199
       -0.0001978050  -0.0001309693  -0.0001414807   0.0000875945  -0.0000123425
       -0.0000200678   0.0001305600  -0.0000316316   0.0000308707   0.0000691980
       -0.0000715769   0.0000640236   0.0000894022  -0.0000073624   0.0005452477
        0.0008865267   0.0004147458   0.0005544082  -0.0011380828   0.0618373442
        0.1007452175   0.0861216162   0.0101731656   0.0073890622   0.0122847006
       -0.0000667155   0.0003615299  -0.0000759465  -0.0001142371   0.0005048917
       -0.0001340988   0.0000571509   0.0000182404  -0.0000091971  -0.0000174172
        0.0000505931   0.0000320326  -0.0003575624   0.0002447600   0.0002690145
       -0.0000264485   0.0000053861   0.0000055327   0.0000772411  -0.0000090471
       -0.0000102996   0.0000068890   0.0005429992  -0.0005443618  -0.0000577047
       -0.0002664435   0.0002066737  -0.0002071928   0.0000102619   0.0000388446
        0.0006182003   0.0009515304   0.0001674529   0.0000116399   0.0000293227
        0.0000242408  -0.0000202034  -0.0000095028  -0.0000119422  -0.0000334948
       -0.0000005194   0.0000230121   0.0000073718   0.0000137072   0.0000141450
        0.0000628136  -0.0001917691  -0.0001416205   0.0000220851  -0.0002842516
        0.0001379431  -0.0100857617  -0.0102338011  -0.0231328575  -0.0910742639
       -0.0765285789  -0.1712184738   0.0038029127   0.0032645409   0.0061599250
       -0.0004491078  -0.0003874682   0.0002976406   0.0000448571  -0.0000346132
        0.0001331562  -0.0001236414   0.0011444394  -0.0003457324   0.0002081158
        0.0013616575  -0.0006692213  -0.0000641042   0.0000723571  -0.0000465026
        0.0001874866   0.0000159322   0.0002594253   0.0001307195  -0.0002519673
       -0.0003208478  -0.0003071526   0.0002894719  -0.0002301712   0.0000777148
        0.0000882627   0.0001689699   0.0000232714  -0.0000281243  -0.0000180914
       -0.0000865858   0.0000433583   0.0001476562  -0.0005285422  -0.0000436058
        0.0004528498   0.0031845738  -0.0012686006  -0.0051912571   0.1038547910
        0.0861216162   0.1997615748  -0.0086262908  -0.0032819858  -0.0080686804
        0.0000298499   0.0000536429   0.0002806716   0.0000245183  -0.0002310057
       -0.0001185234  -0.0000661796   0.0001281880   0.0000832794   0.0000326787
        0.0000007922   0.0000310755  -0.0001187348   0.0000226949   0.0001810658
       -0.0000177208   0.0000259004   0.0000098330   0.0000364174  -0.0000083219
        0.0000243576   0.0000504345  -0.0000581523   0.0001378836   0.0000542461
        0.0000624754  -0.0000740889  -0.0002472497   0.0000103379   0.0000903037
        0.0000631608   0.0000599224   0.0011649850   0.0000117718   0.0000281515
        0.0000070758  -0.0000529001   0.0000299268   0.0000019897  -0.0000598823
       -0.0000056080   0.0000052755   0.0000056987   0.0000141850   0.0000391312
        0.0000740839  -0.0002889891   0.0000073686  -0.0014056960  -0.0002180636
        0.0034940698  -0.0172396336   0.0124778149  -0.0008712551  -0.1812104035
        0.1039981106  -0.0474069153   0.0061980772  -0.0051395303   0.0021511717
        0.0001419001  -0.0015684745   0.0000798057   0.0000792838   0.0000605023
       -0.0000838684   0.0003284982   0.0002754661   0.0003370306  -0.0001058294
        0.0003650118  -0.0003547730   0.0000948283  -0.0002269397  -0.0000118667
        0.0001153739  -0.0001332561   0.0000490221   0.0001400416   0.0001041340
        0.0000564175  -0.0000351275  -0.0000889937  -0.0001146939  -0.0006088266
        0.0007934845   0.0001981186  -0.0000664560   0.0001362513   0.0000449339
       -0.0001394516  -0.0000462609  -0.0000397834  -0.0003541490  -0.0002059672
        0.0000111166   0.0010388099   0.0000226087  -0.0004308756  -0.0169921041
        0.0101731656  -0.0086262908   0.2091096960  -0.1199932721   0.0509427329
        0.0006840083  -0.0002062296  -0.0000452627   0.0002443338  -0.0003097023
        0.0002284174  -0.0000676007  -0.0000087311   0.0000161091  -0.0000185689
       -0.0000029487   0.0000259895   0.0001036870  -0.0000727781   0.0001838163
        0.0000180539   0.0000272686   0.0000061467   0.0000356289  -0.0000377313
        0.0000083091  -0.0000276839   0.0001022915   0.0000157059  -0.0000249499
       -0.0001030566   0.0000327766  -0.0000873306   0.0000072898   0.0000696194
       -0.0000613819   0.0002094152   0.0000521518   0.0000248220  -0.0000570156
       -0.0000109116   0.0000418698  -0.0000386666  -0.0000131910   0.0000143092
        0.0000124249   0.0000148938  -0.0000421126  -0.0000186326  -0.0000160358
       -0.0001884517   0.0001592353   0.0001486659   0.0008970463   0.0004712251
       -0.0012882468   0.0059694178  -0.0030342999  -0.0003550357   0.1028099034
       -0.1184629797   0.0326983054   0.0193461939  -0.0210116181   0.0092736666
       -0.0023634465  -0.0055983346   0.0020970414  -0.0000337443   0.0000990329
       -0.0000576670   0.0013727530   0.0003620691   0.0005544344  -0.0003401211
        0.0004126557  -0.0003856667  -0.0000775313   0.0001837299  -0.0000610643
       -0.0000620398   0.0003331188  -0.0001838675   0.0000464788  -0.0001612521
        0.0000138048  -0.0001489419   0.0000231147  -0.0001487863   0.0001803156
       -0.0002417678  -0.0000188601   0.0000422719  -0.0000573493  -0.0000775580
        0.0000401338   0.0000318698   0.0000491150  -0.0000025195   0.0000657385
       -0.0000124917   0.0002001831  -0.0000244964  -0.0000027455  -0.0086809294
        0.0073890622  -0.0032819858  -0.1199932721   0.1393397042  -0.0398134274
        0.0003095104   0.0006864580  -0.0000466137   0.0012258058  -0.0013187307
        0.0005427179  -0.0000136939  -0.0000211548  -0.0000245952  -0.0000077013
        0.0000819013   0.0000627513  -0.0001842156   0.0000975128  -0.0000582390
       -0.0000355353   0.0000550078   0.0000224126  -0.0000480838   0.0000164311
       -0.0000025904  -0.0000347478   0.0000111512   0.0001883756  -0.0003746130
        0.0000708346   0.0000000446  -0.0000611064   0.0000124611   0.0000560821
        0.0002103219  -0.0000093479   0.0000702396   0.0000000857   0.0000221164
        0.0000279082  -0.0000163786   0.0000042013   0.0000152421  -0.0000111982
        0.0000083302  -0.0000156141   0.0000278502   0.0000043693   0.0000142474
       -0.0000853639   0.0002238768  -0.0001196868   0.0028692820  -0.0006440897
       -0.0031604599   0.0201803120  -0.0144042952   0.0019906004  -0.0477810048
        0.0330142826  -0.0571973830  -0.0070412815   0.0079585530  -0.0030454297
        0.0005364189   0.0026040556  -0.0005744708  -0.0000221639  -0.0001322696
        0.0000644110   0.0000562128  -0.0004108420   0.0002487894   0.0003763532
        0.0000432374  -0.0001640990   0.0000037158   0.0000130554  -0.0000148514
       -0.0000329127   0.0000129839  -0.0000963860   0.0000845418  -0.0002692198
       -0.0001172690  -0.0000853577  -0.0000681291  -0.0000883369   0.0005825095
       -0.0007532458  -0.0002065688  -0.0000283877  -0.0000110702   0.0000738810
        0.0001507894   0.0000765810   0.0000998634  -0.0000828127   0.0000171661
        0.0001224722   0.0010138605  -0.0008853100   0.0007809668  -0.0211225412
        0.0122847006  -0.0080686804   0.0509427329  -0.0398134274   0.0695703027
       -0.0003497242   0.0003962067  -0.0001122514  -0.0004498966   0.0004915813
       -0.0002627530   0.0000606176   0.0000049812   0.0000053092   0.0000119423
       -0.0000093174  -0.0000234322   0.0000201717   0.0000622457   0.0001565788
       -0.0000011127  -0.0000309806  -0.0000144476   0.0000254252  -0.0000020051
       -0.0000260348   0.0000362041   0.0000132992  -0.0001091629   0.0000783379
        0.0000163120   0.0001174558  -0.0001018293   0.0000381580   0.0000535839
        0.0001440765   0.0001030107   0.0000943495   0.0000188552   0.0000200219
       -0.0000000841  -0.0000220772   0.0000374187   0.0000013107  -0.0000323744
       -0.0000102419   0.0000305362   0.0000464812   0.0000127161  -0.0000086231
       -0.0038697042   0.0037361232  -0.0010875905   0.0001996694   0.0000209886
       -0.0002853158  -0.0001595598  -0.0025924756   0.0004796834  -0.0078176810
       -0.0008097418   0.0100423062  -0.1448700964   0.0242070692   0.1118071192
       -0.0174777790   0.0058726860   0.0175890972  -0.0004275712  -0.0009898949
       -0.0011530307   0.0062680267  -0.0008990813  -0.0065707128   0.0001023550
        0.0000211009  -0.0006401691  -0.0000475550  -0.0001110732   0.0009969440
        0.0004820570  -0.0007399840  -0.0008429679   0.0002266134   0.0000744623
        0.0000614244  -0.0000531850   0.0000329722   0.0000033245   0.0000592302
       -0.0000388148  -0.0000736794  -0.0005001293   0.0005233657   0.0002673702
       -0.0000285744  -0.0000503725  -0.0000193951  -0.0003829608   0.0000441828
        0.0006214022  -0.0000879936  -0.0000203618  -0.0000188944  -0.0002491815
       -0.0000667155   0.0000298499   0.0006840083   0.0003095104  -0.0003497242
        0.1667059468  -0.0272956388  -0.1307067204   0.0008758654  -0.0004029692
        0.0001265614   0.0000981799  -0.0001359930  -0.0001854240   0.0000295294
       -0.0000691344  -0.0000529139   0.0003159983  -0.0004341664  -0.0001079676
        0.0000226298  -0.0000062957   0.0000105142   0.0000496315  -0.0000107740
       -0.0000178815  -0.0001188737  -0.0000954183   0.0002353293  -0.0000549710
        0.0000480728  -0.0000894342   0.0000125321  -0.0000124265  -0.0000204901
       -0.0000759789  -0.0000032446   0.0000659735   0.0000208790  -0.0000785960
       -0.0000496143   0.0000496963  -0.0000140220  -0.0000265510   0.0000305229
       -0.0000054732  -0.0000179499  -0.0000115767  -0.0000078664  -0.0000204726
        0.0027992491  -0.0022740636  -0.0004177033   0.0001160405  -0.0000814914
       -0.0001500485  -0.0023720397  -0.0042855460   0.0016965230  -0.0177647367
       -0.0001028455   0.0198997464   0.0240693214  -0.0425443908  -0.0244374745
        0.0111229950  -0.0027173993  -0.0104574814   0.0007286278  -0.0015928492
       -0.0024764353   0.0079095230  -0.0039591004  -0.0134472844  -0.0002047830
       -0.0003071459   0.0000272951   0.0000941728   0.0000256100  -0.0005871384
        0.0010297514   0.0000164956   0.0003801764   0.0000182883  -0.0000435064
        0.0000170173  -0.0000542754   0.0000528765  -0.0000230958   0.0000248351
       -0.0000364412   0.0000096267   0.0002877915  -0.0002973788  -0.0001593773
       -0.0000038143   0.0000180594  -0.0000097583  -0.0008220547  -0.0001190733
        0.0012177780   0.0000714535  -0.0001240267  -0.0000972255  -0.0000901703
        0.0003615299   0.0000536429  -0.0002062296   0.0006864580   0.0003962067
       -0.0272956388   0.0577812526   0.0289180401   0.0001742447   0.0000308355
       -0.0004886282   0.0003406222  -0.0004138659  -0.0001775290   0.0001486521
       -0.0001840145  -0.0001753887   0.0000008924   0.0000994069   0.0000529016
       -0.0000092082   0.0000182833  -0.0000128179  -0.0000390403  -0.0000103955
        0.0000121904  -0.0000989182  -0.0004001972   0.0004338647   0.0000156196
        0.0003892353  -0.0000670632   0.0000097776  -0.0000085366   0.0000052347
        0.0000003985   0.0000017160   0.0000376490  -0.0000056555   0.0000371747
        0.0000329318  -0.0000115944  -0.0000024962   0.0000065709   0.0000093067
       -0.0000083554  -0.0000152387   0.0000065961  -0.0000058140   0.0000022927
       -0.0015701048   0.0003609398  -0.0002592269  -0.0001070562   0.0000011847
        0.0001186594   0.0012848376   0.0029296688  -0.0000876842   0.0092736820
        0.0014930382  -0.0092185585   0.1130567795  -0.0260177961  -0.1655764707
       -0.0058932330   0.0012602120   0.0060453853  -0.0003669411  -0.0022464898
       -0.0026591617   0.0141228619  -0.0059375061  -0.0179937454   0.0006074873
        0.0000061559   0.0001535391  -0.0001519231   0.0002220173   0.0002109915
        0.0008389678  -0.0002470960   0.0007120781  -0.0001265565  -0.0000068568
       -0.0000391689  -0.0000097231  -0.0000435735   0.0000164973  -0.0001136093
        0.0000620599   0.0001244245  -0.0000409771  -0.0000166546   0.0000577144
       -0.0000081591   0.0000124590   0.0000374358   0.0005077366  -0.0000004648
       -0.0007436897  -0.0000738680  -0.0000520661   0.0001897476  -0.0000563239
       -0.0000759465   0.0002806716  -0.0000452627  -0.0000466137  -0.0001122514
       -0.1307067204   0.0289180401   0.1882944447  -0.0000647392  -0.0003726460
        0.0004944265   0.0004071808  -0.0004340790  -0.0001701812   0.0002881283
       -0.0002912269  -0.0002727928  -0.0002338475   0.0002229022  -0.0000539424
       -0.0000247144  -0.0000530405  -0.0000144363   0.0000213226   0.0000122527
       -0.0000014549  -0.0002943843  -0.0003349733   0.0008416553  -0.0005478395
        0.0005540195  -0.0004071045   0.0000055973   0.0000190822   0.0000090097
        0.0000540971   0.0000121688  -0.0000167009  -0.0000174290   0.0000820282
        0.0000321274  -0.0000192594  -0.0000027819  -0.0000085025  -0.0000220132
        0.0000017358  -0.0000022982   0.0000260057   0.0000098466   0.0000185630
       -0.0067618789  -0.0128092947   0.0121855064  -0.0007869993   0.0010956382
        0.0030785510   0.0000332412   0.0001008566  -0.0000849413  -0.0032117221
        0.0025043700  -0.0020246741   0.0042256525   0.0198800604  -0.0108303805
       -0.0597028247  -0.0491122461   0.0322172675   0.0001673999  -0.0000289093
       -0.0011239473   0.0004008520   0.0007823369  -0.0001063855  -0.0146978966
       -0.0279656507  -0.0063286454  -0.0000266866  -0.0013157875   0.0009790662
       -0.0001335909  -0.0000534341   0.0000856223   0.0001067043   0.0000327441
       -0.0000682957  -0.0000498724  -0.0001291944   0.0001949518  -0.0003649946
       -0.0006944311   0.0008258543   0.0002469578   0.0000427884  -0.0006573830
       -0.0000929163   0.0000067725  -0.0000018517   0.0000037084   0.0000649501
       -0.0000427296  -0.0000541259   0.0000723541   0.0000445387  -0.0002103479
       -0.0001142371   0.0000245183   0.0002443338   0.0012258058  -0.0004498966
        0.0008758654   0.0001742447  -0.0000647392   0.0804208779   0.0661681871
       -0.0281747181  -0.0001430273   0.0000612305   0.0000391976   0.0001860267
        0.0000188718  -0.0001218456  -0.0002869418  -0.0010766314   0.0002077416
       -0.0003244605   0.0010167771   0.0003139956  -0.0001621391  -0.0000558671
       -0.0001011670   0.0000264239  -0.0000152501   0.0000186830   0.0000173154
        0.0000128615   0.0000288611  -0.0000218109   0.0000133751   0.0000122363
       -0.0000049990   0.0001608501  -0.0000654365   0.0000470629  -0.0000704754
        0.0000255927   0.0000092067  -0.0000130411   0.0000090813   0.0000274475
        0.0000151767  -0.0000227688  -0.0000018416   0.0000041985  -0.0000214599
       -0.0001006113   0.0009306956   0.0014219240   0.0002193296   0.0006918100
       -0.0002881785  -0.0000981195   0.0000749678  -0.0001659277   0.0040882217
       -0.0019857401   0.0018255794  -0.0023944661  -0.0189883521   0.0115394764
       -0.0464744139  -0.1694743049   0.0775195245   0.0001651900   0.0004876704
       -0.0011207852  -0.0002927738  -0.0001958307  -0.0003823121  -0.0221265803
       -0.0274517266  -0.0110639717   0.0008797340   0.0005928567  -0.0018646730
        0.0001512140   0.0000507767  -0.0001041449  -0.0000019759  -0.0002000308
       -0.0001377246  -0.0000287870  -0.0000823364   0.0002372982   0.0000482127
       -0.0000795041   0.0000642307  -0.0000698154   0.0002851153   0.0003298576
       -0.0000161197   0.0000677014   0.0000338512   0.0000481622   0.0000266891
       -0.0000361211   0.0000540628  -0.0000105067  -0.0000122185  -0.0000169689
        0.0005048917  -0.0002310057  -0.0003097023  -0.0013187307   0.0004915813
       -0.0004029692   0.0000308355  -0.0003726460   0.0661681871   0.2152044195
       -0.0773380966   0.0000625421  -0.0000102137  -0.0000192608   0.0000396660
        0.0002209438  -0.0001935963   0.0003797334   0.0005828410   0.0000043484
        0.0001568800   0.0000812547  -0.0001675342  -0.0000585675  -0.0001276165
        0.0000614934  -0.0000392905  -0.0000264520   0.0000251781   0.0000125409
       -0.0000391999  -0.0000217490  -0.0000555903   0.0000018885   0.0000019136
        0.0000492297   0.0002064563  -0.0000348630  -0.0000267032  -0.0000464204
       -0.0000149999  -0.0000241666   0.0000196467   0.0000215007   0.0000162145
       -0.0000174103   0.0000162678  -0.0000014996  -0.0000070846  -0.0000242165
        0.0119377842   0.0199656770  -0.0173218702   0.0018821612  -0.0019877357
       -0.0043178117  -0.0000536784  -0.0001832579   0.0004251116  -0.0019798112
        0.0008422934   0.0000419090   0.0010127078   0.0083675561  -0.0033108386
        0.0288598232   0.0729134717  -0.0801499841   0.0006154716   0.0006040755
       -0.0000435318  -0.0003012931   0.0008666251  -0.0001123548  -0.0134550036
       -0.0236106728   0.0040346053  -0.0004356990   0.0013907408   0.0001488808
       -0.0000535032  -0.0001458243   0.0000326950  -0.0004008866  -0.0001119965
       -0.0001108924  -0.0000169195  -0.0001196387   0.0001250054   0.0005294327
        0.0011583283  -0.0011126639  -0.0003175012  -0.0001615284   0.0004029531
        0.0001102348   0.0000421452   0.0000660362  -0.0000046009  -0.0000991205
        0.0000188930   0.0000528075  -0.0000031644  -0.0000236018  -0.0001047957
       -0.0001340988  -0.0001185234   0.0002284174   0.0005427179  -0.0002627530
        0.0001265614  -0.0004886282   0.0004944265  -0.0281747181  -0.0773380966
        0.1009231279  -0.0000212482  -0.0001428618   0.0002681839  -0.0000906391
       -0.0007685927  -0.0007543262  -0.0005069768  -0.0005576667   0.0008027099
        0.0004015411  -0.0009307650   0.0001152443  -0.0000684957  -0.0000921878
       -0.0000079504   0.0000134093  -0.0000194031  -0.0000455943   0.0000934908
        0.0000027703   0.0000176712   0.0000406203   0.0000397809  -0.0000157351
        0.0000209934   0.0000458134  -0.0001216044   0.0000706802   0.0001034366
       -0.0001241887  -0.0000268755   0.0000315379  -0.0000178827  -0.0000288912
       -0.0000233902   0.0000289257   0.0000454002   0.0000016597   0.0000257287
        0.0013021752   0.0008187250  -0.0226588693   0.0007582143   0.0003968523
       -0.0014555905   0.0000398987  -0.0001711903   0.0001195443   0.0000278347
        0.0000809499   0.0002303010  -0.0015475186   0.0013042167   0.0012450248
       -0.0029531286  -0.0008345471  -0.0014006700  -0.0426407001  -0.0034787510
        0.0237804062  -0.0046492746  -0.0000203799   0.0223567824  -0.0000276117
       -0.0006795451  -0.0015639222  -0.0003142857  -0.0005230977  -0.0008873665
        0.0002572193   0.0009386698   0.0008209994   0.0000957098   0.0001419829
       -0.0001000282   0.0000514681  -0.0000220075   0.0000340533  -0.0010779774
       -0.0006797468   0.0003595196  -0.0000741076  -0.0001016616   0.0004845019
        0.0000139371  -0.0000138462   0.0000500409  -0.0000803248  -0.0000200733
       -0.0000456769   0.0002271920   0.0001711862  -0.0000422388  -0.0000158353
        0.0000571509  -0.0000661796  -0.0000676007  -0.0000136939   0.0000606176
        0.0000981799   0.0003406222   0.0004071808  -0.0001430273   0.0000625421
       -0.0000212482   0.0507626000   0.0028537600  -0.0271849977   0.0009808961
       -0.0018176836   0.0064991439   0.0000653652  -0.0000578958  -0.0000087588
       -0.0000974225  -0.0000628115   0.0000403661  -0.0003421541   0.0002337872
        0.0000183503  -0.0004994837  -0.0005363578   0.0000764095   0.0003569520
        0.0006064695  -0.0010179096   0.0000256307   0.0000343957   0.0000376781
       -0.0000023306   0.0000509933   0.0000174605  -0.0005156277   0.0009184922
       -0.0001967437  -0.0000587988   0.0000321970  -0.0000451035  -0.0000195578
       -0.0000393989   0.0000339459   0.0000634944   0.0000296950   0.0000229773
        0.0001835826   0.0002578645  -0.0075001336  -0.0002675235   0.0001198815
       -0.0013182348  -0.0002723354  -0.0002423246  -0.0004873981   0.0000596161
       -0.0001012500  -0.0001357234   0.0011900421  -0.0017685234  -0.0016509350
       -0.0007122559  -0.0007949147  -0.0010963001  -0.0035052476  -0.0401260578
        0.0222151856   0.0056345215   0.0001536024  -0.0171031509   0.0000339708
       -0.0001004345  -0.0006153158   0.0000603272   0.0001012519   0.0003246905
       -0.0007723510   0.0002407253  -0.0008202812  -0.0000609823  -0.0000501541
        0.0000169566   0.0000285087  -0.0000210596   0.0000187857  -0.0009554195
       -0.0000050755   0.0000753713  -0.0000835395  -0.0002256885  -0.0002747501
        0.0000480109   0.0000356174   0.0000276974   0.0001377687   0.0000665090
        0.0001440142   0.0002335700  -0.0011359323   0.0000921315  -0.0000294813
        0.0000182404   0.0001281880  -0.0000087311  -0.0000211548   0.0000049812
       -0.0001359930  -0.0004138659  -0.0004340790   0.0000612305  -0.0000102137
       -0.0001428618   0.0028537600   0.0512930295  -0.0238172125  -0.0044891577
       -0.0067237365   0.0319703635   0.0000125781   0.0000102817  -0.0000025915
       -0.0000743658   0.0000346986  -0.0000736563  -0.0000213665   0.0000771530
       -0.0001592009  -0.0000865058   0.0004779111  -0.0002701647  -0.0001985113
       -0.0007501038   0.0006061353   0.0000303225   0.0000375295   0.0000072778
        0.0000068759   0.0000013432  -0.0000101953   0.0010266778  -0.0004317692
        0.0002669018   0.0000410531   0.0000181782  -0.0000063689  -0.0000186819
       -0.0000087115   0.0000167822   0.0000500329  -0.0000128466   0.0000030911
       -0.0003197340  -0.0000395761  -0.0163277703   0.0010319981   0.0012059196
        0.0006841437  -0.0000459447   0.0001920733   0.0000572332   0.0000605277
       -0.0000940199  -0.0003189074   0.0008269761  -0.0007128578  -0.0009448888
       -0.0024101343  -0.0010268674  -0.0016636491   0.0221722661   0.0228276685
       -0.2705270683   0.0054292758  -0.0025659861  -0.0118765550  -0.0001185028
       -0.0008014711  -0.0012993878  -0.0002619034  -0.0003277301  -0.0010444541
       -0.0014253309   0.0001636524   0.0002898811   0.0000551154   0.0001994159
        0.0000132478   0.0001175903   0.0000255678   0.0001166133  -0.0004569221
       -0.0003096361   0.0006449426   0.0001236436  -0.0002655278   0.0006337702
        0.0000670316   0.0000236797   0.0000723370   0.0001160112   0.0000755419
        0.0000737426   0.0001982262  -0.0003898751   0.0003704944   0.0000340274
       -0.0000091971   0.0000832794   0.0000161091  -0.0000245952   0.0000053092
       -0.0001854240  -0.0001775290  -0.0001701812   0.0000391976  -0.0000192608
        0.0002681839  -0.0271849977  -0.0238172125   0.3119996344   0.0021457244
        0.0049622151  -0.0120027216   0.0001835348   0.0000615656   0.0000579160
        0.0000064112  -0.0001731151  -0.0000260222  -0.0000438959   0.0001430973
       -0.0000009929   0.0004002604   0.0005038089  -0.0001005449  -0.0002696117
       -0.0004275574   0.0006283643   0.0000212951   0.0000126760   0.0000262626
        0.0000141245   0.0000333998  -0.0000183702  -0.0002792103   0.0007150453
        0.0002735598  -0.0000886676   0.0000376043  -0.0000217547  -0.0000130516
       -0.0000332386   0.0000456664   0.0000439845   0.0000323218  -0.0000013134
       -0.0082397674  -0.0234080060   0.0036505207  -0.0038971137  -0.0022157559
       -0.0025747060   0.0000270144   0.0001523032  -0.0001038344   0.0001179865
        0.0000441076  -0.0001181067  -0.0013147043   0.0008018517   0.0006389449
       -0.0002480153  -0.0001972112   0.0002808001  -0.0458833578  -0.0408674908
        0.0085337158   0.0004286311   0.0236124379  -0.0037520200  -0.0000462386
        0.0001750698  -0.0001408408   0.0000696399  -0.0015796446   0.0008212377
       -0.0001137114   0.0014527204   0.0009186457  -0.0001869361  -0.0009557805
        0.0006040790  -0.0001748609  -0.0000339326  -0.0000246723   0.0000029761
        0.0001268500  -0.0001566901  -0.0000442382   0.0001673096  -0.0002267325
       -0.0001561864  -0.0000563227  -0.0000694347  -0.0000034888   0.0000670232
        0.0000355704  -0.0000646297   0.0001192822   0.0000338067  -0.0000018478
       -0.0000174172   0.0000326787  -0.0000185689  -0.0000077013   0.0000119423
        0.0000295294   0.0001486521   0.0002881283   0.0001860267   0.0000396660
       -0.0000906391   0.0009808961  -0.0044891577   0.0021457244   0.0596835777
        0.0471269919  -0.0111182035  -0.0000147320  -0.0000761290  -0.0000260566
       -0.0003402359   0.0004369556  -0.0007270987   0.0003813853   0.0000258247
        0.0000628524   0.0000823432   0.0004090623  -0.0005766714  -0.0004941028
       -0.0013139367   0.0008747527  -0.0000473277   0.0000826495  -0.0001290774
       -0.0000178410  -0.0000187691   0.0000733359  -0.0006730875   0.0002471658
        0.0008522376  -0.0000055131  -0.0000402129   0.0000014030   0.0000306308
        0.0000147742  -0.0000274812  -0.0000341319   0.0000267707   0.0000018893
       -0.0060436927  -0.0118923538   0.0015959831  -0.0019648186  -0.0006162201
       -0.0016195555   0.0000003165   0.0000667486   0.0001619479  -0.0000727677
        0.0001260442   0.0001109486   0.0016035499  -0.0008103176  -0.0008790513
       -0.0002772928  -0.0003326592   0.0005210660  -0.0436480951  -0.2438195828
        0.0526259560   0.0045897128  -0.0220795446   0.0018845890   0.0002624629
        0.0004296400  -0.0001141108   0.0016131747   0.0005670102  -0.0001594885
       -0.0012172602  -0.0000236455  -0.0010509820   0.0000173640  -0.0005205209
        0.0003606599  -0.0001072834   0.0000652812   0.0000267760   0.0000926618
       -0.0000212676  -0.0001396232  -0.0000923969   0.0004089905   0.0006494655
       -0.0000733444  -0.0000156135  -0.0000464749   0.0000507794   0.0001062651
       -0.0000212427  -0.0000725187  -0.0000629225  -0.0001113294  -0.0000120621
        0.0000505931   0.0000007922  -0.0000029487   0.0000819013  -0.0000093174
       -0.0000691344  -0.0001840145  -0.0002912269   0.0000188718   0.0002209438
       -0.0007685927  -0.0018176836  -0.0067237365   0.0049622151   0.0471269919
        0.2836829358  -0.0576285830  -0.0000271929  -0.0000500122   0.0000679255
       -0.0002013779   0.0005333938  -0.0001675684   0.0003335379  -0.0000317657
       -0.0000912822  -0.0000373026  -0.0005740289   0.0007002537   0.0004368070
        0.0012551171  -0.0007795690  -0.0000516193   0.0000151077  -0.0000807706
        0.0000106300  -0.0000272236   0.0000459142  -0.0003397599   0.0001812336
        0.0002513184  -0.0000187066  -0.0000159912   0.0000171497   0.0000367573
        0.0000039271  -0.0000149352  -0.0000463593   0.0000062875  -0.0000092573
       -0.0034857469  -0.0120857831   0.0025673937  -0.0011250571  -0.0004921298
       -0.0008097015   0.0000285947   0.0001664502  -0.0000988837  -0.0000492971
        0.0000482037   0.0000962202   0.0009976154  -0.0001187628  -0.0014000482
       -0.0007040588  -0.0007419916   0.0001072242   0.0087347295   0.0498204659
       -0.0530567321   0.0005800442  -0.0098988303   0.0030460281   0.0002358070
        0.0002509598   0.0000453228  -0.0001878647  -0.0004789558   0.0014613913
       -0.0005967476  -0.0004145087   0.0004525540  -0.0001985689  -0.0002361737
        0.0003693163  -0.0000000808  -0.0000214482  -0.0000068367  -0.0001613585
        0.0001398355   0.0000179559  -0.0000383682  -0.0002342513  -0.0006106393
       -0.0000447732   0.0000029400  -0.0000091312   0.0000375371   0.0000038828
        0.0000321512   0.0001720380  -0.0000870310   0.0000659743  -0.0000171369
        0.0000320326   0.0000310755   0.0000259895   0.0000627513  -0.0000234322
       -0.0000529139  -0.0001753887  -0.0002727928  -0.0001218456  -0.0001935963
       -0.0007543262   0.0064991439   0.0319703635  -0.0120027216  -0.0111182035
       -0.0576285830   0.0616567607  -0.0000656597  -0.0000209235   0.0000124090
       -0.0002320903   0.0002267545  -0.0002634672   0.0000942356  -0.0000645911
       -0.0000927042  -0.0003731228  -0.0002218059   0.0001035331   0.0002573094
        0.0004087632  -0.0005373638   0.0000120878   0.0000475466  -0.0000253199
       -0.0000039703  -0.0000225923   0.0000167867   0.0008849358  -0.0000480287
       -0.0001062920   0.0000232636   0.0000109673  -0.0000097789  -0.0000075743
       -0.0000051645  -0.0000093035   0.0000011077  -0.0000013765   0.0000073781
        0.0011579677   0.0001416185  -0.0002965520  -0.0001477685   0.0001054149
       -0.0001214720  -0.0002369021   0.0000333696   0.0000416171   0.0001949711
       -0.0000735939   0.0004347770  -0.0019903700  -0.0024349300  -0.0021767087
       -0.0214426283   0.0051339889  -0.0072822943  -0.0000620946   0.0000212552
        0.0002365239  -0.0009096319   0.0007439842  -0.0003093780  -0.3200939385
        0.1761724836  -0.0481775585   0.0008323238   0.0001715195  -0.0001077489
       -0.0000419411  -0.0002366645  -0.0003052923   0.0001613221   0.0002256360
        0.0005494657  -0.0001754609  -0.0002155330  -0.0004274070   0.0000537371
        0.0000000866   0.0001070385  -0.0001931786  -0.0001749960   0.0002698506
        0.0000447564  -0.0000091485  -0.0001219812   0.0000085088  -0.0001110579
        0.0000047017   0.0000766388  -0.0000325079   0.0000050799  -0.0001929089
       -0.0003575624  -0.0001187348   0.0001036870  -0.0001842156   0.0000201717
        0.0003159983   0.0000008924  -0.0002338475  -0.0002869418   0.0003797334
       -0.0005069768   0.0000653652   0.0000125781   0.0001835348  -0.0000147320
       -0.0000271929  -0.0000656597   0.3429734214  -0.1787980605   0.0581825869
       -0.0000843674  -0.0004036480  -0.0000057881   0.0000920167   0.0001407919
        0.0000598828  -0.0000999998  -0.0000824271  -0.0000126458   0.0000860782
       -0.0000065806  -0.0000373948  -0.0001297445  -0.0000730877   0.0000661613
       -0.0000143538  -0.0000448586   0.0000995727  -0.0000385769  -0.0000109713
       -0.0000267860   0.0000508168  -0.0000055269   0.0000482973  -0.0000170476
        0.0000472688  -0.0000232178  -0.0000450221  -0.0000480580   0.0000481824
        0.0002721675   0.0006168517  -0.0003880374   0.0001780671  -0.0000342248
       -0.0000047395   0.0001485345  -0.0001279252   0.0000114203   0.0002035652
       -0.0001355626   0.0000125783  -0.0002509165  -0.0008806100  -0.0008211645
       -0.0169853838   0.0095850838  -0.0008039251   0.0000579017  -0.0000247712
        0.0000741581  -0.0004668215   0.0000350122  -0.0004562076   0.1973157946
       -0.1368015542   0.0090757181  -0.0003783852   0.0000847289  -0.0000565738
       -0.0000148810  -0.0000177496   0.0000202041   0.0000611971   0.0005004697
        0.0008969825  -0.0006143554   0.0002698359  -0.0006163606  -0.0000742861
        0.0000437519  -0.0001213621  -0.0000406859  -0.0001463609   0.0004423564
        0.0000954655  -0.0002435284  -0.0001413155  -0.0000273689  -0.0000618505
        0.0001004039  -0.0001499929   0.0000319697   0.0000017577   0.0003331666
        0.0002447600   0.0000226949  -0.0000727781   0.0000975128   0.0000622457
       -0.0004341664   0.0000994069   0.0002229022  -0.0010766314   0.0005828410
       -0.0005576667  -0.0000578958   0.0000102817   0.0000615656  -0.0000761290
       -0.0000500122  -0.0000209235  -0.1787980605   0.1275916572  -0.0064831546
       -0.0002970399  -0.0005839431  -0.0001310755   0.0006823220   0.0003425418
       -0.0004761481  -0.0000084079  -0.0000059511   0.0000437261  -0.0000053114
        0.0000212649  -0.0000102250  -0.0000987262  -0.0001392956   0.0000412190
        0.0004702260  -0.0009362198   0.0002612726   0.0000412639   0.0000656523
       -0.0000871254   0.0001055776  -0.0000181791  -0.0000797720   0.0000570413
       -0.0000059159  -0.0000803442  -0.0000940667  -0.0000099681  -0.0000150842
       -0.0013254365   0.0012532414   0.0010731085  -0.0001135613  -0.0001284228
       -0.0002823736  -0.0000189829   0.0000690284  -0.0002099455  -0.0000283445
       -0.0004167546  -0.0000586664  -0.0030486848  -0.0021487078  -0.0024903909
       -0.0229114988   0.0113483085  -0.0080926128  -0.0001342825  -0.0000539514
       -0.0000119223  -0.0010453996   0.0005172171  -0.0005510658  -0.0311572062
       -0.0038866360  -0.0201950869  -0.0006482694  -0.0005876594   0.0000007007
       -0.0000010291  -0.0001579818  -0.0002712996   0.0005077266  -0.0001493050
       -0.0007830812   0.0003828815   0.0001099990   0.0004346117  -0.0000113152
        0.0000668348   0.0000923229   0.0000158630   0.0005336836   0.0003527393
       -0.0000847378   0.0000668163   0.0000395799  -0.0000178071  -0.0000014753
       -0.0000276116   0.0000371550   0.0000331711   0.0000783310  -0.0000523038
        0.0002690145   0.0001810658   0.0001838163  -0.0000582390   0.0001565788
       -0.0001079676   0.0000529016  -0.0000539424   0.0002077416   0.0000043484
        0.0008027099  -0.0000087588  -0.0000025915   0.0000579160  -0.0000260566
        0.0000679255   0.0000124090   0.0581825869  -0.0064831546   0.0297573349
        0.0001108531  -0.0000733763   0.0000356820   0.0011417647  -0.0006729103
       -0.0001530777  -0.0000988454  -0.0000682376   0.0000166686   0.0000754271
       -0.0000321699  -0.0000079066  -0.0002362535   0.0001039680  -0.0000182411
        0.0001488499   0.0005589159   0.0001330303   0.0000522889  -0.0000546308
        0.0000213662   0.0000406121  -0.0000471548  -0.0000881745   0.0000043356
       -0.0000430464   0.0000527846  -0.0000151608   0.0000110309  -0.0000035411
        0.0049533761   0.0142276771  -0.0082994175  -0.0018606303   0.0022934790
       -0.0001614332   0.0002709448   0.0007642766  -0.0003492873   0.0000574583
        0.0000208485  -0.0000619960   0.0001218503  -0.0000823605   0.0000108107
        0.0006383596   0.0011385086  -0.0006956994   0.0007515833   0.0013877925
       -0.0001548097   0.0000070861   0.0000319171   0.0000090255  -0.0002624028
       -0.0001953901  -0.0004278397  -0.0776564504  -0.0661538981   0.0363355722
       -0.0000215252  -0.0000330604  -0.0000082195  -0.0002816493   0.0000627857
        0.0001745601   0.0000471424   0.0000400011   0.0000860592  -0.0001234460
       -0.0000334220  -0.0001126898  -0.0075400422  -0.0037957957   0.0191811893
        0.0000363760  -0.0001486889   0.0000936360  -0.0001246064   0.0002172781
       -0.0000139134   0.0000107499  -0.0000158965   0.0000030085  -0.0000146509
       -0.0000264485  -0.0000177208   0.0000180539  -0.0000355353  -0.0000011127
        0.0000226298  -0.0000092082  -0.0000247144  -0.0003244605   0.0001568800
        0.0004015411  -0.0000974225  -0.0000743658   0.0000064112  -0.0003402359
       -0.0002013779  -0.0002320903  -0.0000843674  -0.0002970399   0.0001108531
        0.0944855370   0.0728856029  -0.0553611218  -0.0139502188  -0.0228740032
        0.0106913833   0.0000012309  -0.0000080208   0.0000022633   0.0000326572
       -0.0000121120   0.0000019468   0.0000238321   0.0000089661   0.0000069604
       -0.0000039852  -0.0000223783  -0.0000259717   0.0009859932   0.0008828483
       -0.0010735361   0.0001776661  -0.0000897353  -0.0000924495   0.0000001313
       -0.0000274690  -0.0000039956   0.0000434355   0.0000173448   0.0000027978
       -0.0060509189  -0.0244292630   0.0122752191   0.0038161468  -0.0033333125
        0.0004219325  -0.0006074980  -0.0011597821   0.0007189981  -0.0001041067
        0.0001283808   0.0000105500  -0.0000586110   0.0003085731  -0.0000546338
       -0.0009666040  -0.0004376147   0.0014609349  -0.0011051933   0.0008231319
       -0.0004793627  -0.0001233652  -0.0000248446  -0.0000288844   0.0001882484
        0.0004563106  -0.0003735934  -0.0653624712  -0.1617786083   0.0767517165
       -0.0000706082   0.0000928877  -0.0000419056   0.0003229185   0.0003221668
        0.0001734498  -0.0000387295   0.0000695459   0.0000126565  -0.0000218457
        0.0001146858  -0.0002201591   0.0041527054   0.0111052683  -0.0041442475
       -0.0000055422   0.0000494157   0.0000568714   0.0002783636  -0.0003230070
        0.0000614713   0.0000232522  -0.0000480558   0.0000250985  -0.0000319583
        0.0000053861   0.0000259004   0.0000272686   0.0000550078  -0.0000309806
       -0.0000062957   0.0000182833  -0.0000530405   0.0010167771   0.0000812547
       -0.0009307650  -0.0000628115   0.0000346986  -0.0001731151   0.0004369556
        0.0005333938   0.0002267545  -0.0004036480  -0.0005839431  -0.0000733763
        0.0728856029   0.1875000794  -0.0901861034  -0.0084513504  -0.0106115010
        0.0055490031  -0.0000127868   0.0000010638   0.0000103753  -0.0000324246
       -0.0000203636  -0.0000007684  -0.0000058293  -0.0000273322   0.0000146225
       -0.0000084832  -0.0000173032   0.0000226870   0.0001328564   0.0013326330
       -0.0008231342   0.0001408811  -0.0002036280  -0.0001223258   0.0000601974
       -0.0000200233  -0.0000609802   0.0000489077  -0.0000135848  -0.0000208654
        0.0015549205   0.0088966052  -0.0035559224  -0.0011478225   0.0011155217
        0.0003122808   0.0002585760   0.0003589475  -0.0001630746  -0.0000570626
       -0.0000730553   0.0000482310   0.0000305297  -0.0000942569  -0.0000722123
        0.0004204788  -0.0015421570   0.0006811145   0.0005096082   0.0004283475
        0.0000985244  -0.0000926592   0.0000195008   0.0000468045  -0.0000084457
        0.0001678445   0.0000870470   0.0351494516   0.0779982690  -0.0867730761
        0.0000674489  -0.0000705927  -0.0000003723  -0.0001207030   0.0000641748
       -0.0001124843   0.0000005490  -0.0000184349   0.0000937197   0.0000608450
       -0.0002138339  -0.0000302966   0.0244197095   0.0122158139  -0.0383993816
        0.0000533305   0.0000866769   0.0001953508  -0.0000615703   0.0001235118
       -0.0000517764   0.0000198319  -0.0000073429  -0.0000454453   0.0000069964
        0.0000055327   0.0000098330   0.0000061467   0.0000224126  -0.0000144476
        0.0000105142  -0.0000128179  -0.0000144363   0.0003139956  -0.0001675342
        0.0001152443   0.0000403661  -0.0000736563  -0.0000260222  -0.0007270987
       -0.0001675684  -0.0002634672  -0.0000057881  -0.0001310755   0.0000356820
       -0.0553611218  -0.0901861034   0.1209499182  -0.0057038966  -0.0092587804
        0.0069589103  -0.0000142634  -0.0000082643  -0.0000217893   0.0000283696
        0.0000070398  -0.0000060492   0.0000230170   0.0000044019  -0.0000111403
       -0.0000172611  -0.0000051007   0.0000130117   0.0005161274   0.0008730000
        0.0000803062  -0.0001898283  -0.0002879794  -0.0002026669  -0.0000380785
       -0.0000898010   0.0000116821   0.0000547875   0.0000207545   0.0000264004
       -0.0205181149  -0.0035797287  -0.0105081950   0.0004310545  -0.0010006820
        0.0002739289  -0.0000366529  -0.0001283202   0.0000410418   0.0000221129
       -0.0000517514   0.0000133394  -0.0000876792  -0.0000288260  -0.0000593329
       -0.0001710406  -0.0005155588  -0.0007199639  -0.0027259419   0.0033509518
       -0.0005965779  -0.0007832865  -0.0002905726  -0.0007008738   0.0005121352
        0.0001716474   0.0001459363  -0.1950922522  -0.0649102034  -0.0900698580
       -0.0001940643   0.0002368543   0.0001842839   0.0005507964   0.0001741064
       -0.0001409990   0.0000371468  -0.0001361529   0.0001775208  -0.0000986124
       -0.0000300472   0.0000251040   0.0083758172   0.0021324467   0.0021062919
       -0.0002240335  -0.0004197626   0.0004640072   0.0000536601  -0.0000324762
        0.0000156080   0.0000404170  -0.0000790404   0.0000631515   0.0000021301
        0.0000772411   0.0000364174   0.0000356289  -0.0000480838   0.0000254252
        0.0000496315  -0.0000390403   0.0000213226  -0.0001621391  -0.0000585675
       -0.0000684957  -0.0003421541  -0.0000213665  -0.0000438959   0.0003813853
        0.0003335379   0.0000942356   0.0000920167   0.0006823220   0.0011417647
       -0.0139502188  -0.0084513504  -0.0057038966   0.2232585451   0.0722359992
        0.1011591909   0.0000600265   0.0000221670   0.0000459118  -0.0001311111
        0.0000311866   0.0000071972  -0.0000471497  -0.0000493255  -0.0000324514
       -0.0000887204   0.0001012129   0.0000600751   0.0009950779   0.0007712111
        0.0018984203  -0.0000163734  -0.0003300185   0.0006064136  -0.0001078187
        0.0000010588   0.0000497017  -0.0001202182  -0.0001210682  -0.0000117495
        0.0170349402   0.0056862403   0.0100710215   0.0003661470   0.0008326696
       -0.0000876758  -0.0000534182   0.0000034945  -0.0000691249   0.0000150151
        0.0000308243   0.0000051655   0.0000442734  -0.0000147379   0.0000058769
       -0.0003606853   0.0003710902   0.0001190626   0.0026842548  -0.0024819572
        0.0003594180   0.0007630433   0.0002299033   0.0003890839   0.0002544117
       -0.0002231206   0.0003187985  -0.0623237805  -0.0679554806  -0.0336758499
        0.0001891644  -0.0001494707  -0.0001160844   0.0002478558  -0.0006722756
        0.0006638349  -0.0000812452  -0.0004217822  -0.0003951724  -0.0000322921
       -0.0000360595   0.0000166856  -0.0084635538  -0.0059677426  -0.0122493431
       -0.0003961619  -0.0002063056   0.0005327027   0.0000111107  -0.0000074701
        0.0000118859  -0.0000587771   0.0000438836  -0.0000414019   0.0000314027
       -0.0000090471  -0.0000083219  -0.0000377313   0.0000164311  -0.0000020051
       -0.0000107740  -0.0000103955   0.0000122527  -0.0000558671  -0.0001276165
       -0.0000921878   0.0002337872   0.0000771530   0.0001430973   0.0000258247
       -0.0000317657  -0.0000645911   0.0001407919   0.0003425418  -0.0006729103
       -0.0228740032  -0.0106115010  -0.0092587804   0.0722359992   0.0811426259
        0.0463452504  -0.0000119017  -0.0000082209  -0.0000213557   0.0000693616
       -0.0000325736   0.0000364433  -0.0000934817  -0.0000352707  -0.0000242239
        0.0000590477   0.0000305634  -0.0000542655   0.0008115243   0.0000865614
       -0.0025404099  -0.0002269062   0.0002481999   0.0004078597   0.0000121922
       -0.0000746271  -0.0000458170  -0.0001495685  -0.0000647619  -0.0000189185
       -0.0067802236  -0.0006783227  -0.0023946836  -0.0003509380  -0.0003290682
        0.0001697954   0.0000850275  -0.0000079706   0.0000342292   0.0000182419
       -0.0000315519   0.0000278715  -0.0000945723  -0.0000395529  -0.0000124198
        0.0003075057  -0.0004658968   0.0000205361  -0.0007059401   0.0008094714
        0.0004244935  -0.0003755007   0.0000252616  -0.0001052971   0.0005439428
        0.0001158543  -0.0000289606  -0.0841198253  -0.0318402187  -0.0892091636
       -0.0000078534   0.0000096569   0.0000187259  -0.0003198183   0.0008806262
        0.0003297407   0.0000684746  -0.0000095922   0.0001176470  -0.0001189551
       -0.0001016898  -0.0002087135  -0.0225133059  -0.0162837740  -0.0266412450
        0.0002857370   0.0001543204   0.0001707460   0.0000141851   0.0000129088
       -0.0000166455   0.0000319030  -0.0000426392  -0.0000245635   0.0000063354
       -0.0000102996   0.0000243576   0.0000083091  -0.0000025904  -0.0000260348
       -0.0000178815   0.0000121904  -0.0000014549  -0.0001011670   0.0000614934
       -0.0000079504   0.0000183503  -0.0001592009  -0.0000009929   0.0000628524
       -0.0000912822  -0.0000927042   0.0000598828  -0.0004761481  -0.0001530777
        0.0106913833   0.0055490031   0.0069589103   0.1011591909   0.0463452504
        0.1178616699  -0.0000021373  -0.0000171615  -0.0000132993  -0.0000249874
        0.0000207427   0.0000010433  -0.0000377387  -0.0000284264  -0.0000335168
        0.0000309433  -0.0000778219  -0.0000967199   0.0013816857  -0.0032068884
       -0.0056831589   0.0006908438   0.0001858529  -0.0014276648   0.0000103806
       -0.0002638268   0.0000052363   0.0000956695  -0.0000187093   0.0000132639
        0.0001321117   0.0000390051   0.0000426962   0.0000198712   0.0000081854
       -0.0000170721  -0.0000001089  -0.0000475642  -0.0000150037   0.0001373456
        0.0002341413   0.0001958671  -0.0030013652   0.0031924652  -0.0028928301
       -0.0003132647  -0.0009489183  -0.0009443889   0.0011241277  -0.0015895277
        0.0005474394  -0.0113756594  -0.0178920180  -0.0247272007  -0.0005147239
        0.0002453326  -0.0001626713   0.0000457555  -0.0000540488  -0.0000260171
       -0.0612882403  -0.0371752972  -0.0551874532   0.0000526688   0.0000037177
       -0.0000226220   0.0000060727   0.0000000837   0.0000298491  -0.0000353871
       -0.0000112291   0.0000258770  -0.0000071557   0.0000357064   0.0000849668
       -0.0000170526   0.0000040040   0.0000197875   0.0000048538   0.0000240658
        0.0000098987  -0.0000284533  -0.0000584360  -0.0000201616   0.0000337646
        0.0000068890   0.0000504345  -0.0000276839  -0.0000347478   0.0000362041
       -0.0001188737  -0.0000989182  -0.0002943843   0.0000264239  -0.0000392905
        0.0000134093  -0.0004994837  -0.0000865058   0.0004002604   0.0000823432
       -0.0000373026  -0.0003731228  -0.0000999998  -0.0000084079  -0.0000988454
        0.0000012309  -0.0000127868  -0.0000142634   0.0000600265  -0.0000119017
       -0.0000021373   0.0712250621   0.0423210680   0.0686583252   0.0044019677
        0.0119484962   0.0146842394  -0.0000029201   0.0000083072   0.0000028914
        0.0000125704   0.0000235585   0.0000111843  -0.0000438738   0.0000176895
       -0.0000045127  -0.0000056345   0.0000013395  -0.0000085912   0.0000005259
       -0.0000088782   0.0000020072   0.0000131585   0.0000017239  -0.0000040598
        0.0000725968   0.0000008201   0.0000213467  -0.0000423565   0.0000331469
       -0.0000066164  -0.0000986619  -0.0000754872   0.0000472724   0.0009884265
        0.0011166812   0.0014066809   0.0018290718   0.0076255707  -0.0052480912
       -0.0002591503  -0.0006892513  -0.0007963472  -0.0004094067  -0.0023953408
        0.0029161127  -0.0026364400  -0.0016184188  -0.0017222437  -0.0004680442
        0.0001453204  -0.0001014819   0.0000758741  -0.0000435915  -0.0000037956
       -0.0379344173  -0.1237519020  -0.1227833331   0.0000446235  -0.0000152494
       -0.0000071910   0.0000134783  -0.0000072674   0.0000207385  -0.0000345185
       -0.0000062430   0.0000219825  -0.0000545053   0.0000371323   0.0000675610
       -0.0000105794   0.0000092651   0.0000105231  -0.0000038513  -0.0000071109
        0.0000295349  -0.0000589799  -0.0000714574   0.0000265902   0.0002102693
        0.0005429992  -0.0000581523   0.0001022915   0.0000111512   0.0000132992
       -0.0000954183  -0.0004001972  -0.0003349733  -0.0000152501  -0.0000264520
       -0.0000194031  -0.0005363578   0.0004779111   0.0005038089   0.0004090623
       -0.0005740289  -0.0002218059  -0.0000824271  -0.0000059511  -0.0000682376
       -0.0000080208   0.0000010638  -0.0000082643   0.0000221670  -0.0000082209
       -0.0000171615   0.0423210680   0.1297086307   0.1417521658  -0.0033516416
       -0.0100333684  -0.0154362724  -0.0000080485   0.0000037218  -0.0000041536
        0.0000019819   0.0000121786  -0.0000034980   0.0000160658   0.0000037697
        0.0000048018   0.0000004223   0.0000044001  -0.0000043365  -0.0000011039
       -0.0000044268   0.0000073850   0.0000017803   0.0000002021  -0.0000044449
        0.0002001721  -0.0000436132  -0.0001302153   0.0000135319   0.0000139608
       -0.0000169065   0.0000293806   0.0001102672  -0.0001582391  -0.0009983894
       -0.0010509014  -0.0013918611  -0.0034037316  -0.0045214573   0.0054556328
       -0.0000660552  -0.0001693902   0.0003117529   0.0020503178   0.0025493153
       -0.0012617988  -0.0068357378  -0.0076764898  -0.0125822247   0.0000902802
        0.0000710936   0.0000311557   0.0000640123  -0.0000546890   0.0000589704
       -0.0564915180  -0.1224221564  -0.1943971844   0.0000766875   0.0000099836
       -0.0000105040   0.0000039925   0.0000221653   0.0000155628  -0.0000315865
        0.0000247361   0.0000542226  -0.0000438416   0.0000463724   0.0000375186
       -0.0000160392   0.0000101869   0.0000251797   0.0000322263   0.0000144796
        0.0000339224  -0.0000302405  -0.0000556045   0.0000055971  -0.0001397601
       -0.0005443618   0.0001378836   0.0000157059   0.0001883756  -0.0001091629
        0.0002353293   0.0004338647   0.0008416553   0.0000186830   0.0000251781
       -0.0000455943   0.0000764095  -0.0002701647  -0.0001005449  -0.0005766714
        0.0007002537   0.0001035331  -0.0000126458   0.0000437261   0.0000166686
        0.0000022633   0.0000103753  -0.0000217893   0.0000459118  -0.0000213557
       -0.0000132993   0.0686583252   0.1417521658   0.2127040907  -0.0029699734
       -0.0092075117  -0.0096204051  -0.0000188168  -0.0000021721   0.0000003957
        0.0000266050   0.0000088070   0.0000194255   0.0000023736   0.0000078712
        0.0000118643  -0.0000058495   0.0000077123  -0.0000049307  -0.0000002329
       -0.0000086011   0.0000068075  -0.0000011182  -0.0000024217  -0.0000071791
       -0.0008162638   0.0008708164   0.0001549982  -0.0000052834   0.0000112940
       -0.0000797066  -0.0000020469  -0.0000449752  -0.0000339761  -0.0001599672
        0.0000071747  -0.0002394722   0.0008801144  -0.0004991187   0.0020313491
        0.0001288480   0.0001249115   0.0003769632  -0.0026114380   0.0012807464
       -0.0040930702  -0.0266284365   0.0189769119   0.0115783729   0.0000663376
       -0.0000964568  -0.0000953627  -0.0002406235  -0.0002814822  -0.0001831655
       -0.1681120244   0.1109082029   0.0719465290   0.0000775308  -0.0000046407
        0.0000459206  -0.0000242961  -0.0000174556   0.0000178314   0.0000938645
        0.0000183520  -0.0000302748  -0.0000318624   0.0000260425  -0.0000471205
       -0.0000158543  -0.0000264088  -0.0000202733   0.0000190743   0.0000016660
       -0.0000265983  -0.0000798055   0.0001308826   0.0000407621   0.0000655104
       -0.0000577047   0.0000542461  -0.0000249499  -0.0003746130   0.0000783379
       -0.0000549710   0.0000156196  -0.0005478395   0.0000173154   0.0000125409
        0.0000934908   0.0003569520  -0.0001985113  -0.0002696117  -0.0004941028
        0.0004368070   0.0002573094   0.0000860782  -0.0000053114   0.0000754271
        0.0000326572  -0.0000324246   0.0000283696  -0.0001311111   0.0000693616
       -0.0000249874   0.0044019677  -0.0033516416  -0.0029699734   0.1930783585
       -0.1278168309  -0.0780443451   0.0000002367   0.0000047754  -0.0000121826
       -0.0000173599   0.0000027710  -0.0000012510   0.0001002355  -0.0000835285
       -0.0000356851   0.0000335676  -0.0000072736  -0.0000086782   0.0000176028
        0.0000039542  -0.0000001831  -0.0000058550  -0.0000044532  -0.0000161502
        0.0003917554  -0.0003886972  -0.0003503893   0.0000737912   0.0000531842
        0.0000059828   0.0000057080   0.0000056902  -0.0000420958  -0.0004763887
       -0.0003787510  -0.0006376414  -0.0018395079  -0.0026412870   0.0025012746
       -0.0001826229   0.0001378174  -0.0000057966   0.0024327735   0.0072400387
       -0.0046321223   0.0042075336  -0.0021687516   0.0002467558   0.0000953046
       -0.0000080847   0.0000990967  -0.0000032277   0.0001411152   0.0000778032
        0.1119182705  -0.1303324360  -0.0709183740  -0.0000456980   0.0000026263
       -0.0000235463   0.0000076645   0.0000043186  -0.0000067930  -0.0000185734
       -0.0000051174   0.0000211673   0.0000311264  -0.0000442460  -0.0000038588
        0.0000011393   0.0000095205   0.0000132915  -0.0000131335   0.0000102893
       -0.0000111448   0.0001071197  -0.0000016715  -0.0000597795  -0.0000617825
       -0.0002664435   0.0000624754  -0.0001030566   0.0000708346   0.0000163120
        0.0000480728   0.0003892353   0.0005540195   0.0000128615  -0.0000391999
        0.0000027703   0.0006064695  -0.0007501038  -0.0004275574  -0.0013139367
        0.0012551171   0.0004087632  -0.0000065806   0.0000212649  -0.0000321699
       -0.0000121120  -0.0000203636   0.0000070398   0.0000311866  -0.0000325736
        0.0000207427   0.0119484962  -0.0100333684  -0.0092075117  -0.1278168309
        0.1376959502   0.0823050360   0.0000119690   0.0000066672   0.0000115617
        0.0000076358   0.0000040975   0.0000048732  -0.0000396576   0.0000614964
       -0.0000075188  -0.0000148068   0.0000006762   0.0000005242  -0.0000079758
       -0.0000023791  -0.0000026853   0.0000170136   0.0000035348   0.0000094952
       -0.0004755727   0.0002758083   0.0003178241  -0.0000143653  -0.0000446869
       -0.0000061477   0.0000394755  -0.0000057642   0.0000658577   0.0003504278
        0.0004470609   0.0005326496   0.0002364328   0.0030964090  -0.0012471423
        0.0000170848  -0.0001640709  -0.0002438061  -0.0035318562  -0.0050017035
        0.0047006920  -0.0061053972   0.0059632608   0.0034470164  -0.0000823446
        0.0000493175   0.0000045979  -0.0001498387  -0.0000111447  -0.0000728997
        0.0732600953  -0.0713438799  -0.0825620312  -0.0000193258  -0.0000063445
       -0.0000189172  -0.0000049931   0.0000029985   0.0000042216  -0.0000190041
       -0.0000139243  -0.0000229203   0.0000301369   0.0000016507  -0.0000025793
       -0.0000059253  -0.0000016096   0.0000084920   0.0000083985   0.0000066157
       -0.0000232260  -0.0000134678  -0.0000777225  -0.0000597289   0.0000537522
        0.0002066737  -0.0000740889   0.0000327766   0.0000000446   0.0001174558
       -0.0000894342  -0.0000670632  -0.0004071045   0.0000288611  -0.0000217490
        0.0000176712  -0.0010179096   0.0006061353   0.0006283643   0.0008747527
       -0.0007795690  -0.0005373638  -0.0000373948  -0.0000102250  -0.0000079066
        0.0000019468  -0.0000007684  -0.0000060492   0.0000071972   0.0000364433
        0.0000010433   0.0146842394  -0.0154362724  -0.0096204051  -0.0780443451
        0.0823050360   0.0850543150   0.0000075980   0.0000006534  -0.0000012775
       -0.0000055227   0.0000017585   0.0000018144  -0.0000207470  -0.0000090390
        0.0000205166  -0.0000020460  -0.0000052959  -0.0000036920  -0.0000004833
       -0.0000003383  -0.0000074904   0.0000067978   0.0000013050   0.0000022448
       -0.0002964809   0.0001283954  -0.0001851494   0.0015942977  -0.0011923156
       -0.0000964814   0.0002520549  -0.0001007978   0.0002175932  -0.0002129129
        0.0000921016   0.0000704304   0.0000788805  -0.0000466386  -0.0000889575
        0.0001656051   0.0002163077  -0.0000984808  -0.0000685566  -0.0001068170
        0.0001041240   0.0001267993  -0.0000054940   0.0000324665  -0.0004535781
       -0.0004405198   0.0005655624  -0.0001258611   0.0001335208  -0.0000404280
       -0.0000069109  -0.0000187847  -0.0000004814  -0.0098781874  -0.0047478334
       -0.0049318312  -0.2659226578  -0.0688995898  -0.0578690628  -0.0003688049
       -0.0002406211  -0.0003470318   0.0000634894  -0.0001248943  -0.0000157157
        0.0013467695   0.0017891500   0.0013842327  -0.0000242939  -0.0000581388
        0.0001663213   0.0000570271  -0.0000056864   0.0000290528   0.0001312292
       -0.0002071928  -0.0002472497  -0.0000873306  -0.0000611064  -0.0001018293
        0.0000125321   0.0000097776   0.0000055973  -0.0000218109  -0.0000555903
        0.0000406203   0.0000256307   0.0000303225   0.0000212951  -0.0000473277
       -0.0000516193   0.0000120878  -0.0001297445  -0.0000987262  -0.0002362535
        0.0000238321  -0.0000058293   0.0000230170  -0.0000471497  -0.0000934817
       -0.0000377387  -0.0000029201  -0.0000080485  -0.0000188168   0.0000002367
        0.0000119690   0.0000075980   0.2962329839   0.0794476125   0.0657464814
       -0.0227795358  -0.0058672399  -0.0047029996   0.0000129595   0.0000872462
        0.0000478743  -0.0001912571   0.0002853573   0.0002423158  -0.0000701332
       -0.0000299929   0.0000593660   0.0006111262   0.0002351980   0.0002424712
        0.0013146906   0.0006497540   0.0006410240   0.0002681011   0.0050588724
       -0.0081294862  -0.0007245553   0.0000610924  -0.0003399663   0.0001343646
       -0.0000068967   0.0000560287   0.0000182626   0.0000190368  -0.0000019690
       -0.0001525322  -0.0001171056  -0.0001491888   0.0001390290   0.0002477351
       -0.0000238005   0.0000655249   0.0000232345   0.0000319605   0.0003091766
        0.0001934688  -0.0000531781  -0.0000588288  -0.0000337058  -0.0000258363
       -0.0000023473  -0.0000063275   0.0000172482  -0.0194195629  -0.0083417886
       -0.0070091198  -0.0677877879  -0.0562212067  -0.0240364469  -0.0015280914
       -0.0006211767  -0.0010440918   0.0000239302  -0.0000527090   0.0000840017
       -0.0009267696  -0.0028642635   0.0030453968  -0.0000732570  -0.0001363700
       -0.0000116033  -0.0002113820   0.0002613469  -0.0000225716  -0.0001936479
        0.0000102619   0.0000103379   0.0000072898   0.0000124611   0.0000381580
       -0.0000124265  -0.0000085366   0.0000190822   0.0000133751   0.0000018885
        0.0000397809   0.0000343957   0.0000375295   0.0000126760   0.0000826495
        0.0000151077   0.0000475466  -0.0000730877  -0.0001392956   0.0001039680
        0.0000089661  -0.0000273322   0.0000044019  -0.0000493255  -0.0000352707
       -0.0000284264   0.0000083072   0.0000037218  -0.0000021721   0.0000047754
        0.0000066672   0.0000006534   0.0794476125   0.0582078047   0.0359158559
        0.0086608606   0.0040233270   0.0008790829   0.0000044251   0.0000634756
        0.0000127279   0.0003741363  -0.0001656235  -0.0003314487  -0.0005679869
        0.0002559410   0.0006851085   0.0008617159  -0.0003751179  -0.0004357344
       -0.0013648386  -0.0005785482  -0.0008712527   0.0003972273  -0.0077221271
        0.0020146794   0.0007450924  -0.0000869305   0.0004184596   0.0001956120
       -0.0001106563  -0.0000453202   0.0000301082  -0.0000154329  -0.0000093846
        0.0001199567   0.0000570821   0.0001021014  -0.0002822451  -0.0003897854
        0.0002695607   0.0000846974  -0.0000137702   0.0000019484  -0.0000248663
        0.0001880215  -0.0004196095  -0.0001204482   0.0001669032  -0.0000072363
       -0.0000075077   0.0000208365   0.0000155261  -0.0231768902  -0.0082828324
       -0.0084387527  -0.0556293636  -0.0241167587  -0.0531458446  -0.0003474024
       -0.0001736090  -0.0002482780   0.0000354126  -0.0000583455  -0.0000335005
       -0.0015841182   0.0029256579  -0.0014624091   0.0001184357   0.0001368572
       -0.0001021570   0.0002060653  -0.0001149988   0.0000415259  -0.0001037637
        0.0000388446   0.0000903037   0.0000696194   0.0000560821   0.0000535839
       -0.0000204901   0.0000052347   0.0000090097   0.0000122363   0.0000019136
       -0.0000157351   0.0000376781   0.0000072778   0.0000262626  -0.0001290774
       -0.0000807706  -0.0000253199   0.0000661613   0.0000412190  -0.0000182411
        0.0000069604   0.0000146225  -0.0000111403  -0.0000324514  -0.0000242239
       -0.0000335168   0.0000028914  -0.0000041536   0.0000003957  -0.0000121826
        0.0000115617  -0.0000012775   0.0657464814   0.0359158559   0.0580669565
        0.0141229772   0.0025403824   0.0042629022   0.0000226655   0.0000458076
        0.0000356760  -0.0002670607   0.0004049618   0.0004188622   0.0003953026
       -0.0002163001  -0.0005021192   0.0006871250  -0.0005898787  -0.0004366587
        0.0001631783   0.0000569377   0.0000269447   0.0005981643   0.0000200824
       -0.0005649784   0.0000063731  -0.0000811341  -0.0002998803  -0.0016251052
       -0.0008498795  -0.0011494510   0.0000347250   0.0001131745   0.0000735360
       -0.0000683185  -0.0002655845  -0.0001573671  -0.0000497010  -0.0000335927
        0.0000253287   0.0000085079  -0.0000221934  -0.0001107382  -0.0011071700
       -0.0020289794   0.0009619028  -0.0000131780   0.0000063610   0.0000649152
       -0.0000024867   0.0000370792   0.0000329610   0.0018458600   0.0007013401
        0.0004279958  -0.1971395335   0.0736028292   0.1141918354  -0.0002161053
       -0.0000357196  -0.0001284363  -0.0000128072  -0.0000087948  -0.0000388342
        0.0012191371  -0.0010083962  -0.0001146568   0.0001496663  -0.0000377701
        0.0000437552  -0.0001160224   0.0000229682   0.0000514001  -0.0022215545
        0.0006182003   0.0000631608  -0.0000613819   0.0002103219   0.0001440765
       -0.0000759789   0.0000003985   0.0000540971  -0.0000049990   0.0000492297
        0.0000209934  -0.0000023306   0.0000068759   0.0000141245  -0.0000178410
        0.0000106300  -0.0000039703  -0.0000143538   0.0004702260   0.0001488499
       -0.0000039852  -0.0000084832  -0.0000172611  -0.0000887204   0.0000590477
        0.0000309433   0.0000125704   0.0000019819   0.0000266050  -0.0000173599
        0.0000076358  -0.0000055227  -0.0227795358   0.0086608606   0.0141229772
        0.2206425552  -0.0801675988  -0.1279192756   0.0000068460  -0.0000062295
       -0.0000090536   0.0003880609  -0.0001560457   0.0000398101   0.0000464318
        0.0001736862   0.0000093162   0.0005163925  -0.0001194653  -0.0000561035
       -0.0004794853  -0.0002539752  -0.0002603794   0.0005041651  -0.0023365540
        0.0025235141   0.0003335944   0.0000676061  -0.0000240656   0.0002754163
        0.0000762063   0.0002066273  -0.0002056305  -0.0000784598   0.0000107283
       -0.0008438709  -0.0007540241  -0.0001516554  -0.0000720028  -0.0001086893
        0.0001283735  -0.0000352102  -0.0000708073   0.0000077478  -0.0006796599
       -0.0006778925   0.0003500167  -0.0000377101  -0.0000405823  -0.0000673714
        0.0000213729   0.0000242805   0.0000388682   0.0160086017  -0.0091923332
       -0.0118287027   0.0713530357  -0.0694608434  -0.0593664353   0.0002733451
        0.0001281225   0.0002454236  -0.0000319256   0.0000255579   0.0001717983
       -0.0015063053   0.0060138298  -0.0080935644   0.0000010511   0.0001456426
       -0.0000317998   0.0001594708  -0.0000770039   0.0000218268  -0.0001724822
        0.0009515304   0.0000599224   0.0002094152  -0.0000093479   0.0001030107
       -0.0000032446   0.0000017160   0.0000121688   0.0001608501   0.0002064563
        0.0000458134   0.0000509933   0.0000013432   0.0000333998  -0.0000187691
       -0.0000272236  -0.0000225923  -0.0000448586  -0.0009362198   0.0005589159
       -0.0000223783  -0.0000173032  -0.0000051007   0.0001012129   0.0000305634
       -0.0000778219   0.0000235585   0.0000121786   0.0000088070   0.0000027710
        0.0000040975   0.0000017585  -0.0058672399   0.0040233270   0.0025403824
       -0.0801675988   0.0726957982   0.0741469875  -0.0000080594   0.0000221130
        0.0000040078  -0.0006517477   0.0005825735   0.0005398341   0.0018266364
       -0.0009738854  -0.0019351104  -0.0004573115   0.0000022019   0.0001046662
        0.0004823008  -0.0000441779   0.0000617626   0.0004031416   0.0026412005
       -0.0009375205  -0.0006310488  -0.0001760611  -0.0004049917  -0.0000246802
       -0.0000182308  -0.0000569312  -0.0000985596   0.0000308325   0.0001493645
        0.0000697326  -0.0002148428   0.0003376679   0.0000612340   0.0001492474
       -0.0000663108  -0.0000268033  -0.0000087515  -0.0000558827   0.0010161863
        0.0014227134  -0.0010106778   0.0000722756   0.0000153278  -0.0000476596
        0.0000134626   0.0000302375   0.0000064147   0.0186919808  -0.0096614099
       -0.0164054891   0.1125103099  -0.0606191947  -0.1212061413   0.0001331370
        0.0001306056   0.0001767135  -0.0000685545  -0.0000465282   0.0000964966
       -0.0004727752  -0.0089960190   0.0020009073  -0.0000474800   0.0001624887
       -0.0006068377   0.0001398390   0.0001551134   0.0000205475  -0.0006245497
        0.0001674529   0.0011649850   0.0000521518   0.0000702396   0.0000943495
        0.0000659735   0.0000376490  -0.0000167009  -0.0000654365  -0.0000348630
       -0.0001216044   0.0000174605  -0.0000101953  -0.0000183702   0.0000733359
        0.0000459142   0.0000167867   0.0000995727   0.0002612726   0.0001330303
       -0.0000259717   0.0000226870   0.0000130117   0.0000600751  -0.0000542655
       -0.0000967199   0.0000111843  -0.0000034980   0.0000194255  -0.0000012510
        0.0000048732   0.0000018144  -0.0047029996   0.0008790829   0.0042629022
       -0.1279192756   0.0741469875   0.1330787040  -0.0000171137  -0.0000043725
       -0.0000014823   0.0018084749  -0.0008769796  -0.0015680076  -0.0007976833
        0.0003522452   0.0009391718  -0.0002576465   0.0000432189   0.0000472720
        0.0009883934   0.0003288499   0.0004739340  -0.0001518737   0.0001176450
       -0.0001940929  -0.0000216750   0.0000327766   0.0000028655  -0.0000307459
        0.0000107547  -0.0000089196   0.0000472781  -0.0000026952   0.0000583670
       -0.0000897507   0.0000631452   0.0000217972   0.0013061173  -0.0009867243
       -0.0008563401  -0.0002160737   0.0001119553   0.0002113587   0.0000739868
       -0.0000100921   0.0000860752   0.0128281783   0.0033867390   0.0031801506
        0.0000298784  -0.0001051182  -0.0000680273  -0.0002405419   0.0001259756
       -0.0000305257   0.0000934538   0.0000025357   0.0000682947   0.0001325254
       -0.0002343379   0.0000689671  -0.2966300262  -0.1094907465  -0.1699860564
       -0.0001538585   0.0002706491   0.0002444401  -0.0000283555  -0.0000217897
       -0.0000019762   0.0000625056   0.0000255935   0.0000046687  -0.0000241775
        0.0000116399   0.0000117718   0.0000248220   0.0000000857   0.0000188552
        0.0000208790  -0.0000056555  -0.0000174290   0.0000470629  -0.0000267032
        0.0000706802  -0.0005156277   0.0010266778  -0.0002792103  -0.0006730875
       -0.0003397599   0.0008849358  -0.0000385769   0.0000412639   0.0000522889
        0.0009859932   0.0001328564   0.0005161274   0.0009950779   0.0008115243
        0.0013816857  -0.0000438738   0.0000160658   0.0000023736   0.0001002355
       -0.0000396576  -0.0000207470   0.0000129595   0.0000044251   0.0000226655
        0.0000068460  -0.0000080594  -0.0000171137   0.2808622757   0.1051417849
        0.1646051222   0.0001351152  -0.0000098382  -0.0005185933  -0.0000205391
       -0.0002618661  -0.0000106857   0.0001251996  -0.0001198994   0.0000222917
       -0.0013897592   0.0002775300  -0.0007778682  -0.0000105538   0.0000492502
       -0.0002538389  -0.0000160001   0.0000008094   0.0001455580  -0.0000062367
       -0.0000463029  -0.0000107392  -0.0000072074  -0.0000328468  -0.0000324727
       -0.0001131292   0.0001126722  -0.0005842876  -0.0006051446   0.0006213753
       -0.0001125377   0.0003227804  -0.0002293041   0.0000434519   0.0000956830
        0.0000601125   0.0003496485  -0.0085393349  -0.0081372841  -0.0093233711
       -0.0000973483   0.0000256407   0.0000840655  -0.0002999573  -0.0001131058
       -0.0001855288   0.0000792457  -0.0000366299   0.0000449974  -0.0001103288
       -0.0007602413   0.0004963356  -0.0969532544  -0.0492488318  -0.0771015370
        0.0001278867  -0.0000221043   0.0001261217   0.0000208528   0.0000519794
        0.0000030716   0.0000639134  -0.0000497102   0.0000549869   0.0000159625
        0.0000293227   0.0000281515  -0.0000570156   0.0000221164   0.0000200219
       -0.0000785960   0.0000371747   0.0000820282  -0.0000704754  -0.0000464204
        0.0001034366   0.0009184922  -0.0004317692   0.0007150453   0.0002471658
        0.0001812336  -0.0000480287  -0.0000109713   0.0000656523  -0.0000546308
        0.0008828483   0.0013326330   0.0008730000   0.0007712111   0.0000865614
       -0.0032068884   0.0000176895   0.0000037697   0.0000078712  -0.0000835285
        0.0000614964  -0.0000090390   0.0000872462   0.0000634756   0.0000458076
       -0.0000062295   0.0000221130  -0.0000043725   0.1051417849   0.0559932106
        0.0884988081  -0.0004180063   0.0000917057  -0.0001610817  -0.0000665595
       -0.0001047648   0.0000710790   0.0001468744   0.0000694808   0.0000727357
        0.0001072475  -0.0002376792   0.0008442030  -0.0001444245   0.0001293465
        0.0000295356   0.0000325398   0.0000193711  -0.0000032723  -0.0000005839
       -0.0000202759  -0.0000384498  -0.0000164761   0.0000384495   0.0000778331
       -0.0004373249   0.0000665833  -0.0003286567  -0.0003330208  -0.0001200491
        0.0000598255   0.0002474665   0.0000366172  -0.0000563984   0.0001512570
        0.0002789971   0.0001545339  -0.0225344627  -0.0124137989  -0.0243466045
       -0.0000274919   0.0000600913  -0.0000205795  -0.0001602175   0.0000988148
       -0.0000040229   0.0000412714  -0.0000197924   0.0000144646  -0.0000252493
        0.0000808513   0.0000444969  -0.1429730095  -0.0735999935  -0.1318245532
        0.0001032868   0.0001641037  -0.0000508856   0.0000085097   0.0000694902
       -0.0000002801  -0.0000195018   0.0000011424   0.0000335334   0.0000000854
        0.0000242408   0.0000070758  -0.0000109116   0.0000279082  -0.0000000841
       -0.0000496143   0.0000329318   0.0000321274   0.0000255927  -0.0000149999
       -0.0001241887  -0.0001967437   0.0002669018   0.0002735598   0.0008522376
        0.0002513184  -0.0001062920  -0.0000267860  -0.0000871254   0.0000213662
       -0.0010735361  -0.0008231342   0.0000803062   0.0018984203  -0.0025404099
       -0.0056831589  -0.0000045127   0.0000048018   0.0000118643  -0.0000356851
       -0.0000075188   0.0000205166   0.0000478743   0.0000127279   0.0000356760
       -0.0000090536   0.0000040078  -0.0000014823   0.1646051222   0.0884988081
        0.1608622592  -0.0001236513  -0.0003458272   0.0000141112   0.0000228002
        0.0000381923  -0.0000278050   0.0000585461   0.0000249071  -0.0000005750
       -0.0002092346   0.0001097021   0.0000846864   0.0003265070   0.0005048161
        0.0006028088   0.0001019130  -0.0000457038  -0.0000720840  -0.0000331733
       -0.0000245304   0.0000130627  -0.0000043552  -0.0000493161  -0.0000406190
        0.0001415580   0.0000636299   0.0001663331   0.0000580894  -0.0000856879
       -0.0000239198  -0.0000604768   0.0000555448   0.0000069929  -0.0001656952
       -0.0001995571  -0.0000721816  -0.0009309152  -0.0003647493   0.0016422105
        0.0000411062  -0.0000327593  -0.0000189878   0.0004849090   0.0230970421
        0.0038725413  -0.0027742312   0.0015812446   0.0019444983  -0.0008603395
        0.0005065553  -0.0005518478  -0.0008698248  -0.0001096183  -0.0007557167
       -0.0448568814  -0.0152888981  -0.0042229518   0.0000568571  -0.0000873406
        0.0000193293   0.0000238875  -0.0000498898  -0.0000131296   0.0000598221
       -0.0000202034  -0.0000529001   0.0000418698  -0.0000163786  -0.0000220772
        0.0000496963  -0.0000115944  -0.0000192594   0.0000092067  -0.0000241666
       -0.0000268755  -0.0000587988   0.0000410531  -0.0000886676  -0.0000055131
       -0.0000187066   0.0000232636   0.0000508168   0.0001055776   0.0000406121
        0.0001776661   0.0001408811  -0.0001898283  -0.0000163734  -0.0002269062
        0.0006908438  -0.0000056345   0.0000004223  -0.0000058495   0.0000335676
       -0.0000148068  -0.0000020460  -0.0001912571   0.0003741363  -0.0002670607
        0.0003880609  -0.0006517477   0.0018084749   0.0001351152  -0.0004180063
       -0.0001236513   0.0515479212   0.0180672090   0.0009858968   0.0014347476
        0.0013452902  -0.0003396863  -0.0041206136  -0.0282525371  -0.0049922149
        0.0003063303  -0.0000234562  -0.0000993470  -0.0008813042   0.0005183506
       -0.0001569830  -0.0002139049  -0.0000011835   0.0001334210  -0.0000406141
        0.0000648553   0.0000169076   0.0000390118   0.0000121016  -0.0000255074
        0.0000539012  -0.0000719387  -0.0000023280  -0.0000291032  -0.0000216770
        0.0000011680   0.0000269263  -0.0000075384  -0.0000005223   0.0000548954
        0.0000426319  -0.0000298949  -0.0006670511   0.0000569352   0.0009644492
       -0.0000182227   0.0000033045   0.0000034160   0.0034103994  -0.0128148015
       -0.0062149524   0.0017694424  -0.0005865247  -0.0002949878   0.0007428839
        0.0001516446   0.0005323622  -0.0011785947  -0.0018342308   0.0007016236
       -0.0159406313  -0.2783999846  -0.0332079897  -0.0000802431   0.0000230098
       -0.0000306019  -0.0000159531   0.0000649017   0.0000195722  -0.0000449710
       -0.0000095028   0.0000299268  -0.0000386666   0.0000042013   0.0000374187
       -0.0000140220  -0.0000024962  -0.0000027819  -0.0000130411   0.0000196467
        0.0000315379   0.0000321970   0.0000181782   0.0000376043  -0.0000402129
       -0.0000159912   0.0000109673  -0.0000055269  -0.0000181791  -0.0000471548
       -0.0000897353  -0.0002036280  -0.0002879794  -0.0003300185   0.0002481999
        0.0001858529   0.0000013395   0.0000044001   0.0000077123  -0.0000072736
        0.0000006762  -0.0000052959   0.0002853573  -0.0001656235   0.0004049618
       -0.0001560457   0.0005825735  -0.0008769796  -0.0000098382   0.0000917057
       -0.0003458272   0.0180672090   0.3228179904   0.0388675373  -0.0017559970
       -0.0206276860   0.0018720101  -0.0032189222  -0.0099208651  -0.0022293157
        0.0000986848  -0.0002496128  -0.0001094255  -0.0007820959   0.0002967295
        0.0003304954  -0.0000403238  -0.0000129493  -0.0000041312   0.0000072698
       -0.0000095666   0.0000085234   0.0000040881   0.0000029349   0.0000239866
        0.0000869680   0.0000090913  -0.0000291851  -0.0000863224   0.0000566087
        0.0000341818  -0.0000203147   0.0000055979  -0.0000147427  -0.0000415958
        0.0000718431  -0.0000454366   0.0009530036   0.0003187673   0.0000023005
       -0.0000145401   0.0000158483   0.0000011685   0.0023860794  -0.0193867890
       -0.0054491258   0.0026845209  -0.0010935769  -0.0008745626  -0.0005669964
        0.0002246258   0.0001439455   0.0001404834   0.0002962329  -0.0000152716
       -0.0046773947  -0.0346378911  -0.0442701984   0.0000017565   0.0000141490
       -0.0000408253  -0.0000306351   0.0000387370  -0.0000185099  -0.0000358900
       -0.0000119422   0.0000019897  -0.0000131910   0.0000152421   0.0000013107
       -0.0000265510   0.0000065709  -0.0000085025   0.0000090813   0.0000215007
       -0.0000178827  -0.0000451035  -0.0000063689  -0.0000217547   0.0000014030
        0.0000171497  -0.0000097789   0.0000482973  -0.0000797720  -0.0000881745
       -0.0000924495  -0.0001223258  -0.0002026669   0.0006064136   0.0004078597
       -0.0014276648  -0.0000085912  -0.0000043365  -0.0000049307  -0.0000086782
        0.0000005242  -0.0000036920   0.0002423158  -0.0003314487   0.0004188622
        0.0000398101   0.0005398341  -0.0015680076  -0.0005185933  -0.0001610817
        0.0000141112   0.0009858968   0.0388675373   0.0543145097   0.0018589216
        0.0306212088   0.0012137718  -0.0031457274  -0.0157409319  -0.0022846869
        0.0002239767   0.0000196635  -0.0000394084  -0.0000209446   0.0006468334
        0.0007743221   0.0000000461  -0.0000998390  -0.0001170892   0.0000053253
        0.0000171955  -0.0000113903   0.0000064801   0.0000011569  -0.0000213597
        0.0000264768   0.0000536636   0.0000052406  -0.0000023679  -0.0000103667
       -0.0000235923  -0.0000309968   0.0000130847   0.0000122754  -0.0000249557
       -0.0001224604  -0.0000180310   0.0000091812  -0.0001283283   0.0000784611
        0.0000049262   0.0000031246  -0.0000172824  -0.0015502386  -0.0085465305
        0.0234002146  -0.0017086943  -0.0000744919   0.0009884095  -0.0007512176
       -0.0005616457  -0.0001178264  -0.0000189771   0.0001543458  -0.0000592927
       -0.0423627452   0.0010417547  -0.0066538074  -0.0000190996   0.0001353414
        0.0001377347  -0.0000867899   0.0000076835  -0.0000338354   0.0000538553
       -0.0000334948  -0.0000598823   0.0000143092  -0.0000111982  -0.0000323744
        0.0000305229   0.0000093067  -0.0000220132   0.0000274475   0.0000162145
       -0.0000288912  -0.0000195578  -0.0000186819  -0.0000130516   0.0000306308
        0.0000367573  -0.0000075743  -0.0000170476   0.0000570413   0.0000043356
        0.0000001313   0.0000601974  -0.0000380785  -0.0001078187   0.0000121922
        0.0000103806   0.0000005259  -0.0000011039  -0.0000002329   0.0000176028
       -0.0000079758  -0.0000004833  -0.0000701332  -0.0005679869   0.0003953026
        0.0000464318   0.0018266364  -0.0007976833  -0.0000205391  -0.0000665595
        0.0000228002   0.0014347476  -0.0017559970   0.0018589216   0.0482710209
       -0.0044602214   0.0071078030  -0.0033915145   0.0123546885  -0.0266830214
        0.0000356208  -0.0000293580  -0.0000899110   0.0000764221   0.0001602201
        0.0000534460   0.0000057985   0.0000200761  -0.0000802987   0.0000296572
       -0.0000591582  -0.0000311995  -0.0000235188  -0.0000125229  -0.0000057575
        0.0000730064   0.0000514671   0.0000441134  -0.0000434621   0.0000247774
        0.0000143096   0.0000111172   0.0000240701   0.0000222380  -0.0001027752
       -0.0000320404  -0.0000401851  -0.0000526339  -0.0000720893   0.0003792056
        0.0000030194   0.0000026633  -0.0000093864   0.0007870436   0.0044613747
       -0.0090897838   0.0010873039  -0.0001974653  -0.0008403831  -0.0008691089
       -0.0001423020  -0.0000978622   0.0002250238   0.0000927274  -0.0000630659
        0.0023884622  -0.0868162452   0.0942299308   0.0000634373  -0.0000257089
       -0.0000336094  -0.0000398120  -0.0000132113  -0.0000269405  -0.0000011553
       -0.0000005194  -0.0000056080   0.0000124249   0.0000083302  -0.0000102419
       -0.0000054732  -0.0000083554   0.0000017358   0.0000151767  -0.0000174103
       -0.0000233902  -0.0000393989  -0.0000087115  -0.0000332386   0.0000147742
        0.0000039271  -0.0000051645   0.0000472688  -0.0000059159  -0.0000430464
       -0.0000274690  -0.0000200233  -0.0000898010   0.0000010588  -0.0000746271
       -0.0002638268  -0.0000088782  -0.0000044268  -0.0000086011   0.0000039542
       -0.0000023791  -0.0000003383  -0.0000299929   0.0002559410  -0.0002163001
        0.0001736862  -0.0009738854   0.0003522452  -0.0002618661  -0.0001047648
        0.0000381923   0.0013452902  -0.0206276860   0.0306212088  -0.0044602214
        0.1007823301  -0.1092537808  -0.0004337807   0.0033609016  -0.0053949046
       -0.0000903791   0.0001002957   0.0000984607  -0.0007300753  -0.0004542670
       -0.0000216314  -0.0001800674   0.0002062734   0.0000367972  -0.0000074367
       -0.0000111299   0.0000760286   0.0000071742   0.0000015103   0.0000312992
       -0.0000991565  -0.0000479716   0.0000830174   0.0000054219  -0.0000373319
        0.0000301907  -0.0000086187   0.0000057706  -0.0000051830   0.0000526716
        0.0000919270  -0.0000883986  -0.0001243761   0.0000971532  -0.0001385133
       -0.0000064213  -0.0000068120   0.0000203608   0.0062084246   0.0035853854
       -0.0235430113   0.0024530671   0.0006309652  -0.0001422369   0.0002760047
        0.0003153999   0.0005164668   0.0000983351  -0.0001226284   0.0001790740
       -0.0103316809   0.0965544151  -0.2255180920   0.0000900503  -0.0001894710
       -0.0000871684   0.0000165571   0.0000148448   0.0000400974  -0.0000666888
        0.0000230121   0.0000052755   0.0000148938  -0.0000156141   0.0000305362
       -0.0000179499  -0.0000152387  -0.0000022982  -0.0000227688   0.0000162678
        0.0000289257   0.0000339459   0.0000167822   0.0000456664  -0.0000274812
       -0.0000149352  -0.0000093035  -0.0000232178  -0.0000803442   0.0000527846
       -0.0000039956  -0.0000609802   0.0000116821   0.0000497017  -0.0000458170
        0.0000052363   0.0000020072   0.0000073850   0.0000068075  -0.0000001831
       -0.0000026853  -0.0000074904   0.0000593660   0.0006851085  -0.0005021192
        0.0000093162  -0.0019351104   0.0009391718  -0.0000106857   0.0000710790
       -0.0000278050  -0.0003396863   0.0018720101   0.0012137718   0.0071078030
       -0.1092537808   0.2640175524  -0.0043938713   0.0079985324  -0.0173759520
       -0.0005279518   0.0002227118  -0.0001818805  -0.0039898433   0.0017694227
        0.0024026850  -0.0009582145  -0.0004050140  -0.0000760753  -0.0000964916
        0.0000447586  -0.0000724327   0.0000478907  -0.0000277737  -0.0000222356
       -0.0000724601  -0.0000868910  -0.0002036899  -0.0000314533  -0.0001146760
        0.0001324049   0.0001333455  -0.0000182383  -0.0000122304   0.0000456154
        0.0001093019   0.0000650127  -0.0000808945   0.0000479807  -0.0002518081
       -0.0000057903  -0.0000015823   0.0000234730  -0.0263636715  -0.0048053072
       -0.0084762526   0.0010434029  -0.0011861065  -0.0013309167  -0.0000327150
        0.0002973884   0.0005687523  -0.0000487890  -0.0002139287   0.0001036398
       -0.2220381712  -0.0464023023  -0.0934895530   0.0000430974  -0.0000667337
       -0.0000319051  -0.0000920897   0.0001449001  -0.0000491789  -0.0000135894
        0.0000073718   0.0000056987  -0.0000421126   0.0000278502   0.0000464812
       -0.0000115767   0.0000065961   0.0000260057  -0.0000018416  -0.0000014996
        0.0000454002   0.0000634944   0.0000500329   0.0000439845  -0.0000341319
       -0.0000463593   0.0000011077  -0.0000450221  -0.0000940667  -0.0000151608
        0.0000434355   0.0000489077   0.0000547875  -0.0001202182  -0.0001495685
        0.0000956695   0.0000131585   0.0000017803  -0.0000011182  -0.0000058550
        0.0000170136   0.0000067978   0.0006111262   0.0008617159   0.0006871250
        0.0005163925  -0.0004573115  -0.0002576465   0.0001251996   0.0001468744
        0.0000585461  -0.0041206136  -0.0032189222  -0.0031457274  -0.0033915145
       -0.0004337807  -0.0043938713   0.2594388528   0.0539254552   0.1076441116
        0.0003879237   0.0000765932  -0.0000155422   0.0010287382   0.0008794290
       -0.0011561503   0.0000110518   0.0000318616   0.0001191989   0.0000033179
        0.0000205241  -0.0000312650  -0.0000019499   0.0000143420  -0.0000114825
       -0.0000592571   0.0000147511  -0.0000187233   0.0000209125   0.0000640778
       -0.0000263661   0.0000276231  -0.0000046038   0.0000253287   0.0000485253
        0.0000043923   0.0000336258  -0.0001486668   0.0000513020  -0.0000819561
       -0.0000075276   0.0000031634   0.0000036929   0.0059927775   0.0020524950
        0.0040307987   0.0013194263   0.0001465176   0.0001218620   0.0001048452
       -0.0000930397   0.0000804974   0.0001178618  -0.0004584069   0.0000751368
       -0.0467267404  -0.0572882458  -0.0247597237  -0.0000185243   0.0000209466
        0.0000334696   0.0000014726  -0.0000061047   0.0000123117  -0.0000049042
        0.0000137072   0.0000141850  -0.0000186326   0.0000043693   0.0000127161
       -0.0000078664  -0.0000058140   0.0000098466   0.0000041985  -0.0000070846
        0.0000016597   0.0000296950  -0.0000128466   0.0000323218   0.0000267707
        0.0000062875  -0.0000013765  -0.0000480580  -0.0000099681   0.0000110309
        0.0000173448  -0.0000135848   0.0000207545  -0.0001210682  -0.0000647619
       -0.0000187093   0.0000017239   0.0000002021  -0.0000024217  -0.0000044532
        0.0000035348   0.0000013050   0.0002351980  -0.0003751179  -0.0005898787
       -0.0001194653   0.0000022019   0.0000432189  -0.0001198994   0.0000694808
        0.0000249071  -0.0282525371  -0.0099208651  -0.0157409319   0.0123546885
        0.0033609016   0.0079985324   0.0539254552   0.0614193629   0.0297481268
        0.0000237851   0.0000466529   0.0000949642   0.0023232093  -0.0013849306
       -0.0007059292   0.0006205578   0.0000737345   0.0002766878   0.0000292033
       -0.0000233201   0.0000025464  -0.0000010959  -0.0000110809  -0.0000123338
       -0.0000162588  -0.0000399130  -0.0000101410   0.0000059440   0.0000705397
        0.0000023780   0.0000379129  -0.0000142022   0.0000011137  -0.0000219426
        0.0000352834   0.0000477715   0.0000112990   0.0001066933  -0.0000140576
       -0.0000039881   0.0000043568   0.0000084493   0.0126555541   0.0027556217
        0.0061586319   0.0018480786   0.0006740652   0.0003651570   0.0001066463
        0.0000391667   0.0000971324   0.0000188796  -0.0002183237  -0.0000211144
       -0.0939322376  -0.0238884569  -0.0920369671  -0.0000153832   0.0000306006
       -0.0000375784   0.0001537452  -0.0000725461   0.0000417636  -0.0000073628
        0.0000141450   0.0000391312  -0.0000160358   0.0000142474  -0.0000086231
       -0.0000204726   0.0000022927   0.0000185630  -0.0000214599  -0.0000242165
        0.0000257287   0.0000229773   0.0000030911  -0.0000013134   0.0000018893
       -0.0000092573   0.0000073781   0.0000481824  -0.0000150842  -0.0000035411
        0.0000027978  -0.0000208654   0.0000264004  -0.0000117495  -0.0000189185
        0.0000132639  -0.0000040598  -0.0000044449  -0.0000071791  -0.0000161502
        0.0000094952   0.0000022448   0.0002424712  -0.0004357344  -0.0004366587
       -0.0000561035   0.0001046662   0.0000472720   0.0000222917   0.0000727357
       -0.0000005750  -0.0049922149  -0.0022293157  -0.0022846869  -0.0266830214
       -0.0053949046  -0.0173759520   0.1076441116   0.0297481268   0.1056800730
