$hessian                                                                        
        0.4725054317  -0.0194980095   0.0166730100  -0.1940479421   0.0016152869
        0.0133179361   0.0001570216   0.0002345097   0.0001064299   0.0000794674
       -0.0006344858  -0.0004024840  -0.0003445998   0.0004599476   0.0000192034
       -0.0006932745  -0.0066138903  -0.0005101300  -0.0003990515   0.0003353635
        0.0002565372  -0.0000115951  -0.0003591974  -0.0000427111  -0.0340824513
       -0.0080139364   0.0290672513  -0.0608690630  -0.0196000102   0.0141780960
        0.0035566424   0.0082211993  -0.0077123869   0.0002525389   0.0002200146
        0.0003690592   0.0006836735  -0.0010387612   0.0013333897  -0.0197645302
        0.0000932822  -0.0080029334   0.0002213807   0.0000265632   0.0004479638
       -0.0010848234   0.0003101864  -0.0028694166  -0.0005878071   0.0001265824
        0.0001141884  -0.0000212047  -0.0000002724   0.0000139642  -0.0001598967
        0.0002968609  -0.0000377436   0.0000054678  -0.0000460957   0.0001421104
        0.0001765716  -0.0000457884   0.0000344859   0.0000516257  -0.0000569170
       -0.0000431685   0.0001079328   0.0000754833  -0.0000493771  -0.0026522081
       -0.0006772507  -0.0016086668   0.0014460027   0.0001316227  -0.0007150319
       -0.0000352785   0.0006775180   0.0000725778   0.0001632142   0.0000513760
        0.0000736779  -0.0742068638  -0.0171620787  -0.0803623009  -0.0603999421
        0.0626370755   0.0176719277  -0.0156511519   0.0031781679   0.0020604450
       -0.0158840397  -0.0022921632   0.0030758078   0.0000281138   0.0000760663
        0.0000567223  -0.0000461656   0.0000678386   0.0000184064   0.0000669613
       -0.0000115248   0.0000568207   0.0000798573   0.0001161438   0.0000488509
        0.0000271328  -0.0002802559   0.0014144035   0.0009199225  -0.0024341394
        0.0015861622   0.0000341790  -0.0001044855   0.0000921046  -0.0000895507
        0.0002116631   0.0000975702   0.0002720786  -0.0000854291  -0.0001178055
        0.0000734156  -0.0002735223   0.0000843200  -0.0000027977   0.0000036537
       -0.0000217927   0.0000416220  -0.0000036369  -0.0000209342   0.0000297147
        0.0000228732   0.0000133191  -0.0000133588  -0.0000189220  -0.0000172204
       -0.0000100470   0.0000497900  -0.0000440588   0.0000664794   0.0000079212
        0.0000815942   0.0000102117   0.0000028383   0.0000022548  -0.0000141325
       -0.0000371900   0.0000067496   0.0000151159   0.0000381348  -0.0000091777
       -0.0194980095   0.4879107815   0.0426674411   0.0055844317  -0.0658000194
       -0.0001843226   0.0000135682  -0.0000919168   0.0000342316  -0.0000844049
       -0.0000255994   0.0002585095   0.0001978913   0.0002457011  -0.0002271052
        0.0010891299   0.0004671993  -0.0019795383   0.0003027629   0.0000867560
       -0.0010667471  -0.0001723175   0.0001607140   0.0003013455  -0.0025154522
        0.0056193040   0.0010483078  -0.0204404526  -0.1171459884   0.0413804816
        0.0008239420  -0.0010739487   0.0054903815   0.0001226695   0.0002318091
       -0.0004084573  -0.0005378200   0.0002336163  -0.0001235734   0.0008627158
        0.0006729324  -0.0009146324  -0.0003745646   0.0001055888  -0.0000177640
        0.0005382872   0.0005413848   0.0001288420   0.0000783939   0.0001281301
        0.0001335312   0.0000017222   0.0000211061  -0.0000334702   0.0002332654
       -0.0001283459   0.0001787699  -0.0000784940  -0.0000047201  -0.0000232441
        0.0000028613  -0.0000660339   0.0001531556  -0.0001375934   0.0000545271
       -0.0002154526  -0.0003663133  -0.0000326066  -0.0002898272  -0.0006543870
       -0.0003602529   0.0008221398   0.0004993389  -0.0001174740  -0.0001768966
        0.0002155253   0.0005106204   0.0002422551  -0.0001016445   0.0000600289
        0.0000147764  -0.0166050975  -0.0522178299  -0.0422781897   0.0630235675
       -0.2347393797  -0.0606624691   0.0238309065  -0.0008236222  -0.0035993528
       -0.0253119755  -0.0018057405   0.0032257185   0.0000255832   0.0000240947
       -0.0000674936  -0.0000090338   0.0000045819   0.0000360896   0.0000358418
        0.0000574157  -0.0000631040   0.0000216587   0.0000442024  -0.0000463308
        0.0001718164   0.0004307435  -0.0005851247  -0.0108383485  -0.0229469374
        0.0169249665   0.0000083675   0.0001237904  -0.0000423014   0.0000791375
       -0.0002300840   0.0000193155  -0.0001136444  -0.0000269193   0.0000164264
        0.0000040212  -0.0000324424   0.0000310667   0.0000121326  -0.0000138631
        0.0000010836  -0.0000045957  -0.0000217713  -0.0000131373   0.0000167759
       -0.0000265331  -0.0000144362  -0.0000014028  -0.0000134530  -0.0000125827
        0.0000145608   0.0000140329  -0.0000521008   0.0000051753   0.0000040706
       -0.0000219059  -0.0000058416   0.0000310079   0.0000009802  -0.0000122370
       -0.0000333032   0.0000300399   0.0000475800  -0.0000053543  -0.0000202956
        0.0166730100   0.0426674411   0.4972532616   0.0079250901  -0.0008202100
       -0.0639503650   0.0002155418  -0.0000999825   0.0000714083  -0.0001174627
       -0.0001992899  -0.0001478180  -0.0002820914   0.0004499587   0.0000873127
        0.0012971357   0.0016617610  -0.0006643395   0.0008624354  -0.0004552555
       -0.0016816668  -0.0001008500   0.0006471790  -0.0000885768   0.0177418534
        0.0021975267  -0.0078906662   0.0174631268   0.0435184343  -0.1023084386
        0.0026919669   0.0178623233  -0.0249355729   0.0004077786   0.0004883395
        0.0006845924   0.0016453600  -0.0011397375   0.0016550674  -0.0252509629
        0.0006284851  -0.0012648601   0.0001056903   0.0000996823   0.0007139838
       -0.0022175272   0.0008736646  -0.0041460044  -0.0010771612  -0.0002461710
        0.0002179924   0.0000124576   0.0001865370  -0.0000842871  -0.0000619368
        0.0001946472   0.0001560803   0.0000651816   0.0000014988   0.0000938879
        0.0000897174   0.0002423927   0.0001380956  -0.0000878217   0.0000679656
        0.0000377804  -0.0000779254  -0.0000148952  -0.0002018119  -0.0044922151
       -0.0016337005  -0.0030284825   0.0016782064   0.0002736537  -0.0008466626
        0.0001705966   0.0011663934   0.0005911969   0.0002274316   0.0000308005
        0.0001536543  -0.0797873330  -0.0429333552  -0.2297318866   0.0172380954
       -0.0611733441  -0.0629706079   0.0162811797  -0.0006666738  -0.0016411741
        0.0141706893   0.0014559343  -0.0008429063   0.0000138067  -0.0000424012
        0.0000233587   0.0000079210  -0.0000108863  -0.0000026810   0.0000049707
       -0.0000288729  -0.0000079755   0.0000079494  -0.0000412211  -0.0000347938
       -0.0000999531   0.0000446314  -0.0001953780  -0.0032290084  -0.0046863304
        0.0043856260   0.0000464461  -0.0002118444   0.0000282647  -0.0000676188
        0.0002212242   0.0001225994  -0.0000948550   0.0000279826   0.0000202034
       -0.0000178763  -0.0005535563   0.0002423139  -0.0000044806  -0.0000323714
       -0.0000248676   0.0000076658  -0.0000120952   0.0000359534   0.0000216816
       -0.0000073426   0.0000334643  -0.0000127340  -0.0000153271  -0.0000107381
       -0.0000299700   0.0000388879   0.0000163777   0.0000377379  -0.0000113342
       -0.0000706791   0.0000064183   0.0000147952  -0.0000102681  -0.0000024337
       -0.0000479906   0.0000359158  -0.0000049245   0.0000220490  -0.0000148829
       -0.1940479421   0.0055844317   0.0079250901   0.4621744590  -0.0050258517
       -0.0272295846   0.0001200652  -0.0000108428   0.0000217751  -0.0000515440
       -0.0001787897  -0.0001049478  -0.0000785108   0.0000217047  -0.0000426491
        0.0000481743  -0.0005969526  -0.0003302803  -0.0000482453   0.0000044893
       -0.0000311585  -0.0000350121   0.0000738658   0.0000459177  -0.0010885716
       -0.0010495627   0.0013673351  -0.0140519308  -0.0056011529   0.0063889016
        0.0002425605   0.0010800957  -0.0014486510  -0.0001789555   0.0002978902
        0.0000109462   0.0031840610  -0.0005076161   0.0027799327  -0.0769005205
        0.0099488387  -0.0434530887   0.0035486866  -0.0022991332   0.0052086044
       -0.0256531304   0.0012403264  -0.0260688090  -0.0030636991   0.0014950912
        0.0012933136   0.0000324778   0.0003449152  -0.0002887407  -0.0005224841
        0.0012704713   0.0013355512   0.0002994986   0.0000998976   0.0004324172
        0.0001185580   0.0000050566  -0.0001362973   0.0000953143   0.0000097450
        0.0000673385   0.0003699568   0.0000573533   0.0000065129  -0.0002721657
       -0.0004257525   0.0002290596   0.0002316932   0.0000458921  -0.0002210332
       -0.0000293156   0.0001548940   0.0000139673   0.0000065829   0.0000024680
        0.0000020390  -0.0182384907   0.0002438588  -0.0016230889  -0.0170081887
        0.0030333872   0.0032108466  -0.0617863386   0.0521246660   0.0418231566
       -0.0591150495  -0.0570281301   0.0281548733   0.0000140762   0.0000112303
        0.0000203821   0.0000093716   0.0000205895   0.0000223130   0.0000623450
        0.0000241907   0.0000538874   0.0000257656   0.0000407043   0.0000360737
        0.0001231417  -0.0000136426   0.0001756058   0.0001887068  -0.0002193434
        0.0000599734   0.0000581505  -0.0011570066   0.0004814724   0.0003805080
       -0.0001616302  -0.0001390414   0.0007463096  -0.0005165669  -0.0011165928
       -0.0000622207  -0.0023436986   0.0010083177   0.0000384271  -0.0000682973
       -0.0000751456   0.0000987343  -0.0000299293  -0.0000057595  -0.0000420983
        0.0000195554   0.0001566720   0.0000076883  -0.0000194536  -0.0000357061
        0.0000072663   0.0000132357  -0.0000085774   0.0000161353  -0.0000322043
        0.0000352209   0.0000083196   0.0000010981   0.0000050067   0.0000041758
       -0.0000086652  -0.0000014356   0.0000132042   0.0000242798  -0.0000119166
        0.0016152869  -0.0658000194  -0.0008202100  -0.0050258517   0.5380006239
        0.0011515445  -0.0000174275   0.0001184760   0.0000470533   0.0000123274
       -0.0001003877  -0.0000914012  -0.0002929420   0.0002507954   0.0000383901
        0.0002818974  -0.0006933054  -0.0005742895   0.0001841563   0.0001716868
        0.0002691558   0.0000290127  -0.0001202786  -0.0000098041  -0.0036175957
       -0.0009771413   0.0029370351  -0.0164860717  -0.0002051110   0.0016730502
        0.0009081263   0.0012585297  -0.0013320687  -0.0003616777  -0.0002833718
        0.0001357471   0.0086422680  -0.0115539750   0.0269239588   0.0075330016
       -0.0614246111   0.0092922475  -0.0075677967   0.0013185383  -0.0162062456
       -0.0024389575   0.0008574532  -0.0013595168   0.0000320064   0.0001126061
        0.0001895257   0.0002045160   0.0002864181  -0.0001177618   0.0011065849
       -0.0027048116  -0.0036436469  -0.0005812770  -0.0000692615  -0.0008656825
        0.0000042087   0.0000259992  -0.0000440888   0.0001791143   0.0004379723
        0.0001991670  -0.0004443414   0.0007366610  -0.0006693090  -0.0000615650
       -0.0001192000  -0.0001354214   0.0000704709   0.0000069694  -0.0000183288
       -0.0000973791   0.0000947130  -0.0000125600   0.0000483914   0.0000282077
       -0.0000036568  -0.0050775389   0.0009730147  -0.0003713935   0.0271245077
       -0.0024111502  -0.0016033215   0.0524570259  -0.1790099835  -0.1002141991
       -0.0570392126  -0.2147417142   0.0801626495   0.0000032882  -0.0000025300
       -0.0000033236   0.0000016902  -0.0000040399  -0.0000134386  -0.0000001913
       -0.0000281134  -0.0000109204  -0.0000219014  -0.0000029549  -0.0000242444
       -0.0001488205  -0.0000979284   0.0002078961  -0.0000623105  -0.0003309583
        0.0003396119  -0.0021835639  -0.0047201575   0.0031088701   0.0006205786
        0.0006307529   0.0014773100   0.0003330415   0.0003576631   0.0002665912
       -0.0000179698  -0.0001450834   0.0000873259   0.0000296011   0.0000019730
       -0.0000379179   0.0000021442  -0.0000071022   0.0000620200   0.0001423439
       -0.0000897630  -0.0003176730  -0.0000132770   0.0000068280   0.0000034706
       -0.0000077728   0.0000046008  -0.0000333416   0.0000050633  -0.0000334371
       -0.0000382759   0.0000038150  -0.0000035200   0.0000009279   0.0000000816
       -0.0000022518  -0.0000055073  -0.0000091089   0.0000016797   0.0000040005
        0.0133179361  -0.0001843226  -0.0639503650  -0.0272295846   0.0011515445
        0.4655862755  -0.0001255181   0.0000011559  -0.0000372036   0.0000087744
        0.0001183343   0.0000773800   0.0000822241  -0.0001315573   0.0000067726
        0.0001228340   0.0007726371   0.0001452828   0.0000998579  -0.0000659692
        0.0002073809   0.0000056066  -0.0000566167  -0.0000219445   0.0046832434
        0.0015717161  -0.0033750238   0.0145903294  -0.0002624879  -0.0009946002
       -0.0007840329  -0.0011541975   0.0016554347  -0.0001173769  -0.0000025693
        0.0002717542  -0.0044004502   0.0105666961  -0.0195460886  -0.0411913947
        0.0126460685  -0.1540559904  -0.0075596810  -0.0020629520  -0.0224020297
       -0.0098827113  -0.0021830761  -0.0020694195   0.0013035965   0.0016838551
        0.0002802805   0.0001501194  -0.0001713306  -0.0002172472   0.0018602958
       -0.0028152253  -0.0019502584  -0.0004365338  -0.0002649452  -0.0010083884
       -0.0001402918   0.0000278935  -0.0002294737   0.0002732842   0.0003192626
        0.0009731736  -0.0004143420   0.0009683791   0.0012104204   0.0005211527
        0.0006301247  -0.0003509503  -0.0003258424  -0.0000430509   0.0003880617
        0.0000392191  -0.0002942184  -0.0000249588  -0.0000241560  -0.0000192106
       -0.0000176867  -0.0269137754  -0.0001504628  -0.0001352463   0.0111177577
       -0.0015937026  -0.0001956242   0.0407052467  -0.1005929283  -0.1177603034
        0.0283894879   0.0804637591  -0.0824163294  -0.0000019841   0.0000077891
        0.0000050010  -0.0000022765   0.0000094839   0.0000001641  -0.0000240954
        0.0000039009  -0.0000115603  -0.0000036097  -0.0000096016  -0.0000153556
        0.0001911602   0.0000450157  -0.0003181218   0.0000547459   0.0001103861
        0.0000149875   0.0012063662   0.0023256520  -0.0011225757  -0.0004062793
       -0.0015395006   0.0008120308   0.0012272948  -0.0000267291   0.0005596225
        0.0000717271   0.0000752605   0.0000317536  -0.0001703835   0.0001230947
        0.0001191858   0.0000035827   0.0000567295   0.0000850147   0.0001560577
       -0.0000514708  -0.0002081293  -0.0000003013   0.0000178893  -0.0000304222
       -0.0000106878   0.0000078381   0.0000223082  -0.0000160116  -0.0000201924
       -0.0000075137   0.0000021993  -0.0000097707  -0.0000036535  -0.0000009920
       -0.0000042518   0.0000196362  -0.0000017876   0.0000058740   0.0000045431
        0.0001570216   0.0000135682   0.0002155418   0.0001200652  -0.0000174275
       -0.0001255181   0.6109444491  -0.0519143781   0.1341299763  -0.2476280147
       -0.0430404878  -0.0743317789   0.0284939260  -0.0721652564  -0.0234439025
       -0.0589767140   0.0039479231  -0.0170291518   0.0149199295   0.0714607027
        0.0371100316  -0.2624203163   0.0778799487  -0.0427834713   0.0021276631
       -0.0009269669   0.0009413428   0.0001419312   0.0001151047  -0.0001658021
       -0.0000970474   0.0001117212  -0.0003622398   0.0029019921  -0.0003711284
       -0.0005250853   0.0001122897   0.0000448532   0.0000749619   0.0000730625
       -0.0000987291  -0.0001057902  -0.0001502094  -0.0003906418   0.0000657031
        0.0000664970   0.0000466904   0.0000093469   0.0000033820  -0.0000077034
        0.0000040222   0.0000778987   0.0000173094  -0.0000478193   0.0001484618
       -0.0000744096   0.0001575425  -0.0002620141  -0.0001252418  -0.0002312377
       -0.0000214807  -0.0005514942  -0.0001486239  -0.0002405328   0.0002318641
       -0.0000592963  -0.0001831186   0.0000417147  -0.0000038821  -0.0002360852
       -0.0004828670   0.0001266578   0.0000954845   0.0002241813   0.0000397632
        0.0000553464   0.0002092811  -0.0000161510  -0.0000218852   0.0000001847
        0.0000001632  -0.0000537770   0.0002235171   0.0000141953  -0.0001276985
        0.0002670472  -0.0000910120  -0.0000186285   0.0000151867   0.0000138955
       -0.0000122274  -0.0000065286  -0.0000230633  -0.0436763319   0.0114276249
        0.0017376878  -0.0237406161  -0.0090812597  -0.0113327141   0.0021948595
        0.0018748382  -0.0016655442  -0.0252690016   0.0109297088  -0.0026049890
        0.0002412844   0.0000557774   0.0005624800   0.0000728932  -0.0000487134
       -0.0000077472   0.0000288758  -0.0000336777   0.0000079902  -0.0000421454
        0.0000223431   0.0000249363  -0.0000416521   0.0000157155   0.0000363507
       -0.0000419430  -0.0000031325   0.0000100867   0.0000196603   0.0000129261
       -0.0000194405  -0.0000352098  -0.0000151229  -0.0000061459  -0.0001427781
        0.0001730376  -0.0000409529   0.0001754194   0.0000436590   0.0001004611
       -0.0000163615   0.0000050873  -0.0001149711   0.0002728864  -0.0000855855
       -0.0000744890   0.0000019762   0.0000192710  -0.0000094433   0.0000046642
        0.0000051530  -0.0000026207   0.0000038693   0.0000048117  -0.0000102533
        0.0002345097  -0.0000919168  -0.0000999825  -0.0000108428   0.0001184760
        0.0000011559  -0.0519143781   0.6007882605   0.1832981411  -0.1119532632
       -0.1287367756  -0.0677519368  -0.0221559753  -0.0267166012  -0.0198309704
        0.0021768043   0.0049971310   0.0056696915   0.0224768940  -0.0371946929
       -0.0079972001   0.1457183653  -0.1500729185   0.0041221838  -0.0002559810
       -0.0044277505  -0.0003149577  -0.0002829670   0.0005600678  -0.0001958809
        0.0008345118  -0.0008590723   0.0001230252   0.0004243083  -0.0031580348
       -0.0041000571   0.0000562059  -0.0001974672  -0.0000977282  -0.0000470855
       -0.0000197987  -0.0000373469   0.0002069392   0.0000373765   0.0001171529
       -0.0000037264   0.0000062262  -0.0000136150   0.0000370198   0.0000209176
       -0.0000123696  -0.0000047549   0.0000307157   0.0000355642   0.0000948357
       -0.0001175489  -0.0000411933  -0.0003448166   0.0001185145  -0.0001564931
       -0.0004737561   0.0004289840  -0.0002014713  -0.0000568639   0.0001179997
        0.0000500942   0.0001812398  -0.0000873122  -0.0001247878  -0.0000423647
       -0.0000376918  -0.0002426327   0.0000768616   0.0000536607   0.0000436201
        0.0000178565   0.0001028527   0.0000832845  -0.0000426053   0.0000005524
        0.0000041844  -0.0000273605  -0.0000133381   0.0000824816   0.0001111916
       -0.0001461789  -0.0001122113  -0.0000433902   0.0000328892   0.0000319099
        0.0000749862   0.0000196837  -0.0000326793   0.0114226734  -0.2640006491
       -0.0913254844   0.0123539785   0.0056803661   0.0058828472   0.0008624536
       -0.0038293962  -0.0050773562  -0.0100451730   0.0057657894  -0.0018841078
        0.0003107127   0.0004707823  -0.0000039167  -0.0000431883   0.0001589677
        0.0000524822  -0.0000091223  -0.0000093406  -0.0000358112   0.0000539269
        0.0000241758  -0.0000094165  -0.0000148902   0.0000061682   0.0000149439
       -0.0000068110  -0.0000008442   0.0000081463   0.0000456249   0.0000264917
       -0.0000188860   0.0000027564   0.0000058978  -0.0000173642  -0.0000771921
        0.0000869622  -0.0000288524   0.0002582223   0.0001414574   0.0001259943
        0.0000011014  -0.0001542006   0.0002022000  -0.0001866486   0.0000798736
       -0.0001862071  -0.0000044229  -0.0000056643   0.0000012290   0.0000089692
       -0.0000024753   0.0000103066   0.0000046308  -0.0000015718  -0.0000097222
        0.0001064299   0.0000342316   0.0000714083   0.0000217751   0.0000470533
       -0.0000372036   0.1341299763   0.1832981411   0.2242491363  -0.1050296890
       -0.0452252489  -0.0950667673  -0.0008105548  -0.0358831461  -0.0140793626
       -0.0169431793   0.0052366170  -0.0088940622   0.0145821286   0.0087281876
        0.0098040635  -0.0096056681  -0.0200463654  -0.0571820921   0.0005995940
       -0.0017957274   0.0000635215   0.0000065616   0.0002918248  -0.0001629444
        0.0004333969  -0.0004628997   0.0000666959  -0.0019513172  -0.0037566928
        0.0040631862  -0.0000061904  -0.0000864766   0.0000112432  -0.0000972594
       -0.0000171649   0.0000041985  -0.0008645198   0.0003400452  -0.0001943777
        0.0000012496   0.0000191208   0.0000283347   0.0000188715   0.0000012207
       -0.0000051693  -0.0000133517   0.0000227767  -0.0000456536  -0.0000895675
       -0.0001502378   0.0001373977  -0.0001303536   0.0000951431  -0.0000626747
        0.0003966940  -0.0001330593   0.0003393307  -0.0001186629   0.0001489937
        0.0000368123  -0.0000410412   0.0001089192  -0.0001218823   0.0000304270
       -0.0002496958  -0.0002583734  -0.0000293660   0.0001400309   0.0001390814
       -0.0000069650   0.0001282441   0.0000820910  -0.0000226662  -0.0000061897
       -0.0000061791  -0.0000135965   0.0000534302   0.0000316329   0.0000066808
        0.0000173503  -0.0000474629  -0.0000072586   0.0000105209   0.0000132332
        0.0000089817   0.0000023912  -0.0000029175   0.0011814956  -0.0914567328
       -0.0677434465  -0.0019258236  -0.0004948213  -0.0002118235  -0.0013524416
       -0.0047510339   0.0050911027  -0.0130600867   0.0055808736  -0.0005834741
        0.0002515286   0.0001472561   0.0001984987   0.0000072136   0.0000325605
        0.0000238748   0.0000061586  -0.0000259067  -0.0000117710   0.0000165183
        0.0000239760   0.0000045201  -0.0000256369   0.0000081837   0.0000169836
       -0.0000163894   0.0000023612   0.0000087216   0.0000178588   0.0000117264
       -0.0000206459  -0.0000202746  -0.0000194465   0.0000027539   0.0000049269
        0.0000747902  -0.0000096004   0.0002667991   0.0000403063   0.0000801473
        0.0000645666  -0.0001015029   0.0000289549   0.0000206130   0.0000160214
        0.0001647531  -0.0000050340   0.0000047001  -0.0000016547   0.0000073437
       -0.0000030885   0.0000018622  -0.0000008962  -0.0000015610  -0.0000140015
        0.0000794674  -0.0000844049  -0.0001174627  -0.0000515440   0.0000123274
        0.0000087744  -0.2476280147  -0.1119532632  -0.1050296890   0.6346521670
       -0.0654558994   0.1248475499  -0.0900042539   0.0557759113   0.0090830690
        0.0192245462   0.0225029531   0.0182015381  -0.0074356255  -0.0246961772
       -0.0115471797  -0.0632307888   0.0265553131  -0.0082972084  -0.0048467270
        0.0036997978  -0.0015810086  -0.0004374349   0.0012864440   0.0002402925
        0.0001378638  -0.0000869510   0.0001998969  -0.0007776075   0.0002014421
       -0.0004403620  -0.0000512682  -0.0000332332  -0.0000251684  -0.0000088031
        0.0000756577   0.0000279840   0.0001601625   0.0000200359   0.0000668537
       -0.0000613038  -0.0000025014   0.0000298775  -0.0000167974  -0.0000070588
       -0.0000097508  -0.0000030739  -0.0000463300   0.0000335748  -0.0000218126
        0.0001439846  -0.0001517167  -0.0000614746  -0.0001054024  -0.0001075030
       -0.0000349998   0.0001720444   0.0000057516   0.0000645654  -0.0000473139
        0.0000702357   0.0000701757   0.0000651238  -0.0001216242   0.0000211322
        0.0002944717   0.0000956741   0.0000420180  -0.0001287553  -0.0000082959
        0.0000004726  -0.0002353259  -0.0000440167   0.0000257116   0.0000131419
       -0.0000202361   0.0000329052  -0.0000898468  -0.0000459252  -0.0000583427
        0.0000760042   0.0001596663   0.0000394119  -0.0000269080  -0.0000177620
        0.0000060259   0.0000218469   0.0000022732   0.0003198724  -0.0005916924
       -0.0002905563  -0.2352318403   0.1112639247  -0.0120198741  -0.0001393324
       -0.0225613863  -0.0104308238  -0.0036314329   0.0036576478  -0.0026163891
       -0.0006512005  -0.0000920913  -0.0003836967  -0.0003109820   0.0000985971
        0.0001265048  -0.0000058973  -0.0000307251  -0.0000075236   0.0000392717
       -0.0000285352  -0.0000241431   0.0000182085  -0.0000045480  -0.0000129822
        0.0000150158   0.0000106479   0.0000049482   0.0000047204   0.0000346583
       -0.0000160044   0.0000198870   0.0000172134   0.0000148524  -0.0000047625
        0.0000953004   0.0000273177   0.0000528331   0.0001607007   0.0000349342
       -0.0002323819   0.0000698066   0.0000429875  -0.0000914315  -0.0000248963
        0.0000360593   0.0000049661  -0.0000061222   0.0000021944  -0.0000012743
        0.0000007418   0.0000013442  -0.0000009925   0.0000136296   0.0000027481
       -0.0006344858  -0.0000255994  -0.0001992899  -0.0001787897  -0.0001003877
        0.0001183343  -0.0430404878  -0.1287367756  -0.0452252489  -0.0654558994
        0.5858451544   0.1864059589  -0.0094569835  -0.3022909836  -0.1199912912
        0.0700459941  -0.0378161382   0.0076005912  -0.0197764541  -0.0344936454
       -0.0208498405  -0.0255085442   0.0475528886   0.0129753745   0.0013368051
        0.0068524452  -0.0016834914   0.0007849481  -0.0016540715  -0.0002807922
       -0.0000532833   0.0000768826   0.0002359598   0.0003819918  -0.0000255138
       -0.0002776511  -0.0001053247  -0.0000484348  -0.0000967310   0.0000505143
        0.0000871212   0.0000328829   0.0000018519  -0.0000779144   0.0000376150
       -0.0000480136  -0.0000407918  -0.0000136624  -0.0000233563  -0.0000352460
       -0.0000151761   0.0000137899  -0.0000734689   0.0000606181  -0.0000928300
        0.0001782948  -0.0002181134   0.0000994473  -0.0002189945   0.0000358250
       -0.0001043992  -0.0000874380  -0.0003095653   0.0000875122  -0.0000749311
        0.0000409251   0.0000533479   0.0000272602  -0.0000008808   0.0002740096
        0.0000942085   0.0001855700  -0.0001033598  -0.0001533593  -0.0001870183
       -0.0000690556  -0.0000124576  -0.0000167781   0.0000090891  -0.0000311273
        0.0000266902   0.0001464466  -0.0001914761  -0.0000229265   0.0002555147
       -0.0002242457   0.0001135496   0.0000347493   0.0000029944   0.0000186083
       -0.0000331417  -0.0000164443   0.0000585841  -0.0225174437  -0.0144984811
       -0.0129309057   0.1114233491  -0.1064293388   0.0024518806  -0.0015092285
       -0.0140528292  -0.0057032651   0.0042821592   0.0005782959  -0.0022304143
       -0.0006420023  -0.0002926594  -0.0002577034   0.0001913940  -0.0000001649
       -0.0000123929  -0.0000206718   0.0000595552  -0.0000002277   0.0000423716
       -0.0000027787  -0.0000126959   0.0000405719  -0.0000004818  -0.0000139316
        0.0000145529   0.0000150839   0.0000134047  -0.0000233480   0.0000145032
        0.0000149367   0.0000165310   0.0000185854   0.0000214063   0.0000350512
        0.0000276950   0.0000140783  -0.0000822162   0.0000741704  -0.0000361302
       -0.0000666248   0.0001580411   0.0000214549  -0.0000672824   0.0000854818
        0.0000853904   0.0000056702  -0.0000144678   0.0000079654  -0.0000188417
       -0.0000215369  -0.0000063812   0.0000044052  -0.0000064783   0.0000149008
       -0.0004024840   0.0002585095  -0.0001478180  -0.0001049478  -0.0000914012
        0.0000773800  -0.0743317789  -0.0677519368  -0.0950667673   0.1248475499
        0.1864059589   0.2315770291  -0.0202594350  -0.0980201628  -0.0929390370
        0.0390511107  -0.0086598035   0.0075172072  -0.0104134332  -0.0216575542
       -0.0174878028  -0.0321888797   0.0294463998   0.0045985637  -0.0025561140
       -0.0004813857   0.0026392435  -0.0002865426  -0.0003737659   0.0014159773
        0.0001674325  -0.0000544503   0.0000942144   0.0000041383   0.0000699760
       -0.0004018366  -0.0000197435  -0.0000302942  -0.0000226829   0.0000204670
        0.0000747065   0.0000045131   0.0000483281  -0.0000655725   0.0000385016
       -0.0000449262  -0.0000253442   0.0000080190  -0.0000078370  -0.0000184610
       -0.0000201342   0.0000042192  -0.0000461010   0.0000377211  -0.0000442940
        0.0001130073  -0.0001332367   0.0000417266  -0.0001412360  -0.0000184181
       -0.0000870952   0.0000532110  -0.0001340216   0.0000523421  -0.0000432578
        0.0000380024   0.0000477897   0.0000351934  -0.0000593132   0.0001994283
        0.0000444184  -0.0000209846  -0.0001005062  -0.0000556270  -0.0000135171
       -0.0000433568  -0.0000226444   0.0000131756   0.0000143842  -0.0000131430
        0.0000088674   0.0000704029  -0.0001078569   0.0000240113   0.0001433584
       -0.0001388607   0.0000004804   0.0000362624  -0.0000095874   0.0000057609
       -0.0000246405  -0.0000104153   0.0000279409  -0.0090021385  -0.0059881403
       -0.0056664048  -0.0120235447   0.0021543725  -0.0363543958  -0.0005620891
       -0.0134451606  -0.0061057906  -0.0019524503  -0.0016803515   0.0059749106
       -0.0000876523  -0.0001006629   0.0003349596  -0.0001290970   0.0000878571
        0.0000420491   0.0000043573   0.0000101047   0.0000010017   0.0000265022
       -0.0000012187  -0.0000084641   0.0000206080   0.0000007962  -0.0000097359
        0.0000077322   0.0000126728   0.0000069123  -0.0000047218   0.0000196574
       -0.0000007693   0.0000094003   0.0000159793   0.0000116782   0.0000189895
        0.0000348583   0.0000083928  -0.0000365278   0.0000638354   0.0000208189
       -0.0000757225   0.0001230324   0.0000269438  -0.0000462125   0.0000299889
        0.0000385384   0.0000029244  -0.0000045863   0.0000090538  -0.0000055083
       -0.0000106744   0.0000011029   0.0000022253  -0.0000048793   0.0000081598
       -0.0003445998   0.0001978913  -0.0002820914  -0.0000785108  -0.0002929420
        0.0000822241   0.0284939260  -0.0221559753  -0.0008105548  -0.0900042539
       -0.0094569835  -0.0202594350   0.5967925605  -0.0527483419   0.1284701270
       -0.2528100566   0.1223876432  -0.0048330975  -0.0505921250  -0.0187181079
       -0.0247898546  -0.0157544553   0.0238760255   0.0074302995  -0.0061285873
        0.0210294999   0.0020512456   0.0010161071  -0.0005325740   0.0004955117
        0.0002391502  -0.0000547147   0.0003104888  -0.0007141272  -0.0014133355
       -0.0028420716  -0.0000644273  -0.0001193729  -0.0001650608   0.0000880439
        0.0001409857   0.0000005992  -0.0002945185  -0.0000170854   0.0000206701
       -0.0000084107  -0.0000389083  -0.0000084801  -0.0000472923  -0.0000127408
        0.0000163162  -0.0000236140  -0.0000784548   0.0000320741  -0.0001395438
        0.0002395055  -0.0002456067   0.0000421206  -0.0001293710  -0.0000688624
       -0.0007536701   0.0004045495  -0.0007747092   0.0001169840  -0.0002120425
        0.0000325230   0.0000283351   0.0000571532  -0.0000633679   0.0002188772
        0.0004539418   0.0004457216   0.0000299569  -0.0003144016  -0.0002221483
       -0.0000796923  -0.0002785074  -0.0002109948   0.0000176380  -0.0001120998
        0.0000642051   0.0001269513  -0.0001576727  -0.0000896917  -0.0004528289
       -0.0002517566   0.0004346217   0.0001036615  -0.0000406474  -0.0000271488
       -0.0001230883  -0.0000428167   0.0000516867  -0.0030456465  -0.0021679931
       -0.0038514660  -0.0040167261   0.0247900486   0.0096341189  -0.2031368800
       -0.0822442673  -0.0898570975   0.0005810437   0.0007593752  -0.0000632516
        0.0010470706  -0.0027027968  -0.0000019758  -0.0000767534  -0.0001986011
       -0.0000509262  -0.0000286763   0.0000222096   0.0000233925   0.0000738934
       -0.0000771816  -0.0000573264   0.0000365328  -0.0000060124  -0.0000188044
        0.0000080378   0.0000105205  -0.0000006246  -0.0000090955   0.0000135768
       -0.0000017962   0.0000123136   0.0000151189   0.0000173143   0.0000030021
        0.0000320508   0.0000224878  -0.0000310900   0.0000522742  -0.0000015836
       -0.0002253970   0.0001121018  -0.0000255721  -0.0000834774  -0.0000170628
       -0.0000325405   0.0000184748  -0.0000127993  -0.0000043465  -0.0000319495
        0.0000014568  -0.0000206069   0.0000048132   0.0000096386   0.0000454661
        0.0004599476   0.0002457011   0.0004499587   0.0000217047   0.0002507954
       -0.0001315573  -0.0721652564  -0.0267166012  -0.0358831461   0.0557759113
       -0.3022909836  -0.0980201628  -0.0527483419   0.5956956011   0.2093788270
        0.0608881576  -0.1274598547  -0.0200035434   0.0216041605   0.0421669569
        0.0259205528   0.0293036312  -0.0409869299  -0.0074557942   0.0360991697
       -0.0381796449  -0.0080324245  -0.0023749827  -0.0037731445  -0.0015571443
        0.0000858666  -0.0002705915  -0.0002781308  -0.0019944328   0.0000791562
       -0.0029100452   0.0001733123   0.0001195363   0.0002467839  -0.0000260819
       -0.0001467306  -0.0000613048   0.0004230814  -0.0000200907  -0.0000860824
       -0.0000182595   0.0000460731   0.0000335382   0.0000435308   0.0000242282
       -0.0000221549  -0.0000126797   0.0000428624  -0.0000337811   0.0000537077
       -0.0002423360   0.0001134278  -0.0000520858   0.0000703624  -0.0000054155
       -0.0003072624   0.0004976478   0.0002099437  -0.0000527349   0.0001923257
        0.0000159909  -0.0000480363  -0.0000077797   0.0000364646  -0.0002739516
       -0.0000659775  -0.0005020822   0.0001026233   0.0001802976   0.0001823672
        0.0001427307   0.0001551798   0.0001177268  -0.0000737474   0.0000555174
       -0.0000303973  -0.0001375452   0.0001688590   0.0000743874   0.0000462716
        0.0004191850  -0.0002246547  -0.0000947551   0.0000008362   0.0000096579
        0.0001515445   0.0000896052  -0.0000908178  -0.0016169941   0.0006616943
       -0.0032407978   0.0036807257  -0.0161502443  -0.0066507294  -0.0816958083
       -0.0844611367  -0.0525712936   0.0004648595  -0.0005144174   0.0007150604
        0.0024781346   0.0010870453   0.0012584724   0.0016341997  -0.0006948705
       -0.0006717081   0.0000530504  -0.0000860922  -0.0000220322  -0.0001019208
        0.0000552908   0.0000441099  -0.0000363768  -0.0000002344   0.0000161625
       -0.0000013037  -0.0000091630  -0.0000018590   0.0000156120   0.0000061356
       -0.0000130089  -0.0000129760  -0.0000134227  -0.0000170274  -0.0000295181
       -0.0000361744  -0.0000054884   0.0000572840  -0.0000398869   0.0000072874
        0.0000658519  -0.0001434182   0.0000094004   0.0000158219  -0.0000491569
       -0.0003017204  -0.0000066096   0.0000168654  -0.0000070547   0.0000331706
        0.0000127231   0.0000286744   0.0000075991   0.0000184012  -0.0000374349
        0.0000192034  -0.0002271052   0.0000873127  -0.0000426491   0.0000383901
        0.0000067726  -0.0234439025  -0.0198309704  -0.0140793626   0.0090830690
       -0.1199912912  -0.0929390370   0.1284701270   0.2093788270   0.2432707530
       -0.0336076901   0.0020340220  -0.0584243136  -0.0079499685   0.0120081229
        0.0015402237   0.0092206267  -0.0084610554  -0.0048279061   0.0143027839
       -0.0155717933   0.0011099502   0.0003164498  -0.0033472074  -0.0005392785
        0.0003345081  -0.0003390455  -0.0001409497  -0.0040972539  -0.0025775794
        0.0036018945   0.0001017983  -0.0000049308   0.0001700153  -0.0001602592
       -0.0000634084  -0.0000010402  -0.0010778634   0.0007003201  -0.0003192441
       -0.0000300460   0.0000288444   0.0000669177   0.0000283512   0.0000070423
       -0.0000212227  -0.0000628785   0.0000090719  -0.0000645518  -0.0002611904
       -0.0001790878   0.0001583727   0.0000596279   0.0000013131   0.0000836199
        0.0006789798  -0.0003932739   0.0003552603  -0.0000054096   0.0000919858
        0.0000431827  -0.0000164914   0.0000408314  -0.0000963401   0.0001840047
        0.0000680497  -0.0004381154  -0.0001721444   0.0000339211   0.0002284124
        0.0000202008   0.0000336774   0.0000985090  -0.0000025219   0.0000144225
       -0.0000234033  -0.0000277949   0.0000025682   0.0000657905  -0.0001030244
        0.0000065444   0.0000589260   0.0000102701  -0.0000147611   0.0000004708
        0.0000244529   0.0000236626  -0.0000231194  -0.0036611646  -0.0031822399
        0.0045904205   0.0002071998   0.0006253878   0.0005063055  -0.0916079620
       -0.0509758932  -0.0842833200   0.0003980573   0.0000744759   0.0001441201
        0.0018854614   0.0004804510   0.0001565107   0.0008417543  -0.0004441629
       -0.0003539039   0.0000451254  -0.0000586195  -0.0000101526  -0.0000473386
        0.0000271998   0.0000105237  -0.0000314534   0.0000025924   0.0000097655
        0.0000004151   0.0000039128   0.0000030191   0.0000071530   0.0000052047
       -0.0000123200  -0.0000236447  -0.0000190560   0.0000064453   0.0000143548
        0.0000175320   0.0000138947   0.0000351069   0.0000150149   0.0000007742
        0.0000464744  -0.0000522347   0.0000409029   0.0000938942  -0.0000409547
        0.0001674890  -0.0000085749   0.0000089534  -0.0000008338   0.0000138794
        0.0000002133   0.0000160740  -0.0000021030  -0.0000078842  -0.0000142143
       -0.0006932745   0.0010891299   0.0012971357   0.0000481743   0.0002818974
        0.0001228340  -0.0589767140   0.0021768043  -0.0169431793   0.0192245462
        0.0700459941   0.0390511107  -0.2528100566   0.0608881576  -0.0336076901
        0.6173394289  -0.0783606249   0.1163171418  -0.2107123160  -0.0218646476
       -0.0728534910   0.0316376202  -0.0664388717  -0.0199793710  -0.0826944174
        0.0140180325  -0.0041732459  -0.0051162757   0.0287654554   0.0140875363
        0.0012161767  -0.0018696599  -0.0002510185  -0.0267573151  -0.0038608962
       -0.0100029389  -0.0000056205  -0.0002121243  -0.0001264336  -0.0003476343
       -0.0002242939   0.0001567537  -0.0011398363   0.0017145069  -0.0009886887
        0.0000013438   0.0000944504   0.0000841011   0.0000738040  -0.0000010123
       -0.0000227514  -0.0001055257   0.0000127179  -0.0002075374  -0.0008696390
       -0.0006058593   0.0002260431  -0.0001439890  -0.0001124337  -0.0001895426
       -0.0003462499   0.0009961907   0.0012241957   0.0000304608   0.0001401204
       -0.0000095189  -0.0002101101  -0.0001833813   0.0000218710  -0.0003487039
        0.0003096764  -0.0001220215   0.0001019192  -0.0001879493   0.0000591520
        0.0000232973  -0.0001464535   0.0000260576   0.0000081755   0.0000478309
       -0.0000470087  -0.0002132808   0.0001353121   0.0004338563  -0.0013936269
        0.0005658832   0.0028292673  -0.0000946665  -0.0000356529   0.0000150607
        0.0000349534  -0.0000133700   0.0000216825  -0.0006845717  -0.0000919170
        0.0000110685   0.0019418486   0.0007045940  -0.0021872035  -0.0246483551
        0.0106399707  -0.0053612104   0.0016006187   0.0016451386  -0.0008693256
        0.0003544046  -0.0223495461  -0.0098753141  -0.0056830742   0.0030194309
        0.0023287084   0.0000119162  -0.0000496302   0.0000045736   0.0000652267
       -0.0000321224  -0.0000350538  -0.0000327313   0.0000021819   0.0000088995
        0.0000030490  -0.0000006193   0.0000053968   0.0000015488  -0.0000135669
       -0.0000028616  -0.0000461941  -0.0000436767   0.0000321254  -0.0000378423
       -0.0000811230   0.0000715634  -0.0001292300  -0.0000535350  -0.0000704655
        0.0004193885  -0.0002900900   0.0000619337   0.0001061313  -0.0001333414
       -0.0005743933  -0.0000142919  -0.0000173967   0.0000023758   0.0000005444
       -0.0000089930   0.0000172493   0.0000109656  -0.0000106873  -0.0000174286
       -0.0066138903   0.0004671993   0.0016617610  -0.0005969526  -0.0006933054
        0.0007726371   0.0039479231   0.0049971310   0.0052366170   0.0225029531
       -0.0378161382  -0.0086598035   0.1223876432  -0.1274598547   0.0020340220
       -0.0783606249   0.5522567582   0.2006175924  -0.0792106917  -0.1019630938
       -0.0561749474  -0.0227875957  -0.0259265470  -0.0177397261   0.0224787632
       -0.2274178291  -0.1255969399   0.0176975869  -0.0227094554  -0.0030345802
       -0.0010456318   0.0015270654  -0.0007122629   0.0086415160   0.0072659201
        0.0062149762  -0.0002900224  -0.0005261196  -0.0006280117   0.0002565441
        0.0004664327   0.0002386217   0.0017577864  -0.0011247893   0.0008462664
        0.0001034704  -0.0001742169  -0.0001399979  -0.0002336567  -0.0001283973
        0.0000942939   0.0001502760  -0.0001300286   0.0001405118   0.0001598757
        0.0011643360  -0.0006155084   0.0000767744  -0.0004272084   0.0000100432
        0.0029655720  -0.0027640412   0.0011367005   0.0001974997  -0.0009136103
       -0.0000757807  -0.0003706070  -0.0002545736   0.0003063621   0.0023232461
       -0.0016540238   0.0018338874  -0.0015282907   0.0000254168  -0.0004836183
       -0.0007445521  -0.0002775002  -0.0003882491   0.0005153442  -0.0001767799
        0.0000675503   0.0005484927  -0.0001379372  -0.0001006038  -0.0005287686
        0.0008805065   0.0020080186   0.0000704401   0.0000071445   0.0000212638
       -0.0005850478  -0.0003868240   0.0003679807   0.0000856558   0.0011654484
        0.0001303253   0.0008506574  -0.0027875524  -0.0050011761  -0.0113056054
        0.0044488211  -0.0006837559   0.0010671600  -0.0035527581  -0.0045416773
       -0.0075586227  -0.0147060129   0.0006540923   0.0021953583  -0.0006076503
       -0.0007576112  -0.0000809754   0.0003456826   0.0001356928   0.0002981650
       -0.0001583554  -0.0000305384   0.0001441668   0.0000051910  -0.0000608578
       -0.0000001695   0.0000353175  -0.0000133295  -0.0000617203  -0.0000864038
        0.0000453769   0.0000907788   0.0000889816   0.0000315832   0.0000964377
        0.0001326198   0.0000390485  -0.0002540448  -0.0002804875  -0.0000888827
        0.0000177807   0.0002931812  -0.0004230515   0.0007180034  -0.0001687197
        0.0011760850   0.0000077945   0.0000262549   0.0000623423  -0.0001334040
       -0.0000699488  -0.0001001010  -0.0000627910  -0.0001192454   0.0001673590
       -0.0005101300  -0.0019795383  -0.0006643395  -0.0003302803  -0.0005742895
        0.0001452828  -0.0170291518   0.0056696915  -0.0088940622   0.0182015381
        0.0076005912   0.0075172072  -0.0048330975  -0.0200035434  -0.0584243136
        0.1163171418   0.2006175924   0.2823426911  -0.0964218880  -0.0334940812
       -0.1001320742   0.0011039259  -0.0334725559  -0.0160283148  -0.0027595951
       -0.0841659185  -0.0970927957   0.0117023046  -0.0133296387  -0.0067885276
       -0.0008791754   0.0002508067   0.0001802499  -0.0090749153   0.0016361471
       -0.0002128778  -0.0002546123  -0.0002162188  -0.0004545875   0.0000376493
        0.0000966948   0.0001643844   0.0017159860  -0.0000511115  -0.0004799578
        0.0001052939   0.0000009743  -0.0001190027  -0.0000948028  -0.0000347595
        0.0000600350   0.0000707530  -0.0000928729  -0.0000596425  -0.0001575753
        0.0002177837  -0.0000122275   0.0000131186  -0.0002669475  -0.0000067937
        0.0001693084  -0.0000338225  -0.0003089415   0.0001464341  -0.0002951609
       -0.0002477768  -0.0000503606  -0.0000487360   0.0001518713   0.0000332661
       -0.0002330694   0.0023022091   0.0002015331  -0.0003121689  -0.0010774920
       -0.0001364634  -0.0004447553  -0.0005066922   0.0001470598  -0.0000876822
        0.0000774435   0.0002303753  -0.0003441772  -0.0008394230   0.0013539068
        0.0002638649  -0.0004254260   0.0001476738   0.0000003284  -0.0000582177
       -0.0003503415  -0.0001216463   0.0001305850  -0.0002907378   0.0003347375
        0.0004610349  -0.0013959534  -0.0049682930   0.0054722795  -0.0131616056
        0.0048442285  -0.0010061187  -0.0017253161  -0.0041574737   0.0059706464
       -0.0035958062  -0.0226365519  -0.0112119644   0.0013486757  -0.0003567261
        0.0006097986  -0.0001258205   0.0001954564   0.0000497540   0.0001808848
       -0.0001356033  -0.0000518831   0.0000596237  -0.0000080953  -0.0000282224
       -0.0000040569  -0.0000093372  -0.0000136491  -0.0000166863  -0.0000174516
        0.0000270360   0.0000091110   0.0000276813   0.0000094588   0.0000254464
        0.0000284412  -0.0000126016  -0.0001933756  -0.0001287208  -0.0000591068
       -0.0000207631   0.0002088437  -0.0005635884   0.0001190573   0.0000593888
        0.0000730297   0.0000292151  -0.0000174213   0.0000190693  -0.0000729361
       -0.0000211975  -0.0000636165   0.0000161642   0.0000063138   0.0000801708
       -0.0003990515   0.0003027629   0.0008624354  -0.0000482453   0.0001841563
        0.0000998579   0.0149199295   0.0224768940   0.0145821286  -0.0074356255
       -0.0197764541  -0.0104134332  -0.0505921250   0.0216041605  -0.0079499685
       -0.2107123160  -0.0792106917  -0.0964218880   0.5222088818  -0.0404806686
        0.1425926972  -0.0867567996   0.0478477654   0.0070898566  -0.0013181171
       -0.0137632751  -0.0047562573  -0.0003283623   0.0010420127   0.0002508279
        0.0001726163   0.0039771042   0.0027558693  -0.1358518911   0.0553945377
       -0.0204693123  -0.0000229981  -0.0004011899  -0.0002193391  -0.0011381076
        0.0000588864   0.0002552746  -0.0248969251   0.0088278651  -0.0029105819
       -0.0005073118   0.0001347874   0.0002747573   0.0001003085   0.0000691796
       -0.0001089685  -0.0005183641  -0.0003386843  -0.0004136545  -0.0033051640
       -0.0007447685   0.0010640811  -0.0001358318  -0.0000696013   0.0002649589
       -0.0111874713   0.0060555304  -0.0120642412   0.0006760436   0.0002982102
        0.0002054566   0.0010448809   0.0007773573  -0.0006785892   0.0003551024
        0.0006666624  -0.0006399003  -0.0002901829  -0.0003400611   0.0000915715
       -0.0001034337  -0.0005488970   0.0001480909   0.0000210212  -0.0000554520
       -0.0000231106   0.0000073708   0.0001991173  -0.0001591943   0.0009325339
       -0.0000498902  -0.0001965424  -0.0001340925  -0.0000243183  -0.0000175296
        0.0000409954   0.0000236116  -0.0000239497  -0.0032318070   0.0037689898
       -0.0020806497   0.0005990476  -0.0005498583  -0.0000122190  -0.0032440798
        0.0029182489  -0.0014402298  -0.0003002976  -0.0223127915  -0.0096025410
        0.0013121133   0.0016528531   0.0000365788  -0.0002218208   0.0001640265
        0.0001028662  -0.0001646274   0.0000247680  -0.0001069784   0.0000685190
       -0.0001161189  -0.0001682832   0.0000247678  -0.0000456761  -0.0000201122
        0.0000989940  -0.0000009697   0.0000028169   0.0000202240   0.0000345278
       -0.0000410470  -0.0000838739  -0.0000890095   0.0000794689   0.0000649278
        0.0000472542  -0.0000373532   0.0005855349  -0.0001727514  -0.0000086470
        0.0003950982   0.0002284680   0.0009585133  -0.0007163452   0.0003261906
       -0.0007509091  -0.0000113593  -0.0000400610   0.0000078006   0.0000106803
        0.0000080842   0.0000221014  -0.0000029642   0.0000171760  -0.0000125798
        0.0003353635   0.0000867560  -0.0004552555   0.0000044893   0.0001716868
       -0.0000659692   0.0714607027  -0.0371946929   0.0087281876  -0.0246961772
       -0.0344936454  -0.0216575542  -0.0187181079   0.0421669569   0.0120081229
       -0.0218646476  -0.1019630938  -0.0334940812  -0.0404806686   0.5737647572
        0.1642062852  -0.0107778268  -0.2828459102  -0.1004934198  -0.0283615742
       -0.0302854867  -0.0246140608  -0.0017828632   0.0025244890   0.0014296172
        0.0194034780  -0.0200814401   0.0008761501   0.0474261378  -0.0969928988
        0.0079069848  -0.0001455833  -0.0036139352  -0.0014974297  -0.0010670752
       -0.0004730058   0.0004116522  -0.0014850913   0.0069538730  -0.0029500517
        0.0000356108   0.0001463573   0.0001545440   0.0000985378   0.0000275500
       -0.0000079900  -0.0002709512   0.0000440056  -0.0004697360  -0.0022194483
       -0.0012035787   0.0002843441  -0.0000586674  -0.0001916845   0.0001855436
        0.0063275050   0.0001171546   0.0064216949  -0.0001110215   0.0002605473
       -0.0000679139  -0.0009990582   0.0003534065  -0.0002146375   0.0004952036
       -0.0005891420  -0.0014666762  -0.0000028004   0.0002992125   0.0004131307
       -0.0001303112  -0.0002368136   0.0002763790  -0.0001082345  -0.0000936038
       -0.0000171504  -0.0000836505  -0.0002459390   0.0000819364   0.0003047878
        0.0003900700  -0.0006447508  -0.0000245405  -0.0000213440   0.0000487449
        0.0000567060   0.0001096052  -0.0000475793   0.0033226146   0.0002682159
       -0.0019806652  -0.0006587248  -0.0003517707  -0.0000410144   0.0040559742
       -0.0000253133  -0.0015333351  -0.0014178801  -0.0131746257  -0.0080152111
        0.0012814915  -0.0040331141  -0.0031923190  -0.0000099204   0.0004935069
        0.0005554425  -0.0000095605  -0.0001578510  -0.0000438593   0.0009305375
       -0.0002387529  -0.0004320741  -0.0001453585  -0.0000066313   0.0000346017
       -0.0000130479  -0.0000209062  -0.0000069026   0.0000178936   0.0000308532
       -0.0000039824  -0.0001514037  -0.0001022643   0.0000376274   0.0000423460
       -0.0000460555   0.0000748487  -0.0002010497  -0.0001336142  -0.0000418807
       -0.0000247314   0.0005556229  -0.0010474098   0.0003900441  -0.0000003834
        0.0004019693  -0.0000150360   0.0000074544   0.0000010507   0.0000381296
        0.0000277007   0.0000083802   0.0000074586   0.0000177152  -0.0000443278
        0.0002565372  -0.0010667471  -0.0016816668  -0.0000311585   0.0002691558
        0.0002073809   0.0371100316  -0.0079972001   0.0098040635  -0.0115471797
       -0.0208498405  -0.0174878028  -0.0247898546   0.0259205528   0.0015402237
       -0.0728534910  -0.0561749474  -0.1001320742   0.1425926972   0.1642062852
        0.2731540879  -0.0208000055  -0.0797105695  -0.0821113655  -0.0144065589
       -0.0167943200  -0.0113909050  -0.0011613793   0.0009563419  -0.0001297777
        0.0052615370  -0.0053204953   0.0019826987  -0.0183303551   0.0086593583
       -0.0569739829   0.0005908510  -0.0015443972  -0.0009972083   0.0010693911
       -0.0001121468  -0.0004832867   0.0060017542  -0.0049835844   0.0031030205
       -0.0001085067  -0.0001716592  -0.0001696903  -0.0000257162   0.0000035551
       -0.0000414594  -0.0000255900  -0.0000331331   0.0003013368   0.0005735157
        0.0002705701  -0.0013891284  -0.0008853565  -0.0000241614  -0.0007478219
       -0.0229786282   0.0148927653  -0.0141908449   0.0003547207  -0.0002462559
        0.0004292291  -0.0000381215  -0.0005920857   0.0005088213   0.0006154251
        0.0002263038  -0.0009691891  -0.0002707072   0.0000383271   0.0002849822
       -0.0000986157  -0.0003159424   0.0001435125  -0.0000322282  -0.0000378203
       -0.0000228513  -0.0000417852  -0.0005246372  -0.0000008224   0.0017967105
       -0.0003816060  -0.0025310891  -0.0000361461  -0.0000461328  -0.0000169393
        0.0001506998   0.0000951207  -0.0000228587  -0.0021549898  -0.0012851733
        0.0056438568  -0.0001258146  -0.0003784241   0.0000943862  -0.0014813152
       -0.0022823639   0.0057731220  -0.0009665922  -0.0130171804  -0.0061231621
        0.0001523524  -0.0035524153  -0.0000526288  -0.0003673934   0.0004531168
        0.0002762642  -0.0000435154  -0.0000042753  -0.0000998817   0.0003485289
       -0.0002029017  -0.0002249120   0.0001177082  -0.0000120504  -0.0000488979
        0.0000479811   0.0000020586   0.0000010006  -0.0000349186  -0.0000233137
       -0.0000191314   0.0001245982   0.0000481170   0.0000088924  -0.0001517136
       -0.0002827871  -0.0000320010   0.0002614125  -0.0001056387  -0.0000534903
       -0.0018773068   0.0015148664  -0.0007169432  -0.0017704637   0.0005238451
       -0.0043905537  -0.0000092930  -0.0000127694   0.0000051966   0.0000157271
        0.0000004224   0.0000122122   0.0000025210   0.0000062129  -0.0000219212
       -0.0000115951  -0.0001723175  -0.0001008500  -0.0000350121   0.0000290127
        0.0000056066  -0.2624203163   0.1457183653  -0.0096056681  -0.0632307888
       -0.0255085442  -0.0321888797  -0.0157544553   0.0293036312   0.0092206267
        0.0316376202  -0.0227875957   0.0011039259  -0.0867567996  -0.0107778268
       -0.0208000055   0.6197062650  -0.0574092637   0.1480365291  -0.0053564419
       -0.0004801569  -0.0042142399  -0.0003564903   0.0000654040  -0.0002507127
       -0.0032168066   0.0024858111  -0.0008308640  -0.0053688665   0.0232370409
        0.0074844312  -0.0001734804   0.0009129725   0.0005105183  -0.0000679928
       -0.0000375668  -0.0000230842   0.0007161601   0.0007506424  -0.0002554284
        0.0000439100   0.0000304502   0.0000177136  -0.0000145998  -0.0000672532
        0.0000103587   0.0000979022  -0.0000342419  -0.0000474652  -0.0000676032
        0.0002890443  -0.0000402563   0.0005566868  -0.0010680875   0.0000026816
       -0.0004875772   0.0011615741   0.0005201316  -0.0002108196   0.0001174945
       -0.0000653553  -0.0001779231   0.0002298340   0.0002434215  -0.0002165394
        0.0002077605   0.0003164939   0.0000146135  -0.0000908309  -0.0001393191
        0.0001037089   0.0002838718  -0.0000542011  -0.0000343573   0.0000578232
        0.0000307094  -0.0000301446  -0.0001205117   0.0000722930   0.0001472015
       -0.0001075548   0.0001043870  -0.0000152334  -0.0000052591   0.0000107591
        0.0000176591   0.0000122293   0.0000383259  -0.0027947191   0.0028552894
       -0.0001793695  -0.0031359327  -0.0015723831  -0.0038532176   0.0002547861
        0.0002968547   0.0007551139  -0.2004112593  -0.0886774391  -0.0933406170
       -0.0000830450  -0.0011962208  -0.0013997914  -0.0000808906   0.0001034215
        0.0000039460   0.0000183622   0.0000245621   0.0000428699  -0.0002647159
        0.0001329015   0.0001193858  -0.0000262316   0.0000024220  -0.0000013890
       -0.0000186159   0.0000135231   0.0000091106  -0.0000647018  -0.0000136701
        0.0000740936  -0.0000243604  -0.0000020879   0.0000306172   0.0000163265
        0.0000908902   0.0000759241  -0.0023659258   0.0010692176  -0.0008951412
        0.0001455563   0.0006319289  -0.0003009048  -0.0002132027   0.0000200079
       -0.0002451818   0.0000058677   0.0000068236  -0.0000126244  -0.0000017746
       -0.0000044121   0.0000063282   0.0000065927  -0.0000075807  -0.0000017362
       -0.0003591974   0.0001607140   0.0006471790   0.0000738658  -0.0001202786
       -0.0000566167   0.0778799487  -0.1500729185  -0.0200463654   0.0265553131
        0.0475528886   0.0294463998   0.0238760255  -0.0409869299  -0.0084610554
       -0.0664388717  -0.0259265470  -0.0334725559   0.0478477654  -0.2828459102
       -0.0797105695  -0.0574092637   0.5822402958   0.1711714190   0.0008122368
        0.0049389602  -0.0013210756   0.0009204487  -0.0006922742  -0.0000029561
        0.0022030683  -0.0008025503   0.0003809090   0.0118208787  -0.0198307652
       -0.0020247138   0.0001011929  -0.0006498555  -0.0003808085   0.0001922916
       -0.0002674290  -0.0001521248  -0.0020495977  -0.0004810368   0.0000823168
        0.0001059134   0.0000028992  -0.0000766798  -0.0000115591  -0.0000303519
        0.0000157971   0.0000012199  -0.0000064492  -0.0001039846  -0.0000365064
       -0.0000443738   0.0004092755   0.0009838190  -0.0004217157   0.0005365428
       -0.0001585416  -0.0009238179  -0.0015434347  -0.0001445946  -0.0000374249
       -0.0003657144  -0.0000878920   0.0003223240   0.0003709389  -0.0000929708
       -0.0012425079   0.0002672201   0.0000238593   0.0004280213  -0.0001246378
       -0.0000924447   0.0003772256   0.0000556986   0.0000552800  -0.0000302140
       -0.0000029939  -0.0000259604   0.0003519605   0.0000460687  -0.0000348576
        0.0001844116  -0.0007729619  -0.0000531135   0.0000764230   0.0000272113
       -0.0000736312  -0.0000461798  -0.0000312921   0.0241059218  -0.0179484585
        0.0008696090  -0.0020840213   0.0008459124  -0.0032844955   0.0008093771
        0.0000389740  -0.0003870675  -0.0895998997  -0.0924674157  -0.0524752847
       -0.0001672275  -0.0009233150   0.0001498012   0.0000894938   0.0000657984
        0.0001195023   0.0000012264   0.0000562091   0.0000004299   0.0001248964
       -0.0000175891  -0.0000282582  -0.0000258386   0.0000198152   0.0000276826
       -0.0000396344  -0.0000107335  -0.0000188847  -0.0000163382  -0.0000270542
        0.0000629526  -0.0000639562  -0.0000028360  -0.0000398722   0.0001360711
       -0.0003281095  -0.0000045408  -0.0008332577  -0.0002253876  -0.0001606390
        0.0007672237  -0.0001709829   0.0002811237   0.0004315216  -0.0000696236
        0.0000833049  -0.0000024600   0.0000094901   0.0000126155  -0.0000031202
       -0.0000087747  -0.0000184097  -0.0000141031  -0.0000125127   0.0000039946
       -0.0000427111   0.0003013455  -0.0000885768   0.0000459177  -0.0000098041
       -0.0000219445  -0.0427834713   0.0041221838  -0.0571820921  -0.0082972084
        0.0129753745   0.0045985637   0.0074302995  -0.0074557942  -0.0048279061
       -0.0199793710  -0.0177397261  -0.0160283148   0.0070898566  -0.1004934198
       -0.0821113655   0.1480365291   0.1711714190   0.2339722479  -0.0035126983
       -0.0027647625   0.0024530528   0.0006132466   0.0000331718   0.0002752911
       -0.0009087285   0.0003273998  -0.0001899813   0.0031849205   0.0019233964
       -0.0001812623   0.0001169994   0.0001115294   0.0001107052   0.0000047851
       -0.0002132034   0.0000172427  -0.0003185099   0.0001286839   0.0000233278
        0.0000617482   0.0000111441  -0.0000157849  -0.0000446385  -0.0000566459
        0.0000385397  -0.0000391518   0.0001347946  -0.0000622448  -0.0000847542
        0.0001394468  -0.0001287213   0.0002118672  -0.0003674226   0.0000957270
       -0.0015155889   0.0009727245  -0.0006685463  -0.0002353825  -0.0000536841
        0.0000898646  -0.0001799458  -0.0000713156   0.0004219371  -0.0001589549
       -0.0007229032   0.0001035240   0.0000041710   0.0001850193   0.0000324180
       -0.0000156074   0.0002497512   0.0000488115   0.0000144797   0.0000159119
       -0.0000103544  -0.0000185574   0.0000538483   0.0000584097   0.0001934966
       -0.0003125474  -0.0006173362  -0.0000131264   0.0000071223   0.0000085719
       -0.0000229633  -0.0000346756   0.0000143484   0.0092313408  -0.0063595938
       -0.0001332789  -0.0040016112  -0.0032145142   0.0049342794   0.0005362293
        0.0001991630  -0.0002388861  -0.0919606665  -0.0537913924  -0.0852744770
       -0.0002045540  -0.0008281777   0.0008744460  -0.0001324242   0.0001342718
        0.0000819759   0.0000513578   0.0000132205   0.0000122781  -0.0000903580
        0.0000236838   0.0000862316  -0.0000225278   0.0000120384   0.0000059801
       -0.0000284317   0.0000018006  -0.0000015676  -0.0000802841  -0.0000674098
        0.0000496357  -0.0000085993  -0.0000228411   0.0000047551  -0.0000022929
       -0.0000538225   0.0001164539  -0.0011551262   0.0005755780  -0.0006276795
       -0.0006191811   0.0007348574  -0.0000074851  -0.0003410570   0.0000890822
       -0.0001125217  -0.0000039300   0.0000112391   0.0000063654   0.0000021905
       -0.0000115204  -0.0000008069  -0.0000070222  -0.0000140257  -0.0000038502
       -0.0340824513  -0.0025154522   0.0177418534  -0.0010885716  -0.0036175957
        0.0046832434   0.0021276631  -0.0002559810   0.0005995940  -0.0048467270
        0.0013368051  -0.0025561140  -0.0061285873   0.0360991697   0.0143027839
       -0.0826944174   0.0224787632  -0.0027595951  -0.0013181171  -0.0283615742
       -0.0144065589  -0.0053564419   0.0008122368  -0.0035126983   0.5986951359
       -0.0368797754   0.1257047233  -0.1990465655   0.0242305579   0.0467658961
       -0.0347833189   0.0086413903  -0.0076452488   0.0016555100   0.0011855285
        0.0025091000  -0.0037925785   0.0008044986  -0.0049420294   0.0004431818
        0.0001236829   0.0000371125  -0.0000884623  -0.0000195276   0.0000032546
        0.0003409178   0.0000710905  -0.0001378450   0.0000482984   0.0000395406
        0.0000707496   0.0000423775   0.0000071229   0.0000072494   0.0001266824
        0.0000382559   0.0001135721   0.0000544170   0.0000787327   0.0000861345
        0.0003918951  -0.0001026491   0.0000056074  -0.0000477915  -0.0001615127
       -0.0003581648   0.0000858698   0.0000172377   0.0000338596  -0.0027722881
       -0.0002476534   0.0019800458   0.0013351596  -0.0004125928  -0.0009284983
        0.0002676954   0.0003033476   0.0000276210  -0.0002719234  -0.0001068483
       -0.0000334390   0.0003993213   0.0000308924   0.0001685449   0.0006025145
        0.0016389918  -0.0012121292  -0.0002416616  -0.0000476937  -0.0000090984
       -0.0018846826  -0.0004049730   0.0002234126  -0.0000904464  -0.0000373052
        0.0004110148  -0.0004202572   0.0014494279   0.0004999084   0.0009569941
        0.0010285945   0.0015065167  -0.0001967027  -0.0014146627  -0.0004858047
       -0.2218624264  -0.0308874470  -0.1820389371  -0.0057717267   0.0049711012
        0.0030514548  -0.0014147563   0.0003800808   0.0005238022   0.0004507740
       -0.0002173203  -0.0001289134   0.0000990285  -0.0000092290  -0.0000009660
       -0.0000315405  -0.0000264290  -0.0000043694   0.0000499418  -0.0000180592
        0.0000105683   0.0000186890   0.0000222814  -0.0000338923   0.0000218562
        0.0000502761   0.0000002692   0.0000493579   0.0000091089   0.0000271283
        0.0000112710  -0.0000873908  -0.0000195069  -0.0000818041   0.0000077044
        0.0001450518  -0.0000221359  -0.0000629855  -0.0000065907  -0.0000046739
        0.0000106173   0.0000163895   0.0000665038   0.0000276204  -0.0000360624
       -0.0080139364   0.0056193040   0.0021975267  -0.0010495627  -0.0009771413
        0.0015717161  -0.0009269669  -0.0044277505  -0.0017957274   0.0036997978
        0.0068524452  -0.0004813857   0.0210294999  -0.0381796449  -0.0155717933
        0.0140180325  -0.2274178291  -0.0841659185  -0.0137632751  -0.0302854867
       -0.0167943200  -0.0004801569   0.0049389602  -0.0027647625  -0.0368797754
        0.3856944348   0.2337403768   0.0344401026  -0.0612139963  -0.0348776434
        0.0040129842   0.0016410110   0.0010734526   0.0016175938  -0.0015564394
        0.0003484452   0.0003551729   0.0009027783   0.0008779884   0.0001272313
       -0.0002845247  -0.0002156967  -0.0005483181   0.0003261100  -0.0000578348
       -0.0001045007   0.0001965550   0.0000341050   0.0001899930   0.0001058776
       -0.0001111375  -0.0000092716   0.0001157320   0.0000135879   0.0002895026
       -0.0007941239   0.0003927678  -0.0000601870   0.0002695234  -0.0000377466
       -0.0009959162   0.0013256963   0.0000484187  -0.0001582897   0.0009648575
        0.0001851766   0.0002839538   0.0003058972  -0.0003003685  -0.0035033040
       -0.0000798469  -0.0011772016   0.0023938274  -0.0000924651   0.0008392828
        0.0007894036   0.0010259378   0.0007101692  -0.0005145452   0.0003872774
       -0.0001528801  -0.0005515189  -0.0001161622  -0.0006349079  -0.0018091983
        0.0008971031  -0.0009905605  -0.0004434397  -0.0000314156   0.0000973952
       -0.0001019812   0.0003235370  -0.0002336300  -0.0002251115  -0.0004376925
        0.0006297564   0.0003846050  -0.0012276536  -0.0001338470  -0.0014745326
        0.0009186124   0.0009959951  -0.0000845923  -0.0010278291  -0.0002333798
       -0.0392705964  -0.0336798132  -0.0724178684   0.0280044849  -0.0112658007
       -0.0103132600   0.0000189677  -0.0001810619  -0.0000651177  -0.0004600401
        0.0003417016   0.0002562415  -0.0001187505  -0.0000097406   0.0000721206
        0.0000152194  -0.0000402665   0.0000361261   0.0000559287   0.0000942091
       -0.0000574630  -0.0000337246  -0.0000617704  -0.0000379011  -0.0000578738
       -0.0000532329  -0.0000371342   0.0003793278   0.0003120689   0.0000770242
       -0.0001338324  -0.0004618145   0.0002964465  -0.0005470652   0.0000750949
       -0.0006562551   0.0000029501   0.0000224345  -0.0001069616   0.0001486144
        0.0000850520   0.0001300621   0.0000630698   0.0001612912  -0.0002014784
        0.0290672513   0.0010483078  -0.0078906662   0.0013673351   0.0029370351
       -0.0033750238   0.0009413428  -0.0003149577   0.0000635215  -0.0015810086
       -0.0016834914   0.0026392435   0.0020512456  -0.0080324245   0.0011099502
       -0.0041732459  -0.1255969399  -0.0970927957  -0.0047562573  -0.0246140608
       -0.0113909050  -0.0042142399  -0.0013210756   0.0024530528   0.1257047233
        0.2337403768   0.3726587841   0.0252033564  -0.0228890251  -0.0727926200
       -0.0214900017   0.0051307043   0.0069694611   0.0022737158   0.0001043175
        0.0000398799  -0.0037400486   0.0005788146  -0.0035166261  -0.0002868923
        0.0000734384  -0.0002313186   0.0001054088  -0.0002769727   0.0000222348
       -0.0001983291  -0.0001441850   0.0001851584   0.0000629124  -0.0000014888
       -0.0000789854  -0.0000349534   0.0000508302   0.0000791094   0.0001424140
       -0.0000183090  -0.0000035025   0.0000702186   0.0000671879   0.0000631527
       -0.0001551705   0.0005299594  -0.0000878279  -0.0000827087  -0.0000481166
        0.0002055963  -0.0000016480  -0.0001926687  -0.0001316800   0.0035592016
        0.0005602682  -0.0014752866  -0.0028965114   0.0006318435   0.0003035640
       -0.0002841716  -0.0001714999   0.0004085743   0.0001568934  -0.0001293583
       -0.0000459467  -0.0001642934  -0.0004149254   0.0009270843  -0.0000996643
       -0.0023652340   0.0005493297   0.0002076034  -0.0000072234  -0.0000074615
        0.0014963071   0.0003011102  -0.0001902051   0.0002200859   0.0003704025
       -0.0007553647   0.0000033285  -0.0000892022  -0.0000297363  -0.0002969946
        0.0019876555  -0.0004943926  -0.0000755906  -0.0010019560  -0.0002781006
       -0.1633958706  -0.0515547438  -0.1835596090   0.0163345291  -0.0076227793
       -0.0058392425  -0.0010381602   0.0002589548   0.0003874445   0.0000837154
        0.0001664166  -0.0002456102  -0.0000420202   0.0000206285   0.0000004467
        0.0000194856   0.0000479160  -0.0000019351  -0.0000015312  -0.0000167806
       -0.0000251029   0.0000279079  -0.0000007565   0.0000259888   0.0000450822
        0.0000091101   0.0000541899   0.0000752358   0.0000034962   0.0000249029
       -0.0000404864   0.0000261849   0.0002238225  -0.0000084923   0.0000166758
        0.0000412627  -0.0000469659   0.0000119264   0.0000055514  -0.0000113950
        0.0000051654   0.0000187472  -0.0001026481  -0.0001705516   0.0000798913
       -0.0608690630  -0.0204404526   0.0174631268  -0.0140519308  -0.0164860717
        0.0145903294   0.0001419312  -0.0002829670   0.0000065616  -0.0004374349
        0.0007849481  -0.0002865426   0.0010161071  -0.0023749827   0.0003164498
       -0.0051162757   0.0176975869   0.0117023046  -0.0003283623  -0.0017828632
       -0.0011613793  -0.0003564903   0.0009204487   0.0006132466  -0.1990465655
        0.0344401026   0.0252033564   0.4349922975  -0.0132275990  -0.0018322613
       -0.0738025537  -0.0034118268  -0.0380008099  -0.0011457077  -0.0050726341
       -0.0058175985  -0.0264016036   0.0057368243  -0.0184274892   0.0028908416
        0.0002230785  -0.0001450115   0.0000491274  -0.0000085527   0.0002869169
       -0.0005509503   0.0000444867   0.0003845115   0.0001474950   0.0000685921
       -0.0001238137  -0.0000299861  -0.0000545219   0.0000936706  -0.0001936210
       -0.0000812227  -0.0002023876  -0.0001137501  -0.0000900764  -0.0000493940
       -0.0001490130   0.0003856195   0.0004286830   0.0001377195  -0.0000381417
        0.0000589435   0.0000275878  -0.0000729268  -0.0000746533   0.0134502322
        0.0049447121   0.0013193537  -0.0060034364   0.0001059883   0.0023807824
       -0.0000436288  -0.0030943293  -0.0006838713  -0.0000815222   0.0000965938
       -0.0002471012   0.0034827856   0.0056827094  -0.0066957468   0.0012636943
        0.0021275602  -0.0043804803   0.0001134575  -0.0001544835  -0.0000215587
       -0.0042116877  -0.0001526515   0.0008270046   0.0000615442  -0.0001207773
       -0.0000825467   0.0002118302  -0.0000114616   0.0000105206   0.0003528750
        0.0000565035   0.0002641086  -0.0000664222  -0.0002159476  -0.0001453727
       -0.0211934612   0.0031450481   0.0071391503  -0.0402972197  -0.0096512196
       -0.0044546711  -0.0044495758   0.0007442328   0.0009393427   0.0006541356
       -0.0004540234  -0.0012508594   0.0000141350  -0.0000461988  -0.0000536137
        0.0001061538   0.0000583229   0.0000216680  -0.0000601253   0.0000313487
       -0.0000075805   0.0000266441   0.0000013052   0.0000438500   0.0000112635
       -0.0000051001   0.0000291228   0.0000528156   0.0000353547  -0.0000352929
        0.0000094864   0.0000145357   0.0000974886  -0.0001163253   0.0000361553
       -0.0001560572  -0.0000241879   0.0000053033   0.0000407776   0.0000298011
        0.0000287102   0.0000250746  -0.0001030604  -0.0000850394   0.0000497480
       -0.0196000102  -0.1171459884   0.0435184343  -0.0056011529  -0.0002051110
       -0.0002624879   0.0001151047   0.0005600678   0.0002918248   0.0012864440
       -0.0016540715  -0.0003737659  -0.0005325740  -0.0037731445  -0.0033472074
        0.0287654554  -0.0227094554  -0.0133296387   0.0010420127   0.0025244890
        0.0009563419   0.0000654040  -0.0006922742   0.0000331718   0.0242305579
       -0.0612139963  -0.0228890251  -0.0132275990   0.5315671533   0.0560628345
        0.0025118001  -0.0613412773   0.0023610179  -0.0117832066  -0.0023796566
       -0.0215651832   0.0074426422  -0.0006014810   0.0043715551   0.0001385388
        0.0003499191   0.0004812503   0.0007459062  -0.0002782747   0.0000009233
       -0.0001744306  -0.0001069425   0.0002036058   0.0000072378  -0.0000056415
       -0.0000273103  -0.0000135275  -0.0000199536   0.0000289941  -0.0000146556
        0.0001659250  -0.0001337580  -0.0002918453  -0.0001672175  -0.0009824559
       -0.0005168052  -0.0038946792  -0.0012349730   0.0001843113  -0.0001428627
        0.0001523398  -0.0001504570  -0.0003400298   0.0001707275   0.0100893759
       -0.0006799298   0.0182134916  -0.0030645467  -0.0013088765   0.0006400862
       -0.0007914224  -0.0033020576   0.0000358169  -0.0003808115   0.0002120763
       -0.0003718685   0.0004685364   0.0009065730   0.0000203406  -0.0080208705
       -0.0266884454   0.0179331821   0.0007097411   0.0002176257  -0.0002552997
        0.0002308103   0.0008965548   0.0001336286  -0.0000343731   0.0001103867
        0.0000490568  -0.0000142197  -0.0003612689  -0.0000606530  -0.0001542697
        0.0001714845  -0.0000806283   0.0000240602   0.0001980287   0.0000079234
       -0.0033557128  -0.0005917444   0.0040232354  -0.0129436974  -0.2280859978
       -0.0844479615   0.0015892543   0.0001816469  -0.0005731563   0.0012602793
        0.0001491463   0.0005878455   0.0000563497  -0.0000029086  -0.0000556175
        0.0000355674   0.0000483831  -0.0000255774  -0.0000160083  -0.0000099016
       -0.0000146014   0.0000318511   0.0000018995   0.0000099783  -0.0002013473
       -0.0001401372   0.0000011370  -0.0000806367  -0.0000616957  -0.0000282957
       -0.0000634753  -0.0000668063  -0.0005222263   0.0001163666  -0.0001221168
        0.0002220579   0.0000085744  -0.0000607728   0.0000250141  -0.0000673689
        0.0000093177  -0.0000578970  -0.0000611576  -0.0001159602   0.0001037726
        0.0141780960   0.0413804816  -0.1023084386   0.0063889016   0.0016730502
       -0.0009946002  -0.0001658021  -0.0001958809  -0.0001629444   0.0002402925
       -0.0002807922   0.0014159773   0.0004955117  -0.0015571443  -0.0005392785
        0.0140875363  -0.0030345802  -0.0067885276   0.0002508279   0.0014296172
       -0.0001297777  -0.0002507127  -0.0000029561   0.0002752911   0.0467658961
       -0.0348776434  -0.0727926200  -0.0018322613   0.0560628345   0.4405125925
       -0.0495904554  -0.0004075916  -0.1265022412  -0.0077880847  -0.0078231253
       -0.0167607783  -0.0017818486  -0.0001759131   0.0036307119  -0.0005291477
       -0.0001673856   0.0001082085   0.0001267968   0.0002114089   0.0000242260
       -0.0000821463   0.0001175971  -0.0002555705   0.0000131545  -0.0000413740
       -0.0000497312   0.0000287430  -0.0000197283   0.0000200807  -0.0002139555
        0.0000149358  -0.0003427042  -0.0002731638  -0.0001712166  -0.0006488314
       -0.0007031166  -0.0016268239  -0.0003361140   0.0003515637   0.0002076200
        0.0002020380   0.0001798329   0.0001610757   0.0001241435  -0.0061864560
        0.0141463619  -0.0270281228   0.0013468126   0.0011860499   0.0020499788
       -0.0000729220  -0.0033902879  -0.0018296964   0.0008891618   0.0000781302
        0.0001917559   0.0082733074   0.0199718411  -0.0227924683  -0.0006971381
       -0.0020925735   0.0049695497   0.0000138248  -0.0000287866   0.0001198173
       -0.0009967370  -0.0007872190   0.0006320628  -0.0000072017   0.0001389480
       -0.0001639588  -0.0000241475  -0.0001156741  -0.0000944524  -0.0002145457
       -0.0000576390  -0.0001067247  -0.0000158285   0.0000009203   0.0000744125
       -0.0184001012   0.0063681791   0.0034679794  -0.0062186656  -0.0849669571
       -0.0774761085   0.0014022590  -0.0006934215  -0.0002141565   0.0010860779
       -0.0005155914   0.0005164182   0.0000914339  -0.0000122858   0.0000142461
        0.0000427101  -0.0000406997   0.0000559304  -0.0000114073   0.0000271174
        0.0000089444   0.0000178308   0.0000154772   0.0000110563  -0.0001039510
       -0.0000624211   0.0000284575   0.0000000985   0.0000529615  -0.0000149952
       -0.0000570655  -0.0001875336  -0.0002243527  -0.0000677486   0.0000251958
        0.0000254217   0.0000296070  -0.0000818070   0.0000439609  -0.0000309287
       -0.0001058977   0.0000751989   0.0000152621   0.0002511468  -0.0000412662
        0.0035566424   0.0008239420   0.0026919669   0.0002425605   0.0009081263
       -0.0007840329  -0.0000970474   0.0008345118   0.0004333969   0.0001378638
       -0.0000532833   0.0001674325   0.0002391502   0.0000858666   0.0003345081
        0.0012161767  -0.0010456318  -0.0008791754   0.0001726163   0.0194034780
        0.0052615370  -0.0032168066   0.0022030683  -0.0009087285  -0.0347833189
        0.0040129842  -0.0214900017  -0.0738025537   0.0025118001  -0.0495904554
        0.4688571827   0.0300203656  -0.0283347086  -0.0609089938  -0.0030100905
       -0.0009469858  -0.1556219301   0.0262815279   0.0272093099  -0.0232282146
       -0.0120395649   0.0104046542  -0.0080456744  -0.0213436158  -0.0013955494
        0.0003289708  -0.0025380904   0.0016053632  -0.0006093163  -0.0001380304
        0.0001219484  -0.0003053039   0.0000055500  -0.0001919638  -0.0012008394
       -0.0011304672  -0.0002071032  -0.0009579812  -0.0003067088  -0.0011867839
       -0.0004161161  -0.0036274939  -0.0026293248   0.0001607126  -0.0001216031
       -0.0002667089  -0.0024980333  -0.0011600332   0.0012439064  -0.0818859049
       -0.0307846314   0.0237151769  -0.0039076020  -0.0139008324   0.0310384416
        0.0040656697  -0.0049195571  -0.0002766588   0.0037918196   0.0012734515
        0.0023549252  -0.0001275591  -0.0011602289   0.0018331187   0.0000961402
       -0.0001081093   0.0002578420  -0.0000915943  -0.0000142972   0.0001927486
        0.0000204545   0.0000068305  -0.0001122945  -0.0002689256   0.0001999094
        0.0000903517  -0.0000116752   0.0000063739  -0.0000432154   0.0001582445
        0.0000374854  -0.0000006292  -0.0000459078  -0.0001218394  -0.0000825113
       -0.0047368982   0.0036831386  -0.0002367936  -0.0023912631  -0.0009896860
       -0.0044306147  -0.0202643023   0.0050188658   0.0037803261  -0.0029645355
        0.0016135200   0.0018801479  -0.0001982360   0.0000535177  -0.0000731970
       -0.0001809232   0.0001623005  -0.0003505032   0.0000868667   0.0000037936
       -0.0000385071  -0.0001185528  -0.0000216451   0.0000078663  -0.0002902762
       -0.0001934192  -0.0000217667  -0.0000820146  -0.0000572277   0.0000087503
       -0.0001713195  -0.0002400977  -0.0000606158   0.0002008643  -0.0003955605
       -0.0002181699   0.0002632571   0.0002766736  -0.0001004444  -0.0003046777
       -0.0007169473   0.0002809996   0.0001391052   0.0007116117  -0.0000572745
        0.0082211993  -0.0010739487   0.0178623233   0.0010800957   0.0012585297
       -0.0011541975   0.0001117212  -0.0008590723  -0.0004628997  -0.0000869510
        0.0000768826  -0.0000544503  -0.0000547147  -0.0002705915  -0.0003390455
       -0.0018696599   0.0015270654   0.0002508067   0.0039771042  -0.0200814401
       -0.0053204953   0.0024858111  -0.0008025503   0.0003273998   0.0086413903
        0.0016410110   0.0051307043  -0.0034118268  -0.0613412773  -0.0004075916
        0.0300203656   0.4778344485  -0.0085741134  -0.0048727446  -0.1344514685
       -0.0314310397   0.0299245545  -0.0668353042  -0.0117841455  -0.0194426029
       -0.0020270850   0.0051770580  -0.0172583094  -0.0238554340   0.0006454474
       -0.0001677785  -0.0038313244   0.0010139424  -0.0009326195  -0.0002573323
        0.0001802132  -0.0003275288  -0.0002213850  -0.0001165097  -0.0005731302
       -0.0007381219  -0.0000017165   0.0005848185   0.0000340443   0.0002063134
       -0.0014925348  -0.0002020280  -0.0049774428   0.0001138781  -0.0002730624
        0.0000564280  -0.0026004891  -0.0018917149   0.0004957658  -0.0332934357
       -0.1066673688   0.0488554187  -0.0002278628   0.0065542820  -0.0028674654
       -0.0129043028  -0.0474839537   0.0143990268   0.0009350050  -0.0040783303
       -0.0023282747  -0.0008299947  -0.0025279078   0.0032373220   0.0001403648
       -0.0001664981   0.0001673433   0.0000515818   0.0000049905   0.0001746721
        0.0000876155  -0.0001601339  -0.0000489040   0.0001674191  -0.0001341480
        0.0000669616  -0.0000150112   0.0000093796   0.0000406819  -0.0001189061
        0.0000750736   0.0000169960   0.0000058596   0.0000851818   0.0000803710
        0.0016534787  -0.0004168316   0.0003569895  -0.0133160231  -0.0017854052
       -0.0211499722   0.0069542226  -0.0009929118  -0.0015230959   0.0195651408
       -0.0053923108  -0.0077489409  -0.0000889705   0.0000666095   0.0000279249
       -0.0003072044   0.0002323577  -0.0004241663   0.0000140152  -0.0000025054
       -0.0000308035  -0.0000331165   0.0000488855   0.0000014350   0.0000955375
        0.0000227083   0.0000706078  -0.0000511393  -0.0000134863   0.0000401442
       -0.0001257729  -0.0001569731   0.0003693973   0.0001068081   0.0005777148
        0.0008751156  -0.0006448773  -0.0010718363   0.0007834350  -0.0000512644
        0.0000295427  -0.0001464519   0.0001607844  -0.0000149660  -0.0000185226
       -0.0077123869   0.0054903815  -0.0249355729  -0.0014486510  -0.0013320687
        0.0016554347  -0.0003622398   0.0001230252   0.0000666959   0.0001998969
        0.0002359598   0.0000942144   0.0003104888  -0.0002781308  -0.0001409497
       -0.0002510185  -0.0007122629   0.0001802499   0.0027558693   0.0008761501
        0.0019826987  -0.0008308640   0.0003809090  -0.0001899813  -0.0076452488
        0.0010734526   0.0069694611  -0.0380008099   0.0023610179  -0.1265022412
       -0.0283347086  -0.0085741134   0.4260149667  -0.0030131896  -0.0338845269
       -0.0735553139   0.0226833527  -0.0096385030  -0.0638044196   0.0188702115
        0.0056219970  -0.0055398775   0.0020481152   0.0048191366   0.0040754467
       -0.0002391554   0.0017949993  -0.0009490844   0.0005090095   0.0001641887
       -0.0000550345   0.0000937345  -0.0000659002   0.0002196783   0.0004853240
        0.0010415172  -0.0003422564  -0.0002934150  -0.0008674477  -0.0036740603
       -0.0037015663  -0.0211710662  -0.0115681356  -0.0000932749  -0.0006889025
       -0.0003256728   0.0015027433   0.0006963587  -0.0008807419   0.0163713399
        0.0336808352  -0.0882736553   0.0336838603   0.0165160751  -0.0315842126
       -0.0022791883   0.0061360452   0.0087679613   0.0025574216  -0.0034750135
        0.0016545287   0.0011152055   0.0038763697  -0.0030966660  -0.0000692065
       -0.0002570017   0.0003085878   0.0000497166   0.0000166591  -0.0002543166
       -0.0001463136  -0.0000468072   0.0001367741  -0.0000958941   0.0001105608
        0.0001135395  -0.0000373649   0.0000573553  -0.0000105466   0.0000201060
        0.0000783738  -0.0000299730   0.0000551925   0.0000847688  -0.0000609275
        0.0018146412   0.0006071361   0.0000309004  -0.0095736995  -0.0027775665
       -0.0158376439  -0.0187353532   0.0048796800   0.0067969003   0.0175615947
       -0.0047518339  -0.0069152331   0.0002362387  -0.0001069498  -0.0000571343
        0.0001831644  -0.0000705099   0.0002250683  -0.0000675870   0.0000220243
       -0.0000096734   0.0001264967   0.0000527254   0.0000390118  -0.0006582001
       -0.0003945676   0.0000255836  -0.0000590922  -0.0000299492  -0.0000308791
       -0.0003917655  -0.0004192847  -0.0019521252   0.0007527030  -0.0007765220
        0.0012515804  -0.0001621855  -0.0005129379   0.0003330411  -0.0000890176
       -0.0004881166  -0.0000339212   0.0003049700   0.0005222805  -0.0003320741
        0.0002525389   0.0001226695   0.0004077786  -0.0001789555  -0.0003616777
       -0.0001173769   0.0029019921   0.0004243083  -0.0019513172  -0.0007776075
        0.0003819918   0.0000041383  -0.0007141272  -0.0019944328  -0.0040972539
       -0.0267573151   0.0086415160  -0.0090749153  -0.1358518911   0.0474261378
       -0.0183303551  -0.0053688665   0.0118208787   0.0031849205   0.0016555100
        0.0016175938   0.0022737158  -0.0011457077  -0.0117832066  -0.0077880847
       -0.0609089938  -0.0048727446  -0.0030131896   0.4721045623  -0.0204360215
        0.0133994896  -0.0025078714   0.0168270187   0.0122206004  -0.0132304508
        0.0034573138   0.0103097865  -0.1194967463  -0.0259656501   0.0316845445
       -0.0001841683   0.0013203599   0.0019922385   0.0005780455   0.0000988804
       -0.0001187425  -0.0028733586  -0.0002623631  -0.0039981460  -0.0299589583
       -0.0117696222  -0.0044631228  -0.0098472431  -0.0034738346  -0.0151076342
       -0.0590672723   0.0019620874  -0.0146623583   0.0010952684  -0.0002851871
        0.0005557351  -0.0015886305  -0.0011537927   0.0009843422  -0.0005523350
       -0.0096574310  -0.0044426934   0.0001552650   0.0002542310  -0.0005380517
       -0.0003465965  -0.0023023842   0.0012448661   0.0003441745  -0.0005273311
        0.0000191178  -0.0000307945   0.0000242654   0.0000789005   0.0000410162
        0.0000496308  -0.0006660028  -0.0000425978  -0.0000850575  -0.0001284944
       -0.0000292968   0.0000612619   0.0000496890  -0.0000185215  -0.0001175473
       -0.0001190338  -0.0000428970  -0.0003009375   0.0005314997  -0.0009914396
        0.0004061646   0.0001770848  -0.0000951958  -0.0012329238   0.0006770268
        0.0002248546   0.0001353948   0.0005286795  -0.0012474882  -0.0002144942
       -0.0024916076   0.0002322639   0.0002336767   0.0000326335  -0.0040699846
        0.0007307834   0.0015758465  -0.0005806565  -0.0000105284  -0.0000448313
        0.0001340358   0.0000001431  -0.0000383296   0.0003288658   0.0003027278
       -0.0001652000  -0.0011589217  -0.0006970855   0.0004714972  -0.0029272008
       -0.0020734970   0.0007381508   0.0002567477   0.0004204023   0.0000031332
        0.0039451315   0.0019846282   0.0187786289  -0.0016031325   0.0009815121
       -0.0106031127  -0.0000635998  -0.0001041420   0.0000650831  -0.0000091410
       -0.0000259889   0.0000007814   0.0000176913   0.0000223029  -0.0000300549
        0.0002200146   0.0002318091   0.0004883395   0.0002978902  -0.0002833718
       -0.0000025693  -0.0003711284  -0.0031580348  -0.0037566928   0.0002014421
       -0.0000255138   0.0000699760  -0.0014133355   0.0000791562  -0.0025775794
       -0.0038608962   0.0072659201   0.0016361471   0.0553945377  -0.0969928988
        0.0086593583   0.0232370409  -0.0198307652   0.0019233964   0.0011855285
       -0.0015564394   0.0001043175  -0.0050726341  -0.0023796566  -0.0078231253
       -0.0030100905  -0.1344514685  -0.0338845269  -0.0204360215   0.4399064377
        0.0322008956   0.0085181066  -0.0138599029  -0.0108925583   0.0070027950
        0.0038557003  -0.0029303486  -0.0312262077  -0.0755565130   0.0172913802
        0.0012327610  -0.0018764918  -0.0013266236   0.0000320282  -0.0001240971
       -0.0001076855  -0.0008460214   0.0002418470  -0.0006639578  -0.0031778896
        0.0013223450  -0.0033959830  -0.0085776139  -0.0016786185  -0.0179129777
        0.0008535985  -0.0634177050  -0.0013512281   0.0000767104  -0.0004155842
       -0.0000325284  -0.0205177040  -0.0098590154   0.0109861069  -0.0040974711
       -0.0222132863  -0.0031538348   0.0024936975   0.0009664186  -0.0026753287
       -0.0022063254  -0.0022693249   0.0019916747   0.0000568465  -0.0008599877
       -0.0002520890  -0.0000316296  -0.0001803274   0.0001903827   0.0000644004
       -0.0000387483   0.0006083260  -0.0000192578  -0.0001717268  -0.0001840409
       -0.0000127849  -0.0000307460  -0.0000237279   0.0011311973  -0.0006423807
       -0.0002551785  -0.0002245023  -0.0000956150   0.0004510575  -0.0008156069
       -0.0000525252  -0.0000099836   0.0001735042   0.0004855210   0.0011761286
        0.0000783091  -0.0000982142   0.0000159696   0.0003287186   0.0004149039
        0.0005495325   0.0000212548   0.0001430819   0.0002473585   0.0019521816
       -0.0013651301  -0.0006077206   0.0006190149  -0.0000019915  -0.0002022451
       -0.0000346241   0.0000117409  -0.0000885155   0.0000052271   0.0002495558
       -0.0000662946  -0.0002378187   0.0000831191  -0.0000157276  -0.0028962646
       -0.0015448978   0.0000188038   0.0000164975  -0.0000702635  -0.0002550108
       -0.0009141141  -0.0002561005  -0.0072817282   0.0047739845   0.0001794628
        0.0231187595  -0.0000645880  -0.0001316361   0.0001099125  -0.0000000828
        0.0000155112  -0.0000686184   0.0000973255   0.0000364481  -0.0000393946
        0.0003690592  -0.0004084573   0.0006845924   0.0000109462   0.0001357471
        0.0002717542  -0.0005250853  -0.0041000571   0.0040631862  -0.0004403620
       -0.0002776511  -0.0004018366  -0.0028420716  -0.0029100452   0.0036018945
       -0.0100029389   0.0062149762  -0.0002128778  -0.0204693123   0.0079069848
       -0.0569739829   0.0074844312  -0.0020247138  -0.0001812623   0.0025091000
        0.0003484452   0.0000398799  -0.0058175985  -0.0215651832  -0.0167607783
       -0.0009469858  -0.0314310397  -0.0735553139   0.0133994896   0.0322008956
        0.4210102488   0.0036356061  -0.0050071586  -0.0035931217   0.0182108619
        0.0001118663  -0.0083683069   0.0340788823   0.0174195756  -0.0738804216
        0.0011104909  -0.0024076917  -0.0022698597  -0.0001084558   0.0000686169
       -0.0000808449  -0.0011295973  -0.0005163089  -0.0021757704  -0.0069064162
       -0.0058543323   0.0059195561  -0.0152184265  -0.0071125737  -0.0111645281
       -0.0167428349   0.0012596858  -0.1478667371  -0.0004220527   0.0009737927
       -0.0008703754   0.0085753036   0.0040866776  -0.0023361103  -0.0005113536
        0.0095465914   0.0075481872  -0.0007990785  -0.0002436052  -0.0002329508
        0.0015210066   0.0040233231  -0.0018316829  -0.0001610152   0.0009907845
        0.0001582953  -0.0000325293  -0.0000350499   0.0001476514  -0.0005985962
        0.0001919302  -0.0010850911  -0.0000237617  -0.0000600754   0.0000329972
        0.0001174505  -0.0000136258  -0.0000131487   0.0003673078  -0.0005633940
        0.0002648649   0.0003577016   0.0004257789  -0.0011092110  -0.0004970325
        0.0004199161  -0.0003965501   0.0009868859   0.0007600253  -0.0018760326
        0.0002589512  -0.0000040258   0.0002644260  -0.0029641192  -0.0006225251
       -0.0039559764  -0.0002116406   0.0000817873   0.0001792195   0.0013853334
       -0.0003217606  -0.0002585956   0.0009596650  -0.0000076059  -0.0001913267
       -0.0000621763  -0.0000430342  -0.0001066407   0.0000167061  -0.0000842601
       -0.0000088146  -0.0007348044  -0.0003999620  -0.0000076427  -0.0012747520
       -0.0016374453  -0.0002157775   0.0004169745   0.0004440164   0.0000575522
       -0.0019872472  -0.0017757220  -0.0172269498  -0.0044421601   0.0015823242
       -0.0149179209   0.0001122607   0.0002338834  -0.0001438133   0.0000001576
        0.0000331499  -0.0000011316  -0.0000121674  -0.0000334702   0.0000270797
        0.0006836735  -0.0005378200   0.0016453600   0.0031840610   0.0086422680
       -0.0044004502   0.0001122897   0.0000562059  -0.0000061904  -0.0000512682
       -0.0001053247  -0.0000197435  -0.0000644273   0.0001733123   0.0001017983
       -0.0000056205  -0.0002900224  -0.0002546123  -0.0000229981  -0.0001455833
        0.0005908510  -0.0001734804   0.0001011929   0.0001169994  -0.0037925785
        0.0003551729  -0.0037400486  -0.0264016036   0.0074426422  -0.0017818486
       -0.1556219301   0.0299245545   0.0226833527  -0.0025078714   0.0085181066
        0.0036356061   0.4355612103  -0.0330517448   0.0668823150  -0.0638842967
       -0.0297106068   0.0120901225   0.0008489484   0.0009578975  -0.0014864233
       -0.0118175420  -0.0234928755   0.0074582641  -0.0018126126   0.0003721320
        0.0022246041   0.0002479479  -0.0008376382   0.0005253152  -0.0009569914
        0.0006902297  -0.0006553125   0.0001726822  -0.0003338255  -0.0000304415
       -0.0002282133  -0.0001401580  -0.0000883467  -0.0013022621  -0.0052019316
       -0.0052081912  -0.0005743599   0.0008731879   0.0011185829  -0.0143725402
       -0.0034495172   0.0078364553  -0.0008902458  -0.0015494692   0.0003671039
       -0.0007697557   0.0023169319   0.0013238193   0.0002643293   0.0005271180
        0.0002397519   0.0000492306  -0.0001412553   0.0000377286   0.0000604664
        0.0001975143  -0.0000743521   0.0003262597   0.0001583659  -0.0000581393
       -0.0005457116   0.0011357962  -0.0028616234   0.0000074599   0.0000223381
       -0.0000258892   0.0000009344   0.0000174058   0.0000068357   0.0000558305
        0.0000028967   0.0000040574  -0.0000070219   0.0000049529  -0.0000014095
       -0.0011212824   0.0006016675  -0.0000038797   0.0005854556   0.0006319532
        0.0011490545  -0.1142792553   0.0339807425  -0.1059008807  -0.0403665005
        0.0002329285  -0.0007966807   0.0002955646   0.0001367797  -0.0004785810
       -0.0011728054   0.0010723361  -0.0017991513   0.0000288812  -0.0001683238
       -0.0001037073   0.0001234552   0.0000887557   0.0000173250  -0.0000026383
       -0.0000280910   0.0000398908   0.0000844830  -0.0000419266  -0.0000834161
       -0.0000525055   0.0000860710   0.0000405093   0.0001107387  -0.0000304514
       -0.0002645362   0.0000344600   0.0000200463  -0.0000382657  -0.0000482592
       -0.0000851855   0.0000076340   0.0000082156   0.0000002476   0.0000187842
       -0.0010387612   0.0002336163  -0.0011397375  -0.0005076161  -0.0115539750
        0.0105666961   0.0000448532  -0.0001974672  -0.0000864766  -0.0000332332
       -0.0000484348  -0.0000302942  -0.0001193729   0.0001195363  -0.0000049308
       -0.0002121243  -0.0005261196  -0.0002162188  -0.0004011899  -0.0036139352
       -0.0015443972   0.0009129725  -0.0006498555   0.0001115294   0.0008044986
        0.0009027783   0.0005788146   0.0057368243  -0.0006014810  -0.0001759131
        0.0262815279  -0.0668353042  -0.0096385030   0.0168270187  -0.0138599029
       -0.0050071586  -0.0330517448   0.5100791792   0.0452318306  -0.0221642391
       -0.1439595512   0.0367777155   0.0023029625  -0.0361400055  -0.0014291912
       -0.0093838050  -0.0039739695   0.0001972765   0.0010149652   0.0011269834
        0.0016457542  -0.0000028243  -0.0003850731   0.0000081493  -0.0002750345
        0.0016219818   0.0004322738   0.0002895133   0.0000086454  -0.0000427125
        0.0000183868  -0.0002442081   0.0003366095  -0.0050673293  -0.0042414518
       -0.0058794632   0.0008750086  -0.0039323090  -0.0033289209  -0.0136114679
        0.0052051324   0.0011086544  -0.0019297097  -0.0017916911   0.0056286175
       -0.0013992477  -0.0017833407   0.0012393786   0.0005899994   0.0010377434
       -0.0003458990  -0.0000419964   0.0001274077  -0.0000662337   0.0001181528
       -0.0001160991  -0.0000919231  -0.0001280610   0.0009838438  -0.0016376183
        0.0006258509  -0.0003355843   0.0016484080   0.0000756610  -0.0000413625
       -0.0000019780   0.0000035493   0.0000101394   0.0000144190  -0.0000133466
       -0.0000008421   0.0000120131   0.0000147665   0.0000748320   0.0000569392
        0.0001810946  -0.0001019047  -0.0000044414  -0.0009921786   0.0004033772
       -0.0001369025   0.0352364043  -0.0550969514   0.0459065580  -0.0015492535
       -0.1721892941  -0.1209034200   0.0004120073   0.0001248541  -0.0000608634
       -0.0000214742   0.0000717074  -0.0000491820  -0.0001641174   0.0000889285
       -0.0000044099   0.0000077273   0.0000604956   0.0000625598  -0.0000284548
        0.0000236459   0.0000590009   0.0000264864   0.0000371072   0.0000128090
        0.0000320272  -0.0000933555  -0.0001015946  -0.0002080038   0.0000766351
        0.0001697317   0.0000308863   0.0000104822  -0.0000131931  -0.0000353258
       -0.0000671423   0.0000452915  -0.0000832327  -0.0000484414   0.0000905465
        0.0013333897  -0.0001235734   0.0016550674   0.0027799327   0.0269239588
       -0.0195460886   0.0000749619  -0.0000977282   0.0000112432  -0.0000251684
       -0.0000967310  -0.0000226829  -0.0001650608   0.0002467839   0.0001700153
       -0.0001264336  -0.0006280117  -0.0004545875  -0.0002193391  -0.0014974297
       -0.0009972083   0.0005105183  -0.0003808085   0.0001107052  -0.0049420294
        0.0008779884  -0.0035166261  -0.0184274892   0.0043715551   0.0036307119
        0.0272093099  -0.0117841455  -0.0638044196   0.0122206004  -0.0108925583
       -0.0035931217   0.0668823150   0.0452318306   0.5247940556   0.0097815402
        0.0373811358  -0.0775533206   0.0008440792  -0.0151021481   0.0050176557
        0.0036484644   0.0028168819  -0.0002711808  -0.0004264741  -0.0002406572
       -0.0009414190   0.0001158592  -0.0001644715   0.0001950718  -0.0011067052
        0.0012431989  -0.0009773774   0.0001352841   0.0000550803   0.0000694625
       -0.0001345402  -0.0001076714   0.0004195891  -0.0048722728  -0.0068121555
       -0.0046986490   0.0011897903  -0.0026879882  -0.0020596697   0.0163552342
        0.0008541173  -0.0062226809   0.0010513730   0.0025991024  -0.0026820951
        0.0010160496  -0.0019887700  -0.0007875822  -0.0003597985  -0.0003541927
       -0.0002885723   0.0000301505  -0.0001738166   0.0001634100  -0.0001280677
        0.0000592869  -0.0001139769   0.0002887460   0.0017021336   0.0008362957
       -0.0024857162   0.0022363586  -0.0055420177   0.0000479571  -0.0000239494
       -0.0000205522   0.0000023349   0.0000001925  -0.0000107482   0.0000210877
       -0.0000294038  -0.0000065871  -0.0000060890   0.0000417660   0.0000247740
       -0.0013640132   0.0006013074  -0.0000799741  -0.0012214297   0.0006501352
        0.0004914003  -0.1065380068   0.0444292963  -0.1934343563  -0.0027333208
       -0.1189271967  -0.1502277465  -0.0000436664  -0.0001404424   0.0003488161
        0.0000006710  -0.0000221028   0.0000816153  -0.0001608628  -0.0000197270
        0.0000349677  -0.0000129091   0.0000339645  -0.0000324665  -0.0000429077
       -0.0000123241   0.0000454112   0.0000219292  -0.0000101655  -0.0000298054
        0.0000129400  -0.0000092637  -0.0000657727  -0.0000592157  -0.0000651957
       -0.0000631936  -0.0000385141  -0.0000509277   0.0000297068   0.0000583761
        0.0000945638  -0.0000484170   0.0000071358  -0.0000070820  -0.0000370788
       -0.0197645302   0.0008627158  -0.0252509629  -0.0769005205   0.0075330016
       -0.0411913947   0.0000730625  -0.0000470855  -0.0000972594  -0.0000088031
        0.0000505143   0.0000204670   0.0000880439  -0.0000260819  -0.0001602592
       -0.0003476343   0.0002565441   0.0000376493  -0.0011381076  -0.0010670752
        0.0010693911  -0.0000679928   0.0001922916   0.0000047851   0.0004431818
        0.0001272313  -0.0002868923   0.0028908416   0.0001385388  -0.0005291477
       -0.0232282146  -0.0194426029   0.0188702115  -0.0132304508   0.0070027950
        0.0182108619  -0.0638842967  -0.0221642391   0.0097815402   0.4976124133
        0.0248559806  -0.0212720052  -0.0733693096   0.0289922991   0.0254787627
       -0.1918912996  -0.0132868148   0.0210084808  -0.0272248295  -0.0147131592
       -0.0061794366   0.0005426250   0.0023334489   0.0011909894   0.0066053086
       -0.0117031125  -0.0124924958  -0.0022078525  -0.0002858320  -0.0028298806
       -0.0020740659  -0.0005741052   0.0017446764   0.0004881088   0.0000719578
        0.0005858392   0.0001620668   0.0017818119   0.0017917079  -0.0041352407
        0.0032330715  -0.0009365758  -0.0011061616  -0.0008673916   0.0029663300
        0.0002594643  -0.0009413209  -0.0000588711   0.0001443263   0.0000652964
        0.0000143462  -0.0060957905   0.0003773668  -0.0004224085   0.0000462290
        0.0000568528  -0.0000559211   0.0028432133  -0.0006296884   0.0053357268
        0.0027909428  -0.0000471672   0.0047073402   0.0000010995  -0.0000036974
        0.0000033932  -0.0000147551  -0.0000146546   0.0000186244  -0.0000108141
       -0.0000199070   0.0000124293  -0.0000032632  -0.0000275382   0.0000073817
        0.0001053277  -0.0000595333   0.0000550657  -0.0002108625  -0.0000350193
       -0.0001031047   0.0052174932   0.0110039148  -0.0055209677   0.0000756450
       -0.0005021265   0.0000326327  -0.0143620600  -0.0001108747   0.0043253930
        0.0009795530  -0.0022106144  -0.0000065775  -0.0003339169  -0.0000821274
        0.0000243012  -0.0000765991   0.0000821691   0.0000584652   0.0004193338
       -0.0001842189  -0.0009275528  -0.0000996929  -0.0000063197   0.0000682938
        0.0000702898  -0.0000153094   0.0007082659  -0.0001109326  -0.0000312280
        0.0001915404   0.0000174113   0.0000092198  -0.0000175619  -0.0000021640
        0.0000108538   0.0000144307   0.0000241794   0.0000609694  -0.0000000472
        0.0000932822   0.0006729324   0.0006284851   0.0099488387  -0.0614246111
        0.0126460685  -0.0000987291  -0.0000197987  -0.0000171649   0.0000756577
        0.0000871212   0.0000747065   0.0001409857  -0.0001467306  -0.0000634084
       -0.0002242939   0.0004664327   0.0000966948   0.0000588864  -0.0004730058
       -0.0001121468  -0.0000375668  -0.0002674290  -0.0002132034   0.0001236829
       -0.0002845247   0.0000734384   0.0002230785   0.0003499191  -0.0001673856
       -0.0120395649  -0.0020270850   0.0056219970   0.0034573138   0.0038557003
        0.0001118663  -0.0297106068  -0.1439595512   0.0373811358   0.0248559806
        0.4350470756   0.0135419681   0.0294698323  -0.1150469534  -0.0531689403
       -0.0103261643  -0.0601163575  -0.0014980959  -0.0226953725  -0.0058773919
        0.0004690844   0.0018557832  -0.0021158672   0.0025955955  -0.0039650324
       -0.0002446798  -0.0078262294  -0.0003205175  -0.0001096567   0.0002869682
       -0.0005457559  -0.0007488000   0.0011479718   0.0002771508  -0.0009270320
        0.0000876671   0.0092110733  -0.0197799845  -0.0177964731  -0.0005877796
       -0.0006000117  -0.0006086671  -0.0001250539   0.0002182228  -0.0000270272
       -0.0000502444  -0.0001197917   0.0001466804   0.0001119416   0.0000554677
        0.0000039357  -0.0006844262   0.0003142546  -0.0002969587   0.0002850473
       -0.0000953632   0.0000493817  -0.0078082443   0.0000531420  -0.0204913425
        0.0097914415  -0.0046522256   0.0237760425   0.0000079023   0.0000256046
        0.0000107910   0.0000057007   0.0000174861   0.0000094869  -0.0000243826
        0.0000085472  -0.0000020514   0.0000205795   0.0000885605   0.0000939226
        0.0000696427   0.0000035322  -0.0000151826  -0.0001652789  -0.0000929575
        0.0000302120  -0.0025406035  -0.0092688028   0.0071782869  -0.0080273658
       -0.0199859299   0.0068167031   0.0138305021   0.0025276253  -0.0040953897
       -0.0043765655   0.0043489753  -0.0070251722   0.0002231263  -0.0004799757
       -0.0006880527   0.0002766455   0.0004365797   0.0004349138   0.0000976646
        0.0001854660   0.0001594865  -0.0000759553   0.0001629862   0.0001718914
       -0.0000319402  -0.0000177118   0.0001762580  -0.0000152960  -0.0000220791
        0.0002592334  -0.0000021289   0.0000183535   0.0000116998  -0.0000289673
       -0.0000092857  -0.0000140058  -0.0000039039  -0.0000303909   0.0000343243
       -0.0080029334  -0.0009146324  -0.0012648601  -0.0434530887   0.0092922475
       -0.1540559904  -0.0001057902  -0.0000373469   0.0000041985   0.0000279840
        0.0000328829   0.0000045131   0.0000005992  -0.0000613048  -0.0000010402
        0.0001567537   0.0002386217   0.0001643844   0.0002552746   0.0004116522
       -0.0004832867  -0.0000230842  -0.0001521248   0.0000172427   0.0000371125
       -0.0002156967  -0.0002313186  -0.0001450115   0.0004812503   0.0001082085
        0.0104046542   0.0051770580  -0.0055398775   0.0103097865  -0.0029303486
       -0.0083683069   0.0120901225   0.0367777155  -0.0775533206  -0.0212720052
        0.0135419681   0.4893014298   0.0267732676  -0.0495985051  -0.1091266263
        0.0189883740  -0.0017998110  -0.0616923976  -0.0122606936  -0.0024223255
        0.0040057889   0.0003547157   0.0035694430  -0.0016695987  -0.0011007159
       -0.0177585913  -0.0304206636  -0.0024697838  -0.0005362925  -0.0037783405
        0.0001670130   0.0000423189  -0.0008933559   0.0016952239  -0.0013938515
        0.0013822026  -0.0025692789   0.0047514339   0.0052530500   0.0016720064
       -0.0006123683   0.0001061377   0.0001590440   0.0002380707  -0.0006200279
       -0.0000896436  -0.0002209932   0.0000586944  -0.0000658627  -0.0000758856
       -0.0000185322   0.0004643263   0.0004520069   0.0009590365   0.0004861447
       -0.0001063078   0.0002998954  -0.0074382694  -0.0015366712  -0.0232389200
       -0.0056304995   0.0041639362  -0.0150764443  -0.0000033604   0.0000143325
        0.0000191791  -0.0000081298   0.0000088532  -0.0000059567  -0.0000170146
       -0.0000086932   0.0000024742   0.0000104239  -0.0000469223  -0.0000652209
       -0.0000177556  -0.0000061554  -0.0000101278   0.0000305952  -0.0000349188
        0.0000362320   0.0072470363   0.0217302579  -0.0120583702  -0.0067109563
       -0.0147791838   0.0060672323   0.0192313023   0.0016233456  -0.0048199336
        0.0003679580  -0.0076329947   0.0041734678  -0.0003547428   0.0004010138
        0.0003096634   0.0002721607   0.0001347263   0.0000596184   0.0007064355
       -0.0003039141  -0.0010788274  -0.0000790874   0.0000582682   0.0001463032
       -0.0001199217  -0.0000100251  -0.0002555865   0.0000382710   0.0000611094
       -0.0001670047   0.0000015046  -0.0000147894  -0.0000012605  -0.0000007711
       -0.0000010340   0.0000192765  -0.0000096899   0.0000091752  -0.0000030330
        0.0002213807  -0.0003745646   0.0001056903   0.0035486866  -0.0075677967
       -0.0075596810  -0.0001502094   0.0002069392  -0.0008645198   0.0001601625
        0.0000018519   0.0000483281  -0.0002945185   0.0004230814  -0.0010778634
       -0.0011398363   0.0017577864   0.0017159860  -0.0248969251  -0.0014850913
        0.0060017542   0.0007161601  -0.0020495977  -0.0003185099  -0.0000884623
       -0.0005483181   0.0001054088   0.0000491274   0.0007459062   0.0001267968
       -0.0080456744  -0.0172583094   0.0020481152  -0.1194967463  -0.0312262077
        0.0340788823   0.0008489484   0.0023029625   0.0008440792  -0.0733693096
        0.0294698323   0.0267732676   0.3974228025  -0.0016830755  -0.0512534328
       -0.0192533313   0.0183009986   0.0201432740   0.0017659869   0.0014329221
       -0.0006534267  -0.0257661040  -0.0097112621  -0.0164287834  -0.0710854639
       -0.0132575299  -0.0122525324   0.0033780938  -0.0014550633   0.0025649061
       -0.0015506216   0.0003108501   0.0144472505  -0.0113290656   0.0172867276
       -0.0146945500  -0.0379228328   0.0182154833  -0.0050515739  -0.0008375027
       -0.0009860136  -0.0010475469   0.0002012733   0.0004203683   0.0000959044
       -0.0000103070  -0.0006307678   0.0001330556   0.0000678455  -0.0000892839
        0.0000272239  -0.0000889799  -0.0000311987  -0.0000717281  -0.0000703252
        0.0001083626  -0.0002485748  -0.0006628642  -0.0001691660  -0.0029807233
        0.0000781453  -0.0001821234   0.0000090109   0.0000491849  -0.0000341460
       -0.0000350350  -0.0000330332  -0.0000886976   0.0001875243  -0.0001257969
        0.0000430919   0.0000273073  -0.0001125192  -0.0001864769   0.0003104629
        0.0000739297   0.0000356121   0.0000399827   0.0000651573   0.0000542580
        0.0001450823   0.0001510949  -0.0001573007  -0.0001239834  -0.0002878161
       -0.0001609508   0.0006721972  -0.0054078980  -0.0003337859   0.0013527409
        0.0004938340   0.0000716158  -0.0000428393  -0.0005604161   0.0007109760
       -0.0006130429  -0.0040154631  -0.0014916898   0.0001691569  -0.0017276402
        0.0001677047   0.0021995781   0.0000921230  -0.0000243978   0.0004890269
       -0.0006017876  -0.0007532427   0.0004265842  -0.0004596983  -0.0001232877
        0.0000214336  -0.0000098242  -0.0000082527   0.0000227215  -0.0000029872
       -0.0000157504  -0.0000028829   0.0000200232   0.0000160181  -0.0000115027
        0.0000265632   0.0001055888   0.0000996823  -0.0022991332   0.0013185383
       -0.0020629520  -0.0003906418   0.0000373765   0.0003400452   0.0000200359
       -0.0000779144  -0.0000655725  -0.0000170854  -0.0000200907   0.0007003201
        0.0017145069  -0.0011247893  -0.0000511115   0.0088278651   0.0069538730
       -0.0049835844   0.0007506424  -0.0004810368   0.0001286839  -0.0000195276
        0.0003261100  -0.0002769727  -0.0000085527  -0.0002782747   0.0002114089
       -0.0213436158  -0.0238554340   0.0048191366  -0.0259656501  -0.0755565130
        0.0174195756   0.0009578975  -0.0361400055  -0.0151021481   0.0289922991
       -0.1150469534  -0.0495985051  -0.0016830755   0.5763857656  -0.0222433486
        0.0042934080   0.0002342114  -0.0022535960  -0.0010007060   0.0001326044
       -0.0002006604  -0.0124865454  -0.0034560242  -0.0093148237  -0.0027846249
       -0.0682293472  -0.0051446054  -0.0063043166   0.0006255604  -0.0134589764
       -0.0044854641   0.0017404034   0.0049019337   0.0224213356  -0.0081878405
        0.0242764767   0.0148806863  -0.2443230520   0.0739101706  -0.0004571791
       -0.0034671052  -0.0029179123   0.0003228894   0.0006800021   0.0000290372
       -0.0002587062  -0.0012683006   0.0006227745   0.0000363812  -0.0005359870
        0.0001094581   0.0001329222  -0.0000449946  -0.0000156013   0.0003962569
        0.0002855147   0.0001478655   0.0003582387   0.0000472668   0.0008062610
       -0.0000638537   0.0006090105   0.0010908990   0.0000479319  -0.0001335028
        0.0000078585   0.0001053847   0.0000017874  -0.0000935358   0.0002279663
       -0.0000107866  -0.0000001520   0.0003788965  -0.0001722232  -0.0004624684
       -0.0000071529  -0.0000383512   0.0000474543   0.0001310017  -0.0000976851
       -0.0000786912   0.0009314173   0.0005326281   0.0003726660  -0.0016419173
       -0.0060306186   0.0018119045  -0.0007234517   0.0008176376   0.0000063686
       -0.0001481392   0.0000285381  -0.0001039066  -0.0016674039  -0.0002102828
       -0.0008742249  -0.0034276501  -0.0014536626   0.0008308731   0.0008931561
       -0.0005239452  -0.0028077564  -0.0000644470   0.0002689107  -0.0008899707
       -0.0000401065  -0.0001326984   0.0002837231   0.0004351247  -0.0001989133
        0.0000091040  -0.0000204424  -0.0000438844   0.0000403960  -0.0000091176
       -0.0000283480  -0.0000017179   0.0000356989   0.0000372377  -0.0000212829
        0.0004479638  -0.0000177640   0.0007139838   0.0052086044  -0.0162062456
       -0.0224020297   0.0000657031   0.0001171529  -0.0001943777   0.0000668537
        0.0000376150   0.0000385016   0.0000206701  -0.0000860824  -0.0003192441
       -0.0009886887   0.0008462664  -0.0004799578  -0.0029105819  -0.0029500517
        0.0031030205  -0.0002554284   0.0000823168   0.0000233278   0.0000032546
       -0.0000578348   0.0000222348   0.0002869169   0.0000009233   0.0000242260
       -0.0013955494   0.0006454474   0.0040754467   0.0316845445   0.0172913802
       -0.0738804216  -0.0014864233  -0.0014291912   0.0050176557   0.0254787627
       -0.0531689403  -0.1091266263  -0.0512534328  -0.0222433486   0.4291688936
        0.0111784159  -0.0038933601  -0.0057007351  -0.0001284075  -0.0001355824
       -0.0005474936  -0.0023444898  -0.0007815281   0.0030710515  -0.0085140989
       -0.0158142492  -0.0812104892  -0.0079355315  -0.0067178462  -0.0357029064
        0.0169788091   0.0081245748  -0.0249012803  -0.0130161584   0.0192913434
       -0.0104997002  -0.0042162711   0.0764694661  -0.0653531470   0.0003296422
       -0.0001267706   0.0002790009  -0.0000104400  -0.0002434762  -0.0003571628
       -0.0000771107  -0.0002931952   0.0000653831  -0.0000248257  -0.0000628361
       -0.0000563894   0.0001783818   0.0000159120  -0.0000046185  -0.0003987793
       -0.0001142103  -0.0003200795  -0.0016757882  -0.0003135131  -0.0045364123
        0.0002690969  -0.0003516624   0.0008284181  -0.0000141699   0.0000535435
       -0.0000242405  -0.0000491507  -0.0000027261   0.0000472437  -0.0001505310
       -0.0000233583   0.0000268391   0.0000273399  -0.0001053786   0.0002366879
        0.0000008404  -0.0000460264   0.0000319038   0.0000384233  -0.0001013624
       -0.0000794530  -0.0001905614   0.0000300997  -0.0000626806   0.0010863913
        0.0008282373  -0.0000551159   0.0004606918  -0.0002177370   0.0005616820
       -0.0001380893  -0.0001369256  -0.0002024862   0.0008455181   0.0004160120
        0.0001114762   0.0018051475   0.0012975927  -0.0002221108   0.0017303866
       -0.0009311312  -0.0045108800  -0.0003325225   0.0004795178  -0.0005209569
       -0.0005288226   0.0001362364  -0.0044911120  -0.0001441446   0.0004207644
       -0.0016819907  -0.0000153457  -0.0000189726   0.0000084494  -0.0000003460
        0.0000182799  -0.0000139068   0.0000033309  -0.0000113755   0.0000025790
       -0.0010848234   0.0005382872  -0.0022175272  -0.0256531304  -0.0024389575
       -0.0098827113   0.0000664970  -0.0000037264   0.0000012496  -0.0000613038
       -0.0000480136  -0.0000449262  -0.0000084107  -0.0000182595  -0.0000300460
        0.0000013438   0.0001034704   0.0001052939  -0.0005073118   0.0000356108
       -0.0001085067   0.0000439100   0.0001059134   0.0000617482   0.0003409178
       -0.0001045007  -0.0001983291  -0.0005509503  -0.0001744306  -0.0000821463
        0.0003289708  -0.0001677785  -0.0002391554  -0.0001841683   0.0012327610
        0.0011104909  -0.0118175420  -0.0093838050   0.0036484644  -0.1918912996
       -0.0103261643   0.0189883740  -0.0192533313   0.0042934080   0.0111784159
        0.5603824614   0.1432327465   0.0215753531  -0.2060183897  -0.1683496709
       -0.1195497306   0.0087095918   0.0030221549   0.0014465031   0.0004665607
        0.0007244891  -0.0003934360  -0.0002077893  -0.0001798258  -0.0001363034
       -0.0003477964  -0.0002158910   0.0004433624  -0.0012232929  -0.0006592816
        0.0003622100   0.0003946423  -0.0003585279  -0.0001492758  -0.0008212551
       -0.0007824627   0.0011858911   0.0004698745   0.0000509566  -0.0007536427
        0.0001827940   0.0002997890  -0.0001100471  -0.0000357709  -0.0000366577
        0.0000263689  -0.0005724432   0.0000037775   0.0000002645  -0.0002480171
       -0.0000090881  -0.0000315023   0.0008724785   0.0001696868   0.0009730965
        0.0001633660  -0.0002955192   0.0008295653   0.0000205573  -0.0000341937
       -0.0000137548   0.0000293924  -0.0000042862   0.0000017517   0.0000254226
        0.0000242153   0.0000165888   0.0000267036  -0.0000274490  -0.0000051182
        0.0000415973  -0.0000302097   0.0000391940  -0.0000353252   0.0000505639
        0.0000268297   0.0009579290   0.0009650492  -0.0002280385   0.0002766098
        0.0000985355  -0.0002393181  -0.0905808205   0.0571284970   0.0837201176
       -0.0212885051  -0.0219282326  -0.0154815959  -0.0012464733   0.0021707547
        0.0019809177  -0.0003489098   0.0013534995   0.0021926301   0.0000491282
        0.0000397840  -0.0001671175   0.0001292874  -0.0000322196   0.0000115056
        0.0000099280  -0.0000440296   0.0000638365   0.0000053132   0.0000280295
        0.0000949818  -0.0000087127   0.0000083729   0.0000047097  -0.0000235638
       -0.0000131430  -0.0000251193   0.0000240589  -0.0000140281  -0.0000023667
        0.0003101864   0.0005413848   0.0008736646   0.0012403264   0.0008574532
       -0.0021830761   0.0000466904   0.0000062262   0.0000191208  -0.0000025014
       -0.0000407918  -0.0000253442  -0.0000389083   0.0000460731   0.0000288444
        0.0000944504  -0.0001742169   0.0000009743   0.0001347874   0.0001463573
       -0.0001716592   0.0000304502   0.0000028992   0.0000111441   0.0000710905
        0.0001965550  -0.0001441850   0.0000444867  -0.0001069425   0.0001175971
       -0.0025380904  -0.0038313244   0.0017949993   0.0013203599  -0.0018764918
       -0.0024076917  -0.0234928755  -0.0039739695   0.0028168819  -0.0132868148
       -0.0601163575  -0.0017998110   0.0183009986   0.0002342114  -0.0038933601
        0.1432327465   0.4628038618   0.3147621062  -0.1749246224  -0.2621464897
       -0.1867145815  -0.0039045376  -0.0180719377  -0.0185275149  -0.0002833518
       -0.0001745984   0.0020684614   0.0000575114  -0.0001964549   0.0000959576
        0.0003320327   0.0002592277  -0.0002795371  -0.0019138055   0.0004395346
        0.0019505125   0.0003249496  -0.0005811177  -0.0004302114  -0.0007599484
        0.0007010093  -0.0002364585  -0.0001507940  -0.0002146310   0.0005853323
        0.0000353558  -0.0002011560  -0.0000566032   0.0000022830  -0.0000296081
        0.0000410081   0.0003393347  -0.0000208606   0.0000001020  -0.0000620441
       -0.0000378315   0.0000121807  -0.0007396005  -0.0001469180  -0.0002276368
        0.0006452694   0.0003823086   0.0004958012  -0.0000043485   0.0000074735
        0.0000007082  -0.0000039624   0.0000062216  -0.0000014041  -0.0000028030
        0.0000000752  -0.0000020040  -0.0000152453   0.0000152269  -0.0000047602
       -0.0000389466  -0.0000217897   0.0000236958  -0.0000457807  -0.0000125903
        0.0000263096  -0.0000736513   0.0011773310  -0.0005048072  -0.0003656040
       -0.0006286979   0.0001357991   0.0599119015  -0.1095730995  -0.1038708624
       -0.0051979501  -0.0054919909  -0.0025966763   0.0001885587   0.0000176917
       -0.0010037676   0.0013195634  -0.0002309233  -0.0007368332  -0.0000312088
       -0.0000026330   0.0001221220  -0.0000084408   0.0001040097  -0.0000072994
       -0.0000795364  -0.0000385778  -0.0000899867  -0.0000080340  -0.0000032045
       -0.0000682001  -0.0000014029   0.0000015052  -0.0000009804  -0.0000036109
       -0.0000051573  -0.0000004169  -0.0000049125   0.0000037253   0.0000023461
       -0.0028694166   0.0001288420  -0.0041460044  -0.0260688090  -0.0013595168
       -0.0020694195   0.0000093469  -0.0000136150   0.0000283347   0.0000298775
       -0.0000136624   0.0000080190  -0.0000084801   0.0000335382   0.0000669177
        0.0000841011  -0.0001399979  -0.0001190027   0.0002747573   0.0001545440
       -0.0001696903   0.0000177136  -0.0000766798  -0.0000157849  -0.0001378450
        0.0000341050   0.0001851584   0.0003845115   0.0002036058  -0.0002555705
        0.0016053632   0.0010139424  -0.0009490844   0.0019922385  -0.0013266236
       -0.0022698597   0.0074582641   0.0001972765  -0.0002711808   0.0210084808
       -0.0014980959  -0.0616923976   0.0201432740  -0.0022535960  -0.0057007351
        0.0215753531   0.3147621062   0.4600545063  -0.1244803646  -0.1868640651
       -0.1832500277  -0.0061188371  -0.0215834880  -0.0211669400  -0.0012387368
       -0.0005005385   0.0005231795  -0.0005171529  -0.0000183943   0.0003428219
        0.0002933238   0.0002302260  -0.0002325650   0.0022454120   0.0008231289
       -0.0022219271   0.0000613170  -0.0004112976  -0.0002223040   0.0004211026
       -0.0000467845  -0.0000918430   0.0000083729   0.0000891951  -0.0001435917
       -0.0000227492  -0.0000932982   0.0000247118  -0.0000073764   0.0000277682
       -0.0000327817  -0.0014787752  -0.0000389336  -0.0002329118  -0.0000208150
       -0.0000271026  -0.0000780269  -0.0010689799   0.0000230434   0.0002985954
       -0.0009820430   0.0000408350   0.0003472837  -0.0000095825   0.0000210577
        0.0000024794  -0.0000139833   0.0000107645  -0.0000073199  -0.0000055363
       -0.0000035853  -0.0000198116  -0.0000278094   0.0000256623  -0.0000150913
        0.0000290209   0.0000278470  -0.0000290136  -0.0000453734  -0.0000084776
       -0.0000481222   0.0003875333   0.0000958814   0.0001021563  -0.0001642998
       -0.0001766655  -0.0000857192   0.0850533277  -0.1028394006  -0.1735275718
        0.0009312734   0.0029331422   0.0011296942   0.0000165098   0.0002216859
       -0.0009943274   0.0014757187  -0.0018042865  -0.0031562143  -0.0000336458
       -0.0000297223   0.0001740706  -0.0001175448   0.0000660634   0.0000417447
       -0.0001050306  -0.0000342684  -0.0000816535   0.0000386426   0.0000060861
       -0.0000330986  -0.0000090512  -0.0000077644  -0.0000016972   0.0000096503
        0.0000077949   0.0000059778  -0.0000022486  -0.0000082816  -0.0000043623
       -0.0005878071   0.0000783939  -0.0010771612  -0.0030636991   0.0000320064
        0.0013035965   0.0000033820   0.0000370198   0.0000188715  -0.0000167974
       -0.0000233563  -0.0000078370  -0.0000472923   0.0000435308   0.0000283512
        0.0000738040  -0.0002336567  -0.0000948028   0.0001003085   0.0000985378
       -0.0000257162  -0.0000145998  -0.0000115591  -0.0000446385   0.0000482984
        0.0001899930   0.0000629124   0.0001474950   0.0000072378   0.0000131545
       -0.0006093163  -0.0009326195   0.0005090095   0.0005780455   0.0000320282
       -0.0001084558  -0.0018126126   0.0010149652  -0.0004264741  -0.0272248295
       -0.0226953725  -0.0122606936   0.0017659869  -0.0010007060  -0.0001284075
       -0.2060183897  -0.1749246224  -0.1244803646   0.6269791450   0.1955265870
        0.0197482295  -0.0848638269   0.0254999411   0.0401056424  -0.0223355327
        0.0063183193   0.0280935639  -0.0029359773  -0.0031507834   0.0011270141
       -0.0011548284   0.0000707663   0.0010475760   0.0008669790   0.0022037870
        0.0004279193  -0.0004349893   0.0002073136  -0.0000416762  -0.0001211379
        0.0001936977  -0.0002483684  -0.0000956795  -0.0000385683   0.0002686853
        0.0000091003   0.0000683244   0.0000199191  -0.0000111805  -0.0000130853
        0.0000260916  -0.0003108963   0.0000003246   0.0000204832  -0.0000181001
       -0.0000347133  -0.0000069090  -0.0000655695   0.0000352010   0.0000981247
        0.0000820726   0.0001137080  -0.0000277709  -0.0000005998  -0.0000065954
        0.0000001811   0.0000135133  -0.0000041900   0.0000033030   0.0000253297
        0.0000025399   0.0000115292   0.0000071498   0.0000100743   0.0000405073
        0.0000109811   0.0000023958  -0.0000043086   0.0000409736   0.0000606423
        0.0000300480  -0.0002013956  -0.0001707250  -0.0001786057  -0.0001101053
       -0.0001534192   0.0001969420   0.0049377938   0.0086536651   0.0053351958
       -0.2879048186  -0.0345879613   0.0481713292  -0.0019386470   0.0062754426
        0.0070287090   0.0064383858  -0.0085348401  -0.0143812429  -0.0001466945
        0.0000192931   0.0001402771   0.0001594801  -0.0001288945  -0.0002523669
       -0.0002193583  -0.0002322710  -0.0000628619  -0.0000308477   0.0000738623
       -0.0000263172   0.0000050416   0.0000076317  -0.0000023908   0.0000004549
       -0.0000008029   0.0000070830   0.0000018075   0.0000015124   0.0000031204
        0.0001265824   0.0001281301  -0.0002461710   0.0014950912   0.0001126061
        0.0016838551  -0.0000077034   0.0000209176   0.0000012207  -0.0000070588
       -0.0000352460  -0.0000184610  -0.0000127408   0.0000242282   0.0000070423
       -0.0000010123  -0.0001283973  -0.0000347595   0.0000691796   0.0000275500
        0.0000035551  -0.0000672532  -0.0000303519  -0.0000566459   0.0000395406
        0.0001058776  -0.0000014888   0.0000685921  -0.0000056415  -0.0000413740
       -0.0001380304  -0.0002573323   0.0001641887   0.0000988804  -0.0001240971
        0.0000686169   0.0003721320   0.0011269834  -0.0002406572  -0.0147131592
       -0.0058773919  -0.0024223255   0.0014329221   0.0001326044  -0.0001355824
       -0.1683496709  -0.2621464897  -0.1868640651   0.1955265870   0.4224285316
        0.2687933141   0.0240227916  -0.0923868042  -0.0568495460  -0.0021075418
        0.0091975923   0.0083493543  -0.0018905788  -0.0014942357   0.0005238898
       -0.0005481732   0.0001430632   0.0003584831  -0.0008862689  -0.0003165681
        0.0027922775   0.0000576847   0.0001542084  -0.0000314752  -0.0000130244
        0.0000540464   0.0000197795  -0.0000665971  -0.0000299570   0.0000330839
        0.0000126784   0.0000324952  -0.0000001699   0.0000076092  -0.0000016484
       -0.0000012349  -0.0000362345   0.0000344270   0.0000766760  -0.0000708267
        0.0000106942   0.0000122638   0.0000078102   0.0000173600   0.0001111927
       -0.0000880163   0.0001468809  -0.0000888637   0.0000077043   0.0000060804
        0.0000083772   0.0000142502   0.0000076082   0.0000093653   0.0000083611
        0.0000051869   0.0000102779   0.0000276569  -0.0000066268   0.0000272263
       -0.0000034547   0.0000031093   0.0000100513   0.0000038461   0.0000316921
        0.0000199316   0.0000007289  -0.0000447355   0.0002471803   0.0000027933
        0.0000304210   0.0000117759  -0.0082187200  -0.0135757943  -0.0115348295
       -0.0371050482  -0.0395751432   0.0027524802   0.0114157115  -0.0160211248
       -0.0223220940  -0.0004044828  -0.0020299624  -0.0052816687   0.0000039249
        0.0000936110   0.0000098029  -0.0000610751   0.0000558332   0.0000805279
       -0.0001183021  -0.0001083961  -0.0000284348   0.0000967204   0.0000646451
        0.0000077477   0.0000049374   0.0000030407  -0.0000059596  -0.0000064913
       -0.0000027801   0.0000047600  -0.0000032514  -0.0000007001   0.0000075086
        0.0001141884   0.0001335312   0.0002179924   0.0012933136   0.0001895257
        0.0002802805   0.0000040222  -0.0000123696  -0.0000051693  -0.0000097508
       -0.0000151761  -0.0000201342   0.0000163162  -0.0000221549  -0.0000212227
       -0.0000227514   0.0000942939   0.0000600350  -0.0001089685  -0.0000079900
       -0.0000414594   0.0000103587   0.0000157971   0.0000385397   0.0000707496
       -0.0001111375  -0.0000789854  -0.0001238137  -0.0000273103  -0.0000497312
        0.0001219484   0.0001802132  -0.0000550345  -0.0001187425  -0.0001076855
       -0.0000808449   0.0022246041   0.0016457542  -0.0009414190  -0.0061794366
        0.0004690844   0.0040057889  -0.0006534267  -0.0002006604  -0.0005474936
       -0.1195497306  -0.1867145815  -0.1832500277   0.0197482295   0.2687933141
        0.4304546388   0.0352453431  -0.0517340933  -0.1458657031   0.0206743740
        0.0007401161  -0.0176744720   0.0010466868   0.0014774759   0.0004155876
        0.0007791955  -0.0000151992  -0.0006111991   0.0017717927  -0.0017341183
       -0.0042495016   0.0002273825   0.0001635832   0.0001923473  -0.0001325006
       -0.0001575583   0.0002840200   0.0000754819   0.0000060577  -0.0002085512
        0.0000545986  -0.0000103863  -0.0000202045   0.0000099552   0.0000034229
       -0.0000202317   0.0001247841   0.0000235905   0.0000616647  -0.0000291676
       -0.0000138893   0.0000065069   0.0000126465  -0.0000738220  -0.0000084038
       -0.0001931548   0.0001295153  -0.0001043407   0.0000191286  -0.0000098061
       -0.0000038321   0.0000095019   0.0000029838   0.0000005289  -0.0000004890
        0.0000037622  -0.0000003791   0.0000339046   0.0000009800  -0.0000332273
        0.0000024968   0.0000009211   0.0000106563  -0.0000322501  -0.0000013355
        0.0000024286   0.0001135285   0.0000188550   0.0003498120  -0.0000144265
        0.0000645380  -0.0000967793  -0.0113291145  -0.0176436342  -0.0164130915
        0.0483840024   0.0020329502  -0.0461011467   0.0000690299  -0.0035082116
        0.0030261627   0.0061266327  -0.0141990594  -0.0231754036  -0.0000508984
        0.0000302606   0.0001049537  -0.0000059716   0.0000747425   0.0001181291
        0.0001598327   0.0001149598   0.0000076864   0.0000270308  -0.0000768718
        0.0000389579  -0.0000042328  -0.0000027825  -0.0000039966  -0.0000139199
       -0.0000047477  -0.0000001669   0.0000016863  -0.0000056474   0.0000054352
       -0.0000212047   0.0000017222   0.0000124576   0.0000324778   0.0002045160
        0.0001501194   0.0000778987  -0.0000047549  -0.0000133517  -0.0000030739
        0.0000137899   0.0000042192  -0.0000236140  -0.0000126797  -0.0000628785
       -0.0001055257   0.0001502760   0.0000707530  -0.0005183641  -0.0002709512
       -0.0000255900   0.0000979022   0.0000012199  -0.0000391518   0.0000423775
       -0.0000092716  -0.0000349534  -0.0000299861  -0.0000135275   0.0000287430
       -0.0003053039  -0.0003275288   0.0000937345  -0.0028733586  -0.0008460214
       -0.0011295973   0.0002479479  -0.0000028243   0.0001158592   0.0005426250
        0.0018557832   0.0003547157  -0.0257661040  -0.0124865454  -0.0023444898
        0.0087095918  -0.0039045376  -0.0061188371  -0.0848638269   0.0240227916
        0.0352453431   0.4598274516  -0.0333522443   0.0678226746  -0.1300024723
       -0.0377860911   0.0178718165  -0.0118966185  -0.0058990632   0.0039070841
       -0.0020077264   0.0001105127   0.0014229325   0.0123794655   0.0040539410
       -0.0013071297  -0.0012891316  -0.0018956597   0.0007602167  -0.0001293573
       -0.0001438254   0.0001731636   0.0000705596  -0.0000281804  -0.0001760010
       -0.0000062826  -0.0000637783  -0.0000177715   0.0000256994   0.0000253697
       -0.0000068345   0.0000103230  -0.0000013599  -0.0000067843  -0.0000297422
       -0.0000253265  -0.0000123286   0.0000410690   0.0000180657   0.0000096986
        0.0000160328  -0.0000219557  -0.0000514772  -0.0000284070   0.0000173449
       -0.0000015119  -0.0000162075  -0.0000015580   0.0000043377  -0.0000288157
        0.0000109462  -0.0000007116  -0.0000890020   0.0000232860   0.0000283334
       -0.0000065684  -0.0000079192   0.0000055234  -0.0000231832   0.0000077714
       -0.0000231568   0.0000490643  -0.0000360382   0.0000125386   0.0000060867
       -0.0000208351  -0.0000226945   0.0002536309  -0.0048364688   0.0004563010
       -0.0122868369   0.0126093506   0.0189971116  -0.0632850649   0.0613719100
       -0.0159327751  -0.1474753547  -0.0010511805  -0.1192228830   0.0006792774
       -0.0001143183  -0.0006757207   0.0004791995  -0.0006805280  -0.0002682943
       -0.0003775704  -0.0005867958   0.0000376711  -0.0000888316  -0.0000436002
       -0.0000907024  -0.0000088740  -0.0000135363   0.0000081587  -0.0000046520
       -0.0000031261  -0.0000077351   0.0000023807  -0.0000065657  -0.0000001448
       -0.0000002724   0.0000211061   0.0001865370   0.0003449152   0.0002864181
       -0.0001713306   0.0000173094   0.0000307157   0.0000227767  -0.0000463300
       -0.0000734689  -0.0000461010  -0.0000784548   0.0000428624   0.0000090719
        0.0000127179  -0.0001300286  -0.0000928729  -0.0003386843   0.0000440056
       -0.0000331331  -0.0000342419  -0.0000064492   0.0001347946   0.0000071229
        0.0001157320   0.0000508302  -0.0000545219  -0.0000199536  -0.0000197283
        0.0000055500  -0.0002213850  -0.0000659002  -0.0002623631   0.0002418470
       -0.0005163089  -0.0008376382  -0.0003850731  -0.0001644715   0.0023334489
       -0.0021158672   0.0035694430  -0.0097112621  -0.0034560242  -0.0007815281
        0.0030221549  -0.0180719377  -0.0215834880   0.0254999411  -0.0923868042
       -0.0517340933  -0.0333522443   0.4966506519   0.0064196302  -0.0446388742
       -0.0759145637   0.0055728904   0.0043354139   0.0050638599  -0.0008782073
        0.0023840365   0.0001824648  -0.0016342880  -0.0113838347  -0.0541703695
        0.0233620276   0.0016861679   0.0009104177   0.0009678034  -0.0000344109
       -0.0003499318   0.0000652200   0.0000612394   0.0001121878   0.0000250129
       -0.0000240648   0.0002708068   0.0000191492  -0.0000103794   0.0000124900
        0.0000167674   0.0000921454   0.0000125049   0.0000259247  -0.0000153019
        0.0000443711  -0.0000125225   0.0001053294   0.0001219858   0.0001531131
        0.0000532477  -0.0000699538  -0.0000150507   0.0000195305  -0.0000255430
       -0.0000138468   0.0000318312  -0.0000074503   0.0000058337   0.0000261389
        0.0000205308   0.0000175291   0.0000597417   0.0000797303  -0.0000699431
       -0.0000031178   0.0000021393   0.0000041584   0.0000213449   0.0000257576
        0.0000233812   0.0002834568   0.0001557657   0.0005798890  -0.0000117464
        0.0000453745   0.0000035234  -0.0037398718   0.0042282213  -0.0076005793
       -0.0018595174   0.0037909337   0.0006139169   0.0678330995  -0.2243286708
        0.0451300737  -0.0040899559  -0.0413379573  -0.0004276075   0.0006047831
       -0.0001483626  -0.0003083708   0.0007889178   0.0005670285  -0.0006968553
        0.0005847792   0.0003486954  -0.0000285385   0.0003129801  -0.0001928285
       -0.0000845157  -0.0000003255   0.0000006005   0.0000030230   0.0000060097
       -0.0000073913  -0.0000011219  -0.0000059402  -0.0000091908  -0.0000019177
        0.0000139642  -0.0000334702  -0.0000842871  -0.0002887407  -0.0001177618
       -0.0002172472  -0.0000478193   0.0000355642  -0.0000456536   0.0000335748
        0.0000606181   0.0000377211   0.0000320741  -0.0000337811  -0.0000645518
       -0.0002075374   0.0001405118  -0.0000596425  -0.0004136545  -0.0004697360
        0.0003013368  -0.0000474652  -0.0001039846  -0.0000622448   0.0000072494
        0.0000135879   0.0000791094   0.0000936706   0.0000289941   0.0000200807
       -0.0001919638  -0.0001165097   0.0002196783  -0.0039981460  -0.0006639578
       -0.0021757704   0.0005253152   0.0000081493   0.0001950718   0.0011909894
        0.0025955955  -0.0016695987  -0.0164287834  -0.0093148237   0.0030710515
        0.0014465031  -0.0185275149  -0.0211669400   0.0401056424  -0.0568495460
       -0.1458657031   0.0678226746   0.0064196302   0.4701841029   0.0173674328
        0.0032517244  -0.0746733083   0.0178419146   0.0105253459  -0.0068278243
        0.0026465421  -0.0008075161  -0.0032348938   0.0026177440   0.0234747469
       -0.0022568161  -0.0018878097  -0.0010043030   0.0002603586   0.0001850264
       -0.0000441727  -0.0003951844  -0.0000694494   0.0000864875   0.0002245652
       -0.0000416841   0.0000019612   0.0000723721  -0.0000123740  -0.0000273870
       -0.0000079607  -0.0000467787  -0.0000127020   0.0000040581  -0.0000319430
        0.0000223032   0.0000411633  -0.0000231268   0.0001135271  -0.0000119361
       -0.0000129220  -0.0000891514  -0.0000433113  -0.0000142451   0.0000229507
        0.0000103059  -0.0000061108   0.0000007713   0.0000163728  -0.0000203599
       -0.0000037682   0.0000101542  -0.0000325077   0.0000295356   0.0000581460
        0.0000056756   0.0000087537  -0.0000142298   0.0000282386   0.0000058770
       -0.0000016890  -0.0001958537  -0.0003833745  -0.0002814651   0.0001131100
        0.0000720589   0.0001180040   0.0000445075  -0.0066066546   0.0044280551
        0.0040862050  -0.0039440756  -0.0057180943  -0.0191976639   0.0493784896
       -0.0484764493  -0.1134056219   0.0013475321  -0.1665153692   0.0003752716
        0.0000185733  -0.0001636873  -0.0005628446   0.0005722787   0.0004660436
        0.0007785978   0.0008102376   0.0001260099  -0.0001905731   0.0000950174
        0.0000801681   0.0000043750   0.0000056000   0.0000039561   0.0000096342
        0.0000009872   0.0000082271   0.0000000459   0.0000067807  -0.0000022546
       -0.0001598967   0.0002332654  -0.0000619368  -0.0005224841   0.0011065849
        0.0018602958   0.0001484618   0.0000948357  -0.0000895675  -0.0000218126
       -0.0000928300  -0.0000442940  -0.0001395438   0.0000537077  -0.0002611904
       -0.0008696390   0.0001598757  -0.0001575753  -0.0033051640  -0.0022194483
        0.0005735157  -0.0000676032  -0.0000365064  -0.0000847542   0.0001266824
        0.0002895026   0.0001424140  -0.0001936210  -0.0000146556  -0.0002139555
       -0.0012008394  -0.0005731302   0.0004853240  -0.0299589583  -0.0031778896
       -0.0069064162  -0.0009569914  -0.0002750345  -0.0011067052   0.0066053086
       -0.0039650324  -0.0011007159  -0.0710854639  -0.0027846249  -0.0085140989
        0.0004665607  -0.0002833518  -0.0012387368  -0.0223355327  -0.0021075418
        0.0206743740  -0.1300024723  -0.0446388742   0.0173674328   0.4927563318
        0.0215756869  -0.0651945378  -0.0876398940   0.0066871488   0.0368207038
       -0.0371585133  -0.0014471419   0.0179130012  -0.0867496782   0.0408516681
       -0.0081393388  -0.0043420394   0.0024698378  -0.0058645075  -0.0001034705
       -0.0009414386  -0.0001044779   0.0001298652   0.0002709402   0.0001788627
       -0.0000131658   0.0003168724   0.0000564761  -0.0000386096  -0.0000363087
        0.0000012556   0.0000489102  -0.0000290557   0.0001176823  -0.0000846111
       -0.0000300238  -0.0000822301   0.0001341791   0.0002792010   0.0006978759
        0.0000379888  -0.0001299341   0.0001266033   0.0000372529  -0.0000549975
       -0.0000262552   0.0000489079  -0.0000341502   0.0000501786  -0.0000023464
        0.0000381939   0.0000504644   0.0000747688   0.0002853599   0.0002513413
        0.0000238180  -0.0000059434   0.0000372628   0.0000643998   0.0000405144
        0.0001247786   0.0010961667   0.0003773183   0.0005869634  -0.0000511822
        0.0002368413  -0.0000138725  -0.0003136263  -0.0001157963  -0.0004273590
       -0.0007385650   0.0007988195   0.0033844590   0.0047542869   0.0036746750
       -0.0025298001  -0.0264336056  -0.0156447099   0.0048684480   0.0079086233
       -0.0031795312  -0.0101509541  -0.0057115328   0.0053470108   0.0058137415
       -0.0053205300  -0.0038662917  -0.0000140976   0.0010195870   0.0004845293
        0.0001453350   0.0000236051   0.0000177394   0.0000017344  -0.0000051515
       -0.0000311609  -0.0000003057   0.0000208392   0.0000252747  -0.0000028408
        0.0002968609  -0.0001283459   0.0001946472   0.0012704713  -0.0027048116
       -0.0028152253  -0.0000744096  -0.0001175489  -0.0001502378   0.0001439846
        0.0001782948   0.0001130073   0.0002395055  -0.0002423360  -0.0001790878
       -0.0006058593   0.0011643360   0.0002177837  -0.0007447685  -0.0012035787
        0.0002705701   0.0002890443  -0.0000443738   0.0001394468   0.0000382559
       -0.0007941239  -0.0000183090  -0.0000812227   0.0001659250   0.0000149358
       -0.0011304672  -0.0007381219   0.0010415172  -0.0117696222   0.0013223450
       -0.0058543323   0.0006902297   0.0016219818   0.0012431989  -0.0117031125
       -0.0002446798  -0.0177585913  -0.0132575299  -0.0682293472  -0.0158142492
        0.0007244891  -0.0001745984  -0.0005005385   0.0063183193   0.0091975923
        0.0007401161  -0.0377860911  -0.0759145637   0.0032517244   0.0215756869
        0.4228992394   0.0063776921   0.0066420975  -0.0618379479  -0.0200395464
       -0.0132138209   0.0060251660   0.0104801539   0.0445619086  -0.1840362156
        0.0299923787   0.0163473173  -0.0040499713   0.0210622494  -0.0006804488
        0.0001675757  -0.0003742598  -0.0000345441  -0.0001243974   0.0001859675
        0.0002456212  -0.0006598264   0.0000828520   0.0000040110  -0.0000041595
       -0.0001225713  -0.0001003912   0.0000824398   0.0000492734  -0.0000495652
        0.0000090536   0.0000263325  -0.0003984486  -0.0000622673  -0.0015017461
        0.0000536328  -0.0000340084  -0.0000617025  -0.0000190663   0.0000507352
        0.0000095908  -0.0000631403   0.0000101313   0.0000117408  -0.0001157787
       -0.0000303619  -0.0000372884  -0.0001541020  -0.0001307205  -0.0002354853
        0.0000537130   0.0000602476  -0.0000486075  -0.0000571234  -0.0000460587
       -0.0001302909   0.0000102008  -0.0024721986  -0.0003288054   0.0002811028
       -0.0000256049   0.0003922382   0.0000174649  -0.0002265887  -0.0000690997
        0.0022874908  -0.0014965817  -0.0027440057  -0.0169324968  -0.0192422414
        0.0100576417  -0.0054407798  -0.0024398316   0.0003027142  -0.0011641473
        0.0008303456   0.0004538860   0.0169651727  -0.0128036603  -0.0189143867
       -0.0032016941  -0.0028816735  -0.0002346660  -0.0002412434  -0.0006173252
        0.0011978136  -0.0000331928  -0.0000197322  -0.0000014513  -0.0000121056
        0.0000217398   0.0000221477   0.0000085914  -0.0000293461   0.0000028639
       -0.0000377436   0.0001787699   0.0001560803   0.0013355512  -0.0036436469
       -0.0019502584   0.0001575425  -0.0000411933   0.0001373977  -0.0001517167
       -0.0002181134  -0.0001332367  -0.0002456067   0.0001134278   0.0001583727
        0.0002260431  -0.0006155084  -0.0000122275   0.0010640811   0.0002843441
       -0.0013891284  -0.0000402563   0.0004092755  -0.0001287213   0.0001135721
        0.0003927678  -0.0000035025  -0.0002023876  -0.0001337580  -0.0003427042
       -0.0002071032  -0.0000017165  -0.0003422564  -0.0044631228  -0.0033959830
        0.0059195561  -0.0006553125   0.0004322738  -0.0009773774  -0.0124924958
       -0.0078262294  -0.0304206636  -0.0122525324  -0.0051446054  -0.0812104892
       -0.0003934360   0.0020684614   0.0005231795   0.0280935639   0.0083493543
       -0.0176744720   0.0178718165   0.0055728904  -0.0746733083  -0.0651945378
        0.0063776921   0.4519201713   0.0395180526  -0.0210971948  -0.1299378548
        0.0190435304   0.0028867809  -0.0074393910  -0.0076179139   0.0252456220
       -0.0747669876  -0.0083440137   0.0035231035  -0.0100193960  -0.0001551949
       -0.0001970388   0.0010031524   0.0001003264  -0.0000694809  -0.0006713921
        0.0000607429   0.0002918468  -0.0001244094  -0.0000092137  -0.0000087892
        0.0000793170   0.0001084947   0.0000232657   0.0000966910   0.0000802303
       -0.0000112156   0.0000004640  -0.0005030638   0.0000779503  -0.0013056246
        0.0000514219  -0.0000672321   0.0000839624   0.0000160909  -0.0000466574
       -0.0000099119   0.0000382791  -0.0000097253  -0.0000204698   0.0000543886
        0.0000321744   0.0000170131   0.0001533620  -0.0001326665   0.0000866206
       -0.0000017873  -0.0000434806   0.0000451404   0.0000102944   0.0000066981
        0.0000317626   0.0005419842   0.0003274006   0.0013342857   0.0000264366
        0.0000785818  -0.0001913678  -0.0000842616  -0.0002284718   0.0009789801
        0.0019839246  -0.0018740052  -0.0037211359   0.0038419691   0.0057298485
       -0.0030714303  -0.0185030463  -0.0115093483   0.0062389754   0.0168812531
       -0.0082343996  -0.0296718933  -0.0014086501   0.0003943494   0.0021019329
        0.0013020177   0.0013852402  -0.0006977971   0.0002580949   0.0003400961
        0.0000169550   0.0000121701   0.0000070596  -0.0000115343  -0.0000006927
        0.0000079100  -0.0000087505   0.0000188548   0.0000132750  -0.0000023177
        0.0000054678  -0.0000784940   0.0000651816   0.0002994986  -0.0005812770
       -0.0004365338  -0.0002620141  -0.0003448166  -0.0001303536  -0.0000614746
        0.0000994473   0.0000417266   0.0000421206  -0.0000520858   0.0000596279
       -0.0001439890   0.0000767744   0.0000131186  -0.0001358318  -0.0000586674
       -0.0008853565   0.0005566868   0.0009838190   0.0002118672   0.0000544170
       -0.0000601870   0.0000702186  -0.0001137501  -0.0002918453  -0.0002731638
       -0.0009579812   0.0005848185  -0.0002934150  -0.0098472431  -0.0085776139
       -0.0152184265   0.0001726822   0.0002895133   0.0001352841  -0.0022078525
       -0.0003205175  -0.0024697838   0.0033780938  -0.0063043166  -0.0079355315
       -0.0002077893   0.0000575114  -0.0005171529  -0.0029359773  -0.0018905788
        0.0010466868  -0.0118966185   0.0043354139   0.0178419146  -0.0876398940
        0.0066420975   0.0395180526   0.4247331100  -0.0279631319   0.0863687294
       -0.1278793285  -0.0586801752  -0.0087234906  -0.0128769571   0.0293615319
        0.0079522020   0.0002128584  -0.0000933310  -0.0004067430  -0.0002397927
       -0.0000433746   0.0001844533   0.0000430159  -0.0002031759  -0.0001330569
        0.0000714792  -0.0001827661  -0.0000896954   0.0000069380   0.0000518379
       -0.0000039591   0.0000194744   0.0000151294  -0.0000078882   0.0000270329
       -0.0000021280  -0.0000064855  -0.0000712122  -0.0000318091  -0.0002727559
        0.0000283752   0.0000206453  -0.0000045809  -0.0000201508   0.0000272381
       -0.0000039433  -0.0000665277   0.0000092917  -0.0000533810  -0.0000216718
        0.0000076842  -0.0000287063  -0.0024074754   0.0004851105  -0.0012938965
        0.0000290483  -0.0000136371  -0.0000075968  -0.0000267778  -0.0000000092
       -0.0000994080  -0.0001446659  -0.0002283414  -0.0001821898   0.0000825941
       -0.0000488823   0.0000608241   0.0000161704   0.0000932609  -0.0001626605
       -0.0003959293   0.0005271245   0.0007875022   0.0003825319   0.0006031451
       -0.0004550317   0.0006891255   0.0003530768   0.0000857290  -0.1041319762
        0.0192598046  -0.1016662279  -0.0520166100   0.0561695310  -0.0115897036
       -0.0180808740  -0.0149181250  -0.0014583290   0.0039384232   0.0009173571
        0.0003694320  -0.0000077447  -0.0000089062   0.0000084606   0.0000027799
       -0.0000008015  -0.0000036960   0.0000061853   0.0000078298  -0.0000078679
       -0.0000460957  -0.0000047201   0.0000014988   0.0000998976  -0.0000692615
       -0.0002649452  -0.0001252418   0.0001185145   0.0000951431  -0.0001054024
       -0.0002189945  -0.0001412360  -0.0001293710   0.0000703624   0.0000013131
       -0.0001124337  -0.0004272084  -0.0002669475  -0.0000696013  -0.0001916845
       -0.0000241614  -0.0010680875  -0.0004217157  -0.0003674226   0.0000787327
        0.0002695234   0.0000671879  -0.0000900764  -0.0001672175  -0.0001712166
       -0.0003067088   0.0000340443  -0.0008674477  -0.0034738346  -0.0016786185
       -0.0071125737  -0.0003338255   0.0000086454   0.0000550803  -0.0002858320
       -0.0001096567  -0.0005362925  -0.0014550633   0.0006255604  -0.0067178462
       -0.0001798258  -0.0001964549  -0.0000183943  -0.0031507834  -0.0014942357
        0.0014774759  -0.0058990632   0.0050638599   0.0105253459   0.0066871488
       -0.0618379479  -0.0210971948  -0.0279631319   0.5396583564  -0.0170911101
       -0.0545368315  -0.1176771408  -0.0055852676   0.0338583826  -0.0435625806
       -0.0167813254   0.0000846653   0.0002482679   0.0005614035  -0.0004440155
       -0.0002746264   0.0005582991  -0.0001603618  -0.0004496558  -0.0005229843
        0.0000582129   0.0001750274  -0.0000685717  -0.0000010758   0.0000323783
        0.0000314561   0.0000502243   0.0000131300   0.0000112304   0.0000414103
        0.0000153934  -0.0000022806  -0.0000153495  -0.0000010874   0.0000086479
       -0.0000315975  -0.0000046047   0.0000122110   0.0000593415  -0.0000456807
        0.0000006623   0.0000651316   0.0000115727  -0.0000037271   0.0000357797
        0.0000244406   0.0000223693   0.0032246149  -0.0006340789   0.0015742821
       -0.0000073380  -0.0000057745   0.0000190225  -0.0000342911   0.0000226059
       -0.0000210224   0.0004332822   0.0000051688   0.0002244113   0.0000235753
        0.0000603646   0.0000159089  -0.0000557977   0.0001318477   0.0000030820
       -0.0005041527   0.0004306262   0.0008240326  -0.0007216134   0.0003388133
        0.0006570943   0.0000552184   0.0000877812   0.0003319918   0.0188106017
       -0.0475328591   0.0262785259   0.0543511091  -0.2509783658   0.0355905546
        0.0060965145   0.0053018892   0.0005415615  -0.0228075793  -0.0247627208
       -0.0018011686  -0.0000041707  -0.0000110838  -0.0000123129  -0.0000117954
        0.0000138193  -0.0000145321   0.0000165050  -0.0000040180   0.0000001892
        0.0001421104  -0.0000232441   0.0000938879   0.0004324172  -0.0008656825
       -0.0010083884  -0.0002312377  -0.0001564931  -0.0000626747  -0.0001075030
        0.0000358250  -0.0000184181  -0.0000688624  -0.0000054155   0.0000836199
       -0.0001895426   0.0000100432  -0.0000067937   0.0002649589   0.0001855436
       -0.0007478219   0.0000026816   0.0005365428   0.0000957270   0.0000861345
       -0.0000377466   0.0000631527  -0.0000493940  -0.0009824559  -0.0006488314
       -0.0011867839   0.0002063134  -0.0036740603  -0.0151076342  -0.0179129777
       -0.0111645281  -0.0000304415  -0.0000427125   0.0000694625  -0.0028298806
        0.0002869682  -0.0037783405   0.0025649061  -0.0134589764  -0.0357029064
       -0.0001363034   0.0000959576   0.0003428219   0.0011270141   0.0005238898
        0.0004155876   0.0039070841  -0.0008782073  -0.0068278243   0.0368207038
       -0.0200395464  -0.1299378548   0.0863687294  -0.0170911101   0.5019899545
       -0.0094594822  -0.0044775528  -0.0607113808   0.0004317554  -0.0024396589
        0.0098878080  -0.0000475591  -0.0006997881  -0.0002329219   0.0003949551
       -0.0000898329  -0.0006096919  -0.0000204799   0.0005274118   0.0004270869
       -0.0000386783   0.0001878817   0.0001223617   0.0000117901   0.0000108068
       -0.0000100865  -0.0000111535   0.0000074677   0.0000414008  -0.0000379827
       -0.0000242514  -0.0000151942  -0.0001587802  -0.0000001627  -0.0003648366
       -0.0000072686  -0.0000329394  -0.0000158035  -0.0000179914   0.0000057525
        0.0000067795  -0.0000076362  -0.0000067620  -0.0000219656   0.0000092137
        0.0000086369  -0.0000040696  -0.0008866277   0.0002038796  -0.0004394042
        0.0000067522   0.0000150839   0.0000145579  -0.0002323520  -0.0000167109
       -0.0002647164   0.0000199184  -0.0000722292  -0.0000375074   0.0000098439
       -0.0000224368   0.0000176109  -0.0000724092   0.0000144092   0.0001190278
       -0.0000050771  -0.0001903827  -0.0002223639  -0.0002284673  -0.0003244806
        0.0002825960  -0.0010863026  -0.0004927372   0.0009267567  -0.1080741390
        0.0311321327  -0.2122697071  -0.0090887519   0.0314321160  -0.0490091339
        0.0107692672   0.0088273629   0.0015878669   0.0060496915   0.0061359608
        0.0012125425   0.0000005546   0.0000081373   0.0000011417   0.0000027780
       -0.0000071909   0.0000067855  -0.0000045380  -0.0000064389  -0.0000013109
        0.0001765716   0.0000028613   0.0000897174   0.0001185580   0.0000042087
       -0.0001402918  -0.0000214807  -0.0004737561   0.0003966940  -0.0000349998
       -0.0001043992  -0.0000870952  -0.0007536701  -0.0003072624   0.0006789798
       -0.0003462499   0.0029655720   0.0001693084  -0.0111874713   0.0063275050
       -0.0229786282  -0.0004875772  -0.0001585416  -0.0015155889   0.0003918951
       -0.0009959162  -0.0001551705  -0.0001490130  -0.0005168052  -0.0007031166
       -0.0004161161  -0.0014925348  -0.0037015663  -0.0590672723   0.0008535985
       -0.0167428349  -0.0002282133   0.0000183868  -0.0001345402  -0.0020740659
       -0.0005457559   0.0001670130  -0.0015506216  -0.0044854641   0.0169788091
       -0.0003477964   0.0003320327   0.0002933238  -0.0011548284  -0.0005481732
        0.0007791955  -0.0020077264   0.0023840365   0.0026465421  -0.0371585133
       -0.0132138209   0.0190435304  -0.1278793285  -0.0545368315  -0.0094594822
        0.5203769895  -0.0520758835  -0.0668191071  -0.0036898217  -0.0022666149
        0.0024228945  -0.0017757740  -0.0007164712   0.0007691298  -0.0011445186
        0.0005409116   0.0013827165  -0.0009041191  -0.0019696847  -0.0020220537
        0.0002622760  -0.0003505014  -0.0003921003   0.0000348465   0.0001504774
        0.0000138477   0.0000153134   0.0000055265   0.0000201723  -0.0000820065
       -0.0000188654   0.0000921075  -0.0000095794   0.0000080215  -0.0000209440
       -0.0000057654  -0.0000071356  -0.0000166547   0.0000079327   0.0000234077
        0.0000365745   0.0000078252   0.0000729762  -0.0001376797  -0.0001805684
        0.0000724998  -0.0000782573   0.0001076121   0.0003518708  -0.0004447312
        0.0000708235   0.0000145644   0.0000708739  -0.0001656331  -0.0000196207
       -0.0001848450  -0.0001103870  -0.0000229374   0.0001072842   0.0000538515
       -0.0000265667   0.0000453707  -0.0001675320   0.0000390784   0.0000490249
       -0.0001342454   0.0001595661   0.0002823686   0.0001981949   0.0001938027
       -0.0000524881   0.0000654353  -0.0000324124   0.0000502873  -0.0125522739
       -0.0091557692  -0.0017712724   0.0049632225   0.0022540490   0.0008926437
       -0.1978976498   0.0588713052   0.1028150980  -0.0631659496   0.0683819393
       -0.0227244061  -0.0000037211  -0.0000044038   0.0000003794   0.0000153863
        0.0000140108   0.0000043275  -0.0000122452   0.0000039194  -0.0000153602
       -0.0000457884  -0.0000660339   0.0002423927   0.0000050566   0.0000259992
        0.0000278935  -0.0005514942   0.0004289840  -0.0001330593   0.0001720444
       -0.0000874380   0.0000532110   0.0004045495   0.0004976478  -0.0003932739
        0.0009961907  -0.0027640412  -0.0000338225   0.0060555304   0.0001171546
        0.0148927653   0.0011615741  -0.0009238179   0.0009727245  -0.0001026491
        0.0013256963   0.0005299594   0.0003856195  -0.0038946792  -0.0016268239
       -0.0036274939  -0.0002020280  -0.0211710662   0.0019620874  -0.0634177050
        0.0012596858  -0.0001401580  -0.0002442081  -0.0001076714  -0.0005741052
       -0.0007488000   0.0000423189   0.0003108501   0.0017404034   0.0081245748
       -0.0002158910   0.0002592277   0.0002302260   0.0000707663   0.0001430632
       -0.0000151992   0.0001105127   0.0001824648  -0.0008075161  -0.0014471419
        0.0060251660   0.0028867809  -0.0586801752  -0.1176771408  -0.0044775528
       -0.0520758835   0.4949967737  -0.0321137795   0.0014005048   0.0004051182
       -0.0008244700  -0.0008534153  -0.0005151144  -0.0001700240  -0.0015160765
        0.0010704968   0.0008717458  -0.0007827080  -0.0021446744  -0.0015987448
        0.0002228192  -0.0002224812  -0.0005495887   0.0000669988   0.0003316146
       -0.0000521039   0.0000112191   0.0000510860  -0.0000358451   0.0001198079
        0.0000208368   0.0000197439  -0.0000125125   0.0000073180  -0.0000235305
        0.0000247117   0.0000291159  -0.0000392332  -0.0000031437   0.0000016550
       -0.0000222930   0.0000154721  -0.0000143646   0.0000780118   0.0001417538
       -0.0000348947   0.0000599870   0.0002069149  -0.0008084653   0.0004257403
       -0.0000356695  -0.0000222300   0.0000082532  -0.0008145248  -0.0001628476
       -0.0010484580   0.0001288936   0.0000185793  -0.0001463389   0.0002330841
       -0.0000645738  -0.0000370409  -0.0000347101   0.0000057081   0.0000158366
        0.0000693574  -0.0000196484  -0.0000009934   0.0001771296   0.0002597640
       -0.0001614842   0.0000768007   0.0000381846   0.0000849014   0.0002200552
        0.0007425471  -0.0003535765  -0.0212908538  -0.0195114098   0.0004610955
        0.0579111842  -0.0619405782  -0.0370626438   0.0701672789  -0.2331983924
        0.0716908857  -0.0000116938  -0.0000125991   0.0000103385  -0.0000036714
       -0.0000153359   0.0000123430  -0.0000090079  -0.0000111031   0.0000047180
        0.0000344859   0.0001531556   0.0001380956  -0.0001362973  -0.0000440888
       -0.0002294737  -0.0001486239  -0.0002014713   0.0003393307   0.0000057516
       -0.0003095653  -0.0001340216  -0.0007747092   0.0002099437   0.0003552603
        0.0012241957   0.0011367005  -0.0003089415  -0.0120642412   0.0064216949
       -0.0141908449   0.0005201316  -0.0015434347  -0.0006685463   0.0000056074
        0.0000484187  -0.0000878279   0.0004286830  -0.0012349730  -0.0003361140
       -0.0026293248  -0.0049774428  -0.0115681356  -0.0146623583  -0.0013512281
       -0.1478667371  -0.0000883467   0.0003366095   0.0004195891   0.0017446764
        0.0011479718  -0.0008933559   0.0144472505   0.0049019337  -0.0249012803
        0.0004433624  -0.0002795371  -0.0002325650   0.0010475760   0.0003584831
       -0.0006111991   0.0014229325  -0.0016342880  -0.0032348938   0.0179130012
        0.0104801539  -0.0074393910  -0.0087234906  -0.0055852676  -0.0607113808
       -0.0668191071  -0.0321137795   0.4462426076   0.0016241582   0.0008782490
        0.0006759252   0.0007313803   0.0003128338  -0.0008113473   0.0005532367
        0.0008907837   0.0003391928  -0.0005895354  -0.0006301922   0.0000700312
        0.0000658008   0.0005588328   0.0000040629   0.0000092916   0.0000539143
        0.0000215207   0.0000515878   0.0000209957   0.0000718451  -0.0000463859
       -0.0000376143  -0.0000260742   0.0000060863   0.0000441562   0.0000319327
        0.0000066371  -0.0000553762   0.0000120771   0.0000438523  -0.0000330434
       -0.0000496874   0.0000781240   0.0000248260  -0.0000669284  -0.0000271935
        0.0000329287   0.0001008657  -0.0000172883   0.0002414004  -0.0001570567
        0.0000063516  -0.0000219024   0.0001048631  -0.0003064757   0.0000132760
       -0.0003500762  -0.0001292144   0.0000965748   0.0000945150   0.0000257921
        0.0000593017   0.0000176873   0.0001192011   0.0000333398   0.0000342496
        0.0001068769  -0.0001348027  -0.0001696058  -0.0000858108  -0.0000283985
        0.0000839112  -0.0001070283  -0.0000149253   0.0000158001  -0.0191901672
       -0.0129716402  -0.0010744884   0.0035005357   0.0032286703   0.0002176717
        0.1037099453  -0.0387916672  -0.1057305608  -0.0233296644   0.0703181755
       -0.0675299471   0.0000096136   0.0000137650  -0.0000165824  -0.0000203271
       -0.0000055454  -0.0000093216   0.0000094643  -0.0000169050   0.0000153504
        0.0000516257  -0.0001375934  -0.0000878217   0.0000953143   0.0001791143
        0.0002732842  -0.0002405328  -0.0000568639  -0.0001186629   0.0000645654
        0.0000875122   0.0000523421   0.0001169840  -0.0000527349  -0.0000054096
        0.0000304608   0.0001974997   0.0001464341   0.0006760436  -0.0001110215
        0.0003547207  -0.0002108196  -0.0001445946  -0.0002353825  -0.0000477915
       -0.0001582897  -0.0000827087   0.0001377195   0.0001843113   0.0003515637
        0.0001607126   0.0001138781  -0.0000932749   0.0010952684   0.0000767104
       -0.0004220527  -0.0013022621  -0.0050673293  -0.0048722728   0.0004881088
        0.0002771508   0.0016952239  -0.0113290656   0.0224213356  -0.0130161584
       -0.0012232929  -0.0019138055   0.0022454120   0.0008669790  -0.0008862689
        0.0017717927   0.0123794655  -0.0113838347   0.0026177440  -0.0867496782
        0.0445619086  -0.0076179139  -0.0128769571   0.0338583826   0.0004317554
       -0.0036898217   0.0014005048   0.0016241582   0.1128898034  -0.0842359163
        0.0182534757  -0.0034585747   0.0007013718  -0.0037191384   0.0007451195
        0.0011870378  -0.0000067491  -0.0003421990  -0.0003785066  -0.0000632467
       -0.0000732072  -0.0003548340  -0.0000798118   0.0000696268   0.0000416416
        0.0000667017  -0.0000286256  -0.0000019509  -0.0001320186   0.0000791797
        0.0000378801   0.0000924557  -0.0000349871  -0.0001987343   0.0000071892
       -0.0000764721   0.0002453272  -0.0000828320  -0.0000022083   0.0000486692
        0.0000298285  -0.0000527645   0.0000296111   0.0000026542  -0.0000586850
       -0.0000313518  -0.0000262782   0.0001546667  -0.0001610467   0.0000616518
       -0.0000547933   0.0000601808  -0.0000833638  -0.0000003447  -0.0000332296
       -0.0000021467  -0.0031394806  -0.0012868816  -0.0028146968  -0.0011329377
       -0.0000933807  -0.0018912593   0.0000839829  -0.0001539919  -0.0000509718
        0.0005147906  -0.0001689986  -0.0002829627  -0.0009684634  -0.0044305464
        0.0026597629   0.0015619722   0.0001897959   0.0009530990   0.0005623700
       -0.0006629461  -0.0015659499  -0.0043740406   0.0036554887   0.0039246800
       -0.0002424203   0.0014257256  -0.0003310553  -0.0010653392   0.0011018566
        0.0000767808  -0.0000085708  -0.0000239243  -0.0000404960  -0.0000013613
        0.0000538299   0.0000142761  -0.0000390626  -0.0000081487   0.0000176483
       -0.0000569170   0.0000545271   0.0000679656   0.0000097450   0.0004379723
        0.0003192626   0.0002318641   0.0001179997   0.0001489937  -0.0000473139
       -0.0000749311  -0.0000432578  -0.0002120425   0.0001923257   0.0000919858
        0.0001401204  -0.0009136103  -0.0002951609   0.0002982102   0.0002605473
       -0.0002462559   0.0001174945  -0.0000374249  -0.0000536841  -0.0001615127
        0.0009648575  -0.0000481166  -0.0000381417  -0.0001428627   0.0002076200
       -0.0001216031  -0.0002730624  -0.0006889025  -0.0002851871  -0.0004155842
        0.0009737927  -0.0052019316  -0.0042414518  -0.0068121555   0.0000719578
       -0.0009270320  -0.0013938515   0.0172867276  -0.0081878405   0.0192913434
       -0.0006592816   0.0004395346   0.0008231289   0.0022037870  -0.0003165681
       -0.0017341183   0.0040539410  -0.0541703695   0.0234747469   0.0408516681
       -0.1840362156   0.0252456220   0.0293615319  -0.0435625806  -0.0024396589
       -0.0022666149   0.0004051182   0.0008782490  -0.0842359163   0.3036662113
       -0.0560382363   0.0017107174   0.0001873758   0.0015214177   0.0010747031
       -0.0000795052  -0.0002683353  -0.0002330469   0.0001648385   0.0002203641
       -0.0003720185   0.0001998010  -0.0000178144   0.0000887087   0.0000733090
        0.0000353811   0.0000181949  -0.0000203060  -0.0000183244  -0.0001081716
        0.0000067849  -0.0000431836  -0.0000355617   0.0001540941   0.0002954912
        0.0000108981   0.0000652375  -0.0001517444  -0.0000571486   0.0000363919
       -0.0000033216   0.0000043137   0.0000035075  -0.0000112399   0.0000267966
        0.0000109368   0.0000191720  -0.0002002368   0.0002109473  -0.0000109811
       -0.0000989069  -0.0000789063   0.0000700397   0.0000737797   0.0000887466
        0.0001024810  -0.0024351737  -0.0012469571  -0.0032512776  -0.0007599546
        0.0000064272  -0.0010980453  -0.0001132343  -0.0001920564   0.0003868841
        0.0000485837  -0.0001772536  -0.0004797907  -0.0067046756  -0.0074363433
        0.0047865957   0.0029390306   0.0015812892  -0.0006292676  -0.0018460285
        0.0002766026   0.0029497101   0.0063144583  -0.0037790733  -0.0055668155
       -0.0003691970   0.0000344601   0.0001331758  -0.0003833829   0.0005880567
       -0.0006780817   0.0000440881   0.0000190608   0.0000166869   0.0000516673
        0.0000012688  -0.0000276429  -0.0000297879   0.0000617048  -0.0000108457
       -0.0000431685  -0.0002154526   0.0000377804   0.0000673385   0.0001991670
        0.0009731736  -0.0000592963   0.0000500942   0.0000368123   0.0000702357
        0.0000409251   0.0000380024   0.0000325230   0.0000159909   0.0000431827
       -0.0000095189  -0.0000757807  -0.0002477768   0.0002054566  -0.0000679139
        0.0004292291  -0.0000653553  -0.0003657144   0.0000898646  -0.0003581648
        0.0001851766   0.0002055963   0.0000589435   0.0001523398   0.0002020380
       -0.0002667089   0.0000564280  -0.0003256728   0.0005557351  -0.0000325284
       -0.0008703754  -0.0052081912  -0.0058794632  -0.0046986490   0.0005858392
        0.0000876671   0.0013822026  -0.0146945500   0.0242764767  -0.0104997002
        0.0003622100   0.0019505125  -0.0022219271   0.0004279193   0.0027922775
       -0.0042495016  -0.0013071297   0.0233620276  -0.0022568161  -0.0081393388
        0.0299923787  -0.0747669876   0.0079522020  -0.0167813254   0.0098878080
        0.0024228945  -0.0008244700   0.0006759252   0.0182534757  -0.0560382363
        0.0979675152  -0.0037983078   0.0008346662  -0.0041983525   0.0006694028
        0.0001681807  -0.0017501715  -0.0003341165   0.0000336977   0.0011053232
       -0.0001985951   0.0000453391   0.0002823733   0.0000197712   0.0000543509
       -0.0000739314  -0.0000481247  -0.0000399957  -0.0001038901   0.0000932172
        0.0000689660   0.0000276368   0.0000718078  -0.0000791609   0.0002200321
        0.0000061577   0.0001306049   0.0000356137  -0.0000170997   0.0000406829
        0.0000031100  -0.0000008289   0.0000222329  -0.0000037262  -0.0000058037
        0.0000003861  -0.0000146706  -0.0000821169   0.0001448275  -0.0001537159
       -0.0000389125   0.0000687807  -0.0000656920   0.0000716176   0.0000348965
        0.0000299291  -0.0024656701  -0.0015984952  -0.0045470076  -0.0010206573
        0.0001244265  -0.0019196358  -0.0000545235   0.0000079444   0.0000803486
       -0.0001824953   0.0002556972   0.0003503560   0.0025858638   0.0032340599
       -0.0013116146  -0.0002785782  -0.0006053640   0.0000130409   0.0003495103
       -0.0006410429   0.0020858498   0.0039380250  -0.0035768625  -0.0015246967
        0.0000391946  -0.0005409746  -0.0000761739  -0.0000995178  -0.0010043179
       -0.0003527357  -0.0000150666   0.0000049939   0.0000173230   0.0000005218
       -0.0000366876   0.0000126426  -0.0000480260  -0.0000324099   0.0000007120
        0.0001079328  -0.0003663133  -0.0000779254   0.0003699568  -0.0004443414
       -0.0004143420  -0.0001831186   0.0001812398  -0.0000410412   0.0000701757
        0.0000533479   0.0000477897   0.0000283351  -0.0000480363  -0.0000164914
       -0.0002101101  -0.0003706070  -0.0000503606   0.0010448809  -0.0009990582
       -0.0000381215  -0.0001779231  -0.0000878920  -0.0001799458   0.0000858698
        0.0002839538  -0.0000016480   0.0000275878  -0.0001504570   0.0001798329
       -0.0024980333  -0.0026004891   0.0015027433  -0.0015886305  -0.0205177040
        0.0085753036  -0.0005743599   0.0008750086   0.0011897903   0.0001620668
        0.0092110733  -0.0025692789  -0.0379228328   0.0148806863  -0.0042162711
        0.0003946423   0.0003249496   0.0000613170  -0.0004349893   0.0000576847
        0.0002273825  -0.0012891316   0.0016861679  -0.0018878097  -0.0043420394
        0.0163473173  -0.0083440137   0.0002128584   0.0000846653  -0.0000475591
       -0.0017757740  -0.0008534153   0.0007313803  -0.0034585747   0.0017107174
       -0.0037983078   0.0536689617  -0.0177652795   0.0099809235  -0.0000544060
       -0.0004803580  -0.0006715440   0.0000006656   0.0000387900   0.0000575091
       -0.0000688272  -0.0002339834   0.0001633167   0.0000117735  -0.0001421424
        0.0000217676  -0.0000558975   0.0001648281   0.0000846761  -0.0004789652
       -0.0000777280  -0.0003686052  -0.0001262708   0.0000133958  -0.0000731047
        0.0001310209  -0.0000415685   0.0001200947   0.0000539193  -0.0000143286
        0.0000159714   0.0000561497   0.0000031674   0.0000181779   0.0000562330
        0.0000057299   0.0000040792   0.0000578557   0.0003405390   0.0004332755
       -0.0000130634  -0.0000043958   0.0000486273   0.0000061234   0.0000942366
       -0.0000377650  -0.0001503441  -0.0001439132  -0.0000423895   0.0001318937
        0.0003112718  -0.0001564480  -0.0000386081  -0.0001339734  -0.0000522023
        0.0000508325  -0.0000344216  -0.0000616011  -0.0016619378  -0.0012609481
       -0.0011360146   0.0002974027   0.0001379805   0.0000189017  -0.0001236433
       -0.0000460359   0.0000896389   0.0002518713   0.0000283363   0.0001460030
        0.0000030881  -0.0000366266   0.0004023185  -0.0000531902   0.0000190024
        0.0001598885  -0.0000063825  -0.0000159854   0.0000044386  -0.0000084413
        0.0000082543  -0.0000044575   0.0000133969   0.0000076581   0.0000021005
        0.0000754833  -0.0000326066  -0.0000148952   0.0000573533   0.0007366610
        0.0009683791   0.0000417147  -0.0000873122   0.0001089192   0.0000651238
        0.0000272602   0.0000351934   0.0000571532  -0.0000077797   0.0000408314
       -0.0001833813  -0.0002545736  -0.0000487360   0.0007773573   0.0003534065
       -0.0005920857   0.0002298340   0.0003223240  -0.0000713156   0.0000172377
        0.0003058972  -0.0001926687  -0.0000729268  -0.0003400298   0.0001610757
       -0.0011600332  -0.0018917149   0.0006963587  -0.0011537927  -0.0098590154
        0.0040866776   0.0008731879  -0.0039323090  -0.0026879882   0.0017818119
       -0.0197799845   0.0047514339   0.0182154833  -0.2443230520   0.0764694661
       -0.0003585279  -0.0005811177  -0.0004112976   0.0002073136   0.0001542084
        0.0001635832  -0.0018956597   0.0009104177  -0.0010043030   0.0024698378
       -0.0040499713   0.0035231035  -0.0000933310   0.0002482679  -0.0006997881
       -0.0007164712  -0.0005151144   0.0003128338   0.0007013718   0.0001873758
        0.0008346662  -0.0177652795   0.2815887639  -0.0848464908   0.0001743731
       -0.0001904764  -0.0005906553  -0.0000846541   0.0000741712   0.0001120842
       -0.0001164908  -0.0001837270   0.0000794823   0.0000423037  -0.0000337154
        0.0000107612  -0.0000224074   0.0001279910   0.0001111330  -0.0005818068
        0.0002010109  -0.0002211719   0.0000566998   0.0002074864   0.0001684046
        0.0000787970   0.0001942893  -0.0005779984   0.0000232063  -0.0000064460
        0.0000018775  -0.0000190226  -0.0000022759  -0.0000193534   0.0000033218
       -0.0000356853   0.0000056736   0.0001371638   0.0001715751  -0.0001562953
        0.0000064479  -0.0000598190   0.0000875167   0.0000582033   0.0001284303
        0.0000106638  -0.0001068868   0.0001383715  -0.0000935520  -0.0003302098
       -0.0009964113   0.0004753076   0.0000356913   0.0001394973  -0.0000595874
       -0.0000677230  -0.0000985697   0.0000108557  -0.0010380830   0.0003271985
       -0.0005156562  -0.0002659308   0.0002390522  -0.0002585313  -0.0001680876
        0.0000907209  -0.0000638081  -0.0000485051   0.0003436558  -0.0002575120
        0.0000717239  -0.0000488193   0.0001825187  -0.0000064622   0.0000739745
       -0.0000307612   0.0000044934  -0.0000052501   0.0000033597   0.0000074732
        0.0000069947   0.0000025060  -0.0000144888   0.0000167740  -0.0000002151
       -0.0000493771  -0.0002898272  -0.0002018119   0.0000065129  -0.0006693090
        0.0012104204  -0.0000038821  -0.0001247878  -0.0001218823  -0.0001216242
       -0.0000008808  -0.0000593132  -0.0000633679   0.0000364646  -0.0000963401
        0.0000218710   0.0003063621   0.0001518713  -0.0006785892  -0.0002146375
        0.0005088213   0.0002434215   0.0003709389   0.0004219371   0.0000338596
       -0.0003003685  -0.0001316800  -0.0000746533   0.0001707275   0.0001241435
        0.0012439064   0.0004957658  -0.0008807419   0.0009843422   0.0109861069
       -0.0023361103   0.0011185829  -0.0033289209  -0.0020596697   0.0017917079
       -0.0177964731   0.0052530500  -0.0050515739   0.0739101706  -0.0653531470
       -0.0001492758  -0.0004302114  -0.0002223040  -0.0000416762  -0.0000314752
        0.0001923473   0.0007602167   0.0009678034   0.0002603586  -0.0058645075
        0.0210622494  -0.0100193960  -0.0004067430   0.0005614035  -0.0002329219
        0.0007691298  -0.0001700240  -0.0008113473  -0.0037191384   0.0015214177
       -0.0041983525   0.0099809235  -0.0848464908   0.0803679728  -0.0001583868
        0.0001987446   0.0003210451   0.0000594733  -0.0000567349  -0.0000810219
        0.0000505116   0.0001063255  -0.0001021133  -0.0000169787   0.0000272638
        0.0000284649  -0.0000149972   0.0000673415  -0.0000056464  -0.0004287184
       -0.0000480081  -0.0000075266   0.0000471705   0.0001723850   0.0000468756
        0.0002380751   0.0001327192  -0.0004051751  -0.0000172214  -0.0000133072
       -0.0000120335  -0.0000502774  -0.0000209344  -0.0000099636  -0.0000285744
       -0.0000138720  -0.0000062556   0.0002554142  -0.0004940464  -0.0004574316
       -0.0000096618  -0.0000095351  -0.0000320875   0.0000703482   0.0000423547
       -0.0000168361  -0.0001213424  -0.0001079850  -0.0001999088  -0.0003715361
       -0.0009674857   0.0002170315   0.0000560999   0.0000969659  -0.0002492095
        0.0000484906   0.0000008412  -0.0001132371  -0.0008351242  -0.0006565153
        0.0002415251   0.0005494399   0.0001579660   0.0000616831   0.0000819045
       -0.0001837457   0.0003201284   0.0000069209  -0.0004702855  -0.0010665242
       -0.0000194757  -0.0000208935  -0.0002291883  -0.0001223698  -0.0001250562
       -0.0000074763   0.0000023073   0.0000099434  -0.0000005307   0.0000005526
       -0.0000051548  -0.0000002099  -0.0000021102  -0.0000052952  -0.0000002822
       -0.0026522081  -0.0006543870  -0.0044922151  -0.0002721657  -0.0000615650
        0.0005211527  -0.0002360852  -0.0000423647   0.0000304270   0.0000211322
        0.0002740096   0.0001994283   0.0002188772  -0.0002739516   0.0001840047
       -0.0003487039   0.0023232461   0.0000332661   0.0003551024   0.0004952036
        0.0006154251  -0.0002165394  -0.0000929708  -0.0001589549  -0.0027722881
       -0.0035033040   0.0035592016   0.0134502322   0.0100893759  -0.0061864560
       -0.0818859049  -0.0332934357   0.0163713399  -0.0005523350  -0.0040974711
       -0.0005113536  -0.0143725402  -0.0136114679   0.0163552342  -0.0041352407
       -0.0005877796   0.0016720064  -0.0008375027  -0.0004571791   0.0003296422
       -0.0008212551  -0.0007599484   0.0004211026  -0.0001211379  -0.0000130244
       -0.0001325006  -0.0001293573  -0.0000344109   0.0001850264  -0.0001034705
       -0.0006804488  -0.0001551949  -0.0002397927  -0.0004440155   0.0003949551
       -0.0011445186  -0.0015160765   0.0005532367   0.0007451195   0.0010747031
        0.0006694028  -0.0000544060   0.0001743731  -0.0001583868   0.4085858020
       -0.0169991529  -0.3187225394  -0.2479730960   0.0515127228   0.2724733444
       -0.0701486201   0.0261608400   0.0238570037   0.0038441677  -0.0120414658
       -0.0059599807   0.0003151776   0.0012069778  -0.0014954471   0.0000479832
        0.0001632567  -0.0000932956  -0.0001248086  -0.0000808652   0.0000223166
        0.0000231583   0.0002582809  -0.0001879961  -0.0000563098   0.0000335626
       -0.0000414447  -0.0000168118   0.0000051815  -0.0000508396  -0.0001041733
        0.0000556672  -0.0002156360   0.0000118127  -0.0000512753  -0.0001207176
       -0.0001569165   0.0010434969  -0.0012001940   0.0007819757   0.0003126351
       -0.0002957891  -0.0002177624  -0.0010320764  -0.0002019660  -0.0000505070
        0.0002950039   0.0006475517   0.0000035760  -0.0000417618  -0.0000444523
        0.0000670404   0.0000670799  -0.0000484698  -0.0000200788   0.0001523027
       -0.0000535931   0.0000548705   0.0000066321   0.0000473335   0.0001681092
        0.0000679965  -0.0000119980   0.0000169718   0.0001167381  -0.0000329131
        0.0000823929   0.0010375659   0.0002883590   0.0008915798  -0.0003475222
       -0.0006326386  -0.0013512088  -0.0024472948   0.0024035802   0.0016172023
       -0.0007215621   0.0002217841  -0.0001865387  -0.0030400746  -0.0008511521
       -0.0006772507  -0.0003602529  -0.0016337005  -0.0004257525  -0.0001192000
        0.0006301247  -0.0004828670  -0.0000376918  -0.0002496958   0.0002944717
        0.0000942085   0.0000444184   0.0004539418  -0.0000659775   0.0000680497
        0.0003096764  -0.0016540238  -0.0002330694   0.0006666624  -0.0005891420
        0.0002263038   0.0002077605  -0.0012425079  -0.0007229032  -0.0002476534
       -0.0000798469   0.0005602682   0.0049447121  -0.0006799298   0.0141463619
       -0.0307846314  -0.1066673688   0.0336808352  -0.0096574310  -0.0222132863
        0.0095465914  -0.0034495172   0.0052051324   0.0008541173   0.0032330715
       -0.0006000117  -0.0006123683  -0.0009860136  -0.0034671052  -0.0001267706
       -0.0007824627   0.0007010093  -0.0000467845   0.0001936977   0.0000540464
       -0.0001575583  -0.0001438254  -0.0003499318  -0.0000441727  -0.0009414386
        0.0001675757  -0.0001970388  -0.0000433746  -0.0002746264  -0.0000898329
        0.0005409116   0.0010704968   0.0008907837   0.0011870378  -0.0000795052
        0.0001681807  -0.0004803580  -0.0001904764   0.0001987446  -0.0169991529
        0.4718114596   0.0559106091   0.0423719728  -0.0847861384  -0.0622911934
        0.0178255407  -0.2067818039  -0.0435407864  -0.0052225273  -0.0483707515
        0.0004068282   0.0000067865   0.0005437000  -0.0008348101   0.0000449181
       -0.0002018561   0.0000763588   0.0001139802  -0.0001686036  -0.0003282128
        0.0001427732   0.0001666664  -0.0000808656  -0.0000758782   0.0002467672
        0.0001246852  -0.0002079645   0.0001647790   0.0000148590  -0.0003070878
       -0.0000264798  -0.0000640274   0.0001246294   0.0001162370   0.0001234364
       -0.0004320062   0.0006786630  -0.0003626787  -0.0008565972   0.0004552323
       -0.0029382278   0.0008343640   0.0009346790  -0.0001148961   0.0011055102
        0.0000206813  -0.0019437630   0.0002607698  -0.0000897707  -0.0002200872
        0.0002902605  -0.0000093553   0.0001106477  -0.0000728174   0.0000505084
        0.0000163771   0.0000510847   0.0000565738   0.0001145861   0.0001675439
        0.0000797382   0.0000368557   0.0001025983   0.0000735310  -0.0000960061
        0.0002193236  -0.0008091097  -0.0005375769  -0.0017950151   0.0000836359
       -0.0011234410  -0.0018505002  -0.0052349426   0.0022679034  -0.0006842967
        0.0011156381  -0.0016472832   0.0019124200   0.0012587364   0.0000198244
       -0.0016086668   0.0008221398  -0.0030284825   0.0002290596  -0.0001354214
       -0.0003509503   0.0001266578  -0.0002426327  -0.0002583734   0.0000956741
        0.0001855700  -0.0000209846   0.0004457216  -0.0005020822  -0.0004381154
       -0.0001220215   0.0018338874   0.0023022091  -0.0006399003  -0.0014666762
       -0.0009691891   0.0003164939   0.0002672201   0.0001035240   0.0019800458
       -0.0011772016  -0.0014752866   0.0013193537   0.0182134916  -0.0270281228
        0.0237151769   0.0488554187  -0.0882736553  -0.0044426934  -0.0031538348
        0.0075481872   0.0078364553   0.0011086544  -0.0062226809  -0.0009365758
       -0.0006086671   0.0001061377  -0.0010475469  -0.0029179123   0.0002790009
        0.0011858911  -0.0002364585  -0.0000918430  -0.0002483684   0.0000197795
        0.0002840200   0.0001731636   0.0000652200  -0.0003951844  -0.0001044779
       -0.0003742598   0.0010031524   0.0001844533   0.0005582991  -0.0006096919
        0.0013827165   0.0008717458   0.0003391928  -0.0000067491  -0.0002683353
       -0.0017501715  -0.0006715440  -0.0005906553   0.0003210451  -0.3187225394
        0.0559106091   0.6707860323   0.2727588462  -0.0759604289  -0.4630904399
        0.0239980080  -0.0562671744  -0.0964203788  -0.0059235969   0.0113502793
        0.0095603257   0.0000990475   0.0002436014  -0.0003456613  -0.0000958071
       -0.0002686150   0.0000248218   0.0001100123   0.0001063767  -0.0001301130
       -0.0002077934  -0.0004058172   0.0002580376   0.0000334008  -0.0001465836
        0.0000185491   0.0000267602  -0.0001254564   0.0000443776  -0.0000468924
       -0.0000705590   0.0001637203  -0.0001155097  -0.0001592605   0.0000858217
       -0.0000159715  -0.0000941292  -0.0000396653   0.0006231714  -0.0001689550
       -0.0011534423  -0.0006853484   0.0004776346   0.0017459177   0.0002098281
       -0.0004411497  -0.0007620904  -0.0001010784   0.0000511775   0.0000629488
       -0.0002146072  -0.0000343574  -0.0001551848   0.0001099091  -0.0000880013
        0.0000235579  -0.0001163346  -0.0000321843  -0.0000950618  -0.0003466552
       -0.0002054254  -0.0001148579   0.0000325201   0.0001352319   0.0000051826
        0.0000282931  -0.0015412198  -0.0005197467  -0.0034288931  -0.0013049071
       -0.0008924790   0.0024150052   0.0022295273  -0.0026153436  -0.0011328519
        0.0038181684   0.0000208502   0.0015467584   0.0018643284   0.0021605840
        0.0014460027   0.0004993389   0.0016782064   0.0002316932   0.0000704709
       -0.0003258424   0.0000954845   0.0000768616  -0.0000293660   0.0000420180
       -0.0001033598  -0.0001005062   0.0000299569   0.0001026233  -0.0001721444
        0.0001019192  -0.0015282907   0.0002015331  -0.0002901829  -0.0000028004
       -0.0002707072   0.0000146135   0.0000238593   0.0000041710   0.0013351596
        0.0023938274  -0.0028965114  -0.0060034364  -0.0030645467   0.0013468126
       -0.0039076020  -0.0002278628   0.0336838603   0.0001552650   0.0024936975
       -0.0007990785  -0.0008902458  -0.0019297097   0.0010513730  -0.0011061616
       -0.0001250539   0.0001590440   0.0002012733   0.0003228894  -0.0000104400
        0.0004698745  -0.0001507940   0.0000083729  -0.0000956795  -0.0000665971
        0.0000754819   0.0000705596   0.0000612394  -0.0000694494   0.0001298652
       -0.0000345441   0.0001003264   0.0000430159  -0.0001603618  -0.0000204799
       -0.0009041191  -0.0007827080  -0.0005895354  -0.0003421990  -0.0002330469
       -0.0003341165   0.0000006656  -0.0000846541   0.0000594733  -0.2479730960
        0.0423719728   0.2727588462   0.2601813830  -0.0712112659  -0.3431868120
        0.0000605695   0.0345088037   0.0424051022  -0.0014027240  -0.0014187976
       -0.0043390606  -0.0001602387  -0.0005456605   0.0006383968  -0.0000695105
       -0.0001568984   0.0000985580   0.0000647492   0.0000565760  -0.0000187175
       -0.0000270441  -0.0001422078   0.0000510325   0.0000035762  -0.0000002570
        0.0000450674  -0.0000021624  -0.0000041798   0.0000438821   0.0000382797
       -0.0000529982   0.0001680626  -0.0000122752   0.0000668561   0.0000949649
       -0.0000918169  -0.0003701474   0.0005587006  -0.0002078810   0.0000827955
       -0.0001471070   0.0002259214   0.0003797578   0.0000378766   0.0000662034
        0.0002022311  -0.0002916678  -0.0000157923   0.0000487707   0.0000278426
       -0.0000900659   0.0000184883  -0.0000469877   0.0000494071  -0.0000688361
        0.0000263141  -0.0000035470   0.0000149798  -0.0000315315  -0.0000440293
        0.0000046173   0.0000326823  -0.0001404848  -0.0001503197   0.0000711915
       -0.0002705834  -0.0003810113  -0.0002177911  -0.0012565278  -0.0017960604
       -0.0004840816   0.0005037908  -0.0005268802  -0.0007037733  -0.0006117496
        0.0006176089  -0.0008237610   0.0003579084   0.0009015843   0.0004822932
        0.0001316227  -0.0001174740   0.0002736537   0.0000458921   0.0000069694
       -0.0000430509   0.0002241813   0.0000536607   0.0001400309  -0.0001287553
       -0.0001533593  -0.0000556270  -0.0003144016   0.0001802976   0.0000339211
       -0.0001879493   0.0000254168  -0.0003121689  -0.0003400611   0.0002992125
        0.0000383271  -0.0000908309   0.0004280213   0.0001850193  -0.0004125928
       -0.0000924651   0.0006318435   0.0001059883  -0.0013088765   0.0011860499
       -0.0139008324   0.0065542820   0.0165160751   0.0002542310   0.0009664186
       -0.0002436052  -0.0015494692  -0.0017916911   0.0025991024  -0.0008673916
        0.0002182228   0.0002380707   0.0004203683   0.0006800021  -0.0002434762
        0.0000509566  -0.0002146310   0.0000891951  -0.0000385683  -0.0000299570
        0.0000060577  -0.0000281804   0.0001121878   0.0000864875   0.0002709402
       -0.0001243974  -0.0000694809  -0.0002031759  -0.0004496558   0.0005274118
       -0.0019696847  -0.0021446744  -0.0006301922  -0.0003785066   0.0001648385
        0.0000336977   0.0000387900   0.0000741712  -0.0000567349   0.0515127228
       -0.0847861384  -0.0759604289  -0.0712112659   0.1198880380   0.1186779947
        0.0362132686  -0.0412458201  -0.0612946361   0.0026672185   0.0014873941
       -0.0032596156  -0.0000016803  -0.0000046836   0.0001188000  -0.0000331606
        0.0001363839  -0.0000716501  -0.0000302172   0.0000129346   0.0000517123
        0.0000012640   0.0000137713  -0.0000311881   0.0000365779  -0.0000777000
       -0.0000477896   0.0000896293  -0.0000491594  -0.0000132266   0.0001275755
        0.0000304832  -0.0000014127  -0.0000086472   0.0000222930  -0.0000573068
        0.0000192270  -0.0001751226   0.0001791876   0.0000134654  -0.0001361934
        0.0002049876   0.0002695901  -0.0003882178  -0.0000634745  -0.0002629849
       -0.0001162549   0.0004556977  -0.0000699054   0.0000159310   0.0000451250
       -0.0000816732   0.0000059529  -0.0000165143   0.0000151945   0.0000164614
       -0.0000127467  -0.0000223458  -0.0000216151  -0.0000266054   0.0000393419
        0.0000332200   0.0000218806  -0.0001066036  -0.0000514839   0.0000358331
       -0.0003630265   0.0004015414   0.0003506714  -0.0003572596  -0.0013417991
       -0.0000317182   0.0007887730   0.0014455243  -0.0007385359  -0.0005095841
        0.0009392782   0.0002150099   0.0001319353   0.0006084613   0.0003393423
       -0.0007150319  -0.0001768966  -0.0008466626  -0.0002210332  -0.0000183288
        0.0003880617   0.0000397632   0.0000436201   0.0001390814  -0.0000082959
       -0.0001870183  -0.0000135171  -0.0002221483   0.0001823672   0.0002284124
        0.0000591520  -0.0004836183  -0.0010774920   0.0000915715   0.0004131307
        0.0002849822  -0.0001393191  -0.0001246378   0.0000324180  -0.0009284983
        0.0008392828   0.0003035640   0.0023807824   0.0006400862   0.0020499788
        0.0310384416  -0.0028674654  -0.0315842126  -0.0005380517  -0.0026753287
       -0.0002329508   0.0003671039   0.0056286175  -0.0026820951   0.0029663300
       -0.0000270272  -0.0006200279   0.0000959044   0.0000290372  -0.0003571628
       -0.0007536427   0.0005853323  -0.0001435917   0.0002686853   0.0000330839
       -0.0002085512  -0.0001760010   0.0000250129   0.0002245652   0.0001788627
        0.0001859675  -0.0006713921  -0.0001330569  -0.0005229843   0.0004270869
       -0.0020220537  -0.0015987448   0.0000700312  -0.0000632467   0.0002203641
        0.0011053232   0.0000575091   0.0001120842  -0.0000810219   0.2724733444
       -0.0622911934  -0.4630904399  -0.3431868120   0.1186779947   0.5370072292
        0.0419797529  -0.0586616358  -0.0429512506  -0.0031910861   0.0024925042
        0.0018059008   0.0000661252   0.0002682887  -0.0003277425   0.0000414749
        0.0001500945  -0.0000472280  -0.0000904055  -0.0000814151   0.0000675769
        0.0000386226   0.0002298548  -0.0001179408   0.0000172792   0.0000610430
       -0.0000329218   0.0000071839   0.0000343281  -0.0000437675   0.0000714135
        0.0000184641  -0.0000838819   0.0000776033   0.0000903940  -0.0000646721
        0.0000881656  -0.0000120605   0.0000571466   0.0000098455  -0.0000454236
        0.0000289115  -0.0002655885  -0.0005401740  -0.0005448163   0.0001316668
       -0.0001918674   0.0003458590   0.0000281908  -0.0000440095  -0.0000187514
        0.0001419620  -0.0000356527   0.0001558761  -0.0000823024   0.0000524861
       -0.0000266106   0.0000319090  -0.0000120042   0.0000558940   0.0002140272
        0.0000755624   0.0000777491  -0.0000806390  -0.0001481785  -0.0000159712
       -0.0002210737   0.0008356031   0.0002364728   0.0013339716  -0.0003146837
        0.0003988090  -0.0005912219   0.0009153902   0.0010096199   0.0008323757
       -0.0011390696   0.0001702288  -0.0014995120  -0.0006405766  -0.0007861059
       -0.0000352785   0.0002155253   0.0001705966  -0.0000293156  -0.0000973791
        0.0000392191   0.0000553464   0.0000178565  -0.0000069650   0.0000004726
       -0.0000690556  -0.0000433568  -0.0000796923   0.0001427307   0.0000202008
        0.0000232973  -0.0007445521  -0.0001364634  -0.0001034337  -0.0001303112
       -0.0000986157   0.0001037089  -0.0000924447  -0.0000156074   0.0002676954
        0.0007894036  -0.0002841716  -0.0000436288  -0.0007914224  -0.0000729220
        0.0040656697  -0.0129043028  -0.0022791883  -0.0003465965  -0.0022063254
        0.0015210066  -0.0007697557  -0.0013992477   0.0010160496   0.0002594643
       -0.0000502444  -0.0000896436  -0.0000103070  -0.0002587062  -0.0000771107
        0.0001827940   0.0000353558  -0.0000227492   0.0000091003   0.0000126784
        0.0000545986  -0.0000062826  -0.0000240648  -0.0000416841  -0.0000131658
        0.0002456212   0.0000607429   0.0000714792   0.0000582129  -0.0000386783
        0.0002622760   0.0002228192   0.0000658008  -0.0000732072  -0.0003720185
       -0.0001985951  -0.0000688272  -0.0001164908   0.0000505116  -0.0701486201
        0.0178255407   0.0239980080   0.0000605695   0.0362132686   0.0419797529
        0.1659622777   0.0219717084  -0.1324601783  -0.0873015064  -0.0347335160
        0.0450729997   0.0000236712   0.0000317159   0.0000766816   0.0000228497
        0.0000803294  -0.0000800416   0.0000072827   0.0000154289  -0.0000537183
        0.0000387566  -0.0000467919   0.0000506864   0.0000083168   0.0000026451
        0.0000144509  -0.0000063028   0.0000055566   0.0000095364   0.0000112201
       -0.0000259567   0.0000324931   0.0000016661   0.0000361116   0.0000367011
        0.0000202107  -0.0001892103   0.0002000796  -0.0001809919   0.0002814229
        0.0004056582   0.0006312174   0.0003830263   0.0002975426  -0.0004989928
       -0.0004349268  -0.0002754544   0.0000181014   0.0000090106  -0.0000300249
       -0.0000113222   0.0000070902  -0.0000160309   0.0000163375  -0.0000376894
        0.0000127182   0.0000010997   0.0000138404   0.0000015497  -0.0000133318
        0.0000076908   0.0000161289   0.0000174922  -0.0000231620   0.0000105113
        0.0000341349  -0.0003030623  -0.0000681600  -0.0003579887   0.0001040709
        0.0000762776   0.0022225382   0.0014025799  -0.0025583132   0.0053296453
        0.0053957185   0.0014454798  -0.0196301440  -0.0304760781   0.0222116903
        0.0006775180   0.0005106204   0.0011663934   0.0001548940   0.0000947130
       -0.0002942184   0.0002092811   0.0001028527   0.0001282441  -0.0002353259
       -0.0000124576  -0.0000226444  -0.0002785074   0.0001551798   0.0000336774
       -0.0001464535  -0.0002775002  -0.0004447553  -0.0005488970  -0.0002368136
       -0.0003159424   0.0002838718   0.0003772256   0.0002497512   0.0003033476
        0.0010259378  -0.0001714999  -0.0030943293  -0.0033020576  -0.0033902879
       -0.0049195571  -0.0474839537   0.0061360452  -0.0023023842  -0.0022693249
        0.0040233231   0.0023169319  -0.0017833407  -0.0019887700  -0.0009413209
       -0.0001197917  -0.0002209932  -0.0006307678  -0.0012683006  -0.0002931952
        0.0002997890  -0.0002011560  -0.0000932982   0.0000683244   0.0000324952
       -0.0000103863  -0.0000637783   0.0002708068   0.0000019612   0.0003168724
       -0.0006598264   0.0002918468  -0.0001827661   0.0001750274   0.0001878817
       -0.0003505014  -0.0002224812   0.0005588328  -0.0003548340   0.0001998010
        0.0000453391  -0.0002339834  -0.0001837270   0.0001063255   0.0261608400
       -0.2067818039  -0.0562671744   0.0345088037  -0.0412458201  -0.0586616358
        0.0219717084   0.4669918658   0.0123119789  -0.0436593593  -0.1169901255
        0.0570516782   0.0000498787  -0.0002716072   0.0004460278   0.0000252981
        0.0000791365  -0.0000716071  -0.0000489336   0.0001337845   0.0001679596
       -0.0000308331  -0.0000240611  -0.0000311222   0.0000102949  -0.0000782877
       -0.0000448736   0.0000577535  -0.0000163072   0.0000004743   0.0000986663
        0.0000564805   0.0000082895  -0.0000862384   0.0000338366  -0.0000286533
        0.0002055125  -0.0003277967   0.0002287380   0.0003695975   0.0002231138
        0.0011756884  -0.0005744999   0.0000905387  -0.0002568667  -0.0006681486
        0.0000881883   0.0012589762  -0.0000966036   0.0000525795   0.0001070439
       -0.0000937036   0.0000115456  -0.0000360210   0.0000917236   0.0000479010
       -0.0000150200  -0.0000068082   0.0000025676  -0.0000665131  -0.0000060344
        0.0000326203   0.0000065839   0.0000170179   0.0000600744   0.0000763248
        0.0000376423   0.0007585565   0.0002281571   0.0007999009   0.0001165171
       -0.0001803778  -0.0137237338  -0.0308706945   0.0152888505  -0.0035810464
       -0.0116667931   0.0160585021  -0.0121761194  -0.0054299383   0.0055609612
        0.0000725778   0.0002422551   0.0005911969   0.0000139673  -0.0000125600
       -0.0000249588  -0.0000161510   0.0000832845   0.0000820910  -0.0000440167
       -0.0000167781   0.0000131756  -0.0002109948   0.0001177268   0.0000985090
        0.0000260576  -0.0003882491  -0.0005066922   0.0001480909   0.0002763790
        0.0001435125  -0.0000542011   0.0000556986   0.0000488115   0.0000276210
        0.0007101692   0.0004085743  -0.0006838713   0.0000358169  -0.0018296964
       -0.0002766588   0.0143990268   0.0087679613   0.0012448661   0.0019916747
       -0.0018316829   0.0013238193   0.0012393786  -0.0007875822  -0.0000588711
        0.0001466804   0.0000586944   0.0001330556   0.0006227745   0.0000653831
       -0.0001100471  -0.0000566032   0.0000247118   0.0000199191  -0.0000001699
       -0.0000202045  -0.0000177715   0.0000191492   0.0000723721   0.0000564761
        0.0000828520  -0.0001244094  -0.0000896954  -0.0000685717   0.0001223617
       -0.0003921003  -0.0005495887   0.0000040629  -0.0000798118  -0.0000178144
        0.0002823733   0.0001633167   0.0000794823  -0.0001021133   0.0238570037
       -0.0435407864  -0.0964203788   0.0424051022  -0.0612946361  -0.0429512506
       -0.1324601783   0.0123119789   0.2675120229   0.0439087914   0.0431892903
       -0.1127518067  -0.0000008789  -0.0001617340   0.0001733254   0.0000294949
        0.0001142624  -0.0000439695  -0.0000770468  -0.0000126139   0.0000937881
        0.0000300391   0.0000518936   0.0000003064  -0.0000018988   0.0000095171
       -0.0000177260   0.0000117423   0.0000141067  -0.0000146095   0.0000576336
        0.0000128883  -0.0000261575   0.0000039071   0.0000122615  -0.0000350649
        0.0002145092  -0.0001458666   0.0000248428   0.0002138078   0.0008058147
        0.0004483308  -0.0000601155  -0.0000928245   0.0000019050  -0.0000961850
        0.0003367809   0.0000706076  -0.0000220278  -0.0000067523   0.0000126898
        0.0000055989   0.0000028356   0.0000054424  -0.0000085723  -0.0000085504
       -0.0000105486   0.0000208892   0.0000001651   0.0000062857   0.0000684736
        0.0000412373   0.0000100447   0.0000195744  -0.0000273289  -0.0000107978
        0.0000390881   0.0005005640   0.0000740928   0.0005639992   0.0000341433
       -0.0000180592  -0.0055771441  -0.0083582950   0.0080500790   0.0156254066
        0.0303838676  -0.0237076399   0.0100334093   0.0068357671  -0.0060322060
        0.0001632142  -0.0001016445   0.0002274316   0.0000065829   0.0000483914
       -0.0000241560  -0.0000218852  -0.0000426053  -0.0000226662   0.0000257116
        0.0000090891   0.0000143842   0.0000176380  -0.0000737474  -0.0000025219
        0.0000081755   0.0005153442   0.0001470598   0.0000210212  -0.0001082345
       -0.0000322282  -0.0000343573   0.0000552800   0.0000144797  -0.0002719234
       -0.0005145452   0.0001568934  -0.0000815222  -0.0003808115   0.0008891618
        0.0037918196   0.0009350050   0.0025574216   0.0003441745   0.0000568465
       -0.0001610152   0.0002643293   0.0005899994  -0.0003597985   0.0001443263
        0.0001119416  -0.0000658627   0.0000678455   0.0000363812  -0.0000248257
       -0.0000357709   0.0000022830  -0.0000073764  -0.0000111805   0.0000076092
        0.0000099552   0.0000256994  -0.0000103794  -0.0000123740  -0.0000386096
        0.0000040110  -0.0000092137   0.0000069380  -0.0000010758   0.0000117901
        0.0000348465   0.0000669988   0.0000092916   0.0000696268   0.0000887087
        0.0000197712   0.0000117735   0.0000423037  -0.0000169787   0.0038441677
       -0.0052225273  -0.0059235969  -0.0014027240   0.0026672185  -0.0031910861
       -0.0873015064  -0.0436593593   0.0439087914   0.4828719727  -0.0438766971
        0.0119089892  -0.0000541552  -0.0001028376   0.0000451584  -0.0000242272
       -0.0000091894   0.0000506027   0.0000002467  -0.0000363091   0.0000077277
       -0.0000056966   0.0000210104  -0.0000037819   0.0000121555  -0.0000134975
       -0.0000084218   0.0000079093  -0.0000127270  -0.0000069468  -0.0000078817
        0.0000024361  -0.0000179377   0.0000080020  -0.0000348950  -0.0000148278
       -0.0000317591   0.0000876392  -0.0001532573   0.0000032708  -0.0002584148
       -0.0001705672  -0.0002332105  -0.0001833418  -0.0000199064  -0.0000405845
       -0.0002704681   0.0001201933  -0.0000135468  -0.0000148958   0.0000122332
       -0.0000076302  -0.0000198707   0.0000040761  -0.0000163198  -0.0000017899
       -0.0000050748  -0.0000165916  -0.0000194805  -0.0000037860  -0.0000107670
       -0.0000225262  -0.0000207545  -0.0000011977   0.0000115654  -0.0000222023
       -0.0000191333   0.0000034027   0.0000097191  -0.0000243310  -0.0000943298
       -0.0000830807  -0.0535523465   0.0441706462   0.0276207449  -0.0824562338
        0.0025457087  -0.0886287894  -0.2660363555   0.0430063806   0.0112671586
        0.0000513760   0.0000600289   0.0000308005   0.0000024680   0.0000282077
       -0.0000192106   0.0000001847   0.0000005524  -0.0000061897   0.0000131419
       -0.0000311273  -0.0000131430  -0.0001120998   0.0000555174   0.0000144225
        0.0000478309  -0.0001767799  -0.0000876822  -0.0000554520  -0.0000936038
       -0.0000378203   0.0000578232  -0.0000302140   0.0000159119  -0.0001068483
        0.0003872774  -0.0001293583   0.0000965938   0.0002120763   0.0000781302
        0.0012734515  -0.0040783303  -0.0034750135  -0.0005273311  -0.0008599877
        0.0009907845   0.0005271180   0.0010377434  -0.0003541927   0.0000652964
        0.0000554677  -0.0000758856  -0.0000892839  -0.0005359870  -0.0000628361
       -0.0000366577  -0.0000296081   0.0000277682  -0.0000130853  -0.0000016484
        0.0000034229   0.0000253697   0.0000124900  -0.0000273870  -0.0000363087
       -0.0000041595  -0.0000087892   0.0000518379   0.0000323783   0.0000108068
        0.0001504774   0.0003316146   0.0000539143   0.0000416416   0.0000733090
        0.0000543509  -0.0001421424  -0.0000337154   0.0000272638  -0.0120414658
       -0.0483707515   0.0113502793  -0.0014187976   0.0014873941   0.0024925042
       -0.0347335160  -0.1169901255   0.0431892903  -0.0438766971   0.4590509851
        0.0594234257  -0.0000468467  -0.0000755344   0.0000500003  -0.0000361996
        0.0000222398   0.0000323354  -0.0000221619  -0.0000511846   0.0000321950
        0.0000082147   0.0000439254   0.0000076617   0.0000213142  -0.0000267823
       -0.0000055515   0.0000188514  -0.0000232590  -0.0000045471   0.0000367985
       -0.0000244045   0.0000109870   0.0000126172  -0.0000151055   0.0000045753
        0.0000378188  -0.0000915682   0.0000658932   0.0000038532  -0.0002116789
        0.0002950805  -0.0001963501  -0.0003116959   0.0000598628  -0.0002035615
       -0.0002787723   0.0002043505  -0.0000355556  -0.0000172895   0.0000153747
       -0.0000166498  -0.0000174288   0.0000051189  -0.0000245455  -0.0000163945
        0.0000027042  -0.0000330540  -0.0000277215   0.0000055368  -0.0000169230
       -0.0000388540  -0.0000084404  -0.0000348783  -0.0000219136  -0.0000185222
       -0.0000755106  -0.0000595553   0.0000253537  -0.0000549281  -0.0001215865
       -0.0000070292   0.0477426698  -0.2018805832  -0.1129803445   0.0047339971
       -0.0409520191   0.0031480097   0.0389661045  -0.0473918378  -0.0044061722
        0.0000736779   0.0000147764   0.0001536543   0.0000020390  -0.0000036568
       -0.0000176867   0.0000001632   0.0000041844  -0.0000061791  -0.0000202361
        0.0000266902   0.0000088674   0.0000642051  -0.0000303973  -0.0000234033
       -0.0000470087   0.0000675503   0.0000774435  -0.0000231106  -0.0000171504
       -0.0000228513   0.0000307094  -0.0000029939  -0.0000103544  -0.0000334390
       -0.0001528801  -0.0000459467  -0.0002471012  -0.0003718685   0.0001917559
        0.0023549252  -0.0023282747   0.0016545287   0.0000191178  -0.0002520890
        0.0001582953   0.0002397519  -0.0003458990  -0.0002885723   0.0000143462
        0.0000039357  -0.0000185322   0.0000272239   0.0001094581  -0.0000563894
        0.0000263689   0.0000410081  -0.0000327817   0.0000260916  -0.0000012349
       -0.0000202317  -0.0000068345   0.0000167674  -0.0000079607   0.0000012556
       -0.0001225713   0.0000793170  -0.0000039591   0.0000314561  -0.0000100865
        0.0000138477  -0.0000521039   0.0000215207   0.0000667017   0.0000353811
       -0.0000739314   0.0000217676   0.0000107612   0.0000284649  -0.0059599807
        0.0004068282   0.0095603257  -0.0043390606  -0.0032596156   0.0018059008
        0.0450729997   0.0570516782  -0.1127518067   0.0119089892   0.0594234257
        0.4879724997   0.0000058198   0.0000214287   0.0000068049   0.0000222319
        0.0000077930  -0.0000399473   0.0000188189   0.0000441574  -0.0000055014
       -0.0000122258  -0.0000174030  -0.0000144864  -0.0000126523   0.0000070301
        0.0000085740  -0.0000129876   0.0000105203   0.0000090342  -0.0000298291
        0.0000096721   0.0000012065  -0.0000153150   0.0000016679   0.0000050774
       -0.0000614036   0.0000553925  -0.0000194620   0.0000190478   0.0001940870
       -0.0001635066  -0.0000538284   0.0002218817  -0.0000539603   0.0001468693
        0.0003455925  -0.0000024943   0.0000218900   0.0000201974  -0.0000010125
        0.0000149358   0.0000128820   0.0000062234   0.0000181083   0.0000221995
       -0.0000003613   0.0000105622   0.0000153980  -0.0000068242  -0.0000159153
        0.0000045324   0.0000002384   0.0000093986   0.0000332189   0.0000175019
        0.0000417538   0.0000068179   0.0000021105  -0.0000465390   0.0000183374
       -0.0000588018   0.0283203785  -0.1071824360  -0.1127436131  -0.0903289054
        0.0000942465  -0.2329793398   0.0126563354  -0.0042503799  -0.0422933201
       -0.0742068638  -0.0166050975  -0.0797873330  -0.0182384907  -0.0050775389
       -0.0269137754  -0.0000537770  -0.0000273605  -0.0000135965   0.0000329052
        0.0001464466   0.0000704029   0.0001269513  -0.0001375452  -0.0000277949
       -0.0002132808   0.0005484927   0.0002303753   0.0000073708  -0.0000836505
       -0.0000417852  -0.0000301446  -0.0000259604  -0.0000185574   0.0003993213
       -0.0005515189  -0.0001642934   0.0034827856   0.0004685364   0.0082733074
       -0.0001275591  -0.0008299947   0.0011152055  -0.0000307945  -0.0000316296
       -0.0000325293   0.0000492306  -0.0000419964   0.0000301505  -0.0060957905
       -0.0006844262   0.0004643263  -0.0000889799   0.0001329222   0.0001783818
       -0.0005724432   0.0003393347  -0.0014787752  -0.0003108963  -0.0000362345
        0.0001247841   0.0000103230   0.0000921454  -0.0000467787   0.0000489102
       -0.0001003912   0.0001084947   0.0000194744   0.0000502243  -0.0000111535
        0.0000153134   0.0000112191   0.0000515878  -0.0000286256   0.0000181949
       -0.0000481247  -0.0000558975  -0.0000224074  -0.0000149972   0.0003151776
        0.0000067865   0.0000990475  -0.0001602387  -0.0000016803   0.0000661252
        0.0000236712   0.0000498787  -0.0000008789  -0.0000541552  -0.0000468467
        0.0000058198   0.0907213795   0.0206204600   0.0914844395   0.0043341188
        0.0020921207   0.0068631624   0.0007216100   0.0000145507  -0.0009505460
       -0.0002717267  -0.0002790728   0.0000377453  -0.0000173004  -0.0000198529
       -0.0000136279   0.0000105383  -0.0000216505  -0.0000097890  -0.0000269770
        0.0000048227  -0.0000048674  -0.0000325493  -0.0000191767  -0.0000074253
       -0.0002224010  -0.0000028841   0.0000324443   0.0005537734   0.0002108378
        0.0001055265   0.0000261798  -0.0000056701   0.0001413621  -0.0000446580
        0.0000688519  -0.0000026953   0.0000002527   0.0000097960  -0.0000092425
       -0.0000142025  -0.0002099240   0.0000847583   0.0000262326  -0.0000031059
       -0.0000012492   0.0000106612   0.0000067636   0.0000043125  -0.0000102306
       -0.0000042999   0.0000054732  -0.0000099570  -0.0000042552   0.0000149567
        0.0000089466  -0.0000175246  -0.0000022748  -0.0000251341  -0.0000016071
        0.0000080292  -0.0000035776   0.0000072517   0.0000000861  -0.0000028222
        0.0000064512  -0.0000036551   0.0000043463  -0.0000127851   0.0000054403
       -0.0171620787  -0.0522178299  -0.0429333552   0.0002438588   0.0009730147
       -0.0001504628   0.0002235171  -0.0000133381   0.0000534302  -0.0000898468
       -0.0001914761  -0.0001078569  -0.0001576727   0.0001688590   0.0000025682
        0.0001353121  -0.0001379372  -0.0003441772   0.0001991173  -0.0002459390
       -0.0005246372  -0.0001205117   0.0003519605   0.0000538483   0.0000308924
       -0.0001161622  -0.0004149254   0.0056827094   0.0009065730   0.0199718411
       -0.0011602289  -0.0025279078   0.0038763697   0.0000242654  -0.0001803274
       -0.0000350499  -0.0001412553   0.0001274077  -0.0001738166   0.0003773668
        0.0003142546   0.0004520069  -0.0000311987  -0.0000449946   0.0000159120
        0.0000037775  -0.0000208606  -0.0000389336   0.0000003246   0.0000344270
        0.0000235905  -0.0000013599   0.0000125049  -0.0000127020  -0.0000290557
        0.0000824398   0.0000232657   0.0000151294   0.0000131300   0.0000074677
        0.0000055265   0.0000510860   0.0000209957  -0.0000019509  -0.0000203060
       -0.0000399957   0.0001648281   0.0001279910   0.0000673415   0.0012069778
        0.0005437000   0.0002436014  -0.0005456605  -0.0000046836   0.0002682887
        0.0000317159  -0.0002716072  -0.0001617340  -0.0001028376  -0.0000755344
        0.0000214287   0.0206204600   0.0605756376   0.0464632058  -0.0104904370
       -0.0094773018  -0.0286233898   0.0006466197   0.0006593529   0.0006985487
       -0.0001316503  -0.0002218592   0.0000058195   0.0000174735   0.0000001402
        0.0000042850   0.0000119492  -0.0000091919   0.0000075722   0.0000483038
       -0.0000011021   0.0000338836   0.0000304313   0.0000142822   0.0000283481
       -0.0000214175   0.0001760829   0.0000133974   0.0005634915   0.0006821920
        0.0012426049  -0.0000501370  -0.0000121782  -0.0000380418   0.0000331750
       -0.0000491653   0.0000012851  -0.0000221256  -0.0000014816   0.0000151640
       -0.0000133782  -0.0000086801  -0.0000011565   0.0000125666   0.0000145930
        0.0000067087  -0.0000113554   0.0000023561  -0.0000068086  -0.0000142077
        0.0000079275  -0.0000078933   0.0000095151   0.0000232498   0.0000127721
       -0.0000063363  -0.0000189780   0.0000058466  -0.0000397878  -0.0000092416
       -0.0000200225   0.0000033849   0.0000029937   0.0000020997   0.0000010631
        0.0000135983  -0.0000126016   0.0000007371  -0.0000016706   0.0000040629
       -0.0803623009  -0.0422781897  -0.2297318866  -0.0016230889  -0.0003713935
       -0.0001352463   0.0000141953   0.0000824816   0.0000316329  -0.0000459252
       -0.0000229265   0.0000240113  -0.0000896917   0.0000743874   0.0000657905
        0.0004338563  -0.0001006038  -0.0008394230  -0.0001591943   0.0000819364
       -0.0000008224   0.0000722930   0.0000460687   0.0000584097   0.0001685449
       -0.0006349079   0.0009270843  -0.0066957468   0.0000203406  -0.0227924683
        0.0018331187   0.0032373220  -0.0030966660   0.0000789005   0.0001903827
        0.0001476514   0.0000377286  -0.0000662337   0.0001634100  -0.0004224085
       -0.0002969587   0.0009590365  -0.0000717281  -0.0000156013  -0.0000046185
        0.0000002645   0.0000001020  -0.0002329118   0.0000204832   0.0000766760
        0.0000616647  -0.0000067843   0.0000259247   0.0000040581   0.0001176823
        0.0000492734   0.0000966910  -0.0000078882   0.0000112304   0.0000414008
        0.0000201723  -0.0000358451   0.0000718451  -0.0001320186  -0.0000183244
       -0.0001038901   0.0000846761   0.0001111330  -0.0000056464  -0.0014954471
       -0.0008348101  -0.0003456613   0.0006383968   0.0001188000  -0.0003277425
        0.0000766816   0.0004460278   0.0001733254   0.0000451584   0.0000500003
        0.0000068049   0.0914844395   0.0464632058   0.2655426582  -0.0046796339
       -0.0065238151  -0.0124193069   0.0005294916   0.0003468773   0.0008722853
       -0.0002129445  -0.0001596670  -0.0000918047   0.0000110485   0.0000090110
       -0.0000030899   0.0000103776   0.0000212889   0.0000157579   0.0000951339
        0.0000208175  -0.0000010032   0.0000232120   0.0000708538   0.0000372165
        0.0004997846   0.0001931567  -0.0002037966  -0.0004037208  -0.0004993773
        0.0007446227   0.0001312873   0.0000210301   0.0001671892  -0.0000437675
        0.0000894658  -0.0000045140  -0.0000407216   0.0000085056   0.0000236774
       -0.0000201538  -0.0000205658   0.0000082745   0.0000314687   0.0000015901
       -0.0000006006  -0.0000000429   0.0000019216  -0.0000049016  -0.0000000644
        0.0000149910   0.0000029125   0.0000106771   0.0000081177   0.0000250574
       -0.0000006257   0.0000103669   0.0000222712   0.0000375818  -0.0000069156
        0.0000533458  -0.0000093157   0.0000143787   0.0000094752  -0.0000000282
       -0.0000242410   0.0000053491   0.0000165863  -0.0000072890  -0.0000169087
       -0.0603999421   0.0630235675   0.0172380954  -0.0170081887   0.0271245077
        0.0111177577  -0.0001276985   0.0001111916   0.0000066808  -0.0000583427
        0.0002555147   0.0001433584  -0.0004528289   0.0000462716  -0.0001030244
       -0.0013936269  -0.0005287686   0.0013539068   0.0009325339   0.0003047878
        0.0017967105   0.0001472015  -0.0000348576   0.0001934966   0.0006025145
       -0.0018091983  -0.0000996643   0.0012636943  -0.0080208705  -0.0006971381
        0.0000961402   0.0001403648  -0.0000692065   0.0000410162   0.0000644004
       -0.0005985962   0.0000604664   0.0001181528  -0.0001280677   0.0000462290
        0.0002850473   0.0004861447  -0.0000703252   0.0003962569  -0.0003987793
       -0.0002480171  -0.0000620441  -0.0000208150  -0.0000181001  -0.0000708267
       -0.0000291676  -0.0000297422  -0.0000153019  -0.0000319430  -0.0000846111
       -0.0000495652   0.0000802303   0.0000270329   0.0000414103  -0.0000379827
       -0.0000820065   0.0001198079  -0.0000463859   0.0000791797  -0.0001081716
        0.0000932172  -0.0004789652  -0.0005818068  -0.0004287184   0.0000479832
        0.0000449181  -0.0000958071  -0.0000695105  -0.0000331606   0.0000414749
        0.0000228497   0.0000252981   0.0000294949  -0.0000242272  -0.0000361996
        0.0000222319   0.0043341188  -0.0104904370  -0.0046796339   0.0796142355
       -0.0698098090  -0.0272373044  -0.0065569424   0.0010259035   0.0006710418
        0.0005116503   0.0008760885   0.0002466578  -0.0000178131  -0.0000384195
       -0.0000501494   0.0000015284  -0.0000696925  -0.0000326910  -0.0000079473
       -0.0000539332  -0.0000950687  -0.0000711534  -0.0001389062  -0.0001224783
       -0.0000782189  -0.0002187854   0.0000152037  -0.0005701317  -0.0015548808
        0.0013265117  -0.0000489597  -0.0000434385   0.0000849511  -0.0001047946
       -0.0001148347   0.0000397533   0.0001364345  -0.0000104280  -0.0000291608
        0.0000345354   0.0000236149   0.0000008000  -0.0000090128  -0.0000614572
       -0.0000318955   0.0000300752  -0.0000141149   0.0000361523  -0.0000030528
       -0.0000163361   0.0000429060   0.0000099338  -0.0000399298  -0.0000127643
       -0.0000017808  -0.0000019049   0.0000515139  -0.0000213894   0.0000053516
       -0.0000408155  -0.0000057167   0.0000044270  -0.0000001807  -0.0000007767
        0.0000004206   0.0000012075   0.0000044695  -0.0000092243  -0.0000020607
        0.0626370755  -0.2347393797  -0.0611733441   0.0030333872  -0.0024111502
       -0.0015937026   0.0002670472  -0.0001461789   0.0000173503   0.0000760042
       -0.0002242457  -0.0001388607  -0.0002517566   0.0004191850   0.0000065444
        0.0005658832   0.0008805065   0.0002638649  -0.0000498902   0.0003900700
       -0.0003816060  -0.0001075548   0.0001844116  -0.0003125474   0.0016389918
        0.0008971031  -0.0023652340   0.0021275602  -0.0266884454  -0.0020925735
       -0.0001081093  -0.0001664981  -0.0002570017   0.0000496308  -0.0000387483
        0.0001919302   0.0001975143  -0.0001160991   0.0000592869   0.0000568528
       -0.0000953632  -0.0001063078   0.0001083626   0.0002855147  -0.0001142103
       -0.0000090881  -0.0000378315  -0.0000271026  -0.0000347133   0.0000106942
       -0.0000138893  -0.0000253265   0.0000443711   0.0000223032  -0.0000300238
        0.0000090536  -0.0000112156  -0.0000021280   0.0000153934  -0.0000242514
       -0.0000188654   0.0000208368  -0.0000376143   0.0000378801   0.0000067849
        0.0000689660  -0.0000777280   0.0002010109  -0.0000480081   0.0001632567
       -0.0002018561  -0.0002686150  -0.0001568984   0.0001363839   0.0001500945
        0.0000803294   0.0000791365   0.0001142624  -0.0000091894   0.0000222398
        0.0000077930   0.0020921207  -0.0094773018  -0.0065238151  -0.0698098090
        0.2727770917   0.0706436554   0.0007859465   0.0008979756   0.0000231871
       -0.0009996774   0.0013969951   0.0003608899  -0.0000128431  -0.0000579989
        0.0000114762   0.0000022068  -0.0000657047  -0.0000079094  -0.0000320136
       -0.0000944306   0.0000361970  -0.0000789116  -0.0001117962   0.0000099886
       -0.0001242000  -0.0005564704   0.0003632643  -0.0016451913  -0.0034846924
        0.0032413922  -0.0000907528  -0.0000379811  -0.0000741996  -0.0001124597
        0.0000606835   0.0000308118  -0.0000437720  -0.0000198337  -0.0000045017
       -0.0000080148  -0.0000154329  -0.0000082859  -0.0000144250   0.0000356852
        0.0000057016  -0.0000075857  -0.0000037708  -0.0000104143  -0.0000270338
       -0.0000076117  -0.0000089194   0.0000005539   0.0000364136  -0.0000054403
       -0.0000158044  -0.0000142594   0.0000120116  -0.0000229091  -0.0000342167
       -0.0000240076  -0.0000039511   0.0000283197  -0.0000149832   0.0000193038
        0.0000109073   0.0000237914  -0.0000092816   0.0000005298  -0.0000162020
        0.0176719277  -0.0606624691  -0.0629706079   0.0032108466  -0.0016033215
       -0.0001956242  -0.0000910120  -0.0001122113  -0.0000474629   0.0001596663
        0.0001135496   0.0000004804   0.0004346217  -0.0002246547   0.0000589260
        0.0028292673   0.0020080186  -0.0004254260  -0.0001965424  -0.0006447508
       -0.0025310891   0.0001043870  -0.0007729619  -0.0006173362  -0.0012121292
       -0.0009905605   0.0005493297  -0.0043804803   0.0179331821   0.0049695497
        0.0002578420   0.0001673433   0.0003085878  -0.0006660028   0.0006083260
       -0.0010850911  -0.0000743521  -0.0000919231  -0.0001139769  -0.0000559211
        0.0000493817   0.0002998954  -0.0002485748   0.0001478655  -0.0003200795
       -0.0000315023   0.0000121807  -0.0000780269  -0.0000069090   0.0000122638
        0.0000065069  -0.0000123286  -0.0000125225   0.0000411633  -0.0000822301
        0.0000263325   0.0000004640  -0.0000064855  -0.0000022806  -0.0000151942
        0.0000921075   0.0000197439  -0.0000260742   0.0000924557  -0.0000431836
        0.0000276368  -0.0003686052  -0.0002211719  -0.0000075266  -0.0000932956
        0.0000763588   0.0000248218   0.0000985580  -0.0000716501  -0.0000472280
       -0.0000800416  -0.0000716071  -0.0000439695   0.0000506027   0.0000323354
       -0.0000399473   0.0068631624  -0.0286233898  -0.0124193069  -0.0272373044
        0.0706436554   0.0753623504   0.0010077519  -0.0001188753   0.0007155240
        0.0006041844  -0.0003348198   0.0002103904  -0.0000802455   0.0000692509
        0.0000374172  -0.0000720429   0.0000647068  -0.0000216214  -0.0001962534
       -0.0000039716  -0.0000027591  -0.0000708589   0.0000292088   0.0000549023
       -0.0000989446  -0.0001588896  -0.0000367492   0.0017209784   0.0027879838
       -0.0015873634   0.0000248403   0.0000467854  -0.0000099445   0.0000493070
        0.0000119688  -0.0000559568   0.0000012074  -0.0000211054  -0.0000379356
        0.0000225711  -0.0000168821   0.0000033747  -0.0000043997   0.0000004898
        0.0000148690   0.0000257400   0.0000083199   0.0000002957   0.0000358211
       -0.0000070685   0.0000258758  -0.0000332377  -0.0000376421  -0.0000170012
        0.0000218407   0.0000123829  -0.0000205207   0.0000348056  -0.0000130960
        0.0000502137   0.0000004264  -0.0000187614  -0.0000002804  -0.0000082960
       -0.0000039219   0.0000007218  -0.0000069234   0.0000020579   0.0000108028
       -0.0156511519   0.0238309065   0.0162811797  -0.0617863386   0.0524570259
        0.0407052467  -0.0000186285  -0.0000433902  -0.0000072586   0.0000394119
        0.0000347493   0.0000362624   0.0001036615  -0.0000947551   0.0000102701
       -0.0000946665   0.0000704401   0.0001476738  -0.0001340925  -0.0000245405
       -0.0000361461  -0.0000152334  -0.0000531135  -0.0000131264  -0.0002416616
       -0.0004434397   0.0002076034   0.0001134575   0.0007097411   0.0000138248
       -0.0000915943   0.0000515818   0.0000497166  -0.0000425978  -0.0000192578
       -0.0000237617   0.0003262597  -0.0001280610   0.0002887460   0.0028432133
       -0.0078082443  -0.0074382694  -0.0006628642   0.0003582387  -0.0016757882
        0.0008724785  -0.0007396005  -0.0010689799  -0.0000655695   0.0000078102
        0.0000126465   0.0000410690   0.0001053294  -0.0000231268   0.0001341791
       -0.0003984486  -0.0005030638  -0.0000712122  -0.0000153495  -0.0001587802
       -0.0000095794  -0.0000125125   0.0000060863  -0.0000349871  -0.0000355617
        0.0000718078  -0.0001262708   0.0000566998   0.0000471705  -0.0001248086
        0.0001139802   0.0001100123   0.0000647492  -0.0000302172  -0.0000904055
        0.0000072827  -0.0000489336  -0.0000770468   0.0000002467  -0.0000221619
        0.0000188189   0.0007216100   0.0006466197   0.0005294916  -0.0065569424
        0.0007859465   0.0010077519   0.0778692882  -0.0625408939  -0.0443909428
        0.0033199503  -0.0064805928  -0.0040696313   0.0000008246  -0.0000065704
       -0.0000072315   0.0000060455  -0.0000084962  -0.0000053425   0.0000135882
        0.0000064114  -0.0000059521  -0.0000112906   0.0000003929  -0.0000111262
        0.0000132760   0.0000893014  -0.0000245351  -0.0002138613  -0.0001556503
        0.0000081317  -0.0000837601  -0.0001389003  -0.0000018135   0.0003357418
       -0.0001758796   0.0002589469  -0.0007335687   0.0000164934  -0.0001955410
       -0.0000046282   0.0000181643   0.0000115513  -0.0000330040   0.0000524520
        0.0000404686  -0.0000129095   0.0000316555   0.0000390083   0.0000143531
       -0.0000162988  -0.0000414453  -0.0000206415   0.0000066320   0.0000069960
       -0.0000078977  -0.0000083618  -0.0000236116   0.0000007599  -0.0000107541
       -0.0000020388   0.0000074160  -0.0000062313  -0.0000019310   0.0000000040
        0.0000077466  -0.0000130982   0.0000008939   0.0000078982   0.0000005822
        0.0031781679  -0.0008236222  -0.0006666738   0.0521246660  -0.1790099835
       -0.1005929283   0.0000151867   0.0000328892   0.0000105209  -0.0000269080
        0.0000029944  -0.0000095874  -0.0000406474   0.0000008362  -0.0000147611
       -0.0000356529   0.0000071445   0.0000003284  -0.0000243183  -0.0000213440
       -0.0000461328  -0.0000052591   0.0000764230   0.0000071223  -0.0000476937
       -0.0000314156  -0.0000072234  -0.0001544835   0.0002176257  -0.0000287866
       -0.0000142972   0.0000049905   0.0000166591  -0.0000850575  -0.0001717268
       -0.0000600754   0.0001583659   0.0009838438   0.0017021336  -0.0006296884
        0.0000531420  -0.0015366712  -0.0001691660   0.0000472668  -0.0003135131
        0.0001696868  -0.0001469180   0.0000230434   0.0000352010   0.0000173600
       -0.0000738220   0.0000180657   0.0001219858   0.0001135271   0.0002792010
       -0.0000622673   0.0000779503  -0.0000318091  -0.0000010874  -0.0000001627
        0.0000080215   0.0000073180   0.0000441562  -0.0001987343   0.0001540941
       -0.0000791609   0.0000133958   0.0002074864   0.0001723850  -0.0000808652
       -0.0001686036   0.0001063767   0.0000565760   0.0000129346  -0.0000814151
        0.0000154289   0.0001337845  -0.0000126139  -0.0000363091  -0.0000511846
        0.0000441574   0.0000145507   0.0006593529   0.0003468773   0.0010259035
        0.0008979756  -0.0001188753  -0.0625408939   0.2049929723   0.1156872772
        0.0074007695  -0.0283640888  -0.0156096259   0.0000020613  -0.0000130313
       -0.0000020148   0.0000179033  -0.0000084389   0.0000018748   0.0000242860
        0.0000053768   0.0000117324   0.0000019043   0.0000089410   0.0000216715
        0.0000036498  -0.0000121394   0.0000084508   0.0000344689   0.0000756811
       -0.0000436967  -0.0000174164  -0.0000375734   0.0001533508   0.0000540080
       -0.0001059016   0.0005999912  -0.0004669384   0.0002078381   0.0000377930
       -0.0000038663  -0.0000134419   0.0000485892  -0.0000019033   0.0000604619
        0.0000624270  -0.0000244052   0.0000221392   0.0000192868  -0.0000158133
        0.0000036057  -0.0000248588   0.0000017240   0.0000185371   0.0000255986
       -0.0000039281  -0.0000059871   0.0000000203  -0.0000045791   0.0000141278
       -0.0000097734  -0.0000040462   0.0000054583   0.0000087065   0.0000007984
       -0.0000018553  -0.0000133893   0.0000106891  -0.0000039766  -0.0000062461
        0.0020604450  -0.0035993528  -0.0016411741   0.0418231566  -0.1002141991
       -0.1177603034   0.0000138955   0.0000319099   0.0000132332  -0.0000177620
        0.0000186083   0.0000057609  -0.0000271488   0.0000096579   0.0000004708
        0.0000150607   0.0000212638  -0.0000582177  -0.0000175296   0.0000487449
       -0.0000169393   0.0000107591   0.0000272113   0.0000085719  -0.0000090984
        0.0000973952  -0.0000074615  -0.0000215587  -0.0002552997   0.0001198173
        0.0001927486   0.0001746721  -0.0002543166  -0.0001284944  -0.0001840409
        0.0000329972  -0.0000581393  -0.0016376183   0.0008362957   0.0053357268
       -0.0204913425  -0.0232389200  -0.0029807233   0.0008062610  -0.0045364123
        0.0009730965  -0.0002276368   0.0002985954   0.0000981247   0.0001111927
       -0.0000084038   0.0000096986   0.0001531131  -0.0000119361   0.0006978759
       -0.0015017461  -0.0013056246  -0.0002727559   0.0000086479  -0.0003648366
       -0.0000209440  -0.0000235305   0.0000319327   0.0000071892   0.0002954912
        0.0002200321  -0.0000731047   0.0001684046   0.0000468756   0.0000223166
       -0.0003282128  -0.0001301130  -0.0000187175   0.0000517123   0.0000675769
       -0.0000537183   0.0001679596   0.0000937881   0.0000077277   0.0000321950
       -0.0000055014  -0.0009505460   0.0006985487   0.0008722853   0.0006710418
        0.0000231871   0.0007155240  -0.0443909428   0.1156872772   0.1388967164
       -0.0027119329   0.0084263870   0.0069979045  -0.0000099272   0.0000007563
       -0.0000042156   0.0000035755   0.0000002388   0.0000011264   0.0000076953
        0.0000067935   0.0000053274  -0.0000222571   0.0000276396   0.0000141116
       -0.0000230003  -0.0000031236   0.0000066394   0.0002197873   0.0001524618
        0.0000154550  -0.0000316298  -0.0000660827   0.0002303677   0.0002330632
        0.0011670843  -0.0004861447  -0.0006159648   0.0000321756   0.0002499926
        0.0000311538   0.0000315498   0.0000309331   0.0000173961   0.0000577374
        0.0000137734   0.0000078793   0.0000151666   0.0000390018   0.0000506441
       -0.0000212503  -0.0001155964  -0.0000119614   0.0000405802   0.0000424266
       -0.0000130189  -0.0000063112   0.0000105193  -0.0000148612  -0.0000115055
        0.0000073348  -0.0000014416   0.0000100268   0.0000120056  -0.0000007928
       -0.0000156622   0.0000034548  -0.0000120864  -0.0000151367   0.0000052697
       -0.0158840397  -0.0253119755   0.0141706893  -0.0591150495  -0.0570392126
        0.0283894879  -0.0000122274   0.0000749862   0.0000089817   0.0000060259
       -0.0000331417  -0.0000246405  -0.0001230883   0.0001515445   0.0000244529
        0.0000349534  -0.0005850478  -0.0003503415   0.0000409954   0.0000567060
        0.0001506998   0.0000176591  -0.0000736312  -0.0000229633  -0.0018846826
       -0.0001019812   0.0014963071  -0.0042116877   0.0002308103  -0.0009967370
        0.0000204545   0.0000876155  -0.0001463136  -0.0000292968  -0.0000127849
        0.0001174505  -0.0005457116   0.0006258509  -0.0024857162   0.0027909428
        0.0097914415  -0.0056304995   0.0000781453  -0.0000638537   0.0002690969
        0.0001633660   0.0006452694  -0.0009820430   0.0000820726  -0.0000880163
       -0.0001931548   0.0000160328   0.0000532477  -0.0000129220   0.0000379888
        0.0000536328   0.0000514219   0.0000283752  -0.0000315975  -0.0000072686
       -0.0000057654   0.0000247117   0.0000066371  -0.0000764721   0.0000108981
        0.0000061577   0.0001310209   0.0000787970   0.0002380751   0.0000231583
        0.0001427732  -0.0002077934  -0.0000270441   0.0000012640   0.0000386226
        0.0000387566  -0.0000308331   0.0000300391  -0.0000056966   0.0000082147
       -0.0000122258  -0.0002717267  -0.0001316503  -0.0002129445   0.0005116503
       -0.0009996774   0.0006041844   0.0033199503   0.0074007695  -0.0027119329
        0.0749909686   0.0647141900  -0.0317515722   0.0000031330   0.0000081572
        0.0000023624  -0.0000029370  -0.0000007254  -0.0000034305   0.0000186421
       -0.0000211837  -0.0000046072   0.0000180931   0.0000091522   0.0000092690
       -0.0000078258  -0.0000211499   0.0001051441  -0.0000676720  -0.0002503523
        0.0001322724   0.0002077798   0.0005587044  -0.0003675904  -0.0001278235
       -0.0001359125   0.0000147381  -0.0000836292   0.0001907067   0.0000986568
       -0.0000126637  -0.0000470222   0.0000883820   0.0000028250   0.0000095638
        0.0000135286  -0.0000356249   0.0000246970   0.0000536525  -0.0000130594
        0.0000129464   0.0000082707  -0.0000034029   0.0000184007   0.0000126089
       -0.0000128057  -0.0000178822  -0.0000043274  -0.0000220230   0.0000006637
       -0.0000074955  -0.0000032319   0.0000018223  -0.0000072308   0.0000032400
        0.0000091588   0.0000068326  -0.0000010426   0.0000009350  -0.0000042715
       -0.0022921632  -0.0018057405   0.0014559343  -0.0570281301  -0.2147417142
        0.0804637591  -0.0000065286   0.0000196837   0.0000023912   0.0000218469
       -0.0000164443  -0.0000104153  -0.0000428167   0.0000896052   0.0000236626
       -0.0000133700  -0.0003868240  -0.0001216463   0.0000236116   0.0001096052
        0.0000951207   0.0000122293  -0.0000461798  -0.0000346756  -0.0004049730
        0.0003235370   0.0003011102  -0.0001526515   0.0008965548  -0.0007872190
        0.0000068305  -0.0001601339  -0.0000468072   0.0000612619  -0.0000307460
       -0.0000136258   0.0011357962  -0.0003355843   0.0022363586  -0.0000471672
       -0.0046522256   0.0041639362  -0.0001821234   0.0006090105  -0.0003516624
       -0.0002955192   0.0003823086   0.0000408350   0.0001137080   0.0001468809
        0.0001295153  -0.0000219557  -0.0000699538  -0.0000891514  -0.0001299341
       -0.0000340084  -0.0000672321   0.0000206453  -0.0000046047  -0.0000329394
       -0.0000071356   0.0000291159  -0.0000553762   0.0002453272   0.0000652375
        0.0001306049  -0.0000415685   0.0001942893   0.0001327192   0.0002582809
        0.0001666664  -0.0004058172  -0.0001422078   0.0000137713   0.0002298548
       -0.0000467919  -0.0000240611   0.0000518936   0.0000210104   0.0000439254
       -0.0000174030  -0.0002790728  -0.0002218592  -0.0001596670   0.0008760885
        0.0013969951  -0.0003348198  -0.0064805928  -0.0283640888   0.0084263870
        0.0647141900   0.2465159800  -0.0955177224  -0.0000021207   0.0000167314
        0.0000128636  -0.0000215508   0.0000077354   0.0000013098  -0.0000176112
       -0.0000232407  -0.0000058880   0.0000118565   0.0000174980   0.0000142123
        0.0000085863  -0.0000621542   0.0000567458   0.0002073999   0.0001804510
       -0.0000578989  -0.0003681454  -0.0003980978   0.0002648771   0.0000637889
        0.0003862147   0.0000820753   0.0002216516  -0.0002309880  -0.0000910877
        0.0000119851  -0.0000362205  -0.0000200199   0.0000094890   0.0000290146
       -0.0000153012   0.0000084054  -0.0000156183  -0.0000463020   0.0000017147
       -0.0000015465  -0.0000021082  -0.0000092350   0.0000322061  -0.0000102398
       -0.0000103707   0.0000003713   0.0000022630  -0.0000083271  -0.0000192283
       -0.0000344098   0.0000043976   0.0000040414  -0.0000070495   0.0000085629
       -0.0000000605   0.0000170177  -0.0000166017   0.0000038927   0.0000010379
        0.0030758078   0.0032257185  -0.0008429063   0.0281548733   0.0801626495
       -0.0824163294  -0.0000230633  -0.0000326793  -0.0000029175   0.0000022732
        0.0000585841   0.0000279409   0.0000516867  -0.0000908178  -0.0000231194
        0.0000216825   0.0003679807   0.0001305850  -0.0000239497  -0.0000475793
       -0.0000228587   0.0000383259  -0.0000312921   0.0000143484   0.0002234126
       -0.0002336300  -0.0001902051   0.0008270046   0.0001336286   0.0006320628
       -0.0001122945  -0.0000489040   0.0001367741   0.0000496890  -0.0000237279
       -0.0000131487  -0.0028616234   0.0016484080  -0.0055420177   0.0047073402
        0.0237760425  -0.0150764443   0.0000090109   0.0010908990   0.0008284181
        0.0008295653   0.0004958012   0.0003472837  -0.0000277709  -0.0000888637
       -0.0001043407  -0.0000514772  -0.0000150507  -0.0000433113   0.0001266033
       -0.0000617025   0.0000839624  -0.0000045809   0.0000122110  -0.0000158035
       -0.0000166547  -0.0000392332   0.0000120771  -0.0000828320  -0.0001517444
        0.0000356137   0.0001200947  -0.0005779984  -0.0004051751  -0.0001879961
       -0.0000808656   0.0002580376   0.0000510325  -0.0000311881  -0.0001179408
        0.0000506864  -0.0000311222   0.0000003064  -0.0000037819   0.0000076617
       -0.0000144864   0.0000377453   0.0000058195  -0.0000918047   0.0002466578
        0.0003608899   0.0002103904  -0.0040696313  -0.0156096259   0.0069979045
       -0.0317515722  -0.0955177224   0.0958662404  -0.0000112317  -0.0000037072
       -0.0000031205  -0.0000077859   0.0000006916  -0.0000035000  -0.0000156515
        0.0000103871  -0.0000091679  -0.0000213015  -0.0000193515  -0.0000331973
       -0.0000056422   0.0000280909  -0.0000449594   0.0000484783   0.0001131885
       -0.0001602298   0.0007403682   0.0015801704  -0.0006261149  -0.0001635664
       -0.0001968591  -0.0000093719  -0.0000714138  -0.0000452888   0.0000953478
        0.0000423948   0.0000927279  -0.0000065312   0.0000052621  -0.0001235001
       -0.0000864339   0.0000443703  -0.0000128645   0.0000744638   0.0000045518
        0.0000043602   0.0000505938   0.0000128028  -0.0000335826   0.0000080963
       -0.0000026353  -0.0000025544   0.0000246950   0.0000031142  -0.0000005593
        0.0000633398  -0.0000073176  -0.0000050956   0.0000043092  -0.0000081124
       -0.0000064243   0.0000000408   0.0000070516  -0.0000123757   0.0000026045
        0.0000281138   0.0000255832   0.0000138067   0.0000140762   0.0000032882
       -0.0000019841  -0.0436763319   0.0114226734   0.0011814956   0.0003198724
       -0.0225174437  -0.0090021385  -0.0030456465  -0.0016169941  -0.0036611646
       -0.0006845717   0.0000856558  -0.0002907378  -0.0032318070   0.0033226146
       -0.0021549898  -0.0027947191   0.0241059218   0.0092313408  -0.0000904464
       -0.0002251115   0.0002200859   0.0000615442  -0.0000343731  -0.0000072017
       -0.0002689256   0.0001674191  -0.0000958941  -0.0000185215   0.0011311973
        0.0003673078   0.0000074599   0.0000756610   0.0000479571   0.0000010995
        0.0000079023  -0.0000033604   0.0000491849   0.0000479319  -0.0000141699
        0.0000205573  -0.0000043485  -0.0000095825  -0.0000005998   0.0000077043
        0.0000191286  -0.0000284070   0.0000195305  -0.0000142451   0.0000372529
       -0.0000190663   0.0000160909  -0.0000201508   0.0000593415  -0.0000179914
        0.0000079327  -0.0000031437   0.0000438523  -0.0000022083  -0.0000571486
       -0.0000170997   0.0000539193   0.0000232063  -0.0000172214  -0.0000563098
       -0.0000758782   0.0000334008   0.0000035762   0.0000365779   0.0000172792
        0.0000083168   0.0000102949  -0.0000018988   0.0000121555   0.0000213142
       -0.0000126523  -0.0000173004   0.0000174735   0.0000110485  -0.0000178131
       -0.0000128431  -0.0000802455   0.0000008246   0.0000020613  -0.0000099272
        0.0000031330  -0.0000021207  -0.0000112317   0.0524200230  -0.0145623216
        0.0029518786   0.0005474226  -0.0009745927   0.0004581112  -0.0000480280
       -0.0011613175  -0.0007448024   0.0004500726   0.0006139000   0.0012813606
       -0.0000150143   0.0000287446   0.0001168776  -0.0000152149   0.0000032418
       -0.0000013897   0.0000166053  -0.0000066108   0.0000092422  -0.0000222621
        0.0000025549   0.0000196023  -0.0000015231  -0.0000025947  -0.0000038451
       -0.0000008981  -0.0000026120  -0.0000065302   0.0000102819   0.0000096433
        0.0000070167  -0.0000016585   0.0000032827  -0.0000064240  -0.0000023365
       -0.0000022113   0.0000053477  -0.0000115140   0.0000775714   0.0000474081
        0.0000073219  -0.0000145060   0.0000773721  -0.0000035651  -0.0000348143
        0.0000094831  -0.0000026642   0.0000001362   0.0000016438   0.0000021858
       -0.0000001293   0.0000001526  -0.0000044947  -0.0000022464  -0.0000015633
        0.0000760663   0.0000240947  -0.0000424012   0.0000112303  -0.0000025300
        0.0000077891   0.0114276249  -0.2640006491  -0.0914567328  -0.0005916924
       -0.0144984811  -0.0059881403  -0.0021679931   0.0006616943  -0.0031822399
       -0.0000919170   0.0011654484   0.0003347375   0.0037689898   0.0002682159
       -0.0012851733   0.0028552894  -0.0179484585  -0.0063595938  -0.0000373052
       -0.0004376925   0.0003704025  -0.0001207773   0.0001103867   0.0001389480
        0.0001999094  -0.0001341480   0.0001105608  -0.0001175473  -0.0006423807
       -0.0005633940   0.0000223381  -0.0000413625  -0.0000239494  -0.0000036974
        0.0000256046   0.0000143325  -0.0000341460  -0.0001335028   0.0000535435
       -0.0000341937   0.0000074735   0.0000210577  -0.0000065954   0.0000060804
       -0.0000098061   0.0000173449  -0.0000255430   0.0000229507  -0.0000549975
        0.0000507352  -0.0000466574   0.0000272381  -0.0000456807   0.0000057525
        0.0000234077   0.0000016550  -0.0000330434   0.0000486692   0.0000363919
        0.0000406829  -0.0000143286  -0.0000064460  -0.0000133072   0.0000335626
        0.0002467672  -0.0001465836  -0.0000002570  -0.0000777000   0.0000610430
        0.0000026451  -0.0000782877   0.0000095171  -0.0000134975  -0.0000267823
        0.0000070301  -0.0000198529   0.0000001402   0.0000090110  -0.0000384195
       -0.0000579989   0.0000692509  -0.0000065704  -0.0000130313   0.0000007563
        0.0000081572   0.0000167314  -0.0000037072  -0.0145623216   0.2953796376
        0.1063997378   0.0001603461   0.0004590768   0.0011975979   0.0000634924
       -0.0008087557  -0.0005820562  -0.0008446824   0.0004857711   0.0009211166
        0.0000331728   0.0000860397   0.0000727300  -0.0000038524  -0.0000139295
       -0.0000151219  -0.0000154104  -0.0000027755  -0.0000004737   0.0000043817
       -0.0000095422  -0.0000239548  -0.0000016010  -0.0000047208  -0.0000033407
        0.0000089034   0.0000029241   0.0000048095  -0.0000096712   0.0000000465
       -0.0000110805   0.0000021100  -0.0000014674   0.0000094783  -0.0000022138
        0.0000181533  -0.0000038190   0.0000514384  -0.0000491300  -0.0000307722
       -0.0000256010  -0.0000377334  -0.0000572360  -0.0000290426   0.0000285997
        0.0000014351   0.0000010249   0.0000008665  -0.0000072110   0.0000036243
        0.0000092320   0.0000075126  -0.0000027824   0.0000069630  -0.0000019883
        0.0000567223  -0.0000674936   0.0000233587   0.0000203821  -0.0000033236
        0.0000050010   0.0017376878  -0.0913254844  -0.0677434465  -0.0002905563
       -0.0129309057  -0.0056664048  -0.0038514660  -0.0032407978   0.0045904205
        0.0000110685   0.0001303253   0.0004610349  -0.0020806497  -0.0019806652
        0.0056438568  -0.0001793695   0.0008696090  -0.0001332789   0.0004110148
        0.0006297564  -0.0007553647  -0.0000825467   0.0000490568  -0.0001639588
        0.0000903517   0.0000669616   0.0001135395  -0.0001190338  -0.0002551785
        0.0002648649  -0.0000258892  -0.0000019780  -0.0000205522   0.0000033932
        0.0000107910   0.0000191791  -0.0000350350   0.0000078585  -0.0000242405
       -0.0000137548   0.0000007082   0.0000024794   0.0000001811   0.0000083772
       -0.0000038321  -0.0000015119  -0.0000138468   0.0000103059  -0.0000262552
        0.0000095908  -0.0000099119  -0.0000039433   0.0000006623   0.0000067795
        0.0000365745  -0.0000222930  -0.0000496874   0.0000298285  -0.0000033216
        0.0000031100   0.0000159714   0.0000018775  -0.0000120335  -0.0000414447
        0.0001246852   0.0000185491   0.0000450674  -0.0000477896  -0.0000329218
        0.0000144509  -0.0000448736  -0.0000177260  -0.0000084218  -0.0000055515
        0.0000085740  -0.0000136279   0.0000042850  -0.0000030899  -0.0000501494
        0.0000114762   0.0000374172  -0.0000072315  -0.0000020148  -0.0000042156
        0.0000023624   0.0000128636  -0.0000031205   0.0029518786   0.1063997378
        0.0673498432   0.0009305752   0.0008789641  -0.0017534660  -0.0001312847
       -0.0007680013  -0.0000995383   0.0006705338   0.0014423885  -0.0018910300
       -0.0000745518   0.0000540284  -0.0001581105   0.0000248616  -0.0000173579
       -0.0000129502  -0.0000084853   0.0000014924   0.0000037954   0.0000001125
       -0.0000033030  -0.0000131777   0.0000017671  -0.0000039952  -0.0000038507
        0.0000061493  -0.0000012696   0.0000005711  -0.0000034609   0.0000039235
        0.0000003412  -0.0000010989  -0.0000003174   0.0000018967  -0.0000055453
        0.0000130787  -0.0000009538   0.0000241885   0.0000075580   0.0000023780
       -0.0000044509  -0.0000104935  -0.0000011220  -0.0000280632   0.0000036796
        0.0000123412   0.0000004391   0.0000006694  -0.0000025199   0.0000010523
        0.0000032477   0.0000015338   0.0000012129   0.0000026030  -0.0000006666
       -0.0000461656  -0.0000090338   0.0000079210   0.0000093716   0.0000016902
       -0.0000022765  -0.0237406161   0.0123539785  -0.0019258236  -0.2352318403
        0.1114233491  -0.0120235447  -0.0040167261   0.0036807257   0.0002071998
        0.0019418486   0.0008506574  -0.0013959534   0.0005990476  -0.0006587248
       -0.0001258146  -0.0031359327  -0.0020840213  -0.0040016112  -0.0004202572
        0.0003846050   0.0000033285   0.0002118302  -0.0000142197  -0.0000241475
       -0.0000116752  -0.0000150112  -0.0000373649  -0.0000428970  -0.0002245023
        0.0003577016   0.0000009344   0.0000035493   0.0000023349  -0.0000147551
        0.0000057007  -0.0000081298  -0.0000330332   0.0001053847  -0.0000491507
        0.0000293924  -0.0000039624  -0.0000139833   0.0000135133   0.0000142502
        0.0000095019  -0.0000162075   0.0000318312  -0.0000061108   0.0000489079
       -0.0000631403   0.0000382791  -0.0000665277   0.0000651316  -0.0000076362
        0.0000078252   0.0000154721   0.0000781240  -0.0000527645   0.0000043137
       -0.0000008289   0.0000561497  -0.0000190226  -0.0000502774  -0.0000168118
       -0.0002079645   0.0000267602  -0.0000021624   0.0000896293   0.0000071839
       -0.0000063028   0.0000577535   0.0000117423   0.0000079093   0.0000188514
       -0.0000129876   0.0000105383   0.0000119492   0.0000103776   0.0000015284
        0.0000022068  -0.0000720429   0.0000060455   0.0000179033   0.0000035755
       -0.0000029370  -0.0000215508  -0.0000077859   0.0005474226   0.0001603461
        0.0009305752   0.2639417142  -0.1255985353   0.0175194738   0.0007784345
       -0.0009662173   0.0005941952  -0.0014082359   0.0006115700  -0.0002437641
       -0.0000312187  -0.0000495407   0.0000594208  -0.0000246364   0.0000342533
        0.0000274554   0.0000113591  -0.0000069048  -0.0000037123   0.0000107013
        0.0000092771   0.0000230983  -0.0000029466   0.0000032025   0.0000072214
       -0.0000069162  -0.0000041263  -0.0000017673   0.0000263037   0.0000068220
       -0.0000097771   0.0000011176  -0.0000000421  -0.0000111220  -0.0000083514
        0.0000182697  -0.0000055874   0.0000892812   0.0000306203   0.0000359821
        0.0000005825  -0.0000615837   0.0000653413  -0.0000081861   0.0000056034
        0.0000147467  -0.0000022614  -0.0000007636   0.0000059023  -0.0000014951
       -0.0000054340  -0.0000058238   0.0000001006  -0.0000045959  -0.0000004190
        0.0000678386   0.0000045819  -0.0000108863   0.0000205895  -0.0000040399
        0.0000094839  -0.0090812597   0.0056803661  -0.0004948213   0.1112639247
       -0.1064293388   0.0021543725   0.0247900486  -0.0161502443   0.0006253878
        0.0007045940  -0.0027875524  -0.0049682930  -0.0005498583  -0.0003517707
       -0.0003784241  -0.0015723831   0.0008459124  -0.0032145142   0.0014494279
       -0.0012276536  -0.0000892022  -0.0000114616  -0.0003612689  -0.0001156741
        0.0000063739   0.0000093796   0.0000573553  -0.0003009375  -0.0000956150
        0.0004257789   0.0000174058   0.0000101394   0.0000001925  -0.0000146546
        0.0000174861   0.0000088532  -0.0000886976   0.0000017874  -0.0000027261
       -0.0000042862   0.0000062216   0.0000107645  -0.0000041900   0.0000076082
        0.0000029838  -0.0000015580  -0.0000074503   0.0000007713  -0.0000341502
        0.0000101313  -0.0000097253   0.0000092917   0.0000115727  -0.0000067620
        0.0000729762  -0.0000143646   0.0000248260   0.0000296111   0.0000035075
        0.0000222329   0.0000031674  -0.0000022759  -0.0000209344   0.0000051815
        0.0001647790  -0.0001254564  -0.0000041798  -0.0000491594   0.0000343281
        0.0000055566  -0.0000163072   0.0000141067  -0.0000127270  -0.0000232590
        0.0000105203  -0.0000216505  -0.0000091919   0.0000212889  -0.0000696925
       -0.0000657047   0.0000647068  -0.0000084962  -0.0000084389   0.0000002388
       -0.0000007254   0.0000077354   0.0000006916  -0.0009745927   0.0004590768
        0.0008789641  -0.1255985353   0.1199677855   0.0038014733   0.0002109422
        0.0001423401   0.0014255607  -0.0005500484   0.0001921591  -0.0001014417
        0.0001463549   0.0001454820   0.0000051453   0.0001183584  -0.0000671504
       -0.0000608245  -0.0000076665   0.0000004889   0.0000052361  -0.0000147169
        0.0000016274  -0.0000083907  -0.0000037721  -0.0000032174  -0.0000018345
        0.0000038147  -0.0000001655  -0.0000002517  -0.0000011959  -0.0000017712
       -0.0000058133  -0.0000001932  -0.0000030699   0.0000026843   0.0000055841
        0.0000041989   0.0000023491   0.0000263507  -0.0000071181   0.0000000434
       -0.0000114371  -0.0000217191  -0.0000137911  -0.0000174205  -0.0000022890
        0.0000240283   0.0000006683   0.0000016346  -0.0000072099   0.0000037030
        0.0000085305   0.0000051518  -0.0000012772   0.0000056038  -0.0000025435
        0.0000184064   0.0000360896  -0.0000026810   0.0000223130  -0.0000134386
        0.0000001641  -0.0113327141   0.0058828472  -0.0002118235  -0.0120198741
        0.0024518806  -0.0363543958   0.0096341189  -0.0066507294   0.0005063055
       -0.0021872035  -0.0050011761   0.0054722795  -0.0000122190  -0.0000410144
        0.0000943862  -0.0038532176  -0.0032844955   0.0049342794   0.0004999084
       -0.0001338470  -0.0000297363   0.0000105206  -0.0000606530  -0.0000944524
       -0.0000432154   0.0000406819  -0.0000105466   0.0005314997   0.0004510575
       -0.0011092110   0.0000068357   0.0000144190  -0.0000107482   0.0000186244
        0.0000094869  -0.0000059567   0.0001875243  -0.0000935358   0.0000472437
        0.0000017517  -0.0000014041  -0.0000073199   0.0000033030   0.0000093653
        0.0000005289   0.0000043377   0.0000058337   0.0000163728   0.0000501786
        0.0000117408  -0.0000204698  -0.0000533810  -0.0000037271  -0.0000219656
       -0.0001376797   0.0000780118  -0.0000669284   0.0000026542  -0.0000112399
       -0.0000037262   0.0000181779  -0.0000193534  -0.0000099636  -0.0000508396
        0.0000148590   0.0000443776   0.0000438821  -0.0000132266  -0.0000437675
        0.0000095364   0.0000004743  -0.0000146095  -0.0000069468  -0.0000045471
        0.0000090342  -0.0000097890   0.0000075722   0.0000157579  -0.0000326910
       -0.0000079094  -0.0000216214  -0.0000053425   0.0000018748   0.0000011264
       -0.0000034305   0.0000013098  -0.0000035000   0.0004581112   0.0011975979
       -0.0017534660   0.0175194738   0.0038014733   0.0307628645   0.0011914228
        0.0010453367  -0.0019625854  -0.0005195983   0.0002538965  -0.0001529539
        0.0000125076   0.0000205424   0.0000673233   0.0000335713  -0.0000056925
       -0.0000122251   0.0000006453   0.0000032189   0.0000032900  -0.0000025269
        0.0000002743   0.0000008573   0.0000013673  -0.0000017630  -0.0000023125
        0.0000001336  -0.0000020941  -0.0000008434   0.0000057735   0.0000031445
       -0.0000038522   0.0000047143   0.0000012378  -0.0000041106  -0.0000182238
        0.0000106143  -0.0000043561   0.0000174825   0.0000176901   0.0000031353
       -0.0000047186  -0.0000237165   0.0000126906  -0.0000172730  -0.0000007673
       -0.0000489439   0.0000008846   0.0000003368  -0.0000010613  -0.0000004186
        0.0000003433  -0.0000022193   0.0000016421   0.0000011198   0.0000003361
        0.0000669613   0.0000358418   0.0000049707   0.0000623450  -0.0000001913
       -0.0000240954   0.0021948595   0.0008624536  -0.0013524416  -0.0001393324
       -0.0015092285  -0.0005620891  -0.2031368800  -0.0816958083  -0.0916079620
       -0.0246483551  -0.0113056054  -0.0131616056  -0.0032440798   0.0040559742
       -0.0014813152   0.0002547861   0.0008093771   0.0005362293   0.0009569941
       -0.0014745326  -0.0002969946   0.0003528750  -0.0001542697  -0.0002145457
        0.0001582445  -0.0001189061   0.0000201060  -0.0009914396  -0.0008156069
       -0.0004970325   0.0000558305  -0.0000133466   0.0000210877  -0.0000108141
       -0.0000243826  -0.0000170146  -0.0001257969   0.0002279663  -0.0001505310
        0.0000254226  -0.0000028030  -0.0000055363   0.0000253297   0.0000083611
       -0.0000004890  -0.0000288157   0.0000261389  -0.0000203599  -0.0000023464
       -0.0001157787   0.0000543886  -0.0000216718   0.0000357797   0.0000092137
       -0.0001805684   0.0001417538  -0.0000271935  -0.0000586850   0.0000267966
       -0.0000058037   0.0000562330   0.0000033218  -0.0000285744  -0.0001041733
       -0.0003070878  -0.0000468924   0.0000382797   0.0001275755   0.0000714135
        0.0000112201   0.0000986663   0.0000576336  -0.0000078817   0.0000367985
       -0.0000298291  -0.0000269770   0.0000483038   0.0000951339  -0.0000079473
       -0.0000320136  -0.0001962534   0.0000135882   0.0000242860   0.0000076953
        0.0000186421  -0.0000176112  -0.0000156515  -0.0000480280   0.0000634924
       -0.0001312847   0.0007784345   0.0002109422   0.0011914228   0.2280135183
        0.0898272452   0.1059673769  -0.0000771010  -0.0001157917   0.0003913473
       -0.0003595010   0.0009732405   0.0013623147   0.0000793323   0.0000115870
        0.0000010782   0.0000382439  -0.0000178009   0.0000000656  -0.0000017920
        0.0000215905   0.0000311299  -0.0000098398   0.0000054469   0.0000101053
       -0.0000049502  -0.0000013920  -0.0000006515   0.0000208082   0.0000105900
       -0.0000030945  -0.0000040364  -0.0000004985  -0.0000070521  -0.0000107522
        0.0000059477  -0.0000004155   0.0000289286   0.0000304427   0.0000264657
        0.0000076698  -0.0000150255   0.0000838206  -0.0000124574   0.0000042138
       -0.0000461799  -0.0000034847   0.0000050414   0.0000059052   0.0000057886
       -0.0000062093  -0.0000028207   0.0000033716   0.0000047151  -0.0000151950
       -0.0000115248   0.0000574157  -0.0000288729   0.0000241907  -0.0000281134
        0.0000039009   0.0018748382  -0.0038293962  -0.0047510339  -0.0225613863
       -0.0140528292  -0.0134451606  -0.0822442673  -0.0844611367  -0.0509758932
        0.0106399707   0.0044488211   0.0048442285   0.0029182489  -0.0000253133
       -0.0022823639   0.0002968547   0.0000389740   0.0001991630   0.0010285945
        0.0009186124   0.0019876555   0.0000565035   0.0001714845  -0.0000576390
        0.0000374854   0.0000750736   0.0000783738   0.0004061646  -0.0000525252
        0.0004199161   0.0000028967  -0.0000008421  -0.0000294038  -0.0000199070
        0.0000085472  -0.0000086932   0.0000430919  -0.0000107866  -0.0000233583
        0.0000242153   0.0000000752  -0.0000035853   0.0000025399   0.0000051869
        0.0000037622   0.0000109462   0.0000205308  -0.0000037682   0.0000381939
       -0.0000303619   0.0000321744   0.0000076842   0.0000244406   0.0000086369
        0.0000724998  -0.0000348947   0.0000329287  -0.0000313518   0.0000109368
        0.0000003861   0.0000057299  -0.0000356853  -0.0000138720   0.0000556672
       -0.0000264798  -0.0000705590  -0.0000529982   0.0000304832   0.0000184641
       -0.0000259567   0.0000564805   0.0000128883   0.0000024361  -0.0000244045
        0.0000096721   0.0000048227  -0.0000011021   0.0000208175  -0.0000539332
       -0.0000944306  -0.0000039716   0.0000064114   0.0000053768   0.0000067935
       -0.0000211837  -0.0000232407   0.0000103871  -0.0011613175  -0.0008087557
       -0.0007680013  -0.0009662173   0.0001423401   0.0010453367   0.0898272452
        0.0980294487   0.0634185694  -0.0001779698  -0.0002571345   0.0005882123
       -0.0000054080  -0.0002370077  -0.0003090975  -0.0000415820   0.0000124083
        0.0000175762  -0.0000081141   0.0000061930   0.0000025503   0.0000027519
        0.0000094766   0.0000054235  -0.0000059202   0.0000015357   0.0000052278
       -0.0000057998  -0.0000041122  -0.0000011220   0.0000055380  -0.0000087208
       -0.0000048031  -0.0000006245  -0.0000063968  -0.0000042054   0.0000020081
       -0.0000043240  -0.0000061386   0.0000228185  -0.0000118599   0.0000003711
       -0.0000081030  -0.0000153321  -0.0000064178  -0.0000045318   0.0000155470
        0.0000224105  -0.0000018567  -0.0000003286  -0.0000020747  -0.0000081942
        0.0000026644  -0.0000056464  -0.0000021999  -0.0000065386   0.0000098554
        0.0000568207  -0.0000631040  -0.0000079755   0.0000538874  -0.0000109204
       -0.0000115603  -0.0016655442  -0.0050773562   0.0050911027  -0.0104308238
       -0.0057032651  -0.0061057906  -0.0898570975  -0.0525712936  -0.0842833200
       -0.0053612104  -0.0006837559  -0.0010061187  -0.0014402298  -0.0015333351
        0.0057731220   0.0007551139  -0.0003870675  -0.0002388861   0.0015065167
        0.0009959951  -0.0004943926   0.0002641086  -0.0000806283  -0.0001067247
       -0.0000006292   0.0000169960  -0.0000299730   0.0001770848  -0.0000099836
       -0.0003965501   0.0000040574   0.0000120131  -0.0000065871   0.0000124293
       -0.0000020514   0.0000024742   0.0000273073  -0.0000001520   0.0000268391
        0.0000165888  -0.0000020040  -0.0000198116   0.0000115292   0.0000102779
       -0.0000003791  -0.0000007116   0.0000175291   0.0000101542   0.0000504644
       -0.0000372884   0.0000170131  -0.0000287063   0.0000223693  -0.0000040696
       -0.0000782573   0.0000599870   0.0001008657  -0.0000262782   0.0000191720
       -0.0000146706   0.0000040792   0.0000056736  -0.0000062556  -0.0002156360
       -0.0000640274   0.0001637203   0.0001680626  -0.0000014127  -0.0000838819
        0.0000324931   0.0000082895  -0.0000261575  -0.0000179377   0.0000109870
        0.0000012065  -0.0000048674   0.0000338836  -0.0000010032  -0.0000950687
        0.0000361970  -0.0000027591  -0.0000059521   0.0000117324   0.0000053274
       -0.0000046072  -0.0000058880  -0.0000091679  -0.0007448024  -0.0005820562
       -0.0000995383   0.0005941952   0.0014255607  -0.0019625854   0.1059673769
        0.0634185694   0.0853826450   0.0004346800   0.0004490107  -0.0012313570
       -0.0002689613   0.0003222903  -0.0004027996   0.0000425825  -0.0000014379
        0.0000024712   0.0000051498   0.0000027212  -0.0000003803   0.0000026953
        0.0000059974   0.0000126836  -0.0000006946   0.0000004776   0.0000023627
       -0.0000041796  -0.0000058541  -0.0000002181   0.0000094137   0.0000013537
       -0.0000035495   0.0000021653  -0.0000028380  -0.0000078661  -0.0000089708
       -0.0000025596  -0.0000057657   0.0000313470   0.0000114554   0.0000033442
        0.0000344029  -0.0000774101   0.0000224989  -0.0000053514  -0.0000001509
       -0.0000370743   0.0000022497  -0.0000009216  -0.0000013688  -0.0000000150
        0.0000012122  -0.0000067411  -0.0000002690   0.0000070104  -0.0000025520
        0.0000798573   0.0000216587   0.0000079494   0.0000257656  -0.0000219014
       -0.0000036097  -0.0252690016  -0.0100451730  -0.0130600867  -0.0036314329
        0.0042821592  -0.0019524503   0.0005810437   0.0004648595   0.0003980573
        0.0016006187   0.0010671600  -0.0017253161  -0.0003002976  -0.0014178801
       -0.0009665922  -0.2004112593  -0.0895998997  -0.0919606665  -0.0001967027
       -0.0000845923  -0.0000755906  -0.0000664222   0.0000240602  -0.0000158285
       -0.0000459078   0.0000058596   0.0000551925  -0.0000951958   0.0001735042
        0.0009868859  -0.0000070219   0.0000147665  -0.0000060890  -0.0000032632
        0.0000205795   0.0000104239  -0.0001125192   0.0003788965   0.0000273399
        0.0000267036  -0.0000152453  -0.0000278094   0.0000071498   0.0000276569
        0.0000339046  -0.0000890020   0.0000597417  -0.0000325077   0.0000747688
       -0.0001541020   0.0001533620  -0.0024074754   0.0032246149  -0.0008866277
        0.0001076121   0.0002069149  -0.0000172883   0.0001546667  -0.0002002368
       -0.0000821169   0.0000578557   0.0001371638   0.0002554142   0.0000118127
        0.0001246294  -0.0001155097  -0.0000122752  -0.0000086472   0.0000776033
        0.0000016661  -0.0000862384   0.0000039071   0.0000080020   0.0000126172
       -0.0000153150  -0.0000325493   0.0000304313   0.0000232120  -0.0000711534
       -0.0000789116  -0.0000708589  -0.0000112906   0.0000019043  -0.0000222571
        0.0000180931   0.0000118565  -0.0000213015   0.0004500726  -0.0008446824
        0.0006705338  -0.0014082359  -0.0005500484  -0.0005195983  -0.0000771010
       -0.0001779698   0.0004346800   0.2335363622   0.0933843834   0.1099418678
       -0.0000010448  -0.0000318147   0.0000635802  -0.0000023010  -0.0000021950
       -0.0000170940   0.0000050429   0.0000152251   0.0000131982  -0.0000158719
       -0.0000125718  -0.0000012522  -0.0000029055  -0.0000156155  -0.0000200339
        0.0000213293  -0.0000198530  -0.0000299750  -0.0000380446  -0.0000812998
        0.0000671231  -0.0000157900  -0.0000130562  -0.0000265878  -0.0001043531
       -0.0001208578  -0.0001912085  -0.0022095007   0.0002764915  -0.0015805144
        0.0000329259  -0.0003913543   0.0002065397  -0.0001594975   0.0000031498
        0.0000081856  -0.0000032652  -0.0000023610  -0.0000001054   0.0000059378
        0.0000044774   0.0000071816  -0.0000066056   0.0000017455  -0.0000019510
        0.0001161438   0.0000442024  -0.0000412211   0.0000407043  -0.0000029549
       -0.0000096016   0.0109297088   0.0057657894   0.0055808736   0.0036576478
        0.0005782959  -0.0016803515   0.0007593752  -0.0005144174   0.0000744759
        0.0016451386  -0.0035527581  -0.0041574737  -0.0223127915  -0.0131746257
       -0.0130171804  -0.0886774391  -0.0924674157  -0.0537913924  -0.0014146627
       -0.0010278291  -0.0010019560  -0.0002159476   0.0001980287   0.0000009203
       -0.0001218394   0.0000851818   0.0000847688  -0.0012329238   0.0004855210
        0.0007600253   0.0000049529   0.0000748320   0.0000417660  -0.0000275382
        0.0000885605  -0.0000469223  -0.0001864769  -0.0001722232  -0.0001053786
       -0.0000274490   0.0000152269   0.0000256623   0.0000100743  -0.0000066268
        0.0000009800   0.0000232860   0.0000797303   0.0000295356   0.0002853599
       -0.0001307205  -0.0001326665   0.0004851105  -0.0006340789   0.0002038796
        0.0003518708  -0.0008084653   0.0002414004  -0.0001610467   0.0002109473
        0.0001448275   0.0003405390   0.0001715751  -0.0004940464  -0.0000512753
        0.0001162370  -0.0001592605   0.0000668561   0.0000222930   0.0000903940
        0.0000361116   0.0000338366   0.0000122615  -0.0000348950  -0.0000151055
        0.0000016679  -0.0000191767   0.0000142822   0.0000708538  -0.0001389062
       -0.0001117962   0.0000292088   0.0000003929   0.0000089410   0.0000276396
        0.0000091522   0.0000174980  -0.0000193515   0.0006139000   0.0004857711
        0.0014423885   0.0006115700   0.0001921591   0.0002538965  -0.0001157917
       -0.0002571345   0.0004490107   0.0933843834   0.1036607987   0.0639998086
        0.0000036938  -0.0004429056  -0.0002424178   0.0000188822   0.0000285227
        0.0000212050  -0.0000146127  -0.0000543683  -0.0000090189  -0.0000157795
        0.0000444565   0.0000300549  -0.0000355290   0.0000075586   0.0000203085
       -0.0000250639   0.0000096627   0.0000232464   0.0000295374   0.0000854587
       -0.0000239011  -0.0000248326  -0.0000042211  -0.0000001343  -0.0000479498
        0.0002671783   0.0000119645   0.0019171866   0.0011366020   0.0008504882
       -0.0002825401  -0.0006364816   0.0004010928  -0.0001655914   0.0000644296
        0.0000118928   0.0000013085   0.0000061681  -0.0000065961   0.0000043451
        0.0000069231   0.0000070323   0.0000028268   0.0000074598  -0.0000046602
        0.0000488509  -0.0000463308  -0.0000347938   0.0000360737  -0.0000242444
       -0.0000153556  -0.0026049890  -0.0018841078  -0.0005834741  -0.0026163891
       -0.0022304143   0.0059749106  -0.0000632516   0.0007150604   0.0001441201
       -0.0008693256  -0.0045416773   0.0059706464  -0.0096025410  -0.0080152111
       -0.0061231621  -0.0933406170  -0.0524752847  -0.0852744770  -0.0004858047
       -0.0002333798  -0.0002781006  -0.0001453727   0.0000079234   0.0000744125
       -0.0000825113   0.0000803710  -0.0000609275   0.0006770268   0.0011761286
       -0.0018760326  -0.0000014095   0.0000569392   0.0000247740   0.0000073817
        0.0000939226  -0.0000652209   0.0003104629  -0.0004624684   0.0002366879
       -0.0000051182  -0.0000047602  -0.0000150913   0.0000405073   0.0000272263
       -0.0000332273   0.0000283334  -0.0000699431   0.0000581460   0.0002513413
       -0.0002354853   0.0000866206  -0.0012938965   0.0015742821  -0.0004394042
       -0.0004447312   0.0004257403  -0.0001570567   0.0000616518  -0.0000109811
       -0.0001537159   0.0004332755  -0.0001562953  -0.0004574316  -0.0001207176
        0.0001234364   0.0000858217   0.0000949649  -0.0000573068  -0.0000646721
        0.0000367011  -0.0000286533  -0.0000350649  -0.0000148278   0.0000045753
        0.0000050774  -0.0000074253   0.0000283481   0.0000372165  -0.0001224783
        0.0000099886   0.0000549023  -0.0000111262   0.0000216715   0.0000141116
        0.0000092690   0.0000142123  -0.0000331973   0.0012813606   0.0009211166
       -0.0018910300  -0.0002437641  -0.0001014417  -0.0001529539   0.0003913473
        0.0005882123  -0.0012313570   0.1099418678   0.0639998086   0.0861922226
        0.0000224303   0.0000238696  -0.0002494675   0.0000117047   0.0000252617
       -0.0000110038   0.0000020814  -0.0000006526   0.0000073458  -0.0000055497
        0.0000252645   0.0000071552  -0.0000119533   0.0000015260   0.0000119655
       -0.0000019822  -0.0000036851   0.0000022515   0.0000759798   0.0000584777
        0.0000076912  -0.0000331003   0.0000326371  -0.0000238883  -0.0001948753
        0.0000990535  -0.0001779359  -0.0013914523   0.0001725097   0.0004395493
        0.0000183404   0.0002775541   0.0000713051  -0.0000700150  -0.0000114941
       -0.0000664762   0.0000000765   0.0000016441  -0.0000039572   0.0000022267
        0.0000033790   0.0000039467   0.0000019688   0.0000036766  -0.0000024055
        0.0000271328   0.0001718164  -0.0000999531   0.0001231417  -0.0001488205
        0.0001911602   0.0002412844   0.0003107127   0.0002515286  -0.0006512005
       -0.0006420023  -0.0000876523   0.0010470706   0.0024781346   0.0018854614
        0.0003544046  -0.0075586227  -0.0035958062   0.0013121133   0.0012814915
        0.0001523524  -0.0000830450  -0.0001672275  -0.0002045540  -0.2218624264
       -0.0392705964  -0.1633958706  -0.0211934612  -0.0033557128  -0.0184001012
       -0.0047368982   0.0016534787   0.0018146412   0.0002248546   0.0000783091
        0.0002589512  -0.0011212824   0.0001810946  -0.0013640132   0.0001053277
        0.0000696427  -0.0000177556   0.0000739297  -0.0000071529   0.0000008404
        0.0000415973  -0.0000389466   0.0000290209   0.0000109811  -0.0000034547
        0.0000024968  -0.0000065684  -0.0000031178   0.0000056756   0.0000238180
        0.0000537130  -0.0000017873   0.0000290483  -0.0000073380   0.0000067522
        0.0000708235  -0.0000356695   0.0000063516  -0.0000547933  -0.0000989069
       -0.0000389125  -0.0000130634   0.0000064479  -0.0000096618  -0.0001569165
       -0.0004320062  -0.0000159715  -0.0000918169   0.0000192270   0.0000881656
        0.0000202107   0.0002055125   0.0002145092  -0.0000317591   0.0000378188
       -0.0000614036  -0.0002224010  -0.0000214175   0.0004997846  -0.0000782189
       -0.0001242000  -0.0000989446   0.0000132760   0.0000036498  -0.0000230003
       -0.0000078258   0.0000085863  -0.0000056422  -0.0000150143   0.0000331728
       -0.0000745518  -0.0000312187   0.0001463549   0.0000125076  -0.0003595010
       -0.0000054080  -0.0002689613  -0.0000010448   0.0000036938   0.0000224303
        0.2463253754   0.0451700772   0.1824353522   0.0008502453  -0.0001187652
       -0.0004129461  -0.0003335595   0.0001005383   0.0002357726   0.0000867010
       -0.0000155202  -0.0000589887   0.0000048581   0.0000027816  -0.0000078837
        0.0000023206   0.0000138894  -0.0000041718   0.0000034873   0.0000000377
        0.0000021324   0.0000086615   0.0000093310   0.0000075038   0.0000069077
        0.0000184513   0.0000148924  -0.0000057906  -0.0000048678   0.0000104525
       -0.0000074029   0.0000195119   0.0000299316   0.0000359380  -0.0000124049
        0.0000734917  -0.0000081811   0.0000082717   0.0000045747   0.0000080637
       -0.0000076047   0.0000107123   0.0000218169  -0.0000059842  -0.0000189126
       -0.0002802559   0.0004307435   0.0000446314  -0.0000136426  -0.0000979284
        0.0000450157   0.0000557774   0.0004707823   0.0001472561  -0.0000920913
       -0.0002926594  -0.0001006629  -0.0027027968   0.0010870453   0.0004804510
       -0.0223495461  -0.0147060129  -0.0226365519   0.0016528531  -0.0040331141
       -0.0035524153  -0.0011962208  -0.0009233150  -0.0008281777  -0.0308874470
       -0.0336798132  -0.0515547438   0.0031450481  -0.0005917444   0.0063681791
        0.0036831386  -0.0004168316   0.0006071361   0.0001353948  -0.0000982142
       -0.0000040258   0.0006016675  -0.0001019047   0.0006013074  -0.0000595333
        0.0000035322  -0.0000061554   0.0000356121  -0.0000383512  -0.0000460264
       -0.0000302097  -0.0000217897   0.0000278470   0.0000023958   0.0000031093
        0.0000009211  -0.0000079192   0.0000021393   0.0000087537  -0.0000059434
        0.0000602476  -0.0000434806  -0.0000136371  -0.0000057745   0.0000150839
        0.0000145644  -0.0000222300  -0.0000219024   0.0000601808  -0.0000789063
        0.0000687807  -0.0000043958  -0.0000598190  -0.0000095351   0.0010434969
        0.0006786630  -0.0000941292  -0.0003701474  -0.0001751226  -0.0000120605
       -0.0001892103  -0.0003277967  -0.0001458666   0.0000876392  -0.0000915682
        0.0000553925  -0.0000028841   0.0001760829   0.0001931567  -0.0002187854
       -0.0005564704  -0.0001588896   0.0000893014  -0.0000121394  -0.0000031236
       -0.0000211499  -0.0000621542   0.0000280909   0.0000287446   0.0000860397
        0.0000540284  -0.0000495407   0.0001454820   0.0000205424   0.0009732405
       -0.0002370077   0.0003222903  -0.0000318147  -0.0004429056   0.0000238696
        0.0451700772   0.0537051874   0.0695880952   0.0014315732   0.0003387178
        0.0004286170   0.0002437431  -0.0000747754  -0.0000614857  -0.0000007612
        0.0000129979  -0.0000031980   0.0000187370   0.0000011687  -0.0000093521
        0.0000137955   0.0000096725  -0.0000023843  -0.0000014357  -0.0000101688
       -0.0000042039   0.0000170686   0.0000057096   0.0000065278   0.0000200802
        0.0000117460   0.0000123207  -0.0000046648  -0.0000201611  -0.0000030922
        0.0000276091   0.0000288325   0.0000219341   0.0000487767   0.0000012923
        0.0000516504   0.0000139354  -0.0000301380   0.0000270332  -0.0000464816
       -0.0000225481  -0.0000344957  -0.0000339362  -0.0000278269   0.0000870464
        0.0014144035  -0.0005851247  -0.0001953780   0.0001756058   0.0002078961
       -0.0003181218   0.0005624800  -0.0000039167   0.0001984987  -0.0003836967
       -0.0002577034   0.0003349596  -0.0000019758   0.0012584724   0.0001565107
       -0.0098753141   0.0006540923  -0.0112119644   0.0000365788  -0.0031923190
       -0.0000526288  -0.0013997914   0.0001498012   0.0008744460  -0.1820389371
       -0.0724178684  -0.1835596090   0.0071391503   0.0040232354   0.0034679794
       -0.0002367936   0.0003569895   0.0000309004   0.0005286795   0.0000159696
        0.0002644260  -0.0000038797  -0.0000044414  -0.0000799741   0.0000550657
       -0.0000151826  -0.0000101278   0.0000399827   0.0000474543   0.0000319038
        0.0000391940   0.0000236958  -0.0000290136  -0.0000043086   0.0000100513
        0.0000106563   0.0000055234   0.0000041584  -0.0000142298   0.0000372628
       -0.0000486075   0.0000451404  -0.0000075968   0.0000190225   0.0000145579
        0.0000708739   0.0000082532   0.0001048631  -0.0000833638   0.0000700397
       -0.0000656920   0.0000486273   0.0000875167  -0.0000320875  -0.0012001940
       -0.0003626787  -0.0000396653   0.0005587006   0.0001791876   0.0000571466
        0.0002000796   0.0002287380   0.0000248428  -0.0001532573   0.0000658932
       -0.0000194620   0.0000324443   0.0000133974  -0.0002037966   0.0000152037
        0.0003632643  -0.0000367492  -0.0000245351   0.0000084508   0.0000066394
        0.0001051441   0.0000567458  -0.0000449594   0.0001168776   0.0000727300
       -0.0001581105   0.0000594208   0.0000051453   0.0000673233   0.0013623147
       -0.0003090975  -0.0004027996   0.0000635802  -0.0002424178  -0.0002494675
        0.1824353522   0.0695880952   0.1903671288   0.0003485768  -0.0001540758
        0.0006016369  -0.0000520037   0.0000128698   0.0000259399  -0.0000121919
       -0.0000138967   0.0000385745  -0.0000171081  -0.0000034728   0.0000080436
       -0.0000127161  -0.0000111121   0.0000012312   0.0000101471   0.0000173269
       -0.0000032296  -0.0000151048  -0.0000058362  -0.0000095916  -0.0000137569
        0.0000091366  -0.0000142799   0.0000528204   0.0000451632   0.0000200759
       -0.0000293828  -0.0000419011   0.0000683359  -0.0000360340  -0.0000306408
       -0.0000009053   0.0000180389   0.0000208345  -0.0000121746   0.0000365115
        0.0000047447   0.0000140770   0.0000333019   0.0000719219  -0.0000718203
        0.0009199225  -0.0108383485  -0.0032290084   0.0001887068  -0.0000623105
        0.0000547459   0.0000728932  -0.0000431883   0.0000072136  -0.0003109820
        0.0001913940  -0.0001290970  -0.0000767534   0.0016341997   0.0008417543
       -0.0056830742   0.0021953583   0.0013486757  -0.0002218208  -0.0000099204
       -0.0003673934  -0.0000808906   0.0000894938  -0.0001324242  -0.0057717267
        0.0280044849   0.0163345291  -0.0402972197  -0.0129436974  -0.0062186656
       -0.0023912631  -0.0133160231  -0.0095736995  -0.0012474882   0.0003287186
       -0.0029641192   0.0005854556  -0.0009921786  -0.0012214297  -0.0002108625
       -0.0001652789   0.0000305952   0.0000651573   0.0001310017   0.0000384233
       -0.0000353252  -0.0000457807  -0.0000453734   0.0000409736   0.0000038461
       -0.0000322501  -0.0000231832   0.0000213449   0.0000282386   0.0000643998
       -0.0000571234   0.0000102944  -0.0000267778  -0.0000342911  -0.0002323520
       -0.0001656331  -0.0008145248  -0.0003064757  -0.0000003447   0.0000737797
        0.0000716176   0.0000061234   0.0000582033   0.0000703482   0.0007819757
       -0.0008565972   0.0006231714  -0.0002078810   0.0000134654   0.0000098455
       -0.0001809919   0.0003695975   0.0002138078   0.0000032708   0.0000038532
        0.0000190478   0.0005537734   0.0005634915  -0.0004037208  -0.0005701317
       -0.0016451913   0.0017209784  -0.0002138613   0.0000344689   0.0002197873
       -0.0000676720   0.0002073999   0.0000484783  -0.0000152149  -0.0000038524
        0.0000248616  -0.0000246364   0.0001183584   0.0000335713   0.0000793323
       -0.0000415820   0.0000425825  -0.0000023010   0.0000188822   0.0000117047
        0.0008502453   0.0014315732   0.0003485768   0.0551316768   0.0060035268
        0.0025508750  -0.0000166099   0.0000771729   0.0001504342  -0.0012843813
        0.0003948746  -0.0001791905  -0.0000295501  -0.0000028580   0.0000179360
        0.0000093961   0.0000090435   0.0000137360   0.0000064403   0.0000298982
        0.0000069577   0.0000012738   0.0000113493   0.0000065211  -0.0000598482
       -0.0000261633   0.0000185436  -0.0000156861   0.0000273071   0.0000204322
       -0.0000472996  -0.0000217042  -0.0000692585   0.0000368975  -0.0000361797
        0.0000463774   0.0000202446   0.0000105667  -0.0000028605  -0.0000483649
       -0.0000356422   0.0000200412  -0.0000903834  -0.0000642180   0.0001026146
       -0.0024341394  -0.0229469374  -0.0046863304  -0.0002193434  -0.0003309583
        0.0001103861  -0.0000487134   0.0001589677   0.0000325605   0.0000985971
       -0.0000001649   0.0000878571  -0.0001986011  -0.0006948705  -0.0004441629
        0.0030194309  -0.0006076503  -0.0003567261   0.0001640265   0.0004935069
        0.0004531168   0.0001034215   0.0000657984   0.0001342718   0.0049711012
       -0.0112658007  -0.0076227793  -0.0096512196  -0.2280859978  -0.0849669571
       -0.0009896860  -0.0017854052  -0.0027775665  -0.0002144942   0.0004149039
       -0.0006225251   0.0006319532   0.0004033772   0.0006501352  -0.0000350193
       -0.0000929575  -0.0000349188   0.0000542580  -0.0000976851  -0.0001013624
        0.0000505639  -0.0000125903  -0.0000084776   0.0000606423   0.0000316921
       -0.0000013355   0.0000077714   0.0000257576   0.0000058770   0.0000405144
       -0.0000460587   0.0000066981  -0.0000000092   0.0000226059  -0.0000167109
       -0.0000196207  -0.0001628476   0.0000132760  -0.0000332296   0.0000887466
        0.0000348965   0.0000942366   0.0001284303   0.0000423547   0.0003126351
        0.0004552323  -0.0001689550   0.0000827955  -0.0001361934  -0.0000454236
        0.0002814229   0.0002231138   0.0008058147  -0.0002584148  -0.0002116789
        0.0001940870   0.0002108378   0.0006821920  -0.0004993773  -0.0015548808
       -0.0034846924   0.0027879838  -0.0001556503   0.0000756811   0.0001524618
       -0.0002503523   0.0001804510   0.0001131885   0.0000032418  -0.0000139295
       -0.0000173579   0.0000342533  -0.0000671504  -0.0000056925   0.0000115870
        0.0000124083  -0.0000014379  -0.0000021950   0.0000285227   0.0000252617
       -0.0001187652   0.0003387178  -0.0001540758   0.0060035268   0.2657855482
        0.0965850802   0.0000516296   0.0000459597   0.0001318458  -0.0000921946
        0.0003957098   0.0000961338  -0.0000241159   0.0000063432   0.0000254058
        0.0000000665   0.0000038711   0.0000104651   0.0000154377   0.0000132451
        0.0000116766  -0.0000026673   0.0000047257  -0.0000060756  -0.0000163462
        0.0000067933   0.0000023804   0.0000140241   0.0000236374   0.0000208177
       -0.0000150206  -0.0000106235   0.0000243673  -0.0000020167  -0.0000029883
        0.0000171562   0.0000101190  -0.0000751657   0.0000127835   0.0000372264
        0.0000281095  -0.0000435318  -0.0000286248  -0.0000117021  -0.0000065600
        0.0015861622   0.0169249665   0.0043856260   0.0000599734   0.0003396119
        0.0000149875  -0.0000077472   0.0000524822   0.0000238748   0.0001265048
       -0.0000123929   0.0000420491  -0.0000509262  -0.0006717081  -0.0003539039
        0.0023287084  -0.0007576112   0.0006097986   0.0001028662   0.0005554425
        0.0002762642   0.0000039460   0.0001195023   0.0000819759   0.0030514548
       -0.0103132600  -0.0058392425  -0.0044546711  -0.0844479615  -0.0774761085
       -0.0044306147  -0.0211499722  -0.0158376439  -0.0024916076   0.0005495325
       -0.0039559764   0.0011490545  -0.0001369025   0.0004914003  -0.0001031047
        0.0000302120   0.0000362320   0.0001450823  -0.0000786912  -0.0000794530
        0.0000268297   0.0000263096  -0.0000481222   0.0000300480   0.0000199316
        0.0000024286  -0.0000231568   0.0000233812  -0.0000016890   0.0001247786
       -0.0001302909   0.0000317626  -0.0000994080  -0.0000210224  -0.0002647164
       -0.0001848450  -0.0010484580  -0.0003500762  -0.0000021467   0.0001024810
        0.0000299291  -0.0000377650   0.0000106638  -0.0000168361  -0.0002957891
       -0.0029382278  -0.0011534423  -0.0001471070   0.0002049876   0.0000289115
        0.0004056582   0.0011756884   0.0004483308  -0.0001705672   0.0002950805
       -0.0001635066   0.0001055265   0.0012426049   0.0007446227   0.0013265117
        0.0032413922  -0.0015873634   0.0000081317  -0.0000436967   0.0000154550
        0.0001322724  -0.0000578989  -0.0001602298  -0.0000013897  -0.0000151219
       -0.0000129502   0.0000274554  -0.0000608245  -0.0000122251   0.0000010782
        0.0000175762   0.0000024712  -0.0000170940   0.0000212050  -0.0000110038
       -0.0004129461   0.0004286170   0.0006016369   0.0025508750   0.0965850802
        0.0988258174   0.0001634852   0.0000285358   0.0000047769  -0.0004185012
        0.0001510636   0.0004858012  -0.0000040728   0.0000081943   0.0000160917
       -0.0000039747  -0.0000105298   0.0000049486   0.0000169835   0.0000107532
       -0.0000165669   0.0000057220  -0.0000046336  -0.0000044740  -0.0000634182
       -0.0000355927   0.0000015593   0.0000107114   0.0000359281   0.0000135004
       -0.0000382434  -0.0000229618  -0.0000856846   0.0000287827  -0.0000428254
        0.0000293065  -0.0000424421   0.0000030257   0.0000466171  -0.0000005062
       -0.0001105732   0.0001349090  -0.0000165581  -0.0000930924   0.0000001296
        0.0000341790   0.0000083675   0.0000464461   0.0000581505  -0.0021835639
        0.0012063662   0.0000288758  -0.0000091223   0.0000061586  -0.0000058973
       -0.0000206718   0.0000043573  -0.0000286763   0.0000530504   0.0000451254
        0.0000119162  -0.0000809754  -0.0001258205  -0.0001646274  -0.0000095605
       -0.0000435154   0.0000183622   0.0000012264   0.0000513578  -0.0014147563
        0.0000189677  -0.0010381602  -0.0044495758   0.0015892543   0.0014022590
       -0.0202643023   0.0069542226  -0.0187353532   0.0002322639   0.0000212548
       -0.0002116406  -0.1142792553   0.0352364043  -0.1065380068   0.0052174932
       -0.0025406035   0.0072470363   0.0001510949   0.0009314173  -0.0001905614
        0.0009579290  -0.0000736513   0.0003875333  -0.0002013956   0.0000007289
        0.0001135285   0.0000490643   0.0002834568  -0.0001958537   0.0010961667
        0.0000102008   0.0005419842  -0.0001446659   0.0004332822   0.0000199184
       -0.0001103870   0.0001288936  -0.0001292144  -0.0031394806  -0.0024351737
       -0.0024656701  -0.0001503441  -0.0001068868  -0.0001213424  -0.0002177624
        0.0008343640  -0.0006853484   0.0002259214   0.0002695901  -0.0002655885
        0.0006312174  -0.0005744999  -0.0000601155  -0.0002332105  -0.0001963501
       -0.0000538284   0.0000261798  -0.0000501370   0.0001312873  -0.0000489597
       -0.0000907528   0.0000248403  -0.0000837601  -0.0000174164  -0.0000316298
        0.0002077798  -0.0003681454   0.0007403682   0.0000166053  -0.0000154104
       -0.0000084853   0.0000113591  -0.0000076665   0.0000006453   0.0000382439
       -0.0000081141   0.0000051498   0.0000050429  -0.0000146127   0.0000020814
       -0.0003335595   0.0002437431  -0.0000520037  -0.0000166099   0.0000516296
        0.0001634852   0.1356272197  -0.0381272102   0.1199067764   0.0008141795
       -0.0003475034  -0.0016066688  -0.0000453434   0.0000203843   0.0000490778
       -0.0000639354   0.0000100211  -0.0000315254   0.0000048902   0.0001767466
       -0.0000645870  -0.0000738232  -0.0000843917  -0.0000419166  -0.0000006764
       -0.0000391350  -0.0000552580  -0.0001727950   0.0000505336   0.0000936724
        0.0000143958  -0.0001253050   0.0000036035   0.0000543620   0.0000940599
        0.0006001052   0.0000161804   0.0000457071  -0.0000158606   0.0000145949
        0.0000149597   0.0000152422   0.0000801314   0.0000443928  -0.0000404512
       -0.0001044855   0.0001237904  -0.0002118444  -0.0011570066  -0.0047201575
        0.0023256520  -0.0000336777  -0.0000093406  -0.0000259067  -0.0000307251
        0.0000595552   0.0000101047   0.0000222096  -0.0000860922  -0.0000586195
       -0.0000496302   0.0003456826   0.0001954564   0.0000247680  -0.0001578510
       -0.0000042753   0.0000245621   0.0000562091   0.0000132205   0.0003800808
       -0.0001810619   0.0002589548   0.0007442328   0.0001816469  -0.0006934215
        0.0050188658  -0.0009929118   0.0048796800   0.0002336767   0.0001430819
        0.0000817873   0.0339807425  -0.0550969514   0.0444292963   0.0110039148
       -0.0092688028   0.0217302579  -0.0001573007   0.0005326281   0.0000300997
        0.0009650492   0.0011773310   0.0000958814  -0.0001707250  -0.0000447355
        0.0000188550  -0.0000360382   0.0001557657  -0.0003833745   0.0003773183
       -0.0024721986   0.0003274006  -0.0002283414   0.0000051688  -0.0000722292
       -0.0000229374   0.0000185793   0.0000965748  -0.0012868816  -0.0012469571
       -0.0015984952  -0.0001439132   0.0001383715  -0.0001079850  -0.0010320764
        0.0009346790   0.0004776346   0.0003797578  -0.0003882178  -0.0005401740
        0.0003830263   0.0000905387  -0.0000928245  -0.0001833418  -0.0003116959
        0.0002218817  -0.0000056701  -0.0000121782   0.0000210301  -0.0000434385
       -0.0000379811   0.0000467854  -0.0001389003  -0.0000375734  -0.0000660827
        0.0005587044  -0.0003980978   0.0015801704  -0.0000066108  -0.0000027755
        0.0000014924  -0.0000069048   0.0000004889   0.0000032189  -0.0000178009
        0.0000061930   0.0000027212   0.0000152251  -0.0000543683  -0.0000006526
        0.0001005383  -0.0000747754   0.0000128698   0.0000771729   0.0000459597
        0.0000285358  -0.0381272102   0.0666661528  -0.0533944812  -0.0115315590
        0.0043645329  -0.0190964683   0.0000052810  -0.0000538752  -0.0000479049
        0.0001315384  -0.0000582191   0.0000495736   0.0000449612   0.0002303726
       -0.0000916518  -0.0000349589  -0.0000563608  -0.0000576905  -0.0000255530
       -0.0000255369  -0.0000665139  -0.0001357081   0.0001876045   0.0000552472
       -0.0001239456   0.0001283696   0.0000351859   0.0003513169   0.0002226107
       -0.0004460365  -0.0000108178  -0.0000115427  -0.0000312604  -0.0000506265
       -0.0000299081   0.0000618552   0.0000738422   0.0000148536  -0.0000035313
        0.0000921046  -0.0000423014   0.0000282647   0.0004814724   0.0031088701
       -0.0011225757   0.0000079902  -0.0000358112  -0.0000117710  -0.0000075236
       -0.0000002277   0.0000010017   0.0000233925  -0.0000220322  -0.0000101526
        0.0000045736   0.0001356928   0.0000497540  -0.0001069784  -0.0000438593
       -0.0000998817   0.0000428699   0.0000004299   0.0000122781   0.0005238022
       -0.0000651177   0.0003874445   0.0009393427  -0.0005731563  -0.0002141565
        0.0037803261  -0.0015230959   0.0067969003   0.0000326335   0.0002473585
        0.0001792195  -0.1059008807   0.0459065580  -0.1934343563  -0.0055209677
        0.0071782869  -0.0120583702  -0.0001239834   0.0003726660  -0.0000626806
       -0.0002280385  -0.0005048072   0.0001021563  -0.0001786057   0.0002471803
        0.0003498120   0.0000125386   0.0005798890  -0.0002814651   0.0005869634
       -0.0003288054   0.0013342857  -0.0001821898   0.0002244113  -0.0000375074
        0.0001072842  -0.0001463389   0.0000945150  -0.0028146968  -0.0032512776
       -0.0045470076  -0.0000423895  -0.0000935520  -0.0001999088  -0.0002019660
       -0.0001148961   0.0017459177   0.0000378766  -0.0000634745  -0.0005448163
        0.0002975426  -0.0002568667   0.0000019050  -0.0000199064   0.0000598628
       -0.0000539603   0.0001413621  -0.0000380418   0.0001671892   0.0000849511
       -0.0000741996  -0.0000099445  -0.0000018135   0.0001533508   0.0002303677
       -0.0003675904   0.0002648771  -0.0006261149   0.0000092422  -0.0000004737
        0.0000037954  -0.0000037123   0.0000052361   0.0000032900   0.0000000656
        0.0000025503  -0.0000003803   0.0000131982  -0.0000090189   0.0000073458
        0.0002357726  -0.0000614857   0.0000259399   0.0001504342   0.0001318458
        0.0000047769   0.1199067764  -0.0533944812   0.2224682033  -0.0122470434
        0.0020152178  -0.0196589307   0.0000395842  -0.0000993273  -0.0001662359
       -0.0000962514  -0.0000404520  -0.0001081245   0.0001013058   0.0001276351
       -0.0001480246  -0.0000488411  -0.0000732632  -0.0000360392  -0.0000035538
       -0.0000896287  -0.0001385724  -0.0000901712   0.0001651157   0.0000172218
       -0.0000354987   0.0001018965  -0.0000270860   0.0005213555  -0.0001361512
       -0.0003410639  -0.0000143448  -0.0000052582  -0.0000313708   0.0000244132
        0.0000474694  -0.0000090897   0.0000377726   0.0000110015  -0.0000319969
       -0.0000895507   0.0000791375  -0.0000676188   0.0003805080   0.0006205786
       -0.0004062793  -0.0000421454   0.0000539269   0.0000165183   0.0000392717
        0.0000423716   0.0000265022   0.0000738934  -0.0001019208  -0.0000473386
        0.0000652267   0.0002981650   0.0001808848   0.0000685190   0.0009305375
        0.0003485289  -0.0002647159   0.0001248964  -0.0000903580   0.0004507740
       -0.0004600401   0.0000837154   0.0006541356   0.0012602793   0.0010860779
       -0.0029645355   0.0195651408   0.0175615947  -0.0040699846   0.0019521816
        0.0013853334  -0.0403665005  -0.0015492535  -0.0027333208   0.0000756450
       -0.0080273658  -0.0067109563  -0.0002878161  -0.0016419173   0.0010863913
        0.0002766098  -0.0003656040  -0.0001642998  -0.0001101053   0.0000027933
       -0.0000144265   0.0000060867  -0.0000117464   0.0001131100  -0.0000511822
        0.0002811028   0.0000264366   0.0000825941   0.0000235753   0.0000098439
        0.0000538515   0.0002330841   0.0000257921  -0.0011329377  -0.0007599546
       -0.0010206573   0.0001318937  -0.0003302098  -0.0003715361  -0.0000505070
        0.0011055102   0.0002098281   0.0000662034  -0.0002629849   0.0001316668
       -0.0004989928  -0.0006681486  -0.0000961850  -0.0000405845  -0.0002035615
        0.0001468693  -0.0000446580   0.0000331750  -0.0000437675  -0.0001047946
       -0.0001124597   0.0000493070   0.0003357418   0.0000540080   0.0002330632
       -0.0001278235   0.0000637889  -0.0001635664  -0.0000222621   0.0000043817
        0.0000001125   0.0000107013  -0.0000147169  -0.0000025269  -0.0000017920
        0.0000027519   0.0000026953  -0.0000158719  -0.0000157795  -0.0000055497
        0.0000867010  -0.0000007612  -0.0000121919  -0.0012843813  -0.0000921946
       -0.0004185012   0.0008141795  -0.0115315590  -0.0122470434   0.0481466518
       -0.0006470575   0.0016818418  -0.0001975201  -0.0000724196   0.0001526677
       -0.0000453023   0.0000428651  -0.0000322937  -0.0000214535   0.0000436168
        0.0000209130  -0.0000021924   0.0000284423   0.0000391300   0.0000028712
        0.0000217559   0.0000309235  -0.0000260766  -0.0000125624   0.0000221950
        0.0000164560  -0.0000562421   0.0000362100  -0.0000620845  -0.0000414419
        0.0000593589   0.0000351533  -0.0000036613  -0.0000050948   0.0000168030
        0.0000542423  -0.0000873399   0.0000352995   0.0000612546  -0.0000266597
        0.0002116631  -0.0002300840   0.0002212242  -0.0001616302   0.0006307529
       -0.0015395006   0.0000223431   0.0000241758   0.0000239760  -0.0000285352
       -0.0000027787  -0.0000012187  -0.0000771816   0.0000552908   0.0000271998
       -0.0000321224  -0.0001583554  -0.0001356033  -0.0001161189  -0.0002387529
       -0.0002029017   0.0001329015  -0.0000175891   0.0000236838  -0.0002173203
        0.0003417016   0.0001664166  -0.0004540234   0.0001491463  -0.0005155914
        0.0016135200  -0.0053923108  -0.0047518339   0.0007307834  -0.0013651301
       -0.0003217606   0.0002329285  -0.1721892941  -0.1189271967  -0.0005021265
       -0.0199859299  -0.0147791838  -0.0001609508  -0.0060306186   0.0008282373
        0.0000985355  -0.0006286979  -0.0001766655  -0.0001534192   0.0000304210
        0.0000645380  -0.0000208351   0.0000453745   0.0000720589   0.0002368413
       -0.0000256049   0.0000785818  -0.0000488823   0.0000603646  -0.0000224368
       -0.0000265667  -0.0000645738   0.0000593017  -0.0000933807   0.0000064272
        0.0001244265   0.0003112718  -0.0009964113  -0.0009674857   0.0002950039
        0.0000206813  -0.0004411497   0.0002022311  -0.0001162549  -0.0001918674
       -0.0004349268   0.0000881883   0.0003367809  -0.0002704681  -0.0002787723
        0.0003455925   0.0000688519  -0.0000491653   0.0000894658  -0.0001148347
        0.0000606835   0.0000119688  -0.0001758796  -0.0001059016   0.0011670843
       -0.0001359125   0.0003862147  -0.0001968591   0.0000025549  -0.0000095422
       -0.0000033030   0.0000092771   0.0000016274   0.0000002743   0.0000215905
        0.0000094766   0.0000059974  -0.0000125718   0.0000444565   0.0000252645
       -0.0000155202   0.0000129979  -0.0000138967   0.0003948746   0.0003957098
        0.0001510636  -0.0003475034   0.0043645329   0.0020152178  -0.0006470575
        0.2010345758   0.1372298762  -0.0001948527  -0.0000084399   0.0001530505
       -0.0000531074   0.0000789261  -0.0000804927   0.0000024662   0.0000719440
       -0.0000088359   0.0000030290   0.0000421489   0.0000038417  -0.0000183836
        0.0000199080   0.0000065484  -0.0000147994   0.0000494783   0.0000405728
       -0.0000425360   0.0000125281   0.0000074842   0.0000046439  -0.0000429300
        0.0000027928  -0.0000406928  -0.0000577920   0.0000234182   0.0000107942
       -0.0000211115  -0.0000038405   0.0000060344  -0.0000216915  -0.0000243154
        0.0000975702   0.0000193155   0.0001225994  -0.0001390414   0.0014773100
        0.0008120308   0.0000249363  -0.0000094165   0.0000045201  -0.0000241431
       -0.0000126959  -0.0000084641  -0.0000573264   0.0000441099   0.0000105237
       -0.0000350538  -0.0000305384  -0.0000518831  -0.0001682832  -0.0004320741
       -0.0002249120   0.0001193858  -0.0000282582   0.0000862316  -0.0001289134
        0.0002562415  -0.0002456102  -0.0012508594   0.0005878455   0.0005164182
        0.0018801479  -0.0077489409  -0.0069152331   0.0015758465  -0.0006077206
       -0.0002585956  -0.0007966807  -0.1209034200  -0.1502277465   0.0000326327
        0.0068167031   0.0060672323   0.0006721972   0.0018119045  -0.0000551159
       -0.0002393181   0.0001357991  -0.0000857192   0.0001969420   0.0000117759
       -0.0000967793  -0.0000226945   0.0000035234   0.0001180040  -0.0000138725
        0.0003922382  -0.0001913678   0.0000608241   0.0000159089   0.0000176109
        0.0000453707  -0.0000370409   0.0000176873  -0.0018912593  -0.0010980453
       -0.0019196358  -0.0001564480   0.0004753076   0.0002170315   0.0006475517
       -0.0019437630  -0.0007620904  -0.0002916678   0.0004556977   0.0003458590
       -0.0002754544   0.0012589762   0.0000706076   0.0001201933   0.0002043505
       -0.0000024943  -0.0000026953   0.0000012851  -0.0000045140   0.0000397533
        0.0000308118  -0.0000559568   0.0002589469   0.0005999912  -0.0004861447
        0.0000147381   0.0000820753  -0.0000093719   0.0000196023  -0.0000239548
       -0.0000131777   0.0000230983  -0.0000083907   0.0000008573   0.0000311299
        0.0000054235   0.0000126836  -0.0000012522   0.0000300549   0.0000071552
       -0.0000589887  -0.0000031980   0.0000385745  -0.0001791905   0.0000961338
        0.0004858012  -0.0016066688  -0.0190964683  -0.0196589307   0.0016818418
        0.1372298762   0.1717213857  -0.0000402549   0.0000532701   0.0000877776
        0.0000077370  -0.0000161304   0.0000505893   0.0000233399  -0.0000054728
        0.0000327905   0.0000276240   0.0000126785   0.0000211967   0.0000038193
        0.0000356372   0.0000485434   0.0000297754   0.0000138131   0.0000244505
       -0.0000106225  -0.0000213902   0.0000323395  -0.0001219294  -0.0000116777
        0.0001670218   0.0000224458   0.0000362648   0.0000483765  -0.0000189647
       -0.0000913537   0.0000281714  -0.0001258675  -0.0000643725   0.0000596724
        0.0002720786  -0.0001136444  -0.0000948550   0.0007463096   0.0003330415
        0.0012272948  -0.0000416521  -0.0000148902  -0.0000256369   0.0000182085
        0.0000405719   0.0000206080   0.0000365328  -0.0000363768  -0.0000314534
       -0.0000327313   0.0001441668   0.0000596237   0.0000247678  -0.0001453585
        0.0001177082  -0.0000262316  -0.0000258386  -0.0000225278   0.0000990285
       -0.0001187505  -0.0000420202   0.0000141350   0.0000563497   0.0000914339
       -0.0001982360  -0.0000889705   0.0002362387  -0.0005806565   0.0006190149
        0.0009596650   0.0002955646   0.0004120073  -0.0000436664  -0.0143620600
        0.0138305021   0.0192313023  -0.0054078980  -0.0007234517   0.0004606918
       -0.0905808205   0.0599119015   0.0850533277   0.0049377938  -0.0082187200
       -0.0113291145   0.0002536309  -0.0037398718   0.0000445075  -0.0003136263
        0.0000174649  -0.0000842616   0.0000161704  -0.0000557977  -0.0000724092
       -0.0001675320  -0.0000347101   0.0001192011   0.0000839829  -0.0001132343
       -0.0000545235  -0.0000386081   0.0000356913   0.0000560999   0.0000035760
        0.0002607698  -0.0001010784  -0.0000157923  -0.0000699054   0.0000281908
        0.0000181014  -0.0000966036  -0.0000220278  -0.0000135468  -0.0000355556
        0.0000218900   0.0000002527  -0.0000221256  -0.0000407216   0.0001364345
       -0.0000437720   0.0000012074  -0.0007335687  -0.0004669384  -0.0006159648
       -0.0000836292   0.0002216516  -0.0000714138  -0.0000015231  -0.0000016010
        0.0000017671  -0.0000029466  -0.0000037721   0.0000013673  -0.0000098398
       -0.0000059202  -0.0000006946  -0.0000029055  -0.0000355290  -0.0000119533
        0.0000048581   0.0000187370  -0.0000171081  -0.0000295501  -0.0000241159
       -0.0000040728  -0.0000453434   0.0000052810   0.0000395842  -0.0001975201
       -0.0001948527  -0.0000402549   0.1049014140  -0.0611447000  -0.0928098507
        0.0006868623   0.0002672809  -0.0015311703   0.0003439991  -0.0005272121
       -0.0006859531  -0.0000008784  -0.0000556873  -0.0000201292   0.0000014011
       -0.0000227070   0.0000014055  -0.0000292169  -0.0000284889  -0.0000232519
        0.0000113591   0.0000105755   0.0000401473   0.0000019941   0.0000139395
       -0.0000109372   0.0000016725  -0.0000081387  -0.0000060380   0.0000009366
        0.0000090287   0.0000008077   0.0000052480   0.0000092644  -0.0000009807
       -0.0000854291  -0.0000269193   0.0000279826  -0.0005165669   0.0003576631
       -0.0000267291   0.0000157155   0.0000061682   0.0000081837  -0.0000045480
       -0.0000004818   0.0000007962  -0.0000060124  -0.0000002344   0.0000025924
        0.0000021819   0.0000051910  -0.0000080953  -0.0000456761  -0.0000066313
       -0.0000120504   0.0000024220   0.0000198152   0.0000120384  -0.0000092290
       -0.0000097406   0.0000206285  -0.0000461988  -0.0000029086  -0.0000122858
        0.0000535177   0.0000666095  -0.0001069498  -0.0000105284  -0.0000019915
       -0.0000076059   0.0001367797   0.0001248541  -0.0001404424  -0.0001108747
        0.0025276253   0.0016233456  -0.0003337859   0.0008176376  -0.0002177370
        0.0571284970  -0.1095730995  -0.1028394006   0.0086536651  -0.0135757943
       -0.0176436342  -0.0048364688   0.0042282213  -0.0066066546  -0.0001157963
       -0.0002265887  -0.0002284718   0.0000932609   0.0001318477   0.0000144092
        0.0000390784   0.0000057081   0.0000333398  -0.0001539919  -0.0001920564
        0.0000079444  -0.0001339734   0.0001394973   0.0000969659  -0.0000417618
       -0.0000897707   0.0000511775   0.0000487707   0.0000159310  -0.0000440095
        0.0000090106   0.0000525795  -0.0000067523  -0.0000148958  -0.0000172895
        0.0000201974   0.0000097960  -0.0000014816   0.0000085056  -0.0000104280
       -0.0000198337  -0.0000211054   0.0000164934   0.0002078381   0.0000321756
        0.0001907067  -0.0002309880  -0.0000452888  -0.0000025947  -0.0000047208
       -0.0000039952   0.0000032025  -0.0000032174  -0.0000017630   0.0000054469
        0.0000015357   0.0000004776  -0.0000156155   0.0000075586   0.0000015260
        0.0000027816   0.0000011687  -0.0000034728  -0.0000028580   0.0000063432
        0.0000081943   0.0000203843  -0.0000538752  -0.0000993273  -0.0000724196
       -0.0000084399   0.0000532701  -0.0611447000   0.1177167593   0.1245938126
        0.0013958272  -0.0021634671   0.0022182813  -0.0007407263   0.0008785183
        0.0010225479   0.0007141687  -0.0010838748  -0.0018258673  -0.0000272450
       -0.0000270244   0.0000307983  -0.0000434781   0.0000094431   0.0000117372
       -0.0000012244  -0.0000010687   0.0000116953  -0.0000163347  -0.0000047199
       -0.0000054455  -0.0000040506   0.0000022444   0.0000043148   0.0000003093
       -0.0000013060  -0.0000061424   0.0000053963  -0.0000032340  -0.0000037117
       -0.0001178055   0.0000164264   0.0000202034  -0.0011165928   0.0002665912
        0.0005596225   0.0000363507   0.0000149439   0.0000169836  -0.0000129822
       -0.0000139316  -0.0000097359  -0.0000188044   0.0000161625   0.0000097655
        0.0000088995  -0.0000608578  -0.0000282224  -0.0000201122   0.0000346017
       -0.0000488979  -0.0000013890   0.0000276826   0.0000059801  -0.0000009660
        0.0000721206   0.0000004467  -0.0000536137  -0.0000556175   0.0000142461
       -0.0000731970   0.0000279249  -0.0000571343  -0.0000448313  -0.0002022451
       -0.0001913267  -0.0004785810  -0.0000608634   0.0003488161   0.0043253930
       -0.0040953897  -0.0048199336   0.0013527409   0.0000063686   0.0005616820
        0.0837201176  -0.1038708624  -0.1735275718   0.0053351958  -0.0115348295
       -0.0164130915   0.0004563010  -0.0076005793   0.0044280551  -0.0004273590
       -0.0000690997   0.0009789801  -0.0001626605   0.0000030820   0.0001190278
        0.0000490249   0.0000158366   0.0000342496  -0.0000509718   0.0003868841
        0.0000803486  -0.0000522023  -0.0000595874  -0.0002492095  -0.0000444523
       -0.0002200872   0.0000629488   0.0000278426   0.0000451250  -0.0000187514
       -0.0000300249   0.0001070439   0.0000126898   0.0000122332   0.0000153747
       -0.0000010125  -0.0000092425   0.0000151640   0.0000236774  -0.0000291608
       -0.0000045017  -0.0000379356  -0.0001955410   0.0000377930   0.0002499926
        0.0000986568  -0.0000910877   0.0000953478  -0.0000038451  -0.0000033407
       -0.0000038507   0.0000072214  -0.0000018345  -0.0000023125   0.0000101053
        0.0000052278   0.0000023627  -0.0000200339   0.0000203085   0.0000119655
       -0.0000078837  -0.0000093521   0.0000080436   0.0000179360   0.0000254058
        0.0000160917   0.0000490778  -0.0000479049  -0.0001662359   0.0001526677
        0.0001530505   0.0000877776  -0.0928098507   0.1245938126   0.1903496195
       -0.0006297613   0.0028405085  -0.0015392541   0.0009310702  -0.0010159207
       -0.0016788870  -0.0000892360   0.0002536398   0.0006564771  -0.0000201815
        0.0000024178   0.0000302049  -0.0000426646   0.0000379433   0.0000353265
       -0.0000065750  -0.0000181069  -0.0000347232  -0.0000188907  -0.0000041750
        0.0000075131   0.0000010956   0.0000075694   0.0000095110   0.0000008906
       -0.0000057700  -0.0000088052  -0.0000034077  -0.0000030650  -0.0000010649
        0.0000734156   0.0000040212  -0.0000178763  -0.0000622207  -0.0000179698
        0.0000717271  -0.0000419430  -0.0000068110  -0.0000163894   0.0000150158
        0.0000145529   0.0000077322   0.0000080378  -0.0000013037   0.0000004151
        0.0000030490  -0.0000001695  -0.0000040569   0.0000989940  -0.0000130479
        0.0000479811  -0.0000186159  -0.0000396344  -0.0000284317  -0.0000315405
        0.0000152194   0.0000194856   0.0001061538   0.0000355674   0.0000427101
       -0.0001809232  -0.0003072044   0.0001831644   0.0001340358  -0.0000346241
       -0.0000621763  -0.0011728054  -0.0000214742   0.0000006710   0.0009795530
       -0.0043765655   0.0003679580   0.0004938340  -0.0001481392  -0.0001380893
       -0.0212885051  -0.0051979501   0.0009312734  -0.2879048186  -0.0371050482
        0.0483840024  -0.0122868369  -0.0018595174   0.0040862050  -0.0007385650
        0.0022874908   0.0019839246  -0.0003959293  -0.0005041527  -0.0000050771
       -0.0001342454   0.0000693574   0.0001068769   0.0005147906   0.0000485837
       -0.0001824953   0.0000508325  -0.0000677230   0.0000484906   0.0000670404
        0.0002902605  -0.0002146072  -0.0000900659  -0.0000816732   0.0001419620
       -0.0000113222  -0.0000937036   0.0000055989  -0.0000076302  -0.0000166498
        0.0000149358  -0.0000142025  -0.0000133782  -0.0000201538   0.0000345354
       -0.0000080148   0.0000225711  -0.0000046282  -0.0000038663   0.0000311538
       -0.0000126637   0.0000119851   0.0000423948  -0.0000008981   0.0000089034
        0.0000061493  -0.0000069162   0.0000038147   0.0000001336  -0.0000049502
       -0.0000057998  -0.0000041796   0.0000213293  -0.0000250639  -0.0000019822
        0.0000023206   0.0000137955  -0.0000127161   0.0000093961   0.0000000665
       -0.0000039747  -0.0000639354   0.0001315384  -0.0000962514  -0.0000453023
       -0.0000531074   0.0000077370   0.0006868623   0.0013958272  -0.0006297613
        0.3207051190   0.0458639777  -0.0549984456  -0.0002626874   0.0002147310
        0.0003854212   0.0007585955  -0.0003892383  -0.0004184931  -0.0000009140
        0.0000003344   0.0000022473   0.0000343593  -0.0000196475  -0.0000497725
       -0.0000392442  -0.0000244803  -0.0000013030   0.0000280044   0.0000181865
       -0.0000362928   0.0000027713  -0.0000022959  -0.0000091314  -0.0000002761
        0.0000033440   0.0000079187  -0.0000054605   0.0000066960   0.0000008160
       -0.0002735223  -0.0000324424  -0.0005535563  -0.0023436986  -0.0001450834
        0.0000752605  -0.0000031325  -0.0000008442   0.0000023612   0.0000106479
        0.0000150839   0.0000126728   0.0000105205  -0.0000091630   0.0000039128
       -0.0000006193   0.0000353175  -0.0000093372  -0.0000009697  -0.0000209062
        0.0000020586   0.0000135231  -0.0000107335   0.0000018006  -0.0000264290
       -0.0000402665   0.0000479160   0.0000583229   0.0000483831  -0.0000406997
        0.0001623005   0.0002323577  -0.0000705099   0.0000001431   0.0000117409
       -0.0000430342   0.0010723361   0.0000717074  -0.0000221028  -0.0022106144
        0.0043489753  -0.0076329947   0.0000716158   0.0000285381  -0.0001369256
       -0.0219282326  -0.0054919909   0.0029331422  -0.0345879613  -0.0395751432
        0.0020329502   0.0126093506   0.0037909337  -0.0039440756   0.0007988195
       -0.0014965817  -0.0018740052   0.0005271245   0.0004306262  -0.0001903827
        0.0001595661  -0.0000196484  -0.0001348027  -0.0001689986  -0.0001772536
        0.0002556972  -0.0000344216  -0.0000985697   0.0000008412   0.0000670799
       -0.0000093553  -0.0000343574   0.0000184883   0.0000059529  -0.0000356527
        0.0000070902   0.0000115456   0.0000028356  -0.0000198707  -0.0000174288
        0.0000128820  -0.0002099240  -0.0000086801  -0.0000205658   0.0000236149
       -0.0000154329  -0.0000168821   0.0000181643  -0.0000134419   0.0000315498
       -0.0000470222  -0.0000362205   0.0000927279  -0.0000026120   0.0000029241
       -0.0000012696  -0.0000041263  -0.0000001655  -0.0000020941  -0.0000013920
       -0.0000041122  -0.0000058541  -0.0000198530   0.0000096627  -0.0000036851
        0.0000138894   0.0000096725  -0.0000111121   0.0000090435   0.0000038711
       -0.0000105298   0.0000100211  -0.0000582191  -0.0000404520   0.0000428651
        0.0000789261  -0.0000161304   0.0002672809  -0.0021634671   0.0028405085
        0.0458639777   0.0405680464   0.0067288072  -0.0001656811  -0.0007500978
       -0.0002464448   0.0002077418   0.0004922189   0.0000026041   0.0000166826
       -0.0000176641   0.0000104911  -0.0000317983  -0.0000050848   0.0000126955
        0.0000312988   0.0000408321  -0.0000015504  -0.0000127573  -0.0000206459
       -0.0000008219  -0.0000016208   0.0000022061  -0.0000009608   0.0000007967
        0.0000007708  -0.0000000460   0.0000029517  -0.0000016505  -0.0000028791
        0.0000843200   0.0000310667   0.0002423139   0.0010083177   0.0000873259
        0.0000317536   0.0000100867   0.0000081463   0.0000087216   0.0000049482
        0.0000134047   0.0000069123  -0.0000006246  -0.0000018590   0.0000030191
        0.0000053968  -0.0000133295  -0.0000136491   0.0000028169  -0.0000069026
        0.0000010006   0.0000091106  -0.0000188847  -0.0000015676  -0.0000043694
        0.0000361261  -0.0000019351   0.0000216680  -0.0000255774   0.0000559304
       -0.0003505032  -0.0004241663   0.0002250683  -0.0000383296  -0.0000885155
       -0.0001066407  -0.0017991513  -0.0000491820   0.0000816153  -0.0000065775
       -0.0070251722   0.0041734678  -0.0000428393  -0.0001039066  -0.0002024862
       -0.0154815959  -0.0025966763   0.0011296942   0.0481713292   0.0027524802
       -0.0461011467   0.0189971116   0.0006139169  -0.0057180943   0.0033844590
       -0.0027440057  -0.0037211359   0.0007875022   0.0008240326  -0.0002223639
        0.0002823686  -0.0000009934  -0.0001696058  -0.0002829627  -0.0004797907
        0.0003503560  -0.0000616011   0.0000108557  -0.0001132371  -0.0000484698
        0.0001106477  -0.0001551848  -0.0000469877  -0.0000165143   0.0001558761
       -0.0000160309  -0.0000360210   0.0000054424   0.0000040761   0.0000051189
        0.0000062234   0.0000847583  -0.0000011565   0.0000082745   0.0000008000
       -0.0000082859   0.0000033747   0.0000115513   0.0000485892   0.0000309331
        0.0000883820  -0.0000200199  -0.0000065312  -0.0000065302   0.0000048095
        0.0000005711  -0.0000017673  -0.0000002517  -0.0000008434  -0.0000006515
       -0.0000011220  -0.0000002181  -0.0000299750   0.0000232464   0.0000022515
       -0.0000041718  -0.0000023843   0.0000012312   0.0000137360   0.0000104651
        0.0000049486  -0.0000315254   0.0000495736  -0.0001081245  -0.0000322937
       -0.0000804927   0.0000505893  -0.0015311703   0.0022182813  -0.0015392541
       -0.0549984456   0.0067288072   0.0518835766   0.0007542576  -0.0002012288
       -0.0007692160   0.0011389063   0.0003329715   0.0003885435   0.0000149805
       -0.0000297395   0.0000411638  -0.0000954154   0.0000579100   0.0000544971
        0.0000603021   0.0000416959   0.0000077842  -0.0000323283  -0.0000368062
       -0.0000062701   0.0000002080   0.0000023636   0.0000030324   0.0000045650
       -0.0000008076   0.0000008451  -0.0000016411   0.0000019574  -0.0000015073
       -0.0000027977   0.0000121326  -0.0000044806   0.0000384271   0.0000296011
       -0.0001703835   0.0000196603   0.0000456249   0.0000178588   0.0000047204
       -0.0000233480  -0.0000047218  -0.0000090955   0.0000156120   0.0000071530
        0.0000015488  -0.0000617203  -0.0000166863   0.0000202240   0.0000178936
       -0.0000349186  -0.0000647018  -0.0000163382  -0.0000802841   0.0000499418
        0.0000559287  -0.0000015312  -0.0000601253  -0.0000160083  -0.0000114073
        0.0000868667   0.0000140152  -0.0000675870   0.0003288658   0.0000052271
        0.0000167061   0.0000288812  -0.0001641174  -0.0001608628  -0.0003339169
        0.0002231263  -0.0003547428  -0.0005604161  -0.0016674039   0.0008455181
       -0.0012464733   0.0001885587   0.0000165098  -0.0019386470   0.0114157115
        0.0000690299  -0.0632850649   0.0678330995  -0.0191976639   0.0047542869
       -0.0169324968   0.0038419691   0.0003825319  -0.0007216134  -0.0002284673
        0.0001981949   0.0001771296  -0.0000858108  -0.0009684634  -0.0067046756
        0.0025858638  -0.0016619378  -0.0010380830  -0.0008351242  -0.0000200788
       -0.0000728174   0.0001099091   0.0000494071   0.0000151945  -0.0000823024
        0.0000163375   0.0000917236  -0.0000085723  -0.0000163198  -0.0000245455
        0.0000181083   0.0000262326   0.0000125666   0.0000314687  -0.0000090128
       -0.0000144250  -0.0000043997  -0.0000330040  -0.0000019033   0.0000173961
        0.0000028250   0.0000094890   0.0000052621   0.0000102819  -0.0000096712
       -0.0000034609   0.0000263037  -0.0000011959   0.0000057735   0.0000208082
        0.0000055380   0.0000094137  -0.0000380446   0.0000295374   0.0000759798
        0.0000034873  -0.0000014357   0.0000101471   0.0000064403   0.0000154377
        0.0000169835   0.0000048902   0.0000449612   0.0001013058  -0.0000214535
        0.0000024662   0.0000233399   0.0003439991  -0.0007407263   0.0009310702
       -0.0002626874  -0.0001656811   0.0007542576   0.0717217584  -0.0718223148
        0.0194840632  -0.0075860148   0.0197324150  -0.0077414117  -0.0000560891
        0.0001421320  -0.0001184922  -0.0000994589   0.0000187048   0.0002594278
        0.0000518618   0.0000264921  -0.0000130688   0.0000704437   0.0000108128
       -0.0000221501   0.0000010407   0.0000069325  -0.0000017487  -0.0000035483
        0.0000021527  -0.0000047039   0.0000070843   0.0000003040   0.0000004677
        0.0000036537  -0.0000138631  -0.0000323714  -0.0000682973   0.0000019730
        0.0001230947   0.0000129261   0.0000264917   0.0000117264   0.0000346583
        0.0000145032   0.0000196574   0.0000135768   0.0000061356   0.0000052047
       -0.0000135669  -0.0000864038  -0.0000174516   0.0000345278   0.0000308532
       -0.0000233137  -0.0000136701  -0.0000270542  -0.0000674098  -0.0000180592
        0.0000942091  -0.0000167806   0.0000313487  -0.0000099016   0.0000271174
        0.0000037936  -0.0000025054   0.0000220243   0.0003027278   0.0002495558
       -0.0000842601  -0.0001683238   0.0000889285  -0.0000197270  -0.0000821274
       -0.0004799757   0.0004010138   0.0007109760  -0.0002102828   0.0004160120
        0.0021707547   0.0000176917   0.0002216859   0.0062754426  -0.0160211248
       -0.0035082116   0.0613719100  -0.2243286708   0.0493784896   0.0036746750
       -0.0192422414   0.0057298485   0.0006031451   0.0003388133  -0.0003244806
        0.0001938027   0.0002597640  -0.0000283985  -0.0044305464  -0.0074363433
        0.0032340599  -0.0012609481   0.0003271985  -0.0006565153   0.0001523027
        0.0000505084  -0.0000880013  -0.0000688361   0.0000164614   0.0000524861
       -0.0000376894   0.0000479010  -0.0000085504  -0.0000017899  -0.0000163945
        0.0000221995  -0.0000031059   0.0000145930   0.0000015901  -0.0000614572
        0.0000356852   0.0000004898   0.0000524520   0.0000604619   0.0000577374
        0.0000095638   0.0000290146  -0.0001235001   0.0000096433   0.0000000465
        0.0000039235   0.0000068220  -0.0000017712   0.0000031445   0.0000105900
       -0.0000087208   0.0000013537  -0.0000812998   0.0000854587   0.0000584777
        0.0000000377  -0.0000101688   0.0000173269   0.0000298982   0.0000132451
        0.0000107532   0.0001767466   0.0002303726   0.0001276351   0.0000436168
        0.0000719440  -0.0000054728  -0.0005272121   0.0008785183  -0.0010159207
        0.0002147310  -0.0007500978  -0.0002012288  -0.0718223148   0.2674547459
       -0.0559367208   0.0026821212  -0.0021553447   0.0022740069   0.0000069101
       -0.0001152376  -0.0001148431  -0.0003214299   0.0003335780   0.0001321026
        0.0000128198   0.0000471640  -0.0000078350   0.0001298568   0.0000743342
       -0.0000613590   0.0000074057   0.0000052556  -0.0000035927   0.0000055108
        0.0000009918  -0.0000036186  -0.0000082734   0.0000097045  -0.0000035984
       -0.0000217927   0.0000010836  -0.0000248676  -0.0000751456  -0.0000379179
        0.0001191858  -0.0000194405  -0.0000188860  -0.0000206459  -0.0000160044
        0.0000149367  -0.0000007693  -0.0000017962  -0.0000130089  -0.0000123200
       -0.0000028616   0.0000453769   0.0000270360  -0.0000410470  -0.0000039824
       -0.0000191314   0.0000740936   0.0000629526   0.0000496357   0.0000105683
       -0.0000574630  -0.0000251029  -0.0000075805  -0.0000146014   0.0000089444
       -0.0000385071  -0.0000308035  -0.0000096734  -0.0001652000  -0.0000662946
       -0.0000088146  -0.0001037073  -0.0000044099   0.0000349677   0.0000243012
       -0.0006880527   0.0003096634  -0.0006130429  -0.0008742249   0.0001114762
        0.0019809177  -0.0010037676  -0.0009943274   0.0070287090  -0.0223220940
        0.0030261627  -0.0159327751   0.0451300737  -0.0484764493  -0.0025298001
        0.0100576417  -0.0030714303  -0.0004550317   0.0006570943   0.0002825960
       -0.0000524881  -0.0001614842   0.0000839112   0.0026597629   0.0047865957
       -0.0013116146  -0.0011360146  -0.0005156562   0.0002415251  -0.0000535931
        0.0000163771   0.0000235579   0.0000263141  -0.0000127467  -0.0000266106
        0.0000127182  -0.0000150200  -0.0000105486  -0.0000050748   0.0000027042
       -0.0000003613  -0.0000012492   0.0000067087  -0.0000006006  -0.0000318955
        0.0000057016   0.0000148690   0.0000404686   0.0000624270   0.0000137734
        0.0000135286  -0.0000153012  -0.0000864339   0.0000070167  -0.0000110805
        0.0000003412  -0.0000097771  -0.0000058133  -0.0000038522  -0.0000030945
       -0.0000048031  -0.0000035495   0.0000671231  -0.0000239011   0.0000076912
        0.0000021324  -0.0000042039  -0.0000032296   0.0000069577   0.0000116766
       -0.0000165669  -0.0000645870  -0.0000916518  -0.0001480246   0.0000209130
       -0.0000088359   0.0000327905  -0.0006859531   0.0010225479  -0.0016788870
        0.0003854212  -0.0002464448  -0.0007692160   0.0194840632  -0.0559367208
        0.0590441547  -0.0101420555   0.0205030250  -0.0065075871  -0.0000710388
        0.0000796529  -0.0000352281   0.0005892597  -0.0001557361  -0.0001298985
       -0.0000116617  -0.0000485196  -0.0000303497  -0.0001450114  -0.0000728057
       -0.0000047820  -0.0000009654   0.0000007578   0.0000003559  -0.0000001498
        0.0000005195  -0.0000009150   0.0000040733  -0.0000016218  -0.0000008501
        0.0000416220  -0.0000045957   0.0000076658   0.0000987343   0.0000021442
        0.0000035827  -0.0000352098   0.0000027564  -0.0000202746   0.0000198870
        0.0000165310   0.0000094003   0.0000123136  -0.0000129760  -0.0000236447
       -0.0000461941   0.0000907788   0.0000091110  -0.0000838739  -0.0001514037
        0.0001245982  -0.0000243604  -0.0000639562  -0.0000085993   0.0000186890
       -0.0000337246   0.0000279079   0.0000266441   0.0000318511   0.0000178308
       -0.0001185528  -0.0000331165   0.0001264967  -0.0011589217  -0.0002378187
       -0.0007348044   0.0001234552   0.0000077273  -0.0000129091  -0.0000765991
        0.0002766455   0.0002721607  -0.0040154631  -0.0034276501   0.0018051475
       -0.0003489098   0.0013195634   0.0014757187   0.0064383858  -0.0004044828
        0.0061266327  -0.1474753547  -0.0040899559  -0.1134056219  -0.0264336056
       -0.0054407798  -0.0185030463   0.0006891255   0.0000552184  -0.0010863026
        0.0000654353   0.0000768007  -0.0001070283   0.0015619722   0.0029390306
       -0.0002785782   0.0002974027  -0.0002659308   0.0005494399   0.0000548705
        0.0000510847  -0.0001163346  -0.0000035470  -0.0000223458   0.0000319090
        0.0000010997  -0.0000068082   0.0000208892  -0.0000165916  -0.0000330540
        0.0000105622   0.0000106612  -0.0000113554  -0.0000000429   0.0000300752
       -0.0000075857   0.0000257400  -0.0000129095  -0.0000244052   0.0000078793
       -0.0000356249   0.0000084054   0.0000443703  -0.0000016585   0.0000021100
       -0.0000010989   0.0000011176  -0.0000001932   0.0000047143  -0.0000040364
       -0.0000006245   0.0000021653  -0.0000157900  -0.0000248326  -0.0000331003
        0.0000086615   0.0000170686  -0.0000151048   0.0000012738  -0.0000026673
        0.0000057220  -0.0000738232  -0.0000349589  -0.0000488411  -0.0000021924
        0.0000030290   0.0000276240  -0.0000008784   0.0007141687  -0.0000892360
        0.0007585955   0.0002077418   0.0011389063  -0.0075860148   0.0026821212
       -0.0101420555   0.1774147103   0.0059938099   0.1326766368  -0.0000395885
       -0.0002729424   0.0002513634  -0.0001458510   0.0000253729  -0.0001575198
        0.0000604578   0.0000314791   0.0000023339   0.0000197776   0.0000503024
       -0.0000252133   0.0000021867  -0.0000007242  -0.0000030049  -0.0000015765
        0.0000001448   0.0000042885  -0.0000000266   0.0000030022   0.0000015640
       -0.0000036369  -0.0000217713  -0.0000120952  -0.0000299293  -0.0000071022
        0.0000567295  -0.0000151229   0.0000058978  -0.0000194465   0.0000172134
        0.0000185854   0.0000159793   0.0000151189  -0.0000134227  -0.0000190560
       -0.0000436767   0.0000889816   0.0000276813  -0.0000890095  -0.0001022643
        0.0000481170  -0.0000020879  -0.0000028360  -0.0000228411   0.0000222814
       -0.0000617704  -0.0000007565   0.0000013052   0.0000018995   0.0000154772
       -0.0000216451   0.0000488855   0.0000527254  -0.0006970855   0.0000831191
       -0.0003999620   0.0000887557   0.0000604956   0.0000339645   0.0000821691
        0.0004365797   0.0001347263  -0.0014916898  -0.0014536626   0.0012975927
        0.0013534995  -0.0002309233  -0.0018042865  -0.0085348401  -0.0020299624
       -0.0141990594  -0.0010511805  -0.0413379573   0.0013475321  -0.0156447099
       -0.0024398316  -0.0115093483   0.0003530768   0.0000877812  -0.0004927372
       -0.0000324124   0.0000381846  -0.0000149253   0.0001897959   0.0015812892
       -0.0006053640   0.0001379805   0.0002390522   0.0001579660   0.0000066321
        0.0000565738  -0.0000321843   0.0000149798  -0.0000216151  -0.0000120042
        0.0000138404   0.0000025676   0.0000001651  -0.0000194805  -0.0000277215
        0.0000153980   0.0000067636   0.0000023561   0.0000019216  -0.0000141149
       -0.0000037708   0.0000083199   0.0000316555   0.0000221392   0.0000151666
        0.0000246970  -0.0000156183  -0.0000128645   0.0000032827  -0.0000014674
       -0.0000003174  -0.0000000421  -0.0000030699   0.0000012378  -0.0000004985
       -0.0000063968  -0.0000028380  -0.0000130562  -0.0000042211   0.0000326371
        0.0000093310   0.0000057096  -0.0000058362   0.0000113493   0.0000047257
       -0.0000046336  -0.0000843917  -0.0000563608  -0.0000732632   0.0000284423
        0.0000421489   0.0000126785  -0.0000556873  -0.0010838748   0.0002536398
       -0.0003892383   0.0004922189   0.0003329715   0.0197324150  -0.0021553447
        0.0205030250   0.0059938099   0.0478846984   0.0049084487  -0.0000500739
        0.0000774804  -0.0000866227   0.0001609076  -0.0001769094   0.0000879651
        0.0000151801  -0.0000226567   0.0000019255  -0.0000349044  -0.0000110300
       -0.0000315980   0.0000006407   0.0000042561  -0.0000010199  -0.0000031727
        0.0000037731  -0.0000011140   0.0000065636   0.0000021624   0.0000001823
       -0.0000209342  -0.0000131373   0.0000359534  -0.0000057595   0.0000620200
        0.0000850147  -0.0000061459  -0.0000173642   0.0000027539   0.0000148524
        0.0000214063   0.0000116782   0.0000173143  -0.0000170274   0.0000064453
        0.0000321254   0.0000315832   0.0000094588   0.0000794689   0.0000376274
        0.0000088924   0.0000306172  -0.0000398722   0.0000047551  -0.0000338923
       -0.0000379011   0.0000259888   0.0000438500   0.0000099783   0.0000110563
        0.0000078663   0.0000014350   0.0000390118   0.0004714972  -0.0000157276
       -0.0000076427   0.0000173250   0.0000625598  -0.0000324665   0.0000584652
        0.0004349138   0.0000596184   0.0001691569   0.0008308731  -0.0002221108
        0.0021926301  -0.0007368332  -0.0031562143  -0.0143812429  -0.0052816687
       -0.0231754036  -0.1192228830  -0.0004276075  -0.1665153692   0.0048684480
        0.0003027142   0.0062389754   0.0000857290   0.0003319918   0.0009267567
        0.0000502873   0.0000849014   0.0000158001   0.0009530990  -0.0006292676
        0.0000130409   0.0000189017  -0.0002585313   0.0000616831   0.0000473335
        0.0001145861  -0.0000950618  -0.0000315315  -0.0000266054   0.0000558940
        0.0000015497  -0.0000665131   0.0000062857  -0.0000037860   0.0000055368
       -0.0000068242   0.0000043125  -0.0000068086  -0.0000049016   0.0000361523
       -0.0000104143   0.0000002957   0.0000390083   0.0000192868   0.0000390018
        0.0000536525  -0.0000463020   0.0000744638  -0.0000064240   0.0000094783
        0.0000018967  -0.0000111220   0.0000026843  -0.0000041106  -0.0000070521
       -0.0000042054  -0.0000078661  -0.0000265878  -0.0000001343  -0.0000238883
        0.0000075038   0.0000065278  -0.0000095916   0.0000065211  -0.0000060756
       -0.0000044740  -0.0000419166  -0.0000576905  -0.0000360392   0.0000391300
        0.0000038417   0.0000211967  -0.0000201292  -0.0018258673   0.0006564771
       -0.0004184931   0.0000026041   0.0003885435  -0.0077414117   0.0022740069
       -0.0065075871   0.1326766368   0.0049084487   0.1910132866   0.0000488374
        0.0000386307   0.0000513384  -0.0000761702  -0.0000345226  -0.0000697651
        0.0000047969  -0.0000120880  -0.0000117258  -0.0000211473  -0.0000224560
        0.0000184207   0.0000001123  -0.0000040143  -0.0000026886   0.0000024127
       -0.0000006021   0.0000101950  -0.0000029647   0.0000016013  -0.0000004478
        0.0000297147   0.0000167759   0.0000216816  -0.0000420983   0.0001423439
        0.0001560577  -0.0001427781  -0.0000771921   0.0000049269  -0.0000047625
        0.0000350512   0.0000189895   0.0000030021  -0.0000295181   0.0000143548
       -0.0000378423   0.0000964377   0.0000254464   0.0000649278   0.0000423460
       -0.0001517136   0.0000163265   0.0001360711  -0.0000022929   0.0000218562
       -0.0000578738   0.0000450822   0.0000112635  -0.0002013473  -0.0001039510
       -0.0002902762   0.0000955375  -0.0006582001  -0.0029272008  -0.0028962646
       -0.0012747520  -0.0000026383  -0.0000284548  -0.0000429077   0.0004193338
        0.0000976646   0.0007064355  -0.0017276402   0.0008931561   0.0017303866
        0.0000491282  -0.0000312088  -0.0000336458  -0.0001466945   0.0000039249
       -0.0000508984   0.0006792774   0.0006047831   0.0003752716   0.0079086233
       -0.0011641473   0.0168812531  -0.1041319762   0.0188106017  -0.1080741390
       -0.0125522739   0.0002200552  -0.0191901672   0.0005623700  -0.0018460285
        0.0003495103  -0.0001236433  -0.0001680876   0.0000819045   0.0001681092
        0.0001675439  -0.0003466552  -0.0000440293   0.0000393419   0.0002140272
       -0.0000133318  -0.0000060344   0.0000684736  -0.0000107670  -0.0000169230
       -0.0000159153  -0.0000102306  -0.0000142077  -0.0000000644  -0.0000030528
       -0.0000270338   0.0000358211   0.0000143531  -0.0000158133   0.0000506441
       -0.0000130594   0.0000017147   0.0000045518  -0.0000023365  -0.0000022138
       -0.0000055453  -0.0000083514   0.0000055841  -0.0000182238  -0.0000107522
        0.0000020081  -0.0000089708  -0.0001043531  -0.0000479498  -0.0001948753
        0.0000069077   0.0000200802  -0.0000137569  -0.0000598482  -0.0000163462
       -0.0000634182  -0.0000006764  -0.0000255530  -0.0000035538   0.0000028712
       -0.0000183836   0.0000038193   0.0000014011  -0.0000272450  -0.0000201815
       -0.0000009140   0.0000166826   0.0000149805  -0.0000560891   0.0000069101
       -0.0000710388  -0.0000395885  -0.0000500739   0.0000488374   0.1160727840
       -0.0179351919   0.1180135883  -0.0038019774   0.0029948780  -0.0084719916
       -0.0007694703  -0.0002915850   0.0000498231   0.0010459992   0.0005485470
       -0.0001041199   0.0000017777  -0.0000009595   0.0000010399   0.0000020652
       -0.0000062998   0.0000043797  -0.0000034394   0.0000038968  -0.0000003077
        0.0000228732  -0.0000265331  -0.0000073426   0.0000195554  -0.0000897630
       -0.0000514708   0.0001730376   0.0000869622   0.0000747902   0.0000953004
        0.0000276950   0.0000348583   0.0000320508  -0.0000361744   0.0000175320
       -0.0000811230   0.0001326198   0.0000284412   0.0000472542  -0.0000460555
       -0.0002827871   0.0000908902  -0.0003281095  -0.0000538225   0.0000502761
       -0.0000532329   0.0000091101  -0.0000051001  -0.0001401372  -0.0000624211
       -0.0001934192   0.0000227083  -0.0003945676  -0.0020734970  -0.0015448978
       -0.0016374453  -0.0000280910   0.0000236459  -0.0000123241  -0.0001842189
        0.0001854660  -0.0003039141   0.0001677047  -0.0005239452  -0.0009311312
        0.0000397840  -0.0000026330  -0.0000297223   0.0000192931   0.0000936110
        0.0000302606  -0.0001143183  -0.0001483626   0.0000185733  -0.0031795312
        0.0008303456  -0.0082343996   0.0192598046  -0.0475328591   0.0311321327
       -0.0091557692   0.0007425471  -0.0129716402  -0.0006629461   0.0002766026
       -0.0006410429  -0.0000460359   0.0000907209  -0.0001837457   0.0000679965
        0.0000797382  -0.0002054254   0.0000046173   0.0000332200   0.0000755624
        0.0000076908   0.0000326203   0.0000412373  -0.0000225262  -0.0000388540
        0.0000045324  -0.0000042999   0.0000079275   0.0000149910  -0.0000163361
       -0.0000076117  -0.0000070685  -0.0000162988   0.0000036057  -0.0000212503
        0.0000129464  -0.0000015465   0.0000043602  -0.0000022113   0.0000181533
        0.0000130787   0.0000182697   0.0000041989   0.0000106143   0.0000059477
       -0.0000043240  -0.0000025596  -0.0001208578   0.0002671783   0.0000990535
        0.0000184513   0.0000117460   0.0000091366  -0.0000261633   0.0000067933
       -0.0000355927  -0.0000391350  -0.0000255369  -0.0000896287   0.0000217559
        0.0000199080   0.0000356372  -0.0000227070  -0.0000270244   0.0000024178
        0.0000003344  -0.0000176641  -0.0000297395   0.0001421320  -0.0001152376
        0.0000796529  -0.0002729424   0.0000774804   0.0000386307  -0.0179351919
        0.0540973094  -0.0289574809   0.0149245163  -0.0064694306   0.0245170478
       -0.0003284462  -0.0002371967  -0.0000431081  -0.0007160207   0.0002319525
       -0.0010964061   0.0000006877   0.0000093683   0.0000027109  -0.0000072717
        0.0000008000  -0.0000091779   0.0000112878   0.0000022054   0.0000008528
        0.0000133191  -0.0000144362   0.0000334643   0.0001566720  -0.0003176730
       -0.0002081293  -0.0000409529  -0.0000288524  -0.0000096004   0.0000273177
        0.0000140783   0.0000083928   0.0000224878  -0.0000054884   0.0000138947
        0.0000715634   0.0000390485  -0.0000126016  -0.0000373532   0.0000748487
       -0.0000320010   0.0000759241  -0.0000045408   0.0001164539   0.0000002692
       -0.0000371342   0.0000541899   0.0000291228   0.0000011370   0.0000284575
       -0.0000217667   0.0000706078   0.0000255836   0.0007381508   0.0000188038
       -0.0002157775   0.0000398908   0.0000590009   0.0000454112  -0.0009275528
        0.0001594865  -0.0010788274   0.0021995781  -0.0028077564  -0.0045108800
       -0.0001671175   0.0001221220   0.0001740706   0.0001402771   0.0000098029
        0.0001049537  -0.0006757207  -0.0003083708  -0.0001636873  -0.0101509541
        0.0004538860  -0.0296718933  -0.1016662279   0.0262785259  -0.2122697071
       -0.0017712724  -0.0003535765  -0.0010744884  -0.0015659499   0.0029497101
        0.0020858498   0.0000896389  -0.0000638081   0.0003201284  -0.0000119980
        0.0000368557  -0.0001148579   0.0000326823   0.0000218806   0.0000777491
        0.0000161289   0.0000065839   0.0000100447  -0.0000207545  -0.0000084404
        0.0000002384   0.0000054732  -0.0000078933   0.0000029125   0.0000429060
       -0.0000089194   0.0000258758  -0.0000414453  -0.0000248588  -0.0001155964
        0.0000082707  -0.0000021082   0.0000505938   0.0000053477  -0.0000038190
       -0.0000009538  -0.0000055874   0.0000023491  -0.0000043561  -0.0000004155
       -0.0000061386  -0.0000057657  -0.0001912085   0.0000119645  -0.0001779359
        0.0000148924   0.0000123207  -0.0000142799   0.0000185436   0.0000023804
        0.0000015593  -0.0000552580  -0.0000665139  -0.0001385724   0.0000309235
        0.0000065484   0.0000485434   0.0000014055   0.0000307983   0.0000302049
        0.0000022473   0.0000104911   0.0000411638  -0.0001184922  -0.0001148431
       -0.0000352281   0.0002513634  -0.0000866227   0.0000513384   0.1180135883
       -0.0289574809   0.2514320337  -0.0046441060   0.0029274244  -0.0052070397
       -0.0000932494  -0.0000337224  -0.0001806285   0.0001603258  -0.0000578063
        0.0004477908   0.0000011453   0.0000018600  -0.0000012697   0.0000011154
       -0.0000048013   0.0000127121  -0.0000031883   0.0000030894   0.0000004662
       -0.0000133588  -0.0000014028  -0.0000127340   0.0000076883  -0.0000132770
       -0.0000003013   0.0001754194   0.0002582223   0.0002667991   0.0000528331
       -0.0000822162  -0.0000365278  -0.0000310900   0.0000572840   0.0000351069
       -0.0001292300  -0.0002540448  -0.0001933756   0.0005855349  -0.0002010497
        0.0002614125  -0.0023659258  -0.0008332577  -0.0011551262   0.0000493579
        0.0003793278   0.0000752358   0.0000528156  -0.0000806367   0.0000000985
       -0.0000820146  -0.0000511393  -0.0000590922   0.0002567477   0.0000164975
        0.0004169745   0.0000844830   0.0000264864   0.0000219292  -0.0000996929
       -0.0000759553  -0.0000790874   0.0000921230  -0.0000644470  -0.0003325225
        0.0001292874  -0.0000084408  -0.0001175448   0.0001594801  -0.0000610751
       -0.0000059716   0.0004791995   0.0007889178  -0.0005628446  -0.0057115328
        0.0169651727  -0.0014086501  -0.0520166100   0.0543511091  -0.0090887519
        0.0049632225  -0.0212908538   0.0035005357  -0.0043740406   0.0063144583
        0.0039380250   0.0002518713  -0.0000485051   0.0000069209   0.0000169718
        0.0001025983   0.0000325201  -0.0001404848  -0.0001066036  -0.0000806390
        0.0000174922   0.0000170179   0.0000195744  -0.0000011977  -0.0000348783
        0.0000093986  -0.0000099570   0.0000095151   0.0000106771   0.0000099338
        0.0000005539  -0.0000332377  -0.0000206415   0.0000017240  -0.0000119614
       -0.0000034029  -0.0000092350   0.0000128028  -0.0000115140   0.0000514384
        0.0000241885   0.0000892812   0.0000263507   0.0000174825   0.0000289286
        0.0000228185   0.0000313470  -0.0022095007   0.0019171866  -0.0013914523
       -0.0000057906  -0.0000046648   0.0000528204  -0.0000156861   0.0000140241
        0.0000107114  -0.0001727950  -0.0001357081  -0.0000901712  -0.0000260766
       -0.0000147994   0.0000297754  -0.0000292169  -0.0000434781  -0.0000426646
        0.0000343593  -0.0000317983  -0.0000954154  -0.0000994589  -0.0003214299
        0.0005892597  -0.0001458510   0.0001609076  -0.0000761702  -0.0038019774
        0.0149245163  -0.0046441060   0.0666405608  -0.0688680003   0.0105524408
        0.0008426320   0.0000241496   0.0001235807  -0.0035090876  -0.0038147042
       -0.0005128268   0.0000036057   0.0000046187  -0.0000084962  -0.0000102794
        0.0000139507  -0.0000057945   0.0000125842   0.0000027553   0.0000058477
       -0.0000189220  -0.0000134530  -0.0000153271  -0.0000194536   0.0000068280
        0.0000178893   0.0000436590   0.0001414574   0.0000403063   0.0001607007
        0.0000741704   0.0000638354   0.0000522742  -0.0000398869   0.0000150149
       -0.0000535350  -0.0002804875  -0.0001287208  -0.0001727514  -0.0001336142
       -0.0001056387   0.0010692176  -0.0002253876   0.0005755780   0.0000091089
        0.0003120689   0.0000034962   0.0000353547  -0.0000616957   0.0000529615
       -0.0000572277  -0.0000134863  -0.0000299492   0.0004204023  -0.0000702635
        0.0004440164  -0.0000419266   0.0000371072  -0.0000101655  -0.0000063197
        0.0001629862   0.0000582682  -0.0000243978   0.0002689107   0.0004795178
       -0.0000322196   0.0001040097   0.0000660634  -0.0001288945   0.0000558332
        0.0000747425  -0.0006805280   0.0005670285   0.0005722787   0.0053470108
       -0.0128036603   0.0003943494   0.0561695310  -0.2509783658   0.0314321160
        0.0022540490  -0.0195114098   0.0032286703   0.0036554887  -0.0037790733
       -0.0035768625   0.0000283363   0.0003436558  -0.0004702855   0.0001167381
        0.0000735310   0.0001352319  -0.0001503197  -0.0000514839  -0.0001481785
       -0.0000231620   0.0000600744  -0.0000273289   0.0000115654  -0.0000219136
        0.0000332189  -0.0000042552   0.0000232498   0.0000081177  -0.0000399298
        0.0000364136  -0.0000376421   0.0000066320   0.0000185371   0.0000405802
        0.0000184007   0.0000322061  -0.0000335826   0.0000775714  -0.0000491300
        0.0000075580   0.0000306203  -0.0000071181   0.0000176901   0.0000304427
       -0.0000118599   0.0000114554   0.0002764915   0.0011366020   0.0001725097
       -0.0000048678  -0.0000201611   0.0000451632   0.0000273071   0.0000236374
        0.0000359281   0.0000505336   0.0001876045   0.0001651157  -0.0000125624
        0.0000494783   0.0000138131  -0.0000284889   0.0000094431   0.0000379433
       -0.0000196475  -0.0000050848   0.0000579100   0.0000187048   0.0003335780
       -0.0001557361   0.0000253729  -0.0001769094  -0.0000345226   0.0029948780
       -0.0064694306   0.0029274244  -0.0688680003   0.2928096555  -0.0357750234
        0.0005930719   0.0006656626   0.0001114737  -0.0031456815  -0.0028483605
       -0.0007781104   0.0000114109   0.0000031633  -0.0000125353   0.0000036437
        0.0000200947  -0.0000036025  -0.0000054267   0.0000152486   0.0000029742
       -0.0000172204  -0.0000125827  -0.0000107381  -0.0000357061   0.0000034706
       -0.0000304222   0.0001004611   0.0001259943   0.0000801473   0.0000349342
       -0.0000361302   0.0000208189  -0.0000015836   0.0000072874   0.0000007742
       -0.0000704655  -0.0000888827  -0.0000591068  -0.0000086470  -0.0000418807
       -0.0000534903  -0.0008951412  -0.0001606390  -0.0006276795   0.0000271283
        0.0000770242   0.0000249029  -0.0000352929  -0.0000282957  -0.0000149952
        0.0000087503   0.0000401442  -0.0000308791   0.0000031332  -0.0002550108
        0.0000575522  -0.0000834161   0.0000128090  -0.0000298054   0.0000682938
        0.0001718914   0.0001463032   0.0004890269  -0.0008899707  -0.0005209569
        0.0000115056  -0.0000072994   0.0000417447  -0.0002523669   0.0000805279
        0.0001181291  -0.0002682943  -0.0006968553   0.0004660436   0.0058137415
       -0.0189143867   0.0021019329  -0.0115897036   0.0355905546  -0.0490091339
        0.0008926437   0.0004610955   0.0002176717   0.0039246800  -0.0055668155
       -0.0015246967   0.0001460030  -0.0002575120  -0.0010665242  -0.0000329131
       -0.0000960061   0.0000051826   0.0000711915   0.0000358331  -0.0000159712
        0.0000105113   0.0000763248  -0.0000107978  -0.0000222023  -0.0000185222
        0.0000175019   0.0000149567   0.0000127721   0.0000250574  -0.0000127643
       -0.0000054403  -0.0000170012   0.0000069960   0.0000255986   0.0000424266
        0.0000126089  -0.0000102398   0.0000080963   0.0000474081  -0.0000307722
        0.0000023780   0.0000359821   0.0000000434   0.0000031353   0.0000264657
        0.0000003711   0.0000033442  -0.0015805144   0.0008504882   0.0004395493
        0.0000104525  -0.0000030922   0.0000200759   0.0000204322   0.0000208177
        0.0000135004   0.0000936724   0.0000552472   0.0000172218   0.0000221950
        0.0000405728   0.0000244505  -0.0000232519   0.0000117372   0.0000353265
       -0.0000497725   0.0000126955   0.0000544971   0.0002594278   0.0001321026
       -0.0001298985  -0.0001575198   0.0000879651  -0.0000697651  -0.0084719916
        0.0245170478  -0.0052070397   0.0105524408  -0.0357750234   0.0534150640
        0.0001947071   0.0003505114   0.0000759133   0.0007037204   0.0000882384
        0.0009516350   0.0000013244   0.0000096461   0.0000045744   0.0000001830
       -0.0000056446  -0.0000040291   0.0000037900   0.0000021897  -0.0000020202
       -0.0000100470   0.0000145608  -0.0000299700   0.0000072663  -0.0000077728
       -0.0000106878  -0.0000163615   0.0000011014   0.0000645666  -0.0002323819
       -0.0000666248  -0.0000757225  -0.0002253970   0.0000658519   0.0000464744
        0.0004193885   0.0000177807  -0.0000207631   0.0003950982  -0.0000247314
       -0.0018773068   0.0001455563   0.0007672237  -0.0006191811   0.0000112710
       -0.0001338324  -0.0000404864   0.0000094864  -0.0000634753  -0.0000570655
       -0.0001713195  -0.0001257729  -0.0003917655   0.0039451315  -0.0009141141
       -0.0019872472  -0.0000525055   0.0000320272   0.0000129400   0.0000702898
       -0.0000319402  -0.0001199217  -0.0006017876  -0.0000401065  -0.0005288226
        0.0000099280  -0.0000795364  -0.0001050306  -0.0002193583  -0.0001183021
        0.0001598327  -0.0003775704   0.0005847792   0.0007785978  -0.0053205300
       -0.0032016941   0.0013020177  -0.0180808740   0.0060965145   0.0107692672
       -0.1978976498   0.0579111842   0.1037099453  -0.0002424203  -0.0003691970
        0.0000391946   0.0000030881   0.0000717239  -0.0000194757   0.0000823929
        0.0002193236   0.0000282931  -0.0002705834  -0.0003630265  -0.0002210737
        0.0000341349   0.0000376423   0.0000390881  -0.0000191333  -0.0000755106
        0.0000417538   0.0000089466  -0.0000063363  -0.0000006257  -0.0000017808
       -0.0000158044   0.0000218407  -0.0000078977  -0.0000039281  -0.0000130189
       -0.0000128057  -0.0000103707  -0.0000026353   0.0000073219  -0.0000256010
       -0.0000044509   0.0000005825  -0.0000114371  -0.0000047186   0.0000076698
       -0.0000081030   0.0000344029   0.0000329259  -0.0002825401   0.0000183404
       -0.0000074029   0.0000276091  -0.0000293828  -0.0000472996  -0.0000150206
       -0.0000382434   0.0000143958  -0.0001239456  -0.0000354987   0.0000164560
       -0.0000425360  -0.0000106225   0.0000113591  -0.0000012244  -0.0000065750
       -0.0000392442   0.0000312988   0.0000603021   0.0000518618   0.0000128198
       -0.0000116617   0.0000604578   0.0000151801   0.0000047969  -0.0007694703
       -0.0003284462  -0.0000932494   0.0008426320   0.0005930719   0.0001947071
        0.2284247413  -0.0668602212  -0.1166490522  -0.0099870289   0.0068429687
        0.0056925208  -0.0000001346  -0.0000049447  -0.0000157920  -0.0000208893
        0.0000127462  -0.0000033765   0.0000194911   0.0000006882   0.0000045419
        0.0000497900   0.0000140329   0.0000388879   0.0000132357   0.0000046008
        0.0000078381   0.0000050873  -0.0001542006  -0.0001015029   0.0000698066
        0.0001580411   0.0001230324   0.0001121018  -0.0001434182  -0.0000522347
       -0.0002900900   0.0002931812   0.0002088437   0.0002284680   0.0005556229
        0.0015148664   0.0006319289  -0.0001709829   0.0007348574  -0.0000873908
       -0.0004618145   0.0000261849   0.0000145357  -0.0000668063  -0.0001875336
       -0.0002400977  -0.0001569731  -0.0004192847   0.0019846282  -0.0002561005
       -0.0017757220   0.0000860710  -0.0000933555  -0.0000092637  -0.0000153094
       -0.0000177118  -0.0000100251  -0.0007532427  -0.0001326984   0.0001362364
       -0.0000440296  -0.0000385778  -0.0000342684  -0.0002322710  -0.0001083961
        0.0001149598  -0.0005867958   0.0003486954   0.0008102376  -0.0038662917
       -0.0028816735   0.0013852402  -0.0149181250   0.0053018892   0.0088273629
        0.0588713052  -0.0619405782  -0.0387916672   0.0014257256   0.0000344601
       -0.0005409746  -0.0000366266  -0.0000488193  -0.0000208935   0.0010375659
       -0.0008091097  -0.0015412198  -0.0003810113   0.0004015414   0.0008356031
       -0.0003030623   0.0007585565   0.0005005640   0.0000034027  -0.0000595553
        0.0000068179  -0.0000175246  -0.0000189780   0.0000103669  -0.0000019049
       -0.0000142594   0.0000123829  -0.0000083618  -0.0000059871  -0.0000063112
       -0.0000178822   0.0000003713  -0.0000025544  -0.0000145060  -0.0000377334
       -0.0000104935  -0.0000615837  -0.0000217191  -0.0000237165  -0.0000150255
       -0.0000153321  -0.0000774101  -0.0003913543  -0.0006364816   0.0002775541
        0.0000195119   0.0000288325  -0.0000419011  -0.0000217042  -0.0000106235
       -0.0000229618  -0.0001253050   0.0001283696   0.0001018965  -0.0000562421
        0.0000125281  -0.0000213902   0.0000105755  -0.0000010687  -0.0000181069
       -0.0000244803   0.0000408321   0.0000416959   0.0000264921   0.0000471640
       -0.0000485196   0.0000314791  -0.0000226567  -0.0000120880  -0.0002915850
       -0.0002371967  -0.0000337224   0.0000241496   0.0006656626   0.0003505114
       -0.0668602212   0.0712586829   0.0413657640   0.0250145760  -0.0114793271
       -0.0136175807  -0.0000105688   0.0000197423   0.0000236724   0.0000338111
       -0.0000116309  -0.0000136843  -0.0000216546  -0.0000190408  -0.0000203463
       -0.0000440588  -0.0000521008   0.0000163777  -0.0000085774  -0.0000333416
        0.0000223082  -0.0001149711   0.0002022000   0.0000289549   0.0000429875
        0.0000214549   0.0000269438  -0.0000255721   0.0000094004   0.0000409029
        0.0000619337  -0.0004230515  -0.0005635884   0.0009585133  -0.0010474098
       -0.0007169432  -0.0003009048   0.0002811237  -0.0000074851  -0.0000195069
        0.0002964465   0.0002238225   0.0000974886  -0.0005222263  -0.0002243527
       -0.0000606158   0.0003693973  -0.0019521252   0.0187786289  -0.0072817282
       -0.0172269498   0.0000405093  -0.0001015946  -0.0000657727   0.0007082659
        0.0001762580  -0.0002555865   0.0004265842   0.0002837231  -0.0044911120
        0.0000638365  -0.0000899867  -0.0000816535  -0.0000628619  -0.0000284348
        0.0000076864   0.0000376711  -0.0000285385   0.0001260099  -0.0000140976
       -0.0002346660  -0.0006977971  -0.0014583290   0.0005415615   0.0015878669
        0.1028150980  -0.0370626438  -0.1057305608  -0.0003310553   0.0001331758
       -0.0000761739   0.0004023185   0.0001825187  -0.0002291883   0.0002883590
       -0.0005375769  -0.0005197467  -0.0002177911   0.0003506714   0.0002364728
       -0.0000681600   0.0002281571   0.0000740928   0.0000097191   0.0000253537
        0.0000021105  -0.0000022748   0.0000058466   0.0000222712   0.0000515139
        0.0000120116  -0.0000205207  -0.0000236116   0.0000000203   0.0000105193
       -0.0000043274   0.0000022630   0.0000246950   0.0000773721  -0.0000572360
       -0.0000011220   0.0000653413  -0.0000137911   0.0000126906   0.0000838206
       -0.0000064178   0.0000224989   0.0002065397   0.0004010928   0.0000713051
        0.0000299316   0.0000219341   0.0000683359  -0.0000692585   0.0000243673
       -0.0000856846   0.0000036035   0.0000351859  -0.0000270860   0.0000362100
        0.0000074842   0.0000323395   0.0000401473   0.0000116953  -0.0000347232
       -0.0000013030  -0.0000015504   0.0000077842  -0.0000130688  -0.0000078350
       -0.0000303497   0.0000023339   0.0000019255  -0.0000117258   0.0000498231
       -0.0000431081  -0.0001806285   0.0001235807   0.0001114737   0.0000759133
       -0.1166490522   0.0413657640   0.1251150694  -0.0060094707   0.0024537134
        0.0053653978  -0.0000002455   0.0000146129   0.0000046857   0.0000102249
        0.0000027120   0.0000076584  -0.0000132417  -0.0000003071  -0.0000038372
        0.0000664794   0.0000051753   0.0000377379   0.0000161353   0.0000050633
       -0.0000160116   0.0002728864  -0.0001866486   0.0000206130  -0.0000914315
       -0.0000672824  -0.0000462125  -0.0000834774   0.0000158219   0.0000938942
        0.0001061313   0.0007180034   0.0001190573  -0.0007163452   0.0003900441
       -0.0017704637  -0.0002132027   0.0004315216  -0.0003410570  -0.0000818041
       -0.0005470652  -0.0000084923  -0.0001163253   0.0001163666  -0.0000677486
        0.0002008643   0.0001068081   0.0007527030  -0.0016031325   0.0047739845
       -0.0044421601   0.0001107387  -0.0002080038  -0.0000592157  -0.0001109326
       -0.0000152960   0.0000382710  -0.0004596983   0.0004351247  -0.0001441446
        0.0000053132  -0.0000080340   0.0000386426  -0.0000308477   0.0000967204
        0.0000270308  -0.0000888316   0.0003129801  -0.0001905731   0.0010195870
       -0.0002412434   0.0002580949   0.0039384232  -0.0228075793   0.0060496915
       -0.0631659496   0.0701672789  -0.0233296644  -0.0010653392  -0.0003833829
       -0.0000995178  -0.0000531902  -0.0000064622  -0.0001223698   0.0008915798
       -0.0017950151  -0.0034288931  -0.0012565278  -0.0003572596   0.0013339716
       -0.0003579887   0.0007999009   0.0005639992  -0.0000243310  -0.0000549281
       -0.0000465390  -0.0000251341  -0.0000397878   0.0000375818  -0.0000213894
       -0.0000229091   0.0000348056   0.0000007599  -0.0000045791  -0.0000148612
       -0.0000220230  -0.0000083271   0.0000031142  -0.0000035651  -0.0000290426
       -0.0000280632  -0.0000081861  -0.0000174205  -0.0000172730  -0.0000124574
       -0.0000045318  -0.0000053514  -0.0001594975  -0.0001655914  -0.0000700150
        0.0000359380   0.0000487767  -0.0000360340   0.0000368975  -0.0000020167
        0.0000287827   0.0000543620   0.0003513169   0.0005213555  -0.0000620845
        0.0000046439  -0.0001219294   0.0000019941  -0.0000163347  -0.0000188907
        0.0000280044  -0.0000127573  -0.0000323283   0.0000704437   0.0001298568
       -0.0001450114   0.0000197776  -0.0000349044  -0.0000211473   0.0010459992
       -0.0007160207   0.0001603258  -0.0035090876  -0.0031456815   0.0007037204
       -0.0099870289   0.0250145760  -0.0060094707   0.0753841308  -0.0729955942
        0.0297892094   0.0000008434   0.0000466969   0.0000451556   0.0000516171
       -0.0000689691   0.0000026394  -0.0000290975  -0.0000079926  -0.0000269586
        0.0000079212   0.0000040706  -0.0000113342  -0.0000322043  -0.0000334371
       -0.0000201924  -0.0000855855   0.0000798736   0.0000160214  -0.0000248963
        0.0000854818   0.0000299889  -0.0000170628  -0.0000491569  -0.0000409547
       -0.0001333414  -0.0001687197   0.0000593888   0.0003261906  -0.0000003834
        0.0005238451   0.0000200079  -0.0000696236   0.0000890822   0.0000077044
        0.0000750949   0.0000166758   0.0000361553  -0.0001221168   0.0000251958
       -0.0003955605   0.0005777148  -0.0007765220   0.0009815121   0.0001794628
        0.0015823242  -0.0000304514   0.0000766351  -0.0000651957  -0.0000312280
       -0.0000220791   0.0000611094  -0.0001232877  -0.0001989133   0.0004207644
        0.0000280295  -0.0000032045   0.0000060861   0.0000738623   0.0000646451
       -0.0000768718  -0.0000436002  -0.0001928285   0.0000950174   0.0004845293
       -0.0006173252   0.0003400961   0.0009173571  -0.0247627208   0.0061359608
        0.0683819393  -0.2331983924   0.0703181755   0.0011018566   0.0005880567
       -0.0010043179   0.0000190024   0.0000739745  -0.0001250562  -0.0003475222
        0.0000836359  -0.0013049071  -0.0017960604  -0.0013417991  -0.0003146837
        0.0001040709   0.0001165171   0.0000341433  -0.0000943298  -0.0001215865
        0.0000183374  -0.0000016071  -0.0000092416  -0.0000069156   0.0000053516
       -0.0000342167  -0.0000130960  -0.0000107541   0.0000141278  -0.0000115055
        0.0000006637  -0.0000192283  -0.0000005593  -0.0000348143   0.0000285997
        0.0000036796   0.0000056034  -0.0000022890  -0.0000007673   0.0000042138
        0.0000155470  -0.0000001509   0.0000031498   0.0000644296  -0.0000114941
       -0.0000124049   0.0000012923  -0.0000306408  -0.0000361797  -0.0000029883
       -0.0000428254   0.0000940599   0.0002226107  -0.0001361512  -0.0000414419
       -0.0000429300  -0.0000116777   0.0000139395  -0.0000047199  -0.0000041750
        0.0000181865  -0.0000206459  -0.0000368062   0.0000108128   0.0000743342
       -0.0000728057   0.0000503024  -0.0000110300  -0.0000224560   0.0005485470
        0.0002319525  -0.0000578063  -0.0038147042  -0.0028483605   0.0000882384
        0.0068429687  -0.0114793271   0.0024537134  -0.0729955942   0.2727544856
       -0.0781737904   0.0000254997   0.0000122112   0.0000082899  -0.0000298291
       -0.0000619372   0.0000286695   0.0000190224   0.0000144476   0.0000188559
        0.0000815942  -0.0000219059  -0.0000706791   0.0000352209  -0.0000382759
       -0.0000075137  -0.0000744890  -0.0001862071   0.0001647531   0.0000360593
        0.0000853904   0.0000385384  -0.0000325405  -0.0003017204   0.0001674890
       -0.0005743933   0.0011760850   0.0000730297  -0.0007509091   0.0004019693
       -0.0043905537  -0.0002451818   0.0000833049  -0.0001125217   0.0001450518
       -0.0006562551   0.0000412627  -0.0001560572   0.0002220579   0.0000254217
       -0.0002181699   0.0008751156   0.0012515804  -0.0106031127   0.0231187595
       -0.0149179209  -0.0002645362   0.0001697317  -0.0000631936   0.0001915404
        0.0002592334  -0.0001670047   0.0000214336   0.0000091040  -0.0016819907
        0.0000949818  -0.0000682001  -0.0000330986  -0.0000263172   0.0000077477
        0.0000389579  -0.0000907024  -0.0000845157   0.0000801681   0.0001453350
        0.0011978136   0.0000169550   0.0003694320  -0.0018011686   0.0012125425
       -0.0227244061   0.0716908857  -0.0675299471   0.0000767808  -0.0006780817
       -0.0003527357   0.0001598885  -0.0000307612  -0.0000074763  -0.0006326386
       -0.0011234410  -0.0008924790  -0.0004840816  -0.0000317182   0.0003988090
        0.0000762776  -0.0001803778  -0.0000180592  -0.0000830807  -0.0000070292
       -0.0000588018   0.0000080292  -0.0000200225   0.0000533458  -0.0000408155
       -0.0000240076   0.0000502137  -0.0000020388  -0.0000097734   0.0000073348
       -0.0000074955  -0.0000344098   0.0000633398   0.0000094831   0.0000014351
        0.0000123412   0.0000147467   0.0000240283  -0.0000489439  -0.0000461799
        0.0000224105  -0.0000370743   0.0000081856   0.0000118928  -0.0000664762
        0.0000734917   0.0000516504  -0.0000009053   0.0000463774   0.0000171562
        0.0000293065   0.0006001052  -0.0004460365  -0.0003410639   0.0000593589
        0.0000027928   0.0001670218  -0.0000109372  -0.0000054455   0.0000075131
       -0.0000362928  -0.0000008219  -0.0000062701  -0.0000221501  -0.0000613590
       -0.0000047820  -0.0000252133  -0.0000315980   0.0000184207  -0.0001041199
       -0.0010964061   0.0004477908  -0.0005128268  -0.0007781104   0.0009516350
        0.0056925208  -0.0136175807   0.0053653978   0.0297892094  -0.0781737904
        0.0801319627   0.0000015591   0.0000297358  -0.0000164267   0.0000143042
        0.0000311643   0.0000275773   0.0000177192   0.0000195549  -0.0000167903
        0.0000102117  -0.0000058416   0.0000064183   0.0000083196   0.0000038150
        0.0000021993   0.0000019762  -0.0000044229  -0.0000050340   0.0000049661
        0.0000056702   0.0000029244   0.0000184748  -0.0000066096  -0.0000085749
       -0.0000142919   0.0000077945   0.0000292151  -0.0000113593  -0.0000150360
       -0.0000092930   0.0000058677  -0.0000024600  -0.0000039300  -0.0000221359
        0.0000029501  -0.0000469659  -0.0000241879   0.0000085744   0.0000296070
        0.0002632571  -0.0006448773  -0.0001621855  -0.0000635998  -0.0000645880
        0.0001122607   0.0000344600   0.0000308863  -0.0000385141   0.0000174113
       -0.0000021289   0.0000015046  -0.0000098242  -0.0000204424  -0.0000153457
       -0.0000087127  -0.0000014029  -0.0000090512   0.0000050416   0.0000049374
       -0.0000042328  -0.0000088740  -0.0000003255   0.0000043750   0.0000236051
       -0.0000331928   0.0000121701  -0.0000077447  -0.0000041707   0.0000005546
       -0.0000037211  -0.0000116938   0.0000096136  -0.0000085708   0.0000440881
       -0.0000150666  -0.0000063825   0.0000044934   0.0000023073  -0.0013512088
       -0.0018505002   0.0024150052   0.0005037908   0.0007887730  -0.0005912219
        0.0022225382  -0.0137237338  -0.0055771441  -0.0535523465   0.0477426698
        0.0283203785  -0.0000035776   0.0000033849  -0.0000093157  -0.0000057167
       -0.0000039511   0.0000004264   0.0000074160  -0.0000040462  -0.0000014416
       -0.0000032319   0.0000043976  -0.0000073176  -0.0000026642   0.0000010249
        0.0000004391  -0.0000022614   0.0000006683   0.0000008846  -0.0000034847
       -0.0000018567   0.0000022497  -0.0000032652   0.0000013085   0.0000000765
       -0.0000081811   0.0000139354   0.0000180389   0.0000202446   0.0000101190
       -0.0000424421   0.0000161804  -0.0000108178  -0.0000143448   0.0000351533
       -0.0000406928   0.0000224458   0.0000016725  -0.0000040506   0.0000010956
        0.0000027713  -0.0000016208   0.0000002080   0.0000010407   0.0000074057
       -0.0000009654   0.0000021867   0.0000006407   0.0000001123   0.0000017777
        0.0000006877   0.0000011453   0.0000036057   0.0000114109   0.0000013244
       -0.0000001346  -0.0000105688  -0.0000002455   0.0000008434   0.0000254997
        0.0000015591   0.0573890466  -0.0472615726  -0.0330133780   0.0030057293
       -0.0101845306  -0.0082382121  -0.0084821115   0.0251899986   0.0168156831
        0.0000028383   0.0000310079   0.0000147952   0.0000010981  -0.0000035200
       -0.0000097707   0.0000192710  -0.0000056643   0.0000047001  -0.0000061222
       -0.0000144678  -0.0000045863  -0.0000127993   0.0000168654   0.0000089534
       -0.0000173967   0.0000262549  -0.0000174213  -0.0000400610   0.0000074544
       -0.0000127694   0.0000068236   0.0000094901   0.0000112391  -0.0000629855
        0.0000224345   0.0000119264   0.0000053033  -0.0000607728  -0.0000818070
        0.0002766736  -0.0010718363  -0.0005129379  -0.0001041420  -0.0001316361
        0.0002338834   0.0000200463   0.0000104822  -0.0000509277   0.0000092198
        0.0000183535  -0.0000147894  -0.0000082527  -0.0000438844  -0.0000189726
        0.0000083729   0.0000015052  -0.0000077644   0.0000076317   0.0000030407
       -0.0000027825  -0.0000135363   0.0000006005   0.0000056000   0.0000177394
       -0.0000197322   0.0000070596  -0.0000089062  -0.0000110838   0.0000081373
       -0.0000044038  -0.0000125991   0.0000137650  -0.0000239243   0.0000190608
        0.0000049939  -0.0000159854  -0.0000052501   0.0000099434  -0.0024472948
       -0.0052349426   0.0022295273  -0.0005268802   0.0014455243   0.0009153902
        0.0014025799  -0.0308706945  -0.0083582950   0.0441706462  -0.2018805832
       -0.1071824360   0.0000072517   0.0000029937   0.0000143787   0.0000044270
        0.0000283197  -0.0000187614  -0.0000062313   0.0000054583   0.0000100268
        0.0000018223   0.0000040414  -0.0000050956   0.0000001362   0.0000008665
        0.0000006694  -0.0000007636   0.0000016346   0.0000003368   0.0000050414
       -0.0000003286  -0.0000009216  -0.0000023610   0.0000061681   0.0000016441
        0.0000082717  -0.0000301380   0.0000208345   0.0000105667  -0.0000751657
        0.0000030257   0.0000457071  -0.0000115427  -0.0000052582  -0.0000036613
       -0.0000577920   0.0000362648  -0.0000081387   0.0000022444   0.0000075694
       -0.0000022959   0.0000022061   0.0000023636   0.0000069325   0.0000052556
        0.0000007578  -0.0000007242   0.0000042561  -0.0000040143  -0.0000009595
        0.0000093683   0.0000018600   0.0000046187   0.0000031633   0.0000096461
       -0.0000049447   0.0000197423   0.0000146129   0.0000466969   0.0000122112
        0.0000297358  -0.0472615726   0.2430960944   0.1208576587   0.0004566861
       -0.0001414435  -0.0031050221   0.0040379407  -0.0051330207  -0.0050769661
        0.0000022548   0.0000009802  -0.0000102681   0.0000050067   0.0000009279
       -0.0000036535  -0.0000094433   0.0000012290  -0.0000016547   0.0000021944
        0.0000079654   0.0000090538  -0.0000043465  -0.0000070547  -0.0000008338
        0.0000023758   0.0000623423   0.0000190693   0.0000078006   0.0000010507
        0.0000051966  -0.0000126244   0.0000126155   0.0000063654  -0.0000065907
       -0.0001069616   0.0000055514   0.0000407776   0.0000250141   0.0000439609
       -0.0001004444   0.0007834350   0.0003330411   0.0000650831   0.0001099125
       -0.0001438133  -0.0000382657  -0.0000131931   0.0000297068  -0.0000175619
        0.0000116998  -0.0000012605   0.0000227215   0.0000403960   0.0000084494
        0.0000047097  -0.0000009804  -0.0000016972  -0.0000023908  -0.0000059596
       -0.0000039966   0.0000081587   0.0000030230   0.0000039561   0.0000017344
       -0.0000014513  -0.0000115343   0.0000084606  -0.0000123129   0.0000011417
        0.0000003794   0.0000103385  -0.0000165824  -0.0000404960   0.0000166869
        0.0000173230   0.0000044386   0.0000033597  -0.0000005307   0.0024035802
        0.0022679034  -0.0026153436  -0.0007037733  -0.0007385359   0.0010096199
       -0.0025583132   0.0152888505   0.0080500790   0.0276207449  -0.1129803445
       -0.1127436131   0.0000000861   0.0000020997   0.0000094752  -0.0000001807
       -0.0000149832  -0.0000002804  -0.0000019310   0.0000087065   0.0000120056
       -0.0000072308  -0.0000070495   0.0000043092   0.0000016438  -0.0000072110
       -0.0000025199   0.0000059023  -0.0000072099  -0.0000010613   0.0000059052
       -0.0000020747  -0.0000013688  -0.0000001054  -0.0000065961  -0.0000039572
        0.0000045747   0.0000270332  -0.0000121746  -0.0000028605   0.0000127835
        0.0000466171  -0.0000158606  -0.0000312604  -0.0000313708  -0.0000050948
        0.0000234182   0.0000483765  -0.0000060380   0.0000043148   0.0000095110
       -0.0000091314  -0.0000009608   0.0000030324  -0.0000017487  -0.0000035927
        0.0000003559  -0.0000030049  -0.0000010199  -0.0000026886   0.0000010399
        0.0000027109  -0.0000012697  -0.0000084962  -0.0000125353   0.0000045744
       -0.0000157920   0.0000236724   0.0000046857   0.0000451556   0.0000082899
       -0.0000164267  -0.0330133780   0.1208576587   0.1247544484   0.0055015871
       -0.0235232144  -0.0178698129   0.0008187878  -0.0021339160  -0.0009421934
       -0.0000141325  -0.0000122370  -0.0000024337   0.0000041758   0.0000000816
       -0.0000009920   0.0000046642   0.0000089692   0.0000073437  -0.0000012743
       -0.0000188417  -0.0000055083  -0.0000319495   0.0000331706   0.0000138794
        0.0000005444  -0.0001334040  -0.0000729361   0.0000106803   0.0000381296
        0.0000157271  -0.0000017746  -0.0000031202   0.0000021905  -0.0000046739
        0.0001486144  -0.0000113950   0.0000298011  -0.0000673689  -0.0000309287
       -0.0003046777  -0.0000512644  -0.0000890176  -0.0000091410  -0.0000000828
        0.0000001576  -0.0000482592  -0.0000353258   0.0000583761  -0.0000021640
       -0.0000289673  -0.0000007711  -0.0000029872  -0.0000091176  -0.0000003460
       -0.0000235638  -0.0000036109   0.0000096503   0.0000004549  -0.0000064913
       -0.0000139199  -0.0000046520   0.0000060097   0.0000096342  -0.0000051515
       -0.0000121056  -0.0000006927   0.0000027799  -0.0000117954   0.0000027780
        0.0000153863  -0.0000036714  -0.0000203271  -0.0000013613   0.0000516673
        0.0000005218  -0.0000084413   0.0000074732   0.0000005526   0.0016172023
       -0.0006842967  -0.0011328519  -0.0006117496  -0.0005095841   0.0008323757
        0.0053296453  -0.0035810464   0.0156254066  -0.0824562338   0.0047339971
       -0.0903289054  -0.0000028222   0.0000010631  -0.0000000282  -0.0000007767
        0.0000193038  -0.0000082960   0.0000000040   0.0000007984  -0.0000007928
        0.0000032400   0.0000085629  -0.0000081124   0.0000021858   0.0000036243
        0.0000010523  -0.0000014951   0.0000037030  -0.0000004186   0.0000057886
       -0.0000081942  -0.0000000150   0.0000059378   0.0000043451   0.0000022267
        0.0000080637  -0.0000464816   0.0000365115  -0.0000483649   0.0000372264
       -0.0000005062   0.0000145949  -0.0000506265   0.0000244132   0.0000168030
        0.0000107942  -0.0000189647   0.0000009366   0.0000003093   0.0000008906
       -0.0000002761   0.0000007967   0.0000045650  -0.0000035483   0.0000055108
       -0.0000001498  -0.0000015765  -0.0000031727   0.0000024127   0.0000020652
       -0.0000072717   0.0000011154  -0.0000102794   0.0000036437   0.0000001830
       -0.0000208893   0.0000338111   0.0000102249   0.0000516171  -0.0000298291
        0.0000143042   0.0030057293   0.0004566861   0.0055015871   0.0912409719
       -0.0011998723   0.0988478013  -0.0177510570   0.0008994879  -0.0292775725
       -0.0000371900  -0.0000333032  -0.0000479906  -0.0000086652  -0.0000022518
       -0.0000042518   0.0000051530  -0.0000024753  -0.0000030885   0.0000007418
       -0.0000215369  -0.0000106744   0.0000014568   0.0000127231   0.0000002133
       -0.0000089930  -0.0000699488  -0.0000211975   0.0000080842   0.0000277007
        0.0000004224  -0.0000044121  -0.0000087747  -0.0000115204   0.0000106173
        0.0000850520   0.0000051654   0.0000287102   0.0000093177  -0.0001058977
       -0.0007169473   0.0000295427  -0.0004881166  -0.0000259889   0.0000155112
        0.0000331499  -0.0000851855  -0.0000671423   0.0000945638   0.0000108538
       -0.0000092857  -0.0000010340  -0.0000157504  -0.0000283480   0.0000182799
       -0.0000131430  -0.0000051573   0.0000077949  -0.0000008029  -0.0000027801
       -0.0000047477  -0.0000031261  -0.0000073913   0.0000009872  -0.0000311609
        0.0000217398   0.0000079100  -0.0000008015   0.0000138193  -0.0000071909
        0.0000140108  -0.0000153359  -0.0000055454   0.0000538299   0.0000012688
       -0.0000366876   0.0000082543   0.0000069947  -0.0000051548  -0.0007215621
        0.0011156381   0.0038181684   0.0006176089   0.0009392782  -0.0011390696
        0.0053957185  -0.0116667931   0.0303838676   0.0025457087  -0.0409520191
        0.0000942465   0.0000064512   0.0000135983  -0.0000242410   0.0000004206
        0.0000109073  -0.0000039219   0.0000077466  -0.0000018553  -0.0000156622
        0.0000091588  -0.0000000605  -0.0000064243  -0.0000001293   0.0000092320
        0.0000032477  -0.0000054340   0.0000085305   0.0000003433  -0.0000062093
        0.0000026644   0.0000012122   0.0000044774   0.0000069231   0.0000033790
       -0.0000076047  -0.0000225481   0.0000047447  -0.0000356422   0.0000281095
       -0.0001105732   0.0000149597  -0.0000299081   0.0000474694   0.0000542423
       -0.0000211115  -0.0000913537   0.0000090287  -0.0000013060  -0.0000057700
        0.0000033440   0.0000007708  -0.0000008076   0.0000021527   0.0000009918
        0.0000005195   0.0000001448   0.0000037731  -0.0000006021  -0.0000062998
        0.0000008000  -0.0000048013   0.0000139507   0.0000200947  -0.0000056446
        0.0000127462  -0.0000116309   0.0000027120  -0.0000689691  -0.0000619372
        0.0000311643  -0.0101845306  -0.0001414435  -0.0235232144  -0.0011998723
        0.0495788370  -0.0139146464   0.0043488483   0.0012205259   0.0050402686
        0.0000067496   0.0000300399   0.0000359158  -0.0000014356  -0.0000055073
        0.0000196362  -0.0000026207   0.0000103066   0.0000018622   0.0000013442
       -0.0000063812   0.0000011029  -0.0000206069   0.0000286744   0.0000160740
        0.0000172493  -0.0001001010  -0.0000636165   0.0000221014   0.0000083802
        0.0000122122   0.0000063282  -0.0000184097  -0.0000008069   0.0000163895
        0.0001300621   0.0000187472   0.0000250746  -0.0000578970   0.0000751989
        0.0002809996  -0.0001464519  -0.0000339212   0.0000007814  -0.0000686184
       -0.0000011316   0.0000076340   0.0000452915  -0.0000484170   0.0000144307
       -0.0000140058   0.0000192765  -0.0000028829  -0.0000017179  -0.0000139068
       -0.0000251193  -0.0000004169   0.0000059778   0.0000070830   0.0000047600
       -0.0000001669  -0.0000077351  -0.0000011219   0.0000082271  -0.0000003057
        0.0000221477  -0.0000087505  -0.0000036960  -0.0000145321   0.0000067855
        0.0000043275   0.0000123430  -0.0000093216   0.0000142761  -0.0000276429
        0.0000126426  -0.0000044575   0.0000025060  -0.0000002099   0.0002217841
       -0.0016472832   0.0000208502  -0.0008237610   0.0002150099   0.0001702288
        0.0014454798   0.0160585021  -0.0237076399  -0.0886287894   0.0031480097
       -0.2329793398  -0.0000036551  -0.0000126016   0.0000053491   0.0000012075
        0.0000237914   0.0000007218  -0.0000130982  -0.0000133893   0.0000034548
        0.0000068326   0.0000170177   0.0000000408   0.0000001526   0.0000075126
        0.0000015338  -0.0000058238   0.0000051518  -0.0000022193  -0.0000028207
       -0.0000056464  -0.0000067411   0.0000071816   0.0000070323   0.0000039467
        0.0000107123  -0.0000344957   0.0000140770   0.0000200412  -0.0000435318
        0.0001349090   0.0000152422   0.0000618552  -0.0000090897  -0.0000873399
       -0.0000038405   0.0000281714   0.0000008077  -0.0000061424  -0.0000088052
        0.0000079187  -0.0000000460   0.0000008451  -0.0000047039  -0.0000036186
       -0.0000009150   0.0000042885  -0.0000011140   0.0000101950   0.0000043797
       -0.0000091779   0.0000127121  -0.0000057945  -0.0000036025  -0.0000040291
       -0.0000033765  -0.0000136843   0.0000076584   0.0000026394   0.0000286695
        0.0000275773  -0.0082382121  -0.0031050221  -0.0178698129   0.0988478013
       -0.0139146464   0.2749006242  -0.0031350038  -0.0005864167  -0.0008077136
        0.0000151159   0.0000475800  -0.0000049245   0.0000132042  -0.0000091089
       -0.0000017876   0.0000038693   0.0000046308  -0.0000008962  -0.0000009925
        0.0000044052   0.0000022253   0.0000048132   0.0000075991  -0.0000021030
        0.0000109656  -0.0000627910   0.0000161642  -0.0000029642   0.0000074586
        0.0000025210   0.0000065927  -0.0000141031  -0.0000070222   0.0000665038
        0.0000630698  -0.0001026481  -0.0001030604  -0.0000611576   0.0000152621
        0.0001391052   0.0001607844   0.0003049700   0.0000176913   0.0000973255
       -0.0000121674   0.0000082156  -0.0000832327   0.0000071358   0.0000241794
       -0.0000039039  -0.0000096899   0.0000200232   0.0000356989   0.0000033309
        0.0000240589  -0.0000049125  -0.0000022486   0.0000018075  -0.0000032514
        0.0000016863   0.0000023807  -0.0000059402   0.0000000459   0.0000208392
        0.0000085914   0.0000188548   0.0000061853   0.0000165050  -0.0000045380
       -0.0000122452  -0.0000090079   0.0000094643  -0.0000390626  -0.0000297879
       -0.0000480260   0.0000133969  -0.0000144888  -0.0000021102  -0.0001865387
        0.0019124200   0.0015467584   0.0003579084   0.0001319353  -0.0014995120
       -0.0196301440  -0.0121761194   0.0100334093  -0.2660363555   0.0389661045
        0.0126563354   0.0000043463   0.0000007371   0.0000165863   0.0000044695
       -0.0000092816  -0.0000069234   0.0000008939   0.0000106891  -0.0000120864
       -0.0000010426  -0.0000166017   0.0000070516  -0.0000044947  -0.0000027824
        0.0000012129   0.0000001006  -0.0000012772   0.0000016421   0.0000033716
       -0.0000021999  -0.0000002690  -0.0000066056   0.0000028268   0.0000019688
        0.0000218169  -0.0000339362   0.0000333019  -0.0000903834  -0.0000286248
       -0.0000165581   0.0000801314   0.0000738422   0.0000377726   0.0000352995
        0.0000060344  -0.0001258675   0.0000052480   0.0000053963  -0.0000034077
       -0.0000054605   0.0000029517  -0.0000016411   0.0000070843  -0.0000082734
        0.0000040733  -0.0000000266   0.0000065636  -0.0000029647  -0.0000034394
        0.0000112878  -0.0000031883   0.0000125842  -0.0000054267   0.0000037900
        0.0000194911  -0.0000216546  -0.0000132417  -0.0000290975   0.0000190224
        0.0000177192  -0.0084821115   0.0040379407   0.0008187878  -0.0177510570
        0.0043488483  -0.0031350038   0.3114333883  -0.0373823850  -0.0205432450
        0.0000381348  -0.0000053543   0.0000220490   0.0000242798   0.0000016797
        0.0000058740   0.0000048117  -0.0000015718  -0.0000015610   0.0000136296
       -0.0000064783  -0.0000048793   0.0000096386   0.0000184012  -0.0000078842
       -0.0000106873  -0.0001192454   0.0000063138   0.0000171760   0.0000177152
        0.0000062129  -0.0000075807  -0.0000125127  -0.0000140257   0.0000276204
        0.0001612912  -0.0001705516  -0.0000850394  -0.0001159602   0.0002511468
        0.0007116117  -0.0000149660   0.0005222805   0.0000223029   0.0000364481
       -0.0000334702   0.0000002476  -0.0000484414  -0.0000070820   0.0000609694
       -0.0000303909   0.0000091752   0.0000160181   0.0000372377  -0.0000113755
       -0.0000140281   0.0000037253  -0.0000082816   0.0000015124  -0.0000007001
       -0.0000056474  -0.0000065657  -0.0000091908   0.0000067807   0.0000252747
       -0.0000293461   0.0000132750   0.0000078298  -0.0000040180  -0.0000064389
        0.0000039194  -0.0000111031  -0.0000169050  -0.0000081487   0.0000617048
       -0.0000324099   0.0000076581   0.0000167740  -0.0000052952  -0.0030400746
        0.0012587364   0.0018643284   0.0009015843   0.0006084613  -0.0006405766
       -0.0304760781  -0.0054299383   0.0068357671   0.0430063806  -0.0473918378
       -0.0042503799  -0.0000127851  -0.0000016706  -0.0000072890  -0.0000092243
        0.0000005298   0.0000020579   0.0000078982  -0.0000039766  -0.0000151367
        0.0000009350   0.0000038927  -0.0000123757  -0.0000022464   0.0000069630
        0.0000026030  -0.0000045959   0.0000056038   0.0000011198   0.0000047151
       -0.0000065386   0.0000070104   0.0000017455   0.0000074598   0.0000036766
       -0.0000059842  -0.0000278269   0.0000719219  -0.0000642180  -0.0000117021
       -0.0000930924   0.0000443928   0.0000148536   0.0000110015   0.0000612546
       -0.0000216915  -0.0000643725   0.0000092644  -0.0000032340  -0.0000030650
        0.0000066960  -0.0000016505   0.0000019574   0.0000003040   0.0000097045
       -0.0000016218   0.0000030022   0.0000021624   0.0000016013   0.0000038968
        0.0000022054   0.0000030894   0.0000027553   0.0000152486   0.0000021897
        0.0000006882  -0.0000190408  -0.0000003071  -0.0000079926   0.0000144476
        0.0000195549   0.0251899986  -0.0051330207  -0.0021339160   0.0008994879
        0.0012205259  -0.0005864167  -0.0373823850   0.0549356356  -0.0015366303
       -0.0000091777  -0.0000202956  -0.0000148829  -0.0000119166   0.0000040005
        0.0000045431  -0.0000102533  -0.0000097222  -0.0000140015   0.0000027481
        0.0000149008   0.0000081598   0.0000454661  -0.0000374349  -0.0000142143
       -0.0000174286   0.0001673590   0.0000801708  -0.0000125798  -0.0000443278
       -0.0000219212  -0.0000017362   0.0000039946  -0.0000038502  -0.0000360624
       -0.0002014784   0.0000798913   0.0000497480   0.0001037726  -0.0000412662
       -0.0000572745  -0.0000185226  -0.0003320741  -0.0000300549  -0.0000393946
        0.0000270797   0.0000187842   0.0000905465  -0.0000370788  -0.0000000472
        0.0000343243  -0.0000030330  -0.0000115027  -0.0000212829   0.0000025790
       -0.0000023667   0.0000023461  -0.0000043623   0.0000031204   0.0000075086
        0.0000054352  -0.0000001448  -0.0000019177  -0.0000022546  -0.0000028408
        0.0000028639  -0.0000023177  -0.0000078679   0.0000001892  -0.0000013109
       -0.0000153602   0.0000047180   0.0000153504   0.0000176483  -0.0000108457
        0.0000007120   0.0000021005  -0.0000002151  -0.0000002822  -0.0008511521
        0.0000198244   0.0021605840   0.0004822932   0.0003393423  -0.0007861059
        0.0222116903   0.0055609612  -0.0060322060   0.0112671586  -0.0044061722
       -0.0422933201   0.0000054403   0.0000040629  -0.0000169087  -0.0000020607
       -0.0000162020   0.0000108028   0.0000005822  -0.0000062461   0.0000052697
       -0.0000042715   0.0000010379   0.0000026045  -0.0000015633  -0.0000019883
       -0.0000006666  -0.0000004190  -0.0000025435   0.0000003361  -0.0000151950
        0.0000098554  -0.0000025520  -0.0000019510  -0.0000046602  -0.0000024055
       -0.0000189126   0.0000870464  -0.0000718203   0.0001026146  -0.0000065600
        0.0000001296  -0.0000404512  -0.0000035313  -0.0000319969  -0.0000266597
       -0.0000243154   0.0000596724  -0.0000009807  -0.0000037117  -0.0000010649
        0.0000008160  -0.0000028791  -0.0000015073   0.0000004677  -0.0000035984
       -0.0000008501   0.0000015640   0.0000001823  -0.0000004478  -0.0000003077
        0.0000008528   0.0000004662   0.0000058477   0.0000029742  -0.0000020202
        0.0000045419  -0.0000203463  -0.0000038372  -0.0000269586   0.0000188559
       -0.0000167903   0.0168156831  -0.0050769661  -0.0009421934  -0.0292775725
        0.0050402686  -0.0008077136  -0.0205432450  -0.0015366303   0.0490434699
