50
 energy: -75.283702921000 gnorm: 0.044754947347 xtb: 6.7.1 (edcfbbe)
c            0.04666226965736        0.62519918694778        2.51310928526025
c            1.52532258245303        0.95373260249954        2.29279378063109
c           -2.25664924688568       -3.42168634725320       -0.09669579183402
c           -3.32965086734131       -2.93512261685001        0.65172955288526
c           -3.28152139108678       -1.64936898041532        1.16257362440644
c           -2.18120746047918       -0.81365087081941        0.91178426298021
c           -1.12734751869508       -1.26807800035018        0.09244830391213
c           -1.17920879938531       -2.58910537129586       -0.36847583195277
n           -2.16149086121711        0.44464340539419        1.52897287183238
c           -0.92206586349853        1.19570979340330        1.45514688028194
c           -0.31452205722613        1.14542468852182        0.02042067525872
c            0.00036291825504       -0.33663089153751       -0.34892494087527
c            1.05084188807765        1.82771676281570        0.03561754409249
c            1.90789764849544        0.80144751825083        0.80389615001968
c            1.39608430326555       -0.58943712942282        0.33408045993139
c            3.36872775060745        1.03289837258374        0.60379123339777
c            4.18188650756192        0.15165940603976        0.02952459390179
c            3.71979201807883       -1.18506023460492       -0.44803181445560
n            2.24389362329089       -1.27075837076532       -0.73200460605519
c            1.85122348783439       -0.55272141225038       -1.99351746674703
c            0.33531835098040       -0.45923979453824       -1.87822755314426
o            1.89127933589234       -2.58851900307887       -0.83404771510037
h            1.36463299642498       -1.31336661619334        1.15071989501158
c           -1.32248842809394        1.79302302530816       -0.90670358292250
o           -2.27059036936949        1.23831393471463       -1.42263681451188
o           -1.07121189068239        3.10946679031670       -1.05620909161453
c           -2.02118556601406        3.83826506211363       -1.87081204623506
h           -0.28161616368946        0.97615711856632        3.49741380502833
h           -0.08393449678156       -0.46331576494424        2.52211566881672
h            1.75138489130330        1.98284491662478        2.59942851148258
h            2.14214488002368        0.28536199219396        2.90614797687016
h           -2.26274300375146       -4.44075801620623       -0.47257642884518
h           -4.18992842381194       -3.56636990553290        0.85859054262192
h           -4.09003376399310       -1.27083574727553        1.78401187884973
h           -0.33452880923012       -2.95758840753579       -0.94338406704887
h           -3.00783429496625        0.98289778187869        1.40639770584298
h           -1.14111087024038        2.24595113775384        1.68645903473365
h            1.03505227390502        2.79649540596048        0.54506553653505
h            1.41942549526818        1.99959107358834       -0.98036034619837
h            3.75411891124444        1.99334643957505        0.94475610254148
h            5.24067677063107        0.36952319007907       -0.09361625249392
h            4.22079656204654       -1.49002428171186       -1.37285371394069
h            3.91015758095539       -1.96649121297019        0.29720835068450
h            2.34215912816167        0.42613303331632       -2.00887304084163
h            2.20138663639778       -1.15613030403382       -2.83312507581460
h           -0.13045329061423       -1.35240414507405       -2.29424707509644
h           -0.03855600709000        0.39736570141743       -2.44449394031435
h           -3.01843809018461        3.78786625978096       -1.42524540678567
h           -1.65852297763730        4.86618722721861       -1.88765735313688
h           -2.04969017261276        3.42257634162534       -2.88151790817368
50
 energy: -75.287596661053 gnorm: 0.017822560358 xtb: 6.7.1 (edcfbbe)
c            0.04219157314316        0.61907236565570        2.50689431435623
c            1.51660014048537        0.95097324891509        2.28714404772400
c           -2.23778830482216       -3.40537416531676       -0.09272101045348
c           -3.30545705666069       -2.92220819850944        0.65063919039271
c           -3.25924148778405       -1.63873814983729        1.15176117135851
c           -2.16724869688612       -0.80397426773398        0.89487590270451
c           -1.11745699209487       -1.25899717053719        0.08156667596337
c           -1.16489454170339       -2.57749722748794       -0.36902988095501
n           -2.14539054318239        0.44352204798274        1.52260659211350
c           -0.91550339444218        1.19776026771182        1.44796849975584
c           -0.30939727603175        1.13998692713163        0.01668816774954
c            0.00967104084298       -0.33356796193460       -0.34989433538133
c            1.04971556449500        1.82385627548479        0.03521105578507
c            1.89522107255226        0.79189697438687        0.80172104965260
c            1.39501366986038       -0.59343321746804        0.32341347432698
c            3.35545306509147        1.02629850881441        0.60152823259112
c            4.16177994169778        0.15006738547260        0.02644183763888
c            3.69991649009198       -1.18224488186007       -0.45086912276594
n            2.23585640917889       -1.26553656975941       -0.73116346288119
c            1.84653111502225       -0.55770052083472       -1.98266500785357
c            0.33161753790857       -0.45223047585244       -1.87045719528221
o            1.90340679785650       -2.57682449651846       -0.82449333574700
h            1.35135367812359       -1.31839812454254        1.13559867304489
c           -1.31993274946043        1.78763781538155       -0.90311213342464
o           -2.27471927359154        1.23721159430598       -1.40268808332347
o           -1.07536365709931        3.09732373014551       -1.05907123925431
c           -2.01297398292291        3.83229741063836       -1.86460333208656
h           -0.27870877311140        0.98081600807359        3.48640794402863
h           -0.09512904159924       -0.46441666984202        2.51311540780792
h            1.73285961219123        1.97719516957541        2.59621568994500
h            2.12874552710912        0.28566964038360        2.90156048529965
h           -2.24661981955389       -4.42041730414473       -0.46559945714021
h           -4.16436595799410       -3.55000189091271        0.85122594068836
h           -4.07005321959885       -1.25814285646710        1.75986600660425
h           -0.31687800983486       -2.96159364341529       -0.92093074369539
h           -2.99672810065634        0.97534509345955        1.41502725603828
h           -1.13501511410671        2.24506964456206        1.68506387754688
h            1.02305486638202        2.78646785734435        0.54685935911374
h            1.41544032422244        1.99615116709785       -0.97726870769245
h            3.73499454619764        1.98123646916530        0.94324982045450
h            5.21711683096131        0.35690301218377       -0.09447633905892
h            4.20750324256466       -1.48583121365719       -1.36992866312169
h            3.89645181693264       -1.95827747749542        0.29702204539619
h            2.34278983484033        0.41367561550084       -2.00416334070231
h            2.17445804294265       -1.16455752716915       -2.82662961057156
h           -0.13547566661516       -1.34704775103006       -2.27692331913466
h           -0.04631068762480        0.40316677375969       -2.43027891432189
h           -3.00794163392629        3.77917418187628       -1.42106123125187
h           -1.64830382909112        4.85660614837275       -1.88010941380727
h           -2.04614680406540        3.41476517277339       -2.87156847450268
50
 energy: -75.288465779593 gnorm: 0.004740129452 xtb: 6.7.1 (edcfbbe)
c            0.03847317674575        0.61599926254161        2.50323390403007
c            1.51295669154088        0.94423420298580        2.28390982415379
c           -2.21497205108199       -3.39746288804609       -0.08796732538010
c           -3.28977810757973       -2.91305787830514        0.63978375127272
c           -3.25026561304675       -1.62857810880423        1.13449015273657
c           -2.15989249885340       -0.79542345366643        0.88335529624679
c           -1.10671153678627       -1.25232824383893        0.08111327198431
c           -1.14160533153693       -2.57166809207137       -0.35945470583129
n           -2.14041891899721        0.44567377668657        1.51579934716176
c           -0.91501980070624        1.19997187677690        1.44489835442549
c           -0.30624920985262        1.14011056819854        0.01765155054231
c            0.01288620192266       -0.32631850429253       -0.35131481282098
c            1.05095869934638        1.82308686765536        0.03504741480079
c            1.89103831380303        0.78897943038112        0.80088225511355
c            1.39157350424779       -0.59107058420019        0.31605958351055
c            3.35173220300241        1.02521443422216        0.60246100102386
c            4.15081166417945        0.14893038675317        0.02282167083406
c            3.67779318940529       -1.17940187474074       -0.45366709862610
n            2.22233219494617       -1.26300306667612       -0.72998950618234
c            1.84334635846900       -0.56285472361970       -1.97663792815004
c            0.32836118088200       -0.44514382943122       -1.86659912949055
o            1.89666361630630       -2.56937616422605       -0.81552979937894
h            1.33805417207881       -1.31690067196671        1.12690523820732
c           -1.32253507202373        1.78524623203452       -0.89367108005653
o           -2.28720653231276        1.23704899326166       -1.37788000431843
o           -1.07416006537924        3.08692041288822       -1.06221057924082
c           -2.00449599781245        3.82437543258720       -1.85944694506957
h           -0.27926009425531        0.98134662001541        3.48053404773543
h           -0.10553255669926       -0.46406143167143        2.50504368767726
h            1.72268460600777        1.96955192857492        2.59186686855808
h            2.12341333632829        0.28038061257687        2.89850786312395
h           -2.21842010060478       -4.41300886858288       -0.45330231531027
h           -4.14339439364016       -3.54332745205936        0.84185328815763
h           -4.06277177779249       -1.24722403946580        1.73532897759832
h           -0.29113372830238       -2.96223117308037       -0.90023333505850
h           -2.99770060855346        0.97001250056989        1.42343429498960
h           -1.13096008726152        2.24686572761914        1.68209713184013
h            1.02038587124320        2.78145649095924        0.54919076250382
h            1.41678244230561        1.99511531188041       -0.97536715650111
h            3.72586086830761        1.97753178844057        0.94597575191044
h            5.20485345214926        0.34472015184541       -0.10316885128297
h            4.18648027833177       -1.48656044772610       -1.36973207527005
h            3.87666202739824       -1.95239051850247        0.29662550129016
h            2.34666939088774        0.40268139671819       -2.00756311266532
h            2.15351539900356       -1.17733452538519       -2.82142104270971
h           -0.13986226234279       -1.34052715378910       -2.26899565610340
h           -0.04659697681042        0.40864877021996       -2.42723210902512
h           -2.99935422435734        3.77515376226700       -1.41607074732608
h           -1.63550571310912        4.84543370888834       -1.87530788750145
h           -2.04578745290622        3.40769779042873       -2.86614122445756
50
 energy: -75.288620136130 gnorm: 0.003458145061 xtb: 6.7.1 (edcfbbe)
c            0.03638772619675        0.61459707128125        2.50333201343003
c            1.51159071004524        0.94195467021637        2.28370783771812
c           -2.20199729879080       -3.39950655986087       -0.08169275225745
c           -3.28393701342389       -2.91363577158170        0.63561404094736
c           -3.25199809429521       -1.62612934256350        1.12483894566305
c           -2.16119718711353       -0.79189849044597        0.87861603602553
c           -1.10475335766196       -1.24961213018437        0.08148623571569
c           -1.13049974009646       -2.57086143363613       -0.35323104520842
n           -2.14161330473443        0.44799499332623        1.51169319897736
c           -0.91614300270054        1.20149326124836        1.44492844696008
c           -0.30576128084690        1.14241939389088        0.01851929942142
c            0.01265159676495       -0.32252374164369       -0.35085874067468
c            1.05181496931437        1.82459771338847        0.03642394708581
c            1.89109686746844        0.78866610153268        0.80108746120872
c            1.39102998991815       -0.59055383525875        0.31427644878441
c            3.35224138528568        1.02552198685803        0.60251247683178
c            4.14897562274060        0.14864966904650        0.01941098235025
c            3.67213719065198       -1.17992433317165       -0.45497487402520
n            2.21844850473349       -1.26322076355478       -0.73082561354061
c            1.83988907311798       -0.56616304369498       -1.97736365617918
c            0.32449990900318       -0.44050523945188       -1.86638920794111
o            1.89331063039101       -2.56954780063338       -0.81379934058577
h            1.33505967687225       -1.31627478371685        1.12572452689951
c           -1.32277305019919        1.78642555684744       -0.89145782900493
o           -2.29663049061161        1.24040664708703       -1.36207487291275
o           -1.06877246646726        3.08447610573688       -1.06861520207058
c           -2.00050883302104        3.82316515309403       -1.85923694623919
h           -0.28047282906608        0.97881490143023        3.48120526506000
h           -0.10986044471670       -0.46515609621128        2.50283546613847
h            1.72107411425068        1.96697332409329        2.59297057278337
h            2.12120399969257        0.27661582604737        2.89742550611676
h           -2.19832325386187       -4.41769780251335       -0.44022669776852
h           -4.13846806594609       -3.54428632602984        0.83180948351404
h           -4.07013643212481       -1.24237087789109        1.71681121684219
h           -0.27413404569231       -2.96244464203972       -0.88444422662928
h           -3.00191605287223        0.96898236435281        1.43067962994128
h           -1.12994991692180        2.24881248671530        1.68228233649457
h            1.02249975961459        2.78277700412268        0.55110764030519
h            1.41838244420934        1.99583479299892       -0.97389230615419
h            3.72454180222213        1.97742923137805        0.94912474040951
h            5.20333637872114        0.34009315822227       -0.10978218268982
h            4.18007932188102       -1.49021170173648       -1.37048925296187
h            3.87070674372725       -1.95136696551254        0.29751288953497
h            2.34750436517966        0.39703998543088       -2.01430261418709
h            2.14393809987994       -1.18528226301363       -2.82106197184247
h           -0.14759715421491       -1.33419906682327       -2.26857659393345
h           -0.04723161163168        0.41488643591727       -2.42688054800501
h           -2.99452641374205        3.77686724260393       -1.41213500685116
h           -1.62927564286223        4.84344567783166       -1.87693574983486
h           -2.04922577203227        3.40756700029958       -2.86672304999034
50
 energy: -75.288790356348 gnorm: 0.004838146503 xtb: 6.7.1 (edcfbbe)
c            0.03303083029210        0.61158055158127        2.50338843170404
c            1.50973178117930        0.93735445787517        2.28480946827899
c           -2.18072494104446       -3.40575540137156       -0.06759496062762
c           -3.27738497080323       -2.91595406471579        0.62659683293498
c           -3.26001907706368       -1.62320288250556        1.10543167959051
c           -2.16675573985133       -0.78722636028033        0.87167938765859
c           -1.10307833820108       -1.24650579916136        0.08485839335938
c           -1.11232569666098       -2.57184966884436       -0.33778371558917
n           -2.14575733327250        0.45094053722700        1.50505654665860
c           -0.91960236801368        1.20309836131181        1.44628277295034
c           -0.30587140379829        1.14675008626142        0.02092715885753
c            0.01067517337943       -0.31713426187264       -0.34956841933436
c            1.05313673279821        1.82671053006189        0.03900500915306
c            1.89186081345270        0.78818196876944        0.80223917407164
c            1.38995500259182       -0.58974317234454        0.31201218479800
c            3.35373415631562        1.02565620148276        0.60321655353037
c            4.14729210399533        0.14939091973448        0.01359085981240
c            3.66657612356666       -1.17990071680237       -0.45829312689623
n            2.21410196203805       -1.26303783789683       -0.73336082100555
c            1.83364138731999       -0.57170774364116       -1.98171130931355
c            0.31811881598287       -0.43436529907439       -1.86633281066147
o            1.89126238820011       -2.57131636160476       -0.81340684555386
h            1.33200070309977       -1.31529826807974        1.12423254852935
c           -1.32525150513042        1.79195243442120       -0.88442085773637
o           -2.31412382369121        1.25069220758928       -1.33157768411366
o           -1.05535512994902        3.08261646688723       -1.08461083973513
c           -1.99197402861859        3.82425232992579       -1.86307600390732
h           -0.28267487793724        0.97278387235500        3.48286142628023
h           -0.11558504624735       -0.46818060824888        2.49923444097224
h            1.72005475536621        1.96153072673395        2.59761811240627
h            2.11751368400620        0.26879366438904        2.89726429738196
h           -2.16239418584071       -4.42986254366338       -0.41089079746926
h           -4.13249737596462       -3.54877095427397        0.81422793754164
h           -4.08945763604471       -1.23652781675273        1.68082234306500
h           -0.24694551195362       -2.96112301547898       -0.85645102298278
h           -3.01089592902540        0.96679075411662        1.44775280709798
h           -1.13088785532242        2.25074636390580        1.68548915642497
h            1.02768030593659        2.78513808332687        0.55424104153725
h            1.42043843100523        1.99672021253291       -0.97171335645092
h            3.72349394463675        1.97795314536591        0.95282907394561
h            5.20190129510822        0.33625730713966       -0.12186147032024
h            4.17402059124709       -1.49554367843379       -1.37259292805963
h            3.86379399217588       -1.94859551692326        0.29805211522615
h            2.34740089107025        0.38833331476143       -2.02924744687675
h            2.12904808003028       -1.19911804951540       -2.82251060965319
h           -0.16332851283966       -1.32317642561439       -2.26961456143393
h           -0.04676137984214        0.42594966309936       -2.42457937636321
h           -2.98241386402424        3.78386951742194       -1.40504223182426
h           -1.61665389220856        4.84334895289212       -1.88632420395650
h           -2.05704539521070        3.40963855975940       -2.87118799023058
50
 energy: -75.288867208580 gnorm: 0.004535008513 xtb: 6.7.1 (edcfbbe)
c            0.03097144856709        0.60901786474695        2.50408144342637
c            1.50829820010151        0.93428474283048        2.28630693284189
c           -2.16994147986006       -3.41063875668152       -0.05728833061621
c           -3.27509219968990       -2.91823213525410        0.62151369639105
c           -3.26665246024757       -1.62255245408628        1.09279967702907
c           -2.17129508253082       -0.78593552619112        0.86823174695800
c           -1.10284717825646       -1.24615334269464        0.08810582047989
c           -1.10359762865389       -2.57379389117454       -0.32679148124546
n           -2.14823275444335        0.45070047591039        1.50169193792072
c           -0.92193190808008        1.20259868417914        1.44787126114978
c           -0.30625949734988        1.14884457000076        0.02275605268739
c            0.00930553897774       -0.31550457474440       -0.34793467946985
c            1.05354288971609        1.82722911659469        0.04125002374397
c            1.89214183556509        0.78764869997861        0.80365456917710
c            1.38961737559821       -0.58960667565444        0.31158487755249
c            3.35396032440608        1.02596196581506        0.60342679917266
c            4.14659082533564        0.15176802607857        0.00961392414714
c            3.66592963922687       -1.17811990413809       -0.46129704994483
n            2.21307200264883       -1.26234613735850       -0.73538229415997
c            1.82845342437915       -0.57430742737920       -1.98512528349189
c            0.31349323864142       -0.43190043423018       -1.86587475749298
o            1.89304939855178       -2.57272899384604       -0.81446184005571
h            1.33236745106080       -1.31587270411489        1.12317714432714
c           -1.32476339184925        1.79617549237641       -0.88236871730800
o           -2.32453496079194        1.26068476024536       -1.31205246594350
o           -1.04319214522844        3.08201316238776       -1.09918810510538
c           -1.98474273107295        3.82696009214996       -1.86880471184523
h           -0.28425120131962        0.96792486011182        3.48475160707050
h           -0.11767658612378       -0.47090018490057        2.49780279108866
h            1.71980311804829        1.95763481981640        2.60164613443812
h            2.11500225495550        0.26378825300145        2.89799973781342
h           -2.14291407706649       -4.43829970758494       -0.38973115851538
h           -4.13103723554635       -3.55206871335691        0.80316107500561
h           -4.10425818196793       -1.23483960602974        1.65597862849919
h           -0.23272865557606       -2.96043226275319       -0.83828857750064
h           -3.01572148134018        0.96393022681753        1.46287448342844
h           -1.13354385012016        2.24974610145189        1.68941272966652
h            1.03041400716468        2.78605806414705        0.55627278371832
h            1.42086907113741        1.99643108317673       -0.96982306002734
h            3.72316554902991        1.97846679561793        0.95372366152646
h            5.20087668159842        0.33885214971839       -0.12913043110315
h            4.17326024288522       -1.49594515907572       -1.37490824801342
h            3.86265731081158       -1.94544023493011        0.29667605858307
h            2.34436330172705        0.38442756329668       -2.03891804878368
h            2.11975787167172       -1.20639505767268       -2.82378671804988
h           -0.17435021126496       -1.31679500769570       -2.27053962187261
h           -0.04762814312274        0.43253936676820       -2.42077007798373
h           -2.97107922372743        3.79004422293462       -1.40111464408380
h           -1.60664195979669        4.84512891847929       -1.89621880537258
h           -2.06135065054404        3.41308355674392       -2.87660012618626
50
 energy: -75.288924859098 gnorm: 0.002470877535 xtb: 6.7.1 (edcfbbe)
c            0.02966767248961        0.60609701459842        2.50488926849612
c            1.50713469286647        0.93166886874345        2.28828926604582
c           -2.16428198791647       -3.41486650812231       -0.04865752838568
c           -3.27513987136408       -2.92021668453365        0.61781128395091
c           -3.27257940757054       -1.62277306060973        1.08299861535930
c           -2.17529303674219       -0.78638650993829        0.86632773679279
c           -1.10302864112149       -1.24738122662441        0.09152658780042
c           -1.09911367530407       -2.57653221541822       -0.31740373082518
n           -2.14986515239210        0.44821889213728        1.50004824559014
c           -0.92409279953706        1.20077475629988        1.45005747326840
c           -0.30727565013235        1.14956500097724        0.02515948460493
c            0.00817225551160       -0.31575482567494       -0.34590714284668
c            1.05290909699924        1.82678762288861        0.04402015421595
c            1.89167424763497        0.78694782983858        0.80550418426023
c            1.38951064876872       -0.58970068974287        0.31182126563898
c            3.35282940742156        1.02678215182784        0.60381076190223
c            4.14577593801604        0.15599073242275        0.00599022078414
c            3.66739347363712       -1.17426853559005       -0.46520253503617
n            2.21346201725556       -1.26089186772296       -0.73741504667209
c            1.82367445098203       -0.57530738938977       -1.98814796545105
c            0.30966283496316       -0.43174165427788       -1.86472809514350
o            1.89692030491739       -2.57312819466773       -0.81596243501242
h            1.33425519113984       -1.31753946663948        1.12178184892165
c           -1.32521930827726        1.80026423875501       -0.87929592855026
o           -2.33327607914218        1.27195002204256       -1.29550452160175
o           -1.03052998877236        3.08094252188063       -1.11390287055927
c           -1.97541589037625        3.82993079077394       -1.87746024953673
h           -0.28538060681866        0.96318988297289        3.48640229811033
h           -0.11795961096801       -0.47398037469383        2.49713978276815
h            1.71946347939678        1.95425275380733        2.60559632718260
h            2.11323824986360        0.25994859941619        2.89935460744326
h           -2.13212505799407       -4.44460267664505       -0.37265796007993
h           -4.13187678806833       -3.55445409190121        0.79501471376291
h           -4.11665724890700       -1.23514894035357        1.63592525020935
h           -0.22474003797150       -2.96061823441721       -0.82449565408006
h           -3.01861384554166        0.95953462884581        1.48001945820583
h           -1.13771903260427        2.24690720273528        1.69412699318170
h            1.03095896055938        2.78577104628176        0.55881102887210
h            1.41979853041075        1.99581417525438       -0.96727800101755
h            3.72242997135971        1.97933143292870        0.95365031859017
h            5.19915019081046        0.34665853556522       -0.13505380868950
h            4.17437288531821       -1.49178941221980       -1.37889616259209
h            3.86499959728179       -1.94123735469680        0.29269290390811
h            2.33944312849812        0.38310845002889       -2.04616103936036
h            2.11285411632876       -1.21035699757131       -2.82511391862187
h           -0.18255839148893       -1.31370002370649       -2.27021925617322
h           -0.04994861730845        0.43567455465777       -2.41616079715199
h           -2.95713417315038        3.79687958315471       -1.40052182990989
h           -1.59349736252430        4.84659670120139       -1.90873272348922
h           -2.06173095420150        3.41592368894953       -2.88392451540879
50
 energy: -75.288956016744 gnorm: 0.001698437259 xtb: 6.7.1 (edcfbbe)
c            0.02909193977737        0.60400871992590        2.50610505859389
c            1.50631451551890        0.93022444459682        2.29003412396488
c           -2.16406347729520       -3.41707660617523       -0.04504299390256
c           -3.27690986667008       -2.92107463431026        0.61590343236018
c           -3.27575807023420       -1.62319496109918        1.07882336025345
c           -2.17724126787040       -0.78775242748209        0.86617948452745
c           -1.10325324416184       -1.24928385334815        0.09376043932299
c           -1.09871243309814       -2.57889813750999       -0.31288705075414
n           -2.15011641691634        0.44514465204762        1.50024248932661
c           -0.92510399151849        1.19874216944261        1.45181220159244
c           -0.30822558058873        1.14883996690039        0.02704023492434
c            0.00758352255649       -0.31717114661407       -0.34413391813566
c            1.05172754844048        1.82593895851775        0.04614591887551
c            1.89072904649934        0.78656439341478        0.80717534228228
c            1.38960856530666       -0.58970199616888        0.31243185942391
c            3.35100538767928        1.02813019120586        0.60435945653508
c            4.14481767301873        0.16043560299779        0.00355577794970
c            3.66908768385168       -1.16981172030812       -0.46895113159910
n            2.21415227301396       -1.25915167686272       -0.73869049643167
c            1.82067675502212       -0.57433090788768       -1.98932932117244
c            0.30724379772605       -0.43287889674119       -1.86330225891281
o            1.90004555684942       -2.57199255002748       -0.81684933664952
h            1.33632187552690       -1.31917873890484        1.12077627074712
c           -1.32484492773750        1.80127476914928       -0.87850194463033
o           -2.34049395287813        1.27989119335906       -1.28392278885958
o           -1.02090256672206        3.07817636717093       -1.12433193692833
c           -1.96651836928111        3.83096878837836       -1.88514026437815
h           -0.28603503833273        0.96013158886382        3.48795743913035
h           -0.11743280335601       -0.47613040094368        2.49747721318606
h            1.71863465939648        1.95244444581949        2.60808668042194
h            2.11245852421394        0.25828324884507        2.90074047193414
h           -2.13106022989175       -4.44735253078010       -0.36557502968457
h           -4.13416603048365       -3.55502433444598        0.79141224169557
h           -4.12255567141248       -1.23601559412435        1.62696472521644
h           -0.22323117086269       -2.96223844458412       -0.81844794647969
h           -3.01925736872505        0.95520444531946        1.49374030890321
h           -1.14073194335063        2.24403698977863        1.69725166962000
h            1.02935137760254        2.78479407312770        0.56090351966957
h            1.41822726504385        1.99533222323103       -0.96511970001738
h            3.72125298796893        1.98043751051347        0.95386171275520
h            5.19723669543114        0.35548960805632       -0.13835559371451
h            4.17523053052535       -1.48477481595337       -1.38379780514140
h            3.86912535184488       -1.93758334579379        0.28726121909832
h            2.33485935720481        0.38463903457404       -2.04847774341851
h            2.10966378716210       -1.20978005925277       -2.82594125224936
h           -0.18541425590421       -1.31455874362421       -2.26830528171959
h           -0.05390484060040        0.43490379645765       -2.41302688406113
h           -2.94527335422247        3.80167544235762       -1.40303008385065
h           -1.58039376222802        4.84588458270844       -1.91856374212964
h           -2.05814791660344        3.41649406001084       -2.89031178381888
50
 energy: -75.288991804244 gnorm: 0.002417811329 xtb: 6.7.1 (edcfbbe)
c            0.02882003963173        0.60103962869244        2.50864222371503
c            1.50541298970075        0.92885042278345        2.29267450219130
c           -2.16689868061323       -3.41923223058284       -0.04358594943736
c           -3.28083230442418       -2.92185018583233        0.61368992995729
c           -3.27917963742297       -1.62398261895175        1.07627626132792
c           -2.17904641670871       -0.79040704582253        0.86745475045349
c           -1.10356807242665       -1.25252920054829        0.09677697267129
c           -1.10018711612262       -2.58215142076309       -0.30942214252431
n           -2.14996923836463        0.43985357985308        1.50241361044740
c           -0.92642751203551        1.19536849828958        1.45513864651158
c           -0.31033812415695        1.14660461179038        0.03067689189811
c            0.00689096390400       -0.31977653823022       -0.34107680076873
c            1.04875166740097        1.82474370441740        0.04978735443473
c            1.88892767258048        0.78636777629989        0.80970545982666
c            1.39016979517768       -0.58965362908063        0.31351532305917
c            3.34779175959114        1.03117837336588        0.60545861292664
c            4.14306897127516        0.16811903132554       -0.00004615196343
c            3.67139713168457       -1.16181138230330       -0.47576583396802
n            2.21510270878060       -1.25605002241360       -0.74043101174391
c            1.81687380149011       -0.57100117861208       -1.98970022485486
c            0.30369821839163       -0.43559539227890       -1.86059984039477
o            1.90405943905503       -2.56876469208272       -0.81793651779655
h            1.33996242488830       -1.32159704490369        1.11969894183799
c           -1.32687351280444        1.80127797428681       -0.87401826517644
o           -2.35229500413233        1.29026052216055       -1.26592412296699
o           -1.00706082046893        3.07122952041982       -1.13853234780506
c           -1.95006608759738        3.82993524566106       -1.89855309732440
h           -0.28654974164267        0.95612211623080        3.49071271984593
h           -0.11617508077910       -0.47916859224432        2.49886455132187
h            1.71683581802422        1.95096353254426        2.61105530459968
h            2.11238169278219        0.25726163917450        2.90274917326849
h           -2.13520706669767       -4.44948524545366       -0.36295289025496
h           -4.13944429870736       -3.55443337432394        0.78697884026158
h           -4.12796851673632       -1.23694267232515        1.62056101352514
h           -0.22416112331800       -2.96629933194521       -0.81361481617998
h           -3.01986628491140        0.94734814155655        1.51581033882803
h           -1.14450665462726        2.23977538204258        1.70145911600443
h            1.02471476650424        2.78307667952957        0.56508110649198
h            1.41463669514909        1.99551586385488       -0.96124720056050
h            3.71858257344391        1.98277699029874        0.95588123282318
h            5.19407069622200        0.36993776905391       -0.14270316293797
h            4.17521855263120       -1.47038387334458       -1.39396470464308
h            3.87751247147786       -1.93208391635543        0.27609605269935
h            2.32746278298466        0.38968151928254       -2.04837801763256
h            2.10678723742094       -1.20474805587404       -2.82726392775231
h           -0.18578373222934       -1.31989374841291       -2.26323655458350
h           -0.06285533663807        0.42999276889066       -2.40998671201870
h           -2.92576237978991        3.80940585718826       -1.41109701681588
h           -1.55493418731273        4.84117773909243       -1.93570501083844
h           -2.04847581328809        3.41311124842817       -2.90145024631504
50
 energy: -75.289015168023 gnorm: 0.001999660677 xtb: 6.7.1 (edcfbbe)
c            0.02897864450397        0.59997013489356        2.51057803246975
c            1.50526048699533        0.92859491984893        2.29404284685304
c           -2.16933891520562       -3.41952666300178       -0.04529756841015
c           -3.28314470149343       -2.92205458453411        0.61259921978415
c           -3.28019208413692       -1.62475914228148        1.07728667296411
c           -2.17936910040389       -0.79187491820679        0.86933650214614
c           -1.10387351941916       -1.25395956347852        0.09842523546896
c           -1.10145006232814       -2.58318760118849       -0.30929470648055
n           -2.14975274772372        0.43755911014912        1.50469536325851
c           -0.92688590384282        1.19392648384325        1.45718882720116
c           -0.31148751946232        1.14536015094791        0.03260688570147
c            0.00623169046048       -0.32078454716727       -0.33934742099517
c            1.04705160336033        1.82455915228725        0.05154085555848
c            1.88819472929645        0.78665997059072        0.81092846116333
c            1.39046302796369       -0.58943265494070        0.31403485667806
c            3.34668033500416        1.03298302533951        0.60634091579048
c            4.14228952430677        0.17158190616250       -0.00125501555580
c            3.67177063200889       -1.15786821329902       -0.47938869498478
n            2.21506950485042       -1.25420801499979       -0.74123442174948
c            1.81526528584472       -0.56812393394121       -1.98921946844411
c            0.30176234361826       -0.43669857201619       -1.85903898510908
o            1.90510776531258       -2.56658864672878       -0.81891357391795
h            1.34158469713812       -1.32210605858963        1.11976021300071
c           -1.32725686830225        1.79986773862836       -0.87274309249563
o           -2.35831232474167        1.29342330788183       -1.25674191114149
o           -1.00101963279130        3.06630348207942       -1.14482003133032
c           -1.94129982919577        3.82748894806861       -1.90547869575572
h           -0.28635086383706        0.95457556074106        3.49280768942794
h           -0.11547221666303       -0.48031064644594        2.50029048616030
h            1.71599450384651        1.95089955978007        2.61229019081913
h            2.11295116448939        0.25738795443157        2.90379425362580
h           -2.13894110077368       -4.44937865375605       -0.36667635037877
h           -4.14243986662585       -3.55391070132523        0.78497693539383
h           -4.12853377546581       -1.23747634902942        1.62225534701971
h           -0.22594730940267       -2.96821180479103       -0.81380444178811
h           -3.02039600957452        0.94302440978031        1.52625002112904
h           -1.14525854166678        2.23832279351606        1.70326376367018
h            1.02213044419513        2.78262335733445        0.56732156677574
h            1.41262065251469        1.99624533551424       -0.95941103929891
h            3.71695497308794        1.98423696350475        0.95828383150119
h            5.19293534546721        0.37509401627619       -0.14413229607774
h            4.17403428094697       -1.46254070253602       -1.39986315888999
h            3.88161666247306       -1.92995020324804        0.26963604019654
h            2.32373766374958        0.39380162387662       -2.04643323029183
h            2.10613625441543       -1.19964409843722       -2.82822995693210
h           -0.18440531696102       -1.32373973792337       -2.25993916784705
h           -0.06869526545153        0.42663307988757       -2.40937789837010
h           -2.91679161428478        3.81267532366814       -1.41735104500887
h           -1.54117936222539        4.83667448383472       -1.94507412408906
h           -2.04232963763473        3.40899796282783       -2.90750235474479
50
 energy: -75.289054940808 gnorm: 0.001847425738 xtb: 6.7.1 (edcfbbe)
c            0.03034049676397        0.59763560038587        2.51599133512376
c            1.50575801217607        0.92854227890503        2.29725472548288
c           -2.17668196985424       -3.41880173146447       -0.05290050563799
c           -3.28855181551111       -2.92262721753399        0.61057673569217
c           -3.28127746432644       -1.62779036296786        1.08332088044747
c           -2.17940956948372       -0.79571170874037        0.87580635019559
c           -1.10499610000258       -1.25668790358878        0.10238145359296
c           -1.10579803743146       -2.58416675457866       -0.31184523660006
n           -2.14901334498848        0.43216665528701        1.51243673824842
c           -0.92801744169146        1.19053091690567        1.46361954989451
c           -0.31480650409705        1.14265101681688        0.03830788013479
c            0.00440372838428       -0.32240815957774       -0.33494692670104
c            1.04247166101773        1.82483745832730        0.05643784482698
c            1.88686638841934        0.78774145655940        0.81362235529501
c            1.39132743962788       -0.58887903468613        0.31531959220415
c            3.34495517920746        1.03736409097881        0.60865665653923
c            4.14088875518145        0.17897531541707       -0.00310688917312
c            3.67188930420136       -1.14888542924971       -0.48804188272100
n            2.21454066474262       -1.24932505319085       -0.74333027794958
c            1.81130160905060       -0.55920504956809       -1.98739448253549
c            0.29667149415549       -0.43874385118261       -1.85520831791211
o            1.90631589415052       -2.56092872845534       -0.82291958665173
h            1.34566909478665       -1.32280516816228        1.12051256493197
c           -1.33086649568848        1.79683799747112       -0.86598633764857
o           -2.37069466567191        1.29854757612781       -1.23576811549414
o           -0.98874740597774        3.05371520315419       -1.15907001004872
c           -1.91968443142885        3.81894471044513       -1.92486334395455
h           -0.28453855788459        0.95121475627802        3.49870394193296
h           -0.11278831548100       -0.48291008363075        2.50484267740530
h            1.71477919918056        1.95153513728707        2.61492216644158
h            2.11569754326023        0.25850968461892        2.90608664722899
h           -2.15032080650728       -4.44672067006592       -0.38295743057096
h           -4.14983515973241       -3.55261582227227        0.77991644425977
h           -4.12679220109214       -1.23984400310005        1.63320856347999
h           -0.23181115246772       -2.97172658723483       -0.81748239477248
h           -3.02203952480606        0.93161193260159        1.55133104646911
h           -1.14645860620713        2.23522053754569        1.70880061917427
h            1.01580374142763        2.78210155308928        0.57390182761031
h            1.40674539063733        1.99936430355823       -0.95447537948150
h            3.71307407214766        1.98753906392780        0.96614840948697
h            5.19142489383414        0.38354916086442       -0.14563908702144
h            4.17009358299865       -1.44347805356584       -1.41442980523578
h            3.89080462743639       -1.92605881964221        0.25336877690210
h            2.31406224419179        0.40624953378519       -2.03927197979410
h            2.10531780031706       -1.18345841688280       -2.83104128439666
h           -0.17972268016803       -1.33364584966751       -2.25153824857865
h           -0.08423111313467        0.41792194620297       -2.40904499207653
h           -2.89614127198130        3.82025822606328       -1.43734104194759
h           -1.50712230086788        4.82291230746589       -1.97268185834739
h           -2.02615775457646        3.39408078276790       -2.92422400408071
50
 energy: -75.289071141801 gnorm: 0.002361808664 xtb: 6.7.1 (edcfbbe)
c            0.03108087480235        0.59572514866570        2.51878789872007
c            1.50623774631378        0.92727033381319        2.29932047457270
c           -2.17700534809495       -3.41896999841298       -0.05404445118077
c           -3.28969163413016       -2.92328636428389        0.60856054594807
c           -3.28267097185893       -1.62949068406290        1.08366917861843
c           -2.18028227022656       -0.79704216471254        0.87844438470952
c           -1.10564246028799       -1.25709820854567        0.10486451480365
c           -1.10573712713445       -2.58414916914765       -0.31062765482234
n           -2.14876137927299        0.42978815506143        1.51600201719681
c           -0.92871541404944        1.18902003434860        1.46772725195799
c           -0.31602715377383        1.14297362710562        0.04175712839117
c            0.00298306625344       -0.32188234403524       -0.33266701015858
c            1.04118750686669        1.82538090766806        0.05964210940910
c            1.88653857304135        0.78792708333014        0.81527278989716
c            1.39113678479004       -0.58838336528386        0.31556103377356
c            3.34472181994428        1.03834737550083        0.61020731260360
c            4.14034017608836        0.18132663165982       -0.00361674571650
c            3.67116150724851       -1.14545135566374       -0.49178701387697
n            2.21363149216967       -1.24629164926044       -0.74518643654290
c            1.80794139260840       -0.55465925316582       -1.98782779734836
c            0.29339276886293       -0.43714435908235       -1.85338419798318
o            1.90642613166667       -2.55852315843225       -0.82690502581358
h            1.34695039429575       -1.32325002606181        1.11994194831022
c           -1.33157460729074        1.79707732088167       -0.86351236785160
o           -2.37919574748515        1.30277860613704       -1.22056822533373
o           -0.98104407866272        3.04881747056291       -1.17023845758473
c           -1.90999503216222        3.81445409755715       -1.93717427708404
h           -0.28295590015988        0.94816847544758        3.50223999652658
h           -0.11138805098025       -0.48495230919330        2.50681615704055
h            1.71526267783423        1.95008673154320        2.61774193807608
h            2.11675700036294        0.25697698056287        2.90735880031297
h           -2.15015708103783       -4.44630329627797       -0.38585598177877
h           -4.15135832539748       -3.55343685504341        0.77558550566348
h           -4.12842901878633       -1.24208110724518        1.63378884310110
h           -0.23142611551678       -2.97073983416790       -0.81622800798170
h           -3.02336997230776        0.92615060707842        1.56517740648990
h           -1.14775104390581        2.23336899406049        1.71414042838459
h            1.01484130094411        2.78224394537965        0.57794403513160
h            1.40444665872727        2.00108619389134       -0.95143882857784
h            3.71192125082548        1.98801500668029        0.96996123164391
h            5.19111215832057        0.38489159261456       -0.14632435915006
h            4.16828739266540       -1.43701299541893       -1.41963889302055
h            3.89192162295641       -1.92440787990884        0.24704179350064
h            2.30896213330855        0.41173603702235       -2.03840739667328
h            2.10210756627131       -1.17682485534598       -2.83290945577073
h           -0.18164940928899       -1.33286938487666       -2.24918354509882
h           -0.09003967115208        0.41877759921385       -2.40643444025148
h           -2.88569688742290        3.82297645528301       -1.44787661830637
h           -1.49311065821518        4.81634808753195       -1.99114605626078
h           -2.02097651233019        3.38567186285599       -2.93460511694684
50
 energy: -75.289086943220 gnorm: 0.001215899124 xtb: 6.7.1 (edcfbbe)
c            0.03213639412632        0.59457587432658        2.52082440082639
c            1.50713252040855        0.92626268577489        2.30057086403520
c           -2.17751236946689       -3.41821573052288       -0.05566301852018
c           -3.28961488757778       -2.92363709089001        0.60851621479295
c           -3.28230343654734       -1.63091726452134        1.08589425066724
c           -2.18023514276047       -0.79774622054798        0.88089840606678
c           -1.10623624660797       -1.25653840522480        0.10587519056560
c           -1.10647094433153       -2.58300897533900       -0.31144441728412
n           -2.14837761251227        0.42873649151986        1.51925703814127
c           -0.92877542875604        1.18824920697327        1.47096806703533
c           -0.31663180497865        1.14397758294861        0.04432582228794
c            0.00205590046594       -0.32073079944811       -0.33158712671058
c            1.04071444160089        1.82623728539571        0.06207498076112
c            1.88656876746795        0.78805991970424        0.81612328033857
c            1.39067494744554       -0.58788597632904        0.31556415558969
c            3.34505904808581        1.03804749969237        0.61114819519157
c            4.14026095414890        0.18103351858307       -0.00290736943664
c            3.67007262896487       -1.14480863343615       -0.49301251261214
n            2.21261685302519       -1.24422758969435       -0.74648666884418
c            1.80607741275523       -0.55089052863794       -1.98814837940462
c            0.29174751569385       -0.43439608201797       -1.85262072281075
o            1.90497099831511       -2.55691327093835       -0.83069257047183
h            1.34716779553780       -1.32336914072359        1.11929817592213
c           -1.33162247715270        1.79778270625408       -0.86215496986552
o           -2.37951178259661        1.30359171896072       -1.21661727494053
o           -0.97990466453648        3.04718671175791       -1.17423352667470
c           -1.90686302212713        3.81041919723552       -1.94541539737743
h           -0.28102767363714        0.94631566962521        3.50486724233778
h           -0.11000756777541       -0.48616655068352        2.50846341990574
h            1.71659158464783        1.94882540066657        2.61960433067093
h            2.11806103215687        0.25558092760723        2.90782997238097
h           -2.15061320409101       -4.44479829977454       -0.38944445602613
h           -4.15098902262294       -3.55436224447266        0.77495009950335
h           -4.12733882806058       -1.24451368358299        1.63780126708122
h           -0.23236877811328       -2.96829085035632       -0.81817463279057
h           -3.02312836179828        0.92384591388521        1.56968383731116
h           -1.14820243889279        2.23227217826567        1.71857097915490
h            1.01495780982845        2.78270480208287        0.58117320077597
h            1.40308875094017        2.00290073805797       -0.94916860586821
h            3.71212729071183        1.98722748596526        0.97223221442737
h            5.19153272889858        0.38261805382030       -0.14503080205134
h            4.16706826444950       -1.43545898256988       -1.42105831682595
h            3.89016349632771       -1.92476878109827        0.24473390842628
h            2.30650799355573        0.41582384426617       -2.03728302908816
h            2.10034770252844       -1.17159797873357       -2.83416772383658
h           -0.18330176945452       -1.32960929408265       -2.24910580012950
h           -0.09221008865837        0.42197809823980       -2.40438536019987
h           -2.88307616234771        3.82205178137082       -1.45766231093220
h           -1.48944596660492        4.81171351519169       -2.00361448415260
h           -2.01723502384120        3.37796830928263       -2.94120367367449
50
 energy: -75.289112420209 gnorm: 0.001884442176 xtb: 6.7.1 (edcfbbe)
c            0.03423583509656        0.59132135575568        2.52484222306198
c            1.50900831028533        0.92306769952919        2.30322496240029
c           -2.17627237555230       -3.41674705350152       -0.05785910585729
c           -3.28786447047366       -2.92429864136943        0.60840951440600
c           -3.28132375517859       -1.63288381561666        1.08866143441900
c           -2.18014305473430       -0.79821023954847        0.88452244401842
c           -1.10708543498707       -1.25439949233215        0.10687246289509
c           -1.10659658173303       -2.57997149516283       -0.31333961654046
n           -2.14746771691572        0.42686417495395        1.52550271944718
c           -0.92865255548198        1.18700188014175        1.47794858766400
c           -0.31782598610620        1.14686406567088        0.05036550870228
c            0.00050749249706       -0.31733597242869       -0.32963882779141
c            1.03999310643870        1.82826240103025        0.06775336973930
c            1.88657650222839        0.78804442561963        0.81795345018618
c            1.38951387016597       -0.58670056768878        0.31520756661913
c            3.34548367924997        1.03697674983526        0.61294047181222
c            4.13969800795891        0.18002022858214       -0.00206408131717
c            3.66720590404374       -1.14416291240586       -0.49500046597072
n            2.21010177885456       -1.24003421003211       -0.74925195999332
c            1.80221626427111       -0.54375734011227       -1.98901815180126
c            0.28836141858819       -0.42678075435213       -1.85144373079218
o            1.90123430863606       -2.55341642852346       -0.83816460057700
h            1.34696701541929       -1.32392532594544        1.11718999202007
c           -1.33388118006053        1.80051132422570       -0.85599037228645
o           -2.38407810958596        1.30715029961972       -1.20293334809842
o           -0.97631649760033        3.04393711337244       -1.18436772003083
c           -1.90102377777284        3.80125779782667       -1.96404958850631
h           -0.27702066531191        0.94127775533462        3.51018363875748
h           -0.10786552566955       -0.48941407348738        2.51097207179755
h            1.71949417595593        1.94478139074893        2.62429738174660
h            2.12050541271490        0.25088035264501        2.90828679406173
h           -2.14820844373394       -4.44255708750540       -0.39337764231355
h           -4.14866052350587       -3.55629888652369        0.77331601528927
h           -4.12643201594922       -1.24857056114238        1.64193187448906
h           -0.23187020895318       -2.96244720438353       -0.82117451703959
h           -3.02258945378000        0.92031752200247        1.57941678885995
h           -1.14895231984701        2.23004079029653        1.72888770077656
h            1.01566376059488        2.78357919613542        0.58905271053651
h            1.40060740606233        2.00720899706484       -0.94371403909927
h            3.71320790917047        1.98487655808140        0.97654029645024
h            5.19169521828189        0.37829943858783       -0.14324412202904
h            4.16433079585760       -1.43428583358082       -1.42292590199399
h            3.88475161008325       -1.92567459030181        0.24172965162115
h            2.30290004248093        0.42284142978676       -2.03669429690732
h            2.09530358018746       -1.16306376288626       -2.83632591750072
h           -0.18884401772856       -1.31959253078959       -2.25039813371861
h           -0.09474292747709        0.43225179859298       -2.39959497567531
h           -2.87741402895735        3.82036372539563       -1.47690126691349
h           -1.48163885214806        4.80118974749124       -2.03321817429878
h           -2.01209479964197        3.35847530512187       -2.95535271105673
50
 energy: -75.289137359465 gnorm: 0.001832549594 xtb: 6.7.1 (edcfbbe)
c            0.03626772686706        0.58782911827059        2.52912787720909
c            1.51082528989264        0.91959631728750        2.30637783338203
c           -2.17636889024498       -3.41485077847738       -0.06099207351225
c           -3.28659347276300       -2.92472257562156        0.60912323665644
c           -3.27977932639131       -1.63445855556783        1.09252928207040
c           -2.17959023443879       -0.79873814507188        0.88829498347735
c           -1.10794631417891       -1.25237498974451        0.10719589015094
c           -1.10787623169051       -2.57677475195875       -0.31680078499806
n           -2.14637166385097        0.42465223593702        1.53234907255292
c           -0.92806443018365        1.18564383242361        1.48471610722369
c           -0.31904069980950        1.14943895864997        0.05652876635285
c           -0.00099430934809       -0.31406854507242       -0.32780640108475
c            1.03900165849791        1.83038233422482        0.07378532765196
c            1.88623425933910        0.78807399116871        0.82025830548750
c            1.38821079043610       -0.58527932079383        0.31490832284826
c            3.34517241769189        1.03608252620809        0.61487064372791
c            4.13863263373745        0.17936443748956       -0.00151897144892
c            3.66444012689881       -1.14322268639605       -0.49721311930007
n            2.20746581547318       -1.23610683216542       -0.75183802834864
c            1.79951205296855       -0.53627363540826       -1.98940092793728
c            0.28585553260830       -0.41833619145725       -1.85025806438996
o            1.89704697751057       -2.54923407261773       -0.84475043733532
h            1.34628814910024       -1.32450221473085        1.11505039014086
c           -1.33545850142811        1.80207975812120       -0.85049024253762
o           -2.39071756565117        1.31159034335962       -1.18691606132732
o           -0.97218416726853        3.03933913916580       -1.19455773739517
c           -1.89488363894852        3.79065514594351       -1.98342314870502
h           -0.27347892799226        0.93582313400644        3.51562211568201
h           -0.10609584111441       -0.49282537058037        2.51326198033840
h            1.72217828858029        1.94038196393595        2.62972512914274
h            2.12291998587372        0.24562526773390        2.90883796710179
h           -2.14857841528081       -4.43976205477076       -0.39902524014994
h           -4.14631507387004       -3.55792308302947        0.77467019799503
h           -4.12398347003504       -1.25257818182187        1.64852241557868
h           -0.23409601810825       -2.95679408209498       -0.82797109868770
h           -3.02144387622386        0.91765890249096        1.58863647266114
h           -1.14893719532550        2.22777303690643        1.73871824402299
h            1.01550581119770        2.78435353461549        0.59761726574858
h            1.39833147295516        2.01196878002627       -0.93762757158918
h            3.71447377405761        1.98270597463961        0.98015632493838
h            5.19083243566601        0.37670877028318       -0.14196735185931
h            4.16150988779536       -1.43249148376812       -1.42549631335814
h            3.88018534908767       -1.92659158285118        0.23825760359446
h            2.30084400050919        0.43011172296119       -2.03511451491562
h            2.09149199698745       -1.15383342726829       -2.83838801532054
h           -0.19295407483937       -1.30901158990019       -2.25226108083065
h           -0.09641351851759        0.44341781291154       -2.39493470799501
h           -2.87135456203523        3.81765541511501       -1.49698829026390
h           -1.47282594713000        4.78868996834407       -2.06399490030629
h           -2.00618194082602        3.33628647277684       -2.96944030847233
50
 energy: -75.289170763625 gnorm: 0.001646741897 xtb: 6.7.1 (edcfbbe)
c            0.03907580576139        0.58203607310098        2.53600450094229
c            1.51337765054645        0.91373283243238        2.31172460421291
c           -2.17750009790366       -3.41140325159833       -0.06692396631227
c           -3.28494611511186       -2.92546614687815        0.61097198667278
c           -3.27726589621340       -1.63690932034560        1.09941074029408
c           -2.17873542599266       -0.79947023850833        0.89413183743603
c           -1.10963051406198       -1.24904847059183        0.10691576859674
c           -1.11094796840906       -2.57119693602962       -0.32399584807133
n           -2.14483849933025        0.42105529472132        1.54335411552653
c           -0.92715864933995        1.18348044849512        1.49519963870418
c           -0.32123714321989        1.15303813810270        0.06626677015071
c           -0.00329701756191       -0.30895967792480       -0.32513080800022
c            1.03702510997335        1.83358626275713        0.08353426477313
c            1.88565206455084        0.78808596092184        0.82431838540252
c            1.38624499783105       -0.58315198278556        0.31473474854467
c            3.34428778969670        1.03538253207537        0.61744827683229
c            4.13662781293916        0.17935637147050       -0.00175124677081
c            3.66065584908321       -1.14106351722121       -0.50100520970825
n            2.20353877679784       -1.23071434199033       -0.75543057485561
c            1.79584481589647       -0.52489248692083       -1.98924955453702
c            0.28224151232154       -0.40497320794262       -1.84851639736000
o            1.89113501379965       -2.54260213539175       -0.85373570089569
h            1.34489160360087       -1.32534446059616        1.11226061111617
c           -1.33875943277750        1.80398820867342       -0.84058983262178
o           -2.40294960539369        1.31949081550053       -1.15905903513308
o           -0.96392095410144        3.03062979179788       -1.21222330107896
c           -1.88385686363942        3.77286895734012       -2.01420767323000
h           -0.26887014936814        0.92672948045719        3.52417100930008
h           -0.10383597206092       -0.49848135148552        2.51660326540092
h            1.72602316331097        1.93300135006500        2.63888023594714
h            2.12625423904628        0.23679521249330        2.91003793348140
h           -2.15052087006131       -4.43501774367303       -0.40921943158784
h           -4.14309045033836       -3.56023998298879        0.77857615577471
h           -4.11978697686615       -1.25841209164739        1.66025203328322
h           -0.23905000458397       -2.94864965873280       -0.84048108066475
h           -3.01996800620620        0.91426651302924        1.60304420706087
h           -1.14843483014375        2.22444983771653        1.75356252577784
h            1.01449496042756        2.78533460372461        0.61153181037204
h            1.39482745527760        2.01946153386966       -0.92758803385002
h            3.71610991378458        1.98020538607122        0.98495328313699
h            5.18873291047589        0.37715637118236       -0.14189148607725
h            4.15706570544376       -1.42872014546748       -1.43023090084519
h            3.87512466154515       -1.92713307793087        0.23213424470886
h            2.29871066155660        0.44089704671544       -2.03146222696097
h            2.08590280854364       -1.13913963595370       -2.84134651920271
h           -0.19857097904412       -1.29225274767956       -2.25583938288416
h           -0.09820974484819        0.46085101280811       -2.38807747050886
h           -2.85976457375600        3.81365846006043       -1.52735122771656
h           -1.45612221393541        4.76688721785077       -2.11333330010541
h           -1.99787820170340        3.29995164067861       -2.99141638080402
50
 energy: -75.289196000996 gnorm: 0.001975521990 xtb: 6.7.1 (edcfbbe)
c            0.04214627739742        0.57539625246072        2.54379377088026
c            1.51614790139072        0.90730924369703        2.31817138726027
c           -2.18066514800806       -3.40728531417872       -0.07462546072485
c           -3.28409080395967       -2.92642665394482        0.61375043340342
c           -3.27431344288399       -1.64034023752658        1.10899559292879
c           -2.17775296132732       -0.80088438211197        0.90169676233543
c           -1.11193699444892       -1.24581403125600        0.10708216593901
c           -1.11577637049037       -2.56513208157684       -0.33256491871276
n           -2.14340996585572        0.41668274410309        1.55636185327621
c           -0.92638543218438        1.18049946392486        1.50700952999097
c           -0.32379079021626        1.15647773618646        0.07710894589709
c           -0.00611671551817       -0.30379699260366       -0.32180203464580
c            1.03442586092059        1.83707423696506        0.09497046758116
c            1.88465576108873        0.78801662897537        0.82935267000997
c            1.38401070440855       -0.58103773517975        0.31498299634436
c            3.34275985979351        1.03550674230253        0.62029245313147
c            4.13394409579239        0.18091995642255       -0.00278227390276
c            3.65690604984880       -1.13740400036196       -0.50588200264611
n            2.19926964599089       -1.22499514343276       -0.75917413259715
c            1.79189087825970       -0.51194891153097       -1.98868719846733
c            0.27832631678664       -0.39078954102671       -1.84601133442648
o            1.88534268159700       -2.53523479923653       -0.86321321547125
h            1.34322671487919       -1.32642386625271        1.10963693546911
c           -1.34123363861429        1.80537323820431       -0.83086305182456
o           -2.41532890366263        1.32928488535245       -1.12938522245634
o           -0.95433116877366        3.01928194576979       -1.23159225448500
c           -1.86941748613049        3.75186263575046       -2.04863493772674
h           -0.26399243164817        0.91642780526413        3.53373587183694
h           -0.10127271151800       -0.50498458510386        2.52063321823403
h            1.73021898177793        1.92490133207629        2.64959467558804
h            2.12991269869388        0.22708214499871        2.91183857449487
h           -2.15581832989678       -4.42862820542161       -0.42403786654671
h           -4.14038897283051       -3.56283953358489        0.78450671003334
h           -4.11338011138372       -1.26570333978347        1.67757777797211
h           -0.24761321497668       -2.93974075839836       -0.85724911927099
h           -3.01816132095798        0.91045215497726        1.61688295777478
h           -1.14785745455539        2.22030263437528        1.76991031211662
h            1.01258560424215        2.78625520036635        0.62770583289568
h            1.39074298163847        2.02787469928755       -0.91568462724663
h            3.71646193546159        1.97887115558237        0.98970219493271
h            5.18565240696194        0.38029953081026       -0.14378082986789
h            4.15189644840641       -1.42224537555699       -1.43689541770644
h            3.87158911312655       -1.92647481869989        0.22411461961014
h            2.29591777325483        0.45350735139053       -2.02597381035680
h            2.08033129526658       -1.12161698042712       -2.84471378433463
h           -0.20410465589983       -1.27479760954430       -2.25878110794947
h           -0.10061069255393        0.47915590059864       -2.38008449200307
h           -2.84503170022433        3.80906195133546       -1.56285403205121
h           -1.43454111940774        4.74052209950016       -2.16837802621056
h           -1.98634132281905        3.25927996988999       -3.01579119464009
50
 energy: -75.289209888118 gnorm: 0.002163539827 xtb: 6.7.1 (edcfbbe)
c            0.04347970466706        0.57048296000824        2.54926246087512
c            1.51732760758404        0.90242595709167        2.32262978145249
c           -2.18248333169869       -3.40483041397394       -0.07939724965209
c           -3.28354264683618       -2.92742372257065        0.61507688953860
c           -3.27275425274198       -1.64308255362428        1.11468185851766
c           -2.17741380361983       -0.80209821350175        0.90665297379378
c           -1.11354419439184       -1.24386176371252        0.10766354316180
c           -1.11870502333616       -2.56126062669122       -0.33750582754575
n           -2.14280392879647        0.41354153102588        1.56479552200036
c           -0.92637268161610        1.17825017466240        1.51513206930090
c           -0.32584441229311        1.15859994605588        0.08449697231271
c           -0.00819951280822       -0.30047511645751       -0.31940690102396
c            1.03243412498289        1.83895793604066        0.10275674604767
c            1.88390666328076        0.78791077946241        0.83302280837794
c            1.38250406172511       -0.57958562449775        0.31529917413702
c            3.34147745272122        1.03661216347006        0.62181807426687
c            4.13184003201791        0.18392269494559       -0.00498733441144
c            3.65466508697066       -1.13353346128981       -0.50992205635460
n            2.19648487645400       -1.22102911559319       -0.76152610816078
c            1.78812941348921       -0.50406469248110       -1.98842836102316
c            0.27470765956493       -0.38216581925517       -1.84423473620294
o            1.88244152070815       -2.53036723523768       -0.86860861054752
h            1.34225049086125       -1.32716795874030        1.10794045403073
c           -1.34337631936837        1.80705866603654       -0.82348629803988
o           -2.42475647362853        1.33859353336318       -1.10752859595702
o           -0.94545677749811        3.01033679182490       -1.24654854344567
c           -1.85667877244915        3.73783745190450       -2.07174152350180
h           -0.26154335758077        0.90880694546345        3.54048573847277
h           -0.10013243957916       -0.50981521053886        2.52333468442948
h            1.73228590352462        1.91881234273633        2.65707366739244
h            2.13150785096934        0.22002728946541        2.91334849174817
h           -2.15817514024302       -4.42494943514866       -0.43257004579426
h           -4.13875204315578       -3.56496352182034        0.78710194337219
h           -4.11003828263868       -1.27063734062066        1.68737461735197
h           -0.25184112389606       -2.93448284534903       -0.86546949121492
h           -3.01780372674795        0.90747137465904        1.62638462012488
h           -1.14797076670023        2.21722663697467        1.78121294346601
h            1.01108251199431        2.78637582329423        0.63862252629512
h            1.38793144550808        2.03300234908466       -0.90753057657821
h            3.71537932216130        1.97932796534472        0.99268542866423
h            5.18304112287003        0.38477181234367       -0.14780460333152
h            4.14832387910223       -1.41633055177689       -1.44228083615480
h            3.87064153454420       -1.92406014555770        0.21807427538341
h            2.29271963623751        0.46116387564056       -2.02316001188736
h            2.07533642746166       -1.11115521665280       -2.84665226237314
h           -0.20882724058872       -1.26405882892096       -2.26016539761665
h           -0.10333124195720        0.49017203152049       -2.37494403744047
h           -2.83139033570829        3.80812110503981       -1.58572486943880
h           -1.41515420470605        4.72162049708735       -2.20540932198450
h           -1.97830816857701        3.23310352329339       -3.03192830116876
50
 energy: -75.289222401037 gnorm: 0.001664970979 xtb: 6.7.1 (edcfbbe)
c            0.04428504553208        0.56631642603405        2.55332299358432
c            1.51801715249177        0.89869649557271        2.32637311831608
c           -2.18377955892440       -3.40357221642878       -0.08234631058275
c           -3.28338344765083       -2.92864872483775        0.61620599692409
c           -3.27192446689845       -1.64568560709257        1.11922180771911
c           -2.17751655688678       -0.80347105603270        0.91073426840030
c           -1.11486188862094       -1.24286920943846        0.10884283871417
c           -1.12067875024814       -2.55901351277690       -0.34009863483476
n           -2.14300009554632        0.41090775332687        1.57132296864036
c           -0.92686164925048        1.17604332855689        1.52150755714012
c           -0.32763347055383        1.15989741422598        0.09035504461086
c           -0.01001534887398       -0.29836940012541       -0.31716370084061
c            1.03055337036234        1.84031291797688        0.10914162722022
c            1.88288605531555        0.78769167103295        0.83617383608504
c            1.38137375919969       -0.57870238309544        0.31568300122692
c            3.33992263712048        1.03811679742325        0.62309436629765
c            4.12978618417759        0.18773817103781       -0.00744872664270
c            3.65312023316886       -1.12934536457790       -0.51375756612427
n            2.19442972408746       -1.21784820546731       -0.76345841693606
c            1.78464700965294       -0.49825388179816       -1.98849935535663
c            0.27142320595136       -0.37662692644813       -1.84243164351272
o            1.88106694936578       -2.52679218366660       -0.87253435671111
h            1.34171613272728       -1.32809458427000        1.10664587091930
c           -1.34464168410570        1.80873129242353       -0.81789312057610
o           -2.43201999115145        1.34795518180795       -1.09035310732351
o           -0.93746816070891        3.00234796518343       -1.25816268287389
c           -1.84441547023315        3.72732081448220       -2.08944771952812
h           -0.25991148448486        0.90254156989286        3.54549634658771
h           -0.09936908628022       -0.51394317462556        2.52539835149089
h            1.73352780589819        1.91417875782326        2.66325705441880
h            2.13256523657212        0.21461090998492        2.91475819387919
h           -2.16019683674012       -4.42237514685262       -0.43929555144899
h           -4.13799546792952       -3.56695525486250        0.78853694004286
h           -4.10774882523021       -1.27488370021390        1.69515621527942
h           -0.25517891822078       -2.93072784368974       -0.87122410946573
h           -3.01782485631260        0.90509613282453        1.63145850308157
h           -1.14849206648089        2.21439425321713        1.78999645911325
h            1.00945346651053        2.78648458941782        0.64725025607220
h            1.38549962284907        2.03667859535974       -0.90085366805504
h            3.71318873448954        1.98073509325075        0.99483528533815
h            5.18033512621083        0.39041961506468       -0.15272768120678
h            4.14547045939002       -1.41010262548717       -1.44741041411771
h            3.87098649028786       -1.92080064938235        0.21257248935499
h            2.28910881873580        0.46707961773467       -2.02154451748940
h            2.07102457958091       -1.10343394177474       -2.84831875661064
h           -0.21278116294002       -1.25729300955878       -2.26007213575891
h           -0.10659227249502        0.49706762657384       -2.37078109804162
h           -2.81811601249255        3.80969578813294       -1.60322056119474
h           -1.39616102692539        4.70636663935458       -2.23427416544013
h           -1.97112111725334        3.21351792861404       -3.04405702612099
50
 energy: -75.289238764975 gnorm: 0.002850050654 xtb: 6.7.1 (edcfbbe)
c            0.04473610914691        0.55697171820212        2.56182740977067
c            1.51820247669847        0.89048874463678        2.33396779737843
c           -2.18475346261068       -3.40246084928641       -0.08640736685289
c           -3.28303327484141       -2.93185523351356        0.61704826075677
c           -3.27151296992351       -1.65138434215622        1.12596769283066
c           -2.17843523630170       -0.80685205565097        0.91862373507196
c           -1.11719401602897       -1.24177516628296        0.11262597367871
c           -1.12286219335352       -2.55586805302355       -0.34238008347037
n           -2.14421586004519        0.40511005584633        1.58390097347779
c           -0.92858988805315        1.17085265230572        1.53449154124792
c           -0.33174138011368        1.16215293793671        0.10227336709500
c           -0.01405566316675       -0.29467762863432       -0.31219035149866
c            1.02637663639687        1.84234889956655        0.12197368580137
c            1.88063086596669        0.78718397102087        0.84278979173406
c            1.37914704571315       -0.57683527817298        0.31640814853543
c            3.33636894762460        1.04231639471127        0.62547918144221
c            4.12526902024501        0.19796998658258       -0.01413520257995
c            3.65018548811748       -1.11888053290733       -0.52276391839458
n            2.19043848250430       -1.21066332886506       -0.76762249882321
c            1.77575305725416       -0.48743571994178       -1.98934217764599
c            0.26306172366789       -0.36697961549920       -1.83854582918596
o            1.87978633574782       -2.51959884302716       -0.87995972002876
h            1.34134096394170       -1.33018903434192        1.10368148035825
c           -1.34750883143521        1.81362625496533       -0.80569649905367
o           -2.45000981992598        1.37215413475568       -1.05000516675722
o           -0.91701472735049        2.98439800782022       -1.28560564602217
c           -1.81528184154037        3.70807779692997       -2.12553788511833
h           -0.25790229584886        0.88848803207103        3.55610686776148
h           -0.09862279819596       -0.52323732636396        2.52934501218535
h            1.73447478496431        1.90414448268878        2.67586910853179
h            2.13349999491622        0.20325224191595        2.91789448893096
h           -2.16076655978917       -4.41951753601946       -0.44817152499270
h           -4.13651669373319       -3.57191931374042        0.78856357474623
h           -4.10588116246093       -1.28358785556060        1.70586475467777
h           -0.25802265154526       -2.92473431876445       -0.87653130405008
h           -3.01885106425922        0.89972108613283        1.64089743781589
h           -1.15047649534066        2.20779025181908        1.80827328178947
h            1.00590452195614        2.78621873800604        0.66418621510937
h            1.38020555164658        2.04291726315843       -0.88753708856442
h            3.70746774385695        1.98483907724177        0.99966161078580
h            5.17425897883700        0.40474817458333       -0.16522112697191
h            4.13963848370802       -1.39534126480948       -1.45913387532167
h            3.87284446005282       -1.91172644043634        0.20040427313765
h            2.27932884836888        0.47834484215758       -2.02074807057118
h            2.06007298078284       -1.08988131312167       -2.85168998096581
h           -0.22238185358713       -1.24586583959503       -2.25832984469048
h           -0.11595165122203        0.50884992306790       -2.36248848127458
h           -2.78462898389217        3.81908899313241       -1.63520382487683
h           -1.34974910680060        4.67560693473499       -2.29443674779010
h           -1.95833489450901        3.17674003755108       -3.06847508548717
50
 energy: -75.289246358815 gnorm: 0.001453113062 xtb: 6.7.1 (edcfbbe)
c            0.04389565066369        0.55524703669462        2.56247273442914
c            1.51733905775328        0.88922244441481        2.33493298048238
c           -2.18446768732299       -3.40327792606705       -0.08560717980088
c           -3.28299860343659       -2.93297946379782        0.61760759366743
c           -3.27167331726111       -1.65275346014734        1.12695781710274
c           -2.17886153164452       -0.80786219229325        0.91959292419323
c           -1.11751555873175       -1.24234148229871        0.11372251421384
c           -1.12262035989627       -2.55654587143094       -0.34108600228898
n           -2.14515740276623        0.40428920698758        1.58528923989044
c           -0.92935974282514        1.16983367371399        1.53559449040828
c           -0.33257841070190        1.16196649821021        0.10329358428083
c           -0.01485227772373       -0.29484360385446       -0.31153295141835
c            1.02558422022189        1.84201590027719        0.12332758634330
c            1.88002633250641        0.78700815064824        0.84381746701299
c            1.37884968610058       -0.57666137149867        0.31645717546737
c            3.33542265296411        1.04367509367831        0.62581841073624
c            4.12431603161061        0.20114328249340       -0.01595524947835
c            3.65004639895758       -1.11604668369935       -0.52470486450501
n            2.19014600727049       -1.20937549268277       -0.76820239075575
c            1.77370527519792       -0.48674169006634       -1.98977832204492
c            0.26111819351744       -0.36774234680465       -1.83798676815778
o            1.88077132991657       -2.51874848401292       -0.88035628137755
h            1.34162748706863       -1.33060555851794        1.10315955033245
c           -1.34726827093092        1.81508406565528       -0.80488242238779
o           -2.45082925504971        1.37844170053018       -1.04713543306446
o           -0.91374461007112        2.98117436754765       -1.28761958764985
c           -1.80897007907102        3.70718833865461       -2.12841176700517
h           -0.25881711793774        0.88599958138756        3.55697723767899
h           -0.09917942362548       -0.52497104376565        2.52934368425457
h            1.73323996046948        1.90273017459118        2.67742432227005
h            2.13271819668897        0.20190915056093        2.91863347464351
h           -2.16010150845095       -4.42031498403717       -0.44739868985791
h           -4.13641891615982       -3.57325866823600        0.78856273690760
h           -4.10605920942201       -1.28512737316989        1.70691380878309
h           -0.25716677886180       -2.92532129984395       -0.87433902837221
h           -3.01993448812028        0.89995085633227        1.63765548360988
h           -1.15111476439097        2.20657463843903        1.81025514900853
h            1.00498079019812        2.78578733451833        0.66565456633485
h            1.37949026813030        2.04269728777858       -0.88611902010127
h            3.70541239829752        1.98651989376410        1.00026747227657
h            5.17279352345309        0.40917280473459       -0.16870558568462
h            4.13893214729957       -1.39161744128919       -1.46157163515624
h            3.87432223860740       -1.90873185701991        0.19805433167427
h            2.27631628806516        0.47949805810377       -2.02173734002241
h            2.05799533275388       -1.08916143140578       -2.85212242785395
h           -0.22367790697444       -1.24740025084219       -2.25681191697075
h           -0.11920405744584        0.50724153069143       -2.36220678048965
h           -2.77709384454472        3.82405109532357       -1.63842947481348
h           -1.33940892456453        4.67148576510229       -2.29919696726509
h           -1.95527729354097        3.17565678977472       -3.06992188581796
50
 energy: -75.289253699757 gnorm: 0.000687040376 xtb: 6.7.1 (edcfbbe)
c            0.04403229419908        0.55523849843077        2.56190189984491
c            1.51733880517497        0.88977333103562        2.33459449487817
c           -2.18337955980936       -3.40410825638736       -0.08425701615711
c           -3.28271439507184       -2.93319669262511        0.61738846537972
c           -3.27195351200489       -1.65260718636248        1.12601558985811
c           -2.17894500388695       -0.80798443611677        0.91930359046437
c           -1.11705715957007       -1.24282812229014        0.11428367799739
c           -1.12146547833442       -2.55749906342841       -0.33947985573097
n           -2.14545866958495        0.40436022740071        1.58489525368900
c           -0.92939723785856        1.16977164431671        1.53522379745246
c           -0.33255547205033        1.16176296418451        0.10306586439682
c           -0.01471853105335       -0.29527031899244       -0.31144272518520
c            1.02559823829105        1.84195294198365        0.12267829433670
c            1.87984521557524        0.78699873725735        0.84341181999986
c            1.37909651320378       -0.57685721366279        0.31615819195459
c            3.33541150008072        1.04313807926007        0.62636602148777
c            4.12453576583110        0.20046042975132       -0.01490976185484
c            3.64997072338954       -1.11626505000315       -0.52464651632473
n            2.19038944901208       -1.20898818925991       -0.76861823268829
c            1.77378740938610       -0.48659178660526       -1.99014322011123
c            0.26113322659404       -0.36877545838494       -1.83794747959210
o            1.88089612170859       -2.51878676302394       -0.88123412043675
h            1.34228968979343       -1.33088344600616        1.10280127457605
c           -1.34787390144597        1.81546633265282       -0.80442729131648
o           -2.45306748331794        1.37990863551460       -1.04333999108185
o           -0.91317693397857        2.98065455546754       -1.28961854145885
c           -1.80984000683274        3.70909402616357       -2.12808725749223
h           -0.25870745087810        0.88598578607730        3.55637043516689
h           -0.09886664290305       -0.52499343809630        2.52877991758160
h            1.73277336470179        1.90351774136729        2.67678343307268
h            2.13303533788021        0.20283470525804        2.91847165407799
h           -2.15902119275106       -4.42121408328593       -0.44575677047192
h           -4.13639544750130       -3.57332428290388        0.78746093415513
h           -4.10697742635015       -1.28504120668783        1.70499147705495
h           -0.25589179690563       -2.92580034165132       -0.87282758347156
h           -3.01992401627886        0.90075966850726        1.63453378024418
h           -1.15124774429682        2.20648751095028        1.80985989827576
h            1.00500449254904        2.78601678169831        0.66462353836371
h            1.37925753991352        2.04228969794340       -0.88694141623963
h            3.70589491329098        1.98554164445903        1.00136796512530
h            5.17323155487387        0.40795601188383       -0.16651424283898
h            4.13927793510839       -1.39168024873349       -1.46134971409459
h            3.87356276233813       -1.90937127011055        0.19797664394934
h            2.27574374120381        0.48003554862091       -2.02233874077770
h            2.05837947427180       -1.08902638721863       -2.85247930316222
h           -0.22289648883522       -1.24931495111071       -2.25609048147504
h           -0.12032266935784        0.50555646223884       -2.36263286606894
h           -2.77567239791823        3.82826145497285       -1.63442858213858
h           -1.33843781170726        4.67260840258590       -2.30055713465726
h           -1.95982351164767        3.17711111679154       -3.06927270489418
50
 energy: -75.289261734125 gnorm: 0.000939176378 xtb: 6.7.1 (edcfbbe)
c            0.04355298885602        0.55495585238375        2.56104067060538
c            1.51653599827541        0.89049314185285        2.33356096124798
c           -2.18130581187025       -3.40568077169545       -0.08175590545226
c           -3.28217281681317       -2.93372505765405        0.61686554530449
c           -3.27249926107849       -1.65250557169141        1.12412603713728
c           -2.17904229099207       -0.80833121007467        0.91876686607983
c           -1.11633307026686       -1.24367597055546        0.11511731722036
c           -1.11938450662894       -2.55913902081315       -0.33669290177342
n           -2.14597874344554        0.40438923476115        1.58432802972148
c           -0.92945372979468        1.16946818134410        1.53410334901557
c           -0.33255119266382        1.16144961998502        0.10196412710328
c           -0.01459559029110       -0.29600103593845       -0.31161675196101
c            1.02576059789081        1.84150523612885        0.12106301674592
c            1.87998503159363        0.78721534507274        0.84254227222423
c            1.37952583664713       -0.57680368351812        0.31556193042447
c            3.33591911992228        1.04234145934585        0.62726494195416
c            4.12536186472522        0.19915758324964       -0.01298417370252
c            3.64996260406354       -1.11655596365201       -0.52470244406658
n            2.19088404114573       -1.20784048115875       -0.76937028886461
c            1.77346393821008       -0.48596547905012       -1.99062723087824
c            0.26056660585764       -0.37067925932848       -1.83819737150845
o            1.88112258931846       -2.51833660428433       -0.88298314571819
h            1.34369535215240       -1.33091859260411        1.10217406789719
c           -1.34859166403346        1.81646618411908       -0.80423825350329
o           -2.45704828394785        1.38485591020429       -1.03565983722777
o           -0.91115987953662        2.97880435850909       -1.29463591791101
c           -1.81116102960399        3.71239555917732       -2.12687229249482
h           -0.25947521715947        0.88536658498910        3.55554597427924
h           -0.09875233772319       -0.52530659468063        2.52758660090370
h            1.73098349311935        1.90470345632510        2.67494772248938
h            2.13285382288873        0.20463888175569        2.91806899567562
h           -2.15592852972311       -4.42360131351675       -0.44085058512798
h           -4.13617997736074       -3.57372846776928        0.78562717477888
h           -4.10908502387580       -1.28469487042566        1.70059837611927
h           -0.25232229630948       -2.92746980403292       -0.86759215961966
h           -3.01979133084578        0.90275027183909        1.62705847752224
h           -1.15134145088055        2.20611640731592        1.80894991633397
h            1.00518055886574        2.78605086549292        0.66222443967129
h            1.37909979258948        2.04117457093862       -0.88878819715976
h            3.70745335744622        1.98366010637015        1.00393830853441
h            5.17470844781894        0.40509824785035       -0.16179762581069
h            4.13992306363732       -1.39144334307129       -1.46121844989930
h            3.87245826952661       -1.91066325132049        0.19730222348359
h            2.27404992522801        0.48137629209497       -2.02319860501327
h            2.05874398471674       -1.08810911999452       -2.85300067274982
h           -0.22141047659651       -1.25322086229061       -2.25471027263174
h           -0.12351390558633        0.50201411928305       -2.36383658230579
h           -2.77168379107615        3.83752198963863       -1.62478814693820
h           -1.33508488236309        4.67305315961292       -2.30359705657495
h           -1.97124606778833        3.18050845330709       -3.06664610991754
50
 energy: -75.289265513912 gnorm: 0.000876364767 xtb: 6.7.1 (edcfbbe)
c            0.04317026732076        0.55456887567987        2.55988251891654
c            1.51604392326759        0.89089625439689        2.33315489859182
c           -2.17959557136116       -3.40681074169496       -0.07939415704804
c           -3.28167762053619       -2.93421552738756        0.61690221905033
c           -3.27296717326344       -1.65248020315840        1.12287117284786
c           -2.17940781079010       -0.80828193223374        0.91810628358310
c           -1.11602346817073       -1.24398957686564        0.11568505217444
c           -1.11775863207337       -2.56015551640676       -0.33421699235214
n           -2.14683757750734        0.40468216044012        1.58381255551170
c           -0.92991070338348        1.16934585720465        1.53332854033643
c           -0.33256415969476        1.16139741263277        0.10128804493506
c           -0.01465091221039       -0.29624445940853       -0.31185857587421
c            1.02580427434741        1.84144183170583        0.12030628885963
c            1.87973675810611        0.78724200534844        0.84218473857469
c            1.37963358582684       -0.57688945874465        0.31509858884027
c            3.33593631329141        1.04182918167091        0.62811637743510
c            4.12550500589407        0.19847469004119       -0.01179899796149
c            3.64984965665830       -1.11653878073465       -0.52515322339670
n            2.19096019614439       -1.20744627192209       -0.77002564788658
c            1.77332496520424       -0.48568098493868       -1.99112793339515
c            0.26030697855236       -0.37218923221280       -1.83837957620050
o            1.88127057218637       -2.51818020364402       -0.88411800299124
h            1.34415620631282       -1.33101966282680        1.10171552376621
c           -1.34893337893922        1.81756269267252       -0.80373871467872
o           -2.45911857217927        1.38883107277446       -1.03155950239557
o           -0.90941956266401        2.97739438474017       -1.29763045177579
c           -1.81105174911375        3.71386323520491       -2.12559340416371
h           -0.26019433260737        0.88461212959036        3.55436676242550
h           -0.09881431026164       -0.52572942354506        2.52617834896464
h            1.72964125371655        1.90542426492030        2.67420401026554
h            2.13261389874437        0.20566010512590        2.91811570671352
h           -2.15349305124282       -4.42516683448353       -0.43725046835360
h           -4.13585882026601       -3.57417812314624        0.78498447977133
h           -4.11030872142802       -1.28439444472465        1.69806790220395
h           -0.25015793285387       -2.92840343714660       -0.86437837335195
h           -3.02017291071192        0.90463530046347        1.62064118979131
h           -1.15150708796011        2.20602581483321        1.80839658423896
h            1.00521517827542        2.78622847624731        0.66105317460380
h            1.37913802831530        2.04073537329681       -0.88961512526648
h            3.70777868570666        1.98270112328344        1.00565118746100
h            5.17517362292130        0.40373419978449       -0.15935265217300
h            4.13995586843920       -1.39052480255939       -1.46186638592680
h            3.87218389041185       -1.91144466836303        0.19601166756057
h            2.27294080606015        0.48215429561221       -2.02357218331230
h            2.05913931957820       -1.08733935687352       -2.85364345897733
h           -0.22024677173941       -1.25601980475347       -2.25376211328005
h           -0.12517555879741        0.49930383828248       -2.36484692950021
h           -2.76790017440244        3.84364991079478       -1.61771902567406
h           -1.33168785637151        4.67208936279548       -2.30585870009730
h           -1.97934670851179        3.18197434205850       -3.06369685772795
50
 energy: -75.289268792876 gnorm: 0.000539564263 xtb: 6.7.1 (edcfbbe)
c            0.04211046895581        0.55389130599668        2.55930303761333
c            1.51491371220295        0.89071196993215        2.33286328974660
c           -2.17816563871956       -3.40776077995021       -0.07707501589765
c           -3.28111117758681       -2.93474775530489        0.61756352023096
c           -3.27323878883232       -1.65248728363171        1.12216998854360
c           -2.17968771824735       -0.80817405669008        0.91757707088667
c           -1.11585535451769       -1.24421193955302        0.11612714525198
c           -1.11657153999875       -2.56091071094338       -0.33220083035752
n           -2.14772920547241        0.40527002604697        1.58319606425900
c           -0.93024900121388        1.16917812930610        1.53250891647683
c           -0.33251301347145        1.16120150740656        0.10043380259692
c           -0.01467395411842       -0.29652455967039       -0.31213069170287
c            1.02588447746019        1.84119151414249        0.11989149731908
c            1.87960882247212        0.78710970033081        0.84210348411117
c            1.37975555998872       -0.57699314137946        0.31473633626976
c            3.33595917873366        1.04160376740466        0.62871602513121
c            4.12556163680069        0.19839058327867       -0.01130497013184
c            3.65002620839134       -1.11611502971387       -0.52603073480884
n            2.19107340485205       -1.20726035894839       -0.77061276543263
c            1.77286868790702       -0.48533549807844       -1.99141564654260
c            0.25970980753598       -0.37323445721776       -1.83861723178836
o            1.88167982805039       -2.51795515650716       -0.88489184140021
h            1.34445130469080       -1.33122445887828        1.10124706653055
c           -1.34840837018096        1.81787929000028       -0.80457729171984
o           -2.46047372443000        1.39235182757305       -1.02920591615400
o           -0.90738812448686        2.97598139600334       -1.30038813464719
c           -1.81013947624071        3.71499064790257       -2.12409571772670
h           -0.26173206705164        0.88327449174587        3.55387928323917
h           -0.09966350768577       -0.52640146148683        2.52490982786548
h            1.72787265601116        1.90541030355298        2.67379190126054
h            2.13150691223466        0.20593790945268        2.91827400945693
h           -2.15101471685670       -4.42669232730165       -0.43325140434524
h           -4.13530045072293       -3.57474437581972        0.78550663633250
h           -4.11111967001453       -1.28381302564395        1.69620989828783
h           -0.24827560531031       -2.92955980486688       -0.86099271187369
h           -3.02044958229043        0.90706756217123        1.61308269766032
h           -1.15130356700161        2.20595342570849        1.80773505953466
h            1.00513884883004        2.78606779360059        0.66045815529199
h            1.37951082778120        2.04033455264425       -0.88994854160730
h            3.70781063083015        1.98201903947740        1.00737506433272
h            5.17547185652955        0.40321973427452       -0.15786566023801
h            4.13991948424905       -1.38871286820706       -1.46326773208362
h            3.87290303167865       -1.91186318758581        0.19400888361681
h            2.27165420883217        0.48291260590083       -2.02342237960939
h            2.05914280996460       -1.08629821871280       -2.85423174895818
h           -0.21957725870408       -1.25824023347380       -2.25288592595014
h           -0.12706970482262        0.49723021684964       -2.36576761596165
h           -2.76353500585368        3.84971991818030       -1.61084436603824
h           -1.32772003849483        4.67076869928441       -2.30842891315267
h           -1.98686997641651        3.18272751522478       -3.06024851005571
50
 energy: -75.289271271597 gnorm: 0.000483578682 xtb: 6.7.1 (edcfbbe)
c            0.04082661984896        0.55277521600110        2.55854820387916
c            1.51375413527607        0.88973781963185        2.33298061092644
c           -2.17706669892874       -3.40851006643209       -0.07480152808062
c           -3.28051034315423       -2.93533111122494        0.61891956493951
c           -3.27333715150624       -1.65258926510700        1.12223426069005
c           -2.18003279953970       -0.80802720732323        0.91726563746481
c           -1.11586364816662       -1.24427845874749        0.11653094838516
c           -1.11580607953577       -2.56140971458101       -0.33052236808566
n           -2.14902655340356        0.40611093963311        1.58251312140823
c           -0.93086584764318        1.16903686967049        1.53187042098251
c           -0.33251383775114        1.16106798096804        0.09994727668249
c           -0.01479635308478       -0.29667713392714       -0.31236639269928
c            1.02596110536747        1.84085163224992        0.11997534992840
c            1.87941498580370        0.78670915639820        0.84242246255911
c            1.37973191078889       -0.57716913758941        0.31445255727768
c            3.33583775032826        1.04147520064962        0.62960611457124
c            4.12545083453623        0.19892515174546       -0.01123158882456
c            3.65039976178922       -1.11515709777176       -0.52736738240995
n            2.19117358712506       -1.20721892549290       -0.77117308478293
c            1.77238473886814       -0.48505809526240       -1.99175076604614
c            0.25916341532696       -0.37419274785875       -1.83883719013108
o            1.88236049541151       -2.51771374789348       -0.88538473981228
h            1.34445723481296       -1.33165709022568        1.10072323524339
c           -1.34812004117861        1.81885757673946       -0.80425681937959
o           -2.46082303426940        1.39494718785266       -1.02846808045857
o           -0.90565065103999        2.97546639654129       -1.30184430790163
c           -1.80859086167788        3.71575955105303       -2.12318371162840
h           -0.26353076897408        0.88145048500709        3.55320220265138
h           -0.10099807932382       -0.52747910099614        2.52334694485223
h            1.72629528048986        1.90442458061868        2.67417535898251
h            2.13010189473342        0.20502047426513        2.91869115731622
h           -2.14893014721395       -4.42795218738692       -0.42944529767830
h           -4.13443284280752       -3.57554149992574        0.78738254351607
h           -4.11145613885392       -1.28331916500692        1.69553542949802
h           -0.24702250312890       -2.93050738181078       -0.85821805581352
h           -3.02104524258237        0.90976061749769        1.60491531579100
h           -1.15108610917567        2.20593148468061        1.80737298470333
h            1.00505292558811        2.78555521614562        0.66078381844654
h            1.38003719118266        2.04028160963806       -0.88965199377066
h            3.70734877685125        1.98165416631256        1.00916033035209
h            5.17535182276792        0.40402712906237       -0.15763565902009
h            4.13983335734831       -1.38595317567751       -1.46537931829579
h            3.87447214629383       -1.91176595077004        0.19131227168205
h            2.27046730262810        0.48353764701890       -2.02315221664902
h            2.05904296806696       -1.08530284197278       -2.85491347004882
h           -0.21921614049903       -1.26005518898934       -2.25229327235920
h           -0.12848982014588        0.49542816301763       -2.36667223048250
h           -2.75894726955560        3.85658212400166       -1.60567763688629
h           -1.32295773913811        4.66879261502973       -2.31286075057268
h           -1.99310541271494        3.18183404437028       -3.05681389724952
50
 energy: -75.289273608212 gnorm: 0.000639748622 xtb: 6.7.1 (edcfbbe)
c            0.03931701972978        0.55136910630328        2.55784217049714
c            1.51246084023668        0.88832875168265        2.33352506660498
c           -2.17595317595914       -3.40933370982393       -0.07209000431316
c           -3.27972753841614       -2.93606983958534        0.62105570793945
c           -3.27321579038914       -1.65280087172307        1.12300039964383
c           -2.18038360507110       -0.80787251474738        0.91711877426599
c           -1.11590231807608       -1.24434590451613        0.11706779839923
c           -1.11506256672438       -2.56198367460566       -0.32857177993333
n           -2.15051052972841        0.40719016467434        1.58167495481942
c           -0.93150856630566        1.16894310821135        1.53126386131458
c           -0.33239535897674        1.16101520537888        0.09954015771494
c           -0.01496958363721       -0.29683989576031       -0.31244185822632
c            1.02609189369530        1.84065833160843        0.12060054915361
c            1.87895980036923        0.78608232354920        0.84312883621316
c            1.37966379252310       -0.57748059882918        0.31417168552880
c            3.33538438045257        1.04134911458866        0.63086029841782
c            4.12506876815546        0.19993748994222       -0.01137783006644
c            3.65075196441567       -1.11374125809737       -0.52911676345702
n            2.19120356745161       -1.20715639435171       -0.77192347205701
c            1.77172644277931       -0.48470580419698       -1.99226799322494
c            0.25853235001424       -0.37494626842917       -1.83890481536826
o            1.88318924139478       -2.51749657939730       -0.88596523914035
h            1.34439671656444       -1.33246187428400        1.09998814738923
c           -1.34695959172602        1.81903283169650       -0.80532591878785
o           -2.46039315393039        1.39667340666199       -1.02892686578436
o           -0.90384999915066        2.97543901591735       -1.30281966124112
c           -1.80675387144927        3.71662707309474       -2.12272578925659
h           -0.26554854185816        0.87919470048811        3.55260804962942
h           -0.10277683174653       -0.52881731421510        2.52162866926936
h            1.72485410465083        1.90278600566315        2.67552603086588
h            2.12830049968918        0.20314133774212        2.91921540170321
h           -2.14730885218449       -4.42901584482640       -0.42597622511903
h           -4.13329301346371       -3.57655934290401        0.79025728476855
h           -4.11129769945580       -1.28315544194911        1.69609414691197
h           -0.24632704210751       -2.93112430966434       -0.85633258638186
h           -3.02171131794202        0.91276198813895        1.59604279041744
h           -1.15075723322745        2.20593507657087        1.80721567731567
h            1.00495319947231        2.78514885168699        0.66179254849917
h            1.38083263832687        2.04045714705096       -0.88871069222208
h            3.70647444881609        1.98126758335222        1.01146353873605
h            5.17483761626913        0.40576847791344       -0.15792940418626
h            4.13960775979181       -1.38243987078152       -1.46804090033919
h            3.87639337163064       -1.91126158499027        0.18803614560629
h            2.26915209768691        0.48421898097236       -2.02311621393419
h            2.05866146006343       -1.08429147328760       -2.85578234937594
h           -0.21923541949475       -1.26142548537291       -2.25174923002944
h           -0.12999958705921        0.49409333343986       -2.36702060931142
h           -2.75407477252603        3.86464864506374       -1.60149437441879
h           -1.31739338956410        4.66644941444103       -2.31887315518538
h           -1.99880649776905        3.17994313433220       -3.05326859660228
50
 energy: -75.289276393956 gnorm: 0.000759864014 xtb: 6.7.1 (edcfbbe)
c            0.03725798430927        0.54945847809885        2.55735761746944
c            1.51070780489661        0.88606237304783        2.33431412642678
c           -2.17472012942217       -3.41012223436212       -0.06911189617955
c           -3.27850804394256       -2.93708155556791        0.62417176280701
c           -3.27271464124277       -1.65323597920231        1.12466801980209
c           -2.18067473499824       -0.80774520862079        0.91724960746644
c           -1.11595286387019       -1.24428128375991        0.11765372677621
c           -1.11442517576289       -2.56238510196744       -0.32674899759451
n           -2.15228057300760        0.40855107303783        1.58071013220575
c           -0.93226158268800        1.16884239025282        1.53077246416666
c           -0.33237603159474        1.16111519693007        0.09931592105713
c           -0.01517306573012       -0.29688417675616       -0.31255164011445
c            1.02622227449712        1.84041178039507        0.12182960178016
c            1.87849041341984        0.78521386503980        0.84415342196146
c            1.37961026549163       -0.57781050011626        0.31375067959892
c            3.33485119414940        1.04117807754016        0.63248091708278
c            4.12462936501869        0.20143337675909       -0.01177716785006
c            3.65116594113467       -1.11176977139671       -0.53143149339208
n            2.19129703908965       -1.20670704050981       -0.77299013131324
c            1.77066059881164       -0.48408743653303       -1.99301216710596
c            0.25753221544796       -0.37541176190464       -1.83911927928264
o            1.88424019061374       -2.51702331364382       -0.88691943296050
h            1.34447283308824       -1.33362126351493        1.09880169037918
c           -1.34609856069249        1.81984285624549       -0.80579858781269
o           -2.45942222213061        1.39768910063606       -1.03078689617006
o           -0.90230337463389        2.97649119536467       -1.30267676724747
c           -1.80436507273096        3.71771270947419       -2.12332919261087
h           -0.26827768442186        0.87618136473538        3.55228873549642
h           -0.10531486745928       -0.53060332419576        2.51970143052821
h            1.72328389480569        1.90001014555365        2.67769395000744
h            2.12575479180641        0.19990474651257        2.91969776897024
h           -2.14553011324658       -4.43011609497229       -0.42205580346729
h           -4.13143939753550       -3.57809198706615        0.79456250461150
h           -4.11062801854656       -1.28348986422550        1.69791107962277
h           -0.24557583200501       -2.93155214231553       -0.85432172667164
h           -3.02243106806695        0.91628711608014        1.58573283778117
h           -1.15037861234220        2.20588921443024        1.80740729731914
h            1.00485474402171        2.78449775887596        0.66375010413385
h            1.38182229649732        2.04091608030238       -0.88703545954537
h            3.70562636330123        1.98051952545591        1.01480341858877
h            5.17423180993468        0.40818540392391       -0.15832283567586
h            4.13933833768390       -1.37801513527138       -1.47140864991721
h            3.87863285986244       -1.91035458800997        0.18396739857556
h            2.26739568539997        0.48518516330446       -2.02360377081130
h            2.05773038654430       -1.08318328554903       -2.85682015572077
h           -0.21973329478538       -1.26248885310872       -2.25132106779331
h           -0.13194135161359        0.49306982547253       -2.36751775747793
h           -2.74808653342799        3.87567933533038       -1.59843552213226
h           -1.30986102171891        4.66310165884188       -2.32846551038911
h           -2.00463729596876        3.17576683475569       -3.04921794171635
50
 energy: -75.289279110765 gnorm: 0.000633415934 xtb: 6.7.1 (edcfbbe)
c            0.03516302342298        0.54736631965300        2.55673430888867
c            1.50905242660569        0.88329454328136        2.33543564071891
c           -2.17322931360804       -3.41094806495096       -0.06605477070460
c           -3.27689599535263       -2.93841428762628        0.62780138106916
c           -3.27194273443467       -1.65404485071329        1.12702495309063
c           -2.18104526062314       -0.80771119180376        0.91766126153863
c           -1.11615463266192       -1.24408261222209        0.11828596729074
c           -1.11375006951563       -2.56263736840387       -0.32497017263731
n           -2.15430519870570        0.40994143659462        1.57977682448446
c           -0.93325385046640        1.16881813429082        1.53045550642634
c           -0.33237706084242        1.16145844231102        0.09941289819933
c           -0.01565645887581       -0.29668749416831       -0.31262329981025
c            1.02638785638693        1.84032252402849        0.12326824268578
c            1.87787938930910        0.78437201153291        0.84542610982441
c            1.37931396020069       -0.57793373743366        0.31316498246471
c            3.33425784142845        1.04076363513082        0.63478694257288
c            4.12407645994487        0.20284484879268       -0.01178537834856
c            3.65117947226115       -1.10955908537360       -0.53398596143020
n            2.19114099217591       -1.20557180264592       -0.77436479797906
c            1.76933361769803       -0.48298938327443       -1.99405214596505
c            0.25628690368362       -0.37544551597506       -1.83930236023618
o            1.88498777166409       -2.51610866570896       -0.88858514821025
h            1.34434277982571       -1.33479419593954        1.09723875999056
c           -1.34496922223771        1.82063804499636       -0.80658878286896
o           -2.45761941303103        1.39782821212446       -1.03401764254148
o           -0.90102112826923        2.97836952353261       -1.30132800754212
c           -1.80168963418004        3.71885136665713       -2.12474766648549
h           -0.27097169694525        0.87299955697806        3.55181989414238
h           -0.10806061111390       -0.53255328273889        2.51762049674271
h            1.72206201006094        1.89657523029569        2.68048118669651
h            2.12315739580975        0.19579819826054        2.92029547522737
h           -2.14346692697745       -4.43122999321982       -0.41812082737594
h           -4.12885773828733       -3.58026053419728        0.79979497858167
h           -4.10961415311559       -1.28462500637773        1.70078461397751
h           -0.24478364374496       -2.93149966768795       -0.85258066180154
h           -3.02334040392024        0.91964458677005        1.57573463890375
h           -1.15022180035874        2.20588089685816        1.80792686629478
h            1.00486591089344        2.78391583507132        0.66604509858938
h            1.38287605585690        2.04163385113362       -0.88514873392043
h            3.70491865232217        1.97942950829923        1.01886117975136
h            5.17348029948810        0.41051015197786       -0.15837447115916
h            4.13881040116909       -1.37336142797211       -1.47493676085192
h            3.88016496523008       -1.90935798421983        0.17958550037296
h            2.26539218318628        0.48663552089244       -2.02477162857784
h            2.05635513535999       -1.08184072141052       -2.85807942813780
h           -0.22064852853694       -1.26296288910765       -2.25102134513140
h           -0.13413372479163        0.49262556072423       -2.36770968887263
h           -2.74157879143872        3.88889266351264       -1.59686760320281
h           -1.30104146823707        4.65866489014443       -2.34078114307574
h           -2.01015791747133        3.16967901315378       -3.04465891799632
50
 energy: -75.289280809365 gnorm: 0.000432732142 xtb: 6.7.1 (edcfbbe)
c            0.03379200843091        0.54614336881881        2.55666830983557
c            1.50785577301592        0.88172686227060        2.33601665754602
c           -2.17174831281749       -3.41159078786563       -0.06395761559080
c           -3.27537060573936       -2.93953974175169        0.63032793575977
c           -3.27119656438238       -1.65480326948598        1.12868154984338
c           -2.18121310795961       -0.80770047590882        0.91795214578815
c           -1.11622631253172       -1.24381738507141        0.11862446849255
c           -1.11299908956098       -2.56269480143936       -0.32381651434870
n           -2.15542034313056        0.41072475569916        1.57923820256003
c           -0.93382823180078        1.16885741844704        1.53044483995987
c           -0.33251560329178        1.16189462632786        0.09962701180850
c           -0.01601414383842       -0.29629884225008       -0.31269909947548
c            1.02636177581342        1.84047859953965        0.12453135277998
c            1.87739714439319        0.78381722932401        0.84611891809271
c            1.37908675305294       -0.57805597756462        0.31256996371230
c            3.33382484727042        1.04031984367898        0.63616981273837
c            4.12366130453358        0.20336793002861       -0.01162592050474
c            3.65078707989836       -1.10838410011995       -0.53556391627737
n            2.19085111502383       -1.20447842047532       -0.77558201302375
c            1.76827081453839       -0.48184422382662       -1.99485319207091
c            0.25525624813664       -0.37496635940797       -1.83949552817221
o            1.88502081254212       -2.51533911948224       -0.89048697364822
h            1.34433752007298       -1.33568468601579        1.09592824593463
c           -1.34450980979936        1.82153388721078       -0.80682662883537
o           -2.45622389515276        1.39754275211788       -1.03679675236940
o           -0.90060312140519        2.98009797158529       -1.29971374205090
c           -1.79985672929988        3.71945959304434       -2.12634087559970
h           -0.27259416020942        0.87108832207983        3.55190412807369
h           -0.10984855857261       -0.53368456937895        2.51660054166811
h            1.72129748328083        1.89452776534880        2.68223201743348
h            2.12140442978065        0.19328526697762        2.92033346023848
h           -2.14168025347643       -4.43193808387702       -0.41579506251294
h           -4.12665933840083       -3.58202294843563        0.80323738801977
h           -4.10873114041620       -1.28591866552161        1.70296769810972
h           -0.24409624128471       -2.93097268055228       -0.85194948601867
h           -3.02382245110022        0.92137519966052        1.57062337519135
h           -1.15026872827837        2.20585192662624        1.80855124436518
h            1.00483495730730        2.78376896791666        0.66787819118796
h            1.38330476353462        2.04230376089092       -0.88360742472096
h            3.70477907843237        1.97814253657177        1.02204903588141
h            5.17316393259785        0.41102990851686       -0.15744846713642
h            4.13826698239099       -1.37081031297307       -1.47695730598686
h            3.88017827703294       -1.90907192494022        0.17690817837964
h            2.26388138952828        0.48802013361071       -2.02589628932994
h            2.05511033098064       -1.08058090323725       -2.85903347266058
h           -0.22146942573697       -1.26270231862228       -2.25101638544830
h           -0.13577205881732        0.49291134362313       -2.36778761112757
h           -2.73699161923762        3.89886930501906       -1.59686629084774
h           -1.29443230193650        4.65469584414019       -2.35081354764868
h           -2.01393454717122        3.16420022295528       -3.04128819433186
50
 energy: -75.289282096295 gnorm: 0.000384815575 xtb: 6.7.1 (edcfbbe)
c            0.03321061998316        0.54560045157999        2.55653132967274
c            1.50741338847780        0.88083919683639        2.33636322583492
c           -2.17059465292259       -3.41202659985052       -0.06291429104650
c           -3.27424034362153       -2.94043581774341        0.63164833941673
c           -3.27076455598959       -1.65550219173686        1.12952740300957
c           -2.18140462700329       -0.80779292521191        0.91814213254164
c           -1.11637564057188       -1.24358627486339        0.11873105818228
c           -1.11247739897514       -2.56257067970359       -0.32338390352832
n           -2.15608146999023        0.41094224131766        1.57902347506524
c           -0.93430449517457        1.16888839958865        1.53054887127530
c           -0.33268615845932        1.16228040194570        0.09989708856288
c           -0.01643516585266       -0.29586164312501       -0.31280559542451
c            1.02634395918449        1.84063796209074        0.12503372352039
c            1.87714540643455        0.78369663309891        0.84645094401284
c            1.37877147731370       -0.57785947543327        0.31209165090035
c            3.33375385209592        1.03976032468160        0.63734095093013
c            4.12349053669398        0.20303555947116       -0.01086962314868
c            3.65016321139212       -1.10797303263420       -0.53634035134354
n            2.19041601769743       -1.20335628729996       -0.77646042430426
c            1.76755482275909       -0.48056190459878       -1.99534495109971
c            0.25449868873720       -0.37422919860985       -1.83966309417439
o            1.88451635331673       -2.51447327842669       -0.89233059091406
h            1.34418946831781       -1.33591710139059        1.09503602186216
c           -1.34433572494517        1.82213165593872       -0.80693757300415
o           -2.45554193506705        1.39746977544077       -1.03826206266168
o           -0.90045231287432        2.98105314810869       -1.29870527581895
c           -1.79865994373625        3.71961333119483       -2.12760093609839
h           -0.27321727433588        0.87025183276189        3.55184105185859
h           -0.11062099037634       -0.53418286813434        2.51608324009346
h            1.72097883681863        1.89345743181670        2.68299850643761
h            2.12073814385674        0.19204135691696        2.92052435386240
h           -2.13988554089272       -4.43258727678179       -0.41411198455663
h           -4.12496495607812       -3.58348593985384        0.80519994223322
h           -4.10838224757817       -1.28706370696253        1.70397331845742
h           -0.24329696385762       -2.93048640169611       -0.85132736091661
h           -3.02431383490439        0.92183744771123        1.56902229064847
h           -1.15061186295208        2.20581083816579        1.80902410125649
h            1.00491618589066        2.78374202792544        0.66868550655542
h            1.38336034302216        2.04277224107801       -0.88303518807218
h            3.70504232509635        1.97708265028173        1.02408627205933
h            5.17313933820329        0.41028125415789       -0.15609262008931
h            4.13772630807258       -1.36970399418041       -1.47789219175652
h            3.87923106412755       -1.90940042198240        0.17542171069032
h            2.26285738007127        0.48947426587235       -2.02648533223652
h            2.05430603916432       -1.07909402383924       -2.85971332313852
h           -0.22196554107437       -1.26213061676853       -2.25113373649467
h           -0.13697543692041        0.49352206500139       -2.36781776234962
h           -2.73354688132833        3.90637506043006       -1.59679145186025
h           -1.28947719261411        4.65112183086243       -2.35868235412063
h           -2.01745249239085        3.15969702037833       -3.03855816711877
50
 energy: -75.289283378078 gnorm: 0.000454985009 xtb: 6.7.1 (edcfbbe)
c            0.03324863107173        0.54571324524972        2.55672677372623
c            1.50738228604134        0.88100602555323        2.33623880193053
c           -2.16978259016001       -3.41227659893184       -0.06275163514018
c           -3.27357264404865       -2.94096111397981        0.63176034022796
c           -3.27058854975065       -1.65597854429064        1.12952125446328
c           -2.18148524997720       -0.80789786226707        0.91814859221695
c           -1.11646755915277       -1.24340301880676        0.11856465023209
c           -1.11207807487479       -2.56239055282361       -0.32346819105038
n           -2.15600029857559        0.41060872834280        1.57914411366212
c           -0.93445998900300        1.16892161715322        1.53083635931915
c           -0.33289218705366        1.16259634055797        0.10020708796004
c           -0.01672919209832       -0.29542517686346       -0.31290120395937
c            1.02620184088623        1.84093480017628        0.12521543193914
c            1.87702973262975        0.78382577222866        0.84628498520469
c            1.37849823907855       -0.57767663663620        0.31176531061729
c            3.33380586109394        1.03935327703289        0.63755285732862
c            4.12345110661615        0.20216737105641       -0.01018586132171
c            3.64950667780475       -1.10837073612880       -0.53631464394716
n            2.18997236317097       -1.20267376407095       -0.77696454756776
c            1.76733405494924       -0.47946882968720       -1.99549425606137
c            0.25420954297629       -0.37341100734371       -1.83976834941248
o            1.88365105628259       -2.51388550401252       -0.89380210836220
h            1.34398971838402       -1.33581811487763        1.09462199739795
c           -1.34453019139913        1.82254126395050       -0.80669228915046
o           -2.45550090114852        1.39758396617851       -1.03845053440150
o           -0.90062215303872        2.98129788056228       -1.29835260184030
c           -1.79817859594066        3.71921959028529       -2.12856614868457
h           -0.27296999288768        0.87042855986543        3.55208380767996
h           -0.11054983536351       -0.53408409221954        2.51635209837530
h            1.72098216295758        1.89367282891752        2.68273295861896
h            2.12083544070127        0.19231226423251        2.92036502486379
h           -2.13863900064953       -4.43288221530555       -0.41376689506829
h           -4.12401447818980       -3.58434187105305        0.80548781086514
h           -4.10836639717814       -1.28788017944573        1.70395853799666
h           -0.24286344615538       -2.92989941918402       -0.85163604998356
h           -3.02454003613798        0.92094876457942        1.57149203633735
h           -1.15108749184062        2.20574668783541        1.80941674015899
h            1.00491726835190        2.78398593115025        0.66896320928134
h            1.38297951096120        2.04317953930834       -0.88290979118100
h            3.70553037623024        1.97625221523447        1.02490924215052
h            5.17340461778098        0.40849884749978       -0.15446122180405
h            4.13734698074815       -1.37013364530307       -1.47771572927687
h            3.87770313043545       -1.91021569953857        0.17526756945905
h            2.26252287424110        0.49064482444749       -2.02637261129016
h            2.05410196212037       -1.07763646818387       -2.86011179192825
h           -0.22205324579906       -1.26133119359178       -2.25141332947564
h           -0.13739734396984        0.49435800705987       -2.36775305742496
h           -2.73144751823448        3.91099204517145       -1.59684882976096
h           -1.28661220613109        4.64808967037551       -2.36427134982178
h           -2.02047814051443        3.15629692436690       -3.03667820043567
50
 energy: -75.289284880314 gnorm: 0.000479734946 xtb: 6.7.1 (edcfbbe)
c            0.03365718240543        0.54615188617070        2.55698427777126
c            1.50769972764679        0.88149052335911        2.33609441612300
c           -2.16932318091609       -3.41238545665627       -0.06320712461103
c           -3.27319153863928       -2.94134294915966        0.63133325322470
c           -3.27058325711731       -1.65636679987446        1.12909200157182
c           -2.18155803375462       -0.80803666503607        0.91799764807394
c           -1.11658716871610       -1.24324678644277        0.11815174811197
c           -1.11195289478685       -2.56210995760324       -0.32410256990685
n           -2.15559986764749        0.40996028676392        1.57933737906324
c           -0.93449645803017        1.16889044478526        1.53114746728933
c           -0.33314482168550        1.16284351744310        0.10045933357205
c           -0.01694100283037       -0.29502457019173       -0.31301289952499
c            1.02599977998653        1.84119755845583        0.12523126894102
c            1.87700047673505        0.78406051325578        0.84604314213115
c            1.37825342422465       -0.57746256164306        0.31161996557320
c            3.33395134655150        1.03897711341314        0.63759156708042
c            4.12349666940873        0.20108974362653       -0.00938323713140
c            3.64895106327368       -1.10906756846903       -0.53591572380716
n            2.18955128501841       -1.20231517896963       -0.77718702064956
c            1.76732374055664       -0.47837611697925       -1.99532185363435
c            0.25411818977055       -0.37242900811460       -1.83988184660129
o            1.88269519947373       -2.51342429921897       -0.89492197184151
h            1.34374833738076       -1.33553235901179        1.09453139342401
c           -1.34486017239750        1.82277071806045       -0.80642416087284
o           -2.45595648094091        1.39806821982951       -1.03782814210731
o           -0.90073319554184        2.98100223868481       -1.29872865658452
c           -1.79793760877548        3.71841297676603       -2.12949603416527
h           -0.27225958254025        0.87104989788798        3.55237969542981
h           -0.10999715568467       -0.53367623347938        2.51688962651365
h            1.72119535317473        1.89431762022548        2.68219942407602
h            2.12139735521360        0.19310286715494        2.92031635408159
h           -2.13774194484018       -4.43302958003700       -0.41406983883722
h           -4.12350819365234       -3.58491541885453        0.80501519451454
h           -4.10854910037531       -1.28849256580225        1.70342204854363
h           -0.24267704911462       -2.92938894950581       -0.85232150789459
h           -3.02478858003114        0.91928732843781        1.57625186834174
h           -1.15163149196982        2.20560955276026        1.80971305937840
h            1.00482739098787        2.78420722326369        0.66904242562089
h            1.38239900204330        2.04359009766412       -0.88298756652818
h            3.70596987134044        1.97574833417267        1.02495809976853
h            5.17369695584658        0.40659290556054       -0.15303672148952
h            4.13701196838880       -1.37101154460398       -1.47716284565620
h            3.87627924137276       -1.91122861445314        0.17558632843424
h            2.26250096118569        0.49176040004981       -2.02551209112512
h            2.05425274068117       -1.07592847627747       -2.86029197990273
h           -0.22189406481731       -1.26032639879294       -2.25182482533226
h           -0.13749360103607        0.49541879679693       -2.36770224493473
h           -2.72912865158743        3.91580083682124       -1.59600194171367
h           -1.28375457158422        4.64445313483566       -2.37058542223229
h           -2.02498946741392        3.15239806675840       -3.03451439590710
50
 energy: -75.289286348016 gnorm: 0.000371247259 xtb: 6.7.1 (edcfbbe)
c            0.03420615531571        0.54664961313850        2.55740215636619
c            1.50814661277218        0.88205031482489        2.33593899218996
c           -2.16962180498885       -3.41218390884872       -0.06437412091311
c           -3.27342530403216       -2.94129382283296        0.63034831297784
c           -3.27075504193532       -1.65649005056609        1.12851896385747
c           -2.18156771200278       -0.80817696903131        0.91789851556250
c           -1.11671791427693       -1.24317845965157        0.11769173744355
c           -1.11227825749807       -2.56180183501500       -0.32513697391424
n           -2.15494503251630        0.40918316984296        1.57965330868021
c           -0.93440210425900        1.16884422809156        1.53157150578167
c           -0.33329729053704        1.16295318785324        0.10080395270215
c           -0.01704987352475       -0.29478326067754       -0.31305638466854
c            1.02581628187145        1.84144671989239        0.12524339615527
c            1.87704876977592        0.78432155931467        0.84579304348310
c            1.37805928373392       -0.57726908954224        0.31169924787397
c            3.33402819192250        1.03900736008614        0.63707305740563
c            4.12353300945121        0.20051667866487       -0.00916326507786
c            3.64875120694199       -1.10965726960737       -0.53534917510101
n            2.18933703235845       -1.20239498306938       -0.77703079912405
c            1.76771849906344       -0.47778068453323       -1.99501158481136
c            0.25448100880023       -0.37173427461195       -1.83987983737445
o            1.88210514703402       -2.51323331129656       -0.89514297178185
h            1.34340477008956       -1.33515665264623        1.09477168100881
c           -1.34518720301779        1.82272970486745       -0.80598241375885
o           -2.45658392694710        1.39846472698322       -1.03665595637533
o           -0.90079158075387        2.98038567119694       -1.29943261438680
c           -1.79796847144216        3.71730026442123       -2.13030574501751
h           -0.27144813875576        0.87185652038645        3.55278360662713
h           -0.10930641867291       -0.53322012787801        2.51768849052346
h            1.72167755758695        1.89500464826097        2.68165368237240
h            2.12208288932745        0.19392422389382        2.92020614458148
h           -2.13795009671410       -4.43274841354037       -0.41544843424150
h           -4.12371385904202       -3.58491863161127        0.80402116487939
h           -4.10873913677838       -1.28873305301516        1.70291406498920
h           -0.24316822928681       -2.92899166678125       -0.85367338694708
h           -3.02488663092627        0.91715128975101        1.58246502248047
h           -1.15209566515225        2.20548635299536        1.80997581164861
h            1.00468961052652        2.78439606167616        0.66915816780142
h            1.38190850540834        2.04399854327623       -0.88304535966439
h            3.70617835819966        1.97580972505080        1.02423828664396
h            5.17388043261260        0.40553768609523       -0.15247257970229
h            4.13695291677522       -1.37199187382842       -1.47641846554418
h            3.87554220199744       -1.91177752138443        0.17635508961894
h            2.26304887422361        0.49229420404051       -2.02433207651928
h            2.05488018414877       -1.07479245157967       -2.86026836546134
h           -0.22151674602357       -1.25944083249133       -2.25223624683506
h           -0.13685254310674        0.49632398103779       -2.36753155629680
h           -2.72708391645850        3.91957394859262       -1.59503555987191
h           -1.28186975155030        4.64092633714007       -2.37637048060208
h           -2.02955672349686        3.14874716649162       -3.03254668600157
50
 energy: -75.289287788045 gnorm: 0.000261502974 xtb: 6.7.1 (edcfbbe)
c            0.03482596663903        0.54709377765409        2.55781932643234
c            1.50869348332230        0.88253800130394        2.33599878038079
c           -2.17036093003016       -3.41184063567680       -0.06579115559905
c           -3.27399367194418       -2.94099530259316        0.62922208175608
c           -3.27099754515720       -1.65640614211008        1.12792119548975
c           -2.18152835866237       -0.80828960397042        0.91775315774814
c           -1.11678420023905       -1.24319202184938        0.11723354163375
c           -1.11282772900491       -2.56156269209986       -0.32628179512882
n           -2.15423851225296        0.40844428356868        1.57991860572911
c           -0.93418926591330        1.16868811261523        1.53192069245915
c           -0.33340431298393        1.16290306167217        0.10103180821256
c           -0.01692121044124       -0.29475748397198       -0.31298374204827
c            1.02562878739991        1.84153497317197        0.12537639617006
c            1.87713228191591        0.78447877214998        0.84576865519010
c            1.37809133807014       -0.57722078953702        0.31203198061637
c            3.33406272023210        1.03921398960380        0.63669086709099
c            4.12360217736700        0.20045659873020       -0.00916528563465
c            3.64892930107272       -1.10994910513363       -0.53479971749149
n            2.18940093926498       -1.20279454047480       -0.77659398635785
c            1.76810094798141       -0.47762561647432       -1.99450521144467
c            0.25486417250859       -0.37129067595501       -1.83979999773163
o            1.88200383456186       -2.51332512215109       -0.89463824941644
h            1.34330338029364       -1.33495215960076        1.09524660501397
c           -1.34548270205770        1.82254758355222       -0.80557891341544
o           -2.45732559467442        1.39896922529486       -1.03517313887307
o           -0.90066234146964        2.97951509941488       -1.30058834807537
c           -1.79818347918521        3.71617867929099       -2.13104080072554
h           -0.27062547239961        0.87256912937106        3.55317838907731
h           -0.10857060936688       -0.53280777581993        2.51845825497590
h            1.72228194901961        1.89556198237810        2.68149113559243
h            2.12278801246828        0.19451457611312        2.92021904915931
h           -2.13901026295800       -4.43219413267998       -0.41748717639730
h           -4.12452268372219       -3.58440855469503        0.80252209861878
h           -4.10893077016245       -1.28864099414933        1.70240350121578
h           -0.24394241044773       -2.92881827142780       -0.85512533134575
h           -3.02484989179065        0.91514667716678        1.58823319424615
h           -1.15234930701363        2.20527545130336        1.81012374123302
h            1.00442418294658        2.78444598013114        0.66936390646810
h            1.38153030693440        2.04423891392809       -0.88293352003086
h            3.70604601645535        1.97639312664037        1.02309352094374
h            5.17385053140338        0.40570111931355       -0.15292118837293
h            4.13707177494857       -1.37257814516279       -1.47582249166137
h            3.87572968229188       -1.91183783693123        0.17714811031044
h            2.26363600739728        0.49234775824921       -2.02313542996466
h            2.05544938378083       -1.07425987696681       -2.85994159848541
h           -0.22116903537201       -1.25882712568393       -2.25248816566818
h           -0.13618737999140        0.49698345114037       -2.36733535069912
h           -2.72483076962716        3.92357534373453       -1.59331402807478
h           -1.27999527775008        4.63729812826689       -2.38233717605223
h           -2.03486532741710        3.14509555318216       -3.03042043340688
50
 energy: -75.289288953400 gnorm: 0.000263844477 xtb: 6.7.1 (edcfbbe)
c            0.03528894504231        0.54733186762028        2.55826157720315
c            1.50912272048144        0.88273162663241        2.33615365225300
c           -2.17142222047710       -3.41137123846818       -0.06732524208582
c           -3.27488447102748       -2.94045430007058        0.62791185128662
c           -3.27132836877432       -1.65617288861300        1.12738310615192
c           -2.18144820602016       -0.80842149119418        0.91780349667814
c           -1.11678172270707       -1.24332568682153        0.11709782222572
c           -1.11344916362207       -2.56142887363452       -0.32718842775643
n           -2.15367891583063        0.40788187295335        1.58026523568913
c           -0.93397853481416        1.16853306377231        1.53230821442222
c           -0.33338611802400        1.16275640651059        0.10133686350000
c           -0.01679216646427       -0.29488305199914       -0.31280684415079
c            1.02554300818546        1.84155799982835        0.12551151126692
c            1.87724743690510        0.78462151286671        0.84585904724017
c            1.37818387587791       -0.57714327455172        0.31238390487029
c            3.33399776422874        1.03977677947069        0.63610609097200
c            4.12361444816271        0.20107634472719       -0.00971925586658
c            3.64928308547184       -1.10979078935436       -0.53446059488815
n            2.18962631228946       -1.20311188599363       -0.77610721053759
c            1.76853999051542       -0.47789967442217       -1.99420499200037
c            0.25535184419868       -0.37132044764365       -1.83958836200290
o            1.88233038754055       -2.51347400312879       -0.89371004388208
h            1.34330292480797       -1.33476052608041        1.09570782262632
c           -1.34565714747656        1.82224957449072       -0.80512688132053
o           -2.45801159928005        1.39937523473760       -1.03350171923469
o           -0.90037925909308        2.97855630305485       -1.30168250201553
c           -1.79842564198714        3.71522304129702       -2.13156435332038
h           -0.27008936120269        0.87301829425698        3.55357807436705
h           -0.10801265823783       -0.53259352988988        2.51914744540087
h            1.72282358378471        1.89574203656916        2.68158998012638
h            2.12330135317657        0.19469988697917        2.92028554554656
h           -2.14051546861916       -4.43154878431639       -0.41958680588763
h           -4.12566978222424       -3.58362149070172        0.80087806612296
h           -4.10914993318632       -1.28837185199462        1.70201211882789
h           -0.24470598894254       -2.92885560341811       -0.85614002783133
h           -3.02470271068393        0.91368460384026        1.59233240789665
h           -1.15243748741661        2.20510500822702        1.81033056253343
h            1.00426129060178        2.78445269569661        0.66952918756083
h            1.38138384954130        2.04430771632140       -0.88280964538656
h            3.70581098520900        1.97719840210546        1.02211189642906
h            5.17374420809388        0.40671884115436       -0.15385324510794
h            4.13735368425904       -1.37276060501779       -1.47541920392410
h            3.87636782426712       -1.91125506341192        0.17786841061167
h            2.26425108141924        0.49198002468477       -2.02260520646422
h            2.05597576844277       -1.07455809477948       -2.85959664260451
h           -0.22085232904505       -1.25866521617945       -2.25249592190446
h           -0.13541700281532        0.49712060583983       -2.36705284876701
h           -2.72262602625244        3.92712635486117       -1.59139761655631
h           -1.27838477555305        4.63407465266263       -2.38746807385908
h           -2.03982118648521        3.14202236435096       -3.02837586079167
50
 energy: -75.289290033073 gnorm: 0.000313046970 xtb: 6.7.1 (edcfbbe)
c            0.03568494411859        0.54733963289727        2.55864890356733
c            1.50949083319579        0.88282858808035        2.33643083899427
c           -2.17238827679145       -3.41092899977743       -0.06862884314636
c           -3.27575594311841       -2.93987029116729        0.62668023211062
c           -3.27163756393680       -1.65588481319727        1.12690108433717
c           -2.18136786148322       -0.80850531934994        0.91785171832413
c           -1.11672084400611       -1.24345917810220        0.11708253087552
c           -1.11392533075023       -2.56137441193671       -0.32780180890781
n           -2.15326247718222        0.40746264440670        1.58065210654799
c           -0.93374492648906        1.16830182657362        1.53267980319345
c           -0.33335428622911        1.16254638387564        0.10162577984731
c           -0.01653935652871       -0.29508495353171       -0.31251722977549
c            1.02547174554766        1.84147827959361        0.12575666110723
c            1.87738536331494        0.78469143581783        0.84611796760493
c            1.37844253163723       -0.57715331054134        0.31280780006985
c            3.33398456988041        1.04029157835117        0.63594284212017
c            4.12368526577357        0.20190610824170       -0.01018502831598
c            3.64974718173647       -1.10936275349633       -0.53427523063203
n            2.18998387815668       -1.20333202822875       -0.77559991190205
c            1.76872508045953       -0.47834148491181       -1.99387896981345
c            0.25558053452488       -0.37145259399571       -1.83931803783085
o            1.88292045585151       -2.51366411160854       -0.89267247708267
h            1.34355910507546       -1.33473931456960        1.09616658233842
c           -1.34580415797411        1.82195485460233       -0.80468508057753
o           -2.45864523219131        1.39973595320241       -1.03190139615116
o           -0.90004753515391        2.97758161307206       -1.30269240404000
c           -1.79859820421319        3.71437655551640       -2.13202818777850
h           -0.26966501951922        0.87314684620426        3.55393392268110
h           -0.10756698426900       -0.53260376385706        2.51968507488464
h            1.72330594843951        1.89579208633836        2.68194269638529
h            2.12370748070524        0.19469014033975        2.92040212642849
h           -2.14209448990328       -4.43084997787010       -0.42167801786963
h           -4.12696349784495       -3.58265712266884        0.79897635251155
h           -4.10938899170550       -1.28800225005216        1.70158353181245
h           -0.24529422331471       -2.92895273546323       -0.85682940691321
h           -3.02446005372713        0.91279584325591        1.59471018917809
h           -1.15235884415826        2.20486608934375        1.81060169171592
h            1.00407527910880        2.78440414549672        0.66972569816322
h            1.38133757495934        2.04417886322852       -0.88256319630602
h            3.70544123858401        1.97815792512304        1.02120007345502
h            5.17352368046827        0.40833866572874       -0.15528138511644
h            4.13766064855720       -1.37255308402025       -1.47525446510502
h            3.87733710192150       -1.91038707959211        0.17837932980631
h            2.26458966264470        0.49144895716885       -2.02250406475182
h            2.05607412481996       -1.07527648901036       -2.85911023518917
h           -0.22083605342819       -1.25866117872071       -2.25229287759844
h           -0.13500716172760        0.49713184496134       -2.36671455209311
h           -2.72011160122031        3.93112574593452       -1.58928252616102
h           -1.27650936234597        4.63071848461834       -2.39277919487001
h           -2.04496782402871        3.13894089752287       -3.02604464647047
50
 energy: -75.289291160595 gnorm: 0.000329511738 xtb: 6.7.1 (edcfbbe)
c            0.03605859003401        0.54720789501411        2.55907423256830
c            1.50984171748671        0.88275731251459        2.33680340006026
c           -2.17329415082627       -3.41045986306823       -0.06990726090423
c           -3.27664432274128       -2.93924556285972        0.62534177024284
c           -3.27198550038937       -1.65558041703778        1.12637564790400
c           -2.18128156499003       -0.80860058200504        0.91802508777345
c           -1.11660153419378       -1.24360975237878        0.11731379417771
c           -1.11427816864526       -2.56132871284901       -0.32819715681681
n           -2.15299121730493        0.40712578875030        1.58121276170139
c           -0.93352245426182        1.16802868195355        1.53316612197930
c           -0.33329668773642        1.16235480028349        0.10204749173530
c           -0.01632926196319       -0.29526562278611       -0.31212641565034
c            1.02542507343866        1.84142816125276        0.12605308598691
c            1.87749923389925        0.78477845618731        0.84643938532070
c            1.37872342075789       -0.57712635052528        0.31315997455710
c            3.33389486267640        1.04096833535774        0.63566032724980
c            4.12366827935953        0.20298325688183       -0.01089977684843
c            3.65012803538636       -1.10874194558484       -0.53424092157303
n            2.19031271561009       -1.20334373040676       -0.77521166218391
c            1.76881805555187       -0.47882443031206       -1.99372664789627
c            0.25573952871322       -0.37164344970088       -1.83894683332449
o            1.88356591911909       -2.51379050472633       -0.89174624677436
h            1.34393314288615       -1.33472183998436        1.09651811030511
c           -1.34593208486609        1.82170700959161       -0.80411047534062
o           -2.45917558980077        1.40000278421901       -1.03027937549045
o           -0.89973047160327        2.97660974063240       -1.30350181657341
c           -1.79870882381849        3.71347616703858       -2.13247687248352
h           -0.26927348364411        0.87299376498042        3.55437116379700
h           -0.10709448970670       -0.53274456846821        2.52013234570063
h            1.72363338522109        1.89567534608183        2.68244910542327
h            2.12413861257472        0.19454733656956        2.92062512965560
h           -2.14350595527819       -4.43018342014157       -0.42357970828848
h           -4.12827790174220       -3.58166408544169        0.79689359610859
h           -4.10971971059091       -1.28761937501574        1.70103145684338
h           -0.24560474110207       -2.92906765850441       -0.85705037113056
h           -3.02419854815110        0.91240650726365        1.59563714563082
h           -1.15217568063026        2.20458343704738        1.81109383128493
h            1.00397517372834        2.78440570623235        0.66993271035596
h            1.38127105683514        2.04401150177794       -0.88230039822449
h            3.70511134782435        1.97902934879319        1.02070304010512
h            5.17331309347953        0.41000525085866       -0.15658333244054
h            4.13792503720760       -1.37218551529772       -1.47519852303425
h            3.87819337757732       -1.90931870044855        0.17876717478337
h            2.26478970049941        0.49089994965407       -2.02290753850488
h            2.05595573327047       -1.07624118853121       -2.85870474125878
h           -0.22094900594489       -1.25868557628266       -2.25196249468620
h           -0.13467589768340        0.49707324845876       -2.36625468618801
h           -2.71723946132490        3.93588259284949       -1.58694247645701
h           -1.27411850212335        4.62684679974051       -2.39877090974429
h           -2.05061175583364        3.13533841619845       -3.02323488577124
50
 energy: -75.289292606619 gnorm: 0.000271488076 xtb: 6.7.1 (edcfbbe)
c            0.03657914325403        0.54685712095968        2.55969560980585
c            1.51027173548911        0.88274420089390        2.33721368926547
c           -2.17425608684342       -3.40985294842325       -0.07150363716236
c           -3.27770207316206       -2.93842652907518        0.62347175915383
c           -3.27241914193709       -1.65519414616505        1.12560562021277
c           -2.18115404100478       -0.80869411024417        0.91828710183783
c           -1.11643280979321       -1.24372822540375        0.11765048568798
c           -1.11456159772199       -2.56122069925616       -0.32859452879543
n           -2.15262574208606        0.40667452235588        1.58218911387814
c           -0.93319170915902        1.16766943333172        1.53397958681740
c           -0.33325838014739        1.16216421294376        0.10275538408266
c           -0.01608627748565       -0.29538916009019       -0.31158848042296
c            1.02536616055925        1.84138324796935        0.12650065361855
c            1.87774022416487        0.78494273120417        0.84682973055603
c            1.37907707721008       -0.57701729814109        0.31358272062573
c            3.33396293832378        1.04167592639086        0.63556788454545
c            4.12376241597177        0.20411772907301       -0.01150024908456
c            3.65049909946015       -1.10800119809123       -0.53417202253328
n            2.19067374013045       -1.20312538158044       -0.77476521625302
c            1.76881953671909       -0.47926005618095       -1.99351985105862
c            0.25579938175169       -0.37167644626630       -1.83845604039554
o            1.88425087252765       -2.51378747641845       -0.89080734990857
h            1.34445169587505       -1.33463139901607        1.09693413172539
c           -1.34618698234904        1.82140405584385       -0.80321262587920
o           -2.45989697501499        1.40020341157036       -1.02809423600873
o           -0.89950327103325        2.97537534060187       -1.30429116919719
c           -1.79885307990716        3.71209777810837       -2.13319299460192
h           -0.26869714831233        0.87254448811947        3.55504177312094
h           -0.10641319027758       -0.53311991318843        2.52071479569546
h            1.72400586826089        1.89563379612150        2.68297673576770
h            2.12476272485867        0.19453026340921        2.92082399652157
h           -2.14505889001753       -4.42930249940130       -0.42602218103560
h           -4.12990523587928       -3.58037984475277        0.79393183827766
h           -4.11020023489389       -1.28717193268639        1.70014976598309
h           -0.24582104389061       -2.92904796767562       -0.85728539894376
h           -3.02373786718718        0.91212546420628        1.59627189314890
h           -1.15189327993756        2.20418529970950        1.81204649617267
h            1.00390931562167        2.78444514655334        0.67023099562069
h            1.38112589918416        2.04376826546163       -0.88192583774363
h            3.70484374903194        1.98010104926089        1.02004040125179
h            5.17312200726126        0.41185545757813       -0.15816171928715
h            4.13818791492251       -1.37182060251190       -1.47507683619928
h            3.87897487658582       -1.90807315707632        0.17926869497022
h            2.26496411168436        0.49036197165608       -2.02355800447718
h            2.05557920944962       -1.07735459367959       -2.85816705623051
h           -0.22131774182217       -1.25844551697873       -2.25156401048818
h           -0.13436764545512        0.49727934259456       -2.36555271598322
h           -2.71313928053438        3.94286755463726       -1.58409056838762
h           -1.27070095086614        4.62097571706789       -2.40768765980073
h           -2.05865089533848        3.12987231850738       -3.01900410480338
50
 energy: -75.289294327249 gnorm: 0.000283377624 xtb: 6.7.1 (edcfbbe)
c            0.03742618808459        0.54634242892930        2.56055150813902
c            1.51097740966696        0.88270100727538        2.33783366230408
c           -2.17526913711279       -3.40906111964565       -0.07359682450156
c           -3.27885758207265       -2.93747901578134        0.62106582070609
c           -3.27292444967313       -1.65479185155424        1.12458041070732
c           -2.18100454448817       -0.80881654576225        0.91863439135926
c           -1.11623637040696       -1.24376596135099        0.11803890366865
c           -1.11484098744773       -2.56092785129433       -0.32923979933991
n           -2.15218881505648        0.40601144821948        1.58368113660713
c           -0.93273672243293        1.16710198120473        1.53520686170209
c           -0.33323353885333        1.16205887468142        0.10383538338438
c           -0.01580311817215       -0.29537066707759       -0.31081724313037
c            1.02525980726024        1.84150179760579        0.12713901919592
c            1.87796054803775        0.78521666600041        0.84731883734153
c            1.37951270267409       -0.57684715560442        0.31407113378006
c            3.33395768979870        1.04257099774679        0.63529234242760
c            4.12376724145261        0.20537051787414       -0.01224136387953
c            3.65076174170979       -1.10723035301953       -0.53402633628475
n            2.19097833758114       -1.20273133848426       -0.77433058639742
c            1.76872330316468       -0.47947804329359       -1.99323636049555
c            0.25577526000718       -0.37124319745626       -1.83776961293908
o            1.88482411374237       -2.51366009302739       -0.89002088006097
h            1.34514745695983       -1.33450614868215        1.09739135549500
c           -1.34655986580919        1.82109555554349       -0.80190710207629
o           -2.46077360838719        1.40038981216625       -1.02521736405358
o           -0.89939071457249        2.97384174875444       -1.30517727155233
c           -1.79905076063697        3.70995476095484       -2.13441970542758
h           -0.26769543368884        0.87172258664096        3.55604247470309
h           -0.10529247833070       -0.53365534482458        2.52139170670191
h            1.72441039335278        1.89562118235249        2.68369190694361
h            2.12585538281082        0.19461416777905        2.92120517840511
h           -2.14664399533260       -4.42818242938222       -0.42910946513955
h           -4.13179321908458       -3.57886069918332        0.79000286184191
h           -4.11084636038549       -1.28672529218893        1.69888687713515
h           -0.24591710887122       -2.92880030410858       -0.85760832684363
h           -3.02310948861988        0.91186136093326        1.59674367568157
h           -1.15147336650022        2.20352440686797        1.81359119302111
h            1.00385674164779        2.78465952834872        0.67070428588207
h            1.38073620272213        2.04367111063605       -0.88144019930489
h            3.70461416030253        1.98118384553377        1.01954736991782
h            5.17293492063378        0.41358448082338       -0.15958114937267
h            4.13839400242631       -1.37157218417355       -1.47480156420850
h            3.87948624535392       -1.90675891981347        0.17995068914835
h            2.26511937972219        0.49000157264309       -2.02426133556590
h            2.05494085657291       -1.07830356819139       -2.85756963633258
h           -0.22193723663853       -1.25756297541594       -2.25113974349510
h           -0.13400561315565        0.49814232754788       -2.36445347474040
h           -2.70705433299047        3.95371672986644       -1.58033978786418
h           -1.26547386015575        4.61181093960803       -2.42167055511631
h           -2.07060925056850        3.12119396660498       -3.01245693441519
50
 energy: -75.289295905265 gnorm: 0.000728901027 xtb: 6.7.1 (edcfbbe)
c            0.03879742094692        0.54533001560120        2.56206452528657
c            1.51203899831548        0.88269439332575        2.33872209335015
c           -2.17669290616813       -3.40773900839889       -0.07703970704296
c           -3.28051257913249       -2.93602089199398        0.61718387739637
c           -3.27361535214734       -1.65422345216028        1.12295876358654
c           -2.18068836924530       -0.80900347927090        0.91927087420895
c           -1.11594735254428       -1.24367336550844        0.11854909760943
c           -1.11521935456215       -2.56027301929255       -0.33045051015759
n           -2.15140009246011        0.40490760989396        1.58631183921563
c           -0.93198784152906        1.16627131259889        1.53746614293859
c           -0.33334855664453        1.16204394065402        0.10579418300364
c           -0.01551839916387       -0.29507510115715       -0.30973546160144
c            1.02500838602386        1.84173576833132        0.12840217607484
c            1.87841794716885        0.78567285389424        0.84805708181779
c            1.37998408710449       -0.57640817111628        0.31473070925590
c            3.33419439205782        1.04365363002229        0.63520493068764
c            4.12391812901906        0.20677468058513       -0.01283238606512
c            3.65096240617821       -1.10625720573119       -0.53370050337359
n            2.19124018296321       -1.20195018389983       -0.77377810642458
c            1.76870915535518       -0.47924728019384       -1.99279566496322
c            0.25585267387016       -0.37007147562490       -1.83679999994500
o            1.88526901185924       -2.51315949872311       -0.88927783343990
h            1.34595773220586       -1.33413112447485        1.09799771747522
c           -1.34736204566653        1.82068403740189       -0.79956262573479
o           -2.46246388941033        1.40080903870676       -1.02018823373447
o           -0.89941641558155        2.97136263154598       -1.30663673950097
c           -1.79940103451646        3.70599857750066       -2.13690634272137
h           -0.26601713423621        0.87005464803281        3.55786402036385
h           -0.10340269514785       -0.53471907794531        2.52246457814321
h            1.72496979920649        1.89567851588658        2.68470904420857
h            2.12764870489616        0.19488891099267        2.92164325990829
h           -2.14880081266665       -4.42635402157978       -0.43407114130489
h           -4.13439221562641       -3.57669164773554        0.78404629703310
h           -4.11169209718783       -1.28622441965549        1.69707183530207
h           -0.24615712435484       -2.92802493227519       -0.85868537704837
h           -3.02203206930908        0.91141249131836        1.59775006510944
h           -1.15084313865255        2.20249964450722        1.81654149953693
h            1.00378822587392        2.78496327405277        0.67184453236961
h            1.37994945237494        2.04373259791973       -0.88039922412582
h            3.70449625972280        1.98274773149791        1.01861449608837
h            5.17277376440951        0.41562604940914       -0.16141666741425
h            4.13856857427998       -1.37140095550620       -1.47426004080168
h            3.87975152006111       -1.90513087421444        0.18098560687797
h            2.26556997548441        0.48998575415367       -2.02487665026929
h            2.05417050665835       -1.07890140228894       -2.85681899528202
h           -0.22282152287060       -1.25553894416998       -2.25087055230013
h           -0.13315151282826        0.50013134598305       -2.36268944276275
h           -2.69583628314927        3.97380745264182       -1.57439342252550
h           -1.25619561692755        4.59464517204273       -2.44779272608466
h           -2.09242276806629        3.10524219824292       -3.00030452856243
50
 energy: -75.289297396616 gnorm: 0.000331391093 xtb: 6.7.1 (edcfbbe)
c            0.03923269096450        0.54501939844602        2.56235965547900
c            1.51238053252470        0.88265628218197        2.33889691190387
c           -2.17672540922211       -3.40746672343216       -0.07772540638685
c           -3.28051143924208       -2.93589945308177        0.61664655393742
c           -3.27358647960155       -1.65424124588913        1.12276590603656
c           -2.18061757502474       -0.80902212008751        0.91936771611576
c           -1.11596924571168       -1.24347331871966        0.11840704217531
c           -1.11529880437186       -2.55992150321710       -0.33102390780250
n           -2.15121753236227        0.40460980652209        1.58699691315979
c           -0.93179310181135        1.16604258463678        1.53805560649075
c           -0.33338867845744        1.16223004182565        0.10630840500180
c           -0.01550966367910       -0.29478472301742       -0.30957033334500
c            1.02495616451711        1.84198247278656        0.12864779911038
c            1.87843372401360        0.78582353188910        0.84811255579840
c            1.37998720543485       -0.57627151364219        0.31477987501461
c            3.33421972441329        1.04368282577039        0.63517713516804
c            4.12391637812717        0.20656197412305       -0.01259541766125
c            3.65079697331649       -1.10641947854955       -0.53343370701978
n            2.19113006593256       -1.20170299814083       -0.77380620366918
c            1.76870882820150       -0.47863385757462       -1.99261058291855
c            0.25583443137825       -0.36921075348667       -1.83667928079485
o            1.88494626299337       -2.51285925308097       -0.88970835718403
h            1.34600487843977       -1.33402975487267        1.09800933053064
c           -1.34766079886573        1.82072377535539       -0.79888216659715
o           -2.46299773640023        1.40097213652254       -1.01869533988556
o           -0.89963850662360        2.97086809976028       -1.30707524102517
c           -1.79958975928891        3.70479351826646       -2.13791111469137
h           -0.26544566977070        0.86945832854068        3.55829079379840
h           -0.10284185613585       -0.53503118628243        2.52254189050389
h            1.72506673418216        1.89570569716368        2.68484272368257
h            2.12825574694513        0.19501601752171        2.92174488568312
h           -2.14882171804629       -4.42598192847933       -0.43502321815403
h           -4.13450302459637       -3.57650509059275        0.78314784952911
h           -4.11170409979587       -1.28633692762053        1.69687689018605
h           -0.24622938866395       -2.92753327157441       -0.85933418469782
h           -3.02177791029411        0.91128994705451        1.59806841144379
h           -1.15066887322664        2.20218458693128        1.81741978765332
h            1.00383537023795        2.78518071063636        0.67214818718846
h            1.37963037846693        2.04404736670500       -0.88024053855765
h            3.70466237183837        1.98265346928854        1.01875274272312
h            5.17287795894405        0.41508379856948       -0.16086926167714
h            4.13853247458650       -1.37173808006897       -1.47387453240070
h            3.87918599810787       -1.90534271123155        0.18133276091210
h            2.26570122660290        0.49054046480064       -2.02446048499269
h            2.05409560888483       -1.07809022808522       -2.85679164146875
h           -0.22299824962274       -1.25443021461508       -2.25110161983961
h           -0.13294922860549        0.50128400670302       -2.36227548547377
h           -2.69231500021981        3.97977517091166       -1.57375181457883
h           -1.25414688415085        4.58901926582281       -2.45584895015069
h           -2.09878696902206        3.10085580043327       -2.99644317459151
50
 energy: -75.289299491946 gnorm: 0.000697257654 xtb: 6.7.1 (edcfbbe)
c            0.04030813655127        0.54383295537047        2.56357009888820
c            1.51314061260962        0.88248683433065        2.33955017605148
c           -2.17710433806289       -3.40645369392021       -0.08033820457000
c           -3.28077030467517       -2.93541009622162        0.61456591278724
c           -3.27349071768604       -1.65438500257586        1.12226399450852
c           -2.18031722562631       -0.80918700893596        0.91990526917530
c           -1.11600746857411       -1.24286331518273        0.11811119908008
c           -1.11560120789019       -2.55878491676075       -0.33285204451883
n           -2.15067242656946        0.40359991295940        1.58936913631375
c           -0.93131344350253        1.16532093677523        1.54016601307542
c           -0.33361569326953        1.16282168605815        0.10815946820569
c           -0.01556806281823       -0.29381362781856       -0.30901690856891
c            1.02467365551773        1.84274270572047        0.13003830017076
c            1.87860028019979        0.78627167775229        0.84854691508092
c            1.37991804272519       -0.57570134528616        0.31500870752135
c            3.33440934109435        1.04389032670293        0.63532357350724
c            4.12395891239707        0.20628801162685       -0.01203751888722
c            3.65036937617395       -1.10649625854647       -0.53293428373559
n            2.19077216956910       -1.20083062048023       -0.77386332431639
c            1.76878532854278       -0.47673564256251       -1.99214366800028
c            0.25590169142023       -0.36671330773792       -1.83620038099920
o            1.88404255553396       -2.51177587668324       -0.89079583681431
h            1.34602260066160       -1.33362069787727        1.09807423610612
c           -1.34847376884233        1.82085978456470       -0.79667434402700
o           -2.46445666209188        1.40171200892645       -1.01414075000606
o           -0.89988493087253        2.96894887920906       -1.30884771014742
c           -1.79987243751710        3.70063874136763       -2.14140320321693
h           -0.26404225137092        0.86736434928453        3.55989560718325
h           -0.10134366405325       -0.53624631793178        2.52301737070988
h            1.72531157805893        1.89561916701970        2.68558153419029
h            2.12977184147409        0.19517477714977        2.92196360261787
h           -2.14933003119861       -4.42457090844123       -0.43876428492021
h           -4.13494645831698       -3.57596365663873        0.78028747960505
h           -4.11154276621671       -1.28689523132021        1.69672913528547
h           -0.24671068630028       -2.92586671185272       -0.86181522293220
h           -3.02098751594487        0.91079776626716        1.59904862986277
h           -1.15029017075219        2.20119163440256        1.82048405098352
h            1.00379220805966        2.78571884323478        0.67393897058674
h            1.37874155166850        2.04523581191109       -0.87897016900214
h            3.70508706203442        1.98277209855058        1.01888112508517
h            5.17306061681129        0.41426914346843       -0.16006679677041
h            4.13832876598047       -1.37219962574041       -1.47315326636324
h            3.87789170102934       -1.90554980658071        0.18195721799160
h            2.26619303527644        0.49224740717424       -2.02322232881702
h            2.05393928972638       -1.07561542922339       -2.85679143725363
h           -0.22345852705592       -1.25113635116416       -2.25170050347350
h           -0.13217980121563        0.50465645648814       -2.36084703500850
h           -2.67910776522708        4.00306793780157       -1.56935488134544
h           -1.24437553637777        4.56883007009853       -2.48627917465717
h           -2.12285836484722        3.08359026909370       -2.98225808256044
50
 energy: -75.289300625684 gnorm: 0.000205455807 xtb: 6.7.1 (edcfbbe)
c            0.03995400116199        0.54393964623043        2.56340482551282
c            1.51283240722802        0.88239494564981        2.33945591319417
c           -2.17679868717962       -3.40666885859075       -0.07997960736960
c           -3.28027678016597       -2.93586451712107        0.61538371759425
c           -3.27315761407893       -1.65472052911043        1.12278658380706
c           -2.18028307862473       -0.80924518849693        0.91984414192881
c           -1.11608428543895       -1.24281106802962        0.11783922193572
c           -1.11559281683914       -2.55876596883090       -0.33300421934089
n           -2.15077608660922        0.40371212139398        1.58894982553014
c           -0.93150177144468        1.16549107977551        1.53986647211008
c           -0.33371858072375        1.16291014081761        0.10786522603724
c           -0.01571779844655       -0.29371884955916       -0.30938221937655
c            1.02462957530686        1.84270533623135        0.13003465579857
c            1.87849673479779        0.78615537098040        0.84850254135899
c            1.37967199986119       -0.57569196925782        0.31483144424450
c            3.33438569341214        1.04357116826618        0.63555271186218
c            4.12393639212082        0.20586183309712       -0.01165433332484
c            3.65025677722927       -1.10671739616620       -0.53293714027999
n            2.19062374988656       -1.20091289445975       -0.77403230706614
c            1.76893608509160       -0.47636842527952       -1.99220919085454
c            0.25602697321010       -0.36665259944786       -1.83651931816054
o            1.88373074963383       -2.51167453643023       -0.89118022645803
h            1.34562704841884       -1.33364084400533        1.09785892139751
c           -1.34846300029343        1.82105879574441       -0.79695381996797
o           -2.46466234290046        1.40233064298548       -1.01409586204086
o           -0.89954477556107        2.96888567677840       -1.30950435011515
c           -1.79963930981724        3.70103874474237       -2.14148610502023
h           -0.26446867064791        0.86751781773870        3.55969546219196
h           -0.10177631465105       -0.53613143669593        2.52285914286543
h            1.72513335161696        1.89546918109788        2.68557233560483
h            2.12929194358166        0.19495525214993        2.92188426010067
h           -2.14885141719756       -4.42485358593059       -0.43820827954155
h           -4.13408276026364       -3.57673601055640        0.78184142630116
h           -4.11101083880472       -1.28738507911271        1.69764804793320
h           -0.24683089770995       -2.92578353848286       -0.86222224138832
h           -3.02122871325709        0.91070310159778        1.59907045359958
h           -1.15052574326669        2.20136994489761        1.82013571811117
h            1.00369874385121        2.78556393575150        0.67413370612723
h            1.37882711397481        2.04544551986076       -0.87886680195245
h            3.70512967648337        1.98242786407391        1.01910907329865
h            5.17309521774572        0.41373515828749       -0.15947500215279
h            4.13824027261505       -1.37218372864748       -1.47321133231135
h            3.87768220125355       -1.90600190634559        0.18171368015772
h            2.26625312702420        0.49267307760336       -2.02264877335149
h            2.05439080105737       -1.07481018401112       -2.85704842913290
h           -0.22302811750018       -1.25121468572427       -2.25205330675071
h           -0.13214949898242        0.50457016017375       -2.36130148120891
h           -2.67787996024623        4.00413454780315       -1.56942377533917
h           -1.24436094065563        4.56832213772673       -2.48684022082276
h           -2.12374170901563        3.08474534266316       -2.98163480161426
50
 energy: -75.289301198455 gnorm: 0.000201661473 xtb: 6.7.1 (edcfbbe)
c            0.03959003920521        0.54406082859676        2.56310733194260
c            1.51255078887011        0.88224782314353        2.33936757538314
c           -2.17639592316562       -3.40696771210648       -0.07949390516140
c           -3.27963121529067       -2.93647250346493        0.61645751431798
c           -3.27275277355562       -1.65517621737531        1.12346538415880
c           -2.18031084520924       -0.80932736420554        0.91972621214694
c           -1.11623256009892       -1.24273635570094        0.11745672736484
c           -1.11561010310643       -2.55874280160750       -0.33322490306446
n           -2.15098033474604        0.40379649962931        1.58844221485964
c           -0.93176203935954        1.16559255969478        1.53944608358306
c           -0.33377482868726        1.16305226811421        0.10750242455857
c           -0.01586406055342       -0.29361151924873       -0.30973655588098
c            1.02460898989028        1.84278967034256        0.12994615730823
c            1.87827460555478        0.78605815141354        0.84841642449968
c            1.37942857711683       -0.57573027549621        0.31465050271251
c            3.33423576135986        1.04326622395973        0.63573509141812
c            4.12383256620969        0.20542951974306       -0.01126040634686
c            3.65013047566035       -1.10697360873651       -0.53291752243036
n            2.19047963901935       -1.20098358243109       -0.77422596890536
c            1.76902845545664       -0.47592936088195       -1.99223693444847
c            0.25607444730575       -0.36651723212123       -1.83683382857232
o            1.88344147540233       -2.51156733576249       -0.89169282492834
h            1.34521655797906       -1.33374016957375        1.09761373266605
c           -1.34841714630827        1.82138424205875       -0.79726991635484
o           -2.46486713786931        1.40312284896932       -1.01399605657884
o           -0.89913406469344        2.96888806897567       -1.31030231539425
c           -1.79938053456493        3.70155303587391       -2.14168003288606
h           -0.26491198799620        0.86774792572880        3.55933766453444
h           -0.10228412610200       -0.53599507793277        2.52261563311222
h            1.72501027169842        1.89526534013370        2.68555060164350
h            2.12882051110409        0.19465804208401        2.92182708062715
h           -2.14827659242038       -4.42519756434748       -0.43758168423815
h           -4.13305724669476       -3.57766477320780        0.78363176892940
h           -4.11041068206689       -1.28800612432881        1.69871960490838
h           -0.24700430738567       -2.92565746756413       -0.86276045026134
h           -3.02155797574648        0.91053865582444        1.59908336451973
h           -1.15082239701153        2.20148153193675        1.81963545377910
h            1.00360806578733        2.78553435485686        0.67425260084821
h            1.37895924856678        2.04576529482586       -0.87885224682249
h            3.70511261226710        1.98194451933069        1.01959819793323
h            5.17310399383117        0.41308285763761       -0.15862201507251
h            4.13817443454752       -1.37215912155663       -1.47324195245162
h            3.87741843743963       -1.90652853333619        0.18147509801146
h            2.26622303844059        0.49318514487110       -2.02198310944096
h            2.05482057954792       -1.07385570709821       -2.85731488397774
h           -0.22262451722974       -1.25127939403657       -2.25235719309155
h           -0.13227038593131        0.50454910784791       -2.36175399805899
h           -2.67669896480138        4.00553031523769       -1.56875154853204
h           -1.24361884072295        4.56817859650712       -2.48775194089386
h           -2.12479385470228        3.08525111860981       -2.98125188831154
50
 energy: -75.289302036425 gnorm: 0.000172024677 xtb: 6.7.1 (edcfbbe)
c            0.03865991967470        0.54434408112470        2.56258877441115
c            1.51177170159819        0.88194953533076        2.33910511645544
c           -2.17549487669827       -3.40760758929992       -0.07847449296563
c           -3.27815275369106       -2.93782879091594        0.61886169148088
c           -3.27177381448998       -1.65621941328356        1.12506622332984
c           -2.18028875934985       -0.80953051484636        0.91956415901259
c           -1.11652940233178       -1.24257003273110        0.11663563330144
c           -1.11563409589429       -2.55867076562275       -0.33374166378894
n           -2.15138958692778        0.40403247427850        1.58730010981446
c           -0.93233765164434        1.16589913916267        1.53857698618866
c           -0.33398903747546        1.16330981458516        0.10672696469762
c           -0.01624302161851       -0.29336094025489       -0.31065379316137
c            1.02451524419554        1.84282933114008        0.12984590298427
c            1.87787297109848        0.78578815177297        0.84824199392166
c            1.37884216405626       -0.57576595373406        0.31412993176487
c            3.33406342700637        1.04243219890480        0.63640912214350
c            4.12374397020771        0.20430702171439       -0.01009486511800
c            3.64979516422725       -1.10750567688113       -0.53290372060144
n            2.19013916269899       -1.20098703582605       -0.77477555361652
c            1.76930747272684       -0.47480815344614       -1.99241762870484
c            0.25623936724168       -0.36625679153110       -1.83764133194456
o            1.88274389705823       -2.51122670022728       -0.89307691666097
h            1.34425001150157       -1.33391887983541        1.09693270585234
c           -1.34835111857977        1.82210111118218       -0.79797968738775
o           -2.46548478228673        1.40507242507970       -1.01356637008315
o           -0.89813810375405        2.96878414103471       -1.31215212811529
c           -1.79877022405165        3.70265233567613       -2.14218061083098
h           -0.26600354105820        0.86831419659329        3.55868137396581
h           -0.10352827442385       -0.53568323748640        2.52223501957286
h            1.72468308099619        1.89480324152345        2.68549184198264
h            2.12760169898726        0.19396833166187        2.92155482051529
h           -2.14694826701885       -4.42595993956152       -0.43618026503193
h           -4.13058055372411       -3.57985655922970        0.78792553510979
h           -4.10893251393523       -1.28948239607688        1.70132460859726
h           -0.24743949470383       -2.92531460583442       -0.86411747153839
h           -3.02222935685200        0.91019944975619        1.59910535597230
h           -1.15153914894042        2.20181035771865        1.81858374981630
h            1.00337750830578        2.78532282876297        0.67459578851811
h            1.37921144386036        2.04633680954324       -0.87870660108902
h            3.70517896188353        1.98081277720212        1.02076044014095
h            5.17325933508903        0.41144916539529       -0.15647375486379
h            4.13803758762380       -1.37203790006629       -1.47331992811910
h            3.87665678476888       -1.90774301453963        0.18085604891028
h            2.26615803753446        0.49450939505484       -2.02060051597385
h            2.05590240904188       -1.07156377383427       -2.85803118181535
h           -0.22156437951889       -1.25151450325836       -2.25315952799998
h           -0.13254038523893        0.50441298267393       -2.36288401873058
h           -2.67386577039769        4.00941195473544       -1.56710985314856
h           -1.24167090495608        4.56762170654235       -2.49064020961526
h           -2.12789337558080        3.08607295399903       -2.98025144389332
50
 energy: -75.289302276380 gnorm: 0.000154486318 xtb: 6.7.1 (edcfbbe)
c            0.03826472416234        0.54441612274963        2.56229185838808
c            1.51147281561608        0.88169116478195        2.33906793439362
c           -2.17491531153177       -3.40803909418280       -0.07785740284446
c           -3.27733927917490       -2.93862458482866        0.62008669083557
c           -3.27130655794623       -1.65683937766643        1.12583539769861
c           -2.18033621348198       -0.80969905492484        0.91947895861867
c           -1.11668542059550       -1.24253075224060        0.11627742652584
c           -1.11556179824149       -2.55869949502157       -0.33390344309051
n           -2.15167412968381        0.40403409877396        1.58681593046135
c           -0.93266627619973        1.16592912192170        1.53818262386441
c           -0.33406643749098        1.16347409592191        0.10642891493563
c           -0.01644709451102       -0.29322606522139       -0.31098982901256
c            1.02447535188859        1.84294480273723        0.12976515151472
c            1.87756804554308        0.78569737347662        0.84817952107064
c            1.37857825331004       -0.57580106126007        0.31388573908881
c            3.33383469153711        1.04214260018326        0.63668303683300
c            4.12357335593812        0.20393229589506       -0.00965674187358
c            3.64955217272736       -1.10766077348788       -0.53294820293921
n            2.18993858195538       -1.20083223116502       -0.77508391321823
c            1.76924372524817       -0.47424487586222       -1.99252235520955
c            0.25612047636578       -0.36602600980547       -1.83795297129785
o            1.88240666330031       -2.51101062044452       -0.89384582543555
h            1.34387673017797       -1.33407449606293        1.09657105530409
c           -1.34830189472650        1.82261747639802       -0.79818301379003
o           -2.46569634310235        1.40609637111213       -1.01338115230480
o           -0.89757853534769        2.96886503860242       -1.31287554991436
c           -1.79815852890153        3.70319972757399       -2.14253756328760
h           -0.26644785639385        0.86853867672145        3.55831531711464
h           -0.10408521474575       -0.53559232096771        2.52203882146953
h            1.72453800674643        1.89447675219796        2.68555088663109
h            2.12711179559541        0.19353287354633        2.92153287755139
h           -2.14614045006173       -4.42643893869615       -0.43540698944666
h           -4.12935684760378       -3.58100627988938        0.78984117788201
h           -4.10829205852911       -1.29032159480234        1.70248180617385
h           -0.24747353193223       -2.92518663730244       -0.86455059833312
h           -3.02261777796615        0.90996916583220        1.59901584434310
h           -1.15192421031037        2.20183942467034        1.81813165977656
h            1.00330000099983        2.78535346502603        0.67466924976932
h            1.37928245313001        2.04661288137035       -0.87871996543625
h            3.70511476966843        1.98020894121737        1.02164335640530
h            5.17324851692604        0.41072795675973       -0.15537449281578
h            4.13791514802702       -1.37189748341483       -1.47338519487249
h            3.87618494247255       -1.90822136558867        0.18053410953828
h            2.26592836297255        0.49516443744159       -2.02022192590324
h            2.05610301641492       -1.07056907143667       -2.85834282688597
h           -0.22130871491858       -1.25149375105513       -2.25345918046677
h           -0.13289380642142        0.50448459785747       -2.36329574524986
h           -2.67204099273351        4.01195889155799       -1.56659940882600
h           -1.24022746958218        4.56702389573367       -2.49268661093442
h           -2.12939172234880        3.08623842909358       -2.97955807913753
50
 energy: -75.289302281599 gnorm: 0.000255320699 xtb: 6.7.1 (edcfbbe)
c            0.03784077040926        0.54448893225744        2.56198562622684
c            1.51114887213554        0.88141981481432        2.33902739929093
c           -2.17429801288012       -3.40849646580816       -0.07720267535077
c           -3.27647856139063       -2.93946655050978        0.62137774504181
c           -3.27081288655541       -1.65749624732083        1.12664716503398
c           -2.18038508354883       -0.80987864490646        0.91939284921337
c           -1.11684848623580       -1.24248995843918        0.11590410108244
c           -1.11547953084602       -2.55873120666848       -0.33406688322999
n           -2.15197467750773        0.40403615259454        1.58630705769997
c           -0.93301462978809        1.16596297796176        1.53777140592393
c           -0.33415428415610        1.16364677088211        0.10611730969912
c           -0.01666623347390       -0.29308223627544       -0.31134627208765
c            1.02442939069525        1.84306128138144        0.12968773247420
c            1.87724907365853        0.78559950012671        0.84811608758115
c            1.37829724182222       -0.57583563232024        0.31362404289078
c            3.33359793917813        1.04183309254513        0.63698142296012
c            4.12339585710109        0.20353612309687       -0.00919016226230
c            3.64929250059357       -1.10781909953415       -0.53300147910087
n            2.18972418874070       -1.20066258453865       -0.77541411350419
c            1.76917342658758       -0.47364807361584       -1.99263860924149
c            0.25599214214526       -0.36578293955479       -1.83828337859630
o            1.88204906400348       -2.51077871005520       -0.89466335706945
h            1.34348137216909       -1.33423752405042        1.09618393239298
c           -1.34825056303837        1.82316049753450       -0.79840241402926
o           -2.46592341354717        1.40718133621652       -1.01318740877399
o           -0.89698568362410        2.96895053559783       -1.31363620968307
c           -1.79750054988874        3.70377970141007       -2.14291864865084
h           -0.26692340050831        0.86877013657910        3.55793720078509
h           -0.10467935011881       -0.53549985236850        2.52183599291055
h            1.72437923910362        1.89413211577839        2.68561483678708
h            2.12658641982871        0.19307351466774        2.92150548301975
h           -2.14527735161054       -4.42694853352680       -0.43458125709279
h           -4.12805836625819       -3.58222657170541        0.79186844843908
h           -4.10761624050380       -1.29121225851129        1.70370372949180
h           -0.24750336497553       -2.92505000728747       -0.86500258867220
h           -3.02302753501311        0.90972789783535        1.59891510891843
h           -1.15233490683073        2.20187127700756        1.81766231304952
h            1.00321559044609        2.78538068064862        0.67475386104147
h            1.37935485146294        2.04689893660469       -0.87872523441893
h            3.70504803992260        1.97957406727180        1.02257243957510
h            5.17323706749071        0.40997085277345       -0.15422082688444
h            4.13778196732627       -1.37174222775945       -1.47346139636934
h            3.87568382126200       -1.90872276241176        0.18018541640346
h            2.26568232924604        0.49585848806874       -2.01983324404385
h            2.05630964188617       -1.06952076347656       -2.85867564736397
h           -0.22104333340959       -1.25147140240341       -2.25377711793720
h           -0.13327026599741        0.50456018093891       -2.36372963824452
h           -2.67009103755143        4.01467983877645       -1.56606727521854
h           -1.23867667111692        4.56637430906262       -2.49487222027138
h           -2.13097826059885        3.08640598444185       -2.97881428617386
50
 energy: -75.289302497343 gnorm: 0.000117052787 xtb: 6.7.1 (edcfbbe)
c            0.03779243819872        0.54440147174664        2.56214058118245
c            1.51106077607177        0.88145950387464        2.33903475379002
c           -2.17423489183708       -3.40850488226113       -0.07718748156619
c           -3.27653051105211       -2.93942804954984        0.62118129191370
c           -3.27087886358007       -1.65748329402399        1.12652729547796
c           -2.18038428599451       -0.80989835864008        0.91946140136598
c           -1.11680719457804       -1.24251503722769        0.11604815430392
c           -1.11535625877182       -2.55877002271932       -0.33388020725321
n           -2.15196763821472        0.40401114252930        1.58644031216643
c           -0.93300965913996        1.16596255868227        1.53792596694384
c           -0.33424858831699        1.16363038662805        0.10623257736566
c           -0.01670710662420       -0.29306917768312       -0.31128403380365
c            1.02436681994860        1.84298407375919        0.12983523026315
c            1.87730663524347        0.78559085032093        0.84817728607498
c            1.37830064626530       -0.57579183881784        0.31359993360110
c            3.33366500618806        1.04184486521760        0.63708095544695
c            4.12342215250335        0.20363709112186       -0.00923736241008
c            3.64925212759326       -1.10766887231473       -0.53313047100026
n            2.18969622850508       -1.20053884937235       -0.77545878318949
c            1.76906066595033       -0.47369627087421       -1.99272317281992
c            0.25589246214083       -0.36578959487507       -1.83822859126787
o            1.88207932171543       -2.51073172756608       -0.89466579073870
h            1.34353641912918       -1.33420715401149        1.09614493408347
c           -1.34826455305306        1.82308825081972       -0.79844426241501
o           -2.46592775799530        1.40710976881167       -1.01329354749889
o           -0.89702711289042        2.96899636944069       -1.31342089337552
c           -1.79728154408106        3.70374950277511       -2.14298390644493
h           -0.26695864293106        0.86860906786452        3.55812628601203
h           -0.10468470839181       -0.53559426256039        2.52191642153547
h            1.72430349400415        1.89415973762297        2.68566273067445
h            2.12653549782504        0.19310919547340        2.92144186226273
h           -2.14515429884298       -4.42698214509843       -0.43449257562107
h           -4.12811229062034       -3.58220414093688        0.79161788388683
h           -4.10774333465489       -1.29120967888602        1.70350180248409
h           -0.24733906091602       -2.92504724619234       -0.86478509497546
h           -3.02298754926388        0.90978410551994        1.59878280696848
h           -1.15235333366074        2.20185001441425        1.81789393714658
h            1.00319184844395        2.78532672406156        0.67485757910827
h            1.37929679423519        2.04676692224905       -0.87857891986033
h            3.70503818894882        1.97969604887905        1.02247374422549
h            5.17320183948432        0.41018473375025       -0.15452361735828
h            4.13771228156713       -1.37160723714627       -1.47360265223297
h            3.87567664736234       -1.90854776800377        0.18006592387469
h            2.26559552823032        0.49579583125422       -2.02015407626051
h            2.05607279958491       -1.06974195302163       -2.85868525986003
h           -0.22126562487075       -1.25141183250480       -2.25372253631425
h           -0.13334282403948        0.50460688733554       -2.36359374093143
h           -2.66982114693148        4.01502278736285       -1.56631426522864
h           -1.23821683425835        4.56606399500923       -2.49515178948334
h           -2.13075287738778        3.08613225158917       -2.97866225658694
50
 energy: -75.289302788529 gnorm: 0.000110225031 xtb: 6.7.1 (edcfbbe)
c            0.03768840734007        0.54409403822656        2.56238976252280
c            1.51091233646467        0.88133990125076        2.33917237901828
c           -2.17393962693042       -3.40862747939350       -0.07698975247394
c           -3.27652801946065       -2.93949695044676        0.62088814204990
c           -3.27105011733665       -1.65755713838292        1.12627365559326
c           -2.18046139485394       -0.80998545021669        0.91961220662095
c           -1.11673812158298       -1.24258067461082        0.11641667618455
c           -1.11501564630885       -2.55887590322905       -0.33339072127949
n           -2.15211508436177        0.40392572487570        1.58673195284635
c           -0.93311047970836        1.16588304925445        1.53831382655175
c           -0.33442959467347        1.16360182379748        0.10661935757417
c           -0.01683501255238       -0.29303033071564       -0.31110420539934
c            1.02422159701702        1.84289411216032        0.13015225455000
c            1.87731824884123        0.78558571931063        0.84836045738797
c            1.37827943003487       -0.57570251032326        0.31355390708597
c            3.33365667940926        1.04199382589339        0.63721160539421
c            4.12333175510706        0.20406069781013       -0.00953414972824
c            3.64910463556223       -1.10719942647481       -0.53352007441114
n            2.18957718568751       -1.20020712357582       -0.77560122184296
c            1.76865731061444       -0.47380222939180       -1.99295355422068
c            0.25553208202587       -0.36575960774464       -1.83809707775238
o            1.88217642848336       -2.51060536076192       -0.89469773159881
h            1.34366214338053       -1.33419716539550        1.09602675138175
c           -1.34834379606722        1.82316982292764       -0.79812578833720
o           -2.46585760193777        1.40704915676736       -1.01350246009393
o           -0.89693806032831        2.96914442917240       -1.31275493697476
c           -1.79642288285825        3.70370202900716       -2.14327146297849
h           -0.26704006036778        0.86809557415002        3.55845214871383
h           -0.10470301066422       -0.53590736599490        2.52196962080458
h            1.72408080773908        1.89402279969799        2.68590353899605
h            2.12645855984324        0.19299958930732        2.92149432653419
h           -2.14463365844662       -4.42718378407994       -0.43405765635222
h           -4.12811697822091       -3.58232357862543        0.79112126810024
h           -4.10811281374669       -1.29132318397942        1.70298389125305
h           -0.24681096206656       -2.92504700090923       -0.86407680485801
h           -3.02303749211789        0.90993256473155        1.59821328606308
h           -1.15247347445428        2.20171414088766        1.81849119021968
h            1.00313276302938        2.78527023464996        0.67510370078575
h            1.37908711526256        2.04658141380860       -0.87830147827578
h            3.70491488680350        1.97993494617836        1.02249232781459
h            5.17301214031762        0.41080986423223       -0.15521668808731
h            4.13747989573867       -1.37112983905589       -1.47403575892721
h            3.87568283526789       -1.90802865522634        0.17967570501886
h            2.26523424810452        0.49566601053936       -2.02102516843410
h            2.05533623936676       -1.07028754489618       -2.85873138356881
h           -0.22192950660662       -1.25121279467746       -2.25360076847869
h           -0.13359933513390        0.50476776249863       -2.36330232395698
h           -2.66857234303618        4.01678250151808       -1.56708203687831
h           -1.23644832743070        4.56487308876828       -2.49664053860463
h           -2.13057620394726        3.08531102051205       -2.97804383189065
50
 energy: -75.289302802241 gnorm: 0.000285050599 xtb: 6.7.1 (edcfbbe)
c            0.03758437648142        0.54378660470648        2.56263894386314
c            1.51076389685757        0.88122029862689        2.33931000424654
c           -2.17364436202376       -3.40875007652586       -0.07679202338169
c           -3.27652552786919       -2.93956585134367        0.62059499218610
c           -3.27122137109322       -1.65763098274184        1.12602001570857
c           -2.18053850371338       -0.81007254179330        0.91976301187591
c           -1.11666904858793       -1.24264631199395        0.11678519806518
c           -1.11467503384587       -2.55898178373878       -0.33290123530578
n           -2.15226253050883        0.40384030722210        1.58702359352627
c           -0.93321130027677        1.16580353982663        1.53870168615966
c           -0.33461060102994        1.16357326096692        0.10700613778267
c           -0.01696291848056       -0.29299148374815       -0.31092437699502
c            1.02407637408544        1.84280415056145        0.13046927883686
c            1.87732986243898        0.78558058830033        0.84854362870096
c            1.37825821380444       -0.57561318182868        0.31350788057083
c            3.33364835263047        1.04214278656918        0.63734225534146
c            4.12324135771077        0.20448430449841       -0.00983093704641
c            3.64895714353119       -1.10672998063490       -0.53390967782202
n            2.18945814286994       -1.19987539777928       -0.77574366049642
c            1.76825395527854       -0.47390818790939       -1.99318393562144
c            0.25517170191091       -0.36572962061420       -1.83796556423688
o            1.88227353525128       -2.51047899395776       -0.89472967245891
h            1.34378786763189       -1.33418717677951        1.09590856868002
c           -1.34842303908139        1.82325139503556       -0.79780731425940
o           -2.46578744588024        1.40698854472304       -1.01371137268897
o           -0.89684900776619        2.96929248890411       -1.31208898057400
c           -1.79556422163545        3.70365455523921       -2.14355901951205
h           -0.26712147780450        0.86758208043552        3.55877801141564
h           -0.10472131293663       -0.53622046942940        2.52202282007370
h            1.72385812147401        1.89388586177302        2.68614434731764
h            2.12638162186143        0.19288998314124        2.92154679080565
h           -2.14411301805026       -4.42738542306144       -0.43362273708338
h           -4.12812166582148       -3.58244301631398        0.79062465231366
h           -4.10848229283850       -1.29143668907282        1.70246598002201
h           -0.24628286321710       -2.92504675562612       -0.86336851474056
h           -3.02308743497191        0.91008102394317        1.59764376515768
h           -1.15259361524783        2.20157826736107        1.81908844329277
h            1.00307367761481        2.78521374523836        0.67534982246323
h            1.37887743628992        2.04639590536814       -0.87802403669123
h            3.70479158465818        1.98017384347767        1.02251091140370
h            5.17282244115093        0.41143499471420       -0.15590975881633
h            4.13724750991020       -1.37065244096551       -1.47446886562146
h            3.87568902317344       -1.90750954244891        0.17928548616303
h            2.26487296797873        0.49553618982451       -2.02189626060769
h            2.05459967914860       -1.07083313677072       -2.85877750727759
h           -0.22259338834250       -1.25101375685012       -2.25347900064312
h           -0.13385584622831        0.50492863766172       -2.36301090698253
h           -2.66732353914088        4.01854221567332       -1.56784980852799
h           -1.23467982060304        4.56368218252732       -2.49812928772593
h           -2.13039953050674        3.08448978943493       -2.97742540719437
50
 energy: -75.289303054633 gnorm: 0.000210638862 xtb: 6.7.1 (edcfbbe)
c            0.03733335798912        0.54366972893862        2.56252898766880
c            1.51056404587405        0.88099171057153        2.33938087589153
c           -2.17328879674997       -3.40903899259034       -0.07632713364674
c           -3.27610124725199       -2.94001908438341        0.62127893522463
c           -3.27103353627921       -1.65796613347355        1.12640312822699
c           -2.18061871358864       -0.81017434370573        0.91972942393647
c           -1.11676717754989       -1.24265235731437        0.11667926818378
c           -1.11459629032322       -2.55904541293816       -0.33284744241225
n           -2.15247207716597        0.40383086034617        1.58679199838397
c           -0.93337229814635        1.16571244902969        1.53851116355749
c           -0.33463799190179        1.16366040178246        0.10685904948931
c           -0.01706522927672       -0.29294593247775       -0.31096112814309
c            1.02404946266958        1.84288682277513        0.13052900876901
c            1.87713009176514        0.78551078943751        0.84859591923199
c            1.37816215472086       -0.57566531460950        0.31342906803398
c            3.33345078873504        1.04207300218862        0.63750108436880
c            4.12308552320414        0.20449674319997       -0.00975144290270
c            3.64888553829585       -1.10665300767637       -0.53407552872436
n            2.18937891552091       -1.19979839746847       -0.77591161341047
c            1.76806014462964       -0.47362582165307       -1.99320766611875
c            0.25495731138459       -0.36555640671622       -1.83800284748920
o            1.88223155502246       -2.51037062994532       -0.89507105344306
h            1.34366926218388       -1.33435402353890        1.09572124738178
c           -1.34821279200801        1.82332548523414       -0.79822323980989
o           -2.46583181663559        1.40753426662413       -1.01369805999894
o           -0.89641723637783        2.96927520835974       -1.31251355222886
c           -1.79502417275932        3.70397395228068       -2.14383336627100
h           -0.26739026517114        0.86743794851450        3.55867101034794
h           -0.10506129079499       -0.53632185772835        2.52185585750686
h            1.72370239207978        1.89361700741754        2.68630806834652
h            2.12608595074982        0.19256269083071        2.92161962977288
h           -2.14363992927585       -4.42768527271594       -0.43311082401938
h           -4.12754480169462       -3.58303739391373        0.79151820085248
h           -4.10827420196247       -1.29185224861395        1.70292648079090
h           -0.24623165598927       -2.92501105782144       -0.86342181541530
h           -3.02329587320542        0.91005916578372        1.59729969773054
h           -1.15272364357535        2.20147938726253        1.81891784155762
h            1.00299726737194        2.78525838380760        0.67548923367735
h            1.37893139959316        2.04656057150216       -0.87791923766894
h            3.70464134082379        1.97993472941308        1.02303749963943
h            5.17270987668249        0.41139911839054       -0.15559667956229
h            4.13715455977914       -1.37031988918540       -1.47471802672501
h            3.87567224680838       -1.90761428520326        0.17891007596809
h            2.26459379399310        0.49586114235474       -2.02173156979731
h            2.05447745520937       -1.07033964317236       -2.85892072040645
h           -0.22268824827249       -1.25092471606158       -2.25347911863711
h           -0.13424503167897        0.50505921158439       -2.36301114780515
h           -2.66580410793441        4.02066535350732       -1.56756458513557
h           -1.23334796174299        4.56291789052436       -2.49989926043321
h           -2.13153992153305        3.08435294507174       -2.97672933067241
50
 energy: -75.289303306740 gnorm: 0.000098346082 xtb: 6.7.1 (edcfbbe)
c            0.03700693289474        0.54343491637016        2.56229700382816
c            1.51032106175181        0.88061344823001        2.33950106718099
c           -2.17289627661881       -3.40935576335539       -0.07573490894878
c           -3.27561663744956       -2.94053184608167        0.62214596746204
c           -3.27083146613762       -1.65832932840073        1.12687955300534
c           -2.18074319695542       -0.81025726360976        0.91968874500807
c           -1.11688812728820       -1.24263186537841        0.11657201606481
c           -1.11452287061105       -2.55910306637944       -0.33274861099618
n           -2.15281372252529        0.40387670811890        1.58649445525530
c           -0.93364004308394        1.16561659331604        1.53831422251190
c           -0.33468732529601        1.16377107082500        0.10674983170464
c           -0.01718237150269       -0.29287860563796       -0.31103736193904
c            1.02400395754190        1.84298276623415        0.13066900255884
c            1.87687859693416        0.78538905032937        0.84868985952977
c            1.37803037430673       -0.57574428649034        0.31335066601092
c            3.33317710555702        1.04201154488689        0.63767302661679
c            4.12286747069689        0.20459747111830       -0.00974826574640
c            3.64885472749315       -1.10649777907497       -0.53436533888323
n            2.18929141033520       -1.19978809851875       -0.77612095366317
c            1.76787235742715       -0.47329484573250       -1.99325538665918
c            0.25475901920093       -0.36546419777572       -1.83808392054359
o            1.88223102716438       -2.51025768180902       -0.89542601763816
h            1.34350100785335       -1.33457866292775        1.09550944103619
c           -1.34816701166641        1.82374023742443       -0.79820156047663
o           -2.46586689062283        1.40820398161630       -1.01370776925827
o           -0.89591730743609        2.96933584625222       -1.31292236423878
c           -1.79430989937929        3.70431119791757       -2.14429045886624
h           -0.26779107029188        0.86711985003211        3.55843727447746
h           -0.10548986488222       -0.53653637415839        2.52150228986984
h            1.72347414354453        1.89318104638505        2.68658540111220
h            2.12570947798347        0.19204465336435        2.92174092857734
h           -2.14309610386739       -4.42803026690734       -0.43241818487185
h           -4.12684465462507       -3.58374139476344        0.79272195537544
h           -4.10802956130450       -1.29230565325853        1.70351931628954
h           -0.24619753626024       -2.92498912946347       -0.86343465093827
h           -3.02361911552251        0.91012129380773        1.59671129020051
h           -1.15287595843004        2.20138590651785        1.81878462123970
h            1.00288496033252        2.78523467350302        0.67584683293989
h            1.37901570955147        2.04688163291214       -0.87769358627126
h            3.70442368857365        1.97965746552136        1.02368509154998
h            5.17252773824049        0.41151932986552       -0.15533599949668
h            4.13704731337667       -1.36974173281781       -1.47516824438324
h            3.87583861117279       -1.90770572380399        0.17829323325487
h            2.26426314414357        0.49626471905434       -2.02139077284086
h            2.05443734475276       -1.06964744928504       -2.85916309756824
h           -0.22268531293548       -1.25097452459325       -2.25349955939172
h           -0.13462918010801        0.50503261573856       -2.36316548077398
h           -2.66373059203396        4.02350188370166       -1.56726392614321
h           -1.23155070619286        4.56174585988275       -2.50244724346290
h           -2.13309625156116        3.08394452112409       -2.97577306499895
50
 energy: -75.289303498146 gnorm: 0.000100758632 xtb: 6.7.1 (edcfbbe)
c            0.03669498532948        0.54304560463410        2.56227158957883
c            1.51005633946063        0.88018789709039        2.33972333103376
c           -2.17254498630298       -3.40960387639625       -0.07520630245338
c           -3.27535375663587       -2.94085991797514        0.62258967461158
c           -3.27082228259365       -1.65855570972477        1.12707095953717
c           -2.18088054063049       -0.81033160342979        0.91975213858653
c           -1.11693926543321       -1.24266219078928        0.11673259898554
c           -1.11433203616130       -2.55920388433423       -0.33238002622926
n           -2.15315329660428        0.40392856958943        1.58643096528249
c           -0.93386844980436        1.16552158857746        1.53839522811026
c           -0.33476313392758        1.16379058217897        0.10688978420064
c           -0.01732360551705       -0.29285536525951       -0.31099538520646
c            1.02392245372362        1.84300252901214        0.13094303772942
c            1.87670911847429        0.78530224010200        0.84890814843962
c            1.37793305409217       -0.57573179661168        0.31329290653505
c            3.33296939148293        1.04209305872565        0.63786058044174
c            4.12265535183990        0.20499105403398       -0.00996941691952
c            3.64880071256083       -1.10604314594377       -0.53485170088792
n            2.18917915045213       -1.19962055142936       -0.77634671807809
c            1.76752125844497       -0.47308801666416       -1.99340726046897
c            0.25443003676385       -0.36542827985667       -1.83807281971287
o            1.88233685180342       -2.51008946381620       -0.89564957666085
h            1.34346130678249       -1.33472519665240        1.09530376871379
c           -1.34802838641270        1.82389300169008       -0.79819405116508
o           -2.46579504807747        1.40858692373359       -1.01380364212172
o           -0.89543097427559        2.96934562876277       -1.31293756492226
c           -1.79335526518408        3.70445133512146       -2.14473507947115
h           -0.26818634315402        0.86648489967577        3.55846344406206
h           -0.10581612329977       -0.53690950242312        2.52120533321660
h            1.72315944857581        1.89268977587408        2.68701543500287
h            2.12536165771637        0.19150323019264        2.92192195387658
h           -2.14252645715877       -4.42835467430387       -0.43165222659476
h           -4.12645306668280       -3.58420490864007        0.79329488296317
h           -4.10808863732084       -1.29257822917315        1.70363845219464
h           -0.24591420266050       -2.92503585190261       -0.86295551809010
h           -3.02386753088825        0.91036831097024        1.59579645490599
h           -1.15297726346690        2.20127223130454        1.81903993886097
h            1.00277111436126        2.78516264802610        0.67627722331726
h            1.37901316347115        2.04705039474668       -0.87736796230021
h            3.70419683698170        1.97961864109080        1.02418354215983
h            5.17228079673730        0.41208297288889       -0.15559428732453
h            4.13685739251925       -1.36888616447323       -1.47583600076126
h            3.87612382112717       -1.90741494668852        0.17751494221844
h            2.26379475141065        0.49653027998423       -2.02150459075194
h            2.05405826568493       -1.06934573636573       -2.85938932231509
h           -0.22297032556568       -1.25099722563228       -2.25341643111785
h           -0.13509871016965        0.50501674592910       -2.36313622203903
h           -2.66144034662944        4.02659262826926       -1.56732072346057
h           -1.22929120168619        4.56005382118471       -2.50525142899801
h           -2.13436789731210        3.08309438892294       -2.97457569285227
50
 energy: -75.289303669104 gnorm: 0.000072773486 xtb: 6.7.1 (edcfbbe)
c            0.03640385927454        0.54264922318048        2.56229219080177
c            1.50978720884804        0.87983768183345        2.33990309896125
c           -2.17228579444578       -3.40978156540476       -0.07472896029797
c           -3.27520307145464       -2.94105806023720        0.62291165142944
c           -3.27085204221702       -1.65867381256397        1.12719659439016
c           -2.18099838023479       -0.81035956252797        0.91980660747928
c           -1.11696837581713       -1.24267834087570        0.11691199464359
c           -1.11416054678433       -2.55929704012355       -0.33198276241285
n           -2.15343291385799        0.40400769512124        1.58639914357992
c           -0.93402851297587        1.16542471926380        1.53848300464455
c           -0.33485593658648        1.16380882167740        0.10700980581260
c           -0.01741852228469       -0.29283724585824       -0.31091656390430
c            1.02384101377755        1.84297516936042        0.13128068791398
c            1.87661149576050        0.78518105969580        0.84911968216898
c            1.37790451171976       -0.57575390653540        0.31322829509905
c            3.33285778355128        1.04211860974814        0.63814298176022
c            4.12254227160643        0.20534038554315       -0.01009939594017
c            3.64882391429991       -1.10558927136766       -0.53534466275304
n            2.18915089163041       -1.19944706146371       -0.77657431239085
c            1.76722283564086       -0.47287132277146       -1.99353671325475
c            0.25414547628145       -0.36546369457748       -1.83802082570597
o            1.88250817035728       -2.50992018416453       -0.89589942065088
h            1.34351097769470       -1.33490606227521        1.09509011697594
c           -1.34798306922485        1.82407333183450       -0.79810236585175
o           -2.46577591161908        1.40890638006396       -1.01386574025867
o           -0.89505024308562        2.96933414461922       -1.31297950504089
c           -1.79256166859896        3.70449444511729       -2.14517116520170
h           -0.26855357643246        0.86583818271247        3.55854363007249
h           -0.10613405368504       -0.53729190671364        2.52094118269241
h            1.72288955299429        1.89226647453840        2.68741579633877
h            2.12502203469061        0.19102497031987        2.92201532939241
h           -2.14212432213970       -4.42858873772378       -0.43100475719354
h           -4.12623224519598       -3.58447992934083        0.79367492237063
h           -4.10817495619835       -1.29270603322109        1.70368590015064
h           -0.24568289736623       -2.92508975564640       -0.86249518140750
h           -3.02403579500645        0.91067973244639        1.59486210696099
h           -1.15299995690163        2.20115881403827        1.81928335586852
h            1.00265081801537        2.78505489603859        0.67675256836209
h            1.37902372746100        2.04717160662772       -0.87696158228462
h            3.70400936326425        1.97960364913899        1.02463667869438
h            5.17210237078878        0.41266704112264       -0.15587076886630
h            4.13673444454778       -1.36800550799927       -1.47652445414380
h            3.87648879843359       -1.90713834997075        0.17670835216168
h            2.26334142575397        0.49682571356779       -2.02159736219347
h            2.05375421696299       -1.06901909460511       -2.85959532737086
h           -0.22316019638317       -1.25114722256679       -2.25323567580570
h           -0.13559122671554        0.50487245983430       -2.36310694689874
h           -2.65931239050739        4.02943622891456       -1.56735451871004
h           -1.22731726844087        4.55832288562448       -2.50799312270434
h           -2.13573516295448        3.08216409037735       -2.97336722382133
50
 energy: -75.289303790801 gnorm: 0.000048301451 xtb: 6.7.1 (edcfbbe)
c            0.03622857985659        0.54237385414377        2.56231422516830
c            1.50962657385771        0.87958166998226        2.34003260551568
c           -2.17220098920994       -3.40983101422237       -0.07448087467750
c           -3.27520820940707       -2.94107478725490        0.62299831303092
c           -3.27091521984423       -1.65866222365802        1.12721637675778
c           -2.18105415401518       -0.81034888473340        0.91986937454909
c           -1.11695824860840       -1.24269042280313        0.11708445183790
c           -1.11405684622668       -2.55935614531226       -0.33167893831690
n           -2.15359200413858        0.40409318967167        1.58641562855627
c           -0.93410803633723        1.16539828630864        1.53857580719983
c           -0.33489014564477        1.16379325015296        0.10711644116763
c           -0.01746926928400       -0.29284169604685       -0.31088270879008
c            1.02381632835733        1.84293299604205        0.13149426889742
c            1.87659119078956        0.78511436141795        0.84927644231701
c            1.37790119598729       -0.57573549538956        0.31318045921501
c            3.33283154042175        1.04214381574427        0.63837358858664
c            4.12250973921775        0.20558318382454       -0.01014471954964
c            3.64884563497127       -1.10524444604421       -0.53569085825355
n            2.18914355253680       -1.19925972869797       -0.77674460976913
c            1.76706910199827       -0.47266914412314       -1.99365019215794
c            0.25399714752135       -0.36555592676641       -1.83800261604029
o            1.88262663409033       -2.50975236862424       -0.89611525713469
h            1.34358130410938       -1.33499656051484        1.09494133496588
c           -1.34792560694132        1.82409941622254       -0.79806507957329
o           -2.46579149006489        1.40907760807884       -1.01374892705216
o           -0.89480979938100        2.96921389529308       -1.31310153347938
c           -1.79214111682482        3.70440803396415       -2.14543805187120
h           -0.26878729840600        0.86538876421883        3.55860419061426
h           -0.10631757772553       -0.53756014049477        2.52076188782294
h            1.72272392772620        1.89195622495120        2.68770371945208
h            2.12481825991961        0.19068191108901        2.92208389160960
h           -2.14195432696054       -4.42868895863045       -0.43060742901311
h           -4.12619956607244       -3.58453450945718        0.79381133664537
h           -4.10827160733709       -1.29267164429709        1.70364101535545
h           -0.24552740744127       -2.92516072499159       -0.86210545382676
h           -3.02410559495712        0.91094956914605        1.59416766268274
h           -1.15297850021243        2.20112614160717        1.81949297058386
h            1.00260697423898        2.78496056788313        0.67705220949896
h            1.37906098935993        2.04722622722717       -0.87670577371418
h            3.70393621241754        1.97958102965983        1.02502572965229
h            5.17204378377677        0.41302260072087       -0.15594688706225
h            4.13666827524613       -1.36735080857795       -1.47700390698642
h            3.87672816105726       -1.90693916362793        0.17612490150435
h            2.26303008240479        0.49710990557680       -2.02166446351126
h            2.05363454919445       -1.06871723497179       -2.85976765835918
h           -0.22315621106849       -1.25137634584744       -2.25310495082754
h           -0.13595036597403        0.50464934791264       -2.36313481476398
h           -2.65781744428088        4.03138666782163       -1.56719903068813
h           -1.22611289669428        4.55693143952608       -2.51004070023996
h           -2.13702167975805        3.08136916072649       -2.97236703386704
50
 energy: -75.289303883102 gnorm: 0.000040808960 xtb: 6.7.1 (edcfbbe)
c            0.03615847082400        0.54219978269984        2.56234898164635
c            1.50955410967880        0.87944166269836        2.34010988580131
c           -2.17219842562258       -3.40982119300716       -0.07435768745467
c           -3.27527035924594       -2.94101132601905        0.62298474936158
c           -3.27097977378358       -1.65858878934969        1.12717750872407
c           -2.18108070721040       -0.81031418361516        0.91989230380821
c           -1.11694079232791       -1.24268970188642        0.11719258065517
c           -1.11400975993193       -2.55938482599438       -0.33149255396582
n           -2.15365559732414        0.40415737410333        1.58645574319510
c           -0.93410164410346        1.16536129060836        1.53863272135271
c           -0.33488006063859        1.16378303529167        0.10717140573307
c           -0.01745841169973       -0.29285667208567       -0.31082522482114
c            1.02382611606071        1.84291593411730        0.13163380815702
c            1.87660424234877        0.78507153720998        0.84937144983318
c            1.37795804548706       -0.57574203099527        0.31315281212471
c            3.33285344026723        1.04213532532649        0.63856226739445
c            4.12253929864552        0.20570346739705       -0.01010754435995
c            3.64890218626998       -1.10503623664804       -0.53590132087502
n            2.18919173001842       -1.19912139702424       -0.77685633306858
c            1.76698041586244       -0.47249657578465       -1.99368672682908
c            0.25390342336254       -0.36561581574917       -1.83795778894858
o            1.88273052472788       -2.50963482976173       -0.89629756404657
h            1.34370715172750       -1.33508079945601        1.09483991812839
c           -1.34789709243037        1.82409303803568       -0.79802695308455
o           -2.46582858581445        1.40916043729767       -1.01356219727329
o           -0.89469217555046        2.96907219669188       -1.31327534214548
c           -1.79201365757814        3.70425521485374       -2.14561679292209
h           -0.26889124201635        0.86509818050685        3.55866763350769
h           -0.10639380216598       -0.53772728514805        2.52066004181995
h            1.72264750966181        1.89178285583319        2.68788348899071
h            2.12472590795426        0.19048770672311        2.92211311770237
h           -2.14194875908524       -4.42869313376260       -0.43044395425813
h           -4.12630863699463       -3.58443091988527        0.79370980634139
h           -4.10836986748866       -1.29254580799045        1.70351915219917
h           -0.24543745162207       -2.92522074919635       -0.86183151761628
h           -3.02409368372017        0.91116896544864        1.59368376968002
h           -1.15288966083625        2.20108830806539        1.81961602563188
h            1.00259627930007        2.78491744766661        0.67723760175233
h            1.37910502934724        2.04726543880385       -0.87653969903792
h            3.70392840113450        1.97953132613992        1.02534187823454
h            5.17206202309953        0.41320123074203       -0.15590590251409
h            4.13667250182721       -1.36691281643652       -1.47730558666765
h            3.87691408629168       -1.90684901915169        0.17573787387879
h            2.26280926558792        0.49735030384169       -2.02166311336752
h            2.05358425372599       -1.06844737806027       -2.85985803775235
h           -0.22309556555256       -1.25157425749096       -2.25294328440158
h           -0.13625377220048        0.50446450417293       -2.36313820299182
h           -2.65685390351006        4.03268358466824       -1.56696849485916
h           -1.22549486260170        4.55585009619779       -2.51158711358061
h           -2.13821803591435        3.08069024318335       -2.97158122515055
