$hessian                                                                        
        0.4836104066   0.0229220171  -0.0165596330  -0.0928437383   0.0453087390
        0.0228399589   0.0062432910  -0.0032712172  -0.0024520898   0.0004204947
        0.0003210613   0.0002133817  -0.0140711835  -0.0114986617   0.0124789068
       -0.0691198344  -0.0091496430   0.0223191315  -0.1305188091  -0.0010923267
       -0.0489508418  -0.0252471562  -0.0109884776  -0.0032096193  -0.0116110983
        0.0073345633   0.0214875884  -0.0871707360  -0.0513723742   0.0046032104
       -0.0017970125  -0.0021074966   0.0014831635  -0.0241521442   0.0147377616
        0.0050673521  -0.0009532739   0.0009534359  -0.0021285444  -0.0067423438
        0.0074562082   0.0067537651   0.0058287435   0.0210053812  -0.0017550887
        0.0004001812  -0.0001469564   0.0005537294  -0.0005119751  -0.0024891319
        0.0000835340  -0.0001857552  -0.0005580590  -0.0001644515   0.0000428527
       -0.0001779749   0.0000576860   0.0000602562  -0.0000388629  -0.0000744468
       -0.0022116427  -0.0029129735  -0.0005570837   0.0059145803   0.0054214089
       -0.0165733719  -0.0158985862   0.0030713683  -0.0096304065   0.0032871673
        0.0002675311   0.0011161975  -0.0004872951   0.0000737659   0.0005826605
       -0.0155011679  -0.0207602875  -0.0008168388  -0.0068385012  -0.0102350589
        0.0034063779   0.0001886447  -0.0000347762   0.0002061104  -0.0006140163
       -0.0005434290  -0.0003162842  -0.0003352978  -0.0022189721  -0.0002987289
       -0.0001166176   0.0007310612   0.0001506534   0.0007743044   0.0003007817
        0.0005168083   0.0000977762  -0.0000505063  -0.0000280907   0.0000753938
       -0.0000713679  -0.0003655216  -0.0000159072  -0.0001865313  -0.0000391742
        0.0229220171   0.4716109288  -0.0031598053   0.0404561360  -0.1069737050
       -0.0235971152   0.0122074385  -0.0271661784  -0.0063613594   0.0016149094
        0.0026499509  -0.0008210498  -0.0189746172  -0.0115719355   0.0179826259
       -0.0082401197  -0.0626186648   0.0226327930  -0.0000779385  -0.0624911696
       -0.0014126792  -0.0194996846  -0.0039229666  -0.0042612428   0.0153380272
       -0.0025210793  -0.0256325475  -0.0473245111  -0.1315924868   0.0084084654
       -0.0019768269  -0.0019621062   0.0019652641   0.0076590774   0.0012759209
        0.0026118782  -0.0016104534  -0.0012700194   0.0001913391   0.0022162878
       -0.0007256627  -0.0023233133   0.0008352031  -0.0412674481  -0.0020232971
       -0.0003947130   0.0001796018  -0.0001643434  -0.0016499973  -0.0049414757
       -0.0003220738  -0.0001655311  -0.0002475356  -0.0002553169   0.0000017079
       -0.0001448782   0.0001140443   0.0002360909   0.0001259046  -0.0003089657
       -0.0037992829  -0.0040574550  -0.0003344619  -0.0022117086  -0.0008868085
        0.0047442412   0.0213245892   0.0004644856   0.0137798848  -0.0058678282
       -0.0004416176  -0.0043115675   0.0001765703   0.0004131110  -0.0004996044
       -0.0068744609  -0.0052055127  -0.0011153686  -0.0056274137  -0.0064994214
        0.0040494584   0.0000235553  -0.0000228955   0.0000377241  -0.0008385087
       -0.0006241023  -0.0001861062  -0.0003150327  -0.0002932501  -0.0000422323
       -0.0000705169   0.0000805311   0.0000975508   0.0006345031   0.0007530738
        0.0004718479   0.0000351256  -0.0001786587   0.0000939355  -0.0000394203
        0.0000936101   0.0000098537  -0.0001226727  -0.0000200847  -0.0000584563
       -0.0165596330  -0.0031598053   0.4391983333   0.0153476807  -0.0177011205
       -0.0694174949  -0.0012811565   0.0005886035   0.0016918390  -0.0001093691
        0.0001517560   0.0001219326   0.0087067493   0.0088000452  -0.0040526643
        0.0286498871   0.0240822782  -0.1393715814  -0.0496611632  -0.0025361024
       -0.0990995093   0.0003684893  -0.0045174024   0.0054304739   0.0134629837
       -0.0096053535  -0.0149393730   0.0035427316   0.0107625572  -0.0654951604
        0.0009844037   0.0016427646  -0.0012591352  -0.0047610430   0.0086566461
        0.0051548621  -0.0009715347  -0.0001378309   0.0000461948   0.0193431766
       -0.0213103200  -0.0159963731  -0.0006389132  -0.0066612362   0.0028341319
        0.0003256212  -0.0003354506   0.0000277542  -0.0000054375   0.0010402886
       -0.0000438363  -0.0001656475  -0.0001482338  -0.0001715686   0.0000562297
        0.0001117693  -0.0000932941  -0.0000593495  -0.0002030090  -0.0000009395
       -0.0005243173   0.0006258467  -0.0004382658   0.0056043928   0.0064183749
       -0.0202868390  -0.0030084413   0.0013922558  -0.0006999311  -0.0215838922
       -0.0031425200  -0.0178804875  -0.0001810212  -0.0004383061   0.0009521679
       -0.0129042509  -0.0167066851   0.0000694333   0.0162068196   0.0234762370
       -0.0057778440   0.0000353386  -0.0000871887  -0.0002072760   0.0003036255
        0.0007112084   0.0002652213  -0.0001997688  -0.0007470538   0.0000563744
        0.0000566325   0.0000845050  -0.0000070823  -0.0002186655  -0.0009974796
       -0.0000243792  -0.0000413903   0.0001962123  -0.0000615569  -0.0001423985
       -0.0001699907  -0.0003539290   0.0000226315  -0.0001362603  -0.0001701981
       -0.0928437383   0.0404561360   0.0153476807   0.4596982233   0.0128065957
       -0.0053983679  -0.0788424569  -0.0391434769   0.0001184904  -0.0090295387
       -0.0136627269   0.0040693475   0.0013748474  -0.0004750772  -0.0011660888
       -0.0078449912   0.0068613797   0.0064083152  -0.0231962087   0.0185865438
        0.0008136969   0.0001793772   0.0004648058  -0.0003459526  -0.0006310695
       -0.0000768348   0.0016390387   0.0053109605  -0.0018222973  -0.0016828880
       -0.0001696254  -0.0002544871  -0.0000388386  -0.1583730537  -0.0029265819
       -0.0437924460  -0.0400715439  -0.0056502004  -0.0027872081  -0.0446732936
       -0.0047411290   0.0329055042   0.0004176730  -0.0041640624  -0.0001564212
       -0.0034378666   0.0005544027  -0.0053168932   0.0071678235   0.0163634050
       -0.0006524865  -0.0095796960  -0.0196204721  -0.0014703774   0.0001724293
        0.0000300259  -0.0000443205  -0.0017025449  -0.0009682508   0.0030187658
        0.0002430341  -0.0000210448  -0.0000862158   0.0004566563   0.0000627443
       -0.0006929110  -0.0043781515   0.0001846393  -0.0017278087   0.0008024936
        0.0006643790   0.0013067734  -0.0000455507   0.0000177701   0.0000187126
        0.0000189313  -0.0005897193  -0.0002583056   0.0002908997  -0.0007419852
       -0.0001041366   0.0000186588   0.0000361636   0.0000143057   0.0000328773
       -0.0000937372  -0.0000074690  -0.0023333909  -0.0030616669   0.0011075920
        0.0002792654   0.0015061560  -0.0016724645  -0.0001489488   0.0000229537
        0.0002067604   0.0003982951  -0.0001678138   0.0004637347  -0.0002285631
        0.0000559916   0.0000504312   0.0006677864  -0.0004925280  -0.0000875496
        0.0453087390  -0.1069737050  -0.0177011205   0.0128065957   0.4219066265
       -0.0188429224  -0.0426480408  -0.1495924495   0.0032134712  -0.0064500189
       -0.0055340450   0.0064956446   0.0008532341  -0.0000502105  -0.0004267521
        0.0025226538  -0.0000878119  -0.0051008610   0.0060114496  -0.0021587561
        0.0009893191  -0.0002290388  -0.0003427288  -0.0001460396  -0.0013448173
        0.0016945707   0.0016443897   0.0132133493  -0.0249332792  -0.0059689103
        0.0000630630   0.0000153692   0.0000282060  -0.0060870504  -0.0584523196
       -0.0004475371  -0.0084616339   0.0014572514  -0.0016730021  -0.0043745894
       -0.0447132787   0.0315115646  -0.0007290505  -0.0069987364  -0.0000237203
        0.0045837389  -0.0002228068   0.0022853862  -0.0078109618  -0.0246889237
        0.0008906202  -0.0070485958  -0.0100776201   0.0000629892  -0.0002038406
        0.0001061232   0.0002288637   0.0003978183   0.0007366726   0.0006368544
        0.0000221312  -0.0000598376   0.0000291096  -0.0000640567   0.0003749503
        0.0004035339   0.0002948082   0.0001831682  -0.0002725814  -0.0004672344
        0.0001422399  -0.0007710971   0.0000320955  -0.0000656573   0.0000261998
        0.0005276538   0.0005926196  -0.0000604442   0.0010847763   0.0002770913
       -0.0007862900  -0.0000207297   0.0000316645  -0.0000253390  -0.0000401688
        0.0000336095   0.0000309582  -0.0026483491   0.0108317609   0.0033357128
       -0.0000338529  -0.0038954188  -0.0015897797  -0.0002253207  -0.0001137473
        0.0002238962   0.0002298561   0.0000058376  -0.0000869598   0.0003603489
       -0.0000092821  -0.0001044182   0.0005750387   0.0005810587   0.0019910555
        0.0228399589  -0.0235971152  -0.0694174949  -0.0053983679  -0.0188429224
        0.5047169398   0.0052915901   0.0123663057  -0.0659679766   0.0104349880
        0.0192290389  -0.0018971657  -0.0014163841  -0.0000502180   0.0015853869
        0.0155663728  -0.0159740245  -0.0084791023  -0.0101345380   0.0097537884
        0.0014316648   0.0001431122   0.0003736771  -0.0001951485   0.0044705764
       -0.0014117627  -0.0062202267  -0.0000246026  -0.0017811284   0.0002440007
       -0.0000269424  -0.0001200729   0.0000249739  -0.0540993613  -0.0007300235
       -0.0894022423   0.0098805865   0.0004748016   0.0044754197   0.0330216839
        0.0306318918  -0.2520235089  -0.0004896198   0.0017041181   0.0004296843
       -0.0225823424   0.0009250199  -0.0117932638  -0.0001385033   0.0004418525
        0.0009877002  -0.0091582073  -0.0200993605  -0.0009365796   0.0000042807
        0.0001805637  -0.0001209336   0.0029818099   0.0013426210  -0.0029934635
       -0.0002877173   0.0000450502   0.0000101663   0.0000413107  -0.0007945402
        0.0005896294  -0.0034774512   0.0003193283  -0.0014613215  -0.0017697558
        0.0010635647   0.0006596134   0.0000482813  -0.0000291992  -0.0002417044
        0.0001190532  -0.0000054556   0.0000196863  -0.0001610649   0.0011862300
        0.0004038549  -0.0000237130   0.0000039163  -0.0000109925  -0.0000579101
       -0.0000491077  -0.0000082928   0.0030167976   0.0031131373  -0.0004752743
        0.0025513923  -0.0005397859   0.0005530691   0.0001452307  -0.0000007124
       -0.0001984697  -0.0002370179  -0.0002398344   0.0007308974  -0.0001257928
        0.0000081792  -0.0001603778  -0.0009477332   0.0011021785  -0.0048591476
        0.0062432910   0.0122074385  -0.0012811565  -0.0788424569  -0.0426480408
        0.0052915901   0.5053832796  -0.0367476267   0.0268007391  -0.1084774315
       -0.0103281661   0.0565457437  -0.0168271203   0.0040896110   0.0159800216
        0.0005898882  -0.0012917235  -0.0008111918   0.0001138366  -0.0000924924
        0.0001857343  -0.0007073873   0.0004743357   0.0008068241   0.0000147391
        0.0002323890   0.0000246348  -0.0016960061   0.0015596847   0.0007959473
        0.0001556556   0.0000413185   0.0001231487  -0.0173172269  -0.0220863380
        0.0006841493  -0.0019051422  -0.0004344189  -0.0024329584  -0.0034474250
       -0.0095132179   0.0021235263  -0.0000202950   0.0017001707   0.0000498974
        0.0005939435   0.0002284236   0.0008217313  -0.1628005841   0.1165159294
       -0.0061466735  -0.1134599702  -0.0160578931  -0.1065027078   0.0084547051
        0.0025956868  -0.0100282914  -0.0130977046  -0.0052919093   0.0156998207
       -0.0017913869   0.0034221803   0.0011223926   0.0000550922   0.0000484530
        0.0000844635   0.0000666218   0.0000310679   0.0001177356  -0.0001040770
        0.0002621077  -0.0000656557   0.0000374923  -0.0000540358  -0.0000212162
        0.0000736124   0.0000964590   0.0000646263  -0.0000517212   0.0000829276
       -0.0000430286  -0.0000378219   0.0001120907   0.0000378974   0.0000028786
       -0.0000082774   0.0000320832  -0.0011706941   0.0017443475   0.0007790414
        0.0001063514  -0.0006345927  -0.0003858242  -0.0000000409  -0.0000808430
       -0.0000234070  -0.0001391263  -0.0002201302  -0.0005783025  -0.0000345306
       -0.0000198209   0.0000008234   0.0000367616   0.0000649052   0.0001478413
       -0.0032712172  -0.0271661784   0.0005886035  -0.0391434769  -0.1495924495
        0.0123663057  -0.0367476267   0.4641576640   0.0018815503  -0.0073673106
       -0.0657728461   0.0087847583   0.0141045706   0.0009469439  -0.0164400541
       -0.0007488025   0.0014754096   0.0008422007  -0.0003788615   0.0000665407
       -0.0001128524   0.0000846106   0.0006721926  -0.0000979828  -0.0002770196
        0.0003489397   0.0002723635   0.0025414058  -0.0016086434  -0.0010886780
       -0.0000633238  -0.0002118606  -0.0000604751  -0.0100621620  -0.0045150802
       -0.0030929271   0.0012448002  -0.0002947064  -0.0008984484  -0.0063365921
       -0.0098718179   0.0026519496   0.0000681720  -0.0018742804  -0.0001596178
        0.0002690214  -0.0001457860   0.0004113848   0.1166304463  -0.1522042180
        0.0040370018  -0.0161399186  -0.0468035279  -0.0292183615  -0.0018123557
        0.0001773370   0.0024043858  -0.0166219439  -0.0046247825   0.0188204403
        0.0034465956  -0.0034048339  -0.0015287447  -0.0000330538  -0.0000730898
       -0.0002263886  -0.0001305262  -0.0000833896  -0.0001759635   0.0002305871
       -0.0000662388  -0.0001198364   0.0000080685   0.0000146253  -0.0000259481
       -0.0000407517  -0.0000419902  -0.0000067779   0.0001346399   0.0001108787
       -0.0000937652   0.0000530752  -0.0000610217  -0.0001027679   0.0000399445
        0.0000207862   0.0000197964   0.0001080372   0.0003842586   0.0001291990
        0.0001140693  -0.0001377728  -0.0001655270  -0.0000478723  -0.0000794656
        0.0000756444   0.0000181162   0.0003156207   0.0003200581  -0.0000375977
       -0.0001583214  -0.0000308140   0.0001642528   0.0001011042   0.0000402883
       -0.0024520898  -0.0063613594   0.0016918390   0.0001184904   0.0032134712
       -0.0659679766   0.0268007391   0.0018815503   0.4871783487   0.0592563112
        0.0133377098  -0.1489721524   0.0087080439  -0.0041261568  -0.0051487223
       -0.0001205004   0.0002207388   0.0001463330   0.0000600971  -0.0002866856
       -0.0002479308  -0.0005730687   0.0002755753   0.0007416961  -0.0004747651
        0.0005451586   0.0003828520   0.0008990661  -0.0011429453   0.0000393686
        0.0000317141   0.0000298968  -0.0001299637  -0.0050635384  -0.0111909017
        0.0019203126  -0.0017211583  -0.0001649706  -0.0003659340   0.0117586280
        0.0251982576  -0.0064915845  -0.0001162483  -0.0003726261   0.0002152476
        0.0006733306   0.0000611398   0.0002813374  -0.0054856127   0.0035166922
       -0.0425778742  -0.1068362972  -0.0292451308  -0.1976337029   0.0146627494
        0.0035851603  -0.0252966946   0.0010529696   0.0010550911  -0.0005432797
        0.0001003974  -0.0005604083   0.0007277755  -0.0000636951  -0.0000887985
       -0.0002208992  -0.0000129096  -0.0001807262  -0.0000252157  -0.0001236908
        0.0005658394  -0.0000105913   0.0000224623  -0.0000333539  -0.0000137740
        0.0000102974   0.0001065012   0.0000445218  -0.0000551708  -0.0000783434
        0.0000213351  -0.0000199105  -0.0000517654  -0.0001056189  -0.0000512897
        0.0000364264   0.0000507078  -0.0003371711   0.0005736706   0.0005767746
       -0.0000160456  -0.0001197843   0.0001071028   0.0000033753  -0.0000318038
       -0.0000462407  -0.0005789131  -0.0000133038  -0.0004251491  -0.0001462350
       -0.0002213113  -0.0000092639   0.0000896383   0.0000674959   0.0001070158
        0.0004204947   0.0016149094  -0.0001093691  -0.0090295387  -0.0064500189
        0.0104349880  -0.1084774315  -0.0073673106   0.0592563112   0.4726927001
        0.0315124185   0.0402747615  -0.0996231318   0.0552000913   0.0145255658
        0.0071942676  -0.0058894108  -0.0008848366  -0.0005979672  -0.0000819098
        0.0000964418  -0.0138434011   0.0146023149  -0.0080582997   0.0001791457
       -0.0058650960  -0.0020100606  -0.0001538198   0.0001785838   0.0000305638
        0.0012574481   0.0012232303  -0.0002305232  -0.0002655479  -0.0005769975
        0.0000927864  -0.0001791340  -0.0000198353   0.0000279033  -0.0005340286
       -0.0013282731   0.0002224923   0.0000127484  -0.0000523802  -0.0000531740
        0.0003326922   0.0007745245  -0.0002554694  -0.0154059727   0.0002308097
        0.0198182281   0.0075736103  -0.0004547376  -0.0100210047  -0.1065917496
        0.0153123812  -0.1029946237  -0.1204159017  -0.1071747242  -0.0247892772
       -0.0133974508   0.0176666683   0.0055346422   0.0006913601  -0.0013179446
       -0.0002355322   0.0001136332   0.0001071799  -0.0000201962   0.0000032097
        0.0000106645   0.0000551074  -0.0002001950  -0.0001031987  -0.0000329151
        0.0000141099  -0.0000397275  -0.0000145919   0.0000037539  -0.0000294700
       -0.0000211474   0.0005333127  -0.0012151841  -0.0008036866  -0.0002685145
        0.0005337740   0.0002808422  -0.0000784474   0.0001132772   0.0000282065
       -0.0000383000  -0.0000516220  -0.0000610165   0.0000404177   0.0000878238
        0.0000032433  -0.0017836252  -0.0007758122  -0.0001300805  -0.0000547672
       -0.0000901369  -0.0000187706  -0.0001239797  -0.0002848610   0.0000624913
        0.0003210613   0.0026499509   0.0001517560  -0.0136627269  -0.0055340450
        0.0192290389  -0.0103281661  -0.0657728461   0.0133377098   0.0315124185
        0.4893382440   0.0013504945   0.0550065180  -0.1399712840  -0.0170201152
        0.0096595694  -0.0284622976  -0.0050637694  -0.0001843355   0.0006033653
        0.0001424550   0.0111995853  -0.0085338512   0.0089164114  -0.0014871442
       -0.0067883173  -0.0015800224  -0.0000670658  -0.0002187304  -0.0001182834
       -0.0018381050  -0.0009791290  -0.0013041419  -0.0001826424  -0.0003555863
        0.0002067581  -0.0004449506  -0.0000347513  -0.0000399434  -0.0025402001
       -0.0042448412   0.0016216082  -0.0000387871   0.0003117121   0.0000339221
       -0.0002799900  -0.0000877774  -0.0000022553   0.0129226090   0.0011766899
       -0.0161223437   0.0011913348   0.0006533649  -0.0010741179   0.0156962123
       -0.0472231350   0.0280578280  -0.1077934856  -0.1878766258  -0.0302148099
        0.0007178970   0.0006366298  -0.0008249182   0.0013700843   0.0006382825
        0.0003990374  -0.0000697780   0.0000203719  -0.0000944793   0.0000131991
       -0.0001029510   0.0000707469  -0.0003370268  -0.0002497296  -0.0000017805
        0.0000261673   0.0000369418   0.0000395974  -0.0000174243   0.0000929167
       -0.0000390627  -0.0003082294   0.0004948180   0.0002748291  -0.0000874555
       -0.0001667203  -0.0001632542  -0.0000930704   0.0001528460   0.0000153432
        0.0000095338  -0.0000446703  -0.0000603078   0.0000766026  -0.0000630205
       -0.0000797299   0.0001804116  -0.0000169946  -0.0001064846  -0.0000326970
        0.0000845759  -0.0000145287  -0.0001099235  -0.0001634056   0.0000768124
        0.0002133817  -0.0008210498   0.0001219326   0.0040693475   0.0064956446
       -0.0018971657   0.0565457437   0.0087847583  -0.1489721524   0.0402747615
        0.0013504945   0.5029705236   0.0063236686  -0.0074863367  -0.0621446170
        0.0022151209  -0.0066747181  -0.0004068609   0.0002593842  -0.0009404440
       -0.0013657389  -0.0152810957   0.0197370718   0.0012151422  -0.0004921925
       -0.0031832036  -0.0003756383   0.0001482071   0.0001754073  -0.0000130972
       -0.0002526841   0.0009051268  -0.0011189503   0.0001175314  -0.0000614051
       -0.0000058180   0.0002130717   0.0000348079  -0.0002332725   0.0006158380
        0.0004953004   0.0008411969  -0.0000813940  -0.0002015131   0.0000539829
        0.0006372553   0.0003282033  -0.0004697384   0.0031005383  -0.0003341421
       -0.0026084085   0.0155420858   0.0024191941  -0.0292022697  -0.1030638778
        0.0285452578  -0.2028031080  -0.0244181831  -0.0297585845  -0.0492346345
        0.0142416841  -0.0174322861  -0.0039992132   0.0004934855  -0.0010349099
        0.0002486424  -0.0000633599  -0.0000754474   0.0001517746   0.0002220690
        0.0001393077  -0.0003289723  -0.0002274078   0.0000907148  -0.0001087546
       -0.0000306314  -0.0000260783   0.0000042994  -0.0000538047  -0.0000134287
        0.0000349913   0.0007160018  -0.0017854323  -0.0011779193  -0.0004250160
        0.0007235947   0.0004571910  -0.0000827443   0.0000283309   0.0000285850
       -0.0000134043  -0.0000599171   0.0000686266   0.0000796195   0.0001415936
       -0.0000818017  -0.0015771665  -0.0003936941   0.0002727363  -0.0000655587
       -0.0001419091   0.0000731067   0.0000997253   0.0000296914   0.0000053998
       -0.0140711835  -0.0189746172   0.0087067493   0.0013748474   0.0008532341
       -0.0014163841  -0.0168271203   0.0141045706   0.0087080439  -0.0996231318
        0.0550065180   0.0063236686   0.4858368425   0.0206505666  -0.0591917712
       -0.1085134354  -0.0606365424  -0.0130143905   0.0049681468  -0.0065335830
        0.0052450346  -0.0820669197   0.0138391014  -0.0438991147   0.0078698070
        0.0164565667   0.0053806505  -0.0014125631  -0.0001539980   0.0029680670
       -0.0177389242   0.0048311325  -0.0255695652  -0.0003691293  -0.0000622783
       -0.0000831889   0.0001058887   0.0000200580   0.0000450623   0.0002033738
        0.0001012442  -0.0001268783   0.0001871953  -0.0000065987  -0.0002430954
       -0.0000350865  -0.0000581595  -0.0000433777  -0.0023409700   0.0002045334
        0.0036334570   0.0003769589  -0.0001381419  -0.0004050930  -0.0126997887
        0.0163652359  -0.0007601412   0.0080588535  -0.0113627873  -0.0016301371
       -0.1390193017  -0.0267215760   0.1102924320  -0.0129857989  -0.0139726785
       -0.0036687236  -0.0008682225  -0.0012875837   0.0011854145  -0.0010427706
       -0.0006915023   0.0005842538   0.0018153572   0.0013273227  -0.0002684741
        0.0001168773   0.0000438850   0.0000250162  -0.0004566444  -0.0008734144
        0.0003391526  -0.0006032861  -0.0052657843  -0.0038174426  -0.0000779902
        0.0028389472   0.0004059395   0.0000674241  -0.0000025833   0.0000034764
       -0.0000036484  -0.0000073786   0.0000101981  -0.0002619724  -0.0001406305
        0.0002734580   0.0000023264   0.0002897775  -0.0000664184   0.0000127640
       -0.0001123371   0.0000011965   0.0000212246   0.0000694812   0.0000729254
       -0.0114986617  -0.0115719355   0.0088000452  -0.0004750772  -0.0000502105
       -0.0000502180   0.0040896110   0.0009469439  -0.0041261568   0.0552000913
       -0.1399712840  -0.0074863367   0.0206505666   0.4534102640  -0.0368124438
       -0.0560534687  -0.1187503567  -0.0124072397  -0.0002073104  -0.0059768021
        0.0170719015   0.0089454693  -0.0685083636   0.0271012583  -0.0067420423
       -0.0400904512  -0.0129696836  -0.0009753721  -0.0000097050   0.0018021608
       -0.0005724166   0.0041163370  -0.0057206606  -0.0002596087  -0.0000503598
        0.0000905743  -0.0000200091   0.0000004605   0.0000451954   0.0000401485
        0.0000650161  -0.0000487622  -0.0002004137   0.0003069770   0.0003650908
        0.0001702425  -0.0001493788  -0.0000846996  -0.0008372288   0.0007353767
        0.0002653481  -0.0002488931   0.0001973298   0.0002515258   0.0077952647
       -0.0089281729   0.0010465697   0.0139836435  -0.0256479524  -0.0040589714
       -0.0272576464  -0.0448972700   0.0270297893   0.0012101169   0.0020888864
       -0.0002042087  -0.0008194829  -0.0012277473   0.0005287393  -0.0010264022
       -0.0016642242   0.0007461810  -0.0004961932   0.0013487720  -0.0008608979
        0.0000382341   0.0000586531  -0.0000116274  -0.0003418728  -0.0005113117
        0.0001485966  -0.0063448931   0.0072115730   0.0028169282   0.0018662302
       -0.0027385300  -0.0025437225   0.0000313974   0.0000135971  -0.0000017547
        0.0000124616   0.0000000250  -0.0000336582   0.0004268745   0.0002402778
       -0.0005650410  -0.0000775617   0.0000027590  -0.0000374693  -0.0000722290
       -0.0000131916  -0.0000711920   0.0000664319   0.0000139991  -0.0000151601
        0.0124789068   0.0179826259  -0.0040526643  -0.0011660888  -0.0004267521
        0.0015853869   0.0159800216  -0.0164400541  -0.0051487223   0.0145255658
       -0.0170201152  -0.0621446170  -0.0591917712  -0.0368124438   0.5090116275
       -0.0116063097  -0.0131757899  -0.0672565103   0.0015482259   0.0159458470
       -0.0199283846  -0.0444061486   0.0335717603  -0.1606952721  -0.0040661454
       -0.0177596138  -0.0019014642   0.0015543424   0.0007524150  -0.0044202999
       -0.0131358277   0.0008426945  -0.0144285807   0.0000989344  -0.0000000588
       -0.0002140753  -0.0000135478  -0.0000236485   0.0000033446  -0.0001390969
       -0.0001616620   0.0000161622  -0.0003281833  -0.0001785172   0.0004231665
       -0.0003227803  -0.0000280007   0.0000159292   0.0030162731  -0.0002245470
       -0.0033928771  -0.0000237222  -0.0001846831   0.0002284840  -0.0151591230
        0.0192040708   0.0012754129   0.0026644979  -0.0052423682  -0.0003878989
        0.1095560691   0.0255781772  -0.1656746329  -0.0141729073  -0.0142858664
       -0.0029854821   0.0006512685   0.0008476905  -0.0019503738   0.0008541201
        0.0020693665  -0.0016386846   0.0003939788   0.0013120630   0.0007957985
       -0.0000621336  -0.0001147346  -0.0000517950   0.0007474648   0.0011596834
       -0.0003693371  -0.0030217618   0.0036598479   0.0034694444   0.0023679254
       -0.0013683571  -0.0001156005  -0.0000296001   0.0000092554  -0.0000036050
       -0.0000121782   0.0000047910   0.0000433842   0.0002129335   0.0003876930
       -0.0003060056   0.0002163204   0.0000445347   0.0000636631   0.0000989742
        0.0000159411   0.0000963824  -0.0001084970   0.0000587551   0.0000386967
       -0.0691198344  -0.0082401197   0.0286498871  -0.0078449912   0.0025226538
        0.0155663728   0.0005898882  -0.0007488025  -0.0001205004   0.0071942676
        0.0096595694   0.0022151209  -0.1085134354  -0.0560534687  -0.0116063097
        0.4887771105  -0.0156658624   0.0937478750   0.0028103466  -0.0003541030
       -0.0170188160  -0.0166724204  -0.0127941288  -0.0185765863  -0.0957891233
        0.0438491661   0.0066703958  -0.0059725855  -0.0076291938   0.0122238615
       -0.0006417329   0.0005499442  -0.0026041147   0.0000040547  -0.0004459403
       -0.0000667185  -0.0000912560  -0.0000721275   0.0001353471  -0.0012010717
        0.0016630155   0.0008197270  -0.0021488605   0.0008727349   0.0013811160
        0.0005532229  -0.0006211872  -0.0008484429  -0.0000987967  -0.0001341911
        0.0000623263  -0.0000520621   0.0001497073  -0.0000813897   0.0006647310
        0.0014581146   0.0004393081  -0.0009904773   0.0034242121   0.0005446967
       -0.0138391976  -0.0158609158  -0.0029575892  -0.1526304163   0.0271791375
       -0.1156316443  -0.0001172542   0.0003382236  -0.0001894965  -0.0033874047
       -0.0006688060  -0.0029022521  -0.0206665734   0.0257378227   0.0107267748
        0.0004120073   0.0002591529   0.0006332990  -0.0003936519  -0.0021257568
        0.0005252067  -0.0010321825   0.0004561538  -0.0002182636   0.0001542651
       -0.0000147629  -0.0000634291   0.0000520196   0.0000233140   0.0000244052
       -0.0000613564   0.0000444422  -0.0000424644   0.0018868493   0.0024197121
       -0.0016218896  -0.0001513529   0.0002620569   0.0000065652  -0.0018596377
        0.0003429411   0.0000152177   0.0001769123   0.0002172918   0.0001624043
       -0.0091496430  -0.0626186648   0.0240822782   0.0068613797  -0.0000878119
       -0.0159740245  -0.0012917235   0.0014754096   0.0002207388  -0.0058894108
       -0.0284622976  -0.0066747181  -0.0606365424  -0.1187503567  -0.0131757899
       -0.0156658624   0.4228886715   0.0070742730  -0.0000903290   0.0001167752
        0.0051983763  -0.0051208968   0.0030775233  -0.0082085959   0.0658970775
       -0.1420149641  -0.0496568869  -0.0098411172  -0.0065340962   0.0230737769
        0.0005678812  -0.0007893099   0.0008395404  -0.0000178125   0.0001827081
       -0.0002069172   0.0001845116   0.0000502788  -0.0000089877   0.0023497918
       -0.0021785768  -0.0019226171   0.0016540223   0.0015086499  -0.0011605209
       -0.0005295247  -0.0000368538   0.0000572352  -0.0002284202   0.0001993593
        0.0002363858   0.0001187979  -0.0000691974  -0.0001207203  -0.0010853704
        0.0006150853  -0.0005823730   0.0019208079  -0.0028769551  -0.0010403164
       -0.0044720912  -0.0053594913  -0.0010234571   0.0277295863  -0.0460054450
        0.0318813188   0.0004057734  -0.0003639090   0.0005549976   0.0003397021
       -0.0003003267   0.0004650185   0.0085973723  -0.0070032560   0.0032413545
        0.0004352363   0.0009311628   0.0004715227  -0.0031936778  -0.0044800711
        0.0012181018   0.0005579802  -0.0001809393   0.0003443915  -0.0001461980
        0.0002602766   0.0000991747   0.0000034664   0.0000738719  -0.0000014209
        0.0000409954  -0.0000495222   0.0000053322  -0.0008185907  -0.0034096295
        0.0004174850   0.0002201870  -0.0001010752   0.0001364286   0.0004130771
        0.0001541418   0.0001165992  -0.0001204357   0.0001388356   0.0000230162
        0.0223191315   0.0226327930  -0.1393715814   0.0064083152  -0.0051008610
       -0.0084791023  -0.0008111918   0.0008422007   0.0001463330  -0.0008848366
       -0.0050637694  -0.0004068609  -0.0130143905  -0.0124072397  -0.0672565103
        0.0937478750   0.0070742730   0.5013619475  -0.0062198566  -0.0007758547
       -0.0322908022  -0.0161836289  -0.0156504102  -0.0142688965   0.0244379892
       -0.0602953141  -0.0869995767   0.0041155721   0.0073581871  -0.0039609266
       -0.0013281143   0.0010467154  -0.0038595963   0.0000591875   0.0004452810
        0.0014839270   0.0000565237   0.0002732826  -0.0004780316   0.0002743366
       -0.0002498058   0.0001917011   0.0016931019  -0.0021557040  -0.0015299433
        0.0008878417  -0.0005052620  -0.0005030242  -0.0000248635   0.0003594332
        0.0001290236  -0.0001284422  -0.0001119937  -0.0001200194  -0.0000054433
        0.0011450636   0.0002905423  -0.0001102155  -0.0004212055   0.0002801252
        0.0145138701   0.0157249175   0.0036673465  -0.1156980237   0.0324164298
       -0.1556885786   0.0000283333  -0.0000156106   0.0001668276  -0.0029559887
        0.0003605753  -0.0032590314  -0.0064862995   0.0147157434   0.0079825916
       -0.0009383474  -0.0009813831   0.0005504258  -0.0006070150  -0.0002073165
        0.0008629238  -0.0015815397   0.0007908263   0.0001334183   0.0003952733
        0.0000016862  -0.0002718267  -0.0002777444  -0.0001469991  -0.0000279916
        0.0000373005   0.0000294225  -0.0000093406  -0.0010151098  -0.0011607391
        0.0017161914   0.0000606485   0.0003204329   0.0001167813  -0.0010254195
       -0.0001790502  -0.0001528202   0.0002611708  -0.0001087445  -0.0001456451
       -0.1305188091  -0.0000779385  -0.0496611632  -0.0231962087   0.0060114496
       -0.0101345380   0.0001138366  -0.0003788615   0.0000600971  -0.0005979672
       -0.0001843355   0.0002593842   0.0049681468  -0.0002073104   0.0015482259
        0.0028103466  -0.0000903290  -0.0062198566   0.4259316430  -0.0273782510
       -0.0149091353  -0.1072307513  -0.0535565128   0.0388000565   0.0000354993
        0.0006685911   0.0001954892  -0.0140275665  -0.0075162701  -0.0094336718
       -0.0210276551  -0.0204521658   0.0116615601  -0.0012387180   0.0029448331
        0.0010535836  -0.0005328402  -0.0000608740  -0.0002219404   0.0002573842
       -0.0004533362  -0.0017214851  -0.0007636573   0.0016177733  -0.0001174155
       -0.0002003972  -0.0000462802  -0.0002759216  -0.0000370937  -0.0001077249
       -0.0000821114  -0.0001506229   0.0002322914  -0.0001769868  -0.0000670746
       -0.0000924462  -0.0000823371   0.0000960365   0.0000136865  -0.0000833201
       -0.0004938991  -0.0005874463  -0.0008256693  -0.0002867960  -0.0008423373
        0.0004783715  -0.0810524931   0.0920576303  -0.0050028166  -0.0512454056
        0.0143442490   0.0464464618  -0.0002247674  -0.0000674171   0.0001735829
       -0.0012963904  -0.0022783018  -0.0000585328   0.0006094421   0.0006835044
       -0.0005161966   0.0001667112   0.0018280154   0.0023987481  -0.0004096441
       -0.0057510457  -0.0037788123  -0.0001028616  -0.0004027038  -0.0000152256
        0.0000050740   0.0001228747  -0.0000153364  -0.0001190167   0.0000336110
        0.0003248873  -0.0000511417  -0.0000058340   0.0000172047  -0.0000747161
       -0.0000121551   0.0000330524  -0.0000476266  -0.0000086329  -0.0001182327
       -0.0010923267  -0.0624911696  -0.0025361024   0.0185865438  -0.0021587561
        0.0097537884  -0.0000924924   0.0000665407  -0.0002866856  -0.0000819098
        0.0006033653  -0.0009404440  -0.0065335830  -0.0059768021   0.0159458470
       -0.0003541030   0.0001167752  -0.0007758547  -0.0273782510   0.4873777101
       -0.0015201107  -0.0496599594  -0.1199964322   0.0451921077  -0.0004971234
        0.0011649806  -0.0003631691  -0.0187506493  -0.0040929643  -0.0136355946
       -0.0139359577  -0.0115890438   0.0039109318   0.0019528722  -0.0027440126
       -0.0013926568   0.0007270099   0.0001672742   0.0002982335   0.0003517253
        0.0003388025   0.0007784721  -0.0020108754  -0.0004136349  -0.0015325783
        0.0000742997   0.0001061916   0.0000523425   0.0001369897   0.0001033514
        0.0001852874   0.0007217500  -0.0006758972   0.0002722664  -0.0000500713
        0.0000978456   0.0000298767  -0.0000708016   0.0000694005   0.0001126060
        0.0006718031  -0.0006754022   0.0017893942  -0.0005550152  -0.0000534940
        0.0002338533   0.0884920297  -0.2239053084   0.0075317707   0.0144731208
       -0.0568439056  -0.0647763646  -0.0000629072   0.0001055416   0.0003656678
       -0.0035087139  -0.0042885582  -0.0003085411   0.0003450041   0.0007854596
       -0.0005736388   0.0026310627  -0.0025686741  -0.0014662231  -0.0045993948
        0.0069853259   0.0031024006   0.0001649085   0.0004237948  -0.0000062269
        0.0000192480  -0.0001466009  -0.0000370970  -0.0001818451   0.0000851386
        0.0004389687   0.0000244025   0.0000334863  -0.0000038227   0.0000068498
       -0.0000169822   0.0000749220   0.0000363605   0.0000066539   0.0000863735
       -0.0489508418  -0.0014126792  -0.0990995093   0.0008136969   0.0009893191
        0.0014316648   0.0001857343  -0.0001128524  -0.0002479308   0.0000964418
        0.0001424550  -0.0013657389   0.0052450346   0.0170719015  -0.0199283846
       -0.0170188160   0.0051983763  -0.0322908022  -0.0149091353  -0.0015201107
        0.5287791983   0.0335814933   0.0413547164  -0.0935240262  -0.0013703849
        0.0004907788   0.0002124164  -0.0008452753  -0.0033630980  -0.0000398726
        0.0002518697  -0.0028977740   0.0048401843   0.0005300644  -0.0007838688
       -0.0001000866  -0.0000174405  -0.0000586914   0.0001094256   0.0019118242
       -0.0006175049   0.0013320818  -0.0008666439   0.0007423639   0.0006494161
        0.0000016101   0.0000421637   0.0000112381   0.0000319433  -0.0000475488
        0.0001003022   0.0000298960  -0.0002393971   0.0003944073  -0.0003286664
        0.0002541763   0.0000493856  -0.0000893828   0.0000343342  -0.0000249144
       -0.0017899326   0.0014926966  -0.0036038557   0.0018251902   0.0012691866
       -0.0057570621  -0.0037895714   0.0043580403  -0.0401291577   0.0483839752
       -0.0637438181  -0.2456287695  -0.0002062456  -0.0000979408  -0.0000131594
        0.0003172630   0.0006085953   0.0007837949   0.0003189169   0.0003377757
        0.0005425878   0.0008214694  -0.0022265525  -0.0001868776  -0.0046137706
        0.0024886786   0.0028631693   0.0001246656   0.0001537353   0.0000226271
        0.0000097361  -0.0000281078   0.0000451079   0.0002150062   0.0000973606
       -0.0002879206   0.0000177477  -0.0000773418  -0.0000385791   0.0000436997
        0.0001019878   0.0000057674   0.0000388283  -0.0000013555   0.0000938722
       -0.0252471562  -0.0194996846   0.0003684893   0.0001793772  -0.0002290388
        0.0001431122  -0.0007073873   0.0000846106  -0.0005730687  -0.0138434011
        0.0111995853  -0.0152810957  -0.0820669197   0.0089454693  -0.0444061486
       -0.0166724204  -0.0051208968  -0.0161836289  -0.1072307513  -0.0496599594
        0.0335814933   0.7206475401   0.2318760499   0.1890402783  -0.0002420570
        0.0013884142   0.0007304345  -0.0041941422   0.0001641559  -0.0023715598
       -0.4421126161  -0.1592495291  -0.1510733235  -0.0005598189  -0.0000160072
       -0.0002261886   0.0001615926  -0.0000300663   0.0001157305  -0.0003097394
       -0.0000084190   0.0001051203   0.0010360980   0.0009115383   0.0002689845
       -0.0000146512   0.0000148756  -0.0000378184   0.0000907866   0.0000014513
       -0.0001372177  -0.0000973449   0.0009268444   0.0004341259  -0.0023687079
        0.0031552390  -0.0007486023   0.0007302463  -0.0011455459   0.0001655528
        0.0070040520  -0.0026901113   0.0145048208  -0.0022887924  -0.0027412307
       -0.0010497950   0.0062253367   0.0026963698  -0.0024231965  -0.0048733114
       -0.0070995510   0.0071368497   0.0011431738   0.0000824302  -0.0002716678
       -0.0006962719  -0.0010327313  -0.0000098295  -0.0000023203   0.0000851976
       -0.0000997565  -0.0140950107  -0.0028480556  -0.0082517450  -0.0196131579
       -0.0097584124  -0.0033613591   0.0001458044   0.0000352399   0.0000193214
       -0.0000253343   0.0000002982  -0.0000034135  -0.0001267365  -0.0004719746
       -0.0001104304  -0.0000301406   0.0000544715  -0.0000475877  -0.0000426553
       -0.0000003370  -0.0000065182   0.0000968371  -0.0000206901   0.0000596377
       -0.0109884776  -0.0039229666  -0.0045174024   0.0004648058  -0.0003427288
        0.0003736771   0.0004743357   0.0006721926   0.0002755753   0.0146023149
       -0.0085338512   0.0197370718   0.0138391014  -0.0685083636   0.0335717603
       -0.0127941288   0.0030775233  -0.0156504102  -0.0535565128  -0.1199964322
        0.0413547164   0.2318760499   0.3390452387  -0.0541977266  -0.0015151183
       -0.0009166103  -0.0002447979  -0.0017786150  -0.0002352276  -0.0002372368
       -0.1583289407  -0.1050817044  -0.0385300450  -0.0001071626  -0.0002012212
       -0.0001189718   0.0000250234  -0.0000501814   0.0000711580  -0.0002467154
        0.0000319234   0.0000986464   0.0005453776   0.0005520644   0.0003353645
       -0.0000868610   0.0000287875   0.0001017129  -0.0001665085  -0.0000479769
        0.0002403572   0.0006566832  -0.0001194599  -0.0005573541   0.0032407456
       -0.0037579960  -0.0000474159  -0.0000813336  -0.0000782754   0.0005170363
        0.0013691843  -0.0011674399   0.0060884591  -0.0025650143  -0.0029163831
       -0.0003007720  -0.0168890865  -0.0235733880   0.0145166752   0.0031126442
        0.0036005539   0.0004070347   0.0013949971   0.0004828778  -0.0005450427
        0.0000331758  -0.0001049242   0.0001223862   0.0000242956  -0.0001311950
       -0.0000163576   0.0080448499   0.0026093059   0.0027232162  -0.0205636324
       -0.0103689927  -0.0053777681   0.0000588862   0.0000501044   0.0000259407
       -0.0000400027  -0.0000046000  -0.0000027830  -0.0001310251  -0.0001107053
       -0.0002469454   0.0000037456  -0.0000474927  -0.0000041041   0.0000554790
        0.0000414774   0.0000043463   0.0000174399   0.0000260669   0.0000299991
       -0.0032096193  -0.0042612428   0.0054304739  -0.0003459526  -0.0001460396
       -0.0001951485   0.0008068241  -0.0000979828   0.0007416961  -0.0080582997
        0.0089164114   0.0012151422  -0.0438991147   0.0271012583  -0.1606952721
       -0.0185765863  -0.0082085959  -0.0142688965   0.0388000565   0.0451921077
       -0.0935240262   0.1890402783  -0.0541977266   0.4316515801  -0.0009916560
        0.0027442362  -0.0003671047  -0.0015101950  -0.0003393981  -0.0019353459
       -0.1500597349  -0.0385682241  -0.1206781603  -0.0001931142   0.0001115995
        0.0000898606  -0.0000199820   0.0000328329  -0.0000599041   0.0001938276
        0.0000629629  -0.0001551683  -0.0003598443   0.0002136842  -0.0002516861
        0.0000869395   0.0001181816  -0.0001784356   0.0001665631  -0.0000653460
       -0.0004047804   0.0003305868  -0.0007276825  -0.0000884550   0.0008170044
       -0.0012904738   0.0003408773   0.0005171675  -0.0003974367   0.0002636132
       -0.0087347596   0.0077753252  -0.0217912536  -0.0012958851  -0.0017733337
       -0.0013124208   0.0012424020   0.0041387963  -0.0005591516   0.0173026230
        0.0182139767  -0.0148908458   0.0006265733  -0.0009144565   0.0010270064
       -0.0005409456  -0.0007012116  -0.0001957286   0.0001261743   0.0002538146
       -0.0001546219  -0.0268534847  -0.0084341189  -0.0135867773   0.0148254366
        0.0054806511   0.0043122079  -0.0000017537  -0.0000408620  -0.0000063285
        0.0000209593   0.0000004576  -0.0000252726  -0.0000502384  -0.0001697911
        0.0002454977  -0.0001827976   0.0000194887  -0.0000289687  -0.0000507451
       -0.0000288388   0.0000175094   0.0000312922  -0.0000130235   0.0000182885
       -0.0116110983   0.0153380272   0.0134629837  -0.0006310695  -0.0013448173
        0.0044705764   0.0000147391  -0.0002770196  -0.0004747651   0.0001791457
       -0.0014871442  -0.0004921925   0.0078698070  -0.0067420423  -0.0040661454
       -0.0957891233   0.0658970775   0.0244379892   0.0000354993  -0.0004971234
       -0.0013703849  -0.0002420570  -0.0015151183  -0.0009916560   0.4347979764
       -0.1041761304   0.1461882414   0.0017542069   0.0002538528  -0.0007105847
        0.0005448405  -0.0000983723  -0.0000528030   0.0006129258   0.0000372979
        0.0001523253  -0.0000855819   0.0000624868  -0.0001453192  -0.0010207252
        0.0010316545   0.0010722488  -0.0015470153  -0.0037103856   0.0054745440
       -0.0007737085   0.0001663950  -0.0000325050   0.0000488170  -0.0000080482
       -0.0000338135  -0.0000170487  -0.0000624771   0.0000416738  -0.0001687650
       -0.0000981305   0.0000780652   0.0001762519  -0.0000040693   0.0000959945
        0.0015036478   0.0008046466  -0.0005451938  -0.0210649667   0.0259831660
        0.0061105638  -0.0001514185  -0.0002658273  -0.0000375280  -0.0000694894
        0.0000071163   0.0000949705  -0.3122486544   0.0098613681  -0.1921055586
       -0.0001897218   0.0000418058  -0.0003024547  -0.0003772749   0.0003838349
       -0.0000890208  -0.0000688405   0.0001801326   0.0001271257   0.0000862787
        0.0001973014   0.0000320891  -0.0000758637  -0.0000942344  -0.0000767597
        0.0000625807   0.0000003439  -0.0000406498  -0.0015749979   0.0000922750
       -0.0006009760   0.0000898431  -0.0002646447  -0.0000000039   0.0000812614
        0.0002990762   0.0002488089  -0.0001504011   0.0000077264   0.0000801144
        0.0073345633  -0.0025210793  -0.0096053535  -0.0000768348   0.0016945707
       -0.0014117627   0.0002323890   0.0003489397   0.0005451586  -0.0058650960
       -0.0067883173  -0.0031832036   0.0164565667  -0.0400904512  -0.0177596138
        0.0438491661  -0.1420149641  -0.0602953141   0.0006685911   0.0011649806
        0.0004907788   0.0013884142  -0.0009166103   0.0027442362  -0.1041761304
        0.2303038092   0.0881152090   0.0015353465  -0.0031907257  -0.0009094517
       -0.0002945699   0.0002892053   0.0000112129  -0.0004999516  -0.0001992857
        0.0000641932   0.0000812453   0.0001337367   0.0001235100   0.0005501703
       -0.0006251789  -0.0007519626  -0.0084045053  -0.0042257391   0.0108897467
        0.0006369499   0.0000740502  -0.0000092638   0.0000801904  -0.0000210710
       -0.0000217844  -0.0000888977   0.0000183332   0.0000249684  -0.0003695315
        0.0004182619  -0.0000244610   0.0012000805  -0.0027998263  -0.0005998406
        0.0014536607   0.0023231676   0.0006830980   0.0122383174  -0.0116590862
       -0.0017023493  -0.0005954839   0.0001843914  -0.0005803521  -0.0000989638
       -0.0000583872  -0.0000252786   0.0295005190  -0.0261666573  -0.0030481955
        0.0001567599   0.0000951065  -0.0002161324   0.0002131413   0.0005635889
        0.0000982926  -0.0001185380   0.0000524862  -0.0002477435   0.0001541048
       -0.0000417050  -0.0000053574   0.0000748273  -0.0000049673   0.0000308162
       -0.0000249149  -0.0000488345  -0.0000423621   0.0029350829   0.0038452302
       -0.0031321673  -0.0001945998   0.0003405067  -0.0000925068  -0.0000881123
       -0.0004029459  -0.0000635914   0.0001560431  -0.0000745329  -0.0000931723
        0.0214875884  -0.0256325475  -0.0149393730   0.0016390387   0.0016443897
       -0.0062202267   0.0000246348   0.0002723635   0.0003828520  -0.0020100606
       -0.0015800224  -0.0003756383   0.0053806505  -0.0129696836  -0.0019014642
        0.0066703958  -0.0496568869  -0.0869995767   0.0001954892  -0.0003631691
        0.0002124164   0.0007304345  -0.0002447979  -0.0003671047   0.1461882414
        0.0881152090   0.2426756752  -0.0024007071   0.0001695331   0.0019758912
        0.0000482631   0.0001795029   0.0002934598  -0.0005014250   0.0000516580
       -0.0005163054   0.0001080441  -0.0001091297   0.0002240775   0.0012012430
       -0.0013786540  -0.0011114674   0.0055832707   0.0064012732  -0.0065164611
       -0.0000585281   0.0000335926   0.0002178296   0.0000231162  -0.0000649521
        0.0000144096   0.0000052495   0.0000702354   0.0000290381   0.0001069684
        0.0000135033   0.0001396082   0.0004049388  -0.0007862629  -0.0000800626
       -0.0006626553   0.0003458177   0.0005292911  -0.0085901289   0.0123869881
        0.0072882008   0.0003623121  -0.0002790346  -0.0002416531   0.0002091075
       -0.0001784659   0.0001438551  -0.1759950067  -0.0142408282  -0.1339264513
        0.0001273682   0.0000091534   0.0002165597   0.0000584928  -0.0005820010
       -0.0001439876   0.0001196411  -0.0000078443   0.0000391687  -0.0001167479
       -0.0001455773   0.0000743085   0.0001350794   0.0001044248   0.0000731261
       -0.0000703815  -0.0000520044   0.0000679827  -0.0005207817  -0.0015147868
       -0.0010994784  -0.0000089470  -0.0001586059  -0.0001046806   0.0001160094
        0.0001693478  -0.0000592808   0.0000097924  -0.0000217382   0.0000054617
       -0.0871707360  -0.0473245111   0.0035427316   0.0053109605   0.0132133493
       -0.0000246026  -0.0016960061   0.0025414058   0.0008990661  -0.0001538198
       -0.0000670658   0.0001482071  -0.0014125631  -0.0009753721   0.0015543424
       -0.0059725855  -0.0098411172   0.0041155721  -0.0140275665  -0.0187506493
       -0.0008452753  -0.0041941422  -0.0017786150  -0.0015101950   0.0017542069
        0.0015353465  -0.0024007071   0.4613764053  -0.0020545627  -0.0028406132
       -0.0007284277  -0.0006006770   0.0005516129  -0.0002075854   0.0021897397
        0.0002949177  -0.0000895986  -0.0001002341  -0.0000392259   0.0003194635
        0.0010106713  -0.0002314328  -0.1138189273   0.0746941132   0.0203041858
       -0.0000714945  -0.0004878690   0.0003479589   0.0001696999   0.0009837173
       -0.0000063528   0.0000538162   0.0001311294   0.0000007158  -0.0000409264
        0.0000771434  -0.0000841546   0.0000259954   0.0000395898  -0.0000432114
       -0.0003171347  -0.0004606497  -0.0000547064   0.0003894218   0.0002689359
       -0.0005241716  -0.0003827014  -0.0007020331   0.0000554503  -0.0004897588
       -0.0000895981  -0.0003169884  -0.0011593415  -0.0004713616   0.0002307231
       -0.1515370035  -0.0134419784  -0.1018947251  -0.0705259818  -0.0129104532
        0.0722625797   0.0000393413  -0.0000272513   0.0000237462  -0.0002030451
       -0.0001101242  -0.0001145793  -0.0000772735   0.0001196309   0.0000446926
       -0.0001035243   0.0001430980  -0.0000422046  -0.0150850347   0.0130715083
        0.0072488429  -0.0000309926  -0.0001485998  -0.0000778760   0.0000846713
        0.0002764442  -0.0004468200  -0.0000278112   0.0000468997  -0.0001275033
       -0.0513723742  -0.1315924868   0.0107625572  -0.0018222973  -0.0249332792
       -0.0017811284   0.0015596847  -0.0016086434  -0.0011429453   0.0001785838
       -0.0002187304   0.0001754073  -0.0001539980  -0.0000097050   0.0007524150
       -0.0076291938  -0.0065340962   0.0073581871  -0.0075162701  -0.0040929643
       -0.0033630980   0.0001641559  -0.0002352276  -0.0003393981   0.0002538528
       -0.0031907257   0.0001695331  -0.0020545627   0.4129370572  -0.0108828667
       -0.0001433061  -0.0000777917  -0.0000765712   0.0006815250  -0.0008087001
        0.0003971257  -0.0001679627  -0.0002532654  -0.0002152229  -0.0005142746
        0.0003394184   0.0007957404   0.0912338704  -0.1587126303  -0.0107848515
       -0.0003117354   0.0000712681  -0.0001115770  -0.0003352205  -0.0005077020
        0.0000328873  -0.0000182805  -0.0002301423   0.0001391783  -0.0001332497
       -0.0000142580  -0.0000834031   0.0001661861   0.0002667002   0.0000032738
        0.0001191718   0.0000140404  -0.0002612449   0.0002559206   0.0004577613
       -0.0003658582   0.0014533013  -0.0004834882   0.0002276001   0.0002192105
        0.0001195632   0.0000573031   0.0002621134   0.0004926555  -0.0000275174
       -0.0158159702  -0.0379741025  -0.0096959822  -0.0114224799  -0.0432392320
        0.0256796097   0.0000535567  -0.0000231710   0.0000708242   0.0000908255
        0.0002407190   0.0000028872  -0.0001311003  -0.0002426769  -0.0000737956
        0.0000703649  -0.0000140567   0.0000294982   0.0027458795   0.0000774571
       -0.0075612684   0.0000929815  -0.0000285468   0.0000508716   0.0000704348
        0.0000249315   0.0000506929  -0.0001293431  -0.0000159493   0.0000111365
        0.0046032104   0.0084084654  -0.0654951604  -0.0016828880  -0.0059689103
        0.0002440007   0.0007959473  -0.0010886780   0.0000393686   0.0000305638
       -0.0001182834  -0.0000130972   0.0029680670   0.0018021608  -0.0044202999
        0.0122238615   0.0230737769  -0.0039609266  -0.0094336718  -0.0136355946
       -0.0000398726  -0.0023715598  -0.0002372368  -0.0019353459  -0.0007105847
       -0.0009094517   0.0019758912  -0.0028406132  -0.0108828667   0.5308221299
       -0.0004418866  -0.0004959558   0.0004202782  -0.0001137971   0.0001772627
        0.0005866711   0.0001077237  -0.0001058433   0.0000455863  -0.0000678580
       -0.0011974732   0.0000791652   0.0076642131   0.0079367170  -0.0725745646
        0.0000457267  -0.0003086691  -0.0002427103  -0.0001095775  -0.0003906272
        0.0000273647  -0.0000284469   0.0000618447  -0.0000349621   0.0000147553
        0.0000323060  -0.0000419927  -0.0000419983   0.0000204031   0.0000206802
        0.0010829019   0.0011646709   0.0001138055   0.0003463713   0.0004115354
       -0.0002503987  -0.0000837286  -0.0002471632   0.0008628413  -0.0007443377
       -0.0004474324  -0.0006076416  -0.0000518103   0.0000396997  -0.0002159568
       -0.1019062152  -0.0087539169  -0.1418385990   0.0700066855   0.0291396602
       -0.2375846436  -0.0000086374  -0.0000082602   0.0000578450  -0.0002135859
       -0.0001591656  -0.0000428146  -0.0001157995  -0.0000949980  -0.0000894274
        0.0001401486  -0.0000484042  -0.0001188844   0.0209600118  -0.0273500099
       -0.0056403812  -0.0000263655  -0.0000420171   0.0000497385   0.0000038306
        0.0001644859  -0.0002331812  -0.0000006565   0.0000579689   0.0000354944
       -0.0017970125  -0.0019768269   0.0009844037  -0.0001696254   0.0000630630
       -0.0000269424   0.0001556556  -0.0000633238   0.0000317141   0.0012574481
       -0.0018381050  -0.0002526841  -0.0177389242  -0.0005724166  -0.0131358277
       -0.0006417329   0.0005678812  -0.0013281143  -0.0210276551  -0.0139359577
        0.0002518697  -0.4421126161  -0.1583289407  -0.1500597349   0.0005448405
       -0.0002945699   0.0000482631  -0.0007284277  -0.0001433061  -0.0004418866
        0.6733071894   0.2483756467   0.1815937707   0.0000144960   0.0000094475
       -0.0000152338  -0.0000222734   0.0000085557  -0.0000067986   0.0000212897
       -0.0000358805  -0.0001408606  -0.0000577560  -0.0000311899   0.0000070486
       -0.0000040179   0.0000098964  -0.0000032299   0.0000758357  -0.0000494810
        0.0000471369  -0.0004452292   0.0001200514   0.0000430633  -0.0000539695
        0.0001931191   0.0001034053   0.0001088633  -0.0000210686  -0.0000104673
        0.0005333501  -0.0006842573   0.0009548261  -0.0003069264  -0.0004240367
       -0.0000896012   0.0000249948   0.0010162722  -0.0010678280   0.0001640665
        0.0003421976  -0.0014959219  -0.0004843366  -0.0004062688  -0.0002967988
       -0.0000906515  -0.0002064535  -0.0000051666   0.0000658727   0.0000438221
       -0.0000647164  -0.0760059172   0.0251074907  -0.0880099094  -0.1144991004
       -0.0968696006   0.0723551301  -0.0000159792  -0.0000077995  -0.0000051319
        0.0000141227   0.0000001163  -0.0000152755  -0.0001015398   0.0000507232
        0.0000077243   0.0000080462  -0.0000330961   0.0000132209   0.0000119499
        0.0000146396   0.0000301890  -0.0000043302  -0.0000003436   0.0000003639
       -0.0021074966  -0.0019621062   0.0016427646  -0.0002544871   0.0000153692
       -0.0001200729   0.0000413185  -0.0002118606   0.0000298968   0.0012232303
       -0.0009791290   0.0009051268   0.0048311325   0.0041163370   0.0008426945
        0.0005499442  -0.0007893099   0.0010467154  -0.0204521658  -0.0115890438
       -0.0028977740  -0.1592495291  -0.1050817044  -0.0385682241  -0.0000983723
        0.0002892053   0.0001795029  -0.0006006770  -0.0000777917  -0.0004959558
        0.2483756467   0.3249732398  -0.1352689949  -0.0000492217   0.0000879566
        0.0000336079   0.0000000530   0.0000378033  -0.0000008829   0.0000316261
       -0.0000307421  -0.0000639719  -0.0001829788   0.0001101242  -0.0000293112
        0.0000621758   0.0000046151  -0.0000160551   0.0000501827  -0.0000056061
        0.0000635924  -0.0000140092   0.0000777948   0.0002369652   0.0003676490
       -0.0001702780   0.0001923898   0.0000755787   0.0003786990  -0.0001046167
        0.0007262107  -0.0000152577   0.0007109612   0.0002259094   0.0002535685
        0.0000659344  -0.0011766207   0.0004009707   0.0001009073  -0.0008294169
        0.0003287961  -0.0005750182   0.0000088052  -0.0000810208  -0.0000962646
       -0.0001626976  -0.0002493539  -0.0000465517   0.0000418049   0.0000411203
       -0.0000501683   0.0246494944  -0.0611625906   0.0747435565  -0.0960863111
       -0.1487016460   0.0974770424   0.0000030401  -0.0000257034  -0.0000076066
        0.0000129015  -0.0000041340  -0.0000111261   0.0000258440   0.0000141755
        0.0000852974  -0.0000391151   0.0000159133  -0.0000204873  -0.0000143675
       -0.0000094409   0.0000223945   0.0000149186   0.0000010303  -0.0000062678
        0.0014831635   0.0019652641  -0.0012591352  -0.0000388386   0.0000282060
        0.0000249739   0.0001231487  -0.0000604751  -0.0001299637  -0.0002305232
       -0.0013041419  -0.0011189503  -0.0255695652  -0.0057206606  -0.0144285807
       -0.0026041147   0.0008395404  -0.0038595963   0.0116615601   0.0039109318
        0.0048401843  -0.1510733235  -0.0385300450  -0.1206781603  -0.0000528030
        0.0000112129   0.0002934598   0.0005516129  -0.0000765712   0.0004202782
        0.1815937707  -0.1352689949   0.4942678201   0.0000118437   0.0000052462
       -0.0000692426   0.0000139534  -0.0000037934   0.0000249149  -0.0000831091
        0.0000209293   0.0000312635  -0.0000148867   0.0000180202   0.0000451933
       -0.0000677810   0.0000014978   0.0000435084   0.0000015898  -0.0000218617
        0.0001359529   0.0000130453   0.0000730040   0.0002292731  -0.0003650145
        0.0006517707   0.0000410609  -0.0000162971   0.0001000480  -0.0001030252
       -0.0009800564  -0.0004444811   0.0007430284  -0.0008311165  -0.0008995323
       -0.0003110065   0.0008577911   0.0011866167   0.0000656937   0.0007688740
        0.0010512190   0.0000124124   0.0001226509   0.0000466618  -0.0001055689
        0.0001700845   0.0002437531   0.0000711541  -0.0000372460  -0.0000517772
        0.0000520240  -0.0866095766   0.0754851966  -0.2430778452   0.0711233967
        0.0967318360  -0.1162342387   0.0000199507   0.0000053739   0.0000126604
       -0.0000216477  -0.0000050992   0.0000227191  -0.0000020342   0.0000137553
       -0.0000430332   0.0000453970  -0.0000559403  -0.0000082949   0.0000511876
        0.0000520675   0.0000254278  -0.0000150867   0.0000012226   0.0000236383
       -0.0241521442   0.0076590774  -0.0047610430  -0.1583730537  -0.0060870504
       -0.0540993613  -0.0173172269  -0.0100621620  -0.0050635384  -0.0002655479
       -0.0001826424   0.0001175314  -0.0003691293  -0.0002596087   0.0000989344
        0.0000040547  -0.0000178125   0.0000591875  -0.0012387180   0.0019528722
        0.0005300644  -0.0005598189  -0.0001071626  -0.0001931142   0.0006129258
       -0.0004999516  -0.0005014250  -0.0002075854   0.0006815250  -0.0001137971
        0.0000144960  -0.0000492217   0.0000118437   0.6663299394   0.1069856921
       -0.1288101082  -0.3605726811  -0.0983296127   0.2054702082  -0.0029723180
        0.0012136657  -0.0044151740  -0.0000737846  -0.0012848003  -0.0001909244
       -0.0688457570   0.0039275801  -0.0195294246   0.0006399121   0.0010112228
        0.0000060396  -0.0005936615  -0.0009919668  -0.0000191950   0.0003253920
       -0.0001098151   0.0002198391   0.0001386562  -0.0000455474   0.0000672850
        0.0001964123   0.0000369045  -0.0000922904   0.0002589641   0.0000242232
        0.0005900288  -0.0005248175  -0.0000228067  -0.0003667593   0.0001365450
        0.0001387305   0.0001022011  -0.0001197820   0.0000449424   0.0000786230
        0.0003207868   0.0001037643  -0.0000480635   0.0003729336  -0.0000555818
       -0.0000845279   0.0000643696   0.0000054307   0.0000878420   0.0000444869
        0.0000480947  -0.0000289806  -0.0291697174  -0.0069081090   0.0140610679
        0.0012992859   0.0001060935  -0.0004527025   0.0000556486   0.0002847574
        0.0000996444   0.0016085583  -0.0047643851   0.0155569993   0.0019814984
       -0.0019295142   0.0107122805  -0.0090491225   0.0074831748  -0.0290991912
        0.0147377616   0.0012759209   0.0086566461  -0.0029265819  -0.0584523196
       -0.0007300235  -0.0220863380  -0.0045150802  -0.0111909017  -0.0005769975
       -0.0003555863  -0.0000614051  -0.0000622783  -0.0000503598  -0.0000000588
       -0.0004459403   0.0001827081   0.0004452810   0.0029448331  -0.0027440126
       -0.0007838688  -0.0000160072  -0.0002012212   0.0001115995   0.0000372979
       -0.0001992857   0.0000516580   0.0021897397  -0.0008087001   0.0001772627
        0.0000094475   0.0000879566   0.0000052462   0.1069856921   0.2148580563
       -0.1306528916  -0.0990228278  -0.0666280245   0.0786292881   0.0029671666
        0.0016284394   0.0031283587  -0.0005138744   0.0002980746   0.0000998800
        0.0053755566  -0.0707346479   0.0343417945  -0.0010996393  -0.0001056403
       -0.0005753603  -0.0027761967  -0.0045661901  -0.0004404615   0.0001262318
       -0.0000361227   0.0001906195  -0.0001297262  -0.0001860258   0.0003709927
        0.0000046083  -0.0000706414  -0.0000139032  -0.0000842767   0.0001842204
       -0.0000706362   0.0010321102  -0.0000616386   0.0004191801  -0.0001297330
       -0.0000862275  -0.0001524181  -0.0000372339   0.0000173044  -0.0000038726
        0.0004743903  -0.0013058149  -0.0006823076  -0.0000583699  -0.0002534759
        0.0003152418   0.0000068014  -0.0000181211   0.0000046136   0.0000306552
        0.0000301544  -0.0000146133  -0.0015417541  -0.0017758154   0.0001766994
       -0.0053162885  -0.0036988287   0.0058511014   0.0000914878   0.0001315863
        0.0000215854   0.0018325854  -0.0076607771   0.0263088551  -0.0037829295
        0.0063366428  -0.0192969248   0.0017606279  -0.0005165067   0.0053637433
        0.0050673521   0.0026118782   0.0051548621  -0.0437924460  -0.0004475371
       -0.0894022423   0.0006841493  -0.0030929271   0.0019203126   0.0000927864
        0.0002067581  -0.0000058180  -0.0000831889   0.0000905743  -0.0002140753
       -0.0000667185  -0.0002069172   0.0014839270   0.0010535836  -0.0013926568
       -0.0001000866  -0.0002261886  -0.0001189718   0.0000898606   0.0001523253
        0.0000641932  -0.0005163054   0.0002949177   0.0003971257   0.0005866711
       -0.0000152338   0.0000336079  -0.0000692426  -0.1288101082  -0.1306528916
        0.5963645775   0.2074995907   0.0791299660  -0.2255727505  -0.0270676415
        0.0007265252  -0.0227010526   0.0002696740  -0.0004580852  -0.0002904896
       -0.0254713386   0.0379635823  -0.1998220577  -0.0002393774  -0.0001097886
        0.0008282079  -0.0002722371   0.0002804769   0.0007272729   0.0002087583
        0.0003069608  -0.0004167365   0.0000903979   0.0000819358  -0.0002848064
        0.0001322761  -0.0000134984  -0.0000476744   0.0006135596  -0.0002748364
       -0.0009168231   0.0005052248  -0.0000300114   0.0004122439  -0.0001208442
        0.0000147623   0.0000161742  -0.0002541075  -0.0000090348  -0.0000806859
       -0.0000122246  -0.0004285436   0.0005463210  -0.0002314381   0.0004187503
       -0.0006227544  -0.0000207870  -0.0000055114  -0.0000032692   0.0000488318
        0.0000302030  -0.0000123004  -0.0086957362  -0.0022352848   0.0049607792
        0.0214867248   0.0080057955  -0.0234904400   0.0000532180  -0.0000464561
        0.0000792849   0.0033465034   0.0063697043  -0.0120004506   0.0006997834
        0.0013161610  -0.0268068235  -0.0069200409   0.0014739913  -0.0097936100
       -0.0009532739  -0.0016104534  -0.0009715347  -0.0400715439  -0.0084616339
        0.0098805865  -0.0019051422   0.0012448002  -0.0017211583  -0.0001791340
       -0.0004449506   0.0002130717   0.0001058887  -0.0000200091  -0.0000135478
       -0.0000912560   0.0001845116   0.0000565237  -0.0005328402   0.0007270099
       -0.0000174405   0.0001615926   0.0000250234  -0.0000199820  -0.0000855819
        0.0000812453   0.0001080441  -0.0000895986  -0.0001679627   0.0001077237
       -0.0000222734   0.0000000530   0.0000139534  -0.3605726811  -0.0990228278
        0.2074995907   0.7183935558   0.1119797704  -0.0982868380  -0.0009352507
       -0.0005271205   0.0024804386   0.0001896307   0.0000657801   0.0000324088
       -0.0006530891  -0.0008654611   0.0065093598   0.0001187113   0.0000677185
        0.0000329089  -0.0003744779  -0.0008699499  -0.0000341214  -0.0001634935
        0.0000213808  -0.0000707997  -0.0000858419   0.0000361533   0.0001435335
        0.0000089055  -0.0000102425  -0.0000373230  -0.0001986648   0.0000129655
       -0.0000198114  -0.0002270820  -0.0000332585  -0.0000851654   0.0000552926
       -0.0000394692   0.0001138067   0.0000527779  -0.0000362395   0.0000053207
       -0.0003359555   0.0007313742   0.0002915825  -0.0001824664   0.0001439589
       -0.0001132698   0.0000033086  -0.0000009432   0.0000048180  -0.0000013058
       -0.0000015024  -0.0000027206  -0.2668502272  -0.0084075878  -0.0926599747
       -0.0472435462   0.0045920463  -0.0279923146  -0.0000679172  -0.0000756356
       -0.0000182650   0.0007692059   0.0006704992  -0.0014508804   0.0006981659
       -0.0003974291  -0.0018650697   0.0012656080   0.0004083860  -0.0021134541
        0.0009534359  -0.0012700194  -0.0001378309  -0.0056502004   0.0014572514
        0.0004748016  -0.0004344189  -0.0002947064  -0.0001649706  -0.0000198353
       -0.0000347513   0.0000348079   0.0000200580   0.0000004605  -0.0000236485
       -0.0000721275   0.0000502788   0.0002732826  -0.0000608740   0.0001672742
       -0.0000586914  -0.0000300663  -0.0000501814   0.0000328329   0.0000624868
        0.0001337367  -0.0001091297  -0.0001002341  -0.0002532654  -0.0001058433
        0.0000085557   0.0000378033  -0.0000037934  -0.0983296127  -0.0666280245
        0.0791299660   0.1119797704   0.1488195910  -0.1552099927   0.0008927815
       -0.0002590511   0.0000901499   0.0006455734  -0.0001889053  -0.0000961563
       -0.0059701716  -0.0011621700   0.0098893157  -0.0000680556   0.0001556728
       -0.0000593807   0.0000026753   0.0000116674  -0.0000127881   0.0000082018
       -0.0000105636  -0.0000071899   0.0000102256   0.0000376252   0.0000048160
        0.0000286234   0.0000333623  -0.0000122217  -0.0000412185  -0.0000552969
        0.0000053509  -0.0000370514  -0.0000129661  -0.0000094052   0.0000233090
       -0.0000223166   0.0000135331  -0.0000381120  -0.0000328855   0.0000407925
        0.0005712493  -0.0001263209   0.0002650205   0.0000323369   0.0000984554
       -0.0002440189   0.0000048848  -0.0000047127  -0.0000025035   0.0000231927
        0.0000141855  -0.0000059719  -0.0087804031  -0.0325775952   0.0005553426
        0.0053265228  -0.0472074321   0.0644470267  -0.0001215892  -0.0000838828
        0.0000889978  -0.0000343053  -0.0005468696   0.0018039998  -0.0001628127
       -0.0001474139  -0.0003257290  -0.0006427946  -0.0000480339  -0.0005607709
       -0.0021285444   0.0001913391   0.0000461948  -0.0027872081  -0.0016730021
        0.0044754197  -0.0024329584  -0.0008984484  -0.0003659340   0.0000279033
       -0.0000399434  -0.0002332725   0.0000450623   0.0000451954   0.0000033446
        0.0001353471  -0.0000089877  -0.0004780316  -0.0002219404   0.0002982335
        0.0001094256   0.0001157305   0.0000711580  -0.0000599041  -0.0001453192
        0.0001235100   0.0002240775  -0.0000392259  -0.0002152229   0.0000455863
       -0.0000067986  -0.0000008829   0.0000249149   0.2054702082   0.0786292881
       -0.2255727505  -0.0982868380  -0.1552099927   0.6255999065  -0.0034714342
       -0.0006978825   0.0014793279  -0.0000406548   0.0000884742  -0.0000353912
        0.0225822074   0.0120217997  -0.0326078263   0.0000750365   0.0001982677
       -0.0000182501  -0.0002458618  -0.0002792386  -0.0000923222  -0.0000243266
       -0.0000746771   0.0000496247  -0.0000666880  -0.0000854325   0.0001100120
       -0.0000630857   0.0000077614   0.0000346035  -0.0000859366   0.0000733857
       -0.0000247349  -0.0001599249   0.0000271751  -0.0000465036   0.0000062393
       -0.0000564696   0.0000731662   0.0000579328  -0.0000099777   0.0000023918
        0.0003609106  -0.0004072348  -0.0000330631  -0.0002257781   0.0001561264
       -0.0000005533   0.0000015135  -0.0000014755   0.0000050092  -0.0000180319
       -0.0000155558   0.0000003688  -0.0907538746   0.0010378419  -0.0808287030
       -0.0296856089   0.0643609317  -0.2851669616   0.0000342838  -0.0000068021
       -0.0001196741  -0.0006019126   0.0011352426  -0.0043313437   0.0002001855
        0.0011202739  -0.0025063335   0.0023793909   0.0000952221   0.0002381791
       -0.0067423438   0.0022162878   0.0193431766  -0.0446732936  -0.0043745894
        0.0330216839  -0.0034474250  -0.0063365921   0.0117586280  -0.0005340286
       -0.0025402001   0.0006158380   0.0002033738   0.0000401485  -0.0001390969
       -0.0012010717   0.0023497918   0.0002743366   0.0002573842   0.0003517253
        0.0019118242  -0.0003097394  -0.0002467154   0.0001938276  -0.0010207252
        0.0005501703   0.0012012430   0.0003194635  -0.0005142746  -0.0000678580
        0.0000212897   0.0000316261  -0.0000831091  -0.0029723180   0.0029671666
       -0.0270676415  -0.0009352507   0.0008927815  -0.0034714342   0.0693455383
        0.0066881273  -0.0362019353  -0.0001927082  -0.0001404874  -0.0000148201
       -0.0040894663  -0.0004372308  -0.0017435929  -0.0002104468  -0.0000861698
        0.0000604349  -0.0002741466  -0.0010299368   0.0012599161  -0.0001574673
       -0.0000011994   0.0001031444  -0.0003859327  -0.0001908461   0.0003803282
        0.0000472416  -0.0000103124  -0.0000901126  -0.0000804845   0.0000282227
       -0.0001202350   0.0000583156  -0.0000784652  -0.0000840154  -0.0014318438
        0.0003377940  -0.0008559119   0.0000136639  -0.0000107402   0.0001213563
       -0.0001079954  -0.0000468050  -0.0001908736   0.0003219421  -0.0000358299
       -0.0000440080  -0.0000437972   0.0000191629  -0.0000332889   0.0000856937
        0.0000408552  -0.0000232192   0.0003315322  -0.0000522969   0.0001171629
       -0.0017528442  -0.0005775171   0.0007274659   0.0000263711   0.0000289490
       -0.0000238721  -0.0000842580  -0.0001933674   0.0003325634  -0.0000604140
        0.0000738690  -0.0000004566  -0.0003238087   0.0002868978  -0.0011674486
        0.0074562082  -0.0007256627  -0.0213103200  -0.0047411290  -0.0447132787
        0.0306318918  -0.0095132179  -0.0098718179   0.0251982576  -0.0013282731
       -0.0042448412   0.0004953004   0.0001012442   0.0000650161  -0.0001616620
        0.0016630155  -0.0021785768  -0.0002498058  -0.0004533362   0.0003388025
       -0.0006175049  -0.0000084190   0.0000319234   0.0000629629   0.0010316545
       -0.0006251789  -0.0013786540   0.0010106713   0.0003394184  -0.0011974732
       -0.0000358805  -0.0000307421   0.0000209293   0.0012136657   0.0016284394
        0.0007265252  -0.0005271205  -0.0002590511  -0.0006978825   0.0066881273
        0.0600905000  -0.0347639284  -0.0002605031   0.0003646023   0.0002029081
       -0.0001048495   0.0011345717   0.0003239413   0.0000836131  -0.0005492685
        0.0000522062  -0.0008270841   0.0001933469   0.0013637239  -0.0000828778
       -0.0000544364   0.0000551659  -0.0007943705  -0.0003331093   0.0007867134
        0.0000460771  -0.0000730457  -0.0000626495  -0.0000216530  -0.0001466778
        0.0000978982  -0.0001190476  -0.0000939964  -0.0001474576   0.0002464300
        0.0004295804   0.0002231578   0.0000067365   0.0000013737  -0.0000411268
       -0.0000785471  -0.0000081637   0.0000973783  -0.0000820962  -0.0009214242
        0.0001289993   0.0000015779  -0.0000023780  -0.0000210288   0.0000024977
       -0.0000060124   0.0000019784  -0.0000494614  -0.0000270717   0.0000282119
       -0.0005131129   0.0002269355   0.0000715008  -0.0000106501   0.0000383404
        0.0000235679  -0.0000539164  -0.0000025088  -0.0000895058   0.0000466138
       -0.0000735184   0.0001942276   0.0000074131   0.0000579099  -0.0000484467
        0.0067537651  -0.0023233133  -0.0159963731   0.0329055042   0.0315115646
       -0.2520235089   0.0021235263   0.0026519496  -0.0064915845   0.0002224923
        0.0016216082   0.0008411969  -0.0001268783  -0.0000487622   0.0000161622
        0.0008197270  -0.0019226171   0.0001917011  -0.0017214851   0.0007784721
        0.0013320818   0.0001051203   0.0000986464  -0.0001551683   0.0010722488
       -0.0007519626  -0.0011114674  -0.0002314328   0.0007957404   0.0000791652
       -0.0001408606  -0.0000639719   0.0000312635  -0.0044151740   0.0031283587
       -0.0227010526   0.0024804386   0.0000901499   0.0014793279  -0.0362019353
       -0.0347639284   0.2921777323  -0.0000653007  -0.0000224026   0.0001656296
       -0.0032972147  -0.0001202251  -0.0006021978   0.0000771412   0.0004118385
       -0.0002466864  -0.0004069313  -0.0009251333   0.0015278624  -0.0000208901
       -0.0000894392   0.0001913067   0.0003611704   0.0001384528  -0.0003659454
       -0.0000745901   0.0000051649   0.0001157158  -0.0000247152   0.0000260649
        0.0001976226  -0.0001347357   0.0001072452   0.0000081841   0.0001256241
        0.0001469233   0.0005522411  -0.0000550905   0.0001069160  -0.0000583744
       -0.0000782582  -0.0000094663  -0.0001726436  -0.0000757942  -0.0006512874
        0.0004165740   0.0000251028   0.0000032984   0.0000604986  -0.0000098713
       -0.0000283734  -0.0000251211   0.0005570521   0.0002221783   0.0003117641
       -0.0001785802  -0.0003857642   0.0009417121  -0.0000622476   0.0001124164
        0.0001210491  -0.0000041607  -0.0002215414   0.0001828193   0.0000418220
        0.0001319631   0.0000424375  -0.0003445884   0.0002392366  -0.0010339245
        0.0058287435   0.0008352031  -0.0006389132   0.0004176730  -0.0007290505
       -0.0004896198  -0.0000202950   0.0000681720  -0.0001162483   0.0000127484
       -0.0000387871  -0.0000813940   0.0001871953  -0.0002004137  -0.0003281833
       -0.0021488605   0.0016540223   0.0016931019  -0.0007636573  -0.0020108754
       -0.0008666439   0.0010360980   0.0005453776  -0.0003598443  -0.0015470153
       -0.0084045053   0.0055832707  -0.1138189273   0.0912338704   0.0076642131
       -0.0000577560  -0.0001829788  -0.0000148867  -0.0000737846  -0.0005138744
        0.0002696740   0.0001896307   0.0006455734  -0.0000406548  -0.0001927082
       -0.0002605031  -0.0000653007   0.2284617134  -0.1120141923  -0.1672663056
        0.0001115420   0.0001930923  -0.0001173568   0.0000761902  -0.0000751066
        0.0000252925   0.0000245443   0.0000999264   0.0001071885  -0.0000147943
       -0.0000508181   0.0000755877   0.0000555747   0.0000374607   0.0000030830
        0.0000953173   0.0001030300  -0.0000130602  -0.0000255553  -0.0000728272
        0.0002032320   0.0009823869  -0.0010344581   0.0002866036   0.0000151490
       -0.0001157180   0.0000781326   0.0012845722   0.0006994012  -0.0001712158
       -0.0292506283   0.0307405330  -0.0010313198  -0.0138807356   0.0148227750
        0.0094371266   0.0000551118   0.0000100886   0.0000592333  -0.0000935932
        0.0000442782   0.0000752019   0.0001043254  -0.0000208026  -0.0000324672
        0.0000756708  -0.0000604037  -0.0001593592  -0.0770837534  -0.0158911726
        0.1457506344   0.0000037567   0.0001729125   0.0000090158  -0.0001255389
       -0.0001755623   0.0003906790   0.0000796597  -0.0000536671   0.0000815030
        0.0210053812  -0.0412674481  -0.0066612362  -0.0041640624  -0.0069987364
        0.0017041181   0.0017001707  -0.0018742804  -0.0003726261  -0.0000523802
        0.0003117121  -0.0002015131  -0.0000065987   0.0003069770  -0.0001785172
        0.0008727349   0.0015086499  -0.0021557040   0.0016177733  -0.0004136349
        0.0007423639   0.0009115383   0.0005520644   0.0002136842  -0.0037103856
       -0.0042257391   0.0064012732   0.0746941132  -0.1587126303   0.0079367170
       -0.0000311899   0.0001101242   0.0000180202  -0.0012848003   0.0002980746
       -0.0004580852   0.0000657801  -0.0001889053   0.0000884742  -0.0001404874
        0.0003646023  -0.0000224026  -0.1120141923   0.2649006468  -0.0560561874
        0.0003188402  -0.0001623620   0.0000905763  -0.0001407004  -0.0008168374
        0.0000141984  -0.0000200318   0.0000195434  -0.0000586293   0.0001146980
        0.0000256856   0.0000361458  -0.0001016574  -0.0001081217  -0.0000305442
       -0.0000863189  -0.0000442630   0.0001849542   0.0001612798  -0.0000798996
       -0.0000388205  -0.0000927187   0.0004134409   0.0001960016   0.0003448277
       -0.0002505069  -0.0000173789   0.0002513900  -0.0003626949  -0.0001445093
        0.0192823123  -0.0115211257   0.0047553008   0.0052676864  -0.0023180485
       -0.0064852554  -0.0000152483   0.0000077241  -0.0000716579  -0.0000024204
       -0.0001378869   0.0000145328   0.0000973829   0.0000151727   0.0000820019
       -0.0001325879  -0.0000224740   0.0000962028  -0.0046710121  -0.0393585851
        0.0507248942  -0.0000827422   0.0000045734  -0.0000852172  -0.0000587579
        0.0000275563  -0.0002289662   0.0001023837  -0.0000023677  -0.0000322090
       -0.0017550887  -0.0020232971   0.0028341319  -0.0001564212  -0.0000237203
        0.0004296843   0.0000498974  -0.0001596178   0.0002152476  -0.0000531740
        0.0000339221   0.0000539829  -0.0002430954   0.0003650908   0.0004231665
        0.0013811160  -0.0011605209  -0.0015299433  -0.0001174155  -0.0015325783
        0.0006494161   0.0002689845   0.0003353645  -0.0002516861   0.0054745440
        0.0108897467  -0.0065164611   0.0203041858  -0.0107848515  -0.0725745646
        0.0000070486  -0.0000293112   0.0000451933  -0.0001909244   0.0000998800
       -0.0002904896   0.0000324088  -0.0000961563  -0.0000353912  -0.0000148201
        0.0002029081   0.0001656296  -0.1672663056  -0.0560561874   0.4108751102
       -0.0000406586   0.0000585126   0.0001806880   0.0000102885  -0.0000525617
       -0.0000245652   0.0000627607   0.0000614718   0.0000129250   0.0000502864
       -0.0000658729   0.0000109818   0.0000278325   0.0000086502  -0.0000076027
       -0.0001160333  -0.0002063468   0.0000518453   0.0000978679  -0.0002837186
        0.0001294393   0.0003260834   0.0000548059  -0.0000628271   0.0001057370
       -0.0000042755  -0.0000374646  -0.0001595199   0.0003041676  -0.0002329583
       -0.0119520218   0.0149002243   0.0068833744   0.0241758579  -0.0258751654
       -0.0082553801   0.0000518504  -0.0000217147   0.0000188536  -0.0000492727
       -0.0000628107   0.0000058509   0.0000971314   0.0000427309   0.0000637698
       -0.0001055519   0.0000607158   0.0000730473   0.1296213637   0.0710696012
       -0.3333834679   0.0000124202  -0.0000085385  -0.0000420354   0.0000464913
       -0.0000210484   0.0001355299   0.0000161468  -0.0000194985  -0.0000130308
        0.0004001812  -0.0003947130   0.0003256212  -0.0034378666   0.0045837389
       -0.0225823424   0.0005939435   0.0002690214   0.0006733306   0.0003326922
       -0.0002799900   0.0006372553  -0.0000350865   0.0001702425  -0.0003227803
        0.0005532229  -0.0005295247   0.0008878417  -0.0002003972   0.0000742997
        0.0000016101  -0.0000146512  -0.0000868610   0.0000869395  -0.0007737085
        0.0006369499  -0.0000585281  -0.0000714945  -0.0003117354   0.0000457267
       -0.0000040179   0.0000621758  -0.0000677810  -0.0688457570   0.0053755566
       -0.0254713386  -0.0006530891  -0.0059701716   0.0225822074  -0.0040894663
       -0.0001048495  -0.0032972147   0.0001115420   0.0003188402  -0.0000406586
        0.5205568570   0.0115154863  -0.0115389599  -0.0001088217  -0.0000633679
       -0.0002051986   0.0000195626  -0.0000793398   0.0000308758  -0.0013400818
       -0.0000877204  -0.0006478716  -0.0002255488   0.0000263599  -0.0002797291
       -0.0000940680  -0.0000161855  -0.0000521961  -0.0022894995   0.0005518018
       -0.0008261475  -0.0000914827   0.0000268048   0.0000046055  -0.0000330244
       -0.0000043820  -0.0000258282  -0.0000126361   0.0001554558   0.0000561522
       -0.0001140141   0.0001877918  -0.0000778091  -0.0000441917   0.0000568351
       -0.0000796335  -0.0000675398  -0.0000072461  -0.0000555689  -0.0000282328
       -0.0000246713   0.0000033141   0.0011271727  -0.0001791376   0.0022092275
       -0.0022108141  -0.0021856485   0.0032426429  -0.0000709885  -0.0002056248
        0.0000466327  -0.1039680035  -0.1014839810   0.0277047368  -0.0624409486
        0.0538106263   0.0428309765  -0.2724297434   0.0341931632  -0.0357401101
       -0.0001469564   0.0001796018  -0.0003354506   0.0005544027  -0.0002228068
        0.0009250199   0.0002284236  -0.0001457860   0.0000611398   0.0007745245
       -0.0000877774   0.0003282033  -0.0000581595  -0.0001493788  -0.0000280007
       -0.0006211872  -0.0000368538  -0.0005052620  -0.0000462802   0.0001061916
        0.0000421637   0.0000148756   0.0000287875   0.0001181816   0.0001663950
        0.0000740502   0.0000335926  -0.0004878690   0.0000712681  -0.0003086691
        0.0000098964   0.0000046151   0.0000014978   0.0039275801  -0.0707346479
        0.0379635823  -0.0008654611  -0.0011621700   0.0120217997  -0.0004372308
        0.0011345717  -0.0001202251   0.0001930923  -0.0001623620   0.0000585126
        0.0115154863   0.4965359202   0.0002146272  -0.0003045119   0.0001976689
       -0.0003072755  -0.0000469843   0.0001396745  -0.0000565417  -0.0011288299
       -0.0001791576  -0.0001518884   0.0000197246   0.0000997453   0.0000543897
       -0.0000044404   0.0000878531   0.0000183443   0.0016389298   0.0000882061
        0.0004022877  -0.0000205384   0.0000077745   0.0000007276   0.0000405418
       -0.0000024390   0.0000134993  -0.0000514978  -0.0000613739  -0.0000545072
        0.0003465470  -0.0003038968   0.0003942598   0.0000379292  -0.0000047360
        0.0000659518   0.0000047203  -0.0000026847  -0.0000068532   0.0000090486
        0.0000085970   0.0000023544   0.0012164513  -0.0038180960  -0.0010440296
       -0.0023225407   0.0109663103   0.0040136442  -0.0000493468   0.0000268773
       -0.0000148963  -0.1018849270  -0.2107024474   0.0486294207   0.0536387297
       -0.1719502678  -0.1080035946   0.0341394629  -0.0500308313   0.0055739939
        0.0005537294  -0.0001643434   0.0000277542  -0.0053168932   0.0022853862
       -0.0117932638   0.0008217313   0.0004113848   0.0002813374  -0.0002554694
       -0.0000022553  -0.0004697384  -0.0000433777  -0.0000846996   0.0000159292
       -0.0008484429   0.0000572352  -0.0005030242  -0.0002759216   0.0000523425
        0.0000112381  -0.0000378184   0.0001017129  -0.0001784356  -0.0000325050
       -0.0000092638   0.0002178296   0.0003479589  -0.0001115770  -0.0002427103
       -0.0000032299  -0.0000160551   0.0000435084  -0.0195294246   0.0343417945
       -0.1998220577   0.0065093598   0.0098893157  -0.0326078263  -0.0017435929
        0.0003239413  -0.0006021978  -0.0001173568   0.0000905763   0.0001806880
       -0.0115389599   0.0002146272   0.4643073498  -0.0001964052   0.0000839183
        0.0001253019  -0.0000759168   0.0000395272   0.0001144046   0.0003849767
       -0.0000752752   0.0000764979  -0.0000960249   0.0000046445   0.0000300168
       -0.0000811747   0.0000225716   0.0000454388   0.0009875116   0.0000729783
        0.0003432294  -0.0000320654  -0.0000163793   0.0000063537   0.0000265124
        0.0000430736   0.0001278018  -0.0000544199   0.0000085884  -0.0001014242
       -0.0001602456   0.0001946834   0.0001459264  -0.0000913794  -0.0000270704
       -0.0000137733   0.0000337421   0.0000025964   0.0000329724  -0.0000179037
       -0.0000101608  -0.0000014548  -0.0014189958  -0.0017891306   0.0002667037
        0.0016812394   0.0040074680  -0.0003402907   0.0000492394   0.0000975239
       -0.0000864763   0.0263540016   0.0471631276  -0.0515897283   0.0402064515
       -0.1034980401  -0.1206497778  -0.0359889302   0.0062952332  -0.0473981027
       -0.0005119751  -0.0016499973  -0.0000054375   0.0071678235  -0.0078109618
       -0.0001385033  -0.1628005841   0.1166304463  -0.0054856127  -0.0154059727
        0.0129226090   0.0031005383  -0.0023409700  -0.0008372288   0.0030162731
       -0.0000987967  -0.0002284202  -0.0000248635  -0.0000370937   0.0001369897
        0.0000319433   0.0000907866  -0.0001665085   0.0001665631   0.0000488170
        0.0000801904   0.0000231162   0.0001696999  -0.0003352205  -0.0001095775
        0.0000758357   0.0000501827   0.0000015898   0.0006399121  -0.0010996393
       -0.0002393774   0.0001187113  -0.0000680556   0.0000750365  -0.0002104468
        0.0000836131   0.0000771412   0.0000761902  -0.0001407004   0.0000102885
       -0.0001088217  -0.0003045119  -0.0001964052   0.1902423899  -0.1324169861
        0.0044068919  -0.0171856074   0.0144770102  -0.0047945807   0.0009718251
        0.0000964776  -0.0004869753  -0.0004286402  -0.0001762405  -0.0000199637
       -0.0006310482   0.0008808017   0.0003354536  -0.0000245851   0.0000338688
        0.0000398457   0.0000320757  -0.0000576752   0.0000559346  -0.0000555075
       -0.0001154971   0.0001534311   0.0000691988  -0.0001003545  -0.0000013776
        0.0000237986   0.0000220499   0.0000356428   0.0000048808   0.0000124025
       -0.0000317264   0.0000018764   0.0000127999   0.0000243079   0.0000162888
        0.0000146432   0.0000105279   0.0000017054   0.0001317336   0.0000004374
        0.0000352815   0.0000112537  -0.0000301815  -0.0000291785  -0.0000673908
       -0.0000197521   0.0002018791  -0.0000022711  -0.0000514256  -0.0000398167
        0.0000046907   0.0000687691  -0.0000799320  -0.0000241034   0.0000020280
       -0.0024891319  -0.0049414757   0.0010402886   0.0163634050  -0.0246889237
        0.0004418525   0.1165159294  -0.1522042180   0.0035166922   0.0002308097
        0.0011766899  -0.0003341421   0.0002045334   0.0007353767  -0.0002245470
       -0.0001341911   0.0001993593   0.0003594332  -0.0001077249   0.0001033514
       -0.0000475488   0.0000014513  -0.0000479769  -0.0000653460  -0.0000080482
       -0.0000210710  -0.0000649521   0.0009837173  -0.0005077020  -0.0003906272
       -0.0000494810  -0.0000056061  -0.0000218617   0.0010112228  -0.0001056403
       -0.0001097886   0.0000677185   0.0001556728   0.0001982677  -0.0000861698
       -0.0005492685   0.0004118385  -0.0000751066  -0.0008168374  -0.0000525617
       -0.0000633679   0.0001976689   0.0000839183  -0.1324169861   0.1786179547
       -0.0048537085   0.0001335458   0.0021668999   0.0008775355  -0.0002270217
        0.0003009472  -0.0000384754   0.0001016495  -0.0000098207  -0.0000388298
        0.0000058817  -0.0001234403   0.0000195459   0.0000358563  -0.0000698405
       -0.0000959560  -0.0000706528   0.0000994203  -0.0000048093  -0.0000076491
       -0.0000056707  -0.0000157311  -0.0001048797   0.0000602078   0.0000314969
       -0.0000133956  -0.0000345938  -0.0000293103   0.0000490366   0.0000283230
       -0.0000114826  -0.0000136643  -0.0000136566   0.0000058009  -0.0000039079
        0.0000144334  -0.0000127722   0.0000886364  -0.0001111912  -0.0000725333
        0.0000636388   0.0000082260   0.0000603711  -0.0000012603   0.0001081745
        0.0000551307  -0.0000126245   0.0001728684  -0.0006911336   0.0000540504
        0.0000890903   0.0001210165  -0.0000258198   0.0000222690  -0.0000470709
        0.0000835340  -0.0003220738  -0.0000438363  -0.0006524865   0.0008906202
        0.0009877002  -0.0061466735   0.0040370018  -0.0425778742   0.0198182281
       -0.0161223437  -0.0026084085   0.0036334570   0.0002653481  -0.0033928771
        0.0000623263   0.0002363858   0.0001290236  -0.0000821114   0.0001852874
        0.0001003022  -0.0001372177   0.0002403572  -0.0004047804  -0.0000338135
       -0.0000217844   0.0000144096  -0.0000063528   0.0000328873   0.0000273647
        0.0000471369   0.0000635924   0.0001359529   0.0000060396  -0.0005753603
        0.0008282079   0.0000329089  -0.0000593807  -0.0000182501   0.0000604349
        0.0000522062  -0.0002466864   0.0000252925   0.0000141984  -0.0000245652
       -0.0002051986  -0.0003072755   0.0001253019   0.0044068919  -0.0048537085
        0.0510151830  -0.0221532039   0.0181146470  -0.0032474438   0.0003410913
       -0.0008641057   0.0006655584   0.0000091637   0.0000471773   0.0000259483
        0.0008596493  -0.0010321055  -0.0004285752   0.0000335893  -0.0000157590
       -0.0000494482   0.0000524955   0.0000312733   0.0000467783  -0.0000148952
       -0.0001464468   0.0001227115  -0.0000043730   0.0000398049  -0.0000365854
        0.0000021625   0.0000007443  -0.0000140727  -0.0000040306   0.0000000580
        0.0000014145   0.0000155936  -0.0000142787   0.0000367838  -0.0000276548
       -0.0000022842  -0.0000209753  -0.0000190482   0.0000040355  -0.0000146501
        0.0000274004   0.0000534879  -0.0001465947   0.0000014668  -0.0000149882
        0.0000177597  -0.0001462619  -0.0002241147  -0.0009171348   0.0000553364
        0.0001432820  -0.0000568217   0.0000591227   0.0001236146  -0.0000308204
       -0.0001857552  -0.0001655311  -0.0001656475  -0.0095796960  -0.0070485958
       -0.0091582073  -0.1134599702  -0.0161399186  -0.1068362972   0.0075736103
        0.0011913348   0.0155420858   0.0003769589  -0.0002488931  -0.0000237222
       -0.0000520621   0.0001187979  -0.0001284422  -0.0001506229   0.0007217500
        0.0000298960  -0.0000973449   0.0006566832   0.0003305868  -0.0000170487
       -0.0000888977   0.0000052495   0.0000538162  -0.0000182805  -0.0000284469
       -0.0004452292  -0.0000140092   0.0000130453  -0.0005936615  -0.0027761967
       -0.0002722371  -0.0003744779   0.0000026753  -0.0002458618  -0.0002741466
       -0.0008270841  -0.0004069313   0.0000245443  -0.0000200318   0.0000627607
        0.0000195626  -0.0000469843  -0.0000759168  -0.0171856074   0.0001335458
       -0.0221532039   0.1345618229   0.0241765963   0.1184988500  -0.0010013456
       -0.0001821390   0.0033370773   0.0010494302   0.0002356595   0.0009385885
       -0.0000842131  -0.0000623671  -0.0000805219  -0.0000732053  -0.0000327940
        0.0000587008  -0.0000658482   0.0000887482   0.0000934356   0.0002403832
        0.0001940604   0.0000088660   0.0000070097   0.0000294938   0.0000344779
       -0.0000175250   0.0000633526   0.0000610653  -0.0000431450  -0.0000029906
       -0.0000073527  -0.0000485957   0.0000416779  -0.0000547971  -0.0000083269
       -0.0001016959  -0.0000036305  -0.0000852908   0.0002701664   0.0001922052
       -0.0000033764  -0.0001376332   0.0000197230  -0.0000115338   0.0000491975
       -0.0000146138  -0.0000659268  -0.0000389298   0.0002496011  -0.0000441172
       -0.0000483997   0.0001173122   0.0000609338   0.0000276325   0.0000623032
       -0.0005580590  -0.0002475356  -0.0001482338  -0.0196204721  -0.0100776201
       -0.0200993605  -0.0160578931  -0.0468035279  -0.0292451308  -0.0004547376
        0.0006533649   0.0024191941  -0.0001381419   0.0001973298  -0.0001846831
        0.0001497073  -0.0000691974  -0.0001119937   0.0002322914  -0.0006758972
       -0.0002393971   0.0009268444  -0.0001194599  -0.0007276825  -0.0000624771
        0.0000183332   0.0000702354   0.0001311294  -0.0002301423   0.0000618447
        0.0001200514   0.0000777948   0.0000730040  -0.0009919668  -0.0045661901
        0.0002804769  -0.0008699499   0.0000116674  -0.0002792386  -0.0010299368
        0.0001933469  -0.0009251333   0.0000999264   0.0000195434   0.0000614718
       -0.0000793398   0.0001396745   0.0000395272   0.0144770102   0.0021668999
        0.0181146470   0.0241765963   0.0588565285   0.0272050262  -0.0002551245
        0.0007692402   0.0009065057   0.0000224374   0.0003034767   0.0014103103
        0.0000148077  -0.0000926115   0.0000876442  -0.0000365912  -0.0000383738
        0.0001161204  -0.0001147091   0.0000054308   0.0001425731   0.0001680648
       -0.0009595289   0.0007657024   0.0000156408  -0.0000192475  -0.0000368198
        0.0000522816   0.0001326095   0.0000956082  -0.0000448717   0.0000376769
       -0.0000416524   0.0000456711  -0.0000248136   0.0000487008  -0.0001205801
       -0.0000488479   0.0000537949  -0.0002374886   0.0004172116   0.0002376695
        0.0000715390  -0.0001103949  -0.0000732882  -0.0000462338  -0.0000182190
       -0.0000154286   0.0000035896   0.0000166268  -0.0000995217   0.0000311016
        0.0000374587   0.0000348211  -0.0000201173   0.0000473928   0.0000026864
       -0.0001644515  -0.0002553169  -0.0001715686  -0.0014703774   0.0000629892
       -0.0009365796  -0.1065027078  -0.0292183615  -0.1976337029  -0.0100210047
       -0.0010741179  -0.0292022697  -0.0004050930   0.0002515258   0.0002284840
       -0.0000813897  -0.0001207203  -0.0001200194  -0.0001769868   0.0002722664
        0.0003944073   0.0004341259  -0.0005573541  -0.0000884550   0.0000416738
        0.0000249684   0.0000290381   0.0000007158   0.0001391783  -0.0000349621
        0.0000430633   0.0002369652   0.0002292731  -0.0000191950  -0.0004404615
        0.0007272729  -0.0000341214  -0.0000127881  -0.0000923222   0.0012599161
        0.0013637239   0.0015278624   0.0001071885  -0.0000586293   0.0000129250
        0.0000308758  -0.0000565417   0.0001144046  -0.0047945807   0.0008775355
       -0.0032474438   0.1184988500   0.0272050262   0.2323916330   0.0035958323
        0.0006317691  -0.0052211995  -0.0004386834   0.0000131749   0.0004948924
       -0.0000514215   0.0001106890   0.0001400846   0.0000561030   0.0001717040
        0.0000880007   0.0000174972   0.0001355051   0.0000129972  -0.0000559014
        0.0002063290   0.0002472196   0.0000109120  -0.0000034201  -0.0000097572
       -0.0000004314   0.0000435538   0.0000016074   0.0000008440  -0.0000021802
        0.0000298524  -0.0000316987  -0.0000197765  -0.0000080296   0.0000466608
        0.0000520861  -0.0000798728  -0.0000017775   0.0000254907   0.0000388247
       -0.0000237473  -0.0000034405   0.0000662852  -0.0000423287   0.0000041028
        0.0000078621   0.0000681432  -0.0000682238  -0.0000062723   0.0000406509
        0.0000607394   0.0000179077   0.0000628454   0.0000020098   0.0000516202
        0.0000428527   0.0000017079   0.0000562297   0.0001724293  -0.0002038406
        0.0000042807   0.0084547051  -0.0018123557   0.0146627494  -0.1065917496
        0.0156962123  -0.1030638778  -0.0126997887   0.0077952647  -0.0151591230
        0.0006647310  -0.0010853704  -0.0000054433  -0.0000670746  -0.0000500713
       -0.0003286664  -0.0023687079   0.0032407456   0.0008170044  -0.0001687650
       -0.0003695315   0.0001069684  -0.0000409264  -0.0001332497   0.0000147553
       -0.0000539695   0.0003676490  -0.0003650145   0.0003253920   0.0001262318
        0.0002087583  -0.0001634935   0.0000082018  -0.0000243266  -0.0001574673
       -0.0000828778  -0.0000208901  -0.0000147943   0.0001146980   0.0000502864
       -0.0013400818  -0.0011288299   0.0003849767   0.0009718251  -0.0002270217
        0.0003410913  -0.0010013456  -0.0002551245   0.0035958323   0.1280632014
       -0.0211880336   0.1180184178  -0.0127853881  -0.0004819249  -0.0184217679
       -0.0002276806  -0.0001271152  -0.0001566015   0.0005492113  -0.0000113772
        0.0000724630  -0.0000037331  -0.0000096236  -0.0000065089  -0.0000035964
        0.0000384800   0.0000193890   0.0000657341  -0.0000247818  -0.0000275230
        0.0000231592   0.0000031821   0.0000156974  -0.0000112665  -0.0000083376
       -0.0000009758   0.0001129467  -0.0004039266  -0.0002233615  -0.0000070334
        0.0001618604   0.0000896243  -0.0000038472   0.0000092792  -0.0000091650
        0.0000364457   0.0000375594  -0.0000883191   0.0000019308  -0.0000127706
       -0.0000543358  -0.0018408002  -0.0002160782  -0.0003436605   0.0001648655
        0.0000491362  -0.0001030711  -0.0000979201   0.0001820342  -0.0000558924
       -0.0001779749  -0.0001448782   0.0001117693   0.0000300259   0.0001061232
        0.0001805637   0.0025956868   0.0001773370   0.0035851603   0.0153123812
       -0.0472231350   0.0285452578   0.0163652359  -0.0089281729   0.0192040708
        0.0014581146   0.0006150853   0.0011450636  -0.0000924462   0.0000978456
        0.0002541763   0.0031552390  -0.0037579960  -0.0012904738  -0.0000981305
        0.0004182619   0.0000135033   0.0000771434  -0.0000142580   0.0000323060
        0.0001931191  -0.0001702780   0.0006517707  -0.0001098151  -0.0000361227
        0.0003069608   0.0000213808  -0.0000105636  -0.0000746771  -0.0000011994
       -0.0000544364  -0.0000894392  -0.0000508181   0.0000256856  -0.0000658729
       -0.0000877204  -0.0001791576  -0.0000752752   0.0000964776   0.0003009472
       -0.0008641057  -0.0001821390   0.0007692402   0.0006317691  -0.0211880336
        0.0560338004  -0.0307545368  -0.0157148987   0.0019052483  -0.0209448383
       -0.0001633288   0.0004276349   0.0000368009  -0.0002614346  -0.0012001813
       -0.0004162402   0.0000113537   0.0000514369  -0.0000335451  -0.0000649446
       -0.0000065071   0.0000481968  -0.0001658372   0.0000307522  -0.0000865147
       -0.0000306245  -0.0000320631  -0.0000222641   0.0000131160   0.0000367627
       -0.0000303282  -0.0001400959   0.0005196867   0.0003577857   0.0001475920
       -0.0002441693  -0.0001386518   0.0000126448   0.0000048617  -0.0000128395
        0.0000236922   0.0000180036  -0.0000392028   0.0000167194  -0.0000351942
        0.0000550922  -0.0009601143   0.0008018023  -0.0000407577  -0.0001608796
       -0.0003505217  -0.0001217531   0.0001205128   0.0000471190  -0.0000589310
        0.0000576860   0.0001140443  -0.0000932941  -0.0000443205   0.0002288637
       -0.0001209336  -0.0100282914   0.0024043858  -0.0252966946  -0.1029946237
        0.0280578280  -0.2028031080  -0.0007601412   0.0010465697   0.0012754129
        0.0004393081  -0.0005823730   0.0002905423  -0.0000823371   0.0000298767
        0.0000493856  -0.0007486023  -0.0000474159   0.0003408773   0.0000780652
       -0.0000244610   0.0001396082  -0.0000841546  -0.0000834031  -0.0000419927
        0.0001034053   0.0001923898   0.0000410609   0.0002198391   0.0001906195
       -0.0004167365  -0.0000707997  -0.0000071899   0.0000496247   0.0001031444
        0.0000551659   0.0001913067   0.0000755877   0.0000361458   0.0000109818
       -0.0006478716  -0.0001518884   0.0000764979  -0.0004869753  -0.0000384754
        0.0006655584   0.0033370773   0.0009065057  -0.0052211995   0.1180184178
       -0.0307545368   0.2362057537  -0.0071553151  -0.0010016384  -0.0073111872
       -0.0000147051  -0.0000857388   0.0003494608   0.0001127621   0.0001579182
        0.0003639115   0.0000218050   0.0000037980   0.0000309607  -0.0000172571
       -0.0001166853   0.0001275000   0.0000596387  -0.0000614742  -0.0000104693
        0.0000450064   0.0000452700   0.0000405055   0.0000043115  -0.0000412675
        0.0000035491   0.0000493268  -0.0000781386  -0.0000045864   0.0000317905
        0.0000041135  -0.0000179245   0.0000151144  -0.0000080837   0.0000350945
       -0.0000509286  -0.0000137966   0.0000399284  -0.0000417456  -0.0000301352
        0.0000124091   0.0006657921  -0.0001280634   0.0008982624   0.0000051409
       -0.0000889446   0.0000569022  -0.0002151504  -0.0001297848   0.0000430319
        0.0000602562   0.0002360909  -0.0000593495  -0.0017025449   0.0003978183
        0.0029818099  -0.0130977046  -0.0166219439   0.0010529696  -0.1204159017
       -0.1077934856  -0.0244181831   0.0080588535   0.0139836435   0.0026644979
       -0.0009904773   0.0019208079  -0.0001102155   0.0000960365  -0.0000708016
       -0.0000893828   0.0007302463  -0.0000813336   0.0005171675   0.0001762519
        0.0012000805   0.0004049388   0.0000259954   0.0001661861  -0.0000419983
        0.0001088633   0.0000755787  -0.0000162971   0.0001386562  -0.0001297262
        0.0000903979  -0.0000858419   0.0000102256  -0.0000666880  -0.0003859327
       -0.0007943705   0.0003611704   0.0000555747  -0.0001016574   0.0000278325
       -0.0002255488   0.0000197246  -0.0000960249  -0.0004286402   0.0001016495
        0.0000091637   0.0010494302   0.0000224374  -0.0004386834  -0.0127853881
       -0.0157148987  -0.0071553151   0.1392769768   0.1229603999   0.0239194283
        0.0007005882   0.0001761381  -0.0000452811  -0.0000659359   0.0001012885
        0.0001723700  -0.0000177923   0.0000036017   0.0000341558  -0.0000771462
       -0.0000045495   0.0000171833   0.0000336365   0.0000009824   0.0000789381
       -0.0000011509   0.0000369463   0.0000233653  -0.0000139027   0.0000475551
       -0.0000048448  -0.0000194719  -0.0000877204   0.0000959684  -0.0001663809
        0.0000412301   0.0000118018  -0.0000522408   0.0000578046  -0.0000028502
        0.0000211911  -0.0000080491  -0.0000171612  -0.0000138835   0.0000495598
       -0.0000316240   0.0000338962  -0.0002639741  -0.0000081091   0.0000316380
        0.0001369839   0.0000831092  -0.0000522060  -0.0000742225   0.0000557398
       -0.0000388629   0.0001259046  -0.0002030090  -0.0009682508   0.0007366726
        0.0013426210  -0.0052919093  -0.0046247825   0.0010550911  -0.1071747242
       -0.1878766258  -0.0297585845  -0.0113627873  -0.0256479524  -0.0052423682
        0.0034242121  -0.0028769551  -0.0004212055   0.0000136865   0.0000694005
        0.0000343342  -0.0011455459  -0.0000782754  -0.0003974367  -0.0000040693
       -0.0027998263  -0.0007862629   0.0000395898   0.0002667002   0.0000204031
       -0.0000210686   0.0003786990   0.0001000480  -0.0000455474  -0.0001860258
        0.0000819358   0.0000361533   0.0000376252  -0.0000854325  -0.0001908461
       -0.0003331093   0.0001384528   0.0000374607  -0.0001081217   0.0000086502
        0.0000263599   0.0000997453   0.0000046445  -0.0001762405  -0.0000098207
        0.0000471773   0.0002356595   0.0003034767   0.0000131749  -0.0004819249
        0.0019052483  -0.0010016384   0.1229603999   0.2196242037   0.0352887471
       -0.0002958184   0.0006174700  -0.0001111347   0.0003300572   0.0000879460
        0.0000826304  -0.0000079078   0.0000787748  -0.0000648683   0.0000035670
       -0.0000072462   0.0000317116  -0.0001836859   0.0000059569  -0.0000288569
        0.0000326212   0.0000346398  -0.0000019512  -0.0000156046   0.0000152147
        0.0000362231   0.0000519997  -0.0000603725  -0.0001884055   0.0003198357
        0.0001860924   0.0000035414  -0.0000337701   0.0000211246  -0.0000107139
        0.0000158685  -0.0000173414   0.0000042659   0.0000146442   0.0001184723
       -0.0000153710  -0.0001867949  -0.0001376599  -0.0000294578   0.0000517164
        0.0000286736   0.0000508957   0.0000315271   0.0000220735   0.0000021490
       -0.0000744468  -0.0003089657  -0.0000009395   0.0030187658   0.0006368544
       -0.0029934635   0.0156998207   0.0188204403  -0.0005432797  -0.0247892772
       -0.0302148099  -0.0492346345  -0.0016301371  -0.0040589714  -0.0003878989
        0.0005446967  -0.0010403164   0.0002801252  -0.0000833201   0.0001126060
       -0.0000249144   0.0001655528   0.0005170363   0.0002636132   0.0000959945
       -0.0005998406  -0.0000800626  -0.0000432114   0.0000032738   0.0000206802
       -0.0000104673  -0.0001046167  -0.0001030252   0.0000672850   0.0003709927
       -0.0002848064   0.0001435335   0.0000048160   0.0001100120   0.0003803282
        0.0007867134  -0.0003659454   0.0000030830  -0.0000305442  -0.0000076027
       -0.0002797291   0.0000543897   0.0000300168  -0.0000199637  -0.0000388298
        0.0000259483   0.0009385885   0.0014103103   0.0004948924  -0.0184217679
       -0.0209448383  -0.0073111872   0.0239194283   0.0352887471   0.0598451996
       -0.0001281344  -0.0005094420  -0.0000415710   0.0001923594   0.0001440300
        0.0001104418   0.0000203387  -0.0000054109  -0.0000084045   0.0000540061
        0.0000201620   0.0000014808   0.0000001303  -0.0000049982   0.0000350826
        0.0000054341  -0.0000040632  -0.0000238263   0.0000080459  -0.0000525660
        0.0000281524   0.0000331330  -0.0000187138  -0.0000705698   0.0000097175
       -0.0000099000   0.0001167838   0.0000562527  -0.0000758112  -0.0000124037
       -0.0000256527   0.0000193057   0.0000597272  -0.0000030596   0.0000192817
        0.0000143004   0.0001901351  -0.0001951718  -0.0000079171   0.0000460312
        0.0001039843   0.0000342324  -0.0000834936  -0.0000951337   0.0000317636
       -0.0022116427  -0.0037992829  -0.0005243173   0.0002430341   0.0000221312
       -0.0002877173  -0.0017913869   0.0034465956   0.0001003974  -0.0133974508
        0.0007178970   0.0142416841  -0.1390193017  -0.0272576464   0.1095560691
       -0.0138391976  -0.0044720912   0.0145138701  -0.0004938991   0.0006718031
       -0.0017899326   0.0070040520   0.0013691843  -0.0087347596   0.0015036478
        0.0014536607  -0.0006626553  -0.0003171347   0.0001191718   0.0010829019
        0.0005333501   0.0007262107  -0.0009800564   0.0001964123   0.0000046083
        0.0001322761   0.0000089055   0.0000286234  -0.0000630857   0.0000472416
        0.0000460771  -0.0000745901   0.0000953173  -0.0000863189  -0.0001160333
       -0.0000940680  -0.0000044404  -0.0000811747  -0.0006310482   0.0000058817
        0.0008596493  -0.0000842131   0.0000148077  -0.0000514215  -0.0002276806
       -0.0001633288  -0.0000147051   0.0007005882  -0.0002958184  -0.0001281344
        0.1621773768   0.0275872913  -0.1272107803  -0.0003949614  -0.0002486402
       -0.0000310304   0.0000355927   0.0001211190  -0.0000953513   0.0000986959
        0.0002039692  -0.0002561614   0.0002451854  -0.0000712077   0.0001612477
        0.0000096265   0.0000392908   0.0000131691  -0.0001937692  -0.0002608459
        0.0000771212  -0.0001675482   0.0001708359   0.0002296706   0.0000097114
       -0.0001281998  -0.0000340100  -0.0000189375  -0.0000039513  -0.0000150527
        0.0000265202   0.0000085785  -0.0000356371  -0.0000333968   0.0000451351
        0.0000712326  -0.0000464852   0.0000110234   0.0000910649  -0.0000094326
       -0.0000321082   0.0000558486   0.0000362966   0.0000099845   0.0000004039
       -0.0029129735  -0.0040574550   0.0006258467  -0.0000210448  -0.0000598376
        0.0000450502   0.0034221803  -0.0034048339  -0.0005604083   0.0176666683
        0.0006366298  -0.0174322861  -0.0267215760  -0.0448972700   0.0255781772
       -0.0158609158  -0.0053594913   0.0157249175  -0.0005874463  -0.0006754022
        0.0014926966  -0.0026901113  -0.0011674399   0.0077753252   0.0008046466
        0.0023231676   0.0003458177  -0.0004606497   0.0000140404   0.0011646709
       -0.0006842573  -0.0000152577  -0.0004444811   0.0000369045  -0.0000706414
       -0.0000134984  -0.0000102425   0.0000333623   0.0000077614  -0.0000103124
       -0.0000730457   0.0000051649   0.0001030300  -0.0000442630  -0.0002063468
       -0.0000161855   0.0000878531   0.0000225716   0.0008808017  -0.0001234403
       -0.0010321055  -0.0000623671  -0.0000926115   0.0001106890  -0.0001271152
        0.0004276349  -0.0000857388   0.0001761381   0.0006174700  -0.0005094420
        0.0275872913   0.0576564456  -0.0333537956  -0.0000316077  -0.0000565964
        0.0000565706  -0.0000477872  -0.0000582293   0.0001499736  -0.0001316044
       -0.0002627921   0.0001132307   0.0000214950  -0.0008874078   0.0003850388
        0.0000458472   0.0000175544   0.0000028154  -0.0001696111  -0.0003225318
        0.0000745240   0.0001008488  -0.0003141844  -0.0001131670  -0.0002028873
        0.0001952659  -0.0000883885  -0.0000018693  -0.0000110454  -0.0000040898
        0.0000072828  -0.0000076358  -0.0000039769  -0.0001084459  -0.0000215546
        0.0001689300  -0.0000044650  -0.0000166333  -0.0000374595   0.0000168926
       -0.0000004503   0.0000358950  -0.0000065520  -0.0000093734  -0.0000004828
       -0.0005570837  -0.0003344619  -0.0004382658  -0.0000862158   0.0000291096
        0.0000101663   0.0011223926  -0.0015287447   0.0007277755   0.0055346422
       -0.0008249182  -0.0039992132   0.1102924320   0.0270297893  -0.1656746329
       -0.0029575892  -0.0010234571   0.0036673465  -0.0008256693   0.0017893942
       -0.0036038557   0.0145048208   0.0060884591  -0.0217912536  -0.0005451938
        0.0006830980   0.0005292911  -0.0000547064  -0.0002612449   0.0001138055
        0.0009548261   0.0007109612   0.0007430284  -0.0000922904  -0.0000139032
       -0.0000476744  -0.0000373230  -0.0000122217   0.0000346035  -0.0000901126
       -0.0000626495   0.0001157158  -0.0000130602   0.0001849542   0.0000518453
       -0.0000521961   0.0000183443   0.0000454388   0.0003354536   0.0000195459
       -0.0004285752  -0.0000805219   0.0000876442   0.0001400846  -0.0001566015
        0.0000368009   0.0003494608  -0.0000452811  -0.0001111347  -0.0000415710
       -0.1272107803  -0.0333537956   0.1898106682   0.0000554329  -0.0000296693
       -0.0000289051   0.0002651054   0.0002681189  -0.0004268682   0.0003069908
        0.0005159596  -0.0002834213   0.0001523166   0.0005456053  -0.0001684409
        0.0000185962   0.0000181134   0.0000210458  -0.0000211745  -0.0000655370
        0.0000628994  -0.0004514253   0.0004947077   0.0007999272  -0.0003552591
       -0.0008663562  -0.0002457137   0.0000297366   0.0000028412   0.0000117225
       -0.0000122217   0.0000007448  -0.0000072226   0.0000160503  -0.0000319610
       -0.0000175959   0.0000414834  -0.0000230434  -0.0000394122   0.0000298779
        0.0000256161   0.0000004697  -0.0000154513  -0.0000067096   0.0000073271
        0.0059145803  -0.0022117086   0.0056043928   0.0004566563  -0.0000640567
        0.0000413107   0.0000550922  -0.0000330538  -0.0000636951   0.0006913601
        0.0013700843   0.0004934855  -0.0129857989   0.0012101169  -0.0141729073
       -0.1526304163   0.0277295863  -0.1156980237  -0.0002867960  -0.0005550152
        0.0018251902  -0.0022887924  -0.0025650143  -0.0012958851  -0.0210649667
        0.0122383174  -0.0085901289   0.0003894218   0.0002559206   0.0003463713
       -0.0003069264   0.0002259094  -0.0008311165   0.0002589641  -0.0000842767
        0.0006135596  -0.0001986648  -0.0000412185  -0.0000859366  -0.0000804845
       -0.0000216530  -0.0000247152  -0.0000255553   0.0001612798   0.0000978679
       -0.0022894995   0.0016389298   0.0009875116  -0.0000245851   0.0000358563
        0.0000335893  -0.0000732053  -0.0000365912   0.0000561030   0.0005492113
       -0.0002614346   0.0001127621  -0.0000659359   0.0003300572   0.0001923594
       -0.0003949614  -0.0000316077   0.0000554329   0.1898054417  -0.0439515672
        0.1312055070  -0.0000230343  -0.0000727765   0.0001246555   0.0002934915
        0.0000492487   0.0003936304  -0.0014687892   0.0046017805   0.0000063281
        0.0000374026  -0.0000785079  -0.0000100244  -0.0001192205  -0.0001016737
       -0.0000061532  -0.0003293110   0.0001144259   0.0000344608   0.0000773901
       -0.0000092823  -0.0000509585  -0.0000411435  -0.0000242479  -0.0000248185
        0.0000490200   0.0000531485  -0.0001173781  -0.0001908061   0.0001089566
       -0.0002054238  -0.0001555003   0.0005751470   0.0000471916  -0.0031721228
       -0.0004292342  -0.0008775888  -0.0003615158  -0.0001258451  -0.0002169562
        0.0054214089  -0.0008868085   0.0064183749   0.0000627443   0.0003749503
       -0.0007945402   0.0000484530  -0.0000730898  -0.0000887985  -0.0013179446
        0.0006382825  -0.0010349099  -0.0139726785   0.0020888864  -0.0142858664
        0.0271791375  -0.0460054450   0.0324164298  -0.0008423373  -0.0000534940
        0.0012691866  -0.0027412307  -0.0029163831  -0.0017733337   0.0259831660
       -0.0116590862   0.0123869881   0.0002689359   0.0004577613   0.0004115354
       -0.0004240367   0.0002535685  -0.0008995323   0.0000242232   0.0001842204
       -0.0002748364   0.0000129655  -0.0000552969   0.0000733857   0.0000282227
       -0.0001466778   0.0000260649  -0.0000728272  -0.0000798996  -0.0002837186
        0.0005518018   0.0000882061   0.0000729783   0.0000338688  -0.0000698405
       -0.0000157590  -0.0000327940  -0.0000383738   0.0001717040  -0.0000113772
       -0.0012001813   0.0001579182   0.0001012885   0.0000879460   0.0001440300
       -0.0002486402  -0.0000565964  -0.0000296693  -0.0439515672   0.0635950505
       -0.0336861077   0.0000084674  -0.0000526428  -0.0000427356   0.0002362073
        0.0000380544   0.0002301779   0.0030756946  -0.0039904448  -0.0004825105
       -0.0002901735  -0.0001501627   0.0000087426  -0.0001002073  -0.0000086175
       -0.0001921857  -0.0004029543   0.0001433114  -0.0000258128   0.0000807655
       -0.0000308817  -0.0000739192  -0.0000152290  -0.0000080734   0.0000154750
       -0.0000266868  -0.0000108251   0.0000557564   0.0003634149  -0.0002695540
        0.0002267821   0.0005916095  -0.0009884925  -0.0001472707   0.0003344399
        0.0009787358  -0.0000082419   0.0000438690  -0.0001781063   0.0000542186
       -0.0165733719   0.0047442412  -0.0202868390  -0.0006929110   0.0004035339
        0.0005896294   0.0000844635  -0.0002263886  -0.0002208992  -0.0002355322
        0.0003990374   0.0002486424  -0.0036687236  -0.0002042087  -0.0029854821
       -0.1156316443   0.0318813188  -0.1556885786   0.0004783715   0.0002338533
       -0.0057570621  -0.0010497950  -0.0003007720  -0.0013124208   0.0061105638
       -0.0017023493   0.0072882008  -0.0005241716  -0.0003658582  -0.0002503987
       -0.0000896012   0.0000659344  -0.0003110065   0.0005900288  -0.0000706362
       -0.0009168231  -0.0000198114   0.0000053509  -0.0000247349  -0.0001202350
        0.0000978982   0.0001976226   0.0002032320  -0.0000388205   0.0001294393
       -0.0008261475   0.0004022877   0.0003432294   0.0000398457  -0.0000959560
       -0.0000494482   0.0000587008   0.0001161204   0.0000880007   0.0000724630
       -0.0004162402   0.0003639115   0.0001723700   0.0000826304   0.0001104418
       -0.0000310304   0.0000565706  -0.0000289051   0.1312055070  -0.0336861077
        0.1768229350  -0.0000369294  -0.0001534608  -0.0000518794  -0.0011232837
       -0.0000060997  -0.0008735463   0.0014917798  -0.0015371930   0.0006719373
        0.0003442385   0.0002860235   0.0001661594   0.0002282057   0.0000397527
        0.0001296301  -0.0000798203  -0.0000313634   0.0000332302   0.0000036888
       -0.0000030630   0.0000225711  -0.0000137530  -0.0000118743   0.0000455775
       -0.0000654314  -0.0000094574   0.0000520617  -0.0001651219   0.0001192081
       -0.0000361779   0.0000458491  -0.0003551660   0.0002367784   0.0001287546
        0.0002122247   0.0011463729  -0.0003107479   0.0000690283   0.0001078301
       -0.0158985862   0.0213245892  -0.0030084413  -0.0043781515   0.0002948082
       -0.0034774512   0.0000666218  -0.0001305262  -0.0000129096   0.0001136332
       -0.0000697780  -0.0000633599  -0.0008682225  -0.0008194829   0.0006512685
       -0.0001172542   0.0004057734   0.0000283333  -0.0810524931   0.0884920297
       -0.0037895714   0.0062253367  -0.0168890865   0.0012424020  -0.0001514185
       -0.0005954839   0.0003623121  -0.0003827014   0.0014533013  -0.0000837286
        0.0000249948  -0.0011766207   0.0008577911  -0.0005248175   0.0010321102
        0.0005052248  -0.0002270820  -0.0000370514  -0.0001599249   0.0000583156
       -0.0001190476  -0.0001347357   0.0009823869  -0.0000927187   0.0003260834
       -0.0000914827  -0.0000205384  -0.0000320654   0.0000320757  -0.0000706528
        0.0000524955  -0.0000658482  -0.0001147091   0.0000174972  -0.0000037331
        0.0000113537   0.0000218050  -0.0000177923  -0.0000079078   0.0000203387
        0.0000355927  -0.0000477872   0.0002651054  -0.0000230343   0.0000084674
       -0.0000369294   0.0988946003  -0.1030733119   0.0039319763  -0.0026435528
        0.0096489468   0.0023239272   0.0006449490   0.0001644396   0.0001920536
        0.0003653278   0.0002410907   0.0003832950  -0.0003501859  -0.0000024108
        0.0001425542   0.0002001005  -0.0003052866  -0.0003263622  -0.0006228223
        0.0009808071   0.0004598453  -0.0000603200  -0.0001658391  -0.0000110781
        0.0000185629   0.0000710336   0.0000036226  -0.0001779480  -0.0003510952
       -0.0006671496   0.0000051490  -0.0000318958   0.0000376738   0.0000083154
        0.0000021787  -0.0000036337  -0.0000185159  -0.0000096991  -0.0000182638
        0.0030713683   0.0004644856   0.0013922558   0.0001846393   0.0001831682
        0.0003193283   0.0000310679  -0.0000833896  -0.0001807262   0.0001071799
        0.0000203719  -0.0000754474  -0.0012875837  -0.0012277473   0.0008476905
        0.0003382236  -0.0003639090  -0.0000156106   0.0920576303  -0.2239053084
        0.0043580403   0.0026963698  -0.0235733880   0.0041387963  -0.0002658273
        0.0001843914  -0.0002790346  -0.0007020331  -0.0004834882  -0.0002471632
        0.0010162722   0.0004009707   0.0011866167  -0.0000228067  -0.0000616386
       -0.0000300114  -0.0000332585  -0.0000129661   0.0000271751  -0.0000784652
       -0.0000939964   0.0001072452  -0.0010344581   0.0004134409   0.0000548059
        0.0000268048   0.0000077745  -0.0000163793  -0.0000576752   0.0000994203
        0.0000312733   0.0000887482   0.0000054308   0.0001355051  -0.0000096236
        0.0000514369   0.0000037980   0.0000036017   0.0000787748  -0.0000054109
        0.0001211190  -0.0000582293   0.0002681189  -0.0000727765  -0.0000526428
       -0.0001534608  -0.1030733119   0.2594568483  -0.0079139285   0.0074326409
       -0.0124792877  -0.0037838963  -0.0002881981   0.0002981636   0.0005422668
        0.0003124837  -0.0001629205  -0.0000829086   0.0001396209   0.0000457343
       -0.0000505063   0.0001469537  -0.0006712987  -0.0006199824  -0.0007837790
        0.0013900425   0.0005020762   0.0000100528   0.0000040800  -0.0000006538
        0.0000017808  -0.0000119065  -0.0000045376  -0.0000605612   0.0001307072
       -0.0004636619  -0.0000247121  -0.0000022055  -0.0000185810   0.0000060544
        0.0000048576   0.0000166373   0.0000024585   0.0000042230   0.0000102710
       -0.0096304065   0.0137798848  -0.0006999311  -0.0017278087  -0.0002725814
       -0.0014613215   0.0001177356  -0.0001759635  -0.0000252157  -0.0000201962
       -0.0000944793   0.0001517746   0.0011854145   0.0005287393  -0.0019503738
       -0.0001894965   0.0005549976   0.0001668276  -0.0050028166   0.0075317707
       -0.0401291577  -0.0024231965   0.0145166752  -0.0005591516  -0.0000375280
       -0.0005803521  -0.0002416531   0.0000554503   0.0002276001   0.0008628413
       -0.0010678280   0.0001009073   0.0000656937  -0.0003667593   0.0004191801
        0.0004122439  -0.0000851654  -0.0000094052  -0.0000465036  -0.0000840154
       -0.0001474576   0.0000081841   0.0002866036   0.0001960016  -0.0000628271
        0.0000046055   0.0000007276   0.0000063537   0.0000559346  -0.0000048093
        0.0000467783   0.0000934356   0.0001425731   0.0000129972  -0.0000065089
       -0.0000335451   0.0000309607   0.0000341558  -0.0000648683  -0.0000084045
       -0.0000953513   0.0001499736  -0.0004268682   0.0001246555  -0.0000427356
       -0.0000518794   0.0039319763  -0.0079139285   0.0494553818   0.0142494741
       -0.0282569753  -0.0027964265   0.0005372913   0.0002547999  -0.0015162485
        0.0002872231   0.0001603428   0.0000287488   0.0002097452  -0.0000713580
       -0.0001120322  -0.0004419900   0.0002479324   0.0001799102   0.0005069704
       -0.0006599639  -0.0005134311  -0.0000184403  -0.0000838430  -0.0000081435
       -0.0000043531   0.0000227967  -0.0000159670  -0.0004989305  -0.0004111022
       -0.0007946489   0.0000061956  -0.0000002598  -0.0000015965   0.0000021835
       -0.0000013960  -0.0000079777   0.0000117407  -0.0000098789   0.0000010633
        0.0032871673  -0.0058678282  -0.0215838922   0.0008024936  -0.0004672344
       -0.0017697558  -0.0001040770   0.0002305871  -0.0001236908   0.0000032097
        0.0000131991   0.0002220690  -0.0010427706  -0.0010264022   0.0008541201
       -0.0033874047   0.0003397021  -0.0029559887  -0.0512454056   0.0144731208
        0.0483839752  -0.0048733114   0.0031126442   0.0173026230  -0.0000694894
       -0.0000989638   0.0002091075  -0.0004897588   0.0002192105  -0.0007443377
        0.0001640665  -0.0008294169   0.0007688740   0.0001365450  -0.0001297330
       -0.0001208442   0.0000552926   0.0000233090   0.0000062393  -0.0014318438
        0.0002464300   0.0001256241   0.0000151490   0.0003448277   0.0001057370
       -0.0000330244   0.0000405418   0.0000265124  -0.0000555075  -0.0000076491
       -0.0000148952   0.0002403832   0.0001680648  -0.0000559014  -0.0000035964
       -0.0000649446  -0.0000172571  -0.0000771462   0.0000035670   0.0000540061
        0.0000986959  -0.0001316044   0.0003069908   0.0002934915   0.0002362073
       -0.0011232837  -0.0026435528   0.0074326409   0.0142494741   0.0604904388
       -0.0175477387  -0.0536641747   0.0002079332  -0.0000061071   0.0000544215
       -0.0002345409  -0.0002587323   0.0001290867  -0.0000131734  -0.0000915923
        0.0000705585  -0.0006394607   0.0003026588  -0.0000177085   0.0004839964
       -0.0005911108  -0.0008157267   0.0000749900   0.0000282276   0.0000426591
       -0.0000497358  -0.0000245709   0.0000341700  -0.0000110835  -0.0000416146
       -0.0000419217   0.0000068766  -0.0000300006   0.0000120556   0.0000263113
        0.0000135191   0.0000474484   0.0000178423  -0.0000132142   0.0000436261
        0.0002675311  -0.0004416176  -0.0031425200   0.0006643790   0.0001422399
        0.0010635647   0.0002621077  -0.0000662388   0.0005658394   0.0000106645
       -0.0001029510   0.0001393077  -0.0006915023  -0.0016642242   0.0020693665
       -0.0006688060  -0.0003003267   0.0003605753   0.0143442490  -0.0568439056
       -0.0637438181  -0.0070995510   0.0036005539   0.0182139767   0.0000071163
       -0.0000583872  -0.0001784659  -0.0000895981   0.0001195632  -0.0004474324
        0.0003421976   0.0003287961   0.0010512190   0.0001387305  -0.0000862275
        0.0000147623  -0.0000394692  -0.0000223166  -0.0000564696   0.0003377940
        0.0004295804   0.0001469233  -0.0001157180  -0.0002505069  -0.0000042755
       -0.0000043820  -0.0000024390   0.0000430736  -0.0001154971  -0.0000056707
       -0.0001464468   0.0001940604  -0.0009595289   0.0002063290   0.0000384800
       -0.0000065071  -0.0001166853  -0.0000045495  -0.0000072462   0.0000201620
        0.0002039692  -0.0002627921   0.0005159596   0.0000492487   0.0000380544
       -0.0000060997   0.0096489468  -0.0124792877  -0.0282569753  -0.0175477387
        0.0693130531   0.0713644835  -0.0001781152  -0.0000205815   0.0001826207
       -0.0000079487  -0.0000129832   0.0002170271  -0.0003034337  -0.0001256130
        0.0001001722  -0.0000784130   0.0005175884   0.0001726172   0.0004730242
       -0.0008552427  -0.0005306763  -0.0000269457   0.0000030657   0.0000188514
       -0.0000283186   0.0000086402   0.0000244680   0.0000185160   0.0000911846
        0.0001113028   0.0000041534  -0.0000130982   0.0000254560   0.0000161057
       -0.0000111576   0.0000019510  -0.0000212874   0.0000065304  -0.0000001443
        0.0011161975  -0.0043115675  -0.0178804875   0.0013067734  -0.0007710971
        0.0006596134  -0.0000656557  -0.0001198364  -0.0000105913   0.0000551074
        0.0000707469  -0.0003289723   0.0005842538   0.0007461810  -0.0016386846
       -0.0029022521   0.0004650185  -0.0032590314   0.0464464618  -0.0647763646
       -0.2456287695   0.0071368497   0.0004070347  -0.0148908458   0.0000949705
       -0.0000252786   0.0001438551  -0.0003169884   0.0000573031  -0.0006076416
       -0.0014959219  -0.0005750182   0.0000124124   0.0001022011  -0.0001524181
        0.0000161742   0.0001138067   0.0000135331   0.0000731662  -0.0008559119
        0.0002231578   0.0005522411   0.0000781326  -0.0000173789  -0.0000374646
       -0.0000258282   0.0000134993   0.0001278018   0.0001534311  -0.0000157311
        0.0001227115   0.0000088660   0.0007657024   0.0002472196   0.0000193890
        0.0000481968   0.0001275000   0.0000171833   0.0000317116   0.0000014808
       -0.0002561614   0.0001132307  -0.0002834213   0.0003936304   0.0002301779
       -0.0008735463   0.0023239272  -0.0037838963  -0.0027964265  -0.0536641747
        0.0713644835   0.2849621451  -0.0001145219   0.0000591290   0.0001090319
       -0.0001627775  -0.0001465875   0.0001452514  -0.0001735507  -0.0001405042
        0.0001767429   0.0004489051  -0.0004542667  -0.0000360296  -0.0004511845
        0.0006391688   0.0005856381   0.0000592820   0.0000058224   0.0000121873
       -0.0000587757  -0.0000270899   0.0000542885  -0.0000189937   0.0000578730
        0.0001167661   0.0000403713  -0.0000127301  -0.0000296384   0.0000632862
        0.0000151621   0.0000223855  -0.0000003279   0.0000026328   0.0000329378
       -0.0004872951   0.0001765703  -0.0001810212  -0.0000455507   0.0000320955
        0.0000482813   0.0000374923   0.0000080685   0.0000224623  -0.0002001950
       -0.0003370268  -0.0002274078   0.0018153572  -0.0004961932   0.0003939788
       -0.0206665734   0.0085973723  -0.0064862995  -0.0002247674  -0.0000629072
       -0.0002062456   0.0011431738   0.0013949971   0.0006265733  -0.3122486544
        0.0295005190  -0.1759950067  -0.0011593415   0.0002621134  -0.0000518103
       -0.0004843366   0.0000088052   0.0001226509  -0.0001197820  -0.0000372339
       -0.0002541075   0.0000527779  -0.0000381120   0.0000579328   0.0000136639
        0.0000067365  -0.0000550905   0.0012845722   0.0002513900  -0.0001595199
       -0.0000126361  -0.0000514978  -0.0000544199   0.0000691988  -0.0001048797
       -0.0000043730   0.0000070097   0.0000156408   0.0000109120   0.0000657341
       -0.0001658372   0.0000596387   0.0000336365  -0.0001836859   0.0000001303
        0.0002451854   0.0000214950   0.0001523166  -0.0014687892   0.0030756946
        0.0014917798   0.0006449490  -0.0002881981   0.0005372913   0.0002079332
       -0.0001781152  -0.0001145219   0.3335153538  -0.0392183668   0.1802370778
        0.0002512461   0.0000232359   0.0001293361   0.0001027306  -0.0000105545
       -0.0001431303   0.0000665839  -0.0001508805  -0.0001083231  -0.0001148591
       -0.0001311945   0.0000017885   0.0000424625   0.0000405331   0.0000262133
       -0.0000212484  -0.0000052996   0.0000463553  -0.0023795253  -0.0019967851
       -0.0000799065  -0.0000084195  -0.0001020440   0.0000216228   0.0000396038
        0.0001168568   0.0000573108   0.0000033091   0.0000266881   0.0000775309
        0.0000737659   0.0004131110  -0.0004383061   0.0000177701  -0.0000656573
       -0.0000291992  -0.0000540358   0.0000146253  -0.0000333539  -0.0001031987
       -0.0002497296   0.0000907148   0.0013273227   0.0013487720   0.0013120630
        0.0257378227  -0.0070032560   0.0147157434  -0.0000674171   0.0001055416
       -0.0000979408   0.0000824302   0.0004828778  -0.0009144565   0.0098613681
       -0.0261666573  -0.0142408282  -0.0004713616   0.0004926555   0.0000396997
       -0.0004062688  -0.0000810208   0.0000466618   0.0000449424   0.0000173044
       -0.0000090348  -0.0000362395  -0.0000328855  -0.0000099777  -0.0000107402
        0.0000013737   0.0001069160   0.0006994012  -0.0003626949   0.0003041676
        0.0001554558  -0.0000613739   0.0000085884  -0.0001003545   0.0000602078
        0.0000398049   0.0000294938  -0.0000192475  -0.0000034201  -0.0000247818
        0.0000307522  -0.0000614742   0.0000009824   0.0000059569  -0.0000049982
       -0.0000712077  -0.0008874078   0.0005456053   0.0046017805  -0.0039904448
       -0.0015371930   0.0001644396   0.0002981636   0.0002547999  -0.0000061071
       -0.0000205815   0.0000591290  -0.0392183668   0.0367613379   0.0002179124
        0.0001094457  -0.0001490332   0.0000534937   0.0000260319  -0.0000719761
       -0.0000252571   0.0001524423  -0.0001310014   0.0000698298  -0.0001134489
       -0.0000927347   0.0000376243  -0.0000279681   0.0000058665   0.0000068717
       -0.0000042131   0.0000064948   0.0000247976  -0.0024034502  -0.0006344191
       -0.0004772162   0.0000216968   0.0000271391   0.0000217081   0.0000343779
       -0.0000521910  -0.0000533298  -0.0000218102   0.0000001324  -0.0000201455
        0.0005826605  -0.0004996044   0.0009521679   0.0000187126   0.0000261998
       -0.0002417044  -0.0000212162  -0.0000259481  -0.0000137740  -0.0000329151
       -0.0000017805  -0.0001087546  -0.0002684741  -0.0008608979   0.0007957985
        0.0107267748   0.0032413545   0.0079825916   0.0001735829   0.0003656678
       -0.0000131594  -0.0002716678  -0.0005450427   0.0010270064  -0.1921055586
       -0.0030481955  -0.1339264513   0.0002307231  -0.0000275174  -0.0002159568
       -0.0002967988  -0.0000962646  -0.0001055689   0.0000786230  -0.0000038726
       -0.0000806859   0.0000053207   0.0000407925   0.0000023918   0.0001213563
       -0.0000411268  -0.0000583744  -0.0001712158  -0.0001445093  -0.0002329583
        0.0000561522  -0.0000545072  -0.0001014242  -0.0000013776   0.0000314969
       -0.0000365854   0.0000344779  -0.0000368198  -0.0000097572  -0.0000275230
       -0.0000865147  -0.0000104693   0.0000789381  -0.0000288569   0.0000350826
        0.0001612477   0.0003850388  -0.0001684409   0.0000063281  -0.0004825105
        0.0006719373   0.0001920536   0.0005422668  -0.0015162485   0.0000544215
        0.0001826207   0.0001090319   0.1802370778   0.0002179124   0.1246626172
        0.0001396687   0.0000099892  -0.0000865985   0.0001332889   0.0000044306
        0.0000698593  -0.0000335350  -0.0000592911  -0.0001622793   0.0001259531
        0.0000835110  -0.0000693186  -0.0000319505  -0.0000048263   0.0000002180
        0.0000020754  -0.0000045668   0.0000138933   0.0001078068   0.0008879456
        0.0006588372  -0.0000209789   0.0000012164   0.0000390775   0.0000584111
       -0.0000065311   0.0001016991  -0.0000424434   0.0000387413   0.0000363002
       -0.0155011679  -0.0068744609  -0.0129042509   0.0000189313   0.0005276538
        0.0001190532   0.0000736124  -0.0000407517   0.0000102974   0.0000141099
        0.0000261673  -0.0000306314   0.0001168773   0.0000382341  -0.0000621336
        0.0004120073   0.0004352363  -0.0009383474  -0.0012963904  -0.0035087139
        0.0003172630  -0.0006962719   0.0000331758  -0.0005409456  -0.0001897218
        0.0001567599   0.0001273682  -0.1515370035  -0.0158159702  -0.1019062152
       -0.0000906515  -0.0001626976   0.0001700845   0.0003207868   0.0004743903
       -0.0000122246  -0.0003359555   0.0005712493   0.0003609106  -0.0001079954
       -0.0000785471  -0.0000782582  -0.0292506283   0.0192823123  -0.0119520218
       -0.0001140141   0.0003465470  -0.0001602456   0.0000237986  -0.0000133956
        0.0000021625  -0.0000175250   0.0000522816  -0.0000004314   0.0000231592
       -0.0000306245   0.0000450064  -0.0000011509   0.0000326212   0.0000054341
        0.0000096265   0.0000458472   0.0000185962   0.0000374026  -0.0002901735
        0.0003442385   0.0003653278   0.0003124837   0.0002872231  -0.0002345409
       -0.0000079487  -0.0001627775   0.0002512461   0.0001094457   0.0001396687
        0.1910691171   0.0036315073   0.1226310140   0.0066741824   0.0004678325
        0.0048923602   0.0000308427   0.0000141111   0.0000234697  -0.0000873305
       -0.0000752405   0.0000054822  -0.0001434756   0.0000015013  -0.0000342866
        0.0000211695  -0.0000637261  -0.0000264336   0.0001001154   0.0003441433
       -0.0008104065  -0.0000176578  -0.0000483843   0.0000113250   0.0001985615
        0.0000284521   0.0001135105  -0.0001393935   0.0000786818  -0.0000048581
       -0.0207602875  -0.0052055127  -0.0167066851  -0.0005897193   0.0005926196
       -0.0000054556   0.0000964590  -0.0000419902   0.0001065012  -0.0000397275
        0.0000369418  -0.0000260783   0.0000438850   0.0000586531  -0.0001147346
        0.0002591529   0.0009311628  -0.0009813831  -0.0022783018  -0.0042885582
        0.0006085953  -0.0010327313  -0.0001049242  -0.0007012116   0.0000418058
        0.0000951065   0.0000091534  -0.0134419784  -0.0379741025  -0.0087539169
       -0.0002064535  -0.0002493539   0.0002437531   0.0001037643  -0.0013058149
       -0.0004285436   0.0007313742  -0.0001263209  -0.0004072348  -0.0000468050
       -0.0000081637  -0.0000094663   0.0307405330  -0.0115211257   0.0149002243
        0.0001877918  -0.0003038968   0.0001946834   0.0000220499  -0.0000345938
        0.0000007443   0.0000633526   0.0001326095   0.0000435538   0.0000031821
       -0.0000320631   0.0000452700   0.0000369463   0.0000346398  -0.0000040632
        0.0000392908   0.0000175544   0.0000181134  -0.0000785079  -0.0001501627
        0.0002860235   0.0002410907  -0.0001629205   0.0001603428  -0.0002587323
       -0.0000129832  -0.0001465875   0.0000232359  -0.0001490332   0.0000099892
        0.0036315073   0.0575617333   0.0071864690   0.0022647578   0.0017322925
        0.0033892152   0.0000399233   0.0000006297   0.0000347064  -0.0001207126
       -0.0000914188  -0.0000117114   0.0000556425  -0.0000205009   0.0000442530
       -0.0000715737   0.0000359917   0.0000395343   0.0002368542   0.0005904799
        0.0001946011  -0.0000560337   0.0000570674  -0.0000065716   0.0000681517
       -0.0001340310   0.0007415938   0.0000508134   0.0000399890   0.0000463232
       -0.0008168388  -0.0011153686   0.0000694333  -0.0002583056  -0.0000604442
        0.0000196863   0.0000646263  -0.0000067779   0.0000445218  -0.0000145919
        0.0000395974   0.0000042994   0.0000250162  -0.0000116274  -0.0000517950
        0.0006332990   0.0004715227   0.0005504258  -0.0000585328  -0.0003085411
        0.0007837949  -0.0000098295   0.0001223862  -0.0001957286  -0.0003024547
       -0.0002161324   0.0002165597  -0.1018947251  -0.0096959822  -0.1418385990
       -0.0000051666  -0.0000465517   0.0000711541  -0.0000480635  -0.0006823076
        0.0005463210   0.0002915825   0.0002650205  -0.0000330631  -0.0001908736
        0.0000973783  -0.0001726436  -0.0010313198   0.0047553008   0.0068833744
       -0.0000778091   0.0003942598   0.0001459264   0.0000356428  -0.0000293103
       -0.0000140727   0.0000610653   0.0000956082   0.0000016074   0.0000156974
       -0.0000222641   0.0000405055   0.0000233653  -0.0000019512  -0.0000238263
        0.0000131691   0.0000028154   0.0000210458  -0.0000100244   0.0000087426
        0.0001661594   0.0003832950  -0.0000829086   0.0000287488   0.0001290867
        0.0002170271   0.0001452514   0.0001293361   0.0000534937  -0.0000865985
        0.1226310140   0.0071864690   0.1588972136  -0.0214400141  -0.0018265180
       -0.0269229204   0.0000170039   0.0000134940   0.0000115043  -0.0000447371
       -0.0000480092   0.0000126522   0.0000577979   0.0000189187   0.0000345895
       -0.0000527242   0.0000525237  -0.0002608924   0.0018142774   0.0001103840
        0.0012075282   0.0000218148   0.0000242364  -0.0001535112  -0.0000916355
        0.0002646646  -0.0000980910   0.0000005566  -0.0000391483  -0.0000505613
       -0.0068385012  -0.0056274137   0.0162068196   0.0002908997   0.0010847763
       -0.0001610649  -0.0000517212   0.0001346399  -0.0000551708   0.0000037539
       -0.0000174243  -0.0000538047  -0.0004566444  -0.0003418728   0.0007474648
       -0.0003936519  -0.0031936778  -0.0006070150   0.0006094421   0.0003450041
        0.0003189169  -0.0000023203   0.0000242956   0.0001261743  -0.0003772749
        0.0002131413   0.0000584928  -0.0705259818  -0.0114224799   0.0700066855
        0.0000658727   0.0000418049  -0.0000372460   0.0003729336  -0.0000583699
       -0.0002314381  -0.0001824664   0.0000323369  -0.0002257781   0.0003219421
       -0.0000820962  -0.0000757942  -0.0138807356   0.0052676864   0.0241758579
       -0.0000441917   0.0000379292  -0.0000913794   0.0000048808   0.0000490366
       -0.0000040306  -0.0000431450  -0.0000448717   0.0000008440  -0.0000112665
        0.0000131160   0.0000043115  -0.0000139027  -0.0000156046   0.0000080459
       -0.0001937692  -0.0001696111  -0.0000211745  -0.0001192205  -0.0001002073
        0.0002282057  -0.0003501859   0.0001396209   0.0002097452  -0.0000131734
       -0.0003034337  -0.0001735507   0.0001027306   0.0000260319   0.0001332889
        0.0066741824   0.0022647578  -0.0214400141   0.0869851323   0.0071242686
       -0.0906710087  -0.0000273308   0.0000025905  -0.0000166316   0.0000338922
        0.0000234750  -0.0000033343  -0.0000332235  -0.0000630994   0.0000496659
       -0.0001364660   0.0002145347   0.0002223702  -0.0017146687   0.0044215658
        0.0011212416  -0.0000350915   0.0000094628   0.0000837394  -0.0000152738
       -0.0000580434   0.0001489584  -0.0000054555   0.0000281304   0.0000176073
       -0.0102350589  -0.0064994214   0.0234762370  -0.0007419852   0.0002770913
        0.0011862300   0.0000829276   0.0001108787  -0.0000783434  -0.0000294700
        0.0000929167  -0.0000134287  -0.0008734144  -0.0005113117   0.0011596834
       -0.0021257568  -0.0044800711  -0.0002073165   0.0006835044   0.0007854596
        0.0003377757   0.0000851976  -0.0001311950   0.0002538146   0.0003838349
        0.0005635889  -0.0005820010  -0.0129104532  -0.0432392320   0.0291396602
        0.0000438221   0.0000411203  -0.0000517772  -0.0000555818  -0.0002534759
        0.0004187503   0.0001439589   0.0000984554   0.0001561264  -0.0000358299
       -0.0009214242  -0.0006512874   0.0148227750  -0.0023180485  -0.0258751654
        0.0000568351  -0.0000047360  -0.0000270704   0.0000124025   0.0000283230
        0.0000000580  -0.0000029906   0.0000376769  -0.0000021802  -0.0000083376
        0.0000367627  -0.0000412675   0.0000475551   0.0000152147  -0.0000525660
       -0.0002608459  -0.0003225318  -0.0000655370  -0.0001016737  -0.0000086175
        0.0000397527  -0.0000024108   0.0000457343  -0.0000713580  -0.0000915923
       -0.0001256130  -0.0001405042  -0.0000105545  -0.0000719761   0.0000044306
        0.0004678325   0.0017322925  -0.0018265180   0.0071242686   0.0582655920
       -0.0245115414  -0.0000166856   0.0000041846  -0.0000219500   0.0000379093
        0.0000252917  -0.0000084143  -0.0001071967   0.0000351918  -0.0001316309
        0.0003078704  -0.0000601338  -0.0002822502   0.0033871121  -0.0032838738
       -0.0013051310  -0.0000228042   0.0000719115  -0.0000592794  -0.0000405004
       -0.0000495595  -0.0000984922  -0.0000146637   0.0000135347  -0.0000675085
        0.0034063779   0.0040494584  -0.0057778440  -0.0001041366  -0.0007862900
        0.0004038549  -0.0000430286  -0.0000937652   0.0000213351  -0.0000211474
       -0.0000390627   0.0000349913   0.0003391526   0.0001485966  -0.0003693371
        0.0005252067   0.0012181018   0.0008629238  -0.0005161966  -0.0005736388
        0.0005425878  -0.0000997565  -0.0000163576  -0.0001546219  -0.0000890208
        0.0000982926  -0.0001439876   0.0722625797   0.0256796097  -0.2375846436
       -0.0000647164  -0.0000501683   0.0000520240  -0.0000845279   0.0003152418
       -0.0006227544  -0.0001132698  -0.0002440189  -0.0000005533  -0.0000440080
        0.0001289993   0.0004165740   0.0094371266  -0.0064852554  -0.0082553801
       -0.0000796335   0.0000659518  -0.0000137733  -0.0000317264  -0.0000114826
        0.0000014145  -0.0000073527  -0.0000416524   0.0000298524  -0.0000009758
       -0.0000303282   0.0000035491  -0.0000048448   0.0000362231   0.0000281524
        0.0000771212   0.0000745240   0.0000628994  -0.0000061532  -0.0001921857
        0.0001296301   0.0001425542  -0.0000505063  -0.0001120322   0.0000705585
        0.0001001722   0.0001767429  -0.0001431303  -0.0000252571   0.0000698593
        0.0048923602   0.0033892152  -0.0269229204  -0.0906710087  -0.0245115414
        0.2752542349   0.0000325639  -0.0000103591   0.0000306343  -0.0000136562
       -0.0000061527  -0.0000036402   0.0000452836   0.0000150457  -0.0000003939
        0.0000316456  -0.0001392538   0.0003270979   0.0007848951  -0.0018993839
        0.0012777205   0.0000147783  -0.0000479866   0.0000726048   0.0000956035
       -0.0000748929   0.0001185481  -0.0000195173   0.0000101073   0.0000446505
        0.0001886447   0.0000235553   0.0000353386   0.0000186588  -0.0000207297
       -0.0000237130  -0.0000378219   0.0000530752  -0.0000199105   0.0005333127
       -0.0003082294   0.0007160018  -0.0006032861  -0.0063448931  -0.0030217618
       -0.0010321825   0.0005579802  -0.0015815397   0.0001667112   0.0026310627
        0.0008214694  -0.0140950107   0.0080448499  -0.0268534847  -0.0000688405
       -0.0001185380   0.0001196411   0.0000393413   0.0000535567  -0.0000086374
       -0.0760059172   0.0246494944  -0.0866095766   0.0000643696   0.0000068014
       -0.0000207870   0.0000033086   0.0000048848   0.0000015135  -0.0000437972
        0.0000015779   0.0000251028   0.0000551118  -0.0000152483   0.0000518504
       -0.0000675398   0.0000047203   0.0000337421   0.0000018764  -0.0000136643
        0.0000155936  -0.0000485957   0.0000456711  -0.0000316987   0.0001129467
       -0.0001400959   0.0000493268  -0.0000194719   0.0000519997   0.0000331330
       -0.0001675482   0.0001008488  -0.0004514253  -0.0003293110  -0.0004029543
       -0.0000798203   0.0002001005   0.0001469537  -0.0004419900  -0.0006394607
       -0.0000784130   0.0004489051   0.0000665839   0.0001524423  -0.0000335350
        0.0000308427   0.0000399233   0.0000170039  -0.0000273308  -0.0000166856
        0.0000325639   0.0863438150  -0.0235254507   0.1043411279   0.0053091234
       -0.0056276628   0.0124305008   0.0000129921  -0.0000010976  -0.0000028360
       -0.0000009202  -0.0000030620   0.0000037383   0.0000004843   0.0000518599
       -0.0000302071   0.0000230881  -0.0000290638   0.0000034707   0.0000319725
        0.0000212407   0.0000189019  -0.0000162499   0.0000032903   0.0000119975
       -0.0000347762  -0.0000228955  -0.0000871887   0.0000361636   0.0000316645
        0.0000039163   0.0001120907  -0.0000610217  -0.0000517654  -0.0012151841
        0.0004948180  -0.0017854323  -0.0052657843   0.0072115730   0.0036598479
        0.0004561538  -0.0001809393   0.0007908263   0.0018280154  -0.0025686741
       -0.0022265525  -0.0028480556   0.0026093059  -0.0084341189   0.0001801326
        0.0000524862  -0.0000078443  -0.0000272513  -0.0000231710  -0.0000082602
        0.0251074907  -0.0611625906   0.0754851966   0.0000054307  -0.0000181211
       -0.0000055114  -0.0000009432  -0.0000047127  -0.0000014755   0.0000191629
       -0.0000023780   0.0000032984   0.0000100886   0.0000077241  -0.0000217147
       -0.0000072461  -0.0000026847   0.0000025964   0.0000127999  -0.0000136566
       -0.0000142787   0.0000416779  -0.0000248136  -0.0000197765  -0.0004039266
        0.0005196867  -0.0000781386  -0.0000877204  -0.0000603725  -0.0000187138
        0.0001708359  -0.0003141844   0.0004947077   0.0001144259   0.0001433114
       -0.0000313634  -0.0003052866  -0.0006712987   0.0002479324   0.0003026588
        0.0005175884  -0.0004542667  -0.0001508805  -0.0001310014  -0.0000592911
        0.0000141111   0.0000006297   0.0000134940   0.0000025905   0.0000041846
       -0.0000103591  -0.0235254507   0.0591843487  -0.0857227790   0.0054641924
       -0.0054961581   0.0183079834   0.0000027444   0.0000049646   0.0000027908
       -0.0000014118   0.0000021274  -0.0000031759  -0.0000222015  -0.0000175902
        0.0000216971   0.0000100486  -0.0000011259   0.0000083601  -0.0000011827
       -0.0000026208  -0.0000027945   0.0000064870  -0.0000044023   0.0000021537
        0.0002061104   0.0000377241  -0.0002072760   0.0000143057  -0.0000253390
       -0.0000109925   0.0000378974  -0.0001027679  -0.0001056189  -0.0008036866
        0.0002748291  -0.0011779193  -0.0038174426   0.0028169282   0.0034694444
       -0.0002182636   0.0003443915   0.0001334183   0.0023987481  -0.0014662231
       -0.0001868776  -0.0082517450   0.0027232162  -0.0135867773   0.0001271257
       -0.0002477435   0.0000391687   0.0000237462   0.0000708242   0.0000578450
       -0.0880099094   0.0747435565  -0.2430778452   0.0000878420   0.0000046136
       -0.0000032692   0.0000048180  -0.0000025035   0.0000050092  -0.0000332889
       -0.0000210288   0.0000604986   0.0000592333  -0.0000716579   0.0000188536
       -0.0000555689  -0.0000068532   0.0000329724   0.0000243079   0.0000058009
        0.0000367838  -0.0000547971   0.0000487008  -0.0000080296  -0.0002233615
        0.0003577857  -0.0000045864   0.0000959684  -0.0001884055  -0.0000705698
        0.0002296706  -0.0001131670   0.0007999272   0.0000344608  -0.0000258128
        0.0000332302  -0.0003263622  -0.0006199824   0.0001799102  -0.0000177085
        0.0001726172  -0.0000360296  -0.0001083231   0.0000698298  -0.0001622793
        0.0000234697   0.0000347064   0.0000115043  -0.0000166316  -0.0000219500
        0.0000306343   0.1043411279  -0.0857227790   0.2687503541  -0.0058015187
        0.0068924722  -0.0150150607  -0.0000034287   0.0000032337  -0.0000031765
       -0.0000033832  -0.0000018196   0.0000092044  -0.0000061603   0.0000448633
       -0.0000269381   0.0000419856  -0.0000201469   0.0000060310   0.0000241827
        0.0000128702   0.0000057273  -0.0000234203  -0.0000007832   0.0000027287
       -0.0006140163  -0.0008385087   0.0003036255   0.0000328773  -0.0000401688
       -0.0000579101   0.0000028786   0.0000399445  -0.0000512897  -0.0002685145
       -0.0000874555  -0.0004250160  -0.0000779902   0.0018662302   0.0023679254
        0.0001542651  -0.0001461980   0.0003952733  -0.0004096441  -0.0045993948
       -0.0046137706  -0.0196131579  -0.0205636324   0.0148254366   0.0000862787
        0.0001541048  -0.0001167479  -0.0002030451   0.0000908255  -0.0002135859
       -0.1144991004  -0.0960863111   0.0711233967   0.0000444869   0.0000306552
        0.0000488318  -0.0000013058   0.0000231927  -0.0000180319   0.0000856937
        0.0000024977  -0.0000098713  -0.0000935932  -0.0000024204  -0.0000492727
       -0.0000282328   0.0000090486  -0.0000179037   0.0000162888  -0.0000039079
       -0.0000276548  -0.0000083269  -0.0001205801   0.0000466608  -0.0000070334
        0.0001475920   0.0000317905  -0.0001663809   0.0003198357   0.0000097175
        0.0000097114  -0.0002028873  -0.0003552591   0.0000773901   0.0000807655
        0.0000036888  -0.0006228223  -0.0007837790   0.0005069704   0.0004839964
        0.0004730242  -0.0004511845  -0.0001148591  -0.0001134489   0.0001259531
       -0.0000873305  -0.0001207126  -0.0000447371   0.0000338922   0.0000379093
       -0.0000136562   0.0053091234   0.0054641924  -0.0058015187   0.1304451887
        0.1149445407  -0.0775710718  -0.0000012630  -0.0000128066  -0.0000138884
        0.0000187120   0.0000011269  -0.0000129016   0.0000203558   0.0000425411
        0.0000583367  -0.0000086636   0.0000012591   0.0000016460   0.0000046347
       -0.0000081728   0.0000148441  -0.0000004939   0.0000010987   0.0000011749
       -0.0005434290  -0.0006241023   0.0007112084  -0.0000937372   0.0000336095
       -0.0000491077  -0.0000082774   0.0000207862   0.0000364264   0.0005337740
       -0.0001667203   0.0007235947   0.0028389472  -0.0027385300  -0.0013683571
       -0.0000147629   0.0002602766   0.0000016862  -0.0057510457   0.0069853259
        0.0024886786  -0.0097584124  -0.0103689927   0.0054806511   0.0001973014
       -0.0000417050  -0.0001455773  -0.0001101242   0.0002407190  -0.0001591656
       -0.0968696006  -0.1487016460   0.0967318360   0.0000480947   0.0000301544
        0.0000302030  -0.0000015024   0.0000141855  -0.0000155558   0.0000408552
       -0.0000060124  -0.0000283734   0.0000442782  -0.0001378869  -0.0000628107
       -0.0000246713   0.0000085970  -0.0000101608   0.0000146432   0.0000144334
       -0.0000022842  -0.0001016959  -0.0000488479   0.0000520861   0.0001618604
       -0.0002441693   0.0000041135   0.0000412301   0.0001860924  -0.0000099000
       -0.0001281998   0.0001952659  -0.0008663562  -0.0000092823  -0.0000308817
       -0.0000030630   0.0009808071   0.0013900425  -0.0006599639  -0.0005911108
       -0.0008552427   0.0006391688  -0.0001311945  -0.0000927347   0.0000835110
       -0.0000752405  -0.0000914188  -0.0000480092   0.0000234750   0.0000252917
       -0.0000061527  -0.0056276628  -0.0054961581   0.0068924722   0.1149445407
        0.1602181026  -0.1104826017  -0.0000159211  -0.0000109485  -0.0000096447
        0.0000144424   0.0000013956  -0.0000091717  -0.0000137251   0.0000320958
        0.0000578714  -0.0000072088   0.0000055323   0.0000004410   0.0000051233
       -0.0000104804   0.0000078725  -0.0000125683   0.0000045714  -0.0000055650
       -0.0003162842  -0.0001861062   0.0002652213  -0.0000074690   0.0000309582
       -0.0000082928   0.0000320832   0.0000197964   0.0000507078   0.0002808422
       -0.0001632542   0.0004571910   0.0004059395  -0.0025437225  -0.0001156005
       -0.0000634291   0.0000991747  -0.0002718267  -0.0037788123   0.0031024006
        0.0028631693  -0.0033613591  -0.0053777681   0.0043122079   0.0000320891
       -0.0000053574   0.0000743085  -0.0001145793   0.0000028872  -0.0000428146
        0.0723551301   0.0974770424  -0.1162342387  -0.0000289806  -0.0000146133
       -0.0000123004  -0.0000027206  -0.0000059719   0.0000003688  -0.0000232192
        0.0000019784  -0.0000251211   0.0000752019   0.0000145328   0.0000058509
        0.0000033141   0.0000023544  -0.0000014548   0.0000105279  -0.0000127722
       -0.0000209753  -0.0000036305   0.0000537949  -0.0000798728   0.0000896243
       -0.0001386518  -0.0000179245   0.0000118018   0.0000035414   0.0001167838
       -0.0000340100  -0.0000883885  -0.0002457137  -0.0000509585  -0.0000739192
        0.0000225711   0.0004598453   0.0005020762  -0.0005134311  -0.0008157267
       -0.0005306763   0.0005856381   0.0000017885   0.0000376243  -0.0000693186
        0.0000054822  -0.0000117114   0.0000126522  -0.0000033343  -0.0000084143
       -0.0000036402   0.0124305008   0.0183079834  -0.0150150607  -0.0775710718
       -0.1104826017   0.1239065432   0.0000092163   0.0000049052   0.0000040799
        0.0000003847   0.0000038399  -0.0000051811  -0.0000314087  -0.0000210764
        0.0000017317  -0.0000081319  -0.0000038666   0.0000033021   0.0000003581
        0.0000013006  -0.0000005892   0.0000109957   0.0000026810   0.0000010290
       -0.0003352978  -0.0003150327  -0.0001997688  -0.0023333909  -0.0026483491
        0.0030167976  -0.0011706941   0.0001080372  -0.0003371711  -0.0000784474
       -0.0000930704  -0.0000827443   0.0000674241   0.0000313974  -0.0000296001
        0.0000520196   0.0000034664  -0.0002777444  -0.0001028616   0.0001649085
        0.0001246656   0.0001458044   0.0000588862  -0.0000017537  -0.0000758637
        0.0000748273   0.0001350794  -0.0000772735  -0.0001311003  -0.0001157995
       -0.0000159792   0.0000030401   0.0000199507  -0.0291697174  -0.0015417541
       -0.0086957362  -0.2668502272  -0.0087804031  -0.0907538746   0.0003315322
       -0.0000494614   0.0005570521   0.0001043254   0.0000973829   0.0000971314
        0.0011271727   0.0012164513  -0.0014189958   0.0000017054   0.0000886364
       -0.0000190482  -0.0000852908  -0.0002374886  -0.0000017775  -0.0000038472
        0.0000126448   0.0000151144  -0.0000522408  -0.0000337701   0.0000562527
       -0.0000189375  -0.0000018693   0.0000297366  -0.0000411435  -0.0000152290
       -0.0000137530  -0.0000603200   0.0000100528  -0.0000184403   0.0000749900
       -0.0000269457   0.0000592820   0.0000424625  -0.0000279681  -0.0000319505
       -0.0001434756   0.0000556425   0.0000577979  -0.0000332235  -0.0001071967
        0.0000452836   0.0000129921   0.0000027444  -0.0000034287  -0.0000012630
       -0.0000159211   0.0000092163   0.3027804863   0.0126557261   0.1000941924
       -0.0048115241  -0.0002416974  -0.0028045795  -0.0000173195  -0.0000683571
       -0.0000540219   0.0002311910   0.0002522751  -0.0003704493  -0.0000569287
       -0.0000284462  -0.0000473520   0.0005631613  -0.0004720587   0.0009604366
       -0.0022189721  -0.0002932501  -0.0007470538  -0.0030616669   0.0108317609
        0.0031131373   0.0017443475   0.0003842586   0.0005736706   0.0001132772
        0.0001528460   0.0000283309  -0.0000025833   0.0000135971   0.0000092554
        0.0000233140   0.0000738719  -0.0001469991  -0.0004027038   0.0004237948
        0.0001537353   0.0000352399   0.0000501044  -0.0000408620  -0.0000942344
       -0.0000049673   0.0001044248   0.0001196309  -0.0002426769  -0.0000949980
       -0.0000077995  -0.0000257034   0.0000053739  -0.0069081090  -0.0017758154
       -0.0022352848  -0.0084075878  -0.0325775952   0.0010378419  -0.0000522969
       -0.0000270717   0.0002221783  -0.0000208026   0.0000151727   0.0000427309
       -0.0001791376  -0.0038180960  -0.0017891306   0.0001317336  -0.0001111912
        0.0000040355   0.0002701664   0.0004172116   0.0000254907   0.0000092792
        0.0000048617  -0.0000080837   0.0000578046   0.0000211246  -0.0000758112
       -0.0000039513  -0.0000110454   0.0000028412  -0.0000242479  -0.0000080734
       -0.0000118743  -0.0001658391   0.0000040800  -0.0000838430   0.0000282276
        0.0000030657   0.0000058224   0.0000405331   0.0000058665  -0.0000048263
        0.0000015013  -0.0000205009   0.0000189187  -0.0000630994   0.0000351918
        0.0000150457  -0.0000010976   0.0000049646   0.0000032337  -0.0000128066
       -0.0000109485   0.0000049052   0.0126557261   0.0245902129  -0.0039942075
        0.0061061456   0.0021279501   0.0036340939   0.0000384569   0.0000061308
       -0.0000500178  -0.0000966135  -0.0001666016   0.0006027207   0.0002017971
        0.0000614667  -0.0008845644   0.0001463682  -0.0001339967   0.0005597695
       -0.0002987289  -0.0000422323   0.0000563744   0.0011075920   0.0033357128
       -0.0004752743   0.0007790414   0.0001291990   0.0005767746   0.0000282065
        0.0000153432   0.0000285850   0.0000034764  -0.0000017547  -0.0000036050
        0.0000244052  -0.0000014209  -0.0000279916  -0.0000152256  -0.0000062269
        0.0000226271   0.0000193214   0.0000259407  -0.0000063285  -0.0000767597
        0.0000308162   0.0000731261   0.0000446926  -0.0000737956  -0.0000894274
       -0.0000051319  -0.0000076066   0.0000126604   0.0140610679   0.0001766994
        0.0049607792  -0.0926599747   0.0005553426  -0.0808287030   0.0001171629
        0.0000282119   0.0003117641  -0.0000324672   0.0000820019   0.0000637698
        0.0022092275  -0.0010440296   0.0002667037   0.0000004374  -0.0000725333
       -0.0000146501   0.0001922052   0.0002376695   0.0000388247  -0.0000091650
       -0.0000128395   0.0000350945  -0.0000028502  -0.0000107139  -0.0000124037
       -0.0000150527  -0.0000040898   0.0000117225  -0.0000248185   0.0000154750
        0.0000455775  -0.0000110781  -0.0000006538  -0.0000081435   0.0000426591
        0.0000188514   0.0000121873   0.0000262133   0.0000068717   0.0000002180
       -0.0000342866   0.0000442530   0.0000345895   0.0000496659  -0.0001316309
       -0.0000003939  -0.0000028360   0.0000027908  -0.0000031765  -0.0000138884
       -0.0000096447   0.0000040799   0.1000941924  -0.0039942075   0.0885623573
       -0.0259822115   0.0002179745  -0.0126406721  -0.0000078809  -0.0000131014
        0.0000114683  -0.0001154226  -0.0000482350   0.0000437863   0.0000587912
        0.0000144809  -0.0003065534   0.0004494202   0.0005370820  -0.0007557472
       -0.0001166176  -0.0000705169   0.0000566325   0.0002792654  -0.0000338529
        0.0025513923   0.0001063514   0.0001140693  -0.0000160456  -0.0000383000
        0.0000095338  -0.0000134043  -0.0000036484   0.0000124616  -0.0000121782
       -0.0000613564   0.0000409954   0.0000373005   0.0000050740   0.0000192480
        0.0000097361  -0.0000253343  -0.0000400027   0.0000209593   0.0000625807
       -0.0000249149  -0.0000703815  -0.0001035243   0.0000703649   0.0001401486
        0.0000141227   0.0000129015  -0.0000216477   0.0012992859  -0.0053162885
        0.0214867248  -0.0472435462   0.0053265228  -0.0296856089  -0.0017528442
       -0.0005131129  -0.0001785802   0.0000756708  -0.0001325879  -0.0001055519
       -0.0022108141  -0.0023225407   0.0016812394   0.0000352815   0.0000636388
        0.0000274004  -0.0000033764   0.0000715390  -0.0000237473   0.0000364457
        0.0000236922  -0.0000509286   0.0000211911   0.0000158685  -0.0000256527
        0.0000265202   0.0000072828  -0.0000122217   0.0000490200  -0.0000266868
       -0.0000654314   0.0000185629   0.0000017808  -0.0000043531  -0.0000497358
       -0.0000283186  -0.0000587757  -0.0000212484  -0.0000042131   0.0000020754
        0.0000211695  -0.0000715737  -0.0000527242  -0.0001364660   0.0003078704
        0.0000316456  -0.0000009202  -0.0000014118  -0.0000033832   0.0000187120
        0.0000144424   0.0000003847  -0.0048115241   0.0061061456  -0.0259822115
        0.0541541465  -0.0031651978   0.0291191849   0.0000312392  -0.0000074255
       -0.0000210643   0.0002435926  -0.0003196862   0.0011023591   0.0000703632
       -0.0000597999   0.0001614952   0.0000106611  -0.0000802270  -0.0000247869
        0.0007310612   0.0000805311   0.0000845050   0.0015061560  -0.0038954188
       -0.0005397859  -0.0006345927  -0.0001377728  -0.0001197843  -0.0000516220
       -0.0000446703  -0.0000599171  -0.0000073786   0.0000000250   0.0000047910
        0.0000444422  -0.0000495222   0.0000294225   0.0001228747  -0.0001466009
       -0.0000281078   0.0000002982  -0.0000046000   0.0000004576   0.0000003439
       -0.0000488345  -0.0000520044   0.0001430980  -0.0000140567  -0.0000484042
        0.0000001163  -0.0000041340  -0.0000050992   0.0001060935  -0.0036988287
        0.0080057955   0.0045920463  -0.0472074321   0.0643609317  -0.0005775171
        0.0002269355  -0.0003857642  -0.0000604037  -0.0000224740   0.0000607158
       -0.0021856485   0.0109663103   0.0040074680   0.0000112537   0.0000082260
        0.0000534879  -0.0001376332  -0.0001103949  -0.0000034405   0.0000375594
        0.0000180036  -0.0000137966  -0.0000080491  -0.0000173414   0.0000193057
        0.0000085785  -0.0000076358   0.0000007448   0.0000531485  -0.0000108251
       -0.0000094574   0.0000710336  -0.0000119065   0.0000227967  -0.0000245709
        0.0000086402  -0.0000270899  -0.0000052996   0.0000064948  -0.0000045668
       -0.0000637261   0.0000359917   0.0000525237   0.0002145347  -0.0000601338
       -0.0001392538  -0.0000030620   0.0000021274  -0.0000018196   0.0000011269
        0.0000013956   0.0000038399  -0.0002416974   0.0021279501   0.0002179745
       -0.0031651978   0.0418354515  -0.0763369684   0.0000278261   0.0000332191
       -0.0000094066  -0.0000060262   0.0006931213  -0.0016978262  -0.0001105125
       -0.0005911778   0.0029050878  -0.0003886543   0.0000393371  -0.0003473553
        0.0001506534   0.0000975508  -0.0000070823  -0.0016724645  -0.0015897797
        0.0005530691  -0.0003858242  -0.0001655270   0.0001071028  -0.0000610165
       -0.0000603078   0.0000686266   0.0000101981  -0.0000336582   0.0000433842
       -0.0000424644   0.0000053322  -0.0000093406  -0.0000153364  -0.0000370970
        0.0000451079  -0.0000034135  -0.0000027830  -0.0000252726  -0.0000406498
       -0.0000423621   0.0000679827  -0.0000422046   0.0000294982  -0.0001188844
       -0.0000152755  -0.0000111261   0.0000227191  -0.0004527025   0.0058511014
       -0.0234904400  -0.0279923146   0.0644470267  -0.2851669616   0.0007274659
        0.0000715008   0.0009417121  -0.0001593592   0.0000962028   0.0000730473
        0.0032426429   0.0040136442  -0.0003402907  -0.0000301815   0.0000603711
       -0.0001465947   0.0000197230  -0.0000732882   0.0000662852  -0.0000883191
       -0.0000392028   0.0000399284  -0.0000171612   0.0000042659   0.0000597272
       -0.0000356371  -0.0000039769  -0.0000072226  -0.0001173781   0.0000557564
        0.0000520617   0.0000036226  -0.0000045376  -0.0000159670   0.0000341700
        0.0000244680   0.0000542885   0.0000463553   0.0000247976   0.0000138933
       -0.0000264336   0.0000395343  -0.0002608924   0.0002223702  -0.0002822502
        0.0003270979   0.0000037383  -0.0000031759   0.0000092044  -0.0000129016
       -0.0000091717  -0.0000051811  -0.0028045795   0.0036340939  -0.0126406721
        0.0291191849  -0.0763369684   0.3205928139  -0.0000435460   0.0000221491
        0.0000544069   0.0000842560   0.0003238112  -0.0016412241   0.0000025732
        0.0000993955   0.0002144636   0.0003922095  -0.0002052875   0.0004691032
        0.0007743044   0.0006345031  -0.0002186655  -0.0001489488  -0.0002253207
        0.0001452307  -0.0000000409  -0.0000478723   0.0000033753   0.0000404177
        0.0000766026   0.0000796195  -0.0002619724   0.0004268745   0.0002129335
        0.0018868493  -0.0008185907  -0.0010151098  -0.0001190167  -0.0001818451
        0.0002150062  -0.0001267365  -0.0001310251  -0.0000502384  -0.0015749979
        0.0029350829  -0.0005207817  -0.0150850347   0.0027458795   0.0209600118
       -0.0001015398   0.0000258440  -0.0000020342   0.0000556486   0.0000914878
        0.0000532180  -0.0000679172  -0.0001215892   0.0000342838   0.0000263711
       -0.0000106501  -0.0000622476  -0.0770837534  -0.0046710121   0.1296213637
       -0.0000709885  -0.0000493468   0.0000492394  -0.0000291785  -0.0000012603
        0.0000014668  -0.0000115338  -0.0000462338  -0.0000423287   0.0000019308
        0.0000167194  -0.0000417456  -0.0000138835   0.0000146442  -0.0000030596
       -0.0000333968  -0.0001084459   0.0000160503  -0.0001908061   0.0003634149
       -0.0001651219  -0.0001779480  -0.0000605612  -0.0004989305  -0.0000110835
        0.0000185160  -0.0000189937  -0.0023795253  -0.0024034502   0.0001078068
        0.0001001154   0.0002368542   0.0018142774  -0.0017146687   0.0033871121
        0.0007848951   0.0000004843  -0.0000222015  -0.0000061603   0.0000203558
       -0.0000137251  -0.0000314087  -0.0000173195   0.0000384569  -0.0000078809
        0.0000312392   0.0000278261  -0.0000435460   0.0962737935  -0.0021784546
       -0.1512182725   0.0000085551  -0.0000764168  -0.0000027573   0.0000057596
        0.0001220602  -0.0001307312  -0.0000055344   0.0000061231  -0.0000187642
        0.0003007817   0.0007530738  -0.0009974796   0.0000229537  -0.0001137473
       -0.0000007124  -0.0000808430  -0.0000794656  -0.0000318038   0.0000878238
       -0.0000630205   0.0001415936  -0.0001406305   0.0002402778   0.0003876930
        0.0024197121  -0.0034096295  -0.0011607391   0.0000336110   0.0000851386
        0.0000973606  -0.0004719746  -0.0001107053  -0.0001697911   0.0000922750
        0.0038452302  -0.0015147868   0.0130715083   0.0000774571  -0.0273500099
        0.0000507232   0.0000141755   0.0000137553   0.0002847574   0.0001315863
       -0.0000464561  -0.0000756356  -0.0000838828  -0.0000068021   0.0000289490
        0.0000383404   0.0001124164  -0.0158911726  -0.0393585851   0.0710696012
       -0.0002056248   0.0000268773   0.0000975239  -0.0000673908   0.0001081745
       -0.0000149882   0.0000491975  -0.0000182190   0.0000041028  -0.0000127706
       -0.0000351942  -0.0000301352   0.0000495598   0.0001184723   0.0000192817
        0.0000451351  -0.0000215546  -0.0000319610   0.0001089566  -0.0002695540
        0.0001192081  -0.0003510952   0.0001307072  -0.0004111022  -0.0000416146
        0.0000911846   0.0000578730  -0.0019967851  -0.0006344191   0.0008879456
        0.0003441433   0.0005904799   0.0001103840   0.0044215658  -0.0032838738
       -0.0018993839   0.0000518599  -0.0000175902   0.0000448633   0.0000425411
        0.0000320958  -0.0000210764  -0.0000683571   0.0000061308  -0.0000131014
       -0.0000074255   0.0000332191   0.0000221491  -0.0021784546   0.0411570224
       -0.0395377453   0.0000356765  -0.0000631230  -0.0000103157   0.0001569526
        0.0000420935   0.0000811894  -0.0001089088   0.0000408267  -0.0000185506
        0.0005168083   0.0004718479  -0.0000243792   0.0002067604   0.0002238962
       -0.0001984697  -0.0000234070   0.0000756444  -0.0000462407   0.0000032433
       -0.0000797299  -0.0000818017   0.0002734580  -0.0005650410  -0.0003060056
       -0.0016218896   0.0004174850   0.0017161914   0.0003248873   0.0004389687
       -0.0002879206  -0.0001104304  -0.0002469454   0.0002454977  -0.0006009760
       -0.0031321673  -0.0010994784   0.0072488429  -0.0075612684  -0.0056403812
        0.0000077243   0.0000852974  -0.0000430332   0.0000996444   0.0000215854
        0.0000792849  -0.0000182650   0.0000889978  -0.0001196741  -0.0000238721
        0.0000235679   0.0001210491   0.1457506344   0.0507248942  -0.3333834679
        0.0000466327  -0.0000148963  -0.0000864763  -0.0000197521   0.0000551307
        0.0000177597  -0.0000146138  -0.0000154286   0.0000078621  -0.0000543358
        0.0000550922   0.0000124091  -0.0000316240  -0.0000153710   0.0000143004
        0.0000712326   0.0001689300  -0.0000175959  -0.0002054238   0.0002267821
       -0.0000361779  -0.0006671496  -0.0004636619  -0.0007946489  -0.0000419217
        0.0001113028   0.0001167661  -0.0000799065  -0.0004772162   0.0006588372
       -0.0008104065   0.0001946011   0.0012075282   0.0011212416  -0.0013051310
        0.0012777205  -0.0000302071   0.0000216971  -0.0000269381   0.0000583367
        0.0000578714   0.0000017317  -0.0000540219  -0.0000500178   0.0000114683
       -0.0000210643  -0.0000094066   0.0000544069  -0.1512182725  -0.0395377453
        0.3365571197  -0.0000109761   0.0000273364   0.0000445754  -0.0000565538
       -0.0000251921   0.0000323665  -0.0000143773   0.0000082905   0.0000158144
        0.0000977762   0.0000351256  -0.0000413903   0.0003982951   0.0002298561
       -0.0002370179  -0.0001391263   0.0000181162  -0.0005789131  -0.0017836252
        0.0001804116  -0.0015771665   0.0000023264  -0.0000775617   0.0002163204
       -0.0001513529   0.0002201870   0.0000606485  -0.0000511417   0.0000244025
        0.0000177477  -0.0000301406   0.0000037456  -0.0001827976   0.0000898431
       -0.0001945998  -0.0000089470  -0.0000309926   0.0000929815  -0.0000263655
        0.0000080462  -0.0000391151   0.0000453970   0.0016085583   0.0018325854
        0.0033465034   0.0007692059  -0.0000343053  -0.0006019126  -0.0000842580
       -0.0000539164  -0.0000041607   0.0000037567  -0.0000827422   0.0000124202
       -0.1039680035  -0.1018849270   0.0263540016   0.0002018791  -0.0000126245
       -0.0001462619  -0.0000659268   0.0000035896   0.0000681432  -0.0018408002
       -0.0009601143   0.0006657921   0.0000338962  -0.0001867949   0.0001901351
       -0.0000464852  -0.0000044650   0.0000414834  -0.0001555003   0.0005916095
        0.0000458491   0.0000051490  -0.0000247121   0.0000061956   0.0000068766
        0.0000041534   0.0000403713  -0.0000084195   0.0000216968  -0.0000209789
       -0.0000176578  -0.0000560337   0.0000218148  -0.0000350915  -0.0000228042
        0.0000147783   0.0000230881   0.0000100486   0.0000419856  -0.0000086636
       -0.0000072088  -0.0000081319   0.0002311910  -0.0000966135  -0.0001154226
        0.0002435926  -0.0000060262   0.0000842560   0.0000085551   0.0000356765
       -0.0000109761   0.1208034408   0.1201922391  -0.0324681891   0.0049518314
        0.0075267220  -0.0015749399  -0.0210701222  -0.0272785822   0.0063297287
       -0.0000505063  -0.0001786587   0.0001962123  -0.0001678138   0.0000058376
       -0.0002398344  -0.0002201302   0.0003156207  -0.0000133038  -0.0007758122
       -0.0000169946  -0.0003936941   0.0002897775   0.0000027590   0.0000445347
        0.0002620569  -0.0001010752   0.0003204329  -0.0000058340   0.0000334863
       -0.0000773418   0.0000544715  -0.0000474927   0.0000194887  -0.0002646447
        0.0003405067  -0.0001586059  -0.0001485998  -0.0000285468  -0.0000420171
       -0.0000330961   0.0000159133  -0.0000559403  -0.0047643851  -0.0076607771
        0.0063697043   0.0006704992  -0.0005468696   0.0011352426  -0.0001933674
       -0.0000025088  -0.0002215414   0.0001729125   0.0000045734  -0.0000085385
       -0.1014839810  -0.2107024474   0.0471631276  -0.0000022711   0.0001728684
       -0.0002241147  -0.0000389298   0.0000166268  -0.0000682238  -0.0002160782
        0.0008018023  -0.0001280634  -0.0002639741  -0.0001376599  -0.0001951718
        0.0000110234  -0.0000166333  -0.0000230434   0.0005751470  -0.0009884925
       -0.0003551660  -0.0000318958  -0.0000022055  -0.0000002598  -0.0000300006
       -0.0000130982  -0.0000127301  -0.0001020440   0.0000271391   0.0000012164
       -0.0000483843   0.0000570674   0.0000242364   0.0000094628   0.0000719115
       -0.0000479866  -0.0000290638  -0.0000011259  -0.0000201469   0.0000012591
        0.0000055323  -0.0000038666   0.0002522751  -0.0001666016  -0.0000482350
       -0.0003196862   0.0006931213   0.0003238112  -0.0000764168  -0.0000631230
        0.0000273364   0.1201922391   0.2425910144  -0.0550999522  -0.0131898355
       -0.0269646090   0.0026560542  -0.0000343731   0.0024831393  -0.0008436200
       -0.0000280907   0.0000939355  -0.0000615569   0.0004637347  -0.0000869598
        0.0007308974  -0.0005783025   0.0003200581  -0.0004251491  -0.0001300805
       -0.0001064846   0.0002727363  -0.0000664184  -0.0000374693   0.0000636631
        0.0000065652   0.0001364286   0.0001167813   0.0000172047  -0.0000038227
       -0.0000385791  -0.0000475877  -0.0000041041  -0.0000289687  -0.0000000039
       -0.0000925068  -0.0001046806  -0.0000778760   0.0000508716   0.0000497385
        0.0000132209  -0.0000204873  -0.0000082949   0.0155569993   0.0263088551
       -0.0120004506  -0.0014508804   0.0018039998  -0.0043313437   0.0003325634
       -0.0000895058   0.0001828193   0.0000090158  -0.0000852172  -0.0000420354
        0.0277047368   0.0486294207  -0.0515897283  -0.0000514256  -0.0006911336
       -0.0009171348   0.0002496011  -0.0000995217  -0.0000062723  -0.0003436605
       -0.0000407577   0.0008982624  -0.0000081091  -0.0000294578  -0.0000079171
        0.0000910649  -0.0000374595  -0.0000394122   0.0000471916  -0.0001472707
        0.0002367784   0.0000376738  -0.0000185810  -0.0000015965   0.0000120556
        0.0000254560  -0.0000296384   0.0000216228   0.0000217081   0.0000390775
        0.0000113250  -0.0000065716  -0.0001535112   0.0000837394  -0.0000592794
        0.0000726048   0.0000034707   0.0000083601   0.0000060310   0.0000016460
        0.0000004410   0.0000033021  -0.0003704493   0.0006027207   0.0000437863
        0.0011023591  -0.0016978262  -0.0016412241  -0.0000027573  -0.0000103157
        0.0000445754  -0.0324681891  -0.0550999522   0.0629243541  -0.0085683847
       -0.0164916390   0.0040726982  -0.0015735751  -0.0030459314   0.0016693881
        0.0000753938  -0.0000394203  -0.0001423985  -0.0002285631   0.0003603489
       -0.0001257928  -0.0000345306  -0.0000375977  -0.0001462350  -0.0000547672
       -0.0000326970  -0.0000655587   0.0000127640  -0.0000722290   0.0000989742
       -0.0018596377   0.0004130771  -0.0010254195  -0.0000747161   0.0000068498
        0.0000436997  -0.0000426553   0.0000554790  -0.0000507451   0.0000812614
       -0.0000881123   0.0001160094   0.0000846713   0.0000704348   0.0000038306
        0.0000119499  -0.0000143675   0.0000511876   0.0019814984  -0.0037829295
        0.0006997834   0.0006981659  -0.0001628127   0.0002001855  -0.0000604140
        0.0000466138   0.0000418220  -0.0001255389  -0.0000587579   0.0000464913
       -0.0624409486   0.0536387297   0.0402064515  -0.0000398167   0.0000540504
        0.0000553364  -0.0000441172   0.0000311016   0.0000406509   0.0001648655
       -0.0001608796   0.0000051409   0.0000316380   0.0000517164   0.0000460312
       -0.0000094326   0.0000168926   0.0000298779  -0.0031721228   0.0003344399
        0.0001287546   0.0000083154   0.0000060544   0.0000021835   0.0000263113
        0.0000161057   0.0000632862   0.0000396038   0.0000343779   0.0000584111
        0.0001985615   0.0000681517  -0.0000916355  -0.0000152738  -0.0000405004
        0.0000956035   0.0000319725  -0.0000011827   0.0000241827   0.0000046347
        0.0000051233   0.0000003581  -0.0000569287   0.0002017971   0.0000587912
        0.0000703632  -0.0001105125   0.0000025732   0.0000057596   0.0001569526
       -0.0000565538   0.0049518314  -0.0131898355  -0.0085683847   0.0743810482
       -0.0640706943  -0.0501521534  -0.0146011467   0.0262942321   0.0183052603
       -0.0000713679   0.0000936101  -0.0001699907   0.0000559916  -0.0000092821
        0.0000081792  -0.0000198209  -0.0001583214  -0.0002213113  -0.0000901369
        0.0000845759  -0.0001419091  -0.0001123371  -0.0000131916   0.0000159411
        0.0003429411   0.0001541418  -0.0001790502  -0.0000121551  -0.0000169822
        0.0001019878  -0.0000003370   0.0000414774  -0.0000288388   0.0002990762
       -0.0004029459   0.0001693478   0.0002764442   0.0000249315   0.0001644859
        0.0000146396  -0.0000094409   0.0000520675  -0.0019295142   0.0063366428
        0.0013161610  -0.0003974291  -0.0001474139   0.0011202739   0.0000738690
       -0.0000735184   0.0001319631  -0.0001755623   0.0000275563  -0.0000210484
        0.0538106263  -0.1719502678  -0.1034980401   0.0000046907   0.0000890903
        0.0001432820  -0.0000483997   0.0000374587   0.0000607394   0.0000491362
       -0.0003505217  -0.0000889446   0.0001369839   0.0000286736   0.0001039843
       -0.0000321082  -0.0000004503   0.0000256161  -0.0004292342   0.0009787358
        0.0002122247   0.0000021787   0.0000048576  -0.0000013960   0.0000135191
       -0.0000111576   0.0000151621   0.0001168568  -0.0000521910  -0.0000065311
        0.0000284521  -0.0001340310   0.0002646646  -0.0000580434  -0.0000495595
       -0.0000748929   0.0000212407  -0.0000026208   0.0000128702  -0.0000081728
       -0.0000104804   0.0000013006  -0.0000284462   0.0000614667   0.0000144809
       -0.0000597999  -0.0005911778   0.0000993955   0.0001220602   0.0000420935
       -0.0000251921   0.0075267220  -0.0269646090  -0.0164916390  -0.0640706943
        0.1984119155   0.1210094035   0.0046481309  -0.0054690642  -0.0040947468
       -0.0003655216   0.0000098537  -0.0003539290   0.0000504312  -0.0001044182
       -0.0001603778   0.0000008234  -0.0000308140  -0.0000092639  -0.0000187706
       -0.0000145287   0.0000731067   0.0000011965  -0.0000711920   0.0000963824
        0.0000152177   0.0001165992  -0.0001528202   0.0000330524   0.0000749220
        0.0000057674  -0.0000065182   0.0000043463   0.0000175094   0.0002488089
       -0.0000635914  -0.0000592808  -0.0004468200   0.0000506929  -0.0002331812
        0.0000301890   0.0000223945   0.0000254278   0.0107122805  -0.0192969248
       -0.0268068235  -0.0018650697  -0.0003257290  -0.0025063335  -0.0000004566
        0.0001942276   0.0000424375   0.0003906790  -0.0002289662   0.0001355299
        0.0428309765  -0.1080035946  -0.1206497778   0.0000687691   0.0001210165
       -0.0000568217   0.0001173122   0.0000348211   0.0000179077  -0.0001030711
       -0.0001217531   0.0000569022   0.0000831092   0.0000508957   0.0000342324
        0.0000558486   0.0000358950   0.0000004697  -0.0008775888  -0.0000082419
        0.0011463729  -0.0000036337   0.0000166373  -0.0000079777   0.0000474484
        0.0000019510   0.0000223855   0.0000573108  -0.0000533298   0.0001016991
        0.0001135105   0.0007415938  -0.0000980910   0.0001489584  -0.0000984922
        0.0001185481   0.0000189019  -0.0000027945   0.0000057273   0.0000148441
        0.0000078725  -0.0000005892  -0.0000473520  -0.0008845644  -0.0003065534
        0.0001614952   0.0029050878   0.0002144636  -0.0001307312   0.0000811894
        0.0000323665  -0.0015749399   0.0026560542   0.0040726982  -0.0501521534
        0.1210094035   0.1426798055   0.0003914631   0.0011734807   0.0025020808
       -0.0000159072  -0.0001226727   0.0000226315   0.0006677864   0.0005750387
       -0.0009477332   0.0000367616   0.0001642528   0.0000896383  -0.0001239797
       -0.0001099235   0.0000997253   0.0000212246   0.0000664319  -0.0001084970
        0.0001769123  -0.0001204357   0.0002611708  -0.0000476266   0.0000363605
        0.0000388283   0.0000968371   0.0000174399   0.0000312922  -0.0001504011
        0.0001560431   0.0000097924  -0.0000278112  -0.0001293431  -0.0000006565
       -0.0000043302   0.0000149186  -0.0000150867  -0.0090491225   0.0017606279
       -0.0069200409   0.0012656080  -0.0006427946   0.0023793909  -0.0003238087
        0.0000074131  -0.0003445884   0.0000796597   0.0001023837   0.0000161468
       -0.2724297434   0.0341394629  -0.0359889302  -0.0000799320  -0.0000258198
        0.0000591227   0.0000609338  -0.0000201173   0.0000628454  -0.0000979201
        0.0001205128  -0.0002151504  -0.0000522060   0.0000315271  -0.0000834936
        0.0000362966  -0.0000065520  -0.0000154513  -0.0003615158   0.0000438690
       -0.0003107479  -0.0000185159   0.0000024585   0.0000117407   0.0000178423
       -0.0000212874  -0.0000003279   0.0000033091  -0.0000218102  -0.0000424434
       -0.0001393935   0.0000508134   0.0000005566  -0.0000054555  -0.0000146637
       -0.0000195173  -0.0000162499   0.0000064870  -0.0000234203  -0.0000004939
       -0.0000125683   0.0000109957   0.0005631613   0.0001463682   0.0004494202
        0.0000106611  -0.0003886543   0.0003922095  -0.0000055344  -0.0001089088
       -0.0000143773  -0.0210701222  -0.0000343731  -0.0015735751  -0.0146011467
        0.0046481309   0.0003914631   0.3155842225  -0.0403106157   0.0422970669
       -0.0001865313  -0.0000200847  -0.0001362603  -0.0004925280   0.0005810587
        0.0011021785   0.0000649052   0.0001011042   0.0000674959  -0.0002848610
       -0.0001634056   0.0000296914   0.0000694812   0.0000139991   0.0000587551
        0.0002172918   0.0001388356  -0.0001087445  -0.0000086329   0.0000066539
       -0.0000013555  -0.0000206901   0.0000260669  -0.0000130235   0.0000077264
       -0.0000745329  -0.0000217382   0.0000468997  -0.0000159493   0.0000579689
       -0.0000003436   0.0000010303   0.0000012226   0.0074831748  -0.0005165067
        0.0014739913   0.0004083860  -0.0000480339   0.0000952221   0.0002868978
        0.0000579099   0.0002392366  -0.0000536671  -0.0000023677  -0.0000194985
        0.0341931632  -0.0500308313   0.0062952332  -0.0000241034   0.0000222690
        0.0001236146   0.0000276325   0.0000473928   0.0000020098   0.0001820342
        0.0000471190  -0.0001297848  -0.0000742225   0.0000220735  -0.0000951337
        0.0000099845  -0.0000093734  -0.0000067096  -0.0001258451  -0.0001781063
        0.0000690283  -0.0000096991   0.0000042230  -0.0000098789  -0.0000132142
        0.0000065304   0.0000026328   0.0000266881   0.0000001324   0.0000387413
        0.0000786818   0.0000399890  -0.0000391483   0.0000281304   0.0000135347
        0.0000101073   0.0000032903  -0.0000044023  -0.0000007832   0.0000010987
        0.0000045714   0.0000026810  -0.0004720587  -0.0001339967   0.0005370820
       -0.0000802270   0.0000393371  -0.0002052875   0.0000061231   0.0000408267
        0.0000082905  -0.0272785822   0.0024831393  -0.0030459314   0.0262942321
       -0.0054690642   0.0011734807  -0.0403106157   0.0529688583  -0.0075553861
       -0.0000391742  -0.0000584563  -0.0001701981  -0.0000875496   0.0019910555
       -0.0048591476   0.0001478413   0.0000402883   0.0001070158   0.0000624913
        0.0000768124   0.0000053998   0.0000729254  -0.0000151601   0.0000386967
        0.0001624043   0.0000230162  -0.0001456451  -0.0001182327   0.0000863735
        0.0000938722   0.0000596377   0.0000299991   0.0000182885   0.0000801144
       -0.0000931723   0.0000054617  -0.0001275033   0.0000111365   0.0000354944
        0.0000003639  -0.0000062678   0.0000236383  -0.0290991912   0.0053637433
       -0.0097936100  -0.0021134541  -0.0005607709   0.0002381791  -0.0011674486
       -0.0000484467  -0.0010339245   0.0000815030  -0.0000322090  -0.0000130308
       -0.0357401101   0.0055739939  -0.0473981027   0.0000020280  -0.0000470709
       -0.0000308204   0.0000623032   0.0000026864   0.0000516202  -0.0000558924
       -0.0000589310   0.0000430319   0.0000557398   0.0000021490   0.0000317636
        0.0000004039  -0.0000004828   0.0000073271  -0.0002169562   0.0000542186
        0.0001078301  -0.0000182638   0.0000102710   0.0000010633   0.0000436261
       -0.0000001443   0.0000329378   0.0000775309  -0.0000201455   0.0000363002
       -0.0000048581   0.0000463232  -0.0000505613   0.0000176073  -0.0000675085
        0.0000446505   0.0000119975   0.0000021537   0.0000027287   0.0000011749
       -0.0000055650   0.0000010290   0.0009604366   0.0005597695  -0.0007557472
       -0.0000247869  -0.0003473553   0.0004691032  -0.0000187642  -0.0000185506
        0.0000158144   0.0063297287  -0.0008436200   0.0016693881   0.0183052603
       -0.0040947468   0.0025020808   0.0422970669  -0.0075553861   0.0586680722
