50
 energy: -75.268360528350 gnorm: 0.045210453197 xtb: 6.7.1 (edcfbbe)
c           -0.42923106311689        0.05201778368250       -2.55675013853395
c            1.09795334490189        0.12563481084302       -2.62315769693157
c           -2.60748535919947        3.18268453249994        0.67617971449197
c           -3.75804652319314        2.60775667610715        0.13407577599006
c           -3.67837343274146        1.36514886471435       -0.47121382435173
c           -2.46591763641813        0.66141342976475       -0.51170487200265
c           -1.32201220068939        1.17750668212842        0.12786147296716
c           -1.41828689342959        2.46485147426240        0.67387559958993
n           -2.39291160513135       -0.50948899631695       -1.27693302769977
c           -1.04592753688539       -0.96251614010092       -1.55856817590116
c           -0.16999835641761       -1.10568268353603       -0.27080279479087
c           -0.07901331056792        0.31444974635402        0.39669826691980
c            1.24694257913051       -1.48098856576303       -0.75912721856189
c            1.77343379468112       -0.11342309062082       -1.25886966941435
c            1.25610694014248        0.83143780305181       -0.18537477552386
c            3.25660534533878        0.10769232684302       -1.43280836347047
c            3.97419222515742        0.94243433777141       -0.67716123188656
c            3.43965980451127        1.59519201301434        0.57388535147069
n            2.25928745470373        0.78525478015506        1.01035554952764
c            1.38944897978978        1.28368704474304        2.12121956249574
c            0.18047875830762        0.35719231009960        1.95305538975497
o            2.69820431032109       -0.45022964480842        1.37309532710148
h            1.21165611225603        1.87835654777789       -0.50937042758125
c           -0.82612894747346       -2.11375212742307        0.63739129597176
o           -1.81112993890406       -1.88752465370681        1.31582825427501
o           -0.22832333516225       -3.31795814295410        0.58795783387535
c           -0.82126771739296       -4.34275792398031        1.41901814312812
h           -0.83935554464139       -0.16951692027164       -3.54809483329058
h           -0.80649431894816        1.04402047574068       -2.28889701444228
h            1.49548061182495       -0.63891734840088       -3.30328159075288
h            1.39358278821350        1.10098602507339       -3.03022235150541
h           -2.63956009524843        4.17568691375454        1.11465222833323
h           -4.70367436364099        3.14299848879620        0.15234860138510
h           -4.54699060719691        0.92724856087300       -0.95771894122793
h           -0.54936594959393        2.91814503828033        1.14008841919849
h           -3.05316472753811       -1.22990538047212       -1.01568303586097
h           -1.10556438692969       -1.95454041581437       -2.02297441339281
h            1.86020269664685       -1.86056784242389        0.05154815816152
h            1.19808167560686       -2.21597307478114       -1.57110026009370
h            3.72566866591687       -0.37801986957083       -2.28785346350511
h            5.02115112464388        1.12741932928744       -0.90463618792303
h            3.14704430876917        2.64377696848732        0.41851296355537
h            4.17365617864757        1.54626959170093        1.38403975153020
h            1.92854696685357        1.15221069151201        3.06143896623846
h            1.15425080356789        2.34255958997300        1.96493421972229
h           -0.69498176449417        0.72317344287917        2.49037030740000
h            0.44321526480695       -0.62915026798434        2.33754169638568
h           -1.82760016388538       -4.58365975289312        1.06269077052914
h           -0.16313735718092       -5.20779449991654        1.32714611189523
h           -0.87183965957014       -4.00449574593411        2.45808154750404
50
 energy: -75.272715467645 gnorm: 0.019353913610 xtb: 6.7.1 (edcfbbe)
c           -0.43557474985186        0.06089273411977       -2.54622119914589
c            1.08880900958303        0.12095452697056       -2.62165879422150
c           -2.60002824872857        3.17128590721931        0.66638730794071
c           -3.74187543634231        2.60083594462163        0.12222571187536
c           -3.65972392552958        1.36014219955989       -0.47366982992544
c           -2.45293410128038        0.65609103332657       -0.50209581504120
c           -1.31581475496038        1.17598975188488        0.13390131342595
c           -1.41562486471041        2.45693460426033        0.67603973000721
n           -2.37796821728342       -0.50734574912756       -1.26844914005130
c           -1.03783486024034       -0.95939443238917       -1.55343184908571
c           -0.16794079801023       -1.09060093995742       -0.26567545833743
c           -0.07348893377469        0.32491230045795        0.39069607387767
c            1.24611136889479       -1.46681404032632       -0.74294093829123
c            1.75922979800841       -0.10717489622905       -1.25701382840060
c            1.25878024800161        0.84001912945544       -0.17967976249283
c            3.24080663730522        0.10353060137100       -1.41877749249477
c            3.95502695721689        0.93404522393809       -0.66891481151043
c            3.42330535993254        1.59420007294780        0.57270212966322
n            2.25122941180474        0.78833118429509        0.99615323179727
c            1.39392341242299        1.27537796568227        2.10554955676416
c            0.18088295055811        0.35962387869552        1.93469492760034
o            2.69660455489319       -0.43931368529774        1.34234232812248
h            1.21380901934504        1.88080677605828       -0.50343271395867
c           -0.82206781092614       -2.10280390884987        0.63801931042133
o           -1.81355698131925       -1.88339804482324        1.30259089574153
o           -0.23529995035541       -3.30375845208367        0.58896692973576
c           -0.81481740730575       -4.33189577329709        1.40926629530566
h           -0.83981719203468       -0.16482309348951       -3.53579039419932
h           -0.81325048624943        1.04680138208789       -2.26880195770122
h            1.47256629717872       -0.64482105793699       -3.30204823999289
h            1.38359083116625        1.09331040169738       -3.02603964776588
h           -2.63635842325443        4.15972386922340        1.10309639205080
h           -4.68560044355820        3.12935270232667        0.14940532061222
h           -4.52816682358951        0.91476010672396       -0.94083580590954
h           -0.55184017555626        2.91469653176065        1.13429377831311
h           -3.04363529973906       -1.22449200294720       -1.01685572488613
h           -1.10084735202469       -1.94709555823080       -2.02289269714783
h            1.86082742511934       -1.83063276247107        0.07632906344540
h            1.20799568823961       -2.21492753860278       -1.53637130154573
h            3.70658189004643       -0.39228696355429       -2.26114295968593
h            5.00064969853130        1.10977290788412       -0.88479250414586
h            3.13758574993878        2.63931479930810        0.41229378198284
h            4.16513503507431        1.53793278778644        1.37346222375999
h            1.91880625604667        1.12363176145872        3.04840560794682
h            1.16032498025011        2.33180769359785        1.96618231362025
h           -0.69280809377898        0.71518337971489        2.47815416157057
h            0.44813806509421       -0.63078870766502        2.30223198048342
h           -1.81972908710950       -4.56888168836080        1.05568010619776
h           -0.15696242197631       -5.19262367747043        1.31422411972639
h           -0.86808586601403       -3.99604599282721        2.44582524470275
50
 energy: -75.273743965236 gnorm: 0.006978178281 xtb: 6.7.1 (edcfbbe)
c           -0.44024445604451        0.06840549973516       -2.53805717895879
c            1.08338758496661        0.12069380258033       -2.61779004656185
c           -2.59285599039801        3.16610324799221        0.65877938860422
c           -3.73366786413524        2.59304685429408        0.12212497795351
c           -3.65187176453031        1.35040073236512       -0.46561511506657
c           -2.44561894951100        0.65076885153074       -0.49593025001480
c           -1.30903224806816        1.17692792128375        0.13123540079633
c           -1.40827328086526        2.45579434835185        0.67054625347398
n           -2.37256277626539       -0.50914584302119       -1.25998213419271
c           -1.03596017495361       -0.95636190771796       -1.55046752796274
c           -0.16736242571247       -1.08069626781283       -0.26596388074623
c           -0.07241061022393        0.32831798363423        0.38838161726030
c            1.24496130273732       -1.45850897765112       -0.73336460706821
c            1.75396721519378       -0.10589615040095       -1.25631780698825
c            1.25957029889069        0.84258329113766       -0.17566260379370
c            3.23493563482826        0.09754620109238       -1.41358626572581
c            3.94603309979907        0.92714165842629       -0.66439871480288
c            3.40437032337313        1.59689766695335        0.56754922440933
n            2.24082904458755        0.79234990441144        0.98609070323441
c            1.39504211052327        1.27045747517203        2.09542991237248
c            0.18385965338295        0.35301235430714        1.92415998044923
o            2.70032466003081       -0.42438947718873        1.33382955127554
h            1.21053675245084        1.87962473889061       -0.50419402344679
c           -0.82677727878389       -2.09446576588112        0.63049662688168
o           -1.82134361304187       -1.87767529667737        1.29198492106307
o           -0.23959005876123       -3.28804349304884        0.58621750235817
c           -0.80815066860034       -4.31783035957756        1.39865035974870
h           -0.84676451652859       -0.15103869792038       -3.52623129669881
h           -0.81292925770752        1.05058258767563       -2.24920649124698
h            1.45378762395264       -0.65122571428485       -3.29443210029658
h            1.38189306049953        1.08865212634816       -3.02534411302549
h           -2.63011845224833        4.15492826579118        1.08925098142408
h           -4.67320353929748        3.12384637782644        0.14189523895025
h           -4.51852091067406        0.90141488326119       -0.92598707812307
h           -0.54789381403783        2.91285145331139        1.13044359586259
h           -3.04360969515064       -1.22284491743416       -1.01639218041993
h           -1.09556775869953       -1.94232088552334       -2.02122065822654
h            1.85948714052284       -1.80207007897976        0.09707168231304
h            1.21887534798144       -2.22218554442467       -1.50898168819459
h            3.70001959474734       -0.41496170507390       -2.24225995993030
h            4.99470458859183        1.08978580421342       -0.86321295857445
h            3.12453628148286        2.64012377547287        0.39891916352632
h            4.14658932849506        1.54007603080096        1.36686641908348
h            1.91592489980416        1.10367632520064        3.03709834127914
h            1.15941417994589        2.32583484504489        1.96976078520176
h           -0.68711642417277        0.69608865504548        2.47773206014635
h            0.46147669568746       -0.63968065732079        2.27847923845986
h           -1.81246208288533       -4.55802557091037        1.04745619775773
h           -0.14687000279732       -5.17322392149878        1.29969781621942
h           -0.86467986923216       -3.98699923730473        2.43603771071460
50
 energy: -75.273942777645 gnorm: 0.004464220005 xtb: 6.7.1 (edcfbbe)
c           -0.44197229270907        0.07449883386344       -2.53497322877000
c            1.08220546013122        0.11894525000565       -2.61716570041763
c           -2.59040090649690        3.16867507882931        0.65345312115621
c           -3.73266914814045        2.59303271511179        0.12122808980759
c           -3.65320661054037        1.34638326911542       -0.45965032783364
c           -2.44650003358552        0.64763705529126       -0.49132678130080
c           -1.30906353244361        1.17646710477713        0.13338464835287
c           -1.40597506231725        2.45711437470946        0.66901403376798
n           -2.37273215768279       -0.51047147340644       -1.25625949902866
c           -1.03626367526764       -0.95433001650382       -1.55084155416876
c           -0.16827440108922       -1.07902220008141       -0.26710550894622
c           -0.07303187353886        0.32775485772711        0.38773881638655
c            1.24528652561124       -1.45663975663709       -0.72752121906859
c            1.75369882964615       -0.10666346497986       -1.25633088843441
c            1.26013036821042        0.84335775458373       -0.17479442601891
c            3.23583335531256        0.09100048138545       -1.41139539646814
c            3.94627875220845        0.92317796580025       -0.66334569056355
c            3.39841522143309        1.60228470217734        0.56282468633982
n            2.23812696139239        0.79670837511435        0.98297876616021
c            1.39429347302414        1.26855344874692        2.09409271922889
c            0.18495609780480        0.34720343224842        1.92199385310734
o            2.70503685817814       -0.41824003004714        1.33274863828650
h            1.20741495140608        1.87956032731830       -0.50753295701869
c           -0.82805563143091       -2.09119689650406        0.62996638921142
o           -1.82853266113374       -1.87682002349027        1.28518260869498
o           -0.23882039379561       -3.28156031909463        0.58542367915019
c           -0.80524989124641       -4.31363015239307        1.39230568352072
h           -0.85280011897120       -0.13639883087442       -3.52317081355736
h           -0.80874203031955        1.05665351083645       -2.23867592230969
h            1.44621277073868       -0.65807372138792       -3.29133942181393
h            1.38456653874903        1.08393378293332       -3.02894633147332
h           -2.62661036598289        4.15990766392468        1.07888333752013
h           -4.67228353420017        3.12357437528923        0.14161741237940
h           -4.52111881874635        0.89278945080503       -0.91353881897744
h           -0.54384486819345        2.91598377710238        1.12434232606776
h           -3.04771463518421       -1.22294105398676       -1.02089016556781
h           -1.09213279674610       -1.93945179719247       -2.02373602267093
h            1.85813292730576       -1.78758223283816        0.11018153829640
h            1.22656550000854       -2.22954107594174       -1.49390070260664
h            3.70120076410534       -0.43293827383607       -2.23292082317817
h            4.99716685648301        1.07923674686483       -0.85443956183764
h            3.11819114995933        2.64416898854671        0.38554044791801
h            4.13840764693482        1.55135333415085        1.36459515727107
h            1.91763683740831        1.09625280079388        3.03333644653906
h            1.15517110049705        2.32412333286982        1.97644458616989
h           -0.68601379217701        0.68117065801535        2.48113972034657
h            0.47099994045351       -0.64585454735446        2.26963628307632
h           -1.80963940915585       -4.55585570572104        1.04102066532389
h           -0.14150541374286       -5.16688555759994        1.29075867176367
h           -0.86370689301557       -3.98706312656990        2.43155640694086
50
 energy: -75.274090377882 gnorm: 0.003656412250 xtb: 6.7.1 (edcfbbe)
c           -0.44177725767895        0.08421420322140       -2.52968063154282
c            1.08293009714188        0.11451747717124       -2.61660013622738
c           -2.58797987425473        3.17334642954824        0.64670350795012
c           -3.73345646791269        2.59291670922430        0.12462203332843
c           -3.65769955017545        1.34174548868718       -0.44829188309088
c           -2.44957720819573        0.64470505885995       -0.48550488013232
c           -1.31007385873589        1.17642877685237        0.13553761482835
c           -1.40351380860477        2.46041547825340        0.66449673932237
n           -2.37409811424431       -0.51027054275933       -1.25339266405499
c           -1.03742642097531       -0.95052390159316       -1.55253583791696
c           -0.17113876868389       -1.07877699518157       -0.26883417855984
c           -0.07461020253848        0.32611966869425        0.38793168947491
c            1.24438901161213       -1.45681229486672       -0.72090514119920
c            1.75426370859297       -0.10937667686158       -1.25531187321744
c            1.25989707996308        0.84343865718261       -0.17458220402658
c            3.23826068650927        0.08117729868679       -1.40692092172351
c            3.94817755688251        0.91781324601049       -0.66201984256076
c            3.39331563341891        1.61195084806837        0.55523004121771
n            2.23599669401805        0.80504550073369        0.98034829532928
c            1.39271442426863        1.26840433037044        2.09503651937891
c            0.18776301940131        0.33945195517359        1.92133578594989
o            2.71326717032252       -0.40854864539960        1.33531922215565
h            1.20193870175544        1.87848384057390       -0.51335420469658
c           -0.83485795186039       -2.09172894630101        0.62412635292488
o           -1.83871621997009       -1.87897313066247        1.27564122293691
o           -0.23778054023580       -3.27697838805233        0.58407021362188
c           -0.80108178286897       -4.31270463518901        1.38566502139797
h           -0.85984421940350       -0.11210454307850       -3.51826160644835
h           -0.79801361696745        1.06712596044465       -2.22159190521471
h            1.43775114857237       -0.67067841446094       -3.28689261351328
h            1.39271871865462        1.07441298872421       -3.03563458555319
h           -2.62149679756433        4.16947921824413        1.06219771456009
h           -4.67287945275411        3.12461874638146        0.14410469862838
h           -4.52783180978880        0.88366711460774       -0.89458901699460
h           -0.53871010479072        2.92123350574011        1.11400651861131
h           -3.05507043778123       -1.22149294930131       -1.03239446976632
h           -1.08909590101349       -1.93354161809552       -2.03070751014961
h            1.85395238369335       -1.77333367963685        0.12520152821342
h            1.23501745226897       -2.23926804682533       -1.47733074445887
h            3.70442962917214       -0.45709110858664       -2.21929038722852
h            5.00174629977735        1.06561014631696       -0.84475585875093
h            3.10904570898671        2.65056776099680        0.36240905725786
h            4.13066027976554        1.57488690315697        1.36049216526232
h            1.92073979426645        1.09188411965197        3.03096042128313
h            1.14708995083850        2.32369421029753        1.98621973874501
h           -0.68386617578612        0.66134284212579        2.48644166855372
h            0.48524434379067       -0.65339616924330        2.26123885088609
h           -1.80492431236691       -4.55809984753074        1.03295046740646
h           -0.13392135407995       -5.16345864551538        1.28164600269866
h           -0.86279934529284       -3.99119611236202        2.42703697585717
50
 energy: -75.274147428623 gnorm: 0.003022242902 xtb: 6.7.1 (edcfbbe)
c           -0.43945634760342        0.09032026306978       -2.52621132544738
c            1.08497696069380        0.11006904469526       -2.61630830749436
c           -2.58681362118839        3.17609050246297        0.64379573932675
c           -3.73431084670651        2.59298696386008        0.12889014656158
c           -3.66075860646928        1.34008463807373       -0.44043972507914
c           -2.45176565486187        0.64409110934625       -0.48229505554894
c           -1.31104963702523        1.17646549029133        0.13712901134547
c           -1.40259866661345        2.46234512935592        0.66176960935412
n           -2.37430521402630       -0.50787124601289       -1.25351720259077
c           -1.03743050199747       -0.94734611415681       -1.55360191936971
c           -0.17281503565565       -1.07973361730866       -0.26889922772104
c           -0.07554478707304        0.32506549147618        0.38854688832588
c            1.24400031486738       -1.45825786590981       -0.71663337654014
c            1.75512892759551       -0.11201114488103       -1.25392866995422
c            1.25874788913420        0.84304900434030       -0.17577536408957
c            3.23985419873474        0.07582275112341       -1.40345303070297
c            3.94935976558648        0.91533275934028       -0.66137891107192
c            3.39128975624851        1.61822642270005        0.54985640730511
n            2.23519373749023        0.81042031723494        0.97897971868617
c            1.39088896986506        1.27016354310984        2.09540567661113
c            0.18906101931229        0.33664518995130        1.92181162352472
o            2.71670336448565       -0.40346567803932        1.33631016383141
h            1.19808790832723        1.87710182596331       -0.51772469220548
c           -0.83691414717443       -2.09330385527487        0.62376720643255
o           -1.84483081070823       -1.88319370981960        1.26967325238014
o           -0.23640944730949       -3.27717320980831        0.58472108488887
c           -0.79984691097724       -4.31624092641598        1.38235304034747
h           -0.86232572116241       -0.09571848099675       -3.51499805750469
h           -0.78735545050149        1.07396658976179       -2.21036982094720
h            1.43383952369934       -0.68086656776753       -3.28330054305337
h            1.40079641137917        1.06585214055520       -3.04070257583382
h           -2.61842563977942        4.17503868766812        1.05305323212587
h           -4.67401071264085        3.12470405417065        0.14995043087599
h           -4.53270244549803        0.88064312489985       -0.88220137443412
h           -0.53602351697007        2.92445848296841        1.10697113870815
h           -3.05958706690198       -1.21842061387777       -1.04423744040886
h           -1.08834454116927       -1.92840439557172       -2.03600059032147
h            1.85132929045683       -1.76940959087154        0.13275467063212
h            1.23820275903322       -2.24383017286760       -1.46929028924484
h            3.70703832078029       -0.46903484874980       -2.21080294102562
h            5.00401077200056        1.05928072733486       -0.84089678382655
h            3.10252796719036        2.65382030222395        0.34645188057549
h            4.12745976967592        1.59247757361445        1.35663646658800
h            1.92147320270950        1.09398643526483        3.02997724034220
h            1.14117171118288        2.32474038842375        1.98904055616605
h           -0.68296208438713        0.65333216985076        2.48888628173820
h            0.49190676704444       -0.65555350518697        2.25860877131063
h           -1.80296677732712       -4.56210257525436        1.02764747574321
h           -0.13145130056016       -5.16603258457642        1.27675025455654
h           -0.86297587605728       -3.99826722728659        2.42481622688544
50
 energy: -75.274188765584 gnorm: 0.002367509032 xtb: 6.7.1 (edcfbbe)
c           -0.43530001033676        0.09607031931422       -2.52215977132465
c            1.08832889737348        0.10386468568507       -2.61605648613544
c           -2.58568525370698        3.17781889047408        0.64289150410772
c           -3.73495576878379        2.59253682418461        0.13501979742764
c           -3.66311354762784        1.33897391848872       -0.43249569334610
c           -2.45336263588016        0.64426271886643       -0.47976382193450
c           -1.31156313174057        1.17664562866048        0.13822682875516
c           -1.40172502675834        2.46375145368417        0.65952611776665
n           -2.37358348364463       -0.50396088045758       -1.25478225147980
c           -1.03689572084246       -0.94407651009240       -1.55463067701927
c           -0.17441338928339       -1.08098895112478       -0.26861021040837
c           -0.07599974036512        0.32429970335126        0.38900917377140
c            1.24331805388689       -1.46051065284479       -0.71318597569173
c            1.75625493650162       -0.11527151684334       -1.25196826831419
c            1.25747653810463        0.84231367914948       -0.17745347709396
c            3.24124683178971        0.07120756068328       -1.39924816918607
c            3.95003408876652        0.91377579562604       -0.66033701798412
c            3.38930397247291        1.62430898052239        0.54469991069977
n            2.23477787579531        0.81532813364180        0.97800026169840
c            1.38898149021388        1.27372434312570        2.09477110424513
c            0.19007407713526        0.33652107137219        1.92208221122305
o            2.71881989229385       -0.39837713606681        1.33761472207932
h            1.19485783533833        1.87506479881801       -0.52221715905742
c           -0.84077796298090       -2.09672955743984        0.62116305853365
o           -1.85042885182807       -1.88896006135894        1.26394731478990
o           -0.23567920998398       -3.27928244873727        0.58531790301841
c           -0.79933325588870       -4.32161422012641        1.38004146221067
h           -0.86299392023891       -0.07975412751194       -3.51073609484852
h           -0.77397647576657        1.08035932335254       -2.19849088704955
h            1.43069366892611       -0.69342642814171       -3.27887375861874
h            1.41119581235579        1.05474652484748       -3.04618289634985
h           -2.61564873816344        4.17861317780257        1.04736948686360
h           -4.67522434058281        3.12334333880494        0.15986398526350
h           -4.53713469473742        0.87908549396532       -0.86957357909057
h           -0.53367296368530        2.92725769417125        1.10026435728741
h           -3.06386243993474       -1.21343058685396       -1.05942541608025
h           -1.08856633384433       -1.92296908099553       -2.04117077920336
h            1.84847035089605       -1.76994942781598        0.13782605709307
h            1.23886933742797       -2.24701652749375       -1.46430658773629
h            3.70990205270233       -0.47825845169578       -2.20222737448736
h            5.00516097850627        1.05545066063610       -0.83828655506347
h            3.09488723330785        2.65622263624587        0.33109366032775
h            4.12453112982003        1.61065461950797        1.35233737996092
h            1.92092874166534        1.10034266470920        3.02907895622023
h            1.13589622594818        2.32716804634712        1.98746734923957
h           -0.68230638751875        0.65064063097696        2.48957807123822
h            0.49619883709018       -0.65470708679861        2.25783218398559
h           -1.80129531349265       -4.56751209764129        1.02269722574807
h           -0.12989058187383       -5.17044808118117        1.27292796720216
h           -0.86375173967972       -4.00676629329616        2.42312182749957
50
 energy: -75.274208058665 gnorm: 0.001884176303 xtb: 6.7.1 (edcfbbe)
c           -0.43188353275766        0.09844273186643       -2.52023273721932
c            1.09099622418076        0.09899437148659       -2.61612157934494
c           -2.58554108003951        3.17766232224887        0.64467045135648
c           -3.73559184157301        2.59117035707690        0.14058187905090
c           -3.66396380121092        1.33819703245762       -0.42794184756283
c           -2.45365580111968        0.64482114105810       -0.47912578638487
c           -1.31140468442797        1.17719672359661        0.13793733788106
c           -1.40131267136264        2.46433356989874        0.65865448607252
n           -2.37221461712152       -0.50102994732363       -1.25607872264945
c           -1.03583421991584       -0.94237853009909       -1.55498990780617
c           -0.17478703668989       -1.08139830112231       -0.26793778651816
c           -0.07600402005300        0.32449056879964        0.38896890508063
c            1.24317009567973       -1.46213936215811       -0.71125660951764
c            1.75723833159858       -0.11764379812936       -1.25073819717654
c            1.25679864971539        0.84157925994010       -0.17886983456534
c            3.24210919251544        0.06908900684092       -1.39668277599822
c            3.95005414475630        0.91386670435146       -0.65973157099325
c            3.38791324762098        1.62726105860583        0.54215648287667
n            2.23468986508587        0.81716218771446        0.97737757286163
c            1.38806900130218        1.27690287626353        2.09310180440416
c            0.19020051976098        0.33858324282864        1.92192330794659
o            2.71877767426505       -0.39574603109258        1.33784521257350
h            1.19383103905911        1.87343890796774       -0.52515028801321
c           -0.84181893268852       -2.09797036570505        0.62104692347819
o           -1.85360174303203       -1.89243941665261        1.26063848078153
o           -0.23537425104209       -3.28051753905332        0.58601610365879
c           -0.80024379640988       -4.32493200652842        1.37833554257516
h           -0.86222168984551       -0.07193139416866       -3.50839606748316
h           -0.76497181097666        1.08292689716878       -2.19219797888865
h            1.42935541816000       -0.70245152826839       -3.27567916094585
h            1.41827583033751        1.04649988140172       -3.05000574723216
h           -2.61503172072342        4.17856623183363        1.04829621760598
h           -4.67629045768424        3.12090794473833        0.16862458636730
h           -4.53910347457889        0.87859718102103       -0.86266405774297
h           -0.53288243593601        2.92863956178401        1.09735195748047
h           -3.06603842898522       -1.20926434459809       -1.07038880642880
h           -1.08859480916635       -1.92022902723930       -2.04316275548032
h            1.84733487700339       -1.77284229348742        0.13987181151820
h            1.23789570316212       -2.24837563684143       -1.46274826019073
h            3.71214455941604       -0.48212902506908       -2.19743096196568
h            5.00518232591847        1.05528560311824       -0.83766056107645
h            3.09002641629701        2.65697813285211        0.32410171977301
h            4.12268529365103        1.61979000864885        1.34988668117500
h            1.91968334122900        1.10669459788980        3.02818127269465
h            1.13409039649264        2.32968141663035        1.98278633071688
h           -0.68227388736420        0.65355353867268        2.48873363797856
h            0.49647857217591       -0.65198601428737        2.25896209330336
h           -1.80151088389975       -4.56985056622896        1.01910505804156
h           -0.13062570088749       -5.17340014265871        1.26984524243004
h           -0.86515545074332       -4.01231459555270        2.42177787225480
50
 energy: -75.274221282943 gnorm: 0.001192595218 xtb: 6.7.1 (edcfbbe)
c           -0.42771712683072        0.09950949592663       -2.51896744282893
c            1.09446050805794        0.09296538542023       -2.61651601359495
c           -2.58656806453193        3.17597137378450        0.64917709350234
c           -3.73692479532257        2.58816144918999        0.14774809743747
c           -3.66452787146047        1.33644251586741       -0.42361260997157
c           -2.45339993382575        0.64514190718903       -0.47902728998265
c           -1.31086791393234        1.17800847503274        0.13700807677134
c           -1.40134039983070        2.46442934738712        0.65904392064389
n           -2.37005274412679       -0.49823958760346       -1.25744866700830
c           -1.03425026543472       -0.94127466101618       -1.55523958545027
c           -0.17473165623956       -1.08110899526638       -0.26716745425630
c           -0.07542467904480        0.32546924658654        0.38815834295754
c            1.24325453351062       -1.46361290164757       -0.70929974419530
c            1.75892962702613       -0.12033778918463       -1.24964783929885
c            1.25708909563343        0.84091174011199       -0.18047304522527
c            3.24364429584301        0.06703934371749       -1.39424017260019
c            3.95028843064714        0.91472875197682       -0.65934101764309
c            3.38658492945696        1.62962566272807        0.54031289017962
n            2.23510941722316        0.81789048648626        0.97670192471955
c            1.38787515625525        1.28093331064997        2.09010729959972
c            0.18988575768268        0.34278439876548        1.92103604343193
o            2.71836888664916       -0.39309637597628        1.33785452855861
h            1.19472369147069        1.87193380686850       -0.52852080139868
c           -0.84375313769778       -2.09819208914422        0.61981569337711
o           -1.85661476533825       -1.89425220515259        1.25774479227817
o           -0.23610985433175       -3.28056374561489        0.58628869996930
c           -0.80257517103952       -4.32654245921008        1.37595291566730
h           -0.86043863973279       -0.06650519439222       -3.50651132607823
h           -0.75548153114275        1.08419147311127       -2.18731764603560
h            1.42864138766907       -0.71324692573097       -3.27195891468459
h            1.42610347316611        1.03668080925756       -3.05478066622714
h           -2.61652322348118        4.17589248824231        1.05473926594650
h           -4.67855213509494        3.11563600545115        0.18073050096752
h           -4.54061105921500        0.87670306269560       -0.85596772739328
h           -0.53283837116523        2.93010122937393        1.09571938421258
h           -3.06867973017484       -1.20424121562544       -1.08362864422738
h           -1.08791909887966       -1.91869581068628       -2.04375621721817
h            1.84670798647956       -1.77687189751930        0.14163972373300
h            1.23616144476335       -2.24966705095602       -1.46154929293908
h            3.71522678254389       -0.48532533256821       -2.19321544729686
h            5.00521237212978        1.05691696797421       -0.83783892470800
h            3.08588445716713        2.65772549826970        0.32002438971177
h            4.12093877857684        1.62605892356508        1.34806969522602
h            1.91807485773428        1.11458905616239        3.02672269546867
h            1.13437696611662        2.33335436142656        1.97512969745855
h           -0.68268674554932        0.66052894897817        2.48651781175674
h            0.49472868261770       -0.64725672501511        2.26106670064921
h           -1.80335864366126       -4.56973825405530        1.01477615915681
h           -0.13315412383777       -5.17485776918334        1.26567819554116
h           -0.86810189835006       -4.01635534415117        2.41984892209315
50
 energy: -75.274227942319 gnorm: 0.000732768402 xtb: 6.7.1 (edcfbbe)
c           -0.42669439014735        0.09863856429595       -2.51973630956575
c            1.09559859462078        0.09118697096998       -2.61692451086474
c           -2.58846171671909        3.17438365009735        0.65208666111215
c           -3.73853225949434        2.58572905679099        0.15068736220642
c           -3.66502969007860        1.33483913089585       -0.42260678707083
c           -2.45314429571477        0.64493940213800       -0.47955176644950
c           -1.31068813019198        1.17865974382779        0.13611045784436
c           -1.40214461459695        2.46443091949026        0.65974732969660
n           -2.36914148921682       -0.49806713360477       -1.25786739359816
c           -1.03353746256575       -0.94148111154030       -1.55536377630859
c           -0.17434307920489       -1.08027824061798       -0.26696209715766
c           -0.07511452986494        0.32641717309956        0.38751942482310
c            1.24357102809255       -1.46368753674299       -0.70845657706305
c            1.75976280666229       -0.12105581795863       -1.24968388960462
c            1.25794522329151        0.84098787287201       -0.18089455176142
c            3.24459945843321        0.06639887936440       -1.39421602206251
c            3.95091124710331        0.91501141934024       -0.65985359980288
c            3.38710875489527        1.62962100058926        0.54028336076641
n            2.23563578702684        0.81776775667955        0.97642424822005
c            1.38854603418564        1.28221026820856        2.08910990695227
c            0.18995647099002        0.34454268313472        1.92047494654815
o            2.71862500642518       -0.39234366041303        1.33807441078053
h            1.19627219298362        1.87194389020008       -0.52969394707895
c           -0.84362377333501       -2.09630511456840        0.62044760757810
o           -1.85702968489447       -1.89213573344729        1.25782557174082
o           -0.23705527977939       -3.27892623176655        0.58615591182894
c           -0.80456851393203       -4.32494392707545        1.37433244358207
h           -0.85943992498844       -0.06756685690462       -3.50727806871163
h           -0.75402034788242        1.08357759120993       -2.18833288358213
h            1.42928260543857       -0.71619467741375       -3.27115370284382
h            1.42774560495361        1.03409997649405       -3.05645291082627
h           -2.61937258580494        4.17356836142822        1.05975700783886
h           -4.68070486382336        3.11209920371128        0.18494021712212
h           -4.54085933224564        0.87447752198113       -0.85493438884343
h           -0.53398446743870        2.93057446265232        1.09669320749839
h           -3.06994591824031       -1.20273479487913       -1.08825808541013
h           -1.08677661711745       -1.91941336956039       -2.04295946659902
h            1.84685442639160       -1.77670016677643        0.14289504983326
h            1.23637469737044       -2.25059635610123       -1.46004957895767
h            3.71630484338397       -0.48635534943423       -2.19301283509421
h            5.00579657544047        1.05760467231414       -0.83847919110965
h            3.08716316263655        2.65825105172453        0.32109579733379
h            4.12156094289811        1.62459988740502        1.34814413891046
h            1.91824245588529        1.11635153699757        3.02610211416797
h            1.13581005878553        2.33483170451409        1.97313295853902
h           -0.68259375370838        0.66334850045388        2.48557152113033
h            0.49396598486863       -0.64548685942444        2.26176959077079
h           -1.80573057828186       -4.56683852038641        1.01300713056950
h           -0.13592191384439       -5.17377487571093        1.26324245351940
h           -0.87010681050274       -4.01586332605673        2.41867848020568
50
 energy: -75.274234637435 gnorm: 0.000944553856 xtb: 6.7.1 (edcfbbe)
c           -0.42488168106471        0.09712356183027       -2.52092133578852
c            1.09756394884657        0.08882393820474       -2.61747874548350
c           -2.59198954597303        3.17188717161574        0.65627868364869
c           -3.74140401215324        2.58187100863369        0.15471352491335
c           -3.66608696130189        1.33209868521000       -0.42093777221610
c           -2.45291383158981        0.64440420125403       -0.47996389424527
c           -1.31069513066674        1.17943839972207        0.13548328677105
c           -1.40409201603157        2.46423114813213        0.66141929347935
n           -2.36768744321086       -0.49764764410066       -1.25864381946750
c           -1.03245596279077       -0.94172255915034       -1.55558430839819
c           -0.17384636476139       -1.07900305119833       -0.26659081652743
c           -0.07431496287887        0.32804823804534        0.38660616159855
c            1.24425465614446       -1.46335717557921       -0.70664303681635
c            1.76118561078224       -0.12174225212177       -1.24968438861850
c            1.25950138113427        0.84177187216455       -0.18176452463757
c            3.24620191774323        0.06543331153625       -1.39440711462062
c            3.95239606051314        0.91499461179572       -0.66093055903142
c            3.38900937633591        1.62951129774777        0.53989786914788
n            2.23674088156896        0.81836013121336        0.97582238131345
c            1.38955917271222        1.28432998845815        2.08787885136235
c            0.19031289638613        0.34718245116929        1.91975057690921
o            2.71913920083383       -0.39132280240526        1.33835337480412
h            1.19888598069683        1.87262527497205       -0.53158806932250
c           -0.84463081308567       -2.09394542942843        0.62041524215066
o           -1.85681851004273       -1.88805965970536        1.25925499319486
o           -0.23947573675230       -3.27697709478510        0.58544090941828
c           -0.80830307641982       -4.32276086727876        1.37199803841493
h           -0.85733213289629       -0.06998973726447       -3.50854720770746
h           -0.75196921942444        1.08266070367432       -2.19070450728555
h            1.43089122672329       -0.72016041167451       -3.27002081217598
h            1.43032100162761        1.03069073723812       -3.05883995565410
h           -2.62464048626840        4.17001733586641        1.06683797250105
h           -4.68484379171069        3.10595749446611        0.19161459095220
h           -4.54148749280678        0.87028027197551       -0.85293001701154
h           -0.53626139766657        2.93142111303496        1.09820961258068
h           -3.07260322761250       -1.19997191078396       -1.09694391810382
h           -1.08507906324224       -1.92046355418680       -2.04174931387082
h            1.84695544354582       -1.77483738187363        0.14574052207946
h            1.23755160975550       -2.25182779888616       -1.45655568533500
h            3.71759151106689       -0.48766277899295       -2.19322145247244
h            5.00715867319592        1.05817394191897       -0.83988161894828
h            3.09094730288783        2.65917043306115        0.32229524419091
h            4.12365206888864        1.62183294178637        1.34787226645044
h            1.91896166641310        1.11870843779992        3.02508478843838
h            1.13755378377570        2.33716146161184        1.97115021150654
h           -0.68221193860015        0.66684238463832        2.48450171499333
h            0.49365943255861       -0.64279171463758        2.26215489536420
h           -1.81025556062295       -4.56235284454687        1.01082051652761
h           -0.14133909085044       -5.17277290582635        1.25949591987297
h           -0.87330741456404       -4.01533978185381        2.41702840190690
50
 energy: -75.274239150241 gnorm: 0.000871018723 xtb: 6.7.1 (edcfbbe)
c           -0.42296002440385        0.09591074238147       -2.52206131928162
c            1.09947158546856        0.08675913160567       -2.61785817984460
c           -2.59550461561014        3.16930088780468        0.66003170365282
c           -3.74434866894978        2.57766002620661        0.15906018790972
c           -3.66712116650490        1.32914039504634       -0.41884077134913
c           -2.45252812511103        0.64393283688730       -0.48043764752476
c           -1.31063839818246        1.18021903698599        0.13474179219133
c           -1.40614069051719        2.46407755938467        0.66255001730617
n           -2.36587500129226       -0.49691550048371       -1.25973600159282
c           -1.03103110672366       -0.94185486465480       -1.55593682059985
c           -0.17317871956275       -1.07784468359750       -0.26618065237709
c           -0.07360720512721        0.32961082335878        0.38601298280605
c            1.24493017742173       -1.46327077120197       -0.70517902972539
c            1.76232388316585       -0.12234408714980       -1.24950649246932
c            1.26068092736606        0.84239089988999       -0.18257146535608
c            3.24739884803800        0.06457201902496       -1.39437948121836
c            3.95374952226280        0.91463275344245       -0.66171122794581
c            3.39110599672046        1.62962908226721        0.53920098774273
n            2.23787012109460        0.81976270020898        0.97526951230285
c            1.39062274092348        1.28687573268440        2.08696389269900
c            0.19150237566735        0.34954549171342        1.91916461464592
o            2.72005388234146       -0.38972222282015        1.33953986790821
h            1.20070522483374        1.87300326998059       -0.53318173757832
c           -0.84454359988263       -2.09150915625412        0.62188564667983
o           -1.85613832578316       -1.88407108052235        1.26122846605365
o           -0.24235841884297       -3.27595948758720        0.58462125171822
c           -0.81306446097962       -4.32153490394679        1.36983212072445
h           -0.85497925724372       -0.07197961174169       -3.50981074003334
h           -0.74996952134753        1.08188354564215       -2.19272913150854
h            1.43279439591088       -0.72322806057655       -3.26918386128411
h            1.43287249188957        1.02786163910448       -3.06030921133710
h           -2.62978597866767        4.16665028958414        1.07238220043742
h           -4.68883986950513        3.09977175265001        0.19780725283611
h           -4.54205337603193        0.86614127139588       -0.85055162787746
h           -0.53888228427207        2.93197329200515        1.09971285637585
h           -3.07471503230932       -1.19691953344842       -1.10632817883679
h           -1.08352382669483       -1.92118859378110       -2.04092370342983
h            1.84697970728624       -1.77302081675289        0.14818486501535
h            1.23884812839987       -2.25294619619100       -1.45363213823288
h            3.71845426595975       -0.48873129066559       -2.19324383707371
h            5.00838293356164        1.05820743109519       -0.84118335241038
h            3.09462031403684        2.65988248314314        0.32213081611885
h            4.12587122767300        1.62035807113474        1.34715869310693
h            1.92000791624876        1.12183221663285        3.02427251643160
h            1.13871574818578        2.33958428878189        1.96927457561828
h           -0.68100985956800        0.66949734480566        2.48365626486631
h            0.49472778634106       -0.64025102108106        2.26211088303441
h           -1.81599115938297       -4.55813594862807        1.00925495542139
h           -0.14840211392155       -5.17313041038588        1.25553528623753
h           -0.87643145523153       -4.01576558088143        2.41547936979927
50
 energy: -75.274242619780 gnorm: 0.000440375631 xtb: 6.7.1 (edcfbbe)
c           -0.42103238305643        0.09515948439602       -2.52275446786637
c            1.10130272584880        0.08576842952988       -2.61806823660282
c           -2.59821177957387        3.16701000088696        0.66282875111390
c           -3.74659538529013        2.57392438676325        0.16251237068079
c           -3.66786811968573        1.32618856474474       -0.41666581216492
c           -2.45214466562252        0.64308148187653       -0.48029681837378
c           -1.31054146852041        1.18041330453871        0.13468734134907
c           -1.40782693357627        2.46358946144829        0.66378637880409
n           -2.36419742855484       -0.49636390576091       -1.26052150166503
c           -1.02960633448990       -0.94186581839918       -1.55618132377797
c           -0.17247351077631       -1.07702714572509       -0.26588063205306
c           -0.07268502997229        0.33077925582820        0.38557223296921
c            1.24592992356712       -1.46284725177941       -0.70355634109288
c            1.76350040278237       -0.12249497368049       -1.24934275196898
c            1.26166215699325        0.84323498036851       -0.18348134472902
c            3.24857248634092        0.06391212381538       -1.39432142906949
c            3.95509525482167        0.91418231901464       -0.66219298249683
c            3.39263269390187        1.63006866507274        0.53812592439899
n            2.23875064093144        0.82143008782745        0.97440396073132
c            1.39130774439458        1.28907091553043        2.08574936364206
c            0.19265788653009        0.35113287915287        1.91869169709634
o            2.72069081291041       -0.38842742512247        1.33976001432864
h            1.20191630774876        1.87362379276668       -0.53467240582816
c           -0.84520518245509       -2.09000287755615        0.62230539147060
o           -1.85488198003338       -1.88042165429616        1.26374852428725
o           -0.24592330931040       -3.27598858465291        0.58311043838974
c           -0.81818283566601       -4.32082351130463        1.36834944554532
h           -0.85273293374836       -0.07330070876280       -3.51057219484866
h           -0.74812815775020        1.08133573401896       -2.19403580951301
h            1.43474320350341       -0.72472785173041       -3.26870247260261
h            1.43516319532773        1.02648862712919       -3.06100869842917
h           -2.63385008303825        4.16386067738128        1.07610613825907
h           -4.69203493738524        3.09417152030828        0.20309431109327
h           -4.54255765056552        0.86201870944541       -0.84761939956515
h           -0.54096153027954        2.93227086647941        1.10089551566144
h           -3.07622103004195       -1.19446028298638       -1.11477059166625
h           -1.08207606399141       -1.92153924244089       -2.04038179086261
h            1.84748367852788       -1.77111865409269        0.15064956134018
h            1.24049669503944       -2.25343322119606       -1.45088107073493
h            3.71950976221075       -0.49008596381201       -2.19284693921241
h            5.00981765651352        1.05741530146680       -0.84173189906850
h            3.09714334023348        2.66047792259208        0.32043559555345
h            4.12717151361896        1.62050168342977        1.34625775399848
h            1.92083213201587        1.12478149845720        3.02307967280954
h            1.13895295142017        2.34154769355451        1.96733278125243
h           -0.67982986915873        0.67058025519880        2.48346311754912
h            0.49679864705783       -0.63835427738436        2.26156192812339
h           -1.82222025448567       -4.55442044064380        1.00900809878317
h           -0.15596979811369       -5.17408532763574        1.25222694687722
h           -0.87910521795074       -4.01588831156379        2.41433062883743
50
 energy: -75.274245015990 gnorm: 0.000373562738 xtb: 6.7.1 (edcfbbe)
c           -0.41919802340049        0.09472688663974       -2.52320563812343
c            1.10308080001821        0.08519923251800       -2.61808639783938
c           -2.60040252650711        3.16476304799183        0.66512171357161
c           -3.74838896379861        2.57035185955768        0.16551320522519
c           -3.66837548101303        1.32314536947812       -0.41447533345241
c           -2.45166986418461        0.64189544662321       -0.47990070638905
c           -1.31035157765705        1.18015126320542        0.13493794541219
c           -1.40919027175818        2.46282653919268        0.66493251194409
n           -2.36244209345858       -0.49620344402901       -1.26110992653312
c           -1.02801962137277       -0.94209007139037       -1.55652383768401
c           -0.17162446338389       -1.07665809450360       -0.26578901608205
c           -0.07172093537627        0.33138717011069        0.38527788047471
c            1.24672655190230       -1.46289923499625       -0.70303079669761
c            1.76466510208160       -0.12273669214096       -1.24906699825605
c            1.26258114276428        0.84371839742095       -0.18407977616926
c            3.24979922094251        0.06303772095870       -1.39368684156769
c            3.95643090502748        0.91361972729788       -0.66205766652890
c            3.39366118094555        1.63119785538748        0.53696690308598
n            2.23967739665386        0.82340140600837        0.97383933673332
c            1.39213914944882        1.29139988067552        2.08480144097040
c            0.19432764701122        0.35236586176021        1.91824611476075
o            2.72201850912707       -0.38642281047985        1.34072312766239
h            1.20252305244516        1.87383088449811       -0.53596356824372
c           -0.84558645643285       -2.08884673085981        0.62267707111724
o           -1.85267695291386       -1.87673148921055        1.26707063035258
o           -0.25013851840467       -3.27686208486240        0.58082925214255
c           -0.82412206230002       -4.32035911867421        1.36710427442533
h           -0.85063954158576       -0.07404790418643       -3.51106869967019
h           -0.74647125308730        1.08093597874475       -2.19472238090597
h            1.43685959217148       -0.72516276458233       -3.26871399042860
h            1.43720928899934        1.02599370226057       -3.06068053257554
h           -2.63719854185687        4.16128697545274        1.07891306811513
h           -4.69468576306226        3.08889140933327        0.20785235623065
h           -4.54298111762123        0.85788968589984       -0.84442397736802
h           -0.54264356009473        2.93244666453583        1.10166182759048
h           -3.07709031154880       -1.19280107224731       -1.12248392996298
h           -1.08051226003175       -1.92191856788981       -2.04031272409604
h            1.84803175325188       -1.77053055865385        0.15146138626440
h            1.24158442379019       -2.25378119352314       -1.44993859698423
h            3.72063262256827       -0.49127862446353       -2.19191793358151
h            5.01114481535578        1.05648416255145       -0.84169740415912
h            3.09818482930468        2.66122071893856        0.31743688807054
h            4.12784958748318        1.62304624412461        1.34536663521611
h            1.92179347486372        1.12849589299584        3.02230066805624
h            1.13896902100815        2.34349811173389        1.96519513499988
h           -0.67824935383422        0.67083226980167        2.48331368818767
h            0.49972640206762       -0.63674042088644        2.26086779731058
h           -1.82968077314597       -4.55034786039684        1.00987583665736
h           -0.16499354018565       -5.17571823806841        1.24898482409211
h           -0.88149470206860       -4.01556019715600        2.41325212538234
50
 energy: -75.274246307726 gnorm: 0.000489358729 xtb: 6.7.1 (edcfbbe)
c           -0.41789365902087        0.09450393455123       -2.52329659636449
c            1.10435444683999        0.08534114902349       -2.61812236840847
c           -2.60163861224808        3.16309520654110        0.66654691444615
c           -3.74946839627323        2.56771458445394        0.16773829238398
c           -3.66865932817905        1.32087889082541       -0.41285628947528
c           -2.45130161782528        0.64087997520239       -0.47960572726739
c           -1.31009469023177        1.17981569780341        0.13494309127138
c           -1.40981849527896        2.46222676041096        0.66532772819219
n           -2.36123178286629       -0.49645242640069       -1.26133863234877
c           -1.02675633819367       -0.94228173012031       -1.55655710135703
c           -0.17074752183878       -1.07653130294476       -0.26557191193869
c           -0.07100437528866        0.33167538492580        0.38518018829190
c            1.24776364712042       -1.46279030138751       -0.70235778136418
c            1.76558239204082       -0.12269397393706       -1.24896325396663
c            1.26304131680913        0.84415987661562       -0.18462910729610
c            3.25071078885871        0.06294035414319       -1.39343019270170
c            3.95728161588598        0.91384080290641       -0.66214766565314
c            3.39395763038814        1.63230627441700        0.53592812566880
n            2.24018827129143        0.82456366529467        0.97316224424140
c            1.39256299666103        1.29265990467467        2.08389947690344
c            0.19538058727397        0.35273824741955        1.91810870178566
o            2.72245201009115       -0.38550106951841        1.33996781233946
h            1.20258748329902        1.87403627767501       -0.53705372927369
c           -0.84528840484425       -2.08799592572235        0.62334330300991
o           -1.85035466202903       -1.87391374994510        1.27017502798310
o           -0.25348264346519       -3.27786213943277        0.57875108175805
c           -0.82893956887841       -4.32000904636761        1.36617842591802
h           -0.84920484576891       -0.07439237988299       -3.51116576673845
h           -0.74540393720671        1.08060687564954       -2.19480215557362
h            1.43847376256728       -0.72469246479646       -3.26899162388595
h            1.43837890445993        1.02640663757098       -3.06030401555067
h           -2.63904915824681        4.15949795467415        1.08051072156539
h           -4.69615563216293        3.08543314847533        0.21075649218932
h           -4.54318788964618        0.85512687804873       -0.84233714342890
h           -0.54359131472344        2.93237412965297        1.10204137657234
h           -3.07719905302441       -1.19232368525073       -1.12695343692588
h           -1.07909676690605       -1.92214506067696       -2.04021187004041
h            1.84910667117828       -1.77049657085349        0.15213218760023
h            1.24258098799500       -2.25365148984838       -1.44935017866801
h            3.72198368171641       -0.49278277001639       -2.19054547000627
h            5.01225824275893        1.05573560848731       -0.84115781611415
h            3.09793358563313        2.66178989518628        0.31481303382471
h            4.12783576922977        1.62589196078796        1.34454103155439
h            1.92230105021965        1.13084809187984        3.02154637896321
h            1.13870473561472        2.34453893685091        1.96356013419571
h           -0.67718747096122        0.67037745540540        2.48360472819779
h            0.50201903846897       -0.63602181439624        2.26059310564447
h           -1.83597694407235       -4.54676170395715        1.01115946781015
h           -0.17269199359853       -5.17732243569975        1.24639564867073
h           -0.88294657447572       -4.01503932590164        2.41243208411887
50
 energy: -75.274247085396 gnorm: 0.000337608168 xtb: 6.7.1 (edcfbbe)
c           -0.41747349257164        0.09439630954601       -2.52325181718652
c            1.10483640529456        0.08560496754050       -2.61799901225222
c           -2.60190573167533        3.16227433159542        0.66694223906619
c           -3.74963394129698        2.56659137248917        0.16830521778525
c           -3.66858614442560        1.31978397547637       -0.41235997979742
c           -2.45107378096894        0.64013864673074       -0.47932051511223
c           -1.30991624641292        1.17936239416060        0.13513141609476
c           -1.40988134355887        2.46172083796813        0.66554210873472
n           -2.36070034502355       -0.49701536765232       -1.26116818145111
c           -1.02616498331206       -0.94253865827951       -1.55654689131388
c           -0.17023326845180       -1.07662578432569       -0.26553356809936
c           -0.07058096123161        0.33154769841597        0.38516811964701
c            1.24818826153208       -1.46290617065144       -0.70257438013092
c            1.76607188952726       -0.12271811652504       -1.24889822280292
c            1.26335094474356        0.84421243503788       -0.18467861187729
c            3.25130025650573        0.06266039353867       -1.39297624188803
c            3.95771645206839        0.91394746044519       -0.66195291197915
c            3.39378925008257        1.63332296107135        0.53538636873885
n            2.24048694656589        0.82510974502232        0.97301345455112
c            1.39281848336301        1.29317777454866        2.08363743590771
c            0.19595199106168        0.35278308542756        1.91804053926676
o            2.72317701499035       -0.38459065278179        1.33995369586000
h            1.20252515536755        1.87394650148426       -0.53746272772957
c           -0.84498286486151       -2.08764430736913        0.62357562396486
o           -1.84849726452685       -1.87223967086715        1.27241652741244
o           -0.25551641678347       -3.27857249393465        0.57717910669673
c           -0.83162953032623       -4.31965202138120        1.36554560688387
h           -0.84875746365621       -0.07449701754952       -3.51113503154465
h           -0.74514514383436        1.08041030209402       -2.19466159207349
h            1.43917914018770       -0.72403281309356       -3.26924727414806
h            1.43862388077186        1.02697554275954       -3.05974256993144
h           -2.63950143580475        4.15862425096818        1.08103619481134
h           -4.69650032978526        3.08395409958213        0.21170895583574
h           -4.54311004280016        0.85376117656302       -0.84159372642734
h           -0.54372394726707        2.93221175165306        1.10201954808361
h           -3.07680692846132       -1.19285897236952       -1.12777105782310
h           -1.07825952519891       -1.92240856669090       -2.04019843706721
h            1.84970607960472       -1.77101933620553        0.15169026798698
h            1.24279760721541       -2.25353180417428       -1.44989751665110
h            3.72268430293496       -0.49339100905145       -2.18969769517340
h            5.01270436571378        1.05569988927675       -0.84070605070453
h            3.09693753081583        2.66235184938663        0.31323715047249
h            4.12752301496534        1.62828478415616        1.34411725244648
h            1.92257976839255        1.13182411732506        3.02135170991248
h            1.13860789249256        2.34494137052620        1.96299704417037
h           -0.67668974209762        0.66992166078510        2.48369312524277
h            0.50314759438795       -0.63585579530161        2.26042164627457
h           -1.83976348540594       -4.54432658768175        1.01232623479083
h           -0.17734379281165       -5.17827512986005        1.24463864690531
h           -0.88325813688769       -4.01449821733208        2.41188574637457
50
 energy: -75.274247575138 gnorm: 0.000157572820 xtb: 6.7.1 (edcfbbe)
c           -0.41733327014757        0.09426316728085       -2.52302153121058
c            1.10504709902244        0.08572286208692       -2.61790210734960
c           -2.60191519189735        3.16183624335327        0.66697974958486
c           -3.74957997979044        2.56603889068397        0.16835136959741
c           -3.66843122432082        1.31919271813402       -0.41232165109318
c           -2.45088248410783        0.63963085373884       -0.47921396074354
c           -1.30975724831962        1.17903086629643        0.13517258180981
c           -1.40977042775481        2.46141340221177        0.66550765428444
n           -2.36041882336464       -0.49770178851617       -1.26092992908144
c           -1.02579702248888       -0.94290394036311       -1.55641990184050
c           -0.16981083086759       -1.07680330032305       -0.26539997339882
c           -0.07033890900640        0.33135538141280        0.38521216132802
c            1.24854916874301       -1.46302218923936       -0.70275150529938
c            1.76631861233962       -0.12268084983441       -1.24883304547594
c            1.26347856657548        0.84423619319051       -0.18459612215787
c            3.25155724240101        0.06292307494133       -1.39284414492069
c            3.95778815430467        0.91463325505781       -0.66208013518767
c            3.39355165441868        1.63423393930018        0.53503123669487
n            2.24070026241457        0.82535621937260        0.97303399567602
c            1.39308580885562        1.29339754014249        2.08373902879631
c            0.19636676237412        0.35279701201614        1.91806104537712
o            2.72368171598771       -0.38397163635503        1.33978042747269
h            1.20236122732473        1.87388480194782       -0.53761390969067
c           -0.84457719795113       -2.08748206012788        0.62386028255856
o           -1.84670730483435       -1.87100946711635        1.27455651502851
o           -0.25707418599160       -3.27925635337725        0.57577535292220
c           -0.83361931004293       -4.31951389739883        1.36478187020960
h           -0.84859785134294       -0.07466261147558       -3.51089547430141
h           -0.74518295163753        1.08021108311126       -2.19440696559819
h            1.43955305154326       -0.72364433519040       -3.26942361450484
h            1.43854543063199        1.02732127826601       -3.05938498158786
h           -2.63952594189561        4.15817933691178        1.08115505615933
h           -4.69649785985444        3.08331959848063        0.21177508737227
h           -4.54291164238742        0.85307389504388       -0.84158126678958
h           -0.54362391335317        2.93210429810627        1.10180024663436
h           -3.07617342073642       -1.19387080522217       -1.12690407120310
h           -1.07760538938178       -1.92279628612897       -2.04008666676222
h            1.85027986092809       -1.77155093310588        0.15124076629077
h            1.24292609220698       -2.25342472320225       -1.45039701870317
h            3.72320386284600       -0.49382223884641       -2.18895762813507
h            5.01288840583983        1.05613665545082       -0.84040911126794
h            3.09589735888323        2.66290011741129        0.31242458160983
h            4.12732060025016        1.63012407796707        1.34371895417241
h            1.92289688243318        1.13210220613810        3.02144522449737
h            1.13878342538251        2.34513851420618        1.96307570534490
h           -0.67635253437962        0.66975772582467        2.48368252762737
h            0.50367627865020       -0.63577875425488        2.26056102349946
h           -1.84284223699731       -4.54225530650845        1.01337431596670
h           -0.18114546684141       -5.17932141666444        1.24255084877398
h           -0.88291696551654       -4.01449912233840        2.41131407776692
50
 energy: -75.274247869329 gnorm: 0.000213218640 xtb: 6.7.1 (edcfbbe)
c           -0.41726314205487        0.09407605119740       -2.52290556349052
c            1.10513581850984        0.08563019879687       -2.61779364310763
c           -2.60193898159958        3.16164454002542        0.66689983952140
c           -3.74957145282694        2.56573129174858        0.16832350941349
c           -3.66834580031740        1.31886368516236       -0.41232944313257
c           -2.45076611552372        0.63936205153434       -0.47912885480788
c           -1.30966273959151        1.17890609115960        0.13518806751913
c           -1.40970542399423        2.46133343502189        0.66539830195286
n           -2.36027974068465       -0.49812531879306       -1.26073621312543
c           -1.02556513759758       -0.94307096342413       -1.55621016642225
c           -0.16952831953061       -1.07679548018117       -0.26515376815841
c           -0.07016477815326        0.33138054536888        0.38531208596915
c            1.24884304163007       -1.46301121000594       -0.70252798390423
c            1.76652989413396       -0.12269520824661       -1.24875630508723
c            1.26357928258687        0.84429946938504       -0.18460776976185
c            3.25181859589590        0.06286060706809       -1.39265838838105
c            3.95790039771492        0.91492526774958       -0.66214930005147
c            3.39347695954287        1.63482904063983        0.53476772561832
n            2.24088085241458        0.82551904995078        0.97297340207459
c            1.39318619544303        1.29349479320956        2.08371944488742
c            0.19645114450404        0.35287070906667        1.91819260805937
o            2.72408600754992       -0.38357625541042        1.33958489633581
h            1.20236973994860        1.87390393250129       -0.53775036945905
c           -0.84425368617533       -2.08726665025285        0.62426457601418
o           -1.84561899734079       -1.87020569985916        1.27601212878944
o           -0.25805634052032       -3.27960179867495        0.57485411578774
c           -0.83487621895738       -4.31956569986954        1.36393086878503
h           -0.84861569207830       -0.07481110416127       -3.51076582445501
h           -0.74509098110111        1.08001685864757       -2.19423605505328
h            1.43959585993709       -0.72381652170074       -3.26924254112922
h            1.43857052857903        1.02718651670974       -3.05943750183356
h           -2.63958741624006        4.15798719125962        1.08111103567804
h           -4.69651740437647        3.08297571899676        0.21166001289342
h           -4.54276140845007        0.85268136313242       -0.84166812738355
h           -0.54357893730452        2.93206448182571        1.10169245710355
h           -3.07565851708137       -1.19458843021056       -1.12582148790063
h           -1.07713848405108       -1.92300331400999       -2.03982661143494
h            1.85063131106380       -1.77150735283557        0.15145327259842
h            1.24320886302391       -2.25345744431897       -1.45015027498464
h            3.72341083413664       -0.49370240733436       -2.18881580208944
h            5.01287137918846        1.05682861904348       -0.84063260731874
h            3.09537158842996        2.66333950578089        0.31201886908404
h            4.12729847247816        1.63110321773846        1.34341766403096
h            1.92306777486319        1.13204082946752        3.02135375100976
h            1.13888935831879        2.34526073872813        1.96324169542427
h           -0.67629302108610        0.66983015968636        2.48380934327697
h            0.50377035760779       -0.63569059518119        2.26078099676781
h           -1.84490701664539       -4.54080094059418        1.01382551649335
h           -0.18372526518347       -5.18019099545642        1.24036486564398
h           -0.88240529988836       -4.01511937758531        2.41074052249291
50
 energy: -75.274248246626 gnorm: 0.000260003271 xtb: 6.7.1 (edcfbbe)
c           -0.41723401147874        0.09384428485165       -2.52272724752166
c            1.10514618399469        0.08528154449551       -2.61770925705019
c           -2.60197063206168        3.16159851918337        0.66669631326592
c           -3.74954112167435        2.56562141166992        0.16807072779538
c           -3.66824835673575        1.31869997140681       -0.41245407917283
c           -2.45067156115586        0.63920312291287       -0.47903815428712
c           -1.30961624135095        1.17886167038091        0.13524489932206
c           -1.40970772227632        2.46134002722061        0.66532495556848
n           -2.36024263006893       -0.49847375387576       -1.26053264553387
c           -1.02543986748129       -0.94323573666149       -1.55594113454684
c           -0.16937145108924       -1.07675253629551       -0.26485505183800
c           -0.07004275538364        0.33146902054575        0.38542081391269
c            1.24905037624134       -1.46293849012278       -0.70210541628686
c            1.76661248141406       -0.12268971344091       -1.24865102443180
c            1.26365209285832        0.84440676118299       -0.18458708962543
c            3.25185260318134        0.06316492030510       -1.39275660421116
c            3.95784132438515        0.91546211548383       -0.66243940448653
c            3.39348968316144        1.63524092126149        0.53461225749203
n            2.24101793589305        0.82575076345061        0.97298165896151
c            1.39333970343385        1.29368812281992        2.08381150263776
c            0.19655677071432        0.35312719699596        1.91829823317038
o            2.72442367288339       -0.38317344787105        1.33964611274486
h            1.20241055372776        1.87397851172152       -0.53781633041642
c           -0.84410130466868       -2.08714062532220        0.62462067232547
o           -1.84481387016150       -1.86968418869958        1.27726677756729
o           -0.25888957683673       -3.27989301889810        0.57397919120497
c           -0.83583811848955       -4.31985221863685        1.36286923096468
h           -0.84869682079763       -0.07504263828349       -3.51054866096826
h           -0.74494729864531        1.07983367343233       -2.19407424762463
h            1.43946961855496       -0.72443726428248       -3.26888375782480
h            1.43863766396225        1.02664383004517       -3.05971398584056
h           -2.63968714566798        4.15796300298142        1.08085811692130
h           -4.69652566822812        3.08280844835670        0.21133434375468
h           -4.54260608074292        0.85241798526815       -0.84181719032964
h           -0.54357640581284        2.93210202523774        1.10159102871514
h           -3.07506899376306       -1.19527297471262       -1.12426129534013
h           -1.07682247474050       -1.92323197804582       -2.03945288146595
h            1.85083679648508       -1.77106906482720        0.15201313711586
h            1.24355947973770       -2.25361614036964       -1.44946105591059
h            3.72349037224825       -0.49354500625640       -2.18882994067682
h            5.01279915578054        1.05753433733342       -0.84101312181574
h            3.09527293813035        2.66374524268608        0.31201307501636
h            4.12742865359372        1.63146997416199        1.34317037184850
h            1.92330352731369        1.13198213248820        3.02135544258316
h            1.13910287113784        2.34548128165420        1.96355359283028
h           -0.67619477605493        0.67020174119332        2.48385062357941
h            0.50373215900878       -0.63544983408217        2.26098806484332
h           -1.84666968702386       -4.53952408555025        1.01406707074604
h           -0.18594956631762       -5.18118089331355        1.23756208483604
h           -0.88148453998700       -4.01637575868326        2.41005624823502
50
 energy: -75.274248919975 gnorm: 0.000235743794 xtb: 6.7.1 (edcfbbe)
c           -0.41722083663108        0.09346107075713       -2.52220948855119
c            1.10508996691468        0.08431371536959       -2.61749263297326
c           -2.60201430776468        3.16174410878598        0.66623397419231
c           -3.74950503423234        2.56562515016844        0.16758792291447
c           -3.66807560972106        1.31859093843561       -0.41267133439667
c           -2.45047891961077        0.63911592149426       -0.47891625743940
c           -1.30953171305204        1.17897211153825        0.13529135939303
c           -1.40972172614821        2.46156898302720        0.66510212726864
n           -2.36020379158303       -0.49898604614521       -1.26017158549496
c           -1.02523170659757       -0.94356118960468       -1.55532443611967
c           -0.16913888827903       -1.07666025026216       -0.26417185572573
c           -0.06992781251801        0.33171352746378        0.38572750377791
c            1.24939755798992       -1.46285549324496       -0.70107112213578
c            1.76664652552942       -0.12276056092575       -1.24831756338262
c            1.26367800732228        0.84461182780593       -0.18450552363276
c            3.25178120439531        0.06360318954853       -1.39283616933933
c            3.95762994106152        0.91632744599974       -0.66289444594840
c            3.39356735978969        1.63586496994241        0.53441720452379
n            2.24122510964167        0.82629496069078        0.97302116191599
c            1.39362360334829        1.29428802661640        2.08393950610861
c            0.19679464402011        0.35379240458164        1.91857696084834
o            2.72489388522563       -0.38248202401134        1.33987239859329
h            1.20244526743778        1.87412245304569       -0.53789890039006
c           -0.84397528738902       -2.08712375633898        0.62516512608968
o           -1.84364107877801       -1.86924534179474        1.27923716985797
o           -0.26013990456971       -3.28047150379680        0.57244234246416
c           -0.83728992522259       -4.32082143377944        1.36062950180324
h           -0.84894247012682       -0.07542057251350       -3.50990752580918
h           -0.74464291343543        1.07955004911224       -2.19357954685570
h            1.43904040969009       -0.72611432929447       -3.26796436504130
h            1.43883727607649        1.02514388177531       -3.06038580910780
h           -2.63984241564906        4.15821211017370        1.08012788837559
h           -4.69648888416797        3.08282842228573        0.21049145289341
h           -4.54230629305183        0.85219182277619       -0.84213425400825
h           -0.54360339723610        2.93234694269058        1.10138104573089
h           -3.07396691471566       -1.19648145388838       -1.12118593219022
h           -1.07638461310505       -1.92365535845979       -2.03868807272928
h            1.85111553443635       -1.77015541929865        0.15337581195375
h            1.24424472075881       -2.25404561094907       -1.44781281631942
h            3.72338568246365       -0.49289291223576       -2.18910327337522
h            5.01245665692326        1.05895350265443       -0.84195481900079
h            3.09538350015822        2.66445091745539        0.31214706802856
h            4.12775740251052        1.63182493537346        1.34276205832389
h            1.92373284249747        1.13238683004264        3.02136434957835
h            1.13943761375669        2.34609925997645        1.96385225041281
h           -0.67592604963214        0.67119622501621        2.48398873084073
h            0.50370667374417       -0.63472962729748        2.26163239184996
h           -1.84963851995898       -4.53736686871053        1.01425219606875
h           -0.18976553645199       -5.18338448739203        1.23153150041610
h           -0.87919889691705       -4.01963827216354        2.40863369649544
50
 energy: -75.274249485292 gnorm: 0.000176734493 xtb: 6.7.1 (edcfbbe)
c           -0.41714243065222        0.09293997222716       -2.52165386475242
c            1.10507076763146        0.08337187251642       -2.61718477081315
c           -2.60200668869647        3.16196439503290        0.66563079757854
c           -3.74940369226592        2.56574322091497        0.16691025567889
c           -3.66786849304836        1.31850437649054       -0.41287253654289
c           -2.45031161891341        0.63895656998882       -0.47854032157750
c           -1.30947440843667        1.17897382767190        0.13562001738611
c           -1.40975329376459        2.46177282063504        0.66497493814499
n           -2.36017805041954       -0.49954383309390       -1.25958116680334
c           -1.02498506908993       -0.94386703143225       -1.55451305962192
c           -0.16889834929523       -1.07661064919482       -0.26330226564982
c           -0.06971759346851        0.33195861363607        0.38618135683028
c            1.24969356702656       -1.46277885764281       -0.70004756789214
c            1.76676417697359       -0.12286427004328       -1.24793326994485
c            1.26374988498463        0.84481376585356       -0.18444588265048
c            3.25176627336950        0.06406129937896       -1.39288626107129
c            3.95749828340617        0.91716147997133       -0.66329496859997
c            3.39366802616278        1.63652808998190        0.53416964788388
n            2.24142810058020        0.82708299291675        0.97305948742577
c            1.39385218872944        1.29522854404615        2.08391608581024
c            0.19705745125879        0.35463025058090        1.91899686750094
o            2.72538492315979       -0.38155692589772        1.34041910238461
h            1.20241248144707        1.87421477628041       -0.53812054551503
c           -0.84373192682530       -2.08721886809193        0.62592761426698
o           -1.84241703269439       -1.86907699346497        1.28136598045960
o           -0.26143144611120       -3.28126501104536        0.57076380266360
c           -0.83896981225815       -4.32216578258272        1.35805797382371
h           -0.84916482813567       -0.07593514268996       -3.50921837706183
h           -0.74422935220551        1.07912844472703       -2.19305597570596
h            1.43863979275166       -0.72771848491132       -3.26700230232901
h            1.43907832903359        1.02370758237625       -3.06089784301402
h           -2.63996093924990        4.15853919957711        1.07921367771939
h           -4.69641764827869        3.08291409803970        0.20957459882563
h           -4.54200675593434        0.85195864789808       -0.84234827301660
h           -0.54366740351155        2.93267445187140        1.10118205426705
h           -3.07273046086846       -1.19781358563888       -1.11784287396178
h           -1.07596431025346       -1.92403825664367       -2.03773518457601
h            1.85138544822148       -1.76944560564211        0.15460284826496
h            1.24473111242776       -2.25437470213770       -1.44629155879328
h            3.72341204826792       -0.49234568626826       -2.18925409502686
h            5.01221294048019        1.06022021332714       -0.84282780784326
h            3.09552374169763        2.66515065493147        0.31200176940394
h            4.12803621360698        1.63243477279474        1.34235715303992
h            1.92407666869681        1.13365479429780        3.02133085272845
h            1.13956968123445        2.34697690172861        1.96356498067968
h           -0.67563584329139        0.67225711691405        2.48433676488613
h            0.50392960642936       -0.63377439314555        2.26237584621728
h           -1.85311361349651       -4.53481792718899        1.01452625893933
h           -0.19433715468631       -5.18621393191078        1.22435826915455
h           -0.87635555257940       -4.02375461544379        2.40701874155151
50
 energy: -75.274249686714 gnorm: 0.000101670453 xtb: 6.7.1 (edcfbbe)
c           -0.41723566477888        0.09284747193159       -2.52147337690631
c            1.10501162377351        0.08340875177789       -2.61703545245631
c           -2.60194508025121        3.16203174001422        0.66556116933699
c           -3.74936605287745        2.56580028340071        0.16689322422712
c           -3.66784280238827        1.31852081356844       -0.41281004692032
c           -2.45028361345566        0.63895728273730       -0.47845645028693
c           -1.30942541573775        1.17899985593309        0.13563671139966
c           -1.40969543721141        2.46183108924362        0.66491393123045
n           -2.36015855872049       -0.49962989454534       -1.25934251823448
c           -1.02498503138196       -0.94399859977720       -1.55430249171040
c           -0.16881814747671       -1.07665394284715       -0.26315737321969
c           -0.06971826162442        0.33194752734251        0.38630457398552
c            1.24974839226117       -1.46285320842837       -0.69999272988524
c            1.76674277613177       -0.12289895294508       -1.24780691652672
c            1.26372670160300        0.84482682411232       -0.18435641338791
c            3.25177934642675        0.06379872331392       -1.39263681800500
c            3.95754205727784        0.91692183732723       -0.66308293959383
c            3.39362226235413        1.63662841926697        0.53412029364057
n            2.24140941194157        0.82725888978558        0.97307030157187
c            1.39387756870980        1.29559387463777        2.08381813623583
c            0.19722678775700        0.35477678471585        1.91908261323156
o            2.72531433015970       -0.38142535954114        1.34051524418934
h            1.20230605236427        1.87418418120669       -0.53814753372969
c           -0.84366446016158       -2.08737162832199        0.62592265405461
o           -1.84234516143757       -1.86933601153554        1.28138036937840
o           -0.26132983191056       -3.28139526127950        0.57068946849241
c           -0.83907272181817       -4.32244097842682        1.35768225586120
h           -0.84922883416773       -0.07620285569383       -3.50901800140168
h           -0.74447460612781        1.07902739850857       -2.19295766153243
h            1.43871860551976       -0.72753124698065       -3.26699976622999
h            1.43888835951507        1.02387165036457       -3.06060476384463
h           -2.63984448026463        4.15866986232319        1.07900276485935
h           -4.69631963021298        3.08308940424676        0.20935261809087
h           -4.54198159384848        0.85199727402248       -0.84230139664104
h           -0.54365287817396        2.93278694101216        1.10112979373031
h           -3.07277589951004       -1.19781299072070       -1.11784904442486
h           -1.07601772051197       -1.92419870666158       -2.03747026820933
h            1.85154075644378       -1.76969028779045        0.15457671757707
h            1.24466769313168       -2.25435903121841       -1.44640227965724
h            3.72334909429773       -0.49246244048331       -2.18910060380567
h            5.01221005650193        1.06001424620837       -0.84268681497292
h            3.09547111973965        2.66519677404372        0.31168467796846
h            4.12793579765431        1.63275823735446        1.34234437253005
h            1.92410435508714        1.13445906456309        3.02132035814671
h            1.13942919143716        2.34728590462988        1.96309033342229
h           -0.67544572374339        0.67230809930334        2.48447852178265
h            0.50433838142947       -0.63352265706779        2.26253882358453
h           -1.85332043973471       -4.53458199404823        1.01426884059820
h           -0.19478837271360       -5.18660645216600        1.22346436321166
h           -0.87615636213015       -4.02448351392079        2.40673549999749
50
 energy: -75.274249965914 gnorm: 0.000135704944 xtb: 6.7.1 (edcfbbe)
c           -0.41736248979759        0.09248754452847       -2.52119065994544
c            1.10492692199875        0.08352462635806       -2.61676527897213
c           -2.60180952483106        3.16225038696885        0.66526676874279
c           -3.74925979549645        2.56601526072144        0.16666074385219
c           -3.66780007497500        1.31856467857578       -0.41268463987147
c           -2.45028343684042        0.63888126129077       -0.47807841914423
c           -1.30938695562845        1.17897905739749        0.13591238415111
c           -1.40961974164296        2.46194133966608        0.66487188086987
n           -2.36012006434353       -0.49982535247480       -1.25867801274503
c           -1.02497971738920       -0.94422867623222       -1.55375304067489
c           -0.16869527489620       -1.07672492230730       -0.26269019862159
c           -0.06965847967061        0.33196473622241        0.38662487866921
c            1.24980086664273       -1.46286477880010       -0.69982815624746
c            1.76674931819382       -0.12290538446260       -1.24761378391350
c            1.26371860308251        0.84489085900141       -0.18423424281087
c            3.25180346989761        0.06361677892560       -1.39244254713371
c            3.95765883812961        0.91670779563964       -0.66292602433245
c            3.39360391878451        1.63680091707499        0.53397278434960
n            2.24136609213454        0.82767393801007        0.97306081527198
c            1.39387334230081        1.29634788843702        2.08359004627795
c            0.19744323466382        0.35513422389664        1.91935375535094
o            2.72515020048940       -0.38106946065711        1.34076887662617
h            1.20207360653144        1.87414678000229       -0.53829044687876
c           -0.84339391175470       -2.08763206029126        0.62626126983871
o           -1.84215819240532       -1.86990349908580        1.28167805992509
o           -0.26110726605031       -3.28166554312408        0.57057376728511
c           -0.83931916194793       -4.32314125828659        1.35672845650523
h           -0.84927397310836       -0.07693697202751       -3.50870409521697
h           -0.74488161135659        1.07866420886050       -2.19294678089014
h            1.43890287486455       -0.72707427880306       -3.26703136176334
h            1.43847452907877        1.02426993459481       -3.06001692922321
h           -2.63961288743047        4.15899226193547        1.07847163172756
h           -4.69614132555769        3.08344087714316        0.20890868896922
h           -4.54195771703987        0.85203224174421       -0.84211986917796
h           -0.54364017363783        2.93308473996685        1.10097554748719
h           -3.07296546883313       -1.19782735005808       -1.11785142146270
h           -1.07611565715569       -1.92449634322538       -2.03677018219893
h            1.85178693238914       -1.77003144077394        0.15452017264407
h            1.24445701058320       -2.25421196914947       -1.44647720379261
h            3.72339630392273       -0.49306185335786       -2.18854777586489
h            5.01240311991370        1.05934831826513       -0.84225854810794
h            3.09545949990017        2.66525911488829        0.31100768771528
h            4.12778535213424        1.63337300583882        1.34230999981665
h            1.92409559659475        1.13612301028751        3.02125663340910
h            1.13913605432335        2.34790906418603        1.96209579661995
h           -0.67521265696010        0.67244396916435        2.48488240379918
h            0.50507039959698       -0.63297361771091        2.26288914033817
h           -1.85397342906124       -4.53384416939573        1.01373800190792
h           -0.19595036972978       -5.18769879713704        1.22098695301943
h           -0.87538878946397       -4.02640789973489        2.40611944457308
50
 energy: -75.274249979341 gnorm: 0.000288204113 xtb: 6.7.1 (edcfbbe)
c           -0.41748931481631        0.09212761712534       -2.52090794298457
c            1.10484222022399        0.08364050093824       -2.61649510548794
c           -2.60167396941090        3.16246903392349        0.66497236814858
c           -3.74915353811546        2.56623023804217        0.16642826347726
c           -3.66775734756173        1.31860854358312       -0.41255923282262
c           -2.45028326022518        0.63880523984424       -0.47770038800154
c           -1.30934849551916        1.17895825886190        0.13618805690255
c           -1.40954404607452        2.46205159008855        0.66482983050929
n           -2.36008156996658       -0.50002081040425       -1.25801350725559
c           -1.02497440339643       -0.94445875268724       -1.55320358963937
c           -0.16857240231569       -1.07679590176744       -0.26222302402350
c           -0.06959869771680        0.33198194510231        0.38694518335290
c            1.24985334102429       -1.46287634917182       -0.69966358260969
c            1.76675586025588       -0.12291181598012       -1.24742065130028
c            1.26371050456202        0.84495489389050       -0.18411207223382
c            3.25182759336847        0.06343483453728       -1.39224827626243
c            3.95777561898137        0.91649375395205       -0.66276910907108
c            3.39358557521489        1.63697341488301        0.53382527505863
n            2.24132277232751        0.82808898623455        0.97305132897209
c            1.39386911589182        1.29710190223626        2.08336195632007
c            0.19765968157063        0.35549166307744        1.91962489747032
o            2.72498607081910       -0.38071356177308        1.34102250906299
h            1.20184116069860        1.87410937879790       -0.53843336002784
c           -0.84312336334781       -2.08789249226054        0.62659988562281
o           -1.84197122337308       -1.87047098663605        1.28197575047178
o           -0.26088470019006       -3.28193582496866        0.57045806607780
c           -0.83956560207769       -4.32384153814637        1.35577465714926
h           -0.84931911204899       -0.07767108836119       -3.50839018903226
h           -0.74528861658537        1.07830101921242       -2.19293590024785
h            1.43908714420934       -0.72661731062548       -3.26706295729669
h            1.43806069864248        1.02466821882506       -3.05942909460178
h           -2.63938129459632        4.15931466154774        1.07794049859578
h           -4.69596302090240        3.08379235003956        0.20846475984756
h           -4.54193384023126        0.85206720946593       -0.84193834171488
h           -0.54362746910169        2.93338253892154        1.10082130124406
h           -3.07315503815621       -1.19784170939546       -1.11785379850054
h           -1.07621359379941       -1.92479397978919       -2.03607009618854
h            1.85203310833451       -1.77037259375743        0.15446362771108
h            1.24424632803473       -2.25406490708054       -1.44655212792798
h            3.72344351354773       -0.49366126623240       -2.18799494792411
h            5.01259618332546        1.05868239032189       -0.84183028124297
h            3.09544788006069        2.66532145573286        0.31033069746210
h            4.12763490661417        1.63398777432318        1.34227562710326
h            1.92408683810237        1.13778695601192        3.02119290867149
h            1.13884291720955        2.34853222374218        1.96110125981761
h           -0.67497959017680        0.67257983902536        2.48528628581571
h            0.50580241776448       -0.63242457835403        2.26323945709180
h           -1.85462641838778       -4.53310634474322        1.01320716321764
h           -0.19711236674597       -5.18879114210807        1.21850954282720
h           -0.87462121679780       -4.02833228554900        2.40550338914867
50
 energy: -75.274250158159 gnorm: 0.000129194615 xtb: 6.7.1 (edcfbbe)
c           -0.41748087936119        0.09206946847915       -2.52094580474648
c            1.10483019471820        0.08356962432611       -2.61648403873050
c           -2.60173424211720        3.16249558239626        0.66488022074310
c           -3.74920278190701        2.56618379015985        0.16642551693826
c           -3.66778678113531        1.31855611581325       -0.41253261543896
c           -2.45028811731038        0.63881150361319       -0.47773606253048
c           -1.30934898565667        1.17902459542840        0.13610267909912
c           -1.40957365060494        2.46213031960149        0.66470286119541
n           -2.36007934739619       -0.50002117011710       -1.25802940113824
c           -1.02499698838497       -0.94445903570653       -1.55322321132520
c           -0.16857931074252       -1.07671635115526       -0.26221632187092
c           -0.06958557151433        0.33206566153474        0.38691315938933
c            1.24985354983439       -1.46283984624290       -0.69956568475957
c            1.76673854808914       -0.12289654747256       -1.24739768609811
c            1.26374475060772        0.84500825794463       -0.18410801377813
c            3.25182406448513        0.06337127971760       -1.39218504056568
c            3.95778188272548        0.91646144782139       -0.66277645188178
c            3.39364395156819        1.63703643016529        0.53380290528496
n            2.24138215829091        0.82808634354072        0.97309838996469
c            1.39392692168286        1.29701901777682        2.08351555216839
c            0.19763713986012        0.35554323316364        1.91961357795773
o            2.72514245216835       -0.38063628999080        1.34106645349479
h            1.20192066879569        1.87418898406333       -0.53837512060582
c           -0.84317471027054       -2.08780456210119        0.62660332010791
o           -1.84178044890396       -1.87023340948315        1.28231888694575
o           -0.26102700425318       -3.28189784581369        0.57029600518398
c           -0.83958984817753       -4.32384421237242        1.35560550841209
h           -0.84929368942059       -0.07777026763447       -3.50842911706523
h           -0.74528825014356        1.07824841190524       -2.19300740628428
h            1.43904844890778       -0.72675634462893       -3.26694189135502
h            1.43808195143416        1.02451673110494       -3.05951801475836
h           -2.63947081524630        4.15935919437939        1.07779483842591
h           -4.69605031923799        3.08369145573812        0.20847849573193
h           -4.54196316139197        0.85194553915811       -0.84185155089764
h           -0.54364443313266        2.93343984571555        1.10071556851834
h           -3.07322757084978       -1.19784640462895       -1.11781959017496
h           -1.07619753463569       -1.92482846604580       -2.03601816690688
h            1.85195117573983       -1.77009241444766        0.15463249535875
h            1.24435638487128       -2.25412999153880       -1.44624970842001
h            3.72339275751745       -0.49364319411479       -2.18809754617683
h            5.01259586730036        1.05881869277396       -0.84200532716665
h            3.09545178553635        2.66538835937778        0.31034824429071
h            4.12776323385429        1.63401324945576        1.34219745579416
h            1.92417870888136        1.13736686470991        3.02124648477248
h            1.13900352582835        2.34846870404555        1.96152976772780
h           -0.67501525808979        0.67272643055404        2.48521673831076
h            0.50558982153195       -0.63244468743873        2.26322883406360
h           -1.85488895738526       -4.53282817591829        1.01339489773812
h           -0.19735860392740       -5.18897173349201        1.21788312590605
h           -0.87414474388575       -4.02860099162378        2.40548875990405
50
 energy: -75.274250404201 gnorm: 0.000152697095 xtb: 6.7.1 (edcfbbe)
c           -0.41749889816665        0.09180865001687       -2.52095278468216
c            1.10478891006911        0.08331121257730       -2.61642474610053
c           -2.60182605922652        3.16263988945015        0.66455886278957
c           -3.74928598402227        2.56612619490521        0.16635271677463
c           -3.66784646923370        1.31841619250668       -0.41241771421124
c           -2.45029082889201        0.63879316818528       -0.47772015819966
c           -1.30935100506478        1.17918797385711        0.13598588877577
c           -1.40961094667285        2.46235428817360        0.66441138847738
n           -2.36002719148319       -0.50008825041852       -1.25790540319955
c           -1.02500165014722       -0.94456469714453       -1.55307777933023
c           -0.16855583625700       -1.07655259901124       -0.26199678188785
c           -0.06957226037513        0.33227946602698        0.38692938328754
c            1.24992798184373       -1.46269905995155       -0.69912454545013
c            1.76670756075569       -0.12284482668943       -1.24730585570256
c            1.26378005039870        0.84514913891226       -0.18408246193420
c            3.25178003937175        0.06345148043077       -1.39220966725292
c            3.95776570415919        0.91660800005277       -0.66294725114469
c            3.39377578364636        1.63723617143725        0.53369293613558
n            2.24151948041099        0.82815603579189        0.97317220859217
c            1.39404694019519        1.29697568730163        2.08378302860239
c            0.19757050537150        0.35578907455004        1.91966028459568
o            2.72542322381388       -0.38042334189715        1.34112986385325
h            1.20204807739831        1.87436305285790       -0.53826731420762
c           -0.84305931404633       -2.08756923607085        0.62700735737635
o           -1.84120187558690       -1.86979431884215        1.28335522360630
o           -0.26139518532877       -3.28187529652969        0.56981572213368
c           -0.83980973506990       -4.32405805749854        1.35480285537505
h           -0.84924220441211       -0.07822915566606       -3.50843558016567
h           -0.74538237668996        1.07803002259601       -2.19321073127938
h            1.43902719785920       -0.72717998519146       -3.26662947788572
h            1.43803915724247        1.02412264679624       -3.05969448836881
h           -2.63961892576181        4.15958898278182        1.07725283061694
h           -4.69621622547676        3.08350506879805        0.20843770818223
h           -4.54203373433827        0.85160925440694       -0.84152132947358
h           -0.54360948443211        2.93367017485923        1.10032772817150
h           -3.07338608664826       -1.19781306031794       -1.11776876473402
h           -1.07612268550681       -1.92504428790541       -2.03564792655732
h            1.85191798335393       -1.76936126841122        0.15528905083687
h            1.24467845351461       -2.25427184605043       -1.44538050095347
h            3.72330528867335       -0.49370691131036       -2.18814838954636
h            5.01261606146201        1.05899892081701       -0.84225686907027
h            3.09551836142903        2.66558623144416        0.31031745176154
h            4.12803085916585        1.63414010657766        1.34196981447394
h            1.92438589816838        1.13659097050428        3.02131518322551
h            1.13934745533281        2.34850014883247        1.96236465278851
h           -0.67508748226440        0.67324368827320        2.48512084510790
h            0.50508893306804       -0.63231341326784        2.26336802529914
h           -1.85587941945149       -4.53174062766329        1.01389442455313
h           -0.19860499327104       -5.18974974182332        1.21524415328489
h           -0.87250510973115       -4.03000871956341        2.40515390341295
50
 energy: -75.274250384102 gnorm: 0.000379446971 xtb: 6.7.1 (edcfbbe)
c           -0.41751689277438        0.09157790016368       -2.52096294495861
c            1.10474899507962        0.08308264199961       -2.61637219554825
c           -2.60191533394771        3.16276982176773        0.66426932733708
c           -3.74936580343958        2.56607295325150        0.16628689729730
c           -3.66790257122811        1.31829067179508       -0.41231715382060
c           -2.45029428174198        0.63878029868337       -0.47771233283637
c           -1.30935450143889        1.17933939916768        0.13587550732445
c           -1.40964953653545        2.46255872930389        0.66414626992741
n           -2.35998078155715       -0.50014467482442       -1.25780011416863
c           -1.02500834884014       -0.94465638460202       -1.55295303338241
c           -0.16853611738826       -1.07640031290201       -0.26180251180653
c           -0.06956178636601        0.33247580967286        0.38694057540661
c            1.24999400440607       -1.46256981878092       -0.69872494979006
c            1.76667622032645       -0.12279611470549       -1.24722449884477
c            1.26381216485801        0.84527854184126       -0.18405995653752
c            3.25173793758784        0.06351985251451       -1.39223196432337
c            3.95775177995864        0.91673363539647       -0.66310361032546
c            3.39389945703741        1.63741347870482        0.53359209022709
n            2.24164511850527        0.82821447395321        0.97323849459580
c            1.39415719110685        1.29692627388107        2.08403118288654
c            0.19751026539513        0.35600478735423        1.91969961145407
o            2.72567928438577       -0.38023589708113        1.34118065228380
h            1.20216455165880        1.87452429048622       -0.53816643803394
c           -0.84295102126082       -2.08734771701918        0.62737866445715
o           -1.84068544184835       -1.86938973660043        1.28428376970682
o           -0.26171543937051       -3.28184347139284        0.56939911092248
c           -0.83999890227444       -4.32424361349278        1.35408672013052
h           -0.84919437633197       -0.07863948283490       -3.50844636117974
h           -0.74547248737785        1.07783658777816       -2.19339812804486
h            1.43900704553713       -0.72755521655072       -3.26634790790775
h            1.43799747726319        1.02377107983758       -3.05985265247145
h           -2.63975980888274        4.15979607656482        1.07676354819016
h           -4.69637232811883        3.08333420236764        0.20839913226669
h           -4.54209856447697        0.85130412973955       -0.84122722849210
h           -0.54358392823266        2.93387924353389        1.09998049640605
h           -3.07353302860415       -1.19778173677253       -1.11772456060485
h           -1.07605603333242       -1.92523634390396       -2.03531835852008
h            1.85188176853267       -1.76869069405843        0.15588371208361
h            1.24497111649215       -2.25439912935305       -1.44458568392644
h            3.72322317957792       -0.49377456076935       -2.18819728687593
h            5.01263841275839        1.05915349093869       -0.84248756783906
h            3.09558289200795        2.66576327236752        0.31028983493662
h            4.12828018250725        1.63424771635048        1.34176060227708
h            1.92457719722559        1.13586362006487        3.02137757471992
h            1.13966272470094        2.34851811143469        1.96313920506246
h           -0.67515324384149        0.67370191230138        2.48503275564267
h            0.50463335341411       -0.63220600546049        2.26348355563772
h           -1.85675337255520       -4.53077678220109        1.01432378925242
h           -0.19969736334958       -5.19043840119959        1.21290004641367
h           -0.87105308606085       -4.03126371621475        2.40486128414505
50
 energy: -75.274250637105 gnorm: 0.000233048136 xtb: 6.7.1 (edcfbbe)
c           -0.41755634922384        0.09127437804872       -2.52080053967154
c            1.10473185164768        0.08304432139713       -2.61621583051620
c           -2.60178204071565        3.16292065196228        0.66404232089286
c           -3.74926781752462        2.56619617129052        0.16615725780460
c           -3.66787024913278        1.31828600208352       -0.41218599851013
c           -2.45029270207373        0.63869557677394       -0.47742651454714
c           -1.30931703383840        1.17931063477024        0.13605544299842
c           -1.40955620214206        2.46263763447076        0.66407821224467
n           -2.35996387113295       -0.50029633251990       -1.25735577694203
c           -1.02499790174410       -0.94481896375517       -1.55258553689834
c           -0.16847129538753       -1.07644670774538       -0.26150753010602
c           -0.06950038253079        0.33249104187655        0.38714071305214
c            1.25001608111829       -1.46257735519682       -0.69862936507721
c            1.76671530929783       -0.12281100561484       -1.24709275860444
c            1.26382752666990        0.84531480068026       -0.18398312493987
c            3.25178366537739        0.06342907059068       -1.39208093504655
c            3.95781360940077        0.91667245308512       -0.66297461901524
c            3.39385674814806        1.63756357956308        0.53353866014792
n            2.24163146897111        0.82848214398455        0.97327196196163
c            1.39417025852050        1.29739631905747        2.08391759341716
c            0.19760546234789        0.35630377973456        1.91987869538806
o            2.72565051776206       -0.37994329875358        1.34144109632317
h            1.20207488404577        1.87449823329455       -0.53824997856692
c           -0.84295575508989       -2.08758741278885        0.62738590743944
o           -1.84044652361333       -1.86970379635272        1.28467623712970
o           -0.26179438880243       -3.28210075627936        0.56906063952487
c           -0.84021721251986       -4.32470598255008        1.35341173311288
h           -0.84922865803983       -0.07916049309001       -3.50825063743226
h           -0.74560703937388        1.07755042826479       -2.19340678810081
h            1.43908380358275       -0.72749049739530       -3.26629417662716
h            1.43783374070483        1.02383883512764       -3.05962392276762
h           -2.63958125196681        4.16000938719903        1.07639589571184
h           -4.69623462746198        3.08351829869131        0.20820738491913
h           -4.54209722781370        0.85129107786848       -0.84101510323195
h           -0.54350299455190        2.93406314232252        1.09979143552793
h           -3.07364159289503       -1.19779586971277       -1.11769317246739
h           -1.07610392117670       -1.92544042601362       -2.03485400185503
h            1.85203354932200       -1.76886920014440        0.15588398983364
h            1.24486830329008       -2.25435927831934       -1.44462894829355
h            3.72325202189278       -0.49391444830608       -2.18794301484272
h            5.01267942852318        1.05899580908114       -0.84231672729225
h            3.09551360402225        2.66583861140409        0.30996365412886
h            4.12816086276620        1.63465697885349        1.34176848896106
h            1.92457159675966        1.13685467129671        3.02138516619673
h            1.13955555127426        2.34893324659025        1.96258341288169
h           -0.67504770499692        0.67397382681527        2.48523800952345
h            0.50493435289744       -0.63178465692524        2.26379272144496
h           -1.85739184992230       -4.53008008769531        1.01433317164330
h           -0.20073710462496       -5.19123031750734        1.21089292526558
h           -0.87013256090004       -4.03258102701617        2.40440924462904
50
 energy: -75.274250901823 gnorm: 0.000076178515 xtb: 6.7.1 (edcfbbe)
c           -0.41761845100760        0.09086756586809       -2.52052172149080
c            1.10470432370972        0.08285682925795       -2.61599834395310
c           -2.60155571001920        3.16310624558462        0.66375048103417
c           -3.74911043365520        2.56631627721758        0.16606596836510
c           -3.66780488294640        1.31825312083124       -0.41197402597612
c           -2.45025047445750        0.63858514962843       -0.47709443149213
c           -1.30922945315824        1.17929442438679        0.13619456815468
c           -1.40936906928584        2.46276528112437        0.66389070997260
n           -2.35989298204311       -0.50054282677545       -1.25675120917673
c           -1.02490395158447       -0.94510237849563       -1.55203771340487
c           -0.16830070510648       -1.07653894665729       -0.26105931389633
c           -0.06943964408111        0.33249928118855        0.38741929892664
c            1.25015409514511       -1.46263284146244       -0.69836261899025
c            1.76676570089897       -0.12287693600981       -1.24688281095408
c            1.26380271062834        0.84533947281752       -0.18388081178528
c            3.25181839627200        0.06343445641457       -1.39191188853552
c            3.95780949844586        0.91678208715041       -0.66284064255663
c            3.39373243032072        1.63780165202422        0.53351287279723
n            2.24158609416768        0.82884749310192        0.97330228057241
c            1.39418152309338        1.29808081196178        2.08370084268503
c            0.19773846121506        0.35674017564891        1.92012230818911
o            2.72554606964323       -0.37959502938676        1.34170626912216
h            1.20190398848318        1.87442412227707       -0.53839683850107
c           -0.84260445798525       -2.08780254526533        0.62779782992788
o           -1.83996112422527       -1.87012081429957        1.28533127745301
o           -0.26199009801342       -3.28252279414859        0.56845614857215
c           -0.84073462011920       -4.32541221143660        1.35228395757869
h           -0.84930939550369       -0.07983559357246       -3.50791572745188
h           -0.74576753681848        1.07717155403365       -2.19330809002217
h            1.43917144505615       -0.72762783400272       -3.26612935737547
h            1.43763877018583        1.02372898455109       -3.05943250105614
h           -2.63927678527001        4.16030410673588        1.07585561340738
h           -4.69599929000340        3.08376227242862        0.20799554728618
h           -4.54209539118420        0.85126397594084       -0.84065742099372
h           -0.54331900769314        2.93432614758659        1.09941103263210
h           -3.07370827403836       -1.19785949708571       -1.11762586153599
h           -1.07610498490995       -1.92578366097123       -2.03418159226031
h            1.85235736916098       -1.76918419631834        0.15602978060438
h            1.24483053569831       -2.25437967351318       -1.44454365095385
h            3.72331607601922       -0.49390263104462       -2.18763146741604
h            5.01261664938275        1.05905971744728       -0.84216050036715
h            3.09537052744595        2.66600057257364        0.30965661587618
h            4.12795259380864        1.63519422553684        1.34181331254585
h            1.92454111042677        1.13834190564211        3.02136527680821
h            1.13940213517485        2.34955724775468        1.96171530113909
h           -0.67488564276388        0.67446043665663        2.48547930734307
h            0.50530278516004       -0.63115449897488        2.26432062393441
h           -1.85868021722623       -4.52879347811899        1.01456134531519
h           -0.20272667879635       -5.19253046154569        1.20753043500349
h           -0.86853608850017       -4.03462355179021        2.40361650565160
50
 energy: -75.274250876091 gnorm: 0.000324440428 xtb: 6.7.1 (edcfbbe)
c           -0.41767556738218        0.09053825712206       -2.52030142664815
c            1.10467826412225        0.08271718626805       -2.61582484110932
c           -2.60136494900686        3.16325698253733        0.66352305265845
c           -3.74897760710679        2.56642057930314        0.16599450046826
c           -3.66774959539439        1.31823416516253       -0.41180365410759
c           -2.45021584683267        0.63849843690852       -0.47682292041573
c           -1.30915750704832        1.17927870577660        0.13631126395095
c           -1.40921253256874        2.46286467452553        0.66374747109130
n           -2.35983801401021       -0.50073867652978       -1.25626030824947
c           -1.02482653028169       -0.94533069089189       -1.55159027425263
c           -0.16816170281750       -1.07661905879883       -0.26069766857720
c           -0.06939421989506        0.33249900544191        0.38764932118483
c            1.25026274886365       -1.46268349222729       -0.69815905743375
c            1.76680286658136       -0.12293296214146       -1.24671615372456
c            1.26377676470547        0.84535201971310       -0.18379726817099
c            3.25184423379109        0.06342617031313       -1.39177166361890
c            3.95780557682890        0.91685378153691       -0.66271981651016
c            3.39362125232825        1.63798400895908        0.53349436575559
n            2.24154184926649        0.82913867698778        0.97332517173597
c            1.39418884429870        1.29863944332162        2.08351556729337
c            0.19784761498381        0.35709070219241        1.92032230319451
o            2.72545104773764       -0.37931945923066        1.34192475985361
h            1.20175757135155        1.87435530587130       -0.53851713182478
c           -0.84229874563982       -2.08797586273232        0.62815045086940
o           -1.83960361536834       -1.87049183463874        1.28580407963304
o           -0.26211400010418       -3.28285555260743        0.56800151718126
c           -0.84113737237786       -4.32598125368258        1.35138534367609
h           -0.84938356731716       -0.08038274981245       -3.50764978211909
h           -0.74590482911282        1.07686355174502       -2.19323098016139
h            1.43924216084316       -0.72771741695282       -3.26601326629017
h            1.43747246872304        1.02366213411204       -3.05927027267038
h           -2.63902118305658        4.16054134388776        1.07543243929392
h           -4.69579648294732        3.08397675740868        0.20781766121785
h           -4.54209116476446        0.85125859254681       -0.84037729094086
h           -0.54316823067142        2.93453012150907        1.09911866242809
h           -3.07376087610079       -1.19789857412899       -1.11758120648548
h           -1.07610901728442       -1.92605776512683       -2.03363879309148
h            1.85262941766632       -1.76946618382885        0.15613115430445
h            1.24478821398409       -2.25439866442535       -1.44450562857717
h            3.72335982479041       -0.49389239945060       -2.18737356117623
h            5.01255895905248        1.05909013992624       -0.84201796743191
h            3.09524553552272        2.66611670418216        0.30939818402831
h            4.12776496219815        1.63563028095963        1.34185830880029
h            1.92451149723432        1.13957802770625        3.02135032272119
h            1.13927400055966        2.35006850427631        1.96098057433397
h           -0.67474869482508        0.67485039920813        2.48568321916248
h            0.50561288912704       -0.63064027979650        2.26475478772773
h           -1.85966351114873       -4.52780239871557        1.01468702299328
h           -0.20427014579117       -5.19354274009100        1.20489789066675
h           -0.86732511655941       -4.03624345110283        2.40296850811473
50
 energy: -75.274251137412 gnorm: 0.000188371017 xtb: 6.7.1 (edcfbbe)
c           -0.41763282557135        0.09037952729446       -2.52021805206872
c            1.10470173976014        0.08246232729171       -2.61577213184389
c           -2.60137865128829        3.16333192563097        0.66331379505080
c           -3.74899585383077        2.56636797554168        0.16595592302014
c           -3.66776846797442        1.31811778849566       -0.41170449147831
c           -2.45020692059569        0.63844092191621       -0.47676758404293
c           -1.30914623316836        1.17933481247761        0.13627971767332
c           -1.40920403793382        2.46297197439674        0.66358221230037
n           -2.35978893732817       -0.50083312168827       -1.25613991847723
c           -1.02480635049865       -0.94542852419018       -1.55147413366847
c           -0.16814172922001       -1.07655950448865       -0.26054342466904
c           -0.06935550637911        0.33260430029745        0.38766891476545
c            1.25033742051004       -1.46260026425483       -0.69787125479024
c            1.76684185377768       -0.12291118472583       -1.24663660061031
c            1.26381900764246        0.84543850844295       -0.18378131551838
c            3.25185127188254        0.06362034287600       -1.39183509043628
c            3.95778513479769        0.91713046806705       -0.66288106184635
c            3.39369848368064        1.63816267852915        0.53344407860016
n            2.24163761388025        0.82923392196863        0.97336529195940
c            1.39424416191948        1.29868525472741        2.08362160534484
c            0.19781037680614        0.35727994042696        1.92035740625163
o            2.72560706392051       -0.37916005878784        1.34196673007231
h            1.20184745858297        1.87444553590757       -0.53849385572983
c           -0.84242885588458       -2.08797483026132        0.62814176917923
o           -1.83912230257986       -1.87021200942363        1.28662155150237
o           -0.26255369083342       -3.28299140264147        0.56747904089005
c           -0.84142948762178       -4.32617268832532        1.35084929068972
h           -0.84933438720220       -0.08061708821702       -3.50755398451506
h           -0.74585534738720        1.07674241363436       -2.19324490551624
h            1.43923183285639       -0.72814325421109       -3.26575256681057
h            1.43753068805265        1.02328386314548       -3.05942082081103
h           -2.63906112423137        4.16066959989947        1.07508955247846
h           -4.69587239048479        3.08382632113086        0.20786993786617
h           -4.54213088147081        0.85102185179661       -0.84011613005214
h           -0.54308709024248        2.93468439779005        1.09879478183466
h           -3.07379547766490       -1.19796481739770       -1.11747865980055
h           -1.07604252800795       -1.92621322336510       -2.03340499647841
h            1.85263423409817       -1.76907382181083        0.15653991153632
h            1.24499672249476       -2.25445503144724       -1.44400121479617
h            3.72339174173296       -0.49380008799781       -2.18741283964434
h            5.01255995768573        1.05940512346771       -0.84220901800858
h            3.09529542046791        2.66631496011047        0.30946463432941
h            4.12792858205145        1.63572439752892        1.34173271763263
h            1.92460264467228        1.13928073366075        3.02136304721276
h            1.13942002433233        2.35014747708582        1.96134587294279
h           -0.67480363829820        0.67520879582076        2.48560480313525
h            0.50533750583285       -0.63049554966288        2.26488714273267
h           -1.86055962433827       -4.52695506680870        1.01525991770601
h           -0.20544458609544       -5.19419589141122        1.20297767653985
h           -0.86609607615958       -4.03721752574618        2.40272369911863
50
 energy: -75.274251386345 gnorm: 0.000093737368 xtb: 6.7.1 (edcfbbe)
c           -0.41754463059931        0.09015356781009       -2.52018112534430
c            1.10474678042451        0.08208965168365       -2.61570736330447
c           -2.60144666781794        3.16339278080756        0.66301486238213
c           -3.74905854991417        2.56621620983932        0.16593290300503
c           -3.66780264112263        1.31789154204380       -0.41155463103673
c           -2.45019053085743        0.63832754455587       -0.47668843410491
c           -1.30913025724024        1.17940373680823        0.13622199460384
c           -1.40921567583537        2.46312796796056        0.66329040600817
n           -2.35969431675972       -0.50099098878750       -1.25599590257986
c           -1.02473401633085       -0.94552840391998       -1.55134804423581
c           -0.16805591115144       -1.07645561843839       -0.26033108793159
c           -0.06928057439833        0.33276547007998        0.38768717902738
c            1.25046900405180       -1.46254247962974       -0.69749802620881
c            1.76690992037542       -0.12292544705616       -1.24652795220412
c            1.26390300229249        0.84554140827678       -0.18377768767009
c            3.25189726679158        0.06373914061837       -1.39179029966953
c            3.95776133227282        0.91744432758179       -0.66303680715136
c            3.39379366508464        1.63847037990211        0.53336943096679
n            2.24177070758988        0.82939968302804        0.97343339891911
c            1.39433510886080        1.29874821985157        2.08382621869143
c            0.19779486861426        0.35752291128682        1.92040227665329
o            2.72593739402178       -0.37883189041343        1.34210099720210
h            1.20198296027820        1.87455141553006       -0.53849779356293
c           -0.84233247089490       -2.08779977933912        0.62847854019163
o           -1.83829274037758       -1.86963531938331        1.28792737972351
o           -0.26324444187894       -3.28317033487397        0.56672372944247
c           -0.84203455967522       -4.32641395268991        1.35001216546945
h           -0.84927974492219       -0.08083532022700       -3.50750771675627
h           -0.74566804892647        1.07655495045245       -2.19324985735365
h            1.43914787807850       -0.72880073253427       -3.26534987930887
h            1.43768324255863        1.02268157654748       -3.05970013216977
h           -2.63918246605836        4.16079706428072        1.07461785393975
h           -4.69602883801650        3.08352077442236        0.20796471650015
h           -4.54217735267429        0.85061593667335       -0.83976839511201
h           -0.54302496754538        2.93490594306513        1.09833505146920
h           -3.07375562084912       -1.19816732169751       -1.11722550840639
h           -1.07586364772175       -1.92638070186793       -2.03313035047936
h            1.85263109030886       -1.76851539662349        0.15708958802936
h            1.24531731624745       -2.25461176757674       -1.44326697022148
h            3.72342940572219       -0.49357390923892       -2.18757128020266
h            5.01250785945809        1.06007450034659       -0.84263840161370
h            3.09530171930562        2.66665119497069        0.30957771707682
h            4.12816803607162        1.63591144711555        1.34153603196169
h            1.92475966031870        1.13885765146411        3.02141662623036
h            1.13962197859116        2.35022988643063        1.96191700507614
h           -0.67485528697678        0.67563952788870        2.48550621769972
h            0.50500701647802       -0.63033196243171        2.26501869737806
h           -1.86214640988173       -4.52547359271532        1.01617683427215
h           -0.20750119060918       -5.19523664414214        1.20000294655882
h           -0.86426771561465       -4.03866165523946        2.40234984890238
50
 energy: -75.274251561717 gnorm: 0.000117317419 xtb: 6.7.1 (edcfbbe)
c           -0.41747871110996        0.08999587323081       -2.51998805326941
c            1.10480119016285        0.08179639508888       -2.61562117498780
c           -2.60145175476544        3.16339002396833        0.66283103313990
c           -3.74907407339528        2.56606283463680        0.16595545261879
c           -3.66779309017508        1.31768522833435       -0.41141550894480
c           -2.45013626491262        0.63821179110197       -0.47662456466442
c           -1.30906516164840        1.17942558520671        0.13614162439349
c           -1.40916926410221        2.46320996053193        0.66305742433118
n           -2.35960224048152       -0.50117672362441       -1.25582094036548
c           -1.02462934585662       -0.94568782084666       -1.55114983223820
c           -0.16793039948693       -1.07644360978686       -0.26012144380683
c           -0.06921260850784        0.33283201671828        0.38774806257095
c            1.25064814514353       -1.46252758290818       -0.69715084246566
c            1.76698126588019       -0.12295008942837       -1.24640272940587
c            1.26393663397481        0.84561898867031       -0.18376191833498
c            3.25193134371323        0.06393728574461       -1.39179532291929
c            3.95771832679611        0.91780719613167       -0.66316391165006
c            3.39380445985643        1.63873268532359        0.53331934922023
n            2.24183714376114        0.82959336178418        0.97344451757200
c            1.39439136138510        1.29897644226036        2.08383736885287
c            0.19786362970656        0.35773858637973        1.92046639356901
o            2.72607422966309       -0.37858990387894        1.34214959594974
h            1.20200587544261        1.87459805649274       -0.53857205610537
c           -0.84223003174227       -2.08776345494828        0.62869500490464
o           -1.83758715223491       -1.86930529862124        1.28895415437132
o           -0.26388341054360       -3.28345213595878        0.56597979914122
c           -0.84269262797220       -4.32668803709059        1.34925254728415
h           -0.84926280312648       -0.08101679217586       -3.50728733021237
h           -0.74556131822063        1.07642165404992       -2.19306246190328
h            1.43914109046848       -0.72928313062631       -3.26506253766748
h            1.43778028500432        1.02224881164268       -3.05986811270196
h           -2.63920244761100        4.16086831115131        1.07424981935895
h           -4.69606947794094        3.08332599895891        0.20797614200652
h           -4.54218240676901        0.85030840650137       -0.83948978524096
h           -0.54295441910053        2.93506340990170        1.09797834496257
h           -3.07364520412130       -1.19837024523642       -1.11699446149361
h           -1.07569388839842       -1.92658457767339       -2.03285331601077
h            1.85279321379887       -1.76831581440101        0.15751108343334
h            1.24556770724278       -2.25471586580787       -1.44277323552616
h            3.72351312154229       -0.49340459676165       -2.18753776333514
h            5.01243897014509        1.06057529436072       -0.84284127843035
h            3.09528506557518        2.66692367832233        0.30961460380349
h            4.12824058575846        1.63612823521975        1.34143512927785
h            1.92484665464428        1.13905673110612        3.02140153578387
h            1.13966588672761        2.35045563460471        1.96195467700901
h           -0.67479419255378        0.67593585804591        2.48551209008160
h            0.50501837640135       -0.63008514831825        2.26522273310258
h           -1.86367808148713       -4.52405019853989        1.01706425087005
h           -0.20959009137501       -5.19621826846063        1.19727484079371
h           -0.86264615600871       -4.03995184788073        2.40191797402945
50
 energy: -75.274251727091 gnorm: 0.000070250133 xtb: 6.7.1 (edcfbbe)
c           -0.41741901517545        0.08988576202918       -2.51985568917013
c            1.10485786368034        0.08159615566271       -2.61554192712381
c           -2.60146989721568        3.16334743719967        0.66271901579621
c           -3.74908810037853        2.56591932083596        0.16595095117529
c           -3.66777097773317        1.31749543222550       -0.41132366164549
c           -2.45008333556666        0.63807843678908       -0.47652452796309
c           -1.30902302553847        1.17938840809646        0.13617161256449
c           -1.40915765028801        2.46321660336780        0.66296943230210
n           -2.35949911648181       -0.50135402156503       -1.25565836769035
c           -1.02449099055772       -0.94580515394500       -1.55097954021717
c           -0.16779973768810       -1.07645778360054       -0.25994250053957
c           -0.06914010373528        0.33285763525375        0.38782330363079
c            1.25079175279649       -1.46254326645583       -0.69694869287775
c            1.76706953346716       -0.12298671774833       -1.24630442815380
c            1.26397629707258        0.84565300051884       -0.18374538206937
c            3.25200495480466        0.06401626052774       -1.39173806477677
c            3.95772277203209        0.91802878045169       -0.66319718635522
c            3.39379488821122        1.63895869446731        0.53326670971998
n            2.24188673796972        0.82979204060805        0.97343806981158
c            1.39442973168580        1.29924363489920        2.08377719245865
c            0.19796796289461        0.35790428499108        1.92052784197226
o            2.72618166612392       -0.37835342641744        1.34222638098712
h            1.20199909163925        1.87458913791426       -0.53866904791077
c           -0.84206619562862       -2.08772726496158        0.62894170130996
o           -1.83702047163307       -1.86906799299794        1.28973090240170
o           -0.26441344361154       -3.28370922622247        0.56539949179017
c           -0.84333997968047       -4.32689831819570        1.34866015617151
h           -0.84926714582401       -0.08110321143467       -3.50713141702603
h           -0.74543686051484        1.07632430646022       -2.19290004287414
h            1.43914705212184       -0.72959247526046       -3.26488317039818
h            1.43786399587723        1.02197243607733       -3.05993610247326
h           -2.63924514572754        4.16086305583127        1.07404433064010
h           -4.69610009116256        3.08314638695952        0.20797480757479
h           -4.54215875799646        0.85004905245681       -0.83932230522172
h           -0.54294570189396        2.93516282184106        1.09778604683187
h           -3.07346696025312       -1.19859258519451       -1.11676937955339
h           -1.07550223474363       -1.92672004688584       -2.03265493579996
h            1.85296172812883       -1.76828446579008        0.15773116660271
h            1.24572058506976       -2.25478660647791       -1.44253542135505
h            3.72360989967069       -0.49327316526936       -2.18748127702660
h            5.01239743876077        1.06094245279902       -0.84296183826222
h            3.09524383129020        2.66713693418341        0.30955255331242
h            4.12824598642745        1.63639516775236        1.34136973654789
h            1.92489533544078        1.13949711753385        3.02136971846626
h            1.13963135251984        2.35069874909511        1.96175892440251
h           -0.67470066166052        0.67607688153635        2.48556377266332
h            0.50520138530133       -0.62986348113682        2.26536398668310
h           -1.86503244797218       -4.52278763559790        1.01782269915756
h           -0.21147839170073       -5.19702707291727        1.19509319211771
h           -0.86141746347792       -4.04095927779358        2.40155818014404
50
 energy: -75.274251889846 gnorm: 0.000033364312 xtb: 6.7.1 (edcfbbe)
c           -0.41731709848218        0.08976998469899       -2.51970733174047
c            1.10495396674550        0.08148561568915       -2.61546310927205
c           -2.60154344226929        3.16324211997964        0.66266847464155
c           -3.74913562609927        2.56572273064662        0.16595472345452
c           -3.66774598629474        1.31726788248996       -0.41124550124783
c           -2.45002232337998        0.63791309944577       -0.47639530099434
c           -1.30898042641616        1.17932383569584        0.13624421290631
c           -1.40918705035929        2.46318872787352        0.66293440885096
n           -2.35939165368729       -0.50156668158049       -1.25548005160796
c           -1.02432965543783       -0.94591882315759       -1.55079715629324
c           -0.16764372168065       -1.07647179927664       -0.25975646536980
c           -0.06904033078737        0.33288463055303        0.38792139000191
c            1.25094549034083       -1.46256732832817       -0.69677918104546
c            1.76717254296507       -0.12302337710024       -1.24621340949212
c            1.26403293522392        0.84569926047712       -0.18374321414680
c            3.25209590199266        0.06403369460200       -1.39166387931092
c            3.95776275283177        0.91818082474864       -0.66322130327879
c            3.39378938146499        1.63919334874937        0.53317247956946
n            2.24193270301634        0.83004451194936        0.97341000968367
c            1.39448931900545        1.29959056952582        2.08368371935516
c            0.19814045953812        0.35807901035193        1.92060692637883
o            2.72628639063905       -0.37806331808016        1.34231995738735
h            1.20196772457619        1.87458161945486       -0.53881229475991
c           -0.84189296405195       -2.08769034546229        0.62918167539272
o           -1.83648381950290       -1.86883123664153        1.29044595374336
o           -0.26492695111162       -3.28396475334711        0.56488190637214
c           -0.84409772435342       -4.32709498914616        1.34807440544263
h           -0.84923414592264       -0.08119578893998       -3.50695569506277
h           -0.74529304594392        1.07620575966755       -2.19271368461185
h            1.43920043104625       -0.72975224951649       -3.26476674694200
h            1.43795912805572        1.02183381304891       -3.05993097634551
h           -2.63936212555773        4.16078241864967        1.07393244897975
h           -4.69616041988787        3.08292478210883        0.20792215921099
h           -4.54210540944874        0.84976494765058       -0.83923781291567
h           -0.54302958084794        2.93523677675550        1.09773401082229
h           -3.07324360387088       -1.19888921050427       -1.11648317395513
h           -1.07527416359619       -1.92684164064312       -2.03245958268302
h            1.85315515452066       -1.76832899610417        0.15787677798501
h            1.24583888066865       -2.25482957946713       -1.44236887805347
h            3.72372739935847       -0.49327645192558       -2.18735905010224
h            5.01241296510030        1.06115605968917       -0.84302749422554
h            3.09519131895993        2.66733604112779        0.30935331307436
h            4.12823149147565        1.63676050348112        1.34128555344966
h            1.92496641020589        1.14017068962807        3.02133006376059
h            1.13956804321413        2.35099137719838        1.96140642940414
h           -0.67453285687613        0.67613337593031        2.48569561791704
h            0.50559105961494       -0.62960563990464        2.26548311781836
h           -1.86648940058795       -4.52140654985655        1.01851274150194
h           -0.21353860287086       -5.19786738459474        1.19292873857626
h           -0.86034178208920       -4.04196867579410        2.40120704852819
50
 energy: -75.274252061452 gnorm: 0.000052245526 xtb: 6.7.1 (edcfbbe)
c           -0.41722609225153        0.08966081859151       -2.51955875122764
c            1.10504687544855        0.08134544713024       -2.61533960505516
c           -2.60169286222319        3.16307713830688        0.66266170364618
c           -3.74922412659104        2.56546530614642        0.16592323445854
c           -3.66770968098392        1.31698576134889       -0.41120766872110
c           -2.44993463069995        0.63772313011799       -0.47627249048800
c           -1.30894164499471        1.17923867624770        0.13636523392562
c           -1.40927989909378        2.46311605788327        0.66299999936244
n           -2.35923323431784       -0.50180205282946       -1.25531686461620
c           -1.02411622525344       -0.94604606678047       -1.55059690106819
c           -0.16746063354728       -1.07647912851344       -0.25952680877393
c           -0.06890970814415        0.33292830063876        0.38803113156441
c            1.25112280704350       -1.46256924999612       -0.69658103575601
c            1.76731503326056       -0.12304710836119       -1.24609490458717
c            1.26412116368792        0.84577432147716       -0.18373409340790
c            3.25223926024689        0.06402277201489       -1.39155194431252
c            3.95787278095132        0.91830896474714       -0.66323714792928
c            3.39383880374767        1.63949349913723        0.53301876653433
n            2.24203742409107        0.83036204439964        0.97336212323135
c            1.39457652489241        1.30002086764154        2.08354700292551
c            0.19836898872283        0.35828601905980        1.92068734018742
o            2.72644646106414       -0.37770691512515        1.34241570925796
h            1.20195231128351        1.87459256678881       -0.53897359105141
c           -0.84173686537612       -2.08763608465697        0.62944209772386
o           -1.83588644996663       -1.86850780220431        1.29127639107961
o           -0.26554607471373       -3.28424538448055        0.56431584338625
c           -0.84503771683750       -4.32729920546855        1.34740188710708
h           -0.84919625739141       -0.08131527638889       -3.50678230125993
h           -0.74518790108112        1.07609710381419       -2.19255092285937
h            1.43929826381292       -0.72990311562647       -3.26463043812774
h            1.43803113337695        1.02168236988291       -3.05984390553299
h           -2.63959364995248        4.16062561870281        1.07389720781956
h           -4.69629475114260        3.08258240577500        0.20787202187067
h           -4.54201844830654        0.84938286709109       -0.83919156854792
h           -0.54318474086230        2.93531074140416        1.09775662932815
h           -3.07293278250182       -1.19923920841085       -1.11614347790271
h           -1.07497007294794       -1.92699246761923       -2.03222267759069
h            1.85338315331147       -1.76831880516414        0.15804747102988
h            1.24598391685383       -2.25485426498502       -1.44216193939740
h            3.72388784124292       -0.49336944612350       -2.18716898746709
h            5.01250680697402        1.06131398966788       -0.84307601455304
h            3.09518166685482        2.66758027607199        0.30900917447528
h            4.12826789424371        1.63725826212637        1.34114195964285
h            1.92507587636049        1.14095311229439        3.02123988797175
h            1.13950056748625        2.35135767189417        1.96098591209705
h           -0.67431673087143        0.67618032932480        2.48583823026484
h            0.50607687685680       -0.62931233389964        2.26558415077669
h           -1.86827220647416       -4.51969048083137        1.01934363860509
h           -0.21606085917527       -5.19886597635978        1.19035213178044
h           -0.85910024696620       -4.04318287340623        2.40083413093277
50
 energy: -75.274252220373 gnorm: 0.000061018078 xtb: 6.7.1 (edcfbbe)
c           -0.41707287955876        0.08950219611901       -2.51941658098924
c            1.10519190333745        0.08124780645025       -2.61526435556787
c           -2.60188940462547        3.16289200451106        0.66269174470198
c           -3.74935511548677        2.56516175749403        0.16594690822069
c           -3.66769395951566        1.31667935228007       -0.41115572321618
c           -2.44985460745167        0.63753304737984       -0.47616150584088
c           -1.30890702884003        1.17917629034867        0.13645157449638
c           -1.40940094588469        2.46305891165724        0.66304963904854
n           -2.35909406303872       -0.50203177642855       -1.25516888765012
c           -1.02392440095272       -0.94617127701344       -1.55040627475033
c           -0.16727803291237       -1.07645213918787       -0.25930946247821
c           -0.06877839187080        0.33300118746179        0.38813639374494
c            1.25130760134494       -1.46256536196402       -0.69634440524917
c            1.76743864983327       -0.12307042293034       -1.24599879928426
c            1.26421018260210        0.84585845474709       -0.18374617489729
c            3.25236061732090        0.06399927863461       -1.39147212141494
c            3.95797435850024        0.91841551689112       -0.66328828631975
c            3.39389354195635        1.63979144452040        0.53283200463912
n            2.24214113684436        0.83067913688019        0.97331506683028
c            1.39469570790899        1.30044189239842        2.08345649541997
c            0.19860744803267        0.35852661118720        1.92077006690666
o            2.72662655943769       -0.37732849339522        1.34251517774609
h            1.20194820799801        1.87461840807892       -0.53913972006371
c           -0.84160795211046       -2.08754247502393        0.62967926559199
o           -1.83531273541218       -1.86812833875624        1.29207884987167
o           -0.26616179201028       -3.28447582919340        0.56377256260430
c           -0.84598053381354       -4.32746954574131        1.34671234938836
h           -0.84907946948405       -0.08151743569806       -3.50661499447901
h           -0.74504335561866        1.07594213689124       -2.19243842958541
h            1.43942927438051       -0.73003150565353       -3.26452078209929
h            1.43815399670307        1.02157567571061       -3.05981683908249
h           -2.63989431195519        4.16043427185592        1.07393447877572
h           -4.69646936201672        3.08220151873449        0.20782374207375
h           -4.54193146627838        0.84898858244333       -0.83919040849587
h           -0.54339229856244        2.93535951205134        1.09785502836114
h           -3.07264922541956       -1.19957640435494       -1.11578091057252
h           -1.07467297614641       -1.92714969586508       -2.03197635516691
h            1.85359562097026       -1.76824936886129        0.15829164487157
h            1.24616467672534       -2.25490025391886       -1.44187693316233
h            3.72402424673899       -0.49353220581103       -2.18697880176021
h            5.01261157883657        1.06139007309823       -0.84312118452937
h            3.09516978198196        2.66781481418603        0.30861787008583
h            4.12831469002677        1.63776705201557        1.34096201791523
h            1.92522949454192        1.14164511514927        3.02117618052354
h            1.13948909431863        2.35172003929120        1.96066805896203
h           -0.67407954725593        0.67629346855886        2.48598364621158
h            0.50653683452612       -0.62899138008965        2.26570078537442
h           -1.87006987659374       -4.51790087491243        1.02018325536668
h           -0.21862495566424       -5.19984554412109        1.18770704011557
h           -0.85782857724124       -4.04444203560943        2.40046305955952
50
 energy: -75.274252374419 gnorm: 0.000052118152 xtb: 6.7.1 (edcfbbe)
c           -0.41695199678912        0.08934160805385       -2.51931749557571
c            1.10531230309349        0.08109065635798       -2.61516214343447
c           -2.60211349497493        3.16269087823587        0.66277222431296
c           -3.74949606823220        2.56485482199908        0.16596908045119
c           -3.66766777579358        1.31638711738565       -0.41113758325624
c           -2.44975578181532        0.63737118869114       -0.47609507376600
c           -1.30887036428738        1.17913665610527        0.13652434660970
c           -1.40954016167167        2.46300027400739        0.66313806706894
n           -2.35892797875645       -0.50223389238929       -1.25507006872280
c           -1.02371721553897       -0.94629751658207       -1.55023053119923
c           -0.16710956027079       -1.07641316713781       -0.25908093884546
c           -0.06864555215272        0.33309759294880        0.38822275944271
c            1.25148184468284       -1.46253316622171       -0.69608615797316
c            1.76757478909476       -0.12307990853868       -1.24588712013809
c            1.26430553629916        0.84597136146127       -0.18376313416091
c            3.25249635769899        0.06397472869760       -1.39138790146030
c            3.95810017937856        0.91852002248611       -0.66335100235457
c            3.39398053753536        1.64009742430381        0.53263266186650
n            2.24227364590202        0.83098971755808        0.97326285328898
c            1.39482323788528        1.30083936192514        2.08336475400372
c            0.19881628141708        0.35878916196163        1.92084001179201
o            2.72683030332894       -0.37695045750604        1.34260177157163
h            1.20197224236379        1.87468078468396       -0.53929434437381
c           -0.84152032077899       -2.08743940787456        0.62990743288276
o           -1.83478546066517       -1.86773847222466        1.29286799761034
o           -0.26677564079630       -3.28467666775667        0.56325625066885
c           -0.84689893885730       -4.32763125079667        1.34602096035366
h           -0.84897392585737       -0.08176333477120       -3.50649541087979
h           -0.74495421948467        1.07579081939183       -2.19239455458114
h            1.43957362279025       -0.73021631079712       -3.26436931903373
h            1.43825272733699        1.02139664547189       -3.05977056189740
h           -2.64024107692431        4.16021989466156        1.07403417696879
h           -4.69667461828701        3.08177945721855        0.20782444167076
h           -4.54183436592100        0.84858145138525       -0.83919199223411
h           -0.54360407788796        2.93540531804687        1.09797428091289
h           -3.07236313632163       -1.19986911466877       -1.11547052753439
h           -1.07436784851131       -1.92732351012805       -2.03171365426839
h            1.85379501483082       -1.76808901020015        0.15857469492636
h            1.24635831229050       -2.25495153395491       -1.44152539007491
h            3.72416432710363       -0.49372009538026       -2.18678077955430
h            5.01274523283152        1.06145147014258       -0.84318010711125
h            3.09518034658631        2.66805270707827        0.30820961217163
h            4.12839971791115        1.63828801479070        1.34076344679958
h            1.92539679724015        1.14222037120691        3.02108943667998
h            1.13953279908943        2.35207700028428        1.96042444994935
h           -0.67387202545739        0.67648579559482        2.48608859636842
h            0.50689095697880       -0.62866436982788        2.26582809230338
h           -1.87186235457634       -4.51605950215728        1.02106520541620
h           -0.22119615227607       -5.20082242646934        1.18497510425132
h           -0.85646906163745       -4.04576599425675        2.40011005283973
50
 energy: -75.274252517787 gnorm: 0.000034505600 xtb: 6.7.1 (edcfbbe)
c           -0.41680832894108        0.08915731455983       -2.51922675324468
c            1.10545058785082        0.08093089490963       -2.61509116224408
c           -2.60233302601722        3.16250900098972        0.66285640896975
c           -3.74964011252900        2.56456647480181        0.16600970858587
c           -3.66765615941815        1.31611929836149       -0.41111389141942
c           -2.44967485711753        0.63722982429277       -0.47604100953452
c           -1.30884597386592        1.17911301975779        0.13657871438372
c           -1.40967853409214        2.46295671390590        0.66321720604665
n           -2.35878848622705       -0.50240940465130       -1.25498814816597
c           -1.02354346283330       -0.94641940315915       -1.55006777264781
c           -0.16696014577829       -1.07635998299879       -0.25887260031655
c           -0.06852956423451        0.33320343823667        0.38829673546880
c            1.25164560888258       -1.46249804314628       -0.69581145457310
c            1.76769205683027       -0.12309292707961       -1.24578840709579
c            1.26439273125015        0.84607359834287       -0.18378219818864
c            3.25261202699190        0.06395564735281       -1.39131785584971
c            3.95820920559057        0.91862136569708       -0.66342056236988
c            3.39406295351230        1.64038675470177        0.53243983461439
n            2.24240068618545        0.83127567791108        0.97322198381852
c            1.39495397434550        1.30120700463070        2.08329970270895
c            0.19900144407539        0.35906482921633        1.92090048997690
o            2.72702597310412       -0.37659440743228        1.34268701294866
h            1.20200582971199        1.87473797495988       -0.53943243677850
c           -0.84146772804855       -2.08733649632923        0.63008937024575
o           -1.83430336773101       -1.86736317146315        1.29360045263724
o           -0.26735097317783       -3.28484450688552        0.56275861950174
c           -0.84772945996854       -4.32777918650070        1.34535441674701
h           -0.84883042526895       -0.08205558577823       -3.50638482276760
h           -0.74484709480788        1.07562602617009       -2.19239677149248
h            1.43972763191181       -0.73042844310609       -3.26422142076253
h            1.43837644326203        1.02120449394979       -3.05977717736784
h           -2.64058505571644        4.16001262827885        1.07416737085683
h           -4.69688487959528        3.08137204630729        0.20786233417921
h           -4.54175470434721        0.84821123017902       -0.83919678775383
h           -0.54380513431791        2.93544401584395        1.09809309008456
h           -3.07213560074767       -1.20011152166566       -1.11520440557019
h           -1.07410335488237       -1.92750111178895       -2.03144739745421
h            1.85396344498613       -1.76789870560917        0.15889689500796
h            1.24656429677614       -2.25501229944397       -1.44113679949575
h            3.72428724572597       -0.49390661078419       -2.18659788930471
h            5.01286699923303        1.06150371214713       -0.84324059113088
h            3.09519128732608        2.66827922815457        0.30782480929504
h            4.12848966781892        1.63877303154001        1.34056277434426
h            1.92556703460126        1.14269669091879        3.02101833911848
h            1.13960839922555        2.35241591840242        1.96025811785697
h           -0.67368698099596        0.67674486785902        2.48615669415456
h            0.50715201234538       -0.62833873422171        2.26596555317063
h           -1.87355831648034       -4.51425291162741        1.02197899094268
h           -0.22364693707915       -5.20176057374038        1.18226621831560
h           -0.85503093817767       -4.04708550247103        2.39978344230007
50
 energy: -75.274252644010 gnorm: 0.000030156847 xtb: 6.7.1 (edcfbbe)
c           -0.41669118180316        0.08897517822178       -2.51917908901779
c            1.10556443420860        0.08075392339310       -2.61502587314223
c           -2.60251981865729        3.16236087525512        0.66293914234159
c           -3.74976314901266        2.56432234701356        0.16606411764723
c           -3.66764489020070        1.31590003453359       -0.41109182673690
c           -2.44960011228852        0.63712517976607       -0.47600644063736
c           -1.30882235211295        1.17910952865836        0.13661271689008
c           -1.40979427598756        2.46293224988436        0.66328165993081
n           -2.35865752461947       -0.50254646820313       -1.25492543633603
c           -1.02338574801918       -0.94652561212488       -1.54992504310539
c           -0.16683476727621       -1.07630741822602       -0.25868065909164
c           -0.06843484675341        0.33330656960327        0.38835921176605
c            1.25178334354875       -1.46246724560651       -0.69555560513998
c            1.76779327433699       -0.12311106985450       -1.24569579511650
c            1.26446373719514        0.84616387676970       -0.18380197517267
c            3.25271102617924        0.06393214378061       -1.39124700665441
c            3.95829896741210        0.91871036626741       -0.66347604526487
c            3.39412876213046        1.64064100533699        0.53227674318384
n            2.24250910754559        0.83151982267748        0.97319025199120
c            1.39506383282858        1.30152223456099        2.08324537836161
c            0.19913986463702        0.35932406472877        1.92095481867325
o            2.72719862178383       -0.37628139954596        1.34277089228197
h            1.20204008333449        1.87478998998438       -0.53955508507819
c           -0.84139531088382       -2.08723183243469        0.63029341693892
o           -1.83389840332078       -1.86705547655681        1.29422821642417
o           -0.26782726329248       -3.28497250009187        0.56233855630394
c           -0.84842352287980       -4.32791901781092        1.34474892216785
h           -0.84870848403748       -0.08234448136019       -3.50632145226275
h           -0.74475653206038        1.07546489852275       -2.19243846440737
h            1.43985589316328       -0.73066881541771       -3.26406718944058
h            1.43848552686712        1.02098350383912       -3.05980570193014
h           -2.64088429832448        4.15984008263019        1.07429936740273
h           -4.69706372816121        3.08102522476493        0.20792615191631
h           -4.54168667021736        0.84790278932029       -0.83919553748522
h           -0.54396776267902        2.93548274688122        1.09818344422056
h           -3.07195119813459       -1.20028613488684       -1.11501477615981
h           -1.07387725901237       -1.92766322989541       -2.03119659290204
h            1.85410275301623       -1.76771253972213        0.15920660557059
h            1.24674466782233       -2.25508327332353       -1.44076517140727
h            3.72438819569948       -0.49405427721550       -2.18644325674040
h            5.01295980416513        1.06157328728094       -0.84330517995532
h            3.09519067973757        2.66847840868112        0.30750239339126
h            4.12856394794195        1.63919526660329        1.34039081182813
h            1.92570825770506        1.14307645070557        3.02095617387217
h            1.13969204908156        2.35271610138356        1.96013958323914
h           -0.67354526262881        0.67703314143683        2.48619872755760
h            0.50730973178800       -0.62804027781986        2.26611279345757
h           -1.87504595899912       -4.51258693508334        1.02285031192189
h           -0.22583419507148       -5.20260819415250        1.17974241341872
h           -0.85361410654784       -4.04835190065677        2.39949335123779
50
 energy: -75.274252745556 gnorm: 0.000027441195 xtb: 6.7.1 (edcfbbe)
c           -0.41659680461272        0.08881718410397       -2.51913722632294
c            1.10565609369543        0.08058952464645       -2.61498229393559
c           -2.60264208132163        3.16226935638061        0.66299583569591
c           -3.74984614358315        2.56416043079182        0.16611203563506
c           -3.66764096760949        1.31575531767901       -0.41106612170790
c           -2.44955237821401        0.63705878973511       -0.47598189784761
c           -1.30880519573289        1.17911805161511        0.13662324207480
c           -1.40986548769481        2.46293034468306        0.66330784188953
n           -2.35857021117178       -0.50263458848480       -1.25487182885322
c           -1.02328377814222       -0.94661277959148       -1.54981005538980
c           -0.16675329960817       -1.07626801827280       -0.25853423099399
c           -0.06837268533677        0.33338663022055        0.38840367577767
c            1.25187805548657       -1.46244629205713       -0.69535081948906
c            1.76786470217947       -0.12313232286996       -1.24562187761352
c            1.26451010307726        0.84622771354370       -0.18381581235526
c            3.25278136773385        0.06392612437772       -1.39119209163724
c            3.95835418528345        0.91879392087454       -0.66351290577961
c            3.39416723489473        1.64082781398672        0.53216734891546
n            2.24258090228407        0.83169958387660        0.97317357109515
c            1.39514106394397        1.30175699702638        2.08320980694960
c            0.19922251065230        0.35953885442773        1.92099546413093
o            2.72731477114630       -0.37604907678291        1.34284346876333
h            1.20206713149272        1.87482436336207       -0.53964719011149
c           -0.84135892060905       -2.08716980329691        0.63042753611065
o           -1.83362025369837       -1.86686520585806        1.29467624651392
o           -0.26815980979801       -3.28506372069551        0.56202363784268
c           -0.84889351454673       -4.32804326277516        1.34428311782268
h           -0.84860896467076       -0.08259245013312       -3.50626601846055
h           -0.74467481863228        1.07533117063009       -2.19248020388859
h            1.43995158899943       -0.73090755517957       -3.26392984408921
h            1.43858639298800        1.02076992805250       -3.05986001352743
h           -2.64108370788589        4.15973043837326        1.07439285471565
h           -4.69718711109717        3.08078738182670        0.20800144874836
h           -4.54165029244762        0.84769776572014       -0.83916998345716
h           -0.54406517485964        2.93552205556298        1.09821785191460
h           -3.07185625530845       -1.20037501957712       -1.11492485949750
h           -1.07373775708783       -1.92779596250857       -2.03099378222271
h            1.85419259509957       -1.76757164141538        0.15946029212430
h            1.24687748689624       -2.25514713235897       -1.44046857961805
h            3.72446463836601       -0.49413688332650       -2.18632993152010
h            5.01301180557515        1.06165872431482       -0.84335743594805
h            3.09518449756660        2.66862758992452        0.30728821080598
h            4.12861041973355        1.63949536193576        1.34027379567130
h            1.92580531977689        1.14335195273510        3.02091793713895
h            1.13976374582789        2.35294473583041        1.96006154191928
h           -0.67345943181545        0.67730363339914        2.48621302560483
h            0.50737442470982       -0.62779590000398        2.26624769394864
h           -1.87615527514513       -4.51125899230193        1.02361509564918
h           -0.22751057301520       -5.20328044088151        1.17768261187330
h           -0.85234220461771       -4.04941149876892        2.39927678568693
50
 energy: -75.274252847043 gnorm: 0.000028106151 xtb: 6.7.1 (edcfbbe)
c           -0.41652073115605        0.08867000263614       -2.51911037645122
c            1.10572998926814        0.08042219582508       -2.61493766177509
c           -2.60273084006670        3.16221159067986        0.66302660967001
c           -3.74990836193722        2.56403778393019        0.16615634844914
c           -3.66763861770486        1.31564367619200       -0.41103437339659
c           -2.44951353190043        0.63701145343306       -0.47596076977809
c           -1.30878938025856        1.17913463013336        0.13662523916476
c           -1.40991444645553        2.46294293223008        0.66331187998018
n           -2.35849122183820       -0.50269898837469       -1.25481518575200
c           -1.02319635558172       -0.94668662904279       -1.54970283389420
c           -0.16668601479372       -1.07623580112226       -0.25839941748593
c           -0.06832525595656        0.33345727336701        0.38844317491732
c            1.25195698834729       -1.46243366549236       -0.69516486795491
c            1.76792567396860       -0.12315901413619       -1.24554964695230
c            1.26454445939122        0.84627971549593       -0.18382649314320
c            3.25283841832314        0.06392061045122       -1.39113444139040
c            3.95839072221923        0.91887430456648       -0.66353607449604
c            3.39418841690181        1.64098909082602        0.53208840145259
n            2.24263120259629        0.83185329868509        0.97316495405997
c            1.39519136054904        1.30196339425011        2.08317637097014
c            0.19927533067964        0.35972932822513        1.92103326278900
o            2.72740227486938       -0.37585060258615        1.34291619311452
h            1.20208730919006        1.87484991386752       -0.53973059483548
c           -0.84130793518207       -2.08712015665599        0.63056767509607
o           -1.83337351624874       -1.86672686637540        1.29507445961546
o           -0.26843196119032       -3.28514726956631        0.56173939975769
c           -0.84926114794382       -4.32817330747517        1.34386558637952
h           -0.84852986899208       -0.08281542174394       -3.50622797185738
h           -0.74459902996254        1.07520725513184       -2.19252387806301
h            1.44002374916940       -0.73115159917641       -3.26379049458612
h            1.43867256879921        1.02054797121968       -3.05992031805041
h           -2.64123176683034        4.15966182862610        1.07444403061133
h           -4.69727956603016        3.08060727230350        0.20807289500220
h           -4.54162829551517        0.84753674692445       -0.83912518137028
h           -0.54412926726723        2.93557209492388        1.09821127441559
h           -3.07180175716504       -1.20042064795355       -1.11490239754526
h           -1.07362946602648       -1.92791088504407       -2.03080406613344
h            1.85426452538787       -1.76745864983015        0.15968905119781
h            1.24698614314844       -2.25521017297436       -1.44020099573430
h            3.72453140341527       -0.49419502302586       -2.18622911525438
h            5.01304202747918        1.06175664081293       -0.84340173032037
h            3.09516872108026        2.66876039632625        0.30713066792124
h            4.12863646502275        1.63974633430542        1.34019080986168
h            1.92586773108632        1.14359954523961        3.02088550572685
h            1.13981171690642        2.35314711492294        1.95998718433053
h           -0.67340516336560        0.67755738397326        2.48621781154540
h            0.50739857577201       -0.62758000089820        2.26637852623711
h           -1.87716653152098       -4.50996523406645        1.02445032990039
h           -0.22905874575087       -5.20394157139093        1.17566001604370
h           -0.85094905778364       -4.05046708007662        2.39910819876228
50
 energy: -75.274252924017 gnorm: 0.000027194679 xtb: 6.7.1 (edcfbbe)
c           -0.41647058622290        0.08856726979604       -2.51907853309898
c            1.10577806047974        0.08030137237365       -2.61490584105060
c           -2.60277376504600        3.16219565119152        0.66301961679695
c           -3.74994113485251        2.56397620780844        0.16617870283319
c           -3.66764149202412        1.31557998587864       -0.41100159167536
c           -2.44949578655768        0.63698282801484       -0.47593852805737
c           -1.30878034108345        1.17915082015813        0.13662319236996
c           -1.40993516588108        2.46296643441802        0.66328828483697
n           -2.35844472871216       -0.50273948686328       -1.25476026013128
c           -1.02314988108971       -0.94674213298614       -1.54962486555119
c           -0.16664957285531       -1.07621693795061       -0.25830661555315
c           -0.06830095743793        0.33350276796028        0.38847215661741
c            1.25200365386501       -1.46242665809682       -0.69503540641443
c            1.76796141453874       -0.12317945214030       -1.24549634069307
c            1.26456220885608        0.84631114666889       -0.18382738522305
c            3.25287112636365        0.06392288116467       -1.39109223422966
c            3.95840636464660        0.91893535088775       -0.66354637916107
c            3.39419598598876        1.64109227455897        0.53204726039048
n            2.24265591453622        0.83195507669658        0.97316553594174
c            1.39521747977456        1.30210134257420        2.08315942115118
c            0.19930136638289        0.35985980837325        1.92106106452598
o            2.72744808083092       -0.37572222036549        1.34297085514453
h            1.20209646890907        1.87486250588938       -0.53978312837058
c           -0.84128474867900       -2.08710404443725        0.63064719052469
o           -1.83322509204008       -1.86666956631349        1.29532351395135
o           -0.26858244731038       -3.28520112956349        0.56156292758207
c           -0.84946584513644       -4.32827754405928        1.34358328942691
h           -0.84847913484781       -0.08296704515710       -3.50618776432309
h           -0.74454463643242        1.07512235556393       -2.19253967772902
h            1.44006604898300       -0.73133316154694       -3.26368665489938
h            1.43873358840368        1.02038537218006       -3.05996669059461
h           -2.64130286388237        4.15964665151784        1.07443236732020
h           -4.69733011666232        3.08051166050755        0.20811781701770
h           -4.54162734113293        0.84744122861101       -0.83906597758509
h           -0.54415520075167        2.93562495964664        1.09816596830928
h           -3.07179990618534       -1.20043049896571       -1.11493353447956
h           -1.07357674571252       -1.92799345247050       -2.03067129207645
h            1.85430298539534       -1.76739076785918        0.15984648550976
h            1.24705143100495       -2.25525117697033       -1.44001962059645
h            3.72457392042368       -0.49422077811972       -2.18616143505264
h            5.01305178469965        1.06183781099170       -0.84343097102376
h            3.09515754830411        2.66884871675635        0.30704705157827
h            4.12864857822405        1.63989817886179        1.34014611671299
h            1.92590016628913        1.14377305667070        3.02087163453171
h            1.13983556726760        2.35328073436974        1.95993575786032
h           -0.67337933139587        0.67772989602330        2.48622181257743
h            0.50740614157351       -0.62743168101190        2.26646988969599
h           -1.87784521537303       -4.50901693829541        1.02511341068348
h           -0.23014075498006       -5.20442825925908        1.17416813091632
h           -0.84983515430952       -4.05127822118560        2.39900824351506
