$hessian                                                                        
        0.4548230046   0.0174531533  -0.0245103870  -0.1843384281  -0.0225831838
        0.0096830239   0.0001971125  -0.0001811588  -0.0001922646   0.0000677496
        0.0006195649   0.0004247353  -0.0003801707  -0.0008654716   0.0001010729
       -0.0007102580   0.0066504191   0.0016079544  -0.0002318417  -0.0002398149
       -0.0000699923  -0.0000160833   0.0002365261  -0.0000207911  -0.0408913063
       -0.0036269285  -0.0245477031  -0.0765118530   0.0292309211  -0.0299730372
        0.0047147058  -0.0039544753   0.0034610401   0.0001777193  -0.0002454974
       -0.0003321154   0.0000995607   0.0006459016  -0.0011507944  -0.0139537510
       -0.0008529633   0.0108163479  -0.0005171437   0.0002715926   0.0002419299
        0.0000588108   0.0002046051   0.0021058029  -0.0004381939  -0.0002621831
        0.0001110206  -0.0000389404   0.0000134512  -0.0000147899  -0.0001459507
       -0.0002777995   0.0000736233  -0.0000807888   0.0000563182  -0.0000588979
        0.0001268868   0.0000417740  -0.0000731618   0.0002196903   0.0000002041
       -0.0000399977  -0.0000682027   0.0000107959   0.0004742475  -0.0019427320
        0.0009473434   0.0010392610   0.0002466853  -0.0011990465   0.0000272536
        0.0008849301   0.0003905995   0.0003357001   0.0002573295  -0.0000986207
       -0.0001072375  -0.0581097050   0.0182344397   0.0595300912  -0.0471495461
       -0.0398562178  -0.0033841587  -0.0120099115  -0.0050126277   0.0012588736
       -0.0222979657  -0.0013330171  -0.0002495373   0.0000200775  -0.0000820965
       -0.0000493962  -0.0000563125  -0.0000795384  -0.0000222380   0.0000631483
        0.0000151928  -0.0000609861  -0.0000820180  -0.0000824046  -0.0000265631
        0.0002219892   0.0000955664  -0.0011002233  -0.0024864681   0.0056543629
       -0.0050895197  -0.0000455834  -0.0001809236  -0.0000357508   0.0000614408
       -0.0000151342  -0.0001198833   0.0001576353   0.0001291770   0.0000040460
       -0.0000220538   0.0001825166  -0.0001182466   0.0000106739   0.0000218520
        0.0000120228   0.0000109996  -0.0000125246   0.0000219417   0.0000279865
        0.0000277424  -0.0000047201   0.0000276722  -0.0000235553   0.0000289174
       -0.0000154390  -0.0000292543   0.0000314010   0.0000341272   0.0000062687
       -0.0000512027   0.0000505627  -0.0000668049   0.0000303828  -0.0000260416
        0.0000149906  -0.0000404006   0.0000061908   0.0000059633   0.0000233062
        0.0174531533   0.5064740700   0.0361143107  -0.0256204988  -0.0712374421
        0.0026825661   0.0000720008  -0.0000963476  -0.0000360155   0.0000857400
        0.0000770194   0.0003106180  -0.0002426569  -0.0000614516  -0.0000354886
       -0.0016063100   0.0018671792  -0.0011642475   0.0001045398  -0.0001236966
       -0.0002064182   0.0000980428   0.0000856189   0.0001445024  -0.0078130111
        0.0051514232  -0.0056089273   0.0290773553  -0.0951475732   0.0336564319
       -0.0004243168   0.0006835639   0.0028701838  -0.0001083459   0.0003778887
       -0.0003326875   0.0002629306   0.0002305536  -0.0001033355   0.0011260351
        0.0010686354  -0.0000421535   0.0003238639  -0.0005160193   0.0001070239
       -0.0003833875   0.0004176833  -0.0002748029   0.0000630552   0.0001421237
        0.0000604824  -0.0000429362  -0.0000045148  -0.0000489350  -0.0001714784
        0.0002544752   0.0001224317   0.0000543547  -0.0000897828  -0.0000429381
       -0.0000502429   0.0000013085   0.0000879286  -0.0000234452  -0.0001179000
        0.0000007910   0.0011754192  -0.0004140813  -0.0015480635   0.0009078462
       -0.0003432526   0.0005233785  -0.0001177607   0.0007854949  -0.0000531578
       -0.0005196725  -0.0003217458  -0.0000808844  -0.0000065889  -0.0000242973
       -0.0000556970   0.0178718742  -0.0625997563  -0.0611652369  -0.0403315605
       -0.2643956349  -0.0232318463  -0.0281638176  -0.0067096375   0.0014855326
        0.0193420542   0.0025339435  -0.0008793665  -0.0000336492   0.0000018491
       -0.0000591467  -0.0000086870  -0.0000078238   0.0000026122  -0.0000417113
        0.0000490537  -0.0000524464  -0.0000299548   0.0000132830  -0.0000230845
       -0.0003040613   0.0004245026  -0.0007370788   0.0177714456  -0.0183051829
        0.0178880614  -0.0000614422  -0.0002428997   0.0000555975   0.0000545545
        0.0000596755  -0.0002273582   0.0001919352   0.0000514600  -0.0000282065
        0.0000646364  -0.0000640280   0.0000654158   0.0000281815   0.0000052680
       -0.0000067780  -0.0000243020  -0.0000014103   0.0000153418  -0.0000135237
        0.0000107802   0.0000024120   0.0000069362   0.0000298003  -0.0000365890
        0.0000036629   0.0000009309  -0.0000495956   0.0000188315  -0.0000035918
       -0.0000751261  -0.0000379058   0.0000307062   0.0000021166   0.0000156705
        0.0000027351  -0.0000029383   0.0000071477  -0.0000029560   0.0000108113
       -0.0245103870   0.0361143107   0.4922297433   0.0151146200   0.0023461628
       -0.0642382270  -0.0000097743   0.0000100482   0.0000165076   0.0000263197
       -0.0001170001  -0.0001236342   0.0002129163   0.0003047936   0.0000746972
       -0.0001778287   0.0003249251  -0.0000023014  -0.0001775464  -0.0000178952
        0.0000097788  -0.0000790005   0.0001431129  -0.0001153156  -0.0126396015
       -0.0015327898  -0.0013852489  -0.0339059788   0.0351214987  -0.1057415354
       -0.0106070751   0.0137269241  -0.0281383699  -0.0002365743   0.0003770074
        0.0012071233  -0.0013022134  -0.0011791540   0.0023778987   0.0271032470
        0.0042581525  -0.0080406152   0.0008026397  -0.0006097978   0.0000646153
        0.0012899309  -0.0000528084  -0.0051205721   0.0012848081   0.0001943118
       -0.0002380785  -0.0000558561   0.0000589212  -0.0001153609   0.0002344400
        0.0004131571  -0.0003427426   0.0000556459  -0.0000442722  -0.0000706381
       -0.0001217559   0.0001360624   0.0000873694  -0.0000283944   0.0000816175
        0.0001868735   0.0005226287  -0.0001447044  -0.0009998212   0.0042532587
       -0.0019891432  -0.0035086798  -0.0006423322   0.0022042719   0.0000403788
       -0.0010819486  -0.0003378973  -0.0001063530  -0.0001774103   0.0000384440
        0.0002918313   0.0592021115  -0.0621249737  -0.2368311031  -0.0031555997
       -0.0231654392  -0.0470762673  -0.0087630415  -0.0015439107   0.0009977552
       -0.0151759215  -0.0013463174   0.0016579279  -0.0000022340  -0.0000225488
        0.0000333153  -0.0000008948   0.0000034123  -0.0000063759   0.0000043706
       -0.0000249420  -0.0000124135   0.0000002637  -0.0000160905  -0.0000184823
        0.0002150682  -0.0000835640   0.0002200621   0.0021345611  -0.0011927438
        0.0020828777   0.0000047662   0.0003492992   0.0000500026  -0.0000735455
       -0.0001467263   0.0002479161   0.0000783323   0.0000132736  -0.0000011614
        0.0002926347  -0.0004692252   0.0003752834   0.0000346341   0.0000133744
        0.0000373838  -0.0000040200  -0.0000172482  -0.0000266411   0.0000283315
       -0.0000311096   0.0000041502  -0.0000104584   0.0000472317  -0.0000182234
        0.0000280323   0.0000152897   0.0000336487   0.0000060946  -0.0000970360
       -0.0000540391  -0.0000408911   0.0000125702  -0.0000444692   0.0000435399
       -0.0000143662   0.0000404788   0.0000070883   0.0000135307   0.0000090512
       -0.1843384281  -0.0256204988   0.0151146200   0.4613615460  -0.0039022697
        0.0323776528   0.0001340680   0.0000008725  -0.0000654270  -0.0000465679
        0.0002113799   0.0001606520  -0.0001274962  -0.0001740565   0.0000457549
        0.0000389327   0.0008654934   0.0004131491  -0.0000733962  -0.0000000998
       -0.0000954934  -0.0000224748  -0.0000948340  -0.0000301517  -0.0030833963
        0.0006218145  -0.0022809994  -0.0201017467   0.0012784921  -0.0039991441
        0.0010076090  -0.0010911643   0.0020325466  -0.0005678528  -0.0003743881
       -0.0000509218   0.0031723407   0.0023550110  -0.0120221977  -0.0624176491
       -0.0022248388   0.0260077391   0.0023237017   0.0001919667  -0.0061412828
       -0.0162623816   0.0000423529   0.0289161257  -0.0029068751  -0.0024603655
        0.0003068890   0.0001350013  -0.0001238902   0.0003797732  -0.0007909344
       -0.0008388435  -0.0000639821   0.0000597498  -0.0000965356  -0.0000795425
        0.0001050098  -0.0000191698   0.0001460515   0.0002916956  -0.0003078395
       -0.0003537064   0.0005111309  -0.0002592647   0.0001302829  -0.0004559356
        0.0003708868  -0.0001852658   0.0000704533  -0.0002023409   0.0000206762
        0.0002272442   0.0000560996   0.0001206601   0.0000339310  -0.0000059532
        0.0000203574  -0.0137240230  -0.0025831463   0.0039438796  -0.0119669724
       -0.0051904871  -0.0003147516  -0.0540295859  -0.0468730860  -0.0218679686
       -0.0979377997   0.0815173310  -0.0585841777   0.0000119574  -0.0000112494
       -0.0000253038   0.0000029733  -0.0000215910  -0.0000223769   0.0000582196
       -0.0000025858  -0.0000564845  -0.0000152446  -0.0000286466  -0.0000258146
        0.0000560109   0.0000474713  -0.0002553871   0.0000535225   0.0002959956
       -0.0002008812   0.0006582063  -0.0001617042  -0.0001292178  -0.0009100537
        0.0019687231  -0.0020166367   0.0005784445   0.0008212921   0.0003373954
       -0.0011663414   0.0018370013  -0.0015076461   0.0000117738   0.0000227932
       -0.0000243533   0.0000232501   0.0000384358   0.0000397746  -0.0000633073
        0.0001013514  -0.0000811890   0.0000092513   0.0000098517  -0.0000349038
        0.0000198760  -0.0000188161   0.0000200190   0.0000385001   0.0000448688
       -0.0000208459   0.0000127287  -0.0000154368   0.0000032894  -0.0000087371
        0.0000047377  -0.0000111800   0.0000100713  -0.0000011203   0.0000099450
       -0.0225831838  -0.0712374421   0.0023461628  -0.0039022697   0.5427443318
       -0.0064201229   0.0000378461   0.0000920090   0.0000353886  -0.0000381201
       -0.0000350608  -0.0000456770   0.0001843149   0.0002392789   0.0000212493
       -0.0000465150  -0.0006284932  -0.0002629400  -0.0002753967   0.0001647645
        0.0002407615  -0.0000120333  -0.0001433180  -0.0000423796   0.0027535631
        0.0005655170   0.0016765896   0.0108439385   0.0024355267  -0.0016551368
       -0.0007774599   0.0006332582  -0.0006484045  -0.0000264051  -0.0008004492
       -0.0001270187  -0.0016037342  -0.0058076637   0.0230177532  -0.0008758523
       -0.0609656611  -0.0040186458   0.0036059703  -0.0054758708  -0.0229925480
        0.0004468869   0.0008030155   0.0020762373  -0.0005600566  -0.0000961927
        0.0003320822  -0.0002363564   0.0001570506   0.0000761941  -0.0021340710
       -0.0021498504  -0.0019115275   0.0002228959   0.0000414385  -0.0002378549
        0.0000163748   0.0001659169  -0.0000574852   0.0002474082  -0.0017045344
       -0.0008027546   0.0006080472   0.0000812699  -0.0021838816  -0.0001249311
       -0.0000514773  -0.0001716369   0.0000970904   0.0000067402  -0.0000214830
        0.0000694168   0.0000450168   0.0000425898   0.0000011235  -0.0000037274
        0.0000279128   0.0065117856   0.0017296069  -0.0014880032  -0.0294135319
       -0.0079222647   0.0034303784  -0.0470474639  -0.2311990469  -0.0762158704
        0.0816214635  -0.1595588809   0.0799385204   0.0000051713   0.0000046871
       -0.0000032655   0.0000014790  -0.0000021276  -0.0000137914   0.0000189345
       -0.0000224151  -0.0000235614   0.0000575600   0.0000061649  -0.0000098067
        0.0001472727  -0.0000643565   0.0000735313   0.0002312854  -0.0002692895
        0.0004013154  -0.0001478934   0.0003892300   0.0021771310   0.0025675625
       -0.0028015976   0.0033997570  -0.0003943069   0.0003515192   0.0004051635
       -0.0000892572   0.0002076721  -0.0001463826  -0.0000309629   0.0000219355
        0.0000591937  -0.0000038745   0.0000288310  -0.0000851113   0.0000377879
       -0.0000435931  -0.0000565382   0.0000005503   0.0000552795  -0.0000808108
        0.0000181826   0.0000161818   0.0000165752  -0.0000286012  -0.0000060924
       -0.0000661992   0.0000034994   0.0000015765  -0.0000081935  -0.0000136496
        0.0000037777  -0.0000011645   0.0000085153  -0.0000021916   0.0000037085
        0.0096830239   0.0026825661  -0.0642382270   0.0323776528  -0.0064201229
        0.4589684220   0.0000923102  -0.0000167512  -0.0000595383  -0.0000025045
        0.0001016752   0.0000854562  -0.0001113341  -0.0002218127   0.0000085338
       -0.0001275009   0.0007523341   0.0002489427  -0.0001097136  -0.0000434097
        0.0000521611  -0.0000052269  -0.0000415376  -0.0000288543  -0.0054631033
        0.0000620546  -0.0028694840  -0.0135452272  -0.0032358987   0.0022144096
        0.0010889207  -0.0007120241   0.0015059824  -0.0001892962  -0.0002360098
       -0.0000049186  -0.0000128449   0.0081426731  -0.0255573284   0.0229866514
       -0.0012522291  -0.1648786620   0.0015946792  -0.0084659051  -0.0179463996
        0.0118324957  -0.0001284999  -0.0080435312  -0.0011205587   0.0015455540
        0.0004168350  -0.0001557688   0.0000800791  -0.0000792674  -0.0014413319
       -0.0007600662  -0.0003595864   0.0001438442   0.0002174027  -0.0002816288
        0.0000892539   0.0001005943  -0.0002349503   0.0000413264  -0.0008408605
       -0.0002505601   0.0009270889   0.0013489476   0.0004635261  -0.0005169034
        0.0005289852  -0.0002460067  -0.0000374781  -0.0003591003   0.0001120929
        0.0002388286   0.0000400444   0.0001296125   0.0000182419   0.0000166084
       -0.0000175376   0.0275272842   0.0041576811  -0.0051890741  -0.0036108827
       -0.0011142465   0.0011377689  -0.0207268157  -0.0768481163  -0.0737269303
       -0.0591056433   0.0806986553  -0.1003861026  -0.0000015131   0.0000136533
        0.0000114729  -0.0000013515   0.0000153589   0.0000053396   0.0000114674
        0.0000122295  -0.0000017817   0.0000068687   0.0000024705   0.0000054363
       -0.0002254389  -0.0000072760  -0.0002529011  -0.0001486702   0.0001592417
       -0.0000392684   0.0007887356  -0.0015659903   0.0003228156  -0.0019885595
        0.0019442728  -0.0019414074  -0.0008323529  -0.0003221283   0.0006337320
        0.0000799542  -0.0002009322   0.0002379368  -0.0000619332   0.0000163757
        0.0000484998   0.0000827119   0.0001688982  -0.0000106474  -0.0000249472
        0.0000111277  -0.0000560993  -0.0000485329   0.0000319600   0.0000128755
       -0.0000144622  -0.0000019354   0.0000403377   0.0000155068  -0.0000403000
        0.0000227200  -0.0000023115  -0.0000099501  -0.0000057661   0.0000044670
       -0.0000052182   0.0000103997   0.0000008939  -0.0000011224   0.0000111502
        0.0001971125   0.0000720008  -0.0000097743   0.0001340680   0.0000378461
        0.0000923102   0.5343564407   0.0831037255  -0.2045135339  -0.2206773853
        0.0200610675   0.1049560337   0.0220738398   0.0695030357   0.0198365580
       -0.0516255576  -0.0088475437   0.0232584850   0.0160819421  -0.0633287624
       -0.0373547243  -0.2275419913  -0.0883530422   0.0675249059   0.0019032676
        0.0006492871  -0.0011243394   0.0002301571   0.0000219958   0.0001593175
       -0.0001595778  -0.0002645241   0.0002293210   0.0038014387   0.0001827162
        0.0015838395   0.0001074915  -0.0000801718  -0.0000880209   0.0001593942
        0.0001405297   0.0000407211  -0.0001926227   0.0004334193  -0.0000978711
        0.0000339068  -0.0000071173  -0.0000193333  -0.0000306866  -0.0000022389
       -0.0000130082   0.0000024268  -0.0000642243  -0.0000090480   0.0001331858
        0.0000174851  -0.0000301066   0.0002302782   0.0001268533   0.0001371111
        0.0000743776  -0.0000735136   0.0001922119  -0.0009884811   0.0002215427
        0.0000623674  -0.0000522747  -0.0000552273   0.0000013131  -0.0003184693
        0.0002952479  -0.0001692180   0.0000919941  -0.0001647485   0.0000987807
        0.0001155980  -0.0001771937  -0.0000114545  -0.0000662755  -0.0000488342
        0.0000230131  -0.0000277285  -0.0001181316  -0.0000209603  -0.0000055175
       -0.0001342600   0.0001863319  -0.0000140920  -0.0000174214  -0.0000074893
        0.0000163686   0.0000085645   0.0000128509  -0.0416919087  -0.0032450336
        0.0030095447  -0.0201872064   0.0056069144   0.0143599376   0.0031376195
       -0.0019985716   0.0022515635  -0.0191394617  -0.0134590426   0.0059877298
        0.0001053314  -0.0000725230  -0.0005517601   0.0000539890   0.0000614585
        0.0000157289  -0.0000539624  -0.0000211920  -0.0000152582   0.0000319617
        0.0000155735  -0.0000205655  -0.0000253191  -0.0000303870  -0.0000087961
       -0.0000388271  -0.0000188332   0.0000010205  -0.0000160910   0.0000046153
        0.0000040166   0.0000062136  -0.0000022002   0.0000061185   0.0000453895
       -0.0000404570   0.0000100195  -0.0000393419   0.0000449603  -0.0000243554
       -0.0003332647   0.0000630310   0.0000297160   0.0000303892   0.0000227397
       -0.0000455046   0.0000178293  -0.0000443828   0.0000217865   0.0000361945
       -0.0000174696   0.0000093027   0.0000178371  -0.0000075624   0.0000331648
       -0.0001811588  -0.0000963476   0.0000100482   0.0000008725   0.0000920090
       -0.0000167512   0.0831037255   0.6083341400   0.1602194440   0.0839618042
       -0.1132289913  -0.0756012713   0.0233830111  -0.0148277566  -0.0212631183
       -0.0077698299   0.0034583049   0.0083579958  -0.0181921074  -0.0463194195
       -0.0095570348  -0.1515592276  -0.1752127620   0.0324099536   0.0009177689
       -0.0036728785  -0.0004667246   0.0001696165   0.0005500592  -0.0002041864
       -0.0007156011  -0.0009212994   0.0002150640  -0.0001809889  -0.0031098951
       -0.0038875340  -0.0000560443  -0.0002315982  -0.0000885003   0.0000256780
       -0.0000449571  -0.0000785693  -0.0004410089   0.0000435315   0.0001557833
       -0.0000038129   0.0000035313  -0.0000093088  -0.0000220581  -0.0000049829
        0.0000064444   0.0000857452   0.0000714066   0.0000385347  -0.0002215586
       -0.0001021072  -0.0000039505   0.0000341802   0.0000396095  -0.0001096672
        0.0005023875   0.0004956526  -0.0002145344   0.0009499325  -0.0000299974
       -0.0001223734  -0.0001025054  -0.0001263905  -0.0001014198  -0.0000391352
        0.0000554207  -0.0002036255   0.0000328422   0.0000212231   0.0000556107
       -0.0001616830   0.0000618041   0.0000625500   0.0000297741  -0.0000659823
       -0.0000182087   0.0000191899  -0.0000009796   0.0000630524  -0.0000421101
       -0.0001471740  -0.0000357267   0.0000287698   0.0000390270   0.0000181766
       -0.0000538010   0.0000019004  -0.0000115962  -0.0033802603  -0.2620308808
       -0.0930895143  -0.0140774096   0.0048866745   0.0099084170  -0.0010988232
       -0.0038836694  -0.0048888312   0.0053025597   0.0053670513  -0.0018983547
       -0.0003110525   0.0003618591   0.0000258641   0.0000323314   0.0001606567
        0.0000331623  -0.0000634227   0.0000097468  -0.0000032857   0.0000037168
       -0.0000028761  -0.0000184307   0.0000129834   0.0000162943   0.0000059117
        0.0000115552   0.0000126747   0.0000038662  -0.0000098514  -0.0000016724
       -0.0000022313  -0.0000283773   0.0000064212  -0.0000089635   0.0000709411
        0.0000304706   0.0000019956   0.0000080658  -0.0000151751   0.0000308123
       -0.0000693972  -0.0001584092   0.0003338040   0.0000434867   0.0001372325
       -0.0000993919   0.0000060743   0.0000110150   0.0000106551   0.0000103112
       -0.0000050519   0.0000057966   0.0000339018  -0.0000264623   0.0000301621
       -0.0001922646  -0.0000360155   0.0000165076  -0.0000654270   0.0000353886
       -0.0000595383  -0.2045135339   0.1602194440   0.2913021173   0.1325073707
       -0.0377627825  -0.1359836402  -0.0016120174  -0.0484064965  -0.0190952893
        0.0236982070   0.0090680169  -0.0153512363  -0.0171012579   0.0173209750
        0.0182030616   0.0394172907  -0.0042590780  -0.0700886890  -0.0007173289
       -0.0020264590   0.0002351141  -0.0001261158   0.0002846002  -0.0002491636
       -0.0004825526  -0.0005965199   0.0000732223   0.0020678271  -0.0041941933
        0.0038015098  -0.0000000618  -0.0001498834  -0.0000103655   0.0001819966
       -0.0000500954   0.0000595011   0.0010389729   0.0004505979  -0.0001618575
        0.0000096428   0.0000397929   0.0000431301   0.0000066845   0.0000149518
        0.0000202124   0.0000087387   0.0000217789  -0.0000024385   0.0000330708
       -0.0000745422  -0.0000339812  -0.0000909019  -0.0000259385   0.0000770390
       -0.0003106265   0.0000957169   0.0001641868   0.0010039753  -0.0002003899
       -0.0000393050   0.0000296733   0.0000729913  -0.0000796829  -0.0000520531
       -0.0002908990  -0.0001766667   0.0000213897   0.0001678123   0.0000233488
       -0.0000017939   0.0002290544   0.0001186109   0.0000555479  -0.0000347352
       -0.0000217563   0.0000212031   0.0000451354   0.0000401592  -0.0000026228
        0.0000103953  -0.0000810281   0.0000062031   0.0000106988   0.0000169985
       -0.0000189533  -0.0000057097  -0.0000011020   0.0040104579  -0.0933832452
       -0.0716798017   0.0056718032  -0.0013536853  -0.0029970339   0.0022690857
       -0.0043566767   0.0042449565   0.0135110816   0.0090249992  -0.0028663494
       -0.0002495983   0.0001377156   0.0003437028  -0.0000118296   0.0000138512
        0.0000142839  -0.0000253534   0.0000077354  -0.0000027694  -0.0000181354
       -0.0000157941   0.0000135166   0.0000359785   0.0000220440   0.0000036812
        0.0000203757   0.0000138043  -0.0000034602   0.0000103323  -0.0000004008
        0.0000017205   0.0000029190   0.0000005217  -0.0000043609   0.0000213724
        0.0000349846   0.0000025207  -0.0000361979  -0.0000073443   0.0000298009
       -0.0000425301  -0.0002037352   0.0000723518   0.0000078226   0.0000701822
        0.0000631487  -0.0000091084   0.0000377988   0.0000001472  -0.0000180742
        0.0000092619  -0.0000040504   0.0000293156  -0.0000256301   0.0000090160
        0.0000677496   0.0000857400   0.0000263197  -0.0000465679  -0.0000381201
       -0.0000025045  -0.2206773853   0.0839618042   0.1325073707   0.5524519916
        0.1002102762  -0.2010483858  -0.0817810368  -0.0488929105   0.0011668942
        0.0187537540  -0.0175425649  -0.0205591224  -0.0086290008   0.0230657263
        0.0123767048  -0.0541582244  -0.0332374981   0.0169222543  -0.0033174786
       -0.0039563678   0.0028029457  -0.0001341988  -0.0013840020   0.0000560543
        0.0001139906   0.0001527366  -0.0001439531  -0.0008868234  -0.0001848537
        0.0002500629  -0.0000427389   0.0000541612   0.0000626786   0.0000069375
       -0.0000402490  -0.0000125590   0.0002273329  -0.0000785618  -0.0000077984
       -0.0000477370  -0.0000209996   0.0000008776  -0.0000130399   0.0000211908
        0.0000052971  -0.0000594829  -0.0000179311  -0.0000069154   0.0000759251
        0.0000201213   0.0000793356   0.0000186840  -0.0000463874  -0.0000324579
        0.0000430780  -0.0001263124   0.0001148386   0.0000961298   0.0000832917
       -0.0001107625  -0.0000233519  -0.0000647277   0.0000746664  -0.0000557255
       -0.0003130676  -0.0000261103   0.0000806649   0.0002438996  -0.0000732205
       -0.0000343097   0.0002167630   0.0000592481   0.0000596076  -0.0000445190
        0.0000227074   0.0000212744   0.0000541173   0.0000514634  -0.0000314459
       -0.0000897262  -0.0001220585   0.0000275143   0.0000262458   0.0000053532
        0.0000113940  -0.0000185727   0.0000042305  -0.0003537239   0.0007810783
        0.0009895769  -0.1983785425  -0.1195383754   0.0400303767  -0.0009099560
        0.0210955249   0.0102982034  -0.0015035503  -0.0041388137   0.0039986181
       -0.0005826935  -0.0000112386   0.0005930649  -0.0003116492  -0.0002088727
       -0.0000784218   0.0000372430   0.0000365407   0.0000079682   0.0000057179
        0.0000229655  -0.0000133008   0.0000140928   0.0000116056   0.0000017434
        0.0000110025  -0.0000039584  -0.0000099339   0.0000124112  -0.0000038454
       -0.0000165156  -0.0000073993  -0.0000150357   0.0000086822  -0.0000015297
        0.0000112931  -0.0000107286   0.0000475976  -0.0000125680  -0.0000446524
       -0.0001312086  -0.0000552773  -0.0001574726  -0.0000938225  -0.0000732929
       -0.0000542442  -0.0000008570   0.0000108794   0.0000091831  -0.0000088076
        0.0000158718  -0.0000187217   0.0000381944  -0.0000231834   0.0000231196
        0.0006195649   0.0000770194  -0.0001170001   0.0002113799  -0.0000350608
        0.0001016752   0.0200610675  -0.1132289913  -0.0377627825   0.1002102762
        0.5946781904   0.1610497080   0.0110017245  -0.2995964654  -0.1265170039
       -0.0615097962  -0.0461700152   0.0160346624   0.0190607285  -0.0304954917
       -0.0233239458   0.0148556706   0.0475072206   0.0112625106  -0.0025736810
        0.0047283236  -0.0010785547  -0.0005428724  -0.0016605042  -0.0001432568
        0.0000293372   0.0000172875   0.0000890219  -0.0002250655   0.0000045938
       -0.0004181685   0.0000787168  -0.0000549435  -0.0000904451  -0.0000670196
        0.0000904688   0.0000112746  -0.0001071682  -0.0001062795   0.0000906950
        0.0000292365  -0.0000304974  -0.0000438756   0.0000063572  -0.0000331416
       -0.0000246039  -0.0000175702  -0.0000080556   0.0000238912  -0.0000295976
       -0.0001271196  -0.0001308927   0.0001012719   0.0000345803   0.0000217517
        0.0001815025  -0.0001716509  -0.0002361962  -0.0004842771   0.0002032811
        0.0000956247  -0.0000148098  -0.0000021943   0.0000802286  -0.0002128755
        0.0000086917   0.0001853852   0.0000771681   0.0000716957   0.0000173628
        0.0000467793  -0.0001428731  -0.0002019448  -0.0000079324  -0.0000876943
        0.0000799968  -0.0000998343  -0.0001046063   0.0000064990  -0.0001143863
       -0.0001313676   0.0002193763  -0.0000151015   0.0000101544   0.0000225338
        0.0000512355  -0.0000016256   0.0000378503   0.0208819209  -0.0117674797
       -0.0171225421  -0.1197222697  -0.1320034623   0.0244953747   0.0017966047
       -0.0109740613  -0.0051539688  -0.0039070328  -0.0006050401  -0.0013422396
        0.0004404544  -0.0001185757  -0.0004143367  -0.0001794474   0.0000263156
        0.0000482136  -0.0000458419  -0.0000032857  -0.0000062294   0.0000328653
        0.0000408624  -0.0000285850  -0.0000326944  -0.0000137889   0.0000004770
       -0.0000130217   0.0000070776   0.0000105741  -0.0000070684   0.0000087778
        0.0000109076   0.0000161293   0.0000091009   0.0000065427   0.0000331247
       -0.0000094123  -0.0000243434  -0.0000236523   0.0000303192   0.0000018416
        0.0000239256   0.0001142149   0.0000356422   0.0000244702   0.0000627591
        0.0000357702  -0.0000040185  -0.0000441017   0.0000044891   0.0000824737
        0.0000112995   0.0000175682   0.0000030487  -0.0000144484   0.0000834667
        0.0004247353   0.0003106180  -0.0001236342   0.0001606520  -0.0000456770
        0.0000854562   0.1049560337  -0.0756012713  -0.1359836402  -0.2010483858
        0.1610497080   0.3001065677   0.0284834599  -0.0909333300  -0.1015906636
       -0.0405409756  -0.0101054152   0.0172832146   0.0114755223  -0.0250011787
       -0.0222856301   0.0383952577   0.0393649540  -0.0030207712   0.0037925259
        0.0005754367   0.0017626536   0.0007671908  -0.0000510903   0.0014245331
       -0.0001943834  -0.0001566901   0.0001076552   0.0002713209   0.0001185655
       -0.0004433574   0.0000328364  -0.0000581644  -0.0000485780  -0.0000388841
        0.0000727995   0.0000036254  -0.0001994631  -0.0000152487   0.0000391513
        0.0000486790  -0.0000042471  -0.0000145205   0.0000110514  -0.0000285014
       -0.0000118050   0.0000338377   0.0000225564   0.0000305800  -0.0000569689
       -0.0001272201  -0.0000961997   0.0000477732   0.0000491456   0.0000257327
        0.0000876096  -0.0000361783  -0.0001062530  -0.0000119190   0.0000441054
       -0.0000151770   0.0000201935   0.0000178039  -0.0000333675  -0.0002498232
        0.0000602856   0.0000442304   0.0000350641  -0.0000426890   0.0000555289
        0.0001344854  -0.0001228620  -0.0001160973  -0.0000192776  -0.0000387523
        0.0000412418  -0.0000508922  -0.0000634433   0.0000181568  -0.0000539994
       -0.0000878954   0.0001073035  -0.0000317057  -0.0000108884   0.0000097710
        0.0000359859   0.0000058979   0.0000187410   0.0086815024  -0.0052237708
       -0.0080023523   0.0399203438   0.0241583693  -0.0458719590   0.0010943641
       -0.0174522536  -0.0088274090   0.0032497245  -0.0008023597   0.0050780786
        0.0002377158  -0.0000532187   0.0001864337   0.0000783611   0.0001005784
       -0.0000038065  -0.0000379613  -0.0000134798  -0.0000074547  -0.0000030469
       -0.0000010717   0.0000027631  -0.0000234709  -0.0000088569  -0.0000014955
       -0.0000107863   0.0000101693   0.0000111838  -0.0000118893   0.0000055365
        0.0000188694   0.0000061717   0.0000143084  -0.0000044688   0.0000085077
       -0.0000093074  -0.0000094133  -0.0000333938   0.0000192514   0.0000260441
        0.0000644545   0.0001065546   0.0000704612   0.0000409400   0.0000222685
        0.0000230618  -0.0000051015  -0.0000388634  -0.0000092093   0.0000420482
        0.0000009349   0.0000047084  -0.0000160202   0.0000040773   0.0000415158
       -0.0003801707  -0.0002426569   0.0002129163  -0.0001274962   0.0001843149
       -0.0001113341   0.0220738398   0.0233830111  -0.0016120174  -0.0817810368
        0.0110017245   0.0284834599   0.5202147134   0.0887085659  -0.2009883871
       -0.2171164769  -0.1326517697   0.0345515133  -0.0439717309   0.0120537519
        0.0305000045  -0.0124375430  -0.0229750723  -0.0053268364  -0.0022703606
       -0.0175574635  -0.0002247918   0.0006141368   0.0003870175  -0.0005745820
        0.0002197569   0.0001622562  -0.0001297471   0.0000259970   0.0004501907
        0.0044428763  -0.0000185832   0.0001262098   0.0001432956   0.0001988799
       -0.0001110077   0.0000156102   0.0001968115   0.0002019000  -0.0001532613
       -0.0000057394   0.0000392869   0.0000396780  -0.0000318800  -0.0000023015
        0.0000074736  -0.0000389966   0.0000047746  -0.0000453002   0.0001292321
        0.0000742380   0.0001491896  -0.0000960069  -0.0000841199   0.0001782867
       -0.0009137444  -0.0005124868   0.0007126418   0.0003403168  -0.0000000384
       -0.0000229655  -0.0000358644  -0.0000274868   0.0000218536  -0.0002630940
       -0.0005651424  -0.0003636848   0.0000902717   0.0003811947   0.0000408683
        0.0001966175   0.0005220716   0.0000618152  -0.0000410097   0.0000120653
       -0.0001390246   0.0000976079   0.0001063717   0.0000849539  -0.0002542809
        0.0000375247  -0.0003265146   0.0000546967   0.0000435968   0.0000027060
       -0.0001078411   0.0000006930  -0.0000250715  -0.0015860662   0.0010704902
        0.0054175314  -0.0028439644  -0.0227115924  -0.0086124654  -0.1807898016
        0.0563798014   0.1136874868   0.0002255174  -0.0005091471  -0.0000052190
        0.0006965482   0.0025117388  -0.0001005579  -0.0001103294   0.0000898214
        0.0000150857   0.0000715284   0.0000816628   0.0000186016  -0.0000388463
       -0.0000037460   0.0000040886   0.0000399711   0.0000224324   0.0000018839
        0.0000100494   0.0000037360  -0.0000042591   0.0000213511  -0.0000066694
       -0.0000090655  -0.0000094342  -0.0000083045   0.0000032812   0.0000050569
        0.0000346818  -0.0000061518  -0.0000152013  -0.0000008821  -0.0000197257
       -0.0001649261  -0.0001071228  -0.0000688465  -0.0001223478  -0.0000161699
        0.0000331614  -0.0000009384   0.0000401641  -0.0000017276  -0.0000246948
        0.0000277270  -0.0000218417   0.0000755057  -0.0000498360   0.0000631149
       -0.0008654716  -0.0000614516   0.0003047936  -0.0001740565   0.0002392789
       -0.0002218127   0.0695030357  -0.0148277566  -0.0484064965  -0.0488929105
       -0.2995964654  -0.0909333300   0.0887085659   0.6020629043   0.1827195858
       -0.0748083802  -0.1509930853  -0.0058711737  -0.0265843006   0.0409041177
        0.0345380740  -0.0268372299  -0.0473528647  -0.0038123331  -0.0325215481
       -0.0436865276  -0.0019916374   0.0023845120  -0.0034320303  -0.0022573434
        0.0001756238  -0.0001157761  -0.0001599295   0.0013511124   0.0007133619
       -0.0029816929  -0.0000971710   0.0001867775   0.0002297576   0.0000212922
       -0.0001347910  -0.0000225625  -0.0005022521  -0.0001187481  -0.0001145297
        0.0000342050   0.0000475825   0.0000376465  -0.0000327214  -0.0000162472
        0.0000105293  -0.0000052322   0.0000337573  -0.0000097824  -0.0000403531
       -0.0000450259   0.0000480491  -0.0000229523  -0.0000600072  -0.0001849324
        0.0002446382   0.0005407094   0.0001982396   0.0003929332   0.0000873871
       -0.0000519135  -0.0000570994  -0.0000295753  -0.0000200468   0.0000863002
        0.0000382338  -0.0005313186  -0.0000513949   0.0000390388   0.0000755732
       -0.0001289383   0.0002703800   0.0001047556   0.0000476295   0.0000599709
       -0.0001729738   0.0001247886   0.0001170851   0.0000830137  -0.0001749144
        0.0001422552  -0.0003672863   0.0000843402   0.0000226401  -0.0000039902
       -0.0002091612   0.0000383797  -0.0000623039   0.0006523948   0.0010258968
       -0.0027415057  -0.0033344590  -0.0191093514  -0.0073391870   0.0558633869
       -0.0661355738  -0.0519029737  -0.0004993103  -0.0005212896   0.0006384401
       -0.0022193369   0.0008946415   0.0017396095  -0.0015967343  -0.0011851213
       -0.0003494493   0.0001206673   0.0000857337   0.0000199736  -0.0000958387
       -0.0000571886   0.0000537478   0.0000400181   0.0000183356   0.0000030142
        0.0000081410   0.0000057229  -0.0000010061   0.0000017323  -0.0000088214
       -0.0000060825  -0.0000172893  -0.0000030749  -0.0000069291  -0.0000082926
        0.0000306894   0.0000021764   0.0000495767  -0.0000357965  -0.0000085608
       -0.0000366893  -0.0001298626  -0.0000123488  -0.0000209819  -0.0000130999
       -0.0001940187  -0.0000286557   0.0000484940  -0.0000177382  -0.0000516678
       -0.0000113409  -0.0000130305   0.0000204500   0.0000274991  -0.0000367604
        0.0001010729  -0.0000354886   0.0000746972   0.0000457549   0.0000212493
        0.0000085338   0.0198365580  -0.0212631183  -0.0190952893   0.0011668942
       -0.1265170039  -0.1015906636  -0.2009883871   0.1827195858   0.3100378272
        0.0617148794   0.0288401479  -0.0708248797   0.0143544456   0.0116443503
       -0.0040240261  -0.0074654496  -0.0062059019  -0.0026058167  -0.0113636521
       -0.0131889193   0.0034742455   0.0002485287  -0.0035204840  -0.0003614960
       -0.0003144207  -0.0003547069   0.0000398292   0.0046477115  -0.0026045832
        0.0021817499  -0.0000302166  -0.0000575810   0.0000895581   0.0002221133
       -0.0000376411   0.0000712996   0.0009836170   0.0007823686  -0.0002304719
        0.0000376748   0.0000521181   0.0000544157  -0.0000145238  -0.0000120154
        0.0000071917   0.0000600709  -0.0000092843  -0.0000370173   0.0001365196
       -0.0000293311   0.0000009809   0.0000019744  -0.0000176927   0.0000559034
       -0.0003242341  -0.0001770213   0.0000788598   0.0000119469  -0.0000006208
        0.0000690662   0.0000543037   0.0000283596  -0.0001086881  -0.0003527848
        0.0001390281  -0.0002947311   0.0000701180  -0.0000623485   0.0000750735
        0.0001820239   0.0000895013   0.0000381747  -0.0000117953   0.0000279500
       -0.0000361460   0.0000239255  -0.0000198498   0.0000675948   0.0002165549
        0.0000317964   0.0001096641  -0.0000213215  -0.0000291056   0.0000105345
       -0.0000120772   0.0000104853  -0.0000099795   0.0051371947  -0.0030485026
        0.0029467257   0.0003162400   0.0044480624   0.0019663965   0.1147308794
       -0.0506097848  -0.1229374596  -0.0004471863   0.0001292460   0.0001709786
       -0.0020016562  -0.0002779609   0.0005079018  -0.0008881441  -0.0007865629
       -0.0001864458   0.0000267326   0.0000047272  -0.0000136861  -0.0000586584
       -0.0000327094   0.0000502473   0.0000239721   0.0000065932  -0.0000028976
       -0.0000049400   0.0000044914   0.0000011433   0.0000080023  -0.0000040216
        0.0000117802   0.0000046592  -0.0000026851  -0.0000074557  -0.0000067479
       -0.0000013844   0.0000095784  -0.0000195893  -0.0000022181   0.0000214986
       -0.0000194704   0.0000099444   0.0000193087  -0.0000121489  -0.0000523436
        0.0000904217  -0.0000153867  -0.0000512049  -0.0000018844   0.0000098505
       -0.0000017524  -0.0000158578  -0.0000014279   0.0000238235   0.0000437120
       -0.0007102580  -0.0016063100  -0.0001778287   0.0000389327  -0.0000465150
       -0.0001275009  -0.0516255576  -0.0077698299   0.0236982070   0.0187537540
       -0.0615097962  -0.0405409756  -0.2171164769  -0.0748083802   0.0617148794
        0.5365734606   0.1075742067  -0.1927361159  -0.1871681044   0.0046212141
        0.0921987633   0.0252104139   0.0661932276   0.0152588378  -0.0738187016
       -0.0080921218   0.0195319190  -0.0016280786  -0.0266591648  -0.0124821209
        0.0011513769   0.0017634977   0.0002831017  -0.0238992959   0.0002087804
        0.0147650571   0.0000980305   0.0002870799   0.0000455751  -0.0003880654
        0.0001019895  -0.0002584530  -0.0004107492  -0.0012446664   0.0008495589
        0.0000046657  -0.0000567167  -0.0000721466   0.0000568724   0.0000193964
        0.0000025647   0.0000513086   0.0000625367   0.0001008841  -0.0007468888
       -0.0000608201   0.0000234708  -0.0002021117   0.0002451807   0.0005987980
       -0.0005384573  -0.0011615629  -0.0012607524   0.0004813461  -0.0000585623
       -0.0002412969  -0.0001617020   0.0001630595  -0.0001927121   0.0000981320
        0.0000269433   0.0000970506  -0.0001164091  -0.0000905688  -0.0000530226
       -0.0000673177  -0.0000013029   0.0000454302   0.0000599698   0.0000165207
       -0.0000742947  -0.0001396736  -0.0000831318  -0.0003815530  -0.0006290138
       -0.0000393844  -0.0008808217  -0.0000182884   0.0000312684  -0.0000161467
       -0.0000323371   0.0000453921  -0.0000434358  -0.0006723238  -0.0000413963
        0.0000681775   0.0029720870  -0.0010030599   0.0030839589  -0.0206948761
       -0.0122830952   0.0084421713   0.0017657473  -0.0014293494   0.0021711116
       -0.0020120672   0.0196845490   0.0070817000  -0.0045801188  -0.0036486070
       -0.0006990334   0.0000676188   0.0000537509   0.0000101246   0.0000216616
        0.0000266382  -0.0000361617  -0.0000062471  -0.0000033445   0.0000117901
        0.0000148281  -0.0000040103   0.0000044592  -0.0000110191  -0.0000074232
       -0.0000210093  -0.0000113435   0.0000139133  -0.0000045272   0.0000480977
        0.0000357496   0.0000189341  -0.0001276047   0.0000164876  -0.0000263038
        0.0002273575   0.0004086398  -0.0000087584  -0.0000656286   0.0000707970
        0.0002992957  -0.0000316996   0.0000680490   0.0000236968  -0.0000330102
       -0.0000382317   0.0000161634  -0.0000322354   0.0000084836  -0.0001107096
        0.0066504191   0.0018671792   0.0003249251   0.0008654934  -0.0006284932
        0.0007523341  -0.0088475437   0.0034583049   0.0090680169  -0.0175425649
       -0.0461700152  -0.0101054152  -0.1326517697  -0.1509930853   0.0288401479
        0.1075742067   0.5736089872   0.1633200948   0.0595198989  -0.0929379965
       -0.0587828280   0.0243023526  -0.0155977185  -0.0205592348  -0.0217129171
       -0.2309043571  -0.1145561020  -0.0135748657  -0.0290753825  -0.0000803357
        0.0004076888   0.0014623596  -0.0013955355  -0.0104845120   0.0063845583
        0.0087189592   0.0002601723  -0.0005752999  -0.0005518000  -0.0005955628
        0.0005128500   0.0000377150  -0.0019088587  -0.0014191344   0.0005220004
       -0.0001118086  -0.0002946229  -0.0001567397   0.0001919987   0.0000431665
       -0.0000587198  -0.0001119643  -0.0000601123   0.0001170597   0.0002314679
        0.0000965383  -0.0004623854  -0.0000678064  -0.0000114386   0.0008112022
       -0.0030459799  -0.0024704027   0.0009826481  -0.0012613205  -0.0001724296
        0.0003500355   0.0003268792   0.0001154117   0.0005613370  -0.0024096544
       -0.0027861767   0.0024946786   0.0005562079   0.0009926893  -0.0003784499
        0.0025447222  -0.0012958662  -0.0002874614  -0.0001530847   0.0000762883
        0.0010296860  -0.0005519104  -0.0001788799  -0.0001089577  -0.0003031294
        0.0005573991   0.0007532723  -0.0000796102  -0.0000070937   0.0000011390
        0.0006912852  -0.0001877356   0.0002635341  -0.0001454036   0.0011676084
        0.0002514338  -0.0011652051  -0.0028322411  -0.0046194661   0.0076363809
        0.0040626423  -0.0019233180  -0.0007034405  -0.0036335187  -0.0044686068
        0.0095113692  -0.0101559209  -0.0002432858  -0.0031438054  -0.0015983904
       -0.0004576695  -0.0003122086  -0.0002244737   0.0000052250   0.0002786600
        0.0002515513  -0.0001895865  -0.0001897292  -0.0000866306  -0.0000053296
       -0.0000309535  -0.0000203882  -0.0000003191  -0.0000805214   0.0000311985
       -0.0000035626   0.0000561673  -0.0000130049   0.0000325715  -0.0001958446
       -0.0000618499   0.0000135842  -0.0001793655   0.0000109973  -0.0000159511
        0.0000978546  -0.0001289449  -0.0005476912  -0.0002269026  -0.0002606038
        0.0008149910   0.0000182962  -0.0001890240  -0.0000348495   0.0001586828
        0.0001988688  -0.0001270680  -0.0000919604   0.0000726328   0.0000540776
        0.0016079544  -0.0011642475  -0.0000023014   0.0004131491  -0.0002629400
        0.0002489427   0.0232584850   0.0083579958  -0.0153512363  -0.0205591224
        0.0160346624   0.0172832146   0.0345515133  -0.0058711737  -0.0708248797
       -0.1927361159   0.1633200948   0.3339906038   0.1173708097  -0.0271503847
       -0.1357002567  -0.0047338832  -0.0444269100  -0.0188437340   0.0124267191
       -0.0808805900  -0.0951309441  -0.0090137208  -0.0075944789  -0.0020835881
        0.0006093213  -0.0001860271  -0.0001084829   0.0112685037   0.0028437135
       -0.0035410229   0.0001056919  -0.0003387005  -0.0004279220  -0.0001852696
        0.0000837309   0.0001464655  -0.0019907026  -0.0003397356  -0.0007769473
       -0.0001251224  -0.0000960589  -0.0001158336   0.0000825185   0.0000366485
       -0.0000359390  -0.0000999324  -0.0000470537  -0.0000200041   0.0005809767
       -0.0001210519  -0.0001661732   0.0002708650  -0.0000612769  -0.0001322544
        0.0001211241   0.0002343201  -0.0002478002  -0.0005747837   0.0000282436
       -0.0001287059  -0.0000137733   0.0000837792   0.0002932726   0.0006973035
       -0.0000256737   0.0016952361  -0.0002674986  -0.0002729267  -0.0001751415
       -0.0001299160   0.0007260089  -0.0020488633  -0.0002036729   0.0003593877
        0.0000552697  -0.0002399467  -0.0002812076  -0.0006018077  -0.0008085723
        0.0004796059   0.0003184689  -0.0000526780   0.0000029846  -0.0000381759
        0.0003139172  -0.0000264295   0.0000551313   0.0005389239   0.0004123737
        0.0004942048   0.0024794752  -0.0047379187   0.0044877556   0.0162274355
        0.0087729727  -0.0049639340   0.0029706194  -0.0035781298   0.0051382368
        0.0053480324  -0.0253620958  -0.0130420237   0.0005965611   0.0012713465
        0.0012156564  -0.0001976601  -0.0001815911  -0.0000125794   0.0002232815
        0.0001349557  -0.0001708730  -0.0000801445  -0.0000443405  -0.0000006612
       -0.0000035169  -0.0000244919   0.0000052628  -0.0000085226   0.0000121061
       -0.0000037504  -0.0000084596   0.0000138350   0.0000071357  -0.0001272976
       -0.0000364756  -0.0000122776  -0.0000057741  -0.0000129070  -0.0000375000
        0.0001858156  -0.0001261274  -0.0005556422  -0.0000172821   0.0000361967
       -0.0000456373   0.0000047858  -0.0000395472  -0.0000148712   0.0000400424
        0.0000333556  -0.0000012294  -0.0001104573   0.0000121742  -0.0000718637
       -0.0002318417   0.0001045398  -0.0001775464  -0.0000733962  -0.0002753967
       -0.0001097136   0.0160819421  -0.0181921074  -0.0171012579  -0.0086290008
        0.0190607285   0.0114755223  -0.0439717309  -0.0265843006   0.0143544456
       -0.1871681044   0.0595198989   0.1173708097   0.4754332696   0.0611384756
       -0.1847861041  -0.0812538090  -0.0373492949   0.0035035619  -0.0026404476
        0.0115598818   0.0051514690  -0.0000201237  -0.0008731795  -0.0001754075
        0.0017627312  -0.0029374362  -0.0018266629  -0.1285258017  -0.0595613739
        0.0248991719  -0.0000243709   0.0010885661   0.0004706708  -0.0024450955
        0.0001384203  -0.0007881386  -0.0270784507  -0.0126415720   0.0009544512
       -0.0005980362  -0.0006331199  -0.0001964473   0.0001188668   0.0000408816
        0.0000225973  -0.0007879899   0.0000554381   0.0002641824  -0.0016216927
        0.0003465439  -0.0000549487  -0.0008361906  -0.0004284449   0.0008485771
       -0.0081710481  -0.0043942319   0.0095515861  -0.0010661272  -0.0002701252
       -0.0001899003   0.0007506052  -0.0006463862   0.0006751798   0.0007432692
       -0.0004025667   0.0006479852  -0.0003464687   0.0003034843  -0.0003009045
       -0.0003395337   0.0007200936  -0.0001748648   0.0000673212   0.0000587337
        0.0000160392   0.0000430582  -0.0000136093   0.0001716124   0.0005757672
       -0.0000229935  -0.0000888634  -0.0000840722   0.0000277712  -0.0000002367
        0.0000654168  -0.0000304587   0.0000388586  -0.0014867589  -0.0042475054
        0.0034920184   0.0005667830   0.0005693001  -0.0000085814  -0.0015553624
       -0.0036011864   0.0029506444   0.0014882846   0.0203365941   0.0098050332
        0.0016035373  -0.0014914383   0.0000542782  -0.0001730493  -0.0001339895
       -0.0000326161   0.0002008071   0.0001759109   0.0001551603  -0.0000928492
       -0.0000681797   0.0000293325  -0.0001073082   0.0000077479   0.0000245919
        0.0000633278   0.0000129025  -0.0000347889  -0.0000449475   0.0000391562
       -0.0000752549   0.0000479979  -0.0000303578   0.0000645429  -0.0001376004
       -0.0000399945  -0.0000280944  -0.0000034637   0.0000744094  -0.0000608749
        0.0002591817  -0.0002689141  -0.0007147116  -0.0002561824  -0.0002787469
        0.0000108485  -0.0000195726   0.0000466708  -0.0000016939  -0.0000375703
       -0.0000245633   0.0000121834  -0.0000441699   0.0000153241  -0.0000877414
       -0.0002398149  -0.0001236966  -0.0000178952  -0.0000000998   0.0001647645
       -0.0000434097  -0.0633287624  -0.0463194195   0.0173209750   0.0230657263
       -0.0304954917  -0.0250011787   0.0120537519   0.0409041177   0.0116443503
        0.0046212141  -0.0929379965  -0.0271503847   0.0611384756   0.5779209406
        0.1525144185   0.0183470069  -0.2826233504  -0.1065612571   0.0264266228
       -0.0229714893  -0.0274347797   0.0015299656   0.0033149666   0.0009696773
       -0.0186687178  -0.0235476708   0.0022802615  -0.0525692188  -0.1064728491
        0.0134524247   0.0001657548  -0.0045149293  -0.0016778245   0.0012082663
       -0.0003187858   0.0005518115  -0.0032365626   0.0051575918  -0.0021459744
       -0.0001432829   0.0000982538   0.0001361188  -0.0000516380   0.0000003591
        0.0000187850  -0.0001208739  -0.0001357178  -0.0001733655   0.0014385618
        0.0001892875  -0.0002452338   0.0004761301  -0.0007588405  -0.0001742103
       -0.0044041802   0.0002112086   0.0056956744  -0.0006184419   0.0001864127
        0.0001375241   0.0008868499   0.0004492617   0.0001950330  -0.0003910266
        0.0005526298  -0.0007887945  -0.0001441989  -0.0003608321   0.0003683170
        0.0006085527  -0.0012183626   0.0006410095  -0.0000255669  -0.0001261911
        0.0000061466   0.0001366343  -0.0000436134   0.0001264822  -0.0000416297
        0.0002504191  -0.0003257724   0.0000186093   0.0000381874   0.0000769434
       -0.0000629050   0.0000703696  -0.0000672128  -0.0041078294  -0.0005408063
       -0.0013317949   0.0007006464  -0.0001570779  -0.0003260819  -0.0045315720
       -0.0007877470  -0.0004069485   0.0012046684  -0.0104827283  -0.0083557418
       -0.0009300366  -0.0044654266  -0.0025795826  -0.0000287877   0.0004836986
        0.0005071145  -0.0011314608  -0.0005118204  -0.0002382335   0.0000342070
       -0.0000655147   0.0000563259   0.0001446734   0.0000478599  -0.0000086112
        0.0000169908  -0.0000123012  -0.0000220704   0.0000755156  -0.0000058485
        0.0000133520  -0.0000084082   0.0000156235   0.0000049460  -0.0001116051
       -0.0000687590  -0.0000212948   0.0001316734  -0.0000183329  -0.0000307346
        0.0006023150   0.0000808794  -0.0014784026   0.0000181664  -0.0001512798
       -0.0000200002  -0.0000746674   0.0000418522  -0.0000428027  -0.0000340088
       -0.0000126910  -0.0000155165  -0.0000456825   0.0000708858  -0.0000325813
       -0.0000699923  -0.0002064182   0.0000097788  -0.0000954934   0.0002407615
        0.0000521611  -0.0373547243  -0.0095570348   0.0182030616   0.0123767048
       -0.0233239458  -0.0222856301   0.0305000045   0.0345380740  -0.0040240261
        0.0921987633  -0.0587828280  -0.1357002567  -0.1847861041   0.1525144185
        0.3245578192   0.0291823172  -0.0758642835  -0.0914523253   0.0150057977
       -0.0189176809  -0.0144164286   0.0011892704   0.0018903067  -0.0002610954
       -0.0041227950  -0.0042419623   0.0025456156   0.0242768593   0.0153382299
       -0.0638693522  -0.0006893463  -0.0016324846  -0.0006607246  -0.0019027011
       -0.0005544636  -0.0006206903  -0.0052168856  -0.0051725658   0.0035082656
        0.0000860256  -0.0002556502  -0.0002521002  -0.0000013639  -0.0000376157
       -0.0000098891   0.0000250394   0.0001498487   0.0002623138  -0.0009064865
       -0.0001737984  -0.0005848999   0.0014417554   0.0007310096  -0.0036830079
        0.0208465671   0.0140684286  -0.0107364581   0.0004428164   0.0003251013
        0.0003274725  -0.0004987677  -0.0004773338   0.0004369309  -0.0009211498
       -0.0000029309  -0.0008947913   0.0002437636  -0.0002491541   0.0002893035
        0.0000520203   0.0009381260  -0.0002277730   0.0001236879  -0.0000549704
        0.0000202907   0.0001100268  -0.0001516641   0.0001179041  -0.0008591669
       -0.0004011786  -0.0009701884   0.0001134194  -0.0000136799  -0.0000362469
       -0.0001238715   0.0000364881   0.0000009146   0.0033306800  -0.0007310995
        0.0048013469   0.0000554460  -0.0004756061   0.0000116142   0.0029164057
       -0.0015851113   0.0049653184   0.0006052000  -0.0159328462  -0.0076220769
       -0.0001870060  -0.0030143728  -0.0001182286   0.0002411411   0.0004480165
        0.0001732268  -0.0003045745  -0.0002670773  -0.0000900821  -0.0000469334
       -0.0000282906  -0.0000241328  -0.0001555152  -0.0000543890  -0.0000025885
       -0.0000398401  -0.0000086809   0.0000116232  -0.0001568438   0.0000109891
        0.0000271614   0.0000209672  -0.0000185814  -0.0000199795   0.0003122860
       -0.0000716197   0.0000307410   0.0005497120  -0.0001534572   0.0000452859
        0.0014491271   0.0007816330   0.0004285035   0.0007440290   0.0004306593
       -0.0022698946  -0.0000041963  -0.0000369343  -0.0000111644   0.0000043667
        0.0000097129  -0.0000324298  -0.0000004423  -0.0000020936   0.0000498077
       -0.0000160833   0.0000980428  -0.0000790005  -0.0000224748  -0.0000120333
       -0.0000052269  -0.2275419913  -0.1515592276   0.0394172907  -0.0541582244
        0.0148556706   0.0383952577  -0.0124375430  -0.0268372299  -0.0074654496
        0.0252104139   0.0243023526  -0.0047338832  -0.0812538090   0.0183470069
        0.0291823172   0.5675985589   0.0836582936  -0.2091166004  -0.0036574263
       -0.0004133976   0.0056908367  -0.0003827695  -0.0000901006   0.0003693885
       -0.0026166173  -0.0024303899   0.0007994451  -0.0038731349  -0.0223963062
       -0.0072352184  -0.0001657283  -0.0010020328  -0.0004135789  -0.0001636667
        0.0000059905  -0.0000027084   0.0002884504  -0.0007725227   0.0003103087
        0.0000375566  -0.0000232746  -0.0000261520  -0.0000660390   0.0000414289
        0.0000123039  -0.0000951188  -0.0003177776  -0.0000581601  -0.0004783768
        0.0005953915  -0.0000303680  -0.0000842060  -0.0000570387  -0.0001867403
       -0.0000400664  -0.0003980216  -0.0005292505  -0.0045518946  -0.0005849296
        0.0007957585  -0.0000690037  -0.0001406861  -0.0000819153  -0.0001321086
       -0.0002421316  -0.0002150467   0.0000683103  -0.0001316663   0.0001407724
        0.0000627396   0.0000851037   0.0000547570  -0.0000362604   0.0001182625
       -0.0000576826  -0.0000529257   0.0000423800  -0.0000442728  -0.0000108852
        0.0000898992  -0.0000601125  -0.0000128289  -0.0000003523   0.0000019403
       -0.0000102575  -0.0000150234  -0.0000090862  -0.0012995648  -0.0025661191
        0.0002926183  -0.0020571259   0.0004886115   0.0056119160   0.0001193995
       -0.0001922716  -0.0007155057  -0.1975012470   0.0676510293   0.1074400229
        0.0000140031   0.0012469472   0.0014803008  -0.0000563259  -0.0000824257
       -0.0000254392  -0.0002561542  -0.0001606709  -0.0000423084  -0.0000134913
       -0.0000078582  -0.0000161616  -0.0000292445  -0.0000153832   0.0000069597
       -0.0000290720  -0.0000330877  -0.0000063226  -0.0000228157  -0.0000014379
       -0.0000018292   0.0000262546  -0.0000248415  -0.0000015085   0.0000031911
        0.0000655201   0.0000647379  -0.0000607192  -0.0000634739   0.0000613890
       -0.0000615789  -0.0011302458   0.0008034816  -0.0000883808   0.0000004866
        0.0002563896  -0.0000107627  -0.0000061765   0.0000110912  -0.0000066135
       -0.0000057877  -0.0000185815  -0.0000063410   0.0000215047  -0.0000211738
        0.0002365261   0.0000856189   0.0001431129  -0.0000948340  -0.0001433180
       -0.0000415376  -0.0883530422  -0.1752127620  -0.0042590780  -0.0332374981
        0.0475072206   0.0393649540  -0.0229750723  -0.0473528647  -0.0062059019
        0.0661932276  -0.0155977185  -0.0444269100  -0.0373492949  -0.2826233504
       -0.0758642835   0.0836582936   0.5912106732   0.1417997044  -0.0022163055
        0.0041357123  -0.0007766709  -0.0008858215  -0.0007667370   0.0000332640
       -0.0024479504  -0.0012504234   0.0004481407  -0.0122841002  -0.0242255405
       -0.0021589268  -0.0001742956  -0.0008868741  -0.0003265746  -0.0001871320
       -0.0002942693  -0.0001481267   0.0027712307  -0.0003676488   0.0003644139
       -0.0000432062  -0.0000484212  -0.0000123500   0.0000146253  -0.0000305617
       -0.0000188116  -0.0000000061   0.0000193314  -0.0000278649   0.0003368973
        0.0000993195   0.0004102131   0.0002569257  -0.0000025903  -0.0000513079
        0.0005608236  -0.0012352859  -0.0013173595  -0.0005073336   0.0009103994
       -0.0004094499  -0.0001884941   0.0001919639  -0.0000002424  -0.0001066972
       -0.0013653245   0.0003012524   0.0001116709   0.0005931177  -0.0001163407
        0.0001904848   0.0004748224   0.0000204801  -0.0000032792   0.0000760350
       -0.0000181250  -0.0000175832   0.0002002456   0.0000272235  -0.0000755273
        0.0001190101  -0.0004417344   0.0000212791   0.0000686187   0.0000035756
        0.0000585858  -0.0000432701  -0.0000149380  -0.0216353405  -0.0204943542
        0.0045805494   0.0010303078   0.0013721356  -0.0032216474  -0.0007051189
       -0.0001840795  -0.0002177444   0.0687525971  -0.0739374909  -0.0470756358
        0.0003097719  -0.0006975127   0.0001368995  -0.0000395354   0.0000970750
        0.0000704083  -0.0001641803  -0.0000559369  -0.0000143874   0.0000380362
        0.0000332204  -0.0000855072   0.0000245981   0.0000398242   0.0000155308
        0.0000382330   0.0000020878  -0.0000114007   0.0000438813  -0.0000115164
       -0.0000527673  -0.0000456418  -0.0000052480   0.0000222092  -0.0000847176
        0.0000051362  -0.0000035688   0.0001441030  -0.0000395880  -0.0001424918
       -0.0006487136   0.0000756582  -0.0001762299  -0.0003234395  -0.0005108899
       -0.0000789581  -0.0000151336   0.0000496644   0.0000014490  -0.0000178861
        0.0000362680  -0.0000273690   0.0000350819  -0.0000195816   0.0000008616
       -0.0000207911   0.0001445024  -0.0001153156  -0.0000301517  -0.0000423796
       -0.0000288543   0.0675249059   0.0324099536  -0.0700886890   0.0169222543
        0.0112625106  -0.0030207712  -0.0053268364  -0.0038123331  -0.0026058167
        0.0152588378  -0.0205592348  -0.0188437340   0.0035035619  -0.1065612571
       -0.0914523253  -0.2091166004   0.1417997044   0.2863537957   0.0048603202
       -0.0016880765   0.0010046170  -0.0005311762  -0.0001350547   0.0003393858
        0.0011160219   0.0013421267  -0.0001730983  -0.0030955345   0.0033175911
        0.0013726400  -0.0000735296   0.0003328566   0.0002382618   0.0000326205
       -0.0001331762  -0.0000178156   0.0006242575  -0.0000438168   0.0001256251
       -0.0000778946  -0.0000433157   0.0000186031  -0.0000032235  -0.0000543562
       -0.0000222974  -0.0000913851  -0.0000119509  -0.0001123757   0.0004168689
        0.0005021186   0.0000102350  -0.0000446730   0.0001373942  -0.0000309367
        0.0010314818   0.0004503202  -0.0006497278  -0.0017242080  -0.0000921557
        0.0012610109  -0.0001163138  -0.0000260089   0.0003318706   0.0002902442
       -0.0008339108   0.0002448610   0.0000965426   0.0004117876  -0.0001499123
       -0.0000669872   0.0002151641   0.0001324963   0.0000039989   0.0000202298
       -0.0000471381   0.0000278022   0.0000606164   0.0000660201  -0.0000487309
       -0.0001110035  -0.0002022674   0.0000129097   0.0000128458  -0.0000010572
        0.0000200729  -0.0000296234   0.0000081285  -0.0084263843  -0.0070226033
        0.0014697344   0.0056531975  -0.0029553509   0.0030680716  -0.0006163891
        0.0001674800  -0.0000254061   0.1102436754  -0.0494346459  -0.1087342000
        0.0005037135  -0.0009463565   0.0005429304   0.0000601725   0.0001294723
        0.0000077338   0.0001536141   0.0000870492   0.0000579639  -0.0000288948
       -0.0000016299  -0.0000097306   0.0000186505   0.0000173289  -0.0000065515
        0.0000149903   0.0000002812  -0.0000138016   0.0000313656   0.0000068870
       -0.0000344156   0.0000392307  -0.0000129812   0.0000596834   0.0001617188
       -0.0000923480   0.0000214404   0.0000524661   0.0000090071  -0.0000350319
        0.0005658385   0.0015704481  -0.0003981384   0.0001692840   0.0002264464
        0.0000742616  -0.0000038046   0.0000249961  -0.0000009523  -0.0000065760
        0.0000132251  -0.0000098723   0.0000394665  -0.0000287742   0.0000208626
       -0.0408913063  -0.0078130111  -0.0126396015  -0.0030833963   0.0027535631
       -0.0054631033   0.0019032676   0.0009177689  -0.0007173289  -0.0033174786
       -0.0025736810   0.0037925259  -0.0022703606  -0.0325215481  -0.0113636521
       -0.0738187016  -0.0217129171   0.0124267191  -0.0026404476   0.0264266228
        0.0150057977  -0.0036574263  -0.0022163055   0.0048603202   0.5129136039
        0.1108619959  -0.1923137025  -0.1905277316  -0.0556568795  -0.0130626791
       -0.0260460003  -0.0121195119   0.0139369109   0.0016090308  -0.0001003383
       -0.0029605888  -0.0016810935  -0.0004370394   0.0043352406   0.0003894299
        0.0000248471  -0.0000519087  -0.0001869826  -0.0002200827   0.0000420631
        0.0003799322  -0.0000088690   0.0000526147   0.0000404452  -0.0000832898
       -0.0000297864   0.0000127138   0.0000025694  -0.0000178098   0.0001654519
       -0.0001148069  -0.0001345399   0.0000435462  -0.0000119884  -0.0000905419
        0.0002517145   0.0000871647  -0.0000283283  -0.0000979808   0.0001365373
        0.0001646851   0.0000640671  -0.0001131138   0.0000162198  -0.0051263162
        0.0000135462  -0.0016517419   0.0003083482  -0.0008768890   0.0003079795
        0.0028359851   0.0013233598  -0.0012611018   0.0001122177   0.0000100965
        0.0004148100   0.0002556629   0.0000038873  -0.0000674248   0.0007546253
       -0.0018789807   0.0013642696  -0.0003387864  -0.0000074770   0.0000497651
       -0.0020888603  -0.0000282689   0.0001078007  -0.0002728400   0.0001594198
       -0.0005989736  -0.0002989283  -0.0013077252  -0.0004435712   0.0004982038
       -0.0007303613  -0.0019166080   0.0000611760   0.0011551619   0.0004457236
       -0.1628232447   0.0027671194   0.1891935092  -0.0023909561  -0.0058674688
       -0.0016048818   0.0002711469   0.0002075528  -0.0000319158  -0.0013721646
       -0.0004252025   0.0001502041   0.0000617035   0.0000232279  -0.0000297258
       -0.0000424698   0.0000225820  -0.0000078496   0.0000148037   0.0000013653
        0.0000433957   0.0000504532  -0.0000079289  -0.0000183687   0.0000315156
       -0.0000196055  -0.0000524941   0.0000516569   0.0000040396   0.0000016674
       -0.0000078320   0.0000502793  -0.0001158581  -0.0000995756  -0.0000829026
        0.0000249348   0.0000037498  -0.0001480530  -0.0000037681   0.0000539021
        0.0000996111  -0.0001315266  -0.0000574736   0.0000319278   0.0000722242
       -0.0036269285   0.0051514232  -0.0015327898   0.0006218145   0.0005655170
        0.0000620546   0.0006492871  -0.0036728785  -0.0020264590  -0.0039563678
        0.0047283236   0.0005754367  -0.0175574635  -0.0436865276  -0.0131889193
       -0.0080921218  -0.2309043571  -0.0808805900   0.0115598818  -0.0229714893
       -0.0189176809  -0.0004133976   0.0041357123  -0.0016880765   0.1108619959
        0.4210744471   0.1956648120  -0.0658723326  -0.0841698899  -0.0307904356
       -0.0051111448   0.0002975093   0.0051057828  -0.0012519078  -0.0024710558
        0.0014514089  -0.0001384097   0.0009106675   0.0007247969   0.0001948300
       -0.0003764404  -0.0001061783   0.0008495567   0.0007585990   0.0001708703
        0.0001571313   0.0002595286   0.0000371497  -0.0001225902  -0.0000758178
        0.0000298265   0.0001234149   0.0001654377  -0.0000312214  -0.0005535082
       -0.0002259151   0.0003268321  -0.0001813186   0.0000650150  -0.0002822920
        0.0006290288   0.0007172699   0.0000215815   0.0014713002   0.0001845494
       -0.0002014229  -0.0001691329   0.0000101515  -0.0005108013   0.0022132817
        0.0012257789  -0.0010689302  -0.0006133040   0.0000505217   0.0002741189
       -0.0024349555  -0.0003376118   0.0026998330  -0.0000485681  -0.0002194952
       -0.0007883973   0.0006407170  -0.0002730688  -0.0004389242   0.0021899557
        0.0013571269  -0.0000594618   0.0004469506   0.0000887610   0.0000353144
       -0.0005598554   0.0002897125  -0.0002526854   0.0002489461  -0.0004626212
        0.0004849929  -0.0004145742  -0.0013805878  -0.0002398214   0.0016452225
        0.0010163952   0.0006570152  -0.0010656383  -0.0005824354  -0.0000338174
        0.0063710004  -0.0319473556  -0.0506502487  -0.0292884774  -0.0200003994
       -0.0050145064   0.0005160505   0.0004487426   0.0000527461  -0.0002460305
       -0.0000573779   0.0002121332   0.0001945292   0.0000843570   0.0000193082
        0.0000270230   0.0000258198   0.0000234208   0.0000440997  -0.0000380378
        0.0000146084  -0.0000434328   0.0000241799  -0.0000451165   0.0001859181
        0.0000967185  -0.0000314148   0.0000086860   0.0000136822   0.0000552355
       -0.0000688347  -0.0000498734   0.0004894606   0.0001511461   0.0001969877
       -0.0004589186  -0.0000676440   0.0001978943   0.0000255624  -0.0001465224
       -0.0002092140   0.0001349248   0.0000426936  -0.0000283789  -0.0001101165
       -0.0245477031  -0.0056089273  -0.0013852489  -0.0022809994   0.0016765896
       -0.0028694840  -0.0011243394  -0.0004667246   0.0002351141   0.0028029457
       -0.0010785547   0.0017626536  -0.0002247918  -0.0019916374   0.0034742455
        0.0195319190  -0.1145561020  -0.0951309441   0.0051514690  -0.0274347797
       -0.0144164286   0.0056908367  -0.0007766709   0.0010046170  -0.1923137025
        0.1956648120   0.4246231053   0.0035329162  -0.0180607091  -0.0623743393
        0.0260812792   0.0118784901  -0.0012170704  -0.0025294365   0.0003431083
        0.0009957210   0.0031293105   0.0006928631  -0.0049748863   0.0002312960
        0.0001080358  -0.0002080892  -0.0000152083  -0.0003005419  -0.0001370681
        0.0001575530  -0.0000393101   0.0001563195  -0.0000697816  -0.0000500870
        0.0000160069   0.0000524403   0.0000668283   0.0000285340  -0.0001385137
        0.0000013883   0.0000303846  -0.0001214620   0.0000512913   0.0000348023
       -0.0000549215   0.0004593718   0.0000237118   0.0003217680   0.0000055519
        0.0002130791   0.0001297223  -0.0003456635  -0.0001084416  -0.0026379769
        0.0004369905  -0.0012326526   0.0008437127  -0.0002126628   0.0000392181
        0.0022786326   0.0025424615  -0.0036176180   0.0005836952  -0.0002115338
        0.0001540840   0.0002228466  -0.0001063406   0.0007856737   0.0003061571
       -0.0019310185   0.0009049142  -0.0001967909  -0.0000452230   0.0000159299
       -0.0012048522  -0.0000225998   0.0000573955  -0.0003761731   0.0003036532
       -0.0006221397   0.0000725769   0.0001470607   0.0000797767  -0.0001273830
        0.0021317566  -0.0001040774  -0.0002934765  -0.0011565523  -0.0003958679
        0.1673368010  -0.0339160444  -0.2448116239  -0.0114974983  -0.0086451324
       -0.0011949137  -0.0002248732   0.0000358356  -0.0002639567   0.0014740897
        0.0004045051  -0.0000002447   0.0000003245   0.0000207761  -0.0000191956
       -0.0000349678   0.0000431293  -0.0000222750  -0.0000301684  -0.0000000013
        0.0000288467   0.0000195004  -0.0000396500  -0.0000145923   0.0000064477
        0.0000561194   0.0000219542  -0.0000444400  -0.0000137842   0.0000582286
       -0.0000355808   0.0000471437   0.0002515251  -0.0000186689   0.0000283046
        0.0000831639   0.0001496120  -0.0002060435   0.0000827407  -0.0000023825
        0.0000491197  -0.0001038994   0.0000382397   0.0000211082   0.0000633114
       -0.0765118530   0.0290773553  -0.0339059788  -0.0201017467   0.0108439385
       -0.0135452272   0.0002301571   0.0001696165  -0.0001261158  -0.0001341988
       -0.0005428724   0.0007671908   0.0006141368   0.0023845120   0.0002485287
       -0.0016280786  -0.0135748657  -0.0090137208  -0.0000201237   0.0015299656
        0.0011892704  -0.0003827695  -0.0008858215  -0.0005311762  -0.1905277316
       -0.0658723326   0.0035329162   0.4356006413   0.0039656230  -0.0096959398
       -0.0674973943   0.0052347151   0.0271592063  -0.0019783663   0.0042329904
        0.0069108617  -0.0181531732  -0.0050574169   0.0220813552   0.0026324862
        0.0001000083  -0.0006189985   0.0001961075  -0.0002848206  -0.0002469624
       -0.0005221276  -0.0002618442  -0.0002535210   0.0001740101   0.0000681176
       -0.0000175459  -0.0000755958  -0.0000848066  -0.0000316493   0.0000085971
        0.0003149612   0.0002044412  -0.0001425301  -0.0000308366   0.0001477031
        0.0001169037   0.0001838413  -0.0001870821  -0.0002113122  -0.0002530550
       -0.0001521818  -0.0000199566   0.0003116955   0.0000495352   0.0154094481
       -0.0043666002  -0.0071553895  -0.0015850278   0.0059616114  -0.0005828284
       -0.0053914909  -0.0022572517  -0.0000423384  -0.0006305750   0.0001228519
        0.0007324322   0.0032091804  -0.0018259756   0.0032672512  -0.0004965070
        0.0022413544   0.0007352570   0.0003438977   0.0001620562   0.0000170599
       -0.0039217029  -0.0008391243   0.0000363133   0.0000462625   0.0001481535
        0.0000259088   0.0001850797   0.0000816506  -0.0001034200   0.0003125692
       -0.0000842963  -0.0003308806   0.0001064972   0.0001296496   0.0000929539
       -0.0192576836  -0.0051147877  -0.0036419887  -0.0465304080   0.0347041009
        0.0117114637   0.0009862234   0.0005435291   0.0007925065  -0.0045392168
       -0.0011409635   0.0003378757  -0.0000068665   0.0000546217   0.0000354064
        0.0001054956  -0.0000420613  -0.0000087044   0.0000284127   0.0000075605
       -0.0000446955  -0.0000487550  -0.0000128033   0.0000237811  -0.0000608544
       -0.0000396349   0.0000266170   0.0000009871   0.0000325904  -0.0000310076
        0.0000635616  -0.0000502260   0.0001341989   0.0000639068  -0.0001331208
        0.0000208057  -0.0001763101   0.0002646233  -0.0001407486   0.0000658136
       -0.0000827127   0.0001722070   0.0000519805  -0.0000334633  -0.0000449457
        0.0292309211  -0.0951475732   0.0351214987   0.0012784921   0.0024355267
       -0.0032358987   0.0000219958   0.0005500592   0.0002846002  -0.0013840020
       -0.0016605042  -0.0000510903   0.0003870175  -0.0034320303  -0.0035204840
       -0.0266591648  -0.0290753825  -0.0075944789  -0.0008731795   0.0033149666
        0.0018903067  -0.0000901006  -0.0007667370  -0.0001350547  -0.0556568795
       -0.0841698899  -0.0180607091   0.0039656230   0.5319338414   0.0383983323
        0.0007856313  -0.0590603792  -0.0013894814   0.0098705737  -0.0028823198
       -0.0234338582  -0.0080868541  -0.0017420807   0.0098220639   0.0004502023
        0.0003563361   0.0004683185  -0.0008266917   0.0001970247  -0.0000319766
        0.0001706843  -0.0000194305   0.0000577298  -0.0000134897  -0.0000359753
       -0.0000309420  -0.0000021733  -0.0000371620   0.0000310387   0.0001849859
        0.0001089384  -0.0002692234   0.0002105747  -0.0001228332  -0.0004010948
        0.0008383146  -0.0045257957  -0.0021885582  -0.0003300805   0.0001046270
        0.0001410410   0.0001147368  -0.0002487153   0.0002663333  -0.0037428114
        0.0004552577   0.0147153121   0.0017490045  -0.0031194491  -0.0005214502
        0.0001818383  -0.0003877301   0.0006828866   0.0002710860  -0.0000798648
       -0.0005061539  -0.0021873345   0.0025228746  -0.0029259532   0.0157796032
       -0.0215944028   0.0211159320  -0.0007031928   0.0001153170  -0.0001527134
       -0.0008732523   0.0006122694   0.0001369137   0.0000686779   0.0001542322
        0.0000639727   0.0000967315  -0.0003563312  -0.0000969748   0.0002183612
        0.0001407091  -0.0001792600   0.0001230087   0.0001632399  -0.0000023480
        0.0014321380  -0.0001759846   0.0026694579   0.0373526716  -0.2338266250
       -0.0612835177  -0.0009230966   0.0001863672   0.0009693371  -0.0027514450
       -0.0004151573   0.0000813274  -0.0000905322  -0.0000300852  -0.0000156208
       -0.0000466725   0.0000118456  -0.0000117098  -0.0000380544   0.0000054001
        0.0000108346   0.0000111072  -0.0000027510   0.0000042468  -0.0000522861
       -0.0000340299  -0.0000260355   0.0001630743  -0.0000029305   0.0000004356
        0.0002400324  -0.0001955883  -0.0011773524   0.0000078249  -0.0001598641
        0.0002992639   0.0002183884  -0.0000457539   0.0000818688  -0.0000936213
        0.0000238675  -0.0000248634   0.0000016138  -0.0000393437  -0.0000462491
       -0.0299730372   0.0336564319  -0.1057415354  -0.0039991441  -0.0016551368
        0.0022144096   0.0001593175  -0.0002041864  -0.0002491636   0.0000560543
       -0.0001432568   0.0014245331  -0.0005745820  -0.0022573434  -0.0003614960
       -0.0124821209  -0.0000803357  -0.0020835881  -0.0001754075   0.0009696773
       -0.0002610954   0.0003693885   0.0000332640   0.0003393858  -0.0130626791
       -0.0307904356  -0.0623743393  -0.0096959398   0.0383983323   0.4316795592
        0.0403151582  -0.0054656669  -0.1399152255   0.0064967181  -0.0082645331
       -0.0148693635   0.0058913459   0.0017020396  -0.0013494973   0.0000914432
       -0.0002419716   0.0001585107  -0.0001130960   0.0004034176   0.0000493063
        0.0000711849   0.0001822432  -0.0002998600  -0.0000163242  -0.0000833850
       -0.0000146572   0.0000126352   0.0000414970   0.0000090851   0.0000600164
       -0.0002919071  -0.0002839054   0.0003023883   0.0000217020  -0.0004346079
        0.0006046970  -0.0016244274  -0.0003785930   0.0000380431   0.0001976983
        0.0000016717  -0.0001964570   0.0001890168   0.0001057932  -0.0005452080
        0.0104878707  -0.0299390757  -0.0018826381  -0.0026023310   0.0011379977
        0.0018724514   0.0015624258   0.0011545003  -0.0010000998   0.0005411912
        0.0005044323  -0.0152298269   0.0144142571  -0.0236937146  -0.0012000410
        0.0021672408   0.0008967919   0.0000840203  -0.0000735064   0.0001444365
        0.0018526456  -0.0004434014   0.0005930762  -0.0000654867   0.0001021117
       -0.0001677936  -0.0000335911  -0.0001316360  -0.0000989046   0.0001000043
       -0.0000264431  -0.0000698717  -0.0000205885  -0.0000282436   0.0000322452
        0.0210871197   0.0109419832   0.0002702408   0.0125559387  -0.0601252469
       -0.0593364616  -0.0007891621  -0.0005624492   0.0005484861  -0.0010386111
       -0.0005738764   0.0005981439  -0.0000437645  -0.0000289102   0.0000420125
       -0.0000154306  -0.0000357943   0.0000921205  -0.0000225480   0.0000012019
        0.0000152536   0.0000141821   0.0000261211  -0.0000083641   0.0000254657
       -0.0000905474  -0.0000448570   0.0000802521  -0.0000149376   0.0000563156
        0.0001212265  -0.0001236493  -0.0003592313  -0.0000648338   0.0000800130
        0.0001449429  -0.0001459659   0.0000633158  -0.0001428244   0.0000895966
       -0.0001396974   0.0002073694   0.0000352904  -0.0000797962   0.0000574060
        0.0047147058  -0.0004243168  -0.0106070751   0.0010076090  -0.0007774599
        0.0010889207  -0.0001595778  -0.0007156011  -0.0004825526   0.0001139906
        0.0000293372  -0.0001943834   0.0002197569   0.0001756238  -0.0003144207
        0.0011513769   0.0004076888   0.0006093213   0.0017627312  -0.0186687178
       -0.0041227950  -0.0026166173  -0.0024479504   0.0011160219  -0.0260460003
       -0.0051111448   0.0260812792  -0.0674973943   0.0007856313   0.0403151582
        0.5151313322  -0.0060106119   0.0176436767  -0.0611262769   0.0109094499
        0.0036236677  -0.1683009888  -0.0499880543  -0.0057260634  -0.0315143182
        0.0069949447  -0.0085234908  -0.0107323861   0.0193224955   0.0026986788
       -0.0017639653   0.0032829853  -0.0025335476  -0.0007179057  -0.0001877178
        0.0000047134  -0.0004357104   0.0004713791   0.0005978567  -0.0039869701
        0.0007697918  -0.0008646718  -0.0003566719   0.0000466253   0.0000145855
       -0.0004201862   0.0055815937   0.0037952039   0.0003677998   0.0000994233
        0.0000515730  -0.0015640536   0.0003547565  -0.0006413429  -0.0966715256
        0.0424358277  -0.0357547012   0.0069176919  -0.0021491571  -0.0043470720
       -0.0296980445   0.0082738368  -0.0249718188  -0.0004706430  -0.0034059065
       -0.0038628523  -0.0012856255   0.0015843335  -0.0029588571   0.0001224287
        0.0000542549  -0.0002622627  -0.0001481228  -0.0000804858  -0.0002295424
        0.0000880590   0.0000118200   0.0001404751  -0.0002216241  -0.0002108358
       -0.0000220161   0.0000138003   0.0000068330   0.0000512179   0.0001346582
       -0.0000135653  -0.0000459606  -0.0000980735   0.0001379751   0.0000738802
       -0.0040742264  -0.0038467490   0.0007425793  -0.0025068894   0.0010609775
        0.0065596392  -0.0027918408  -0.0027993179  -0.0011775732  -0.0154135849
       -0.0062572928   0.0022845678   0.0000440654  -0.0000574642   0.0001368617
        0.0000311879  -0.0001486075   0.0004825628  -0.0002286778   0.0000243033
       -0.0000178085   0.0000384775   0.0000402060   0.0000041500  -0.0002450662
       -0.0000642956   0.0000602146  -0.0002232098   0.0000163800  -0.0000250539
       -0.0001512573  -0.0000136594   0.0004992364   0.0004059171   0.0000427208
       -0.0003173873   0.0004579626  -0.0002637365   0.0002349275  -0.0004148976
        0.0000085137  -0.0001179266  -0.0008412188   0.0007129396  -0.0007897935
       -0.0039544753   0.0006835639   0.0137269241  -0.0010911643   0.0006332582
       -0.0007120241  -0.0002645241  -0.0009212994  -0.0005965199   0.0001527366
        0.0000172875  -0.0001566901   0.0001622562  -0.0001157761  -0.0003547069
        0.0017634977   0.0014623596  -0.0001860271  -0.0029374362  -0.0235476708
       -0.0042419623  -0.0024303899  -0.0012504234   0.0013421267  -0.0121195119
        0.0002975093   0.0118784901   0.0052347151  -0.0590603792  -0.0054656669
       -0.0060106119   0.4666171377  -0.0073113197   0.0159070702  -0.1439747900
       -0.0306968490  -0.0501291175  -0.0812353372  -0.0048007501   0.0143503133
        0.0019099138   0.0009838290   0.0155138350  -0.0164197756   0.0002267756
        0.0012578070  -0.0029202574   0.0012637379   0.0008084985   0.0002032572
       -0.0001282361   0.0002537863  -0.0002292895  -0.0001748176   0.0013095525
       -0.0012271900   0.0010584509  -0.0003844512  -0.0000421216   0.0001842004
        0.0018844282  -0.0034068209  -0.0062316505  -0.0002442318   0.0000023180
       -0.0002099801   0.0013052366  -0.0007399193   0.0004218491   0.0303400224
       -0.0829577679   0.0253480431   0.0170454042  -0.0457705811   0.0329929731
       -0.0032967187   0.0096701974  -0.0043412632  -0.0037761694  -0.0006396003
       -0.0008685109   0.0011277067  -0.0010397454   0.0023378262  -0.0000470911
       -0.0001479548   0.0002885949  -0.0000414918   0.0000290950   0.0001456840
       -0.0000732986  -0.0001479147   0.0000191902  -0.0002074323  -0.0001723541
        0.0000598881   0.0000105363   0.0000120983   0.0000589385   0.0000927818
        0.0000903309   0.0000097815  -0.0000073854   0.0001171560   0.0000883545
       -0.0024052438  -0.0014161093   0.0010122792   0.0111359806  -0.0023912191
       -0.0243277729  -0.0234694347  -0.0105392166  -0.0040647383  -0.0064031077
       -0.0024546150   0.0005254410   0.0000169728   0.0000508948   0.0000813465
        0.0000689740   0.0001454809  -0.0004532603   0.0000624572   0.0000104613
        0.0000189425  -0.0000216143  -0.0000227806   0.0000076932  -0.0000560878
        0.0000164563   0.0000320505   0.0001040000  -0.0000476004   0.0000537691
        0.0004496622   0.0000013247  -0.0000214826  -0.0002640242   0.0008065370
        0.0016826556  -0.0001889987  -0.0001161520  -0.0001731396   0.0000974923
       -0.0002312596   0.0001001158  -0.0006317114   0.0004092836  -0.0004325836
        0.0034610401   0.0028701838  -0.0281383699   0.0020325466  -0.0006484045
        0.0015059824   0.0002293210   0.0002150640   0.0000732223  -0.0001439531
        0.0000890219   0.0001076552  -0.0001297471  -0.0001599295   0.0000398292
        0.0002831017  -0.0013955355  -0.0001084829  -0.0018266629   0.0022802615
        0.0025456156   0.0007994451   0.0004481407  -0.0001730983   0.0139369109
        0.0051057828  -0.0012170704   0.0271592063  -0.0013894814  -0.1399152255
        0.0176436767  -0.0073113197   0.4256169811   0.0061347431  -0.0331273140
       -0.0660746346  -0.0053016336  -0.0047493472  -0.0605594118  -0.0176306804
        0.0004311161  -0.0014514103  -0.0037387990   0.0078975919   0.0040443001
       -0.0007503121   0.0018996141  -0.0011754384  -0.0005681194  -0.0000510671
        0.0001790638  -0.0001084677   0.0001523800   0.0003061640  -0.0013210171
       -0.0000012274  -0.0015017299   0.0007152528  -0.0005974632  -0.0013500418
        0.0055550105  -0.0237952418  -0.0163673925  -0.0000099371   0.0003744056
        0.0002755454  -0.0009363723   0.0001777985  -0.0006309773  -0.0248818483
        0.0275054767  -0.0897632706  -0.0093083507   0.0212944719   0.0031902974
       -0.0237673632   0.0003731222  -0.0117162901  -0.0022983960  -0.0001402584
        0.0043768548  -0.0022898411   0.0031649198  -0.0034575915   0.0001471350
       -0.0000898158   0.0002044334  -0.0000884922  -0.0000401979  -0.0001898813
        0.0002142414   0.0000124689   0.0000872503   0.0000919427   0.0001490519
        0.0000632096   0.0000310944   0.0000721300  -0.0000341338  -0.0000390876
        0.0000583822  -0.0000096905   0.0000462889   0.0000409813  -0.0000526676
       -0.0012313671   0.0012202519  -0.0001412120   0.0064167119  -0.0033600849
       -0.0138537805  -0.0148701059  -0.0060719212  -0.0021697002   0.0252371620
        0.0097272431   0.0009605031  -0.0000633290  -0.0001157344  -0.0000105688
       -0.0000938833  -0.0000624463   0.0003070930  -0.0001618819   0.0000238762
        0.0000643781   0.0000407244   0.0000045974   0.0000017604  -0.0001011911
        0.0001473876   0.0000293124   0.0004876441  -0.0000280803  -0.0000578973
        0.0013071746  -0.0010018418  -0.0041964236  -0.0000224314  -0.0020950707
        0.0004241399  -0.0007688617   0.0003969722  -0.0006275307   0.0006144322
       -0.0000394388   0.0005128109  -0.0001326741   0.0001385276   0.0000275198
        0.0001777193  -0.0001083459  -0.0002365743  -0.0005678528  -0.0000264051
       -0.0001892962   0.0038014387  -0.0001809889   0.0020678271  -0.0008868234
       -0.0002250655   0.0002713209   0.0000259970   0.0013511124   0.0046477115
       -0.0238992959  -0.0104845120   0.0112685037  -0.1285258017  -0.0525692188
        0.0242768593  -0.0038731349  -0.0122841002  -0.0030955345   0.0016090308
       -0.0012519078  -0.0025294365  -0.0019783663   0.0098705737   0.0064967181
       -0.0611262769   0.0159070702   0.0061347431   0.4577263976   0.0344512995
       -0.0286117492  -0.0034312005  -0.0190180150  -0.0100445305  -0.0185752837
       -0.0094507338  -0.0114999463  -0.1098973227   0.0147896978  -0.0288365128
       -0.0002400726  -0.0015623540  -0.0019854681   0.0003455742   0.0000592127
        0.0000678347  -0.0010235645   0.0018732252   0.0029343316  -0.0266826269
        0.0097312129   0.0052397731  -0.0126740268   0.0040666509   0.0221646577
       -0.0607675214  -0.0014875517   0.0163262052   0.0006191438  -0.0013082847
       -0.0005062377  -0.0002539992   0.0001483267  -0.0004362857  -0.0014085921
        0.0140992764   0.0054805389  -0.0011623300   0.0033285774  -0.0029299273
       -0.0007207075   0.0000394879  -0.0006088636   0.0004080933  -0.0000327934
        0.0000201487  -0.0000756103  -0.0000245201  -0.0000645297   0.0002184083
        0.0000363720   0.0003300997   0.0000396973   0.0000909560  -0.0000274368
       -0.0000759646  -0.0000512276  -0.0000472311   0.0000542894   0.0001778351
        0.0001204801  -0.0002701742   0.0003713448  -0.0006397814  -0.0009081232
       -0.0005085551   0.0000724775  -0.0003585528   0.0010662914  -0.0007368746
        0.0001641181  -0.0001265980  -0.0004960441  -0.0005727135   0.0001609660
        0.0019867950  -0.0043378078  -0.0016489542  -0.0008904347   0.0003263217
       -0.0001874550   0.0000003953  -0.0005874304  -0.0001759606   0.0002134988
        0.0001466674  -0.0000178299   0.0001034176  -0.0009890459   0.0000318000
       -0.0002669317   0.0001226578  -0.0000834852   0.0000830271  -0.0004086605
        0.0002684459   0.0000059188  -0.0042205713   0.0008154490  -0.0006500925
        0.0027351013  -0.0000119934  -0.0097184146   0.0018904467   0.0002065699
       -0.0053351667   0.0000655036  -0.0000133723   0.0000494851   0.0000148491
       -0.0000471394   0.0000301539   0.0000079990  -0.0000543861  -0.0000096215
       -0.0002454974   0.0003778887   0.0003770074  -0.0003743881  -0.0008004492
       -0.0002360098   0.0001827162  -0.0031098951  -0.0041941933  -0.0001848537
        0.0000045938   0.0001185655   0.0004501907   0.0007133619  -0.0026045832
        0.0002087804   0.0063845583   0.0028437135  -0.0595613739  -0.1064728491
        0.0153382299  -0.0223963062  -0.0242255405   0.0033175911  -0.0001003383
       -0.0024710558   0.0003431083   0.0042329904  -0.0028823198  -0.0082645331
        0.0109094499  -0.1439747900  -0.0331273140   0.0344512995   0.4599582681
        0.0230690172  -0.0096570565  -0.0225110528  -0.0099640442  -0.0125464126
        0.0018269850  -0.0070842732   0.0205142627  -0.0658590319   0.0114891068
       -0.0007963455  -0.0026762412  -0.0010248812   0.0000891811   0.0000783117
       -0.0000558002   0.0005722494  -0.0007489467  -0.0015608028   0.0167849327
       -0.0033309933  -0.0011393155   0.0016010340   0.0007614819  -0.0002965861
       -0.0008224524  -0.0632200772  -0.0014677566  -0.0006372024   0.0011242379
        0.0002482621   0.0150859980  -0.0041170128   0.0087503246   0.0071714157
       -0.0177431558   0.0017713861   0.0021627967  -0.0013887863   0.0010698344
       -0.0023702944  -0.0007109061  -0.0011052721  -0.0004204608  -0.0000817394
        0.0001019247   0.0000723619  -0.0001536211   0.0001690834   0.0000832344
       -0.0000550040   0.0002303625   0.0000777946  -0.0002773561  -0.0003032307
       -0.0000379114  -0.0000555909  -0.0000011663  -0.0010550328  -0.0008321745
        0.0000469818   0.0003268653  -0.0000972579   0.0004455268   0.0006242533
       -0.0000314657  -0.0001688947  -0.0001393130   0.0002751361   0.0012596677
       -0.0001233622   0.0000011169  -0.0002294312  -0.0001654728   0.0003758778
        0.0004622900  -0.0027830247  -0.0020696108  -0.0001935097   0.0003094760
        0.0001432035   0.0000997315  -0.0007768070  -0.0003248035   0.0000857151
       -0.0000009272  -0.0000215842  -0.0000730021   0.0005672832  -0.0000259173
        0.0000245430  -0.0000680311   0.0000640481  -0.0000006372  -0.0002701277
       -0.0001373268  -0.0000536668   0.0009210066  -0.0000731111   0.0003305447
        0.0027982706  -0.0006689669  -0.0204445412  -0.0044899266  -0.0011345229
        0.0217346536  -0.0001069330   0.0000768691  -0.0000540893   0.0000177464
        0.0000322677  -0.0000038292  -0.0000857379   0.0000849501  -0.0000758081
       -0.0003321154  -0.0003326875   0.0012071233  -0.0000509218  -0.0001270187
       -0.0000049186   0.0015838395  -0.0038875340   0.0038015098   0.0002500629
       -0.0004181685  -0.0004433574   0.0044428763  -0.0029816929   0.0021817499
        0.0147650571   0.0087189592  -0.0035410229   0.0248991719   0.0134524247
       -0.0638693522  -0.0072352184  -0.0021589268   0.0013726400  -0.0029605888
        0.0014514089   0.0009957210   0.0069108617  -0.0234338582  -0.0148693635
        0.0036236677  -0.0306968490  -0.0660746346  -0.0286117492   0.0230690172
        0.4238828768  -0.0029712799  -0.0022241652   0.0001205132  -0.0127422291
       -0.0037862608  -0.0040349000  -0.0341583153   0.0093419011  -0.0768310104
       -0.0003663523  -0.0012187284  -0.0009889708   0.0000312526   0.0001901072
       -0.0000297829   0.0013346422  -0.0003243216  -0.0028493181   0.0102891475
        0.0007769017   0.0068525533   0.0155746677  -0.0041239617  -0.0085114740
        0.0159513125  -0.0001599325  -0.1506496687  -0.0009114425  -0.0007748709
       -0.0004501511  -0.0161828432   0.0056869878  -0.0073709217  -0.0005001928
        0.0109089265   0.0069522037  -0.0017022807   0.0041615434  -0.0038168698
        0.0002938109   0.0001076247  -0.0010136691   0.0001825639  -0.0000527471
       -0.0000914178   0.0000903336   0.0000758612   0.0001885225   0.0001437087
        0.0003256147  -0.0007653095   0.0001052277  -0.0000836830   0.0000201262
       -0.0000560879  -0.0000286049   0.0001053778  -0.0002595753  -0.0005611851
        0.0002636715  -0.0005732042   0.0003992252  -0.0009727181   0.0006814486
        0.0006039409  -0.0005256136  -0.0011580745   0.0006572876  -0.0020154764
       -0.0001367195  -0.0001159021   0.0003637846   0.0025726499  -0.0007311091
       -0.0045054720  -0.0003587553   0.0000081386   0.0001767882   0.0003017479
        0.0002589379  -0.0000318419  -0.0004475792  -0.0001281564   0.0001051621
        0.0000619736  -0.0000542487   0.0000073538   0.0009260332  -0.0001775428
       -0.0000402074  -0.0002024465  -0.0000079592  -0.0000427088  -0.0001945932
       -0.0000149146  -0.0002160167   0.0016736855   0.0005141478  -0.0003217544
        0.0024340355  -0.0036781307  -0.0177587787   0.0029755649   0.0015675783
       -0.0159630450   0.0000678057  -0.0000279904   0.0000076278  -0.0000273619
        0.0000535999   0.0000010135  -0.0000272224  -0.0000189837  -0.0000065727
        0.0000995607   0.0002629306  -0.0013022134   0.0031723407  -0.0016037342
       -0.0000128449   0.0001074915  -0.0000560443  -0.0000000618  -0.0000427389
        0.0000787168   0.0000328364  -0.0000185832  -0.0000971710  -0.0000302166
        0.0000980305   0.0002601723   0.0001056919  -0.0000243709   0.0001657548
       -0.0006893463  -0.0001657283  -0.0001742956  -0.0000735296  -0.0016810935
       -0.0001384097   0.0031293105  -0.0181531732  -0.0080868541   0.0058913459
       -0.1683009888  -0.0501291175  -0.0053016336  -0.0034312005  -0.0096570565
       -0.0029712799   0.4301461718   0.0287895078  -0.0361561037  -0.0808239558
        0.0441749296  -0.0273185473   0.0021478150   0.0015246032   0.0020136109
       -0.0257438741   0.0221515864  -0.0102882343  -0.0023042989  -0.0022894347
       -0.0019764447  -0.0000971238   0.0007715040  -0.0007010149  -0.0002504733
        0.0000954132   0.0000681812  -0.0003605556  -0.0005138786  -0.0000581721
       -0.0001407189   0.0001530705   0.0002056996   0.0002815755   0.0001837955
       -0.0000326245  -0.0007661973  -0.0009528169  -0.0002727510  -0.0212343080
       -0.0018158967  -0.0063369725  -0.0004300888  -0.0044153669   0.0006999451
       -0.0024988167   0.0019344459  -0.0016952113  -0.0005870734  -0.0003564922
       -0.0005691487   0.0000665446   0.0000791772  -0.0000832475   0.0001137592
       -0.0001489003   0.0000560750   0.0002749272   0.0000709271   0.0003644769
        0.0003541750  -0.0003414607   0.0014635082   0.0000047567  -0.0000165097
        0.0000104001   0.0000011135  -0.0000113997  -0.0000155820   0.0000491696
        0.0000017582  -0.0000247424  -0.0000243810  -0.0000064729  -0.0000153475
       -0.0006744637  -0.0005340776   0.0000926682   0.0006925695  -0.0004614043
       -0.0009741584  -0.0405429160  -0.0007596207   0.0006023980  -0.0700422022
       -0.0185812708   0.0784721018   0.0008265500   0.0004740486   0.0003569956
       -0.0002311415  -0.0008056229   0.0025887068   0.0000703004  -0.0000088678
        0.0000228333   0.0001101359   0.0001765176   0.0000831219  -0.0002429167
        0.0007708595   0.0004595942   0.0000648914   0.0000074388  -0.0000079539
        0.0000348827  -0.0001415052  -0.0000114205   0.0002300960  -0.0000253847
        0.0003072555   0.0000620779  -0.0000602892  -0.0000098649  -0.0000366249
       -0.0000373015   0.0000341024  -0.0001589275   0.0000994994  -0.0001321911
        0.0006459016   0.0002305536  -0.0011791540   0.0023550110  -0.0058076637
        0.0081426731  -0.0000801718  -0.0002315982  -0.0001498834   0.0000541612
       -0.0000549435  -0.0000581644   0.0001262098   0.0001867775  -0.0000575810
        0.0002870799  -0.0005752999  -0.0003387005   0.0010885661  -0.0045149293
       -0.0016324846  -0.0010020328  -0.0008868741   0.0003328566  -0.0004370394
        0.0009106675   0.0006928631  -0.0050574169  -0.0017420807   0.0017020396
       -0.0499880543  -0.0812353372  -0.0047493472  -0.0190180150  -0.0225110528
       -0.0022241652   0.0287895078   0.5261477645   0.0209370644   0.0376129759
       -0.1218383719   0.0376437810   0.0029044586  -0.0301027567   0.0062507582
        0.0082245788   0.0000808601  -0.0009457619  -0.0013991379   0.0008378259
        0.0014183735  -0.0001094855   0.0000448216   0.0000515219  -0.0009403277
       -0.0006104574   0.0002316325   0.0003645183  -0.0003385802  -0.0005396223
        0.0000298954   0.0001296175   0.0006023404   0.0003222688  -0.0006748973
       -0.0005501096  -0.0011093498  -0.0038713190  -0.0012631038   0.0092368838
        0.0041059894  -0.0002453657   0.0018216434   0.0008665599   0.0003682837
        0.0035004484  -0.0001711092   0.0029966348   0.0003383950   0.0004656894
        0.0005379853   0.0000155534   0.0001033020  -0.0000609535  -0.0000589759
       -0.0001324954  -0.0000522389  -0.0002370671   0.0008829069  -0.0016550847
       -0.0001001771   0.0000247258   0.0008728071  -0.0000905216  -0.0000731140
        0.0000053688  -0.0000006979  -0.0000026899   0.0000223692   0.0000160693
       -0.0000027408   0.0000057798  -0.0000527215   0.0000544776   0.0000676780
       -0.0001095229  -0.0000858013  -0.0000293187   0.0009671536   0.0005876498
       -0.0003708456   0.0002930076  -0.2060766482  -0.1113725518  -0.0185854589
       -0.0537071152   0.0445887756  -0.0005130472   0.0003029264  -0.0000373974
       -0.0000334867   0.0000105094   0.0001666275  -0.0000179653   0.0000449345
        0.0000654139   0.0001031761   0.0000909920  -0.0000134070  -0.0002994253
       -0.0003483295  -0.0003023370  -0.0001673022  -0.0004313015  -0.0000518799
       -0.0000111207  -0.0001373916  -0.0000378979   0.0001825301   0.0001612396
        0.0000765260  -0.0000345457   0.0000100210  -0.0000518374  -0.0000164292
       -0.0000017342   0.0000204495   0.0001895024  -0.0001141789   0.0001685897
       -0.0011507944  -0.0001033355   0.0023778987  -0.0120221977   0.0230177532
       -0.0255573284  -0.0000880209  -0.0000885003  -0.0000103655   0.0000626786
       -0.0000904451  -0.0000485780   0.0001432956   0.0002297576   0.0000895581
        0.0000455751  -0.0005518000  -0.0004279220   0.0004706708  -0.0016778245
       -0.0006607246  -0.0004135789  -0.0003265746   0.0002382618   0.0043352406
        0.0007247969  -0.0049748863   0.0220813552   0.0098220639  -0.0013494973
       -0.0057260634  -0.0048007501  -0.0605594118  -0.0100445305  -0.0099640442
        0.0001205132  -0.0361561037   0.0209370644   0.5353112312  -0.0238276059
        0.0367591751  -0.0833646352   0.0025141070  -0.0060770425   0.0055545684
       -0.0022577832  -0.0002525142   0.0018413398   0.0009131702  -0.0000248432
       -0.0006707615  -0.0001908459  -0.0000698076   0.0000529517  -0.0001965520
       -0.0001235789  -0.0000596679   0.0002045081   0.0007756106  -0.0001800291
        0.0001731600   0.0002256736   0.0003665989   0.0000910709  -0.0004571084
       -0.0002354827  -0.0007860939  -0.0011640944  -0.0003036311  -0.0151059689
       -0.0032571686  -0.0023503453  -0.0010709402  -0.0024885335  -0.0001191818
       -0.0035221662   0.0019833018  -0.0021792364  -0.0007606610  -0.0004752228
       -0.0005436879  -0.0000821015  -0.0001274633   0.0002121600   0.0001333092
        0.0001162458  -0.0001487020  -0.0004918184   0.0018654637   0.0003878497
        0.0012821487   0.0014752707  -0.0065720252  -0.0000591734  -0.0000508025
       -0.0000215867  -0.0000152501  -0.0000140235   0.0000035921  -0.0000480888
       -0.0000252344   0.0000157404  -0.0000160518   0.0000025227   0.0000306247
        0.0013484144   0.0008711845  -0.0002850272   0.0006568912   0.0007638718
        0.0004577529   0.0014693285  -0.1100903027  -0.1169387029   0.0777538396
        0.0444883549  -0.2384271041   0.0001755467   0.0000383516   0.0003260548
        0.0000914171   0.0000556632  -0.0002200845   0.0000120109  -0.0000365688
       -0.0000268145   0.0000592591  -0.0000117991  -0.0000164380   0.0005307071
       -0.0015378411  -0.0009088533  -0.0000163076  -0.0000665304   0.0000703811
       -0.0000207759   0.0000294789   0.0000411372  -0.0003197885  -0.0003097369
       -0.0001696577   0.0000451983  -0.0000267329  -0.0000172532  -0.0000038312
       -0.0000170355   0.0000284832  -0.0001998090   0.0001256549  -0.0001790757
       -0.0139537510   0.0011260351   0.0271032470  -0.0624176491  -0.0008758523
        0.0229866514   0.0001593942   0.0000256780   0.0001819966   0.0000069375
       -0.0000670196  -0.0000388841   0.0001988799   0.0000212922   0.0002221133
       -0.0003880654  -0.0005955628  -0.0001852696  -0.0024450955   0.0012082663
       -0.0019027011  -0.0001636667  -0.0001871320   0.0000326205   0.0003894299
        0.0001948300   0.0002312960   0.0026324862   0.0004502023   0.0000914432
       -0.0315143182   0.0143503133  -0.0176306804  -0.0185752837  -0.0125464126
       -0.0127422291  -0.0808239558   0.0376129759  -0.0238276059   0.5290626363
        0.0100764904   0.0012939003  -0.0746742172  -0.0300368461  -0.0095480975
       -0.2064814088  -0.0250299558   0.0132479746  -0.0322643906   0.0087555258
        0.0118648204   0.0006582436  -0.0018029161  -0.0025056216   0.0083223289
        0.0082097780   0.0014623669   0.0000395682   0.0002354785   0.0002410734
       -0.0012230460   0.0002763656  -0.0004759182  -0.0007709055   0.0049948904
        0.0034869144  -0.0003173572  -0.0036648012  -0.0014198556  -0.0046029740
       -0.0028636231   0.0008934729   0.0008450666   0.0000465499   0.0001101216
       -0.0017397950   0.0004040645  -0.0014718340  -0.0003148271  -0.0002073490
       -0.0003664081  -0.0059230982  -0.0012628017   0.0016948659   0.0003011940
       -0.0001301968  -0.0000305580   0.0015028003  -0.0003498858  -0.0052344986
        0.0033143691  -0.0001034565  -0.0118885844  -0.0000064511  -0.0000054233
       -0.0000048738  -0.0000286544   0.0000185498  -0.0000389975  -0.0000237786
        0.0000134389   0.0000002276  -0.0001272487   0.0000375113  -0.0000367233
        0.0000918481   0.0000553564  -0.0000460565  -0.0001791356   0.0000298892
        0.0001225959  -0.0002275191   0.0008717686  -0.0001440475   0.0046554885
       -0.0052636424   0.0026634951  -0.0137390348  -0.0047728522  -0.0003148241
        0.0006081822   0.0006837164   0.0022707852   0.0002390894  -0.0001714590
       -0.0002850659   0.0000303537   0.0003334789   0.0001227528   0.0001200926
       -0.0000096078   0.0003266721  -0.0001094431  -0.0000601119  -0.0000450549
       -0.0000050621  -0.0000444053  -0.0002535822  -0.0001168985  -0.0000035722
       -0.0001749673   0.0000383208  -0.0000241184   0.0000199881   0.0000140782
       -0.0000091049   0.0000108635  -0.0000737570   0.0000556628  -0.0000693193
       -0.0008529633   0.0010686354   0.0042581525  -0.0022248388  -0.0609656611
       -0.0012522291   0.0001405297  -0.0000449571  -0.0000500954  -0.0000402490
        0.0000904688   0.0000727995  -0.0001110077  -0.0001347910  -0.0000376411
        0.0001019895   0.0005128500   0.0000837309   0.0001384203  -0.0003187858
       -0.0005544636   0.0000059905  -0.0002942693  -0.0001331762   0.0000248471
       -0.0003764404   0.0001080358   0.0001000083   0.0003563361  -0.0002419716
        0.0069949447   0.0019099138   0.0004311161  -0.0094507338   0.0018269850
       -0.0037862608   0.0441749296  -0.1218383719   0.0367591751   0.0100764904
        0.4330257335   0.0066931564  -0.0309702345  -0.1263036399  -0.0248662904
       -0.0246211090  -0.0649101698  -0.0021318174   0.0198554345   0.0035836687
       -0.0031014985  -0.0006617854  -0.0008645236   0.0026649689   0.0010494590
       -0.0100707133  -0.0080684535   0.0000354741   0.0002551949   0.0001581544
        0.0002556531  -0.0007888008   0.0002951213   0.0012113071  -0.0012518950
       -0.0024895706  -0.0099940964  -0.0193107820  -0.0060187778  -0.0001542148
       -0.0010015866  -0.0004007548  -0.0001484331  -0.0000068224   0.0001235597
       -0.0001535519   0.0001998981  -0.0001722080  -0.0001994422   0.0000037451
       -0.0000784049  -0.0005706965   0.0000960378  -0.0000354478  -0.0001534179
       -0.0003720902   0.0000144295   0.0057249565  -0.0042365174  -0.0259653688
       -0.0042721493  -0.0009581815   0.0205855044  -0.0000159249   0.0000279733
        0.0000139563  -0.0000014512   0.0000219219   0.0000033007   0.0000233405
        0.0000074287  -0.0000080029   0.0000202519   0.0000354858   0.0000464429
       -0.0000654015   0.0000022295  -0.0000075652   0.0001736588  -0.0000273399
       -0.0000154170   0.0136670630  -0.0198750747   0.0084993507   0.0031016426
       -0.0049557787   0.0043491698  -0.0233669580  -0.0052220410   0.0005276669
        0.0017090924   0.0015805605  -0.0069302377  -0.0003910371   0.0003248917
        0.0003149160  -0.0002252003  -0.0006955611  -0.0002315417  -0.0000224039
        0.0000166074   0.0001885012  -0.0000213144  -0.0000536408   0.0001527377
        0.0000214755  -0.0000804326  -0.0000234899   0.0001042241  -0.0000122307
        0.0002801576  -0.0000059107   0.0000118218  -0.0000093413  -0.0000049454
        0.0000109813  -0.0000026455  -0.0000117122   0.0000017295  -0.0000114327
        0.0108163479  -0.0000421535  -0.0080406152   0.0260077391  -0.0040186458
       -0.1648786620   0.0000407211  -0.0000785693   0.0000595011  -0.0000125590
        0.0000112746   0.0000036254   0.0000156102  -0.0000225625   0.0000712996
       -0.0002584530   0.0000377150   0.0001464655  -0.0007881386   0.0005518115
       -0.0006206903  -0.0000027084  -0.0001481267  -0.0000178156  -0.0000519087
       -0.0001061783  -0.0002080892  -0.0006189985   0.0004683185   0.0001585107
       -0.0085234908   0.0009838290  -0.0014514103  -0.0114999463  -0.0070842732
       -0.0040349000  -0.0273185473   0.0376437810  -0.0833646352   0.0012939003
        0.0066931564   0.4400184795  -0.0122402315  -0.0260364909  -0.0731277971
        0.0125025236  -0.0022746383  -0.0566310631   0.0177539115  -0.0013194135
       -0.0016967509  -0.0017531681   0.0035671176  -0.0022304589  -0.0055413782
       -0.0159267133  -0.0094532508   0.0000401744   0.0003239680   0.0002781449
       -0.0000655565   0.0004752967  -0.0004578779   0.0009215748  -0.0049007525
       -0.0027952927   0.0069996045   0.0117763417   0.0048780379  -0.0011790532
        0.0001991750   0.0000915149   0.0000883687  -0.0006767529   0.0002460639
        0.0000066937   0.0000290210  -0.0000404367  -0.0000442468   0.0000206482
       -0.0000726551   0.0008636790   0.0005001030   0.0005661870  -0.0004591067
       -0.0001844331   0.0003205351   0.0027548349  -0.0039865286  -0.0173282271
        0.0031952778   0.0019636439  -0.0196598015   0.0000069315   0.0000197233
        0.0000144760   0.0000024011   0.0000143776  -0.0000213229   0.0000004314
       -0.0000154671  -0.0000073213   0.0000833156  -0.0000275151  -0.0000558251
       -0.0000054147  -0.0000145222   0.0000000681  -0.0000383297   0.0000127576
        0.0000025142   0.0075022659  -0.0095826455   0.0052847666  -0.0135240539
        0.0196211284  -0.0141261657  -0.0104602969  -0.0024802685   0.0009597743
        0.0034502620  -0.0069325834   0.0078218645  -0.0004985137  -0.0001130555
       -0.0000365226   0.0001729118   0.0008042886   0.0000328799   0.0002552439
        0.0001424652  -0.0007282566   0.0000779178   0.0001622481   0.0001758756
        0.0000497571  -0.0000934106   0.0000162482  -0.0000061227   0.0000526709
       -0.0000631430   0.0000088825  -0.0000148442  -0.0000110720  -0.0000075260
       -0.0000048902   0.0000161673  -0.0000135327   0.0000105740  -0.0000029412
       -0.0005171437   0.0003238639   0.0008026397   0.0023237017   0.0036059703
        0.0015946792  -0.0001926227  -0.0004410089   0.0010389729   0.0002273329
       -0.0001071682  -0.0001994631   0.0001968115  -0.0005022521   0.0009836170
       -0.0004107492  -0.0019088587  -0.0019907026  -0.0270784507  -0.0032365626
       -0.0052168856   0.0002884504   0.0027712307   0.0006242575  -0.0001869826
        0.0008495567  -0.0000152083   0.0001961075  -0.0008266917  -0.0001130960
       -0.0107323861   0.0155138350  -0.0037387990  -0.1098973227   0.0205142627
       -0.0341583153   0.0021478150   0.0029044586   0.0025141070  -0.0746742172
       -0.0309702345  -0.0122402315   0.3829062497   0.0131933723   0.0055916545
       -0.0135536335  -0.0230800841  -0.0099550204   0.0032048974  -0.0002075631
       -0.0001809848  -0.0212309802   0.0084390080   0.0196227799  -0.0886604537
        0.0067290404   0.0291443948  -0.0009930749  -0.0001045262   0.0052109957
       -0.0000090583   0.0036030995  -0.0114882247   0.0098337505  -0.0019798507
       -0.0050217886  -0.0407927216  -0.0187872096   0.0151512243  -0.0005428493
        0.0010570315   0.0013063742  -0.0000181016   0.0007292292  -0.0004703530
       -0.0000956898  -0.0002381918  -0.0002221959   0.0000511223  -0.0000812097
       -0.0000637858  -0.0000823874   0.0004161888   0.0002086807  -0.0004330917
        0.0005861744   0.0008576128   0.0002340058   0.0003408166   0.0019331850
        0.0001112625  -0.0000731390   0.0001552413   0.0000376371   0.0000099107
        0.0000236455  -0.0000640755   0.0000906171  -0.0002056688  -0.0000667892
       -0.0000459272  -0.0000104228   0.0000426974   0.0000444612  -0.0003447418
        0.0000907721  -0.0000271229  -0.0000714155   0.0000799460  -0.0000875205
       -0.0001778484  -0.0013289674   0.0009017020  -0.0007406414   0.0001635482
        0.0000142327   0.0000606672  -0.0047630069  -0.0011173093   0.0005131420
        0.0004144959  -0.0000196531  -0.0001277708  -0.0052343689   0.0010371978
       -0.0003053462   0.0008438974  -0.0001902600   0.0002604374   0.0000887536
        0.0000192733  -0.0000017293  -0.0008094190   0.0004723269  -0.0004369715
       -0.0004237320   0.0000082370   0.0002737730  -0.0007177421  -0.0001440588
       -0.0003904345   0.0000273416  -0.0000087772  -0.0000028981  -0.0000027035
        0.0000098331   0.0000118968   0.0000021249   0.0000002495   0.0000069651
        0.0002715926  -0.0005160193  -0.0006097978   0.0001919667  -0.0054758708
       -0.0084659051   0.0004334193   0.0000435315   0.0004505979  -0.0000785618
       -0.0001062795  -0.0000152487   0.0002019000  -0.0001187481   0.0007823686
       -0.0012446664  -0.0014191344  -0.0003397356  -0.0126415720   0.0051575918
       -0.0051725658  -0.0007725227  -0.0003676488  -0.0000438168  -0.0002200827
        0.0007585990  -0.0003005419  -0.0002848206   0.0001970247   0.0004034176
        0.0193224955  -0.0164197756   0.0078975919   0.0147896978  -0.0658590319
        0.0093419011   0.0015246032  -0.0301027567  -0.0060770425  -0.0300368461
       -0.1263036399  -0.0260364909   0.0131933723   0.5151152509  -0.0726708917
       -0.0084984994  -0.0052033498  -0.0018227232   0.0010796902  -0.0000957703
       -0.0003113054   0.0052176622   0.0003934511  -0.0010837006   0.0062967705
       -0.0579762697  -0.0022463445  -0.0032512173   0.0065795751   0.0102217830
        0.0016562696   0.0010819132   0.0065019940   0.0078560858  -0.0424277788
       -0.0327302777  -0.0168473324  -0.1680846040   0.1163589221  -0.0004404232
       -0.0027948408  -0.0029019262   0.0003606664  -0.0017592428   0.0015016706
        0.0001208602   0.0002961618   0.0001248263  -0.0000287664  -0.0000065215
        0.0000895495  -0.0002381543  -0.0000859493  -0.0000085329  -0.0004254610
        0.0002373809   0.0001973085   0.0000840878  -0.0000519815  -0.0000555096
        0.0001651194   0.0006671723   0.0010773476  -0.0000213155  -0.0000855462
       -0.0000137345  -0.0001281107   0.0000184440  -0.0001002431  -0.0001731179
       -0.0000231661   0.0000365851   0.0001084904  -0.0001242926  -0.0002312990
        0.0000844432  -0.0000819196   0.0001199330  -0.0001310942  -0.0000785718
        0.0000735065   0.0019646086  -0.0038831748   0.0019793310  -0.0002281774
        0.0000910417  -0.0000455292   0.0000817589   0.0007993255  -0.0002685520
        0.0001970742  -0.0000928634  -0.0001578629  -0.0006726560   0.0000735793
        0.0000062081  -0.0001302695  -0.0001848648  -0.0000662570  -0.0001098931
        0.0001122801   0.0001651854   0.0008793312  -0.0013725615   0.0031871429
        0.0002969214  -0.0003960132   0.0003052934   0.0002750970  -0.0001405912
        0.0009838500  -0.0000455332   0.0000005189  -0.0000215844   0.0000096989
        0.0000031760  -0.0000161519  -0.0000145897   0.0000127609   0.0000072565
        0.0002419299   0.0001070239   0.0000646153  -0.0061412828  -0.0229925480
       -0.0179463996  -0.0000978711   0.0001557833  -0.0001618575  -0.0000077984
        0.0000906950   0.0000391513  -0.0001532613  -0.0001145297  -0.0002304719
        0.0008495589   0.0005220004  -0.0007769473   0.0009544512  -0.0021459744
        0.0035082656   0.0003103087   0.0003644139   0.0001256251   0.0000420631
        0.0001708703  -0.0001370681  -0.0002469624  -0.0000319766   0.0000493063
        0.0026986788   0.0002267756   0.0040443001  -0.0288365128   0.0114891068
       -0.0768310104   0.0020136109   0.0062507582   0.0055545684  -0.0095480975
       -0.0248662904  -0.0731277971   0.0055916545  -0.0726708917   0.4789777233
       -0.0034484455   0.0003994198   0.0011687040   0.0000575134  -0.0004257650
       -0.0004884005   0.0024341615   0.0016523223   0.0030888760   0.0263123211
       -0.0025736773  -0.1027056181   0.0100423767  -0.0035029787  -0.0335471900
       -0.0163650675   0.0079681520  -0.0236498538   0.0003763638  -0.0210116321
       -0.0063950865   0.0148150253   0.1222337445  -0.1433455725  -0.0006853405
       -0.0004400891  -0.0003102690   0.0002564057  -0.0004396715   0.0002921197
        0.0002140179  -0.0000315462  -0.0000372757  -0.0000568910   0.0000234509
       -0.0000285139  -0.0000844655  -0.0002390325  -0.0000487077   0.0011688247
       -0.0009443990  -0.0014141415   0.0010861036  -0.0013461877  -0.0053224054
       -0.0001414794  -0.0006408353   0.0004948538   0.0000186479   0.0000416199
       -0.0000152885   0.0000411459  -0.0000029403   0.0000390973   0.0001010942
       -0.0000157702   0.0000121646   0.0000987386  -0.0002480612   0.0001614895
        0.0000640874  -0.0000826732   0.0000969188  -0.0000438570  -0.0000841843
        0.0000205850  -0.0014024763   0.0011484152  -0.0006065584   0.0000247384
        0.0001313512  -0.0000147878   0.0010461509   0.0000311361   0.0005632154
       -0.0000172210  -0.0000816032  -0.0001452705  -0.0020848716  -0.0003214110
        0.0002187569  -0.0012722881   0.0000945629   0.0001886590   0.0000034263
       -0.0000375569  -0.0001733855  -0.0005077895   0.0022721892  -0.0046949428
       -0.0000892624  -0.0000094685  -0.0023090894   0.0003381175  -0.0000479948
       -0.0042562272   0.0000168578  -0.0000174437   0.0000077646  -0.0000035385
       -0.0000108914  -0.0000024298   0.0000164052   0.0000042326   0.0000058057
        0.0000588108  -0.0003833875   0.0012899309  -0.0162623816   0.0004468869
        0.0118324957   0.0000339068  -0.0000038129   0.0000096428  -0.0000477370
        0.0000292365   0.0000486790  -0.0000057394   0.0000342050   0.0000376748
        0.0000046657  -0.0001118086  -0.0001251224  -0.0005980362  -0.0001432829
        0.0000860256   0.0000375566  -0.0000432062  -0.0000778946   0.0003799322
        0.0001571313   0.0001575530  -0.0005221276   0.0001706843   0.0000711849
       -0.0017639653   0.0012578070  -0.0007503121  -0.0002400726  -0.0007963455
       -0.0003663523  -0.0257438741   0.0082245788  -0.0022577832  -0.2064814088
       -0.0246211090   0.0125025236  -0.0135536335  -0.0084984994  -0.0034484455
        0.5965408731  -0.0830078448  -0.1365977353  -0.2382349430   0.1753388265
        0.1447270792   0.0089396771  -0.0005401646  -0.0012549696   0.0006944423
        0.0009252247   0.0008291423  -0.0004312171  -0.0000048227  -0.0000032146
       -0.0002421941  -0.0000164330  -0.0001055802  -0.0004431000   0.0004207293
        0.0001958890  -0.0001773835  -0.0001950412  -0.0002413647  -0.0013675676
        0.0001588153  -0.0006871457   0.0002951174  -0.0002704236   0.0002251013
        0.0003914583   0.0001893244   0.0001814403  -0.0000227008   0.0000020434
       -0.0000544851  -0.0001903000  -0.0000289053  -0.0000205162  -0.0001879585
       -0.0000023967   0.0000646301   0.0006426934   0.0000078909  -0.0007945384
        0.0005280500   0.0000093721  -0.0010649158   0.0000056807   0.0000338795
        0.0000101442   0.0000160994   0.0000118402  -0.0000072580   0.0000170368
       -0.0000160106  -0.0000240071   0.0000182460   0.0000190401   0.0000055372
        0.0000051865   0.0000432603  -0.0000527491  -0.0000171157  -0.0000701391
       -0.0000332716   0.0002504811   0.0000763740   0.0000835780   0.0007242770
       -0.0009412777   0.0006380225  -0.0799411112  -0.0822212666  -0.0393943865
       -0.0231560257   0.0199919158   0.0163887849   0.0000146257  -0.0025367077
       -0.0015632334  -0.0005249840  -0.0029462900  -0.0005512045   0.0005466475
       -0.0001971901  -0.0000617559   0.0000643991   0.0000322836   0.0002059440
        0.0000030632   0.0000316893   0.0000146815  -0.0000274172  -0.0000065705
       -0.0000715885   0.0000088893  -0.0000161535  -0.0000038668  -0.0000364265
       -0.0000065661   0.0000047137  -0.0000023949   0.0000126166   0.0000032985
        0.0002046051   0.0004176833  -0.0000528084   0.0000423529   0.0008030155
       -0.0001284999  -0.0000071173   0.0000035313   0.0000397929  -0.0000209996
       -0.0000304974  -0.0000042471   0.0000392869   0.0000475825   0.0000521181
       -0.0000567167  -0.0002946229  -0.0000960589  -0.0006331199   0.0000982538
       -0.0002556502  -0.0000232746  -0.0000484212  -0.0000433157  -0.0000088690
        0.0002595286  -0.0000393101  -0.0002618442  -0.0000194305   0.0001822432
        0.0032829853  -0.0029202574   0.0018996141  -0.0015623540  -0.0026762412
       -0.0012187284   0.0221515864   0.0000808601  -0.0002525142  -0.0250299558
       -0.0649101698  -0.0022746383  -0.0230800841  -0.0052033498   0.0003994198
       -0.0830078448   0.5887786604   0.2921096274   0.1801967817  -0.2681146430
       -0.1777792460   0.0109724866  -0.0308598976  -0.0205347097   0.0022322375
        0.0024262614   0.0011245746   0.0001317514  -0.0001852182   0.0001035600
       -0.0002831982   0.0001789572  -0.0000961749   0.0000450924   0.0009451521
        0.0004756003  -0.0006542216  -0.0015469060  -0.0004981010   0.0003847786
        0.0007110107  -0.0004408082   0.0000461179  -0.0001386140   0.0000468634
        0.0004550798  -0.0000871513   0.0003874197   0.0000787892   0.0000554950
        0.0000962723   0.0000287511  -0.0000536832  -0.0000805920   0.0000163663
       -0.0000665310  -0.0000181462   0.0009051963  -0.0000541558  -0.0005931505
       -0.0004029569   0.0002556857   0.0003560826   0.0000127620   0.0000248604
        0.0000043349   0.0000111506   0.0000133854  -0.0000088943   0.0000107265
       -0.0000057808  -0.0000125323  -0.0000084563   0.0000278101   0.0000044167
        0.0000436295  -0.0000019310  -0.0000016165   0.0000514668  -0.0000269003
        0.0000110409   0.0006400721  -0.0003875586   0.0001593117   0.0002619132
        0.0008074499  -0.0002778081  -0.0847476451  -0.2164342706  -0.0910078437
       -0.0000278452   0.0015783218   0.0015096764  -0.0018081145  -0.0028620799
       -0.0013554527  -0.0006274980  -0.0008287057  -0.0015459983  -0.0001604312
        0.0002436227  -0.0004484081   0.0000405200   0.0000184016   0.0001655573
        0.0000838960  -0.0000043851   0.0000065618   0.0000268791  -0.0000015892
       -0.0000809498  -0.0000072825  -0.0000030724  -0.0000076815  -0.0000078923
        0.0000014755  -0.0000064343   0.0000304603  -0.0000109408   0.0000262311
        0.0021058029  -0.0002748029  -0.0051205721   0.0289161257   0.0020762373
       -0.0080435312  -0.0000193333  -0.0000093088   0.0000431301   0.0000008776
       -0.0000438756  -0.0000145205   0.0000396780   0.0000376465   0.0000544157
       -0.0000721466  -0.0001567397  -0.0001158336  -0.0001964473   0.0001361188
       -0.0002521002  -0.0000261520  -0.0000123500   0.0000186031   0.0000526147
        0.0000371497   0.0001563195  -0.0002535210   0.0000577298  -0.0002998600
       -0.0025335476   0.0012637379  -0.0011754384  -0.0019854681  -0.0010248812
       -0.0009889708  -0.0102882343  -0.0009457619   0.0018413398   0.0132479746
       -0.0021318174  -0.0566310631  -0.0099550204  -0.0018227232   0.0011687040
       -0.1365977353   0.2921096274   0.3265524608   0.1489538510  -0.1770811391
       -0.1644602688   0.0032560804  -0.0181372442  -0.0101830592   0.0018933327
        0.0012294586   0.0007189091   0.0001387448  -0.0000726444   0.0000079224
       -0.0001643365   0.0000286533   0.0000195803   0.0002303286   0.0004027543
        0.0003920136  -0.0003500848  -0.0005145295  -0.0001492007  -0.0002434616
       -0.0003677637   0.0002378815  -0.0000196071  -0.0000092113  -0.0000458839
       -0.0002684455   0.0000387185  -0.0002104088  -0.0000656424  -0.0000140567
       -0.0000739089   0.0015189120   0.0002021638  -0.0004353473   0.0000393133
       -0.0000350041  -0.0000815103   0.0005758136   0.0003047579   0.0003218683
        0.0006617082   0.0000979848   0.0007709375  -0.0000004300   0.0000022004
       -0.0000037448  -0.0000018373   0.0000050184  -0.0000066282  -0.0000120877
        0.0000039254  -0.0000097235  -0.0000177593   0.0000189545  -0.0000075275
       -0.0000564900  -0.0000010466  -0.0000073442   0.0000349653   0.0000093691
       -0.0000521309   0.0000289525  -0.0000811122  -0.0001938098  -0.0008844870
        0.0001281559   0.0003665383  -0.0406139215  -0.0922960193  -0.0783204277
        0.0040282778  -0.0018857685  -0.0036595285  -0.0010022700  -0.0022465925
       -0.0011463089   0.0003680039   0.0010006740  -0.0002661189  -0.0005449914
       -0.0000554780  -0.0008179310   0.0000041575   0.0000099268   0.0001136676
        0.0000672760  -0.0000094602  -0.0000157906   0.0000093069   0.0000205123
        0.0000121158   0.0000103289   0.0000036411   0.0000026549   0.0000024345
        0.0000020192   0.0000039678  -0.0000114036   0.0000021953  -0.0000145379
       -0.0004381939   0.0000630552   0.0012848081  -0.0029068751  -0.0005600566
       -0.0011205587  -0.0000306866  -0.0000220581   0.0000066845  -0.0000130399
        0.0000063572   0.0000110514  -0.0000318800  -0.0000327214  -0.0000145238
        0.0000568724   0.0001919987   0.0000825185   0.0001188668  -0.0000516380
       -0.0000013639  -0.0000660390   0.0000146253  -0.0000032235   0.0000404452
       -0.0001225902  -0.0000697816   0.0001740101  -0.0000134897  -0.0000163242
       -0.0007179057   0.0008084985  -0.0005681194   0.0003455742   0.0000891811
        0.0000312526  -0.0023042989  -0.0013991379   0.0009131702  -0.0322643906
        0.0198554345   0.0177539115   0.0032048974   0.0010796902   0.0000575134
       -0.2382349430   0.1801967817   0.1489538510   0.6614015815  -0.0916883532
       -0.1574337055  -0.0844898747  -0.0436616691  -0.0211759605  -0.0138528641
       -0.0229249769  -0.0114385110  -0.0005298877  -0.0004744043   0.0001694006
        0.0001680155   0.0001103500  -0.0000647139  -0.0081267297  -0.0059692705
       -0.0023599035  -0.0000412038  -0.0000433762  -0.0000649158  -0.0001557138
       -0.0002323512   0.0001198129   0.0000092603  -0.0000604537  -0.0000158928
       -0.0000696939   0.0000182094  -0.0000881394  -0.0000521000   0.0000120925
       -0.0000412930  -0.0003567906  -0.0000760739   0.0000407062  -0.0000087945
        0.0000330209  -0.0000116788  -0.0000863070  -0.0000508761  -0.0000117809
        0.0000568908  -0.0000945661   0.0000717083   0.0000087319   0.0000079958
       -0.0000053073   0.0000096481   0.0000018347  -0.0000047214   0.0000207374
        0.0000022822  -0.0000135180   0.0001333246   0.0000101246  -0.0000124690
        0.0000175841  -0.0000092526   0.0000114552   0.0000452085  -0.0000572703
       -0.0000227598  -0.0001439358   0.0000800383  -0.0001243252   0.0001302827
       -0.0000478268  -0.0000866706   0.0057218733  -0.0064861072  -0.0045438925
       -0.2935457131  -0.0393358185   0.0239507657   0.0039291244   0.0099980601
        0.0045651697   0.0030584017   0.0007272801   0.0017186170  -0.0003202967
        0.0002089530  -0.0005767046  -0.0000136410  -0.0000751421   0.0000359385
        0.0000986854  -0.0000229097   0.0000431425   0.0000462814  -0.0000073402
        0.0000767244   0.0000083381  -0.0000022389  -0.0000023420   0.0000009507
        0.0000058275   0.0000000787  -0.0000037880   0.0000002780  -0.0000051802
       -0.0002621831   0.0001421237   0.0001943118  -0.0024603655  -0.0000961927
        0.0015455540  -0.0000022389  -0.0000049829   0.0000149518   0.0000211908
       -0.0000331416  -0.0000285014  -0.0000023015  -0.0000162472  -0.0000120154
        0.0000193964   0.0000431665   0.0000366485   0.0000408816   0.0000003591
       -0.0000376157   0.0000414289  -0.0000305617  -0.0000543562  -0.0000832898
       -0.0000758178  -0.0000500870   0.0000681176  -0.0000359753  -0.0000833850
       -0.0001877178   0.0002032572  -0.0000510671   0.0000592127   0.0000783117
        0.0001901072  -0.0022894347   0.0008378259  -0.0000248432   0.0087555258
        0.0035836687  -0.0013194135  -0.0002075631  -0.0000957703  -0.0004257650
        0.1753388265  -0.2681146430  -0.1770811391  -0.0916883532   0.5403024028
        0.2648309473  -0.0426848300  -0.1708316460  -0.0561958275  -0.0130184118
       -0.0025952418  -0.0004538066   0.0008825486  -0.0000769190   0.0000708544
        0.0001126478   0.0000092043   0.0000531827  -0.0007601936   0.0013191092
       -0.0009045350  -0.0001013248   0.0000856937  -0.0000028861   0.0001888901
       -0.0000536383   0.0002346111  -0.0001152819   0.0000331560  -0.0000840615
       -0.0001209159  -0.0000551069  -0.0001060158  -0.0000060858   0.0000009754
       -0.0000126911  -0.0001138627   0.0000328289   0.0001132573   0.0000479464
       -0.0000065575  -0.0000171857   0.0000110966  -0.0001033744   0.0000612866
        0.0001594072   0.0001998510  -0.0001341907  -0.0000043774   0.0000013841
        0.0000010515  -0.0000083174   0.0000043322   0.0000016751   0.0000013337
        0.0000079943   0.0000038079  -0.0000317016   0.0000075848   0.0000115215
        0.0000091553   0.0000001506   0.0000183286   0.0000334044   0.0000222786
        0.0000067301  -0.0000646572   0.0000361285  -0.0000911602   0.0001861938
       -0.0000350972   0.0002136583   0.0142542572  -0.0213209571  -0.0156886307
       -0.0370723032  -0.0439541978  -0.0002525605  -0.0012392254  -0.0101531750
       -0.0063853214  -0.0079558228  -0.0294903290  -0.0087727546   0.0002386306
        0.0005088072   0.0006681377  -0.0001186074  -0.0002526963  -0.0000705391
        0.0000340759  -0.0000251523   0.0000334615   0.0000819033  -0.0000064630
        0.0000399506   0.0000045776   0.0000030899  -0.0000084082   0.0000082147
        0.0000091832   0.0000039929   0.0000005031  -0.0000089835   0.0000007349
        0.0001110206   0.0000604824  -0.0002380785   0.0003068890   0.0003320822
        0.0004168350  -0.0000130082   0.0000064444   0.0000202124   0.0000052971
       -0.0000246039  -0.0000118050   0.0000074736   0.0000105293   0.0000071917
        0.0000025647  -0.0000587198  -0.0000359390   0.0000225973   0.0000187850
       -0.0000098891   0.0000123039  -0.0000188116  -0.0000222974  -0.0000297864
        0.0000298265   0.0000160069  -0.0000175459  -0.0000309420  -0.0000146572
        0.0000047134  -0.0001282361   0.0001790638   0.0000678347  -0.0000558002
       -0.0000297829  -0.0019764447   0.0014183735  -0.0006707615   0.0118648204
       -0.0031014985  -0.0016967509  -0.0001809848  -0.0003113054  -0.0004884005
        0.1447270792  -0.1777792460  -0.1644602688  -0.1574337055   0.2648309473
        0.3049713553  -0.0189010512  -0.0536071076  -0.0857635576  -0.0063244750
       -0.0050631415  -0.0021003786  -0.0005809692  -0.0002175626  -0.0002614896
        0.0001505390  -0.0000330333   0.0000195687  -0.0006786346  -0.0005815783
        0.0007260582  -0.0000638046   0.0000937841  -0.0000266622   0.0000571817
        0.0000122684   0.0000047778  -0.0000421954   0.0000311163  -0.0000057679
        0.0000112133  -0.0000105484   0.0000152828   0.0000085422   0.0000051046
       -0.0000126618   0.0000401001   0.0000222047   0.0000267664   0.0000148230
       -0.0000064276  -0.0000108905  -0.0000178099  -0.0000182414   0.0000370214
        0.0000358709   0.0000895601  -0.0000929361  -0.0000047847   0.0000010906
       -0.0000020572  -0.0000075232   0.0000019964   0.0000019270  -0.0000063269
        0.0000026335   0.0000030012   0.0000160512   0.0000302380   0.0000017212
       -0.0000050424   0.0000031864   0.0000069146  -0.0000031670   0.0000291873
        0.0000079662   0.0000070963   0.0000456238  -0.0000016644   0.0000705401
       -0.0000525423   0.0001526899   0.0070381822  -0.0102847710  -0.0095061219
        0.0248337775  -0.0000244247  -0.0370015450  -0.0065066593  -0.0247048843
       -0.0118309488   0.0035984881   0.0090955276   0.0076173061  -0.0002780163
        0.0001551036   0.0000000729  -0.0000053226  -0.0002248449   0.0000487153
        0.0000095369  -0.0000040038   0.0000056477   0.0000478744   0.0000187835
        0.0000037162   0.0000007963   0.0000019337   0.0000009984   0.0000002088
       -0.0000001475   0.0000026952   0.0000038420  -0.0000043907   0.0000017998
       -0.0000389404  -0.0000429362  -0.0000558561   0.0001350013  -0.0002363564
       -0.0001557688   0.0000024268   0.0000857452   0.0000087387  -0.0000594829
       -0.0000175702   0.0000338377  -0.0000389966  -0.0000052322   0.0000600709
        0.0000513086  -0.0001119643  -0.0000999324  -0.0007879899  -0.0001208739
        0.0000250394  -0.0000951188  -0.0000000061  -0.0000913851   0.0000127138
        0.0001234149   0.0000524403  -0.0000755958  -0.0000021733   0.0000126352
       -0.0004357104   0.0002537863  -0.0001084677  -0.0010235645   0.0005722494
        0.0013346422  -0.0000971238  -0.0001094855  -0.0001908459   0.0006582436
       -0.0006617854  -0.0017531681  -0.0212309802   0.0052176622   0.0024341615
        0.0089396771   0.0109724866   0.0032560804  -0.0844898747  -0.0426848300
       -0.0189010512   0.4138806209   0.0028389814  -0.0307113477  -0.1397524193
        0.0199901834  -0.0134868788  -0.0118375349   0.0044263339  -0.0048578295
       -0.0002781367   0.0002977574  -0.0006102469  -0.0211372187  -0.0262795582
       -0.0095992377   0.0003762855  -0.0001636643  -0.0003578613  -0.0002051414
        0.0001308717  -0.0000310732   0.0000342716   0.0000377865  -0.0000079086
        0.0001320763   0.0000394085   0.0000493878   0.0000233100  -0.0000222537
        0.0000150506   0.0000155009   0.0000144466   0.0000041586  -0.0000442762
        0.0000163065   0.0000434227   0.0000837754  -0.0000068621  -0.0000456932
        0.0000678312   0.0000239999   0.0000163841  -0.0000122218   0.0000125746
        0.0000113916  -0.0000283158   0.0000082480   0.0000258678  -0.0000140044
       -0.0000042050   0.0000073582   0.0005743111   0.0000207504   0.0000217788
       -0.0000012679   0.0000171319  -0.0000027979  -0.0000080597   0.0000007889
        0.0000220607   0.0000473889   0.0000098166  -0.0000174823   0.0000306741
        0.0001608423   0.0000116263  -0.0005648814   0.0019984127   0.0038944043
       -0.0121975654  -0.0228136467  -0.0086388346  -0.0885101703   0.0227102339
        0.0935360407  -0.0423608718   0.0246990001  -0.0167295146   0.0001584842
       -0.0008244600   0.0004845158   0.0006293311  -0.0005968843   0.0010281835
       -0.0001760352   0.0000071584   0.0000819367  -0.0003273667   0.0000035123
       -0.0000086999  -0.0000106485   0.0000030153  -0.0000177079  -0.0000163099
        0.0000038269   0.0000018580   0.0000025914   0.0000080151   0.0000065167
        0.0000134512  -0.0000045148   0.0000589212  -0.0001238902   0.0001570506
        0.0000800791  -0.0000642243   0.0000714066   0.0000217789  -0.0000179311
       -0.0000080556   0.0000225564   0.0000047746   0.0000337573  -0.0000092843
        0.0000625367  -0.0000601123  -0.0000470537   0.0000554381  -0.0001357178
        0.0001498487  -0.0003177776   0.0000193314  -0.0000119509   0.0000025694
        0.0001654377   0.0000668283  -0.0000848066  -0.0000371620   0.0000414970
        0.0004713791  -0.0002292895   0.0001523800   0.0018732252  -0.0007489467
       -0.0003243216   0.0007715040   0.0000448216  -0.0000698076  -0.0018029161
       -0.0008645236   0.0035671176   0.0084390080   0.0003934511   0.0016523223
       -0.0005401646  -0.0308598976  -0.0181372442  -0.0436616691  -0.1708316460
       -0.0536071076   0.0028389814   0.5132168754   0.0145191970   0.0227947798
       -0.0598872597   0.0041923169   0.0140148067  -0.0009432072   0.0042141432
        0.0021753224  -0.0014627133   0.0018548218  -0.0465700349  -0.0260224691
       -0.0132572989   0.0000241406  -0.0000133563   0.0000542343  -0.0001624932
        0.0000326710  -0.0001466328   0.0000469897  -0.0000455826   0.0000826156
        0.0001620382   0.0000447452   0.0000435499  -0.0000244616   0.0000005931
       -0.0000096085  -0.0000170056   0.0000009254  -0.0000047248   0.0000397098
        0.0000542336  -0.0000012366  -0.0000834392   0.0001815841   0.0001585784
       -0.0000415808  -0.0000807898  -0.0000390631   0.0000130481   0.0000166110
       -0.0000046404  -0.0000173199   0.0000007787   0.0000244682  -0.0000013169
        0.0000097126   0.0000105592   0.0008007456  -0.0000524172  -0.0000438997
        0.0000031502   0.0000045016  -0.0000101661  -0.0000270260   0.0000085606
       -0.0000032398  -0.0000364989   0.0000771274   0.0000930749   0.0000508243
       -0.0001151546  -0.0000397738   0.0011193488   0.0020721624  -0.0059904235
       -0.0034868380  -0.0034406649  -0.0029877586   0.0222437686  -0.0497287081
       -0.0432018732   0.0169811814  -0.1708299776   0.1065922221   0.0011671198
        0.0002012371   0.0002249509   0.0000071778  -0.0001649850  -0.0000566692
        0.0002739537  -0.0001347627   0.0000476235   0.0006442401  -0.0001042111
        0.0000675468  -0.0000011598  -0.0000052333  -0.0000006281  -0.0000103429
       -0.0000003686   0.0000037792  -0.0000023162   0.0000041513   0.0000073956
       -0.0000147899  -0.0000489350  -0.0001153609   0.0003797732   0.0000761941
       -0.0000792674  -0.0000090480   0.0000385347  -0.0000024385  -0.0000069154
        0.0000238912   0.0000305800  -0.0000453002  -0.0000097824  -0.0000370173
        0.0001008841   0.0001170597  -0.0000200041   0.0002641824  -0.0001733655
        0.0002623138  -0.0000581601  -0.0000278649  -0.0001123757  -0.0000178098
       -0.0000312214   0.0000285340  -0.0000316493   0.0000310387   0.0000090851
        0.0005978567  -0.0001748176   0.0003061640   0.0029343316  -0.0015608028
       -0.0028493181  -0.0007010149   0.0000515219   0.0000529517  -0.0025056216
        0.0026649689  -0.0022304589   0.0196227799  -0.0010837006   0.0030888760
       -0.0012549696  -0.0205347097  -0.0101830592  -0.0211759605  -0.0561958275
       -0.0857635576  -0.0307113477   0.0145191970   0.5148144795  -0.0068933140
        0.0044035286  -0.0755259566  -0.0233352285   0.0040214944  -0.0077724719
       -0.0020667847   0.0026619677  -0.0035553975  -0.0124676015  -0.0102964005
        0.0035867740   0.0005971124  -0.0002936900  -0.0005707907  -0.0001207033
       -0.0001719650  -0.0002911666   0.0000246346  -0.0001181554   0.0001215125
        0.0000212518   0.0000817526   0.0000676165   0.0000012633  -0.0000034623
       -0.0000028176   0.0000335898  -0.0000064245  -0.0000076176   0.0000296455
        0.0000041322   0.0000138226   0.0000155083   0.0000379956   0.0000346814
        0.0000614837  -0.0000264341  -0.0000098932   0.0000012282   0.0000078009
        0.0000043655  -0.0000079996   0.0000025543   0.0000109262   0.0000046001
       -0.0000003698   0.0000034724   0.0002493481   0.0000196138   0.0000681700
       -0.0000040214   0.0000088647  -0.0000055994  -0.0000089691   0.0000012587
       -0.0000043852  -0.0000658682   0.0000547549   0.0000324315  -0.0000246352
       -0.0000646443   0.0000037762   0.0031939929  -0.0070622661   0.0082493576
       -0.0002103133  -0.0008990477   0.0013622306   0.0877405788  -0.0429406559
       -0.2158444363  -0.0112611430   0.1126730928  -0.1273069832  -0.0007268135
       -0.0003848784   0.0004682071  -0.0007763040   0.0003602906  -0.0003564291
       -0.0002180586   0.0000273214   0.0000007686  -0.0011518038   0.0002255001
        0.0000213533  -0.0000060718   0.0000033519   0.0000044875   0.0000007873
       -0.0000111746   0.0000013677   0.0000033874   0.0000029144  -0.0000015027
       -0.0001459507  -0.0001714784   0.0002344400  -0.0007909344  -0.0021340710
       -0.0014413319   0.0001331858  -0.0002215586   0.0000330708   0.0000759251
       -0.0000295976  -0.0000569689   0.0001292321  -0.0000403531   0.0001365196
       -0.0007468888   0.0002314679   0.0005809767  -0.0016216927   0.0014385618
       -0.0009064865  -0.0004783768   0.0003368973   0.0004168689   0.0001654519
       -0.0005535082  -0.0001385137   0.0000085971   0.0001849859   0.0000600164
       -0.0039869701   0.0013095525  -0.0013210171  -0.0266826269   0.0167849327
        0.0102891475  -0.0002504733  -0.0009403277  -0.0001965520   0.0083223289
        0.0010494590  -0.0055413782  -0.0886604537   0.0062967705   0.0263123211
        0.0006944423   0.0022322375   0.0018933327  -0.0138528641  -0.0130184118
       -0.0063244750  -0.1397524193   0.0227947798  -0.0068933140   0.4888398183
       -0.0280491899   0.0113466487  -0.0718308492   0.0109680131  -0.0172080447
       -0.0204616713   0.0226223069  -0.0197261869  -0.0818244265  -0.0419132123
       -0.0072972234  -0.0039607774   0.0020474343   0.0089985468   0.0003697335
        0.0007904615   0.0005790010  -0.0000893434   0.0002227327  -0.0003004203
       -0.0003595130  -0.0002293424  -0.0000571290  -0.0000694639   0.0000660608
       -0.0000496043   0.0000100117  -0.0000004595  -0.0000803318  -0.0000775855
        0.0001287270   0.0003029757   0.0000407058  -0.0003501556  -0.0007496912
       -0.0000132090   0.0000642683  -0.0001013123   0.0000492589   0.0000104807
       -0.0000151779   0.0000472511   0.0000190192  -0.0000661770   0.0000204373
       -0.0000064783  -0.0000523401  -0.0002442648  -0.0012496106  -0.0007220789
       -0.0000110081   0.0000165158  -0.0000951943  -0.0000175310  -0.0000565883
       -0.0000458927  -0.0000106885  -0.0002211475  -0.0000745540   0.0000622778
        0.0001522558   0.0000615552   0.0000160134   0.0004889250  -0.0001086568
        0.0009094196   0.0004023985  -0.0017400609  -0.0263715888   0.0029795310
        0.0010988774  -0.0147262612   0.0053532846  -0.0066830957   0.0025909332
       -0.0080081616   0.0103811751   0.0019497665  -0.0029379594   0.0059160863
       -0.0007129379   0.0000377154  -0.0005831783  -0.0067167428   0.0011296984
       -0.0000794947   0.0000123774  -0.0000017011   0.0000035778   0.0000192019
       -0.0000251329   0.0000153998   0.0000011434  -0.0000010284  -0.0000046549
       -0.0002777995   0.0002544752   0.0004131571  -0.0008388435  -0.0021498504
       -0.0007600662   0.0000174851  -0.0001021072  -0.0000745422   0.0000201213
       -0.0001271196  -0.0001272201   0.0000742380  -0.0000450259  -0.0000293311
       -0.0000608201   0.0000965383  -0.0001210519   0.0003465439   0.0001892875
       -0.0001737984   0.0005953915   0.0000993195   0.0005021186  -0.0001148069
       -0.0002259151   0.0000013883   0.0003149612   0.0001089384  -0.0002919071
        0.0007697918  -0.0012271900  -0.0000012274   0.0097312129  -0.0033309933
        0.0007769017   0.0000954132  -0.0006104574  -0.0001235789   0.0082097780
       -0.0100707133  -0.0159267133   0.0067290404  -0.0579762697  -0.0025736773
        0.0009252247   0.0024262614   0.0012294586  -0.0229249769  -0.0025952418
       -0.0050631415   0.0199901834  -0.0598872597   0.0044035286  -0.0280491899
        0.4279382866  -0.0259907756   0.0096612835  -0.0743441184   0.0271554748
        0.0129555638  -0.0058026919   0.0039346207  -0.0389584397  -0.1991618937
       -0.0184263649  -0.0115695535   0.0054194552   0.0153219887   0.0010319348
       -0.0006043550   0.0006549728  -0.0001987578   0.0003907653  -0.0001726006
       -0.0005539684  -0.0000853607  -0.0003287654   0.0000535485  -0.0000980336
        0.0000846930  -0.0000693459   0.0001039544   0.0001258367   0.0000316599
        0.0001607420   0.0000314684   0.0001097361  -0.0000860798  -0.0007657491
       -0.0000381531  -0.0000292468   0.0000762809  -0.0000439333   0.0000037701
        0.0000091106  -0.0000294825   0.0000003540   0.0000233718  -0.0000322285
        0.0000267933   0.0000458456  -0.0014661371  -0.0005021591  -0.0002497623
       -0.0000065590   0.0000101475   0.0000070827  -0.0000110632   0.0000682460
        0.0000551161   0.0001222275  -0.0002859251   0.0000012930  -0.0001129937
       -0.0003354219   0.0004602955   0.0003553847  -0.0002252206   0.0005974900
       -0.0016454317  -0.0025023123  -0.0023276721   0.0099245282   0.0002875472
        0.0004003524   0.0242840985  -0.0036130573   0.0068947593   0.0032574870
       -0.0193930484   0.0215475004  -0.0032030938   0.0076438016  -0.0109724945
       -0.0006165204   0.0002413072  -0.0005529022   0.0011889939  -0.0000562399
        0.0003258708   0.0000129066   0.0000172212   0.0000037118   0.0000299553
        0.0000056641  -0.0000068164  -0.0000165952  -0.0000195680  -0.0000235303
        0.0000736233   0.0001224317  -0.0003427426  -0.0000639821  -0.0019115275
       -0.0003595864  -0.0000301066  -0.0000039505  -0.0000339812   0.0000793356
       -0.0001308927  -0.0000961997   0.0001491896   0.0000480491   0.0000009809
        0.0000234708  -0.0004623854  -0.0001661732  -0.0000549487  -0.0002452338
       -0.0005848999  -0.0000303680   0.0004102131   0.0000102350  -0.0001345399
        0.0003268321   0.0000303846   0.0002044412  -0.0002692234  -0.0002839054
       -0.0008646718   0.0010584509  -0.0015017299   0.0052397731  -0.0011393155
        0.0068525533   0.0000681812   0.0002316325  -0.0000596679   0.0014623669
       -0.0080684535  -0.0094532508   0.0291443948  -0.0022463445  -0.1027056181
        0.0008291423   0.0011245746   0.0007189091  -0.0114385110  -0.0004538066
       -0.0021003786  -0.0134868788   0.0041923169  -0.0755259566   0.0113466487
       -0.0259907756   0.4584830895  -0.0161585732   0.0300557306  -0.1320315865
       -0.0137173786   0.0086218195  -0.0054398612  -0.0069749046  -0.0178865084
       -0.0729503911   0.0196901786  -0.0066433721  -0.0268549148   0.0002651747
        0.0000531935   0.0008340330  -0.0000856407   0.0004434743  -0.0003158414
       -0.0001759857  -0.0001036627  -0.0002455159  -0.0000289903   0.0000005613
       -0.0000003371  -0.0001214031  -0.0000931938   0.0001033198  -0.0000518680
       -0.0001942708  -0.0000695170   0.0001428110   0.0000537688  -0.0004337878
        0.0000387258  -0.0000612316  -0.0000850255  -0.0000264236  -0.0000326213
        0.0000161553  -0.0000117693  -0.0000068729   0.0000124847  -0.0000139708
        0.0000188626   0.0000317315  -0.0002672336  -0.0003194172   0.0004291376
        0.0000203683  -0.0000225359   0.0000315573   0.0000307015   0.0000509848
        0.0000243423   0.0000001044   0.0000970596  -0.0000368116  -0.0000575785
        0.0002560278  -0.0000218575   0.0003011953  -0.0000053569   0.0006032604
       -0.0002233907  -0.0010044250  -0.0002265471   0.0269254677  -0.0022146850
        0.0028096102  -0.0243686352   0.0056803717  -0.0062934509   0.0005398549
        0.0022047889  -0.0000934687  -0.0063734408   0.0148692926  -0.0315550288
       -0.0006875529  -0.0000370688  -0.0000338511  -0.0011315569  -0.0003739398
       -0.0011086230  -0.0000073009  -0.0000012414  -0.0000082809   0.0000272684
        0.0000059035   0.0000150477  -0.0000148137  -0.0000040282   0.0000119558
       -0.0000807888   0.0000543547   0.0000556459   0.0000597498   0.0002228959
        0.0001438442   0.0002302782   0.0000341802  -0.0000909019   0.0000186840
        0.0001012719   0.0000477732  -0.0000960069  -0.0000229523   0.0000019744
       -0.0002021117  -0.0000678064   0.0002708650  -0.0008361906   0.0004761301
        0.0014417554  -0.0000842060   0.0002569257  -0.0000446730   0.0000435462
       -0.0001813186  -0.0001214620  -0.0001425301   0.0002105747   0.0003023883
       -0.0003566719  -0.0003844512   0.0007152528  -0.0126740268   0.0016010340
        0.0155746677  -0.0003605556   0.0003645183   0.0002045081   0.0000395682
        0.0000354741   0.0000401744  -0.0009930749  -0.0032512173   0.0100423767
       -0.0004312171   0.0001317514   0.0001387448  -0.0005298877   0.0008825486
       -0.0005809692  -0.0118375349   0.0140148067  -0.0233352285  -0.0718308492
        0.0096612835  -0.0161585732   0.4748671113   0.0432496837  -0.0456172639
       -0.1876045231   0.0111565231   0.0087624663   0.0058453892  -0.0111402066
        0.0071075848  -0.0018699890   0.0007092292   0.0022267260  -0.0004730281
        0.0003352236  -0.0001911013   0.0000297365  -0.0001234876   0.0001157371
        0.0001974098   0.0000831145   0.0000922597   0.0001208268  -0.0000667864
        0.0000260659   0.0000561771  -0.0000022187  -0.0000062040   0.0000292682
        0.0000229873   0.0000152432  -0.0000027449  -0.0000141245   0.0000221913
       -0.0000048537   0.0000002596  -0.0000089409   0.0000102727  -0.0000011140
        0.0000089555   0.0000176692  -0.0000042471  -0.0000050666  -0.0000104419
       -0.0000239160  -0.0000169966   0.0000139581  -0.0002740672  -0.0000778244
        0.0000102657   0.0000061492   0.0000030443   0.0000106858  -0.0000412500
        0.0000491004  -0.0000159753  -0.0000201266   0.0001930005   0.0004546886
       -0.0002754786  -0.0000717665   0.0000594092  -0.0000470800  -0.0000318738
       -0.0000262605  -0.0001756747  -0.0000468107   0.0008542219   0.0002259175
       -0.0014108537  -0.0052108775   0.0010350470  -0.0023904622  -0.1002179961
       -0.1021123107  -0.0061590698  -0.0543666914   0.0311856711   0.0471081137
       -0.0214826930  -0.0002051681   0.0011385008  -0.0111863376   0.0023468544
        0.0005018655  -0.0000329591   0.0000159213  -0.0000396021  -0.0000332787
       -0.0000059120   0.0000290766   0.0000253857   0.0000205837   0.0000257415
        0.0000563182  -0.0000897828  -0.0000442722  -0.0000965356   0.0000414385
        0.0002174027   0.0001268533   0.0000396095  -0.0000259385  -0.0000463874
        0.0000345803   0.0000491456  -0.0000841199  -0.0000600072  -0.0000176927
        0.0002451807  -0.0000114386  -0.0000612769  -0.0004284449  -0.0007588405
        0.0007310096  -0.0000570387  -0.0000025903   0.0001373942  -0.0000119884
        0.0000650150   0.0000512913  -0.0000308366  -0.0001228332   0.0000217020
        0.0000466253  -0.0000421216  -0.0005974632   0.0040666509   0.0007614819
       -0.0041239617  -0.0005138786  -0.0003385802   0.0007756106   0.0002354785
        0.0002551949   0.0003239680  -0.0001045262   0.0065795751  -0.0035029787
       -0.0000048227  -0.0001852182  -0.0000726444  -0.0004744043  -0.0000769190
       -0.0002175626   0.0044263339  -0.0009432072   0.0040214944   0.0109680131
       -0.0743441184   0.0300557306   0.0432496837   0.5174014291   0.0701576920
        0.0119148518  -0.0676577738  -0.0020904948  -0.0050953402  -0.0525625346
        0.0256388578   0.0017432212  -0.0005198832  -0.0017416107   0.0000648372
        0.0002246096  -0.0000942212  -0.0000320295  -0.0001309293   0.0000397457
        0.0003450455  -0.0001858590  -0.0000907625  -0.0000826426   0.0000488680
       -0.0000781658  -0.0000040161  -0.0000080524  -0.0000417143  -0.0000581687
       -0.0000122553   0.0000214503   0.0000002716  -0.0000591215  -0.0000654673
       -0.0000011332   0.0000417792  -0.0000481196   0.0000134076   0.0000202313
        0.0000068614  -0.0000006113   0.0000143631   0.0000005510   0.0000130707
        0.0000082068  -0.0000255397   0.0001927381  -0.0001475582   0.0000404072
       -0.0000001554   0.0000197734  -0.0000023289   0.0000459302  -0.0000255606
       -0.0000829990   0.0000803377   0.0000365415  -0.0001724098   0.0009607497
       -0.0015272362  -0.0017242402  -0.0000656873  -0.0000444429  -0.0000756489
       -0.0000916084   0.0000694788  -0.0001713154  -0.0004157393   0.0002042996
        0.0004435017  -0.0006342833  -0.0000466099   0.0001916381  -0.1040283395
       -0.2100482922  -0.0164271041   0.0306841541  -0.1139454848  -0.1005218807
       -0.0226896659   0.0027682703   0.0001575931   0.0255419568  -0.0047327654
       -0.0009657986   0.0000408850  -0.0000095475   0.0000085994  -0.0000210290
        0.0000326493  -0.0000094997   0.0000108382  -0.0000278312   0.0000014651
       -0.0000588979  -0.0000429381  -0.0000706381  -0.0000795425  -0.0002378549
       -0.0002816288   0.0001371111  -0.0001096672   0.0000770390  -0.0000324579
        0.0000217517   0.0000257327   0.0001782867  -0.0001849324   0.0000559034
        0.0005987980   0.0008112022  -0.0001322544   0.0008485771  -0.0001742103
       -0.0036830079  -0.0001867403  -0.0000513079  -0.0000309367  -0.0000905419
       -0.0002822920   0.0000348023   0.0001477031  -0.0004010948  -0.0004346079
        0.0000145855   0.0001842004  -0.0013500418   0.0221646577  -0.0002965861
       -0.0085114740  -0.0000581721  -0.0005396223  -0.0001800291   0.0002410734
        0.0001581544   0.0002781449   0.0052109957   0.0102217830  -0.0335471900
       -0.0000032146   0.0001035600   0.0000079224   0.0001694006   0.0000708544
       -0.0002614896  -0.0048578295   0.0042141432  -0.0077724719  -0.0172080447
        0.0271554748  -0.1320315865  -0.0456172639   0.0701576920   0.4812730143
        0.0099786119  -0.0036938715  -0.0620520070   0.0035470475   0.0095896192
        0.0074049504   0.0024592764  -0.0006695090  -0.0045064992   0.0000622013
       -0.0000208506  -0.0003047510  -0.0000740100   0.0000227334   0.0000593198
       -0.0002086912   0.0001713092   0.0001077435   0.0001021434  -0.0000539704
        0.0000606025   0.0000069306  -0.0000313593   0.0000334891  -0.0000032596
       -0.0000523835   0.0000207438   0.0000608476  -0.0000346812  -0.0000755269
        0.0000624516   0.0000016762   0.0000033406  -0.0000060317  -0.0000079022
        0.0000164854  -0.0000125100   0.0000162339  -0.0000369242   0.0000534205
        0.0000248437  -0.0000348165  -0.0001335777   0.0001627165   0.0000133405
       -0.0000093874   0.0000280057   0.0000017183   0.0001176543  -0.0000229779
       -0.0001259459   0.0001575913  -0.0000055195  -0.0002760936   0.0002088517
       -0.0004602149  -0.0006540820   0.0000160997   0.0000438840  -0.0000260723
        0.0000057901   0.0000445503   0.0000182792   0.0018664421  -0.0003027219
        0.0009584908  -0.0000397647   0.0001647528   0.0004890393  -0.0046764150
       -0.0109358301  -0.0436151901   0.0477974422  -0.1084322009  -0.1940204211
       -0.0110715719   0.0012747628   0.0011395227  -0.0117717676   0.0023847144
        0.0019330929  -0.0000264832   0.0000291951  -0.0000071053   0.0000054409
       -0.0000133551   0.0000130549   0.0000067430   0.0000000406  -0.0000029811
        0.0001268868  -0.0000502429  -0.0001217559   0.0001050098   0.0000163748
        0.0000892539   0.0000743776   0.0005023875  -0.0003106265   0.0000430780
        0.0001815025   0.0000876096  -0.0009137444   0.0002446382  -0.0003242341
       -0.0005384573  -0.0030459799   0.0001211241  -0.0081710481  -0.0044041802
        0.0208465671  -0.0000400664   0.0005608236   0.0010314818   0.0002517145
        0.0006290288  -0.0000549215   0.0001169037   0.0008383146   0.0006046970
       -0.0004201862   0.0018844282   0.0055550105  -0.0607675214  -0.0008224524
        0.0159513125  -0.0001407189   0.0000298954   0.0001731600  -0.0012230460
        0.0002556531  -0.0000655565  -0.0000090583   0.0016562696  -0.0163650675
       -0.0002421941  -0.0002831982  -0.0001643365   0.0001680155   0.0001126478
        0.0001505390  -0.0002781367   0.0021753224  -0.0020667847  -0.0204616713
        0.0129555638  -0.0137173786  -0.1876045231   0.0119148518   0.0099786119
        0.4647683286   0.0052619414   0.0592716498  -0.0003033409  -0.0004710685
       -0.0003002167  -0.0024318416   0.0006640131  -0.0002240001  -0.0016586064
       -0.0002408259   0.0004783382   0.0002277516   0.0000606573   0.0001696983
       -0.0006055458   0.0015389006   0.0008252735   0.0005323641  -0.0003326231
        0.0003962638   0.0000168250  -0.0000157003  -0.0000123637  -0.0000849191
        0.0000402095  -0.0000554756   0.0000128545  -0.0000294685   0.0000221477
        0.0000209425   0.0000206899   0.0000252675  -0.0000117174  -0.0000279845
       -0.0000367921   0.0000143892  -0.0000767135   0.0001214173  -0.0002394383
       -0.0000940141   0.0001118679  -0.0000145665  -0.0004858631   0.0005125398
        0.0000304724   0.0000168103  -0.0000949438  -0.0001590378   0.0000284137
        0.0002767330   0.0000658672   0.0000231559  -0.0000121832  -0.0000023754
       -0.0003129998  -0.0000558860  -0.0000519172  -0.0000663105  -0.0000339330
        0.0000982562   0.0000210697   0.0000061318   0.0005166110  -0.0001401429
       -0.0001659022  -0.0008782019   0.0000352078  -0.0002778562  -0.0194598295
        0.0004319138  -0.0006791002  -0.0109993678   0.0024114740   0.0011510282
       -0.0946026601  -0.0877804214  -0.0543289535  -0.0547807405   0.0541060127
       -0.0284304994  -0.0000897726   0.0000597166  -0.0000611575  -0.0000146555
       -0.0000201147   0.0000043573   0.0000082581   0.0000224160  -0.0000021563
        0.0000417740   0.0000013085   0.0001360624  -0.0000191698   0.0001659169
        0.0001005943  -0.0000735136   0.0004956526   0.0000957169  -0.0001263124
       -0.0001716509  -0.0000361783  -0.0005124868   0.0005407094  -0.0001770213
       -0.0011615629  -0.0024704027   0.0002343201  -0.0043942319   0.0002112086
        0.0140684286  -0.0003980216  -0.0012352859   0.0004503202   0.0000871647
        0.0007172699   0.0004593718   0.0001838413  -0.0045257957  -0.0016244274
        0.0055815937  -0.0034068209  -0.0237952418  -0.0014875517  -0.0632200772
       -0.0001599325   0.0001530705   0.0001296175   0.0002256736   0.0002763656
       -0.0007888008   0.0004752967   0.0036030995   0.0010819132   0.0079681520
       -0.0000164330   0.0001789572   0.0000286533   0.0001103500   0.0000092043
       -0.0000330333   0.0002977574  -0.0014627133   0.0026619677   0.0226223069
       -0.0058026919   0.0086218195   0.0111565231  -0.0676577738  -0.0036938715
        0.0052619414   0.5509761456  -0.0099029317   0.0006293573   0.0009543588
        0.0004072906   0.0013633691  -0.0003083082   0.0002449890   0.0007310133
       -0.0000756244  -0.0020719865  -0.0000700300   0.0003465575  -0.0001115757
        0.0002296255  -0.0001810506   0.0000909260  -0.0002195721   0.0000903324
       -0.0001901702  -0.0000137128   0.0000371225  -0.0000167562  -0.0000134335
       -0.0000210865   0.0000001804   0.0000202323   0.0000274422   0.0000165297
       -0.0000133341   0.0000132276  -0.0000441812  -0.0000192509   0.0000153416
       -0.0000236824  -0.0000319566  -0.0000234517   0.0001070090  -0.0001390134
       -0.0000926816   0.0001045671  -0.0007705735  -0.0010180099   0.0013039518
       -0.0000059748   0.0000332773  -0.0000363694   0.0007323457  -0.0002441221
       -0.0012653561  -0.0000114416  -0.0000042560   0.0000063692  -0.0004096969
       -0.0003658070  -0.0006269598   0.0000390568   0.0000271385   0.0000002672
        0.0000347705   0.0000410065  -0.0000009683  -0.0002831380  -0.0000206971
        0.0000025881   0.0009666698  -0.0000868214   0.0003409224  -0.0230235900
        0.0027548839   0.0015906158   0.0133815696  -0.0016567609  -0.0016314867
       -0.0865094803  -0.1820512617  -0.0825718257   0.0521423695  -0.2218869281
        0.0881764690   0.0000154645   0.0000019560   0.0000618134   0.0000453267
       -0.0000615124   0.0000167133   0.0000165236  -0.0000101560   0.0000163767
       -0.0000731618   0.0000879286   0.0000873694   0.0001460515  -0.0000574852
       -0.0002349503   0.0001922119  -0.0002145344   0.0001641868   0.0001148386
       -0.0002361962  -0.0001062530   0.0007126418   0.0001982396   0.0000788598
       -0.0012607524   0.0009826481  -0.0002478002   0.0095515861   0.0056956744
       -0.0107364581  -0.0005292505  -0.0013173595  -0.0006497278  -0.0000283283
        0.0000215815   0.0000237118  -0.0001870821  -0.0021885582  -0.0003785930
        0.0037952039  -0.0062316505  -0.0163673925   0.0163262052  -0.0014677566
       -0.1506496687   0.0002056996   0.0006023404   0.0003665989  -0.0004759182
        0.0002951213  -0.0004578779  -0.0114882247   0.0065019940  -0.0236498538
       -0.0001055802  -0.0000961749   0.0000195803  -0.0000647139   0.0000531827
        0.0000195687  -0.0006102469   0.0018548218  -0.0035553975  -0.0197261869
        0.0039346207  -0.0054398612   0.0087624663  -0.0020904948  -0.0620520070
        0.0592716498  -0.0099029317   0.4472494443  -0.0000784724  -0.0001599213
        0.0006449633  -0.0024743494   0.0005403010  -0.0014111615  -0.0004155241
        0.0007507336   0.0012676934   0.0002035424   0.0007533273  -0.0006318718
        0.0001939012  -0.0003962343  -0.0005099303  -0.0000170248  -0.0000444775
       -0.0000314955  -0.0000544277   0.0000387418   0.0000582718  -0.0000009978
       -0.0000180431   0.0000169851  -0.0000009299   0.0000236758   0.0000380002
        0.0000168686  -0.0000244819   0.0000500458  -0.0000587084  -0.0000258374
       -0.0000855512  -0.0000725899   0.0000010943  -0.0000412955   0.0000313940
        0.0000311687   0.0000908913   0.0001748698  -0.0000777373  -0.0001830987
        0.0000048246  -0.0000216040   0.0001014824   0.0003877925  -0.0000505391
       -0.0006167238   0.0000268244   0.0000187391   0.0000501688   0.0001281899
       -0.0001253127   0.0001006589  -0.0000155059   0.0000317133   0.0000115227
        0.0000191032   0.0000033369   0.0000364852   0.0003136370   0.0000312371
       -0.0000002193  -0.0011306769   0.0002298808  -0.0003664778  -0.0029845158
       -0.0002650737   0.0007594110   0.0216727506  -0.0045641126  -0.0007645127
       -0.0531859680  -0.0822851808  -0.0895371014  -0.0272610724   0.0892008482
       -0.0825475851   0.0000172005  -0.0000147250   0.0000054435  -0.0000058702
       -0.0000003646  -0.0000040344   0.0000366260  -0.0000061635   0.0000155568
        0.0002196903  -0.0000234452  -0.0000283944   0.0002916956   0.0002474082
        0.0000413264  -0.0009884811   0.0009499325   0.0010039753   0.0000961298
       -0.0004842771  -0.0000119190   0.0003403168   0.0003929332   0.0000119469
        0.0004813461  -0.0012613205  -0.0005747837  -0.0010661272  -0.0006184419
        0.0004428164  -0.0045518946  -0.0005073336  -0.0017242080  -0.0000979808
        0.0014713002   0.0003217680  -0.0002113122  -0.0003300805   0.0000380431
        0.0003677998  -0.0002442318  -0.0000099371   0.0006191438  -0.0006372024
       -0.0009114425   0.0002815755   0.0003222688   0.0000910709  -0.0007709055
        0.0012113071   0.0009215748   0.0098337505   0.0078560858   0.0003763638
       -0.0004431000   0.0000450924   0.0002303286  -0.0081267297  -0.0007601936
       -0.0006786346  -0.0211372187  -0.0465700349  -0.0124676015  -0.0818244265
       -0.0389584397  -0.0069749046   0.0058453892  -0.0050953402   0.0035470475
       -0.0003033409   0.0006293573  -0.0000784724   0.1001794285   0.0834781661
        0.0153126581   0.0000181000   0.0007084506  -0.0008301421  -0.0002679291
       -0.0008650440   0.0000020058   0.0001378010   0.0003924987  -0.0000667271
        0.0001739759   0.0003275443   0.0001102732   0.0000745121  -0.0000440204
        0.0000404872  -0.0000184905   0.0000289548   0.0000256165  -0.0000152963
        0.0000203602  -0.0001813740  -0.0000522024   0.0001244680   0.0001508800
       -0.0000559660  -0.0000619562   0.0000488524  -0.0000479376  -0.0000618015
       -0.0000950939  -0.0003286526  -0.0000643003   0.0001466680  -0.0001555105
        0.0000979979   0.0001025793  -0.0029381842   0.0009888229   0.0012208927
        0.0000424154  -0.0000429608   0.0001504019  -0.0000266395   0.0001048912
        0.0000520281  -0.0000809844   0.0001845734   0.0000517527  -0.0000907960
        0.0000107883  -0.0000613647   0.0001391296  -0.0002645301   0.0001035114
       -0.0011674565  -0.0018513173  -0.0010746920   0.0024599533   0.0003559030
       -0.0006072859   0.0024219159  -0.0018798111   0.0013795716   0.0005620885
        0.0003041068   0.0001175125  -0.0006579260   0.0001966923  -0.0004375383
        0.0003275821  -0.0000615478   0.0007080443   0.0004874809   0.0002415988
        0.0000369523  -0.0000217614   0.0000064346   0.0000340484   0.0000245358
        0.0000037144  -0.0000254251   0.0000214934  -0.0000140207   0.0000189428
        0.0000002041  -0.0001179000   0.0000816175  -0.0003078395  -0.0017045344
       -0.0008408605   0.0002215427  -0.0000299974  -0.0002003899   0.0000832917
        0.0002032811   0.0000441054  -0.0000000384   0.0000873871  -0.0000006208
       -0.0000585623  -0.0001724296   0.0000282436  -0.0002701252   0.0001864127
        0.0003251013  -0.0005849296   0.0009103994  -0.0000921557   0.0001365373
        0.0001845494   0.0000055519  -0.0002530550   0.0001046270   0.0001976983
        0.0000994233   0.0000023180   0.0003744056  -0.0013082847   0.0011242379
       -0.0007748709   0.0001837955  -0.0006748973  -0.0004571084   0.0049948904
       -0.0012518950  -0.0049007525  -0.0019798507  -0.0424277788  -0.0210116321
        0.0004207293   0.0009451521   0.0004027543  -0.0059692705   0.0013191092
       -0.0005815783  -0.0262795582  -0.0260224691  -0.0102964005  -0.0419132123
       -0.1991618937  -0.0178865084  -0.0111402066  -0.0525625346   0.0095896192
       -0.0004710685   0.0009543588  -0.0001599213   0.0834781661   0.3239559929
        0.0398072709  -0.0015568041   0.0012799393   0.0024203202  -0.0008916611
        0.0004668165  -0.0005214140   0.0002712899  -0.0002924470   0.0001926038
        0.0003310636   0.0000657060   0.0001348775   0.0000243589  -0.0000041066
        0.0000652737   0.0000312461  -0.0000283279  -0.0000865730  -0.0000399144
        0.0000205492   0.0000542371   0.0000418373  -0.0001996173  -0.0006149635
       -0.0000853937   0.0000325244   0.0000132025   0.0000931369  -0.0000649681
       -0.0000098698   0.0000737626  -0.0000338808  -0.0000561044   0.0000055300
       -0.0000472159  -0.0000165446  -0.0003407310  -0.0009022188   0.0001296948
       -0.0000157688  -0.0000276493  -0.0000409809  -0.0000766991  -0.0000408464
        0.0000056604  -0.0000172180  -0.0002069423  -0.0000182122  -0.0001154129
        0.0002601691   0.0000709256   0.0000227614  -0.0000211887   0.0002545852
       -0.0012851848  -0.0019680957  -0.0003772020   0.0006408272   0.0001072066
        0.0007442192   0.0029150276   0.0002644024   0.0002033292   0.0017953447
       -0.0064541939   0.0067493419  -0.0006218375   0.0019406051  -0.0030302600
       -0.0000698118   0.0000742708   0.0002990579  -0.0001631617  -0.0000903062
       -0.0002097137  -0.0000204362  -0.0000207463  -0.0000204300  -0.0000244643
        0.0000017305   0.0000022889  -0.0000042658   0.0000373355   0.0000090816
       -0.0000399977   0.0000007910   0.0001868735  -0.0003537064  -0.0008027546
       -0.0002505601   0.0000623674  -0.0001223734  -0.0000393050  -0.0001107625
        0.0000956247  -0.0000151770  -0.0000229655  -0.0000519135   0.0000690662
       -0.0002412969   0.0003500355  -0.0001287059  -0.0001899003   0.0001375241
        0.0003274725   0.0007957585  -0.0004094499   0.0012610109   0.0001646851
       -0.0002014229   0.0002130791  -0.0001521818   0.0001410410   0.0000016717
        0.0000515730  -0.0002099801   0.0002755454  -0.0005062377   0.0002482621
       -0.0004501511  -0.0000326245  -0.0005501096  -0.0002354827   0.0034869144
       -0.0024895706  -0.0027952927  -0.0050217886  -0.0327302777  -0.0063950865
        0.0001958890   0.0004756003   0.0003920136  -0.0023599035  -0.0009045350
        0.0007260582  -0.0095992377  -0.0132572989   0.0035867740  -0.0072972234
       -0.0184263649  -0.0729503911   0.0071075848   0.0256388578   0.0074049504
       -0.0003002167   0.0004072906   0.0006449633   0.0153126581   0.0398072709
        0.0679755537  -0.0020012595  -0.0005858376   0.0024377060  -0.0001853081
        0.0001311035  -0.0006707008   0.0000460229  -0.0002047394   0.0002719006
        0.0000875303   0.0000876927   0.0002728424   0.0000575992  -0.0000048016
       -0.0000343648   0.0000155540  -0.0000315789  -0.0000388510  -0.0002285012
        0.0000271562   0.0001344538   0.0000201533  -0.0002254654  -0.0003927654
        0.0000641288   0.0000587123   0.0001765273   0.0000340558   0.0000097986
       -0.0000391082   0.0000251914   0.0000119533  -0.0000236284   0.0000140483
       -0.0000116960  -0.0000169525   0.0006661336   0.0001873333  -0.0010803324
       -0.0000775487   0.0000562355  -0.0000700754  -0.0000062176  -0.0000513389
       -0.0000057206   0.0000683992  -0.0002255189   0.0000826848   0.0000087272
       -0.0002084673  -0.0000407782  -0.0000168228   0.0000359955  -0.0001437796
       -0.0004784345  -0.0004419951  -0.0004748011  -0.0008160092   0.0000054123
        0.0002477487   0.0010425370  -0.0012787355   0.0001310912  -0.0007655677
        0.0055183418  -0.0032299397   0.0003276684   0.0000568316   0.0027621928
        0.0008220495  -0.0001153883  -0.0000288444   0.0003094193   0.0000831047
       -0.0000373365   0.0000002024   0.0000083900   0.0000355214  -0.0000098553
       -0.0000419335  -0.0000059595   0.0000267169   0.0000031883  -0.0000236110
       -0.0000682027   0.0011754192   0.0005226287   0.0005111309   0.0006080472
        0.0009270889  -0.0000522747  -0.0001025054   0.0000296733  -0.0000233519
       -0.0000148098   0.0000201935  -0.0000358644  -0.0000570994   0.0000543037
       -0.0001617020   0.0003268792  -0.0000137733   0.0007506052   0.0008868499
       -0.0004987677  -0.0000690037  -0.0001884941  -0.0001163138   0.0000640671
       -0.0001691329   0.0001297223  -0.0000199566   0.0001147368  -0.0001964570
       -0.0015640536   0.0013052366  -0.0009363723  -0.0002539992   0.0150859980
       -0.0161828432  -0.0007661973  -0.0011093498  -0.0007860939  -0.0003173572
       -0.0099940964   0.0069996045  -0.0407927216  -0.0168473324   0.0148150253
       -0.0001773835  -0.0006542216  -0.0003500848  -0.0000412038  -0.0001013248
       -0.0000638046   0.0003762855   0.0000241406   0.0005971124  -0.0039607774
       -0.0115695535   0.0196901786  -0.0018699890   0.0017432212   0.0024592764
       -0.0024318416   0.0013633691  -0.0024743494   0.0000181000  -0.0015568041
       -0.0020012595   0.0522389200   0.0190684042  -0.0237879699  -0.0000279907
        0.0003158028   0.0004185294  -0.0000452309   0.0001134571  -0.0001966267
       -0.0000210869  -0.0000482773   0.0000009226  -0.0000502315   0.0000493049
       -0.0000746533  -0.0000060018  -0.0002258464  -0.0000270243  -0.0010902957
        0.0006088227   0.0016517127  -0.0001664726   0.0000449556   0.0001380561
       -0.0000526958  -0.0001160529  -0.0003420766   0.0000409518   0.0000450710
       -0.0000039243   0.0000339944   0.0000214633  -0.0000102575   0.0000503937
        0.0000189648  -0.0000201904   0.0001227582  -0.0000426495  -0.0000660522
       -0.0000499311   0.0000324326  -0.0000611001   0.0000486098  -0.0000961121
        0.0000316405   0.0002376854  -0.0002798293   0.0001597389  -0.0000599117
       -0.0000134996  -0.0000005470  -0.0002254120   0.0000541628  -0.0000219946
        0.0000550261   0.0000411690   0.0000162002   0.0000764309   0.0000991018
       -0.0002619387  -0.0003896513   0.0002708029   0.0002315947  -0.0000617945
        0.0001012970  -0.0001343395   0.0002603905  -0.0004441145   0.0008553911
       -0.0000415981   0.0000695752  -0.0003456371  -0.0000121262   0.0000615742
       -0.0007932192   0.0000081988  -0.0000016875   0.0000100228   0.0000033785
       -0.0000174961   0.0000115352   0.0000093842   0.0000000299  -0.0000024807
        0.0000107959  -0.0004140813  -0.0001447044  -0.0002592647   0.0000812699
        0.0013489476  -0.0000552273  -0.0001263905   0.0000729913  -0.0000647277
       -0.0000021943   0.0000178039  -0.0000274868  -0.0000295753   0.0000283596
        0.0001630595   0.0001154117   0.0000837792  -0.0006463862   0.0004492617
       -0.0004773338  -0.0001406861   0.0001919639  -0.0000260089  -0.0001131138
        0.0000101515  -0.0003456635   0.0003116955  -0.0002487153   0.0001890168
        0.0003547565  -0.0007399193   0.0001777985   0.0001483267  -0.0041170128
        0.0056869878  -0.0009528169  -0.0038713190  -0.0011640944  -0.0036648012
       -0.0193107820   0.0117763417  -0.0187872096  -0.1680846040   0.1222337445
       -0.0001950412  -0.0015469060  -0.0005145295  -0.0000433762   0.0000856937
        0.0000937841  -0.0001636643  -0.0000133563  -0.0002936900   0.0020474343
        0.0054194552  -0.0066433721   0.0007092292  -0.0005198832  -0.0006695090
        0.0006640131  -0.0003083082   0.0005403010   0.0007084506   0.0012799393
       -0.0005858376   0.0190684042   0.1912325193  -0.1295795419  -0.0000790843
       -0.0002535838  -0.0000815415   0.0000786943   0.0000861842   0.0000104696
        0.0000238524   0.0000381373  -0.0000339269  -0.0000188270   0.0000058604
        0.0000243484   0.0000244503   0.0002702847   0.0000769825   0.0012673878
        0.0004486285  -0.0009845889  -0.0001236297   0.0003025941   0.0001561205
       -0.0004643702  -0.0000040214  -0.0007414021  -0.0000043254  -0.0000195924
        0.0000017435   0.0000133313  -0.0000107879  -0.0000212759   0.0000068452
       -0.0000378231   0.0000035350  -0.0000489557   0.0000196886  -0.0001243385
        0.0000438965  -0.0000711164   0.0000837933  -0.0001141322   0.0001110767
       -0.0000150606   0.0004619273  -0.0006841509   0.0004088858   0.0000996997
        0.0000036145  -0.0001018512  -0.0004160176   0.0000325234  -0.0001275392
        0.0000918096  -0.0000484001  -0.0000488719   0.0000386634  -0.0000743132
       -0.0000610671   0.0000702962   0.0001874501  -0.0000393370   0.0000691927
        0.0000218660  -0.0000584696   0.0000093715   0.0001373287  -0.0003732469
       -0.0000228894  -0.0000579885   0.0000965255  -0.0000564375   0.0000503287
        0.0001640396  -0.0000077743  -0.0000057325  -0.0000085111  -0.0000093622
        0.0000075465  -0.0000117568  -0.0000059761   0.0000117792   0.0000007706
        0.0004742475  -0.0015480635  -0.0009998212   0.0001302829  -0.0021838816
        0.0004635261   0.0000013131  -0.0001014198  -0.0000796829   0.0000746664
        0.0000802286  -0.0000333675   0.0000218536  -0.0000200468  -0.0001086881
       -0.0001927121   0.0005613370   0.0002932726   0.0006751798   0.0001950330
        0.0004369309  -0.0000819153  -0.0000002424   0.0003318706   0.0000162198
       -0.0005108013  -0.0001084416   0.0000495352   0.0002663333   0.0001057932
       -0.0006413429   0.0004218491  -0.0006309773  -0.0004362857   0.0087503246
       -0.0073709217  -0.0002727510  -0.0012631038  -0.0003036311  -0.0014198556
       -0.0060187778   0.0048780379   0.0151512243   0.1163589221  -0.1433455725
       -0.0002413647  -0.0004981010  -0.0001492007  -0.0000649158  -0.0000028861
       -0.0000266622  -0.0003578613   0.0000542343  -0.0005707907   0.0089985468
        0.0153219887  -0.0268549148   0.0022267260  -0.0017416107  -0.0045064992
       -0.0002240001   0.0002449890  -0.0014111615  -0.0008301421   0.0024203202
        0.0024377060  -0.0237879699  -0.1295795419   0.1808645313   0.0001937818
        0.0002054988   0.0001757436  -0.0000756453   0.0000675374  -0.0000783736
       -0.0001035649  -0.0000723057  -0.0000272807  -0.0000060008   0.0000113883
       -0.0000090372  -0.0000122224   0.0000168860  -0.0001296242   0.0015200145
       -0.0006361409  -0.0007363169   0.0000628210  -0.0000017300  -0.0000884183
       -0.0005304894  -0.0002401428  -0.0002978996   0.0000348630   0.0000020702
       -0.0000220540   0.0000461620  -0.0000133786  -0.0000238549   0.0000385194
       -0.0000033850  -0.0000197036  -0.0000665238  -0.0002608561  -0.0003288049
        0.0000027835   0.0000074144  -0.0000760213  -0.0000831875   0.0000132835
       -0.0000813003   0.0001580299  -0.0003201210   0.0000711334  -0.0000207454
       -0.0000359848  -0.0000408692  -0.0002152919  -0.0000885239  -0.0001396697
       -0.0000999446  -0.0000728290  -0.0000541199   0.0000793113  -0.0000739461
        0.0002290028  -0.0000288039  -0.0000794946  -0.0000042766  -0.0001189080
       -0.0002287018   0.0001364744  -0.0002402549   0.0006880133  -0.0011509851
        0.0000098649   0.0000673561  -0.0002684801   0.0001694462  -0.0001444076
       -0.0003524571   0.0000068083  -0.0000002137   0.0000126104   0.0000079834
       -0.0000123534   0.0000016348   0.0000025148  -0.0000020161  -0.0000083874
       -0.0019427320   0.0009078462   0.0042532587  -0.0004559356  -0.0001249311
       -0.0005169034  -0.0003184693  -0.0000391352  -0.0000520531  -0.0000557255
       -0.0002128755  -0.0002498232  -0.0002630940   0.0000863002  -0.0003527848
        0.0000981320  -0.0024096544   0.0006973035   0.0007432692  -0.0003910266
       -0.0009211498  -0.0001321086  -0.0001066972   0.0002902442  -0.0051263162
        0.0022132817  -0.0026379769   0.0154094481  -0.0037428114  -0.0005452080
       -0.0966715256   0.0303400224  -0.0248818483  -0.0014085921   0.0071714157
       -0.0005001928  -0.0212343080   0.0092368838  -0.0151059689  -0.0046029740
       -0.0001542148  -0.0011790532  -0.0005428493  -0.0004404232  -0.0006853405
       -0.0013675676   0.0003847786  -0.0002434616  -0.0001557138   0.0001888901
        0.0000571817  -0.0002051414  -0.0001624932  -0.0001207033   0.0003697335
        0.0010319348   0.0002651747  -0.0004730281   0.0000648372   0.0000622013
       -0.0016586064   0.0007310133  -0.0004155241  -0.0002679291  -0.0008916611
       -0.0001853081  -0.0000279907  -0.0000790843   0.0001937818   0.4105510185
        0.0935133921   0.1120790378  -0.0786466551  -0.0635624306   0.0093284136
       -0.1772508961  -0.0663016645  -0.0580887128  -0.0352710116  -0.0048374405
       -0.0223697060   0.0006425349  -0.0007928572   0.0014896236   0.0000832515
       -0.0002505649   0.0001333330  -0.0001867812   0.0000759135  -0.0000802043
        0.0001523348  -0.0002948568   0.0002120694  -0.0000358447  -0.0000453469
        0.0000588938   0.0000043928  -0.0000184125   0.0000907107  -0.0000296249
       -0.0000753778   0.0003179419   0.0001014978   0.0001450951   0.0001430005
        0.0005737451  -0.0013378259   0.0016054033   0.0008104380  -0.0000392895
        0.0001090622  -0.0004853449  -0.0003786758  -0.0009256736  -0.0005374498
        0.0009655541  -0.0001143319  -0.0000360115   0.0000849905  -0.0000119355
        0.0001207688  -0.0000218928   0.0000039655   0.0000542857   0.0000128921
       -0.0001214745  -0.0000464710  -0.0000892007   0.0000771409  -0.0005450385
        0.0000170294   0.0001779400   0.0001164773  -0.0001427613  -0.0000460989
        0.0004614485  -0.0006709113  -0.0003416208   0.0015118108   0.0006077331
        0.0008943705   0.0007362303  -0.0012039436  -0.0010360173   0.0010769079
       -0.0005635308   0.0017961850  -0.0036359888   0.0016021875  -0.0026071619
        0.0009473434  -0.0003432526  -0.0019891432   0.0003708868  -0.0000514773
        0.0005289852   0.0002952479   0.0000554207  -0.0002908990  -0.0003130676
        0.0000086917   0.0000602856  -0.0005651424   0.0000382338   0.0001390281
        0.0000269433  -0.0027861767  -0.0000256737  -0.0004025667   0.0005526298
       -0.0000029309  -0.0002421316  -0.0013653245  -0.0008339108   0.0000135462
        0.0012257789   0.0004369905  -0.0043666002   0.0004552577   0.0104878707
        0.0424358277  -0.0829577679   0.0275054767   0.0140992764  -0.0177431558
        0.0109089265  -0.0018158967   0.0041059894  -0.0032571686  -0.0028636231
       -0.0010015866   0.0001991750   0.0010570315  -0.0027948408  -0.0004400891
        0.0001588153   0.0007110107  -0.0003677637  -0.0002323512  -0.0000536383
        0.0000122684   0.0001308717   0.0000326710  -0.0001719650   0.0007904615
       -0.0006043550   0.0000531935   0.0003352236   0.0002246096  -0.0000208506
       -0.0002408259  -0.0000756244   0.0007507336  -0.0008650440   0.0004668165
        0.0001311035   0.0003158028  -0.0002535838   0.0002054988   0.0935133921
        0.8242617979  -0.1368003760  -0.0735195642  -0.6059646512   0.1192423870
       -0.0811823862  -0.1319257898  -0.0251406298   0.0068200811   0.0130354812
       -0.0011690209  -0.0003172069   0.0005439326  -0.0008153215  -0.0000326902
       -0.0001595469  -0.0000814558  -0.0001179015  -0.0002109038  -0.0002879629
       -0.0001063717   0.0000179549   0.0000255025   0.0001179007   0.0002941269
        0.0001353464   0.0002422526   0.0002096639  -0.0000027428   0.0003385758
       -0.0000551832  -0.0000655912   0.0001769079   0.0000675418   0.0001241756
        0.0000603069   0.0005468343  -0.0002851784   0.0005000740   0.0001185525
       -0.0025932744  -0.0014483019  -0.0000917614  -0.0018268147  -0.0019739469
        0.0012843032   0.0007319332  -0.0002187997  -0.0001363422  -0.0001217314
       -0.0001738763  -0.0000348862   0.0001424440  -0.0000332321   0.0000405781
        0.0000727564  -0.0000287669   0.0000290353  -0.0000551639  -0.0003053176
        0.0000924950  -0.0001480247  -0.0001170643   0.0000282058  -0.0000460050
        0.0000266369  -0.0007522068  -0.0002378302   0.0017324417   0.0012715954
       -0.0009965994   0.0042299454   0.0006723951   0.0005845222   0.0013140257
        0.0020113469   0.0035139684   0.0014328571  -0.0030408954   0.0020815460
        0.0010392610   0.0005233785  -0.0035086798  -0.0001852658  -0.0001716369
       -0.0002460067  -0.0001692180  -0.0002036255  -0.0001766667  -0.0000261103
        0.0001853852   0.0000442304  -0.0003636848  -0.0005313186  -0.0002947311
        0.0000970506   0.0024946786   0.0016952361   0.0006479852  -0.0007887945
       -0.0008947913  -0.0002150467   0.0003012524   0.0002448610  -0.0016517419
       -0.0010689302  -0.0012326526  -0.0071553895   0.0147153121  -0.0299390757
       -0.0357547012   0.0253480431  -0.0897632706   0.0054805389   0.0017713861
        0.0069522037  -0.0063369725  -0.0002453657  -0.0023503453   0.0008934729
       -0.0004007548   0.0000915149   0.0013063742  -0.0029019262  -0.0003102690
       -0.0006871457  -0.0004408082   0.0002378815   0.0001198129   0.0002346111
        0.0000047778  -0.0000310732  -0.0001466328  -0.0002911666   0.0005790010
        0.0006549728   0.0008340330  -0.0001911013  -0.0000942212  -0.0003047510
        0.0004783382  -0.0020719865   0.0012676934   0.0000020058  -0.0005214140
       -0.0006707008   0.0004185294  -0.0000815415   0.0001757436   0.1120790378
       -0.1368003760   0.3129680640   0.0127735978   0.1275039889  -0.0945928524
       -0.0566176553  -0.0190836229  -0.0823342047  -0.0243083707  -0.0073607735
       -0.0138594855  -0.0003075808   0.0002031698  -0.0004038668   0.0000847154
       -0.0001467267   0.0000702589  -0.0000873863   0.0000860673  -0.0000782650
        0.0002667064  -0.0002260727   0.0001455785  -0.0000235186  -0.0001952439
       -0.0000234332  -0.0000567003  -0.0001535640   0.0000317997  -0.0000002959
       -0.0000159479   0.0001007284   0.0000062150  -0.0000986793   0.0000067107
       -0.0000975228  -0.0002741941   0.0001088473  -0.0007916479  -0.0001424146
       -0.0009371398  -0.0000784607  -0.0004380140  -0.0000655884   0.0015025473
       -0.0000430486   0.0005246512   0.0000609638   0.0000861745   0.0000172691
        0.0001543392  -0.0000288017  -0.0001246473   0.0001164292  -0.0000456909
       -0.0001120462  -0.0000962556  -0.0000263782   0.0000212046  -0.0000737108
        0.0000174084   0.0002140048   0.0002233669  -0.0001728300  -0.0000933566
        0.0000743473  -0.0004128672  -0.0004431838   0.0018923445   0.0006033992
       -0.0013754089   0.0007942627  -0.0007424491   0.0008322913  -0.0016367448
       -0.0008481970   0.0003764976  -0.0041479419   0.0021956210  -0.0025394958
        0.0002466853  -0.0001177607  -0.0006423322   0.0000704533   0.0000970904
       -0.0000374781   0.0000919941   0.0000328422   0.0000213897   0.0000806649
        0.0000771681   0.0000350641   0.0000902717  -0.0000513949   0.0000701180
       -0.0001164091   0.0005562079  -0.0002674986  -0.0003464687  -0.0001441989
        0.0002437636   0.0000683103   0.0001116709   0.0000965426   0.0003083482
       -0.0006133040   0.0008437127  -0.0015850278   0.0017490045  -0.0018826381
        0.0069176919   0.0170454042  -0.0093083507  -0.0011623300   0.0021627967
       -0.0017022807  -0.0004300888   0.0018216434  -0.0010709402   0.0008450666
       -0.0001484331   0.0000883687  -0.0000181016   0.0003606664   0.0002564057
        0.0002951174   0.0000461179  -0.0000196071   0.0000092603  -0.0001152819
       -0.0000421954   0.0000342716   0.0000469897   0.0000246346  -0.0000893434
       -0.0001987578  -0.0000856407   0.0000297365  -0.0000320295  -0.0000740100
        0.0002277516  -0.0000700300   0.0002035424   0.0001378010   0.0002712899
        0.0000460229  -0.0000452309   0.0000786943  -0.0000756453  -0.0786466551
       -0.0735195642   0.0127735978   0.0922683034   0.1184756646   0.0073291275
       -0.0217531785  -0.0664714824  -0.0113139329   0.0004237958  -0.0026979267
        0.0032634786  -0.0001098746   0.0000556741  -0.0002262474  -0.0000511711
        0.0000221994   0.0000259417   0.0000611230   0.0000380297   0.0001134116
        0.0000013020   0.0000738338  -0.0000679901  -0.0000013968   0.0000073823
       -0.0000288746   0.0000015125   0.0000128302  -0.0000140033   0.0000152311
        0.0000435619  -0.0000717229  -0.0000419572  -0.0000588812  -0.0000411547
       -0.0000889298   0.0001570140  -0.0002181124  -0.0003956800   0.0000989371
        0.0001682384   0.0000741572   0.0004172526   0.0006340109   0.0009502558
       -0.0003889778  -0.0004521952   0.0000534234   0.0000062563   0.0000447870
       -0.0000337991   0.0000060711   0.0000335995  -0.0000088154  -0.0000143380
        0.0000325224   0.0000332251   0.0000345965  -0.0000191363   0.0002859064
       -0.0000389297  -0.0000604014  -0.0000088593   0.0000617412   0.0000299711
       -0.0001312495   0.0002859212   0.0000417194  -0.0005133280  -0.0000704543
       -0.0002449371   0.0010417373   0.0009040211   0.0000610107   0.0000196072
        0.0001535346   0.0004639748   0.0008948896  -0.0005603632   0.0010223693
       -0.0011990465   0.0007854949   0.0022042719  -0.0002023409   0.0000067402
       -0.0003591003  -0.0001647485   0.0000212231   0.0001678123   0.0002438996
        0.0000716957  -0.0000426890   0.0003811947   0.0000390388  -0.0000623485
       -0.0000905688   0.0009926893  -0.0002729267   0.0003034843  -0.0003608321
       -0.0002491541  -0.0001316663   0.0005931177   0.0004117876  -0.0008768890
        0.0000505217  -0.0002126628   0.0059616114  -0.0031194491  -0.0026023310
       -0.0021491571  -0.0457705811   0.0212944719   0.0033285774  -0.0013887863
        0.0041615434  -0.0044153669   0.0008665599  -0.0024885335   0.0000465499
       -0.0000068224  -0.0006767529   0.0007292292  -0.0017592428  -0.0004396715
       -0.0002704236  -0.0001386140  -0.0000092113  -0.0000604537   0.0000331560
        0.0000311163   0.0000377865  -0.0000455826  -0.0001181554   0.0002227327
        0.0003907653   0.0004434743  -0.0001234876  -0.0001309293   0.0000227334
        0.0000606573   0.0003465575   0.0007533273   0.0003924987  -0.0002924470
       -0.0002047394   0.0001134571   0.0000861842   0.0000675374  -0.0635624306
       -0.6059646512   0.1275039889   0.1184756646   0.7321648380  -0.1407363418
       -0.0605784508  -0.0817469915  -0.0088744274   0.0021048444   0.0041436216
        0.0000023119   0.0003032328  -0.0004754416   0.0007806828  -0.0000340233
        0.0001145379   0.0000153215   0.0000527116   0.0001622338   0.0001744732
        0.0000228983   0.0000015422  -0.0000628985  -0.0000391438  -0.0001383744
       -0.0000681939  -0.0001033573  -0.0000786495   0.0000013636  -0.0001266342
        0.0000547154   0.0000141981  -0.0000897628   0.0000093600  -0.0000405384
        0.0001235775  -0.0005787635   0.0004108310  -0.0002149594   0.0005063542
        0.0007899864   0.0006616439   0.0001841348   0.0010265615   0.0011462841
       -0.0001878307  -0.0008548481   0.0001442935   0.0001011762   0.0000804242
        0.0000925961  -0.0000026733  -0.0000260669   0.0000496734  -0.0000242498
       -0.0000665551  -0.0000429258   0.0000114886   0.0000259524   0.0002063322
       -0.0000188488   0.0000775457  -0.0000039262   0.0000031621   0.0000425896
       -0.0001850367   0.0005392260   0.0001458897  -0.0003062142  -0.0008773719
       -0.0007048828  -0.0013461986  -0.0001599877   0.0002281806   0.0001131919
       -0.0003834656  -0.0020196149   0.0009985894   0.0013704513   0.0003142674
        0.0000272536  -0.0000531578   0.0000403788   0.0000206762  -0.0000214830
        0.0001120929   0.0000987807   0.0000556107   0.0000233488  -0.0000732205
        0.0000173628   0.0000555289   0.0000408683   0.0000755732   0.0000750735
       -0.0000530226  -0.0003784499  -0.0001751415  -0.0003009045   0.0003683170
        0.0002893035   0.0001407724  -0.0001163407  -0.0001499123   0.0003079795
        0.0002741189   0.0000392181  -0.0005828284  -0.0005214502   0.0011379977
       -0.0043470720   0.0329929731   0.0031902974  -0.0029299273   0.0010698344
       -0.0038168698   0.0006999451   0.0003682837  -0.0001191818   0.0001101216
        0.0001235597   0.0002460639  -0.0004703530   0.0015016706   0.0002921197
        0.0002251013   0.0000468634  -0.0000458839  -0.0000158928  -0.0000840615
       -0.0000057679  -0.0000079086   0.0000826156   0.0001215125  -0.0003004203
       -0.0001726006  -0.0003158414   0.0001157371   0.0000397457   0.0000593198
        0.0001696983  -0.0001115757  -0.0006318718  -0.0000667271   0.0001926038
        0.0002719006  -0.0001966267   0.0000104696  -0.0000783736   0.0093284136
        0.1192423870  -0.0945928524   0.0073291275  -0.1407363418   0.0733616233
       -0.0123755078  -0.0096492406   0.0217094206   0.0017598743  -0.0041497297
       -0.0021895852   0.0000154930  -0.0000270926  -0.0000172586   0.0000004971
        0.0000163731   0.0000251642   0.0000891627  -0.0000211749   0.0000474211
       -0.0000210457   0.0000764921  -0.0000061348   0.0000255797   0.0000700840
        0.0000144223   0.0000354453   0.0000364753  -0.0000174076   0.0000201196
       -0.0000258492  -0.0000364697   0.0000083471  -0.0000035113  -0.0000146831
       -0.0000972655   0.0001059222  -0.0001360177  -0.0000872969  -0.0000863412
        0.0005269967   0.0001292054   0.0002789936   0.0000447107  -0.0004401056
        0.0001041924  -0.0000743642  -0.0000117256  -0.0000282255  -0.0000212246
       -0.0000559059   0.0000138685   0.0000199929  -0.0000564428   0.0000276598
        0.0000431478   0.0000357691  -0.0000139487  -0.0000010951  -0.0000886781
        0.0000376118  -0.0001247611  -0.0000669345   0.0000784209   0.0000025607
        0.0000084265  -0.0000565748  -0.0000296329   0.0000581591  -0.0002750327
        0.0001290218   0.0009427224  -0.0003288636  -0.0000945899   0.0006776543
        0.0002338715   0.0002601952   0.0002248814  -0.0006809087   0.0005560873
        0.0008849301  -0.0005196725  -0.0010819486   0.0002272442   0.0000694168
        0.0002388286   0.0001155980  -0.0001616830  -0.0000017939  -0.0000343097
        0.0000467793   0.0001344854   0.0001966175  -0.0001289383   0.0001820239
       -0.0000673177   0.0025447222  -0.0001299160  -0.0003395337   0.0006085527
        0.0000520203   0.0000627396   0.0001904848  -0.0000669872   0.0028359851
       -0.0024349555   0.0022786326  -0.0053914909   0.0001818383   0.0018724514
       -0.0296980445  -0.0032967187  -0.0237673632  -0.0007207075  -0.0023702944
        0.0002938109  -0.0024988167   0.0035004484  -0.0035221662  -0.0017397950
       -0.0001535519   0.0000066937  -0.0000956898   0.0001208602   0.0002140179
        0.0003914583   0.0004550798  -0.0002684455  -0.0000696939  -0.0001209159
        0.0000112133   0.0001320763   0.0001620382   0.0000212518  -0.0003595130
       -0.0005539684  -0.0001759857   0.0001974098   0.0003450455  -0.0002086912
       -0.0006055458   0.0002296255   0.0001939012   0.0001739759   0.0003310636
        0.0000875303  -0.0000210869   0.0000238524  -0.0001035649  -0.1772508961
       -0.0811823862  -0.0566176553  -0.0217531785  -0.0605784508  -0.0123755078
        0.3803241168   0.0578864500   0.1720735041  -0.1050752573   0.0519857996
       -0.0454233905  -0.0001355288   0.0002235746  -0.0004347788  -0.0000448047
        0.0001691038  -0.0000637424   0.0000722384  -0.0000661867   0.0000380444
       -0.0000520943   0.0001424399  -0.0000604283  -0.0000274416  -0.0000308880
       -0.0000341225  -0.0000293016  -0.0000354309  -0.0000671181  -0.0000442985
       -0.0000009443  -0.0001570667  -0.0000484239  -0.0001456399  -0.0000813999
       -0.0002764180   0.0003973933  -0.0006097238  -0.0000704738  -0.0004059079
        0.0000670123   0.0001800136  -0.0002710822   0.0004678313   0.0004211104
       -0.0003790755   0.0001899332   0.0000584642  -0.0000469030   0.0000167750
       -0.0000233855  -0.0000328861   0.0001021829   0.0000289905  -0.0000353292
        0.0000560410   0.0000498490   0.0000357521  -0.0000372387   0.0001304296
       -0.0000611815  -0.0000690505   0.0000011183  -0.0000099483  -0.0000052576
       -0.0000190105   0.0000154611   0.0001656275  -0.0024207095   0.0013117968
        0.0010455526  -0.0232220050   0.0197466170  -0.0132944651   0.0065895916
        0.0020613446  -0.0036047497  -0.0209391845   0.0102373986  -0.0175468075
        0.0003905995  -0.0003217458  -0.0003378973   0.0000560996   0.0000450168
        0.0000400444  -0.0001771937   0.0000618041   0.0002290544   0.0002167630
       -0.0001428731  -0.0001228620   0.0005220716   0.0002703800   0.0000895013
       -0.0000013029  -0.0012958662   0.0007260089   0.0007200936  -0.0012183626
        0.0009381260   0.0000851037   0.0004748224   0.0002151641   0.0013233598
       -0.0003376118   0.0025424615  -0.0022572517  -0.0003877301   0.0015624258
        0.0082738368   0.0096701974   0.0003731222   0.0000394879  -0.0007109061
        0.0001076247   0.0019344459  -0.0001711092   0.0019833018   0.0004040645
        0.0001998981   0.0000290210  -0.0002381918   0.0002961618  -0.0000315462
        0.0001893244  -0.0000871513   0.0000387185   0.0000182094  -0.0000551069
       -0.0000105484   0.0000394085   0.0000447452   0.0000817526  -0.0002293424
       -0.0000853607  -0.0001036627   0.0000831145  -0.0001858590   0.0001713092
        0.0015389006  -0.0001810506  -0.0003962343   0.0003275443   0.0000657060
        0.0000876927  -0.0000482773   0.0000381373  -0.0000723057  -0.0663016645
       -0.1319257898  -0.0190836229  -0.0664714824  -0.0817469915  -0.0096492406
        0.0578864500   0.3470341274  -0.0440145913   0.0383655485  -0.1177171509
        0.0425505180  -0.0001029750   0.0001441299  -0.0001743256   0.0000004077
        0.0000943303  -0.0000734943   0.0000297832  -0.0000042219   0.0000462759
       -0.0000485378   0.0000535831  -0.0000508381  -0.0000358480  -0.0000507782
       -0.0000697287  -0.0000982547  -0.0000196304  -0.0000186308  -0.0001445160
        0.0000984001  -0.0000526800  -0.0000925352   0.0000581263  -0.0000911904
       -0.0000703057   0.0000298014  -0.0001110169  -0.0001127163  -0.0000931018
        0.0001630374   0.0003048125  -0.0001027756   0.0005345606   0.0000526811
       -0.0005414763  -0.0000456070   0.0000419419  -0.0000038004   0.0000205196
        0.0000178774   0.0000067526  -0.0000120894  -0.0000053563  -0.0000098614
        0.0000095385   0.0000198810   0.0000105773  -0.0000045586   0.0000576039
       -0.0000379831   0.0000092826  -0.0000496469   0.0000042859   0.0000347590
       -0.0002248423   0.0003148976   0.0002709941  -0.0002074448  -0.0003714034
        0.0001123167   0.0216241004  -0.0164114716   0.0141910148   0.0143140178
       -0.0157516307   0.0170757798  -0.0119598475   0.0109529194  -0.0097072550
        0.0003357001  -0.0000808844  -0.0001063530   0.0001206601   0.0000425898
        0.0001296125  -0.0000114545   0.0000625500   0.0001186109   0.0000592481
       -0.0002019448  -0.0001160973   0.0000618152   0.0001047556   0.0000381747
        0.0000454302  -0.0002874614  -0.0020488633  -0.0001748648   0.0006410095
       -0.0002277730   0.0000547570   0.0000204801   0.0001324963  -0.0012611018
        0.0026998330  -0.0036176180  -0.0000423384   0.0006828866   0.0011545003
       -0.0249718188  -0.0043412632  -0.0117162901  -0.0006088636  -0.0011052721
       -0.0010136691  -0.0016952113   0.0029966348  -0.0021792364  -0.0014718340
       -0.0001722080  -0.0000404367  -0.0002221959   0.0001248263  -0.0000372757
        0.0001814403   0.0003874197  -0.0002104088  -0.0000881394  -0.0001060158
        0.0000152828   0.0000493878   0.0000435499   0.0000676165  -0.0000571290
       -0.0003287654  -0.0002455159   0.0000922597  -0.0000907625   0.0001077435
        0.0008252735   0.0000909260  -0.0005099303   0.0001102732   0.0001348775
        0.0002728424   0.0000009226  -0.0000339269  -0.0000272807  -0.0580887128
       -0.0251406298  -0.0823342047  -0.0113139329  -0.0088744274   0.0217094206
        0.1720735041  -0.0440145913   0.1949501260  -0.0426267702   0.0502504853
       -0.0933517891  -0.0000371228   0.0000459130  -0.0000669149  -0.0000255901
        0.0000387373  -0.0000207005   0.0000322009  -0.0000347372   0.0000489217
       -0.0000488804   0.0000815339  -0.0000368992  -0.0000549682   0.0000380116
        0.0000079280  -0.0000154266   0.0000416174   0.0000033002  -0.0001208062
       -0.0000144443   0.0000661002  -0.0000290865   0.0000574063   0.0000337105
        0.0000279712  -0.0001731920   0.0003788613   0.0001191932  -0.0001066639
        0.0000968587   0.0001106319  -0.0000762531   0.0002037024   0.0001465095
       -0.0002267391   0.0000840267   0.0000394206  -0.0000086025   0.0000136622
       -0.0000204218  -0.0000052690   0.0000850834   0.0000050638  -0.0000006743
        0.0000393383   0.0000748585   0.0000007802   0.0000028328   0.0001033012
       -0.0000494105  -0.0000586907   0.0000192446   0.0000368574   0.0000365272
       -0.0000151280   0.0004066206   0.0002998006   0.0001546710  -0.0013735528
        0.0004640235   0.0033722598   0.0004545198   0.0102960831  -0.0212656631
        0.0207451401  -0.0223135271  -0.0139485370   0.0066177295  -0.0105777125
        0.0002573295  -0.0000065889  -0.0001774103   0.0000339310   0.0000011235
        0.0000182419  -0.0000662755   0.0000297741   0.0000555479   0.0000596076
       -0.0000079324  -0.0000192776  -0.0000410097   0.0000476295  -0.0000117953
        0.0000599698  -0.0001530847  -0.0002036729   0.0000673212  -0.0000255669
        0.0001236879  -0.0000362604  -0.0000032792   0.0000039989   0.0001122177
       -0.0000485681   0.0005836952  -0.0006305750   0.0002710860  -0.0010000998
       -0.0004706430  -0.0037761694  -0.0022983960   0.0004080933  -0.0004204608
        0.0001825639  -0.0005870734   0.0003383950  -0.0007606610  -0.0003148271
       -0.0001994422  -0.0000442468   0.0000511223  -0.0000287664  -0.0000568910
       -0.0000227008   0.0000787892  -0.0000656424  -0.0000521000  -0.0000060858
        0.0000085422   0.0000233100  -0.0000244616   0.0000012633  -0.0000694639
        0.0000535485  -0.0000289903   0.0001208268  -0.0000826426   0.0001021434
        0.0005323641  -0.0002195721  -0.0000170248   0.0000745121   0.0000243589
        0.0000575992  -0.0000502315  -0.0000188270  -0.0000060008  -0.0352710116
        0.0068200811  -0.0243083707   0.0004237958   0.0021048444   0.0017598743
       -0.1050752573   0.0383655485  -0.0426267702   0.4631323018   0.0531908205
       -0.0341731541  -0.0001010129   0.0000853526  -0.0000809497  -0.0000483216
        0.0000045348  -0.0000634661   0.0000011652   0.0000375455   0.0000071014
       -0.0000067336  -0.0000119049  -0.0000192784   0.0000188167   0.0000043512
       -0.0000185288  -0.0000117611   0.0000167602   0.0000081416   0.0000018625
        0.0000478332  -0.0000149252  -0.0000160323   0.0000711457  -0.0000146481
       -0.0000522507  -0.0000241316   0.0000360698  -0.0001119435   0.0001735599
        0.0000438021  -0.0001312273   0.0001066749   0.0000241897   0.0000248278
        0.0000407905  -0.0000916152  -0.0000056416   0.0000076231  -0.0000023298
       -0.0000261821   0.0000034804   0.0000176823  -0.0000302184   0.0000170660
        0.0000010479  -0.0000192077   0.0000052279  -0.0000019053  -0.0000207184
        0.0000100874  -0.0000225547  -0.0000794469   0.0000315227   0.0000179867
       -0.0001245806   0.0001848096   0.0000971857  -0.0005995732   0.0000131878
        0.0001555377  -0.0982217325   0.0697718893   0.0732944541  -0.0978679343
       -0.0579768946   0.0809267989  -0.1252414272  -0.1089250627  -0.0513985509
       -0.0000986207  -0.0000242973   0.0000384440  -0.0000059532  -0.0000037274
        0.0000166084  -0.0000488342  -0.0000659823  -0.0000347352  -0.0000445190
       -0.0000876943  -0.0000387523   0.0000120653   0.0000599709   0.0000279500
        0.0000165207   0.0000762883   0.0003593877   0.0000587337  -0.0001261911
       -0.0000549704   0.0001182625   0.0000760350   0.0000202298   0.0000100965
       -0.0002194952  -0.0002115338   0.0001228519  -0.0000798648   0.0005411912
       -0.0034059065  -0.0006396003  -0.0001402584  -0.0000327934  -0.0000817394
       -0.0000527471  -0.0003564922   0.0004656894  -0.0004752228  -0.0002073490
        0.0000037451   0.0000206482  -0.0000812097  -0.0000065215   0.0000234509
        0.0000020434   0.0000554950  -0.0000140567   0.0000120925   0.0000009754
        0.0000051046  -0.0000222537   0.0000005931  -0.0000034623   0.0000660608
       -0.0000980336   0.0000005613  -0.0000667864   0.0000488680  -0.0000539704
       -0.0003326231   0.0000903324  -0.0000444775  -0.0000440204  -0.0000041066
       -0.0000048016   0.0000493049   0.0000058604   0.0000113883  -0.0048374405
        0.0130354812  -0.0073607735  -0.0026979267   0.0041436216  -0.0041497297
        0.0519857996  -0.1177171509   0.0502504853   0.0531908205   0.5009206590
        0.0366254923   0.0000615712  -0.0000421521   0.0000323267   0.0000278673
        0.0000170107   0.0000276580   0.0000041969  -0.0000258901  -0.0000049670
        0.0000086311   0.0000184303   0.0000109294  -0.0000110628  -0.0000251308
        0.0000148745   0.0000022254  -0.0000288268   0.0000054612  -0.0000098956
       -0.0000353194   0.0000247897   0.0000191186  -0.0000542348   0.0000124034
        0.0000299498   0.0000653553  -0.0000197936   0.0000581600  -0.0001218893
       -0.0000271952   0.0000456364  -0.0000647022  -0.0000385970  -0.0000028088
        0.0000090361   0.0000776693   0.0000104452  -0.0000021765  -0.0000012503
        0.0000116212  -0.0000026191   0.0000093171   0.0000259562  -0.0000035787
        0.0000051655   0.0000231752  -0.0000042077   0.0000070001   0.0000028312
       -0.0000200064  -0.0000122254   0.0000662523  -0.0000088441  -0.0000135944
        0.0001542290  -0.0001208275  -0.0000208530   0.0002512673   0.0000195282
       -0.0000242471   0.0686827021  -0.1310511020  -0.0905164294  -0.0596783827
       -0.0998231368   0.0809807369  -0.1031456102  -0.1685239267  -0.0658306296
       -0.0001072375  -0.0000556970   0.0002918313   0.0000203574   0.0000279128
       -0.0000175376   0.0000230131  -0.0000182087  -0.0000217563   0.0000227074
        0.0000799968   0.0000412418  -0.0001390246  -0.0001729738  -0.0000361460
       -0.0000742947   0.0010296860   0.0000552697   0.0000160392   0.0000061466
        0.0000202907  -0.0000576826  -0.0000181250  -0.0000471381   0.0004148100
       -0.0007883973   0.0001540840   0.0007324322  -0.0005061539   0.0005044323
       -0.0038628523  -0.0008685109   0.0043768548   0.0000201487   0.0001019247
       -0.0000914178  -0.0005691487   0.0005379853  -0.0005436879  -0.0003664081
       -0.0000784049  -0.0000726551  -0.0000637858   0.0000895495  -0.0000285139
       -0.0000544851   0.0000962723  -0.0000739089  -0.0000412930  -0.0000126911
       -0.0000126618   0.0000150506  -0.0000096085  -0.0000028176  -0.0000496043
        0.0000846930  -0.0000003371   0.0000260659  -0.0000781658   0.0000606025
        0.0003962638  -0.0001901702  -0.0000314955   0.0000404872   0.0000652737
       -0.0000343648  -0.0000746533   0.0000243484  -0.0000090372  -0.0223697060
       -0.0011690209  -0.0138594855   0.0032634786   0.0000023119  -0.0021895852
       -0.0454233905   0.0425505180  -0.0933517891  -0.0341731541   0.0366254923
        0.4653097084  -0.0000000701  -0.0000204633   0.0000130721  -0.0000265730
       -0.0000128772   0.0000088561  -0.0000170880   0.0000220486   0.0000001372
        0.0000027542  -0.0000155593  -0.0000235055   0.0000192695   0.0000015590
       -0.0000148750  -0.0000084553   0.0000037573   0.0000046785   0.0000447526
        0.0000619889  -0.0000302331  -0.0000086974   0.0000147357  -0.0000249360
       -0.0000252057   0.0000980284  -0.0002007331  -0.0000780234   0.0000076706
       -0.0001799003  -0.0001243527   0.0000642796   0.0000015747   0.0001347081
        0.0000548630  -0.0001437974  -0.0000158091   0.0000022496   0.0000065785
       -0.0000163793  -0.0000037752   0.0000209489  -0.0000167997   0.0000013969
       -0.0000077148  -0.0000271973   0.0000129495  -0.0000063344   0.0000221068
        0.0000379147   0.0000007698  -0.0000549591   0.0000077475  -0.0000023038
       -0.0001320441   0.0000476300  -0.0000184739   0.0000581188  -0.0000009611
       -0.0000610965   0.0697816447  -0.0890060386  -0.1267140621   0.0847652632
        0.0810544958  -0.1579971518  -0.0518410969  -0.0697896237  -0.0750214782
       -0.0581097050   0.0178718742   0.0592021115  -0.0137240230   0.0065117856
        0.0275272842  -0.0000277285   0.0000191899   0.0000212031   0.0000212744
       -0.0000998343  -0.0000508922   0.0000976079   0.0001247886   0.0000239255
       -0.0001396736  -0.0005519104  -0.0002399467   0.0000430582   0.0001366343
        0.0001100268  -0.0000529257  -0.0000175832   0.0000278022   0.0002556629
        0.0006407170   0.0002228466   0.0032091804  -0.0021873345  -0.0152298269
       -0.0012856255   0.0011277067  -0.0022898411  -0.0000756103   0.0000723619
        0.0000903336   0.0000665446   0.0000155534  -0.0000821015  -0.0059230982
       -0.0005706965   0.0008636790  -0.0000823874  -0.0002381543  -0.0000844655
       -0.0001903000   0.0000287511   0.0015189120  -0.0003567906  -0.0001138627
        0.0000401001   0.0000155009  -0.0000170056   0.0000335898   0.0000100117
       -0.0000693459  -0.0001214031   0.0000561771  -0.0000040161   0.0000069306
        0.0000168250  -0.0000137128  -0.0000544277  -0.0000184905   0.0000312461
        0.0000155540  -0.0000060018   0.0000244503  -0.0000122224   0.0006425349
       -0.0003172069  -0.0003075808  -0.0001098746   0.0003032328   0.0000154930
       -0.0001355288  -0.0001029750  -0.0000371228  -0.0001010129   0.0000615712
       -0.0000000701   0.0723380253  -0.0213685689  -0.0676478283   0.0027015507
       -0.0014364581  -0.0037037333   0.0008549084   0.0001671517   0.0007223528
       -0.0002205463   0.0002353523  -0.0000288642  -0.0000124011   0.0000218210
        0.0000142815   0.0000128483   0.0000278287   0.0000047846  -0.0000222809
       -0.0000093831  -0.0000032564  -0.0000015608   0.0000175170   0.0000066484
       -0.0003060010  -0.0001187569  -0.0000156760   0.0007663496  -0.0003264223
       -0.0003473604  -0.0000208532  -0.0000481120   0.0000159711  -0.0000532400
        0.0000116660  -0.0000841007  -0.0000035327   0.0000023360   0.0000143981
       -0.0001069507   0.0001600366  -0.0001205398   0.0000037795  -0.0000135286
       -0.0000002825   0.0000268590  -0.0000030956  -0.0000015912  -0.0000195389
        0.0000121814  -0.0000386318  -0.0000132936   0.0000101937  -0.0000106107
       -0.0000042346   0.0000103732  -0.0000031497  -0.0000199420  -0.0000215730
        0.0000117066  -0.0000067050   0.0000065194  -0.0000144680   0.0000073545
       -0.0000031191   0.0000161011   0.0000038039  -0.0000001842   0.0000039576
        0.0182344397  -0.0625997563  -0.0621249737  -0.0025831463   0.0017296069
        0.0041576811  -0.0001181316  -0.0000009796   0.0000451354   0.0000541173
       -0.0001046063  -0.0000634433   0.0001063717   0.0001170851  -0.0000198498
       -0.0000831318  -0.0001788799  -0.0002812076  -0.0000136093  -0.0000436134
       -0.0001516641   0.0000423800   0.0002002456   0.0000606164   0.0000038873
       -0.0002730688  -0.0001063406  -0.0018259756   0.0025228746   0.0144142571
        0.0015843335  -0.0010397454   0.0031649198  -0.0000245201  -0.0001536211
        0.0000758612   0.0000791772   0.0001033020  -0.0001274633  -0.0012628017
        0.0000960378   0.0005001030   0.0004161888  -0.0000859493  -0.0002390325
       -0.0000289053  -0.0000536832   0.0002021638  -0.0000760739   0.0000328289
        0.0000222047   0.0000144466   0.0000009254  -0.0000064245  -0.0000004595
        0.0001039544  -0.0000931938  -0.0000022187  -0.0000080524  -0.0000313593
       -0.0000157003   0.0000371225   0.0000387418   0.0000289548  -0.0000283279
       -0.0000315789  -0.0002258464   0.0002702847   0.0000168860  -0.0007928572
        0.0005439326   0.0002031698   0.0000556741  -0.0004754416  -0.0000270926
        0.0002235746   0.0001441299   0.0000459130   0.0000853526  -0.0000421521
       -0.0000204633  -0.0213685689   0.0718357097   0.0690288061   0.0084202040
       -0.0140579186  -0.0308383010  -0.0005581357   0.0006481546   0.0008880205
        0.0001781950  -0.0001697660  -0.0000296375  -0.0000167679   0.0000018450
        0.0000073300  -0.0000080503  -0.0000040384   0.0000084496  -0.0000606660
       -0.0000105027   0.0000288997  -0.0000169114   0.0000199351   0.0000260035
       -0.0001727890   0.0001642850  -0.0000577493  -0.0003026312   0.0007481112
        0.0013508460  -0.0000317411  -0.0000352721   0.0000252079   0.0000349905
       -0.0000221465  -0.0000215143   0.0000265335   0.0000160287   0.0000106107
        0.0000019970   0.0000251272  -0.0000253460   0.0000143357  -0.0000018553
       -0.0000073236  -0.0000193185   0.0000115286   0.0000027317   0.0000030160
       -0.0000057434   0.0000073092  -0.0000008745  -0.0000009240  -0.0000141713
        0.0000019021   0.0000037213   0.0000136302   0.0000141308   0.0000145342
       -0.0000167443   0.0000020175   0.0000011271   0.0000074455  -0.0000097346
        0.0000045231  -0.0000113680  -0.0000066533  -0.0000009167  -0.0000067014
        0.0595300912  -0.0611652369  -0.2368311031   0.0039438796  -0.0014880032
       -0.0051890741  -0.0000209603   0.0000630524   0.0000401592   0.0000514634
        0.0000064990   0.0000181568   0.0000849539   0.0000830137   0.0000675948
       -0.0003815530  -0.0001089577  -0.0006018077   0.0001716124   0.0001264822
        0.0001179041  -0.0000442728   0.0000272235   0.0000660201  -0.0000674248
       -0.0004389242   0.0007856737   0.0032672512  -0.0029259532  -0.0236937146
       -0.0029588571   0.0023378262  -0.0034575915  -0.0000645297   0.0001690834
        0.0001885225  -0.0000832475  -0.0000609535   0.0002121600   0.0016948659
       -0.0000354478   0.0005661870   0.0002086807  -0.0000085329  -0.0000487077
       -0.0000205162  -0.0000805920  -0.0004353473   0.0000407062   0.0001132573
        0.0000267664   0.0000041586  -0.0000047248  -0.0000076176  -0.0000803318
        0.0001258367   0.0001033198  -0.0000062040  -0.0000417143   0.0000334891
       -0.0000123637  -0.0000167562   0.0000582718   0.0000256165  -0.0000865730
       -0.0000388510  -0.0000270243   0.0000769825  -0.0001296242   0.0014896236
       -0.0008153215  -0.0004038668  -0.0002262474   0.0007806828  -0.0000172586
       -0.0004347788  -0.0001743256  -0.0000669149  -0.0000809497   0.0000323267
        0.0000130721  -0.0676478283   0.0690288061   0.2738332816   0.0019535248
       -0.0053994455  -0.0064530670  -0.0004378922   0.0002480174   0.0005327119
        0.0002129168  -0.0001502467  -0.0000383511  -0.0000069641   0.0000019948
       -0.0000028018  -0.0000114325   0.0000154846   0.0000118453  -0.0000820477
        0.0000055684   0.0000056988  -0.0000087221   0.0000568845   0.0000288059
       -0.0005232090  -0.0000109280  -0.0000880927   0.0005647569  -0.0004119810
        0.0005764769   0.0000340457   0.0001001429  -0.0000507608  -0.0000630946
        0.0000115543   0.0001450372   0.0000269019   0.0000248065  -0.0000047370
        0.0000373989  -0.0000344590   0.0000233075   0.0000019702   0.0000112045
       -0.0000019043  -0.0000306312  -0.0000048352   0.0000054795  -0.0000302937
        0.0000018184   0.0000267495  -0.0000050096  -0.0000002676   0.0000005314
        0.0000080850   0.0000105820   0.0000224870  -0.0000054609  -0.0000112782
        0.0000396866  -0.0000200048   0.0000281228  -0.0000005941   0.0000232462
       -0.0000024638   0.0000125440   0.0000061023  -0.0000093323  -0.0000001524
       -0.0471495461  -0.0403315605  -0.0031555997  -0.0119669724  -0.0294135319
       -0.0036108827  -0.0000055175  -0.0000421101  -0.0000026228  -0.0000314459
       -0.0001143863  -0.0000539994  -0.0002542809  -0.0001749144   0.0002165549
       -0.0006290138  -0.0003031294  -0.0008085723   0.0005757672  -0.0000416297
       -0.0008591669  -0.0000108852  -0.0000755273  -0.0000487309   0.0007546253
        0.0021899557   0.0003061571  -0.0004965070   0.0157796032  -0.0012000410
        0.0001224287  -0.0000470911   0.0001471350   0.0002184083   0.0000832344
        0.0001437087   0.0001137592  -0.0000589759   0.0001333092   0.0003011940
       -0.0001534179  -0.0004591067  -0.0004330917  -0.0004254610   0.0011688247
       -0.0001879585   0.0000163663   0.0000393133  -0.0000087945   0.0000479464
        0.0000148230  -0.0000442762   0.0000397098   0.0000296455  -0.0000775855
        0.0000316599  -0.0000518680   0.0000292682  -0.0000581687  -0.0000032596
       -0.0000849191  -0.0000134335  -0.0000009978  -0.0000152963  -0.0000399144
       -0.0002285012  -0.0010902957   0.0012673878   0.0015200145   0.0000832515
       -0.0000326902   0.0000847154  -0.0000511711  -0.0000340233   0.0000004971
       -0.0000448047   0.0000004077  -0.0000255901  -0.0000483216   0.0000278673
       -0.0000265730   0.0027015507   0.0084202040   0.0019535248   0.0654746804
        0.0436458799   0.0064722372  -0.0061151817  -0.0021345041   0.0008492618
        0.0005670521  -0.0009500464  -0.0001528545  -0.0000133563   0.0000414868
        0.0000359324   0.0000021647   0.0000739601   0.0000228777  -0.0000309684
        0.0000574250   0.0000715143   0.0000188882   0.0001018019   0.0000747965
       -0.0002335854   0.0003135761  -0.0000836694  -0.0018181881   0.0020605736
       -0.0022348403  -0.0001458173   0.0000859599  -0.0000682176  -0.0000867121
        0.0000335756  -0.0000728362   0.0001358278   0.0000573986  -0.0000140222
        0.0000426519  -0.0000094540  -0.0000029468   0.0000268746   0.0000041550
       -0.0000379317  -0.0000467585   0.0000458378   0.0000124284  -0.0000245736
        0.0000026228  -0.0000196390  -0.0000185713   0.0000186683  -0.0000514287
        0.0000099772  -0.0000022716  -0.0000273720  -0.0000209564   0.0000171740
       -0.0000023744   0.0000072599   0.0000029507   0.0000027597   0.0000032886
       -0.0000101047   0.0000145045  -0.0000035657  -0.0000010425  -0.0000108909
       -0.0398562178  -0.2643956349  -0.0231654392  -0.0051904871  -0.0079222647
       -0.0011142465  -0.0001342600  -0.0001471740   0.0000103953  -0.0000897262
       -0.0001313676  -0.0000878954   0.0000375247   0.0001422552   0.0000317964
       -0.0000393844   0.0005573991   0.0004796059  -0.0000229935   0.0002504191
       -0.0004011786   0.0000898992   0.0001190101  -0.0001110035  -0.0018789807
        0.0013571269  -0.0019310185   0.0022413544  -0.0215944028   0.0021672408
        0.0000542549  -0.0001479548  -0.0000898158   0.0000363720  -0.0000550040
        0.0003256147  -0.0001489003  -0.0001324954   0.0001162458  -0.0001301968
       -0.0003720902  -0.0001844331   0.0005861744   0.0002373809  -0.0009443990
       -0.0000023967  -0.0000665310  -0.0000350041   0.0000330209  -0.0000065575
       -0.0000064276   0.0000163065   0.0000542336   0.0000041322   0.0001287270
        0.0001607420  -0.0001942708   0.0000229873  -0.0000122553  -0.0000523835
        0.0000402095  -0.0000210865  -0.0000180431   0.0000203602   0.0000205492
        0.0000271562   0.0006088227   0.0004486285  -0.0006361409  -0.0002505649
       -0.0001595469  -0.0001467267   0.0000221994   0.0001145379   0.0000163731
        0.0001691038   0.0000943303   0.0000387373   0.0000045348   0.0000170107
       -0.0000128772  -0.0014364581  -0.0140579186  -0.0053994455   0.0436458799
        0.3068832414   0.0281473363  -0.0020082622   0.0002945035   0.0001793313
        0.0005859960   0.0011332885  -0.0000052252   0.0000159348  -0.0000308475
        0.0000141173   0.0000010515  -0.0000368748  -0.0000089145   0.0000639400
       -0.0000588185   0.0000285103   0.0000520147  -0.0000605659   0.0000052073
        0.0003738445  -0.0004574175   0.0003010766   0.0021145237  -0.0020520214
        0.0028209120   0.0000710000   0.0001048704  -0.0000141001   0.0000467611
       -0.0000135954  -0.0000668644   0.0000667445   0.0000051101  -0.0000139241
        0.0000181443  -0.0000178377  -0.0000068279   0.0000083989  -0.0000134185
       -0.0000109323   0.0000059374   0.0000368207  -0.0000017355   0.0000004405
       -0.0000325996   0.0000069141   0.0000088842  -0.0000171679  -0.0000190558
        0.0000135882   0.0000020462  -0.0000060322   0.0000122823  -0.0000311551
       -0.0000072913  -0.0000169069  -0.0000133579  -0.0000121541  -0.0000144359
        0.0000006474  -0.0000208836   0.0000029533   0.0000238102   0.0000039873
       -0.0033841587  -0.0232318463  -0.0470762673  -0.0003147516   0.0034303784
        0.0011377689   0.0001863319  -0.0000357267  -0.0000810281  -0.0001220585
        0.0002193763   0.0001073035  -0.0003265146  -0.0003672863   0.0001096641
       -0.0008808217   0.0007532723   0.0003184689  -0.0000888634  -0.0003257724
       -0.0009701884  -0.0000601125  -0.0004417344  -0.0002022674   0.0013642696
       -0.0000594618   0.0009049142   0.0007352570   0.0211159320   0.0008967919
       -0.0002622627   0.0002885949   0.0002044334   0.0003300997   0.0002303625
       -0.0007653095   0.0000560750  -0.0000522389  -0.0001487020  -0.0000305580
        0.0000144295   0.0003205351   0.0008576128   0.0001973085  -0.0014141415
        0.0000646301  -0.0000181462  -0.0000815103  -0.0000116788  -0.0000171857
       -0.0000108905   0.0000434227  -0.0000012366   0.0000138226   0.0003029757
        0.0000314684  -0.0000695170   0.0000152432   0.0000214503   0.0000207438
       -0.0000554756   0.0000001804   0.0000169851  -0.0001813740   0.0000542371
        0.0001344538   0.0016517127  -0.0009845889  -0.0007363169   0.0001333330
       -0.0000814558   0.0000702589   0.0000259417   0.0000153215   0.0000251642
       -0.0000637424  -0.0000734943  -0.0000207005  -0.0000634661   0.0000276580
        0.0000088561  -0.0037037333  -0.0308383010  -0.0064530670   0.0064722372
        0.0281473363   0.0546381210   0.0003392578   0.0000517172   0.0006886448
       -0.0006979279  -0.0005053000   0.0003269496   0.0000521355   0.0000529067
        0.0000060250   0.0000442140   0.0000548367  -0.0000227218   0.0001465069
        0.0000277181  -0.0000473687   0.0000543494   0.0000084567  -0.0000011306
        0.0000964902  -0.0000708256  -0.0000916459  -0.0025083672   0.0024434164
       -0.0018451022  -0.0000494796  -0.0000241825  -0.0000453783  -0.0000312917
        0.0000326384   0.0000236829  -0.0000404896  -0.0000295791  -0.0000225990
       -0.0000255089  -0.0000135780   0.0000145728  -0.0000277842   0.0000021597
        0.0000085084   0.0000012910  -0.0000023813   0.0000072903  -0.0000182893
       -0.0000090903   0.0000105890  -0.0000180293   0.0000035120   0.0000260806
       -0.0000148398  -0.0000087747  -0.0000089330  -0.0000169274  -0.0000124965
        0.0000527882   0.0000146921  -0.0000066178   0.0000007764   0.0000090885
       -0.0000072378   0.0000188784   0.0000013393  -0.0000061297   0.0000017138
       -0.0120099115  -0.0281638176  -0.0087630415  -0.0540295859  -0.0470474639
       -0.0207268157  -0.0000140920   0.0000287698   0.0000062031   0.0000275143
       -0.0000151015  -0.0000317057   0.0000546967   0.0000843402  -0.0000213215
       -0.0000182884  -0.0000796102  -0.0000526780  -0.0000840722   0.0000186093
        0.0001134194  -0.0000128289   0.0000212791   0.0000129097  -0.0003387864
        0.0004469506  -0.0001967909   0.0003438977  -0.0007031928   0.0000840203
       -0.0001481228  -0.0000414918  -0.0000884922   0.0000396973   0.0000777946
        0.0001052277   0.0002749272  -0.0002370671  -0.0004918184   0.0015028003
        0.0057249565   0.0027548349   0.0002340058   0.0000840878   0.0010861036
        0.0006426934   0.0009051963   0.0005758136  -0.0000863070   0.0000110966
       -0.0000178099   0.0000837754  -0.0000834392   0.0000155083   0.0000407058
        0.0001097361   0.0001428110  -0.0000027449   0.0000002716   0.0000608476
        0.0000128545   0.0000202323  -0.0000009299  -0.0000522024   0.0000418373
        0.0000201533  -0.0001664726  -0.0001236297   0.0000628210  -0.0001867812
       -0.0001179015  -0.0000873863   0.0000611230   0.0000527116   0.0000891627
        0.0000722384   0.0000297832   0.0000322009   0.0000011652   0.0000041969
       -0.0000170880   0.0008549084  -0.0005581357  -0.0004378922  -0.0061151817
       -0.0020082622   0.0003392578   0.0659270324   0.0566189963   0.0211774749
        0.0036308227   0.0146215808   0.0044313007   0.0000041369   0.0000107258
        0.0000069499   0.0000098591   0.0000113589   0.0000042882   0.0000195815
       -0.0000027487  -0.0000008336   0.0000052950   0.0000011261   0.0000076049
        0.0000549675  -0.0000790443   0.0000205621  -0.0002648268   0.0001291627
        0.0000240215   0.0002594665   0.0003561454  -0.0006448081  -0.0001199995
        0.0001254288   0.0000409462  -0.0004575063  -0.0001869367   0.0003420243
       -0.0000142783  -0.0000126890  -0.0000041424  -0.0000179975  -0.0000398400
       -0.0000134387  -0.0000081583  -0.0000583173  -0.0000179712   0.0000166606
        0.0000075815  -0.0000021449  -0.0000093173   0.0000010990   0.0000170153
       -0.0000124383   0.0000144684   0.0000269593  -0.0000119810   0.0000030678
        0.0000052034  -0.0000053633  -0.0000049577   0.0000027059   0.0000064339
       -0.0000004527  -0.0000014835   0.0000059848   0.0000015084   0.0000102410
       -0.0050126277  -0.0067096375  -0.0015439107  -0.0468730860  -0.2311990469
       -0.0768481163  -0.0000174214   0.0000390270   0.0000106988   0.0000262458
        0.0000101544  -0.0000108884   0.0000435968   0.0000226401  -0.0000291056
        0.0000312684  -0.0000070937   0.0000029846   0.0000277712   0.0000381874
       -0.0000136799  -0.0000003523   0.0000686187   0.0000128458  -0.0000074770
        0.0000887610  -0.0000452230   0.0001620562   0.0001153170  -0.0000735064
       -0.0000804858   0.0000290950  -0.0000401979   0.0000909560  -0.0002773561
       -0.0000836830   0.0000709271   0.0008829069   0.0018654637  -0.0003498858
       -0.0042365174  -0.0039865286   0.0003408166  -0.0000519815  -0.0013461877
        0.0000078909  -0.0000541558   0.0003047579  -0.0000508761  -0.0001033744
       -0.0000182414  -0.0000068621   0.0001815841   0.0000379956  -0.0003501556
       -0.0000860798   0.0000537688  -0.0000141245  -0.0000591215  -0.0000346812
       -0.0000294685   0.0000274422   0.0000236758   0.0001244680  -0.0001996173
       -0.0002254654   0.0000449556   0.0003025941  -0.0000017300   0.0000759135
       -0.0002109038   0.0000860673   0.0000380297   0.0001622338  -0.0000211749
       -0.0000661867  -0.0000042219  -0.0000347372   0.0000375455  -0.0000258901
        0.0000220486   0.0001671517   0.0006481546   0.0002480174  -0.0021345041
        0.0002945035   0.0000517172   0.0566189963   0.2666760849   0.0878527333
       -0.0031773666  -0.0272270505  -0.0071487715   0.0000014412  -0.0000139364
       -0.0000011871  -0.0000152807  -0.0000099950   0.0000059141  -0.0000208088
        0.0000029320   0.0000174259   0.0000099405   0.0000139775   0.0000203999
        0.0000164618  -0.0000322245   0.0000132055  -0.0001422163   0.0001053397
       -0.0000405038   0.0000580995   0.0002453779   0.0006700126   0.0000597623
        0.0000288538   0.0002155642   0.0002738385   0.0003124333  -0.0000025434
        0.0000128222   0.0000193936   0.0000356986   0.0000128763   0.0000281875
        0.0000108318  -0.0000392248   0.0000682249   0.0000352525   0.0000144648
        0.0000178418  -0.0000219346   0.0000097388   0.0000226765  -0.0000161596
        0.0000168638   0.0000144530   0.0000184140  -0.0000078215   0.0000323564
       -0.0000260692  -0.0000078748   0.0000068932   0.0000115571   0.0000102609
        0.0000042884  -0.0000115373  -0.0000010530  -0.0000023305  -0.0000012869
        0.0012588736   0.0014855326   0.0009977552  -0.0218679686  -0.0762158704
       -0.0737269303  -0.0000074893   0.0000181766   0.0000169985   0.0000053532
        0.0000225338   0.0000097710   0.0000027060  -0.0000039902   0.0000105345
       -0.0000161467   0.0000011390  -0.0000381759  -0.0000002367   0.0000769434
       -0.0000362469   0.0000019403   0.0000035756  -0.0000010572   0.0000497651
        0.0000353144   0.0000159299   0.0000170599  -0.0001527134   0.0001444365
       -0.0002295424   0.0001456840  -0.0001898813  -0.0000274368  -0.0003032307
        0.0000201262   0.0003644769  -0.0016550847   0.0003878497  -0.0052344986
       -0.0259653688  -0.0173282271   0.0019331850  -0.0000555096  -0.0053224054
       -0.0007945384  -0.0005931505   0.0003218683  -0.0000117809   0.0000612866
        0.0000370214  -0.0000456932   0.0001585784   0.0000346814  -0.0007496912
       -0.0007657491  -0.0004337878   0.0000221913  -0.0000654673  -0.0000755269
        0.0000221477   0.0000165297   0.0000380002   0.0001508800  -0.0006149635
       -0.0003927654   0.0001380561   0.0001561205  -0.0000884183  -0.0000802043
       -0.0002879629  -0.0000782650   0.0001134116   0.0001744732   0.0000474211
        0.0000380444   0.0000462759   0.0000489217   0.0000071014  -0.0000049670
        0.0000001372   0.0007223528   0.0008880205   0.0005327119   0.0008492618
        0.0001793313   0.0006886448   0.0211774749   0.0878527333   0.0891907237
        0.0022462117   0.0137875984   0.0058275449   0.0000088879   0.0000034378
       -0.0000045375  -0.0000013960   0.0000008448   0.0000002856  -0.0000072228
        0.0000050314   0.0000044507   0.0000214720   0.0000281908   0.0000111217
        0.0000175114   0.0000192635  -0.0000021823  -0.0001682600   0.0000787407
        0.0000445097  -0.0005928966   0.0010935364  -0.0009611085   0.0000673225
       -0.0000174752   0.0002407851   0.0006223609   0.0002231738  -0.0000687389
       -0.0000290998   0.0000356602   0.0000127512  -0.0000249738   0.0000290702
        0.0000416872  -0.0000283556   0.0000455854  -0.0000173434   0.0000076784
       -0.0000222618  -0.0000070928   0.0000037266   0.0000288609   0.0000121851
        0.0000324548   0.0000177930   0.0000322289   0.0000016533   0.0000096348
       -0.0000075608  -0.0000017673  -0.0000008421   0.0000105888   0.0000061522
       -0.0000048943  -0.0000051888   0.0000094853   0.0000008306   0.0000037687
       -0.0222979657   0.0193420542  -0.0151759215  -0.0979377997   0.0816214635
       -0.0591056433   0.0000163686  -0.0000538010  -0.0000189533   0.0000113940
        0.0000512355   0.0000359859  -0.0001078411  -0.0002091612  -0.0000120772
       -0.0000323371   0.0006912852   0.0003139172   0.0000654168  -0.0000629050
       -0.0001238715  -0.0000102575   0.0000585858   0.0000200729  -0.0020888603
       -0.0005598554  -0.0012048522  -0.0039217029  -0.0008732523   0.0018526456
        0.0000880590  -0.0000732986   0.0002142414  -0.0000759646  -0.0000379114
       -0.0000560879   0.0003541750  -0.0001001771   0.0012821487   0.0033143691
       -0.0042721493   0.0031952778   0.0001112625   0.0001651194  -0.0001414794
        0.0005280500  -0.0004029569   0.0006617082   0.0000568908   0.0001594072
        0.0000358709   0.0000678312  -0.0000415808   0.0000614837  -0.0000132090
       -0.0000381531   0.0000387258  -0.0000048537  -0.0000011332   0.0000624516
        0.0000209425  -0.0000133341   0.0000168686  -0.0000559660  -0.0000853937
        0.0000641288  -0.0000526958  -0.0004643702  -0.0005304894   0.0001523348
       -0.0001063717   0.0002667064   0.0000013020   0.0000228983  -0.0000210457
       -0.0000520943  -0.0000485378  -0.0000488804  -0.0000067336   0.0000086311
        0.0000027542  -0.0002205463   0.0001781950   0.0002129168   0.0005670521
        0.0005859960  -0.0006979279   0.0036308227  -0.0031773666   0.0022462117
        0.1181055960  -0.0923075471   0.0666309654   0.0000007723  -0.0000090652
       -0.0000055157  -0.0000092120  -0.0000003577   0.0000017537   0.0000077611
        0.0000294983   0.0000041071   0.0000037460  -0.0000057245  -0.0000072770
       -0.0000206728   0.0000290917  -0.0001062377  -0.0001066656   0.0002373698
       -0.0001775992  -0.0000933060   0.0000236865   0.0000030562   0.0001060571
       -0.0002090532   0.0002939898  -0.0000078992  -0.0000747149  -0.0000597251
       -0.0000505160   0.0000216259  -0.0000823707  -0.0000348434  -0.0000163805
       -0.0000172942   0.0000131013   0.0000034472   0.0000177026   0.0000053913
       -0.0000018011  -0.0000003136   0.0000003907   0.0000092484   0.0000136217
       -0.0000173464   0.0000108515   0.0000057942  -0.0000248549  -0.0000027231
        0.0000273566  -0.0000002125   0.0000014990   0.0000089121   0.0000156271
        0.0000044555  -0.0000016728  -0.0000003575  -0.0000065681   0.0000038598
       -0.0013330171   0.0025339435  -0.0013463174   0.0815173310  -0.1595588809
        0.0806986553   0.0000085645   0.0000019004  -0.0000057097  -0.0000185727
       -0.0000016256   0.0000058979   0.0000006930   0.0000383797   0.0000104853
        0.0000453921  -0.0001877356  -0.0000264295  -0.0000304587   0.0000703696
        0.0000364881  -0.0000150234  -0.0000432701  -0.0000296234  -0.0000282689
        0.0002897125  -0.0000225998  -0.0008391243   0.0006122694  -0.0004434014
        0.0000118200  -0.0001479147   0.0000124689  -0.0000512276  -0.0000555909
       -0.0000286049  -0.0003414607   0.0000247258   0.0014752707  -0.0001034565
       -0.0009581815   0.0019636439  -0.0000731390   0.0006671723  -0.0006408353
        0.0000093721   0.0002556857   0.0000979848  -0.0000945661   0.0001998510
        0.0000895601   0.0000239999  -0.0000807898  -0.0000264341   0.0000642683
       -0.0000292468  -0.0000612316   0.0000002596   0.0000417792   0.0000016762
        0.0000206899   0.0000132276  -0.0000244819  -0.0000619562   0.0000325244
        0.0000587123  -0.0001160529  -0.0000040214  -0.0002401428  -0.0002948568
        0.0000179549  -0.0002260727   0.0000738338   0.0000015422   0.0000764921
        0.0001424399   0.0000535831   0.0000815339  -0.0000119049   0.0000184303
       -0.0000155593   0.0002353523  -0.0001697660  -0.0001502467  -0.0009500464
        0.0011332885  -0.0005053000   0.0146215808  -0.0272270505   0.0137875984
       -0.0923075471   0.1823191596  -0.0948704244   0.0000051057   0.0000173932
        0.0000106634   0.0000180456   0.0000121844  -0.0000023873   0.0000231543
       -0.0000121072  -0.0000109966  -0.0000009793   0.0000091357   0.0000054594
        0.0000114816  -0.0000437037   0.0000295472  -0.0002669786   0.0001686315
       -0.0000899593  -0.0000631110   0.0003624782   0.0000892084   0.0002073366
        0.0000158841   0.0003017891  -0.0000260812  -0.0002411120  -0.0000100406
       -0.0000123476  -0.0000388400  -0.0000067489  -0.0000288756  -0.0000461560
       -0.0000191450   0.0000191477   0.0000047441  -0.0000502415   0.0000269690
       -0.0000460025   0.0000057982  -0.0000039100  -0.0000071679   0.0000158614
       -0.0000021295   0.0000081182   0.0000108281  -0.0000121802  -0.0000169971
       -0.0000166044  -0.0000000660  -0.0000106384  -0.0000045609  -0.0000076130
       -0.0000073267   0.0000017843   0.0000081137   0.0000100562   0.0000066923
       -0.0002495373  -0.0008793665   0.0016579279  -0.0585841777   0.0799385204
       -0.1003861026   0.0000128509  -0.0000115962  -0.0000011020   0.0000042305
        0.0000378503   0.0000187410  -0.0000250715  -0.0000623039  -0.0000099795
       -0.0000434358   0.0002635341   0.0000551313   0.0000388586  -0.0000672128
        0.0000009146  -0.0000090862  -0.0000149380   0.0000081285   0.0001078007
       -0.0002526854   0.0000573955   0.0000363133   0.0001369137   0.0005930762
        0.0001404751   0.0000191902   0.0000872503  -0.0000472311  -0.0000011663
        0.0001053778   0.0014635082   0.0008728071  -0.0065720252  -0.0118885844
        0.0205855044  -0.0196598015   0.0001552413   0.0010773476   0.0004948538
       -0.0010649158   0.0003560826   0.0007709375   0.0000717083  -0.0001341907
       -0.0000929361   0.0000163841  -0.0000390631  -0.0000098932  -0.0001013123
        0.0000762809  -0.0000850255  -0.0000089409  -0.0000481196   0.0000033406
        0.0000252675  -0.0000441812   0.0000500458   0.0000488524   0.0000132025
        0.0001765273  -0.0003420766  -0.0007414021  -0.0002978996   0.0002120694
        0.0000255025   0.0001455785  -0.0000679901  -0.0000628985  -0.0000061348
       -0.0000604283  -0.0000508381  -0.0000368992  -0.0000192784   0.0000109294
       -0.0000235055  -0.0000288642  -0.0000296375  -0.0000383511  -0.0001528545
       -0.0000052252   0.0003269496   0.0044313007  -0.0071487715   0.0058275449
        0.0666309654  -0.0948704244   0.1180169656   0.0000082540  -0.0000023281
       -0.0000067424   0.0000033851   0.0000001492  -0.0000039244   0.0000045402
        0.0000104235  -0.0000092411  -0.0000132422  -0.0000055875  -0.0000184899
       -0.0000058022   0.0000295523  -0.0000299281  -0.0000337909   0.0000224077
       -0.0001228187   0.0002563530  -0.0002587038  -0.0000785765  -0.0009498096
        0.0012495867  -0.0011121291   0.0000799895   0.0000538721   0.0000081199
       -0.0000977384   0.0000813431  -0.0000256697  -0.0000152873   0.0000230119
        0.0001023505   0.0000512887  -0.0001847978  -0.0000584960  -0.0000558157
        0.0000496590   0.0000401378  -0.0000023853  -0.0000079796   0.0000415683
        0.0000110770  -0.0000072367   0.0000165514   0.0000415902  -0.0000008018
        0.0000679369   0.0000066780   0.0000042213   0.0000064504   0.0000085645
        0.0000023580   0.0000058146   0.0000001101  -0.0000087941   0.0000000553
        0.0000200775  -0.0000336492  -0.0000022340   0.0000119574   0.0000051713
       -0.0000015131  -0.0416919087  -0.0033802603   0.0040104579  -0.0003537239
        0.0208819209   0.0086815024  -0.0015860662   0.0006523948   0.0051371947
       -0.0006723238  -0.0001454036   0.0005389239  -0.0014867589  -0.0041078294
        0.0033306800  -0.0012995648  -0.0216353405  -0.0084263843  -0.0002728400
        0.0002489461  -0.0003761731   0.0000462625   0.0000686779  -0.0000654867
       -0.0002216241  -0.0002074323   0.0000919427   0.0000542894  -0.0010550328
       -0.0002595753   0.0000047567  -0.0000905216  -0.0000591734  -0.0000064511
       -0.0000159249   0.0000069315   0.0000376371  -0.0000213155   0.0000186479
        0.0000056807   0.0000127620  -0.0000004300   0.0000087319  -0.0000043774
       -0.0000047847  -0.0000122218   0.0000130481   0.0000012282   0.0000492589
       -0.0000439333  -0.0000264236   0.0000102727   0.0000134076  -0.0000060317
       -0.0000117174  -0.0000192509  -0.0000587084  -0.0000479376   0.0000931369
        0.0000340558   0.0000409518  -0.0000043254   0.0000348630  -0.0000358447
        0.0001179007  -0.0000235186  -0.0000013968  -0.0000391438   0.0000255797
       -0.0000274416  -0.0000358480  -0.0000549682   0.0000188167  -0.0000110628
        0.0000192695  -0.0000124011  -0.0000167679  -0.0000069641  -0.0000133563
        0.0000159348   0.0000521355   0.0000041369   0.0000014412   0.0000088879
        0.0000007723   0.0000051057   0.0000082540   0.0471629350   0.0068856127
       -0.0106363570   0.0001272406   0.0011245751  -0.0009298535   0.0000067948
        0.0010430367   0.0008205037   0.0001562049  -0.0002985997  -0.0016270450
       -0.0000311522  -0.0000297724  -0.0001534642  -0.0000099686  -0.0000019785
        0.0000090481  -0.0000271192  -0.0000101793  -0.0000133563   0.0000107589
        0.0000127394  -0.0000043384  -0.0000001351   0.0000035376   0.0000037613
        0.0000017814   0.0000041735   0.0000049942  -0.0000013530  -0.0000066748
        0.0000073905   0.0000048409  -0.0000049885  -0.0000085844   0.0000145019
        0.0000189610  -0.0000136435  -0.0000084698  -0.0000022487  -0.0000007458
        0.0000369438  -0.0000317023  -0.0000773195   0.0000031492   0.0000359431
       -0.0000110064  -0.0000053121  -0.0000067585  -0.0000035354   0.0000071053
       -0.0000004039   0.0000001800  -0.0000087701   0.0000022994   0.0000051863
       -0.0000820965   0.0000018491  -0.0000225488  -0.0000112494   0.0000046871
        0.0000136533  -0.0032450336  -0.2620308808  -0.0933832452   0.0007810783
       -0.0117674797  -0.0052237708   0.0010704902   0.0010258968  -0.0030485026
       -0.0000413963   0.0011676084   0.0004123737  -0.0042475054  -0.0005408063
       -0.0007310995  -0.0025661191  -0.0204943542  -0.0070226033   0.0001594198
       -0.0004626212   0.0003036532   0.0001481535   0.0001542322   0.0001021117
       -0.0002108358  -0.0001723541   0.0001490519   0.0001778351  -0.0008321745
       -0.0005611851  -0.0000165097  -0.0000731140  -0.0000508025  -0.0000054233
        0.0000279733   0.0000197233   0.0000099107  -0.0000855462   0.0000416199
        0.0000338795   0.0000248604   0.0000022004   0.0000079958   0.0000013841
        0.0000010906   0.0000125746   0.0000166110   0.0000078009   0.0000104807
        0.0000037701  -0.0000326213  -0.0000011140   0.0000202313  -0.0000079022
       -0.0000279845   0.0000153416  -0.0000258374  -0.0000618015  -0.0000649681
        0.0000097986   0.0000450710  -0.0000195924   0.0000020702  -0.0000453469
        0.0002941269  -0.0001952439   0.0000073823  -0.0001383744   0.0000700840
       -0.0000308880  -0.0000507782   0.0000380116   0.0000043512  -0.0000251308
        0.0000015590   0.0000218210   0.0000018450   0.0000019948   0.0000414868
       -0.0000308475   0.0000529067   0.0000107258  -0.0000139364   0.0000034378
       -0.0000090652   0.0000173932  -0.0000023281   0.0068856127   0.2936693752
        0.1077518708   0.0000640457   0.0005323973   0.0011873162  -0.0000674330
       -0.0006871314  -0.0005313804   0.0012016614   0.0004898820   0.0006911437
       -0.0000307824   0.0000733665   0.0000664639  -0.0000054050  -0.0000368941
       -0.0000157627  -0.0000097959  -0.0000179238  -0.0000197507   0.0000007449
        0.0000130756   0.0000206412   0.0000024336  -0.0000049114  -0.0000001344
       -0.0000071348   0.0000010350   0.0000062494  -0.0000008798  -0.0000051927
        0.0000163223   0.0000109314   0.0000001824  -0.0000157171   0.0000227171
        0.0000121048  -0.0000167191  -0.0000164843   0.0000206020   0.0000106496
       -0.0000013541  -0.0000703719  -0.0000465784   0.0000263367   0.0000240504
       -0.0000100191   0.0000046015   0.0000103459  -0.0000058406  -0.0000194127
       -0.0000029161   0.0000056200  -0.0000006902   0.0000040726  -0.0000198258
       -0.0000493962  -0.0000591467   0.0000333153  -0.0000253038  -0.0000032655
        0.0000114729   0.0030095447  -0.0930895143  -0.0716798017   0.0009895769
       -0.0171225421  -0.0080023523   0.0054175314  -0.0027415057   0.0029467257
        0.0000681775   0.0002514338   0.0004942048   0.0034920184  -0.0013317949
        0.0048013469   0.0002926183   0.0045805494   0.0014697344  -0.0005989736
        0.0004849929  -0.0006221397   0.0000259088   0.0000639727  -0.0001677936
       -0.0000220161   0.0000598881   0.0000632096   0.0001204801   0.0000469818
        0.0002636715   0.0000104001   0.0000053688  -0.0000215867  -0.0000048738
        0.0000139563   0.0000144760   0.0000236455  -0.0000137345  -0.0000152885
        0.0000101442   0.0000043349  -0.0000037448  -0.0000053073   0.0000010515
       -0.0000020572   0.0000113916  -0.0000046404   0.0000043655  -0.0000151779
        0.0000091106   0.0000161553   0.0000089555   0.0000068614   0.0000164854
       -0.0000367921  -0.0000236824  -0.0000855512  -0.0000950939  -0.0000098698
       -0.0000391082  -0.0000039243   0.0000017435  -0.0000220540   0.0000588938
        0.0001353464  -0.0000234332  -0.0000288746  -0.0000681939   0.0000144223
       -0.0000341225  -0.0000697287   0.0000079280  -0.0000185288   0.0000148745
       -0.0000148750   0.0000142815   0.0000073300  -0.0000028018   0.0000359324
        0.0000141173   0.0000060250   0.0000069499  -0.0000011871  -0.0000045375
       -0.0000055157   0.0000106634  -0.0000067424  -0.0106363570   0.1077518708
        0.0738840778  -0.0013576345   0.0006435707  -0.0013969047   0.0002098272
       -0.0009726535  -0.0002889012  -0.0009355931   0.0012965062  -0.0015455672
        0.0000416661   0.0000672201  -0.0001455510  -0.0000043962  -0.0000106485
        0.0000009308   0.0000014434  -0.0000025123  -0.0000060020   0.0000039567
        0.0000031784   0.0000059316   0.0000008281  -0.0000031618  -0.0000010518
       -0.0000031371  -0.0000027617   0.0000022488   0.0000012830  -0.0000002283
        0.0000033177  -0.0000000655   0.0000037291  -0.0000034909   0.0000046535
       -0.0000042231  -0.0000003145  -0.0000020575   0.0000117061   0.0000054597
        0.0000101649   0.0000242804   0.0000358362   0.0000177329   0.0000153097
        0.0000086886   0.0000039940   0.0000073531  -0.0000014710  -0.0000091184
       -0.0000019421   0.0000047869   0.0000002599  -0.0000003647  -0.0000116943
       -0.0000563125  -0.0000086870  -0.0000008948   0.0000029733   0.0000014790
       -0.0000013515  -0.0201872064  -0.0140774096   0.0056718032  -0.1983785425
       -0.1197222697   0.0399203438  -0.0028439644  -0.0033344590   0.0003162400
        0.0029720870  -0.0011652051   0.0024794752   0.0005667830   0.0007006464
        0.0000554460  -0.0020571259   0.0010303078   0.0056531975  -0.0002989283
       -0.0004145742   0.0000725769   0.0001850797   0.0000967315  -0.0000335911
        0.0000138003   0.0000105363   0.0000310944  -0.0002701742   0.0003268653
       -0.0005732042   0.0000011135  -0.0000006979  -0.0000152501  -0.0000286544
       -0.0000014512   0.0000024011  -0.0000640755  -0.0001281107   0.0000411459
        0.0000160994   0.0000111506  -0.0000018373   0.0000096481  -0.0000083174
       -0.0000075232  -0.0000283158  -0.0000173199  -0.0000079996   0.0000472511
       -0.0000294825  -0.0000117693   0.0000176692  -0.0000006113  -0.0000125100
        0.0000143892  -0.0000319566  -0.0000725899  -0.0003286526   0.0000737626
        0.0000251914   0.0000339944   0.0000133313   0.0000461620   0.0000043928
        0.0002422526  -0.0000567003   0.0000015125  -0.0001033573   0.0000354453
       -0.0000293016  -0.0000982547  -0.0000154266  -0.0000117611   0.0000022254
       -0.0000084553   0.0000128483  -0.0000080503  -0.0000114325   0.0000021647
        0.0000010515   0.0000442140   0.0000098591  -0.0000152807  -0.0000013960
       -0.0000092120   0.0000180456   0.0000033851   0.0001272406   0.0000640457
       -0.0013576345   0.2211260458   0.1361131014  -0.0511287433   0.0002361737
        0.0011857898  -0.0011835055  -0.0008082275  -0.0007634463   0.0002920257
       -0.0000364297   0.0000325903  -0.0000470966  -0.0000131296  -0.0000400117
       -0.0000150588   0.0000081751  -0.0000099412  -0.0000162955   0.0000024990
        0.0000165749   0.0000109378  -0.0000028600  -0.0000061099  -0.0000010049
       -0.0000072395  -0.0000022114   0.0000041706   0.0000078562   0.0000008625
        0.0000057429   0.0000162416   0.0000008280   0.0000006763  -0.0000004521
       -0.0000115209  -0.0000179809   0.0000126310   0.0000175974  -0.0000127826
        0.0000227811   0.0000634709  -0.0000841258   0.0000015323  -0.0000270528
       -0.0000135456   0.0000020538  -0.0000052250  -0.0000115634  -0.0000007615
        0.0000040925   0.0000053068  -0.0000135687   0.0000036749   0.0000042869
       -0.0000795384  -0.0000078238   0.0000034123  -0.0000215910  -0.0000021276
        0.0000153589   0.0056069144   0.0048866745  -0.0013536853  -0.1195383754
       -0.1320034623   0.0241583693  -0.0227115924  -0.0191093514   0.0044480624
       -0.0010030599  -0.0028322411  -0.0047379187   0.0005693001  -0.0001570779
       -0.0004756061   0.0004886115   0.0013721356  -0.0029553509  -0.0013077252
       -0.0013805878   0.0001470607   0.0000816506  -0.0003563312  -0.0001316360
        0.0000068330   0.0000120983   0.0000721300   0.0003713448  -0.0000972579
        0.0003992252  -0.0000113997  -0.0000026899  -0.0000140235   0.0000185498
        0.0000219219   0.0000143776   0.0000906171   0.0000184440  -0.0000029403
        0.0000118402   0.0000133854   0.0000050184   0.0000018347   0.0000043322
        0.0000019964   0.0000082480   0.0000007787   0.0000025543   0.0000190192
        0.0000003540  -0.0000068729  -0.0000042471   0.0000143631   0.0000162339
       -0.0000767135  -0.0000234517   0.0000010943  -0.0000643003  -0.0000338808
        0.0000119533   0.0000214633  -0.0000107879  -0.0000133786  -0.0000184125
        0.0002096639  -0.0001535640   0.0000128302  -0.0000786495   0.0000364753
       -0.0000354309  -0.0000196304   0.0000416174   0.0000167602  -0.0000288268
        0.0000037573   0.0000278287  -0.0000040384   0.0000154846   0.0000739601
       -0.0000368748   0.0000548367   0.0000113589  -0.0000099950   0.0000008448
       -0.0000003577   0.0000121844   0.0000001492   0.0011245751   0.0005323973
        0.0006435707   0.1361131014   0.1487748668  -0.0215126092   0.0001132570
        0.0002020284   0.0013647337   0.0003577727   0.0001183801  -0.0000811760
       -0.0001677535   0.0001128097   0.0000310432  -0.0001223904  -0.0001200681
       -0.0000357592   0.0000126385  -0.0000014070  -0.0000124285   0.0000035526
        0.0000079188   0.0000139333   0.0000044184  -0.0000037307  -0.0000013653
       -0.0000042381  -0.0000020216   0.0000016757   0.0000005979  -0.0000026747
        0.0000065933   0.0000065321  -0.0000014852  -0.0000043486   0.0000072156
       -0.0000031171  -0.0000059672  -0.0000076202   0.0000144971   0.0000064499
       -0.0000019840  -0.0000030430  -0.0000105431   0.0000178824  -0.0000009697
        0.0000034884   0.0000006633  -0.0000003749  -0.0000091428  -0.0000106588
       -0.0000006867   0.0000020267  -0.0000137829   0.0000054308  -0.0000052112
       -0.0000222380   0.0000026122  -0.0000063759  -0.0000223769  -0.0000137914
        0.0000053396   0.0143599376   0.0099084170  -0.0029970339   0.0400303767
        0.0244953747  -0.0458719590  -0.0086124654  -0.0073391870   0.0019663965
        0.0030839589  -0.0046194661   0.0044877556  -0.0000085814  -0.0003260819
        0.0000116142   0.0056119160  -0.0032216474   0.0030680716  -0.0004435712
       -0.0002398214   0.0000797767  -0.0001034200  -0.0000969748  -0.0000989046
        0.0000512179   0.0000589385  -0.0000341338  -0.0006397814   0.0004455268
       -0.0009727181  -0.0000155820   0.0000223692   0.0000035921  -0.0000389975
        0.0000033007  -0.0000213229  -0.0002056688  -0.0001002431   0.0000390973
       -0.0000072580  -0.0000088943  -0.0000066282  -0.0000047214   0.0000016751
        0.0000019270   0.0000258678   0.0000244682   0.0000109262  -0.0000661770
        0.0000233718   0.0000124847  -0.0000050666   0.0000005510  -0.0000369242
        0.0001214173   0.0001070090  -0.0000412955   0.0001466680  -0.0000561044
       -0.0000236284  -0.0000102575  -0.0000212759  -0.0000238549   0.0000907107
       -0.0000027428   0.0000317997  -0.0000140033   0.0000013636  -0.0000174076
       -0.0000671181  -0.0000186308   0.0000033002   0.0000081416   0.0000054612
        0.0000046785   0.0000047846   0.0000084496   0.0000118453   0.0000228777
       -0.0000089145  -0.0000227218   0.0000042882   0.0000059141   0.0000002856
        0.0000017537  -0.0000023873  -0.0000039244  -0.0009298535   0.0011873162
       -0.0013969047  -0.0511287433  -0.0215126092   0.0434987871  -0.0017342924
        0.0007260902  -0.0014788548   0.0005418753   0.0005646240  -0.0003050096
       -0.0000072518   0.0000246192   0.0000777422  -0.0000243596  -0.0000001347
       -0.0000022517   0.0000032267   0.0000054021   0.0000081433   0.0000020124
       -0.0000042390  -0.0000032527  -0.0000008795  -0.0000002271  -0.0000002093
        0.0000035480   0.0000005125   0.0000002739  -0.0000054682  -0.0000026242
       -0.0000013399  -0.0000090448   0.0000021612  -0.0000044211  -0.0000004766
        0.0000057651   0.0000059581   0.0000035291  -0.0000092893   0.0000075374
        0.0000037584  -0.0000351620   0.0000514957   0.0000045475   0.0000096043
       -0.0000144074   0.0000010868   0.0000021735   0.0000034591  -0.0000013279
       -0.0000020609  -0.0000004908   0.0000014811  -0.0000005614  -0.0000063124
        0.0000631483  -0.0000417113   0.0000043706   0.0000582196   0.0000189345
        0.0000114674   0.0031376195  -0.0010988232   0.0022690857  -0.0009099560
        0.0017966047   0.0010943641  -0.1807898016   0.0558633869   0.1147308794
       -0.0206948761   0.0076363809   0.0162274355  -0.0015553624  -0.0045315720
        0.0029164057   0.0001193995  -0.0007051189  -0.0006163891   0.0004982038
        0.0016452225  -0.0001273830   0.0003125692   0.0002183612   0.0001000043
        0.0001346582   0.0000927818  -0.0000390876  -0.0009081232   0.0006242533
        0.0006814486   0.0000491696   0.0000160693  -0.0000480888  -0.0000237786
        0.0000233405   0.0000004314  -0.0000667892  -0.0001731179   0.0001010942
        0.0000170368   0.0000107265  -0.0000120877   0.0000207374   0.0000013337
       -0.0000063269  -0.0000140044  -0.0000013169   0.0000046001   0.0000204373
       -0.0000322285  -0.0000139708  -0.0000104419   0.0000130707   0.0000534205
       -0.0002394383  -0.0001390134   0.0000313940  -0.0001555105   0.0000055300
        0.0000140483   0.0000503937   0.0000068452   0.0000385194  -0.0000296249
        0.0003385758  -0.0000002959   0.0000152311  -0.0001266342   0.0000201196
       -0.0000442985  -0.0001445160  -0.0001208062   0.0000018625  -0.0000098956
        0.0000447526  -0.0000222809  -0.0000606660  -0.0000820477  -0.0000309684
        0.0000639400   0.0001465069   0.0000195815  -0.0000208088  -0.0000072228
        0.0000077611   0.0000231543   0.0000045402   0.0000067948  -0.0000674330
        0.0002098272   0.0002361737   0.0001132570  -0.0017342924   0.2012333955
       -0.0605038626  -0.1339094450  -0.0001757579   0.0001829405  -0.0006430073
       -0.0004326373  -0.0009849802  -0.0012640287   0.0000735067  -0.0000053705
       -0.0000023714  -0.0000033566  -0.0000242154  -0.0000202324   0.0000255054
        0.0000284747   0.0000011467  -0.0000074311  -0.0000109263  -0.0000016778
       -0.0000042879  -0.0000047671   0.0000034199   0.0000030009  -0.0000029254
        0.0000040177   0.0000135364  -0.0000001361  -0.0000024410  -0.0000019952
       -0.0000058603  -0.0000169959  -0.0000098099   0.0000168213  -0.0000059543
        0.0000052662  -0.0000230198  -0.0000638786  -0.0000029630  -0.0000100939
        0.0000156555   0.0000086776  -0.0000409470  -0.0000107267   0.0000149464
        0.0000099630  -0.0000043294  -0.0000133391   0.0000199923   0.0000241319
        0.0000151928   0.0000490537  -0.0000249420  -0.0000025858  -0.0000224151
        0.0000122295  -0.0019985716  -0.0038836694  -0.0043566767   0.0210955249
       -0.0109740613  -0.0174522536   0.0563798014  -0.0661355738  -0.0506097848
       -0.0122830952   0.0040626423   0.0087729727  -0.0036011864  -0.0007877470
       -0.0015851113  -0.0001922716  -0.0001840795   0.0001674800  -0.0007303613
        0.0010163952   0.0021317566  -0.0000842963   0.0001407091  -0.0000264431
       -0.0000135653   0.0000903309   0.0000583822  -0.0005085551  -0.0000314657
        0.0006039409   0.0000017582  -0.0000027408  -0.0000252344   0.0000134389
        0.0000074287  -0.0000154671  -0.0000459272  -0.0000231661  -0.0000157702
       -0.0000160106  -0.0000057808   0.0000039254   0.0000022822   0.0000079943
        0.0000026335  -0.0000042050   0.0000097126  -0.0000003698  -0.0000064783
        0.0000267933   0.0000188626  -0.0000239160   0.0000082068   0.0000248437
       -0.0000940141  -0.0000926816   0.0000311687   0.0000979979  -0.0000472159
       -0.0000116960   0.0000189648  -0.0000378231  -0.0000033850  -0.0000753778
       -0.0000551832  -0.0000159479   0.0000435619   0.0000547154  -0.0000258492
       -0.0000009443   0.0000984001  -0.0000144443   0.0000478332  -0.0000353194
        0.0000619889  -0.0000093831  -0.0000105027   0.0000055684   0.0000574250
       -0.0000588185   0.0000277181  -0.0000027487   0.0000029320   0.0000050314
        0.0000294983  -0.0000121072   0.0000104235   0.0010430367  -0.0006871314
       -0.0009726535   0.0011857898   0.0002020284   0.0007260902  -0.0605038626
        0.0779334802   0.0624375911   0.0001923851  -0.0002146410   0.0005224592
       -0.0001039344  -0.0004302223  -0.0004561006   0.0000451947   0.0000193115
        0.0000068087  -0.0000049674   0.0000065610   0.0000031126   0.0000189488
        0.0000053959  -0.0000084552   0.0000032644   0.0000021262   0.0000007361
        0.0000045320  -0.0000000121  -0.0000028516  -0.0000001652  -0.0000042886
       -0.0000003596  -0.0000000339  -0.0000062103  -0.0000011672   0.0000091598
        0.0000098355   0.0000014469  -0.0000065511  -0.0000019512   0.0000003214
        0.0000045114  -0.0000082731  -0.0000135693  -0.0000043489   0.0000164377
        0.0000088489   0.0000024244  -0.0000172056   0.0000149910   0.0000030085
       -0.0000032205  -0.0000151855   0.0000018221   0.0000030164  -0.0000076146
       -0.0000609861  -0.0000524464  -0.0000124135  -0.0000564845  -0.0000235614
       -0.0000017817   0.0022515635  -0.0048888312   0.0042449565   0.0102982034
       -0.0051539688  -0.0088274090   0.1136874868  -0.0519029737  -0.1229374596
        0.0084421713  -0.0019233180  -0.0049639340   0.0029506444  -0.0004069485
        0.0049653184  -0.0007155057  -0.0002177444  -0.0000254061  -0.0019166080
        0.0006570152  -0.0001040774  -0.0003308806  -0.0001792600  -0.0000698717
       -0.0000459606   0.0000097815  -0.0000096905   0.0000724775  -0.0001688947
       -0.0005256136  -0.0000247424   0.0000057798   0.0000157404   0.0000002276
       -0.0000080029  -0.0000073213  -0.0000104228   0.0000365851   0.0000121646
       -0.0000240071  -0.0000125323  -0.0000097235  -0.0000135180   0.0000038079
        0.0000030012   0.0000073582   0.0000105592   0.0000034724  -0.0000523401
        0.0000458456   0.0000317315  -0.0000169966  -0.0000255397  -0.0000348165
        0.0001118679   0.0001045671   0.0000908913   0.0001025793  -0.0000165446
       -0.0000169525  -0.0000201904   0.0000035350  -0.0000197036   0.0003179419
       -0.0000655912   0.0001007284  -0.0000717229   0.0000141981  -0.0000364697
       -0.0001570667  -0.0000526800   0.0000661002  -0.0000149252   0.0000247897
       -0.0000302331  -0.0000032564   0.0000288997   0.0000056988   0.0000715143
        0.0000285103  -0.0000473687  -0.0000008336   0.0000174259   0.0000044507
        0.0000041071  -0.0000109966  -0.0000092411   0.0008205037  -0.0005313804
       -0.0002889012  -0.0011835055   0.0013647337  -0.0014788548  -0.1339094450
        0.0624375911   0.1311232870  -0.0006769180   0.0003786127  -0.0010237909
        0.0002490097   0.0004875138  -0.0002149140  -0.0000316453   0.0000162937
        0.0000167486  -0.0000014707   0.0000134411   0.0000155270  -0.0000021534
       -0.0000097409  -0.0000124397   0.0000044380   0.0000059121   0.0000011170
        0.0000074192  -0.0000001825  -0.0000021580  -0.0000026600  -0.0000019036
       -0.0000063605  -0.0000114006  -0.0000004476  -0.0000006004   0.0000005888
        0.0000108989   0.0000089677   0.0000069218  -0.0000122513   0.0000001529
       -0.0000462813  -0.0000712581   0.0000589443   0.0000009932   0.0000217555
       -0.0000274185   0.0000073766   0.0000464600   0.0000159738  -0.0000281395
       -0.0000150156   0.0000081238   0.0000146725  -0.0000224981  -0.0000481714
       -0.0000820180  -0.0000299548   0.0000002637  -0.0000152446   0.0000575600
        0.0000068687  -0.0191394617   0.0053025597   0.0135110816  -0.0015035503
       -0.0039070328   0.0032497245   0.0002255174  -0.0004993103  -0.0004471863
        0.0017657473  -0.0007034405   0.0029706194   0.0014882846   0.0012046684
        0.0006052000  -0.1975012470   0.0687525971   0.1102436754   0.0000611760
       -0.0010656383  -0.0002934765   0.0001064972   0.0001230087  -0.0000205885
       -0.0000980735  -0.0000073854   0.0000462889  -0.0003585528  -0.0001393130
       -0.0011580745  -0.0000243810  -0.0000527215  -0.0000160518  -0.0001272487
        0.0000202519   0.0000833156   0.0000426974   0.0001084904   0.0000987386
        0.0000182460  -0.0000084563  -0.0000177593   0.0001333246  -0.0000317016
        0.0000160512   0.0005743111   0.0008007456   0.0002493481  -0.0002442648
       -0.0014661371  -0.0002672336   0.0000139581   0.0001927381  -0.0001335777
       -0.0000145665  -0.0007705735   0.0001748698  -0.0029381842  -0.0003407310
        0.0006661336   0.0001227582  -0.0000489557  -0.0000665238   0.0001014978
        0.0001769079   0.0000062150  -0.0000419572  -0.0000897628   0.0000083471
       -0.0000484239  -0.0000925352  -0.0000290865  -0.0000160323   0.0000191186
       -0.0000086974  -0.0000015608  -0.0000169114  -0.0000087221   0.0000188882
        0.0000520147   0.0000543494   0.0000052950   0.0000099405   0.0000214720
        0.0000037460  -0.0000009793  -0.0000132422   0.0001562049   0.0012016614
       -0.0009355931  -0.0008082275   0.0003577727   0.0005418753  -0.0001757579
        0.0001923851  -0.0006769180   0.2180289703  -0.0693894463  -0.1280345761
       -0.0000573170   0.0000262657  -0.0002049388   0.0000054185  -0.0000337002
       -0.0000187417  -0.0000204650  -0.0000011470   0.0000028587   0.0000155129
       -0.0000283137   0.0000033725  -0.0000033326   0.0000345928   0.0000205793
        0.0000574207   0.0000745886   0.0000300880  -0.0000948862  -0.0000394586
        0.0000422082  -0.0000943614   0.0000272429  -0.0000930009  -0.0000586507
        0.0001601066  -0.0000759693  -0.0000613751  -0.0000567003   0.0001643760
        0.0006897190   0.0000582961  -0.0002050656  -0.0000942508  -0.0001313476
       -0.0000865007   0.0000036805  -0.0000084777  -0.0000076661   0.0000000772
        0.0000055274  -0.0000024532  -0.0000155575   0.0000010909   0.0000037233
       -0.0000824046   0.0000132830  -0.0000160905  -0.0000286466   0.0000061649
        0.0000024705  -0.0134590426   0.0053670513   0.0090249992  -0.0041388137
       -0.0006050401  -0.0008023597  -0.0005091471  -0.0005212896   0.0001292460
       -0.0014293494  -0.0036335187  -0.0035781298   0.0203365941  -0.0104827283
       -0.0159328462   0.0676510293  -0.0739374909  -0.0494346459   0.0011551619
       -0.0005824354  -0.0011565523   0.0001296496   0.0001632399  -0.0000282436
        0.0001379751   0.0001171560   0.0000409813   0.0010662914   0.0002751361
        0.0006572876  -0.0000064729   0.0000544776   0.0000025227   0.0000375113
        0.0000354858  -0.0000275151   0.0000444612  -0.0001242926  -0.0002480612
        0.0000190401   0.0000278101   0.0000189545   0.0000101246   0.0000075848
        0.0000302380   0.0000207504  -0.0000524172   0.0000196138  -0.0012496106
       -0.0005021591  -0.0003194172  -0.0002740672  -0.0001475582   0.0001627165
       -0.0004858631  -0.0010180099  -0.0000777373   0.0009888229  -0.0009022188
        0.0001873333  -0.0000426495   0.0000196886  -0.0002608561   0.0001450951
        0.0000675418  -0.0000986793  -0.0000588812   0.0000093600  -0.0000035113
       -0.0001456399   0.0000581263   0.0000574063   0.0000711457  -0.0000542348
        0.0000147357   0.0000175170   0.0000199351   0.0000568845   0.0001018019
       -0.0000605659   0.0000084567   0.0000011261   0.0000139775   0.0000281908
       -0.0000057245   0.0000091357  -0.0000055875  -0.0002985997   0.0004898820
        0.0012965062  -0.0007634463   0.0001183801   0.0005646240   0.0001829405
       -0.0002146410   0.0003786127  -0.0693894463   0.0877235095   0.0572524706
        0.0000330233  -0.0004164226  -0.0002169225  -0.0000223956   0.0000299373
        0.0000347745   0.0000204586   0.0000515499   0.0000282254  -0.0000097075
       -0.0000305933   0.0000282722   0.0000325743   0.0000217439   0.0000059220
        0.0000219181   0.0000218086   0.0000040656   0.0000337652   0.0000190335
        0.0000090680   0.0000483270   0.0000185798   0.0000178110   0.0000925706
        0.0000580414   0.0000268200  -0.0001088364   0.0000500913   0.0001215462
       -0.0000066999  -0.0018248290   0.0019976026   0.0001431005   0.0002264786
        0.0000171719  -0.0000077219   0.0000184334   0.0000029231  -0.0000154295
       -0.0000122093   0.0000022105  -0.0000041798   0.0000100314  -0.0000235081
       -0.0000265631  -0.0000230845  -0.0000184823  -0.0000258146  -0.0000098067
        0.0000054363   0.0059877298  -0.0018983547  -0.0028663494   0.0039986181
       -0.0013422396   0.0050780786  -0.0000052190   0.0006384401   0.0001709786
        0.0021711116  -0.0044686068   0.0051382368   0.0098050332  -0.0083557418
       -0.0076220769   0.1074400229  -0.0470756358  -0.1087342000   0.0004457236
       -0.0000338174  -0.0003958679   0.0000929539  -0.0000023480   0.0000322452
        0.0000738802   0.0000883545  -0.0000526676  -0.0007368746   0.0012596677
       -0.0020154764  -0.0000153475   0.0000676780   0.0000306247  -0.0000367233
        0.0000464429  -0.0000558251  -0.0003447418  -0.0002312990   0.0001614895
        0.0000055372   0.0000044167  -0.0000075275  -0.0000124690   0.0000115215
        0.0000017212   0.0000217788  -0.0000438997   0.0000681700  -0.0007220789
       -0.0002497623   0.0004291376  -0.0000778244   0.0000404072   0.0000133405
        0.0005125398   0.0013039518  -0.0001830987   0.0012208927   0.0001296948
       -0.0010803324  -0.0000660522  -0.0001243385  -0.0003288049   0.0001430005
        0.0001241756   0.0000067107  -0.0000411547  -0.0000405384  -0.0000146831
       -0.0000813999  -0.0000911904   0.0000337105  -0.0000146481   0.0000124034
       -0.0000249360   0.0000066484   0.0000260035   0.0000288059   0.0000747965
        0.0000052073  -0.0000011306   0.0000076049   0.0000203999   0.0000111217
       -0.0000072770   0.0000054594  -0.0000184899  -0.0016270450   0.0006911437
       -0.0015455672   0.0002920257  -0.0000811760  -0.0003050096  -0.0006430073
        0.0005224592  -0.0010237909  -0.1280345761   0.0572524706   0.1157259100
       -0.0000604258  -0.0000159643  -0.0002086389  -0.0000123814   0.0000243048
        0.0000030628   0.0000150569   0.0000261576   0.0000081856  -0.0000042690
       -0.0000007834   0.0000064848   0.0000137561   0.0000073418   0.0000051998
        0.0000108338   0.0000058969   0.0000016770   0.0000358125   0.0000140178
       -0.0000085294  -0.0000312389   0.0000104556  -0.0000136534   0.0000044391
        0.0000020312  -0.0000562234   0.0001484009   0.0000376563  -0.0000838264
        0.0000736580   0.0015874160  -0.0003101556   0.0000288686   0.0001124949
        0.0000202022   0.0000006458   0.0000113805  -0.0000036669  -0.0000083257
       -0.0000031158   0.0000080675   0.0000040878   0.0000022520  -0.0000095868
        0.0002219892  -0.0003040613   0.0002150682   0.0000560109   0.0001472727
       -0.0002254389   0.0001053314  -0.0003110525  -0.0002495983  -0.0005826935
        0.0004404544   0.0002377158   0.0006965482  -0.0022193369  -0.0020016562
       -0.0020120672   0.0095113692   0.0053480324   0.0016035373  -0.0009300366
       -0.0001870060   0.0000140031   0.0003097719   0.0005037135  -0.1628232447
        0.0063710004   0.1673368010  -0.0192576836   0.0014321380   0.0210871197
       -0.0040742264  -0.0024052438  -0.0012313671   0.0001641181  -0.0001233622
       -0.0001367195  -0.0006744637  -0.0001095229   0.0013484144   0.0000918481
       -0.0000654015  -0.0000054147   0.0000907721   0.0000844432   0.0000640874
        0.0000051865   0.0000436295  -0.0000564900   0.0000175841   0.0000091553
       -0.0000050424  -0.0000012679   0.0000031502  -0.0000040214  -0.0000110081
       -0.0000065590   0.0000203683   0.0000102657  -0.0000001554  -0.0000093874
        0.0000304724  -0.0000059748   0.0000048246   0.0000424154  -0.0000157688
       -0.0000775487  -0.0000499311   0.0000438965   0.0000027835   0.0005737451
        0.0000603069  -0.0000975228  -0.0000889298   0.0001235775  -0.0000972655
       -0.0002764180  -0.0000703057   0.0000279712  -0.0000522507   0.0000299498
       -0.0000252057  -0.0003060010  -0.0001727890  -0.0005232090  -0.0002335854
        0.0003738445   0.0000964902   0.0000549675   0.0000164618   0.0000175114
       -0.0000206728   0.0000114816  -0.0000058022  -0.0000311522  -0.0000307824
        0.0000416661  -0.0000364297  -0.0001677535  -0.0000072518  -0.0004326373
       -0.0001039344   0.0002490097  -0.0000573170   0.0000330233  -0.0000604258
        0.1864021597  -0.0121955527  -0.1916401305   0.0010306064   0.0002123617
        0.0001921260   0.0000915070   0.0000367418   0.0000650233  -0.0003643573
       -0.0000901452  -0.0000550133   0.0000250402   0.0000065452   0.0000106955
        0.0000180031  -0.0000126286   0.0000075335   0.0000147652  -0.0000103883
       -0.0000077551  -0.0000046212   0.0000051308  -0.0000026784   0.0000288238
       -0.0000008158  -0.0000177621   0.0000104535   0.0000098960  -0.0000110265
        0.0000017079  -0.0000155963  -0.0000097650   0.0000084719   0.0000166112
       -0.0000722337   0.0000051638   0.0000402270  -0.0000200297  -0.0000308257
       -0.0000060362   0.0000012246   0.0000062869   0.0000007633  -0.0000354123
        0.0000955664   0.0004245026  -0.0000835640   0.0000474713  -0.0000643565
       -0.0000072760  -0.0000725230   0.0003618591   0.0001377156  -0.0000112386
       -0.0001185757  -0.0000532187   0.0025117388   0.0008946415  -0.0002779609
        0.0196845490  -0.0101559209  -0.0253620958  -0.0014914383  -0.0044654266
       -0.0030143728   0.0012469472  -0.0006975127  -0.0009463565   0.0027671194
       -0.0319473556  -0.0339160444  -0.0051147877  -0.0001759846   0.0109419832
       -0.0038467490  -0.0014161093   0.0012202519  -0.0001265980   0.0000011169
       -0.0001159021  -0.0005340776  -0.0000858013   0.0008711845   0.0000553564
        0.0000022295  -0.0000145222  -0.0000271229  -0.0000819196  -0.0000826732
        0.0000432603  -0.0000019310  -0.0000010466  -0.0000092526   0.0000001506
        0.0000031864   0.0000171319   0.0000045016   0.0000088647   0.0000165158
        0.0000101475  -0.0000225359   0.0000061492   0.0000197734   0.0000280057
        0.0000168103   0.0000332773  -0.0000216040  -0.0000429608  -0.0000276493
        0.0000562355   0.0000324326  -0.0000711164   0.0000074144  -0.0013378259
        0.0005468343  -0.0002741941   0.0001570140  -0.0005787635   0.0001059222
        0.0003973933   0.0000298014  -0.0001731920  -0.0000241316   0.0000653553
        0.0000980284  -0.0001187569   0.0001642850  -0.0000109280   0.0003135761
       -0.0004574175  -0.0000708256  -0.0000790443  -0.0000322245   0.0000192635
        0.0000290917  -0.0000437037   0.0000295523  -0.0000297724   0.0000733665
        0.0000672201   0.0000325903   0.0001128097   0.0000246192  -0.0009849802
       -0.0004302223   0.0004875138   0.0000262657  -0.0004164226  -0.0000159643
       -0.0121955527   0.0486065547   0.0494739360  -0.0011006585   0.0001353708
        0.0007276950   0.0000086594   0.0000152280   0.0000198142  -0.0003210091
       -0.0001242902   0.0000297425  -0.0000202438  -0.0000083545  -0.0000016875
       -0.0000137734  -0.0000008925   0.0000013792  -0.0000160010  -0.0000015416
        0.0000060259   0.0000060817  -0.0000060144  -0.0000030051  -0.0000003618
       -0.0000056041  -0.0000010411  -0.0000111401   0.0000011274   0.0000133247
       -0.0000329911   0.0000062372   0.0000135355  -0.0000342834  -0.0000155590
        0.0000287714   0.0000413781  -0.0000596487   0.0000582686   0.0000317641
       -0.0000025612  -0.0000166893   0.0000124114  -0.0000162900   0.0000072455
       -0.0011002233  -0.0007370788   0.0002200621  -0.0002553871   0.0000735313
       -0.0002529011  -0.0005517601   0.0000258641   0.0003437028   0.0005930649
       -0.0004143367   0.0001864337  -0.0001005579   0.0017396095   0.0005079018
        0.0070817000  -0.0002432858  -0.0130420237   0.0000542782  -0.0025795826
       -0.0001182286   0.0014803008   0.0001368995   0.0005429304   0.1891935092
       -0.0506502487  -0.2448116239  -0.0036419887   0.0026694579   0.0002702408
        0.0007425793   0.0010122792  -0.0001412120  -0.0004960441  -0.0002294312
        0.0003637846   0.0000926682  -0.0000293187  -0.0002850272  -0.0000460565
       -0.0000075652   0.0000000681  -0.0000714155   0.0001199330   0.0000969188
       -0.0000527491  -0.0000016165  -0.0000073442   0.0000114552   0.0000183286
        0.0000069146  -0.0000027979  -0.0000101661  -0.0000055994  -0.0000951943
        0.0000070827   0.0000315573   0.0000030443  -0.0000023289   0.0000017183
       -0.0000949438  -0.0000363694   0.0001014824   0.0001504019  -0.0000409809
       -0.0000700754  -0.0000611001   0.0000837933  -0.0000760213   0.0016054033
       -0.0002851784   0.0001088473  -0.0002181124   0.0004108310  -0.0001360177
       -0.0006097238  -0.0001110169   0.0003788613   0.0000360698  -0.0000197936
       -0.0002007331  -0.0000156760  -0.0000577493  -0.0000880927  -0.0000836694
        0.0003010766  -0.0000916459   0.0000205621   0.0000132055  -0.0000021823
       -0.0001062377   0.0000295472  -0.0000299281  -0.0001534642   0.0000664639
       -0.0001455510  -0.0000470966   0.0000310432   0.0000777422  -0.0012640287
       -0.0004561006  -0.0002149140  -0.0002049388  -0.0002169225  -0.0002086389
       -0.1916401305   0.0494739360   0.2562543269  -0.0001955398  -0.0002680184
        0.0003900532   0.0000041886  -0.0000110957   0.0000168870   0.0001153359
        0.0000471596   0.0000085655   0.0000196699   0.0000037666   0.0000008116
        0.0000148361  -0.0000027423  -0.0000024268   0.0000112787   0.0000003999
       -0.0000057983  -0.0000111908   0.0000085261   0.0000006459  -0.0000063994
       -0.0000022812   0.0000162602  -0.0000059875  -0.0000056342  -0.0000047946
        0.0000152347   0.0000232441   0.0000679077   0.0000299587  -0.0000222853
        0.0000146855  -0.0000613479   0.0001693603  -0.0000520772  -0.0000800076
       -0.0000071132   0.0000417279  -0.0000017705  -0.0000170980  -0.0000581803
       -0.0024864681   0.0177714456   0.0021345611   0.0000535225   0.0002312854
       -0.0001486702   0.0000539890   0.0000323314  -0.0000118296  -0.0003116492
       -0.0001794474   0.0000783611  -0.0001103294  -0.0015967343  -0.0008881441
       -0.0045801188  -0.0031438054   0.0005965611  -0.0001730493  -0.0000287877
        0.0002411411  -0.0000563259  -0.0000395354   0.0000601725  -0.0023909561
       -0.0292884774  -0.0114974983  -0.0465304080   0.0373526716   0.0125559387
       -0.0025068894   0.0111359806   0.0064167119  -0.0005727135  -0.0001654728
        0.0025726499   0.0006925695   0.0009671536   0.0006568912  -0.0001791356
        0.0001736588  -0.0000383297   0.0000799460  -0.0001310942  -0.0000438570
       -0.0000171157   0.0000514668   0.0000349653   0.0000452085   0.0000334044
       -0.0000031670  -0.0000080597  -0.0000270260  -0.0000089691  -0.0000175310
       -0.0000110632   0.0000307015   0.0000106858   0.0000459302   0.0001176543
       -0.0001590378   0.0007323457   0.0003877925  -0.0000266395  -0.0000766991
       -0.0000062176   0.0000486098  -0.0001141322  -0.0000831875   0.0008104380
        0.0005000740  -0.0007916479  -0.0003956800  -0.0002149594  -0.0000872969
       -0.0000704738  -0.0001127163   0.0001191932  -0.0001119435   0.0000581600
       -0.0000780234   0.0007663496  -0.0003026312   0.0005647569  -0.0018181881
        0.0021145237  -0.0025083672  -0.0002648268  -0.0001422163  -0.0001682600
       -0.0001066656  -0.0002669786  -0.0000337909  -0.0000099686  -0.0000054050
       -0.0000043962  -0.0000131296  -0.0001223904  -0.0000243596   0.0000735067
        0.0000451947  -0.0000316453   0.0000054185  -0.0000223956  -0.0000123814
        0.0010306064  -0.0011006585  -0.0001955398   0.0602519935  -0.0335868130
       -0.0101111862  -0.0008298225  -0.0004587711   0.0003150806  -0.0000236647
       -0.0001185890  -0.0001679722  -0.0000404841  -0.0000132713  -0.0000059084
        0.0000078146  -0.0000139605  -0.0000111315   0.0000009253  -0.0000136678
       -0.0000027636   0.0000079008  -0.0000230966  -0.0000099031   0.0000037263
        0.0000105989  -0.0000022815  -0.0000323577  -0.0000051235  -0.0000162557
       -0.0000646129   0.0000166800   0.0001548415   0.0000030331   0.0000322846
       -0.0000520206  -0.0000419429   0.0000087606  -0.0000482197   0.0000146705
        0.0000089899   0.0000261521  -0.0000107265   0.0000029789   0.0000290951
        0.0056543629  -0.0183051829  -0.0011927438   0.0002959956  -0.0002692895
        0.0001592417   0.0000614585   0.0001606567   0.0000138512  -0.0002088727
        0.0000263156   0.0001005784   0.0000898214  -0.0011851213  -0.0007865629
       -0.0036486070  -0.0015983904   0.0012713465  -0.0001339895   0.0004836986
        0.0004480165  -0.0000824257   0.0000970750   0.0001294723  -0.0058674688
       -0.0200003994  -0.0086451324   0.0347041009  -0.2338266250  -0.0601252469
        0.0010609775  -0.0023912191  -0.0033600849   0.0001609660   0.0003758778
       -0.0007311091  -0.0004614043   0.0005876498   0.0007638718   0.0000298892
       -0.0000273399   0.0000127576  -0.0000875205  -0.0000785718  -0.0000841843
       -0.0000701391  -0.0000269003   0.0000093691  -0.0000572703   0.0000222786
        0.0000291873   0.0000007889   0.0000085606   0.0000012587  -0.0000565883
        0.0000682460   0.0000509848  -0.0000412500  -0.0000255606  -0.0000229779
        0.0000284137  -0.0002441221  -0.0000505391   0.0001048912  -0.0000408464
       -0.0000513389  -0.0000961121   0.0001110767   0.0000132835  -0.0000392895
        0.0001185525  -0.0001424146   0.0000989371   0.0005063542  -0.0000863412
       -0.0004059079  -0.0000931018  -0.0001066639   0.0001735599  -0.0001218893
        0.0000076706  -0.0003264223   0.0007481112  -0.0004119810   0.0020605736
       -0.0020520214   0.0024434164   0.0001291627   0.0001053397   0.0000787407
        0.0002373698   0.0001686315   0.0000224077  -0.0000019785  -0.0000368941
       -0.0000106485  -0.0000400117  -0.0001200681  -0.0000001347  -0.0000053705
        0.0000193115   0.0000162937  -0.0000337002   0.0000299373   0.0000243048
        0.0002123617   0.0001353708  -0.0002680184  -0.0335868130   0.2762511176
        0.0702654362   0.0001246445   0.0003017023   0.0000466110  -0.0000459759
        0.0000325365   0.0001229972   0.0000268670   0.0000224811   0.0000113943
        0.0000081485   0.0000066237   0.0000022554  -0.0000012292   0.0000023704
       -0.0000095072  -0.0000156390   0.0000063106   0.0000112489   0.0000162358
        0.0000027310   0.0000034551   0.0000054923   0.0000081005   0.0000091894
        0.0000140917   0.0000274412  -0.0000165013  -0.0000019856   0.0000062447
        0.0000003648  -0.0000121387   0.0000075580   0.0000173270   0.0000152283
       -0.0000131072   0.0000022093   0.0000137718   0.0000083893   0.0000135891
       -0.0050895197   0.0178880614   0.0020828777  -0.0002008812   0.0004013154
       -0.0000392684   0.0000157289   0.0000331623   0.0000142839  -0.0000784218
        0.0000482136  -0.0000038065   0.0000150857  -0.0003494493  -0.0001864458
       -0.0006990334  -0.0004576695   0.0012156564  -0.0000326161   0.0005071145
        0.0001732268  -0.0000254392   0.0000704083   0.0000077338  -0.0016048818
       -0.0050145064  -0.0011949137   0.0117114637  -0.0612835177  -0.0593364616
        0.0065596392  -0.0243277729  -0.0138537805   0.0019867950   0.0004622900
       -0.0045054720  -0.0009741584  -0.0003708456   0.0004577529   0.0001225959
       -0.0000154170   0.0000025142  -0.0001778484   0.0000735065   0.0000205850
       -0.0000332716   0.0000110409  -0.0000521309  -0.0000227598   0.0000067301
        0.0000079662   0.0000220607  -0.0000032398  -0.0000043852  -0.0000458927
        0.0000551161   0.0000243423   0.0000491004  -0.0000829990  -0.0001259459
        0.0002767330  -0.0012653561  -0.0006167238   0.0000520281   0.0000056604
       -0.0000057206   0.0000316405  -0.0000150606  -0.0000813003   0.0001090622
       -0.0025932744  -0.0009371398   0.0001682384   0.0007899864   0.0005269967
        0.0000670123   0.0001630374   0.0000968587   0.0000438021  -0.0000271952
       -0.0001799003  -0.0003473604   0.0013508460   0.0005764769  -0.0022348403
        0.0028209120  -0.0018451022   0.0000240215  -0.0000405038   0.0000445097
       -0.0001775992  -0.0000899593  -0.0001228187   0.0000090481  -0.0000157627
        0.0000009308  -0.0000150588  -0.0000357592  -0.0000022517  -0.0000023714
        0.0000068087   0.0000167486  -0.0000187417   0.0000347745   0.0000030628
        0.0001921260   0.0007276950   0.0003900532  -0.0101111862   0.0702654362
        0.0772685069   0.0004932379   0.0002730238   0.0002751413  -0.0001512565
        0.0000274834   0.0000426417   0.0000119223   0.0000109797   0.0000072231
        0.0000025873  -0.0000034179   0.0000046835  -0.0000023731   0.0000020174
        0.0000043524  -0.0000113775   0.0000007434  -0.0000061960  -0.0000196220
       -0.0000115407   0.0000029916   0.0000431346   0.0000056467   0.0000147064
        0.0000693276  -0.0000075741  -0.0002876284  -0.0000055488  -0.0000345173
        0.0000471665  -0.0000494221  -0.0000043049   0.0000236109   0.0000131309
       -0.0000179205  -0.0000092749   0.0000419601   0.0000255539   0.0000430664
       -0.0000455834  -0.0000614422   0.0000047662   0.0006582063  -0.0001478934
        0.0007887356  -0.0000539624  -0.0000634227  -0.0000253534   0.0000372430
       -0.0000458419  -0.0000379613   0.0000715284   0.0001206673   0.0000267326
        0.0000676188  -0.0003122086  -0.0001976601   0.0002008071  -0.0011314608
       -0.0003045745  -0.0002561542  -0.0001641803   0.0001536141   0.0002711469
        0.0005160505  -0.0002248732   0.0009862234  -0.0009230966  -0.0007891621
       -0.0027918408  -0.0234694347  -0.0148701059  -0.0043378078  -0.0027830247
       -0.0003587553  -0.0405429160   0.0002930076   0.0014693285  -0.0002275191
        0.0136670630   0.0075022659  -0.0013289674   0.0019646086  -0.0014024763
        0.0002504811   0.0006400721   0.0000289525  -0.0001439358  -0.0000646572
        0.0000070963   0.0000473889  -0.0000364989  -0.0000658682  -0.0000106885
        0.0001222275   0.0000001044  -0.0000159753   0.0000803377   0.0001575913
        0.0000658672  -0.0000114416   0.0000268244  -0.0000809844  -0.0000172180
        0.0000683992   0.0002376854   0.0004619273   0.0001580299  -0.0004853449
       -0.0014483019  -0.0000784607   0.0000741572   0.0006616439   0.0001292054
        0.0001800136   0.0003048125   0.0001106319  -0.0001312273   0.0000456364
       -0.0001243527  -0.0000208532  -0.0000317411   0.0000340457  -0.0001458173
        0.0000710000  -0.0000494796   0.0002594665   0.0000580995  -0.0005928966
       -0.0000933060  -0.0000631110   0.0002563530  -0.0000271192  -0.0000097959
        0.0000014434   0.0000081751   0.0000126385   0.0000032267  -0.0000033566
       -0.0000049674  -0.0000014707  -0.0000204650   0.0000204586   0.0000150569
        0.0000915070   0.0000086594   0.0000041886  -0.0008298225   0.0001246445
        0.0004932379   0.0475272738   0.0025172166  -0.0005646366   0.0010291460
        0.0089789953   0.0084332705  -0.0004731588   0.0000356702  -0.0001107768
       -0.0000020262  -0.0000354478   0.0000477190  -0.0000050064  -0.0000448848
       -0.0000345759  -0.0000212588  -0.0000310480  -0.0000053737   0.0000963498
        0.0000249363  -0.0000242959   0.0000128547   0.0000734142   0.0000019605
       -0.0000274647   0.0000596620  -0.0000232566  -0.0000724782   0.0000480170
       -0.0000623522  -0.0000051527  -0.0000126486   0.0000071854   0.0000092827
       -0.0000121512   0.0000047759   0.0000177696   0.0000144528   0.0000139768
       -0.0001809236  -0.0002428997   0.0003492992  -0.0001617042   0.0003892300
       -0.0015659903  -0.0000211920   0.0000097468   0.0000077354   0.0000365407
       -0.0000032857  -0.0000134798   0.0000816628   0.0000857337   0.0000047272
        0.0000537509  -0.0002244737  -0.0001815911   0.0001759109  -0.0005118204
       -0.0002670773  -0.0001606709  -0.0000559369   0.0000870492   0.0002075528
        0.0004487426   0.0000358356   0.0005435291   0.0001863672  -0.0005624492
       -0.0027993179  -0.0105392166  -0.0060719212  -0.0016489542  -0.0020696108
        0.0000081386  -0.0007596207  -0.2060766482  -0.1100903027   0.0008717686
       -0.0198750747  -0.0095826455   0.0009017020  -0.0038831748   0.0011484152
        0.0000763740  -0.0003875586  -0.0000811122   0.0000800383   0.0000361285
        0.0000456238   0.0000098166   0.0000771274   0.0000547549  -0.0002211475
       -0.0002859251   0.0000970596  -0.0000201266   0.0000365415  -0.0000055195
        0.0000231559  -0.0000042560   0.0000187391   0.0001845734  -0.0002069423
       -0.0002255189  -0.0002798293  -0.0006841509  -0.0003201210  -0.0003786758
       -0.0000917614  -0.0004380140   0.0004172526   0.0001841348   0.0002789936
       -0.0002710822  -0.0001027756  -0.0000762531   0.0001066749  -0.0000647022
        0.0000642796  -0.0000481120  -0.0000352721   0.0001001429   0.0000859599
        0.0001048704  -0.0000241825   0.0003561454   0.0002453779   0.0010935364
        0.0000236865   0.0003624782  -0.0002587038  -0.0000101793  -0.0000179238
       -0.0000025123  -0.0000099412  -0.0000014070   0.0000054021  -0.0000242154
        0.0000065610   0.0000134411  -0.0000011470   0.0000515499   0.0000261576
        0.0000367418   0.0000152280  -0.0000110957  -0.0004587711   0.0003017023
        0.0002730238   0.0025172166   0.2394016533   0.1259760912   0.0003282493
        0.0031450473   0.0000266153   0.0002823128   0.0001613230   0.0000751841
       -0.0000216935   0.0000550480  -0.0000561529  -0.0000312676   0.0000357446
        0.0000195057  -0.0000102340   0.0000409966   0.0000012934   0.0000414500
       -0.0001488843  -0.0000810603   0.0000009366   0.0000676223   0.0000640446
        0.0000466853   0.0000924793   0.0000283889   0.0000006063  -0.0000376152
       -0.0000027006  -0.0000050296   0.0000064251   0.0000268729   0.0000190832
       -0.0000061894  -0.0000139499   0.0000144587   0.0000096460   0.0000020029
       -0.0000357508   0.0000555975   0.0000500026  -0.0001292178   0.0021771310
        0.0003228156  -0.0000152582  -0.0000032857  -0.0000027694   0.0000079682
       -0.0000062294  -0.0000074547   0.0000186016   0.0000199736  -0.0000136861
        0.0000101246   0.0000052250  -0.0000125794   0.0001551603  -0.0002382335
       -0.0000900821  -0.0000423084  -0.0000143874   0.0000579639  -0.0000319158
        0.0000527461  -0.0002639567   0.0007925065   0.0009693371   0.0005484861
       -0.0011775732  -0.0040647383  -0.0021697002  -0.0008904347  -0.0001935097
        0.0001767882   0.0006023980  -0.1113725518  -0.1169387029  -0.0001440475
        0.0084993507   0.0052847666  -0.0007406414   0.0019793310  -0.0006065584
        0.0000835780   0.0001593117  -0.0001938098  -0.0001243252  -0.0000911602
       -0.0000016644  -0.0000174823   0.0000930749   0.0000324315  -0.0000745540
        0.0000012930  -0.0000368116   0.0001930005  -0.0001724098  -0.0002760936
       -0.0000121832   0.0000063692   0.0000501688   0.0000517527  -0.0000182122
        0.0000826848   0.0001597389   0.0004088858   0.0000711334  -0.0009256736
       -0.0018268147  -0.0000655884   0.0006340109   0.0010265615   0.0000447107
        0.0004678313   0.0005345606   0.0002037024   0.0000241897  -0.0000385970
        0.0000015747   0.0000159711   0.0000252079  -0.0000507608  -0.0000682176
       -0.0000141001  -0.0000453783  -0.0006448081   0.0006700126  -0.0009611085
        0.0000030562   0.0000892084  -0.0000785765  -0.0000133563  -0.0000197507
       -0.0000060020  -0.0000162955  -0.0000124285   0.0000081433  -0.0000202324
        0.0000031126   0.0000155270   0.0000028587   0.0000282254   0.0000081856
        0.0000650233   0.0000198142   0.0000168870   0.0003150806   0.0000466110
        0.0002751413  -0.0005646366   0.1259760912   0.1364828526   0.0021385157
       -0.0247063690  -0.0223330581   0.0000821061   0.0000588023   0.0001273802
        0.0000012925   0.0000044743   0.0000364704   0.0000006847   0.0000240777
        0.0000161361   0.0000080564   0.0000160413   0.0000159158  -0.0003161534
       -0.0000801667   0.0000297232  -0.0000838241  -0.0001283835   0.0000086722
        0.0000400426   0.0000246691   0.0000658672   0.0002054440   0.0000330723
        0.0001127774  -0.0000186548  -0.0000041943   0.0000223882   0.0000042196
       -0.0000200603  -0.0000221250   0.0000243323   0.0000174136   0.0000071701
        0.0000614408   0.0000545545  -0.0000735455  -0.0009100537   0.0025675625
       -0.0019885595   0.0000319617   0.0000037168  -0.0000181354   0.0000057179
        0.0000328653  -0.0000030469  -0.0000388463  -0.0000958387  -0.0000586584
        0.0000216616   0.0002786600   0.0002232815  -0.0000928492   0.0000342070
       -0.0000469334  -0.0000134913   0.0000380362  -0.0000288948  -0.0013721646
       -0.0002460305   0.0014740897  -0.0045392168  -0.0027514450  -0.0010386111
       -0.0154135849  -0.0064031077   0.0252371620   0.0003263217   0.0003094760
        0.0003017479  -0.0700422022  -0.0185854589   0.0777538396   0.0046554885
        0.0031016426  -0.0135240539   0.0001635482  -0.0002281774   0.0000247384
        0.0007242770   0.0002619132  -0.0008844870   0.0001302827   0.0001861938
        0.0000705401   0.0000306741   0.0000508243  -0.0000246352   0.0000622778
       -0.0001129937  -0.0000575785   0.0004546886   0.0009607497   0.0002088517
       -0.0000023754  -0.0004096969   0.0001281899  -0.0000907960  -0.0001154129
        0.0000087272  -0.0000599117   0.0000996997  -0.0000207454  -0.0005374498
       -0.0019739469   0.0015025473   0.0009502558   0.0011462841  -0.0004401056
        0.0004211104   0.0000526811   0.0001465095   0.0000248278  -0.0000028088
        0.0001347081  -0.0000532400   0.0000349905  -0.0000630946  -0.0000867121
        0.0000467611  -0.0000312917  -0.0001199995   0.0000597623   0.0000673225
        0.0001060571   0.0002073366  -0.0009498096   0.0000107589   0.0000007449
        0.0000039567   0.0000024990   0.0000035526   0.0000020124   0.0000255054
        0.0000189488  -0.0000021534   0.0000155129  -0.0000097075  -0.0000042690
       -0.0003643573  -0.0003210091   0.0001153359  -0.0000236647  -0.0000459759
       -0.0001512565   0.0010291460   0.0003282493   0.0021385157   0.0851311890
        0.0208982972  -0.0902082067  -0.0000412743  -0.0001061797  -0.0000790733
       -0.0000053206  -0.0000720584   0.0000213711  -0.0000297200   0.0000084701
        0.0000131260  -0.0000337292  -0.0000646547  -0.0000145765   0.0001430647
        0.0007092081   0.0007865353  -0.0000699515   0.0000036272   0.0000396246
       -0.0001494634   0.0002030360  -0.0000202235  -0.0005068368  -0.0001631241
       -0.0006753416   0.0000209343  -0.0000133659   0.0000144161   0.0000005748
        0.0000219384  -0.0000376687   0.0000474351  -0.0000029971   0.0000278063
       -0.0000151342   0.0000596755  -0.0001467263   0.0019687231  -0.0028015976
        0.0019442728   0.0000155735  -0.0000028761  -0.0000157941   0.0000229655
        0.0000408624  -0.0000010717  -0.0000037460  -0.0000571886  -0.0000327094
        0.0000266382   0.0002515513   0.0001349557  -0.0000681797  -0.0000655147
       -0.0000282906  -0.0000078582   0.0000332204  -0.0000016299  -0.0004252025
       -0.0000573779   0.0004045051  -0.0011409635  -0.0004151573  -0.0005738764
       -0.0062572928  -0.0024546150   0.0097272431  -0.0001874550   0.0001432035
        0.0002589379  -0.0185812708  -0.0537071152   0.0444883549  -0.0052636424
       -0.0049557787   0.0196211284   0.0000142327   0.0000910417   0.0001313512
       -0.0009412777   0.0008074499   0.0001281559  -0.0000478268  -0.0000350972
       -0.0000525423   0.0001608423  -0.0001151546  -0.0000646443   0.0001522558
       -0.0003354219   0.0002560278  -0.0002754786  -0.0015272362  -0.0004602149
       -0.0003129998  -0.0003658070  -0.0001253127   0.0000107883   0.0002601691
       -0.0002084673  -0.0000134996   0.0000036145  -0.0000359848   0.0009655541
        0.0012843032  -0.0000430486  -0.0003889778  -0.0001878307   0.0001041924
       -0.0003790755  -0.0005414763  -0.0002267391   0.0000407905   0.0000090361
        0.0000548630   0.0000116660  -0.0000221465   0.0000115543   0.0000335756
       -0.0000135954   0.0000326384   0.0001254288   0.0000288538  -0.0000174752
       -0.0002090532   0.0000158841   0.0012495867   0.0000127394   0.0000130756
        0.0000031784   0.0000165749   0.0000079188  -0.0000042390   0.0000284747
        0.0000053959  -0.0000097409  -0.0000283137  -0.0000305933  -0.0000007834
       -0.0000901452  -0.0001242902   0.0000471596  -0.0001185890   0.0000325365
        0.0000274834   0.0089789953   0.0031450473  -0.0247063690   0.0208982972
        0.0621741495  -0.0497601876  -0.0000023234  -0.0000157151  -0.0000881350
       -0.0000654265  -0.0000401043   0.0001025004   0.0000035999  -0.0000362314
       -0.0000261585  -0.0000479018   0.0000621379  -0.0000316954   0.0016403331
       -0.0009106649  -0.0016289840   0.0001452910   0.0001587935  -0.0000418717
        0.0000142338   0.0001054743  -0.0000063502  -0.0004532642   0.0000825889
       -0.0004137052   0.0000103929  -0.0000043003  -0.0000007112   0.0000322250
        0.0000209159   0.0000119986  -0.0000052937  -0.0000140134   0.0000133709
       -0.0001198833  -0.0002273582   0.0002479161  -0.0020166367   0.0033997570
       -0.0019414074  -0.0000205655  -0.0000184307   0.0000135166  -0.0000133008
       -0.0000285850   0.0000027631   0.0000040886   0.0000537478   0.0000502473
       -0.0000361617  -0.0001895865  -0.0001708730   0.0000293325   0.0000563259
       -0.0000241328  -0.0000161616  -0.0000855072  -0.0000097306   0.0001502041
        0.0002121332  -0.0000002447   0.0003378757   0.0000813274   0.0005981439
        0.0022845678   0.0005254410   0.0009605031   0.0000003953   0.0000997315
       -0.0000318419   0.0784721018   0.0445887756  -0.2384271041   0.0026634951
        0.0043491698  -0.0141261657   0.0000606672  -0.0000455292  -0.0000147878
        0.0006380225  -0.0002778081   0.0003665383  -0.0000866706   0.0002136583
        0.0001526899   0.0000116263  -0.0000397738   0.0000037762   0.0000615552
        0.0004602955  -0.0000218575  -0.0000717665  -0.0017242402  -0.0006540820
       -0.0000558860  -0.0006269598   0.0001006589  -0.0000613647   0.0000709256
       -0.0000407782  -0.0000005470  -0.0001018512  -0.0000408692  -0.0001143319
        0.0007319332   0.0005246512  -0.0004521952  -0.0008548481  -0.0000743642
        0.0001899332  -0.0000456070   0.0000840267  -0.0000916152   0.0000776693
       -0.0001437974  -0.0000841007  -0.0000215143   0.0001450372  -0.0000728362
       -0.0000668644   0.0000236829   0.0000409462   0.0002155642   0.0002407851
        0.0002939898   0.0003017891  -0.0011121291  -0.0000043384   0.0000206412
        0.0000059316   0.0000109378   0.0000139333  -0.0000032527   0.0000011467
       -0.0000084552  -0.0000124397   0.0000033725   0.0000282722   0.0000064848
       -0.0000550133   0.0000297425   0.0000085655  -0.0001679722   0.0001229972
        0.0000426417   0.0084332705   0.0000266153  -0.0223330581  -0.0902082067
       -0.0497601876   0.2762594241  -0.0001399333  -0.0001469445  -0.0001760293
        0.0000133076   0.0000090924  -0.0001148598  -0.0000048292  -0.0000212949
       -0.0000102555  -0.0000348558  -0.0000795482  -0.0000381015   0.0006115200
       -0.0009326120  -0.0000488488  -0.0000053552  -0.0002730979  -0.0001626733
       -0.0000021545  -0.0000340784  -0.0000535544  -0.0003535288  -0.0000690142
       -0.0000415707   0.0000196512  -0.0000005719  -0.0000140496  -0.0000360258
        0.0000013913   0.0000129749  -0.0000057707  -0.0000106611  -0.0000081002
        0.0001576353   0.0001919352   0.0000783323   0.0005784445  -0.0003943069
       -0.0008323529  -0.0000253191   0.0000129834   0.0000359785   0.0000140928
       -0.0000326944  -0.0000234709   0.0000399711   0.0000400181   0.0000239721
       -0.0000062471  -0.0001897292  -0.0000801445  -0.0001073082   0.0001446734
       -0.0001555152  -0.0000292445   0.0000245981   0.0000186505   0.0000617035
        0.0001945292   0.0000003245  -0.0000068665  -0.0000905322  -0.0000437645
        0.0000440654   0.0000169728  -0.0000633290  -0.0005874304  -0.0007768070
       -0.0004475792   0.0008265500  -0.0005130472   0.0001755467  -0.0137390348
       -0.0233669580  -0.0104602969  -0.0047630069   0.0000817589   0.0010461509
       -0.0799411112  -0.0847476451  -0.0406139215   0.0057218733   0.0142542572
        0.0070381822  -0.0005648814   0.0011193488   0.0031939929   0.0000160134
        0.0003553847   0.0003011953   0.0000594092  -0.0000656873   0.0000160997
       -0.0000519172   0.0000390568  -0.0000155059   0.0001391296   0.0000227614
       -0.0000168228  -0.0002254120  -0.0004160176  -0.0002152919  -0.0000360115
       -0.0002187997   0.0000609638   0.0000534234   0.0001442935  -0.0000117256
        0.0000584642   0.0000419419   0.0000394206  -0.0000056416   0.0000104452
       -0.0000158091  -0.0000035327   0.0000265335   0.0000269019   0.0001358278
        0.0000667445  -0.0000404896  -0.0004575063   0.0002738385   0.0006223609
       -0.0000078992  -0.0000260812   0.0000799895  -0.0000001351   0.0000024336
        0.0000008281  -0.0000028600   0.0000044184  -0.0000008795  -0.0000074311
        0.0000032644   0.0000044380  -0.0000033326   0.0000325743   0.0000137561
        0.0000250402  -0.0000202438   0.0000196699  -0.0000404841   0.0000268670
        0.0000119223  -0.0004731588   0.0002823128   0.0000821061  -0.0000412743
       -0.0000023234  -0.0001399333   0.0923344780   0.0915156885   0.0402395798
        0.0008639095   0.0012416365  -0.0003314148   0.0002069544   0.0007950776
        0.0004430666  -0.0001496871  -0.0001517679  -0.0000500022  -0.0000480586
        0.0000128984  -0.0000144751  -0.0000383729   0.0000127734  -0.0000090899
        0.0000166684   0.0000167655   0.0000153991  -0.0000030561   0.0000067160
       -0.0000141691  -0.0000023696  -0.0000001568   0.0000071018   0.0000061087
       -0.0000012240  -0.0000051378   0.0000088282  -0.0000014799   0.0000051913
        0.0001291770   0.0000514600   0.0000132736   0.0008212921   0.0003515192
       -0.0003221283  -0.0000303870   0.0000162943   0.0000220440   0.0000116056
       -0.0000137889  -0.0000088569   0.0000224324   0.0000183356   0.0000065932
       -0.0000033445  -0.0000866306  -0.0000443405   0.0000077479   0.0000478599
       -0.0000543890  -0.0000153832   0.0000398242   0.0000173289   0.0000232279
        0.0000843570   0.0000207761   0.0000546217  -0.0000300852  -0.0000289102
       -0.0000574642   0.0000508948  -0.0001157344  -0.0001759606  -0.0003248035
       -0.0001281564   0.0004740486   0.0003029264   0.0000383516  -0.0047728522
       -0.0052220410  -0.0024802685  -0.0011173093   0.0007993255   0.0000311361
       -0.0822212666  -0.2164342706  -0.0922960193  -0.0064861072  -0.0213209571
       -0.0102847710   0.0019984127   0.0020721624  -0.0070622661   0.0004889250
       -0.0002252206  -0.0000053569  -0.0000470800  -0.0000444429   0.0000438840
       -0.0000663105   0.0000271385   0.0000317133  -0.0002645301  -0.0000211887
        0.0000359955   0.0000541628   0.0000325234  -0.0000885239   0.0000849905
       -0.0001363422   0.0000861745   0.0000062563   0.0001011762  -0.0000282255
       -0.0000469030  -0.0000038004  -0.0000086025   0.0000076231  -0.0000021765
        0.0000022496   0.0000023360   0.0000160287   0.0000248065   0.0000573986
        0.0000051101  -0.0000295791  -0.0001869367   0.0003124333   0.0002231738
       -0.0000747149  -0.0002411120   0.0000538721   0.0000035376  -0.0000049114
       -0.0000031618  -0.0000061099  -0.0000037307  -0.0000002271  -0.0000109263
        0.0000021262   0.0000059121   0.0000345928   0.0000217439   0.0000073418
        0.0000065452  -0.0000083545   0.0000037666  -0.0000132713   0.0000224811
        0.0000109797   0.0000356702   0.0001613230   0.0000588023  -0.0001061797
       -0.0000157151  -0.0001469445   0.0915156885   0.2407342390   0.1104440199
        0.0000319235  -0.0006146418   0.0024611648  -0.0006020240  -0.0015501435
       -0.0007678834   0.0003895892   0.0010563583   0.0002664922  -0.0000434611
       -0.0001225682  -0.0000599011   0.0000457186   0.0000570008   0.0000715503
        0.0000374099   0.0000143681   0.0000004684  -0.0000013715   0.0000238293
       -0.0000181610  -0.0000017512   0.0000046129   0.0000094662   0.0000051211
        0.0000006125  -0.0000064608   0.0000015900  -0.0000011394  -0.0000024695
        0.0000040460  -0.0000282065  -0.0000011614   0.0003373954   0.0004051635
        0.0006337320  -0.0000087961   0.0000059117   0.0000036812   0.0000017434
        0.0000004770  -0.0000014955   0.0000018839   0.0000030142  -0.0000028976
        0.0000117901  -0.0000053296  -0.0000006612   0.0000245919  -0.0000086112
       -0.0000025885   0.0000069597   0.0000155308  -0.0000065515  -0.0000297258
        0.0000193082  -0.0000191956   0.0000354064  -0.0000156208   0.0000420125
        0.0001368617   0.0000813465  -0.0000105688   0.0002134988   0.0000857151
        0.0001051621   0.0003569956  -0.0000373974   0.0003260548  -0.0003148241
        0.0005276669   0.0009597743   0.0005131420  -0.0002685520   0.0005632154
       -0.0393943865  -0.0910078437  -0.0783204277  -0.0045438925  -0.0156886307
       -0.0095061219   0.0038944043  -0.0059904235   0.0082493576  -0.0001086568
        0.0005974900   0.0006032604  -0.0000318738  -0.0000756489  -0.0000260723
       -0.0000339330   0.0000002672   0.0000115227   0.0001035114   0.0002545852
       -0.0001437796  -0.0000219946  -0.0001275392  -0.0001396697  -0.0000119355
       -0.0001217314   0.0000172691   0.0000447870   0.0000804242  -0.0000212246
        0.0000167750   0.0000205196   0.0000136622  -0.0000023298  -0.0000012503
        0.0000065785   0.0000143981   0.0000106107  -0.0000047370  -0.0000140222
       -0.0000139241  -0.0000225990   0.0003420243  -0.0000025434  -0.0000687389
       -0.0000597251  -0.0000100406   0.0000081199   0.0000037613  -0.0000001344
       -0.0000010518  -0.0000010049  -0.0000013653  -0.0000002093  -0.0000016778
        0.0000007361   0.0000011170   0.0000205793   0.0000059220   0.0000051998
        0.0000106955  -0.0000016875   0.0000008116  -0.0000059084   0.0000113943
        0.0000072231  -0.0001107768   0.0000751841   0.0001273802  -0.0000790733
       -0.0000881350  -0.0001760293   0.0402395798   0.1104440199   0.0803006820
       -0.0010440031   0.0023064456  -0.0031667452   0.0002719381   0.0006700338
        0.0006124542  -0.0008592052  -0.0021211595  -0.0009793692   0.0000422086
       -0.0000494900  -0.0000005769   0.0000199459   0.0000157153   0.0000297371
        0.0000146641   0.0000106076   0.0000155281  -0.0000082166   0.0000161827
       -0.0000212237  -0.0000012196   0.0000009689   0.0000047313   0.0000020261
       -0.0000003155  -0.0000042961   0.0000015678   0.0000003394  -0.0000002747
       -0.0000220538   0.0000646364   0.0002926347  -0.0011663414  -0.0000892572
        0.0000799542  -0.0000388271   0.0000115552   0.0000203757   0.0000110025
       -0.0000130217  -0.0000107863   0.0000100494   0.0000081410  -0.0000049400
        0.0000148281  -0.0000309535  -0.0000035169   0.0000633278   0.0000169908
       -0.0000398401  -0.0000290720   0.0000382330   0.0000149903  -0.0000424698
        0.0000270230  -0.0000349678   0.0001054956  -0.0000466725  -0.0000154306
        0.0000311879   0.0000689740  -0.0000938833   0.0001466674  -0.0000009272
        0.0000619736  -0.0002311415  -0.0000334867   0.0000914171   0.0006081822
        0.0017090924   0.0034502620   0.0004144959   0.0001970742  -0.0000172210
       -0.0231560257  -0.0000278452   0.0040282778  -0.2935457131  -0.0370723032
        0.0248337775  -0.0121975654  -0.0034868380  -0.0002103133   0.0009094196
       -0.0016454317  -0.0002233907  -0.0000262605  -0.0000916084   0.0000057901
        0.0000982562   0.0000347705   0.0000191032  -0.0011674565  -0.0012851848
       -0.0004784345   0.0000550261   0.0000918096  -0.0000999446   0.0001207688
       -0.0001738763   0.0001543392  -0.0000337991   0.0000925961  -0.0000559059
       -0.0000233855   0.0000178774  -0.0000204218  -0.0000261821   0.0000116212
       -0.0000163793  -0.0001069507   0.0000019970   0.0000373989   0.0000426519
        0.0000181443  -0.0000255089  -0.0000142783   0.0000128222  -0.0000290998
       -0.0000505160  -0.0000123476  -0.0000977384   0.0000017814  -0.0000071348
       -0.0000031371  -0.0000072395  -0.0000042381   0.0000035480  -0.0000042879
        0.0000045320   0.0000074192   0.0000574207   0.0000219181   0.0000108338
        0.0000180031  -0.0000137734   0.0000148361   0.0000078146   0.0000081485
        0.0000025873  -0.0000020262  -0.0000216935   0.0000012925  -0.0000053206
       -0.0000654265   0.0000133076   0.0008639095   0.0000319235  -0.0010440031
        0.3284122848   0.0412324478  -0.0307448259   0.0004786469   0.0006182483
        0.0001033122  -0.0004412448  -0.0002426235  -0.0000942278  -0.0001817947
        0.0000339931   0.0000485423  -0.0000132249  -0.0000333917   0.0000358609
        0.0000483475  -0.0000077528   0.0000123513   0.0000102573   0.0000293315
        0.0000135332  -0.0000009855   0.0000043047   0.0000083532   0.0000050985
        0.0000035405  -0.0000027828  -0.0000007614  -0.0000059579   0.0000006283
        0.0001825166  -0.0000640280  -0.0004692252   0.0018370013   0.0002076721
       -0.0002009322  -0.0000188332   0.0000126747   0.0000138043  -0.0000039584
        0.0000070776   0.0000101693   0.0000037360   0.0000057229   0.0000044914
       -0.0000040103  -0.0000203882  -0.0000244919   0.0000129025  -0.0000123012
       -0.0000086809  -0.0000330877   0.0000020878   0.0000002812   0.0000225820
        0.0000258198   0.0000431293  -0.0000420613   0.0000118456  -0.0000357943
       -0.0001486075   0.0001454809  -0.0000624463  -0.0000178299  -0.0000215842
       -0.0000542487  -0.0008056229   0.0000105094   0.0000556632   0.0006837164
        0.0015805605  -0.0069325834  -0.0000196531  -0.0000928634  -0.0000816032
        0.0199919158   0.0015783218  -0.0018857685  -0.0393358185  -0.0439541978
       -0.0000244247  -0.0228136467  -0.0034406649  -0.0008990477   0.0004023985
       -0.0025023123  -0.0010044250  -0.0001756747   0.0000694788   0.0000445503
        0.0000210697   0.0000410065   0.0000033369  -0.0018513173  -0.0019680957
       -0.0004419951   0.0000411690  -0.0000484001  -0.0000728290  -0.0000218928
       -0.0000348862  -0.0000288017   0.0000060711  -0.0000026733   0.0000138685
       -0.0000328861   0.0000067526  -0.0000052690   0.0000034804  -0.0000026191
       -0.0000037752   0.0001600366   0.0000251272  -0.0000344590  -0.0000094540
       -0.0000178377  -0.0000135780  -0.0000126890   0.0000193936   0.0000356602
        0.0000216259  -0.0000388400   0.0000813431   0.0000041735   0.0000010350
       -0.0000027617  -0.0000022114  -0.0000020216   0.0000005125  -0.0000047671
       -0.0000000121  -0.0000001825   0.0000745886   0.0000218086   0.0000058969
       -0.0000126286  -0.0000008925  -0.0000027423  -0.0000139605   0.0000066237
       -0.0000034179  -0.0000354478   0.0000550480   0.0000044743  -0.0000720584
       -0.0000401043   0.0000090924   0.0012416365  -0.0006146418   0.0023064456
        0.0412324478   0.0491278428   0.0097050851  -0.0006712463   0.0005571903
       -0.0000099206   0.0002142298  -0.0005895421  -0.0000811442  -0.0000313911
       -0.0000696205  -0.0000295763   0.0000068030   0.0000114790   0.0000713634
        0.0000347673  -0.0000030331   0.0000096078  -0.0000074960   0.0000102865
       -0.0000023461  -0.0000004640   0.0000013655   0.0000042684   0.0000005049
       -0.0000024961  -0.0000032382  -0.0000006587   0.0000018451  -0.0000033355
       -0.0001182466   0.0000654158   0.0003752834  -0.0015076461  -0.0001463826
        0.0002379368   0.0000010205   0.0000038662  -0.0000034602  -0.0000099339
        0.0000105741   0.0000111838  -0.0000042591  -0.0000010061   0.0000011433
        0.0000044592  -0.0000003191   0.0000052628  -0.0000347889  -0.0000220704
        0.0000116232  -0.0000063226  -0.0000114007  -0.0000138016  -0.0000078496
        0.0000234208  -0.0000222750  -0.0000087044  -0.0000117098   0.0000921205
        0.0004825628  -0.0004532603   0.0003070930   0.0001034176  -0.0000730021
        0.0000073538   0.0025887068   0.0001666275  -0.0002200845   0.0022707852
       -0.0069302377   0.0078218645  -0.0001277708  -0.0001578629  -0.0001452705
        0.0163887849   0.0015096764  -0.0036595285   0.0239507657  -0.0002525605
       -0.0370015450  -0.0086388346  -0.0029877586   0.0013622306  -0.0017400609
       -0.0023276721  -0.0002265471  -0.0000468107  -0.0001713154   0.0000182792
        0.0000061318  -0.0000009683   0.0000364852  -0.0010746920  -0.0003772020
       -0.0004748011   0.0000162002  -0.0000488719  -0.0000541199   0.0000039655
        0.0001424440  -0.0001246473   0.0000335995  -0.0000260669   0.0000199929
        0.0001021829  -0.0000120894   0.0000850834   0.0000176823   0.0000093171
        0.0000209489  -0.0001205398  -0.0000253460   0.0000233075  -0.0000029468
       -0.0000068279   0.0000145728  -0.0000041424   0.0000356986   0.0000127512
       -0.0000823707  -0.0000067489  -0.0000256697   0.0000049942   0.0000062494
        0.0000022488   0.0000041706   0.0000016757   0.0000002739   0.0000034199
       -0.0000028516  -0.0000021580   0.0000300880   0.0000040656   0.0000016770
        0.0000075335   0.0000013792  -0.0000024268  -0.0000111315   0.0000022554
        0.0000046835   0.0000477190  -0.0000561529   0.0000364704   0.0000213711
        0.0001025004  -0.0001148598  -0.0003314148   0.0024611648  -0.0031667452
       -0.0307448259   0.0097050851   0.0341836217  -0.0009582984   0.0000756314
        0.0005047197  -0.0006329472  -0.0002025616  -0.0000558296   0.0001098739
        0.0000193559   0.0000703863  -0.0000050160  -0.0000252969   0.0000481079
        0.0000119177  -0.0000016155   0.0000113975   0.0000090725  -0.0000031251
       -0.0000155941  -0.0000026340  -0.0000017524  -0.0000009268  -0.0000026509
       -0.0000018390  -0.0000021552   0.0000044135  -0.0000005289   0.0000043426
        0.0000106739   0.0000281815   0.0000346341   0.0000117738  -0.0000309629
       -0.0000619332  -0.0000160910  -0.0000098514   0.0000103323   0.0000124112
       -0.0000070684  -0.0000118893   0.0000213511   0.0000017323   0.0000080023
       -0.0000110191  -0.0000805214  -0.0000085226  -0.0000449475   0.0000755156
       -0.0001568438  -0.0000228157   0.0000438813   0.0000313656   0.0000148037
        0.0000440997  -0.0000301684   0.0000284127  -0.0000380544  -0.0000225480
       -0.0002286778   0.0000624572  -0.0001618819  -0.0009890459   0.0005672832
        0.0009260332   0.0000703004  -0.0000179653   0.0000120109   0.0002390894
       -0.0003910371  -0.0004985137  -0.0052343689  -0.0006726560  -0.0020848716
        0.0000146257  -0.0018081145  -0.0010022700   0.0039291244  -0.0012392254
       -0.0065066593  -0.0885101703   0.0222437686   0.0877405788  -0.0263715888
        0.0099245282   0.0269254677   0.0008542219  -0.0004157393   0.0018664421
        0.0005166110  -0.0002831380   0.0003136370   0.0024599533   0.0006408272
       -0.0008160092   0.0000764309   0.0000386634   0.0000793113   0.0000542857
       -0.0000332321   0.0001164292  -0.0000088154   0.0000496734  -0.0000564428
        0.0000289905  -0.0000053563   0.0000050638  -0.0000302184   0.0000259562
       -0.0000167997   0.0000037795   0.0000143357   0.0000019702   0.0000268746
        0.0000083989  -0.0000277842  -0.0000179975   0.0000128763  -0.0000249738
       -0.0000348434  -0.0000288756  -0.0000152873  -0.0000013530  -0.0000008798
        0.0000012830   0.0000078562   0.0000005979  -0.0000054682   0.0000030009
       -0.0000001652  -0.0000026600  -0.0000948862   0.0000337652   0.0000358125
        0.0000147652  -0.0000160010   0.0000112787   0.0000009253  -0.0000012292
       -0.0000023731  -0.0000050064  -0.0000312676   0.0000006847  -0.0000297200
        0.0000035999  -0.0000048292   0.0002069544  -0.0006020240   0.0002719381
        0.0004786469  -0.0006712463  -0.0009582984   0.1105466729  -0.0267988395
       -0.1050265657   0.0025198912  -0.0006193721  -0.0005645686  -0.0001104275
        0.0001863616   0.0000896939  -0.0005792750  -0.0001518889  -0.0004864852
        0.0000579719  -0.0000135183   0.0000352522   0.0001262821  -0.0000396417
        0.0000293084   0.0000016935  -0.0000008514   0.0000026167   0.0000028187
        0.0000054332   0.0000004640   0.0000000752  -0.0000032134   0.0000050364
        0.0000218520   0.0000052680   0.0000133744   0.0000227932   0.0000219355
        0.0000163757   0.0000046153  -0.0000016724  -0.0000004008  -0.0000038454
        0.0000087778   0.0000055365  -0.0000066694  -0.0000088214  -0.0000040216
       -0.0000074232   0.0000311985   0.0000121061   0.0000391562  -0.0000058485
        0.0000109891  -0.0000014379  -0.0000115164   0.0000068870   0.0000013653
       -0.0000380378  -0.0000000013   0.0000075605   0.0000054001   0.0000012019
        0.0000243033   0.0000104613   0.0000238762   0.0000318000  -0.0000259173
       -0.0001775428  -0.0000088678   0.0000449345  -0.0000365688  -0.0001714590
        0.0003248917  -0.0001130555   0.0010371978   0.0000735793  -0.0003214110
       -0.0025367077  -0.0028620799  -0.0022465925   0.0099980601  -0.0101531750
       -0.0247048843   0.0227102339  -0.0497287081  -0.0429406559   0.0029795310
        0.0002875472  -0.0022146850   0.0002259175   0.0002042996  -0.0003027219
       -0.0001401429  -0.0000206971   0.0000312371   0.0003559030   0.0001072066
        0.0000054123   0.0000991018  -0.0000743132  -0.0000739461   0.0000128921
        0.0000405781  -0.0000456909  -0.0000143380  -0.0000242498   0.0000276598
       -0.0000353292  -0.0000098614  -0.0000006743   0.0000170660  -0.0000035787
        0.0000013969  -0.0000135286  -0.0000018553   0.0000112045   0.0000041550
       -0.0000134185   0.0000021597  -0.0000398400   0.0000281875   0.0000290702
       -0.0000163805  -0.0000461560   0.0000230119  -0.0000066748  -0.0000051927
       -0.0000002283   0.0000008625  -0.0000026747  -0.0000026242  -0.0000029254
       -0.0000042886  -0.0000019036  -0.0000394586   0.0000190335   0.0000140178
       -0.0000103883  -0.0000015416   0.0000003999  -0.0000136678   0.0000023704
        0.0000020174  -0.0000448848   0.0000357446   0.0000240777   0.0000084701
       -0.0000362314  -0.0000212949   0.0007950776  -0.0015501435   0.0006700338
        0.0006182483   0.0005571903   0.0000756314  -0.0267988395   0.0596743756
        0.0501984774  -0.0096014034   0.0034378616   0.0220432347   0.0003813439
       -0.0006188089  -0.0001096788   0.0001979431   0.0003478082   0.0000904805
       -0.0000733143   0.0000026438  -0.0000140286  -0.0000046557  -0.0000225553
       -0.0000044465  -0.0000027303   0.0000017820   0.0000025363   0.0000018581
       -0.0000025484  -0.0000020864  -0.0000023952   0.0000008160  -0.0000032622
        0.0000120228  -0.0000067780   0.0000373838  -0.0000243533   0.0000591937
        0.0000484998   0.0000040166  -0.0000022313   0.0000017205  -0.0000165156
        0.0000109076   0.0000188694  -0.0000090655  -0.0000060825   0.0000117802
       -0.0000210093  -0.0000035626  -0.0000037504  -0.0000752549   0.0000133520
        0.0000271614  -0.0000018292  -0.0000527673  -0.0000344156   0.0000433957
        0.0000146084   0.0000288467  -0.0000446955   0.0000108346   0.0000152536
       -0.0000178085   0.0000189425   0.0000643781  -0.0002669317   0.0000245430
       -0.0000402074   0.0000228333   0.0000654139  -0.0000268145  -0.0002850659
        0.0003149160  -0.0000365226  -0.0003053462   0.0000062081   0.0002187569
       -0.0015632334  -0.0013554527  -0.0011463089   0.0045651697  -0.0063853214
       -0.0118309488   0.0935360407  -0.0432018732  -0.2158444363   0.0010988774
        0.0004003524   0.0028096102  -0.0014108537   0.0004435017   0.0009584908
       -0.0001659022   0.0000025881  -0.0000002193  -0.0006072859   0.0007442192
        0.0002477487  -0.0002619387  -0.0000610671   0.0002290028  -0.0001214745
        0.0000727564  -0.0001120462   0.0000325224  -0.0000665551   0.0000431478
        0.0000560410   0.0000095385   0.0000393383   0.0000010479   0.0000051655
       -0.0000077148  -0.0000002825  -0.0000073236  -0.0000019043  -0.0000379317
       -0.0000109323   0.0000085084  -0.0000134387   0.0000108318   0.0000416872
       -0.0000172942  -0.0000191450   0.0001023505   0.0000073905   0.0000163223
        0.0000033177   0.0000057429   0.0000065933  -0.0000013399   0.0000040177
       -0.0000003596  -0.0000063605   0.0000422082   0.0000090680  -0.0000085294
       -0.0000077551   0.0000060259  -0.0000057983  -0.0000027636  -0.0000095072
        0.0000043524  -0.0000345759   0.0000195057   0.0000161361   0.0000131260
       -0.0000261585  -0.0000102555   0.0004430666  -0.0007678834   0.0006124542
        0.0001033122  -0.0000099206   0.0005047197  -0.1050265657   0.0501984774
        0.2465671604   0.0106830122  -0.0003354573  -0.0236112733   0.0000368147
       -0.0000895856   0.0000204103  -0.0003587271  -0.0000528490   0.0000223136
       -0.0000023290  -0.0000047685   0.0000145065  -0.0000131599  -0.0000037687
        0.0000077843   0.0000017358  -0.0000038174  -0.0000037223  -0.0000041734
       -0.0000059072   0.0000045451   0.0000051665   0.0000052090   0.0000023331
        0.0000109996  -0.0000243020  -0.0000040200   0.0000232501  -0.0000038745
        0.0000827119   0.0000062136  -0.0000283773   0.0000029190  -0.0000073993
        0.0000161293   0.0000061717  -0.0000094342  -0.0000172893   0.0000046592
       -0.0000113435   0.0000561673  -0.0000084596   0.0000479979  -0.0000084082
        0.0000209672   0.0000262546  -0.0000456418   0.0000392307   0.0000504532
       -0.0000434328   0.0000195004  -0.0000487550   0.0000111072   0.0000141821
        0.0000384775  -0.0000216143   0.0000407244   0.0001226578  -0.0000680311
       -0.0002024465   0.0001101359   0.0001031761   0.0000592591   0.0000303537
       -0.0002252003   0.0001729118   0.0008438974  -0.0001302695  -0.0012722881
       -0.0005249840  -0.0006274980   0.0003680039   0.0030584017  -0.0079558228
        0.0035984881  -0.0423608718   0.0169811814  -0.0112611430  -0.0147262612
        0.0242840985  -0.0243686352  -0.0052108775  -0.0006342833  -0.0000397647
       -0.0008782019   0.0009666698  -0.0011306769   0.0024219159   0.0029150276
        0.0010425370  -0.0003896513   0.0000702962  -0.0000288039  -0.0000464710
       -0.0000287669  -0.0000962556   0.0000332251  -0.0000429258   0.0000357691
        0.0000498490   0.0000198810   0.0000748585  -0.0000192077   0.0000231752
       -0.0000271973   0.0000268590  -0.0000193185  -0.0000306312  -0.0000467585
        0.0000059374   0.0000012910  -0.0000081583  -0.0000392248  -0.0000283556
        0.0000131013   0.0000191477   0.0000512887   0.0000048409   0.0000109314
       -0.0000000655   0.0000162416   0.0000065321  -0.0000090448   0.0000135364
       -0.0000000339  -0.0000114006  -0.0000943614   0.0000483270  -0.0000312389
       -0.0000046212   0.0000060817  -0.0000111908   0.0000079008  -0.0000156390
       -0.0000113775  -0.0000212588  -0.0000102340   0.0000080564  -0.0000337292
       -0.0000479018  -0.0000348558  -0.0001496871   0.0003895892  -0.0008592052
       -0.0004412448   0.0002142298  -0.0006329472   0.0025198912  -0.0096014034
        0.0106830122   0.0558606416  -0.0263699167   0.0233969591   0.0000530665
       -0.0002473792   0.0003516631  -0.0000056931   0.0000013593   0.0000544331
        0.0000083128   0.0000434033  -0.0000133357  -0.0003711981   0.0000745548
       -0.0000253307   0.0000050126  -0.0000025450   0.0000065198  -0.0000021381
       -0.0000086358   0.0000015395   0.0000088195   0.0000009668   0.0000010132
       -0.0000125246  -0.0000014103  -0.0000172482   0.0000384358   0.0000288310
        0.0001688982  -0.0000022002   0.0000064212   0.0000005217  -0.0000150357
        0.0000091009   0.0000143084  -0.0000083045  -0.0000030749  -0.0000026851
        0.0000139133  -0.0000130049   0.0000138350  -0.0000303578   0.0000156235
       -0.0000185814  -0.0000248415  -0.0000052480  -0.0000129812  -0.0000079289
        0.0000241799  -0.0000396500  -0.0000128033  -0.0000027510   0.0000261211
        0.0000402060  -0.0000227806   0.0000045974  -0.0000834852   0.0000640481
       -0.0000079592   0.0001765176   0.0000909920  -0.0000117991   0.0003334789
       -0.0006955611   0.0008042886  -0.0001902600  -0.0001848648   0.0000945629
       -0.0029462900  -0.0008287057   0.0010006740   0.0007272801  -0.0294903290
        0.0090955276   0.0246990001  -0.1708299776   0.1126730928   0.0053532846
       -0.0036130573   0.0056803717   0.0010350470  -0.0000466099   0.0001647528
        0.0000352078  -0.0000868214   0.0002298808  -0.0018798111   0.0002644024
       -0.0012787355   0.0002708029   0.0001874501  -0.0000794946  -0.0000892007
        0.0000290353  -0.0000263782   0.0000345965   0.0000114886  -0.0000139487
        0.0000357521   0.0000105773   0.0000007802   0.0000052279  -0.0000042077
        0.0000129495  -0.0000030956   0.0000115286  -0.0000048352   0.0000458378
        0.0000368207  -0.0000023813  -0.0000583173   0.0000682249   0.0000455854
        0.0000034472   0.0000047441  -0.0001847978  -0.0000049885   0.0000001824
        0.0000037291   0.0000008280  -0.0000014852   0.0000021612  -0.0000001361
       -0.0000062103  -0.0000004476   0.0000272429   0.0000185798   0.0000104556
        0.0000051308  -0.0000060144   0.0000085261  -0.0000230966   0.0000063106
        0.0000007434  -0.0000310480   0.0000409966   0.0000160413  -0.0000646547
        0.0000621379  -0.0000795482  -0.0001517679   0.0010563583  -0.0021211595
       -0.0002426235  -0.0005895421  -0.0002025616  -0.0006193721   0.0034378616
       -0.0003354573  -0.0263699167   0.2008080068  -0.1252819309  -0.0000802474
        0.0001608579  -0.0002125385   0.0000275958  -0.0000250571  -0.0000970819
        0.0000202892  -0.0000247533  -0.0000035912   0.0000299246   0.0000251740
       -0.0000304364  -0.0000020048  -0.0000035119  -0.0000053631  -0.0000042129
       -0.0000000427  -0.0000022647  -0.0000005214   0.0000050866   0.0000014519
        0.0000219417   0.0000153418  -0.0000266411   0.0000397746  -0.0000851113
       -0.0000106474   0.0000061185  -0.0000089635  -0.0000043609   0.0000086822
        0.0000065427  -0.0000044688   0.0000032812  -0.0000069291  -0.0000074557
       -0.0000045272   0.0000325715   0.0000071357   0.0000645429   0.0000049460
       -0.0000199795  -0.0000015085   0.0000222092   0.0000596834  -0.0000183687
       -0.0000451165  -0.0000145923   0.0000237811   0.0000042468  -0.0000083641
        0.0000041500   0.0000076932   0.0000017604   0.0000830271  -0.0000006372
       -0.0000427088   0.0000831219  -0.0000134070  -0.0000164380   0.0001227528
       -0.0002315417   0.0000328799   0.0002604374  -0.0000662570   0.0001886590
       -0.0005512045  -0.0015459983  -0.0002661189   0.0017186170  -0.0087727546
        0.0076173061  -0.0167295146   0.1065922221  -0.1273069832  -0.0066830957
        0.0068947593  -0.0062934509  -0.0023904622   0.0001916381   0.0004890393
       -0.0002778562   0.0003409224  -0.0003664778   0.0013795716   0.0002033292
        0.0001310912   0.0002315947  -0.0000393370  -0.0000042766   0.0000771409
       -0.0000551639   0.0000212046  -0.0000191363   0.0000259524  -0.0000010951
       -0.0000372387  -0.0000045586   0.0000028328  -0.0000019053   0.0000070001
       -0.0000063344  -0.0000015912   0.0000027317   0.0000054795   0.0000124284
       -0.0000017355   0.0000072903  -0.0000179712   0.0000352525  -0.0000173434
        0.0000177026  -0.0000502415  -0.0000584960  -0.0000085844  -0.0000157171
       -0.0000034909   0.0000006763  -0.0000043486  -0.0000044211  -0.0000024410
       -0.0000011672  -0.0000006004  -0.0000930009   0.0000178110  -0.0000136534
       -0.0000026784  -0.0000030051   0.0000006459  -0.0000099031   0.0000112489
       -0.0000061960  -0.0000053737   0.0000012934   0.0000159158  -0.0000145765
       -0.0000316954  -0.0000381015  -0.0000500022   0.0002664922  -0.0009793692
       -0.0000942278  -0.0000811442  -0.0000558296  -0.0005645686   0.0220432347
       -0.0236112733   0.0233969591  -0.1252819309   0.1501824835   0.0000103196
       -0.0004524410   0.0001259857   0.0001489824   0.0000531019   0.0002968334
       -0.0000220591   0.0000260315  -0.0000121074  -0.0001143615  -0.0000073726
        0.0000150515  -0.0000017878   0.0000040318   0.0000072307   0.0000035780
       -0.0000015107  -0.0000037939  -0.0000012369  -0.0000025187  -0.0000034389
        0.0000279865  -0.0000135237   0.0000283315  -0.0000633073   0.0000377879
       -0.0000249472   0.0000453895   0.0000709411   0.0000213724  -0.0000015297
        0.0000331247   0.0000085077   0.0000050569  -0.0000082926  -0.0000067479
        0.0000480977  -0.0001958446  -0.0001272976  -0.0001376004  -0.0001116051
        0.0003122860   0.0000031911  -0.0000847176   0.0001617188   0.0000315156
        0.0001859181   0.0000064477  -0.0000608544  -0.0000522861   0.0000254657
       -0.0002450662  -0.0000560878  -0.0001011911  -0.0004086605  -0.0002701277
       -0.0001945932  -0.0002429167  -0.0002994253   0.0005307071   0.0001200926
       -0.0000224039   0.0002552439   0.0000887536  -0.0001098931   0.0000034263
        0.0005466475  -0.0001604312  -0.0005449914  -0.0003202967   0.0002386306
       -0.0002780163   0.0001584842   0.0011671198  -0.0007268135   0.0025909332
        0.0032574870   0.0005398549  -0.1002179961  -0.1040283395  -0.0046764150
       -0.0194598295  -0.0230235900  -0.0029845158   0.0005620885   0.0017953447
       -0.0007655677  -0.0000617945   0.0000691927  -0.0001189080  -0.0005450385
       -0.0003053176  -0.0000737108   0.0002859064   0.0002063322  -0.0000886781
        0.0001304296   0.0000576039   0.0001033012  -0.0000207184   0.0000028312
        0.0000221068  -0.0000195389   0.0000030160  -0.0000302937  -0.0000245736
        0.0000004405  -0.0000182893   0.0000166606   0.0000144648   0.0000076784
        0.0000053913   0.0000269690  -0.0000558157   0.0000145019   0.0000227171
        0.0000046535  -0.0000004521   0.0000072156  -0.0000004766  -0.0000019952
        0.0000091598   0.0000005888  -0.0000586507   0.0000925706   0.0000044391
        0.0000288238  -0.0000003618  -0.0000063994   0.0000037263   0.0000162358
       -0.0000196220   0.0000963498   0.0000414500  -0.0003161534   0.0001430647
        0.0016403331   0.0006115200  -0.0000480586  -0.0000434611   0.0000422086
       -0.0001817947  -0.0000313911   0.0001098739  -0.0001104275   0.0003813439
        0.0000368147   0.0000530665  -0.0000802474   0.0000103196   0.1184287002
        0.1154678263   0.0070012708   0.0038274142   0.0043728625   0.0005986394
       -0.0060180128   0.0004125094   0.0008190132   0.0009417622  -0.0007174172
       -0.0001190351   0.0000122724  -0.0000023164   0.0000216413  -0.0000063615
       -0.0000083279  -0.0000130691   0.0000391676  -0.0000060196   0.0000041165
        0.0000277424   0.0000107802  -0.0000311096   0.0001013514  -0.0000435931
        0.0000111277  -0.0000404570   0.0000304706   0.0000349846   0.0000112931
       -0.0000094123  -0.0000093074   0.0000346818   0.0000306894  -0.0000013844
        0.0000357496  -0.0000618499  -0.0000364756  -0.0000399945  -0.0000687590
       -0.0000716197   0.0000655201   0.0000051362  -0.0000923480  -0.0000196055
        0.0000967185   0.0000561194  -0.0000396349  -0.0000340299  -0.0000905474
       -0.0000642956   0.0000164563   0.0001473876   0.0002684459  -0.0001373268
       -0.0000149146   0.0007708595  -0.0003483295  -0.0015378411  -0.0000096078
        0.0000166074   0.0001424652   0.0000192733   0.0001122801  -0.0000375569
       -0.0001971901   0.0002436227  -0.0000554780   0.0002089530   0.0005088072
        0.0001551036  -0.0008244600   0.0002012371  -0.0003848784  -0.0080081616
       -0.0193930484   0.0022047889  -0.1021123107  -0.2100482922  -0.0109358301
        0.0004319138   0.0027548839  -0.0002650737   0.0003041068  -0.0064541939
        0.0055183418   0.0001012970   0.0000218660  -0.0002287018   0.0000170294
        0.0000924950   0.0000174084  -0.0000389297  -0.0000188488   0.0000376118
       -0.0000611815  -0.0000379831  -0.0000494105   0.0000100874  -0.0000200064
        0.0000379147   0.0000121814  -0.0000057434   0.0000018184   0.0000026228
       -0.0000325996  -0.0000090903   0.0000075815   0.0000178418  -0.0000222618
       -0.0000018011  -0.0000460025   0.0000496590   0.0000189610   0.0000121048
       -0.0000042231  -0.0000115209  -0.0000031171   0.0000057651  -0.0000058603
        0.0000098355   0.0000108989   0.0001601066   0.0000580414   0.0000020312
       -0.0000008158  -0.0000056041  -0.0000022812   0.0000105989   0.0000027310
       -0.0000115407   0.0000249363  -0.0001488843  -0.0000801667   0.0007092081
       -0.0009106649  -0.0009326120   0.0000128984  -0.0001225682  -0.0000494900
        0.0000339931  -0.0000696205   0.0000193559   0.0001863616  -0.0006188089
       -0.0000895856  -0.0002473792   0.0001608579  -0.0004524410   0.1154678263
        0.2493537519   0.0108679881  -0.0087269173  -0.0169011969  -0.0041627909
        0.0005730195   0.0006233147   0.0002599053   0.0008184484   0.0011554904
        0.0000815772   0.0000003931   0.0000010879   0.0000003064   0.0000073911
        0.0000115629  -0.0000029257  -0.0000047087  -0.0000081870  -0.0000006732
       -0.0000047201   0.0000024120   0.0000041502  -0.0000811890  -0.0000565382
       -0.0000560993   0.0000100195   0.0000019956   0.0000025207  -0.0000107286
       -0.0000243434  -0.0000094133  -0.0000061518   0.0000021764   0.0000095784
        0.0000189341   0.0000135842  -0.0000122776  -0.0000280944  -0.0000212948
        0.0000307410   0.0000647379  -0.0000035688   0.0000214404  -0.0000524941
       -0.0000314148   0.0000219542   0.0000266170  -0.0000260355  -0.0000448570
        0.0000602146   0.0000320505   0.0000293124   0.0000059188  -0.0000536668
       -0.0002160167   0.0004595942  -0.0003023370  -0.0009088533   0.0003266721
        0.0001885012  -0.0007282566  -0.0000017293   0.0001651854  -0.0001733855
       -0.0000617559  -0.0004484081  -0.0008179310  -0.0005767046   0.0006681377
        0.0000000729   0.0004845158   0.0002249509   0.0004682071   0.0103811751
        0.0215475004  -0.0000934687  -0.0061590698  -0.0164271041  -0.0436151901
       -0.0006791002   0.0015906158   0.0007594110   0.0001175125   0.0067493419
       -0.0032299397  -0.0001343395  -0.0000584696   0.0001364744   0.0001779400
       -0.0001480247   0.0002140048  -0.0000604014   0.0000775457  -0.0001247611
       -0.0000690505   0.0000092826  -0.0000586907  -0.0000225547  -0.0000122254
        0.0000007698  -0.0000386318   0.0000073092   0.0000267495  -0.0000196390
        0.0000069141   0.0000105890  -0.0000021449  -0.0000219346  -0.0000070928
       -0.0000003136   0.0000057982   0.0000401378  -0.0000136435  -0.0000167191
       -0.0000003145  -0.0000179809  -0.0000059672   0.0000059581  -0.0000169959
        0.0000014469   0.0000089677  -0.0000759693   0.0000268200  -0.0000562234
       -0.0000177621  -0.0000010411   0.0000162602  -0.0000022815   0.0000034551
        0.0000029916  -0.0000242959  -0.0000810603   0.0000297232   0.0007865353
       -0.0016289840  -0.0000488488  -0.0000144751  -0.0000599011  -0.0000005769
        0.0000485423  -0.0000295763   0.0000703863   0.0000896939  -0.0001096788
        0.0000204103   0.0003516631  -0.0002125385   0.0001259857   0.0070012708
        0.0108679881   0.0494277337  -0.0110913163  -0.0224876713  -0.0023341146
       -0.0004368851   0.0001403716   0.0007157969  -0.0006791891  -0.0000789090
        0.0003507181   0.0000002660   0.0000067129  -0.0000051586  -0.0000117122
        0.0000057256  -0.0000031730  -0.0000005030   0.0000015904  -0.0000064020
        0.0000276722   0.0000069362  -0.0000104584   0.0000092513   0.0000005503
       -0.0000485329  -0.0000393419   0.0000080658  -0.0000361979   0.0000475976
       -0.0000236523  -0.0000333938  -0.0000152013   0.0000495767  -0.0000195893
       -0.0001276047  -0.0001793655  -0.0000057741  -0.0000034637   0.0001316734
        0.0005497120  -0.0000607192   0.0001441030   0.0000524661   0.0000516569
        0.0000086860  -0.0000444400   0.0000009871   0.0001630743   0.0000802521
       -0.0002232098   0.0001040000   0.0004876441  -0.0042205713   0.0009210066
        0.0016736855   0.0000648914  -0.0001673022  -0.0000163076  -0.0001094431
       -0.0000213144   0.0000779178  -0.0008094190   0.0008793312  -0.0005077895
        0.0000643991   0.0000405200   0.0000041575  -0.0000136410  -0.0001186074
       -0.0000053226   0.0006293311   0.0000071778  -0.0007763040   0.0019497665
       -0.0032030938  -0.0063734408  -0.0543666914   0.0306841541   0.0477974422
       -0.0109993678   0.0133815696   0.0216727506  -0.0006579260  -0.0006218375
        0.0003276684   0.0002603905   0.0000093715  -0.0002402549   0.0001164773
       -0.0001170643   0.0002233669  -0.0000088593  -0.0000039262  -0.0000669345
        0.0000011183  -0.0000496469   0.0000192446  -0.0000794469   0.0000662523
       -0.0000549591  -0.0000132936  -0.0000008745  -0.0000050096  -0.0000185713
        0.0000088842  -0.0000180293  -0.0000093173   0.0000097388   0.0000037266
        0.0000003907  -0.0000039100  -0.0000023853  -0.0000084698  -0.0000164843
       -0.0000020575   0.0000126310  -0.0000076202   0.0000035291  -0.0000098099
       -0.0000065511   0.0000069218  -0.0000613751  -0.0001088364   0.0001484009
        0.0000104535  -0.0000111401  -0.0000059875  -0.0000323577   0.0000054923
        0.0000431346   0.0000128547   0.0000009366  -0.0000838241  -0.0000699515
        0.0001452910  -0.0000053552  -0.0000383729   0.0000457186   0.0000199459
       -0.0000132249   0.0000068030  -0.0000050160  -0.0005792750   0.0001979431
       -0.0003587271  -0.0000056931   0.0000275958   0.0001489824   0.0038274142
       -0.0087269173  -0.0110913163   0.0665281846  -0.0347684854  -0.0546655644
        0.0005374961   0.0005182429   0.0010512261  -0.0015788210   0.0005907132
        0.0000743951   0.0000073563  -0.0000073810  -0.0000041229   0.0000122698
        0.0000060778   0.0000079506   0.0000008493  -0.0000054751   0.0000125740
       -0.0000235553   0.0000298003   0.0000472317   0.0000098517   0.0000552795
        0.0000319600   0.0000449603  -0.0000151751  -0.0000073443  -0.0000125680
        0.0000303192   0.0000192514  -0.0000008821  -0.0000357965  -0.0000022181
        0.0000164876   0.0000109973  -0.0000129070   0.0000744094  -0.0000183329
       -0.0001534572  -0.0000634739  -0.0000395880   0.0000090071   0.0000040396
        0.0000136822  -0.0000137842   0.0000325904  -0.0000029305  -0.0000149376
        0.0000163800  -0.0000476004  -0.0000280803   0.0008154490  -0.0000731111
        0.0005141478   0.0000074388  -0.0004313015  -0.0000665304  -0.0000601119
       -0.0000536408   0.0001622481   0.0004723269  -0.0013725615   0.0022721892
        0.0000322836   0.0000184016   0.0000099268  -0.0000751421  -0.0002526963
       -0.0002248449  -0.0005968843  -0.0001649850   0.0003602906  -0.0029379594
        0.0076438016   0.0148692926   0.0311856711  -0.1139454848  -0.1084322009
        0.0024114740  -0.0016567609  -0.0045641126   0.0001966923   0.0019406051
        0.0000568316  -0.0004441145   0.0001373287   0.0006880133  -0.0001427613
        0.0000282058  -0.0001728300   0.0000617412   0.0000031621   0.0000784209
       -0.0000099483   0.0000042859   0.0000368574   0.0000315227  -0.0000088441
        0.0000077475   0.0000101937  -0.0000009240  -0.0000002676   0.0000186683
       -0.0000171679   0.0000035120   0.0000010990   0.0000226765   0.0000288609
        0.0000092484  -0.0000071679  -0.0000079796  -0.0000022487   0.0000206020
        0.0000117061   0.0000175974   0.0000144971  -0.0000092893   0.0000168213
       -0.0000019512  -0.0000122513  -0.0000567003   0.0000500913   0.0000376563
        0.0000098960   0.0000011274  -0.0000056342  -0.0000051235   0.0000081005
        0.0000056467   0.0000734142   0.0000676223  -0.0001283835   0.0000036272
        0.0001587935  -0.0002730979   0.0000127734   0.0000570008   0.0000157153
       -0.0000333917   0.0000114790  -0.0000252969  -0.0001518889   0.0003478082
       -0.0000528490   0.0000013593  -0.0000250571   0.0000531019   0.0043728625
       -0.0169011969  -0.0224876713  -0.0347684854   0.1234985833   0.1166409864
       -0.0010227809   0.0010839645   0.0006385663   0.0004396139  -0.0001752383
        0.0000918138  -0.0000039547   0.0000002145   0.0000100547   0.0000008274
       -0.0000166476  -0.0000039506   0.0000106545   0.0000057301  -0.0000011176
        0.0000289174  -0.0000365890  -0.0000182234  -0.0000349038  -0.0000808108
        0.0000128755  -0.0000243554   0.0000308123   0.0000298009  -0.0000446524
        0.0000018416   0.0000260441  -0.0000197257  -0.0000085608   0.0000214986
       -0.0000263038  -0.0000159511  -0.0000375000  -0.0000608749  -0.0000307346
        0.0000452859   0.0000613890  -0.0001424918  -0.0000350319   0.0000016674
        0.0000552355   0.0000582286  -0.0000310076   0.0000004356   0.0000563156
       -0.0000250539   0.0000537691  -0.0000578973  -0.0006500925   0.0003305447
       -0.0003217544  -0.0000079539  -0.0000518799   0.0000703811  -0.0000450549
        0.0001527377   0.0001758756  -0.0004369715   0.0031871429  -0.0046949428
        0.0002059440   0.0001655573   0.0001136676   0.0000359385  -0.0000705391
        0.0000487153   0.0010281835  -0.0000566692  -0.0003564291   0.0059160863
       -0.0109724945  -0.0315550288   0.0471081137  -0.1005218807  -0.1940204211
        0.0011510282  -0.0016314867  -0.0007645127  -0.0004375383  -0.0030302600
        0.0027621928   0.0008553911  -0.0003732469  -0.0011509851  -0.0000460989
       -0.0000460050  -0.0000933566   0.0000299711   0.0000425896   0.0000025607
       -0.0000052576   0.0000347590   0.0000365272   0.0000179867  -0.0000135944
       -0.0000023038  -0.0000106107  -0.0000141713   0.0000005314  -0.0000514287
       -0.0000190558   0.0000260806   0.0000170153  -0.0000161596   0.0000121851
        0.0000136217   0.0000158614   0.0000415683  -0.0000007458   0.0000106496
        0.0000054597  -0.0000127826   0.0000064499   0.0000075374  -0.0000059543
        0.0000003214   0.0000001529   0.0001643760   0.0001215462  -0.0000838264
       -0.0000110265   0.0000133247  -0.0000047946  -0.0000162557   0.0000091894
        0.0000147064   0.0000019605   0.0000640446   0.0000086722   0.0000396246
       -0.0000418717  -0.0001626733  -0.0000090899   0.0000715503   0.0000297371
        0.0000358609   0.0000713634   0.0000481079  -0.0004864852   0.0000904805
        0.0000223136   0.0000544331  -0.0000970819   0.0002968334   0.0005986394
       -0.0041627909  -0.0023341146  -0.0546655644   0.1166409864   0.2313577277
       -0.0003898670   0.0002449082   0.0006882665   0.0001911718   0.0000203969
       -0.0003281450  -0.0000029248  -0.0000000911  -0.0000008929  -0.0000044456
       -0.0000090560   0.0000017007   0.0000057064   0.0000069745   0.0000012837
       -0.0000154390   0.0000036629   0.0000280323   0.0000198760   0.0000181826
       -0.0000144622  -0.0003332647  -0.0000693972  -0.0000425301  -0.0001312086
        0.0000239256   0.0000644545  -0.0001649261  -0.0000366893  -0.0000194704
        0.0002273575   0.0000978546   0.0001858156   0.0002591817   0.0006023150
        0.0014491271  -0.0000615789  -0.0006487136   0.0005658385  -0.0000078320
       -0.0000688347  -0.0000355808   0.0000635616   0.0002400324   0.0001212265
       -0.0001512573   0.0004496622   0.0013071746   0.0027351013   0.0027982706
        0.0024340355   0.0000348827  -0.0000111207  -0.0000207759  -0.0000050621
        0.0000214755   0.0000497571  -0.0004237320   0.0002969214  -0.0000892624
        0.0000030632   0.0000838960   0.0000672760   0.0000986854   0.0000340759
        0.0000095369  -0.0001760352   0.0002739537  -0.0002180586  -0.0007129379
       -0.0006165204  -0.0006875529  -0.0214826930  -0.0226896659  -0.0110715719
       -0.0946026601  -0.0865094803  -0.0531859680   0.0003275821  -0.0000698118
        0.0008220495  -0.0000415981  -0.0000228894   0.0000098649   0.0004614485
        0.0000266369   0.0000743473  -0.0001312495  -0.0001850367   0.0000084265
       -0.0000190105  -0.0002248423  -0.0000151280  -0.0001245806   0.0001542290
       -0.0001320441  -0.0000042346   0.0000019021   0.0000080850   0.0000099772
        0.0000135882  -0.0000148398  -0.0000124383   0.0000168638   0.0000324548
       -0.0000173464  -0.0000021295   0.0000110770   0.0000369438  -0.0000013541
        0.0000101649   0.0000227811  -0.0000019840   0.0000037584   0.0000052662
        0.0000045114  -0.0000462813   0.0006897190  -0.0000066999   0.0000736580
        0.0000017079  -0.0000329911   0.0000152347  -0.0000646129   0.0000140917
        0.0000693276  -0.0000274647   0.0000466853   0.0000400426  -0.0001494634
        0.0000142338  -0.0000021545   0.0000166684   0.0000374099   0.0000146641
        0.0000483475   0.0000347673   0.0000119177   0.0000579719  -0.0000733143
       -0.0000023290   0.0000083128   0.0000202892  -0.0000220591  -0.0060180128
        0.0005730195  -0.0004368851   0.0005374961  -0.0010227809  -0.0003898670
        0.1145806301   0.1011997678   0.0562470456   0.0046844097   0.0052142637
        0.0027223443  -0.0000049198  -0.0000304240  -0.0000087108   0.0000129355
       -0.0000185130   0.0000043706  -0.0000603486   0.0000267050  -0.0000055764
       -0.0000292543   0.0000009309   0.0000152897  -0.0000188161   0.0000161818
       -0.0000019354   0.0000630310  -0.0001584092  -0.0002037352  -0.0000552773
        0.0001142149   0.0001065546  -0.0001071228  -0.0001298626   0.0000099444
        0.0004086398  -0.0001289449  -0.0001261274  -0.0002689141   0.0000808794
        0.0007816330  -0.0011302458   0.0000756582   0.0015704481   0.0000502793
       -0.0000498734   0.0000471437  -0.0000502260  -0.0001955883  -0.0001236493
       -0.0000136594   0.0000013247  -0.0010018418  -0.0000119934  -0.0006689669
       -0.0036781307  -0.0001415052  -0.0001373916   0.0000294789  -0.0000444053
       -0.0000804326  -0.0000934106   0.0000082370  -0.0003960132  -0.0000094685
        0.0000316893  -0.0000043851  -0.0000094602  -0.0000229097  -0.0000251523
       -0.0000040038   0.0000071584  -0.0001347627   0.0000273214   0.0000377154
        0.0002413072  -0.0000370688  -0.0002051681   0.0027682703   0.0012747628
       -0.0877804214  -0.1820512617  -0.0822851808  -0.0000615478   0.0000742708
       -0.0001153883   0.0000695752  -0.0000579885   0.0000673561  -0.0006709113
       -0.0007522068  -0.0004128672   0.0002859212   0.0005392260  -0.0000565748
        0.0000154611   0.0003148976   0.0004066206   0.0001848096  -0.0001208275
        0.0000476300   0.0000103732   0.0000037213   0.0000105820  -0.0000022716
        0.0000020462  -0.0000087747   0.0000144684   0.0000144530   0.0000177930
        0.0000108515   0.0000081182  -0.0000072367  -0.0000317023  -0.0000703719
        0.0000242804   0.0000634709  -0.0000030430  -0.0000351620  -0.0000230198
       -0.0000082731  -0.0000712581   0.0000582961  -0.0018248290   0.0015874160
       -0.0000155963   0.0000062372   0.0000232441   0.0000166800   0.0000274412
       -0.0000075741   0.0000596620   0.0000924793   0.0000246691   0.0002030360
        0.0001054743  -0.0000340784   0.0000167655   0.0000143681   0.0000106076
       -0.0000077528  -0.0000030331  -0.0000016155  -0.0000135183   0.0000026438
       -0.0000047685   0.0000434033  -0.0000247533   0.0000260315   0.0004125094
        0.0006233147   0.0001403716   0.0005182429   0.0010839645   0.0002449082
        0.1011997678   0.2083625430   0.0930354841  -0.0130895008  -0.0275887606
       -0.0112036989  -0.0000424646   0.0000593793   0.0000496370  -0.0000635128
       -0.0000430624  -0.0000351264   0.0001116731   0.0000248476  -0.0000110719
        0.0000314010  -0.0000495956   0.0000336487   0.0000200190   0.0000165752
        0.0000403377   0.0000297160   0.0003338040   0.0000723518  -0.0001574726
        0.0000356422   0.0000704612  -0.0000688465  -0.0000123488   0.0000193087
       -0.0000087584  -0.0005476912  -0.0005556422  -0.0007147116  -0.0014784026
        0.0004285035   0.0008034816  -0.0001762299  -0.0003981384  -0.0001158581
        0.0004894606   0.0002515251   0.0001341989  -0.0011773524  -0.0003592313
        0.0004992364  -0.0000214826  -0.0041964236  -0.0097184146  -0.0204445412
       -0.0177587787  -0.0000114205  -0.0000378979   0.0000411372  -0.0002535822
       -0.0000234899   0.0000162482   0.0002737730   0.0003052934  -0.0023090894
        0.0000146815   0.0000065618  -0.0000157906   0.0000431425   0.0000334615
        0.0000056477   0.0000819367   0.0000476235   0.0000007686  -0.0005831783
       -0.0005529022  -0.0000338511   0.0011385008   0.0001575931   0.0011395227
       -0.0543289535  -0.0825718257  -0.0895371014   0.0007080443   0.0002990579
       -0.0000288444  -0.0003456371   0.0000965255  -0.0002684801  -0.0003416208
       -0.0002378302  -0.0004431838   0.0000417194   0.0001458897  -0.0000296329
        0.0001656275   0.0002709941   0.0002998006   0.0000971857  -0.0000208530
       -0.0000184739  -0.0000031497   0.0000136302   0.0000224870  -0.0000273720
       -0.0000060322  -0.0000089330   0.0000269593   0.0000184140   0.0000322289
        0.0000057942   0.0000108281   0.0000165514  -0.0000773195  -0.0000465784
        0.0000358362  -0.0000841258  -0.0000105431   0.0000514957  -0.0000638786
       -0.0000135693   0.0000589443  -0.0002050656   0.0019976026  -0.0003101556
       -0.0000097650   0.0000135355   0.0000679077   0.0001548415  -0.0000165013
       -0.0002876284  -0.0000232566   0.0000283889   0.0000658672  -0.0000202235
       -0.0000063502  -0.0000535544   0.0000153991   0.0000004684   0.0000155281
        0.0000123513   0.0000096078   0.0000113975   0.0000352522  -0.0000140286
        0.0000145065  -0.0000133357  -0.0000035912  -0.0000121074   0.0008190132
        0.0002599053   0.0007157969   0.0010512261   0.0006385663   0.0006882665
        0.0562470456   0.0930354841   0.1063156618   0.0047719046   0.0091610573
        0.0060999396  -0.0000267192   0.0000086583  -0.0000083819  -0.0000127157
        0.0000269828  -0.0000200984  -0.0000070703   0.0000080249   0.0000218439
        0.0000341272   0.0000188315   0.0000060946   0.0000385001  -0.0000286012
        0.0000155068   0.0000303892   0.0000434867   0.0000078226  -0.0000938225
        0.0000244702   0.0000409400  -0.0001223478  -0.0000209819  -0.0000121489
       -0.0000656286  -0.0002269026  -0.0000172821  -0.0002561824   0.0000181664
        0.0007440290  -0.0000883808  -0.0003234395   0.0001692840  -0.0000995756
        0.0001511461  -0.0000186689   0.0000639068   0.0000078249  -0.0000648338
        0.0004059171  -0.0002640242  -0.0000224314   0.0018904467  -0.0044899266
        0.0029755649   0.0002300960   0.0001825301  -0.0003197885  -0.0001168985
        0.0001042241  -0.0000061227  -0.0007177421   0.0002750970   0.0003381175
       -0.0000274172   0.0000268791   0.0000093069   0.0000462814   0.0000819033
        0.0000478744  -0.0003273667   0.0006442401  -0.0011518038  -0.0067167428
        0.0011889939  -0.0011315569  -0.0111863376   0.0255419568  -0.0117717676
       -0.0547807405   0.0521423695  -0.0272610724   0.0004874809  -0.0001631617
        0.0003094193  -0.0000121262  -0.0000564375   0.0001694462   0.0015118108
        0.0017324417   0.0018923445  -0.0005133280  -0.0003062142   0.0000581591
       -0.0024207095  -0.0002074448   0.0001546710  -0.0005995732   0.0002512673
        0.0000581188  -0.0000199420   0.0000141308  -0.0000054609  -0.0000209564
        0.0000122823  -0.0000169274  -0.0000119810  -0.0000078215   0.0000016533
       -0.0000248549  -0.0000121802   0.0000415902   0.0000031492   0.0000263367
        0.0000177329   0.0000015323   0.0000178824   0.0000045475  -0.0000029630
       -0.0000043489   0.0000009932  -0.0000942508   0.0001431005   0.0000288686
        0.0000084719  -0.0000342834   0.0000299587   0.0000030331  -0.0000019856
       -0.0000055488  -0.0000724782   0.0000006063   0.0002054440  -0.0005068368
       -0.0004532642  -0.0003535288  -0.0000030561  -0.0000013715  -0.0000082166
        0.0000102573  -0.0000074960   0.0000090725   0.0001262821  -0.0000046557
       -0.0000131599  -0.0003711981   0.0000299246  -0.0001143615   0.0009417622
        0.0008184484  -0.0006791891  -0.0015788210   0.0004396139   0.0001911718
        0.0046844097  -0.0130895008   0.0047719046   0.0703024528  -0.0643307119
        0.0308238242   0.0000934626  -0.0000410114  -0.0000492148  -0.0000155699
        0.0001986176  -0.0001033197  -0.0000459412  -0.0000610070   0.0000029434
        0.0000062687  -0.0000035918  -0.0000970360   0.0000448688  -0.0000060924
       -0.0000403000   0.0000227397   0.0001372325   0.0000701822  -0.0000732929
        0.0000627591   0.0000222685  -0.0000161699  -0.0000130999  -0.0000523436
        0.0000707970  -0.0002606038   0.0000361967  -0.0002787469  -0.0001512798
        0.0004306593   0.0000004866  -0.0005108899   0.0002264464  -0.0000829026
        0.0001969877   0.0000283046  -0.0001331208  -0.0001598641   0.0000800130
        0.0000427208   0.0008065370  -0.0020950707   0.0002065699  -0.0011345229
        0.0015675783  -0.0000253847   0.0001612396  -0.0003097369  -0.0000035722
       -0.0000122307   0.0000526709  -0.0001440588  -0.0001405912  -0.0000479948
       -0.0000065705  -0.0000015892   0.0000205123  -0.0000073402  -0.0000064630
        0.0000187835   0.0000035123  -0.0001042111   0.0002255001   0.0011296984
       -0.0000562399  -0.0003739398   0.0023468544  -0.0047327654   0.0023847144
        0.0541060127  -0.2218869281   0.0892008482   0.0002415988  -0.0000903062
        0.0000831047   0.0000615742   0.0000503287  -0.0001444076   0.0006077331
        0.0012715954   0.0006033992  -0.0000704543  -0.0008773719  -0.0002750327
        0.0013117968  -0.0003714034  -0.0013735528   0.0000131878   0.0000195282
       -0.0000009611  -0.0000215730   0.0000145342  -0.0000112782   0.0000171740
       -0.0000311551  -0.0000124965   0.0000030678   0.0000323564   0.0000096348
       -0.0000027231  -0.0000169971  -0.0000008018   0.0000359431   0.0000240504
        0.0000153097  -0.0000270528  -0.0000009697   0.0000096043  -0.0000100939
        0.0000164377   0.0000217555  -0.0001313476   0.0002264786   0.0001124949
        0.0000166112  -0.0000155590  -0.0000222853   0.0000322846   0.0000062447
       -0.0000345173   0.0000480170  -0.0000376152   0.0000330723  -0.0001631241
        0.0000825889  -0.0000690142   0.0000067160   0.0000238293   0.0000161827
        0.0000293315   0.0000102865  -0.0000031251  -0.0000396417  -0.0000225553
       -0.0000037687   0.0000745548   0.0000251740  -0.0000073726  -0.0007174172
        0.0011554904  -0.0000789090   0.0005907132  -0.0001752383   0.0000203969
        0.0052142637  -0.0275887606   0.0091610573  -0.0643307119   0.2541946428
       -0.0994812089   0.0000305789  -0.0000982677  -0.0000412647   0.0001074986
        0.0000142458   0.0000982884  -0.0001378751  -0.0000254051   0.0000274391
       -0.0000512027  -0.0000751261  -0.0000540391  -0.0000208459  -0.0000661992
        0.0000227200  -0.0000455046  -0.0000993919   0.0000631487  -0.0000542442
        0.0000357702   0.0000230618   0.0000331614  -0.0001940187   0.0000904217
        0.0002992957   0.0008149910  -0.0000456373   0.0000108485  -0.0000200002
       -0.0022698946   0.0002563896  -0.0000789581   0.0000742616   0.0000249348
       -0.0004589186   0.0000831639   0.0000208057   0.0002992639   0.0001449429
       -0.0003173873   0.0016826556   0.0004241399  -0.0053351667   0.0217346536
       -0.0159630450   0.0003072555   0.0000765260  -0.0001696577  -0.0001749673
        0.0002801576  -0.0000631430  -0.0003904345   0.0009838500  -0.0042562272
       -0.0000715885  -0.0000809498   0.0000121158   0.0000767244   0.0000399506
        0.0000037162  -0.0000086999   0.0000675468   0.0000213533  -0.0000794947
        0.0003258708  -0.0011086230   0.0005018655  -0.0009657986   0.0019330929
       -0.0284304994   0.0881764690  -0.0825475851   0.0000369523  -0.0002097137
       -0.0000373365  -0.0007932192   0.0001640396  -0.0003524571   0.0008943705
       -0.0009965994  -0.0013754089  -0.0002449371  -0.0007048828   0.0001290218
        0.0010455526   0.0001123167   0.0004640235   0.0001555377  -0.0000242471
       -0.0000610965   0.0000117066  -0.0000167443   0.0000396866  -0.0000023744
       -0.0000072913   0.0000527882   0.0000052034  -0.0000260692  -0.0000075608
        0.0000273566  -0.0000166044   0.0000679369  -0.0000110064  -0.0000100191
        0.0000086886  -0.0000135456   0.0000034884  -0.0000144074   0.0000156555
        0.0000088489  -0.0000274185  -0.0000865007   0.0000171719   0.0000202022
       -0.0000722337   0.0000287714   0.0000146855  -0.0000520206   0.0000003648
        0.0000471665  -0.0000623522  -0.0000027006   0.0001127774  -0.0006753416
       -0.0004137052  -0.0000415707  -0.0000141691  -0.0000181610  -0.0000212237
        0.0000135332  -0.0000023461  -0.0000155941   0.0000293084  -0.0000044465
        0.0000077843  -0.0000253307  -0.0000304364   0.0000150515  -0.0001190351
        0.0000815772   0.0003507181   0.0000743951   0.0000918138  -0.0003281450
        0.0027223443  -0.0112036989   0.0060999396   0.0308238242  -0.0994812089
        0.0985324108  -0.0000332418   0.0000587715  -0.0000661499  -0.0001131519
        0.0001131766   0.0000152976  -0.0000885258   0.0000101900  -0.0000480968
        0.0000505627  -0.0000379058  -0.0000408911   0.0000127287   0.0000034994
       -0.0000023115   0.0000178293   0.0000060743  -0.0000091084  -0.0000008570
       -0.0000040185  -0.0000051015  -0.0000009384  -0.0000286557  -0.0000153867
       -0.0000316996   0.0000182962   0.0000047858  -0.0000195726  -0.0000746674
       -0.0000041963  -0.0000107627  -0.0000151336  -0.0000038046   0.0000037498
       -0.0000676440   0.0001496120  -0.0001763101   0.0002183884  -0.0001459659
        0.0004579626  -0.0001889987  -0.0007688617   0.0000655036  -0.0001069330
        0.0000678057   0.0000620779  -0.0000345457   0.0000451983   0.0000383208
       -0.0000059107   0.0000088825   0.0000273416  -0.0000455332   0.0000168578
        0.0000088893  -0.0000072825   0.0000103289   0.0000083381   0.0000045776
        0.0000007963  -0.0000106485  -0.0000011598  -0.0000060718   0.0000123774
        0.0000129066  -0.0000073009  -0.0000329591   0.0000408850  -0.0000264832
       -0.0000897726   0.0000154645   0.0000172005  -0.0000217614  -0.0000204362
        0.0000002024   0.0000081988  -0.0000077743   0.0000068083   0.0007362303
        0.0042299454   0.0007942627   0.0010417373  -0.0013461986   0.0009427224
       -0.0232220050   0.0216241004   0.0033722598  -0.0982217325   0.0686827021
        0.0697816447  -0.0000067050   0.0000020175  -0.0000200048   0.0000072599
       -0.0000169069   0.0000146921  -0.0000053633  -0.0000078748  -0.0000017673
       -0.0000002125  -0.0000000660   0.0000066780  -0.0000053121   0.0000046015
        0.0000039940   0.0000020538   0.0000006633   0.0000010868   0.0000086776
        0.0000024244   0.0000073766   0.0000036805  -0.0000077219   0.0000006458
        0.0000051638   0.0000413781  -0.0000613479  -0.0000419429  -0.0000121387
       -0.0000494221  -0.0000051527  -0.0000050296  -0.0000186548   0.0000209343
        0.0000103929   0.0000196512  -0.0000023696  -0.0000017512  -0.0000012196
       -0.0000009855  -0.0000004640  -0.0000026340   0.0000016935  -0.0000027303
        0.0000017358   0.0000050126  -0.0000020048  -0.0000017878   0.0000122724
        0.0000003931   0.0000002660   0.0000073563  -0.0000039547  -0.0000029248
       -0.0000049198  -0.0000424646  -0.0000267192   0.0000934626   0.0000305789
       -0.0000332418   0.1193261353  -0.0910509131  -0.0785012496  -0.0090367611
        0.0090533012   0.0145316554   0.0089031930  -0.0108557725  -0.0100506925
       -0.0000668049   0.0000307062   0.0000125702  -0.0000154368   0.0000015765
       -0.0000099501  -0.0000443828   0.0000110150   0.0000377988   0.0000108794
       -0.0000441017  -0.0000388634   0.0000401641   0.0000484940  -0.0000512049
        0.0000680490  -0.0001890240  -0.0000395472   0.0000466708   0.0000418522
       -0.0000369343  -0.0000061765   0.0000496644   0.0000249961  -0.0001480530
        0.0001978943  -0.0002060435   0.0002646233  -0.0000457539   0.0000633158
       -0.0002637365  -0.0001161520   0.0003969722  -0.0000133723   0.0000768691
       -0.0000279904  -0.0000602892   0.0000100210  -0.0000267329  -0.0000241184
        0.0000118218  -0.0000148442  -0.0000087772   0.0000005189  -0.0000174437
       -0.0000161535  -0.0000030724   0.0000036411  -0.0000022389   0.0000030899
        0.0000019337   0.0000030153  -0.0000052333   0.0000033519  -0.0000017011
        0.0000172212  -0.0000012414   0.0000159213  -0.0000095475   0.0000291951
        0.0000597166   0.0000019560  -0.0000147250   0.0000064346  -0.0000207463
        0.0000083900  -0.0000016875  -0.0000057325  -0.0000002137  -0.0012039436
        0.0006723951  -0.0007424491   0.0009040211  -0.0001599877  -0.0003288636
        0.0197466170  -0.0164114716   0.0004545198   0.0697718893  -0.1310511020
       -0.0890060386   0.0000065194   0.0000011271   0.0000281228   0.0000029507
       -0.0000133579  -0.0000066178  -0.0000049577   0.0000068932  -0.0000008421
        0.0000014990  -0.0000106384   0.0000042213  -0.0000067585   0.0000103459
        0.0000073531  -0.0000052250  -0.0000003749   0.0000021735  -0.0000409470
       -0.0000172056   0.0000464600  -0.0000084777   0.0000184334   0.0000113805
        0.0000402270  -0.0000596487   0.0001693603   0.0000087606   0.0000075580
       -0.0000043049  -0.0000126486   0.0000064251  -0.0000041943  -0.0000133659
       -0.0000043003  -0.0000005719  -0.0000001568   0.0000046129   0.0000009689
        0.0000043047   0.0000013655  -0.0000017524  -0.0000008514   0.0000017820
       -0.0000038174  -0.0000025450  -0.0000035119   0.0000040318  -0.0000023164
        0.0000010879   0.0000067129  -0.0000073810   0.0000002145  -0.0000000911
       -0.0000304240   0.0000593793   0.0000086583  -0.0000410114  -0.0000982677
        0.0000587715  -0.0910509131   0.1542090168   0.0980032102  -0.0071766027
        0.0087379641   0.0080475655   0.0092791915  -0.0159720709  -0.0168503974
        0.0000303828   0.0000021166  -0.0000444692   0.0000032894  -0.0000081935
       -0.0000057661   0.0000217865   0.0000106551   0.0000001472   0.0000091831
        0.0000044891  -0.0000092093  -0.0000017276  -0.0000177382  -0.0000018844
        0.0000236968  -0.0000348495  -0.0000148712  -0.0000016939  -0.0000428027
       -0.0000111644   0.0000110912   0.0000014490  -0.0000009523  -0.0000037681
        0.0000255624   0.0000827407  -0.0001407486   0.0000818688  -0.0001428244
        0.0002349275  -0.0001731396  -0.0006275307   0.0000494851  -0.0000540893
        0.0000076278  -0.0000098649  -0.0000518374  -0.0000172532   0.0000199881
       -0.0000093413  -0.0000110720  -0.0000028981  -0.0000215844   0.0000077646
       -0.0000038668  -0.0000076815   0.0000026549  -0.0000023420  -0.0000084082
        0.0000009984  -0.0000177079  -0.0000006281   0.0000044875   0.0000035778
        0.0000037118  -0.0000082809  -0.0000396021   0.0000085994  -0.0000071053
       -0.0000611575   0.0000618134   0.0000054435   0.0000340484  -0.0000204300
        0.0000355214   0.0000100228  -0.0000085111   0.0000126104  -0.0010360173
        0.0005845222   0.0008322913   0.0000610107   0.0002281806  -0.0000945899
       -0.0132944651   0.0141910148   0.0102960831   0.0732944541  -0.0905164294
       -0.1267140621  -0.0000144680   0.0000074455  -0.0000005941   0.0000027597
       -0.0000121541   0.0000007764   0.0000027059   0.0000115571   0.0000105888
        0.0000089121  -0.0000045609   0.0000064504  -0.0000035354  -0.0000058406
       -0.0000014710  -0.0000115634  -0.0000091428   0.0000034591  -0.0000107267
        0.0000149910   0.0000159738  -0.0000076661   0.0000029231  -0.0000036669
       -0.0000200297   0.0000582686  -0.0000520772  -0.0000482197   0.0000173270
        0.0000236109   0.0000071854   0.0000268729   0.0000223882   0.0000144161
       -0.0000007112  -0.0000140496   0.0000071018   0.0000094662   0.0000047313
        0.0000083532   0.0000042684  -0.0000009268   0.0000026167   0.0000025363
       -0.0000037223   0.0000065198  -0.0000053631   0.0000072307   0.0000216413
        0.0000003064  -0.0000051586  -0.0000041229   0.0000100547  -0.0000008929
       -0.0000087108   0.0000496370  -0.0000083819  -0.0000492148  -0.0000412647
       -0.0000661499  -0.0785012496   0.0980032102   0.1415057990   0.0137613483
       -0.0134809963  -0.0169698010   0.0056448622  -0.0088871497  -0.0080514518
       -0.0000260416   0.0000156705   0.0000435399  -0.0000087371  -0.0000136496
        0.0000044670   0.0000361945   0.0000103112  -0.0000180742  -0.0000088076
        0.0000824737   0.0000420482  -0.0000246948  -0.0000516678   0.0000098505
       -0.0000330102   0.0001586828   0.0000400424  -0.0000375703  -0.0000340088
        0.0000043667  -0.0000066135  -0.0000178861  -0.0000065760   0.0000539021
       -0.0001465224  -0.0000023825   0.0000658136  -0.0000936213   0.0000895966
       -0.0004148976   0.0000974923   0.0006144322   0.0000148491   0.0000177464
       -0.0000273619  -0.0000366249  -0.0000164292  -0.0000038312   0.0000140782
       -0.0000049454  -0.0000075260  -0.0000027035   0.0000096989  -0.0000035385
       -0.0000364265  -0.0000078923   0.0000024345   0.0000009507   0.0000082147
        0.0000002088  -0.0000163099  -0.0000103429   0.0000007873   0.0000192019
        0.0000299553   0.0000272684  -0.0000332787  -0.0000210290   0.0000054409
       -0.0000146555   0.0000453267  -0.0000058702   0.0000245358  -0.0000244643
       -0.0000098553   0.0000033785  -0.0000093622   0.0000079834   0.0010769079
        0.0013140257  -0.0016367448   0.0000196072   0.0001131919   0.0006776543
        0.0065895916   0.0143140178  -0.0212656631  -0.0978679343  -0.0596783827
        0.0847652632   0.0000073545  -0.0000097346   0.0000232462   0.0000032886
       -0.0000144359   0.0000090885   0.0000064339   0.0000102609   0.0000061522
        0.0000156271  -0.0000076130   0.0000085645   0.0000071053  -0.0000194127
       -0.0000091184  -0.0000007615  -0.0000106588  -0.0000013279   0.0000149464
        0.0000030085  -0.0000281395   0.0000000772  -0.0000154295  -0.0000083257
       -0.0000308257   0.0000317641  -0.0000800076   0.0000146705   0.0000152283
        0.0000131309   0.0000092827   0.0000190832   0.0000042196   0.0000005748
        0.0000322250  -0.0000360258   0.0000061087   0.0000051211   0.0000020261
        0.0000050985   0.0000005049  -0.0000026509   0.0000028187   0.0000018581
       -0.0000041734  -0.0000021381  -0.0000042129   0.0000035780  -0.0000063615
        0.0000073911  -0.0000117122   0.0000122698   0.0000008274  -0.0000044456
        0.0000129355  -0.0000635128  -0.0000127157  -0.0000155699   0.0001074986
       -0.0001131519  -0.0090367611  -0.0071766027   0.0137613483   0.1095502226
        0.0613395239  -0.0898073855  -0.0099271019  -0.0103392861   0.0129398655
        0.0000149906   0.0000027351  -0.0000143662   0.0000047377   0.0000037777
       -0.0000052182  -0.0000174696  -0.0000050519   0.0000092619   0.0000158718
        0.0000112995   0.0000009349   0.0000277270  -0.0000113409  -0.0000017524
       -0.0000382317   0.0001988688   0.0000333556  -0.0000245633  -0.0000126910
        0.0000097129  -0.0000057877   0.0000362680   0.0000132251   0.0000996111
       -0.0002092140   0.0000491197  -0.0000827127   0.0000238675  -0.0001396974
        0.0000085137  -0.0002312596  -0.0000394388  -0.0000471394   0.0000322677
        0.0000535999  -0.0000373015  -0.0000017342  -0.0000170355  -0.0000091049
        0.0000109813  -0.0000048902   0.0000098331   0.0000031760  -0.0000108914
       -0.0000065661   0.0000014755   0.0000020192   0.0000058275   0.0000091832
       -0.0000001475   0.0000038269  -0.0000003686  -0.0000111746  -0.0000251329
        0.0000056641   0.0000059035  -0.0000059120   0.0000326493  -0.0000133551
       -0.0000201147  -0.0000615124  -0.0000003646   0.0000037144   0.0000017305
       -0.0000419335  -0.0000174961   0.0000075465  -0.0000123534  -0.0005635308
        0.0020113469  -0.0008481970   0.0001535346  -0.0003834656   0.0002338715
        0.0020613446  -0.0157516307   0.0207451401  -0.0579768946  -0.0998231368
        0.0810544958  -0.0000031191   0.0000045231  -0.0000024638  -0.0000101047
        0.0000006474  -0.0000072378  -0.0000004527   0.0000042884  -0.0000048943
        0.0000044555  -0.0000073267   0.0000023580  -0.0000004039  -0.0000029161
       -0.0000019421   0.0000040925  -0.0000006867  -0.0000020609   0.0000099630
       -0.0000032205  -0.0000150156   0.0000055274  -0.0000122093  -0.0000031158
       -0.0000060362  -0.0000025612  -0.0000071132   0.0000089899  -0.0000131072
       -0.0000179205  -0.0000121512  -0.0000061894  -0.0000200603   0.0000219384
        0.0000209159   0.0000013913  -0.0000012240   0.0000006125  -0.0000003155
        0.0000035405  -0.0000024961  -0.0000018390   0.0000054332  -0.0000025484
       -0.0000059072  -0.0000086358  -0.0000000427  -0.0000015107  -0.0000083279
        0.0000115629   0.0000057256   0.0000060778  -0.0000166476  -0.0000090560
       -0.0000185130  -0.0000430624   0.0000269828   0.0001986176   0.0000142458
        0.0001131766   0.0090533012   0.0087379641  -0.0134809963   0.0613395239
        0.1177970795  -0.1025885064  -0.0141240671  -0.0123802570   0.0149704967
       -0.0000404006  -0.0000029383   0.0000404788  -0.0000111800  -0.0000011645
        0.0000103997   0.0000093027   0.0000057966  -0.0000040504  -0.0000187217
        0.0000175682   0.0000047084  -0.0000218417  -0.0000130305  -0.0000158578
        0.0000161634  -0.0001270680  -0.0000012294   0.0000121834  -0.0000155165
       -0.0000324298  -0.0000185815  -0.0000273690  -0.0000098723  -0.0001315266
        0.0001349248  -0.0001038994   0.0001722070  -0.0000248634   0.0002073694
       -0.0001179266   0.0001001158   0.0005128109   0.0000301539  -0.0000038292
        0.0000010135   0.0000341024   0.0000204495   0.0000284832   0.0000108635
       -0.0000026455   0.0000161673   0.0000118968  -0.0000161519  -0.0000024298
        0.0000047137  -0.0000064343   0.0000039678   0.0000000787   0.0000039929
        0.0000026952   0.0000018580   0.0000037792   0.0000013677   0.0000153998
       -0.0000068164   0.0000150477   0.0000290766  -0.0000094997   0.0000130549
        0.0000043573   0.0000167133  -0.0000040344  -0.0000254251   0.0000022889
       -0.0000059595   0.0000115352  -0.0000117568   0.0000016348   0.0017961850
        0.0035139684   0.0003764976   0.0004639748  -0.0020196149   0.0002601952
       -0.0036047497   0.0170757798  -0.0223135271   0.0809267989   0.0809807369
       -0.1579971518   0.0000161011  -0.0000113680   0.0000125440   0.0000145045
       -0.0000208836   0.0000188784  -0.0000014835  -0.0000115373  -0.0000051888
       -0.0000016728   0.0000017843   0.0000058146   0.0000001800   0.0000056200
        0.0000047869   0.0000053068   0.0000020267  -0.0000004908  -0.0000043294
       -0.0000151855   0.0000081238  -0.0000024532   0.0000022105   0.0000080675
        0.0000012246  -0.0000166893   0.0000417279   0.0000261521   0.0000022093
       -0.0000092749   0.0000047759  -0.0000139499  -0.0000221250  -0.0000376687
        0.0000119986   0.0000129749  -0.0000051378  -0.0000064608  -0.0000042961
       -0.0000027828  -0.0000032382  -0.0000021552   0.0000004640  -0.0000020864
        0.0000045451   0.0000015395  -0.0000022647  -0.0000037939  -0.0000130691
       -0.0000029257  -0.0000031730   0.0000079506  -0.0000039506   0.0000017007
        0.0000043706  -0.0000351264  -0.0000200984  -0.0001033197   0.0000982884
        0.0000152976   0.0145316554   0.0080475655  -0.0169698010  -0.0898073855
       -0.1025885064   0.1879588826  -0.0041954202  -0.0050249458   0.0079416026
        0.0000061908   0.0000071477   0.0000070883   0.0000100713   0.0000085153
        0.0000008939   0.0000178371   0.0000339018   0.0000293156   0.0000381944
        0.0000030487  -0.0000160202   0.0000755057   0.0000204500  -0.0000014279
       -0.0000322354  -0.0000919604  -0.0001104573  -0.0000441699  -0.0000456825
       -0.0000004423  -0.0000063410   0.0000350819   0.0000394665  -0.0000574736
        0.0000426936   0.0000382397   0.0000519805   0.0000016138   0.0000352904
       -0.0008412188  -0.0006317114  -0.0001326741   0.0000079990  -0.0000857379
       -0.0000272224  -0.0001589275   0.0001895024  -0.0001998090  -0.0000737570
       -0.0000117122  -0.0000135327   0.0000021249  -0.0000145897   0.0000164052
       -0.0000023949   0.0000304603  -0.0000114036  -0.0000037880   0.0000005031
        0.0000038420   0.0000025914  -0.0000023162   0.0000033874   0.0000011434
       -0.0000165952  -0.0000148137   0.0000253857   0.0000108382   0.0000067430
        0.0000082581   0.0000165236   0.0000366260   0.0000214934  -0.0000042658
        0.0000267169   0.0000093842  -0.0000059761   0.0000025148  -0.0036359888
        0.0014328571  -0.0041479419   0.0008948896   0.0009985894   0.0002248814
       -0.0209391845  -0.0119598475  -0.0139485370  -0.1252414272  -0.1031456102
       -0.0518410969   0.0000038039  -0.0000066533   0.0000061023  -0.0000035657
        0.0000029533   0.0000013393   0.0000059848  -0.0000010530   0.0000094853
       -0.0000003575   0.0000081137   0.0000001101  -0.0000087701  -0.0000006902
        0.0000002599  -0.0000135687  -0.0000137829   0.0000014811  -0.0000133391
        0.0000018221   0.0000146725  -0.0000155575  -0.0000041798   0.0000040878
        0.0000062869   0.0000124114  -0.0000017705  -0.0000107265   0.0000137718
        0.0000419601   0.0000177696   0.0000144587   0.0000243323   0.0000474351
       -0.0000052937  -0.0000057707   0.0000088282   0.0000015900   0.0000015678
       -0.0000007614  -0.0000006587   0.0000044135   0.0000000752  -0.0000023952
        0.0000051665   0.0000088195  -0.0000005214  -0.0000012369   0.0000391676
       -0.0000047087  -0.0000005030   0.0000008493   0.0000106545   0.0000057064
       -0.0000603486   0.0001116731  -0.0000070703  -0.0000459412  -0.0001378751
       -0.0000885258   0.0089031930   0.0092791915   0.0056448622  -0.0099271019
       -0.0141240671  -0.0041954202   0.1509216822   0.1180295170   0.0685287183
        0.0000059633  -0.0000029560   0.0000135307  -0.0000011203  -0.0000021916
       -0.0000011224  -0.0000075624  -0.0000264623  -0.0000256301  -0.0000231834
       -0.0000144484   0.0000040773  -0.0000498360   0.0000274991   0.0000238235
        0.0000084836   0.0000726328   0.0000121742   0.0000153241   0.0000708858
       -0.0000020936   0.0000215047  -0.0000195816  -0.0000287742   0.0000319278
       -0.0000283789   0.0000211082  -0.0000334633  -0.0000393437  -0.0000797962
        0.0007129396   0.0004092836   0.0001385276  -0.0000543861   0.0000849501
       -0.0000189837   0.0000994994  -0.0001141789   0.0001256549   0.0000556628
        0.0000017295   0.0000105740   0.0000002495   0.0000127609   0.0000042326
        0.0000126166  -0.0000109408   0.0000021953   0.0000002780  -0.0000089835
       -0.0000043907   0.0000080151   0.0000041513   0.0000029144  -0.0000010284
       -0.0000195680  -0.0000040282   0.0000205837  -0.0000278312   0.0000000406
        0.0000224160  -0.0000101560  -0.0000061635  -0.0000140207   0.0000373355
        0.0000031883   0.0000000299   0.0000117792  -0.0000020161   0.0016021875
       -0.0030408954   0.0021956210  -0.0005603632   0.0013704513  -0.0006809087
        0.0102373986   0.0109529194   0.0066177295  -0.1089250627  -0.1685239267
       -0.0697896237  -0.0000001842  -0.0000009167  -0.0000093323  -0.0000010425
        0.0000238102  -0.0000061297   0.0000015084  -0.0000023305   0.0000008306
       -0.0000065681   0.0000100562  -0.0000087941   0.0000022994   0.0000040726
       -0.0000003647   0.0000036749   0.0000054308  -0.0000005614   0.0000199923
        0.0000030164  -0.0000224981   0.0000010909   0.0000100314   0.0000022520
        0.0000007633  -0.0000162900  -0.0000170980   0.0000029789   0.0000083893
        0.0000255539   0.0000144528   0.0000096460   0.0000174136  -0.0000029971
       -0.0000140134  -0.0000106611  -0.0000014799  -0.0000011394   0.0000003394
       -0.0000059579   0.0000018451  -0.0000005289  -0.0000032134   0.0000008160
        0.0000052090   0.0000009668   0.0000050866  -0.0000025187  -0.0000060196
       -0.0000081870   0.0000015904  -0.0000054751   0.0000057301   0.0000069745
        0.0000267050   0.0000248476   0.0000080249  -0.0000610070  -0.0000254051
        0.0000101900  -0.0108557725  -0.0159720709  -0.0088871497  -0.0103392861
       -0.0123802570  -0.0050249458   0.1180295170   0.1871412964   0.0753803432
        0.0000233062   0.0000108113   0.0000090512   0.0000099450   0.0000037085
        0.0000111502   0.0000331648   0.0000301621   0.0000090160   0.0000231196
        0.0000834667   0.0000415158   0.0000631149  -0.0000367604   0.0000437120
       -0.0001107096   0.0000540776  -0.0000718637  -0.0000877414  -0.0000325813
        0.0000498077  -0.0000211738   0.0000008616   0.0000208626   0.0000722242
       -0.0001101165   0.0000633114  -0.0000449457  -0.0000462491   0.0000574060
       -0.0007897935  -0.0004325836   0.0000275198  -0.0000096215  -0.0000758081
       -0.0000065727  -0.0001321911   0.0001685897  -0.0001790757  -0.0000693193
       -0.0000114327  -0.0000029412   0.0000069651   0.0000072565   0.0000058057
        0.0000032985   0.0000262311  -0.0000145379  -0.0000051802   0.0000007349
        0.0000017998   0.0000065167   0.0000073956  -0.0000015027  -0.0000046549
       -0.0000235303   0.0000119558   0.0000257415   0.0000014651  -0.0000029811
       -0.0000021563   0.0000163767   0.0000155568   0.0000189428   0.0000090816
       -0.0000236110  -0.0000024807   0.0000007706  -0.0000083874  -0.0026071619
        0.0020815460  -0.0025394958   0.0010223693   0.0003142674   0.0005560873
       -0.0175468075  -0.0097072550  -0.0105777125  -0.0513985509  -0.0658306296
       -0.0750214782   0.0000039576  -0.0000067014  -0.0000001524  -0.0000108909
        0.0000039873   0.0000017138   0.0000102410  -0.0000012869   0.0000037687
        0.0000038598   0.0000066923   0.0000000553   0.0000051863  -0.0000198258
       -0.0000116943   0.0000042869  -0.0000052112  -0.0000063124   0.0000241319
       -0.0000076146  -0.0000481714   0.0000037233  -0.0000235081  -0.0000095868
       -0.0000354123   0.0000072455  -0.0000581803   0.0000290951   0.0000135891
        0.0000430664   0.0000139768   0.0000020029   0.0000071701   0.0000278063
        0.0000133709  -0.0000081002   0.0000051913  -0.0000024695  -0.0000002747
        0.0000006283  -0.0000033355   0.0000043426   0.0000050364  -0.0000032622
        0.0000023331   0.0000010132   0.0000014519  -0.0000034389   0.0000041165
       -0.0000006732  -0.0000064020   0.0000125740  -0.0000011176   0.0000012837
       -0.0000055764  -0.0000110719   0.0000218439   0.0000029434   0.0000274391
       -0.0000480968  -0.0100506925  -0.0168503974  -0.0080514518   0.0129398655
        0.0149704967   0.0079416026   0.0685287183   0.0753803432   0.0877502837
