$hessian                                                                        
        0.4742114037   0.0244214579  -0.0109543276  -0.0978805555   0.0417436327
        0.0294406044   0.0060149708  -0.0016024189  -0.0022646617   0.0003471810
        0.0001583059   0.0002643766  -0.0119881165  -0.0125708849   0.0104295851
       -0.0652758728  -0.0124748128   0.0190842047  -0.1316317979   0.0016073494
       -0.0478548777  -0.0236789313  -0.0119877607  -0.0041288029  -0.0146515552
        0.0037464534   0.0248697889  -0.0775531176  -0.0374211514  -0.0068664726
       -0.0015527919  -0.0020934661   0.0011070251  -0.0248994002   0.0150366242
        0.0011323468  -0.0001716938  -0.0008003601   0.0023249287  -0.0078334316
        0.0072057924   0.0077293989  -0.0051526183  -0.0151329891   0.0076001978
       -0.0010610077   0.0001012952  -0.0009015787  -0.0003600507  -0.0023830160
       -0.0003033331  -0.0001399881  -0.0005209942  -0.0003114308   0.0000241145
       -0.0001482506   0.0000345372   0.0000421716  -0.0000429254  -0.0000652650
       -0.0019802050  -0.0025943293  -0.0008162631   0.0054259697   0.0081333919
       -0.0167941865  -0.0172286426   0.0031537093  -0.0095833802   0.0033636109
        0.0002406297   0.0011982756   0.0002209904  -0.0001238642  -0.0004893316
        0.0050578553   0.0179749442   0.0022704918  -0.0122428691  -0.0226394571
       -0.0052995971   0.0001990037  -0.0000561028   0.0001883008  -0.0005088824
       -0.0004338259  -0.0003167095   0.0003891582  -0.0014856188  -0.0010515399
       -0.0000331865   0.0004743576   0.0003305018   0.0006576143   0.0013548419
       -0.0000662535  -0.0000948805  -0.0003669205   0.0000836428   0.0002542727
        0.0000253510  -0.0000379720  -0.0002887214  -0.0004989878   0.0000177767
        0.0244214579   0.4790088938   0.0013067261   0.0369693062  -0.0958275442
       -0.0250522446   0.0136156029  -0.0254444957  -0.0100363192   0.0013562150
        0.0026772806  -0.0003641046  -0.0191596387  -0.0164385844   0.0174414659
       -0.0115397168  -0.0720312722   0.0325963296   0.0016938988  -0.0617718313
       -0.0011188563  -0.0202407355  -0.0040122052  -0.0056649304   0.0121498661
        0.0034981747  -0.0200397775  -0.0338534053  -0.1506206365  -0.0138757925
       -0.0020055968  -0.0026289264   0.0019336717   0.0079181639  -0.0005634740
        0.0045498852  -0.0003990920   0.0003481834  -0.0012979337  -0.0011809050
        0.0031743559   0.0002512091  -0.0102553406  -0.0159293386   0.0126085180
       -0.0005449362  -0.0008472885  -0.0006653837  -0.0013694265  -0.0050633827
       -0.0009185797  -0.0000947002  -0.0000152614  -0.0001893943  -0.0000169033
       -0.0001686469   0.0000988051   0.0002843916   0.0001771823  -0.0003355985
       -0.0035499888  -0.0042654890  -0.0008137721  -0.0025448165  -0.0026698471
        0.0072991336   0.0207193972  -0.0014040045   0.0125186645  -0.0028388354
       -0.0000626909  -0.0020122647   0.0000611730   0.0003736272  -0.0012398536
       -0.0041376478  -0.0260650826  -0.0055023311  -0.0037386640  -0.0032259086
       -0.0017524997   0.0000254315  -0.0000234447   0.0000643029  -0.0008828876
       -0.0007253790  -0.0002827645  -0.0002358922   0.0000833343  -0.0000470668
       -0.0000099220  -0.0000361251   0.0001870432  -0.0001906210   0.0007987783
        0.0002959948  -0.0001527519  -0.0001038334   0.0002250709   0.0000634265
       -0.0000199026  -0.0001050833  -0.0003359063  -0.0001752147  -0.0000622697
       -0.0109543276   0.0013067261   0.4425972604   0.0214992294  -0.0197537525
       -0.0740654075   0.0005585536  -0.0033865618   0.0002066271   0.0000720253
        0.0004242726   0.0000119441   0.0061869131   0.0078723439  -0.0009680226
        0.0246238668   0.0350971343  -0.1321795780  -0.0494084537  -0.0007350921
       -0.0979481130  -0.0015828751  -0.0056700250   0.0041966994   0.0165848989
       -0.0059218188  -0.0191235232  -0.0094966757  -0.0174806978  -0.0586653546
        0.0005630866   0.0014711839  -0.0008136919  -0.0060825317   0.0083345512
        0.0070556787  -0.0005969507   0.0001114146  -0.0010264600   0.0209466760
       -0.0185934239  -0.0172075970   0.0180085569   0.0330406538  -0.0118231833
       -0.0005492724  -0.0002612847  -0.0003153801  -0.0003035481   0.0002824985
        0.0000160876  -0.0001536604  -0.0001099594  -0.0001809242   0.0000371070
        0.0000769284  -0.0000578908   0.0000047586  -0.0001742137  -0.0000605704
       -0.0008914483   0.0001512932  -0.0004892017   0.0037030846   0.0099129547
       -0.0195380093   0.0001253964   0.0005336166   0.0011919631  -0.0223873919
       -0.0018648380  -0.0177131939  -0.0000186905  -0.0004695744  -0.0000126067
       -0.0032389291  -0.0092605353  -0.0004121064  -0.0077426201  -0.0159465159
       -0.0024976464   0.0000532270  -0.0000712001  -0.0001944124   0.0001396766
        0.0005686511   0.0003052427   0.0002897995  -0.0011014865  -0.0009734919
       -0.0000904869   0.0005199913   0.0000828102   0.0002772061   0.0010635823
        0.0006106488   0.0000552393   0.0000301913  -0.0001294378  -0.0000241317
        0.0001043481   0.0000493860  -0.0002073077  -0.0001013559   0.0000714550
       -0.0978805555   0.0369693062   0.0214992294   0.4518034051   0.0219070795
       -0.0012538232  -0.0767622256  -0.0384288927  -0.0056887053  -0.0082949006
       -0.0139241721   0.0020292589   0.0013853635  -0.0003188433  -0.0011263253
       -0.0084268817   0.0056728637   0.0087597373  -0.0234748948   0.0166662017
        0.0036494503   0.0000599769   0.0005239585  -0.0003813821  -0.0011288107
       -0.0001939771   0.0017715106   0.0059994877  -0.0016948285  -0.0031741300
       -0.0001468046  -0.0002854988  -0.0000336481  -0.1548750298  -0.0056514755
       -0.0419284602  -0.0092660374   0.0049807346  -0.0139981125  -0.0473259249
       -0.0121374780   0.0392424468   0.0002093644  -0.0000002399   0.0005599137
       -0.0248175517  -0.0050333207  -0.0076686743   0.0065138554   0.0174181315
        0.0015221566  -0.0088238843  -0.0190080230  -0.0043198425   0.0000859858
        0.0000497411  -0.0000558028  -0.0016073195  -0.0014766679   0.0027589279
        0.0002038695   0.0000049451  -0.0000932924  -0.0001327393   0.0003222513
       -0.0009368234  -0.0043213968   0.0002096294  -0.0017440588   0.0010718654
        0.0004376526   0.0013061333   0.0000033486  -0.0000840205  -0.0000247415
       -0.0001947203  -0.0027413759  -0.0002709478   0.0002763000  -0.0005542741
       -0.0002642128   0.0000195955   0.0000363716   0.0000207205   0.0000159350
       -0.0001019460  -0.0000237120   0.0025051556  -0.0027350909  -0.0015260558
        0.0001847844   0.0010298838   0.0013528353  -0.0000387292  -0.0001298907
       -0.0000626090   0.0001874833   0.0006358164  -0.0007371410   0.0002156079
       -0.0001413074  -0.0007895072  -0.0032229774  -0.0022232440   0.0016296875
        0.0417436327  -0.0958275442  -0.0197537525   0.0219070795   0.4316152554
       -0.0300217087  -0.0408166439  -0.1547851185  -0.0095080861  -0.0079646365
       -0.0100891561   0.0054953974   0.0009916095   0.0000880461  -0.0007093080
       -0.0001699776   0.0029700355  -0.0035539547   0.0059860572  -0.0023577320
        0.0006752096  -0.0002226547  -0.0003548591  -0.0001627673  -0.0016425532
        0.0010802837   0.0025815737   0.0146214554  -0.0249748601  -0.0086409638
        0.0000594798   0.0000107296   0.0000226653  -0.0050493751  -0.0591428363
        0.0000929711   0.0114987560  -0.0011765193   0.0057552636  -0.0120350883
       -0.0578676151   0.0595515670   0.0010582366   0.0006217043  -0.0012673330
       -0.0129033834   0.0005256044  -0.0028501262  -0.0065814399  -0.0243634008
       -0.0027569957  -0.0053308286  -0.0072300367  -0.0011516012  -0.0001632404
       -0.0000021003   0.0002204922  -0.0001441497   0.0002858222   0.0012455841
        0.0000696322  -0.0000597741   0.0000157784   0.0000925730   0.0004013625
        0.0005736029   0.0004747843   0.0003304829  -0.0000595803  -0.0002897280
        0.0001487274  -0.0007544432  -0.0000629871  -0.0001068275   0.0000490913
       -0.0013040374  -0.0052756207  -0.0008048346   0.0007197545   0.0009183945
        0.0002195580  -0.0000120353   0.0000291072  -0.0000220252  -0.0000390924
        0.0000283515   0.0000374705  -0.0015580471   0.0066148438   0.0067620121
        0.0013340073  -0.0026151171  -0.0020485127  -0.0001898070   0.0000073722
       -0.0002111814  -0.0004605574   0.0005831368  -0.0006452069  -0.0005767364
       -0.0000239725   0.0001041884  -0.0030400585  -0.0000061696   0.0015199561
        0.0294406044  -0.0250522446  -0.0740654075  -0.0012538232  -0.0300217087
        0.5042731714  -0.0011257848  -0.0008641440  -0.0662432439   0.0090285736
        0.0187310049   0.0018262689  -0.0012087897  -0.0003696854   0.0014500935
        0.0168761476  -0.0139083091  -0.0114640030  -0.0096391022   0.0083615957
        0.0031868787   0.0000494498   0.0003452027  -0.0002007881   0.0044499344
       -0.0001367429  -0.0062287625   0.0007343331  -0.0037429036   0.0000960775
       -0.0000142387  -0.0001314276   0.0000168421  -0.0576427063  -0.0000950315
       -0.0941257002  -0.0248171249   0.0016690224  -0.0167004596   0.0403574457
        0.0598426294  -0.2377576238   0.0002082127   0.0004462478  -0.0004752949
        0.0063664256   0.0004008325   0.0034838431  -0.0012313168  -0.0034519802
        0.0005594692  -0.0095972253  -0.0215488328  -0.0041579888  -0.0000673223
        0.0001889929  -0.0001041926   0.0029724390   0.0019678086  -0.0027390494
       -0.0002701835   0.0000284669   0.0000319367   0.0000481252  -0.0008698367
        0.0004539408  -0.0033414261   0.0005527511  -0.0013445904  -0.0014394905
        0.0007997971   0.0006684380   0.0000169308   0.0000696420  -0.0000176761
        0.0000676908  -0.0000148606   0.0003015519   0.0001153455   0.0000480816
        0.0000815984  -0.0000271597   0.0000073626  -0.0000209663  -0.0000643589
       -0.0000504501  -0.0000144458  -0.0023216107   0.0066728012  -0.0004095047
        0.0003262522  -0.0021931045  -0.0001179208  -0.0002488592   0.0001927943
       -0.0000386084   0.0006182966   0.0004314005   0.0003254689   0.0007615345
        0.0001676161  -0.0000293084   0.0018727811   0.0015272117  -0.0005000437
        0.0060149708   0.0136156029   0.0005585536  -0.0767622256  -0.0408166439
       -0.0011257848   0.5090143226  -0.0382541253   0.0234380919  -0.1063890132
       -0.0198005845   0.0530520110  -0.0169045627   0.0009850080   0.0169107920
        0.0006643142  -0.0011645037  -0.0010943641   0.0001227256  -0.0000005032
        0.0001580191  -0.0009009014   0.0004154003   0.0008989547   0.0000334395
        0.0001777682   0.0000433825  -0.0022895053   0.0024477131   0.0017646032
        0.0001479054   0.0000377720   0.0001394896  -0.0154587174  -0.0202418074
       -0.0051909779   0.0001301469  -0.0011062579   0.0013497309  -0.0033590004
       -0.0103033681   0.0006883434   0.0000957485  -0.0001813171  -0.0002860417
       -0.0026638270  -0.0003931437  -0.0018360790  -0.1707195750   0.1153256235
        0.0114111722  -0.1142839434  -0.0027828979  -0.1074404261   0.0083866546
        0.0044637683  -0.0100799863  -0.0121793302  -0.0077104452   0.0142897939
       -0.0019310901   0.0031990360   0.0015909788   0.0001203412   0.0000115935
        0.0001046228   0.0000746234   0.0000433255   0.0001298017  -0.0001447379
        0.0003055648  -0.0000240405  -0.0000336606  -0.0000244873  -0.0000446019
        0.0002510537   0.0011748228   0.0001464895  -0.0000820980   0.0000460975
        0.0000562323  -0.0000433832   0.0001062607   0.0000501846   0.0000000351
       -0.0000111338   0.0000342218  -0.0001681747   0.0008048784   0.0005635319
        0.0002911799  -0.0003593044  -0.0005403902  -0.0000269194   0.0000375985
        0.0000261195   0.0000383405   0.0002358392  -0.0000689347  -0.0000002510
       -0.0000374260  -0.0001120738  -0.0010448855  -0.0002457238   0.0004385801
       -0.0016024189  -0.0254444957  -0.0033865618  -0.0384288927  -0.1547851185
       -0.0008641440  -0.0382541253   0.4640820861  -0.0007702301  -0.0170629538
       -0.0722737636   0.0223926933   0.0118759458   0.0042873431  -0.0146597868
       -0.0007500212   0.0011827043   0.0008829114  -0.0003507988  -0.0000637220
       -0.0000178277   0.0001839801   0.0005744257  -0.0001317660  -0.0001890342
        0.0003085360   0.0003247885   0.0026804544  -0.0020003663  -0.0016046802
       -0.0000574695  -0.0002048099  -0.0000667849  -0.0083527471  -0.0033418180
       -0.0049125633   0.0008887240  -0.0003887819   0.0012150998  -0.0072876565
       -0.0139582335   0.0013027863   0.0000313131   0.0006374361  -0.0000325784
        0.0006531224  -0.0003032318  -0.0006108153   0.1155172618  -0.1429125162
       -0.0112468851  -0.0028805578  -0.0421154400  -0.0093131313  -0.0036427512
       -0.0013149595   0.0058565408  -0.0165237049  -0.0083073710   0.0183815287
        0.0033918278  -0.0027804943  -0.0019869784  -0.0000260533  -0.0000277679
       -0.0001865881  -0.0001334776  -0.0000278429  -0.0002378207   0.0002694899
       -0.0001197122  -0.0002030920  -0.0000416918  -0.0000695374  -0.0000060356
       -0.0002927378  -0.0011435987  -0.0001861565   0.0000822026   0.0000383598
        0.0000386260   0.0000518771  -0.0000301615  -0.0000932478   0.0000470059
        0.0000203919   0.0000155676  -0.0000140199   0.0003773286   0.0002949592
        0.0000474990  -0.0000494467  -0.0000704841  -0.0000278014  -0.0000204735
       -0.0000171211   0.0000544596   0.0000682857  -0.0000030478   0.0001144042
        0.0000386438  -0.0002349850   0.0000293460   0.0000681220   0.0001378103
       -0.0022646617  -0.0100363192   0.0002066271  -0.0056887053  -0.0095080861
       -0.0662432439   0.0234380919  -0.0007702301   0.4865898405   0.0557656015
        0.0271736497  -0.1444143896   0.0108965612  -0.0025660680  -0.0083394301
       -0.0001434156   0.0004133241   0.0003318366   0.0000666659  -0.0002482625
       -0.0003010590  -0.0005064094   0.0001955173   0.0007950280  -0.0005121447
        0.0004229471   0.0004472752   0.0014671826  -0.0013720436  -0.0005498611
        0.0000149102   0.0000095673  -0.0001571419  -0.0069887975  -0.0133541088
       -0.0005732881  -0.0001997650  -0.0003660530  -0.0000313875   0.0097820143
        0.0246675386  -0.0020535380  -0.0001039231   0.0003206082   0.0001369036
       -0.0012230768  -0.0001775923  -0.0002895575   0.0120935321  -0.0119205442
       -0.0437124178  -0.1078790515  -0.0093301700  -0.2005578262   0.0136312733
        0.0076667509  -0.0238407010  -0.0014098692  -0.0000528015   0.0022857199
        0.0006987719  -0.0011451340   0.0003412432  -0.0001302123  -0.0000478590
       -0.0002225527  -0.0000418514  -0.0001876624  -0.0000879765  -0.0001314275
        0.0005837183   0.0000364898   0.0000031362  -0.0000059127  -0.0000277372
       -0.0000743836  -0.0005527024   0.0000035143  -0.0000161569   0.0000825622
        0.0000308910  -0.0000185401  -0.0000381809  -0.0001280210  -0.0000471063
        0.0000285234   0.0000518386  -0.0000040496   0.0005798521   0.0004401974
       -0.0001023506  -0.0000906803  -0.0005105489   0.0000512285  -0.0001403097
        0.0000221105  -0.0000253870  -0.0001232781  -0.0000058590  -0.0001516528
        0.0000415426  -0.0000014456  -0.0002460320  -0.0001521031   0.0003284669
        0.0003471810   0.0013562150   0.0000720253  -0.0082949006  -0.0079646365
        0.0090285736  -0.1063890132  -0.0170629538   0.0557656015   0.4744002890
        0.0236556616   0.0470717694  -0.1030142922   0.0543747266   0.0236796121
        0.0075040129  -0.0055540439  -0.0016826554  -0.0005868756  -0.0001518462
        0.0000287417  -0.0157034257   0.0160278978  -0.0062677308  -0.0006419309
       -0.0041431690  -0.0020460358  -0.0001252709   0.0002024805   0.0000834398
        0.0012540484   0.0013393780  -0.0000620767  -0.0002012798  -0.0004076939
       -0.0000011394   0.0004344941   0.0003906125  -0.0006678847  -0.0003701520
       -0.0013951151  -0.0000305559   0.0000150452  -0.0000992535  -0.0000023263
       -0.0001340304   0.0000983888  -0.0000052326  -0.0156845605  -0.0033903384
        0.0203437309   0.0076569339   0.0014170249  -0.0104025706  -0.1112719842
        0.0305926848  -0.1022282363  -0.1151210205  -0.1009730953  -0.0386193318
       -0.0133844028   0.0155437845   0.0076421298   0.0005882352  -0.0013201762
       -0.0005422382   0.0000823054   0.0000791165   0.0000371311   0.0000164816
        0.0000055545   0.0000451729   0.0003058280  -0.0008619194  -0.0004299190
        0.0000053411   0.0000476523  -0.0000440382   0.0000117457  -0.0000273012
       -0.0000059201   0.0006142133  -0.0011208566  -0.0009890737  -0.0003052116
        0.0005100325   0.0003711802  -0.0001651471  -0.0001626503   0.0001377597
       -0.0017236201  -0.0009979079  -0.0002611088  -0.0000229614   0.0000230914
       -0.0000099248  -0.0000413436   0.0000159084  -0.0000134742   0.0000189277
       -0.0000108333   0.0000024439  -0.0000736596  -0.0000364202   0.0000021613
        0.0001583059   0.0026772806   0.0004242726  -0.0139241721  -0.0100891561
        0.0187310049  -0.0198005845  -0.0722737636   0.0271736497   0.0236556616
        0.4920264549  -0.0010102766   0.0544646275  -0.1318988243  -0.0277643790
        0.0105851395  -0.0265024318  -0.0089964973  -0.0002556434   0.0006247975
        0.0004043490   0.0138266334  -0.0114042619   0.0070909154  -0.0025895290
       -0.0049003348  -0.0015184747  -0.0002576608  -0.0000365781   0.0001346425
       -0.0018033358  -0.0010198408  -0.0013034543  -0.0003586495  -0.0001063516
        0.0000794331  -0.0002206912  -0.0001468311  -0.0003405463  -0.0024509470
       -0.0046439820   0.0007661031   0.0000575365   0.0000744299  -0.0001812215
       -0.0003820335  -0.0000565035  -0.0000827841   0.0116526096   0.0038499805
       -0.0145633442  -0.0008037529  -0.0002207965   0.0029356263   0.0307495954
       -0.0578694261   0.0469657180  -0.1017415897  -0.1819999735  -0.0498676291
       -0.0019403021   0.0036151122   0.0004593703   0.0014080873   0.0007800148
        0.0005008244  -0.0000340032   0.0001084182  -0.0001253098  -0.0000165745
       -0.0000987141   0.0001167248   0.0005802624  -0.0010719608  -0.0005736968
        0.0000296071   0.0001496665  -0.0000414751   0.0000194220   0.0000218705
        0.0000252467  -0.0004311348   0.0006457638   0.0005123883  -0.0000289380
       -0.0002142131  -0.0002488183  -0.0002082437  -0.0001078218   0.0001799613
        0.0001587712   0.0001234357   0.0000595739  -0.0000084782  -0.0000400656
        0.0000210717  -0.0000189599   0.0000609209   0.0000093725  -0.0000005409
       -0.0000614040   0.0000206660  -0.0000704946   0.0000050891   0.0000069926
        0.0002643766  -0.0003641046   0.0000119441   0.0020292589   0.0054953974
        0.0018262689   0.0530520110   0.0223926933  -0.1444143896   0.0470717694
       -0.0010102766   0.5008374617   0.0151950759  -0.0183017524  -0.0676070588
        0.0038148005  -0.0103704512  -0.0026731320   0.0002709006  -0.0006600759
       -0.0014197606  -0.0143380948   0.0172208261   0.0048321952  -0.0012468571
       -0.0028302052  -0.0007784396   0.0001251048   0.0001449053  -0.0000965212
       -0.0005861065   0.0008424136  -0.0012233084   0.0001176716   0.0000654731
       -0.0001978222   0.0003656232   0.0003627565  -0.0001043129   0.0001946186
       -0.0003780444   0.0010394985  -0.0000644941  -0.0001025613   0.0001479548
        0.0000959316   0.0000191371  -0.0001733742   0.0051541286   0.0007874415
       -0.0051966329   0.0149944657   0.0073637299  -0.0282131498  -0.1027273219
        0.0480176295  -0.1882301880  -0.0384051165  -0.0493854320  -0.0606694120
        0.0147504500  -0.0159825037  -0.0065534774   0.0006331898  -0.0009316966
        0.0001942390  -0.0000780657  -0.0001333943   0.0001409634   0.0002056173
        0.0001655174  -0.0003046601   0.0002794601  -0.0006600081  -0.0001960922
       -0.0000114793  -0.0000399860  -0.0000105699  -0.0000069906  -0.0000113787
        0.0000105211   0.0007117579  -0.0014676540  -0.0012953722  -0.0004666045
        0.0006149425   0.0005112928   0.0001022062  -0.0000595138  -0.0000174405
       -0.0013872653  -0.0008406300  -0.0002051281  -0.0000068445   0.0000180538
       -0.0000446091   0.0000071042  -0.0000175633   0.0000143967  -0.0000283220
        0.0000358540   0.0000699749  -0.0000819597   0.0000004612  -0.0000118592
       -0.0119881165  -0.0191596387   0.0061869131   0.0013853635   0.0009916095
       -0.0012087897  -0.0169045627   0.0118759458   0.0108965612  -0.1030142922
        0.0544646275   0.0151950759   0.4842844858   0.0285387721  -0.0545013093
       -0.1050998652  -0.0573388252  -0.0189285324   0.0052105209  -0.0063283125
        0.0033386028  -0.0862787562   0.0210050954  -0.0468145020   0.0112795902
        0.0131227174   0.0050403365  -0.0008345935  -0.0003352379   0.0018917131
       -0.0183573032   0.0068193719  -0.0245623643  -0.0004842124  -0.0000569514
       -0.0000650689  -0.0000439552  -0.0000878981   0.0001612867   0.0001941922
        0.0001214166  -0.0001112349  -0.0006001780  -0.0011506114   0.0008771150
        0.0000860257   0.0000568056   0.0000230258  -0.0022522622  -0.0004262295
        0.0035862677   0.0003896098  -0.0000788598  -0.0004297345  -0.0135416999
        0.0161595781   0.0019370665   0.0078481363  -0.0100134441  -0.0032478263
       -0.1352413301  -0.0426742268   0.1066400385  -0.0131985117  -0.0146841693
       -0.0054815585  -0.0007700114  -0.0015586217   0.0009904270  -0.0009343890
       -0.0007113906   0.0004130092  -0.0009665389   0.0032707245   0.0018594142
       -0.0000052032   0.0000335693   0.0000831370   0.0000508556   0.0000318574
       -0.0000167854  -0.0001476897  -0.0049971568  -0.0045281615  -0.0002509957
        0.0028559502   0.0009184200   0.0001005335   0.0000437306   0.0000392954
        0.0000057061   0.0001896903  -0.0001644319   0.0000171772  -0.0000025656
       -0.0000303329   0.0000230068  -0.0000165570  -0.0000124109  -0.0000132480
        0.0000236535   0.0000167047   0.0000525114   0.0000155810   0.0000086330
       -0.0125708849  -0.0164385844   0.0078723439  -0.0003188433   0.0000880461
       -0.0003696854   0.0009850080   0.0042873431  -0.0025660680   0.0543747266
       -0.1318988243  -0.0183017524   0.0285387721   0.4672219433  -0.0434599032
       -0.0536002124  -0.1226771988  -0.0205961706   0.0002198780  -0.0111556022
        0.0187966043   0.0155821100  -0.0764941382   0.0362639634  -0.0082122123
       -0.0277476142  -0.0140540620  -0.0008371591   0.0000428943   0.0020090601
        0.0001819669   0.0048767567  -0.0042645173  -0.0002678431  -0.0001556779
        0.0001344472   0.0001076917  -0.0001462696  -0.0001519561   0.0000603332
        0.0000652541  -0.0000497608  -0.0005425760  -0.0008546373   0.0004497803
       -0.0000040188   0.0000253959  -0.0000331927  -0.0013659822   0.0005833437
        0.0010213292  -0.0002285923   0.0001781755   0.0002392923   0.0096407052
       -0.0105760854  -0.0009891822   0.0141652594  -0.0233362082  -0.0077784648
       -0.0431102739  -0.0552633522   0.0456448196   0.0023061417   0.0034418608
        0.0005990136  -0.0008060084  -0.0014935332   0.0006304348  -0.0010580856
       -0.0021126801   0.0007476067   0.0011535294  -0.0044346003  -0.0019308457
        0.0000253568   0.0001694354   0.0000038158  -0.0000010013  -0.0000193524
       -0.0000280992  -0.0062101032   0.0058514236   0.0030229108   0.0016365036
       -0.0020442217  -0.0027755820   0.0000633930   0.0000312005   0.0000202673
        0.0000055681   0.0000056179  -0.0000936097   0.0000270601  -0.0000340465
       -0.0000248252   0.0000371109   0.0000091930   0.0000025732  -0.0000010733
       -0.0000118696   0.0000011102   0.0000237551   0.0000166125   0.0000083046
        0.0104295851   0.0174414659  -0.0009680226  -0.0011263253  -0.0007093080
        0.0014500935   0.0169107920  -0.0146597868  -0.0083394301   0.0236796121
       -0.0277643790  -0.0676070588  -0.0545013093  -0.0434599032   0.5090206264
       -0.0171981900  -0.0198608824  -0.0711205533   0.0001512608   0.0173645751
       -0.0161483099  -0.0481299558   0.0445435266  -0.1540122324  -0.0058155969
       -0.0187706523  -0.0060166678   0.0006004085   0.0005478525  -0.0033010126
       -0.0129748463   0.0023966929  -0.0142944854  -0.0000073649   0.0001041738
       -0.0001923819  -0.0000971505  -0.0000399534   0.0000697887  -0.0001589481
       -0.0001697432   0.0000170896   0.0009229034   0.0015676760  -0.0008227954
       -0.0000081285  -0.0000375854   0.0000437191   0.0028815742   0.0004691660
       -0.0033522196  -0.0000636456  -0.0001813191   0.0002217247  -0.0141021148
        0.0165479147   0.0041762266   0.0048231930  -0.0083846228  -0.0023625318
        0.1060532058   0.0438790747  -0.1626680550  -0.0132698911  -0.0137167814
       -0.0043978512   0.0004236092   0.0010178778  -0.0016074070   0.0006783297
        0.0021370877  -0.0013445163   0.0013489098  -0.0026090036  -0.0004010015
       -0.0000547273   0.0000064695   0.0000278784  -0.0000066544  -0.0000468805
       -0.0000357463  -0.0038986160   0.0038371920   0.0043699033   0.0026145866
       -0.0015490883  -0.0006794146  -0.0000707743  -0.0000004134  -0.0000018107
        0.0000556562   0.0000444595   0.0001623131   0.0000038032   0.0000432048
        0.0000685345  -0.0000447409   0.0000126482   0.0000141037  -0.0000322443
       -0.0000054424   0.0000324138  -0.0000162051   0.0000046875  -0.0000009111
       -0.0652758728  -0.0115397168   0.0246238668  -0.0084268817  -0.0001699776
        0.0168761476   0.0006643142  -0.0007500212  -0.0001434156   0.0075040129
        0.0105851395   0.0038148005  -0.1050998652  -0.0536002124  -0.0171981900
        0.4884070981  -0.0143879191   0.0726362165   0.0027023875   0.0023119856
       -0.0179848494  -0.0170295770  -0.0121716112  -0.0204157546  -0.1330578771
        0.0678383873   0.0451686639  -0.0048844798  -0.0086880707   0.0099394054
       -0.0007421810   0.0009349510  -0.0025358011  -0.0003728929  -0.0004052416
        0.0002902915  -0.0000350904  -0.0005297352  -0.0003921215  -0.0015377442
        0.0017072294   0.0011623650  -0.0010690397  -0.0014423839   0.0006187654
        0.0000826174   0.0001972736  -0.0000808978  -0.0000814670  -0.0001186461
        0.0000708717  -0.0001188839   0.0001577360  -0.0001171843   0.0005523658
        0.0014486315   0.0005515701  -0.0013131701   0.0034795200   0.0011218823
       -0.0129568284  -0.0155713390  -0.0044991543  -0.1558067580   0.0372476279
       -0.1021689220  -0.0001969358   0.0005685025  -0.0003510291  -0.0035186479
       -0.0004398816  -0.0029555534   0.0128839335  -0.0091889016  -0.0086072727
       -0.0001631648   0.0011639135   0.0002047160   0.0002223591   0.0000440846
        0.0005130337  -0.0010878001   0.0004877432  -0.0001337028   0.0001942589
        0.0000450155  -0.0000652575   0.0001353361   0.0004233051   0.0002828149
       -0.0006480101   0.0005840535  -0.0001065734   0.0000835892  -0.0001854725
       -0.0001562736   0.0000637083   0.0000309825   0.0000314188  -0.0000654224
       -0.0000883766  -0.0000313719  -0.0000073908   0.0000214249   0.0000364948
       -0.0124748128  -0.0720312722   0.0350971343   0.0056728637   0.0029700355
       -0.0139083091  -0.0011645037   0.0011827043   0.0004133241  -0.0055540439
       -0.0265024318  -0.0103704512  -0.0573388252  -0.1226771988  -0.0198608824
       -0.0143879191   0.4318484492   0.0072793637   0.0013616776  -0.0002247639
        0.0082833881  -0.0033932401   0.0053498209  -0.0050196515   0.0456465154
       -0.1158882024  -0.0472041669  -0.0078175919  -0.0081952806   0.0212716792
        0.0006198638  -0.0008594135   0.0010554140   0.0000036641   0.0004798298
       -0.0002937296   0.0000517137   0.0001105096   0.0002408149   0.0025239069
       -0.0018531890  -0.0021271239  -0.0034943160  -0.0073418332   0.0023964899
       -0.0000355242  -0.0000964317   0.0001334634  -0.0001723069   0.0000682756
        0.0001874615   0.0001479644  -0.0000424904  -0.0001082296  -0.0009521326
        0.0004847354  -0.0003719362   0.0022764055  -0.0029203430  -0.0015912638
       -0.0071359296  -0.0077716915  -0.0025055738   0.0375390549  -0.0533797321
        0.0366096937   0.0003721464  -0.0003992540   0.0004613836   0.0004583152
       -0.0005957679   0.0006412454   0.0157982134  -0.0219708028  -0.0117204944
        0.0006698403  -0.0004243339   0.0003098406   0.0000208271   0.0007974719
        0.0004215995   0.0006704092  -0.0003115120   0.0001754444  -0.0001982995
        0.0002236864   0.0001421844  -0.0000402138  -0.0001303011  -0.0001291052
        0.0003714623  -0.0002341306   0.0002274783  -0.0001738808   0.0002580228
       -0.0001429914   0.0000624310  -0.0000013060   0.0000133580   0.0000223708
        0.0000105822  -0.0000043362   0.0000438944   0.0000675589  -0.0000025157
        0.0190842047   0.0325963296  -0.1321795780   0.0087597373  -0.0035539547
       -0.0114640030  -0.0010943641   0.0008829114   0.0003318366  -0.0016826554
       -0.0089964973  -0.0026731320  -0.0189285324  -0.0205961706  -0.0711205533
        0.0726362165   0.0072793637   0.4798128718  -0.0066382967   0.0032280507
       -0.0302841931  -0.0158667433  -0.0136142762  -0.0156302976   0.0293867405
       -0.0479573618  -0.0774750253   0.0037792924   0.0075163999  -0.0034494539
       -0.0014856366   0.0013694062  -0.0035277956  -0.0000992332   0.0005362731
        0.0004752250  -0.0002772479  -0.0008425831   0.0000086653   0.0006831782
       -0.0004126910  -0.0001571390  -0.0010753391  -0.0027966139   0.0027592220
       -0.0000983610   0.0002693342  -0.0002693859  -0.0000781366   0.0003744337
        0.0001908580  -0.0001156765  -0.0001317766  -0.0001788020  -0.0002073081
        0.0010731550   0.0003191374   0.0002915268  -0.0010935395  -0.0000639749
        0.0134272876   0.0153043707   0.0054461207  -0.1048180405   0.0392849407
       -0.1285496136   0.0000322271  -0.0001683629   0.0002023607  -0.0028036512
        0.0006287801  -0.0029166636   0.0087480440  -0.0103603608  -0.0095617028
        0.0003040454  -0.0009455405   0.0001217337  -0.0007787995  -0.0006199478
        0.0005622535  -0.0015126895   0.0006271597   0.0002259048   0.0003986758
        0.0000551745  -0.0002706991  -0.0000351605   0.0002740703  -0.0000698853
        0.0000962787   0.0002992922  -0.0001444616  -0.0000263318   0.0004537707
       -0.0003915302   0.0001591303   0.0000632253  -0.0000283431   0.0000542181
        0.0000290333   0.0000236361  -0.0002185996  -0.0000557981  -0.0000735928
       -0.1316317979   0.0016938988  -0.0494084537  -0.0234748948   0.0059860572
       -0.0096391022   0.0001227256  -0.0003507988   0.0000666659  -0.0005868756
       -0.0002556434   0.0002709006   0.0052105209   0.0002198780   0.0001512608
        0.0027023875   0.0013616776  -0.0066382967   0.4316548360  -0.0310630585
       -0.0167825826  -0.1021910918  -0.0560910832   0.0303049302  -0.0000408272
        0.0004712631   0.0004093206  -0.0148251733  -0.0061344018  -0.0079595097
       -0.0194391328  -0.0223643135   0.0094201453  -0.0013483881   0.0028716202
        0.0015924758  -0.0004687944   0.0000319482  -0.0004448678   0.0006097317
       -0.0003338092  -0.0014755408   0.0000568122   0.0007892983  -0.0021503379
       -0.0002792015  -0.0001041532  -0.0001229771  -0.0000654705  -0.0001081932
       -0.0001479292  -0.0002515032   0.0003541863  -0.0001819591  -0.0000432022
       -0.0000904394  -0.0000823510   0.0000812180   0.0000327578  -0.0000843574
       -0.0005464587  -0.0004264498  -0.0009341992  -0.0003495566  -0.0008762659
        0.0002439361  -0.0954414765   0.1008973537   0.0113497571  -0.0497950412
        0.0078671701   0.0446172293  -0.0001552348  -0.0000705520  -0.0000547077
        0.0008315961   0.0013173033   0.0005462961  -0.0008788678  -0.0020751338
       -0.0002817381   0.0000328376   0.0016272650   0.0026722899  -0.0001929186
       -0.0055918695  -0.0046099490   0.0000424435  -0.0003270269  -0.0003811887
       -0.0001413470   0.0001487885   0.0001159167   0.0008615951   0.0006008856
       -0.0003164733   0.0000191733   0.0000288246  -0.0000682579  -0.0000068529
        0.0000353417  -0.0000199807  -0.0000717703  -0.0000723259   0.0000236354
        0.0016073494  -0.0617718313  -0.0007350921   0.0166662017  -0.0023577320
        0.0083615957  -0.0000005032  -0.0000637220  -0.0002482625  -0.0001518462
        0.0006247975  -0.0006600759  -0.0063283125  -0.0111556022   0.0173645751
        0.0023119856  -0.0002247639   0.0032280507  -0.0310630585   0.4808288641
       -0.0008751383  -0.0528475993  -0.1365246059   0.0434236417   0.0000440733
        0.0006873209  -0.0002160729  -0.0201018429  -0.0044125044  -0.0145927034
       -0.0138952066  -0.0133957808   0.0025372718   0.0018216907  -0.0021940171
       -0.0015463369   0.0002023118   0.0000411733   0.0003106451  -0.0000640850
        0.0003390890   0.0003950631  -0.0007265699   0.0003695716  -0.0012757423
        0.0003456620   0.0002017970   0.0002706459   0.0001631120   0.0000720009
        0.0002281016   0.0008329777  -0.0007466393   0.0001322861  -0.0000172040
        0.0000795956   0.0000237717  -0.0000457858   0.0000378261   0.0001269190
        0.0010230057  -0.0011158817   0.0020137713  -0.0006448897  -0.0004731361
        0.0009517908   0.0979283504  -0.2071991285  -0.0220948563   0.0079553550
       -0.0433044714  -0.0377971118  -0.0000763622   0.0000100866   0.0002188497
       -0.0015946699   0.0008438291  -0.0005453210  -0.0029032449  -0.0044773304
       -0.0007894060   0.0026053990  -0.0018424136  -0.0015753200  -0.0043515598
        0.0057592529   0.0033172574  -0.0000348672   0.0002725509   0.0002920993
        0.0000828218  -0.0001445305  -0.0001208940   0.0010353836   0.0010998087
       -0.0000585592   0.0001209399   0.0000113227  -0.0000681940  -0.0000118101
        0.0000340082   0.0000432308   0.0001127981   0.0000911963  -0.0000404803
       -0.0478548777  -0.0011188563  -0.0979481130   0.0036494503   0.0006752096
        0.0031868787   0.0001580191  -0.0000178277  -0.0003010590   0.0000287417
        0.0004043490  -0.0014197606   0.0033386028   0.0187966043  -0.0161483099
       -0.0179848494   0.0082833881  -0.0302841931  -0.0167825826  -0.0008751383
        0.5279077127   0.0265456605   0.0386878451  -0.0840484999  -0.0011865645
        0.0005417414   0.0006968238  -0.0042937765  -0.0023040419  -0.0022393964
       -0.0011379007  -0.0046507064   0.0045736909   0.0007839590  -0.0012341712
       -0.0004348300   0.0001982996   0.0002195943  -0.0000128847   0.0015719929
       -0.0004670206   0.0011278038   0.0008950496   0.0002129178   0.0008188593
        0.0000609732  -0.0000263958   0.0000919703   0.0000573612  -0.0000695034
        0.0001310754   0.0001740431  -0.0004615185   0.0004116695  -0.0003300089
        0.0002258046   0.0000937046  -0.0000905382   0.0000118227  -0.0000039303
       -0.0018607296   0.0017177777  -0.0031119444   0.0013306841   0.0021103765
       -0.0055761701   0.0119741841  -0.0242215996  -0.0430315036   0.0461284923
       -0.0369029297  -0.2582681538   0.0000633431   0.0000674805  -0.0001135892
       -0.0001789612   0.0005267667   0.0001669399  -0.0004793674  -0.0002926516
        0.0005208624   0.0011873860  -0.0024535394  -0.0006696384  -0.0052067221
        0.0027957230   0.0036707948   0.0000392457   0.0000619499   0.0002328141
       -0.0000031595  -0.0000777846  -0.0000126492  -0.0008558535  -0.0002107158
       -0.0000597244  -0.0000357745  -0.0000085995   0.0000280973  -0.0000148127
       -0.0000104755   0.0000126729   0.0001109906   0.0000641246   0.0000119795
       -0.0236789313  -0.0202407355  -0.0015828751   0.0000599769  -0.0002226547
        0.0000494498  -0.0009009014   0.0001839801  -0.0005064094  -0.0157034257
        0.0138266334  -0.0143380948  -0.0862787562   0.0155821100  -0.0481299558
       -0.0170295770  -0.0033932401  -0.0158667433  -0.1021910918  -0.0528475993
        0.0265456605   0.7094492973   0.2214607720   0.2197894983   0.0000149310
        0.0008727339   0.0006605597  -0.0035954346  -0.0002338548  -0.0021819219
       -0.4327350943  -0.1552245553  -0.1662697026  -0.0005335869  -0.0000244087
       -0.0002574890   0.0000183373   0.0000292649   0.0000072812  -0.0002565323
       -0.0000583404   0.0000743565   0.0003569139   0.0004762359  -0.0002130877
        0.0001371737  -0.0000111162   0.0000853206   0.0000619116   0.0000390029
       -0.0001723379  -0.0002228684   0.0008569759   0.0006223909  -0.0025936222
        0.0032808180  -0.0002415884   0.0007930713  -0.0011669635  -0.0000439352
        0.0072774792  -0.0040671012   0.0132487768  -0.0021769606  -0.0026326817
       -0.0013801216   0.0069952334   0.0048112455  -0.0027304700  -0.0041929363
       -0.0077392197   0.0058620458   0.0000602623  -0.0000050215  -0.0000781176
        0.0000451231   0.0001634639  -0.0001084714  -0.0004164754  -0.0010210956
       -0.0002252234  -0.0148099896  -0.0027809379  -0.0087505744  -0.0179857094
       -0.0096965212  -0.0041434908   0.0001327752  -0.0000095459   0.0000911809
       -0.0000805109   0.0000406050  -0.0000407836  -0.0001047534  -0.0002191821
        0.0002488099  -0.0000228303  -0.0000293168  -0.0000266591  -0.0000139213
       -0.0000216543  -0.0000210089   0.0001214233   0.0000219048   0.0000237310
       -0.0119877607  -0.0040122052  -0.0056700250   0.0005239585  -0.0003548591
        0.0003452027   0.0004154003   0.0005744257   0.0001955173   0.0160278978
       -0.0114042619   0.0172208261   0.0210050954  -0.0764941382   0.0445435266
       -0.0121716112   0.0053498209  -0.0136142762  -0.0560910832  -0.1365246059
        0.0386878451   0.2214607720   0.3789505991  -0.0591897981   0.0000049176
       -0.0010507409   0.0005120725  -0.0014737038  -0.0002567259   0.0000815729
       -0.1556113492  -0.1096923380  -0.0426931580  -0.0002105564  -0.0001672523
       -0.0002451937  -0.0000463170   0.0000132932   0.0002065184  -0.0002916409
       -0.0000224011   0.0001051774   0.0001484384   0.0001295303  -0.0000591155
        0.0000331173  -0.0000481156   0.0001017107  -0.0001605963  -0.0000964751
        0.0002842075   0.0006512744   0.0001265703  -0.0005133031   0.0031963333
       -0.0033169161  -0.0006361379  -0.0000207806  -0.0002257783   0.0005440832
        0.0030522526  -0.0032095622   0.0090483151  -0.0024961714  -0.0028439161
       -0.0005195522  -0.0149547143  -0.0274649269   0.0117772804   0.0005449908
        0.0008830812   0.0025688065   0.0000973509   0.0000224081  -0.0001907692
       -0.0000161087  -0.0000255702  -0.0000278153   0.0000195701  -0.0001292303
       -0.0000616101   0.0107971565   0.0032095828   0.0042273440  -0.0224763374
       -0.0115530579  -0.0071301942   0.0000473873   0.0000433407   0.0000520432
        0.0000609801  -0.0000686441  -0.0000162907  -0.0000632663  -0.0003278147
        0.0000733573  -0.0000529684  -0.0000299134  -0.0000183792  -0.0000205591
        0.0000071710  -0.0000166531   0.0000586315   0.0000096262   0.0000268646
       -0.0041288029  -0.0056649304   0.0041966994  -0.0003813821  -0.0001627673
       -0.0002007881   0.0008989547  -0.0001317660   0.0007950280  -0.0062677308
        0.0070909154   0.0048321952  -0.0468145020   0.0362639634  -0.1540122324
       -0.0204157546  -0.0050196515  -0.0156302976   0.0303049302   0.0434236417
       -0.0840484999   0.2197894983  -0.0591897981   0.4173466222  -0.0000153334
        0.0011014657   0.0002021129  -0.0019077307   0.0000202514  -0.0020092235
       -0.1655337596  -0.0423335018  -0.1281441837  -0.0001042775   0.0000323910
        0.0000751221   0.0000003838   0.0001781261  -0.0001157940   0.0001775439
        0.0000930467  -0.0001271273   0.0002490670   0.0004489187  -0.0004874112
       -0.0000127326   0.0000518524  -0.0000806653   0.0001381291  -0.0000101887
       -0.0003968122   0.0005016929  -0.0007063117  -0.0003283216   0.0013129851
       -0.0017441189   0.0001184017   0.0005154426  -0.0004561461   0.0002913666
       -0.0092808570   0.0097719219  -0.0199746089  -0.0015686516  -0.0019184128
       -0.0015548927  -0.0009694469   0.0009462241   0.0018405040   0.0165421892
        0.0214281327  -0.0128099208   0.0003830933   0.0003962350   0.0002720261
       -0.0000199530   0.0001074733   0.0000452908  -0.0006098228  -0.0006861017
       -0.0001299598  -0.0252552346  -0.0075393023  -0.0139547050   0.0123775876
        0.0042627698   0.0041032227   0.0000481053  -0.0000290221   0.0000094238
       -0.0002045846  -0.0000369866  -0.0000590893   0.0002044468   0.0000409710
       -0.0000330574   0.0000146281   0.0000093411  -0.0000185896   0.0000296246
       -0.0000145313  -0.0000051694   0.0000022541  -0.0000241039  -0.0000066654
       -0.0146515552   0.0121498661   0.0165848989  -0.0011288107  -0.0016425532
        0.0044499344   0.0000334395  -0.0001890342  -0.0005121447  -0.0006419309
       -0.0025895290  -0.0012468571   0.0112795902  -0.0082122123  -0.0058155969
       -0.1330578771   0.0456465154   0.0293867405  -0.0000408272   0.0000440733
       -0.0011865645   0.0000149310   0.0000049176  -0.0000153334   0.3572593372
        0.0815751801   0.0340762434   0.0001905523   0.0017659975   0.0007347000
        0.0002339590  -0.0001382368  -0.0000090679   0.0009087081   0.0001614217
        0.0000046084  -0.0002703376   0.0006918669   0.0002491485  -0.0011171792
        0.0009935314   0.0011939939   0.0001657907  -0.0005618377  -0.0000565846
       -0.0002311782  -0.0001812540   0.0000382891   0.0000255474  -0.0000921836
       -0.0000611496   0.0000142631  -0.0001063975   0.0000794076  -0.0001116343
       -0.0003736969   0.0001618343   0.0004458924  -0.0004896052  -0.0000065146
        0.0009735858   0.0006050411  -0.0001267682  -0.0257239582   0.0285185295
        0.0120667156   0.0000566154  -0.0003517075   0.0001031009   0.0000318785
       -0.0000871349   0.0001334001  -0.1940220711  -0.1565317753  -0.0909876848
       -0.0003220549  -0.0006652109   0.0006017737  -0.0000094292   0.0001499156
       -0.0002743420   0.0000416286   0.0000339164   0.0001101282  -0.0000117577
        0.0001334784   0.0000716484  -0.0002223388  -0.0002012634   0.0000233231
       -0.0001443596  -0.0003599691   0.0003623263  -0.0000222130   0.0002873252
       -0.0000655012   0.0000324110   0.0000240883  -0.0000053841   0.0000468785
        0.0000109214  -0.0000064884  -0.0000254958  -0.0000229845  -0.0000562334
        0.0037464534   0.0034981747  -0.0059218188  -0.0001939771   0.0010802837
       -0.0001367429   0.0001777682   0.0003085360   0.0004229471  -0.0041431690
       -0.0049003348  -0.0028302052   0.0131227174  -0.0277476142  -0.0187706523
        0.0678383873  -0.1158882024  -0.0479573618   0.0004712631   0.0006873209
        0.0005417414   0.0008727339  -0.0010507409   0.0011014657   0.0815751801
        0.3682174328   0.2064859639  -0.0005475330  -0.0023353156   0.0005928387
       -0.0003821501   0.0001373837   0.0001628218  -0.0003887824  -0.0003245157
        0.0003306242   0.0002847591  -0.0004729599  -0.0002531218   0.0002720850
       -0.0003609614  -0.0004738470  -0.0002373305   0.0013563922   0.0001182638
        0.0001103507   0.0002048853  -0.0000513935  -0.0000470692   0.0000224898
        0.0000852192  -0.0001283685  -0.0000301096  -0.0000737642  -0.0003514379
        0.0005487311   0.0000053032   0.0007103892  -0.0017727314  -0.0007314424
        0.0011152103   0.0017284907   0.0010708078   0.0204405706  -0.0169567554
       -0.0064559244  -0.0004849303   0.0007524358  -0.0006110024  -0.0002505021
        0.0000023631  -0.0000779390  -0.1830014533  -0.2078427500  -0.1269832684
       -0.0011740879   0.0010123650   0.0011149742   0.0001165872  -0.0001210111
       -0.0000160901  -0.0000145549   0.0001065352  -0.0001062884   0.0001009331
       -0.0000347145   0.0000276439   0.0001650583   0.0001140314  -0.0000554213
        0.0000622135   0.0003164139  -0.0003095656   0.0001578342  -0.0002353125
       -0.0002229218   0.0000596412   0.0000082111  -0.0000606977  -0.0000319562
       -0.0000056730   0.0000125683  -0.0000228336  -0.0000227739   0.0000262857
        0.0248697889  -0.0200397775  -0.0191235232   0.0017715106   0.0025815737
       -0.0062287625   0.0000433825   0.0003247885   0.0004472752  -0.0020460358
       -0.0015184747  -0.0007784396   0.0050403365  -0.0140540620  -0.0060166678
        0.0451686639  -0.0472041669  -0.0774750253   0.0004093206  -0.0002160729
        0.0006968238   0.0006605597   0.0005120725   0.0002021129   0.0340762434
        0.2064859639   0.1787899272  -0.0006048875  -0.0008987498   0.0005547968
       -0.0000448654   0.0000175133   0.0003180674  -0.0007660612   0.0000533233
       -0.0004112222   0.0003711274   0.0001294375  -0.0000597865   0.0013817148
       -0.0014004416  -0.0012773232   0.0004246348   0.0002375820  -0.0008180276
        0.0001412580  -0.0000007714   0.0002168397   0.0000354128  -0.0000898885
        0.0000502389  -0.0000163530   0.0000897610   0.0000795270   0.0001709992
       -0.0000129933   0.0001821701   0.0003481583  -0.0007613986  -0.0002019193
       -0.0006822644   0.0000421660   0.0005075135  -0.0038688582   0.0038801046
        0.0079323913   0.0002299832  -0.0002986924   0.0000850376   0.0002787573
       -0.0001722793   0.0002081304  -0.1080288610  -0.1265647720  -0.0778128294
        0.0003058502  -0.0002760166  -0.0006659449   0.0003931658  -0.0001991939
       -0.0000277811   0.0001365909   0.0000056311   0.0000606453  -0.0001269622
       -0.0001573191   0.0000393163   0.0000934073  -0.0000650113   0.0000604814
        0.0000078226  -0.0001242887  -0.0000282596  -0.0000139169  -0.0002021787
        0.0003404131  -0.0001545788  -0.0000958360   0.0000115185  -0.0001091083
       -0.0000137385   0.0000476043   0.0001040642   0.0000062064   0.0000946815
       -0.0775531176  -0.0338534053  -0.0094966757   0.0059994877   0.0146214554
        0.0007343331  -0.0022895053   0.0026804544   0.0014671826  -0.0001252709
       -0.0002576608   0.0001251048  -0.0008345935  -0.0008371591   0.0006004085
       -0.0048844798  -0.0078175919   0.0037792924  -0.0148251733  -0.0201018429
       -0.0042937765  -0.0035954346  -0.0014737038  -0.0019077307   0.0001905523
       -0.0005475330  -0.0006048875   0.5213875445  -0.0270102731   0.0341002320
       -0.0007418340  -0.0007768973   0.0005156215   0.0004791722   0.0016219926
       -0.0001391010  -0.0001164078  -0.0000512510   0.0000951761   0.0004707839
        0.0001574957   0.0004760632  -0.0996486867  -0.0278546313   0.0628948181
        0.0003553575  -0.0005520804   0.0000789378   0.0001582137   0.0011710721
        0.0001333291   0.0000437453   0.0000761560   0.0000713588  -0.0000526723
        0.0000344563  -0.0000489093   0.0000152683   0.0000368737   0.0000080459
       -0.0001134086  -0.0001984054  -0.0000801038   0.0001964298   0.0003594782
       -0.0006294847   0.0000041694  -0.0020217364  -0.0003777844  -0.0003916053
       -0.0002549420  -0.0003218616   0.0002565108  -0.0005736508   0.0008500978
       -0.1432306030   0.0937205697   0.0386405478  -0.1912044741  -0.0007314966
       -0.1053412810   0.0000510220  -0.0000492665   0.0000452049  -0.0002869710
       -0.0000995287  -0.0001132948  -0.0000869853   0.0000273736  -0.0000756993
       -0.0000389363   0.0000245354   0.0000750479   0.0120590867   0.0098779186
       -0.0219485860  -0.0015100373   0.0004432003   0.0007502366  -0.0000633087
        0.0000999537  -0.0000883373  -0.0000738389   0.0001100706   0.0000264746
       -0.0374211514  -0.1506206365  -0.0174806978  -0.0016948285  -0.0249748601
       -0.0037429036   0.0024477131  -0.0020003663  -0.0013720436   0.0002024805
       -0.0000365781   0.0001449053  -0.0003352379   0.0000428943   0.0005478525
       -0.0086880707  -0.0081952806   0.0075163999  -0.0061344018  -0.0044125044
       -0.0023040419  -0.0002338548  -0.0002567259   0.0000202514   0.0017659975
       -0.0023353156  -0.0008987498  -0.0270102731   0.4302026422   0.0103492950
       -0.0001940596  -0.0000827943  -0.0000482801   0.0003627317  -0.0003474195
        0.0002209135  -0.0002069417  -0.0000136250   0.0000213959  -0.0005311978
        0.0003448543   0.0005056952  -0.0219465604  -0.0633967954   0.0531783416
       -0.0000989272  -0.0006343150  -0.0001134856  -0.0003657167  -0.0008618421
       -0.0001123696   0.0000200698  -0.0002085641   0.0000185705  -0.0000741293
       -0.0000219464  -0.0001198892   0.0001623599   0.0002539965   0.0000045057
        0.0001412613   0.0000566426  -0.0002597810   0.0003562340   0.0003556222
       -0.0007101866   0.0015171990   0.0006576542   0.0006840803   0.0001973133
        0.0001227155   0.0001054144  -0.0002883084   0.0005124099  -0.0005036655
        0.0950673800  -0.1288724407  -0.0442490003   0.0006540206  -0.0426310200
       -0.0031475561   0.0000824065  -0.0000336392   0.0000857987   0.0001197209
        0.0001778924  -0.0000503209  -0.0001257269  -0.0000871768  -0.0002129105
        0.0000038324  -0.0000186078   0.0000097440   0.0020263320  -0.0028766130
        0.0021145578   0.0001624283   0.0002094751   0.0000257721   0.0001759005
       -0.0000688281  -0.0001136987  -0.0001159952   0.0000510957  -0.0001139131
       -0.0068664726  -0.0138757925  -0.0586653546  -0.0031741300  -0.0086409638
        0.0000960775   0.0017646032  -0.0016046802  -0.0005498611   0.0000834398
        0.0001346425  -0.0000965212   0.0018917131   0.0020090601  -0.0033010126
        0.0099394054   0.0212716792  -0.0034494539  -0.0079595097  -0.0145927034
       -0.0022393964  -0.0021819219   0.0000815729  -0.0020092235   0.0007347000
        0.0005928387   0.0005547968   0.0341002320   0.0103492950   0.4553572343
       -0.0004702348  -0.0006407669   0.0003529916  -0.0008736772   0.0008509983
        0.0006541002   0.0001852616  -0.0002098064  -0.0003006834  -0.0000418437
       -0.0005108139  -0.0006661378   0.0367728824   0.0425645040  -0.1780274667
        0.0000176196   0.0000664479  -0.0009861976  -0.0001197786  -0.0007899147
       -0.0000298432  -0.0000963091   0.0000658893  -0.0000184294   0.0000431264
        0.0000483181  -0.0000251450  -0.0000434029   0.0000281562  -0.0000055485
        0.0007507635   0.0008572654   0.0002141873   0.0004458031   0.0005250229
       -0.0001041720   0.0004369380   0.0002528874   0.0013062949  -0.0007335169
       -0.0007108999  -0.0011027692  -0.0000844043   0.0003128933  -0.0006030080
        0.0404145467  -0.0431373155  -0.0584320498  -0.1112690187  -0.0032053208
       -0.1195344544  -0.0000274454  -0.0000051557   0.0000483866  -0.0002116143
       -0.0001611271  -0.0000549579  -0.0000356783   0.0000152694   0.0000019061
        0.0000358245   0.0000984188  -0.0000290929   0.0050229873   0.0086621792
       -0.0286777251   0.0016191018  -0.0003480405   0.0004384459   0.0001841762
       -0.0003483977  -0.0000757040  -0.0002541661  -0.0000056397  -0.0000402131
       -0.0015527919  -0.0020055968   0.0005630866  -0.0001468046   0.0000594798
       -0.0000142387   0.0001479054  -0.0000574695   0.0000149102   0.0012540484
       -0.0018033358  -0.0005861065  -0.0183573032   0.0001819669  -0.0129748463
       -0.0007421810   0.0006198638  -0.0014856366  -0.0194391328  -0.0138952066
       -0.0011379007  -0.4327350943  -0.1556113492  -0.1655337596   0.0002339590
       -0.0003821501  -0.0000448654  -0.0007418340  -0.0001940596  -0.0004702348
        0.6580053899   0.2370353242   0.2158013967  -0.0000121744   0.0000101929
       -0.0000029828  -0.0000095329   0.0000068512  -0.0000018120   0.0000189118
       -0.0000144641  -0.0001166386   0.0001070283  -0.0000050205  -0.0000720294
       -0.0000212939  -0.0000006333   0.0000033345   0.0000803386  -0.0000513607
        0.0000435560  -0.0004388562   0.0000808143   0.0000889825  -0.0000635758
        0.0001583300   0.0001274172   0.0001235997  -0.0000464814  -0.0000412596
        0.0005122529  -0.0007862833   0.0008314813  -0.0002750990  -0.0004253336
       -0.0001407848  -0.0000633063   0.0010756154  -0.0008723389   0.0002986462
        0.0005594162  -0.0013807874   0.0001225053   0.0000520313   0.0000666348
       -0.0000694026   0.0000385007   0.0000461909  -0.0000823504  -0.0001696150
        0.0000196201  -0.0810723843   0.0367943137  -0.0895621808  -0.1050899880
       -0.1013132735   0.0568432376  -0.0000107711   0.0000019486   0.0000004314
        0.0000190231  -0.0000176697   0.0000221519  -0.0000223930   0.0000782990
       -0.0000218720   0.0000234837   0.0000241081  -0.0000073403   0.0000063967
       -0.0000023885  -0.0000068471  -0.0000072194   0.0000046354   0.0000020307
       -0.0020934661  -0.0026289264   0.0014711839  -0.0002854988   0.0000107296
       -0.0001314276   0.0000377720  -0.0002048099   0.0000095673   0.0013393780
       -0.0010198408   0.0008424136   0.0068193719   0.0048767567   0.0023966929
        0.0009349510  -0.0008594135   0.0013694062  -0.0223643135  -0.0133957808
       -0.0046507064  -0.1552245553  -0.1096923380  -0.0423335018  -0.0001382368
        0.0001373837   0.0000175133  -0.0007768973  -0.0000827943  -0.0006407669
        0.2370353242   0.3811885694  -0.1445236338  -0.0000290201   0.0000662419
        0.0000813868   0.0000096380   0.0000268597  -0.0000038487   0.0000512351
       -0.0000193414  -0.0000649792   0.0000257370   0.0000604074  -0.0000428626
        0.0000053959   0.0000161286  -0.0000197485   0.0000484518  -0.0000073782
        0.0000513521  -0.0000683899   0.0000211266   0.0002221782   0.0004163561
       -0.0002192586   0.0001651641   0.0000836073   0.0004111997  -0.0000253133
        0.0008725289  -0.0000690699   0.0006215515   0.0002910115   0.0003425298
        0.0001415782  -0.0014691124   0.0001114478   0.0001695512  -0.0009206972
        0.0002347937  -0.0005540661   0.0000166167   0.0000101473   0.0000560314
       -0.0000266182   0.0001426426   0.0000650168  -0.0001992945  -0.0002580190
       -0.0000085088   0.0361723104  -0.0790544853   0.0905980710  -0.1006723511
       -0.1802302396   0.0948594895   0.0000219672  -0.0000057567  -0.0000195365
       -0.0000330082   0.0000057832  -0.0000288844   0.0000827401   0.0000652440
       -0.0000745705   0.0000399633   0.0000178908  -0.0000165001  -0.0000029270
       -0.0000010132   0.0000050092   0.0000000301   0.0000025831  -0.0000043017
        0.0011070251   0.0019336717  -0.0008136919  -0.0000336481   0.0000226653
        0.0000168421   0.0001394896  -0.0000667849  -0.0001571419  -0.0000620767
       -0.0013034543  -0.0012233084  -0.0245623643  -0.0042645173  -0.0142944854
       -0.0025358011   0.0010554140  -0.0035277956   0.0094201453   0.0025372718
        0.0045736909  -0.1662697026  -0.0426931580  -0.1281441837  -0.0000090679
        0.0001628218   0.0003180674   0.0005156215  -0.0000482801   0.0003529916
        0.2158013967  -0.1445236338   0.4553512141  -0.0000221893   0.0000235689
       -0.0000520989  -0.0000058784   0.0000424314   0.0000487468  -0.0000778677
        0.0000069634   0.0000327061  -0.0000551595   0.0000009317   0.0001518216
        0.0000142091  -0.0000215979   0.0000283965   0.0000096062  -0.0000384490
        0.0001461731   0.0000345993   0.0000387384   0.0002806903  -0.0003211488
        0.0005873412   0.0001585416  -0.0000321127   0.0001906683  -0.0001085063
       -0.0008522630  -0.0005702239   0.0007203228  -0.0007995680  -0.0008691613
       -0.0004264588   0.0006695556   0.0012959433   0.0002437148   0.0005916720
        0.0010825674   0.0001255696  -0.0000010171  -0.0000250427  -0.0000282912
       -0.0000209842   0.0000208195  -0.0000108697   0.0001544749   0.0001842472
        0.0000367767  -0.0884762339   0.0915118802  -0.2189985001   0.0556968573
        0.0938733149  -0.0948596672  -0.0000041567  -0.0000125225   0.0000222138
        0.0000459613  -0.0000359831   0.0000225202  -0.0000419617  -0.0000983219
       -0.0000110216  -0.0000172075  -0.0000083641  -0.0000011679  -0.0000209384
        0.0000045521   0.0000149450   0.0000207339   0.0000036821   0.0000112439
       -0.0248994002   0.0079181639  -0.0060825317  -0.1548750298  -0.0050493751
       -0.0576427063  -0.0154587174  -0.0083527471  -0.0069887975  -0.0002012798
       -0.0003586495   0.0001176716  -0.0004842124  -0.0002678431  -0.0000073649
       -0.0003728929   0.0000036641  -0.0000992332  -0.0013483881   0.0018216907
        0.0007839590  -0.0005335869  -0.0002105564  -0.0001042775   0.0009087081
       -0.0003887824  -0.0007660612   0.0004791722   0.0003627317  -0.0008736772
       -0.0000121744  -0.0000290201  -0.0000221893   0.4666975445   0.0349440569
        0.1008237493  -0.0938142750   0.0333578276  -0.0876327416  -0.0013457046
        0.0012279574  -0.0026729930  -0.0005053478  -0.0002718803   0.0004684992
       -0.1413928976  -0.0518042875   0.0493559177   0.0006664898   0.0011034055
        0.0002517441  -0.0006358443  -0.0009655647  -0.0001907228   0.0004135065
        0.0000332757   0.0001367420   0.0001183520   0.0000487496   0.0000071475
        0.0002010710   0.0000651354  -0.0001098442   0.0002695289  -0.0002467800
        0.0005977682  -0.0005513169  -0.0000092295  -0.0003348443   0.0001057036
        0.0001223617   0.0001154788  -0.0000953204   0.0000809228   0.0002043134
       -0.0001860583  -0.0004375720  -0.0000081580   0.0005172094   0.0002514963
       -0.0000456420   0.0000600734  -0.0000121459   0.0000811582   0.0000610942
        0.0000631896  -0.0000186820  -0.0116257842   0.0125355064  -0.0266439272
        0.0026557123  -0.0106481477   0.0196631761  -0.0002619551   0.0002300597
       -0.0001913023   0.0068837536   0.0015059335  -0.0016638647  -0.0077756102
       -0.0046223887   0.0100243163  -0.0236621230  -0.0120011580   0.0094679195
        0.0150366242  -0.0005634740   0.0083345512  -0.0056514755  -0.0591428363
       -0.0000950315  -0.0202418074  -0.0033418180  -0.0133541088  -0.0004076939
       -0.0001063516   0.0000654731  -0.0000569514  -0.0001556779   0.0001041738
       -0.0004052416   0.0004798298   0.0005362731   0.0028716202  -0.0021940171
       -0.0012341712  -0.0000244087  -0.0001672523   0.0000323910   0.0001614217
       -0.0003245157   0.0000533233   0.0016219926  -0.0003474195   0.0008509983
        0.0000101929   0.0000662419   0.0000235689   0.0349440569   0.3338193810
       -0.2685262626   0.0348418973  -0.1444412663   0.2033316298   0.0059566931
        0.0007942514   0.0058643263  -0.0000752145   0.0001959212   0.0003190746
       -0.0533705948  -0.0970801012   0.0355276332  -0.0012807471  -0.0000728130
       -0.0009567618  -0.0025503694  -0.0044078546  -0.0011263007   0.0000980728
       -0.0000772251   0.0002810302  -0.0000044283  -0.0001465583   0.0002530282
        0.0000135739  -0.0000508127  -0.0000289571  -0.0002082332   0.0002182502
        0.0002441152   0.0009771410  -0.0001671868   0.0003532080  -0.0001113979
       -0.0000752000  -0.0001585430   0.0000146408   0.0000318539  -0.0000623518
       -0.0001448160   0.0000896022  -0.0001725325   0.0003454762  -0.0008929411
       -0.0007920965   0.0000227959  -0.0000236855   0.0000136588   0.0000270889
        0.0000282246  -0.0000101617   0.0012794481  -0.0005869827  -0.0003436218
        0.0015955130  -0.0103018429   0.0152148112  -0.0001756376  -0.0000651137
       -0.0001743180  -0.0190855860  -0.0166655785   0.0176328622   0.0086994954
        0.0073131961  -0.0035112511  -0.0047231415  -0.0016382276   0.0015103398
        0.0011323468   0.0045498852   0.0070556787  -0.0419284602   0.0000929711
       -0.0941257002  -0.0051909779  -0.0049125633  -0.0005732881  -0.0000011394
        0.0000794331  -0.0001978222  -0.0000650689   0.0001344472  -0.0001923819
        0.0002902915  -0.0002937296   0.0004752250   0.0015924758  -0.0015463369
       -0.0004348300  -0.0002574890  -0.0002451937   0.0000751221   0.0000046084
        0.0003306242  -0.0004112222  -0.0001391010   0.0002209135   0.0006541002
       -0.0000029828   0.0000813868  -0.0000520989   0.1008237493  -0.2685262626
        0.6772219646  -0.0921051826   0.2043025367  -0.4179972911  -0.0265119744
        0.0029352341  -0.0218214514   0.0003470805  -0.0005422209  -0.0006025339
        0.0524116870   0.0369635393  -0.0972911028  -0.0003905546   0.0000512923
        0.0007087415  -0.0008031412  -0.0004580647   0.0006324794   0.0002977377
        0.0002639071  -0.0003143876   0.0000832142   0.0000414472  -0.0001214316
        0.0001047940   0.0000083802  -0.0000482724   0.0016641394  -0.0002255865
       -0.0009298850   0.0005661489  -0.0000844815   0.0004160316  -0.0000993943
       -0.0000078125   0.0000052236   0.0000686362  -0.0001474473   0.0001481949
        0.0001089254  -0.0002288155  -0.0000172512   0.0000455407  -0.0005123303
        0.0004481813  -0.0000236623   0.0000013014   0.0000049323   0.0000495765
        0.0000505431  -0.0000096065  -0.0078913117   0.0062011513  -0.0144876376
        0.0000106308   0.0080987990  -0.0169054062  -0.0001084340   0.0002275128
       -0.0000414379   0.0058481650   0.0087430941  -0.0082975259   0.0212423027
        0.0122039447  -0.0201708244  -0.0111731765  -0.0078514990   0.0071975139
       -0.0001716938  -0.0003990920  -0.0005969507  -0.0092660374   0.0114987560
       -0.0248171249   0.0001301469   0.0008887240  -0.0001997650   0.0004344941
       -0.0002206912   0.0003656232  -0.0000439552   0.0001076917  -0.0000971505
       -0.0000350904   0.0000517137  -0.0002772479  -0.0004687944   0.0002023118
        0.0001982996   0.0000183373  -0.0000463170   0.0000003838  -0.0002703376
        0.0002847591   0.0003711274  -0.0001164078  -0.0002069417   0.0001852616
       -0.0000095329   0.0000096380  -0.0000058784  -0.0938142750   0.0348418973
       -0.0921051826   0.5382173739   0.0861692788   0.1006989882  -0.0039157365
        0.0000403865  -0.0032738953   0.0000875463   0.0000107793  -0.0001492336
        0.0005920321  -0.0117085199   0.0186886077  -0.0000224042  -0.0001597002
       -0.0003486233  -0.0000981065  -0.0002623909   0.0001620715  -0.0013959188
       -0.0005013414  -0.0004186965  -0.0000607784   0.0000986926  -0.0000994205
       -0.0000792959  -0.0000006315  -0.0000490373  -0.0016747583   0.0011193844
       -0.0000400325  -0.0001441933   0.0000119135  -0.0000216091   0.0000257973
        0.0000017428   0.0000657777   0.0000021516   0.0000112411  -0.0000450138
        0.0000428169   0.0000346505  -0.0000295802  -0.0000799003   0.0001097658
        0.0000094614  -0.0000163808  -0.0000058964  -0.0000049515  -0.0000332021
       -0.0000228965  -0.0000048804  -0.2617713980  -0.0179619323  -0.0928533358
       -0.1631327252  -0.1000255044   0.0879359567   0.0000905093  -0.0000377963
        0.0000553472  -0.0021317931  -0.0019067241   0.0021753786  -0.0017379330
       -0.0013322580   0.0023625172   0.0008494436  -0.0006946931   0.0021628083
       -0.0008003601   0.0003481834   0.0001114146   0.0049807346  -0.0011765193
        0.0016690224  -0.0011062579  -0.0003887819  -0.0003660530   0.0003906125
       -0.0001468311   0.0003627565  -0.0000878981  -0.0001462696  -0.0000399534
       -0.0005297352   0.0001105096  -0.0008425831   0.0000319482   0.0000411733
        0.0002195943   0.0000292649   0.0000132932   0.0001781261   0.0006918669
       -0.0004729599   0.0001294375  -0.0000512510  -0.0000136250  -0.0002098064
        0.0000068512   0.0000268597   0.0000424314   0.0333578276  -0.1444412663
        0.2043025367   0.0861692788   0.3049760434  -0.3056299585  -0.0003740441
        0.0007527431  -0.0004584371  -0.0000018335   0.0000312518   0.0001405987
       -0.0030883876  -0.0106097609   0.0205753371  -0.0003647271   0.0005204559
        0.0000160093  -0.0003011563   0.0000886357  -0.0000634592  -0.0008163038
       -0.0004472308  -0.0005965875   0.0000097868   0.0001250619  -0.0000023007
       -0.0000630020   0.0000550597   0.0000409349   0.0006829090   0.0001136671
        0.0004674883  -0.0000494722   0.0000884365  -0.0000090638   0.0000590103
       -0.0000131315   0.0000442717  -0.0001035271   0.0001658506  -0.0000074171
       -0.0000395051   0.0000825209   0.0000077901   0.0002519044  -0.0002388870
        0.0001374703   0.0000247093  -0.0000161390  -0.0000118249   0.0000096700
        0.0000068414  -0.0000059622  -0.0175932255  -0.0355796634  -0.0001726779
       -0.1004597628  -0.1119190573   0.0778841090   0.0000503610  -0.0000464153
        0.0000424388  -0.0019593455  -0.0014796831   0.0016361950  -0.0002273449
       -0.0004841719   0.0001863970   0.0012704043   0.0000738064   0.0002217250
        0.0023249287  -0.0012979337  -0.0010264600  -0.0139981125   0.0057552636
       -0.0167004596   0.0013497309   0.0012150998  -0.0000313875  -0.0006678847
       -0.0003405463  -0.0001043129   0.0001612867  -0.0001519561   0.0000697887
       -0.0003921215   0.0002408149   0.0000086653  -0.0004448678   0.0003106451
       -0.0000128847   0.0000072812   0.0002065184  -0.0001157940   0.0002491485
       -0.0002531218  -0.0000597865   0.0000951761   0.0000213959  -0.0003006834
       -0.0000018120  -0.0000038487   0.0000487468  -0.0876327416   0.2033316298
       -0.4179972911   0.1006989882  -0.3056299585   0.6464428299  -0.0022451568
       -0.0000996232  -0.0015340938  -0.0001629924  -0.0000146338   0.0002871414
        0.0046640332   0.0168180650  -0.0237654639  -0.0002507366   0.0000098019
        0.0001322530  -0.0001113479  -0.0001347510   0.0001216651   0.0003319281
        0.0002129618  -0.0001146735  -0.0002199238   0.0001095860  -0.0001687617
        0.0000121452   0.0000254775   0.0000234950  -0.0000051110  -0.0005432837
        0.0004575377  -0.0000754562  -0.0000429747  -0.0000308877   0.0000591181
       -0.0000032657   0.0001574593  -0.0001246769   0.0001752914  -0.0000075603
        0.0000901451   0.0000303515   0.0001003924   0.0000224204   0.0004988920
        0.0000763776   0.0000469452  -0.0000138548   0.0000296266   0.0000129086
        0.0000024581   0.0000016161  -0.0947214436  -0.0007539713  -0.0787917220
        0.0898858359   0.0793732178  -0.1075384619   0.0000950673  -0.0000145391
        0.0000150629   0.0017518550   0.0006157350  -0.0003926526   0.0004951564
        0.0009300528   0.0002050755  -0.0012997139  -0.0005849958   0.0005156040
       -0.0078334316  -0.0011809050   0.0209466760  -0.0473259249  -0.0120350883
        0.0403574457  -0.0033590004  -0.0072876565   0.0097820143  -0.0003701520
       -0.0024509470   0.0001946186   0.0001941922   0.0000603332  -0.0001589481
       -0.0015377442   0.0025239069   0.0006831782   0.0006097317  -0.0000640850
        0.0015719929  -0.0002565323  -0.0002916409   0.0001775439  -0.0011171792
        0.0002720850   0.0013817148   0.0004707839  -0.0005311978  -0.0000418437
        0.0000189118   0.0000512351  -0.0000778677  -0.0013457046   0.0059566931
       -0.0265119744  -0.0039157365  -0.0003740441  -0.0022451568   0.0707795720
        0.0153206719  -0.0430442230  -0.0000403710  -0.0000500629  -0.0001678035
       -0.0006126887   0.0002950278  -0.0020481047  -0.0001739987  -0.0000059347
        0.0000165821  -0.0002297408  -0.0009676581   0.0009352590  -0.0001522443
       -0.0000268432   0.0000907549  -0.0003350393  -0.0002356465   0.0003303163
        0.0000547909   0.0000077140  -0.0000857795  -0.0000637810   0.0000593068
       -0.0001213932   0.0001216699  -0.0000806786  -0.0001044445  -0.0011312833
        0.0002279509  -0.0007446131   0.0000148814  -0.0000500955   0.0000039744
       -0.0000902786  -0.0001189882  -0.0000035041  -0.0000985466  -0.0000051102
       -0.0001318386  -0.0000387754   0.0000176357  -0.0000270299   0.0000830301
        0.0000509440  -0.0000171231  -0.0007109216   0.0011389278  -0.0006947996
       -0.0001217422  -0.0002878816   0.0001509273  -0.0001132619   0.0004357803
       -0.0000617117  -0.0002977839  -0.0008810649  -0.0004810731  -0.0010729571
        0.0005500164   0.0000358025  -0.0000027440  -0.0000427000   0.0001104311
        0.0072057924   0.0031743559  -0.0185934239  -0.0121374780  -0.0578676151
        0.0598426294  -0.0103033681  -0.0139582335   0.0246675386  -0.0013951151
       -0.0046439820  -0.0003780444   0.0001214166   0.0000652541  -0.0001697432
        0.0017072294  -0.0018531890  -0.0004126910  -0.0003338092   0.0003390890
       -0.0004670206  -0.0000583404  -0.0000224011   0.0000930467   0.0009935314
       -0.0003609614  -0.0014004416   0.0001574957   0.0003448543  -0.0005108139
       -0.0000144641  -0.0000193414   0.0000069634   0.0012279574   0.0007942514
        0.0029352341   0.0000403865   0.0007527431  -0.0000996232   0.0153206719
        0.0742745145  -0.0662296098  -0.0000277838   0.0000945533   0.0001005544
       -0.0010302651   0.0003201123  -0.0008819119   0.0001223350  -0.0004364472
        0.0000108212  -0.0005720216   0.0003616727   0.0010546565  -0.0000745089
       -0.0000549757   0.0000109960  -0.0008520739  -0.0005211591   0.0008286189
        0.0000739784  -0.0000529299  -0.0000898238  -0.0000598103  -0.0001615727
        0.0000332808  -0.0000821042  -0.0000927372  -0.0001519240   0.0000650742
        0.0003536209   0.0001568949   0.0000400976   0.0000310992  -0.0000207935
       -0.0001021709   0.0001822034   0.0002089679   0.0000023487  -0.0000072951
        0.0000399813   0.0000017191   0.0000023376  -0.0000273943   0.0000131416
        0.0000021817   0.0000032165   0.0000679557   0.0000421834   0.0000557793
       -0.0000408903  -0.0000030201  -0.0000748062   0.0005443503  -0.0006789170
        0.0000511304  -0.0006867218  -0.0003998896  -0.0004437227   0.0002570275
        0.0001964687  -0.0001413932  -0.0001915837  -0.0001968285  -0.0000071288
        0.0077293989   0.0002512091  -0.0172075970   0.0392424468   0.0595515670
       -0.2377576238   0.0006883434   0.0013027863  -0.0020535380  -0.0000305559
        0.0007661031   0.0010394985  -0.0001112349  -0.0000497608   0.0000170896
        0.0011623650  -0.0021271239  -0.0001571390  -0.0014755408   0.0003950631
        0.0011278038   0.0000743565   0.0001051774  -0.0001271273   0.0011939939
       -0.0004738470  -0.0012773232   0.0004760632   0.0005056952  -0.0006661378
       -0.0001166386  -0.0000649792   0.0000327061  -0.0026729930   0.0058643263
       -0.0218214514  -0.0032738953  -0.0004584371  -0.0015340938  -0.0430442230
       -0.0662296098   0.2759418975  -0.0004543328   0.0006634979   0.0010903490
        0.0018815736   0.0004829031   0.0010702700   0.0000250656   0.0003408818
       -0.0001482206  -0.0004412251  -0.0010328807   0.0014224607  -0.0000133790
       -0.0001156627   0.0001706616   0.0002088535   0.0001191747  -0.0002183825
       -0.0000806006  -0.0000162972   0.0001002086  -0.0000526822  -0.0000331805
        0.0002119967  -0.0001299976   0.0000636779  -0.0000107443   0.0001559777
        0.0000878724   0.0004585579  -0.0000250343   0.0001674146   0.0000201076
       -0.0001888412   0.0001758425  -0.0000985936   0.0000450240  -0.0000318282
       -0.0002348768   0.0000228108  -0.0000049964   0.0000542200  -0.0000109920
       -0.0000204714  -0.0000200870  -0.0006455446   0.0009355744  -0.0005883347
       -0.0000708610  -0.0002784822   0.0002092843   0.0001325481  -0.0003485043
        0.0001352919  -0.0003889207  -0.0007686104   0.0001500357  -0.0003740448
        0.0001643469   0.0004720787   0.0005627167   0.0001115581   0.0001967526
       -0.0051526183  -0.0102553406   0.0180085569   0.0002093644   0.0010582366
        0.0002082127   0.0000957485   0.0000313131  -0.0001039231   0.0000150452
        0.0000575365  -0.0000644941  -0.0006001780  -0.0005425760   0.0009229034
       -0.0010690397  -0.0034943160  -0.0010753391   0.0000568122  -0.0007265699
        0.0008950496   0.0003569139   0.0001484384   0.0002490670   0.0001657907
       -0.0002373305   0.0004246348  -0.0996486867  -0.0219465604   0.0367728824
        0.0001070283   0.0000257370  -0.0000551595  -0.0005053478  -0.0000752145
        0.0003470805   0.0000875463  -0.0000018335  -0.0001629924  -0.0000403710
       -0.0000277838  -0.0004543328   0.3986587681   0.0516692964   0.1138137634
       -0.0007283091   0.0010168141  -0.0006697700   0.0000611587  -0.0000722770
        0.0000061784  -0.0000926262  -0.0000028638  -0.0000002773   0.0000011090
        0.0000257076   0.0000124836  -0.0000180828  -0.0000283287  -0.0000352765
       -0.0002415761  -0.0002803409  -0.0000442616  -0.0001111069  -0.0000976328
        0.0002859001   0.0000954294   0.0001226045  -0.0000270588  -0.0001656133
        0.0000327038  -0.0000848956  -0.0002399504   0.0000577762  -0.0005140428
       -0.0122680220  -0.0068544936   0.0319400149   0.0085681976   0.0072880232
       -0.0225081736  -0.0000206625   0.0000419703  -0.0000336794  -0.0000110634
       -0.0000227423   0.0000277452   0.0000319550   0.0000235115   0.0000241335
        0.0000279303   0.0000354521  -0.0001180396  -0.2864059668  -0.0181282910
       -0.1778863626  -0.0012124423   0.0013894894  -0.0001057215   0.0001143244
       -0.0002225995   0.0000685449  -0.0001214589  -0.0000075157  -0.0000633508
       -0.0151329891  -0.0159293386   0.0330406538  -0.0000002399   0.0006217043
        0.0004462478  -0.0001813171   0.0006374361   0.0003206082  -0.0000992535
        0.0000744299  -0.0001025613  -0.0011506114  -0.0008546373   0.0015676760
       -0.0014423839  -0.0073418332  -0.0027966139   0.0007892983   0.0003695716
        0.0002129178   0.0004762359   0.0001295303   0.0004489187  -0.0005618377
        0.0013563922   0.0002375820  -0.0278546313  -0.0633967954   0.0425645040
       -0.0000050205   0.0000604074   0.0000009317  -0.0002718803   0.0001959212
       -0.0005422209   0.0000107793   0.0000312518  -0.0000146338  -0.0000500629
        0.0000945533   0.0006634979   0.0516692964   0.0861290407  -0.0803267618
        0.0010705710   0.0001284246   0.0003430726   0.0000728790   0.0000935284
        0.0000433940  -0.0000253865   0.0000413819   0.0000333720   0.0000152066
        0.0000542268   0.0000617069  -0.0001135627  -0.0000964416   0.0000067306
       -0.0004781196  -0.0005297848   0.0000200948  -0.0001431593  -0.0000259155
        0.0003008965  -0.0002612792   0.0002464693   0.0000274169   0.0001438438
       -0.0000844556   0.0003636094   0.0000886443  -0.0002184873   0.0001042057
        0.0022359112   0.0089528471  -0.0098498970   0.0007363847  -0.0003587480
        0.0047486149  -0.0000460030   0.0000232134  -0.0000619532  -0.0000262526
       -0.0000611502   0.0000118457   0.0001358276  -0.0000114238   0.0000968289
       -0.0000317408   0.0000180301   0.0000436698  -0.0098695646  -0.0085281262
        0.0075931916   0.0001994402  -0.0014510342  -0.0000509291  -0.0001935282
       -0.0000093278   0.0001468729   0.0002945058  -0.0003608612   0.0002965100
        0.0076001978   0.0126085180  -0.0118231833   0.0005599137  -0.0012673330
       -0.0004752949  -0.0002860417  -0.0000325784   0.0001369036  -0.0000023263
       -0.0001812215   0.0001479548   0.0008771150   0.0004497803  -0.0008227954
        0.0006187654   0.0023964899   0.0027592220  -0.0021503379  -0.0012757423
        0.0008188593  -0.0002130877  -0.0000591155  -0.0004874112  -0.0000565846
        0.0001182638  -0.0008180276   0.0628948181   0.0531783416  -0.1780274667
       -0.0000720294  -0.0000428626   0.0001518216   0.0004684992   0.0003190746
       -0.0006025339  -0.0001492336   0.0001405987   0.0002871414  -0.0001678035
        0.0001005544   0.0010903490   0.1138137634  -0.0803267618   0.4326217325
       -0.0003880778   0.0002442707   0.0004267206  -0.0000936162   0.0001622082
       -0.0000307247   0.0000938188  -0.0000337258   0.0000405874  -0.0000134477
       -0.0000569218  -0.0000314021   0.0000306113   0.0000940669   0.0000564255
        0.0002248495   0.0002730138   0.0000467815  -0.0000063743  -0.0002065734
       -0.0002199347   0.0000111514  -0.0007302430  -0.0005633904   0.0002511006
        0.0005060709   0.0005371932   0.0001682063   0.0000955149   0.0008552721
        0.0197737813   0.0032503808  -0.0313230910   0.0030828161   0.0097833572
       -0.0317073387   0.0000979461  -0.0000298589   0.0000453568  -0.0000350410
        0.0000060024  -0.0000044684   0.0000057419  -0.0000886477  -0.0000297210
       -0.0000200049  -0.0001658093   0.0001049583  -0.2062013977   0.0012258157
       -0.1832581953  -0.0007178578  -0.0005174376  -0.0000164211  -0.0000692691
        0.0000481699   0.0001536436   0.0000694351   0.0000143400  -0.0000395228
       -0.0010610077  -0.0005449362  -0.0005492724  -0.0248175517  -0.0129033834
        0.0063664256  -0.0026638270   0.0006531224  -0.0012230768  -0.0001340304
       -0.0003820335   0.0000959316   0.0000860257  -0.0000040188  -0.0000081285
        0.0000826174  -0.0000355242  -0.0000983610  -0.0002792015   0.0003456620
        0.0000609732   0.0001371737   0.0000331173  -0.0000127326  -0.0002311782
        0.0001103507   0.0001412580   0.0003553575  -0.0000989272   0.0000176196
       -0.0000212939   0.0000053959   0.0000142091  -0.1413928976  -0.0533705948
        0.0524116870   0.0005920321  -0.0030883876   0.0046640332  -0.0006126887
       -0.0010302651   0.0018815736  -0.0007283091   0.0010705710  -0.0003880778
        0.4966073098  -0.0128448201   0.0367469637   0.0000084845   0.0001995280
        0.0000603770  -0.0003694849  -0.0007925377  -0.0002456245  -0.0000670181
        0.0000254637  -0.0000978619  -0.0001237952  -0.0000492980   0.0001337177
       -0.0000326203  -0.0000206375  -0.0000120845  -0.0000885139   0.0000009401
       -0.0000478916  -0.0001681013   0.0000051285  -0.0000610797   0.0000016513
       -0.0000394572   0.0000611591   0.0000586261  -0.0000270399  -0.0000150870
       -0.0000677909  -0.0000062572   0.0000559433  -0.0005751619   0.0003721146
        0.0001526330  -0.0000193632  -0.0000009070  -0.0000131551  -0.0000168620
       -0.0000120820  -0.0000009076   0.0008621158   0.0025618449  -0.0005696225
        0.0020457396  -0.0016447072  -0.0032136575  -0.0001009463  -0.0000896981
        0.0001611492  -0.0703423575   0.0727329203  -0.0273155002  -0.0563703267
        0.0299234193   0.0435504584  -0.2005528055  -0.0210540658  -0.1127039913
        0.0001012952  -0.0008472885  -0.0002612847  -0.0050333207   0.0005256044
        0.0004008325  -0.0003931437  -0.0003032318  -0.0001775923   0.0000983888
       -0.0000565035   0.0000191371   0.0000568056   0.0000253959  -0.0000375854
        0.0001972736  -0.0000964317   0.0002693342  -0.0001041532   0.0002017970
       -0.0000263958  -0.0000111162  -0.0000481156   0.0000518524  -0.0001812540
        0.0002048853  -0.0000007714  -0.0005520804  -0.0006343150   0.0000664479
       -0.0000006333   0.0000161286  -0.0000215979  -0.0518042875  -0.0970801012
        0.0369635393  -0.0117085199  -0.0106097609   0.0168180650   0.0002950278
        0.0003201123   0.0004829031   0.0010168141   0.0001284246   0.0002442707
       -0.0128448201   0.4927071143  -0.0032239877  -0.0000713487   0.0000744005
        0.0000140916  -0.0000948216   0.0000447832  -0.0000461008   0.0000176867
        0.0000883987  -0.0000673765  -0.0000082570   0.0000175662  -0.0000106117
        0.0000301537   0.0000280955  -0.0000105894   0.0000371476  -0.0001438979
       -0.0000833064  -0.0000264084   0.0000101704  -0.0000276018   0.0000123296
        0.0000206000   0.0000032858  -0.0000191539  -0.0000510481   0.0000397712
        0.0001248043   0.0000803418  -0.0000137864   0.0004204505  -0.0000041097
        0.0000231979  -0.0000124968   0.0000073808  -0.0000123480   0.0000139048
        0.0000107404   0.0000044473   0.0003839276  -0.0033410482  -0.0030875764
       -0.0026230282   0.0080802332   0.0076071531  -0.0002264685  -0.0001723353
       -0.0001271745   0.0720971003  -0.2366545462   0.0641098119   0.0319647545
       -0.1045893267  -0.1042313442  -0.0211525523  -0.0479601127  -0.0156511100
       -0.0009015787  -0.0006653837  -0.0003153801  -0.0076686743  -0.0028501262
        0.0034838431  -0.0018360790  -0.0006108153  -0.0002895575  -0.0000052326
       -0.0000827841  -0.0001733742   0.0000230258  -0.0000331927   0.0000437191
       -0.0000808978   0.0001334634  -0.0002693859  -0.0001229771   0.0002706459
        0.0000919703   0.0000853206   0.0001017107  -0.0000806653   0.0000382891
       -0.0000513935   0.0002168397   0.0000789378  -0.0001134856  -0.0009861976
        0.0000033345  -0.0000197485   0.0000283965   0.0493559177   0.0355276332
       -0.0972911028   0.0186886077   0.0205753371  -0.0237654639  -0.0020481047
       -0.0008819119   0.0010702700  -0.0006697700   0.0003430726   0.0004267206
        0.0367469637  -0.0032239877   0.4970314314   0.0000246147   0.0000491821
       -0.0000899373  -0.0001182873  -0.0001941340  -0.0000659018  -0.0000983008
       -0.0001425349   0.0001513023  -0.0000339303  -0.0000752755   0.0001311887
       -0.0000377330   0.0000052673   0.0000321915  -0.0000702356   0.0001112953
        0.0001117670  -0.0001039714   0.0000229681  -0.0000375632   0.0000566436
       -0.0000122932   0.0000858098  -0.0000564797   0.0000437025  -0.0000395266
        0.0001034687  -0.0000010551   0.0002108733   0.0004524257  -0.0002622967
        0.0003395431   0.0000213454  -0.0000024560   0.0000221326  -0.0000207285
       -0.0000201880   0.0000006772   0.0027252260  -0.0017842769  -0.0005673121
       -0.0020902903   0.0066354144  -0.0007838962   0.0002930261  -0.0000465552
        0.0000258128  -0.0263066200   0.0631369346  -0.0610038912   0.0460630788
       -0.1012956789  -0.1942699609  -0.1124903349  -0.0145870534  -0.1234753724
       -0.0003600507  -0.0013694265  -0.0003035481   0.0065138554  -0.0065814399
       -0.0012313168  -0.1707195750   0.1155172618   0.0120935321  -0.0156845605
        0.0116526096   0.0051541286  -0.0022522622  -0.0013659822   0.0028815742
       -0.0000814670  -0.0001723069  -0.0000781366  -0.0000654705   0.0001631120
        0.0000573612   0.0000619116  -0.0001605963   0.0001381291   0.0000255474
       -0.0000470692   0.0000354128   0.0001582137  -0.0003657167  -0.0001197786
        0.0000803386   0.0000484518   0.0000096062   0.0006664898  -0.0012807471
       -0.0003905546  -0.0000224042  -0.0003647271  -0.0002507366  -0.0001739987
        0.0001223350   0.0000250656   0.0000611587   0.0000728790  -0.0000936162
        0.0000084845  -0.0000713487   0.0000246147   0.1994462807  -0.1307676017
       -0.0160286245  -0.0176691429   0.0143859425  -0.0025343328   0.0009670768
        0.0001871447  -0.0004480180  -0.0004227004  -0.0001776675  -0.0000399888
       -0.0006335189   0.0007787814   0.0004354668  -0.0000047433   0.0000295202
        0.0000634956   0.0000392072  -0.0000708686   0.0000503344  -0.0000415826
       -0.0001450663   0.0001453832   0.0000522014   0.0000069798  -0.0000139018
        0.0000083175  -0.0001668500   0.0000037243   0.0000322941   0.0000094621
        0.0000229105   0.0000032331   0.0000128102   0.0000259668   0.0000142583
        0.0000103763   0.0000127996  -0.0001053909   0.0001009841   0.0001276213
        0.0001083939   0.0000136781   0.0001312101  -0.0000268113  -0.0000401378
        0.0000318079   0.0000012823   0.0000698343   0.0000102786  -0.0000001799
       -0.0000623887   0.0000539525   0.0000153138   0.0000277784  -0.0000018227
       -0.0023830160  -0.0050633827   0.0002824985   0.0174181315  -0.0243634008
       -0.0034519802   0.1153256235  -0.1429125162  -0.0119205442  -0.0033903384
        0.0038499805   0.0007874415  -0.0004262295   0.0005833437   0.0004691660
       -0.0001186461   0.0000682756   0.0003744337  -0.0001081932   0.0000720009
       -0.0000695034   0.0000390029  -0.0000964751  -0.0000101887  -0.0000921836
        0.0000224898  -0.0000898885   0.0011710721  -0.0008618421  -0.0007899147
       -0.0000513607  -0.0000073782  -0.0000384490   0.0011034055  -0.0000728130
        0.0000512923  -0.0001597002   0.0005204559   0.0000098019  -0.0000059347
       -0.0004364472   0.0003408818  -0.0000722770   0.0000935284   0.0001622082
        0.0001995280   0.0000744005   0.0000491821  -0.1307676017   0.1684710236
        0.0129929532   0.0027024864  -0.0001066696   0.0011075554  -0.0002655783
        0.0004625132  -0.0000842959   0.0000955276  -0.0000121543  -0.0000497426
       -0.0001435231   0.0000457463   0.0001075588  -0.0000054929  -0.0000540599
       -0.0001219326  -0.0000944154   0.0000660237   0.0000054910  -0.0000092544
        0.0000099917  -0.0000245151   0.0000246108   0.0000327472   0.0000835631
       -0.0001564679  -0.0004819759  -0.0000388834   0.0000452357   0.0000008189
       -0.0000023200  -0.0000152983  -0.0000126989   0.0000012381   0.0000004803
        0.0000163001  -0.0000068602   0.0000926201  -0.0001094022  -0.0000741492
        0.0000458583   0.0001227604  -0.0001544715   0.0000054443   0.0000314503
       -0.0000675121   0.0000824375   0.0000665633  -0.0000141670  -0.0001616233
       -0.0000593718   0.0001995551   0.0000756704   0.0000401739  -0.0000155026
       -0.0003033331  -0.0009185797   0.0000160876   0.0015221566  -0.0027569957
        0.0005594692   0.0114111722  -0.0112468851  -0.0437124178   0.0203437309
       -0.0145633442  -0.0051966329   0.0035862677   0.0010213292  -0.0033522196
        0.0000708717   0.0001874615   0.0001908580  -0.0001479292   0.0002281016
        0.0001310754  -0.0001723379   0.0002842075  -0.0003968122  -0.0000611496
        0.0000852192   0.0000502389   0.0001333291  -0.0001123696  -0.0000298432
        0.0000435560   0.0000513521   0.0001461731   0.0002517441  -0.0009567618
        0.0007087415  -0.0003486233   0.0000160093   0.0001322530   0.0000165821
        0.0000108212  -0.0001482206   0.0000061784   0.0000433940  -0.0000307247
        0.0000603770   0.0000140916  -0.0000899373  -0.0160286245   0.0129929532
        0.0519984925  -0.0221602192   0.0174993760  -0.0002988545   0.0004080600
       -0.0008994340   0.0004572427   0.0000316495   0.0000452049   0.0000093287
        0.0008690518  -0.0009298454  -0.0005572811   0.0000116850  -0.0000168529
       -0.0000833831   0.0000265625   0.0000275894   0.0000544669   0.0000023081
       -0.0001701007   0.0001059933  -0.0000244838  -0.0000131925  -0.0000041957
        0.0000011639  -0.0000499754  -0.0000233835   0.0000232432  -0.0000046235
       -0.0000133069   0.0000173316  -0.0000199551   0.0000348490  -0.0000284385
       -0.0000022545  -0.0000256950   0.0001245375   0.0000658511  -0.0000540588
        0.0001777759   0.0000361920  -0.0004504404  -0.0000022872  -0.0000118043
        0.0000106362   0.0000106386   0.0000403492  -0.0000406380   0.0001423728
        0.0000678908  -0.0000587801  -0.0000149199  -0.0000444193  -0.0000390803
       -0.0001399881  -0.0000947002  -0.0001536604  -0.0088238843  -0.0053308286
       -0.0095972253  -0.1142839434  -0.0028805578  -0.1078790515   0.0076569339
       -0.0008037529   0.0149944657   0.0003896098  -0.0002285923  -0.0000636456
       -0.0001188839   0.0001479644  -0.0001156765  -0.0002515032   0.0008329777
        0.0001740431  -0.0002228684   0.0006512744   0.0005016929   0.0000142631
       -0.0001283685  -0.0000163530   0.0000437453   0.0000200698  -0.0000963091
       -0.0004388562  -0.0000683899   0.0000345993  -0.0006358443  -0.0025503694
       -0.0008031412  -0.0000981065  -0.0003011563  -0.0001113479  -0.0002297408
       -0.0005720216  -0.0004412251  -0.0000926262  -0.0000253865   0.0000938188
       -0.0003694849  -0.0000948216  -0.0001182873  -0.0176691429   0.0027024864
       -0.0221602192   0.1353391889   0.0089067616   0.1212002117  -0.0009073473
       -0.0007048329   0.0032006270   0.0010438340   0.0001284650   0.0008917647
       -0.0000972782  -0.0000428247  -0.0000880233  -0.0000688838  -0.0000413829
        0.0000657985  -0.0000566833   0.0000929297   0.0001157377   0.0002110034
        0.0003399111   0.0000153022   0.0000109165   0.0000338219   0.0000152410
        0.0000029596   0.0000107389   0.0000246060  -0.0000085038   0.0000385636
        0.0000169754  -0.0000547090   0.0000498533  -0.0000543337   0.0000051876
       -0.0000942294  -0.0000215661  -0.0000214773   0.0001694361   0.0001455395
       -0.0000877232  -0.0001497701   0.0001578604   0.0000816145  -0.0000281655
       -0.0000117936   0.0000100066  -0.0000041172  -0.0000192608  -0.0000780979
        0.0000176132  -0.0000136921  -0.0000536863   0.0000014013   0.0001165277
       -0.0005209942  -0.0000152614  -0.0001099594  -0.0190080230  -0.0072300367
       -0.0215488328  -0.0027828979  -0.0421154400  -0.0093301700   0.0014170249
       -0.0002207965   0.0073637299  -0.0000788598   0.0001781755  -0.0001813191
        0.0001577360  -0.0000424904  -0.0001317766   0.0003541863  -0.0007466393
       -0.0004615185   0.0008569759   0.0001265703  -0.0007063117  -0.0001063975
       -0.0000301096   0.0000897610   0.0000761560  -0.0002085641   0.0000658893
        0.0000808143   0.0000211266   0.0000387384  -0.0009655647  -0.0044078546
       -0.0004580647  -0.0002623909   0.0000886357  -0.0001347510  -0.0009676581
        0.0003616727  -0.0010328807  -0.0000028638   0.0000413819  -0.0000337258
       -0.0007925377   0.0000447832  -0.0001941340   0.0143859425  -0.0001066696
        0.0174993760   0.0089067616   0.0550864716   0.0047820119  -0.0008386867
        0.0003489368   0.0019251443   0.0001423115   0.0001235442   0.0013640396
        0.0000215972  -0.0001153996   0.0000477563  -0.0000646906  -0.0000703858
        0.0001112467  -0.0001208867  -0.0000574144   0.0001391587   0.0003328393
       -0.0011648829   0.0006372744   0.0000296739   0.0000206405  -0.0000037156
        0.0000291882  -0.0000252942   0.0000228375   0.0000618521   0.0001000505
        0.0000505100   0.0000476992  -0.0000194918   0.0000436443  -0.0001256604
       -0.0000738231   0.0000604859  -0.0001070229   0.0003388311   0.0001295890
        0.0000160607  -0.0001602744  -0.0000965103   0.0000124850  -0.0000822120
        0.0000087764   0.0000359757   0.0000770710  -0.0000511742  -0.0000351949
       -0.0000139803  -0.0000079713  -0.0001849503  -0.0000508708   0.0001028460
       -0.0003114308  -0.0001893943  -0.0001809242  -0.0043198425  -0.0011516012
       -0.0041579888  -0.1074404261  -0.0093131313  -0.2005578262  -0.0104025706
        0.0029356263  -0.0282131498  -0.0004297345   0.0002392923   0.0002217247
       -0.0001171843  -0.0001082296  -0.0001788020  -0.0001819591   0.0001322861
        0.0004116695   0.0006223909  -0.0005133031  -0.0003283216   0.0000794076
       -0.0000737642   0.0000795270   0.0000713588   0.0000185705  -0.0000184294
        0.0000889825   0.0002221782   0.0002806903  -0.0001907228  -0.0011263007
        0.0006324794   0.0001620715  -0.0000634592   0.0001216651   0.0009352590
        0.0010546565   0.0014224607  -0.0000002773   0.0000333720   0.0000405874
       -0.0002456245  -0.0000461008  -0.0000659018  -0.0025343328   0.0011075554
       -0.0002988545   0.1212002117   0.0047820119   0.2341730239   0.0034489808
        0.0015955614  -0.0049354756  -0.0004448924  -0.0000746980   0.0007125305
       -0.0000367611   0.0000695148   0.0001642940   0.0000531155   0.0001490951
        0.0001316988  -0.0000106864   0.0001398167   0.0000610068  -0.0000490057
        0.0000574554   0.0003816087   0.0000083958   0.0001073225   0.0000122337
        0.0000049490  -0.0000222479  -0.0000322214   0.0000428105   0.0000523823
       -0.0000254825  -0.0000226892  -0.0000271998   0.0000046808   0.0000172053
        0.0000529747  -0.0000674876   0.0000255768   0.0000317814   0.0000567809
        0.0000487423  -0.0000048590   0.0000446788   0.0000248418  -0.0000451631
        0.0000456618  -0.0000023774  -0.0000251030  -0.0000142971  -0.0000489530
        0.0000208978   0.0000239960  -0.0000448291  -0.0000177960   0.0000521636
        0.0000241145  -0.0000169033   0.0000371070   0.0000859858  -0.0001632404
       -0.0000673223   0.0083866546  -0.0036427512   0.0136312733  -0.1112719842
        0.0307495954  -0.1027273219  -0.0135416999   0.0096407052  -0.0141021148
        0.0005523658  -0.0009521326  -0.0002073081  -0.0000432022  -0.0000172040
       -0.0003300089  -0.0025936222   0.0031963333   0.0013129851  -0.0001116343
       -0.0003514379   0.0001709992  -0.0000526723  -0.0000741293   0.0000431264
       -0.0000635758   0.0004163561  -0.0003211488   0.0004135065   0.0000980728
        0.0002977377  -0.0013959188  -0.0008163038   0.0003319281  -0.0001522443
       -0.0000745089  -0.0000133790   0.0000011090   0.0000152066  -0.0000134477
       -0.0000670181   0.0000176867  -0.0000983008   0.0009670768  -0.0002655783
        0.0004080600  -0.0009073473  -0.0008386867   0.0034489808   0.1334520721
       -0.0374412154   0.1173803289  -0.0127584724   0.0017906893  -0.0177551162
       -0.0001705679  -0.0001377323  -0.0001808147   0.0006351319  -0.0000670562
        0.0001139309   0.0000036700  -0.0000006036  -0.0000096711  -0.0000083233
        0.0000372577   0.0000274904   0.0000381632  -0.0000272814  -0.0001012769
       -0.0000209849   0.0000168404   0.0000010678   0.0000288758  -0.0000101713
        0.0000073417   0.0001409429  -0.0003795102  -0.0002786896  -0.0000196324
        0.0001563769   0.0001084000  -0.0000522341   0.0001490238  -0.0000837356
       -0.0015538516  -0.0010417888  -0.0009604766  -0.0000168009  -0.0000273774
        0.0000147709   0.0000356770   0.0000514347  -0.0000323319   0.0000452395
        0.0000111505  -0.0000421161  -0.0000087986  -0.0000011166  -0.0000109472
       -0.0001482506  -0.0001686469   0.0000769284   0.0000497411  -0.0000021003
        0.0001889929   0.0044637683  -0.0013149595   0.0076667509   0.0305926848
       -0.0578694261   0.0480176295   0.0161595781  -0.0105760854   0.0165479147
        0.0014486315   0.0004847354   0.0010731550  -0.0000904394   0.0000795956
        0.0002258046   0.0032808180  -0.0033169161  -0.0017441189  -0.0003736969
        0.0005487311  -0.0000129933   0.0000344563  -0.0000219464   0.0000483181
        0.0001583300  -0.0002192586   0.0005873412   0.0000332757  -0.0000772251
        0.0002639071  -0.0005013414  -0.0004472308   0.0002129618  -0.0000268432
       -0.0000549757  -0.0001156627   0.0000257076   0.0000542268  -0.0000569218
        0.0000254637   0.0000883987  -0.0001425349   0.0001871447   0.0004625132
       -0.0008994340  -0.0007048329   0.0003489368   0.0015955614  -0.0374412154
        0.0674409557  -0.0527883978  -0.0152563151   0.0045583896  -0.0195536289
       -0.0002054449   0.0004487424   0.0000618678  -0.0002882334  -0.0011033450
       -0.0006178177  -0.0000020595   0.0000545865  -0.0000365372  -0.0000689461
        0.0000044864   0.0000405920   0.0000052914  -0.0000281653   0.0000701198
        0.0000066565   0.0000360042  -0.0000067434  -0.0000414480  -0.0000266718
       -0.0000024482  -0.0001656664   0.0004532365   0.0004061897   0.0001542391
       -0.0002126608  -0.0001638208   0.0002164241   0.0001546949  -0.0000848521
       -0.0015915746   0.0001732356  -0.0007732891  -0.0000157858   0.0000058724
       -0.0000241969   0.0000393302   0.0000218192  -0.0000057233   0.0000513419
        0.0000137888  -0.0000376985  -0.0000107892   0.0000066641  -0.0000172153
        0.0000345372   0.0000988051  -0.0000578908  -0.0000558028   0.0002204922
       -0.0001041926  -0.0100799863   0.0058565408  -0.0238407010  -0.1022282363
        0.0469657180  -0.1882301880   0.0019370665  -0.0009891822   0.0041762266
        0.0005515701  -0.0003719362   0.0003191374  -0.0000823510   0.0000237717
        0.0000937046  -0.0002415884  -0.0006361379   0.0001184017   0.0001618343
        0.0000053032   0.0001821701  -0.0000489093  -0.0001198892  -0.0000251450
        0.0001274172   0.0001651641   0.0001585416   0.0001367420   0.0002810302
       -0.0003143876  -0.0004186965  -0.0005965875  -0.0001146735   0.0000907549
        0.0000109960   0.0001706616   0.0000124836   0.0000617069  -0.0000314021
       -0.0000978619  -0.0000673765   0.0001513023  -0.0004480180  -0.0000842959
        0.0004572427   0.0032006270   0.0019251443  -0.0049354756   0.1173803289
       -0.0527883978   0.2201566637  -0.0095471286   0.0006000448  -0.0102358924
       -0.0000340371  -0.0000542755   0.0003526278   0.0001675966  -0.0000501583
        0.0003144391   0.0000324394   0.0000259654   0.0000275283  -0.0000123676
       -0.0001337838   0.0001204811  -0.0000743796  -0.0000161198  -0.0000147302
       -0.0000105088  -0.0000141479   0.0000001507   0.0000435000   0.0000256130
        0.0000209240   0.0000301242  -0.0000070471   0.0000428740   0.0000564075
       -0.0000269886  -0.0000467222  -0.0002497631  -0.0000549063   0.0000508348
       -0.0002784829  -0.0001587777   0.0009994494   0.0000259818  -0.0000393581
        0.0000200289  -0.0000421556  -0.0000447293  -0.0000069936  -0.0000535541
       -0.0000057581  -0.0000172173   0.0000144165  -0.0000064418   0.0000422216
        0.0000421716   0.0002843916   0.0000047586  -0.0016073195  -0.0001441497
        0.0029724390  -0.0121793302  -0.0165237049  -0.0014098692  -0.1151210205
       -0.1017415897  -0.0384051165   0.0078481363   0.0141652594   0.0048231930
       -0.0013131701   0.0022764055   0.0002915268   0.0000812180  -0.0000457858
       -0.0000905382   0.0007930713  -0.0000207806   0.0005154426   0.0004458924
        0.0007103892   0.0003481583   0.0000152683   0.0001623599  -0.0000434029
        0.0001235997   0.0000836073  -0.0000321127   0.0001183520  -0.0000044283
        0.0000832142  -0.0000607784   0.0000097868  -0.0002199238  -0.0003350393
       -0.0008520739   0.0002088535  -0.0000180828  -0.0001135627   0.0000306113
       -0.0001237952  -0.0000082570  -0.0000339303  -0.0004227004   0.0000955276
        0.0000316495   0.0010438340   0.0001423115  -0.0004448924  -0.0127584724
       -0.0152563151  -0.0095471286   0.1332206449   0.1164657342   0.0401619202
        0.0006672899   0.0001243745  -0.0000248259  -0.0000546712   0.0000639499
        0.0001996788  -0.0000109829  -0.0000130680   0.0000344933  -0.0000770929
       -0.0000160216   0.0000207172  -0.0000378343   0.0003351805   0.0001956394
        0.0000182927  -0.0000312741   0.0000239331   0.0000000126   0.0000344892
        0.0000105233  -0.0000151478  -0.0001024873   0.0000959410  -0.0001929267
        0.0000183421   0.0000301833  -0.0001078417  -0.0000341366   0.0000872185
        0.0000087880  -0.0001552198   0.0001008107   0.0000033414   0.0000514702
       -0.0000094031   0.0000249561   0.0000444621  -0.0000074594   0.0000117709
       -0.0000118742   0.0000105839  -0.0000304336   0.0000066877  -0.0000128863
       -0.0000429254   0.0001771823  -0.0001742137  -0.0014766679   0.0002858222
        0.0019678086  -0.0077104452  -0.0083073710  -0.0000528015  -0.1009730953
       -0.1819999735  -0.0493854320  -0.0100134441  -0.0233362082  -0.0083846228
        0.0034795200  -0.0029203430  -0.0010935395   0.0000327578   0.0000378261
        0.0000118227  -0.0011669635  -0.0002257783  -0.0004561461  -0.0004896052
       -0.0017727314  -0.0007613986   0.0000368737   0.0002539965   0.0000281562
       -0.0000464814   0.0004111997   0.0001906683   0.0000487496  -0.0001465583
        0.0000414472   0.0000986926   0.0001250619   0.0001095860  -0.0002356465
       -0.0005211591   0.0001191747  -0.0000283287  -0.0000964416   0.0000940669
       -0.0000492980   0.0000175662  -0.0000752755  -0.0001776675  -0.0000121543
        0.0000452049   0.0001284650   0.0001235442  -0.0000746980   0.0017906893
        0.0045583896   0.0006000448   0.1164657342   0.2127132895   0.0576247758
       -0.0003079570   0.0006553960  -0.0000142262   0.0002625382   0.0000829229
        0.0000577873  -0.0000304954   0.0000695057  -0.0000339881  -0.0000063838
       -0.0000215405   0.0000365698   0.0001498633  -0.0003201803  -0.0000846293
        0.0000147974   0.0000350860  -0.0000208453   0.0000472660   0.0000434387
        0.0000005437   0.0000473886  -0.0000382177  -0.0001812348   0.0003069565
        0.0002129263   0.0000019170   0.0000474812   0.0000117047  -0.0000317538
       -0.0001991260  -0.0001552990  -0.0000600107  -0.0000034241   0.0000312803
       -0.0000260278   0.0000229918   0.0000201606  -0.0000156397   0.0000109553
        0.0000118601   0.0000165139  -0.0000337655  -0.0000042032  -0.0000196046
       -0.0000652650  -0.0003355985  -0.0000605704   0.0027589279   0.0012455841
       -0.0027390494   0.0142897939   0.0183815287   0.0022857199  -0.0386193318
       -0.0498676291  -0.0606694120  -0.0032478263  -0.0077784648  -0.0023625318
        0.0011218823  -0.0015912638  -0.0000639749  -0.0000843574   0.0001269190
       -0.0000039303  -0.0000439352   0.0005440832   0.0002913666  -0.0000065146
       -0.0007314424  -0.0002019193   0.0000080459   0.0000045057  -0.0000055485
       -0.0000412596  -0.0000253133  -0.0001085063   0.0000071475   0.0002530282
       -0.0001214316  -0.0000994205  -0.0000023007  -0.0001687617   0.0003303163
        0.0008286189  -0.0002183825  -0.0000352765   0.0000067306   0.0000564255
        0.0001337177  -0.0000106117   0.0001311887  -0.0000399888  -0.0000497426
        0.0000093287   0.0008917647   0.0013640396   0.0007125305  -0.0177551162
       -0.0195536289  -0.0102358924   0.0401619202   0.0576247758   0.0732870141
       -0.0001891212  -0.0003631356  -0.0001129723   0.0002406500   0.0001417760
        0.0001159965   0.0000146867   0.0000088399  -0.0000155297   0.0000536169
        0.0000236348   0.0000070683   0.0000272069  -0.0001034452  -0.0000363671
       -0.0000067700   0.0000128861  -0.0000180729   0.0000201424   0.0000048917
       -0.0000221734   0.0000433690  -0.0000087213  -0.0001073154   0.0000677746
        0.0000029628   0.0001212443  -0.0001129098  -0.0000818208   0.0000662303
        0.0001498964  -0.0000282897   0.0001467792   0.0000266321  -0.0000097268
        0.0000092372  -0.0000098375  -0.0000394294   0.0000067968  -0.0000387161
        0.0000025869   0.0000237033   0.0000481549   0.0000031725   0.0000017118
       -0.0019802050  -0.0035499888  -0.0008914483   0.0002038695   0.0000696322
       -0.0002701835  -0.0019310901   0.0033918278   0.0006987719  -0.0133844028
       -0.0019403021   0.0147504500  -0.1352413301  -0.0431102739   0.1060532058
       -0.0129568284  -0.0071359296   0.0134272876  -0.0005464587   0.0010230057
       -0.0018607296   0.0072774792   0.0030522526  -0.0092808570   0.0009735858
        0.0011152103  -0.0006822644  -0.0001134086   0.0001412613   0.0007507635
        0.0005122529   0.0008725289  -0.0008522630   0.0002010710   0.0000135739
        0.0001047940  -0.0000792959  -0.0000630020   0.0000121452   0.0000547909
        0.0000739784  -0.0000806006  -0.0002415761  -0.0004781196   0.0002248495
       -0.0000326203   0.0000301537  -0.0000377330  -0.0006335189  -0.0001435231
        0.0008690518  -0.0000972782   0.0000215972  -0.0000367611  -0.0001705679
       -0.0002054449  -0.0000340371   0.0006672899  -0.0003079570  -0.0001891212
        0.1577112136   0.0464629745  -0.1226790681  -0.0004495207  -0.0002150117
       -0.0001234689   0.0000414485   0.0001390659  -0.0001128434   0.0000981350
        0.0002533816  -0.0002556698   0.0002802417   0.0003262235   0.0003733490
       -0.0000000400   0.0000139288   0.0000004586   0.0000313969   0.0000320919
        0.0000015615  -0.0002002085   0.0001457960   0.0002678117   0.0000004119
       -0.0001481436  -0.0000906689   0.0000277277   0.0000218701  -0.0000163046
       -0.0001001454  -0.0000108654   0.0000622793   0.0000036518   0.0000597509
       -0.0000443249   0.0000446613   0.0000304856  -0.0000215444   0.0000347079
        0.0000140728  -0.0000202645  -0.0000054398   0.0000038983  -0.0000166228
       -0.0025943293  -0.0042654890   0.0001512932   0.0000049451  -0.0000597741
        0.0000284669   0.0031990360  -0.0027804943  -0.0011451340   0.0155437845
        0.0036151122  -0.0159825037  -0.0426742268  -0.0552633522   0.0438790747
       -0.0155713390  -0.0077716915   0.0153043707  -0.0004264498  -0.0011158817
        0.0017177777  -0.0040671012  -0.0032095622   0.0097719219   0.0006050411
        0.0017284907   0.0000421660  -0.0001984054   0.0000566426   0.0008572654
       -0.0007862833  -0.0000690699  -0.0005702239   0.0000651354  -0.0000508127
        0.0000083802  -0.0000006315   0.0000550597   0.0000254775   0.0000077140
       -0.0000529299  -0.0000162972  -0.0002803409  -0.0005297848   0.0002730138
       -0.0000206375   0.0000280955   0.0000052673   0.0007787814   0.0000457463
       -0.0009298454  -0.0000428247  -0.0001153996   0.0000695148  -0.0001377323
        0.0004487424  -0.0000542755   0.0001243745   0.0006553960  -0.0003631356
        0.0464629745   0.0690755530  -0.0535268325  -0.0001131552  -0.0001864720
        0.0000493099  -0.0000737414  -0.0001739379   0.0001837277  -0.0001692682
       -0.0003750185   0.0001291526   0.0003137371   0.0002890257   0.0003998394
       -0.0000106687   0.0000055700   0.0000138558   0.0000472341   0.0000193849
       -0.0000009457   0.0001807330  -0.0003335126  -0.0002327679  -0.0001664580
        0.0002956390  -0.0000074986  -0.0000002424  -0.0000088756  -0.0000079809
       -0.0000197834  -0.0000062279  -0.0000113636   0.0000025996   0.0000485735
       -0.0000485432   0.0000246093   0.0000102042  -0.0000138307  -0.0000036255
       -0.0000041061   0.0000081786  -0.0000034550  -0.0000048433  -0.0000068755
       -0.0008162631  -0.0008137721  -0.0004892017  -0.0000932924   0.0000157784
        0.0000319367   0.0015909788  -0.0019869784   0.0003412432   0.0076421298
        0.0004593703  -0.0065534774   0.1066400385   0.0456448196  -0.1626680550
       -0.0044991543  -0.0025055738   0.0054461207  -0.0009341992   0.0020137713
       -0.0031119444   0.0132487768   0.0090483151  -0.0199746089  -0.0001267682
        0.0010708078   0.0005075135  -0.0000801038  -0.0002597810   0.0002141873
        0.0008314813   0.0006215515   0.0007203228  -0.0001098442  -0.0000289571
       -0.0000482724  -0.0000490373   0.0000409349   0.0000234950  -0.0000857795
       -0.0000898238   0.0001002086  -0.0000442616   0.0000200948   0.0000467815
       -0.0000120845  -0.0000105894   0.0000321915   0.0004354668   0.0001075588
       -0.0005572811  -0.0000880233   0.0000477563   0.0001642940  -0.0001808147
        0.0000618678   0.0003526278  -0.0000248259  -0.0000142262  -0.0001129723
       -0.1226790681  -0.0535268325   0.1858288265   0.0000414888  -0.0000819986
       -0.0001287130   0.0002425362   0.0003830005  -0.0003614192   0.0002744651
        0.0005411860  -0.0002255437  -0.0003972945  -0.0002162914  -0.0000895445
       -0.0000359660   0.0000282415  -0.0000339176   0.0000292346  -0.0000053102
        0.0000085757  -0.0004384030   0.0003288110   0.0008322061  -0.0003550510
       -0.0007834053  -0.0003563994   0.0000049484  -0.0000183807   0.0000122910
        0.0000700977  -0.0000045165  -0.0000003673   0.0000053300  -0.0000787367
        0.0000465125  -0.0000167803  -0.0000026846  -0.0000108947  -0.0000150886
       -0.0000066981  -0.0000055860   0.0000251312   0.0000006907   0.0000188640
        0.0054259697  -0.0025448165   0.0037030846  -0.0001327393   0.0000925730
        0.0000481252   0.0001203412  -0.0000260533  -0.0001302123   0.0005882352
        0.0014080873   0.0006331898  -0.0131985117   0.0023061417  -0.0132698911
       -0.1558067580   0.0375390549  -0.1048180405  -0.0003495566  -0.0006448897
        0.0013306841  -0.0021769606  -0.0024961714  -0.0015686516  -0.0257239582
        0.0204405706  -0.0038688582   0.0001964298   0.0003562340   0.0004458031
       -0.0002750990   0.0002910115  -0.0007995680   0.0002695289  -0.0002082332
        0.0016641394  -0.0016747583   0.0006829090  -0.0000051110  -0.0000637810
       -0.0000598103  -0.0000526822  -0.0001111069  -0.0001431593  -0.0000063743
       -0.0000885139   0.0000371476  -0.0000702356  -0.0000047433  -0.0000054929
        0.0000116850  -0.0000688838  -0.0000646906   0.0000531155   0.0006351319
       -0.0002882334   0.0001675966  -0.0000546712   0.0002625382   0.0002406500
       -0.0004495207  -0.0001131552   0.0000414888   0.1932753433  -0.0581479347
        0.1149854706  -0.0000435253  -0.0001166862   0.0001291566   0.0002136238
        0.0000079289   0.0003242031   0.0014260915  -0.0004995261   0.0008993682
       -0.0001381261  -0.0000093414   0.0000154124   0.0001400040  -0.0000479735
       -0.0000132237  -0.0003517004   0.0001090705   0.0000506251   0.0000685739
       -0.0000106609  -0.0000505995  -0.0002167722  -0.0002973326  -0.0002837719
       -0.0014789339   0.0021439986   0.0002852903  -0.0000095996   0.0000119942
        0.0000172520   0.0000470681   0.0000242773  -0.0000272323   0.0000574446
        0.0000189652  -0.0000643524  -0.0000455656  -0.0000083410  -0.0000175356
        0.0081333919  -0.0026698471   0.0099129547   0.0003222513   0.0004013625
       -0.0008698367   0.0000115935  -0.0000277679  -0.0000478590  -0.0013201762
        0.0007800148  -0.0009316966  -0.0146841693   0.0034418608  -0.0137167814
        0.0372476279  -0.0533797321   0.0392849407  -0.0008762659  -0.0004731361
        0.0021103765  -0.0026326817  -0.0028439161  -0.0019184128   0.0285185295
       -0.0169567554   0.0038801046   0.0003594782   0.0003556222   0.0005250229
       -0.0004253336   0.0003425298  -0.0008691613  -0.0002467800   0.0002182502
       -0.0002255865   0.0011193844   0.0001136671  -0.0005432837   0.0000593068
       -0.0001615727  -0.0000331805  -0.0000976328  -0.0000259155  -0.0002065734
        0.0000009401  -0.0001438979   0.0001112953   0.0000295202  -0.0000540599
       -0.0000168529  -0.0000413829  -0.0000703858   0.0001490951  -0.0000670562
       -0.0011033450  -0.0000501583   0.0000639499   0.0000829229   0.0001417760
       -0.0002150117  -0.0001864720  -0.0000819986  -0.0581479347   0.0742174358
       -0.0377216455  -0.0000222840  -0.0000723580  -0.0000544985   0.0004133915
        0.0000209272   0.0003773671   0.0016181628  -0.0002757513   0.0007622019
        0.0001246765  -0.0000396819  -0.0000741843  -0.0003284460  -0.0001878347
        0.0000460199  -0.0004310043   0.0001397200  -0.0000234186   0.0000803790
       -0.0000185470  -0.0000823492  -0.0001742197  -0.0000451273   0.0001934586
        0.0017320227  -0.0012945738  -0.0000046862  -0.0000482953   0.0000085637
       -0.0000923997  -0.0000427201  -0.0000748543   0.0000777014   0.0000006533
       -0.0000153988  -0.0000111462  -0.0000338650  -0.0000019464   0.0000033949
       -0.0167941865   0.0072991336  -0.0195380093  -0.0009368234   0.0005736029
        0.0004539408   0.0001046228  -0.0001865881  -0.0002225527  -0.0005422382
        0.0005008244   0.0001942390  -0.0054815585   0.0005990136  -0.0043978512
       -0.1021689220   0.0366096937  -0.1285496136   0.0002439361   0.0009517908
       -0.0055761701  -0.0013801216  -0.0005195522  -0.0015548927   0.0120667156
       -0.0064559244   0.0079323913  -0.0006294847  -0.0007101866  -0.0001041720
       -0.0001407848   0.0001415782  -0.0004264588   0.0005977682   0.0002441152
       -0.0009298850  -0.0000400325   0.0004674883   0.0004575377  -0.0001213932
        0.0000332808   0.0002119967   0.0002859001   0.0003008965  -0.0002199347
       -0.0000478916  -0.0000833064   0.0001117670   0.0000634956  -0.0001219326
       -0.0000833831   0.0000657985   0.0001112467   0.0001316988   0.0001139309
       -0.0006178177   0.0003144391   0.0001996788   0.0000577873   0.0001159965
       -0.0001234689   0.0000493099  -0.0001287130   0.1149854706  -0.0377216455
        0.1498662148  -0.0000195246  -0.0001236012  -0.0000553845  -0.0011371879
        0.0000560602  -0.0009028116   0.0008686087  -0.0008729461   0.0016903298
        0.0000198591  -0.0000600996  -0.0000342861   0.0003257907   0.0002613624
        0.0000384415  -0.0001506066  -0.0000189249   0.0000114796   0.0000017405
       -0.0000110901   0.0000168243  -0.0002573306  -0.0001796719   0.0000243105
        0.0000756657  -0.0005013025   0.0009381912   0.0000817295  -0.0000428786
        0.0001598873  -0.0000762236  -0.0000078333  -0.0000387754  -0.0000785437
       -0.0000058241   0.0000352691   0.0000256117  -0.0000160588   0.0000579389
       -0.0172286426   0.0207193972   0.0001253964  -0.0043213968   0.0004747843
       -0.0033414261   0.0000746234  -0.0001334776  -0.0000418514   0.0000823054
       -0.0000340032  -0.0000780657  -0.0007700114  -0.0008060084   0.0004236092
       -0.0001969358   0.0003721464   0.0000322271  -0.0954414765   0.0979283504
        0.0119741841   0.0069952334  -0.0149547143  -0.0009694469   0.0000566154
       -0.0004849303   0.0002299832   0.0000041694   0.0015171990   0.0004369380
       -0.0000633063  -0.0014691124   0.0006695556  -0.0005513169   0.0009771410
        0.0005661489  -0.0001441933  -0.0000494722  -0.0000754562   0.0001216699
       -0.0000821042  -0.0001299976   0.0000954294  -0.0002612792   0.0000111514
       -0.0001681013  -0.0000264084  -0.0001039714   0.0000392072  -0.0000944154
        0.0000265625  -0.0000566833  -0.0001208867  -0.0000106864   0.0000036700
       -0.0000020595   0.0000324394  -0.0000109829  -0.0000304954   0.0000146867
        0.0000414485  -0.0000737414   0.0002425362  -0.0000435253  -0.0000222840
       -0.0000195246   0.1155602740  -0.1113787477  -0.0134487183  -0.0031825032
        0.0085760215   0.0034000851   0.0000119625   0.0000839347  -0.0002377936
       -0.0002164306  -0.0008636717  -0.0007154564   0.0004374602   0.0001228715
        0.0000864282   0.0001713743  -0.0002268450  -0.0003236000  -0.0005941359
        0.0007636036   0.0004930472   0.0000041805  -0.0001190955  -0.0001319345
       -0.0000303319   0.0000362425   0.0000753561  -0.0006629548  -0.0003322307
        0.0008123291  -0.0000290710   0.0000394869   0.0000012365   0.0000471317
       -0.0000049044  -0.0000265140  -0.0000347554  -0.0000402914   0.0000005420
        0.0031537093  -0.0014040045   0.0005336166   0.0002096294   0.0003304829
        0.0005527511   0.0000433255  -0.0000278429  -0.0001876624   0.0000791165
        0.0001084182  -0.0001333943  -0.0015586217  -0.0014935332   0.0010178778
        0.0005685025  -0.0003992540  -0.0001683629   0.1008973537  -0.2071991285
       -0.0242215996   0.0048112455  -0.0274649269   0.0009462241  -0.0003517075
        0.0007524358  -0.0002986924  -0.0020217364   0.0006576542   0.0002528874
        0.0010756154   0.0001114478   0.0012959433  -0.0000092295  -0.0001671868
       -0.0000844815   0.0000119135   0.0000884365  -0.0000429747  -0.0000806786
       -0.0000927372   0.0000636779   0.0001226045   0.0002464693  -0.0007302430
        0.0000051285   0.0000101704   0.0000229681  -0.0000708686   0.0000660237
        0.0000275894   0.0000929297  -0.0000574144   0.0001398167  -0.0000006036
        0.0000545865   0.0000259654  -0.0000130680   0.0000695057   0.0000088399
        0.0001390659  -0.0001739379   0.0003830005  -0.0001166862  -0.0000723580
       -0.0001236012  -0.1113787477   0.2424410537   0.0248923458   0.0054535236
       -0.0072781016  -0.0040927645  -0.0001507670  -0.0001472192   0.0000720556
       -0.0001679627   0.0002607676  -0.0002336940  -0.0002054390  -0.0000792609
        0.0000726051   0.0002239341  -0.0006577573  -0.0007777807  -0.0009672962
        0.0013733222   0.0007601222   0.0000271185  -0.0000043854   0.0000309904
       -0.0000158452  -0.0000217081  -0.0000095452   0.0001747379   0.0001643847
        0.0000075082   0.0000159658   0.0000028578  -0.0000145752  -0.0000230334
       -0.0000062407   0.0000023092   0.0000268714   0.0000089805   0.0000102768
       -0.0095833802   0.0125186645   0.0011919631  -0.0017440588  -0.0000595803
       -0.0013445904   0.0001298017  -0.0002378207  -0.0000879765   0.0000371311
       -0.0001253098   0.0001409634   0.0009904270   0.0006304348  -0.0016074070
       -0.0003510291   0.0004613836   0.0002023607   0.0113497571  -0.0220948563
       -0.0430315036  -0.0027304700   0.0117772804   0.0018405040   0.0001031009
       -0.0006110024   0.0000850376  -0.0003777844   0.0006840803   0.0013062949
       -0.0008723389   0.0001695512   0.0002437148  -0.0003348443   0.0003532080
        0.0004160316  -0.0000216091  -0.0000090638  -0.0000308877  -0.0001044445
       -0.0001519240  -0.0000107443  -0.0000270588   0.0000274169  -0.0005633904
       -0.0000610797  -0.0000276018  -0.0000375632   0.0000503344   0.0000054910
        0.0000544669   0.0001157377   0.0001391587   0.0000610068  -0.0000096711
       -0.0000365372   0.0000275283   0.0000344933  -0.0000339881  -0.0000155297
       -0.0001128434   0.0001837277  -0.0003614192   0.0001291566  -0.0000544985
       -0.0000553845  -0.0134487183   0.0248923458   0.0497834524   0.0163521942
       -0.0279506737  -0.0071375899  -0.0000911966   0.0000854796  -0.0003040743
       -0.0002652149  -0.0005413024  -0.0002468918   0.0001068636   0.0000868770
       -0.0000786596  -0.0004297498   0.0001579119   0.0001305970   0.0004586410
       -0.0004260250  -0.0005263300   0.0000239105  -0.0000564339  -0.0000440947
       -0.0000088666   0.0000360520   0.0000201869   0.0006807490   0.0002128533
       -0.0000050999   0.0000215729   0.0000005870  -0.0000015649   0.0000051819
        0.0000017039  -0.0000138911  -0.0000146944  -0.0000075897   0.0000004840
        0.0033636109  -0.0028388354  -0.0223873919   0.0010718654  -0.0002897280
       -0.0014394905  -0.0001447379   0.0002694899  -0.0001314275   0.0000164816
       -0.0000165745   0.0002056173  -0.0009343890  -0.0010580856   0.0006783297
       -0.0035186479   0.0004583152  -0.0028036512  -0.0497950412   0.0079553550
        0.0461284923  -0.0041929363   0.0005449908   0.0165421892   0.0000318785
       -0.0002505021   0.0002787573  -0.0003916053   0.0001973133  -0.0007335169
        0.0002986462  -0.0009206972   0.0005916720   0.0001057036  -0.0001113979
       -0.0000993943   0.0000257973   0.0000590103   0.0000591181  -0.0011312833
        0.0000650742   0.0001559777  -0.0001656133   0.0001438438   0.0002511006
        0.0000016513   0.0000123296   0.0000566436  -0.0000415826  -0.0000092544
        0.0000023081   0.0002110034   0.0003328393  -0.0000490057  -0.0000083233
       -0.0000689461  -0.0000123676  -0.0000770929  -0.0000063838   0.0000536169
        0.0000981350  -0.0001692682   0.0002744651   0.0002136238   0.0004133915
       -0.0011371879  -0.0031825032   0.0054535236   0.0163521942   0.0585165547
       -0.0089474138  -0.0520136976   0.0000993331   0.0000386564  -0.0000441816
       -0.0001372290  -0.0000150101   0.0000163186  -0.0002539692  -0.0003455018
       -0.0000288187  -0.0006388511   0.0002439650   0.0000008721   0.0004419746
       -0.0003866626  -0.0008089775   0.0000346524  -0.0000224738   0.0000512918
        0.0000072461  -0.0000446829   0.0000241625   0.0000523495  -0.0006799497
       -0.0000470021  -0.0000148388  -0.0000379203  -0.0000369811  -0.0000300398
        0.0000247909   0.0000201481   0.0000681766   0.0000063992   0.0000298171
        0.0002406297  -0.0000626909  -0.0018648380   0.0004376526   0.0001487274
        0.0007997971   0.0003055648  -0.0001197122   0.0005837183   0.0000055545
       -0.0000987141   0.0001655174  -0.0007113906  -0.0021126801   0.0021370877
       -0.0004398816  -0.0005957679   0.0006287801   0.0078671701  -0.0433044714
       -0.0369029297  -0.0077392197   0.0008830812   0.0214281327  -0.0000871349
        0.0000023631  -0.0001722793  -0.0002549420   0.0001227155  -0.0007108999
        0.0005594162   0.0002347937   0.0010825674   0.0001223617  -0.0000752000
       -0.0000078125   0.0000017428  -0.0000131315  -0.0000032657   0.0002279509
        0.0003536209   0.0000878724   0.0000327038  -0.0000844556   0.0005060709
       -0.0000394572   0.0000206000  -0.0000122932  -0.0001450663   0.0000099917
       -0.0001701007   0.0003399111  -0.0011648829   0.0000574554   0.0000372577
        0.0000044864  -0.0001337838  -0.0000160216  -0.0000215405   0.0000236348
        0.0002533816  -0.0003750185   0.0005411860   0.0000079289   0.0000209272
        0.0000560602   0.0085760215  -0.0072781016  -0.0279506737  -0.0089474138
        0.0547505596   0.0402792117   0.0000394498   0.0000076100   0.0000526992
        0.0000050143   0.0000883989   0.0000482505  -0.0001107226  -0.0000338677
        0.0001397684  -0.0002049332   0.0005521576   0.0002334366   0.0005672143
       -0.0008476223  -0.0007481754  -0.0000257817   0.0000163264   0.0000033303
       -0.0000084631  -0.0000188298   0.0000172363  -0.0008303814  -0.0009757055
       -0.0001847151  -0.0000567894  -0.0000157162  -0.0000160121   0.0000053848
        0.0000091142   0.0000005372  -0.0000147121  -0.0000273650   0.0000054284
        0.0011982756  -0.0020122647  -0.0177131939   0.0013061333  -0.0007544432
        0.0006684380  -0.0000240405  -0.0002030920   0.0000364898   0.0000451729
        0.0001167248  -0.0003046601   0.0004130092   0.0007476067  -0.0013445163
       -0.0029555534   0.0006412454  -0.0029166636   0.0446172293  -0.0377971118
       -0.2582681538   0.0058620458   0.0025688065  -0.0128099208   0.0001334001
       -0.0000779390   0.0002081304  -0.0003218616   0.0001054144  -0.0011027692
       -0.0013807874  -0.0005540661   0.0001255696   0.0001154788  -0.0001585430
        0.0000052236   0.0000657777   0.0000442717   0.0001574593  -0.0007446131
        0.0001568949   0.0004585579  -0.0000848956   0.0003636094   0.0005371932
        0.0000611591   0.0000032858   0.0000858098   0.0001453832  -0.0000245151
        0.0001059933   0.0000153022   0.0006372744   0.0003816087   0.0000274904
        0.0000405920   0.0001204811   0.0000207172   0.0000365698   0.0000070683
       -0.0002556698   0.0001291526  -0.0002255437   0.0003242031   0.0003773671
       -0.0009028116   0.0034000851  -0.0040927645  -0.0071375899  -0.0520136976
        0.0402792117   0.2988405690   0.0000265556   0.0001345463   0.0001025075
       -0.0000622783   0.0001461457  -0.0000830461  -0.0000193263  -0.0002031488
       -0.0000090671   0.0004886211  -0.0003758586  -0.0000687947  -0.0004193924
        0.0004566372   0.0006026376   0.0000173254  -0.0000035247   0.0000311595
        0.0000209495  -0.0000348130  -0.0000107758   0.0000106556  -0.0006445966
        0.0003990646  -0.0000565024  -0.0000687528  -0.0000284859  -0.0000313597
        0.0000334511   0.0000390726   0.0000550082  -0.0000133737   0.0000129585
        0.0002209904   0.0000611730  -0.0000186905   0.0000033486  -0.0000629871
        0.0000169308  -0.0000336606  -0.0000416918   0.0000031362   0.0003058280
        0.0005802624   0.0002794601  -0.0009665389   0.0011535294   0.0013489098
        0.0128839335   0.0157982134   0.0087480440  -0.0001552348  -0.0000763622
        0.0000633431   0.0000602623   0.0000973509   0.0003830933  -0.1940220711
       -0.1830014533  -0.1080288610   0.0002565108  -0.0002883084  -0.0000844043
        0.0001225053   0.0000166167  -0.0000010171  -0.0000953204   0.0000146408
        0.0000686362   0.0000021516  -0.0001035271  -0.0001246769   0.0000148814
        0.0000400976  -0.0000250343  -0.0002399504   0.0000886443   0.0001682063
        0.0000586261  -0.0000191539  -0.0000564797   0.0000522014   0.0000246108
       -0.0000244838   0.0000109165   0.0000296739   0.0000083958   0.0000381632
        0.0000052914  -0.0000743796  -0.0000378343   0.0001498633   0.0000272069
        0.0002802417   0.0003137371  -0.0003972945   0.0014260915   0.0016181628
        0.0008686087   0.0000119625  -0.0001507670  -0.0000911966   0.0000993331
        0.0000394498   0.0000265556   0.1799126755   0.1637406747   0.0963692745
        0.0004622458  -0.0000677079   0.0003474424  -0.0006719985   0.0000961447
        0.0003246149  -0.0000182885  -0.0000305654  -0.0000557632   0.0000432743
        0.0000091319  -0.0000374251   0.0000139185   0.0000312460   0.0000175104
        0.0000250111   0.0000401205  -0.0000242891  -0.0000627023  -0.0001022382
       -0.0000513188  -0.0000092645  -0.0000046887   0.0000500061   0.0000125912
       -0.0000191157  -0.0000284929  -0.0000048002   0.0000199314   0.0000044323
       -0.0001238642   0.0003736272  -0.0004695744  -0.0000840205  -0.0001068275
        0.0000696420  -0.0000244873  -0.0000695374  -0.0000059127  -0.0008619194
       -0.0010719608  -0.0006600081   0.0032707245  -0.0044346003  -0.0026090036
       -0.0091889016  -0.0219708028  -0.0103603608  -0.0000705520   0.0000100866
        0.0000674805  -0.0000050215   0.0000224081   0.0003962350  -0.1565317753
       -0.2078427500  -0.1265647720  -0.0005736508   0.0005124099   0.0003128933
        0.0000520313   0.0000101473  -0.0000250427   0.0000809228   0.0000318539
       -0.0001474473   0.0000112411   0.0001658506   0.0001752914  -0.0000500955
        0.0000310992   0.0001674146   0.0000577762  -0.0002184873   0.0000955149
       -0.0000270399  -0.0000510481   0.0000437025   0.0000069798   0.0000327472
       -0.0000131925   0.0000338219   0.0000206405   0.0001073225  -0.0000272814
       -0.0000281653  -0.0000161198   0.0003351805  -0.0003201803  -0.0001034452
        0.0003262235   0.0002890257  -0.0002162914  -0.0004995261  -0.0002757513
       -0.0008729461   0.0000839347  -0.0001472192   0.0000854796   0.0000386564
        0.0000076100   0.0001345463   0.1637406747   0.2350214054   0.1394383607
       -0.0001292260  -0.0001334315   0.0008482514   0.0001590957   0.0002348580
        0.0000117865   0.0000118512  -0.0000145403   0.0000097672   0.0000387964
        0.0000152122  -0.0000156835  -0.0000007886  -0.0000409342  -0.0000109329
       -0.0000160262  -0.0001237033  -0.0000136136  -0.0000125408   0.0000556560
        0.0001167014  -0.0000216349   0.0000028228  -0.0000031691  -0.0000255578
        0.0000090210   0.0000265881   0.0000259988   0.0000034579   0.0000005378
       -0.0004893316  -0.0012398536  -0.0000126067  -0.0000247415   0.0000490913
       -0.0000176761  -0.0000446019  -0.0000060356  -0.0000277372  -0.0004299190
       -0.0005736968  -0.0001960922   0.0018594142  -0.0019308457  -0.0004010015
       -0.0086072727  -0.0117204944  -0.0095617028  -0.0000547077   0.0002188497
       -0.0001135892  -0.0000781176  -0.0001907692   0.0002720261  -0.0909876848
       -0.1269832684  -0.0778128294   0.0008500978  -0.0005036655  -0.0006030080
        0.0000666348   0.0000560314  -0.0000282912   0.0002043134  -0.0000623518
        0.0001481949  -0.0000450138  -0.0000074171  -0.0000075603   0.0000039744
       -0.0000207935   0.0000201076  -0.0005140428   0.0001042057   0.0008552721
       -0.0000150870   0.0000397712  -0.0000395266  -0.0000139018   0.0000835631
       -0.0000041957   0.0000152410  -0.0000037156   0.0000122337  -0.0001012769
        0.0000701198  -0.0000147302   0.0001956394  -0.0000846293  -0.0000363671
        0.0003733490   0.0003998394  -0.0000895445   0.0008993682   0.0007622019
        0.0016903298  -0.0002377936   0.0000720556  -0.0003040743  -0.0000441816
        0.0000526992   0.0001025075   0.0963692745   0.1394383607   0.0878738722
        0.0002438882   0.0017650025  -0.0014202598   0.0004414155   0.0001084892
        0.0000292567  -0.0000015193  -0.0000125910  -0.0000367438   0.0000977850
        0.0000850239  -0.0000067928  -0.0000303504  -0.0000045043  -0.0000299964
       -0.0000075436   0.0000326299   0.0000168856   0.0000415956  -0.0000383347
       -0.0001975465   0.0000893225   0.0000337296  -0.0000557619   0.0000022962
        0.0000146521   0.0000155636  -0.0000265221  -0.0000033497  -0.0000186152
        0.0050578553  -0.0041376478  -0.0032389291  -0.0001947203  -0.0013040374
        0.0000676908   0.0002510537  -0.0002927378  -0.0000743836   0.0000053411
        0.0000296071  -0.0000114793  -0.0000052032   0.0000253568  -0.0000547273
       -0.0001631648   0.0006698403   0.0003040454   0.0008315961  -0.0015946699
       -0.0001789612   0.0000451231  -0.0000161087  -0.0000199530  -0.0003220549
       -0.0011740879   0.0003058502  -0.1432306030   0.0950673800   0.0404145467
       -0.0000694026  -0.0000266182  -0.0000209842  -0.0001860583  -0.0001448160
        0.0001089254   0.0000428169  -0.0000395051   0.0000901451  -0.0000902786
       -0.0001021709  -0.0001888412  -0.0122680220   0.0022359112   0.0197737813
       -0.0000677909   0.0001248043   0.0001034687   0.0000083175  -0.0001564679
        0.0000011639   0.0000029596   0.0000291882   0.0000049490  -0.0000209849
        0.0000066565  -0.0000105088   0.0000182927   0.0000147974  -0.0000067700
       -0.0000000400  -0.0000106687  -0.0000359660  -0.0001381261   0.0001246765
        0.0000198591  -0.0002164306  -0.0001679627  -0.0002652149  -0.0001372290
        0.0000050143  -0.0000622783   0.0004622458  -0.0001292260   0.0002438882
        0.1708950351  -0.1064736006  -0.0613919897  -0.0222692530   0.0181405764
        0.0051701678  -0.0000089464   0.0000070736   0.0000027138   0.0000044477
        0.0000200536   0.0000022598   0.0000222044   0.0000012993   0.0000205067
        0.0000038758   0.0000188297  -0.0000213672   0.0014649275  -0.0009364287
       -0.0009502829   0.0001897126   0.0001642661  -0.0000836828   0.0000144421
        0.0000150671  -0.0000250871   0.0000680615   0.0000063555   0.0000074445
        0.0179749442  -0.0260650826  -0.0092605353  -0.0027413759  -0.0052756207
       -0.0000148606   0.0011748228  -0.0011435987  -0.0005527024   0.0000476523
        0.0001496665  -0.0000399860   0.0000335693   0.0001694354   0.0000064695
        0.0011639135  -0.0004243339  -0.0009455405   0.0013173033   0.0008438291
        0.0005267667   0.0001634639  -0.0000255702   0.0001074733  -0.0006652109
        0.0010123650  -0.0002760166   0.0937205697  -0.1288724407  -0.0431373155
        0.0000385007   0.0001426426   0.0000208195  -0.0004375720   0.0000896022
       -0.0002288155   0.0000346505   0.0000825209   0.0000303515  -0.0001189882
        0.0001822034   0.0001758425  -0.0068544936   0.0089528471   0.0032503808
       -0.0000062572   0.0000803418  -0.0000010551  -0.0001668500  -0.0004819759
       -0.0000499754   0.0000107389  -0.0000252942  -0.0000222479   0.0000168404
        0.0000360042  -0.0000141479  -0.0000312741   0.0000350860   0.0000128861
        0.0000139288   0.0000055700   0.0000282415  -0.0000093414  -0.0000396819
       -0.0000600996  -0.0008636717   0.0002607676  -0.0005413024  -0.0000150101
        0.0000883989   0.0001461457  -0.0000677079  -0.0001334315   0.0017650025
       -0.1064736006   0.1499949031   0.0489981358   0.0029145477  -0.0004171886
       -0.0003308400   0.0000040956   0.0000084854  -0.0000174261   0.0000521607
        0.0000008397  -0.0000005751   0.0000175441  -0.0000242398  -0.0000043906
       -0.0000142487  -0.0000067354  -0.0000138938  -0.0000799749   0.0009637662
        0.0003087336  -0.0000624431  -0.0001380569   0.0000645259  -0.0000681643
       -0.0000070597   0.0000500673  -0.0000230619  -0.0000189645   0.0000198843
        0.0022704918  -0.0055023311  -0.0004121064  -0.0002709478  -0.0008048346
        0.0003015519   0.0001464895  -0.0001861565   0.0000035143  -0.0000440382
       -0.0000414751  -0.0000105699   0.0000831370   0.0000038158   0.0000278784
        0.0002047160   0.0003098406   0.0001217337   0.0005462961  -0.0005453210
        0.0001669399  -0.0001084714  -0.0000278153   0.0000452908   0.0006017737
        0.0011149742  -0.0006659449   0.0386405478  -0.0442490003  -0.0584320498
        0.0000461909   0.0000650168  -0.0000108697  -0.0000081580  -0.0001725325
       -0.0000172512  -0.0000295802   0.0000077901   0.0001003924  -0.0000035041
        0.0002089679  -0.0000985936   0.0319400149  -0.0098498970  -0.0313230910
        0.0000559433  -0.0000137864   0.0002108733   0.0000037243  -0.0000388834
       -0.0000233835   0.0000246060   0.0000228375  -0.0000322214   0.0000010678
       -0.0000067434   0.0000001507   0.0000239331  -0.0000208453  -0.0000180729
        0.0000004586   0.0000138558  -0.0000339176   0.0000154124  -0.0000741843
       -0.0000342861  -0.0007154564  -0.0002336940  -0.0002468918   0.0000163186
        0.0000482505  -0.0000830461   0.0003474424   0.0008482514  -0.0014202598
       -0.0613919897   0.0489981358   0.0864676516  -0.0132083104   0.0106892362
        0.0057064718  -0.0000192066  -0.0000002116  -0.0000191943   0.0000275238
        0.0000107502  -0.0000062048   0.0000217698   0.0000126304  -0.0000070771
       -0.0000216859   0.0000060321   0.0000037139   0.0009912049  -0.0009101011
        0.0000138183  -0.0001923606   0.0002290645  -0.0002898096  -0.0000513123
        0.0000853526  -0.0000135889   0.0000559591   0.0000030107   0.0000284494
       -0.0122428691  -0.0037386640  -0.0077426201   0.0002763000   0.0007197545
        0.0001153455  -0.0000820980   0.0000822026  -0.0000161569   0.0000117457
        0.0000194220  -0.0000069906   0.0000508556  -0.0000010013  -0.0000066544
        0.0002223591   0.0000208271  -0.0007787995  -0.0008788678  -0.0029032449
       -0.0004793674  -0.0004164754   0.0000195701  -0.0006098228  -0.0000094292
        0.0001165872   0.0003931658  -0.1912044741   0.0006540206  -0.1112690187
       -0.0000823504  -0.0001992945   0.0001544749   0.0005172094   0.0003454762
        0.0000455407  -0.0000799003   0.0002519044   0.0000224204  -0.0000985466
        0.0000023487   0.0000450240   0.0085681976   0.0007363847   0.0030828161
       -0.0005751619   0.0004204505   0.0004524257   0.0000322941   0.0000452357
        0.0000232432  -0.0000085038   0.0000618521   0.0000428105   0.0000288758
       -0.0000414480   0.0000435000   0.0000000126   0.0000472660   0.0000201424
        0.0000313969   0.0000472341   0.0000292346   0.0001400040  -0.0003284460
        0.0003257907   0.0004374602  -0.0002054390   0.0001068636  -0.0002539692
       -0.0001107226  -0.0000193263  -0.0006719985   0.0001590957   0.0004414155
       -0.0222692530   0.0029145477  -0.0132083104   0.2183430740   0.0012390554
        0.1258687978   0.0000627807  -0.0000036505   0.0000389162  -0.0000985622
       -0.0000422148   0.0000243065  -0.0000654916   0.0000267498  -0.0000440368
       -0.0000591614  -0.0001166001   0.0000643451   0.0010581449  -0.0005724360
        0.0020606465  -0.0003880180   0.0002963609   0.0008110341  -0.0000956136
       -0.0000354812   0.0000266048  -0.0001999666   0.0000722967  -0.0000577608
       -0.0226394571  -0.0032259086  -0.0159465159  -0.0005542741   0.0009183945
        0.0000480816   0.0000460975   0.0000383598   0.0000825622  -0.0000273012
        0.0000218705  -0.0000113787   0.0000318574  -0.0000193524  -0.0000468805
        0.0000440846   0.0007974719  -0.0006199478  -0.0020751338  -0.0044773304
       -0.0002926516  -0.0010210956  -0.0001292303  -0.0006861017   0.0001499156
       -0.0001210111  -0.0001991939  -0.0007314966  -0.0426310200  -0.0032053208
       -0.0001696150  -0.0002580190   0.0001842472   0.0002514963  -0.0008929411
       -0.0005123303   0.0001097658  -0.0002388870   0.0004988920  -0.0000051102
       -0.0000072951  -0.0000318282   0.0072880232  -0.0003587480   0.0097833572
        0.0003721146  -0.0000041097  -0.0002622967   0.0000094621   0.0000008189
       -0.0000046235   0.0000385636   0.0001000505   0.0000523823  -0.0000101713
       -0.0000266718   0.0000256130   0.0000344892   0.0000434387   0.0000048917
        0.0000320919   0.0000193849  -0.0000053102  -0.0000479735  -0.0001878347
        0.0002613624   0.0001228715  -0.0000792609   0.0000868770  -0.0003455018
       -0.0000338677  -0.0002031488   0.0000961447   0.0002348580   0.0001084892
        0.0181405764  -0.0004171886   0.0106892362   0.0012390554   0.0502313845
       -0.0017281997   0.0000323222  -0.0000001035   0.0000309562  -0.0000983169
       -0.0000660127  -0.0000200077   0.0000805151   0.0000099988   0.0000210673
       -0.0000728653  -0.0000019863   0.0000308896  -0.0006352389   0.0004381647
        0.0021608603   0.0002338920   0.0003514233  -0.0003864342  -0.0000406605
       -0.0000440366   0.0000627550   0.0001208726   0.0000151965   0.0000296499
       -0.0052995971  -0.0017524997  -0.0024976464  -0.0002642128   0.0002195580
        0.0000815984   0.0000562323   0.0000386260   0.0000308910  -0.0000059201
        0.0000252467   0.0000105211  -0.0000167854  -0.0000280992  -0.0000357463
        0.0005130337   0.0004215995   0.0005622535  -0.0002817381  -0.0007894060
        0.0005208624  -0.0002252234  -0.0000616101  -0.0001299598  -0.0002743420
       -0.0000160901  -0.0000277811  -0.1053412810  -0.0031475561  -0.1195344544
        0.0000196201  -0.0000085088   0.0000367767  -0.0000456420  -0.0007920965
        0.0004481813   0.0000094614   0.0001374703   0.0000763776  -0.0001318386
        0.0000399813  -0.0002348768  -0.0225081736   0.0047486149  -0.0317073387
        0.0001526330   0.0000231979   0.0003395431   0.0000229105  -0.0000023200
       -0.0000133069   0.0000169754   0.0000505100  -0.0000254825   0.0000073417
       -0.0000024482   0.0000209240   0.0000105233   0.0000005437  -0.0000221734
        0.0000015615  -0.0000009457   0.0000085757  -0.0000132237   0.0000460199
        0.0000384415   0.0000864282   0.0000726051  -0.0000786596  -0.0000288187
        0.0001397684  -0.0000090671   0.0003246149   0.0000117865   0.0000292567
        0.0051701678  -0.0003308400   0.0057064718   0.1258687978  -0.0017281997
        0.1538435869  -0.0000003173   0.0000113105  -0.0000107996  -0.0000190610
       -0.0000320614   0.0000027508  -0.0000587831   0.0000161316  -0.0000471853
        0.0000437282   0.0000483807  -0.0001099128   0.0014021984   0.0024644310
       -0.0060865520   0.0008512055  -0.0001374378  -0.0011623190  -0.0000830110
        0.0002539207  -0.0000356338   0.0000405351   0.0000604167   0.0000118830
        0.0001990037   0.0000254315   0.0000532270   0.0000195955  -0.0000120353
       -0.0000271597  -0.0000433832   0.0000518771  -0.0000185401   0.0006142133
       -0.0004311348   0.0007117579  -0.0001476897  -0.0062101032  -0.0038986160
       -0.0010878001   0.0006704092  -0.0015126895   0.0000328376   0.0026053990
        0.0011873860  -0.0148099896   0.0107971565  -0.0252552346   0.0000416286
       -0.0000145549   0.0001365909   0.0000510220   0.0000824065  -0.0000274454
       -0.0810723843   0.0361723104  -0.0884762339   0.0000600734   0.0000227959
       -0.0000236623  -0.0000163808   0.0000247093   0.0000469452  -0.0000387754
        0.0000017191   0.0000228108  -0.0000206625  -0.0000460030   0.0000979461
       -0.0000193632  -0.0000124968   0.0000213454   0.0000032331  -0.0000152983
        0.0000173316  -0.0000547090   0.0000476992  -0.0000226892   0.0001409429
       -0.0001656664   0.0000301242  -0.0000151478   0.0000473886   0.0000433690
       -0.0002002085   0.0001807330  -0.0004384030  -0.0003517004  -0.0004310043
       -0.0001506066   0.0001713743   0.0002239341  -0.0004297498  -0.0006388511
       -0.0002049332   0.0004886211  -0.0000182885   0.0000118512  -0.0000015193
       -0.0000089464   0.0000040956  -0.0000192066   0.0000627807   0.0000323222
       -0.0000003173   0.0918064042  -0.0369255043   0.1067295515   0.0053586076
       -0.0064837750   0.0107055988  -0.0000052310  -0.0000110678   0.0000031234
        0.0000095275  -0.0000257162   0.0000191677  -0.0000304627  -0.0000216215
       -0.0000006023  -0.0000024967  -0.0000034657  -0.0000094790  -0.0000018698
        0.0000090060   0.0000007695   0.0000130964   0.0000031360  -0.0000035115
       -0.0000561028  -0.0000234447  -0.0000712001   0.0000363716   0.0000291072
        0.0000073626   0.0001062607  -0.0000301615  -0.0000381809  -0.0011208566
        0.0006457638  -0.0014676540  -0.0049971568   0.0058514236   0.0038371920
        0.0004877432  -0.0003115120   0.0006271597   0.0016272650  -0.0018424136
       -0.0024535394  -0.0027809379   0.0032095828  -0.0075393023   0.0000339164
        0.0001065352   0.0000056311  -0.0000492665  -0.0000336392  -0.0000051557
        0.0367943137  -0.0790544853   0.0915118802  -0.0000121459  -0.0000236855
        0.0000013014  -0.0000058964  -0.0000161390  -0.0000138548   0.0000176357
        0.0000023376  -0.0000049964   0.0000419703   0.0000232134  -0.0000298589
       -0.0000009070   0.0000073808  -0.0000024560   0.0000128102  -0.0000126989
       -0.0000199551   0.0000498533  -0.0000194918  -0.0000271998  -0.0003795102
        0.0004532365  -0.0000070471  -0.0001024873  -0.0000382177  -0.0000087213
        0.0001457960  -0.0003335126   0.0003288110   0.0001090705   0.0001397200
       -0.0000189249  -0.0002268450  -0.0006577573   0.0001579119   0.0002439650
        0.0005521576  -0.0003758586  -0.0000305654  -0.0000145403  -0.0000125910
        0.0000070736   0.0000084854  -0.0000002116  -0.0000036505  -0.0000001035
        0.0000113105  -0.0369255043   0.0802590475  -0.1038393588   0.0069900605
       -0.0088794710   0.0194424362   0.0000071990   0.0000035171   0.0000060663
        0.0000058681   0.0000054701   0.0000058475  -0.0000279916  -0.0000085503
       -0.0000026683  -0.0000037951   0.0000031921   0.0000004484   0.0000040201
       -0.0000018894  -0.0000064439   0.0000024265   0.0000015429   0.0000018201
        0.0001883008   0.0000643029  -0.0001944124   0.0000207205  -0.0000220252
       -0.0000209663   0.0000501846  -0.0000932478  -0.0001280210  -0.0009890737
        0.0005123883  -0.0012953722  -0.0045281615   0.0030229108   0.0043699033
       -0.0001337028   0.0001754444   0.0002259048   0.0026722899  -0.0015753200
       -0.0006696384  -0.0087505744   0.0042273440  -0.0139547050   0.0001101282
       -0.0001062884   0.0000606453   0.0000452049   0.0000857987   0.0000483866
       -0.0895621808   0.0905980710  -0.2189985001   0.0000811582   0.0000136588
        0.0000049323  -0.0000049515  -0.0000118249   0.0000296266  -0.0000270299
       -0.0000273943   0.0000542200  -0.0000336794  -0.0000619532   0.0000453568
       -0.0000131551  -0.0000123480   0.0000221326   0.0000259668   0.0000012381
        0.0000348490  -0.0000543337   0.0000436443   0.0000046808  -0.0002786896
        0.0004061897   0.0000428740   0.0000959410  -0.0001812348  -0.0001073154
        0.0002678117  -0.0002327679   0.0008322061   0.0000506251  -0.0000234186
        0.0000114796  -0.0003236000  -0.0007777807   0.0001305970   0.0000008721
        0.0002334366  -0.0000687947  -0.0000557632   0.0000097672  -0.0000367438
        0.0000027138  -0.0000174261  -0.0000191943   0.0000389162   0.0000309562
       -0.0000107996   0.1067295515  -0.1038393588   0.2415688992  -0.0056277687
        0.0075667565  -0.0120177785  -0.0000192271  -0.0000046706  -0.0000020398
        0.0000219871  -0.0000027991   0.0000239197   0.0000025878  -0.0000028124
        0.0000167700   0.0000001383  -0.0000100205  -0.0000026815  -0.0000019876
        0.0000095973   0.0000069661  -0.0000012195   0.0000011865  -0.0000073867
       -0.0005088824  -0.0008828876   0.0001396766   0.0000159350  -0.0000390924
       -0.0000643589   0.0000000351   0.0000470059  -0.0000471063  -0.0003052116
       -0.0000289380  -0.0004666045  -0.0002509957   0.0016365036   0.0026145866
        0.0001942589  -0.0001982995   0.0003986758  -0.0001929186  -0.0043515598
       -0.0052067221  -0.0179857094  -0.0224763374   0.0123775876  -0.0000117577
        0.0001009331  -0.0001269622  -0.0002869710   0.0001197209  -0.0002116143
       -0.1050899880  -0.1006723511   0.0556968573   0.0000610942   0.0000270889
        0.0000495765  -0.0000332021   0.0000096700   0.0000129086   0.0000830301
        0.0000131416  -0.0000109920  -0.0000110634  -0.0000262526  -0.0000350410
       -0.0000168620   0.0000139048  -0.0000207285   0.0000142583   0.0000004803
       -0.0000284385   0.0000051876  -0.0001256604   0.0000172053  -0.0000196324
        0.0001542391   0.0000564075  -0.0001929267   0.0003069565   0.0000677746
        0.0000004119  -0.0001664580  -0.0003550510   0.0000685739   0.0000803790
        0.0000017405  -0.0005941359  -0.0009672962   0.0004586410   0.0004419746
        0.0005672143  -0.0004193924   0.0000432743   0.0000387964   0.0000977850
        0.0000044477   0.0000521607   0.0000275238  -0.0000985622  -0.0000983169
       -0.0000190610   0.0053586076   0.0069900605  -0.0056277687   0.1192099647
        0.1197987900  -0.0593069096   0.0000072976  -0.0000078409  -0.0000094630
       -0.0000124384  -0.0000081261  -0.0000013343   0.0000634937   0.0000777169
       -0.0000414141   0.0000262839   0.0000130104  -0.0000067443   0.0000140187
        0.0000016312   0.0000012758  -0.0000008901   0.0000000126  -0.0000125160
       -0.0004338259  -0.0007253790   0.0005686511  -0.0001019460   0.0000283515
       -0.0000504501  -0.0000111338   0.0000203919   0.0000285234   0.0005100325
       -0.0002142131   0.0006149425   0.0028559502  -0.0020442217  -0.0015490883
        0.0000450155   0.0002236864   0.0000551745  -0.0055918695   0.0057592529
        0.0027957230  -0.0096965212  -0.0115530579   0.0042627698   0.0001334784
       -0.0000347145  -0.0001573191  -0.0000995287   0.0001778924  -0.0001611271
       -0.1013132735  -0.1802302396   0.0938733149   0.0000631896   0.0000282246
        0.0000505431  -0.0000228965   0.0000068414   0.0000024581   0.0000509440
        0.0000021817  -0.0000204714  -0.0000227423  -0.0000611502   0.0000060024
       -0.0000120820   0.0000107404  -0.0000201880   0.0000103763   0.0000163001
       -0.0000022545  -0.0000942294  -0.0000738231   0.0000529747   0.0001563769
       -0.0002126608  -0.0000269886   0.0000183421   0.0002129263   0.0000029628
       -0.0001481436   0.0002956390  -0.0007834053  -0.0000106609  -0.0000185470
       -0.0000110901   0.0007636036   0.0013733222  -0.0004260250  -0.0003866626
       -0.0008476223   0.0004566372   0.0000091319   0.0000152122   0.0000850239
        0.0000200536   0.0000008397   0.0000107502  -0.0000422148  -0.0000660127
       -0.0000320614  -0.0064837750  -0.0088794710   0.0075667565   0.1197987900
        0.1966890557  -0.1071427539  -0.0000085201  -0.0000040307  -0.0000173167
       -0.0000131067  -0.0000005440  -0.0000056471   0.0000368020   0.0000945278
       -0.0000144016   0.0000228017   0.0000100472  -0.0000009623   0.0000131336
        0.0000017581   0.0000039337  -0.0000148893  -0.0000015039  -0.0000155912
       -0.0003167095  -0.0002827645   0.0003052427  -0.0000237120   0.0000374705
       -0.0000144458   0.0000342218   0.0000155676   0.0000518386   0.0003711802
       -0.0002488183   0.0005112928   0.0009184200  -0.0027755820  -0.0006794146
       -0.0000652575   0.0001421844  -0.0002706991  -0.0046099490   0.0033172574
        0.0036707948  -0.0041434908  -0.0071301942   0.0041032227   0.0000716484
        0.0000276439   0.0000393163  -0.0001132948  -0.0000503209  -0.0000549579
        0.0568432376   0.0948594895  -0.0948596672  -0.0000186820  -0.0000101617
       -0.0000096065  -0.0000048804  -0.0000059622   0.0000016161  -0.0000171231
        0.0000032165  -0.0000200870   0.0000277452   0.0000118457  -0.0000044684
       -0.0000009076   0.0000044473   0.0000006772   0.0000127996  -0.0000068602
       -0.0000256950  -0.0000215661   0.0000604859  -0.0000674876   0.0001084000
       -0.0001638208  -0.0000467222   0.0000301833   0.0000019170   0.0001212443
       -0.0000906689  -0.0000074986  -0.0003563994  -0.0000505995  -0.0000823492
        0.0000168243   0.0004930472   0.0007601222  -0.0005263300  -0.0008089775
       -0.0007481754   0.0006026376  -0.0000374251  -0.0000156835  -0.0000067928
        0.0000022598  -0.0000005751  -0.0000062048   0.0000243065  -0.0000200077
        0.0000027508   0.0107055988   0.0194424362  -0.0120177785  -0.0593069096
       -0.1071427539   0.0995240450   0.0000088045   0.0000031503  -0.0000000024
       -0.0000018125  -0.0000028591   0.0000002237  -0.0000257468  -0.0000001263
        0.0000200889  -0.0000037368   0.0000051135  -0.0000028786   0.0000026771
        0.0000007181  -0.0000067499   0.0000069195   0.0000014476   0.0000045719
        0.0003891582  -0.0002358922   0.0002897995   0.0025051556  -0.0015580471
       -0.0023216107  -0.0001681747  -0.0000140199  -0.0000040496  -0.0001651471
       -0.0002082437   0.0001022062   0.0001005335   0.0000633930  -0.0000707743
        0.0001353361  -0.0000402138  -0.0000351605   0.0000424435  -0.0000348672
        0.0000392457   0.0001327752   0.0000473873   0.0000481053  -0.0002223388
        0.0001650583   0.0000934073  -0.0000869853  -0.0001257269  -0.0000356783
       -0.0000107711   0.0000219672  -0.0000041567  -0.0116257842   0.0012794481
       -0.0078913117  -0.2617713980  -0.0175932255  -0.0947214436  -0.0007109216
        0.0000679557  -0.0006455446   0.0000319550   0.0001358276   0.0000057419
        0.0008621158   0.0003839276   0.0027252260  -0.0001053909   0.0000926201
        0.0001245375  -0.0000214773  -0.0001070229   0.0000255768  -0.0000522341
        0.0002164241  -0.0002497631  -0.0001078417   0.0000474812  -0.0001129098
        0.0000277277  -0.0000002424   0.0000049484  -0.0002167722  -0.0001742197
       -0.0002573306   0.0000041805   0.0000271185   0.0000239105   0.0000346524
       -0.0000257817   0.0000173254   0.0000139185  -0.0000007886  -0.0000303504
        0.0000222044   0.0000175441   0.0000217698  -0.0000654916   0.0000805151
       -0.0000587831  -0.0000052310   0.0000071990  -0.0000192271   0.0000072976
       -0.0000085201   0.0000088045   0.2915140174   0.0208020213   0.1095788627
       -0.0208919832  -0.0029932321  -0.0074255243   0.0000329400  -0.0000789006
        0.0000604719   0.0000075298  -0.0001485674   0.0000792958  -0.0003364584
       -0.0001518341   0.0003493459   0.0007004597   0.0000434577   0.0002850375
       -0.0014856188   0.0000833343  -0.0011014865  -0.0027350909   0.0066148438
        0.0066728012   0.0008048784   0.0003773286   0.0005798521  -0.0001626503
       -0.0001078218  -0.0000595138   0.0000437306   0.0000312005  -0.0000004134
        0.0004233051  -0.0001303011   0.0002740703  -0.0003270269   0.0002725509
        0.0000619499  -0.0000095459   0.0000433407  -0.0000290221  -0.0002012634
        0.0001140314  -0.0000650113   0.0000273736  -0.0000871768   0.0000152694
        0.0000019486  -0.0000057567  -0.0000125225   0.0125355064  -0.0005869827
        0.0062011513  -0.0179619323  -0.0355796634  -0.0007539713   0.0011389278
        0.0000421834   0.0009355744   0.0000235115  -0.0000114238  -0.0000886477
        0.0025618449  -0.0033410482  -0.0017842769   0.0001009841  -0.0001094022
        0.0000658511   0.0001694361   0.0003388311   0.0000317814   0.0001490238
        0.0001546949  -0.0000549063  -0.0000341366   0.0000117047  -0.0000818208
        0.0000218701  -0.0000088756  -0.0000183807  -0.0002973326  -0.0000451273
       -0.0001796719  -0.0001190955  -0.0000043854  -0.0000564339  -0.0000224738
        0.0000163264  -0.0000035247   0.0000312460  -0.0000409342  -0.0000045043
        0.0000012993  -0.0000242398   0.0000126304   0.0000267498   0.0000099988
        0.0000161316  -0.0000110678   0.0000035171  -0.0000046706  -0.0000078409
       -0.0000040307   0.0000031503   0.0208020213   0.0323795001  -0.0066146984
       -0.0151177397   0.0000786446  -0.0042022142  -0.0000128784   0.0000276982
        0.0000042764  -0.0004182288  -0.0003762508   0.0004313395   0.0005281366
        0.0003536674  -0.0006479464  -0.0004678714  -0.0004899765   0.0004578084
       -0.0010515399  -0.0000470668  -0.0009734919  -0.0015260558   0.0067620121
       -0.0004095047   0.0005635319   0.0002949592   0.0004401974   0.0001377597
        0.0001799613  -0.0000174405   0.0000392954   0.0000202673  -0.0000018107
        0.0002828149  -0.0001291052  -0.0000698853  -0.0003811887   0.0002920993
        0.0002328141   0.0000911809   0.0000520432   0.0000094238   0.0000233231
       -0.0000554213   0.0000604814  -0.0000756993  -0.0002129105   0.0000019061
        0.0000004314  -0.0000195365   0.0000222138  -0.0266439272  -0.0003436218
       -0.0144876376  -0.0928533358  -0.0001726779  -0.0787917220  -0.0006947996
        0.0000557793  -0.0005883347   0.0000241335   0.0000968289  -0.0000297210
       -0.0005696225  -0.0030875764  -0.0005673121   0.0001276213  -0.0000741492
       -0.0000540588   0.0001455395   0.0001295890   0.0000567809  -0.0000837356
       -0.0000848521   0.0000508348   0.0000872185  -0.0000317538   0.0000662303
       -0.0000163046  -0.0000079809   0.0000122910  -0.0002837719   0.0001934586
        0.0000243105  -0.0001319345   0.0000309904  -0.0000440947   0.0000512918
        0.0000033303   0.0000311595   0.0000175104  -0.0000109329  -0.0000299964
        0.0000205067  -0.0000043906  -0.0000070771  -0.0000440368   0.0000210673
       -0.0000471853   0.0000031234   0.0000060663  -0.0000020398  -0.0000094630
       -0.0000173167  -0.0000000024   0.1095788627  -0.0066146984   0.0902010492
        0.0122831090   0.0021939095   0.0053025643   0.0000418079  -0.0000523368
        0.0000552906  -0.0001625068  -0.0004170915   0.0004128184   0.0002754440
        0.0002324228  -0.0003613557   0.0007334159   0.0008186346  -0.0004976952
       -0.0000331865  -0.0000099220  -0.0000904869   0.0001847844   0.0013340073
        0.0003262522   0.0002911799   0.0000474990  -0.0001023506  -0.0017236201
        0.0001587712  -0.0013872653   0.0000057061   0.0000055681   0.0000556562
       -0.0006480101   0.0003714623   0.0000962787  -0.0001413470   0.0000828218
       -0.0000031595  -0.0000805109   0.0000609801  -0.0002045846  -0.0001443596
        0.0000622135   0.0000078226  -0.0000389363   0.0000038324   0.0000358245
        0.0000190231  -0.0000330082   0.0000459613   0.0026557123   0.0015955130
        0.0000106308  -0.1631327252  -0.1004597628   0.0898858359  -0.0001217422
       -0.0000408903  -0.0000708610   0.0000279303  -0.0000317408  -0.0000200049
        0.0020457396  -0.0026230282  -0.0020902903   0.0001083939   0.0000458583
        0.0001777759  -0.0000877232   0.0000160607   0.0000487423  -0.0015538516
       -0.0015915746  -0.0002784829   0.0000087880  -0.0001991260   0.0001498964
       -0.0001001454  -0.0000197834   0.0000700977  -0.0014789339   0.0017320227
        0.0000756657  -0.0000303319  -0.0000158452  -0.0000088666   0.0000072461
       -0.0000084631   0.0000209495   0.0000250111  -0.0000160262  -0.0000075436
        0.0000038758  -0.0000142487  -0.0000216859  -0.0000591614  -0.0000728653
        0.0000437282   0.0000095275   0.0000058681   0.0000219871  -0.0000124384
       -0.0000131067  -0.0000018125  -0.0208919832  -0.0151177397   0.0122831090
        0.1841081230   0.1144126965  -0.0989992253   0.0000104039   0.0000055709
       -0.0000045322  -0.0002528104  -0.0002502480   0.0005371245   0.0006875404
        0.0003476109  -0.0005863552   0.0003328319   0.0002290224  -0.0000158312
        0.0004743576  -0.0000361251   0.0005199913   0.0010298838  -0.0026151171
       -0.0021931045  -0.0003593044  -0.0000494467  -0.0000906803  -0.0009979079
        0.0001234357  -0.0008406300   0.0001896903   0.0000056179   0.0000444595
        0.0005840535  -0.0002341306   0.0002992922   0.0001487885  -0.0001445305
       -0.0000777846   0.0000406050  -0.0000686441  -0.0000369866  -0.0003599691
        0.0003164139  -0.0001242887   0.0000245354  -0.0000186078   0.0000984188
       -0.0000176697   0.0000057832  -0.0000359831  -0.0106481477  -0.0103018429
        0.0080987990  -0.1000255044  -0.1119190573   0.0793732178  -0.0002878816
       -0.0000030201  -0.0002784822   0.0000354521   0.0000180301  -0.0001658093
       -0.0016447072   0.0080802332   0.0066354144   0.0000136781   0.0001227604
        0.0000361920  -0.0001497701  -0.0001602744  -0.0000048590  -0.0010417888
        0.0001732356  -0.0001587777  -0.0001552198  -0.0001552990  -0.0000282897
       -0.0000108654  -0.0000062279  -0.0000045165   0.0021439986  -0.0012945738
       -0.0005013025   0.0000362425  -0.0000217081   0.0000360520  -0.0000446829
       -0.0000188298  -0.0000348130   0.0000401205  -0.0001237033   0.0000326299
        0.0000188297  -0.0000067354   0.0000060321  -0.0001166001  -0.0000019863
        0.0000483807  -0.0000257162   0.0000054701  -0.0000027991  -0.0000081261
       -0.0000005440  -0.0000028591  -0.0029932321   0.0000786446   0.0021939095
        0.1144126965   0.1184530458  -0.0939471018   0.0000028984   0.0000246002
       -0.0000084294   0.0007945936   0.0009057572  -0.0006696569  -0.0016654041
       -0.0013392996   0.0018257748   0.0005620735   0.0002066759  -0.0000414099
        0.0003305018   0.0001870432   0.0000828102   0.0013528353  -0.0020485127
       -0.0001179208  -0.0005403902  -0.0000704841  -0.0005105489  -0.0002611088
        0.0000595739  -0.0002051281  -0.0001644319  -0.0000936097   0.0001623131
       -0.0001065734   0.0002274783  -0.0001444616   0.0001159167  -0.0001208940
       -0.0000126492  -0.0000407836  -0.0000162907  -0.0000590893   0.0003623263
       -0.0003095656  -0.0000282596   0.0000750479   0.0000097440  -0.0000290929
        0.0000221519  -0.0000288844   0.0000225202   0.0196631761   0.0152148112
       -0.0169054062   0.0879359567   0.0778841090  -0.1075384619   0.0001509273
       -0.0000748062   0.0002092843  -0.0001180396   0.0000436698   0.0001049583
       -0.0032136575   0.0076071531  -0.0007838962   0.0001312101  -0.0001544715
       -0.0004504404   0.0001578604  -0.0000965103   0.0000446788  -0.0009604766
       -0.0007732891   0.0009994494   0.0001008107  -0.0000600107   0.0001467792
        0.0000622793  -0.0000113636  -0.0000003673   0.0002852903  -0.0000046862
        0.0009381912   0.0000753561  -0.0000095452   0.0000201869   0.0000241625
        0.0000172363  -0.0000107758  -0.0000242891  -0.0000136136   0.0000168856
       -0.0000213672  -0.0000138938   0.0000037139   0.0000643451   0.0000308896
       -0.0001099128   0.0000191677   0.0000058475   0.0000239197  -0.0000013343
       -0.0000056471   0.0000002237  -0.0074255243  -0.0042022142   0.0053025643
       -0.0989992253  -0.0939471018   0.1196444584  -0.0000193616  -0.0000087388
       -0.0000030041   0.0016724673   0.0011720016  -0.0013943499  -0.0004595663
       -0.0002872862   0.0005392413  -0.0002456600  -0.0001081381   0.0000415863
        0.0006576143  -0.0001906210   0.0002772061  -0.0000387292  -0.0001898070
       -0.0002488592  -0.0000269194  -0.0000278014   0.0000512285  -0.0000229614
       -0.0000084782  -0.0000068445   0.0000171772   0.0000270601   0.0000038032
        0.0000835892  -0.0001738808  -0.0000263318   0.0008615951   0.0010353836
       -0.0008558535  -0.0001047534  -0.0000632663   0.0002044468  -0.0000222130
        0.0001578342  -0.0000139169   0.0120590867   0.0020263320   0.0050229873
       -0.0000223930   0.0000827401  -0.0000419617  -0.0002619551  -0.0001756376
       -0.0001084340   0.0000905093   0.0000503610   0.0000950673  -0.0001132619
        0.0005443503   0.0001325481  -0.2864059668  -0.0098695646  -0.2062013977
       -0.0001009463  -0.0002264685   0.0002930261  -0.0000268113   0.0000054443
       -0.0000022872   0.0000816145   0.0000124850   0.0000248418  -0.0000168009
       -0.0000157858   0.0000259818   0.0000033414  -0.0000034241   0.0000266321
        0.0000036518   0.0000025996   0.0000053300  -0.0000095996  -0.0000482953
        0.0000817295  -0.0006629548   0.0001747379   0.0006807490   0.0000523495
       -0.0008303814   0.0000106556  -0.0000627023  -0.0000125408   0.0000415956
        0.0014649275  -0.0000799749   0.0009912049   0.0010581449  -0.0006352389
        0.0014021984  -0.0000304627  -0.0000279916   0.0000025878   0.0000634937
        0.0000368020  -0.0000257468   0.0000329400  -0.0000128784   0.0000418079
        0.0000104039   0.0000028984  -0.0000193616   0.2712682429   0.0081710980
        0.1986370455   0.0001381526  -0.0001252024  -0.0005078498  -0.0001283053
        0.0002452613  -0.0000380548   0.0001109020   0.0001418511   0.0000442264
        0.0013548419   0.0007987783   0.0010635823  -0.0001298907   0.0000073722
        0.0001927943   0.0000375985  -0.0000204735  -0.0001403097   0.0000230914
       -0.0000400656   0.0000180538  -0.0000025656  -0.0000340465   0.0000432048
       -0.0001854725   0.0002580228   0.0004537707   0.0006008856   0.0010998087
       -0.0002107158  -0.0002191821  -0.0003278147   0.0000409710   0.0002873252
       -0.0002353125  -0.0002021787   0.0098779186  -0.0028766130   0.0086621792
        0.0000782990   0.0000652440  -0.0000983219   0.0002300597  -0.0000651137
        0.0002275128  -0.0000377963  -0.0000464153  -0.0000145391   0.0004357803
       -0.0006789170  -0.0003485043  -0.0181282910  -0.0085281262   0.0012258157
       -0.0000896981  -0.0001723353  -0.0000465552  -0.0000401378   0.0000314503
       -0.0000118043  -0.0000281655  -0.0000822120  -0.0000451631  -0.0000273774
        0.0000058724  -0.0000393581   0.0000514702   0.0000312803  -0.0000097268
        0.0000597509   0.0000485735  -0.0000787367   0.0000119942   0.0000085637
       -0.0000428786  -0.0003322307   0.0001643847   0.0002128533  -0.0006799497
       -0.0009757055  -0.0006445966  -0.0001022382   0.0000556560  -0.0000383347
       -0.0009364287   0.0009637662  -0.0009101011  -0.0005724360   0.0004381647
        0.0024644310  -0.0000216215  -0.0000085503  -0.0000028124   0.0000777169
        0.0000945278  -0.0000001263  -0.0000789006   0.0000276982  -0.0000523368
        0.0000055709   0.0000246002  -0.0000087388   0.0081710980   0.0096535347
       -0.0115166956   0.0003430076   0.0002645271   0.0000074951   0.0000745714
       -0.0000069324  -0.0000621714  -0.0001085980   0.0000568080  -0.0000879581
       -0.0000662535   0.0002959948   0.0006106488  -0.0000626090  -0.0002111814
       -0.0000386084   0.0000261195  -0.0000171211   0.0000221105  -0.0000099248
        0.0000210717  -0.0000446091  -0.0000303329  -0.0000248252   0.0000685345
       -0.0001562736  -0.0001429914  -0.0003915302  -0.0003164733  -0.0000585592
       -0.0000597244   0.0002488099   0.0000733573  -0.0000330574  -0.0000655012
       -0.0002229218   0.0003404131  -0.0219485860   0.0021145578  -0.0286777251
       -0.0000218720  -0.0000745705  -0.0000110216  -0.0001913023  -0.0001743180
       -0.0000414379   0.0000553472   0.0000424388   0.0000150629  -0.0000617117
        0.0000511304   0.0001352919  -0.1778863626   0.0075931916  -0.1832581953
        0.0001611492  -0.0001271745   0.0000258128   0.0000318079  -0.0000675121
        0.0000106362  -0.0000117936   0.0000087764   0.0000456618   0.0000147709
       -0.0000241969   0.0000200289  -0.0000094031  -0.0000260278   0.0000092372
       -0.0000443249  -0.0000485432   0.0000465125   0.0000172520  -0.0000923997
        0.0001598873   0.0008123291   0.0000075082  -0.0000050999  -0.0000470021
       -0.0001847151   0.0003990646  -0.0000513188   0.0001167014  -0.0001975465
       -0.0009502829   0.0003087336   0.0000138183   0.0020606465   0.0021608603
       -0.0060865520  -0.0000006023  -0.0000026683   0.0000167700  -0.0000414141
       -0.0000144016   0.0000200889   0.0000604719   0.0000042764   0.0000552906
       -0.0000045322  -0.0000084294  -0.0000030041   0.1986370455  -0.0115166956
        0.2169481882  -0.0002530375   0.0002396210  -0.0001248770   0.0000148341
       -0.0000014897  -0.0000163631   0.0000903308   0.0000025227   0.0000262930
       -0.0000948805  -0.0001527519   0.0000552393   0.0001874833  -0.0004605574
        0.0006182966   0.0000383405   0.0000544596  -0.0000253870  -0.0000413436
       -0.0000189599   0.0000071042   0.0000230068   0.0000371109  -0.0000447409
        0.0000637083   0.0000624310   0.0001591303   0.0000191733   0.0001209399
       -0.0000357745  -0.0000228303  -0.0000529684   0.0000146281   0.0000324110
        0.0000596412  -0.0001545788  -0.0015100373   0.0001624283   0.0016191018
        0.0000234837   0.0000399633  -0.0000172075   0.0068837536  -0.0190855860
        0.0058481650  -0.0021317931  -0.0019593455   0.0017518550  -0.0002977839
       -0.0006867218  -0.0003889207  -0.0012124423   0.0001994402  -0.0007178578
       -0.0703423575   0.0720971003  -0.0263066200   0.0000012823   0.0000824375
        0.0000106386   0.0000100066   0.0000359757  -0.0000023774   0.0000356770
        0.0000393302  -0.0000421556   0.0000249561   0.0000229918  -0.0000098375
        0.0000446613   0.0000246093  -0.0000167803   0.0000470681  -0.0000427201
       -0.0000762236  -0.0000290710   0.0000159658   0.0000215729  -0.0000148388
       -0.0000567894  -0.0000565024  -0.0000092645  -0.0000216349   0.0000893225
        0.0001897126  -0.0000624431  -0.0001923606  -0.0003880180   0.0002338920
        0.0008512055  -0.0000024967  -0.0000037951   0.0000001383   0.0000262839
        0.0000228017  -0.0000037368   0.0000075298  -0.0004182288  -0.0001625068
       -0.0002528104   0.0007945936   0.0016724673   0.0001381526   0.0003430076
       -0.0002530375   0.0822917787  -0.0842335570   0.0265765737  -0.0023909921
        0.0093359946  -0.0013461177  -0.0113475095   0.0234709448  -0.0094427157
       -0.0003669205  -0.0001038334   0.0000301913   0.0006358164   0.0005831368
        0.0004314005   0.0002358392   0.0000682857  -0.0001232781   0.0000159084
        0.0000609209  -0.0000175633  -0.0000165570   0.0000091930   0.0000126482
        0.0000309825  -0.0000013060   0.0000632253   0.0000288246   0.0000113227
       -0.0000085995  -0.0000293168  -0.0000299134   0.0000093411   0.0000240883
        0.0000082111  -0.0000958360   0.0004432003   0.0002094751  -0.0003480405
        0.0000241081   0.0000178908  -0.0000083641   0.0015059335  -0.0166655785
        0.0087430941  -0.0019067241  -0.0014796831   0.0006157350  -0.0008810649
       -0.0003998896  -0.0007686104   0.0013894894  -0.0014510342  -0.0005174376
        0.0727329203  -0.2366545462   0.0631369346   0.0000698343   0.0000665633
        0.0000403492  -0.0000041172   0.0000770710  -0.0000251030   0.0000514347
        0.0000218192  -0.0000447293   0.0000444621   0.0000201606  -0.0000394294
        0.0000304856   0.0000102042  -0.0000026846   0.0000242773  -0.0000748543
       -0.0000078333   0.0000394869   0.0000028578   0.0000005870  -0.0000379203
       -0.0000157162  -0.0000687528  -0.0000046887   0.0000028228   0.0000337296
        0.0001642661  -0.0001380569   0.0002290645   0.0002963609   0.0003514233
       -0.0001374378  -0.0000034657   0.0000031921  -0.0000100205   0.0000130104
        0.0000100472   0.0000051135  -0.0001485674  -0.0003762508  -0.0004170915
       -0.0002502480   0.0009057572   0.0011720016  -0.0001252024   0.0002645271
        0.0002396210  -0.0842335570   0.2740912667  -0.0743534660   0.0093452468
       -0.0211331721   0.0020162390   0.0008623740   0.0017276862   0.0002150021
        0.0000836428   0.0002250709  -0.0001294378  -0.0007371410  -0.0006452069
        0.0003254689  -0.0000689347  -0.0000030478  -0.0000058590  -0.0000134742
        0.0000093725   0.0000143967  -0.0000124109   0.0000025732   0.0000141037
        0.0000314188   0.0000133580  -0.0000283431  -0.0000682579  -0.0000681940
        0.0000280973  -0.0000266591  -0.0000183792  -0.0000185896  -0.0000053841
       -0.0000606977   0.0000115185   0.0007502366   0.0000257721   0.0004384459
       -0.0000073403  -0.0000165001  -0.0000011679  -0.0016638647   0.0176328622
       -0.0082975259   0.0021753786   0.0016361950  -0.0003926526  -0.0004810731
       -0.0004437227   0.0001500357  -0.0001057215  -0.0000509291  -0.0000164211
       -0.0273155002   0.0641098119  -0.0610038912   0.0000102786  -0.0000141670
       -0.0000406380  -0.0000192608  -0.0000511742  -0.0000142971  -0.0000323319
       -0.0000057233  -0.0000069936  -0.0000074594  -0.0000156397   0.0000067968
       -0.0000215444  -0.0000138307  -0.0000108947  -0.0000272323   0.0000777014
       -0.0000387754   0.0000012365  -0.0000145752  -0.0000015649  -0.0000369811
       -0.0000160121  -0.0000284859   0.0000500061  -0.0000031691  -0.0000557619
       -0.0000836828   0.0000645259  -0.0002898096   0.0008110341  -0.0003864342
       -0.0011623190  -0.0000094790   0.0000004484  -0.0000026815  -0.0000067443
       -0.0000009623  -0.0000028786   0.0000792958   0.0004313395   0.0004128184
        0.0005371245  -0.0006696569  -0.0013943499  -0.0005078498   0.0000074951
       -0.0001248770   0.0265765737  -0.0743534660   0.0725452933   0.0094830557
       -0.0247435930   0.0056936248  -0.0093309542   0.0173585548  -0.0065723847
        0.0002542727   0.0000634265  -0.0000241317   0.0002156079  -0.0005767364
        0.0007615345  -0.0000002510   0.0001144042  -0.0001516528   0.0000189277
       -0.0000005409  -0.0000283220  -0.0000132480  -0.0000010733  -0.0000322443
       -0.0000654224   0.0000223708   0.0000542181  -0.0000068529  -0.0000118101
       -0.0000148127  -0.0000139213  -0.0000205591   0.0000296246   0.0000468785
       -0.0000319562  -0.0001091083  -0.0000633087   0.0001759005   0.0001841762
        0.0000063967  -0.0000029270  -0.0000209384  -0.0077756102   0.0086994954
        0.0212423027  -0.0017379330  -0.0002273449   0.0004951564  -0.0010729571
        0.0002570275  -0.0003740448   0.0001143244  -0.0001935282  -0.0000692691
       -0.0563703267   0.0319647545   0.0460630788  -0.0000001799  -0.0001616233
        0.0001423728  -0.0000780979  -0.0000351949  -0.0000489530   0.0000452395
        0.0000513419  -0.0000535541   0.0000117709   0.0000109553  -0.0000387161
        0.0000347079  -0.0000036255  -0.0000150886   0.0000574446   0.0000006533
       -0.0000785437   0.0000471317  -0.0000230334   0.0000051819  -0.0000300398
        0.0000053848  -0.0000313597   0.0000125912  -0.0000255578   0.0000022962
        0.0000144421  -0.0000681643  -0.0000513123  -0.0000956136  -0.0000406605
       -0.0000830110  -0.0000018698   0.0000040201  -0.0000019876   0.0000140187
        0.0000131336   0.0000026771  -0.0003364584   0.0005281366   0.0002754440
        0.0006875404  -0.0016654041  -0.0004595663  -0.0001283053   0.0000745714
        0.0000148341  -0.0023909921   0.0093452468   0.0094830557   0.0639130859
       -0.0342043751  -0.0549562627   0.0046870072  -0.0140367081  -0.0221130740
        0.0000253510  -0.0000199026   0.0001043481  -0.0001413074  -0.0000239725
        0.0001676161  -0.0000374260   0.0000386438   0.0000415426  -0.0000108333
       -0.0000614040   0.0000358540   0.0000236535  -0.0000118696  -0.0000054424
       -0.0000883766   0.0000105822   0.0000290333   0.0000353417   0.0000340082
       -0.0000104755  -0.0000216543   0.0000071710  -0.0000145313   0.0000109214
       -0.0000056730  -0.0000137385   0.0000999537  -0.0000688281  -0.0003483977
       -0.0000023885  -0.0000010132   0.0000045521  -0.0046223887   0.0073131961
        0.0122039447  -0.0013322580  -0.0004841719   0.0009300528   0.0005500164
        0.0001964687   0.0001643469  -0.0002225995  -0.0000093278   0.0000481699
        0.0299234193  -0.1045893267  -0.1012956789  -0.0000623887  -0.0000593718
        0.0000678908   0.0000176132  -0.0000139803   0.0000208978   0.0000111505
        0.0000137888  -0.0000057581  -0.0000118742   0.0000118601   0.0000025869
        0.0000140728  -0.0000041061  -0.0000066981   0.0000189652  -0.0000153988
       -0.0000058241  -0.0000049044  -0.0000062407   0.0000017039   0.0000247909
        0.0000091142   0.0000334511  -0.0000191157   0.0000090210   0.0000146521
        0.0000150671  -0.0000070597   0.0000853526  -0.0000354812  -0.0000440366
        0.0002539207   0.0000090060  -0.0000018894   0.0000095973   0.0000016312
        0.0000017581   0.0000007181  -0.0001518341   0.0003536674   0.0002324228
        0.0003476109  -0.0013392996  -0.0002872862   0.0002452613  -0.0000069324
       -0.0000014897   0.0093359946  -0.0211331721  -0.0247435930  -0.0342043751
        0.1223250498   0.1173018229   0.0002593849  -0.0024173523  -0.0050155640
       -0.0000379720  -0.0001050833   0.0000493860  -0.0007895072   0.0001041884
       -0.0000293084  -0.0001120738  -0.0002349850  -0.0000014456   0.0000024439
        0.0000206660   0.0000699749   0.0000167047   0.0000011102   0.0000324138
       -0.0000313719  -0.0000043362   0.0000236361  -0.0000199807   0.0000432308
        0.0000126729  -0.0000210089  -0.0000166531  -0.0000051694  -0.0000064884
        0.0000125683   0.0000476043  -0.0000883373  -0.0001136987  -0.0000757040
       -0.0000068471   0.0000050092   0.0000149450   0.0100243163  -0.0035112511
       -0.0201708244   0.0023625172   0.0001863970   0.0002050755   0.0000358025
       -0.0001413932   0.0004720787   0.0000685449   0.0001468729   0.0001536436
        0.0435504584  -0.1042313442  -0.1942699609   0.0000539525   0.0001995551
       -0.0000587801  -0.0000136921  -0.0000079713   0.0000239960  -0.0000421161
       -0.0000376985  -0.0000172173   0.0000105839   0.0000165139   0.0000237033
       -0.0000202645   0.0000081786  -0.0000055860  -0.0000643524  -0.0000111462
        0.0000352691  -0.0000265140   0.0000023092  -0.0000138911   0.0000201481
        0.0000005372   0.0000390726  -0.0000284929   0.0000265881   0.0000155636
       -0.0000250871   0.0000500673  -0.0000135889   0.0000266048   0.0000627550
       -0.0000356338   0.0000007695  -0.0000064439   0.0000069661   0.0000012758
        0.0000039337  -0.0000067499   0.0003493459  -0.0006479464  -0.0003613557
       -0.0005863552   0.0018257748   0.0005392413  -0.0000380548  -0.0000621714
       -0.0000163631  -0.0013461177   0.0020162390   0.0056936248  -0.0549562627
        0.1173018229   0.2272319117   0.0017374286  -0.0129021952  -0.0196092008
       -0.0002887214  -0.0003359063  -0.0002073077  -0.0032229774  -0.0030400585
        0.0018727811  -0.0010448855   0.0000293460  -0.0002460320  -0.0000736596
       -0.0000704946  -0.0000819597   0.0000525114   0.0000237551  -0.0000162051
       -0.0000073908   0.0000438944  -0.0002185996  -0.0000717703   0.0001127981
        0.0001109906   0.0001214233   0.0000586315   0.0000022541  -0.0000254958
       -0.0000228336   0.0001040642  -0.0000738389  -0.0001159952  -0.0002541661
       -0.0000072194   0.0000000301   0.0000207339  -0.0236621230  -0.0047231415
       -0.0111731765   0.0008494436   0.0012704043  -0.0012997139  -0.0000027440
       -0.0001915837   0.0005627167  -0.0001214589   0.0002945058   0.0000694351
       -0.2005528055  -0.0211525523  -0.1124903349   0.0000153138   0.0000756704
       -0.0000149199  -0.0000536863  -0.0001849503  -0.0000448291  -0.0000087986
       -0.0000107892   0.0000144165  -0.0000304336  -0.0000337655   0.0000481549
       -0.0000054398  -0.0000034550   0.0000251312  -0.0000455656  -0.0000338650
        0.0000256117  -0.0000347554   0.0000268714  -0.0000146944   0.0000681766
       -0.0000147121   0.0000550082  -0.0000048002   0.0000259988  -0.0000265221
        0.0000680615  -0.0000230619   0.0000559591  -0.0001999666   0.0001208726
        0.0000405351   0.0000130964   0.0000024265  -0.0000012195  -0.0000008901
       -0.0000148893   0.0000069195   0.0007004597  -0.0004678714   0.0007334159
        0.0003328319   0.0005620735  -0.0002456600   0.0001109020  -0.0001085980
        0.0000903308  -0.0113475095   0.0008623740  -0.0093309542   0.0046870072
        0.0002593849   0.0017374286   0.2338677087   0.0267794861   0.1300904077
       -0.0004989878  -0.0001752147  -0.0001013559  -0.0022232440  -0.0000061696
        0.0015272117  -0.0002457238   0.0000681220  -0.0001521031  -0.0000364202
        0.0000050891   0.0000004612   0.0000155810   0.0000166125   0.0000046875
        0.0000214249   0.0000675589  -0.0000557981  -0.0000723259   0.0000911963
        0.0000641246   0.0000219048   0.0000096262  -0.0000241039  -0.0000229845
       -0.0000227739   0.0000062064   0.0001100706   0.0000510957  -0.0000056397
        0.0000046354   0.0000025831   0.0000036821  -0.0120011580  -0.0016382276
       -0.0078514990  -0.0006946931   0.0000738064  -0.0005849958  -0.0000427000
       -0.0001968285   0.0001115581  -0.0000075157  -0.0003608612   0.0000143400
       -0.0210540658  -0.0479601127  -0.0145870534   0.0000277784   0.0000401739
       -0.0000444193   0.0000014013  -0.0000508708  -0.0000177960  -0.0000011166
        0.0000066641  -0.0000064418   0.0000066877  -0.0000042032   0.0000031725
        0.0000038983  -0.0000048433   0.0000006907  -0.0000083410  -0.0000019464
       -0.0000160588  -0.0000402914   0.0000089805  -0.0000075897   0.0000063992
       -0.0000273650  -0.0000133737   0.0000199314   0.0000034579  -0.0000033497
        0.0000063555  -0.0000189645   0.0000030107   0.0000722967   0.0000151965
        0.0000604167   0.0000031360   0.0000015429   0.0000011865   0.0000000126
       -0.0000015039   0.0000014476   0.0000434577  -0.0004899765   0.0008186346
        0.0002290224   0.0002066759  -0.0001081381   0.0001418511   0.0000568080
        0.0000025227   0.0234709448   0.0017276862   0.0173585548  -0.0140367081
       -0.0024173523  -0.0129021952   0.0267794861   0.0509243379   0.0165000029
        0.0000177767  -0.0000622697   0.0000714550   0.0016296875   0.0015199561
       -0.0005000437   0.0004385801   0.0001378103   0.0003284669   0.0000021613
        0.0000069926  -0.0000118592   0.0000086330   0.0000083046  -0.0000009111
        0.0000364948  -0.0000025157  -0.0000735928   0.0000236354  -0.0000404803
        0.0000119795   0.0000237310   0.0000268646  -0.0000066654  -0.0000562334
        0.0000262857   0.0000946815   0.0000264746  -0.0001139131  -0.0000402131
        0.0000020307  -0.0000043017   0.0000112439   0.0094679195   0.0015103398
        0.0071975139   0.0021628083   0.0002217250   0.0005156040   0.0001104311
       -0.0000071288   0.0001967526  -0.0000633508   0.0002965100  -0.0000395228
       -0.1127039913  -0.0156511100  -0.1234753724  -0.0000018227  -0.0000155026
       -0.0000390803   0.0001165277   0.0001028460   0.0000521636  -0.0000109472
       -0.0000172153   0.0000422216  -0.0000128863  -0.0000196046   0.0000017118
       -0.0000166228  -0.0000068755   0.0000188640  -0.0000175356   0.0000033949
        0.0000579389   0.0000005420   0.0000102768   0.0000004840   0.0000298171
        0.0000054284   0.0000129585   0.0000044323   0.0000005378  -0.0000186152
        0.0000074445   0.0000198843   0.0000284494  -0.0000577608   0.0000296499
        0.0000118830  -0.0000035115   0.0000018201  -0.0000073867  -0.0000125160
       -0.0000155912   0.0000045719   0.0002850375   0.0004578084  -0.0004976952
       -0.0000158312  -0.0000414099   0.0000415863   0.0000442264  -0.0000879581
        0.0000262930  -0.0094427157   0.0002150021  -0.0065723847  -0.0221130740
       -0.0050155640  -0.0196092008   0.1300904077   0.0165000029   0.1421657200
