$hessian                                                                        
        0.4849886302   0.0275804490  -0.0161819980  -0.0916536336   0.0436566853
        0.0215448332   0.0064972799  -0.0033634528  -0.0024243177   0.0004596330
        0.0004597408   0.0002328403  -0.0136140226  -0.0108177542   0.0120980743
       -0.0697260163  -0.0081230309   0.0251818721  -0.1304650129  -0.0020179664
       -0.0491754619  -0.0250333471  -0.0118377716  -0.0031434408  -0.0140716303
        0.0063909678   0.0229918182  -0.0894137318  -0.0520029718   0.0032921250
       -0.0017131620  -0.0019710865   0.0014473059  -0.0229593276   0.0154859898
       -0.0003376721  -0.0000037014  -0.0003928141   0.0023784168  -0.0074852014
        0.0082226030   0.0068482841   0.0070024050   0.0191699349   0.0003491581
       -0.0015067627   0.0000958847  -0.0008932122  -0.0005443560  -0.0026150532
        0.0000362362  -0.0001492515  -0.0005305053  -0.0002118113   0.0000304620
       -0.0001497586   0.0000512832   0.0000495595  -0.0000089884  -0.0000740289
       -0.0021057066  -0.0027750954  -0.0004579880   0.0058058470   0.0052706410
       -0.0173468275  -0.0160418622   0.0024557523  -0.0094334023   0.0033551508
        0.0003796176   0.0012940212   0.0005785478  -0.0005405143  -0.0005795320
       -0.0157379822  -0.0203034228  -0.0003116636  -0.0068696027  -0.0099809302
        0.0037297514   0.0001903319  -0.0000296332   0.0002176477  -0.0005570096
       -0.0005240788  -0.0002900048   0.0002230599  -0.0015691271  -0.0006306346
        0.0000985082   0.0005202377   0.0001776460   0.0006683980   0.0006073473
       -0.0004912406   0.0002268366   0.0000417711  -0.0000865844  -0.0004072673
       -0.0004716473   0.0001442037  -0.0001160622  -0.0003120194   0.0000543032
        0.0275804490   0.4646378774  -0.0041085481   0.0387070939  -0.1051461239
       -0.0218088607   0.0121069499  -0.0268628291  -0.0060151576   0.0015180104
        0.0025761410  -0.0007841864  -0.0186487761  -0.0116208190   0.0180359844
       -0.0097070879  -0.0631066028   0.0233750442  -0.0005805975  -0.0619448232
       -0.0026358263  -0.0201337019  -0.0044431042  -0.0047058736   0.0167902684
       -0.0025434017  -0.0245783733  -0.0476317531  -0.1297703117   0.0097068914
       -0.0020023270  -0.0020476206   0.0020424116   0.0075670728   0.0002719795
        0.0047208410  -0.0004521690   0.0002599790  -0.0014466811   0.0020975160
       -0.0006621548  -0.0020989162  -0.0009546085  -0.0376189581  -0.0043782728
       -0.0006872981  -0.0009218626  -0.0003652949  -0.0016488833  -0.0049022358
       -0.0002416378  -0.0001029509  -0.0000764579  -0.0002102149  -0.0000088273
       -0.0001332568   0.0001125231   0.0002428054   0.0001124265  -0.0003090821
       -0.0036363252  -0.0040514003  -0.0003306194  -0.0022314830  -0.0006556737
        0.0046663823   0.0210009755   0.0006925395   0.0136187138  -0.0056325865
       -0.0006207253  -0.0040553214   0.0002789992   0.0001521240  -0.0010399955
       -0.0056577751  -0.0042138687  -0.0015367591  -0.0067142777  -0.0068049883
        0.0044247036   0.0000373754  -0.0000237523   0.0000504032  -0.0008254133
       -0.0006672116  -0.0001973042  -0.0001867106  -0.0000256312  -0.0000966918
       -0.0000290791  -0.0000047697   0.0002230285   0.0000308593   0.0004472017
       -0.0001646632   0.0000115168  -0.0000351972  -0.0000874809  -0.0002927726
       -0.0001056419  -0.0000121027  -0.0002044882  -0.0001408464   0.0002309366
       -0.0161819980  -0.0041085481   0.4441882409   0.0143890745  -0.0159822094
       -0.0680537919  -0.0012563784   0.0003925975   0.0016029704  -0.0000898881
       -0.0000328264   0.0000489901   0.0086601597   0.0087626601  -0.0034687236
        0.0309015081   0.0224163078  -0.1441580762  -0.0504652043  -0.0033688728
       -0.0995250515   0.0002571027  -0.0045279813   0.0055615332   0.0124271279
       -0.0078747432  -0.0148247625   0.0032298691   0.0098159378  -0.0648634256
        0.0008966218   0.0016422145  -0.0012373389  -0.0062954376   0.0093257975
        0.0052191036  -0.0005795967   0.0000192476  -0.0007112070   0.0198445384
       -0.0213987801  -0.0148484939  -0.0019768492  -0.0100239645   0.0022354985
       -0.0005041430  -0.0001476781  -0.0001991606  -0.0000487987   0.0009761458
       -0.0000093466  -0.0001599603  -0.0001556778  -0.0001943438   0.0000387282
        0.0000895539  -0.0000890549  -0.0000401347  -0.0002221329  -0.0000079814
       -0.0005265534   0.0005026223  -0.0004579243   0.0051591727   0.0072108372
       -0.0223951108  -0.0022878565   0.0011365891  -0.0004404347  -0.0217172634
       -0.0034076213  -0.0179491730   0.0007365287  -0.0000826208   0.0014671138
       -0.0122208411  -0.0154620903   0.0008650122   0.0175319209   0.0237693265
       -0.0070289688   0.0000555583  -0.0000999287  -0.0002042959   0.0002808065
        0.0006931093   0.0002630140   0.0001841182  -0.0012026783  -0.0006963775
       -0.0000163446   0.0004834490  -0.0000884631  -0.0000003741   0.0007587352
       -0.0000503611  -0.0000136506   0.0000647717   0.0000425678  -0.0002195918
       -0.0000632068   0.0001346208   0.0000080289   0.0001016583  -0.0001267973
       -0.0916536336   0.0387070939   0.0143890745   0.4516644908   0.0160077892
       -0.0040717552  -0.0799779630  -0.0413257704  -0.0001316198  -0.0093670137
       -0.0137871852   0.0042928468   0.0013796624  -0.0004554459  -0.0010353641
       -0.0080662527   0.0071683939   0.0071796269  -0.0224535279   0.0183187914
        0.0007573433   0.0002986797   0.0004510315  -0.0003056920  -0.0012036451
        0.0001132677   0.0019013172   0.0048991623  -0.0016742699  -0.0013515465
       -0.0001278952  -0.0002202760  -0.0000359969  -0.1557379680  -0.0045919153
       -0.0398588462  -0.0082292698   0.0032059644  -0.0143475673  -0.0475975135
       -0.0058152173   0.0405892017   0.0004892130  -0.0045936569  -0.0004640355
       -0.0262525796  -0.0034552506  -0.0068262694   0.0069312505   0.0160935816
       -0.0008323091  -0.0099255316  -0.0194426064  -0.0017054882   0.0000956731
        0.0000609724  -0.0000802358  -0.0017150381  -0.0009815579   0.0030355653
        0.0002167830  -0.0000004990  -0.0000887946  -0.0000374781   0.0001657374
       -0.0008484850  -0.0043410342   0.0001932136  -0.0018571393   0.0009674549
        0.0005727612   0.0012561865   0.0000045628  -0.0001863630   0.0000870226
        0.0002925549  -0.0006645206  -0.0003127356   0.0003066417  -0.0009030510
       -0.0001215501   0.0000252308   0.0000371059   0.0000108813   0.0000355201
       -0.0000764527  -0.0000015905   0.0021185167  -0.0024219900  -0.0004931752
        0.0004236054   0.0008756354   0.0009279294  -0.0002150390   0.0000108354
       -0.0001038423   0.0001877918  -0.0002603965  -0.0009301087  -0.0036658735
       -0.0016079288   0.0021208647   0.0002304627   0.0004821785  -0.0007437126
        0.0436566853  -0.1051461239  -0.0159822094   0.0160077892   0.4206544653
       -0.0191245058  -0.0436097116  -0.1499510113   0.0021460700  -0.0067593126
       -0.0058879913   0.0065588681   0.0007955834  -0.0000553640  -0.0004400131
        0.0025521588  -0.0000138503  -0.0052731381   0.0058881118  -0.0021995904
        0.0012355587  -0.0002311226  -0.0002875650  -0.0001351450  -0.0010282213
        0.0014475091   0.0014123472   0.0131479144  -0.0253139020  -0.0054907985
        0.0000403958   0.0000054453   0.0000290517  -0.0061863168  -0.0580378723
       -0.0016626280   0.0072345786  -0.0013361765   0.0034481272  -0.0058200422
       -0.0443331220   0.0309157886  -0.0010960269  -0.0068688402  -0.0005767637
       -0.0085170842   0.0019720885  -0.0018467938  -0.0080846380  -0.0250974715
        0.0006859887  -0.0066036007  -0.0091542623  -0.0002290225  -0.0001682353
        0.0000695766   0.0002102507   0.0002736154   0.0007047742   0.0006963806
        0.0000345995  -0.0000514281   0.0000372485   0.0001074620   0.0003111645
        0.0005638836   0.0002235274   0.0003502930  -0.0002410136  -0.0004974134
        0.0001686855  -0.0007239463  -0.0001284801  -0.0002705360   0.0002179902
        0.0008389105   0.0004927927  -0.0001731731   0.0008406577   0.0003784399
       -0.0006786176  -0.0000161252   0.0000272941  -0.0000279245  -0.0000379112
        0.0000301085   0.0000250279  -0.0011991535   0.0092120835   0.0049909675
        0.0009630868  -0.0035215951  -0.0014911755  -0.0002005212   0.0000621974
       -0.0000123068  -0.0003025861   0.0001563874   0.0001979612  -0.0019641621
        0.0009659124   0.0012020459  -0.0001544117   0.0005174845  -0.0004643810
        0.0215448332  -0.0218088607  -0.0680537919  -0.0040717552  -0.0191245058
        0.5096363403   0.0051689771   0.0109216939  -0.0663645216   0.0110049468
        0.0195538512  -0.0017209206  -0.0013315948  -0.0001670736   0.0015934137
        0.0156560743  -0.0165327697  -0.0081516130  -0.0102789933   0.0099650334
        0.0014962089   0.0001994534   0.0003377419  -0.0001505575   0.0046820833
       -0.0012118398  -0.0063181216  -0.0000995535  -0.0017503442   0.0000960607
       -0.0000089180  -0.0001059750   0.0000068425  -0.0562197672  -0.0011446321
       -0.0929397707  -0.0265236258   0.0008458873  -0.0176255346   0.0417550534
        0.0304225051  -0.2491053276  -0.0003641556   0.0016383429   0.0004738156
        0.0087318280   0.0002778524   0.0036860702  -0.0003418933  -0.0000641860
        0.0009102544  -0.0096833089  -0.0203445626  -0.0011831644  -0.0000738571
        0.0001719394  -0.0000982951   0.0030729248   0.0013600626  -0.0031666954
       -0.0002970696   0.0000265795   0.0000120707  -0.0000669691  -0.0007422306
        0.0004328463  -0.0035308181   0.0003455743  -0.0015505466  -0.0015335051
        0.0010223068   0.0006528991   0.0000734724   0.0003509688  -0.0000854976
        0.0000835098  -0.0000637593   0.0000138791  -0.0001058389   0.0012142182
        0.0003741952  -0.0000302874   0.0000045850  -0.0000218914  -0.0000521282
       -0.0000402385  -0.0000116588  -0.0013843980   0.0047466731  -0.0027397472
       -0.0000631255  -0.0015138416   0.0005823584  -0.0000556692  -0.0001228344
        0.0000117269   0.0009824853   0.0000507324   0.0000926044   0.0025257063
        0.0011229053  -0.0010638806   0.0006358837   0.0003582008   0.0002799497
        0.0064972799   0.0121069499  -0.0012563784  -0.0799779630  -0.0436097116
        0.0051689771   0.5073797526  -0.0371126737   0.0280504149  -0.1078839216
       -0.0104898029   0.0565774058  -0.0167973096   0.0042748563   0.0162221461
        0.0005573748  -0.0013103181  -0.0007950729   0.0001093860  -0.0000419960
        0.0001913102  -0.0011164753   0.0007069496   0.0008694646   0.0000696999
        0.0001625998  -0.0000131864  -0.0016521999   0.0015258439   0.0007210574
        0.0001655769   0.0000873347   0.0001756117  -0.0174044671  -0.0203224663
       -0.0032275544   0.0000027936  -0.0010145491   0.0016413373  -0.0041046996
       -0.0104999870   0.0022895511  -0.0000073435   0.0018200093   0.0001668518
       -0.0025006206  -0.0003352327  -0.0016513955  -0.1608466726   0.1164125090
       -0.0046134233  -0.1155330177  -0.0143472321  -0.1073608897   0.0085167165
        0.0025409252  -0.0105386250  -0.0130068221  -0.0052413224   0.0158924800
       -0.0018082809   0.0034353875   0.0010640243   0.0001048714   0.0000281779
        0.0000875413   0.0000782377   0.0000297103   0.0001052498  -0.0000954234
        0.0002542899  -0.0000810130  -0.0000352542  -0.0000385521  -0.0000360962
       -0.0000337728   0.0000682864   0.0000160561  -0.0000122541   0.0001074513
       -0.0000641207  -0.0000430176   0.0001151629   0.0000358974  -0.0000023489
       -0.0000032678   0.0000368880  -0.0001072023   0.0010758095   0.0004312168
        0.0002869020  -0.0004906652  -0.0004334167   0.0000337577  -0.0000350425
        0.0000340557   0.0000182813  -0.0000356529  -0.0001043911  -0.0009389261
       -0.0000113163   0.0004507788   0.0000873625   0.0001875354  -0.0000527529
       -0.0033634528  -0.0268628291   0.0003925975  -0.0413257704  -0.1499510113
        0.0109216939  -0.0371126737   0.4659574328   0.0014230288  -0.0075164370
       -0.0658693616   0.0092584620   0.0142641291   0.0007687565  -0.0167687795
       -0.0007459170   0.0014133281   0.0008303378  -0.0003288196  -0.0000255563
       -0.0001121817   0.0003187572   0.0005421664  -0.0001568056  -0.0002011499
        0.0003921186   0.0001926446   0.0025023897  -0.0017268232  -0.0010140001
       -0.0000490553  -0.0002494913  -0.0001018904  -0.0093228989  -0.0043219872
       -0.0045946900   0.0008359438  -0.0002934860   0.0014080845  -0.0063313743
       -0.0095722965   0.0023825183  -0.0000314482  -0.0017546951  -0.0002345672
        0.0006507678  -0.0005404953  -0.0004495271   0.1167968828  -0.1541035995
        0.0030532809  -0.0146488348  -0.0462015827  -0.0258104315  -0.0018360157
        0.0001385266   0.0026048266  -0.0163693523  -0.0046633365   0.0189894445
        0.0034194547  -0.0034145036  -0.0014611486  -0.0000340227  -0.0000616209
       -0.0002309028  -0.0001511479  -0.0000333121  -0.0002178887   0.0002343374
       -0.0000501051  -0.0001651573  -0.0000578203  -0.0001422424   0.0000577846
        0.0000224493  -0.0000273016  -0.0000087481   0.0001006887   0.0001236278
       -0.0000752222   0.0000554026  -0.0000535057  -0.0001036519   0.0000402771
        0.0000270993   0.0000227849   0.0000273966   0.0004842413   0.0002227799
        0.0000044852  -0.0000852284  -0.0001266162  -0.0000689838  -0.0000197205
       -0.0000189803   0.0001040709   0.0000459473  -0.0002440906   0.0000908271
        0.0000771817   0.0001321139   0.0000269149   0.0000536654   0.0000028973
       -0.0024243177  -0.0060151576   0.0016029704  -0.0001316198   0.0021460700
       -0.0663645216   0.0280504149   0.0014230288   0.4875970249   0.0590652414
        0.0136475673  -0.1509396128   0.0090591907  -0.0043609456  -0.0054604808
       -0.0000999728   0.0003978665   0.0001644754   0.0000947936  -0.0002891796
       -0.0002580554  -0.0005739333   0.0003021525   0.0007941290  -0.0004822102
        0.0004054894   0.0003068259   0.0007667826  -0.0010398309   0.0000568779
        0.0000395257   0.0000036246  -0.0001601063  -0.0067510901  -0.0124598954
        0.0017907655  -0.0004724498  -0.0003271522  -0.0002070501   0.0120836879
        0.0254266716  -0.0058648933  -0.0000996749  -0.0002658845   0.0001554377
       -0.0012175893  -0.0001338920  -0.0002649630  -0.0040070863   0.0022594207
       -0.0424263449  -0.1077020712  -0.0256479777  -0.1953162475   0.0143393447
        0.0035984048  -0.0253767753   0.0009415102   0.0010453464  -0.0005062276
        0.0001870740  -0.0006414293   0.0007106679  -0.0000939472  -0.0000749372
       -0.0001688437  -0.0000267055  -0.0001733537  -0.0000292318  -0.0001140228
        0.0005560649  -0.0000125331   0.0000451930  -0.0000528046  -0.0000232093
        0.0000221365   0.0000762452  -0.0000007274  -0.0000472546  -0.0001168195
        0.0000304440  -0.0000200962  -0.0000542641  -0.0001172601  -0.0000556672
        0.0000385692   0.0000525275   0.0000410051   0.0006712061   0.0003038578
       -0.0000565709  -0.0001574917  -0.0004522740   0.0000340229  -0.0000633115
        0.0000089075  -0.0001091972   0.0000700290   0.0000225696  -0.0002391771
       -0.0000602674   0.0003156700  -0.0000452691  -0.0001331625   0.0000362074
        0.0004596330   0.0015180104  -0.0000898881  -0.0093670137  -0.0067593126
        0.0110049468  -0.1078839216  -0.0075164370   0.0590652414   0.4769293102
        0.0307555322   0.0426116031  -0.1001407650   0.0567407462   0.0139385746
        0.0075626315  -0.0067930255  -0.0011217307  -0.0006090824  -0.0000667762
        0.0000537460  -0.0141355292   0.0148576120  -0.0083613154  -0.0005674319
       -0.0049146173  -0.0010284496  -0.0001305891   0.0001996739   0.0000074956
        0.0012056303   0.0012053284  -0.0002373315  -0.0001585882  -0.0003775830
        0.0000833685   0.0004257974   0.0001600900  -0.0007136177  -0.0005533284
       -0.0015651832   0.0002565793   0.0000022203  -0.0001242410   0.0000752202
       -0.0001241127   0.0001476838  -0.0000094588  -0.0151969660   0.0001315052
        0.0199553015   0.0077676259  -0.0002478690  -0.0104740072  -0.1097554432
        0.0167969101  -0.1045945397  -0.1219581285  -0.1080156726  -0.0243018332
       -0.0131179670   0.0174053001   0.0050963903   0.0005169091  -0.0012878078
       -0.0002432472   0.0000826917   0.0000870316   0.0000116128   0.0000126130
        0.0000017968   0.0000596485   0.0003062220  -0.0006030922  -0.0005027014
        0.0000165417  -0.0000333590  -0.0000119577   0.0000013400  -0.0000310553
       -0.0000218205   0.0005696461  -0.0012054474  -0.0007837391  -0.0002954179
        0.0005389657   0.0002736941  -0.0001562375  -0.0001018228   0.0001548316
       -0.0016013408  -0.0009049153  -0.0001209748  -0.0000330142   0.0000266432
       -0.0000286205   0.0000178333  -0.0000116289   0.0000002049  -0.0000674654
       -0.0000219726   0.0000067796  -0.0000243031   0.0000089891  -0.0000100056
        0.0004597408   0.0025761410  -0.0000328264  -0.0137871852  -0.0058879913
        0.0195538512  -0.0104898029  -0.0658693616   0.0136475673   0.0307555322
        0.4909967201  -0.0017319359   0.0556992043  -0.1420509910  -0.0172621675
        0.0098229097  -0.0282467824  -0.0048066020  -0.0001660741   0.0005447186
        0.0001509358   0.0115503807  -0.0086642831   0.0093758154  -0.0026063531
       -0.0058330438  -0.0002166186  -0.0000004982  -0.0002073202  -0.0001354306
       -0.0018638625  -0.0010509928  -0.0013635433  -0.0002390028  -0.0000570678
        0.0000960554  -0.0001448030  -0.0001989982  -0.0003603808  -0.0026504098
       -0.0044065451   0.0015947803  -0.0001140968   0.0002965315   0.0000508610
       -0.0003549929   0.0000101253  -0.0000640655   0.0130099360   0.0013363936
       -0.0164156127   0.0010076706   0.0006292324  -0.0007000384   0.0168725896
       -0.0476586849   0.0287350294  -0.1086223656  -0.1868890634  -0.0292376500
        0.0006494030   0.0005407227  -0.0008917349   0.0014402659   0.0007250155
        0.0004728898  -0.0000501085   0.0000748215  -0.0001356256   0.0000029586
       -0.0000726404   0.0000783447   0.0005283144  -0.0010900097  -0.0007962052
        0.0000089417   0.0000277879   0.0000305287  -0.0000086523   0.0001080099
       -0.0000397409  -0.0003328126   0.0005176297   0.0002842750  -0.0000775278
       -0.0001684480  -0.0001822947  -0.0001938075  -0.0000506198   0.0001877005
       -0.0000239151   0.0000383965   0.0000477129   0.0000164780  -0.0000485655
        0.0000040648  -0.0000221647  -0.0000543367   0.0000499615  -0.0000730325
        0.0000169759   0.0000051069  -0.0000028578   0.0000665235   0.0000069927
        0.0002328403  -0.0007841864   0.0000489901   0.0042928468   0.0065588681
       -0.0017209206   0.0565774058   0.0092584620  -0.1509396128   0.0426116031
       -0.0017319359   0.5029208323   0.0061138336  -0.0078290494  -0.0621432283
        0.0023235828  -0.0065685916  -0.0004179288   0.0002742226  -0.0008827536
       -0.0014140766  -0.0157361914   0.0199705513   0.0005392002  -0.0009470658
       -0.0025096103   0.0001679363   0.0001439956   0.0001804868  -0.0000360826
       -0.0001876307   0.0008506824  -0.0011346184   0.0001426666  -0.0000055697
       -0.0002058477   0.0003712796   0.0003926368  -0.0000369357   0.0005369885
        0.0003086507   0.0008949031  -0.0000900764  -0.0001990655   0.0001019127
        0.0001361316  -0.0000310458  -0.0001940829   0.0034388313  -0.0003830499
       -0.0030427683   0.0150927691   0.0027604098  -0.0291375925  -0.1053200006
        0.0298165314  -0.2007561001  -0.0238624162  -0.0287671119  -0.0488193364
        0.0140088694  -0.0172445122  -0.0036564742   0.0003648356  -0.0009887555
        0.0002607462  -0.0000755436  -0.0001055584   0.0001733325   0.0002325483
        0.0001403411  -0.0003273787   0.0002917254  -0.0003388006  -0.0003521443
       -0.0000080440  -0.0000180915   0.0000058347  -0.0000551103  -0.0000257516
        0.0000488399   0.0007675598  -0.0017474632  -0.0011364001  -0.0004534887
        0.0007166037   0.0004484116   0.0001386289  -0.0000751307  -0.0000392943
       -0.0012755432  -0.0007977610  -0.0001335726  -0.0000076367   0.0000523898
       -0.0000436631  -0.0000122327   0.0000495843   0.0000597545  -0.0000727003
        0.0000128559  -0.0000099684   0.0000105159  -0.0000352590   0.0000273333
       -0.0136140226  -0.0186487761   0.0086601597   0.0013796624   0.0007955834
       -0.0013315948  -0.0167973096   0.0142641291   0.0090591907  -0.1001407650
        0.0556992043   0.0061138336   0.4874969369   0.0170618378  -0.0619757733
       -0.1069131493  -0.0593337262  -0.0105401607   0.0049164102  -0.0064125869
        0.0053059748  -0.0825367827   0.0138604359  -0.0455749089   0.0113874821
        0.0149635766   0.0020942465  -0.0015183577  -0.0001638026   0.0029239444
       -0.0170674877   0.0040508017  -0.0253179965  -0.0005033117  -0.0000383589
       -0.0000681338  -0.0000423287  -0.0000265422   0.0001895780   0.0002076850
        0.0000991304  -0.0001467259   0.0004178631   0.0001630371  -0.0003807555
        0.0000962678   0.0000431258   0.0000089992  -0.0023460011   0.0002092068
        0.0036455202   0.0004141840  -0.0001588164  -0.0004730516  -0.0124907013
        0.0162393332  -0.0005954019   0.0080169502  -0.0115057640  -0.0017741911
       -0.1431663827  -0.0238376845   0.1136303105  -0.0134276737  -0.0143695499
       -0.0036239685  -0.0008234578  -0.0013825395   0.0012200449  -0.0009846531
       -0.0007613303   0.0005203402  -0.0011849537   0.0023783166   0.0016309081
        0.0000985082   0.0000261760   0.0000363481  -0.0005205569  -0.0008585016
        0.0003985980  -0.0002610305  -0.0054390874  -0.0038652803  -0.0002220551
        0.0029158645   0.0004738061   0.0001144814   0.0000326581   0.0000232262
       -0.0000038178   0.0001188099  -0.0002157983  -0.0000557938   0.0000035039
       -0.0000520995  -0.0000092826   0.0000283979   0.0000117170   0.0000533921
        0.0000089247   0.0000028885   0.0000300517  -0.0000249872  -0.0000137942
       -0.0108177542  -0.0116208190   0.0087626601  -0.0004554459  -0.0000553640
       -0.0001670736   0.0042748563   0.0007687565  -0.0043609456   0.0567407462
       -0.1420509910  -0.0078290494   0.0170618378   0.4576582960  -0.0329607155
       -0.0557632316  -0.1221911062  -0.0132159480  -0.0003340464  -0.0060879879
        0.0174328818   0.0084388202  -0.0679384851   0.0255878317  -0.0078927648
       -0.0357504872  -0.0080608429  -0.0008608470   0.0002056520   0.0015976348
       -0.0007794286   0.0042639617  -0.0061830298  -0.0002348779  -0.0000937078
        0.0001190211   0.0000994737  -0.0001784287  -0.0001148248   0.0000418713
        0.0000263279  -0.0000621491  -0.0003000847   0.0000870818   0.0004689299
       -0.0000049937   0.0000101149  -0.0000214434  -0.0008099598   0.0007623768
        0.0003158473  -0.0002706162   0.0002144751   0.0002977706   0.0074758612
       -0.0085682640   0.0010687262   0.0136969700  -0.0254294576  -0.0041865031
       -0.0242885759  -0.0428699502   0.0236182701   0.0005110707   0.0015304742
        0.0000929328  -0.0007368046  -0.0011454594   0.0004042145  -0.0010364759
       -0.0016963230   0.0007234291   0.0010455506  -0.0037832295  -0.0035003588
        0.0000049270  -0.0000016371   0.0000016884  -0.0003164757  -0.0004535480
        0.0001490747  -0.0065823674   0.0070218825   0.0025853787   0.0019742091
       -0.0026894773  -0.0024574637   0.0000495169   0.0000273745   0.0000093923
        0.0000084165   0.0000147029  -0.0000641600   0.0000244866  -0.0000155364
       -0.0000504280  -0.0000067429  -0.0000090172   0.0000077298   0.0000127382
        0.0000126963   0.0000025123   0.0000301411   0.0000251036  -0.0000109906
        0.0120980743   0.0180359844  -0.0034687236  -0.0010353641  -0.0004400131
        0.0015934137   0.0162221461  -0.0167687795  -0.0054604808   0.0139385746
       -0.0172621675  -0.0621432283  -0.0619757733  -0.0329607155   0.5145734669
       -0.0108158298  -0.0124496250  -0.0674114345   0.0012759531   0.0155853724
       -0.0204302396  -0.0457796628   0.0337491652  -0.1646192778  -0.0026342563
       -0.0146753205   0.0002377640   0.0014649851   0.0007193691  -0.0043697625
       -0.0129683734   0.0002824648  -0.0147465609   0.0000492104   0.0000844194
       -0.0002405470  -0.0001140051   0.0000169926   0.0000906919  -0.0001789390
       -0.0001359021   0.0000494201  -0.0004791940  -0.0002637815   0.0005329721
       -0.0000065215  -0.0000270148   0.0000561388   0.0031109814  -0.0002197399
       -0.0035020177  -0.0000763613  -0.0001895755   0.0002682306  -0.0148661265
        0.0190249779   0.0014810072   0.0025890343  -0.0051916241  -0.0004477528
        0.1131847595   0.0219478171  -0.1676475822  -0.0148563218  -0.0147065277
       -0.0029709277   0.0005131398   0.0008645721  -0.0016991346   0.0009089551
        0.0021914121  -0.0017069893   0.0004402084  -0.0006159236  -0.0008793160
       -0.0000600808  -0.0000881949  -0.0000786873   0.0008287853   0.0011343555
       -0.0004331335  -0.0030376359   0.0034364882   0.0033327906   0.0023079158
       -0.0012462722  -0.0000811093  -0.0000783855   0.0000005097  -0.0000028884
        0.0000285846   0.0000477302   0.0001678780   0.0000928631   0.0001136144
       -0.0000903205  -0.0000280163  -0.0000051314   0.0000329427  -0.0000177560
        0.0000020964  -0.0000042735  -0.0000455676   0.0000089671   0.0000176711
       -0.0697260163  -0.0097070879   0.0309015081  -0.0080662527   0.0025521588
        0.0156560743   0.0005573748  -0.0007459170  -0.0000999728   0.0075626315
        0.0098229097   0.0023235828  -0.1069131493  -0.0557632316  -0.0108158298
        0.4752473513  -0.0030042672   0.0616337532   0.0029915395  -0.0003713982
       -0.0174553125  -0.0165138782  -0.0136542361  -0.0186695204  -0.1238309048
        0.0710938425   0.0365607687  -0.0062188733  -0.0075302173   0.0128266454
       -0.0007366137   0.0005345626  -0.0024933305  -0.0001081763  -0.0003404256
        0.0003463712   0.0001602798  -0.0006562656  -0.0005306654  -0.0013186034
        0.0017913782   0.0007977419  -0.0018387311   0.0005768313   0.0018988357
        0.0000832786   0.0001669156  -0.0001576385  -0.0001100837  -0.0000734894
        0.0000869546  -0.0001050962   0.0001276893  -0.0001515882   0.0006046121
        0.0015307920   0.0003541769  -0.0010932122   0.0035726924   0.0006038723
       -0.0139538314  -0.0161810339  -0.0026338004  -0.1420963045   0.0212396429
       -0.1017037325  -0.0001099775   0.0005895770  -0.0004357484  -0.0034032838
       -0.0006828817  -0.0029108738   0.0108532774  -0.0046535784  -0.0063202384
        0.0002960118   0.0000950776   0.0005813928  -0.0006366275  -0.0022810000
        0.0007132459  -0.0009802593   0.0004413328  -0.0002243481   0.0001996463
        0.0000427574  -0.0000523380   0.0001835495   0.0004098712   0.0001697260
       -0.0008893414   0.0007960683  -0.0001529378  -0.0000707497   0.0002952252
       -0.0006516711  -0.0000611002  -0.0000842682  -0.0000245419  -0.0000277298
        0.0000156758   0.0000289119   0.0000692437   0.0000342976   0.0000005267
       -0.0081230309  -0.0631066028   0.0224163078   0.0071683939  -0.0000138503
       -0.0165327697  -0.0013103181   0.0014133281   0.0003978665  -0.0067930255
       -0.0282467824  -0.0065685916  -0.0593337262  -0.1221911062  -0.0124496250
       -0.0030042672   0.4384095933   0.0048264299   0.0000020038   0.0005235124
        0.0052112225  -0.0050126210   0.0027543305  -0.0072754739   0.0501588999
       -0.1370907629  -0.0249469103  -0.0098130746  -0.0063492642   0.0228064104
        0.0004263556  -0.0006003202   0.0007569079  -0.0000723036   0.0004680325
       -0.0002679537  -0.0000732758   0.0000740723   0.0003169277   0.0026270759
       -0.0023870050  -0.0020085626   0.0029575646   0.0022781455  -0.0027045762
       -0.0000417628  -0.0000147760   0.0001075680  -0.0001674657   0.0001622213
        0.0001867709   0.0001436813  -0.0000846685  -0.0001298918  -0.0010178064
        0.0005627693  -0.0005179996   0.0021494215  -0.0033110431  -0.0011234588
       -0.0048060228  -0.0047375976  -0.0008340037   0.0188492609  -0.0439760484
        0.0246518839   0.0003409047  -0.0003459056   0.0004755453   0.0002881522
       -0.0002946814   0.0005392067   0.0168639480  -0.0299370452  -0.0101336604
        0.0004904733   0.0010301919   0.0003121151  -0.0035309019  -0.0042975718
        0.0014862835   0.0004728139  -0.0002023290   0.0002736544  -0.0001273330
        0.0002149008   0.0000706137  -0.0000537554  -0.0001080158  -0.0001061798
        0.0004868934  -0.0002508614   0.0002279621  -0.0002689174  -0.0004035047
        0.0005347231   0.0000299438   0.0000341579   0.0000044978   0.0000464806
        0.0000434154  -0.0000097954   0.0000473409  -0.0000189289   0.0000065553
        0.0251818721   0.0233750442  -0.1441580762   0.0071796269  -0.0052731381
       -0.0081516130  -0.0007950729   0.0008303378   0.0001644754  -0.0011217307
       -0.0048066020  -0.0004179288  -0.0105401607  -0.0132159480  -0.0674114345
        0.0616337532   0.0048264299   0.4849577491  -0.0056954910  -0.0009472788
       -0.0324651945  -0.0159423661  -0.0160873851  -0.0135490152   0.0402077349
       -0.0418824449  -0.0692400241   0.0042442363   0.0074042505  -0.0044381705
       -0.0015513775   0.0010217711  -0.0038920243  -0.0000629036   0.0004543360
        0.0005474370  -0.0001926592  -0.0008917095   0.0000944792   0.0002450003
       -0.0002306848   0.0002261069   0.0012884600  -0.0019590545  -0.0011237914
       -0.0000749043   0.0002861848  -0.0003569408  -0.0000462859   0.0003450932
        0.0001263253  -0.0001521218  -0.0001424276  -0.0001592343  -0.0000517079
        0.0010764142   0.0002327192  -0.0000821274  -0.0005362239   0.0002661910
        0.0145116822   0.0159839637   0.0037922669  -0.1074944770   0.0289090875
       -0.1428295987   0.0001563139  -0.0000820444   0.0001874837  -0.0030810528
        0.0002119044  -0.0033001750  -0.0050884823   0.0006062722   0.0002278505
       -0.0008296689  -0.0008077466   0.0006901999  -0.0005020820  -0.0003101145
        0.0008575744  -0.0015976447   0.0007384904   0.0000584978   0.0004100151
       -0.0000387566  -0.0002643634   0.0000505314   0.0002811571  -0.0001052638
       -0.0001006696   0.0003871124  -0.0002232549  -0.0001199895   0.0004964541
       -0.0002754992   0.0000626563   0.0000082127  -0.0000031244  -0.0002262881
       -0.0000388381  -0.0000539297   0.0001773814   0.0000078814  -0.0000106995
       -0.1304650129  -0.0005805975  -0.0504652043  -0.0224535279   0.0058881118
       -0.0102789933   0.0001093860  -0.0003288196   0.0000947936  -0.0006090824
       -0.0001660741   0.0002742226   0.0049164102  -0.0003340464   0.0012759531
        0.0029915395   0.0000020038  -0.0056954910   0.4312946978  -0.0346073127
       -0.0149560449  -0.1052167293  -0.0526660445   0.0374549297   0.0001539122
        0.0004569146   0.0001925511  -0.0138253117  -0.0071529325  -0.0093197412
       -0.0205871223  -0.0207227791   0.0116809633  -0.0011283555   0.0028846365
        0.0011043228  -0.0004031692  -0.0000191696  -0.0004270077   0.0005302175
       -0.0005314469  -0.0014809984  -0.0010903956   0.0013317981  -0.0001724561
       -0.0003236130  -0.0000833056  -0.0001186132  -0.0000478646  -0.0001272020
       -0.0001051667  -0.0001767359   0.0003061245  -0.0002023957  -0.0000478413
       -0.0000939277  -0.0000673452   0.0000855411   0.0000107293  -0.0000878858
       -0.0004630659  -0.0005326763  -0.0007566605  -0.0003717192  -0.0008423940
        0.0004558259  -0.0913619003   0.0991588529  -0.0025542886  -0.0510634253
        0.0133914251   0.0457556467  -0.0002911304  -0.0001642532   0.0002662374
       -0.0010456984  -0.0021363552  -0.0000626407   0.0005966301   0.0007244693
       -0.0005182424   0.0000440670   0.0019503648   0.0023972324  -0.0002409467
       -0.0060626402  -0.0038508310   0.0000025295  -0.0003512897  -0.0002668629
       -0.0001213745   0.0001566647   0.0000805836   0.0007035693   0.0012823018
        0.0003893623   0.0000010408   0.0000173745  -0.0000211794  -0.0000870152
       -0.0000685369   0.0000463900  -0.0000085034   0.0000100323  -0.0000609656
       -0.0020179664  -0.0619448232  -0.0033688728   0.0183187914  -0.0021995904
        0.0099650334  -0.0000419960  -0.0000255563  -0.0002891796  -0.0000667762
        0.0005447186  -0.0008827536  -0.0064125869  -0.0060879879   0.0155853724
       -0.0003713982   0.0005235124  -0.0009472788  -0.0346073127   0.4763935956
        0.0025436529  -0.0500813524  -0.1221044309   0.0458474563  -0.0000358991
        0.0010935405  -0.0002807233  -0.0187659826  -0.0039185541  -0.0135596774
       -0.0139742629  -0.0126595897   0.0042683687   0.0018935331  -0.0027456205
       -0.0013113272   0.0002365619   0.0001034520   0.0002905544   0.0001659679
        0.0003606538   0.0006825826  -0.0002092417   0.0002102304  -0.0006592267
        0.0004460150   0.0001878765   0.0002426657   0.0001530822   0.0001013560
        0.0002111555   0.0007892975  -0.0008250485   0.0002716785  -0.0000458282
        0.0001102062   0.0000186844  -0.0000681843   0.0000642313   0.0001118446
        0.0006996925  -0.0006595884   0.0016146022  -0.0004629582  -0.0000468593
        0.0001226854   0.0973510729  -0.2122672990   0.0006446648   0.0137901676
       -0.0552719514  -0.0620719618  -0.0003077798  -0.0001898666   0.0005057607
       -0.0032217437  -0.0040572142  -0.0000203682   0.0003799059   0.0008300855
       -0.0006759678   0.0026975612  -0.0024522096  -0.0013323278  -0.0049256028
        0.0067748893   0.0028770235   0.0000044140   0.0003363934   0.0002620016
        0.0000681243  -0.0001886440  -0.0000864262  -0.0015979547  -0.0001045290
       -0.0005014340  -0.0000066741   0.0000255112   0.0000449228   0.0001491331
        0.0000796699  -0.0000684032   0.0000781807   0.0000094405  -0.0000547819
       -0.0491754619  -0.0026358263  -0.0995250515   0.0007573433   0.0012355587
        0.0014962089   0.0001913102  -0.0001121817  -0.0002580554   0.0000537460
        0.0001509358  -0.0014140766   0.0053059748   0.0174328818  -0.0204302396
       -0.0174553125   0.0052112225  -0.0324651945  -0.0149560449   0.0025436529
        0.5298508770   0.0331875350   0.0409709575  -0.0939534455  -0.0014563490
        0.0006340719   0.0005756357  -0.0003929045  -0.0030018728   0.0001228160
       -0.0002021920  -0.0029805567   0.0049081046   0.0004847699  -0.0008477052
       -0.0000047575   0.0001653904   0.0001596954  -0.0001336335   0.0016687556
       -0.0005175315   0.0012220653  -0.0006935103   0.0007007296   0.0006374237
        0.0000210873  -0.0000390350   0.0000542404   0.0000369279  -0.0000543355
        0.0001076248   0.0000269456  -0.0002879411   0.0004417544  -0.0003195971
        0.0002437963   0.0000522081  -0.0000868438   0.0000207585  -0.0000179831
       -0.0018130979   0.0014709270  -0.0036337435   0.0016901695   0.0013401821
       -0.0060551682  -0.0013259747  -0.0019419655  -0.0393846583   0.0471976982
       -0.0606633022  -0.2456683989   0.0001888567  -0.0000026942  -0.0001651367
        0.0003408986   0.0006840839   0.0006827231   0.0003703327   0.0003681981
        0.0005727865   0.0007854413  -0.0022247680  -0.0000624267  -0.0046443670
        0.0024112340   0.0027004838   0.0000410100   0.0000403175   0.0001678620
       -0.0000164023  -0.0000487900   0.0000175180  -0.0000085015  -0.0002951579
       -0.0005115771  -0.0000114677  -0.0000142501   0.0000161947   0.0000946649
        0.0000375226   0.0000081776  -0.0000508309   0.0000111873   0.0000488419
       -0.0250333471  -0.0201337019   0.0002571027   0.0002986797  -0.0002311226
        0.0001994534  -0.0011164753   0.0003187572  -0.0005739333  -0.0141355292
        0.0115503807  -0.0157361914  -0.0825367827   0.0084388202  -0.0457796628
       -0.0165138782  -0.0050126210  -0.0159423661  -0.1052167293  -0.0500813524
        0.0331875350   0.7092807029   0.2406016504   0.1952828330   0.0001480179
        0.0012488116   0.0004509647  -0.0037936391   0.0000724780  -0.0022334408
       -0.4329192759  -0.1666003019  -0.1542520957  -0.0005174250  -0.0000807551
       -0.0002591978   0.0000330638   0.0000097348   0.0000102908  -0.0002796450
       -0.0000177660   0.0000939835   0.0004946454   0.0006521489  -0.0001056770
        0.0001500081  -0.0000089975   0.0000989191   0.0000164071   0.0000322618
       -0.0001838736  -0.0002124867   0.0010256122   0.0004806795  -0.0023667630
        0.0032161285  -0.0007479240   0.0007198331  -0.0011506748   0.0001789987
        0.0071501143  -0.0026276209   0.0145866398  -0.0023293372  -0.0027677807
       -0.0010498402   0.0065300583   0.0033716151  -0.0026872128  -0.0046141956
       -0.0067964560   0.0066167966  -0.0001504438  -0.0003647831  -0.0001160016
       -0.0007064777  -0.0009927065  -0.0000080900   0.0000390989   0.0001114957
       -0.0001218501  -0.0136856965  -0.0032889159  -0.0083103412  -0.0190236653
       -0.0100560006  -0.0035503816   0.0001328757   0.0000075179   0.0000906913
       -0.0000788668   0.0000380663  -0.0000546685   0.0001560419  -0.0004790567
        0.0001973660  -0.0000279609  -0.0000075208  -0.0000107837   0.0001244844
        0.0000181660   0.0000228955  -0.0000154111  -0.0000155107  -0.0000316175
       -0.0118377716  -0.0044431042  -0.0045279813   0.0004510315  -0.0002875650
        0.0003377419   0.0007069496   0.0005421664   0.0003021525   0.0148576120
       -0.0086642831   0.0199705513   0.0138604359  -0.0679384851   0.0337491652
       -0.0136542361   0.0027543305  -0.0160873851  -0.0526660445  -0.1221044309
        0.0409709575   0.2406016504   0.3522412561  -0.0486249346   0.0004931196
       -0.0003175535   0.0007167794  -0.0014896114  -0.0001230033  -0.0001397076
       -0.1671926275  -0.1125115052  -0.0447301297  -0.0001978210  -0.0001821110
       -0.0001860470  -0.0000445965   0.0000680149   0.0001598369  -0.0002542850
        0.0000342466   0.0000713548  -0.0000119393   0.0004069872  -0.0000535282
        0.0000414442  -0.0000301847   0.0001005430  -0.0001285480  -0.0000539618
        0.0002647027   0.0008402220  -0.0001732834  -0.0006074744   0.0032605266
       -0.0038119413  -0.0000434277  -0.0000285168  -0.0001511282   0.0005775055
        0.0012446386  -0.0009229467   0.0058292801  -0.0028500999  -0.0030045742
       -0.0003116627  -0.0160872369  -0.0258446158   0.0149057989   0.0028184058
        0.0036997758   0.0004738462  -0.0003791863  -0.0002798199  -0.0005170578
        0.0000188180  -0.0001067575   0.0001007559   0.0000113304  -0.0001341252
       -0.0000000001   0.0076728829   0.0024113088   0.0024897277  -0.0203384147
       -0.0108585383  -0.0055238171   0.0000483482   0.0000454147   0.0000404167
        0.0000410206  -0.0000759290  -0.0000097328   0.0001994834  -0.0001825123
        0.0003103671  -0.0000180250   0.0000133514  -0.0000161919   0.0000573107
        0.0000072537   0.0000260068  -0.0000462699  -0.0000217466  -0.0000184123
       -0.0031434408  -0.0047058736   0.0055615332  -0.0003056920  -0.0001351450
       -0.0001505575   0.0008694646  -0.0001568056   0.0007941290  -0.0083613154
        0.0093758154   0.0005392002  -0.0455749089   0.0255878317  -0.1646192778
       -0.0186695204  -0.0072754739  -0.0135490152   0.0374549297   0.0458474563
       -0.0939534455   0.1952828330  -0.0486249346   0.4406665116   0.0000545339
        0.0013983354   0.0002786656  -0.0016747516  -0.0002961484  -0.0020634640
       -0.1534194784  -0.0442863155  -0.1249514486  -0.0000977318   0.0000550343
        0.0000774960   0.0000217064   0.0001546260  -0.0001529664   0.0002118200
        0.0000691781  -0.0001469961  -0.0002357758   0.0003268105  -0.0003067207
       -0.0000132084   0.0000433538  -0.0000983697   0.0001920491  -0.0000695770
       -0.0004141207   0.0004372180  -0.0007904733  -0.0001117219   0.0007361583
       -0.0011641000   0.0003592519   0.0005057083  -0.0004078273   0.0002571774
       -0.0086627477   0.0074040977  -0.0221714998  -0.0012730613  -0.0017108994
       -0.0013204631   0.0011221999   0.0042640866  -0.0000884854   0.0166552605
        0.0186367644  -0.0146677186   0.0000679879   0.0001113155   0.0002028983
       -0.0004861097  -0.0006677245  -0.0001615597   0.0001400100   0.0002407612
       -0.0001888429  -0.0267362838  -0.0091623982  -0.0142756540   0.0147142913
        0.0056981053   0.0045648311   0.0000392310  -0.0000307089   0.0000123175
       -0.0002107179  -0.0000316367  -0.0000628989   0.0003104606   0.0003389006
        0.0001613230   0.0000303291  -0.0000212673  -0.0000015550  -0.0000081933
       -0.0000225067  -0.0000059639   0.0000267458   0.0000073430  -0.0000125896
       -0.0140716303   0.0167902684   0.0124271279  -0.0012036451  -0.0010282213
        0.0046820833   0.0000696999  -0.0002011499  -0.0004822102  -0.0005674319
       -0.0026063531  -0.0009470658   0.0113874821  -0.0078927648  -0.0026342563
       -0.1238309048   0.0501588999   0.0402077349   0.0001539122  -0.0000358991
       -0.0014563490   0.0001480179   0.0004931196   0.0000545339   0.2736271738
        0.0568456538  -0.1245989154   0.0010576056   0.0007339643  -0.0011106850
        0.0004674602  -0.0002354201   0.0001055893   0.0006943445  -0.0000001929
       -0.0001492208  -0.0001599764   0.0008069478   0.0000767877  -0.0010729118
        0.0010398502   0.0011341822  -0.0019782526  -0.0048473427   0.0055336050
       -0.0002222984  -0.0001319018   0.0000752646   0.0000480303  -0.0001369680
       -0.0000331842   0.0000099317  -0.0000486333   0.0001650402  -0.0000856167
       -0.0004999376   0.0001766524   0.0003571325  -0.0004535522   0.0000439635
        0.0009424386   0.0007378390  -0.0002625306  -0.0247427852   0.0308163684
        0.0058691542   0.0001492289  -0.0006877195   0.0004240481  -0.0000072338
       -0.0002609643   0.0000602798  -0.1206202162  -0.1391229919   0.0590404894
        0.0002261667   0.0000398446  -0.0000913073  -0.0000951617   0.0003054604
       -0.0000431628   0.0000690927   0.0000321348   0.0001299944  -0.0000519057
        0.0001099810   0.0000431377  -0.0002359324  -0.0001902853   0.0001185208
       -0.0000929854  -0.0003645084   0.0004272063  -0.0004345501  -0.0001117184
        0.0010264873   0.0000380991   0.0000000881   0.0000154693   0.0000039702
       -0.0000235424  -0.0000493897   0.0000236517  -0.0000303535   0.0000209247
        0.0063909678  -0.0025434017  -0.0078747432   0.0001132677   0.0014475091
       -0.0012118398   0.0001625998   0.0003921186   0.0004054894  -0.0049146173
       -0.0058330438  -0.0025096103   0.0149635766  -0.0357504872  -0.0146753205
        0.0710938425  -0.1370907629  -0.0418824449   0.0004569146   0.0010935405
        0.0006340719   0.0012488116  -0.0003175535   0.0013983354   0.0568456538
        0.4961801509  -0.0241299535   0.0004291817  -0.0030878318  -0.0001565009
       -0.0002775750   0.0001380347   0.0002979563  -0.0004653790  -0.0002245946
        0.0002638697   0.0004120028  -0.0005281724  -0.0001993981   0.0004530087
       -0.0005621701  -0.0006133902  -0.0086675406  -0.0045884238   0.0111978537
        0.0001425424   0.0002087662  -0.0000449581  -0.0000149662  -0.0000056555
        0.0001128091  -0.0001478091  -0.0000136646  -0.0000018158  -0.0002176971
        0.0005350711   0.0000807444   0.0007881741  -0.0021886062  -0.0004359670
        0.0008398587   0.0017486923   0.0010646027   0.0230755736  -0.0174495447
       -0.0010263380  -0.0003283883   0.0003071380  -0.0002984991  -0.0000913636
       -0.0001600839  -0.0000098855  -0.1627198357  -0.2918378689   0.0805022119
        0.0001682312  -0.0003437405  -0.0000368198   0.0003886170   0.0001761498
       -0.0000360506   0.0000612117   0.0000475174  -0.0001072363   0.0000183222
       -0.0000857947   0.0000501397   0.0002079210   0.0000788215  -0.0000456599
        0.0000625545   0.0002463559  -0.0003813880  -0.0004380873   0.0000786009
       -0.0003502813  -0.0000601984  -0.0000109708   0.0000420817  -0.0000119122
       -0.0000285048   0.0000478736   0.0000325358  -0.0000275906  -0.0000699386
        0.0229918182  -0.0245783733  -0.0148247625   0.0019013172   0.0014123472
       -0.0063181216  -0.0000131864   0.0001926446   0.0003068259  -0.0010284496
       -0.0002166186   0.0001679363   0.0020942465  -0.0080608429   0.0002377640
        0.0365607687  -0.0249469103  -0.0692400241   0.0001925511  -0.0002807233
        0.0005756357   0.0004509647   0.0007167794   0.0002786656  -0.1245989154
       -0.0241299535   0.1151872644  -0.0023034182   0.0000818679   0.0015958075
        0.0002496484   0.0000155061   0.0002803603  -0.0006219854   0.0000159162
       -0.0003969739   0.0003507064   0.0001232323  -0.0000707187   0.0012656758
       -0.0013871130  -0.0010732631   0.0065746041   0.0063169256  -0.0062692261
        0.0001811628  -0.0000373550   0.0002297503   0.0000967374  -0.0000488483
        0.0000153725   0.0000461564   0.0001505476   0.0000957223   0.0002307845
       -0.0000958046   0.0001184516   0.0002223664  -0.0001931076   0.0000120294
       -0.0004381102   0.0004515064  -0.0001624888  -0.0039902379   0.0090562351
        0.0097080975   0.0002518597  -0.0005044233   0.0000877410   0.0004504567
       -0.0001250044   0.0002802313   0.0582452995   0.0673841163  -0.0318390720
        0.0003708271   0.0000022543   0.0000565384  -0.0000610492  -0.0004259613
        0.0000235148   0.0001435596  -0.0000370697   0.0000338688  -0.0000553179
       -0.0000680965   0.0000185895   0.0000881456  -0.0000672600   0.0000669572
        0.0000101471  -0.0001358857  -0.0000003858   0.0002590881  -0.0005832223
        0.0006826001  -0.0001123128   0.0000343448   0.0000546643   0.0001320909
        0.0000153495   0.0000841939  -0.0001380000  -0.0000469996  -0.0000035460
       -0.0894137318  -0.0476317531   0.0032298691   0.0048991623   0.0131479144
       -0.0000995535  -0.0016521999   0.0025023897   0.0007667826  -0.0001305891
       -0.0000004982   0.0001439956  -0.0015183577  -0.0008608470   0.0014649851
       -0.0062188733  -0.0098130746   0.0042442363  -0.0138253117  -0.0187659826
       -0.0003929045  -0.0037936391  -0.0014896114  -0.0016747516   0.0010576056
        0.0004291817  -0.0023034182   0.4706618643  -0.0030199475   0.0328379723
       -0.0008034210  -0.0006849257   0.0005925425  -0.0001807138   0.0020808383
       -0.0001859376   0.0000027309  -0.0000602251   0.0001792716   0.0002904942
        0.0011263852  -0.0001220335  -0.1008650909   0.0599944737   0.0048719736
        0.0002868583  -0.0007671855   0.0002092299   0.0001648219   0.0009564247
       -0.0000028943   0.0000622040   0.0001290107   0.0000448868  -0.0000406346
        0.0000568881  -0.0000458598   0.0000212526   0.0000663247  -0.0000297663
       -0.0003226349  -0.0004950123  -0.0000189189   0.0002763545   0.0003392472
       -0.0005382413   0.0003148733   0.0000084933   0.0002617926  -0.0004451145
       -0.0000374460  -0.0001556082  -0.0014099824  -0.0005345932   0.0034433074
       -0.1704544982  -0.0087893744  -0.1141234120  -0.0652320087  -0.0115618635
        0.0619863236   0.0000546971  -0.0000333551   0.0000475629  -0.0002364199
       -0.0001529193  -0.0001191928  -0.0000818327   0.0000223128  -0.0000931524
       -0.0000134447   0.0000905114  -0.0000265597  -0.0203280010   0.0226689704
        0.0056369777  -0.0000897589   0.0001808998  -0.0001822554  -0.0000475131
        0.0002282005   0.0000279032  -0.0009891472   0.0006701480   0.0001248472
       -0.0520029718  -0.1297703117   0.0098159378  -0.0016742699  -0.0253139020
       -0.0017503442   0.0015258439  -0.0017268232  -0.0010398309   0.0001996739
       -0.0002073202   0.0001804868  -0.0001638026   0.0002056520   0.0007193691
       -0.0075302173  -0.0063492642   0.0074042505  -0.0071529325  -0.0039185541
       -0.0030018728   0.0000724780  -0.0001230033  -0.0002961484   0.0007339643
       -0.0030878318   0.0000818679  -0.0030199475   0.4101812005  -0.0025221000
       -0.0001578217  -0.0001079495  -0.0000536875   0.0007782835  -0.0009527429
        0.0006476073  -0.0001422888  -0.0001502321  -0.0001252113  -0.0006155771
        0.0002185588   0.0007849737   0.0771774617  -0.1551131266  -0.0354383130
       -0.0003262140  -0.0000458213  -0.0002572657  -0.0003331553  -0.0005000037
        0.0000356661  -0.0000113616  -0.0001904081   0.0001377052  -0.0001258204
       -0.0000232957  -0.0000937187   0.0001590874   0.0002874238   0.0000008445
        0.0001264045   0.0000039006  -0.0002610567   0.0002589819   0.0004265973
       -0.0004858330   0.0012791188  -0.0007663976   0.0002530465   0.0002423281
        0.0001193887   0.0000937220   0.0019865642   0.0023357223  -0.0035346268
       -0.0063671497  -0.0380271273  -0.0024526584  -0.0128923427  -0.0414237403
        0.0276875566   0.0000654016  -0.0000038955   0.0000879928   0.0000979272
        0.0002156167  -0.0000172968  -0.0001505031  -0.0000976053  -0.0001118809
        0.0000539204  -0.0000320970   0.0000584119   0.0074006376  -0.0055040763
        0.0034916722   0.0001653302  -0.0000400444  -0.0000075131  -0.0001043841
       -0.0001548888  -0.0000690964   0.0004473527  -0.0003635977   0.0000373435
        0.0032921250   0.0097068914  -0.0648634256  -0.0013515465  -0.0054907985
        0.0000960607   0.0007210574  -0.0010140001   0.0000568779   0.0000074956
       -0.0001354306  -0.0000360826   0.0029239444   0.0015976348  -0.0043697625
        0.0128266454   0.0228064104  -0.0044381705  -0.0093197412  -0.0135596774
        0.0001228160  -0.0022334408  -0.0001397076  -0.0020634640  -0.0011106850
       -0.0001565009   0.0015958075   0.0328379723  -0.0025221000   0.5222760852
       -0.0004292996  -0.0005471897   0.0004469355  -0.0003144952   0.0005311527
        0.0004928258   0.0000437358  -0.0001387268  -0.0001845822  -0.0000789538
       -0.0013253062   0.0001435817   0.0200553186  -0.0517824117  -0.0800455147
       -0.0001942117   0.0000859108  -0.0006583658  -0.0000914045  -0.0003920185
        0.0000161085  -0.0000296306   0.0000819002  -0.0000162565   0.0000205142
        0.0000179857  -0.0000369930  -0.0000356373  -0.0000142638   0.0000140543
        0.0009966852   0.0011532694   0.0001092118   0.0003597399   0.0003840729
       -0.0002120244   0.0003974786  -0.0004145232   0.0009875363  -0.0007666900
       -0.0005036008  -0.0005739061   0.0015909794  -0.0005113899  -0.0016072746
       -0.1116367110  -0.0056726724  -0.1458089214   0.0604926438   0.0283757409
       -0.2285894873  -0.0000280087   0.0000015112   0.0000455618  -0.0002532417
       -0.0001825991  -0.0000438861  -0.0000139942   0.0000350315   0.0000327478
        0.0000340480   0.0000487288   0.0000166024  -0.0096009953   0.0202275127
        0.0067191453   0.0001000875  -0.0002398164   0.0000018259  -0.0001647748
        0.0000350301  -0.0000666273   0.0009529908  -0.0003460500   0.0004409603
       -0.0017131620  -0.0020023270   0.0008966218  -0.0001278952   0.0000403958
       -0.0000089180   0.0001655769  -0.0000490553   0.0000395257   0.0012056303
       -0.0018638625  -0.0001876307  -0.0170674877  -0.0007794286  -0.0129683734
       -0.0007366137   0.0004263556  -0.0015513775  -0.0205871223  -0.0139742629
       -0.0002021920  -0.4329192759  -0.1671926275  -0.1534194784   0.0004674602
       -0.0002775750   0.0002496484  -0.0008034210  -0.0001578217  -0.0004292996
        0.6606492641   0.2590991964   0.1837685556  -0.0000120260   0.0000027189
       -0.0000065011  -0.0000086873   0.0000081256   0.0000003199   0.0000165428
       -0.0000302683  -0.0001200320   0.0000867257   0.0000371808   0.0000186386
       -0.0000198951   0.0000005850   0.0000022760   0.0000863992  -0.0000495224
        0.0000394355  -0.0005475797   0.0001646258   0.0000491196  -0.0000323983
        0.0001453857   0.0001054436   0.0001264062  -0.0000429673  -0.0000134503
        0.0004960349  -0.0006814735   0.0009445531  -0.0002831982  -0.0004214616
       -0.0000718331  -0.0000274753   0.0010209621  -0.0009238882   0.0003184665
        0.0003741418  -0.0014232217  -0.0000527664   0.0000355526  -0.0000243427
       -0.0000843561  -0.0001875742   0.0000000083   0.0000597952   0.0000391561
       -0.0000644200  -0.0748833082   0.0230863918  -0.0871547314  -0.1136452049
       -0.0968171486   0.0724745568  -0.0000112240   0.0000018857   0.0000023729
        0.0000170243  -0.0000133189   0.0000261062  -0.0001550839   0.0000386123
       -0.0000396012   0.0000078427  -0.0000042202  -0.0000038092  -0.0000076239
        0.0000036556   0.0000024990   0.0000226361   0.0000199881  -0.0000065804
       -0.0019710865  -0.0020476206   0.0016422145  -0.0002202760   0.0000054453
       -0.0001059750   0.0000873347  -0.0002494913   0.0000036246   0.0012053284
       -0.0010509928   0.0008506824   0.0040508017   0.0042639617   0.0002824648
        0.0005345626  -0.0006003202   0.0010217711  -0.0207227791  -0.0126595897
       -0.0029805567  -0.1666003019  -0.1125115052  -0.0442863155  -0.0002354201
        0.0001380347   0.0000155061  -0.0006849257  -0.0001079495  -0.0005471897
        0.2590991964   0.3320436797  -0.1270608798  -0.0000313751   0.0000777045
        0.0000498758   0.0000180554   0.0000359002   0.0000022403   0.0000319095
       -0.0000307908  -0.0000554516  -0.0000982271   0.0001322857   0.0000548816
        0.0000077853   0.0000053893  -0.0000171900   0.0000557576  -0.0000021252
        0.0000786565  -0.0000174076   0.0000868323   0.0002667687   0.0003546975
       -0.0001272603   0.0001945462   0.0000938398   0.0004070223  -0.0001087908
        0.0006929918  -0.0000433179   0.0007266536   0.0002203590   0.0002427805
        0.0000619739  -0.0014124834   0.0003047608   0.0001932613  -0.0008020862
        0.0002895748  -0.0005546656   0.0000661833   0.0000079378   0.0001060731
       -0.0001477798  -0.0002443819  -0.0000344691   0.0000425490   0.0000332111
       -0.0000415312   0.0226483875  -0.0588489725   0.0718736009  -0.0963318676
       -0.1496604688   0.0984734263   0.0000193757  -0.0000139967  -0.0000123423
       -0.0000249659  -0.0000064143  -0.0000246248   0.0000453830   0.0001180022
       -0.0000545863  -0.0000066374  -0.0000027596   0.0000073577   0.0000014449
       -0.0000002858  -0.0000029474   0.0000316765   0.0000157202  -0.0000180638
        0.0014473059   0.0020424116  -0.0012373389  -0.0000359969   0.0000290517
        0.0000068425   0.0001756117  -0.0001018904  -0.0001601063  -0.0002373315
       -0.0013635433  -0.0011346184  -0.0253179965  -0.0061830298  -0.0147465609
       -0.0024933305   0.0007569079  -0.0038920243   0.0116809633   0.0042683687
        0.0049081046  -0.1542520957  -0.0447301297  -0.1249514486   0.0001055893
        0.0002979563   0.0002803603   0.0005925425  -0.0000536875   0.0004469355
        0.1837685556  -0.1270608798   0.5015999301  -0.0000210408   0.0000119871
       -0.0000609258  -0.0000011401   0.0000419965   0.0000300977  -0.0000827033
        0.0000194873   0.0000325629  -0.0000187717   0.0000272423   0.0000790444
        0.0000130905  -0.0000219800   0.0000384311   0.0000138024  -0.0000223700
        0.0001451940   0.0000175371   0.0000684549   0.0002676958  -0.0003539706
        0.0006420667   0.0000432978  -0.0000204837   0.0001076914  -0.0001165352
       -0.0009954596  -0.0004480143   0.0006712680  -0.0008988737  -0.0009558820
       -0.0003281870   0.0009016663   0.0013702165   0.0000718040   0.0007037123
        0.0010091896   0.0000682980  -0.0000374702  -0.0000388347  -0.0000295948
        0.0001629143   0.0002301747   0.0000556251  -0.0000378096  -0.0000441165
        0.0000534413  -0.0859922095   0.0727449713  -0.2449843151   0.0712309032
        0.0974810130  -0.1171836654  -0.0000092265  -0.0000093390   0.0000269719
        0.0000515736  -0.0000319947   0.0000341307  -0.0000367912  -0.0000852511
       -0.0000586199  -0.0000207397   0.0000078449   0.0000127612   0.0000200820
        0.0000007043   0.0000100036  -0.0000224087  -0.0000067941   0.0000011399
       -0.0229593276   0.0075670728  -0.0062954376  -0.1557379680  -0.0061863168
       -0.0562197672  -0.0174044671  -0.0093228989  -0.0067510901  -0.0001585882
       -0.0002390028   0.0001426666  -0.0005033117  -0.0002348779   0.0000492104
       -0.0001081763  -0.0000723036  -0.0000629036  -0.0011283555   0.0018935331
        0.0004847699  -0.0005174250  -0.0001978210  -0.0000977318   0.0006943445
       -0.0004653790  -0.0006219854  -0.0001807138   0.0007782835  -0.0003144952
       -0.0000120260  -0.0000313751  -0.0000210408   0.4732328106   0.0318099833
        0.0739484994  -0.0904886203   0.0169567519  -0.0776233947  -0.0013108044
        0.0006828594  -0.0024361937  -0.0000848709  -0.0013640535  -0.0000601306
       -0.1493371733  -0.0335976503   0.0608749230   0.0005974714   0.0010662493
        0.0000025017  -0.0008344820  -0.0012147660  -0.0001071402   0.0004274727
        0.0000532287   0.0001869944   0.0001597908   0.0000378283  -0.0000028964
        0.0002040204   0.0000327905  -0.0001117223   0.0002783978  -0.0001640164
        0.0005517239  -0.0004952406  -0.0000495919  -0.0003298943   0.0001065099
        0.0001302605   0.0000870965  -0.0000560781   0.0002166312   0.0001867896
        0.0005929049   0.0002483096  -0.0001252158   0.0003348226  -0.0000180591
        0.0000365358   0.0000584505  -0.0000046671   0.0000852085   0.0000629284
        0.0000574655  -0.0000278582  -0.0108074861   0.0083290811  -0.0284600106
        0.0021168045  -0.0074511312   0.0224553593   0.0000055575   0.0002496290
       -0.0000979713  -0.0051344805  -0.0008696919   0.0085666003  -0.0255311278
       -0.0076001022   0.0118173557   0.0039184368  -0.0010262529   0.0002906445
        0.0154859898   0.0002719795   0.0093257975  -0.0045919153  -0.0580378723
       -0.0011446321  -0.0203224663  -0.0043219872  -0.0124598954  -0.0003775830
       -0.0000570678  -0.0000055697  -0.0000383589  -0.0000937078   0.0000844194
       -0.0003404256   0.0004680325   0.0004543360   0.0028846365  -0.0027456205
       -0.0008477052  -0.0000807551  -0.0001821110   0.0000550343  -0.0000001929
       -0.0002245946   0.0000159162   0.0020808383  -0.0009527429   0.0005311527
        0.0000027189   0.0000777045   0.0000119871   0.0318099833   0.2362624259
       -0.1908051356   0.0176260638  -0.0807094397   0.1456047693   0.0026565347
        0.0013973307   0.0028414602  -0.0004256995   0.0003459623   0.0003367567
       -0.0351441169  -0.0748752227   0.0258376340  -0.0014567696  -0.0002823229
       -0.0008995117  -0.0028449118  -0.0043646744  -0.0004239431   0.0001155075
        0.0000032914   0.0002309516   0.0000079201  -0.0001046264   0.0002541748
        0.0000118700  -0.0000580114  -0.0000196605   0.0000484187   0.0001618360
        0.0000318788   0.0010601530  -0.0001448413   0.0004482860  -0.0001202794
       -0.0001037142  -0.0001587566   0.0000867270   0.0000417469  -0.0000110378
        0.0003421467  -0.0012931637  -0.0006910509  -0.0001258030  -0.0001897235
        0.0004529504   0.0000144084  -0.0000204320   0.0000118607   0.0000316862
        0.0000260227  -0.0000158612   0.0007151123  -0.0007502407  -0.0003971002
        0.0007843766  -0.0053282973   0.0107849504  -0.0000679143   0.0000628562
       -0.0001118605   0.0132379388   0.0064166543  -0.0090855399  -0.0026259817
       -0.0003314057   0.0007345049  -0.0204398572  -0.0103640228   0.0190284395
       -0.0003376721   0.0047208410   0.0052191036  -0.0398588462  -0.0016626280
       -0.0929397707  -0.0032275544  -0.0045946900   0.0017907655   0.0000833685
        0.0000960554  -0.0002058477  -0.0000681338   0.0001190211  -0.0002405470
        0.0003463712  -0.0002679537   0.0005474370   0.0011043228  -0.0013113272
       -0.0000047575  -0.0002591978  -0.0001860470   0.0000774960  -0.0001492208
        0.0002638697  -0.0003969739  -0.0001859376   0.0006476073   0.0004928258
       -0.0000065011   0.0000498758  -0.0000609258   0.0739484994  -0.1908051356
        0.7660284353  -0.0824208733   0.1467406780  -0.4864766813  -0.0267791157
        0.0010473673  -0.0225473689   0.0005146602  -0.0006096521  -0.0005280223
        0.0644125519   0.0261492295  -0.1097454435  -0.0002426283   0.0000980292
        0.0008191077  -0.0004411432   0.0002549935   0.0007234988   0.0003161767
        0.0002017769  -0.0003978002   0.0000926756   0.0000185804  -0.0001624174
        0.0000973408  -0.0000032838  -0.0000375606   0.0012715463  -0.0003354776
       -0.0008397911   0.0004291321  -0.0000104824   0.0003928319  -0.0000649465
        0.0000210458   0.0000398266  -0.0000035405  -0.0000719521   0.0002540637
        0.0000352258  -0.0005881028   0.0007706800  -0.0002179801   0.0003589643
       -0.0007234359  -0.0000277634   0.0000051971   0.0000020824   0.0000398585
        0.0000347452  -0.0000154003  -0.0075454046   0.0042342187  -0.0151303858
        0.0001247205   0.0060609823  -0.0208866536  -0.0000697475   0.0000780764
        0.0000228257   0.0203261254   0.0052981884  -0.0216159777  -0.0104694235
       -0.0043622983   0.0078079772   0.0092330546   0.0083096871  -0.0120331960
       -0.0000037014  -0.0004521690  -0.0005795967  -0.0082292698   0.0072345786
       -0.0265236258   0.0000027936   0.0008359438  -0.0004724498   0.0004257974
       -0.0001448030   0.0003712796  -0.0000423287   0.0000994737  -0.0001140051
        0.0001602798  -0.0000732758  -0.0001926592  -0.0004031692   0.0002365619
        0.0001653904   0.0000330638  -0.0000445965   0.0000217064  -0.0001599764
        0.0004120028   0.0003507064   0.0000027309  -0.0001422888   0.0000437358
       -0.0000086873   0.0000180554  -0.0000011401  -0.0904886203   0.0176260638
       -0.0824208733   0.5572601011   0.0689298457   0.0589003754  -0.0040407249
       -0.0000556562  -0.0034425132   0.0000254702   0.0001553775   0.0000088493
       -0.0006536944  -0.0080777521   0.0222040120  -0.0000146064  -0.0001423014
       -0.0002739765  -0.0001506744  -0.0002640207   0.0001901350  -0.0014030953
       -0.0005858731  -0.0003900054  -0.0000356454   0.0000777438  -0.0000998948
       -0.0000821233   0.0000005437  -0.0000480859  -0.0018582189   0.0013338848
       -0.0002503298  -0.0001418043   0.0000259072  -0.0000110825   0.0000217736
        0.0000090967   0.0000773177  -0.0000729001  -0.0000712815  -0.0000591806
       -0.0000761831   0.0001880750  -0.0000261362  -0.0001309187  -0.0000100146
       -0.0000217409  -0.0000126257  -0.0000080530  -0.0000032454  -0.0000306452
       -0.0000212706  -0.0000033096  -0.2667204204  -0.0130966604  -0.0889123199
       -0.1799845307  -0.0711507015   0.1136712285   0.0000027175  -0.0000639600
        0.0000227262  -0.0020131185  -0.0007789539   0.0027283611   0.0009663830
       -0.0004795785   0.0023295033  -0.0021434280  -0.0015199440   0.0027608438
       -0.0003928141   0.0002599790   0.0000192476   0.0032059644  -0.0013361765
        0.0008458873  -0.0010145491  -0.0002934860  -0.0003271522   0.0001600900
       -0.0001989982   0.0003926368  -0.0000265422  -0.0001784287   0.0000169926
       -0.0006562656   0.0000740723  -0.0008917095  -0.0000191696   0.0001034520
        0.0001596954   0.0000097348   0.0000680149   0.0001546260   0.0008069478
       -0.0005281724   0.0001232323  -0.0000602251  -0.0001502321  -0.0001387268
        0.0000081256   0.0000359002   0.0000419965   0.0169567519  -0.0807094397
        0.1467406780   0.0689298457   0.1849963345  -0.2246129940  -0.0003134583
        0.0006619087  -0.0004693451  -0.0000551644   0.0000247929   0.0000903200
       -0.0024631217  -0.0030162335   0.0146760188  -0.0003965747   0.0005281681
       -0.0000075426  -0.0003045824   0.0000842539  -0.0000868827  -0.0006310346
       -0.0003954176  -0.0005997723  -0.0000501490   0.0001299322  -0.0000895014
       -0.0000385514   0.0000629211   0.0000279056   0.0008797201  -0.0000940322
        0.0006104634  -0.0000487896   0.0000543227  -0.0000312536   0.0000648101
       -0.0000150850   0.0000645806  -0.0001009522   0.0001624667  -0.0000441247
        0.0003726805  -0.0002706805   0.0002464383   0.0000437705  -0.0000638999
        0.0000955984   0.0000308383  -0.0000223410  -0.0000094479   0.0000179889
        0.0000110004  -0.0000038796  -0.0129140130  -0.0326499085   0.0000598756
       -0.0713871311  -0.0662195945   0.0614430455   0.0000526258   0.0000148676
       -0.0000013087  -0.0001322068  -0.0002410509   0.0000048453   0.0008062366
       -0.0001480140   0.0000888150  -0.0013408363  -0.0007411961   0.0014107421
        0.0023784168  -0.0014466811  -0.0007112070  -0.0143475673   0.0034481272
       -0.0176255346   0.0016413373   0.0014080845  -0.0002070501  -0.0007136177
       -0.0003603808  -0.0000369357   0.0001895780  -0.0001148248   0.0000906919
       -0.0005306654   0.0003169277   0.0000944792  -0.0004270077   0.0002905544
       -0.0001336335   0.0000102908   0.0001598369  -0.0001529664   0.0000767877
       -0.0001993981  -0.0000707187   0.0001792716  -0.0001252113  -0.0001845822
        0.0000003199   0.0000022403   0.0000300977  -0.0776233947   0.1456047693
       -0.4864766813   0.0589003754  -0.2246129940   0.7531093405  -0.0022569905
       -0.0002022698  -0.0014184594   0.0001194548   0.0000308459   0.0002558020
        0.0062756455   0.0127472361  -0.0302570703  -0.0001834526  -0.0000702922
        0.0000920661  -0.0000862635  -0.0001739468   0.0001403057   0.0003746415
        0.0003010288  -0.0000579887  -0.0002318689   0.0000686921  -0.0001889875
        0.0000330181   0.0000163391   0.0000077338   0.0001527686  -0.0005987520
        0.0004357270  -0.0000496357  -0.0000573285  -0.0000078207   0.0000320501
        0.0000106558   0.0001344668  -0.0000441676   0.0001721697  -0.0000971581
       -0.0000884313   0.0006857289  -0.0000014346  -0.0000190930   0.0000044695
        0.0000635582   0.0000380738  -0.0000067869   0.0000297399   0.0000146829
        0.0000052775   0.0000036726  -0.0909437735  -0.0004650181  -0.0777271770
        0.1159430543   0.0624607037  -0.1385974722   0.0000414650  -0.0000460414
       -0.0000385459   0.0009211318   0.0008697247  -0.0002737526  -0.0015419390
       -0.0004251754   0.0006036752   0.0017655045   0.0003016892  -0.0008261804
       -0.0074852014   0.0020975160   0.0198445384  -0.0475975135  -0.0058200422
        0.0417550534  -0.0041046996  -0.0063313743   0.0120836879  -0.0005533284
       -0.0026504098   0.0005369885   0.0002076850   0.0000418713  -0.0001789390
       -0.0013186034   0.0026270759   0.0002450003   0.0005302175   0.0001659679
        0.0016687556  -0.0002796450  -0.0002542850   0.0002118200  -0.0010729118
        0.0004530087   0.0012656758   0.0002904942  -0.0006155771  -0.0000789538
        0.0000165428   0.0000319095  -0.0000827033  -0.0013108044   0.0026565347
       -0.0267791157  -0.0040407249  -0.0003134583  -0.0022569905   0.0715097268
        0.0082453579  -0.0451839434  -0.0000752960  -0.0001255732  -0.0001055828
       -0.0007072514   0.0001141304  -0.0022787806  -0.0001761971  -0.0000227886
        0.0000272626  -0.0002995396  -0.0008322434   0.0011363565  -0.0001545875
       -0.0000022435   0.0000901413  -0.0004001775  -0.0001904119   0.0004147797
        0.0000592316  -0.0000080126  -0.0000901892  -0.0000599571   0.0000188663
       -0.0001147810   0.0001091162  -0.0001088912  -0.0001018368  -0.0011723434
        0.0002673429  -0.0008201736   0.0000008330  -0.0000979650   0.0000318431
       -0.0000837219  -0.0000200948  -0.0001720534   0.0003170054   0.0000262972
       -0.0000553028  -0.0000442712   0.0000169591  -0.0000359048   0.0000850637
        0.0000421776  -0.0000229316  -0.0005577806   0.0008717474  -0.0009709746
       -0.0001520904  -0.0002107446   0.0002140520  -0.0000228831   0.0000757272
        0.0000536686  -0.0011036891   0.0006866973  -0.0000322593  -0.0000261758
       -0.0000326078   0.0000983932  -0.0003265222  -0.0008024637  -0.0003166007
        0.0082226030  -0.0006621548  -0.0213987801  -0.0058152173  -0.0443331220
        0.0304225051  -0.0104999870  -0.0095722965   0.0254266716  -0.0015651832
       -0.0044065451   0.0003086507   0.0000991304   0.0000263279  -0.0001359021
        0.0017913782  -0.0023870050  -0.0002306848  -0.0005314469   0.0003606538
       -0.0005175315  -0.0000177660   0.0000342466   0.0000691781   0.0010398502
       -0.0005621701  -0.0013871130   0.0011263852   0.0002185588  -0.0013253062
       -0.0000302683  -0.0000307908   0.0000194873   0.0006828594   0.0013973307
        0.0010473673  -0.0000556562   0.0006619087  -0.0002022698   0.0082453579
        0.0598985640  -0.0339710821  -0.0004709688   0.0004919643   0.0003508286
       -0.0006248468   0.0004289366  -0.0005359404   0.0001117448  -0.0004027382
        0.0000571297  -0.0006365854   0.0003951037   0.0011511449  -0.0000593343
       -0.0000552280   0.0000266241  -0.0008569498  -0.0003649240   0.0008720065
        0.0000360541  -0.0000805101  -0.0000617715  -0.0000766177  -0.0001307694
        0.0000804487  -0.0001351214  -0.0000960078  -0.0001388113   0.0001685141
        0.0003739734   0.0002140865   0.0000936193   0.0001159333  -0.0000659766
       -0.0000848123  -0.0000221505   0.0000661467  -0.0000551957  -0.0009525021
        0.0002487475   0.0000009137  -0.0000018948  -0.0000233851   0.0000049569
       -0.0000071019   0.0000020323   0.0000444888   0.0000917084   0.0000343363
       -0.0000307202  -0.0000415192  -0.0000518188   0.0000962445   0.0000002828
       -0.0000362530   0.0003731441   0.0001370151  -0.0001126780  -0.0001002893
       -0.0001332675   0.0000038148  -0.0004902782  -0.0003898100  -0.0002059023
        0.0068482841  -0.0020989162  -0.0148484939   0.0405892017   0.0309157886
       -0.2491053276   0.0022895511   0.0023825183  -0.0058648933   0.0002565793
        0.0015947803   0.0008949031  -0.0001467259  -0.0000621491   0.0000494201
        0.0007977419  -0.0020085626   0.0002261069  -0.0014809984   0.0006825826
        0.0012220653   0.0000939835   0.0000713548  -0.0001469961   0.0011341822
       -0.0006133902  -0.0010732631  -0.0001220335   0.0007849737   0.0001435817
       -0.0001200320  -0.0000554516   0.0000325629  -0.0024361937   0.0028414602
       -0.0225473689  -0.0034425132  -0.0004693451  -0.0014184594  -0.0451839434
       -0.0339710821   0.2885034898  -0.0002583108  -0.0000788560   0.0003453206
        0.0021560121   0.0003432421   0.0011735031   0.0000286054   0.0003804675
       -0.0002093352  -0.0003741781  -0.0008419137   0.0014194713  -0.0000130799
       -0.0000854127   0.0001870716   0.0003550465   0.0001328025  -0.0003729513
       -0.0000835988   0.0000108933   0.0001070516  -0.0000405067   0.0000408701
        0.0001879938  -0.0001266626   0.0000872611   0.0000018007   0.0001558433
        0.0001197683   0.0004941448  -0.0000147856   0.0002421352  -0.0000522178
       -0.0000490897  -0.0000385657  -0.0002258604  -0.0000861577  -0.0006522332
        0.0004748944   0.0000260391  -0.0000003635   0.0000621291  -0.0000098633
       -0.0000211804  -0.0000204780  -0.0005662404   0.0007492458  -0.0008269352
       -0.0000933027  -0.0002002159   0.0002846696   0.0000247517   0.0000634668
       -0.0000638674  -0.0003911877   0.0002634890   0.0005473615   0.0006116090
        0.0001068955   0.0001500619  -0.0003280269  -0.0006163577   0.0002688440
        0.0070024050  -0.0009546085  -0.0019768492   0.0004892130  -0.0010960269
       -0.0003641556  -0.0000073435  -0.0000314482  -0.0000996749   0.0000022203
       -0.0001140968  -0.0000900764   0.0004178631  -0.0003000847  -0.0004791940
       -0.0018387311   0.0029575646   0.0012884600  -0.0010903956  -0.0002092417
       -0.0006935103   0.0004946454  -0.0000119393  -0.0002357758  -0.0019782526
       -0.0086675406   0.0065746041  -0.1008650909   0.0771774617   0.0200553186
        0.0000867257  -0.0000982271  -0.0000187717  -0.0000848709  -0.0004256995
        0.0005146602   0.0000254702  -0.0000551644   0.0001194548  -0.0000752960
       -0.0004709688  -0.0002583108   0.3580201278  -0.1315568475   0.1778556329
       -0.0002266643   0.0003052165  -0.0000041832   0.0000654767  -0.0000689204
        0.0000127230  -0.0000321763   0.0000469600   0.0000475920  -0.0000345120
        0.0000056421   0.0000068261   0.0000444317  -0.0000181477  -0.0000352268
        0.0001155663   0.0001633986  -0.0000956801   0.0000634070   0.0000093936
        0.0000188437  -0.0001492351  -0.0032992315   0.0000539514   0.0000030953
       -0.0003314068  -0.0001860702  -0.0007031664   0.0010895900  -0.0036340668
       -0.0225902202   0.0253352608   0.0029483463  -0.0140163511   0.0187520232
        0.0128706972  -0.0000081653   0.0000234707  -0.0000052889  -0.0000812603
        0.0001043209   0.0000610285   0.0000703306  -0.0000017003   0.0000246760
        0.0000057946   0.0000528293  -0.0000986525  -0.2236150754   0.0213839027
       -0.2137903474   0.0000673200   0.0000252172  -0.0000177391   0.0000238450
        0.0000369872  -0.0000823392   0.0003988693   0.0002420618  -0.0002869015
        0.0191699349  -0.0376189581  -0.0100239645  -0.0045936569  -0.0068688402
        0.0016383429   0.0018200093  -0.0017546951  -0.0002658845  -0.0001242410
        0.0002965315  -0.0001990655   0.0001630371   0.0000870818  -0.0002637815
        0.0005768313   0.0022781455  -0.0019590545   0.0013317981   0.0002102304
        0.0007007296   0.0006521489   0.0004069872   0.0003268105  -0.0048473427
       -0.0045884238   0.0063169256   0.0599944737  -0.1551131266  -0.0517824117
        0.0000371808   0.0001322857   0.0000272423  -0.0013640535   0.0003459623
       -0.0006096521   0.0001553775   0.0000247929   0.0000308459  -0.0001255732
        0.0004919643  -0.0000788560  -0.1315568475   0.2508788700   0.0530146303
        0.0004131915  -0.0001054415   0.0001418989  -0.0001317643  -0.0008531076
       -0.0000051300  -0.0000027831   0.0000184671  -0.0000794843   0.0001078797
        0.0000399429   0.0000265746  -0.0000801822  -0.0001599511  -0.0000421156
       -0.0000617780  -0.0000032547   0.0001326184   0.0001964871  -0.0001657665
        0.0000462417  -0.0003898844   0.0001996937   0.0001041125   0.0003373519
       -0.0002497120  -0.0001069082  -0.0003134166  -0.0014610468   0.0000622345
        0.0097960623  -0.0070133293   0.0020045601   0.0136061000  -0.0093810169
       -0.0125671776  -0.0000477624   0.0000059998  -0.0001008126  -0.0000023144
       -0.0001507676   0.0000031799   0.0001398453  -0.0000225952   0.0000402152
       -0.0000202013   0.0000391203  -0.0001075979   0.0355339907  -0.0297755060
        0.0134184641  -0.0001282604   0.0000263012   0.0000490906   0.0000898196
       -0.0000311660   0.0001240343  -0.0003314578  -0.0001656714  -0.0000168552
        0.0003491581  -0.0043782728   0.0022354985  -0.0004640355  -0.0005767637
        0.0004738156   0.0001668518  -0.0002345672   0.0001554377   0.0000752202
        0.0000508610   0.0001019127  -0.0003807555   0.0004689299   0.0005329721
        0.0018988357  -0.0027045762  -0.0011237914  -0.0001724561  -0.0006592267
        0.0006374237  -0.0001056770  -0.0000535282  -0.0003067207   0.0055336050
        0.0111978537  -0.0062692261   0.0048719736  -0.0354383130  -0.0800455147
        0.0000186386   0.0000548816   0.0000790444  -0.0000601306   0.0003367567
       -0.0005280223   0.0000088493   0.0000903200   0.0002558020  -0.0001055828
        0.0003508286   0.0003453206   0.1778556329   0.0530146303   0.3062647890
        0.0000931278   0.0000140112   0.0001723869  -0.0000505977  -0.0000625153
        0.0000106496   0.0000386816   0.0000266268   0.0000015392   0.0000218261
       -0.0000140800   0.0000034461  -0.0000424387   0.0000944257   0.0000292327
       -0.0001443582  -0.0001823511   0.0000646653  -0.0002360553   0.0000680649
       -0.0000421516  -0.0003993539  -0.0011477174  -0.0007370920   0.0000589976
        0.0002437072   0.0001259345  -0.0017145099  -0.0027640125   0.0021757109
       -0.0131803760   0.0160278111   0.0054073581   0.0235595544  -0.0294774596
       -0.0108249082   0.0000775604  -0.0000091328   0.0000137222  -0.0000253271
       -0.0000183102   0.0000259148   0.0000044596  -0.0000473770  -0.0000082337
       -0.0000198369  -0.0000679061   0.0000779613  -0.1971856895  -0.0040472678
       -0.2193634320  -0.0000737517   0.0000531314   0.0000349567   0.0001023091
       -0.0001109771   0.0000943121  -0.0003743492  -0.0000984855  -0.0000707139
       -0.0015067627  -0.0006872981  -0.0005041430  -0.0262525796  -0.0085170842
        0.0087318280  -0.0025006206   0.0006507678  -0.0012175893  -0.0001241127
       -0.0003549929   0.0001361316   0.0000962678  -0.0000049937  -0.0000065215
        0.0000832786  -0.0000417628  -0.0000749043  -0.0003236130   0.0004460150
        0.0000210873   0.0001500081   0.0000414442  -0.0000132084  -0.0002222984
        0.0001425424   0.0001811628   0.0002868583  -0.0003262140  -0.0001942117
       -0.0000198951   0.0000077853   0.0000130905  -0.1493371733  -0.0351441169
        0.0644125519  -0.0006536944  -0.0024631217   0.0062756455  -0.0007072514
       -0.0006248468   0.0021560121  -0.0002266643   0.0004131915   0.0000931278
        0.4933519846  -0.0061578898   0.0366308624   0.0000317833   0.0001996839
        0.0000184815  -0.0003781410  -0.0007495172  -0.0001362204  -0.0000657630
        0.0000174414  -0.0000973664  -0.0001318108  -0.0000316104   0.0001380639
       -0.0000341547  -0.0000200780  -0.0000090938  -0.0000944809  -0.0000112876
       -0.0000446047  -0.0001942284   0.0000023303  -0.0000808959   0.0000106883
       -0.0000319798   0.0000631252   0.0000252277  -0.0000318058  -0.0000401796
       -0.0005398529   0.0004420433   0.0001496641  -0.0003707988   0.0001600862
        0.0001771009  -0.0000215047   0.0000004160  -0.0000146062  -0.0000204372
       -0.0000124732   0.0000012565   0.0011894644   0.0017424702  -0.0014181827
        0.0015034498  -0.0012548198  -0.0020658186   0.0000013383  -0.0000492645
        0.0000844538  -0.0459274193   0.0183294602   0.0181402228  -0.2150693798
       -0.0095219393  -0.1093887252  -0.0520077124   0.0434414188  -0.0221175971
        0.0000958847  -0.0009218626  -0.0001476781  -0.0034552506   0.0019720885
        0.0002778524  -0.0003352327  -0.0005404953  -0.0001338920   0.0001476838
        0.0000101253  -0.0000310458   0.0000431258   0.0000101149  -0.0000270148
        0.0001669156  -0.0000147760   0.0002861848  -0.0000833056   0.0001878765
       -0.0000390350  -0.0000089975  -0.0000301847   0.0000433538  -0.0001319018
        0.0002087662  -0.0000373550  -0.0007671855  -0.0000458213   0.0000859108
        0.0000005850   0.0000053893  -0.0000219800  -0.0335976503  -0.0748752227
        0.0261492295  -0.0080777521  -0.0030162335   0.0127472361   0.0001141304
        0.0004289366   0.0003432421   0.0003052165  -0.0001054415   0.0000140112
       -0.0061578898   0.4918020784  -0.0030132819  -0.0000585967   0.0000545541
       -0.0000170855  -0.0000732798   0.0000957336  -0.0000398048   0.0000016915
        0.0000453245  -0.0000289124   0.0000145853   0.0000115458  -0.0000054495
        0.0000252520   0.0000280846  -0.0000084310  -0.0000097759  -0.0000866938
       -0.0000694083  -0.0000180387  -0.0000048476  -0.0000275845   0.0000146185
        0.0000347507   0.0000015932  -0.0000759799  -0.0000916654   0.0000857744
        0.0004854092  -0.0001398967  -0.0000670205   0.0005988084  -0.0002050112
       -0.0000906674  -0.0000083006   0.0000080921  -0.0000048033   0.0000109116
        0.0000096302   0.0000040838   0.0003791701  -0.0045171111  -0.0022272252
       -0.0019915825   0.0108984185   0.0055638552   0.0000204424  -0.0000801866
       -0.0000233665   0.0202780537  -0.1404226890  -0.1180491642  -0.0094876886
       -0.0456225664  -0.0063644107   0.0416359241  -0.2350908044   0.0848722889
       -0.0008932122  -0.0003652949  -0.0001991606  -0.0068262694  -0.0018467938
        0.0036860702  -0.0016513955  -0.0004495271  -0.0002649630  -0.0000094588
       -0.0000640655  -0.0001940829   0.0000089992  -0.0000214434   0.0000561388
       -0.0001576385   0.0001075680  -0.0003569408  -0.0001186132   0.0002426657
        0.0000542404   0.0000989191   0.0001005430  -0.0000983697   0.0000752646
       -0.0000449581   0.0002297503   0.0002092299  -0.0002572657  -0.0006583658
        0.0000022760  -0.0000171900   0.0000384311   0.0608749230   0.0258376340
       -0.1097454435   0.0222040120   0.0146760188  -0.0302570703  -0.0022787806
       -0.0005359404   0.0011735031  -0.0000041832   0.0001418989   0.0001723869
        0.0366308624  -0.0030132819   0.4971604250   0.0000288801   0.0000276729
       -0.0000533620  -0.0001274569  -0.0002014732  -0.0000271734  -0.0000917093
       -0.0001302973   0.0001706757  -0.0000275127  -0.0000555446   0.0001361018
       -0.0000468485   0.0000062596   0.0000343549  -0.0000422899   0.0001283114
        0.0001219082  -0.0001133740   0.0000157377  -0.0000491919   0.0000441234
       -0.0000154067   0.0000867135  -0.0000174563   0.0000126581  -0.0000908002
        0.0004244797  -0.0002565161   0.0002377909  -0.0002546801  -0.0000067254
        0.0000584226   0.0000216607  -0.0000001470   0.0000251381  -0.0000259702
       -0.0000218057   0.0000056893   0.0025230856  -0.0013710793   0.0002006171
       -0.0011362358   0.0048031795  -0.0030118086   0.0000647418  -0.0000643089
       -0.0000369198   0.0202975447  -0.1149533905  -0.1705577536  -0.1090022897
       -0.0059149408  -0.1128047787  -0.0206836277   0.0835072484  -0.0752421733
       -0.0005443560  -0.0016488833  -0.0000487987   0.0069312505  -0.0080846380
       -0.0003418933  -0.1608466726   0.1167968828  -0.0040070863  -0.0151969660
        0.0130099360   0.0034388313  -0.0023460011  -0.0008099598   0.0031109814
       -0.0001100837  -0.0001674657  -0.0000462859  -0.0000478646   0.0001530822
        0.0000369279   0.0000164071  -0.0001285480   0.0001920491   0.0000480303
       -0.0000149662   0.0000967374   0.0001648219  -0.0003331553  -0.0000914045
        0.0000863992   0.0000557576   0.0000138024   0.0005974714  -0.0014567696
       -0.0002426283  -0.0000146064  -0.0003965747  -0.0001834526  -0.0001761971
        0.0001117448   0.0000286054   0.0000654767  -0.0001317643  -0.0000505977
        0.0000317833  -0.0000585967   0.0000288801   0.1883475669  -0.1323674491
        0.0021039165  -0.0169765558   0.0146526580  -0.0044155884   0.0009522711
        0.0000784850  -0.0004751919  -0.0004172749  -0.0001643300  -0.0000329946
       -0.0006227822   0.0008690390   0.0003093866  -0.0000068486   0.0000332430
        0.0000511249   0.0000345051  -0.0000571277   0.0000551807  -0.0000557071
       -0.0001223536   0.0001533611   0.0000254990  -0.0000411217  -0.0000439340
        0.0000267116   0.0000142652   0.0000327261  -0.0000016287   0.0000184135
       -0.0000327633   0.0000034404   0.0000157175   0.0000254257   0.0000154329
        0.0000147108   0.0000109393  -0.0000869336   0.0001280806   0.0000966455
        0.0000749109   0.0000400853   0.0001337512  -0.0000056775  -0.0000605494
        0.0000257582   0.0000077495  -0.0000552978   0.0000830853   0.0000135682
        0.0000241832  -0.0000127253   0.0000128600   0.0000832664  -0.0000027711
       -0.0026150532  -0.0049022358   0.0009761458   0.0160935816  -0.0250974715
       -0.0000641860   0.1164125090  -0.1541035995   0.0022594207   0.0001315052
        0.0013363936  -0.0003830499   0.0002092068   0.0007623768  -0.0002197399
       -0.0000734894   0.0001622213   0.0003450932  -0.0001272020   0.0001013560
       -0.0000543355   0.0000322618  -0.0000539618  -0.0000695770  -0.0001369680
       -0.0000056555  -0.0000488483   0.0009564247  -0.0005000037  -0.0003920185
       -0.0000495224  -0.0000021252  -0.0000223700   0.0010662493  -0.0002823229
        0.0000980292  -0.0001423014   0.0005281681  -0.0000702922  -0.0000227886
       -0.0004027382   0.0003804675  -0.0000689204  -0.0008531076  -0.0000625153
        0.0001996839   0.0000545541   0.0000276729  -0.1323674491   0.1810598118
       -0.0033995593   0.0005063542   0.0017882401   0.0009335512  -0.0002035684
        0.0003085047  -0.0000626847   0.0000931660   0.0000075988  -0.0000370998
       -0.0000027539  -0.0001176887   0.0000278006  -0.0000115579  -0.0000665026
       -0.0001078110  -0.0000831752   0.0000856106   0.0000017385  -0.0000067711
       -0.0000066733  -0.0000120316   0.0000360681   0.0001079860   0.0000539789
        0.0000438824  -0.0000227010  -0.0000075338   0.0000324269   0.0000127746
        0.0000062401  -0.0000146154  -0.0000157702   0.0000060085  -0.0000046958
        0.0000136236  -0.0000128346   0.0000829180  -0.0001345918  -0.0000564151
        0.0000789332   0.0000671466  -0.0001767381  -0.0000360351   0.0000967899
       -0.0000349861  -0.0001567221  -0.0000150721   0.0002345113   0.0000636772
        0.0000199980  -0.0000302380   0.0000847410   0.0000690667  -0.0000257937
        0.0000362362  -0.0002416378  -0.0000093466  -0.0008323091   0.0006859887
        0.0009102544  -0.0046134233   0.0030532809  -0.0424263449   0.0199553015
       -0.0164156127  -0.0030427683   0.0036455202   0.0003158473  -0.0035020177
        0.0000869546   0.0001867709   0.0001263253  -0.0001051667   0.0002111555
        0.0001076248  -0.0001838736   0.0002647027  -0.0004141207  -0.0000331842
        0.0001128091   0.0000153725  -0.0000028943   0.0000356661   0.0000161085
        0.0000394355   0.0000786565   0.0001451940   0.0000025017  -0.0008995117
        0.0008191077  -0.0002739765  -0.0000075426   0.0000920661   0.0000272626
        0.0000571297  -0.0002093352   0.0000127230  -0.0000051300   0.0000106496
        0.0000184815  -0.0000170855  -0.0000533620   0.0021039165  -0.0033995593
        0.0504364626  -0.0215176160   0.0180045907  -0.0027932010   0.0003747500
       -0.0008647216   0.0005967431  -0.0000026142   0.0000397752   0.0000405172
        0.0008656048  -0.0010425312  -0.0004115804   0.0000115333  -0.0000148729
       -0.0000592363   0.0000448342   0.0000230733   0.0000438071  -0.0000126502
       -0.0001476717   0.0001218806  -0.0000421486  -0.0000320543   0.0000103037
        0.0000068982  -0.0000063581  -0.0000082525  -0.0000075711   0.0000003000
       -0.0000004365   0.0000175481  -0.0000174218   0.0000394375  -0.0000266213
       -0.0000002806  -0.0000248520   0.0000868522   0.0000525685  -0.0000456373
        0.0001758378  -0.0000303352  -0.0003395113  -0.0000000192  -0.0000095412
       -0.0000065114   0.0001693074   0.0000650042  -0.0000974484  -0.0000298066
       -0.0000540669  -0.0000357269   0.0000023751   0.0000186158  -0.0000521652
       -0.0001492515  -0.0001029509  -0.0001599603  -0.0099255316  -0.0066036007
       -0.0096833089  -0.1155330177  -0.0146488348  -0.1077020712   0.0077676259
        0.0010076706   0.0150927691   0.0004141840  -0.0002706162  -0.0000763613
       -0.0001050962   0.0001436813  -0.0001521218  -0.0001767359   0.0007892975
        0.0000269456  -0.0002124867   0.0008402220   0.0004372180   0.0000099317
       -0.0001478091   0.0000461564   0.0000622040  -0.0000113616  -0.0000296306
       -0.0005475797  -0.0000174076   0.0000175371  -0.0008344820  -0.0028449118
       -0.0004411432  -0.0001506744  -0.0003045824  -0.0000862635  -0.0002995396
       -0.0006365854  -0.0003741781  -0.0000321763  -0.0000027831   0.0000386816
       -0.0003781410  -0.0000732798  -0.0001274569  -0.0169765558   0.0005063542
       -0.0215176160   0.1372833206   0.0219169248   0.1200435384  -0.0009894027
       -0.0001600457   0.0033162076   0.0010370971   0.0002166490   0.0008616769
       -0.0000854161  -0.0000630363  -0.0000823915  -0.0000717518  -0.0000350466
        0.0000723932  -0.0000665394   0.0000943840   0.0001081478   0.0002384023
        0.0002093581   0.0000310771   0.0000217671   0.0000615214  -0.0000301192
       -0.0000147273   0.0000699747   0.0000473543  -0.0000426091  -0.0000222126
        0.0000047767  -0.0000560004   0.0000453940  -0.0000643812  -0.0000104808
       -0.0001097770  -0.0000015346  -0.0000062556   0.0002376607   0.0001188981
       -0.0000980425  -0.0001418200   0.0001592881   0.0000302633   0.0000174206
        0.0000107545  -0.0000835613   0.0000182397  -0.0000148511  -0.0000362427
        0.0000393936   0.0001149372   0.0000175020  -0.0000174844  -0.0000049685
       -0.0005305053  -0.0000764579  -0.0001556778  -0.0194426064  -0.0091542623
       -0.0203445626  -0.0143472321  -0.0462015827  -0.0256479777  -0.0002478690
        0.0006292324   0.0027604098  -0.0001588164   0.0002144751  -0.0001895755
        0.0001276893  -0.0000846685  -0.0001424276   0.0003061245  -0.0008250485
       -0.0002879411   0.0010256122  -0.0001732834  -0.0007904733  -0.0000486333
       -0.0000136646   0.0001505476   0.0001290107  -0.0001904081   0.0000819002
        0.0001646258   0.0000868323   0.0000684549  -0.0012147660  -0.0043646744
        0.0002549935  -0.0002640207   0.0000842539  -0.0001739468  -0.0008322434
        0.0003951037  -0.0008419137   0.0000469600   0.0000184671   0.0000266268
       -0.0007495172   0.0000957336  -0.0002014732   0.0146526580   0.0017882401
        0.0180045907   0.0219169248   0.0575948480   0.0237766585  -0.0003171171
        0.0007656515   0.0009718804   0.0000549553   0.0002690183   0.0013464059
        0.0000147136  -0.0000921336   0.0000905227  -0.0000561311  -0.0000231450
        0.0001312513  -0.0001229441  -0.0000069018   0.0001458516   0.0001846547
       -0.0009845605   0.0007877880  -0.0000060055   0.0000127236  -0.0000536933
        0.0000542599   0.0001226375   0.0000814506  -0.0000419190   0.0000211250
       -0.0000395040   0.0000494971  -0.0000247807   0.0000535152  -0.0001314106
       -0.0000512577   0.0000605684  -0.0000746268   0.0003858485   0.0000741453
        0.0000070119  -0.0001861247  -0.0000653081  -0.0000100693  -0.0000550531
        0.0000054174  -0.0000274347  -0.0000074066   0.0000022712  -0.0001698621
       -0.0000052839   0.0001050675   0.0000590325   0.0000365073  -0.0000458427
       -0.0002118113  -0.0002102149  -0.0001943438  -0.0017054882  -0.0002290225
       -0.0011831644  -0.1073608897  -0.0258104315  -0.1953162475  -0.0104740072
       -0.0007000384  -0.0291375925  -0.0004730516   0.0002977706   0.0002682306
       -0.0001515882  -0.0001298918  -0.0001592343  -0.0002023957   0.0002716785
        0.0004417544   0.0004806795  -0.0006074744  -0.0001117219   0.0001650402
       -0.0000018158   0.0000957223   0.0000448868   0.0001377052  -0.0000162565
        0.0000491196   0.0002667687   0.0002676958  -0.0001071402  -0.0004239431
        0.0007234988   0.0001901350  -0.0000868827   0.0001403057   0.0011363565
        0.0011511449   0.0014194713   0.0000475920  -0.0000794843   0.0000015392
       -0.0001362204  -0.0000398048  -0.0000271734  -0.0044155884   0.0009335512
       -0.0027932010   0.1200435384   0.0237766585   0.2297442160   0.0035972769
        0.0006566236  -0.0053015750  -0.0004588943   0.0000167346   0.0005443716
       -0.0000611579   0.0001251729   0.0001414823   0.0000715867   0.0001677295
        0.0000959271   0.0000143392   0.0001481539   0.0000143395  -0.0000572807
        0.0002380923   0.0002433134  -0.0000578437   0.0000599269  -0.0000225146
        0.0000050960   0.0000505634  -0.0000010662  -0.0000008746  -0.0000071092
        0.0000291112  -0.0000336523  -0.0000209347  -0.0000084701   0.0000475994
        0.0000576607  -0.0000873396   0.0000384793  -0.0000035092   0.0000485601
        0.0000412504   0.0000333023   0.0000584582  -0.0000099026  -0.0000172905
        0.0000128139  -0.0000426316   0.0000233047   0.0000253052  -0.0000077463
        0.0000034089   0.0000366033  -0.0000048110  -0.0000481036   0.0000071807
        0.0000304620  -0.0000088273   0.0000387282   0.0000956731  -0.0001682353
       -0.0000738571   0.0085167165  -0.0018360157   0.0143393447  -0.1097554432
        0.0168725896  -0.1053200006  -0.0124907013   0.0074758612  -0.0148661265
        0.0006046121  -0.0010178064  -0.0000517079  -0.0000478413  -0.0000458282
       -0.0003195971  -0.0023667630   0.0032605266   0.0007361583  -0.0000856167
       -0.0002176971   0.0002307845  -0.0000406346  -0.0001258204   0.0000205142
       -0.0000323983   0.0003546975  -0.0003539706   0.0004274727   0.0001155075
        0.0003161767  -0.0014030953  -0.0006310346   0.0003746415  -0.0001545875
       -0.0000593343  -0.0000130799  -0.0000345120   0.0001078797   0.0000218261
       -0.0000657630   0.0000016915  -0.0000917093   0.0009522711  -0.0002035684
        0.0003747500  -0.0009894027  -0.0003171171   0.0035972769   0.1309617738
       -0.0215501277   0.1207957915  -0.0131935999  -0.0004282614  -0.0185238432
       -0.0001966834  -0.0001361737  -0.0001279310   0.0006037550  -0.0000705280
        0.0001196092   0.0000022531   0.0000081305  -0.0000113286  -0.0000051328
        0.0000421684   0.0000213059  -0.0000157886  -0.0001310937  -0.0000838296
        0.0000228773  -0.0000059349   0.0000141405  -0.0000123153  -0.0000053082
       -0.0000004046   0.0001276971  -0.0003890547  -0.0002106081  -0.0000039758
        0.0001553510   0.0000827716  -0.0000618798   0.0001323776  -0.0000957505
       -0.0014553456  -0.0011892983  -0.0008493000  -0.0000032658  -0.0000364091
        0.0000136742   0.0000451207   0.0000030171  -0.0000477490  -0.0000130379
       -0.0000049434  -0.0000104295   0.0000370994   0.0000486194  -0.0000462713
       -0.0001497586  -0.0001332568   0.0000895539   0.0000609724   0.0000695766
        0.0001719394   0.0025409252   0.0001385266   0.0035984048   0.0167969101
       -0.0476586849   0.0298165314   0.0162393332  -0.0085682640   0.0190249779
        0.0015307920   0.0005627693   0.0010764142  -0.0000939277   0.0001102062
        0.0002437963   0.0032161285  -0.0038119413  -0.0011641000  -0.0004999376
        0.0005350711  -0.0000958046   0.0000568881  -0.0000232957   0.0000179857
        0.0001453857  -0.0001272603   0.0006420667   0.0000532287   0.0000032914
        0.0002017769  -0.0005858731  -0.0003954176   0.0003010288  -0.0000022435
       -0.0000552280  -0.0000854127   0.0000056421   0.0000399429  -0.0000140800
        0.0000174414   0.0000453245  -0.0001302973   0.0000784850   0.0003085047
       -0.0008647216  -0.0001600457   0.0007656515   0.0006566236  -0.0215501277
        0.0563883920  -0.0316604420  -0.0159308462   0.0019484228  -0.0207897465
       -0.0001668529   0.0004161794   0.0000277071  -0.0002974787  -0.0010635184
       -0.0004373792   0.0000047011   0.0000492506  -0.0000393686  -0.0000714991
       -0.0000084029   0.0000511688   0.0000623095   0.0000433530   0.0000911791
       -0.0000270017  -0.0000378661  -0.0000127766   0.0000137416   0.0000388552
       -0.0000292471  -0.0001605558   0.0005135982   0.0003491652   0.0001626607
       -0.0002445069  -0.0001359484   0.0002053163   0.0001098330  -0.0001069193
       -0.0015428421   0.0000105838  -0.0007074060  -0.0000192420   0.0000079221
       -0.0000237688   0.0000423629   0.0000028579  -0.0000429779  -0.0000062100
        0.0000078149  -0.0000103248   0.0000312178   0.0000117154  -0.0000095983
        0.0000512832   0.0001125231  -0.0000890549  -0.0000802358   0.0002102507
       -0.0000982951  -0.0105386250   0.0026048266  -0.0253767753  -0.1045945397
        0.0287350294  -0.2007561001  -0.0005954019   0.0010687262   0.0014810072
        0.0003541769  -0.0005179996   0.0002327192  -0.0000673452   0.0000186844
        0.0000522081  -0.0007479240  -0.0000434277   0.0003592519   0.0001766524
        0.0000807444   0.0001184516  -0.0000458598  -0.0000937187  -0.0000369930
        0.0001054436   0.0001945462   0.0000432978   0.0001869944   0.0002309516
       -0.0003978002  -0.0003900054  -0.0005997723  -0.0000579887   0.0000901413
        0.0000266241   0.0001870716   0.0000068261   0.0000265746   0.0000034461
       -0.0000973664  -0.0000289124   0.0001706757  -0.0004751919  -0.0000626847
        0.0005967431   0.0033162076   0.0009718804  -0.0053015750   0.1207957915
       -0.0316604420   0.2339537904  -0.0071720152  -0.0009459010  -0.0071614773
       -0.0000303688  -0.0000492289   0.0002976940   0.0002228055   0.0001504914
        0.0003528858   0.0000325400   0.0000249258   0.0000282760  -0.0000173052
       -0.0001165459   0.0001260953  -0.0000964159  -0.0001000803   0.0000475311
        0.0000331036   0.0000443910   0.0000324947   0.0000026631  -0.0000376578
        0.0000013838   0.0000513828  -0.0000773251  -0.0000055567   0.0000374808
        0.0000014362  -0.0000193565  -0.0002680804  -0.0000209005   0.0000682837
       -0.0001645298  -0.0000671283   0.0011023566   0.0000127544  -0.0000340304
        0.0000111769  -0.0000626219  -0.0000027978  -0.0000126771   0.0000182635
       -0.0000013868   0.0000424898  -0.0000506783  -0.0000426659   0.0000043196
        0.0000495595   0.0002428054  -0.0000401347  -0.0017150381   0.0002736154
        0.0030729248  -0.0130068221  -0.0163693523   0.0009415102  -0.1219581285
       -0.1086223656  -0.0238624162   0.0080169502   0.0136969700   0.0025890343
       -0.0010932122   0.0021494215  -0.0000821274   0.0000855411  -0.0000681843
       -0.0000868438   0.0007198331  -0.0000285168   0.0005057083   0.0003571325
        0.0007881741   0.0002223664   0.0000212526   0.0001590874  -0.0000356373
        0.0001264062   0.0000938398  -0.0000204837   0.0001597908   0.0000079201
        0.0000926756  -0.0000356454  -0.0000501490  -0.0002318689  -0.0004001775
       -0.0008569498   0.0003550465   0.0000444317  -0.0000801822  -0.0000424387
       -0.0001318108   0.0000145853  -0.0000275127  -0.0004172749   0.0000931660
       -0.0000026142   0.0010370971   0.0000549553  -0.0004588943  -0.0131935999
       -0.0159308462  -0.0071720152   0.1410766271   0.1239291183   0.0236084724
        0.0006999335   0.0001438148  -0.0000402953  -0.0000310703   0.0001080487
        0.0001787989  -0.0000129161  -0.0000101407   0.0000372446  -0.0000752631
       -0.0000076081   0.0000156769  -0.0000221562   0.0002933315   0.0001137871
        0.0000042617   0.0000481050   0.0000184404  -0.0000108579   0.0000394764
       -0.0000023291  -0.0000190789  -0.0000952401   0.0001020225  -0.0001832963
        0.0000405663   0.0000109943  -0.0001085845   0.0000002075   0.0000934832
       -0.0000071790  -0.0001162089   0.0001393322   0.0000082674   0.0000277638
        0.0000208246   0.0000121827  -0.0000147952   0.0000147966  -0.0000276606
        0.0000090458  -0.0000156454   0.0000305052   0.0000365210  -0.0000118829
       -0.0000089884   0.0001124265  -0.0002221329  -0.0009815579   0.0007047742
        0.0013600626  -0.0052413224  -0.0046633365   0.0010453464  -0.1080156726
       -0.1868890634  -0.0287671119  -0.0115057640  -0.0254294576  -0.0051916241
        0.0035726924  -0.0033110431  -0.0005362239   0.0000107293   0.0000642313
        0.0000207585  -0.0011506748  -0.0001511282  -0.0004078273  -0.0004535522
       -0.0021886062  -0.0001931076   0.0000663247   0.0002874238  -0.0000142638
       -0.0000429673   0.0004070223   0.0001076914   0.0000378283  -0.0001046264
        0.0000185804   0.0000777438   0.0001299322   0.0000686921  -0.0001904119
       -0.0003649240   0.0001328025  -0.0000181477  -0.0001599511   0.0000944257
       -0.0000316104   0.0000115458  -0.0000555446  -0.0001643300   0.0000075988
        0.0000397752   0.0002166490   0.0002690183   0.0000167346  -0.0004282614
        0.0019484228  -0.0009459010   0.1239291183   0.2185627371   0.0339934855
       -0.0003389178   0.0006409680  -0.0001041302   0.0002415537   0.0001180714
        0.0000779107  -0.0000235571   0.0000604127  -0.0000556315   0.0000080260
       -0.0000036202   0.0000339612   0.0001502085  -0.0001602885  -0.0002942035
        0.0000443941   0.0000433116  -0.0000020462  -0.0000145789   0.0000028755
        0.0000426417   0.0000564099  -0.0000586940  -0.0001917779   0.0003362946
        0.0002084139   0.0000059432   0.0000286199  -0.0000054772  -0.0000192375
       -0.0001613237  -0.0001451514  -0.0000117016  -0.0000137581   0.0000457893
       -0.0000375978   0.0000074297   0.0000079987   0.0000187682  -0.0000240317
        0.0000010024  -0.0000186973   0.0000254062   0.0000013909  -0.0000088192
       -0.0000740289  -0.0003090821  -0.0000079814   0.0030355653   0.0006963806
       -0.0031666954   0.0158924800   0.0189894445  -0.0005062276  -0.0243018332
       -0.0292376500  -0.0488193364  -0.0017741911  -0.0041865031  -0.0004477528
        0.0006038723  -0.0011234588   0.0002661910  -0.0000878858   0.0001118446
       -0.0000179831   0.0001789987   0.0005775055   0.0002571774   0.0000439635
       -0.0004359670   0.0000120294  -0.0000297663   0.0000008445   0.0000140543
       -0.0000134503  -0.0001087908  -0.0001165352  -0.0000028964   0.0002541748
       -0.0001624174  -0.0000998948  -0.0000895014  -0.0001889875   0.0004147797
        0.0008720065  -0.0003729513  -0.0000352268  -0.0000421156   0.0000292327
        0.0001380639  -0.0000054495   0.0001361018  -0.0000329946  -0.0000370998
        0.0000405172   0.0008616769   0.0013464059   0.0005443716  -0.0185238432
       -0.0207897465  -0.0071614773   0.0236084724   0.0339934855   0.0592849632
       -0.0001548728  -0.0004702507  -0.0000137825   0.0001841913   0.0001673280
        0.0000860332   0.0000177855  -0.0000073088  -0.0000082497   0.0000497269
        0.0000174191   0.0000023003   0.0000055958  -0.0000667531  -0.0000290693
        0.0000066153  -0.0000029208  -0.0000259254   0.0000077230  -0.0000553283
        0.0000283961   0.0000344744  -0.0000186049  -0.0000689141   0.0000022297
       -0.0000060886   0.0001253454  -0.0001233078  -0.0000516468   0.0000837119
        0.0001646809   0.0000398498   0.0001689510   0.0000179951   0.0000108126
       -0.0000036076  -0.0000401810   0.0000068596   0.0000245648   0.0000459671
       -0.0000041317   0.0000027403  -0.0000204847  -0.0000359631   0.0000112120
       -0.0021057066  -0.0036363252  -0.0005265534   0.0002167830   0.0000345995
       -0.0002970696  -0.0018082809   0.0034194547   0.0001870740  -0.0131179670
        0.0006494030   0.0140088694  -0.1431663827  -0.0242885759   0.1131847595
       -0.0139538314  -0.0048060228   0.0145116822  -0.0004630659   0.0006996925
       -0.0018130979   0.0071501143   0.0012446386  -0.0086627477   0.0009424386
        0.0008398587  -0.0004381102  -0.0003226349   0.0001264045   0.0009966852
        0.0004960349   0.0006929918  -0.0009954596   0.0002040204   0.0000118700
        0.0000973408  -0.0000821233  -0.0000385514   0.0000330181   0.0000592316
        0.0000360541  -0.0000835988   0.0001155663  -0.0000617780  -0.0001443582
       -0.0000341547   0.0000252520  -0.0000468485  -0.0006227822  -0.0000027539
        0.0008656048  -0.0000854161   0.0000147136  -0.0000611579  -0.0001966834
       -0.0001668529  -0.0000303688   0.0006999335  -0.0003389178  -0.0001548728
        0.1664178214   0.0249494889  -0.1304121247  -0.0004664515  -0.0002024689
       -0.0000951263   0.0000387586   0.0000959165  -0.0000925287   0.0000998794
        0.0002025089  -0.0002658469   0.0003755388   0.0005894038  -0.0000664589
        0.0000290377   0.0000490127   0.0000306623  -0.0002020595  -0.0002606910
        0.0000915137  -0.0001957430   0.0001824809   0.0002268051  -0.0000045846
       -0.0001431578  -0.0000562930   0.0000303576   0.0000137694  -0.0000178928
       -0.0001089261  -0.0000066856   0.0000615989  -0.0000189434   0.0000532328
        0.0000302365   0.0000375103   0.0000047785  -0.0000235350  -0.0000060387
        0.0000008424  -0.0000171172   0.0000487491   0.0000164136  -0.0000246834
       -0.0027750954  -0.0040514003   0.0005026223  -0.0000004990  -0.0000514281
        0.0000265795   0.0034353875  -0.0034145036  -0.0006414293   0.0174053001
        0.0005407227  -0.0172445122  -0.0238376845  -0.0428699502   0.0219478171
       -0.0161810339  -0.0047375976   0.0159839637  -0.0005326763  -0.0006595884
        0.0014709270  -0.0026276209  -0.0009229467   0.0074040977   0.0007378390
        0.0017486923   0.0004515064  -0.0004950123   0.0000039006   0.0011532694
       -0.0006814735  -0.0000433179  -0.0004480143   0.0000327905  -0.0000580114
       -0.0000032838   0.0000005437   0.0000629211   0.0000163391  -0.0000080126
       -0.0000805101   0.0000108933   0.0001633986  -0.0000032547  -0.0001823511
       -0.0000200780   0.0000280846   0.0000062596   0.0008690390  -0.0001176887
       -0.0010425312  -0.0000630363  -0.0000921336   0.0001251729  -0.0001361737
        0.0004161794  -0.0000492289   0.0001438148   0.0006409680  -0.0004702507
        0.0249494889   0.0542908715  -0.0292609654  -0.0000981848  -0.0001668606
        0.0000695857  -0.0000464170  -0.0001128233   0.0001564393  -0.0001343843
       -0.0002789187   0.0001227695   0.0001964805   0.0003697860  -0.0000678481
        0.0000549728   0.0000230574   0.0000171032  -0.0002007669  -0.0003403339
        0.0001016946   0.0001192400  -0.0003063171  -0.0000768777  -0.0002268892
        0.0001772116  -0.0000944457  -0.0000031252  -0.0000125157  -0.0000021530
       -0.0000065304  -0.0000088542  -0.0000076481  -0.0000465721   0.0000398308
        0.0000256811  -0.0000070200  -0.0000082719   0.0000132140  -0.0000025292
       -0.0000054068  -0.0000040134   0.0000225205   0.0000004076  -0.0000103827
       -0.0004579880  -0.0003306194  -0.0004579243  -0.0000887946   0.0000372485
        0.0000120707   0.0010640243  -0.0014611486   0.0007106679   0.0050963903
       -0.0008917349  -0.0036564742   0.1136303105   0.0236182701  -0.1676475822
       -0.0026338004  -0.0008340037   0.0037922669  -0.0007566605   0.0016146022
       -0.0036337435   0.0145866398   0.0058292801  -0.0221714998  -0.0002625306
        0.0010646027  -0.0001624888  -0.0000189189  -0.0002610567   0.0001092118
        0.0009445531   0.0007266536   0.0006712680  -0.0001117223  -0.0000196605
       -0.0000375606  -0.0000480859   0.0000279056   0.0000077338  -0.0000901892
       -0.0000617715   0.0001070516  -0.0000956801   0.0001326184   0.0000646653
       -0.0000090938  -0.0000084310   0.0000343549   0.0003093866   0.0000278006
       -0.0004115804  -0.0000823915   0.0000905227   0.0001414823  -0.0001279310
        0.0000277071   0.0002976940  -0.0000402953  -0.0001041302  -0.0000137825
       -0.1304121247  -0.0292609654   0.1921980124   0.0000462083  -0.0000692659
       -0.0001094389   0.0002478937   0.0003259129  -0.0004073093   0.0003144950
        0.0005648254  -0.0002982133  -0.0002771902  -0.0003001438   0.0002114653
        0.0000032277   0.0000044636   0.0000165760  -0.0000264687  -0.0000622045
        0.0000680495  -0.0004812896   0.0005212818   0.0008005198  -0.0003172309
       -0.0008600694  -0.0002406764   0.0000019315  -0.0000119220   0.0000133852
        0.0000707585  -0.0000051804   0.0000051293   0.0000339091  -0.0000706450
       -0.0000122024  -0.0000162910  -0.0000025800  -0.0000065066   0.0000224616
       -0.0000003784   0.0000172154  -0.0000175127   0.0000022164  -0.0000118372
        0.0058058470  -0.0022314830   0.0051591727  -0.0000374781   0.0001074620
       -0.0000669691   0.0001048714  -0.0000340227  -0.0000939472   0.0005169091
        0.0014402659   0.0003648356  -0.0134276737   0.0005110707  -0.0148563218
       -0.1420963045   0.0188492609  -0.1074944770  -0.0003717192  -0.0004629582
        0.0016901695  -0.0023293372  -0.0028500999  -0.0012730613  -0.0247427852
        0.0230755736  -0.0039902379   0.0002763545   0.0002589819   0.0003597399
       -0.0002831982   0.0002203590  -0.0008988737   0.0002783978   0.0000484187
        0.0012715463  -0.0018582189   0.0008797201   0.0001527686  -0.0000599571
       -0.0000766177  -0.0000405067   0.0000634070   0.0001964871  -0.0002360553
       -0.0000944809  -0.0000097759  -0.0000422899  -0.0000068486  -0.0000115579
        0.0000115333  -0.0000717518  -0.0000561311   0.0000715867   0.0006037550
       -0.0002974787   0.0002228055  -0.0000310703   0.0002415537   0.0001841913
       -0.0004664515  -0.0000981848   0.0000462083   0.1805896216  -0.0415364822
        0.1197617352  -0.0000510380  -0.0000956382   0.0001546812   0.0002609747
        0.0000609934   0.0003608717  -0.0005000049  -0.0001070848  -0.0004697608
        0.0000821464  -0.0000347929  -0.0000017822  -0.0000876187  -0.0000711811
       -0.0000414671  -0.0003905994   0.0001408187   0.0000073126   0.0000693660
       -0.0000205224  -0.0000483815  -0.0002693106  -0.0003081275  -0.0001991312
       -0.0015022293   0.0022707997  -0.0001219557  -0.0000148608  -0.0000254609
        0.0001759764   0.0000541667   0.0000056690  -0.0000687348  -0.0000376140
       -0.0000029162  -0.0000160393   0.0000247336   0.0000230818  -0.0000351425
        0.0052706410  -0.0006556737   0.0072108372   0.0001657374   0.0003111645
       -0.0007422306   0.0000281779  -0.0000616209  -0.0000749372  -0.0012878078
        0.0007250155  -0.0009887555  -0.0143695499   0.0015304742  -0.0147065277
        0.0212396429  -0.0439760484   0.0289090875  -0.0008423940  -0.0000468593
        0.0013401821  -0.0027677807  -0.0030045742  -0.0017108994   0.0308163684
       -0.0174495447   0.0090562351   0.0003392472   0.0004265973   0.0003840729
       -0.0004214616   0.0002427805  -0.0009558820  -0.0001640164   0.0001618360
       -0.0003354776   0.0013338848  -0.0000940322  -0.0005987520   0.0000188663
       -0.0001307694   0.0000408701   0.0000093936  -0.0001657665   0.0000680649
       -0.0000112876  -0.0000866938   0.0001283114   0.0000332430  -0.0000665026
       -0.0000148729  -0.0000350466  -0.0000231450   0.0001677295  -0.0000705280
       -0.0010635184   0.0001504914   0.0001080487   0.0001180714   0.0001673280
       -0.0002024689  -0.0001668606  -0.0000692659  -0.0415364822   0.0655788710
       -0.0285397061  -0.0000371588  -0.0000910925  -0.0000723029   0.0002598344
        0.0000661723   0.0002615366   0.0013112303  -0.0005973396   0.0005887543
       -0.0002768713  -0.0001344397   0.0000642095  -0.0001041012   0.0000055324
       -0.0001732042  -0.0004357228   0.0001388572  -0.0000572769   0.0000852102
       -0.0000251884  -0.0000743467  -0.0001762712  -0.0000018762   0.0002078651
        0.0018739769  -0.0013579350   0.0003992538  -0.0000774827  -0.0000202684
       -0.0001332744  -0.0000185209  -0.0000177659   0.0000098776  -0.0000150958
        0.0000004000   0.0000110122  -0.0000434546  -0.0000682570   0.0000819928
       -0.0173468275   0.0046663823  -0.0223951108  -0.0008484850   0.0005638836
        0.0004328463   0.0000875413  -0.0002309028  -0.0001688437  -0.0002432472
        0.0004728898   0.0002607462  -0.0036239685   0.0000929328  -0.0029709277
       -0.1017037325   0.0246518839  -0.1428295987   0.0004558259   0.0001226854
       -0.0060551682  -0.0010498402  -0.0003116627  -0.0013204631   0.0058691542
       -0.0010263380   0.0097080975  -0.0005382413  -0.0004858330  -0.0002120244
       -0.0000718331   0.0000619739  -0.0003281870   0.0005517239   0.0000318788
       -0.0008397911  -0.0002503298   0.0006104634   0.0004357270  -0.0001147810
        0.0000804487   0.0001879938   0.0000188437   0.0000462417  -0.0000421516
       -0.0000446047  -0.0000694083   0.0001219082   0.0000511249  -0.0001078110
       -0.0000592363   0.0000723932   0.0001312513   0.0000959271   0.0001196092
       -0.0004373792   0.0003528858   0.0001787989   0.0000779107   0.0000860332
       -0.0000951263   0.0000695857  -0.0001094389   0.1197617352  -0.0285397061
        0.1643846997   0.0000179627  -0.0001049284  -0.0000007431  -0.0011840326
       -0.0000377989  -0.0010063658  -0.0001284541  -0.0002244103   0.0006906449
        0.0003485844   0.0003259117   0.0001026728   0.0002455659   0.0000501042
        0.0001118760  -0.0000987965  -0.0000293062   0.0000145006  -0.0000106396
       -0.0000055640   0.0000286404  -0.0002718414  -0.0001559061   0.0000413724
       -0.0001510367  -0.0001776454   0.0010877611   0.0001163203  -0.0001092033
        0.0001350489  -0.0000728105   0.0000141893   0.0000365023   0.0000265286
       -0.0000099766   0.0000550638  -0.0000730841  -0.0000068366  -0.0000328974
       -0.0160418622   0.0210009755  -0.0022878565  -0.0043410342   0.0002235274
       -0.0035308181   0.0000782377  -0.0001511479  -0.0000267055   0.0000826917
       -0.0000501085  -0.0000755436  -0.0008234578  -0.0007368046   0.0005131398
       -0.0001099775   0.0003409047   0.0001563139  -0.0913619003   0.0973510729
       -0.0013259747   0.0065300583  -0.0160872369   0.0011221999   0.0001492289
       -0.0003283883   0.0002518597   0.0003148733   0.0012791188   0.0003974786
       -0.0000274753  -0.0014124834   0.0009016663  -0.0004952406   0.0010601530
        0.0004291321  -0.0001418043  -0.0000487896  -0.0000496357   0.0001091162
       -0.0001351214  -0.0001266626  -0.0001492351  -0.0003898844  -0.0003993539
       -0.0001942284  -0.0000180387  -0.0001133740   0.0000345051  -0.0000831752
        0.0000448342  -0.0000665394  -0.0001229441   0.0000143392   0.0000022531
        0.0000047011   0.0000325400  -0.0000129161  -0.0000235571   0.0000177855
        0.0000387586  -0.0000464170   0.0002478937  -0.0000510380  -0.0000371588
        0.0000179627   0.1100836771  -0.1092182546   0.0015342447  -0.0031354096
        0.0092629511   0.0024454635   0.0000226766  -0.0000114260  -0.0005311998
        0.0003084291   0.0002315807   0.0002577987  -0.0002808192  -0.0000419532
        0.0001206442   0.0001672452  -0.0002870343  -0.0003067134  -0.0006147254
        0.0008735641   0.0003896538  -0.0000112426  -0.0001373591  -0.0001020574
       -0.0000254215   0.0000484743   0.0000647570  -0.0000325789  -0.0022682514
       -0.0000679682   0.0000478079  -0.0000191748  -0.0000284156  -0.0000467670
       -0.0000381116   0.0000064858  -0.0000058853   0.0000157971   0.0000060858
        0.0024557523   0.0006925395   0.0011365891   0.0001932136   0.0003502930
        0.0003455743   0.0000297103  -0.0000333121  -0.0001733537   0.0000870316
        0.0000748215  -0.0001055584  -0.0013825395  -0.0011454594   0.0008645721
        0.0005895770  -0.0003459056  -0.0000820444   0.0991588529  -0.2122672990
       -0.0019419655   0.0033716151  -0.0258446158   0.0042640866  -0.0006877195
        0.0003071380  -0.0005044233   0.0000084933  -0.0007663976  -0.0004145232
        0.0010209621   0.0003047608   0.0013702165  -0.0000495919  -0.0001448413
       -0.0000104824   0.0000259072   0.0000543227  -0.0000573285  -0.0001088912
       -0.0000960078   0.0000872611  -0.0032992315   0.0001996937  -0.0011477174
        0.0000023303  -0.0000048476   0.0000157377  -0.0000571277   0.0000856106
        0.0000230733   0.0000943840  -0.0000069018   0.0001481539   0.0000081305
        0.0000492506   0.0000249258  -0.0000101407   0.0000604127  -0.0000073088
        0.0000959165  -0.0001128233   0.0003259129  -0.0000956382  -0.0000910925
       -0.0001049284  -0.1092182546   0.2501844515  -0.0007703557   0.0073882395
       -0.0117877584  -0.0036959387   0.0001694901   0.0002571470   0.0000436092
        0.0002411896  -0.0000591171  -0.0001508617   0.0001733815  -0.0000678910
        0.0000068692   0.0001742212  -0.0007427429  -0.0006643728  -0.0009324973
        0.0014406501   0.0005111398   0.0000204596   0.0000001724   0.0000301917
       -0.0000136162  -0.0000226286  -0.0000048823   0.0005425945  -0.0005298996
        0.0006325543  -0.0000242154  -0.0000064888   0.0000061338   0.0000163421
        0.0000085582   0.0000080854   0.0000116689   0.0000062081  -0.0000086414
       -0.0094334023   0.0136187138  -0.0004404347  -0.0018571393  -0.0002410136
       -0.0015505466   0.0001052498  -0.0002178887  -0.0000292318   0.0000116128
       -0.0001356256   0.0001733325   0.0012200449   0.0004042145  -0.0016991346
       -0.0004357484   0.0004755453   0.0001874837  -0.0025542886   0.0006446648
       -0.0393846583  -0.0026872128   0.0149057989  -0.0000884854   0.0004240481
       -0.0002984991   0.0000877410   0.0002617926   0.0002530465   0.0009875363
       -0.0009238882   0.0001932613   0.0000718040  -0.0003298943   0.0004482860
        0.0003928319  -0.0000110825  -0.0000312536  -0.0000078207  -0.0001018368
       -0.0001388113   0.0000018007   0.0000539514   0.0001041125  -0.0007370920
       -0.0000808959  -0.0000275845  -0.0000491919   0.0000551807   0.0000017385
        0.0000438071   0.0001081478   0.0001458516   0.0000143395  -0.0000113286
       -0.0000393686   0.0000282760   0.0000372446  -0.0000556315  -0.0000082497
       -0.0000925287   0.0001564393  -0.0004073093   0.0001546812  -0.0000723029
       -0.0000007431   0.0015342447  -0.0007703557   0.0455760766   0.0150957783
       -0.0278068740  -0.0032797856  -0.0005669930  -0.0003270316  -0.0005756914
        0.0001608022   0.0001424399  -0.0000230893   0.0001346264  -0.0000705218
       -0.0001280248  -0.0004539653   0.0002668346   0.0001583380   0.0005545566
       -0.0006524976  -0.0005024251   0.0000131715  -0.0000609974  -0.0000326516
       -0.0000072050   0.0000413650   0.0000168004  -0.0003718285  -0.0008492147
        0.0012158542   0.0000073415   0.0000014342  -0.0000169209  -0.0000237884
       -0.0000099806   0.0000064971   0.0000105514   0.0000017059  -0.0000010325
        0.0033551508  -0.0056325865  -0.0217172634   0.0009674549  -0.0004974134
       -0.0015335051  -0.0000954234   0.0002343374  -0.0001140228   0.0000126130
        0.0000029586   0.0002325483  -0.0009846531  -0.0010364759   0.0009089551
       -0.0034032838   0.0002881522  -0.0030810528  -0.0510634253   0.0137901676
        0.0471976982  -0.0046141956   0.0028184058   0.0166552605  -0.0000072338
       -0.0000913636   0.0004504567  -0.0004451145   0.0002423281  -0.0007666900
        0.0003184665  -0.0008020862   0.0007037123   0.0001065099  -0.0001202794
       -0.0000649465   0.0000217736   0.0000648101   0.0000320501  -0.0011723434
        0.0001685141   0.0001558433   0.0000030953   0.0003373519   0.0000589976
        0.0000106883   0.0000146185   0.0000441234  -0.0000557071  -0.0000067711
       -0.0000126502   0.0002384023   0.0001846547  -0.0000572807  -0.0000051328
       -0.0000714991  -0.0000173052  -0.0000752631   0.0000080260   0.0000497269
        0.0000998794  -0.0001343843   0.0003144950   0.0002609747   0.0002598344
       -0.0011840326  -0.0031354096   0.0073882395   0.0150957783   0.0599005388
       -0.0166106510  -0.0528828256   0.0000441350  -0.0000683917  -0.0001032363
       -0.0002132220  -0.0002298708   0.0001444154  -0.0000079744  -0.0001063998
        0.0000900722  -0.0006502453   0.0002727705  -0.0000543800   0.0004572346
       -0.0005171432  -0.0007459139   0.0000297375  -0.0000166621   0.0000508198
        0.0000051268  -0.0000422764   0.0000335592   0.0000739804  -0.0000848796
        0.0000966670  -0.0000293765   0.0000324513   0.0000183117   0.0000654793
        0.0000019305   0.0000249635  -0.0000132375  -0.0000404169  -0.0000233496
        0.0003796176  -0.0006207253  -0.0034076213   0.0005727612   0.0001686855
        0.0010223068   0.0002542899  -0.0000501051   0.0005560649   0.0000017968
       -0.0000726404   0.0001403411  -0.0007613303  -0.0016963230   0.0021914121
       -0.0006828817  -0.0002946814   0.0002119044   0.0133914251  -0.0552719514
       -0.0606633022  -0.0067964560   0.0036997758   0.0186367644  -0.0002609643
       -0.0001600839  -0.0001250044  -0.0000374460   0.0001193887  -0.0005036008
        0.0003741418   0.0002895748   0.0010091896   0.0001302605  -0.0001037142
        0.0000210458   0.0000090967  -0.0000150850   0.0000106558   0.0002673429
        0.0003739734   0.0001197683  -0.0003314068  -0.0002497120   0.0002437072
       -0.0000319798   0.0000347507  -0.0000154067  -0.0001223536  -0.0000066733
       -0.0001476717   0.0002093581  -0.0009845605   0.0002380923   0.0000421684
       -0.0000084029  -0.0001165459  -0.0000076081  -0.0000036202   0.0000174191
        0.0002025089  -0.0002789187   0.0005648254   0.0000609934   0.0000661723
       -0.0000377989   0.0092629511  -0.0117877584  -0.0278068740  -0.0166106510
        0.0671855695   0.0682344254   0.0002047664   0.0001893645  -0.0000027840
        0.0000241224  -0.0000076961   0.0001837790  -0.0002948279  -0.0001416223
        0.0001116298  -0.0001124510   0.0005133175   0.0001470697   0.0004785265
       -0.0008347520  -0.0005153383  -0.0000262926   0.0000207716   0.0000004862
       -0.0000064609  -0.0000179174   0.0000155295   0.0002616256  -0.0000025437
       -0.0003389949   0.0000089527   0.0000117094   0.0000001545  -0.0000151212
       -0.0000253272   0.0000067761  -0.0000384749  -0.0000382391  -0.0000024042
        0.0012940212  -0.0040553214  -0.0179491730   0.0012561865  -0.0007239463
        0.0006528991  -0.0000810130  -0.0001651573  -0.0000125331   0.0000596485
        0.0000783447  -0.0003273787   0.0005203402   0.0007234291  -0.0017069893
       -0.0029108738   0.0005392067  -0.0033001750   0.0457556467  -0.0620719618
       -0.2456683989   0.0066167966   0.0004738462  -0.0146677186   0.0000602798
       -0.0000098855   0.0002802313  -0.0001556082   0.0000937220  -0.0005739061
       -0.0014232217  -0.0005546656   0.0000682980   0.0000870965  -0.0001587566
        0.0000398266   0.0000773177   0.0000645806   0.0001344668  -0.0008201736
        0.0002140865   0.0004941448  -0.0001860702  -0.0001069082   0.0001259345
        0.0000631252   0.0000015932   0.0000867135   0.0001533611  -0.0000120316
        0.0001218806   0.0000310771   0.0007877880   0.0002433134   0.0000213059
        0.0000511688   0.0001260953   0.0000156769   0.0000339612   0.0000023003
       -0.0002658469   0.0001227695  -0.0002982133   0.0003608717   0.0002615366
       -0.0010063658   0.0024454635  -0.0036959387  -0.0032797856  -0.0528828256
        0.0682344254   0.2855758133   0.0000628182   0.0001766625   0.0000389857
       -0.0001088071  -0.0001319068   0.0001526771  -0.0001941278  -0.0001756081
        0.0002033260   0.0004805888  -0.0004365320  -0.0000095043  -0.0004653523
        0.0006055125   0.0005630101   0.0000190289  -0.0000017498   0.0000343999
        0.0000235580  -0.0000406896  -0.0000013556   0.0001131249  -0.0000885277
       -0.0001747012  -0.0000321132   0.0000408967   0.0000359339   0.0000558391
       -0.0000100983   0.0000093925  -0.0000471398  -0.0000638449  -0.0000134441
        0.0005785478   0.0002789992   0.0007365287   0.0000045628  -0.0001284801
        0.0000734724  -0.0000352542  -0.0000578203   0.0000451930   0.0003062220
        0.0005283144   0.0002917254  -0.0011849537   0.0010455506   0.0004402084
        0.0108532774   0.0168639480  -0.0050884823  -0.0002911304  -0.0003077798
        0.0001888567  -0.0001504438  -0.0003791863   0.0000679879  -0.1206202162
       -0.1627198357   0.0582452995  -0.0014099824   0.0019865642   0.0015909794
       -0.0000527664   0.0000661833  -0.0000374702  -0.0000560781   0.0000867270
       -0.0000035405  -0.0000729001  -0.0001009522  -0.0000441676   0.0000008330
        0.0000936193  -0.0000147856  -0.0007031664  -0.0003134166  -0.0017145099
        0.0000252277  -0.0000759799  -0.0000174563   0.0000254990   0.0000360681
       -0.0000421486   0.0000217671  -0.0000060055  -0.0000578437  -0.0000157886
        0.0000623095  -0.0000964159  -0.0000221562   0.0001502085   0.0000055958
        0.0003755388   0.0001964805  -0.0002771902  -0.0005000049   0.0013112303
       -0.0001284541   0.0000226766   0.0001694901  -0.0005669930   0.0000441350
        0.0002047664   0.0000628182   0.1129969900   0.1406668658  -0.0516257583
       -0.0008566883   0.0003119999   0.0001305609  -0.0000484440  -0.0000059318
       -0.0002835731  -0.0000296883  -0.0000237262  -0.0000666771   0.0000628344
        0.0000104571  -0.0000267948   0.0000112934   0.0000294129  -0.0000133803
        0.0000079503   0.0000370133  -0.0000155739   0.0007460802  -0.0000426749
       -0.0017787012   0.0000138832  -0.0000232539  -0.0000476336   0.0000050265
        0.0000235755   0.0000062300  -0.0000526832   0.0000252592   0.0000620938
       -0.0005405143   0.0001521240  -0.0000826208  -0.0001863630  -0.0002705360
        0.0003509688  -0.0000385521  -0.0001422424  -0.0000528046  -0.0006030922
       -0.0010900097  -0.0003388006   0.0023783166  -0.0037832295  -0.0006159236
       -0.0046535784  -0.0299370452   0.0006062722  -0.0001642532  -0.0001898666
       -0.0000026942  -0.0003647831  -0.0002798199   0.0001113155  -0.1391229919
       -0.2918378689   0.0673841163  -0.0005345932   0.0023357223  -0.0005113899
        0.0000355526   0.0000079378  -0.0000388347   0.0002166312   0.0000417469
       -0.0000719521  -0.0000712815   0.0001624667   0.0001721697  -0.0000979650
        0.0001159333   0.0002421352   0.0010895900  -0.0014610468  -0.0027640125
       -0.0000318058  -0.0000916654   0.0000126581  -0.0000411217   0.0001079860
       -0.0000320543   0.0000615214   0.0000127236   0.0000599269  -0.0001310937
        0.0000433530  -0.0001000803   0.0002933315  -0.0001602885  -0.0000667531
        0.0005894038   0.0003697860  -0.0003001438  -0.0001070848  -0.0005973396
       -0.0002244103  -0.0000114260   0.0002571470  -0.0003270316  -0.0000683917
        0.0001893645   0.0001766625   0.1406668658   0.3257505073  -0.0639417829
        0.0003713640   0.0002638281   0.0000049805   0.0003127682  -0.0004127515
       -0.0000397297   0.0000380380  -0.0000125829   0.0000093665   0.0001013198
        0.0000625506  -0.0000168804  -0.0000337419  -0.0000339394  -0.0000531860
       -0.0000275938  -0.0000907872   0.0000315643   0.0007056766   0.0004514698
        0.0004260498  -0.0000061968   0.0000188936   0.0000037062  -0.0000057556
        0.0000116686  -0.0000143897  -0.0000181994   0.0000358102   0.0000035828
       -0.0005795320  -0.0010399955   0.0014671138   0.0000870226   0.0002179902
       -0.0000854976  -0.0000360962   0.0000577846  -0.0000232093  -0.0005027014
       -0.0007962052  -0.0003521443   0.0016309081  -0.0035003588  -0.0008793160
       -0.0063202384  -0.0101336604   0.0002278505   0.0002662374   0.0005057607
       -0.0001651367  -0.0001160016  -0.0005170578   0.0002028983   0.0590404894
        0.0805022119  -0.0318390720   0.0034433074  -0.0035346268  -0.0016072746
       -0.0000243427   0.0001060731  -0.0000295948   0.0001867896  -0.0000110378
        0.0002540637  -0.0000591806  -0.0000441247  -0.0000971581   0.0000318431
       -0.0000659766  -0.0000522178  -0.0036340668   0.0000622345   0.0021757109
       -0.0000401796   0.0000857744  -0.0000908002  -0.0000439340   0.0000539789
        0.0000103037  -0.0000301192  -0.0000536933  -0.0000225146  -0.0000838296
        0.0000911791   0.0000475311   0.0001137871  -0.0002942035  -0.0000290693
       -0.0000664589  -0.0000678481   0.0002114653  -0.0004697608   0.0005887543
        0.0006906449  -0.0005311998   0.0000436092  -0.0005756914  -0.0001032363
       -0.0000027840   0.0000389857  -0.0516257583  -0.0639417829   0.0324147305
       -0.0001075549  -0.0000164702  -0.0000690258  -0.0001261612   0.0002944407
        0.0003832456  -0.0000284460   0.0000160994  -0.0000327712   0.0000502041
        0.0000487098   0.0000062504  -0.0000606651   0.0000106072  -0.0000159805
       -0.0000011528   0.0000574820   0.0000185849  -0.0003208626   0.0012887159
       -0.0021245151   0.0000220352  -0.0000062261   0.0000068240  -0.0000744893
       -0.0000121426  -0.0000238797   0.0001133439   0.0000067885  -0.0000413346
       -0.0157379822  -0.0056577751  -0.0122208411   0.0002925549   0.0008389105
        0.0000835098  -0.0000337728   0.0000224493   0.0000221365   0.0000165417
        0.0000089417  -0.0000080440   0.0000985082   0.0000049270  -0.0000600808
        0.0002960118   0.0004904733  -0.0008296689  -0.0010456984  -0.0032217437
        0.0003408986  -0.0007064777   0.0000188180  -0.0004861097   0.0002261667
        0.0001682312   0.0003708271  -0.1704544982  -0.0063671497  -0.1116367110
       -0.0000843561  -0.0001477798   0.0001629143   0.0005929049   0.0003421467
        0.0000352258  -0.0000761831   0.0003726805  -0.0000884313  -0.0000837219
       -0.0000848123  -0.0000490897  -0.0225902202   0.0097960623  -0.0131803760
       -0.0005398529   0.0004854092   0.0004244797   0.0000267116   0.0000438824
        0.0000068982  -0.0000147273   0.0000542599   0.0000050960   0.0000228773
       -0.0000270017   0.0000331036   0.0000042617   0.0000443941   0.0000066153
        0.0000290377   0.0000549728   0.0000032277   0.0000821464  -0.0002768713
        0.0003485844   0.0003084291   0.0002411896   0.0001608022  -0.0002132220
        0.0000241224  -0.0001088071  -0.0008566883   0.0003713640  -0.0001075549
        0.2073969709  -0.0011830394   0.1309878394   0.0065447220  -0.0001109830
        0.0043937140   0.0000359835   0.0000106671   0.0000282740  -0.0000655587
       -0.0000655879  -0.0000025266  -0.0001206859   0.0000065545  -0.0000858282
       -0.0000534520  -0.0001111796   0.0000834275  -0.0027614337   0.0034848937
        0.0008187610  -0.0000747060  -0.0000340596  -0.0000022616  -0.0002117724
        0.0000828788  -0.0000709756  -0.0002488186   0.0003197543   0.0006209713
       -0.0203034228  -0.0042138687  -0.0154620903  -0.0006645206   0.0004927927
       -0.0000637593   0.0000682864  -0.0000273016   0.0000762452  -0.0000333590
        0.0000277879  -0.0000180915   0.0000261760  -0.0000016371  -0.0000881949
        0.0000950776   0.0010301919  -0.0008077466  -0.0021363552  -0.0040572142
        0.0006840839  -0.0009927065  -0.0001067575  -0.0006677245   0.0000398446
       -0.0003437405   0.0000022543  -0.0087893744  -0.0380271273  -0.0056726724
       -0.0001875742  -0.0002443819   0.0002301747   0.0002483096  -0.0012931637
       -0.0005881028   0.0001880750  -0.0002706805   0.0006857289  -0.0000200948
       -0.0000221505  -0.0000385657   0.0253352608  -0.0070133293   0.0160278111
        0.0004420433  -0.0001398967  -0.0002565161   0.0000142652  -0.0000227010
       -0.0000063581   0.0000699747   0.0001226375   0.0000505634  -0.0000059349
       -0.0000378661   0.0000443910   0.0000481050   0.0000433116  -0.0000029208
        0.0000490127   0.0000230574   0.0000044636  -0.0000347929  -0.0001344397
        0.0003259117   0.0002315807  -0.0000591171   0.0001424399  -0.0002298708
       -0.0000076961  -0.0001319068   0.0003119999   0.0002638281  -0.0000164702
       -0.0011830394   0.0557023056   0.0034930686   0.0027724545   0.0015178967
        0.0032295168   0.0000402951   0.0000003094   0.0000382517  -0.0001060596
       -0.0000802229  -0.0000166706   0.0000860189   0.0000230116   0.0000321219
       -0.0000924604   0.0000042691   0.0000511370   0.0043336917  -0.0032976802
       -0.0009487186  -0.0000716094   0.0000033980   0.0000808909   0.0001310596
       -0.0000027043   0.0000438672   0.0003196437   0.0001488795  -0.0004564126
       -0.0003116636  -0.0015367591   0.0008650122  -0.0003127356  -0.0001731731
        0.0000138791   0.0000160561  -0.0000087481  -0.0000007274  -0.0000119577
        0.0000305287   0.0000058347   0.0000363481   0.0000016884  -0.0000786873
        0.0005813928   0.0003121151   0.0006901999  -0.0000626407  -0.0000203682
        0.0006827231  -0.0000080900   0.0001007559  -0.0001615597  -0.0000913073
       -0.0000368198   0.0000565384  -0.1141234120  -0.0024526584  -0.1458089214
        0.0000000083  -0.0000344691   0.0000556251  -0.0001252158  -0.0006910509
        0.0007706800  -0.0000261362   0.0002464383  -0.0000014346  -0.0001720534
        0.0000661467  -0.0002258604   0.0029483463   0.0020045601   0.0054073581
        0.0001496641  -0.0000670205   0.0002377909   0.0000327261  -0.0000075338
       -0.0000082525   0.0000473543   0.0000814506  -0.0000010662   0.0000141405
       -0.0000127766   0.0000324947   0.0000184404  -0.0000020462  -0.0000259254
        0.0000306623   0.0000171032   0.0000165760  -0.0000017822   0.0000642095
        0.0001026728   0.0002577987  -0.0001508617  -0.0000230893   0.0001444154
        0.0001837790   0.0001526771   0.0001305609   0.0000049805  -0.0000690258
        0.1309878394   0.0034930686   0.1620781660  -0.0220057622  -0.0005724078
       -0.0251302358   0.0000127234   0.0000131290   0.0000087314  -0.0000309588
       -0.0000347590   0.0000103794  -0.0000362617   0.0000269207  -0.0000383312
        0.0000429387   0.0000545645  -0.0001348082   0.0011312530  -0.0011254346
        0.0015834254  -0.0000471179   0.0002566164  -0.0000843076   0.0000382752
        0.0001015717  -0.0000016649   0.0007461509  -0.0001327401  -0.0009768667
       -0.0068696027  -0.0067142777   0.0175319209   0.0003066417   0.0008406577
       -0.0001058389  -0.0000122541   0.0001006887  -0.0000472546   0.0000013400
       -0.0000086523  -0.0000551103  -0.0005205569  -0.0003164757   0.0008287853
       -0.0006366275  -0.0035309019  -0.0005020820   0.0005966301   0.0003799059
        0.0003703327   0.0000390989   0.0000113304   0.0001400100  -0.0000951617
        0.0003886170  -0.0000610492  -0.0652320087  -0.0128923427   0.0604926438
        0.0000597952   0.0000425490  -0.0000378096   0.0003348226  -0.0001258030
       -0.0002179801  -0.0001309187   0.0000437705  -0.0000190930   0.0003170054
       -0.0000551957  -0.0000861577  -0.0140163511   0.0136061000   0.0235595544
       -0.0003707988   0.0005988084  -0.0002546801  -0.0000016287   0.0000324269
       -0.0000075711  -0.0000426091  -0.0000419190  -0.0000008746  -0.0000123153
        0.0000137416   0.0000026631  -0.0000108579  -0.0000145789   0.0000077230
       -0.0002020595  -0.0002007669  -0.0000264687  -0.0000876187  -0.0001041012
        0.0002455659  -0.0002808192   0.0001733815   0.0001346264  -0.0000079744
       -0.0002948279  -0.0001941278  -0.0000484440   0.0003127682  -0.0001261612
        0.0065447220   0.0027724545  -0.0220057622   0.0812897904   0.0047974660
       -0.0814331389  -0.0000271542   0.0000025857  -0.0000191806   0.0000328369
        0.0000258247  -0.0000048681   0.0000092650   0.0000071538   0.0000035101
       -0.0000511814  -0.0000205578   0.0000924375   0.0000784808  -0.0001391409
        0.0016597700   0.0000020596  -0.0000868930   0.0001074602   0.0000007962
       -0.0001547989   0.0000469545  -0.0009563424   0.0005510030  -0.0000187493
       -0.0099809302  -0.0068049883   0.0237693265  -0.0009030510   0.0003784399
        0.0012142182   0.0001074513   0.0001236278  -0.0001168195  -0.0000310553
        0.0001080099  -0.0000257516  -0.0008585016  -0.0004535480   0.0011343555
       -0.0022810000  -0.0042975718  -0.0003101145   0.0007244693   0.0008300855
        0.0003681981   0.0001114957  -0.0001341252   0.0002407612   0.0003054604
        0.0001761498  -0.0004259613  -0.0115618635  -0.0414237403   0.0283757409
        0.0000391561   0.0000332111  -0.0000441165  -0.0000180591  -0.0001897235
        0.0003589643  -0.0000100146  -0.0000638999   0.0000044695   0.0000262972
       -0.0009525021  -0.0006522332   0.0187520232  -0.0093810169  -0.0294774596
        0.0001600862  -0.0002050112  -0.0000067254   0.0000184135   0.0000127746
        0.0000003000  -0.0000222126   0.0000211250  -0.0000071092  -0.0000053082
        0.0000388552  -0.0000376578   0.0000394764   0.0000028755  -0.0000553283
       -0.0002606910  -0.0003403339  -0.0000622045  -0.0000711811   0.0000055324
        0.0000501042  -0.0000419532  -0.0000678910  -0.0000705218  -0.0001063998
       -0.0001416223  -0.0001756081  -0.0000059318  -0.0004127515   0.0002944407
       -0.0001109830   0.0015178967  -0.0005724078   0.0047974660   0.0604963578
       -0.0229243410  -0.0000258007   0.0000049261  -0.0000300403   0.0000252500
        0.0000219913  -0.0000060963  -0.0000260290   0.0000426012  -0.0000723556
       -0.0000053704   0.0000578136  -0.0001196893   0.0003787656   0.0008027694
       -0.0004521774   0.0000598331  -0.0001032602  -0.0000842904  -0.0000987203
        0.0001047069  -0.0000938866   0.0008794121   0.0001922362   0.0000120170
        0.0037297514   0.0044247036  -0.0070289688  -0.0001215501  -0.0006786176
        0.0003741952  -0.0000641207  -0.0000752222   0.0000304440  -0.0000218205
       -0.0000397409   0.0000488399   0.0003985980   0.0001490747  -0.0004331335
        0.0007132459   0.0014862835   0.0008575744  -0.0005182424  -0.0006759678
        0.0005727865  -0.0001218501  -0.0000000001  -0.0001888429  -0.0000431628
       -0.0000360506   0.0000235148   0.0619863236   0.0276875566  -0.2285894873
       -0.0000644200  -0.0000415312   0.0000534413   0.0000365358   0.0004529504
       -0.0007234359  -0.0000217409   0.0000955984   0.0000635582  -0.0000553028
        0.0002487475   0.0004748944   0.0128706972  -0.0125671776  -0.0108249082
        0.0001771009  -0.0000906674   0.0000584226  -0.0000327633   0.0000062401
       -0.0000004365   0.0000047767  -0.0000395040   0.0000291112  -0.0000004046
       -0.0000292471   0.0000013838  -0.0000023291   0.0000426417   0.0000283961
        0.0000915137   0.0001016946   0.0000680495  -0.0000414671  -0.0001732042
        0.0001118760   0.0001206442   0.0000068692  -0.0001280248   0.0000900722
        0.0001116298   0.0002033260  -0.0002835731  -0.0000397297   0.0003832456
        0.0043937140   0.0032295168  -0.0251302358  -0.0814331389  -0.0229243410
        0.2667412058   0.0000395300  -0.0000123328   0.0000371922  -0.0000067296
       -0.0000059570  -0.0000039194   0.0000202726  -0.0000381418   0.0000301027
       -0.0000279038  -0.0000873311   0.0001202224  -0.0011773327  -0.0001642231
        0.0020891750   0.0000098374  -0.0001434082   0.0000604026   0.0000916027
       -0.0001194517   0.0000408012  -0.0007363635  -0.0000616598   0.0005492318
        0.0001903319   0.0000373754   0.0000555583   0.0000252308  -0.0000161252
       -0.0000302874  -0.0000430176   0.0000554026  -0.0000200962   0.0005696461
       -0.0003328126   0.0007675598  -0.0002610305  -0.0065823674  -0.0030376359
       -0.0009802593   0.0004728139  -0.0015976447   0.0000440670   0.0026975612
        0.0007854413  -0.0136856965   0.0076728829  -0.0267362838   0.0000690927
        0.0000612117   0.0001435596   0.0000546971   0.0000654016  -0.0000280087
       -0.0748833082   0.0226483875  -0.0859922095   0.0000584505   0.0000144084
       -0.0000277634  -0.0000126257   0.0000308383   0.0000380738  -0.0000442712
        0.0000009137   0.0000260391  -0.0000081653  -0.0000477624   0.0000775604
       -0.0000215047  -0.0000083006   0.0000216607   0.0000034404  -0.0000146154
        0.0000175481  -0.0000560004   0.0000494971  -0.0000336523   0.0001276971
       -0.0001605558   0.0000513828  -0.0000190789   0.0000564099   0.0000344744
       -0.0001957430   0.0001192400  -0.0004812896  -0.0003905994  -0.0004357228
       -0.0000987965   0.0001672452   0.0001742212  -0.0004539653  -0.0006502453
       -0.0001124510   0.0004805888  -0.0000296883   0.0000380380  -0.0000284460
        0.0000359835   0.0000402951   0.0000127234  -0.0000271542  -0.0000258007
        0.0000395300   0.0847445016  -0.0209893507   0.1035805332   0.0052219334
       -0.0054442612   0.0124615702  -0.0000069149  -0.0000107999   0.0000059179
        0.0000094465  -0.0000234773   0.0000257380  -0.0000178850  -0.0000333752
       -0.0000488059  -0.0000020779   0.0000086541   0.0000005257   0.0000143012
        0.0000013150  -0.0000043147  -0.0000007986  -0.0000070894  -0.0000067858
       -0.0000296332  -0.0000237523  -0.0000999287   0.0000371059   0.0000272941
        0.0000045850   0.0001151629  -0.0000535057  -0.0000542641  -0.0012054474
        0.0005176297  -0.0017474632  -0.0054390874   0.0070218825   0.0034364882
        0.0004413328  -0.0002023290   0.0007384904   0.0019503648  -0.0024522096
       -0.0022247680  -0.0032889159   0.0024113088  -0.0091623982   0.0000321348
        0.0000475174  -0.0000370697  -0.0000333551  -0.0000038955   0.0000015112
        0.0230863918  -0.0588489725   0.0727449713  -0.0000046671  -0.0000204320
        0.0000051971  -0.0000080530  -0.0000223410  -0.0000067869   0.0000169591
       -0.0000018948  -0.0000003635   0.0000234707   0.0000059998  -0.0000091328
        0.0000004160   0.0000080921  -0.0000001470   0.0000157175  -0.0000157702
       -0.0000174218   0.0000453940  -0.0000247807  -0.0000209347  -0.0003890547
        0.0005135982  -0.0000773251  -0.0000952401  -0.0000586940  -0.0000186049
        0.0001824809  -0.0003063171   0.0005212818   0.0001408187   0.0001388572
       -0.0000293062  -0.0002870343  -0.0007427429   0.0002668346   0.0002727705
        0.0005133175  -0.0004365320  -0.0000237262  -0.0000125829   0.0000160994
        0.0000106671   0.0000003094   0.0000131290   0.0000025857   0.0000049261
       -0.0000123328  -0.0209893507   0.0569661525  -0.0822240826   0.0054202134
       -0.0054044808   0.0184411766   0.0000047078   0.0000037420   0.0000055105
        0.0000069806   0.0000066052   0.0000078009  -0.0000167638   0.0000069730
       -0.0000200572   0.0000035220  -0.0000023601  -0.0000069239   0.0000032889
        0.0000007369   0.0000025411  -0.0000021568   0.0000021185   0.0000002261
        0.0002176477   0.0000504032  -0.0002042959   0.0000108813  -0.0000279245
       -0.0000218914   0.0000358974  -0.0001036519  -0.0001172601  -0.0007837391
        0.0002842750  -0.0011364001  -0.0038652803   0.0025853787   0.0033327906
       -0.0002243481   0.0002736544   0.0000584978   0.0023972324  -0.0013323278
       -0.0000624267  -0.0083103412   0.0024897277  -0.0142756540   0.0001299944
       -0.0001072363   0.0000338688   0.0000475629   0.0000879928   0.0000455618
       -0.0871547314   0.0718736009  -0.2449843151   0.0000852085   0.0000118607
        0.0000020824  -0.0000032454  -0.0000094479   0.0000297399  -0.0000359048
       -0.0000233851   0.0000621291  -0.0000052889  -0.0001008126   0.0000137222
       -0.0000146062  -0.0000048033   0.0000251381   0.0000254257   0.0000060085
        0.0000394375  -0.0000643812   0.0000535152  -0.0000084701  -0.0002106081
        0.0003491652  -0.0000055567   0.0001020225  -0.0001917779  -0.0000689141
        0.0002268051  -0.0000768777   0.0008005198   0.0000073126  -0.0000572769
        0.0000145006  -0.0003067134  -0.0006643728   0.0001583380  -0.0000543800
        0.0001470697  -0.0000095043  -0.0000666771   0.0000093665  -0.0000327712
        0.0000282740   0.0000382517   0.0000087314  -0.0000191806  -0.0000300403
        0.0000371922   0.1035805332  -0.0822240826   0.2715403182  -0.0057639774
        0.0066924116  -0.0153016604  -0.0000204771  -0.0000023990  -0.0000003868
        0.0000192858   0.0000007303   0.0000246134  -0.0000095732   0.0000078089
        0.0000039864  -0.0000012292   0.0000088493   0.0000044479  -0.0000012550
        0.0000007023  -0.0000066319   0.0000018543  -0.0000143560   0.0000005227
       -0.0005570096  -0.0008254133   0.0002808065   0.0000355201  -0.0000379112
       -0.0000521282  -0.0000023489   0.0000402771  -0.0000556672  -0.0002954179
       -0.0000775278  -0.0004534887  -0.0002220551   0.0019742091   0.0023079158
        0.0001996463  -0.0001273330   0.0004100151  -0.0002409467  -0.0049256028
       -0.0046443670  -0.0190236653  -0.0203384147   0.0147142913  -0.0000519057
        0.0000183222  -0.0000553179  -0.0002364199   0.0000979272  -0.0002532417
       -0.1136452049  -0.0963318676   0.0712309032   0.0000629284   0.0000316862
        0.0000398585  -0.0000306452   0.0000179889   0.0000146829   0.0000850637
        0.0000049569  -0.0000098633  -0.0000812603  -0.0000023144  -0.0000253271
       -0.0000204372   0.0000109116  -0.0000259702   0.0000154329  -0.0000046958
       -0.0000266213  -0.0000104808  -0.0001314106   0.0000475994  -0.0000039758
        0.0001626607   0.0000374808  -0.0001832963   0.0003362946   0.0000022297
       -0.0000045846  -0.0002268892  -0.0003172309   0.0000693660   0.0000852102
       -0.0000106396  -0.0006147254  -0.0009324973   0.0005545566   0.0004572346
        0.0004785265  -0.0004653523   0.0000628344   0.0001013198   0.0000502041
       -0.0000655587  -0.0001060596  -0.0000309588   0.0000328369   0.0000252500
       -0.0000067296   0.0052219334   0.0054202134  -0.0057639774   0.1289518138
        0.1151431491  -0.0774867266   0.0000061790  -0.0000098418  -0.0000082679
       -0.0000118649  -0.0000094702   0.0000002674   0.0000622853   0.0001314909
        0.0000220126   0.0000144321  -0.0000019985   0.0000014048  -0.0000026380
       -0.0000011067  -0.0000147691   0.0000269343   0.0000099602  -0.0000075837
       -0.0005240788  -0.0006672116   0.0006931093  -0.0000764527   0.0000301085
       -0.0000402385  -0.0000032678   0.0000270993   0.0000385692   0.0005389657
       -0.0001684480   0.0007166037   0.0029158645  -0.0026894773  -0.0012462722
        0.0000427574   0.0002149008  -0.0000387566  -0.0060626402   0.0067748893
        0.0024112340  -0.0100560006  -0.0108585383   0.0056981053   0.0001099810
       -0.0000857947  -0.0000680965  -0.0001529193   0.0002156167  -0.0001825991
       -0.0968171486  -0.1496604688   0.0974810130   0.0000574655   0.0000260227
        0.0000347452  -0.0000212706   0.0000110004   0.0000052775   0.0000421776
       -0.0000071019  -0.0000211804   0.0001043209  -0.0001507676  -0.0000183102
       -0.0000124732   0.0000096302  -0.0000218057   0.0000147108   0.0000136236
       -0.0000002806  -0.0001097770  -0.0000512577   0.0000576607   0.0001553510
       -0.0002445069   0.0000014362   0.0000405663   0.0002084139  -0.0000060886
       -0.0001431578   0.0001772116  -0.0008600694  -0.0000205224  -0.0000251884
       -0.0000055640   0.0008735641   0.0014406501  -0.0006524976  -0.0005171432
       -0.0008347520   0.0006055125   0.0000104571   0.0000625506   0.0000487098
       -0.0000655879  -0.0000802229  -0.0000347590   0.0000258247   0.0000219913
       -0.0000059570  -0.0054442612  -0.0054044808   0.0066924116   0.1151431491
        0.1616514734  -0.1112276785  -0.0000081007  -0.0000042074  -0.0000142323
       -0.0000124674  -0.0000038074  -0.0000049772  -0.0000482145   0.0000495741
       -0.0000193105   0.0000134283  -0.0000040192   0.0000007261  -0.0000134956
       -0.0000021609  -0.0000135551   0.0000203952   0.0000076553  -0.0000028851
       -0.0002900048  -0.0001973042   0.0002630140  -0.0000015905   0.0000250279
       -0.0000116588   0.0000368880   0.0000227849   0.0000525275   0.0002736941
       -0.0001822947   0.0004484116   0.0004738061  -0.0024574637  -0.0000811093
       -0.0000523380   0.0000706137  -0.0002643634  -0.0038508310   0.0028770235
        0.0027004838  -0.0035503816  -0.0055238171   0.0045648311   0.0000431377
        0.0000501397   0.0000185895  -0.0001191928  -0.0000172968  -0.0000438861
        0.0724745568   0.0984734263  -0.1171836654  -0.0000278582  -0.0000158612
       -0.0000154003  -0.0000033096  -0.0000038796   0.0000036726  -0.0000229316
        0.0000020323  -0.0000204780   0.0000610285   0.0000031799   0.0000259148
        0.0000012565   0.0000040838   0.0000056893   0.0000109393  -0.0000128346
       -0.0000248520  -0.0000015346   0.0000605684  -0.0000873396   0.0000827716
       -0.0001359484  -0.0000193565   0.0000109943   0.0000059432   0.0001253454
       -0.0000562930  -0.0000944457  -0.0002406764  -0.0000483815  -0.0000743467
        0.0000286404   0.0003896538   0.0005111398  -0.0005024251  -0.0007459139
       -0.0005153383   0.0005630101  -0.0000267948  -0.0000168804   0.0000062504
       -0.0000025266  -0.0000166706   0.0000103794  -0.0000048681  -0.0000060963
       -0.0000039194   0.0124615702   0.0184411766  -0.0153016604  -0.0774867266
       -0.1112276785   0.1250220644   0.0000103032   0.0000043775   0.0000028024
       -0.0000011631  -0.0000025313  -0.0000001735  -0.0000439453  -0.0000525511
       -0.0000334872   0.0000010201  -0.0000011981  -0.0000079755   0.0000081981
        0.0000005535   0.0000054920  -0.0000032327   0.0000023664  -0.0000046916
        0.0002230599  -0.0001867106   0.0001841182   0.0021185167  -0.0011991535
       -0.0013843980  -0.0001072023   0.0000273966   0.0000410051  -0.0001562375
       -0.0001938075   0.0001386289   0.0001144814   0.0000495169  -0.0000783855
        0.0001835495  -0.0000537554   0.0000505314   0.0000025295   0.0000044140
        0.0000410100   0.0001328757   0.0000483482   0.0000392310  -0.0002359324
        0.0002079210   0.0000881456  -0.0000818327  -0.0001505031  -0.0000139942
       -0.0000112240   0.0000193757  -0.0000092265  -0.0108074861   0.0007151123
       -0.0075454046  -0.2667204204  -0.0129140130  -0.0909437735  -0.0005577806
        0.0000444888  -0.0005662404   0.0000703306   0.0001398453   0.0000044596
        0.0011894644   0.0003791701   0.0025230856  -0.0000869336   0.0000829180
        0.0000868522  -0.0000062556  -0.0000746268   0.0000384793  -0.0000618798
        0.0002053163  -0.0002680804  -0.0001085845   0.0000286199  -0.0001233078
        0.0000303576  -0.0000031252   0.0000019315  -0.0002693106  -0.0001762712
       -0.0002718414  -0.0000112426   0.0000204596   0.0000131715   0.0000297375
       -0.0000262926   0.0000190289   0.0000112934  -0.0000337419  -0.0000606651
       -0.0001206859   0.0000860189  -0.0000362617   0.0000092650  -0.0000260290
        0.0000202726  -0.0000069149   0.0000047078  -0.0000204771   0.0000061790
       -0.0000081007   0.0000103032   0.2970625271   0.0154595815   0.1042125738
       -0.0221756232  -0.0022002763  -0.0070721271   0.0000209048  -0.0000754744
        0.0000324344  -0.0002834504  -0.0000383798   0.0003499272   0.0006544312
       -0.0000229452   0.0003841724  -0.0000505060  -0.0001400046   0.0001148208
       -0.0015691271  -0.0000256312  -0.0012026783  -0.0024219900   0.0092120835
        0.0047466731   0.0010758095   0.0004842413   0.0006712061  -0.0001018228
       -0.0000506198  -0.0000751307   0.0000326581   0.0000273745   0.0000005097
        0.0004098712  -0.0001080158   0.0002811571  -0.0003512897   0.0003363934
        0.0000403175   0.0000075179   0.0000454147  -0.0000307089  -0.0001902853
        0.0000788215  -0.0000672600   0.0000223128  -0.0000976053   0.0000350315
        0.0000018857  -0.0000139967  -0.0000093390   0.0083290811  -0.0007502407
        0.0042342187  -0.0130966604  -0.0326499085  -0.0004650181   0.0008717474
        0.0000917084   0.0007492458  -0.0000017003  -0.0000225952  -0.0000473770
        0.0017424702  -0.0045171111  -0.0013710793   0.0001280806  -0.0001345918
        0.0000525685   0.0002376607   0.0003858485  -0.0000035092   0.0001323776
        0.0001098330  -0.0000209005   0.0000002075  -0.0000054772  -0.0000516468
        0.0000137694  -0.0000125157  -0.0000119220  -0.0003081275  -0.0000018762
       -0.0001559061  -0.0001373591   0.0000001724  -0.0000609974  -0.0000166621
        0.0000207716  -0.0000017498   0.0000294129  -0.0000339394   0.0000106072
        0.0000065545   0.0000230116   0.0000269207   0.0000071538   0.0000426012
       -0.0000381418  -0.0000107999   0.0000037420  -0.0000023990  -0.0000098418
       -0.0000042074   0.0000043775   0.0154595815   0.0263420223  -0.0051122573
       -0.0100694363   0.0014801019  -0.0024283206   0.0000081822   0.0000027071
        0.0000194715   0.0005712313   0.0002059051  -0.0007790409  -0.0003202304
       -0.0001109279   0.0004143121  -0.0004822331  -0.0003534940   0.0006487660
       -0.0006306346  -0.0000966918  -0.0006963775  -0.0004931752   0.0049909675
       -0.0027397472   0.0004312168   0.0002227799   0.0003038578   0.0001548316
        0.0001877005  -0.0000392943   0.0000232262   0.0000093923  -0.0000028884
        0.0001697260  -0.0001061798  -0.0001052638  -0.0002668629   0.0002620016
        0.0001678620   0.0000906913   0.0000404167   0.0000123175   0.0001185208
       -0.0000456599   0.0000669572  -0.0000931524  -0.0001118809   0.0000327478
        0.0000023729  -0.0000123423   0.0000269719  -0.0284600106  -0.0003971002
       -0.0151303858  -0.0889123199   0.0000598756  -0.0777271770  -0.0009709746
        0.0000343363  -0.0008269352   0.0000246760   0.0000402152  -0.0000082337
       -0.0014181827  -0.0022272252   0.0002006171   0.0000966455  -0.0000564151
       -0.0000456373   0.0001188981   0.0000741453   0.0000485601  -0.0000957505
       -0.0001069193   0.0000682837   0.0000934832  -0.0000192375   0.0000837119
       -0.0000178928  -0.0000021530   0.0000133852  -0.0001991312   0.0002078651
        0.0000413724  -0.0001020574   0.0000301917  -0.0000326516   0.0000508198
        0.0000004862   0.0000343999  -0.0000133803  -0.0000531860  -0.0000159805
       -0.0000858282   0.0000321219  -0.0000383312   0.0000035101  -0.0000723556
        0.0000301027   0.0000059179   0.0000055105  -0.0000003868  -0.0000082679
       -0.0000142323   0.0000028024   0.1042125738  -0.0051122573   0.0913456535
        0.0151029408   0.0017951951   0.0055902271   0.0000279791  -0.0000432512
        0.0000277742   0.0001772492   0.0001228471  -0.0001888151   0.0010031973
        0.0006313613  -0.0008683034  -0.0001408553  -0.0002703222   0.0003688044
        0.0000985082  -0.0000290791  -0.0000163446   0.0004236054   0.0009630868
       -0.0000631255   0.0002869020   0.0000044852  -0.0000565709  -0.0016013408
       -0.0000239151  -0.0012755432  -0.0000038178   0.0000084165   0.0000285846
       -0.0008893414   0.0004868934  -0.0001006696  -0.0001213745   0.0000681243
       -0.0000164023  -0.0000788668   0.0000410206  -0.0002107179  -0.0000929854
        0.0000625545   0.0000101471  -0.0000134447   0.0000539204   0.0000340480
        0.0000170243  -0.0000249659   0.0000515736   0.0021168045   0.0007843766
        0.0001247205  -0.1799845307  -0.0713871311   0.1159430543  -0.0001520904
       -0.0000307202  -0.0000933027   0.0000057946  -0.0000202013  -0.0000198369
        0.0015034498  -0.0019915825  -0.0011362358   0.0000749109   0.0000789332
        0.0001758378  -0.0000980425   0.0000070119   0.0000412504  -0.0014553456
       -0.0015428421  -0.0001645298  -0.0000071790  -0.0001613237   0.0001646809
       -0.0001089261  -0.0000065304   0.0000707585  -0.0015022293   0.0018739769
       -0.0001510367  -0.0000254215  -0.0000136162  -0.0000072050   0.0000051268
       -0.0000064609   0.0000235580   0.0000079503  -0.0000275938  -0.0000011528
       -0.0000534520  -0.0000924604   0.0000429387  -0.0000511814  -0.0000053704
       -0.0000279038   0.0000094465   0.0000069806   0.0000192858  -0.0000118649
       -0.0000124674  -0.0000011631  -0.0221756232  -0.0100694363   0.0151029408
        0.2030301761   0.0808537324  -0.1285095760  -0.0000165973   0.0000085354
       -0.0000044926   0.0005308845   0.0000623193  -0.0003844555   0.0004511112
        0.0001453497  -0.0000598535  -0.0001180399  -0.0000640209   0.0004667393
        0.0005202377  -0.0000047697   0.0004834490   0.0008756354  -0.0035215951
       -0.0015138416  -0.0004906652  -0.0000852284  -0.0001574917  -0.0009049153
        0.0000383965  -0.0007977610   0.0001188099   0.0000147029   0.0000477302
        0.0007960683  -0.0002508614   0.0003871124   0.0001566647  -0.0001886440
       -0.0000487900   0.0000380663  -0.0000759290  -0.0000316367  -0.0003645084
        0.0002463559  -0.0001358857   0.0000905114  -0.0000320970   0.0000487288
       -0.0000133189  -0.0000064143  -0.0000319947  -0.0074511312  -0.0053282973
        0.0060609823  -0.0711507015  -0.0662195945   0.0624607037  -0.0002107446
       -0.0000415192  -0.0002002159   0.0000528293   0.0000391203  -0.0000679061
       -0.0012548198   0.0108984185   0.0048031795   0.0000400853   0.0000671466
       -0.0000303352  -0.0001418200  -0.0001861247   0.0000333023  -0.0011892983
        0.0000105838  -0.0000671283  -0.0001162089  -0.0001451514   0.0000398498
       -0.0000066856  -0.0000088542  -0.0000051804   0.0022707997  -0.0013579350
       -0.0001776454   0.0000484743  -0.0000226286   0.0000413650  -0.0000422764
       -0.0000179174  -0.0000406896   0.0000370133  -0.0000907872   0.0000574820
       -0.0001111796   0.0000042691   0.0000545645  -0.0000205578   0.0000578136
       -0.0000873311  -0.0000234773   0.0000066052   0.0000007303  -0.0000094702
       -0.0000038074  -0.0000025313  -0.0022002763   0.0014801019   0.0017951951
        0.0808537324   0.0645593473  -0.0736811823  -0.0000135016  -0.0000068915
        0.0000158673  -0.0018511260  -0.0008091607   0.0021485914   0.0003684904
        0.0000665021  -0.0000429041   0.0012992649   0.0009148443  -0.0013583822
        0.0001776460   0.0002230285  -0.0000884631   0.0009279294  -0.0014911755
        0.0005823584  -0.0004334167  -0.0001266162  -0.0004522740  -0.0001209748
        0.0000477129  -0.0001335726  -0.0002157983  -0.0000641600   0.0001678780
       -0.0001529378   0.0002279621  -0.0002232549   0.0000805836  -0.0000864262
        0.0000175180  -0.0000546685  -0.0000097328  -0.0000628989   0.0004272063
       -0.0003813880  -0.0000003858  -0.0000265597   0.0000584119   0.0000166024
        0.0000261062  -0.0000246248   0.0000341307   0.0224553593   0.0107849504
       -0.0208866536   0.1136712285   0.0614430455  -0.1385974722   0.0002140520
       -0.0000518188   0.0002846696  -0.0000986525  -0.0001075979   0.0000779613
       -0.0020658186   0.0055638552  -0.0030118086   0.0001337512  -0.0001767381
       -0.0003395113   0.0001592881  -0.0000653081   0.0000584582  -0.0008493000
       -0.0007074060   0.0011023566   0.0001393322  -0.0000117016   0.0001689510
        0.0000615989  -0.0000076481   0.0000051293  -0.0001219557   0.0003992538
        0.0010877611   0.0000647570  -0.0000048823   0.0000168004   0.0000335592
        0.0000155295  -0.0000013556  -0.0000155739   0.0000315643   0.0000185849
        0.0000834275   0.0000511370  -0.0001348082   0.0000924375  -0.0001196893
        0.0001202224   0.0000257380   0.0000078009   0.0000246134   0.0000002674
       -0.0000049772  -0.0000001735  -0.0070721271  -0.0024283206   0.0055902271
       -0.1285095760  -0.0736811823   0.1558594502   0.0000437364   0.0000256731
       -0.0000140029  -0.0000419053   0.0000787333   0.0001082905  -0.0004345952
       -0.0000887170   0.0000675952   0.0013958554   0.0006814526  -0.0014629235
        0.0006683980   0.0000308593  -0.0000003741  -0.0002150390  -0.0002005212
       -0.0000556692   0.0000337577  -0.0000689838   0.0000340229  -0.0000330142
        0.0000164780  -0.0000076367  -0.0000557938   0.0000244866   0.0000928631
       -0.0000707497  -0.0002689174  -0.0001199895   0.0007035693  -0.0015979547
       -0.0000085015   0.0001560419   0.0001994834   0.0003104606  -0.0004345501
       -0.0004380873   0.0002590881  -0.0203280010   0.0074006376  -0.0096009953
       -0.0001550839   0.0000453830  -0.0000367912   0.0000055575  -0.0000679143
       -0.0000697475   0.0000027175   0.0000526258   0.0000414650  -0.0000228831
        0.0000962445   0.0000247517  -0.2236150754   0.0355339907  -0.1971856895
        0.0000013383   0.0000204424   0.0000647418  -0.0000056775  -0.0000360351
       -0.0000000192   0.0000302633  -0.0000100693  -0.0000099026  -0.0000032658
       -0.0000192420   0.0000127544   0.0000082674  -0.0000137581   0.0000179951
       -0.0000189434  -0.0000465721   0.0000339091  -0.0000148608  -0.0000774827
        0.0001163203  -0.0000325789   0.0005425945  -0.0003718285   0.0000739804
        0.0002616256   0.0001131249   0.0007460802   0.0007056766  -0.0003208626
       -0.0027614337   0.0043336917   0.0011312530   0.0000784808   0.0003787656
       -0.0011773327  -0.0000178850  -0.0000167638  -0.0000095732   0.0000622853
       -0.0000482145  -0.0000439453   0.0000209048   0.0000081822   0.0000279791
       -0.0000165973  -0.0000135016   0.0000437364   0.2452449538  -0.0468276525
        0.2067505906  -0.0000216819   0.0000371046  -0.0000027112   0.0000590639
        0.0000029373   0.0000281009  -0.0000725453   0.0000604611  -0.0000815872
        0.0006073473   0.0004472017   0.0007587352   0.0000108354   0.0000621974
       -0.0001228344  -0.0000350425  -0.0000197205  -0.0000633115   0.0000266432
       -0.0000485655   0.0000523898   0.0000035039  -0.0000155364   0.0001136144
        0.0002952252  -0.0004035047   0.0004964541   0.0012823018  -0.0001045290
       -0.0002951579  -0.0004790567  -0.0001825123   0.0003389006  -0.0001117184
        0.0000786009  -0.0005832223   0.0226689704  -0.0055040763   0.0202275127
        0.0000386123   0.0001180022  -0.0000852511   0.0002496290   0.0000628562
        0.0000780764  -0.0000639600   0.0000148676  -0.0000460414   0.0000757272
        0.0000002828   0.0000634668   0.0213839027  -0.0297755060  -0.0040472678
       -0.0000492645  -0.0000801866  -0.0000643089  -0.0000605494   0.0000967899
       -0.0000095412   0.0000174206  -0.0000550531  -0.0000172905  -0.0000364091
        0.0000079221  -0.0000340304   0.0000277638   0.0000457893   0.0000108126
        0.0000532328   0.0000398308  -0.0000706450  -0.0000254609  -0.0000202684
       -0.0001092033  -0.0022682514  -0.0005298996  -0.0008492147  -0.0000848796
       -0.0000025437  -0.0000885277  -0.0000426749   0.0004514698   0.0012887159
        0.0034848937  -0.0032976802  -0.0011254346  -0.0001391409   0.0008027694
       -0.0001642231  -0.0000333752   0.0000069730   0.0000078089   0.0001314909
        0.0000495741  -0.0000525511  -0.0000754744   0.0000027071  -0.0000432512
        0.0000085354  -0.0000068915   0.0000256731  -0.0468276525   0.0377248999
       -0.0156226588   0.0000078935  -0.0000022330   0.0000110340  -0.0000797076
        0.0000154257  -0.0000303094   0.0000386889   0.0000205469   0.0000510818
       -0.0004912406  -0.0001646632  -0.0000503611  -0.0001038423  -0.0000123068
        0.0000117269   0.0000340557  -0.0000189803   0.0000089075  -0.0000286205
        0.0000040648  -0.0000436631  -0.0000520995  -0.0000504280  -0.0000903205
       -0.0006516711   0.0005347231  -0.0002754992   0.0003893623  -0.0005014340
       -0.0005115771   0.0001973660   0.0003103671   0.0001613230   0.0010264873
       -0.0003502813   0.0006826001   0.0056369777   0.0034916722   0.0067191453
       -0.0000396012  -0.0000545863  -0.0000586199  -0.0000979713  -0.0001118605
        0.0000228257   0.0000227262  -0.0000013087  -0.0000385459   0.0000536686
       -0.0000362530  -0.0000638674  -0.2137903474   0.0134184641  -0.2193634320
        0.0000844538  -0.0000233665  -0.0000369198   0.0000257582  -0.0000349861
       -0.0000065114   0.0000107545   0.0000054174   0.0000128139   0.0000136742
       -0.0000237688   0.0000111769   0.0000208246  -0.0000375978  -0.0000036076
        0.0000302365   0.0000256811  -0.0000122024   0.0001759764  -0.0001332744
        0.0001350489  -0.0000679682   0.0006325543   0.0012158542   0.0000966670
       -0.0003389949  -0.0001747012  -0.0017787012   0.0004260498  -0.0021245151
        0.0008187610  -0.0009487186   0.0015834254   0.0016597700  -0.0004521774
        0.0020891750  -0.0000488059  -0.0000200572   0.0000039864   0.0000220126
       -0.0000193105  -0.0000334872   0.0000324344   0.0000194715   0.0000277742
       -0.0000044926   0.0000158673  -0.0000140029   0.2067505906  -0.0156226588
        0.2102346554  -0.0000005349   0.0000139306   0.0000054292   0.0000243313
        0.0000143804   0.0000055743   0.0000290075   0.0000443692  -0.0000296085
        0.0002268366   0.0000115168  -0.0000136506   0.0001877918  -0.0003025861
        0.0009824853   0.0000182813   0.0001040709  -0.0001091972   0.0000178333
       -0.0000221647  -0.0000122327  -0.0000092826  -0.0000067429  -0.0000280163
       -0.0000611002   0.0000299438   0.0000626563   0.0000010408  -0.0000066741
       -0.0000114677  -0.0000279609  -0.0000180250   0.0000303291   0.0000380991
       -0.0000601984  -0.0001123128  -0.0000897589   0.0001653302   0.0001000875
        0.0000078427  -0.0000066374  -0.0000207397  -0.0051344805   0.0132379388
        0.0203261254  -0.0020131185  -0.0001322068   0.0009211318  -0.0011036891
        0.0003731441  -0.0003911877   0.0000673200  -0.0001282604  -0.0000737517
       -0.0459274193   0.0202780537   0.0202975447   0.0000077495  -0.0001567221
        0.0001693074  -0.0000835613  -0.0000274347  -0.0000426316   0.0000451207
        0.0000423629  -0.0000626219   0.0000121827   0.0000074297  -0.0000401810
        0.0000375103  -0.0000070200  -0.0000162910   0.0000541667  -0.0000185209
       -0.0000728105   0.0000478079  -0.0000242154   0.0000073415  -0.0000293765
        0.0000089527  -0.0000321132   0.0000138832  -0.0000061968   0.0000220352
       -0.0000747060  -0.0000716094  -0.0000471179   0.0000020596   0.0000598331
        0.0000098374  -0.0000020779   0.0000035220  -0.0000012292   0.0000144321
        0.0000134283   0.0000010201  -0.0002834504   0.0005712313   0.0001772492
        0.0005308845  -0.0018511260  -0.0000419053  -0.0000216819   0.0000078935
       -0.0000005349   0.0520514431  -0.0209070516  -0.0255033737   0.0013132443
       -0.0179818524  -0.0215180835   0.0001661338   0.0068205930   0.0050442991
        0.0000417711  -0.0000351972   0.0000647717  -0.0002603965   0.0001563874
        0.0000507324  -0.0000356529   0.0000459473   0.0000700290  -0.0000116289
       -0.0000543367   0.0000495843   0.0000283979  -0.0000090172  -0.0000051314
       -0.0000842682   0.0000341579   0.0000082127   0.0000173745   0.0000255112
       -0.0000142501  -0.0000075208   0.0000133514  -0.0000212673   0.0000000881
       -0.0000109708   0.0000343448   0.0001808998  -0.0000400444  -0.0002398164
       -0.0000042202  -0.0000027596   0.0000078449  -0.0008696919   0.0064166543
        0.0052981884  -0.0007789539  -0.0002410509   0.0008697247   0.0006866973
        0.0001370151   0.0002634890   0.0000252172   0.0000263012   0.0000531314
        0.0183294602  -0.1404226890  -0.1149533905  -0.0000552978  -0.0000150721
        0.0000650042   0.0000182397  -0.0000074066   0.0000233047   0.0000030171
        0.0000028579  -0.0000027978  -0.0000147952   0.0000079987   0.0000068596
        0.0000047785  -0.0000082719  -0.0000025800   0.0000056690  -0.0000177659
        0.0000141893  -0.0000191748  -0.0000064888   0.0000014342   0.0000324513
        0.0000117094   0.0000408967  -0.0000232539   0.0000188936  -0.0000062261
       -0.0000340596   0.0000033980   0.0002566164  -0.0000868930  -0.0001032602
       -0.0001434082   0.0000086541  -0.0000023601   0.0000088493  -0.0000019985
       -0.0000040192  -0.0000011981  -0.0000383798   0.0002059051   0.0001228471
        0.0000623193  -0.0008091607   0.0000787333   0.0000371046  -0.0000022330
        0.0000139306  -0.0209070516   0.1630276582   0.1338464847  -0.0007469614
       -0.0019544341  -0.0034106626   0.0044980593  -0.0263872081  -0.0224484750
       -0.0000865844  -0.0000874809   0.0000425678  -0.0009301087   0.0001979612
        0.0000926044  -0.0001043911  -0.0002440906   0.0000225696   0.0000002049
        0.0000499615   0.0000597545   0.0000117170   0.0000077298   0.0000329427
       -0.0000245419   0.0000044978  -0.0000031244  -0.0000211794   0.0000449228
        0.0000161947  -0.0000107837  -0.0000161919  -0.0000015550   0.0000154693
        0.0000420817   0.0000546643  -0.0001822554  -0.0000075131   0.0000018259
       -0.0000038092   0.0000073577   0.0000127612   0.0085666003  -0.0090855399
       -0.0216159777   0.0027283611   0.0000048453  -0.0002737526  -0.0000322593
       -0.0001126780   0.0005473615  -0.0000177391   0.0000490906   0.0000349567
        0.0181402228  -0.1180491642  -0.1705577536   0.0000830853   0.0002345113
       -0.0000974484  -0.0000148511   0.0000022712   0.0000253052  -0.0000477490
       -0.0000429779  -0.0000126771   0.0000147966   0.0000187682   0.0000245648
       -0.0000235350   0.0000132140  -0.0000065066  -0.0000687348   0.0000098776
        0.0000365023  -0.0000284156   0.0000061338  -0.0000169209   0.0000183117
        0.0000001545   0.0000359339  -0.0000476336   0.0000037062   0.0000068240
       -0.0000022616   0.0000808909  -0.0000843076   0.0001074602  -0.0000842904
        0.0000604026   0.0000005257  -0.0000069239   0.0000044479   0.0000014048
        0.0000007261  -0.0000079755   0.0003499272  -0.0007790409  -0.0001888151
       -0.0003844555   0.0021485914   0.0001082905  -0.0000027112   0.0000110340
        0.0000054292  -0.0255033737   0.1338464847   0.2001437278  -0.0011691365
       -0.0141122580  -0.0164796922  -0.0013315772   0.0058433371   0.0079768757
       -0.0004072673  -0.0002927726  -0.0002195918  -0.0036658735  -0.0019641621
        0.0025257063  -0.0009389261   0.0000908271  -0.0002391771  -0.0000674654
       -0.0000730325  -0.0000727003   0.0000533921   0.0000127382  -0.0000177560
       -0.0000277298   0.0000464806  -0.0002262881  -0.0000870152   0.0001491331
        0.0000946649   0.0001244844   0.0000573107  -0.0000081933   0.0000039702
       -0.0000119122   0.0001320909  -0.0000475131  -0.0001043841  -0.0001647748
       -0.0000076239   0.0000014449   0.0000200820  -0.0255311278  -0.0026259817
       -0.0104694235   0.0009663830   0.0008062366  -0.0015419390  -0.0000261758
       -0.0001002893   0.0006116090   0.0000238450   0.0000898196   0.0001023091
       -0.2150693798  -0.0094876886  -0.1090022897   0.0000135682   0.0000636772
       -0.0000298066  -0.0000362427  -0.0001698621  -0.0000077463  -0.0000130379
       -0.0000062100   0.0000182635  -0.0000276606  -0.0000240317   0.0000459671
       -0.0000060387  -0.0000025292   0.0000224616  -0.0000376140  -0.0000150958
        0.0000265286  -0.0000467670   0.0000163421  -0.0000237884   0.0000654793
       -0.0000151212   0.0000558391   0.0000050265  -0.0000057556  -0.0000744893
       -0.0002117724   0.0001310596   0.0000382752   0.0000007962  -0.0000987203
        0.0000916027   0.0000143012   0.0000032889  -0.0000012550  -0.0000026380
       -0.0000134956   0.0000081981   0.0006544312  -0.0003202304   0.0010031973
        0.0004511112   0.0003684904  -0.0004345952   0.0000590639  -0.0000797076
        0.0000243313   0.0013132443  -0.0007469614  -0.0011691365   0.2506589502
        0.0124608165   0.1258412701  -0.0081501775   0.0018602783  -0.0069594456
       -0.0004716473  -0.0001056419  -0.0000632068  -0.0016079288   0.0009659124
        0.0011229053  -0.0000113163   0.0000771817  -0.0000602674  -0.0000219726
        0.0000169759   0.0000128559   0.0000089247   0.0000126963   0.0000020964
        0.0000156758   0.0000434154  -0.0000388381  -0.0000685369   0.0000796699
        0.0000375226   0.0000181660   0.0000072537  -0.0000225067  -0.0000235424
       -0.0000285048   0.0000153495   0.0002282005  -0.0001548888   0.0000350301
        0.0000036556  -0.0000002858   0.0000007043  -0.0076001022  -0.0003314057
       -0.0043622983  -0.0004795785  -0.0001480140  -0.0004251754  -0.0000326078
       -0.0001332675   0.0001068955   0.0000369872  -0.0000311660  -0.0001109771
       -0.0095219393  -0.0456225664  -0.0059149408   0.0000241832   0.0000199980
       -0.0000540669   0.0000393936  -0.0000052839   0.0000034089  -0.0000049434
        0.0000078149  -0.0000013868   0.0000090458   0.0000010024  -0.0000041317
        0.0000008424  -0.0000054068  -0.0000003784  -0.0000029162   0.0000004000
       -0.0000099766  -0.0000381116   0.0000085582  -0.0000099806   0.0000019305
       -0.0000253272  -0.0000100983   0.0000235755   0.0000116686  -0.0000121426
        0.0000828788  -0.0000027043   0.0001015717  -0.0001547989   0.0001047069
       -0.0001194517   0.0000013150   0.0000007369   0.0000007023  -0.0000011067
       -0.0000021609   0.0000005535  -0.0000229452  -0.0001109279   0.0006313613
        0.0001453497   0.0000665021  -0.0000887170   0.0000029373   0.0000154257
        0.0000143804  -0.0179818524  -0.0019544341  -0.0141122580   0.0124608165
        0.0478708955   0.0060162078   0.0249419686  -0.0006488284   0.0173192536
        0.0001442037  -0.0000121027   0.0001346208   0.0021208647   0.0012020459
       -0.0010638806   0.0004507788   0.0001321139   0.0003156700   0.0000067796
        0.0000051069  -0.0000099684   0.0000028885   0.0000025123  -0.0000042735
        0.0000289119  -0.0000097954  -0.0000539297   0.0000463900  -0.0000684032
        0.0000081776   0.0000228955   0.0000260068  -0.0000059639  -0.0000493897
        0.0000478736   0.0000841939   0.0000279032  -0.0000690964  -0.0000666273
        0.0000024990  -0.0000029474   0.0000100036   0.0118173557   0.0007345049
        0.0078079772   0.0023295033   0.0000888150   0.0006036752   0.0000983932
        0.0000038148   0.0001500619  -0.0000823392   0.0001240343   0.0000943121
       -0.1093887252  -0.0063644107  -0.1128047787  -0.0000127253  -0.0000302380
       -0.0000357269   0.0001149372   0.0001050675   0.0000366033  -0.0000104295
       -0.0000103248   0.0000424898  -0.0000156454  -0.0000186973   0.0000027403
       -0.0000171172  -0.0000040134   0.0000172154  -0.0000160393   0.0000110122
        0.0000550638   0.0000064858   0.0000080854   0.0000064971   0.0000249635
        0.0000067761   0.0000093925   0.0000062300  -0.0000143897  -0.0000238797
       -0.0000709756   0.0000438672  -0.0000016649   0.0000469545  -0.0000938866
        0.0000408012  -0.0000043147   0.0000025411  -0.0000066319  -0.0000147691
       -0.0000135551   0.0000054920   0.0003841724   0.0004143121  -0.0008683034
       -0.0000598535  -0.0000429041   0.0000675952   0.0000281009  -0.0000303094
        0.0000055743  -0.0215180835  -0.0034106626  -0.0164796922   0.1258412701
        0.0060162078   0.1301038314  -0.0122920741   0.0012210393  -0.0081766676
       -0.0001160622  -0.0002044882   0.0000080289   0.0002304627  -0.0001544117
        0.0006358837   0.0000873625   0.0000269149  -0.0000452691  -0.0000243031
       -0.0000028578   0.0000105159   0.0000300517   0.0000301411  -0.0000455676
        0.0000692437   0.0000473409   0.0001773814  -0.0000085034   0.0000781807
       -0.0000508309  -0.0000154111  -0.0000462699   0.0000267458   0.0000236517
        0.0000325358  -0.0001380000  -0.0009891472   0.0004473527   0.0009529908
        0.0000226361   0.0000316765  -0.0000224087   0.0039184368  -0.0204398572
        0.0092330546  -0.0021434280  -0.0013408363   0.0017655045  -0.0003265222
       -0.0004902782  -0.0003280269   0.0003988693  -0.0003314578  -0.0003743492
       -0.0520077124   0.0416359241  -0.0206836277   0.0000128600   0.0000847410
        0.0000023751   0.0000175020   0.0000590325  -0.0000048110   0.0000370994
        0.0000312178  -0.0000506783   0.0000305052   0.0000254062  -0.0000204847
        0.0000487491   0.0000225205  -0.0000175127   0.0000247336  -0.0000434546
       -0.0000730841  -0.0000058853   0.0000116689   0.0000105514  -0.0000132375
       -0.0000384749  -0.0000471398  -0.0000526832  -0.0000181994   0.0001133439
       -0.0002488186   0.0003196437   0.0007461509  -0.0009563424   0.0008794121
       -0.0007363635  -0.0000007986  -0.0000021568   0.0000018543   0.0000269343
        0.0000203952  -0.0000032327  -0.0000505060  -0.0004822331  -0.0001408553
       -0.0001180399   0.0012992649   0.0013958554  -0.0000725453   0.0000386889
        0.0000290075   0.0001661338   0.0044980593  -0.0013315772  -0.0081501775
        0.0249419686  -0.0122920741   0.0601548920  -0.0509671104   0.0212966491
       -0.0003120194  -0.0001408464   0.0001016583   0.0004821785   0.0005174845
        0.0003582008   0.0001875354   0.0000536654  -0.0001331625   0.0000089891
        0.0000665235  -0.0000352590  -0.0000249872   0.0000251036   0.0000089671
        0.0000342976  -0.0000189289   0.0000078814   0.0000100323   0.0000094405
        0.0000111873  -0.0000155107  -0.0000217466   0.0000073430  -0.0000303535
       -0.0000275906  -0.0000469996   0.0006701480  -0.0003635977  -0.0003460500
        0.0000199881   0.0000157202  -0.0000067941  -0.0010262529  -0.0103640228
        0.0083096871  -0.0015199440  -0.0007411961   0.0003016892  -0.0008024637
       -0.0003898100  -0.0006163577   0.0002420618  -0.0001656714  -0.0000984855
        0.0434414188  -0.2350908044   0.0835072484   0.0000832664   0.0000690667
        0.0000186158  -0.0000174844   0.0000365073  -0.0000481036   0.0000486194
        0.0000117154  -0.0000426659   0.0000365210   0.0000013909  -0.0000359631
        0.0000164136   0.0000004076   0.0000022164   0.0000230818  -0.0000682570
       -0.0000068366   0.0000157971   0.0000062081   0.0000017059  -0.0000404169
       -0.0000382391  -0.0000638449   0.0000252592   0.0000358102   0.0000067885
        0.0003197543   0.0001488795  -0.0001327401   0.0005510030   0.0001922362
       -0.0000616598  -0.0000070894   0.0000021185  -0.0000143560   0.0000099602
        0.0000076553   0.0000023664  -0.0001400046  -0.0003534940  -0.0002703222
       -0.0000640209   0.0009148443   0.0006814526   0.0000604611   0.0000205469
        0.0000443692   0.0068205930  -0.0263872081   0.0058433371   0.0018602783
       -0.0006488284   0.0012210393  -0.0509671104   0.2726849169  -0.0984761531
        0.0000543032   0.0002309366  -0.0001267973  -0.0007437126  -0.0004643810
        0.0002799497  -0.0000527529   0.0000028973   0.0000362074  -0.0000100056
        0.0000069927   0.0000273333  -0.0000137942  -0.0000109906   0.0000176711
        0.0000005267   0.0000065553  -0.0000106995  -0.0000609656  -0.0000547819
        0.0000488419  -0.0000316175  -0.0000184123  -0.0000125896   0.0000209247
       -0.0000699386  -0.0000035460   0.0001248472   0.0000373435   0.0004409603
       -0.0000065804  -0.0000180638   0.0000011399   0.0002906445   0.0190284395
       -0.0120331960   0.0027608438   0.0014107421  -0.0008261804  -0.0003166007
       -0.0002059023   0.0002688440  -0.0002869015  -0.0000168552  -0.0000707139
       -0.0221175971   0.0848722889  -0.0752421733  -0.0000027711  -0.0000257937
       -0.0000521652  -0.0000049685  -0.0000458427   0.0000071807  -0.0000462713
       -0.0000095983   0.0000043196  -0.0000118829  -0.0000088192   0.0000112120
       -0.0000246834  -0.0000103827  -0.0000118372  -0.0000351425   0.0000819928
       -0.0000328974   0.0000060858  -0.0000086414  -0.0000010325  -0.0000233496
       -0.0000024042  -0.0000134441   0.0000620938   0.0000035828  -0.0000413346
        0.0006209713  -0.0004564126  -0.0009768667  -0.0000187493   0.0000120170
        0.0005492318  -0.0000067858   0.0000002261   0.0000005227  -0.0000075837
       -0.0000028851  -0.0000046916   0.0001148208   0.0006487660   0.0003688044
        0.0004667393  -0.0013583822  -0.0014629235  -0.0000815872   0.0000510818
       -0.0000296085   0.0050442991  -0.0224484750   0.0079768757  -0.0069594456
        0.0173192536  -0.0081766676   0.0212966491  -0.0984761531   0.0890902703
