$hessian                                                                        
        0.4888829939  -0.0242287580  -0.0097354637  -0.0718776185  -0.0282660623
        0.0223078278   0.0059529401   0.0119205813  -0.0072878774   0.0013936235
       -0.0013722651   0.0005352134  -0.0218414823   0.0093232185   0.0142486497
       -0.0771063845   0.0079197103   0.0405727425  -0.1273932872  -0.0267329661
       -0.0418489277  -0.0311744777   0.0025029358  -0.0043399478   0.0050573566
       -0.0062525935  -0.0209406459  -0.1063784667   0.0522975252  -0.0163543379
       -0.0027987573   0.0020392825   0.0014984802  -0.0133911166  -0.0191717471
        0.0072224443  -0.0006733630   0.0008194991   0.0008775541  -0.0032805231
       -0.0075715284   0.0076873789  -0.0114774144   0.0154836689   0.0097076998
       -0.0004835479  -0.0000545348  -0.0009520591  -0.0020535963   0.0035048119
       -0.0009353603  -0.0003774831   0.0003873323  -0.0004469306  -0.0000574213
        0.0001385342   0.0000684962   0.0000792152  -0.0001497663  -0.0001285525
       -0.0039678592   0.0028510199  -0.0015255945  -0.0061331967   0.0003178241
        0.0113244091   0.0010509385   0.0001281956  -0.0005288300  -0.0084208966
       -0.0059175666  -0.0036556889   0.0011279321  -0.0010965929  -0.0007743907
        0.0052080792  -0.0070923724   0.0017184157  -0.0197111577   0.0178172153
       -0.0070902000   0.0001332139   0.0000749523   0.0001765706  -0.0008597797
        0.0003210677  -0.0004080294  -0.0000866760   0.0009427974  -0.0017615672
       -0.0000231652  -0.0003026959   0.0006393912   0.0009546865  -0.0013443512
        0.0001056442  -0.0002337180   0.0004008390   0.0001398421   0.0002597418
        0.0000467066  -0.0000366564  -0.0002993324   0.0003160830  -0.0000796998
       -0.0242287580   0.4540696692  -0.0120045361  -0.0230059890  -0.1096697243
        0.0372635977  -0.0019671234  -0.0241654288   0.0116643988  -0.0019013333
        0.0023223127   0.0001161586   0.0201752956  -0.0077035361  -0.0150278055
        0.0102402891  -0.0650653831  -0.0128008750  -0.0274674815  -0.0723257857
       -0.0156310573   0.0113724582   0.0041580231   0.0036612848   0.0000845568
       -0.0058168446  -0.0191022154   0.0475009724  -0.1206128842   0.0165894734
        0.0020121268  -0.0015279985  -0.0014227201  -0.0127272101  -0.0112714970
       -0.0011260270   0.0000365139   0.0013321322   0.0016212793  -0.0001103089
        0.0027405968   0.0002773631   0.0136175802  -0.0119572595  -0.0101796540
        0.0004919217  -0.0004978624   0.0005425195   0.0024378894  -0.0033785157
        0.0009112278   0.0000052955   0.0001685405   0.0000312128  -0.0000450141
       -0.0002176762  -0.0001673773  -0.0002540977   0.0001258909   0.0002329498
        0.0041349949  -0.0024700032   0.0003954782  -0.0117844603   0.0023198501
        0.0193170283   0.0014886537   0.0004923189   0.0004649648  -0.0235179103
       -0.0113186661  -0.0121532957   0.0005276951   0.0007175633  -0.0009890757
        0.0136101955  -0.0254775819   0.0088220604  -0.0025759252   0.0048628858
       -0.0004198117   0.0000401119  -0.0000056562  -0.0000263406   0.0008884730
       -0.0003091681   0.0001772700   0.0001709632   0.0004735104  -0.0007240152
        0.0000214936  -0.0002368893   0.0000867868   0.0002853725   0.0002618927
       -0.0002994488   0.0001677986   0.0000073881  -0.0002573921  -0.0000000082
       -0.0000380192   0.0001030046   0.0002749686   0.0000138054   0.0000535889
       -0.0097354637  -0.0120045361   0.4463257468   0.0160739144   0.0300060466
       -0.0813893119  -0.0010806290   0.0052279198  -0.0007872624   0.0003429586
        0.0001738915  -0.0001267880   0.0086713899  -0.0056299228  -0.0007984191
        0.0422072075  -0.0146041127  -0.1285105030  -0.0434967214  -0.0160402961
       -0.0905698992  -0.0013498954   0.0040181014   0.0036699457  -0.0010877004
       -0.0131606235  -0.0281555501  -0.0176629192   0.0182058052  -0.0596712699
        0.0010728254  -0.0010707899  -0.0004512808  -0.0010175343  -0.0071780314
        0.0075025364  -0.0014523968  -0.0007852341  -0.0005154200   0.0127317558
        0.0225751231  -0.0219425382   0.0254435740  -0.0268029688  -0.0090649410
       -0.0003506746  -0.0000186440  -0.0002356511  -0.0003811137  -0.0003611337
        0.0001143131  -0.0001623781  -0.0000427377  -0.0001344301  -0.0000098937
        0.0000049449  -0.0001200444  -0.0000161937   0.0001737511  -0.0001023159
       -0.0007368756  -0.0006242927  -0.0001315849   0.0100791195   0.0004998889
       -0.0159431177  -0.0230271554  -0.0068180084  -0.0162555000   0.0029908071
        0.0012218444   0.0022929013  -0.0005082894   0.0013477221   0.0011147309
       -0.0073233651   0.0115657199  -0.0032258526  -0.0108291330   0.0112129977
       -0.0028134084   0.0000302755   0.0000004068  -0.0001128111   0.0002200572
       -0.0003421815   0.0002679418  -0.0000642084   0.0004836486  -0.0011898991
       -0.0000141748  -0.0002316348   0.0002123244   0.0004785547  -0.0008300198
        0.0007754502   0.0001451990  -0.0000983252  -0.0001160064  -0.0000208427
       -0.0000676055   0.0000725941  -0.0001600800  -0.0000067135   0.0000153203
       -0.0718776185  -0.0230059890   0.0160739144   0.4608253966  -0.0106341652
       -0.0070134435  -0.1110565078   0.0533615619  -0.0111482495  -0.0134179152
        0.0114388926   0.0034694945   0.0015141171   0.0002818040  -0.0013361917
       -0.0054367237  -0.0079058892   0.0072120363  -0.0147755746  -0.0206183536
        0.0066388492   0.0001172267  -0.0003381469  -0.0003775523  -0.0002011049
       -0.0001566747  -0.0002348976   0.0063057713   0.0112211809  -0.0068841618
       -0.0002358168   0.0002135101  -0.0000495960  -0.1533479077  -0.0307404988
       -0.0303164039  -0.0065346203  -0.0097282218  -0.0094521603  -0.0476781794
        0.0154345600   0.0403090572   0.0004943592  -0.0001003090   0.0001265396
       -0.0262865493  -0.0040872711  -0.0057234257   0.0062856020  -0.0064168792
        0.0007868492  -0.0175505777   0.0164129530  -0.0051886165   0.0001601552
       -0.0001665760   0.0000218234  -0.0013250429   0.0009064665   0.0028248801
        0.0001876572   0.0001176784  -0.0000987916  -0.0005475623   0.0004887971
        0.0018288075   0.0008541005  -0.0002228904   0.0009212065  -0.0038648881
       -0.0018433848  -0.0012127742   0.0006284278   0.0000402515  -0.0007401255
       -0.0016224969   0.0036826010  -0.0010653276   0.0003909875   0.0003423003
       -0.0001527339   0.0000224544  -0.0000397325   0.0000175784  -0.0000218740
        0.0000770210  -0.0000134702   0.0014915243   0.0011312614  -0.0003596343
        0.0004382066   0.0003337372   0.0006724195  -0.0001364943   0.0000116602
       -0.0001370112   0.0004157485  -0.0009128888  -0.0007476399  -0.0003228344
        0.0001801342  -0.0003502359  -0.0038914461   0.0012414997   0.0016989871
       -0.0282660623  -0.1096697243   0.0300060466  -0.0106341652   0.4289692099
        0.0406009329   0.0549780675  -0.1209578966   0.0088623092   0.0075906978
       -0.0052063850  -0.0045116935  -0.0004377411  -0.0002759503   0.0005735976
       -0.0005132062   0.0040485249   0.0032608312  -0.0107623123  -0.0122696021
        0.0027652086   0.0003587749  -0.0003620836   0.0000209443  -0.0004309804
       -0.0003032428  -0.0000981956  -0.0041396387  -0.0229356997   0.0095870165
       -0.0001125947   0.0000623753  -0.0000341599  -0.0305128133  -0.0699488915
       -0.0126200838  -0.0204375737  -0.0125630257  -0.0103480442   0.0145306520
       -0.0612633745  -0.0653813281  -0.0007371884   0.0004730424   0.0009411085
        0.0079903447   0.0039147617   0.0005356707   0.0167035369  -0.0238179461
        0.0043841771   0.0001024833   0.0020425943  -0.0010647143   0.0001628365
        0.0000006023  -0.0002190802  -0.0002095245   0.0004590150  -0.0006550074
        0.0000123583  -0.0000840516   0.0000004172   0.0009975665   0.0005986244
       -0.0017905423   0.0004568541   0.0001320535   0.0011254632  -0.0021023934
       -0.0005861299  -0.0004421179   0.0001909699   0.0004026828  -0.0004972263
        0.0022643888  -0.0033102566   0.0011089031  -0.0008202293   0.0008403309
       -0.0002844304   0.0000079335   0.0000305997   0.0000141331   0.0000102876
        0.0000605394  -0.0000429942  -0.0001468129   0.0018978893  -0.0077719259
       -0.0004208972  -0.0012358821   0.0028266125   0.0001272114   0.0000806018
        0.0001481726   0.0005731820   0.0006005502   0.0004668718   0.0009753003
       -0.0000220147  -0.0002878266   0.0026506879   0.0001981594  -0.0011790463
        0.0223078278   0.0372635977  -0.0813893119  -0.0070134435   0.0406009329
        0.4813342674  -0.0046876865   0.0029641875  -0.0670354485   0.0152684493
       -0.0153352589   0.0027528816  -0.0016717166   0.0004166579   0.0017191344
        0.0126934167   0.0179566039  -0.0163386415  -0.0041043025  -0.0078187800
        0.0036441502   0.0000663748  -0.0002582864  -0.0001930318   0.0001071689
        0.0005753361   0.0019352742  -0.0004786094   0.0056835632  -0.0011653759
       -0.0000263863   0.0001122552   0.0000391528  -0.0433888427  -0.0181511055
       -0.0808188138  -0.0182328925  -0.0095879391  -0.0085073876   0.0400096705
       -0.0654704540  -0.2302139093   0.0004203651  -0.0004862536  -0.0006347249
        0.0053005281   0.0018782415   0.0029231933  -0.0047411430   0.0062406857
       -0.0001667057  -0.0151390952   0.0153309465  -0.0041367045  -0.0000579265
       -0.0001421734   0.0001733972   0.0035828405  -0.0013394242  -0.0031661827
       -0.0003079203  -0.0001462235   0.0001373814   0.0026532663  -0.0006345154
       -0.0041978134  -0.0013167492  -0.0011825531   0.0006971076  -0.0025568073
       -0.0015285202  -0.0007767270  -0.0000683853  -0.0001021772  -0.0005561531
       -0.0001709380   0.0003185080   0.0003490561   0.0002097119  -0.0000972334
        0.0001337619  -0.0000105753  -0.0000046296  -0.0000084293  -0.0000907143
        0.0000172474  -0.0000048287  -0.0006072055  -0.0080460696   0.0055202163
       -0.0001462188   0.0025378998  -0.0020052607  -0.0001683390  -0.0002144021
        0.0000082064   0.0004541772  -0.0001951061   0.0003576702   0.0004237209
       -0.0001660581  -0.0003314515   0.0014883800  -0.0009894998  -0.0000779494
        0.0059529401  -0.0019671234  -0.0010806290  -0.1110565078   0.0549780675
       -0.0046876865   0.4865640548   0.0471252792   0.0172653376  -0.1047029525
        0.0102777892   0.0534996901  -0.0096610706  -0.0042846679   0.0123635820
       -0.0000658791   0.0005857120  -0.0007537216  -0.0001138360  -0.0000833887
        0.0001179791  -0.0006632631  -0.0008525789   0.0010969541   0.0001381915
        0.0004130600   0.0002801808  -0.0005684767  -0.0015707532   0.0012778290
        0.0001640046   0.0000623272   0.0001309873  -0.0244470875   0.0140036121
       -0.0054097302   0.0000608161   0.0014990653   0.0007072319  -0.0084252887
        0.0098878659   0.0004241401   0.0001467226  -0.0001008573  -0.0002924432
       -0.0028833308  -0.0006980340  -0.0019348851  -0.0934528009  -0.0943985293
        0.0228435820  -0.1263659244  -0.0345580389  -0.1075930062   0.0082535730
       -0.0025751945  -0.0101905954  -0.0175206492   0.0061511131   0.0202879840
       -0.0001113733  -0.0022796534   0.0012650489   0.0000372269  -0.0001135337
       -0.0000479069   0.0000280460  -0.0003421457  -0.0000351209   0.0000144167
       -0.0000109577   0.0000273786  -0.0002226689  -0.0003054895  -0.0000771175
        0.0002531192  -0.0005909799   0.0002233610  -0.0000340151  -0.0000608833
        0.0000583565   0.0000008023  -0.0000928657   0.0000218478   0.0000079570
        0.0000067515   0.0000375407   0.0001364924  -0.0001759237   0.0006367175
       -0.0002638697   0.0001373110  -0.0007882513  -0.0000198399  -0.0000161798
        0.0000365523   0.0000686905  -0.0002828534  -0.0000775822  -0.0000746097
        0.0000357584  -0.0001626522  -0.0011736098   0.0001969193   0.0005290469
        0.0119205813  -0.0241654288   0.0052279198   0.0533615619  -0.1209578966
        0.0029641875   0.0471252792   0.4939136169   0.0018547636   0.0089028556
       -0.0671411678  -0.0133632790  -0.0148109508   0.0011802270   0.0193374904
        0.0005753825   0.0018175713  -0.0015773861   0.0002864311  -0.0001870376
        0.0000529287  -0.0007416941   0.0000771669   0.0005365505   0.0001652813
        0.0000337319   0.0001350840  -0.0020451665  -0.0029851037   0.0023284623
        0.0001858789  -0.0001816583   0.0001415711   0.0003611715   0.0051103902
        0.0018242361  -0.0008180967  -0.0004008262  -0.0004094209   0.0105378359
       -0.0098267891  -0.0009009602  -0.0001443557   0.0005300864  -0.0001499661
       -0.0016461406  -0.0004342203   0.0001210412  -0.0949001153  -0.2103091467
        0.0424470762  -0.0344813121  -0.0555891734  -0.0393378135   0.0069883545
       -0.0019115917  -0.0108778323   0.0122241710  -0.0029870833  -0.0139619354
       -0.0025781041  -0.0042624911   0.0030211892   0.0000612696   0.0000789993
       -0.0001569055  -0.0001950997  -0.0004019270   0.0002664999   0.0001610971
        0.0000417603   0.0002427330  -0.0000188839  -0.0000261173   0.0001789311
        0.0007289497  -0.0011962743   0.0003509310  -0.0001044932  -0.0000246842
       -0.0000159507  -0.0000401012  -0.0000663022   0.0000985920  -0.0000538124
        0.0000010794   0.0000014826  -0.0000916003   0.0001409906  -0.0002108609
       -0.0003751493   0.0000481891  -0.0003963170   0.0000259433   0.0000041667
        0.0000241992  -0.0000400206  -0.0000101205  -0.0000102936  -0.0001463324
        0.0000173847   0.0001898800  -0.0003806158   0.0000696794   0.0000231717
       -0.0072878774   0.0116643988  -0.0007872624  -0.0111482495   0.0088623092
       -0.0670354485   0.0172653376   0.0018547636   0.4821320975   0.0578404321
       -0.0168994826  -0.1513754818   0.0110168263   0.0051276706  -0.0122309298
       -0.0004919149  -0.0013111038   0.0005656172  -0.0000716043   0.0002922956
       -0.0003784467  -0.0002901213  -0.0002740170   0.0007607345   0.0001725684
        0.0001852502   0.0001009092   0.0011982545   0.0021095422  -0.0010832304
       -0.0000377215   0.0000076965  -0.0001928279  -0.0091011162   0.0084668688
       -0.0004813042  -0.0000971148   0.0002827165  -0.0004528379   0.0167309399
       -0.0199990891  -0.0007984663  -0.0000021351  -0.0002783733   0.0002018032
       -0.0011492268  -0.0004129103   0.0002619172   0.0233060485   0.0431660441
       -0.0533322350  -0.1079753034  -0.0395724415  -0.1754132294   0.0121504197
       -0.0049572457  -0.0224045069  -0.0008788022  -0.0003649290   0.0021482350
        0.0006001468   0.0018517191  -0.0001896459  -0.0000556999  -0.0001077319
        0.0003306198   0.0000975688  -0.0005557543   0.0000639641  -0.0001306584
        0.0001747283  -0.0001137186  -0.0003369000  -0.0001698426  -0.0002948447
       -0.0003142610   0.0006882895  -0.0001483916   0.0000253904  -0.0000608916
        0.0000399014  -0.0000233522   0.0000460065  -0.0001511858  -0.0000293087
       -0.0000418915   0.0000591461   0.0001016995  -0.0000701418   0.0004135878
       -0.0005986720  -0.0000830827  -0.0004843553   0.0000015795   0.0001444733
       -0.0000046536  -0.0000485155   0.0000949588  -0.0000508497  -0.0002618434
       -0.0000213531   0.0000532005  -0.0001768134   0.0001605501   0.0002721188
        0.0013936235  -0.0019013333   0.0003429586  -0.0134179152   0.0075906978
        0.0152684493  -0.1047029525   0.0089028556   0.0578404321   0.4938524372
       -0.0198022817   0.0440109509  -0.0746721974  -0.0327859906   0.0175253821
        0.0063163141   0.0182674952  -0.0071947399  -0.0005834533  -0.0002519824
        0.0001420161  -0.0075233481  -0.0163209090  -0.0014478262   0.0009486952
        0.0002667145  -0.0005085003  -0.0001449551  -0.0002156965   0.0001552328
        0.0009233311  -0.0008594912  -0.0005087630  -0.0005650282   0.0001964274
       -0.0000940179   0.0004005074  -0.0006725485  -0.0004681162  -0.0019142824
        0.0023842502   0.0000988216  -0.0000036431   0.0000418336  -0.0000412600
       -0.0002273232  -0.0000216807  -0.0001156528  -0.0094593170  -0.0000507023
        0.0147824510   0.0075568320  -0.0006050686  -0.0118886738  -0.0998802309
       -0.0520362751  -0.0847525540  -0.1850307922   0.1003255405  -0.0505085198
       -0.0075764971  -0.0174808089   0.0093755435  -0.0030542446   0.0041168743
       -0.0017508106   0.0000199653   0.0000496242   0.0000452970   0.0001103500
       -0.0000688198  -0.0000468566  -0.0002520243   0.0001758376   0.0002125878
        0.0000431798  -0.0000977768  -0.0000579611   0.0000269370   0.0000165596
        0.0000081382   0.0001060961   0.0010316622  -0.0010419119  -0.0001434308
       -0.0005080767   0.0003714442  -0.0002595376   0.0002072028   0.0001749030
       -0.0021318059   0.0001127770   0.0000590284  -0.0000238651  -0.0000160257
       -0.0000031373  -0.0000390945  -0.0000345611   0.0000104478   0.0000195195
        0.0000269776  -0.0000040083  -0.0001118496   0.0000166990   0.0000092254
       -0.0013722651   0.0023223127   0.0001738915   0.0114388926  -0.0052063850
       -0.0153352589   0.0102777892  -0.0671411678  -0.0168994826  -0.0198022817
        0.4772316435   0.0188982759  -0.0349811926  -0.1529961230   0.0420478103
        0.0028166894  -0.0232746620   0.0106947668  -0.0002668978   0.0006364551
       -0.0005874787  -0.0132435258  -0.0229948656  -0.0048752550  -0.0011809208
       -0.0000864426  -0.0013296485   0.0002729717  -0.0001667207  -0.0000936097
        0.0022662224  -0.0006845298   0.0009481863   0.0002275165   0.0000574638
       -0.0001189144   0.0006075882  -0.0000967960  -0.0002818980   0.0033911718
       -0.0030649797  -0.0005652938  -0.0000645727   0.0001444643   0.0001307814
        0.0003324745  -0.0000030529   0.0001489876  -0.0144257852   0.0017247299
        0.0210275455   0.0042591291  -0.0008370416  -0.0094749641  -0.0519534993
       -0.0921519647  -0.0793877505   0.1010398924  -0.1125104083   0.0330366650
       -0.0007249815  -0.0000026831   0.0014035434   0.0024158272  -0.0019980818
        0.0007644589   0.0000816232  -0.0000976724  -0.0001113514   0.0000330824
        0.0001287631   0.0000524039  -0.0005119771   0.0001812108   0.0003725375
        0.0000293471   0.0001254025  -0.0000656379  -0.0000465602   0.0000245855
       -0.0000144870   0.0001947938   0.0011461386  -0.0010455636   0.0000362547
       -0.0003926046   0.0004320699   0.0000545310  -0.0000028360  -0.0000625759
       -0.0012081931   0.0000101180   0.0001541852   0.0000080499  -0.0000485993
       -0.0000209399  -0.0000241597   0.0000530525  -0.0000131528  -0.0000109853
       -0.0000462799   0.0000117501   0.0000339510   0.0000175563  -0.0000145967
        0.0005352134   0.0001161586  -0.0001267880   0.0034694945  -0.0045116935
        0.0027528816   0.0534996901  -0.0133632790  -0.1513754818   0.0440109509
        0.0188982759   0.4938704175   0.0133040217   0.0313463252  -0.0762313009
       -0.0005995440   0.0134565769  -0.0046036296  -0.0000163404   0.0005268089
       -0.0013911456  -0.0066242935  -0.0171683071   0.0081060388   0.0005370526
        0.0002746678   0.0001581018   0.0001256614  -0.0000247416  -0.0001190532
       -0.0006493217  -0.0010165947  -0.0012594454   0.0001326622  -0.0001045707
       -0.0001358109   0.0003104325  -0.0000020899  -0.0003253383  -0.0002285677
        0.0006983293   0.0010429180  -0.0000795344   0.0000640273   0.0001518073
        0.0000493545  -0.0000741103  -0.0001331146   0.0072036290   0.0002796681
       -0.0091151640   0.0132222422  -0.0051779002  -0.0275973299  -0.0846933404
       -0.0801228375  -0.1644673536  -0.0501474122   0.0327834493  -0.0588340585
        0.0100787747   0.0202517041  -0.0097716956  -0.0018879444   0.0018095267
        0.0001503209   0.0002005357  -0.0001188518  -0.0003199525  -0.0001130001
        0.0001086803   0.0000930986  -0.0001744741   0.0003573080   0.0000656678
       -0.0000637869   0.0000102428   0.0000519229   0.0000141485   0.0000035115
        0.0000212469   0.0001156092   0.0013733610  -0.0013581837  -0.0002135209
       -0.0006267747   0.0005147160   0.0000995454   0.0000311899  -0.0000452109
       -0.0013473336  -0.0000240394   0.0002191834  -0.0000053046  -0.0000174221
       -0.0000413965   0.0000265700   0.0000053044   0.0000018126  -0.0000297274
       -0.0000224219   0.0000649023  -0.0000621424  -0.0000194815  -0.0000135830
       -0.0218414823   0.0201752956   0.0086713899   0.0015141171  -0.0004377411
       -0.0016717166  -0.0096610706  -0.0148109508   0.0110168263  -0.0746721974
       -0.0349811926   0.0133040217   0.4808118453  -0.0200018646  -0.0656521420
       -0.1155158795   0.0487055087  -0.0127570701   0.0021838969   0.0105242185
        0.0077332039  -0.0778789357  -0.0261220478  -0.0350584681  -0.0230434502
        0.0048054911  -0.0167369315  -0.0010458250   0.0000774292   0.0029498739
       -0.0157485231  -0.0159455117  -0.0235622581  -0.0004534557  -0.0000908788
       -0.0000797951   0.0000342831   0.0000803659   0.0000780183   0.0002042448
       -0.0000457936  -0.0000874638  -0.0011301266   0.0012411908   0.0007197800
        0.0000600319   0.0000163997   0.0000299348  -0.0020534778  -0.0001622126
        0.0037383897   0.0002726316   0.0001344600  -0.0004183578  -0.0059234484
       -0.0164266252   0.0042078517   0.0061986374   0.0196751187  -0.0076759379
       -0.1413750599   0.0236251754   0.1120019251   0.0039034488  -0.0023299303
        0.0006387915  -0.0014476385   0.0011281226   0.0009041789  -0.0013548582
        0.0016296495   0.0010670288  -0.0000283181  -0.0000128659  -0.0001654281
        0.0001272361  -0.0000453315   0.0000157980  -0.0000075221  -0.0000358472
       -0.0001081688  -0.0033735826   0.0014367379  -0.0031075227   0.0009843486
       -0.0017133461   0.0000812159   0.0000416364   0.0000485154   0.0000287828
        0.0001552874  -0.0001668958  -0.0000834690   0.0000183280   0.0000023412
       -0.0000353206  -0.0000065574   0.0000446927  -0.0000000978   0.0000028083
       -0.0000233318   0.0000134150   0.0000486276   0.0000016544  -0.0000002784
        0.0093232185  -0.0077035361  -0.0056299228   0.0002818040  -0.0002759503
        0.0004166579  -0.0042846679   0.0011802270   0.0051276706  -0.0327859906
       -0.1529961230   0.0313463252  -0.0200018646   0.4574622455   0.0426895615
        0.0476829144  -0.0983262064   0.0181499503   0.0033376730  -0.0106884209
       -0.0173046227  -0.0211813072  -0.0982034576  -0.0549632139  -0.0100340167
        0.0095407777  -0.0040336665   0.0006289778  -0.0001311146  -0.0016359143
       -0.0076807878  -0.0004813476  -0.0043629751   0.0001305257  -0.0000817939
       -0.0000814185  -0.0000025511  -0.0000031204   0.0000018516  -0.0001274132
        0.0000480576   0.0000427393   0.0006689758  -0.0003473220  -0.0003381604
        0.0000022098   0.0000000461   0.0000618220   0.0006746036   0.0009490522
       -0.0005219963   0.0002201391   0.0003318780  -0.0004716623  -0.0090068827
       -0.0196595829   0.0037356258  -0.0044771148  -0.0211093201   0.0085998719
        0.0234843856  -0.0429770140  -0.0262189149   0.0192018515  -0.0202585106
        0.0078287221   0.0011826777  -0.0016842799  -0.0006722514   0.0008677254
       -0.0008419692  -0.0002353461  -0.0005465594   0.0008639705   0.0000217716
       -0.0000368042   0.0003269075  -0.0000884475  -0.0001124677   0.0000143671
        0.0000032595   0.0029330964   0.0077305203  -0.0046460582  -0.0003548800
       -0.0026779513   0.0031056123  -0.0000784817   0.0000354884   0.0000118112
        0.0001855444  -0.0000254533   0.0000187353  -0.0000009853  -0.0000354066
        0.0000424108  -0.0000539811   0.0000083708   0.0000062756  -0.0000086882
       -0.0000024895   0.0000042772  -0.0000308785   0.0000184614  -0.0000103808
        0.0142486497  -0.0150278055  -0.0007984191  -0.0013361917   0.0005735976
        0.0017191344   0.0123635820   0.0193374904  -0.0122309298   0.0175253821
        0.0420478103  -0.0762313009  -0.0656521420   0.0426895615   0.5055450097
       -0.0114696472   0.0172550694  -0.0643349912   0.0042394890  -0.0169373806
       -0.0133747951  -0.0346028052  -0.0612510242  -0.1410399825  -0.0269911478
        0.0055727924  -0.0134843227   0.0005889232  -0.0007179736  -0.0031548517
       -0.0110117715  -0.0071250018  -0.0118342535   0.0000952549  -0.0001251890
       -0.0001686586  -0.0000825389  -0.0001111716   0.0002362171  -0.0001808179
        0.0000939534   0.0000357426   0.0014347501  -0.0013836448  -0.0008641516
       -0.0000643046   0.0000926907   0.0000379039   0.0027488299   0.0000035139
       -0.0039158264  -0.0002142337   0.0002139568   0.0004710447  -0.0068548821
       -0.0173799131   0.0065802124   0.0020343712   0.0098720938  -0.0033913579
        0.1112212157  -0.0249545810  -0.1686066399  -0.0101964778   0.0122083676
       -0.0030025525   0.0012320569  -0.0016017716  -0.0009551731   0.0007055670
       -0.0009045894  -0.0014930346   0.0008581672   0.0004082691  -0.0000365893
        0.0000025408  -0.0000743638  -0.0000838310  -0.0000310998  -0.0000073247
       -0.0000847029  -0.0026139608  -0.0053888382   0.0055855911   0.0019519985
        0.0025714782  -0.0012731072  -0.0000962424   0.0000218578  -0.0000132962
        0.0001886899   0.0000947311   0.0000548966   0.0000384351  -0.0000274428
        0.0000779754  -0.0000502140  -0.0000279294   0.0000116755  -0.0000245420
       -0.0000066610   0.0000275054  -0.0000048838  -0.0000046277  -0.0000101413
       -0.0771063845   0.0102402891   0.0422072075  -0.0054367237  -0.0005132062
        0.0126934167  -0.0000658791   0.0005753825  -0.0004919149   0.0063163141
        0.0028166894  -0.0005995440  -0.1155158795   0.0476829144  -0.0114696472
        0.4356997933   0.0481077237   0.0193321409   0.0009829438  -0.0040052313
       -0.0161796532  -0.0183024558  -0.0004533280  -0.0198636408  -0.1139010851
       -0.0513753180  -0.0592088914  -0.0084032986   0.0090584071   0.0172628876
        0.0000356571   0.0000140548  -0.0010279072   0.0003118070   0.0008976784
        0.0005972856   0.0002066028   0.0001753851  -0.0015612674  -0.0005988368
       -0.0017026572   0.0012515453  -0.0041727381   0.0039939385   0.0017110929
        0.0000495639  -0.0000448037  -0.0002010795  -0.0000983813  -0.0000778988
        0.0002239931  -0.0000691654  -0.0000864037  -0.0001274978   0.0001920759
       -0.0006478136  -0.0005470760   0.0001946609  -0.0028166544   0.0008797736
       -0.0160818276   0.0101418227  -0.0050981441  -0.0630306725  -0.0570261758
        0.0347105837  -0.0029608902  -0.0006825526  -0.0024436793  -0.0002474625
       -0.0000966403  -0.0006139937  -0.0182306190  -0.0126827410  -0.0124612244
        0.0004987996  -0.0007417450   0.0003212476  -0.0003549862  -0.0000861004
        0.0006120976  -0.0001154990  -0.0001145604   0.0000712423   0.0000993603
       -0.0002032757   0.0000248361   0.0000076093  -0.0001515125   0.0002608081
        0.0002204600  -0.0001971671   0.0000336213  -0.0001025542  -0.0001358837
       -0.0003970180   0.0000792354   0.0001144690   0.0001933946   0.0000330392
        0.0001064712  -0.0000930282  -0.0001325833  -0.0000835561  -0.0000019675
        0.0079197103  -0.0650653831  -0.0146041127  -0.0079058892   0.0040485249
        0.0179566039   0.0005857120   0.0018175713  -0.0013111038   0.0182674952
       -0.0232746620   0.0134565769   0.0487055087  -0.0983262064   0.0172550694
        0.0481077237   0.4875140599  -0.0350664783  -0.0026400301  -0.0032481679
       -0.0141354763  -0.0067473344   0.0068426822  -0.0038660982  -0.0459465517
       -0.0836351078  -0.0252573205   0.0087700357  -0.0085061042  -0.0163328859
       -0.0005138513  -0.0015324175  -0.0020411115   0.0010450761   0.0014003412
        0.0006447200   0.0000784698   0.0000087251  -0.0008150796  -0.0019768670
       -0.0034109256   0.0035942242   0.0042886202  -0.0040542825  -0.0018430073
       -0.0000281320  -0.0001370637  -0.0002498505   0.0000050367   0.0000158912
       -0.0001452807  -0.0000513338  -0.0001239786   0.0000073825   0.0005911643
        0.0004449599  -0.0002803983  -0.0014241869  -0.0053623064   0.0025504419
        0.0058206103  -0.0027373991   0.0011664472  -0.0572255474  -0.1842296665
        0.0812834005  -0.0007314614  -0.0007462540  -0.0009846662  -0.0001884747
       -0.0002556049  -0.0005801662  -0.0188865532  -0.0163660836  -0.0183644807
        0.0010327942  -0.0003654305  -0.0014877026  -0.0002707533   0.0004636315
       -0.0004636756  -0.0009350128  -0.0007289205  -0.0001146450   0.0001239698
        0.0001462365  -0.0001515226   0.0001484903  -0.0001448129   0.0001146485
       -0.0001194603  -0.0004827985   0.0000346948   0.0000792061   0.0000646963
        0.0000881997   0.0000302903  -0.0000869711  -0.0000078568   0.0000322115
        0.0000323027  -0.0000049174  -0.0000406856   0.0000209246  -0.0000445726
        0.0405727425  -0.0128008750  -0.1285105030   0.0072120363   0.0032608312
       -0.0163386415  -0.0007537216  -0.0015773861   0.0005656172  -0.0071947399
        0.0106947668  -0.0046036296  -0.0127570701   0.0181499503  -0.0643349912
        0.0193321409  -0.0350664783   0.4782318496  -0.0071877456  -0.0074610581
       -0.0243941470  -0.0175205155   0.0043994632  -0.0146994587  -0.0806381968
       -0.0433578761  -0.1529314647   0.0065088467  -0.0064490365  -0.0032565570
       -0.0008845409  -0.0013620928  -0.0023063876   0.0003615293   0.0000443035
        0.0007574190  -0.0000140485   0.0005616637  -0.0017898561   0.0010990773
        0.0015457244  -0.0010155474  -0.0022899144   0.0027422730   0.0029149496
        0.0001108796  -0.0004171922  -0.0002292405   0.0001008214  -0.0003330441
        0.0003226389  -0.0001238017   0.0000664079  -0.0002126537  -0.0004090162
       -0.0012889871   0.0000748737   0.0000077363   0.0017369841  -0.0005687609
        0.0179231845  -0.0106914614   0.0057349170   0.0345034049   0.0803998620
       -0.0859558264  -0.0013705111  -0.0011469845  -0.0015871571   0.0002547297
        0.0005211319   0.0001118397   0.0049724201  -0.0025617256   0.0128815498
       -0.0007040361   0.0014643276   0.0007649716  -0.0008458303   0.0003757542
        0.0002307582  -0.0007230670  -0.0006374310   0.0003904851   0.0003360610
       -0.0000158843  -0.0002319916  -0.0001164038  -0.0001871787   0.0001051475
        0.0001943729  -0.0000674355   0.0001544549  -0.0000000676  -0.0005451292
       -0.0003194998   0.0001942707  -0.0000301159  -0.0000064314   0.0000127483
        0.0000685833   0.0000594163  -0.0001637753  -0.0000346548  -0.0000081431
       -0.1273932872  -0.0274674815  -0.0434967214  -0.0147755746  -0.0107623123
       -0.0041043025  -0.0001138360   0.0002864311  -0.0000716043  -0.0005834533
       -0.0002668978  -0.0000163404   0.0021838969   0.0033376730   0.0042394890
        0.0009829438  -0.0026400301  -0.0071877456   0.4147707570   0.0100513644
       -0.0092791214  -0.1325817300   0.0566408301   0.0385440658   0.0004407513
        0.0014136375   0.0013185419  -0.0225056882  -0.0002787246  -0.0113293545
       -0.0295292663   0.0180191494   0.0095994934   0.0001427488  -0.0019475015
        0.0010838854  -0.0004824654  -0.0002368820  -0.0002786879   0.0003770647
        0.0002235516  -0.0014538821   0.0002147698  -0.0013449651  -0.0023825211
       -0.0000626085  -0.0000100819   0.0000191170  -0.0000459950   0.0000590698
       -0.0000602824   0.0000495175  -0.0000639018  -0.0001043484  -0.0000256101
       -0.0000515653   0.0000172420   0.0000729113  -0.0000367939  -0.0000311263
       -0.0005782089   0.0007139174  -0.0004696702   0.0002014746   0.0001329000
        0.0004926016  -0.0419916576  -0.0037956560   0.0192894006  -0.0463177660
       -0.0445452472   0.0075458972  -0.0001090420  -0.0001888770   0.0000906339
        0.0007091826  -0.0012475481   0.0005191156  -0.0026173449   0.0027648448
       -0.0006455631   0.0012206285  -0.0002838122   0.0019501076  -0.0028812961
        0.0021757128  -0.0031559799  -0.0000360303   0.0000593871  -0.0003169988
       -0.0000430008  -0.0000591012   0.0000731116   0.0012493359  -0.0006070441
       -0.0003221531   0.0000697774  -0.0000165302  -0.0000769120  -0.0000053331
       -0.0000469830   0.0000008689  -0.0000065659   0.0000194680  -0.0000002562
       -0.0267329661  -0.0723257857  -0.0160402961  -0.0206183536  -0.0122696021
       -0.0078187800  -0.0000833887  -0.0001870376   0.0002922956  -0.0002519824
        0.0006364551   0.0005268089   0.0105242185  -0.0106884209  -0.0169373806
       -0.0040052313  -0.0032481679  -0.0074610581   0.0100513644   0.4922170621
       -0.0020841340   0.0527113431  -0.1048618173  -0.0315775558   0.0007287328
        0.0000921208  -0.0014959672   0.0144329060   0.0035601950   0.0103127186
        0.0084563345  -0.0026403953   0.0008725062  -0.0009542908  -0.0031598183
        0.0021471354  -0.0005536256  -0.0001708160  -0.0003286948   0.0001581232
        0.0005338985  -0.0008946188   0.0006818069   0.0004675746   0.0005201282
       -0.0002857920   0.0000471968  -0.0002524573  -0.0002391499  -0.0000019975
       -0.0002794688  -0.0006641362  -0.0012797154   0.0000107756  -0.0000463702
        0.0001059087  -0.0000342921   0.0000578565   0.0000700354  -0.0001447099
       -0.0010112550  -0.0016113254  -0.0022864148  -0.0000090599   0.0004552074
        0.0004742305  -0.0038791362  -0.0414251023   0.0296279498  -0.0416971168
       -0.2479308945   0.0442889293  -0.0000199741  -0.0002481834   0.0000281704
        0.0015778762   0.0008895449   0.0005069095   0.0033099439  -0.0026172815
        0.0007813916  -0.0014515773  -0.0024279172   0.0025852879   0.0010011179
        0.0072822706  -0.0050187904  -0.0000549997   0.0001489001  -0.0004840412
       -0.0000606766  -0.0000730775   0.0001788365  -0.0008904501   0.0006098484
       -0.0000841119  -0.0000891902  -0.0000272710   0.0000685364   0.0000009143
        0.0000355457  -0.0000345810  -0.0000938154   0.0000428627   0.0000347426
       -0.0418489277  -0.0156310573  -0.0905698992   0.0066388492   0.0027652086
        0.0036441502   0.0001179791   0.0000529287  -0.0003784467   0.0001420161
       -0.0005874787  -0.0013911456   0.0077332039  -0.0173046227  -0.0133747951
       -0.0161796532  -0.0141354763  -0.0243941470  -0.0092791214  -0.0020841340
        0.5297685013   0.0341800007  -0.0288273252  -0.0816371600   0.0004525164
       -0.0026374187  -0.0073271479  -0.0050946711   0.0002313123  -0.0026584588
       -0.0015990411   0.0039462812   0.0037276716   0.0004304880   0.0017240374
       -0.0009147697   0.0004349673   0.0000148034   0.0000731946   0.0015550311
        0.0011184954   0.0011983994   0.0009979943   0.0001790870   0.0008183993
        0.0000456734   0.0000494080   0.0001034682   0.0000918952   0.0001156856
        0.0001471252   0.0000966234   0.0006692094   0.0003864802  -0.0002098036
       -0.0002502836   0.0001632397  -0.0000741667  -0.0000347924   0.0000496303
       -0.0011946994  -0.0025241525  -0.0026778830  -0.0011306687  -0.0009304301
        0.0000229523   0.0210097804   0.0289834942  -0.2689818269   0.0073940880
        0.0469524839  -0.0499999498   0.0003292575   0.0000731111  -0.0002001229
       -0.0002285392  -0.0005053424   0.0000729604  -0.0006798008   0.0003270002
        0.0004345070   0.0004404597   0.0029137592  -0.0013018808  -0.0038212480
       -0.0047118487   0.0048854802   0.0000728918   0.0000195756   0.0002935350
       -0.0000038928   0.0000710564  -0.0000520606  -0.0008681055  -0.0000321506
        0.0000059187  -0.0000396277   0.0000030366   0.0000229438  -0.0000263965
        0.0000083910   0.0000196194   0.0001146482  -0.0000218518   0.0000215175
       -0.0311744777   0.0113724582  -0.0013498954   0.0001172267   0.0003587749
        0.0000663748  -0.0006632631  -0.0007416941  -0.0002901213  -0.0075233481
       -0.0132435258  -0.0066242935  -0.0778789357  -0.0211813072  -0.0346028052
       -0.0183024558  -0.0067473344  -0.0175205155  -0.1325817300   0.0527113431
        0.0341800007   0.8213332177  -0.0520716771   0.1784174234  -0.0047264070
        0.0022758717  -0.0022406221  -0.0039059575  -0.0012412016  -0.0017631087
       -0.5076125501   0.0114719296  -0.1556408454  -0.0005766419  -0.0001362667
       -0.0002575968   0.0001180753   0.0000330213   0.0000017142  -0.0003067845
       -0.0000294551   0.0001512243   0.0005505115  -0.0003938683  -0.0002595554
        0.0001301051   0.0000823647   0.0001076756  -0.0000087308  -0.0000121348
       -0.0001246766   0.0002901168  -0.0008696453   0.0005131871  -0.0008666195
       -0.0024630490  -0.0001489291   0.0003969330   0.0014705730   0.0000398528
        0.0065367171   0.0077840525   0.0137037886   0.0003369291  -0.0004748241
       -0.0003727132  -0.0044323277   0.0052618714   0.0055688737   0.0005625487
        0.0044129217   0.0008650844  -0.0002876195  -0.0001194616  -0.0002073938
        0.0000260174  -0.0000988856  -0.0000981924  -0.0007499740   0.0008120369
       -0.0003519608  -0.0120863331  -0.0026298775  -0.0068958532  -0.0266924391
        0.0039991334  -0.0052066977   0.0001082945   0.0000708282   0.0000929057
        0.0000177566  -0.0000294071  -0.0000100977  -0.0001863710   0.0003005670
        0.0002451942  -0.0000668144   0.0000328902  -0.0000182140  -0.0000134678
        0.0000184805  -0.0000152784   0.0001187990   0.0000144970   0.0000460669
        0.0025029358   0.0041580231   0.0040181014  -0.0003381469  -0.0003620836
       -0.0002582864  -0.0008525789   0.0000771669  -0.0002740170  -0.0163209090
       -0.0229948656  -0.0171683071  -0.0261220478  -0.0982034576  -0.0612510242
       -0.0004533280   0.0068426822   0.0043994632   0.0566408301  -0.1048618173
       -0.0288273252  -0.0520716771   0.3023698499   0.1373724237   0.0046012222
       -0.0005088361   0.0019070661   0.0001079115  -0.0002158285  -0.0010641372
        0.0118812745  -0.0517783945  -0.0195829250  -0.0000020409  -0.0001497498
        0.0001396559  -0.0000540342  -0.0000639913  -0.0001306784   0.0001921743
        0.0000278955  -0.0001436076   0.0000542329  -0.0000870042  -0.0000404450
        0.0000339252  -0.0000613909  -0.0000646369   0.0001392466  -0.0001140540
       -0.0003936733  -0.0006499677  -0.0002909492   0.0007970230  -0.0022282640
       -0.0049407741   0.0012133882   0.0002527649   0.0003528018  -0.0005209346
       -0.0010310160  -0.0039591944  -0.0060479904   0.0008203206  -0.0000934907
        0.0008627746  -0.0007215671   0.0007365344  -0.0021617663   0.0233448968
       -0.0218835794  -0.0110672655  -0.0003943966  -0.0001850552   0.0001192806
        0.0000531962  -0.0000477384   0.0000238368  -0.0002598624   0.0002276258
        0.0000297179  -0.0180738173  -0.0017496684  -0.0071198787   0.0188155354
       -0.0019865921   0.0052346074  -0.0000120091   0.0000149264  -0.0000125579
        0.0000087970  -0.0000693023  -0.0000054245   0.0000796214  -0.0002020318
        0.0000167533   0.0000530223  -0.0000086154   0.0000118086   0.0000172458
        0.0000176410   0.0000025499  -0.0000134906  -0.0000066822  -0.0000135694
       -0.0043399478   0.0036612848   0.0036699457  -0.0003775523   0.0000209443
       -0.0001930318   0.0010969541   0.0005365505   0.0007607345  -0.0014478262
       -0.0048752550   0.0081060388  -0.0350584681  -0.0549632139  -0.1410399825
       -0.0198636408  -0.0038660982  -0.0146994587   0.0385440658  -0.0315775558
       -0.0816371600   0.1784174234   0.1373724237   0.3767496506  -0.0018739610
        0.0015360355  -0.0012991350  -0.0017666856  -0.0007005596  -0.0017084040
       -0.1544575221  -0.0196409644  -0.1100381705  -0.0000721811  -0.0000187008
        0.0000768655   0.0000761018  -0.0000935123  -0.0001363169   0.0001910184
       -0.0000520386  -0.0001511635   0.0003425083  -0.0003940616  -0.0004800847
       -0.0000035030  -0.0000896710  -0.0000482703   0.0000979699   0.0000398691
       -0.0003805594   0.0003407398   0.0009684433  -0.0005534506   0.0009238520
        0.0027899374  -0.0003587814   0.0003366142   0.0005196682   0.0002813680
       -0.0071468560  -0.0135479733  -0.0181420234  -0.0002950635  -0.0005205749
       -0.0001895486   0.0221778684  -0.0168557348  -0.0127841602  -0.0028404622
        0.0008741229   0.0027097326  -0.0003467817   0.0000062643   0.0000165382
        0.0000027724  -0.0000338033   0.0000508998  -0.0006942266   0.0004233193
       -0.0001000776  -0.0247710195  -0.0017708368  -0.0116743831   0.0126823533
        0.0002036946   0.0032516914   0.0000299200   0.0000228406   0.0000060400
       -0.0001348156  -0.0000384490  -0.0000073042   0.0002195242   0.0000217218
       -0.0000444914   0.0000097568  -0.0000008979  -0.0000135561   0.0000134936
        0.0000178366   0.0000021032  -0.0000124232   0.0000249443  -0.0000020945
        0.0050573566   0.0000845568  -0.0010877004  -0.0002011049  -0.0004309804
        0.0001071689   0.0001381915   0.0001652813   0.0001725684   0.0009486952
       -0.0011809208   0.0005370526  -0.0230434502  -0.0100340167  -0.0269911478
       -0.1139010851  -0.0459465517  -0.0806381968   0.0004407513   0.0007287328
        0.0004525164  -0.0047264070   0.0046012222  -0.0018739610   0.2878036885
        0.2297891429   0.0136702428  -0.0010818023   0.0008437108   0.0000731609
       -0.0004157269  -0.0011334670  -0.0015803219  -0.0008068007  -0.0023193452
       -0.0001215964  -0.0025021066  -0.0013795443   0.0056822314  -0.0001158584
        0.0000697169  -0.0003164277   0.0007246953  -0.0005747120  -0.0002537761
       -0.0001600464   0.0001348052   0.0002890891  -0.0000206772   0.0001268805
       -0.0001625467   0.0000168341  -0.0000715619   0.0000213162  -0.0000425843
       -0.0001818733   0.0003244295  -0.0002060878  -0.0002458993   0.0000880196
        0.0002937110  -0.0000425273   0.0004128431  -0.0172186170  -0.0179891450
       -0.0118774594  -0.0001015439   0.0000117043  -0.0001752196  -0.0001311505
        0.0000263816   0.0001689132  -0.1305967307  -0.1539652526   0.1032743693
       -0.0002575663  -0.0003023580   0.0000203747   0.0009639331  -0.0001888346
       -0.0000690884  -0.0007820017  -0.0007260051   0.0000115688   0.0001659372
        0.0001148171  -0.0001306583   0.0002439304  -0.0000466788   0.0001488051
       -0.0006312988  -0.0000479328  -0.0001519366   0.0000975460   0.0002037895
        0.0001731817  -0.0000306350  -0.0000476338  -0.0002295353  -0.0001185805
       -0.0001208289   0.0000920217   0.0001965921   0.0000753277  -0.0000603012
       -0.0062525935  -0.0058168446  -0.0131606235  -0.0001566747  -0.0003032428
        0.0005753361   0.0004130600   0.0000337319   0.0001852502   0.0002667145
       -0.0000864426   0.0002746678   0.0048054911   0.0095407777   0.0055727924
       -0.0513753180  -0.0836351078  -0.0433578761   0.0014136375   0.0000921208
       -0.0026374187   0.0022758717  -0.0005088361   0.0015360355   0.2297891429
        0.2886502020  -0.0743328190  -0.0006996233   0.0008340480  -0.0003969228
        0.0002181821   0.0002815905   0.0003387388  -0.0006800032  -0.0024133387
       -0.0009882674  -0.0021556468  -0.0012985915   0.0048305209  -0.0000771253
        0.0000078898  -0.0001627337   0.0003956174  -0.0002603872  -0.0006496494
       -0.0003480877   0.0005471527   0.0003376648  -0.0000547187   0.0001541356
       -0.0001540650  -0.0000031508   0.0000448937   0.0001337748   0.0008392208
        0.0005539385   0.0005542520   0.0000527672   0.0005558911  -0.0000657080
       -0.0012354583   0.0001221962   0.0001830703  -0.0251521396  -0.0193596356
       -0.0190761214  -0.0007711443  -0.0000913664  -0.0006699532   0.0000616483
        0.0002393626   0.0001566290  -0.1495930191  -0.1887914374   0.1397752787
       -0.0001890406   0.0002067232   0.0001297287  -0.0003449393   0.0001653061
        0.0003632525   0.0001315828   0.0000535581   0.0000944369  -0.0001644582
        0.0000469804   0.0000345793  -0.0002216257  -0.0000775571   0.0002967983
       -0.0008592076   0.0003885028   0.0000850018   0.0000125493   0.0000816653
        0.0001935975  -0.0001889104   0.0000936449   0.0000613816  -0.0001131255
       -0.0000126025  -0.0000601280  -0.0000394750  -0.0000389215  -0.0000005017
       -0.0209406459  -0.0191022154  -0.0281555501  -0.0002348976  -0.0000981956
        0.0019352742   0.0002801808   0.0001350840   0.0001009092  -0.0005085003
       -0.0013296485   0.0001581018  -0.0167369315  -0.0040336665  -0.0134843227
       -0.0592088914  -0.0252573205  -0.1529314647   0.0013185419  -0.0014959672
       -0.0073271479  -0.0022406221   0.0019070661  -0.0012991350   0.0136702428
       -0.0743328190   0.3285771944  -0.0016624605   0.0017089191  -0.0003164200
       -0.0003744472  -0.0007033160  -0.0008724088   0.0007977359   0.0017229443
       -0.0009330956   0.0025753058   0.0010297135  -0.0023865870  -0.0000809388
       -0.0001075532   0.0000531816   0.0008209551  -0.0009289150  -0.0005220095
        0.0000536679   0.0001066014   0.0000452278   0.0001139687   0.0001959975
       -0.0000608926  -0.0000249310  -0.0001616670   0.0001283077   0.0003290460
        0.0006986213   0.0000554014   0.0000653270   0.0000821167   0.0001282992
       -0.0009735641   0.0003667351   0.0000944855   0.0018644519  -0.0008720759
        0.0068298670  -0.0016703657  -0.0005881787  -0.0013641223  -0.0001360249
       -0.0000796322   0.0000010116   0.0829284149   0.1206877552  -0.1282128500
       -0.0002512349  -0.0001872568  -0.0000003784   0.0002437595   0.0001844670
        0.0000677195  -0.0003964279  -0.0003060906   0.0000024783  -0.0000401675
        0.0001108700  -0.0000271134   0.0002262426   0.0002849847  -0.0004646296
        0.0001845352   0.0000215567  -0.0000415696   0.0000561309   0.0003254852
        0.0002096058  -0.0001297133  -0.0000040497  -0.0000175903   0.0000048914
       -0.0000474371  -0.0000340542   0.0000773662   0.0000670870   0.0000642771
       -0.1063784667   0.0475009724  -0.0176629192   0.0063057713  -0.0041396387
       -0.0004786094  -0.0005684767  -0.0020451665   0.0011982545  -0.0001449551
        0.0002729717   0.0001256614  -0.0010458250   0.0006289778   0.0005889232
       -0.0084032986   0.0087700357   0.0065088467  -0.0225056882   0.0144329060
       -0.0050946711  -0.0039059575   0.0001079115  -0.0017666856  -0.0010818023
       -0.0006996233  -0.0016624605   0.5029999493   0.0506128282   0.0281787896
       -0.0009241055   0.0005738840   0.0004976129   0.0010216926  -0.0008658143
        0.0000542641  -0.0002284094  -0.0000020424   0.0001271451   0.0003715047
       -0.0000517143   0.0004845988  -0.1025287365   0.0201657482   0.0681406478
        0.0000168739   0.0008651997   0.0001325419   0.0002850925  -0.0007656382
        0.0001561119   0.0000429698   0.0000152273   0.0000639048  -0.0000682630
       -0.0000689975  -0.0000681536   0.0000943841  -0.0000760206   0.0000105105
       -0.0000352969   0.0000759099  -0.0001382489  -0.0001160203   0.0008756795
       -0.0002740592  -0.0004243747   0.0000706036  -0.0003034869  -0.0000705452
        0.0017906603  -0.0003075406   0.0003225255  -0.0000596475   0.0000735296
       -0.0849083463  -0.0726691888   0.0366795921  -0.1892446374  -0.0557926718
       -0.0946833744   0.0000532163   0.0000880644   0.0000614576  -0.0002618595
       -0.0000255152  -0.0001155531  -0.0000959954  -0.0000715876  -0.0001132011
       -0.0000371808   0.0000006948   0.0000482680   0.0132350993  -0.0077725983
       -0.0215984570  -0.0016740477  -0.0014265572   0.0012585075  -0.0000099146
       -0.0001673828  -0.0001254883  -0.0000868760  -0.0001484698   0.0000037408
        0.0522975252  -0.1206128842   0.0182058052   0.0112211809  -0.0229356997
        0.0056835632  -0.0015707532  -0.0029851037   0.0021095422  -0.0002156965
       -0.0001667207  -0.0000247416   0.0000774292  -0.0001311146  -0.0007179736
        0.0090584071  -0.0085061042  -0.0064490365  -0.0002787246   0.0035601950
        0.0002313123  -0.0012412016  -0.0002158285  -0.0007005596   0.0008437108
        0.0008340480   0.0017089191   0.0506128282   0.4508795334  -0.0012656642
       -0.0001745670   0.0002009769   0.0002267092  -0.0000148044  -0.0002333075
       -0.0001486811   0.0002702921   0.0000587326  -0.0002049547   0.0003832743
        0.0004685466  -0.0004518112   0.0103551287  -0.0639548338  -0.0478454927
        0.0001747057  -0.0004159845   0.0002635614   0.0007115289  -0.0008124625
        0.0001626143   0.0000521603  -0.0002367688   0.0000231594   0.0000850187
        0.0000076588   0.0000814037  -0.0002213433   0.0001800471   0.0000041001
       -0.0001381373   0.0000597024   0.0002129423  -0.0010632958   0.0006606627
        0.0011819769  -0.0004893491   0.0001120061  -0.0003020797  -0.0016865199
        0.0005996642  -0.0005710870  -0.0002551249  -0.0006292134  -0.0001348390
       -0.0738704682  -0.1641780555   0.0736071003  -0.0576070927  -0.0637500786
       -0.0336826434  -0.0000581180  -0.0000491009  -0.0000580670  -0.0002791435
        0.0001342825   0.0000068874   0.0000898620   0.0000073776   0.0001787625
        0.0000046646  -0.0000133262   0.0000255931   0.0038518007  -0.0076243299
       -0.0120804287  -0.0007861303  -0.0002309039   0.0005439643  -0.0001720215
       -0.0001449606   0.0000826720   0.0000329744   0.0000633479   0.0000974713
       -0.0163543379   0.0165894734  -0.0596712699  -0.0068841618   0.0095870165
       -0.0011653759   0.0012778290   0.0023284623  -0.0010832304   0.0001552328
       -0.0000936097  -0.0001190532   0.0029498739  -0.0016359143  -0.0031548517
        0.0172628876  -0.0163328859  -0.0032565570  -0.0113293545   0.0103127186
       -0.0026584588  -0.0017631087  -0.0010641372  -0.0017084040   0.0000731609
       -0.0003969228  -0.0003164200   0.0281787896  -0.0012656642   0.4570806013
       -0.0005832830   0.0004379166   0.0003029144  -0.0005394153  -0.0008169414
        0.0006764191   0.0000827358   0.0000716185  -0.0002110703  -0.0003072236
        0.0003299067  -0.0006677104   0.0422561701  -0.0470269551  -0.1727849218
        0.0000528727  -0.0001905778  -0.0013400961  -0.0004343660   0.0008131939
       -0.0001081395  -0.0000759299  -0.0000837030  -0.0000112002   0.0000414535
       -0.0000362873  -0.0000434742  -0.0000166560  -0.0000671729  -0.0000092191
        0.0010105681  -0.0006032247   0.0001988680   0.0008707933  -0.0016818970
        0.0001013223  -0.0009547062   0.0003754502  -0.0010652620   0.0007684489
       -0.0001169041   0.0014396461  -0.0000003500  -0.0000023775  -0.0000248731
        0.0377065248   0.0726920871  -0.0811999904  -0.0998164961  -0.0348877745
       -0.1040259245  -0.0000198147   0.0000037053   0.0000531108  -0.0002076063
        0.0000552439  -0.0000352788  -0.0000282321  -0.0000219632  -0.0000041148
        0.0000369685  -0.0000801681  -0.0000084809   0.0045024146  -0.0090599632
       -0.0251712254   0.0022193931   0.0014960912   0.0001934008   0.0001590744
        0.0004796083  -0.0001606826  -0.0002901495  -0.0001074486  -0.0000409979
       -0.0027987573   0.0020121268   0.0010728254  -0.0002358168  -0.0001125947
       -0.0000263863   0.0001640046   0.0001858789  -0.0000377215   0.0009233311
        0.0022662224  -0.0006493217  -0.0157485231  -0.0076807878  -0.0110117715
        0.0000356571  -0.0005138513  -0.0008845409  -0.0295292663   0.0084563345
       -0.0015990411  -0.5076125501   0.0118812745  -0.1544575221  -0.0004157269
        0.0002181821  -0.0003744472  -0.0009241055  -0.0001745670  -0.0005832830
        0.7858512631  -0.0829364070   0.1517087045   0.0000021149  -0.0000321086
        0.0000181362   0.0000001513  -0.0000147515   0.0000046879   0.0000114575
        0.0000053108  -0.0001415448   0.0001196389   0.0000020049  -0.0000925317
       -0.0000127193  -0.0000090959  -0.0000020545   0.0000791425   0.0000877397
        0.0000581980  -0.0004720864  -0.0002504961   0.0002418812   0.0001102127
       -0.0001291407   0.0002067973   0.0001470703  -0.0000884127  -0.0000371805
        0.0004830116   0.0010391712   0.0008414649  -0.0001410869   0.0001657582
       -0.0000479018   0.0002071447  -0.0007552037  -0.0014270191  -0.0001094995
       -0.0012707275  -0.0006370266   0.0000389158   0.0000857729   0.0000616241
       -0.0000251756  -0.0000789130   0.0000689627  -0.0001836282   0.0001857925
       -0.0000061795  -0.0641916908  -0.0409055773  -0.0595018914  -0.1658357363
        0.1084662845   0.0772962576  -0.0000010010  -0.0000032091  -0.0000114928
       -0.0000069092   0.0000207823  -0.0000008685   0.0000248279  -0.0000929578
       -0.0000300126   0.0000436386  -0.0000212036  -0.0000127813   0.0000035267
       -0.0000012826  -0.0000059681  -0.0000008304  -0.0000073485  -0.0000010513
        0.0020392825  -0.0015279985  -0.0010707899   0.0002135101   0.0000623753
        0.0001122552   0.0000623272  -0.0001816583   0.0000076965  -0.0008594912
       -0.0006845298  -0.0010165947  -0.0159455117  -0.0004813476  -0.0071250018
        0.0000140548  -0.0015324175  -0.0013620928   0.0180191494  -0.0026403953
        0.0039462812   0.0114719296  -0.0517783945  -0.0196409644  -0.0011334670
        0.0002815905  -0.0007033160   0.0005738840   0.0002009769   0.0004379166
       -0.0829364070   0.3078963996   0.2226795554   0.0000107839   0.0000475785
       -0.0000947315   0.0000011150   0.0000150433   0.0000013400  -0.0000448349
       -0.0000305453   0.0000416521  -0.0000214429   0.0000730552   0.0000408167
       -0.0000304708   0.0000242644   0.0000201832  -0.0000231603   0.0000051246
       -0.0000187750  -0.0001376464  -0.0000797626  -0.0001384008  -0.0003111662
       -0.0004758920  -0.0000020236  -0.0001367383   0.0003415540  -0.0000016592
       -0.0007466283   0.0000047623  -0.0002052522  -0.0000566769   0.0000450190
       -0.0001302357   0.0009804476   0.0002609504   0.0000948663   0.0014261592
        0.0000725169  -0.0004559965   0.0001005931   0.0000114659  -0.0000247376
       -0.0000334014   0.0001025680  -0.0000702301   0.0002214611  -0.0001532056
        0.0000095461  -0.0401234220  -0.1232752874  -0.1213133202   0.1075272822
       -0.1266885144  -0.0741322489  -0.0000214932   0.0000023208   0.0000206024
        0.0000334748   0.0000430761   0.0000201925  -0.0000943173   0.0000257903
        0.0000619217  -0.0000343438   0.0000039709   0.0000115176  -0.0000010548
        0.0000048128  -0.0000036597  -0.0000037802   0.0000047327   0.0000036871
        0.0014984802  -0.0014227201  -0.0004512808  -0.0000495960  -0.0000341599
        0.0000391528   0.0001309873   0.0001415711  -0.0001928279  -0.0005087630
        0.0009481863  -0.0012594454  -0.0235622581  -0.0043629751  -0.0118342535
       -0.0010279072  -0.0020411115  -0.0023063876   0.0095994934   0.0008725062
        0.0037276716  -0.1556408454  -0.0195829250  -0.1100381705  -0.0015803219
        0.0003387388  -0.0008724088   0.0004976129   0.0002267092   0.0003029144
        0.1517087045   0.2226795554   0.4008040068   0.0000000148  -0.0000368913
       -0.0000392868   0.0000237321  -0.0000200782   0.0000574577  -0.0000644432
       -0.0000253100   0.0000423439  -0.0000411754  -0.0000122774   0.0001411859
        0.0000151279   0.0000267763   0.0000205156   0.0000119676   0.0000541509
        0.0001388991   0.0001155564   0.0000410936   0.0002877516  -0.0000880610
       -0.0006694821   0.0002545092   0.0000490068  -0.0002078247  -0.0000805736
       -0.0008454002   0.0003601640   0.0007266840   0.0000994750  -0.0001115796
        0.0000277863   0.0008550590  -0.0008029915   0.0002536783   0.0009343397
       -0.0009610735   0.0004165589   0.0000575609   0.0000242009  -0.0000389338
       -0.0000101883  -0.0000309347  -0.0000099172   0.0001810615  -0.0001295165
        0.0000189195  -0.0582748901  -0.1217026371  -0.1919836824   0.0759669282
       -0.0737023549  -0.0881550113   0.0000029599   0.0000171491   0.0000089627
        0.0000209207   0.0000394266  -0.0000083652  -0.0000620802   0.0000839802
       -0.0000176215  -0.0000181370   0.0000055047  -0.0000019928  -0.0000173167
       -0.0000059592   0.0000133960   0.0000223950   0.0000030893   0.0000077648
       -0.0133911166  -0.0127272101  -0.0010175343  -0.1533479077  -0.0305128133
       -0.0433888427  -0.0244470875   0.0003611715  -0.0091011162  -0.0005650282
        0.0002275165   0.0001326622  -0.0004534557   0.0001305257   0.0000952549
        0.0003118070   0.0010450761   0.0003615293   0.0001427488  -0.0009542908
        0.0004304880  -0.0005766419  -0.0000020409  -0.0000721811  -0.0008068007
       -0.0006800032   0.0007977359   0.0010216926  -0.0000148044  -0.0005394153
        0.0000021149   0.0000107839   0.0000000148   0.4773803127   0.0228401519
        0.0270914275  -0.0825631558  -0.0372812610  -0.0342515068  -0.0009844281
       -0.0032739369  -0.0025908433  -0.0005525723   0.0001586393   0.0005685828
       -0.1604315707   0.0490566666   0.0463312099   0.0003403029  -0.0009037949
        0.0001106079  -0.0024564142   0.0017270545  -0.0004880037   0.0003257053
        0.0002675583  -0.0000375847   0.0000991713   0.0000488634   0.0001035545
        0.0002227342   0.0000014869  -0.0001257229  -0.0000303789  -0.0001499512
       -0.0003640021   0.0000499007  -0.0000870574   0.0000617464  -0.0001844630
        0.0000542559  -0.0001637096   0.0001226550   0.0002446080   0.0014594617
       -0.0003261898   0.0003064333  -0.0001013800   0.0005193984   0.0002775382
       -0.0003464775   0.0000577733   0.0000459772   0.0000712041   0.0000833561
       -0.0000415335  -0.0000253431  -0.0084426226  -0.0227861582  -0.0194042164
        0.0008113977   0.0195555409   0.0157741522  -0.0002926706  -0.0003331438
       -0.0001775866   0.0030420609   0.0018627656   0.0007923125  -0.0082760915
        0.0036241324   0.0094983612  -0.0264045361   0.0079012537   0.0085151606
       -0.0191717471  -0.0112714970  -0.0071780314  -0.0307404988  -0.0699488915
       -0.0181511055   0.0140036121   0.0051103902   0.0084668688   0.0001964274
        0.0000574638  -0.0001045707  -0.0000908788  -0.0000817939  -0.0001251890
        0.0008976784   0.0014003412   0.0000443035  -0.0019475015  -0.0031598183
        0.0017240374  -0.0001362667  -0.0001497498  -0.0000187008  -0.0023193452
       -0.0024133387   0.0017229443  -0.0008658143  -0.0002333075  -0.0008169414
       -0.0000321086   0.0000475785  -0.0000368913   0.0228401519   0.5353432423
        0.3242602388  -0.0419567773  -0.3265770767  -0.2416673827  -0.0097383996
       -0.0047213913  -0.0085985950  -0.0002482038   0.0002975248  -0.0004173632
        0.0504980260  -0.0892647127  -0.0267393008   0.0016957008   0.0000097511
        0.0009032609   0.0031418235  -0.0028451905   0.0011443956   0.0000956669
       -0.0001522237  -0.0002950023   0.0000648870  -0.0001518610  -0.0002549973
        0.0000918598  -0.0000574790  -0.0000023549  -0.0001485475  -0.0003720586
       -0.0001593050   0.0001400099  -0.0000463824   0.0001767928  -0.0009628747
       -0.0005111586  -0.0002314587   0.0035493428   0.0029763522  -0.0028310000
        0.0001219345   0.0003775852   0.0001389057   0.0001260577  -0.0007309689
        0.0008870014  -0.0000019639  -0.0000243992   0.0000052354   0.0000025201
       -0.0000023387  -0.0000064510  -0.0052659176  -0.0102606406  -0.0074018134
        0.0011858299  -0.0138356777  -0.0110956581   0.0001119540  -0.0001487166
        0.0001372089   0.0235347578  -0.0153520661  -0.0149681358  -0.0067758687
        0.0047693173   0.0008894122  -0.0018955261   0.0019231923   0.0005996428
        0.0072224443  -0.0011260270   0.0075025364  -0.0303164039  -0.0126200838
       -0.0808188138  -0.0054097302   0.0018242361  -0.0004813042  -0.0000940179
       -0.0001189144  -0.0001358109  -0.0000797951  -0.0000814185  -0.0001686586
        0.0005972856   0.0006447200   0.0007574190   0.0010838854   0.0021471354
       -0.0009147697  -0.0002575968   0.0001396559   0.0000768655  -0.0001215964
       -0.0009882674  -0.0009330956   0.0000542641  -0.0001486811   0.0006764191
        0.0000181362  -0.0000947315  -0.0000392868   0.0270914275   0.3242602388
        0.4491647560  -0.0386389517  -0.2482467038  -0.2356361765  -0.0255250249
       -0.0141843998  -0.0175417449   0.0000468527   0.0004475029  -0.0005384152
        0.0479347261  -0.0276527727  -0.0848069808  -0.0005628994  -0.0001397945
        0.0006375754  -0.0011349970   0.0004421268   0.0005406703   0.0002611462
       -0.0001877653  -0.0003041215   0.0000224384   0.0000044546  -0.0001279170
        0.0000839585   0.0000026294  -0.0000575182  -0.0002351656  -0.0002098855
       -0.0000581510  -0.0000976019  -0.0000033279   0.0000131612   0.0006298713
        0.0003566595   0.0003735966   0.0040180564   0.0026552721  -0.0032149735
        0.0000606599   0.0001623040  -0.0000746210  -0.0000671292   0.0004217160
        0.0002890420  -0.0000229708  -0.0000078951  -0.0000095750   0.0000585543
       -0.0000325214  -0.0000232719  -0.0047466144  -0.0086849545  -0.0074155854
        0.0013791335  -0.0090984631  -0.0109913615  -0.0000189826  -0.0001627828
       -0.0000058452   0.0035190713  -0.0051157051  -0.0041708827   0.0255199521
       -0.0114402288  -0.0176153270  -0.0122723861   0.0068366724   0.0060521664
       -0.0006733630   0.0000365139  -0.0014523968  -0.0065346203  -0.0204375737
       -0.0182328925   0.0000608161  -0.0008180967  -0.0000971148   0.0004005074
        0.0006075882   0.0003104325   0.0000342831  -0.0000025511  -0.0000825389
        0.0002066028   0.0000784698  -0.0000140485  -0.0004824654  -0.0005536256
        0.0004349673   0.0001180753  -0.0000540342   0.0000761018  -0.0025021066
       -0.0021556468   0.0025753058  -0.0002284094   0.0002702921   0.0000827358
        0.0000001513   0.0000011150   0.0000237321  -0.0825631558  -0.0419567773
       -0.0386389517   0.5653540891   0.0023361812   0.0265809950  -0.0035549206
       -0.0016637560  -0.0027364046   0.0001106510   0.0000254917  -0.0001628619
       -0.0030332494   0.0202483389   0.0174728527  -0.0006011379  -0.0002143632
       -0.0006904888  -0.0002399067  -0.0000371832   0.0001941185  -0.0018813160
       -0.0003700683  -0.0001988173  -0.0001131125  -0.0001733531  -0.0000952529
       -0.0000573802  -0.0000597474   0.0000159429  -0.0002114147  -0.0001886108
       -0.0000120035   0.0000605723   0.0000200202   0.0000828079  -0.0002046890
       -0.0001269339   0.0000012562   0.0009003035   0.0000692291  -0.0005921144
        0.0000314682  -0.0000177471   0.0000128799  -0.0000555169  -0.0000312720
        0.0000970263  -0.0000038093   0.0000018237  -0.0000053656  -0.0000328749
        0.0000097434   0.0000005146  -0.2650397165  -0.0676628075  -0.0628299635
       -0.1952581489   0.1075930969   0.0720756641   0.0001210736   0.0000938854
        0.0000548378  -0.0034478415   0.0021963985   0.0021992312  -0.0015030123
        0.0014501983   0.0017735994   0.0008235742   0.0014857618   0.0017762138
        0.0008194991   0.0013321322  -0.0007852341  -0.0097282218  -0.0125630257
       -0.0095879391   0.0014990653  -0.0004008262   0.0002827165  -0.0006725485
       -0.0000967960  -0.0000020899   0.0000803659  -0.0000031204  -0.0001111716
        0.0001753851   0.0000087251   0.0005616637  -0.0002368820  -0.0001708160
        0.0000148034   0.0000330213  -0.0000639913  -0.0000935123  -0.0013795443
       -0.0012985915   0.0010297135  -0.0000020424   0.0000587326   0.0000716185
       -0.0000147515   0.0000150433  -0.0000200782  -0.0372812610  -0.3265770767
       -0.2482467038   0.0023361812   0.5314017654   0.3573516687  -0.0011785521
        0.0005426747  -0.0004367463   0.0000121298   0.0000261180  -0.0000075511
        0.0072367096  -0.0174692486  -0.0175840689   0.0001277431   0.0006629517
        0.0000364172   0.0002442744   0.0002293928   0.0000739853   0.0006392424
       -0.0000017274   0.0000086200  -0.0001791352  -0.0000321255  -0.0001793854
        0.0000470833   0.0000498509  -0.0000458954  -0.0002212981  -0.0001318807
       -0.0000976617   0.0000021604  -0.0000168227   0.0000245796  -0.0000372957
        0.0000595652  -0.0000050055  -0.0016128452   0.0001400782   0.0020949537
        0.0000586938   0.0000591226   0.0000137056   0.0000095236  -0.0002099796
        0.0000190046  -0.0000040178  -0.0000078211   0.0000112666  -0.0000133176
        0.0000057031   0.0000081123  -0.0685713846  -0.0597465597  -0.0261707282
        0.1074667496  -0.1142965154  -0.0577947942   0.0000085687  -0.0000106046
       -0.0000016161   0.0024889610  -0.0012983440  -0.0012690550  -0.0005650016
       -0.0002806040   0.0005710855  -0.0015872581   0.0000846212   0.0002653221
        0.0008775541   0.0016212793  -0.0005154200  -0.0094521603  -0.0103480442
       -0.0085073876   0.0007072319  -0.0004094209  -0.0004528379  -0.0004681162
       -0.0002818980  -0.0003253383   0.0000780183   0.0000018516   0.0002362171
       -0.0015612674  -0.0008150796  -0.0017898561  -0.0002786879  -0.0003286948
        0.0000731946   0.0000017142  -0.0001306784  -0.0001363169   0.0056822314
        0.0048305209  -0.0023865870   0.0001271451  -0.0002049547  -0.0002110703
        0.0000046879   0.0000013400   0.0000574577  -0.0342515068  -0.2416673827
       -0.2356361765   0.0265809950   0.3573516687   0.3818801427  -0.0015987643
       -0.0005158760  -0.0009127257  -0.0001296549  -0.0000518175   0.0003259538
        0.0072388529  -0.0179164215  -0.0138786092  -0.0004499656  -0.0003456741
        0.0001954782  -0.0001547536  -0.0000934857   0.0001815756   0.0004687944
        0.0003274647  -0.0001068861   0.0000241117  -0.0001157550   0.0000301023
       -0.0000419528  -0.0000261869   0.0000267341   0.0004899523   0.0005028924
        0.0002021982   0.0000546349   0.0000272465   0.0001531388  -0.0000675150
       -0.0000148841  -0.0000542321  -0.0051650076  -0.0033635207   0.0029342157
        0.0000649939  -0.0000656184   0.0000521303   0.0001892779  -0.0002379645
       -0.0000278400   0.0000447454   0.0000389914   0.0000261398   0.0000025317
        0.0000043161  -0.0000025535  -0.0646647106  -0.0259012637  -0.0535829468
        0.0741587168  -0.0602054476  -0.0686314073   0.0000656287   0.0000563145
        0.0000011137   0.0019239027  -0.0005838919  -0.0001067879   0.0003910505
       -0.0009895512   0.0006163308  -0.0008927086  -0.0001503739   0.0002728562
       -0.0032805231  -0.0001103089   0.0127317558  -0.0476781794   0.0145306520
        0.0400096705  -0.0084252887   0.0105378359   0.0167309399  -0.0019142824
        0.0033911718  -0.0002285677   0.0002042448  -0.0001274132  -0.0001808179
       -0.0005988368  -0.0019768670   0.0010990773   0.0003770647   0.0001581232
        0.0015550311  -0.0003067845   0.0001921743   0.0001910184  -0.0001158584
       -0.0000771253  -0.0000809388   0.0003715047   0.0003832743  -0.0003072236
        0.0000114575  -0.0000448349  -0.0000644432  -0.0009844281  -0.0097383996
       -0.0255250249  -0.0035549206  -0.0011785521  -0.0015987643   0.0710345448
       -0.0142460700  -0.0443265199  -0.0000816815  -0.0001119321   0.0000367489
       -0.0005200399  -0.0006818632  -0.0015617385  -0.0001526050   0.0000592619
        0.0000044523  -0.0005411637   0.0007811318   0.0012568865  -0.0001692928
       -0.0000023123   0.0000865621  -0.0006459587   0.0002080095   0.0006252950
        0.0000516071   0.0000286231  -0.0001115684  -0.0003292406   0.0000799243
        0.0005127117  -0.0010181896  -0.0007897090  -0.0005175050   0.0000203046
        0.0000976600  -0.0001452133   0.0000511321   0.0000562856  -0.0001033691
       -0.0001234494  -0.0000102152   0.0000605707  -0.0000855632  -0.0000292602
       -0.0001038188  -0.0000323933  -0.0000289155  -0.0000275825   0.0000913266
       -0.0000184934  -0.0000190822  -0.0003775445  -0.0017303606   0.0004170819
       -0.0001944845   0.0003313888  -0.0000373401   0.0001147927  -0.0001259368
       -0.0000267040  -0.0006657811   0.0007159682  -0.0005870278  -0.0005889644
       -0.0006127920   0.0001297601   0.0000574746   0.0000898768   0.0001056878
       -0.0075715284   0.0027405968   0.0225751231   0.0154345600  -0.0612633745
       -0.0654704540   0.0098878659  -0.0098267891  -0.0199990891   0.0023842502
       -0.0030649797   0.0006983293  -0.0000457936   0.0000480576   0.0000939534
       -0.0017026572  -0.0034109256   0.0015457244   0.0002235516   0.0005338985
        0.0011184954  -0.0000294551   0.0000278955  -0.0000520386   0.0000697169
        0.0000078898  -0.0001075532  -0.0000517143   0.0004685466   0.0003299067
        0.0000053108  -0.0000305453  -0.0000253100  -0.0032739369  -0.0047213913
       -0.0141843998  -0.0016637560   0.0005426747  -0.0005158760  -0.0142460700
        0.0783860362   0.0735514863  -0.0001208899   0.0002405018  -0.0001105623
        0.0009536300   0.0005429479   0.0004827647  -0.0000039054  -0.0004819154
        0.0000358364   0.0000626962   0.0008009134  -0.0006080170   0.0000185068
       -0.0000180651   0.0000756512   0.0007777842  -0.0002550932  -0.0007554318
       -0.0000432886  -0.0000329889   0.0000592677  -0.0006192662  -0.0000124247
        0.0011042401  -0.0005517352   0.0000779734  -0.0003122394   0.0001256461
       -0.0000321562   0.0001359397   0.0000946231   0.0000470868  -0.0001442351
       -0.0000231618   0.0001356675  -0.0002162056  -0.0000292830  -0.0000425964
       -0.0000948668  -0.0000090364  -0.0000040108   0.0000217683   0.0000171436
       -0.0000074749  -0.0000107763  -0.0002484752  -0.0007700594   0.0001835614
       -0.0000016762   0.0001988327   0.0000110745  -0.0002416416  -0.0007549829
        0.0000659800   0.0005588072   0.0001219824   0.0002899333  -0.0004102443
       -0.0000619450   0.0001590781   0.0002734227  -0.0001297833   0.0000689410
        0.0076873789   0.0002773631  -0.0219425382   0.0403090572  -0.0653813281
       -0.2302139093   0.0004241401  -0.0009009602  -0.0007984663   0.0000988216
       -0.0005652938   0.0010429180  -0.0000874638   0.0000427393   0.0000357426
        0.0012515453   0.0035942242  -0.0010155474  -0.0014538821  -0.0008946188
        0.0011983994   0.0001512243  -0.0001436076  -0.0001511635  -0.0003164277
       -0.0001627337   0.0000531816   0.0004845988  -0.0004518112  -0.0006677104
       -0.0001415448   0.0000416521   0.0000423439  -0.0025908433  -0.0085985950
       -0.0175417449  -0.0027364046  -0.0004367463  -0.0009127257  -0.0443265199
        0.0735514863   0.2670629513  -0.0001278733  -0.0005540559   0.0011410637
        0.0016448287   0.0000531565   0.0010246892   0.0001280864  -0.0002874220
       -0.0001267086  -0.0005597576   0.0007937501   0.0013608107  -0.0000463074
        0.0001321812   0.0001628720   0.0001700799  -0.0000221634  -0.0001902887
       -0.0000708659  -0.0000002821   0.0001248491   0.0006908798  -0.0000535086
       -0.0009920101   0.0002993189   0.0000451694   0.0005658902  -0.0001435427
       -0.0001174964   0.0000059755   0.0001247090   0.0000966673   0.0001035456
       -0.0001138502  -0.0002210760  -0.0000315019   0.0000393685   0.0000260030
       -0.0002040713   0.0000249044   0.0000210279   0.0000499186  -0.0000331920
        0.0000181843  -0.0000202247  -0.0003062460  -0.0012310980   0.0002324652
       -0.0001134296   0.0003367421   0.0000129114   0.0000410108   0.0004677273
        0.0000534723  -0.0005808348   0.0005833443  -0.0000029472  -0.0002694752
       -0.0001347442   0.0003621850   0.0004485082   0.0000761230   0.0001753727
       -0.0114774144   0.0136175802   0.0254435740   0.0004943592  -0.0007371884
        0.0004203651   0.0001467226  -0.0001443557  -0.0000021351  -0.0000036431
       -0.0000645727  -0.0000795344  -0.0011301266   0.0006689758   0.0014347501
       -0.0041727381   0.0042886202  -0.0022899144   0.0002147698   0.0006818069
        0.0009979943   0.0005505115   0.0000542329   0.0003425083   0.0007246953
        0.0003956174   0.0008209551  -0.1025287365   0.0103551287   0.0422561701
        0.0001196389  -0.0000214429  -0.0000411754  -0.0005525723  -0.0002482038
        0.0000468527   0.0001106510   0.0000121298  -0.0001296549  -0.0000816815
       -0.0001208899  -0.0001278733   0.4082764449   0.0734563010   0.0747357068
       -0.0001913964  -0.0013623851  -0.0005414003   0.0000484979   0.0000825099
       -0.0000030862  -0.0000805167  -0.0000374554   0.0000252061   0.0000193845
       -0.0000319031   0.0000320450  -0.0000677711   0.0000527874  -0.0000333040
       -0.0005283231   0.0003071314  -0.0000420161   0.0002428467  -0.0001030671
       -0.0004130796  -0.0000139570  -0.0000951999   0.0000540074  -0.0000225492
       -0.0001251929   0.0000054341  -0.0001500165  -0.0000757900  -0.0000666323
       -0.0093866069   0.0041080512   0.0256636638   0.0090620563  -0.0075983408
       -0.0210998850  -0.0000142614  -0.0000586162  -0.0000449534  -0.0000310409
        0.0000318225   0.0000295357   0.0000530841   0.0000273731   0.0000423230
        0.0000324492  -0.0000536065  -0.0000737996  -0.2881784284  -0.0958474183
       -0.1475486924  -0.0014135390  -0.0017943226   0.0000829093   0.0000015021
        0.0002980127   0.0000882218  -0.0000722947   0.0000818701   0.0000149135
        0.0154836689  -0.0119572595  -0.0268029688  -0.0001003090   0.0004730424
       -0.0004862536  -0.0001008573   0.0005300864  -0.0002783733   0.0000418336
        0.0001444643   0.0000640273   0.0012411908  -0.0003473220  -0.0013836448
        0.0039939385  -0.0040542825   0.0027422730  -0.0013449651   0.0004675746
        0.0001790870  -0.0003938683  -0.0000870042  -0.0003940616  -0.0005747120
       -0.0002603872  -0.0009289150   0.0201657482  -0.0639548338  -0.0470269551
        0.0000020049   0.0000730552  -0.0000122774   0.0001586393   0.0002975248
        0.0004475029   0.0000254917   0.0000261180  -0.0000518175  -0.0001119321
        0.0002405018  -0.0005540559   0.0734563010   0.1258859407   0.1532557271
       -0.0014506077  -0.0007292251  -0.0005970198  -0.0000837824   0.0000323681
       -0.0000365318   0.0000035081   0.0000434622  -0.0000212977  -0.0000429016
        0.0000197711  -0.0000469971   0.0001307066  -0.0000662981  -0.0000092111
        0.0005638936  -0.0003297711  -0.0000165485   0.0000115242   0.0002492404
       -0.0000139646  -0.0001295392  -0.0001915102  -0.0002703592   0.0001617350
        0.0003834481  -0.0001882273   0.0000190046   0.0002809253   0.0002156200
       -0.0047698569   0.0103493498   0.0129671132   0.0023643715  -0.0053106125
       -0.0145610070   0.0000401172   0.0000421186   0.0000475209   0.0000328810
       -0.0000492916   0.0000018277  -0.0000961066  -0.0000600142  -0.0000512211
        0.0000339204  -0.0000005524  -0.0000727940  -0.1079407494  -0.0490876801
       -0.0760623972  -0.0007346152  -0.0026307196   0.0002979269   0.0001902503
        0.0000970872  -0.0000944368  -0.0002459265  -0.0005193148  -0.0002572899
        0.0097076998  -0.0101796540  -0.0090649410   0.0001265396   0.0009411085
       -0.0006347249  -0.0002924432  -0.0001499661   0.0002018032  -0.0000412600
        0.0001307814   0.0001518073   0.0007197800  -0.0003381604  -0.0008641516
        0.0017110929  -0.0018430073   0.0029149496  -0.0023825211   0.0005201282
        0.0008183993  -0.0002595554  -0.0000404450  -0.0004800847  -0.0002537761
       -0.0006496494  -0.0005220095   0.0681406478  -0.0478454927  -0.1727849218
       -0.0000925317   0.0000408167   0.0001411859   0.0005685828  -0.0004173632
       -0.0005384152  -0.0001628619  -0.0000075511   0.0003259538   0.0000367489
       -0.0001105623   0.0011410637   0.0747357068   0.1532557271   0.3811676733
       -0.0001308182  -0.0003592979   0.0005472643  -0.0000293539  -0.0002071713
        0.0000069533   0.0000825368   0.0000755141   0.0000309375  -0.0000343715
        0.0000539156  -0.0000273038   0.0000468628  -0.0000881578   0.0000739544
        0.0002996025  -0.0001792584   0.0000556724  -0.0006646069   0.0003271162
        0.0005052649   0.0004933010  -0.0003312178   0.0005866297  -0.0002553013
        0.0006938490  -0.0006329995   0.0001271225   0.0004412062  -0.0000901150
        0.0197403674  -0.0033186583  -0.0357717305   0.0036329082  -0.0114867751
       -0.0265572007   0.0000834107   0.0000743226   0.0000338151  -0.0000388295
       -0.0000108202   0.0000029369  -0.0000054706   0.0000716447  -0.0000558813
       -0.0000496135   0.0001654309   0.0000560529  -0.1747550591  -0.0799447476
       -0.1408922426  -0.0008137760   0.0006448714  -0.0000253067  -0.0000951737
        0.0000055476   0.0002017048   0.0001044130   0.0000659757  -0.0000219936
       -0.0004835479   0.0004919217  -0.0003506746  -0.0262865493   0.0079903447
        0.0053005281  -0.0028833308  -0.0016461406  -0.0011492268  -0.0002273232
        0.0003324745   0.0000493545   0.0000600319   0.0000022098  -0.0000643046
        0.0000495639  -0.0000281320   0.0001108796  -0.0000626085  -0.0002857920
        0.0000456734   0.0001301051   0.0000339252  -0.0000035030  -0.0001600464
       -0.0003480877   0.0000536679   0.0000168739   0.0001747057   0.0000528727
       -0.0000127193  -0.0000304708   0.0000151279  -0.1604315707   0.0504980260
        0.0479347261  -0.0030332494   0.0072367096   0.0072388529  -0.0005200399
        0.0009536300   0.0016448287  -0.0001913964  -0.0014506077  -0.0001308182
        0.4857737252   0.0166823217   0.0327894807   0.0000456499  -0.0002205142
        0.0001197223  -0.0007541316   0.0006628043  -0.0002806052  -0.0000406554
       -0.0000866628  -0.0001065090  -0.0001243663   0.0000345140   0.0001446254
       -0.0000341010  -0.0000044453  -0.0000058579  -0.0000784142  -0.0000126983
        0.0000878340   0.0000065127   0.0000501005   0.0000618965  -0.0001152916
       -0.0000517507  -0.0000272114   0.0002459215   0.0004485535  -0.0001055547
       -0.0000515250  -0.0000430552   0.0000087259  -0.0004259149  -0.0005411977
        0.0003204269  -0.0000198038  -0.0000131235  -0.0000175134  -0.0000136541
       -0.0000006418  -0.0000041933   0.0011570549  -0.0015468631  -0.0006802088
        0.0013444744  -0.0009288006  -0.0010924891  -0.0001889281   0.0000913197
        0.0001481150  -0.0489739208  -0.0348004396  -0.0085520227  -0.0470296449
       -0.0175876464   0.0302620451  -0.1966871803  -0.0260564908  -0.1138186908
       -0.0000545348  -0.0004978624  -0.0000186440  -0.0040872711   0.0039147617
        0.0018782415  -0.0006980340  -0.0004342203  -0.0004129103  -0.0000216807
       -0.0000030529  -0.0000741103   0.0000163997   0.0000000461   0.0000926907
       -0.0000448037  -0.0001370637  -0.0004171922  -0.0000100819   0.0000471968
        0.0000494080   0.0000823647  -0.0000613909  -0.0000896710   0.0001348052
        0.0005471527   0.0001066014   0.0008651997  -0.0004159845  -0.0001905778
       -0.0000090959   0.0000242644   0.0000267763   0.0490566666  -0.0892647127
       -0.0276527727   0.0202483389  -0.0174692486  -0.0179164215  -0.0006818632
        0.0005429479   0.0000531565  -0.0013623851  -0.0007292251  -0.0003592979
        0.0166823217   0.5182322715   0.0157117281   0.0001062657   0.0000399196
       -0.0000538494  -0.0001668940   0.0002904066  -0.0000683792  -0.0001029429
        0.0000473749   0.0001171163  -0.0000193481   0.0000447685   0.0000819783
       -0.0000547637   0.0000240276   0.0000143459   0.0000155953   0.0000606498
        0.0000282695  -0.0000241933   0.0000246453   0.0000107106  -0.0000480913
        0.0000061731   0.0000067219  -0.0002716696  -0.0008404023   0.0001919194
       -0.0001299591   0.0000765719   0.0000820558  -0.0005647159  -0.0002727272
        0.0002019527   0.0000034515   0.0000079956   0.0000109461  -0.0000294819
        0.0000103052  -0.0000011194   0.0015803519  -0.0016975703   0.0032319794
        0.0008349770   0.0025185485  -0.0096567128   0.0002984730  -0.0000873077
        0.0002363019  -0.0357682720  -0.2800780270  -0.0395418235  -0.0195755092
       -0.0849289418   0.0932734744  -0.0261996196  -0.0495422904  -0.0189528928
       -0.0009520591   0.0005425195  -0.0002356511  -0.0057234257   0.0005356707
        0.0029231933  -0.0019348851   0.0001210412   0.0002619172  -0.0001156528
        0.0001489876  -0.0001331146   0.0000299348   0.0000618220   0.0000379039
       -0.0002010795  -0.0002498505  -0.0002292405   0.0000191170  -0.0002524573
        0.0001034682   0.0001076756  -0.0000646369  -0.0000482703   0.0002890891
        0.0003376648   0.0000452278   0.0001325419   0.0002635614  -0.0013400961
       -0.0000020545   0.0000201832   0.0000205156   0.0463312099  -0.0267393008
       -0.0848069808   0.0174728527  -0.0175840689  -0.0138786092  -0.0015617385
        0.0004827647   0.0010246892  -0.0005414003  -0.0005970198   0.0005472643
        0.0327894807   0.0157117281   0.4852902643  -0.0000247785  -0.0000514584
       -0.0001887900  -0.0001061530   0.0000400552  -0.0000589250  -0.0001033572
        0.0000521471   0.0001561741  -0.0000775395   0.0000449488   0.0001004907
       -0.0000066862  -0.0000084772   0.0000321653  -0.0000094634   0.0000123755
        0.0000558776   0.0000596981   0.0000277917   0.0000765954  -0.0000700227
       -0.0000430030  -0.0000121023  -0.0002742452  -0.0002941956   0.0000207934
        0.0002029656   0.0001103395   0.0002906597   0.0006159435   0.0005702759
        0.0003096085   0.0000195248   0.0000128895   0.0000218603  -0.0000181010
        0.0000121897   0.0000071008   0.0016509901   0.0026875758  -0.0025718260
       -0.0008738317  -0.0074685489   0.0047990350   0.0002379843   0.0001010202
       -0.0000315644  -0.0082297102  -0.0393377183  -0.0469469942   0.0343020669
        0.0910949688  -0.2210253148  -0.1134348911  -0.0203017851  -0.1246173252
       -0.0020535963   0.0024378894  -0.0003811137   0.0062856020   0.0167035369
       -0.0047411430  -0.0934528009  -0.0949001153   0.0233060485  -0.0094593170
       -0.0144257852   0.0072036290  -0.0020534778   0.0006746036   0.0027488299
       -0.0000983813   0.0000050367   0.0001008214  -0.0000459950  -0.0002391499
        0.0000918952  -0.0000087308   0.0001392466   0.0000979699  -0.0000206772
       -0.0000547187   0.0001139687   0.0002850925   0.0007115289  -0.0004343660
        0.0000791425  -0.0000231603   0.0000119676   0.0003403029   0.0016957008
       -0.0005628994  -0.0006011379   0.0001277431  -0.0004499656  -0.0001526050
       -0.0000039054   0.0001280864   0.0000484979  -0.0000837824  -0.0000293539
        0.0000456499   0.0001062657  -0.0000247785   0.1125160283   0.1072957155
       -0.0280070997  -0.0117067631  -0.0198419983   0.0011414111   0.0007430343
       -0.0000085293  -0.0005475900  -0.0003664805  -0.0000024075  -0.0000669674
       -0.0003669323  -0.0008071592   0.0005184288  -0.0000029895   0.0000422319
       -0.0000118083  -0.0000814118   0.0001353487   0.0001318501  -0.0000100512
        0.0000478098   0.0000430728   0.0000712826   0.0000643562  -0.0001035081
       -0.0001174960   0.0002756374  -0.0000549733   0.0000460476   0.0000097473
        0.0000192422   0.0000053203  -0.0000049331   0.0000315146   0.0000167820
       -0.0000123923   0.0000102692  -0.0000479919  -0.0000428369   0.0001212409
        0.0000992535   0.0000060640  -0.0004731527  -0.0000265887   0.0000184605
        0.0000082723   0.0000482384  -0.0000714790   0.0000103913  -0.0000029170
        0.0000365338   0.0000524811   0.0000460668  -0.0000111040  -0.0000026714
        0.0035048119  -0.0033785157  -0.0003611337  -0.0064168792  -0.0238179461
        0.0062406857  -0.0943985293  -0.2103091467   0.0431660441  -0.0000507023
        0.0017247299   0.0002796681  -0.0001622126   0.0009490522   0.0000035139
       -0.0000778988   0.0000158912  -0.0003330441   0.0000590698  -0.0000019975
        0.0001156856  -0.0000121348  -0.0001140540   0.0000398691   0.0001268805
        0.0001541356   0.0001959975  -0.0007656382  -0.0008124625   0.0008131939
        0.0000877397   0.0000051246   0.0000541509  -0.0009037949   0.0000097511
       -0.0001397945  -0.0002143632   0.0006629517  -0.0003456741   0.0000592619
       -0.0004819154  -0.0002874220   0.0000825099   0.0000323681  -0.0002071713
       -0.0002205142   0.0000399196  -0.0000514584   0.1072957155   0.2447035340
       -0.0493695560  -0.0081461870  -0.0099867612  -0.0001591089   0.0003162019
        0.0005449990  -0.0000684438  -0.0002168853   0.0000646631   0.0000209085
        0.0000570991  -0.0001001091  -0.0000071424   0.0000546608   0.0000201763
       -0.0000962781  -0.0000271776   0.0000626966   0.0000833556   0.0000735899
        0.0001144998   0.0000085553  -0.0000254458  -0.0001379346   0.0000789419
        0.0002139754  -0.0003330032   0.0001120294  -0.0000361745  -0.0000101351
       -0.0000041525   0.0000242957  -0.0000067841   0.0000149270  -0.0000017083
        0.0000106390   0.0000085116  -0.0001149741  -0.0000852640   0.0001397117
       -0.0000797582   0.0003744888   0.0000710388  -0.0000253759   0.0000503743
        0.0000735112  -0.0000869240   0.0000125461   0.0000146047   0.0001066716
       -0.0000046785  -0.0001241124  -0.0000792052   0.0000281668   0.0000195875
       -0.0009353603   0.0009112278   0.0001143131   0.0007868492   0.0043841771
       -0.0001667057   0.0228435820   0.0424470762  -0.0533322350   0.0147824510
        0.0210275455  -0.0091151640   0.0037383897  -0.0005219963  -0.0039158264
        0.0002239931  -0.0001452807   0.0003226389  -0.0000602824  -0.0002794688
        0.0001471252  -0.0001246766  -0.0003936733  -0.0003805594  -0.0001625467
       -0.0001540650  -0.0000608926   0.0001561119   0.0001626143  -0.0001081395
        0.0000581980  -0.0000187750   0.0001388991   0.0001106079   0.0009032609
        0.0006375754  -0.0006904888   0.0000364172   0.0001954782   0.0000044523
        0.0000358364  -0.0001267086  -0.0000030862  -0.0000365318   0.0000069533
        0.0001197223  -0.0000538494  -0.0001887900  -0.0280070997  -0.0493695560
        0.0638194387  -0.0133481214  -0.0209859639   0.0036659656  -0.0001879237
        0.0007991745   0.0004844365   0.0000347476  -0.0000209557   0.0001229601
        0.0006180362   0.0012246857  -0.0007679619  -0.0000437824  -0.0000409659
        0.0000362059  -0.0000422090   0.0001477319   0.0000817456   0.0000283468
       -0.0000331170   0.0000398116   0.0000262895   0.0001810187  -0.0001571911
       -0.0000142137   0.0000582602  -0.0000496306   0.0000174993   0.0000094131
       -0.0000153567   0.0000097466   0.0000295939   0.0000311611  -0.0000316280
       -0.0000076090  -0.0000227872   0.0002673190  -0.0000789508  -0.0001065393
       -0.0003071334  -0.0001787505  -0.0012134814  -0.0000017576   0.0000039951
        0.0000001884   0.0000316577  -0.0000387656  -0.0000265702   0.0001279856
       -0.0000314503  -0.0000625453  -0.0000256760   0.0000276963  -0.0000278119
       -0.0003774831   0.0000052955  -0.0001623781  -0.0175505777   0.0001024833
       -0.0151390952  -0.1263659244  -0.0344813121  -0.1079753034   0.0075568320
        0.0042591291   0.0132222422   0.0002726316   0.0002201391  -0.0002142337
       -0.0000691654  -0.0000513338  -0.0001238017   0.0000495175  -0.0006641362
        0.0000966234   0.0002901168  -0.0006499677   0.0003407398   0.0000168341
       -0.0000031508  -0.0000249310   0.0000429698   0.0000521603  -0.0000759299
       -0.0004720864  -0.0001376464   0.0001155564  -0.0024564142   0.0031418235
       -0.0011349970  -0.0002399067   0.0002442744  -0.0001547536  -0.0005411637
        0.0000626962  -0.0005597576  -0.0000805167   0.0000035081   0.0000825368
       -0.0007541316  -0.0001668940  -0.0001061530  -0.0117067631  -0.0081461870
       -0.0133481214   0.1522090988   0.0352121782   0.1199316236  -0.0007229843
        0.0004468396   0.0032241327   0.0010520862   0.0002658198   0.0010840892
       -0.0000948704   0.0000687209  -0.0000721260  -0.0000469569   0.0000395274
        0.0000568103   0.0003225007   0.0001898467   0.0002331354  -0.0000551439
       -0.0000989878   0.0001953842  -0.0000383272  -0.0000359701   0.0000729637
        0.0000159940   0.0000067993   0.0000237704   0.0000340740  -0.0000536810
        0.0000366710  -0.0000320185  -0.0000625904  -0.0000352287  -0.0000769817
        0.0001045589  -0.0000135263   0.0000534547  -0.0000726923   0.0001910005
       -0.0000854891   0.0001464494   0.0001516491   0.0000608464   0.0000716031
       -0.0000152750   0.0000256271  -0.0000405762  -0.0000414852  -0.0000910043
       -0.0000206163  -0.0000034984  -0.0001446744   0.0000418892   0.0001416665
        0.0003873323   0.0001685405  -0.0000427377   0.0164129530   0.0020425943
        0.0153309465  -0.0345580389  -0.0555891734  -0.0395724415  -0.0006050686
       -0.0008370416  -0.0051779002   0.0001344600   0.0003318780   0.0002139568
       -0.0000864037  -0.0001239786   0.0000664079  -0.0000639018  -0.0012797154
        0.0006692094  -0.0008696453  -0.0002909492   0.0009684433  -0.0000715619
        0.0000448937  -0.0001616670   0.0000152273  -0.0002367688  -0.0000837030
       -0.0002504961  -0.0000797626   0.0000410936   0.0017270545  -0.0028451905
        0.0004421268  -0.0000371832   0.0002293928  -0.0000934857   0.0007811318
        0.0008009134   0.0007937501  -0.0000374554   0.0000434622   0.0000755141
        0.0006628043   0.0002904066   0.0000400552  -0.0198419983  -0.0099867612
       -0.0209859639   0.0352121782   0.0685041166   0.0504881789   0.0004955319
        0.0004689086  -0.0014137007   0.0000066661  -0.0000420962  -0.0008976381
       -0.0000220037  -0.0001303923  -0.0000477746   0.0000717395  -0.0000185370
        0.0000059365   0.0001510268  -0.0014527899  -0.0004599333   0.0001238448
       -0.0001043575  -0.0000674944   0.0001176740  -0.0000399699   0.0000579406
       -0.0000175984  -0.0000318984  -0.0000107673  -0.0000749290   0.0000485504
       -0.0000470352  -0.0000600384  -0.0000643856  -0.0000561087   0.0001361947
       -0.0000076160  -0.0000820489  -0.0000001830   0.0002011176  -0.0001329124
       -0.0000329302   0.0000076355   0.0001612588   0.0000279018  -0.0000571005
       -0.0000047668  -0.0000426698   0.0000813715   0.0000327573   0.0000417607
       -0.0000198681   0.0000072396   0.0001666241  -0.0000254288  -0.0000567358
       -0.0004469306   0.0000312128  -0.0001344301  -0.0051886165  -0.0010647143
       -0.0041367045  -0.1075930062  -0.0393378135  -0.1754132294  -0.0118886738
       -0.0094749641  -0.0275973299  -0.0004183578  -0.0004716623   0.0004710447
       -0.0001274978   0.0000073825  -0.0002126537  -0.0001043484   0.0000107756
        0.0003864802   0.0005131871   0.0007970230  -0.0005534506   0.0000213162
        0.0001337748   0.0001283077   0.0000639048   0.0000231594  -0.0000112002
        0.0002418812  -0.0001384008   0.0002877516  -0.0004880037   0.0011443956
        0.0005406703   0.0001941185   0.0000739853   0.0001815756   0.0012568865
       -0.0006080170   0.0013608107   0.0000252061  -0.0000212977   0.0000309375
       -0.0002806052  -0.0000683792  -0.0000589250   0.0011414111  -0.0001591089
        0.0036659656   0.1199316236   0.0504881789   0.2049252840   0.0034722155
       -0.0011322471  -0.0052277439  -0.0004429034  -0.0000324622   0.0007561947
       -0.0000159248  -0.0000922460   0.0001938459   0.0000345852  -0.0000439322
       -0.0000166107  -0.0000403127   0.0000463247   0.0004559641   0.0000306026
       -0.0001186099   0.0000795655   0.0000496256  -0.0000373375  -0.0000477893
        0.0000040549   0.0000252980  -0.0000424118   0.0000598648  -0.0000410870
       -0.0000195813  -0.0000259634   0.0000267471   0.0000075594   0.0000266441
       -0.0000613655  -0.0000559298   0.0000523032  -0.0000044806   0.0000216989
        0.0000491495   0.0000382090  -0.0000459968   0.0000022332   0.0000536558
        0.0000380595  -0.0000068956   0.0000046282  -0.0000244817  -0.0000352315
       -0.0000211107   0.0000278509  -0.0000675425   0.0000244857   0.0000389016
       -0.0000574213  -0.0000450141  -0.0000098937   0.0001601552   0.0001628365
       -0.0000579265   0.0082535730   0.0069883545   0.0121504197  -0.0998802309
       -0.0519534993  -0.0846933404  -0.0059234484  -0.0090068827  -0.0068548821
        0.0001920759   0.0005911643  -0.0004090162  -0.0000256101  -0.0000463702
       -0.0002098036  -0.0008666195  -0.0022282640   0.0009238520  -0.0000425843
        0.0008392208   0.0003290460  -0.0000682630   0.0000850187   0.0000414535
        0.0001102127  -0.0003111662  -0.0000880610   0.0003257053   0.0000956669
        0.0002611462  -0.0018813160   0.0006392424   0.0004687944  -0.0001692928
        0.0000185068  -0.0000463074   0.0000193845  -0.0000429016  -0.0000343715
       -0.0000406554  -0.0001029429  -0.0001033572   0.0007430343   0.0003162019
       -0.0001879237  -0.0007229843   0.0004955319   0.0034722155   0.1202619785
        0.0634631234   0.0975598569  -0.0174190820  -0.0098545087  -0.0216172768
       -0.0002317201  -0.0001158754  -0.0000676746  -0.0001863024   0.0000058260
       -0.0000991626  -0.0000195676  -0.0000257885   0.0000268914  -0.0000019744
       -0.0000155635  -0.0000151543  -0.0002824704   0.0010757586  -0.0005199393
       -0.0000136198  -0.0000312612   0.0000046550   0.0000099230   0.0000229713
        0.0000028906   0.0000115294   0.0002222733  -0.0001615321   0.0000608134
       -0.0000653693   0.0000544464   0.0000729260  -0.0002112001  -0.0000414813
       -0.0024717632  -0.0009204783   0.0000009720  -0.0000224310   0.0000193378
        0.0000049044   0.0000570165  -0.0000435611  -0.0000232432   0.0000558367
       -0.0000108740  -0.0000505272  -0.0000068074  -0.0000095140  -0.0000106694
        0.0001385342  -0.0002176762   0.0000049449  -0.0001665760   0.0000006023
       -0.0001421734  -0.0025751945  -0.0019115917  -0.0049572457  -0.0520362751
       -0.0921519647  -0.0801228375  -0.0164266252  -0.0196595829  -0.0173799131
       -0.0006478136   0.0004449599  -0.0012889871  -0.0000515653   0.0001059087
       -0.0002502836  -0.0024630490  -0.0049407741   0.0027899374  -0.0001818733
        0.0005539385   0.0006986213  -0.0000689975   0.0000076588  -0.0000362873
       -0.0001291407  -0.0004758920  -0.0006694821   0.0002675583  -0.0001522237
       -0.0001877653  -0.0003700683  -0.0000017274   0.0003274647  -0.0000023123
       -0.0000180651   0.0001321812  -0.0000319031   0.0000197711   0.0000539156
       -0.0000866628   0.0000473749   0.0000521471  -0.0000085293   0.0005449990
        0.0007991745   0.0004468396   0.0004689086  -0.0011322471   0.0634631234
        0.1083576649   0.0902403287   0.0094188225   0.0076317455   0.0113932414
       -0.0000284636   0.0003927496  -0.0000724063  -0.0001303737   0.0003578467
       -0.0001115348   0.0000467059   0.0000268382  -0.0000131305  -0.0000117918
        0.0000467537   0.0000319582   0.0018595226  -0.0007198133   0.0001096710
       -0.0000282585   0.0000127823   0.0000058048   0.0000653028  -0.0000099861
       -0.0000058743  -0.0000151982   0.0005575196  -0.0005476519  -0.0000496666
       -0.0002681345   0.0002109997  -0.0001305768  -0.0000155248  -0.0000103721
       -0.0000400587   0.0009328348   0.0000414394   0.0000096179   0.0000288355
        0.0000270636  -0.0000123411  -0.0000120666  -0.0000178630  -0.0000316821
        0.0000022776   0.0000120361   0.0000089698   0.0000130530   0.0000151252
        0.0000684962  -0.0001673773  -0.0001200444   0.0000218234  -0.0002190802
        0.0001733972  -0.0101905954  -0.0108778323  -0.0224045069  -0.0847525540
       -0.0793877505  -0.1644673536   0.0042078517   0.0037356258   0.0065802124
       -0.0005470760  -0.0002803983   0.0000748737   0.0000172420  -0.0000342921
        0.0001632397  -0.0001489291   0.0012133882  -0.0003587814   0.0003244295
        0.0005542520   0.0000554014  -0.0000681536   0.0000814037  -0.0000434742
        0.0002067973  -0.0000020236   0.0002545092  -0.0000375847  -0.0002950023
       -0.0003041215  -0.0001988173   0.0000086200  -0.0001068861   0.0000865621
        0.0000756512   0.0001628720   0.0000320450  -0.0000469971  -0.0000273038
       -0.0001065090   0.0001171163   0.0001561741  -0.0005475900  -0.0000684438
        0.0004844365   0.0032241327  -0.0014137007  -0.0052277439   0.0975598569
        0.0902403287   0.1916451794  -0.0093318130  -0.0040416848  -0.0086840680
        0.0000115905   0.0000241277   0.0003248723   0.0000584296  -0.0001622192
       -0.0000920585  -0.0000580738   0.0001400779   0.0000893945   0.0000286074
       -0.0000090622   0.0000367171  -0.0002449404   0.0002061717   0.0004321346
       -0.0000178308   0.0000177520   0.0000039072   0.0000345560  -0.0000065431
        0.0000214160   0.0000462642  -0.0000581486   0.0001252369   0.0000460959
        0.0000695024  -0.0000776440  -0.0003426657   0.0001060891   0.0000842089
        0.0007179916   0.0003846882   0.0009963577   0.0000133578   0.0000359891
        0.0000091075  -0.0000603370   0.0000358442  -0.0000030681  -0.0000558278
        0.0000040446   0.0000045100   0.0000031676   0.0000198833   0.0000388964
        0.0000792152  -0.0002540977  -0.0000161937  -0.0013250429  -0.0002095245
        0.0035828405  -0.0175206492   0.0122241710  -0.0008788022  -0.1850307922
        0.1010398924  -0.0501474122   0.0061986374  -0.0044771148   0.0020343712
        0.0001946609  -0.0014241869   0.0000077363   0.0000729113   0.0000578565
       -0.0000741667   0.0003969330   0.0002527649   0.0003366142  -0.0002060878
        0.0000527672   0.0000653270   0.0000943841  -0.0002213433  -0.0000166560
        0.0001470703  -0.0001367383   0.0000490068   0.0000991713   0.0000648870
        0.0000224384  -0.0001131125  -0.0001791352   0.0000241117  -0.0006459587
        0.0007777842   0.0001700799  -0.0000677711   0.0001307066   0.0000468628
       -0.0001243663  -0.0000193481  -0.0000775395  -0.0003664805  -0.0002168853
        0.0000347476   0.0010520862   0.0000066661  -0.0004429034  -0.0174190820
        0.0094188225  -0.0093318130   0.2136337630  -0.1167594648   0.0543933401
        0.0006600935  -0.0001766642  -0.0000532755   0.0002089734  -0.0003019270
        0.0002030685  -0.0000706255  -0.0000043733   0.0000279621  -0.0000177135
       -0.0000108068   0.0000271304   0.0002776382   0.0001987508  -0.0000416988
        0.0000199371   0.0000256355   0.0000093549   0.0000314006  -0.0000378379
        0.0000115952  -0.0000265560   0.0001073116   0.0000208802  -0.0000426575
       -0.0001007828   0.0000410309  -0.0000542158   0.0000226131   0.0000478656
       -0.0001841189   0.0002509078  -0.0000493996   0.0000242725  -0.0000538898
       -0.0000097198   0.0000420454  -0.0000405383  -0.0000078037   0.0000152782
        0.0000062559   0.0000081916  -0.0000332412  -0.0000131341  -0.0000171718
       -0.0001497663   0.0001258909   0.0001737511   0.0009064665   0.0004590150
       -0.0013394242   0.0061511131  -0.0029870833  -0.0003649290   0.1003255405
       -0.1125104083   0.0327834493   0.0196751187  -0.0211093201   0.0098720938
       -0.0028166544  -0.0053623064   0.0017369841  -0.0000367939   0.0000700354
       -0.0000347924   0.0014705730   0.0003528018   0.0005196682  -0.0002458993
        0.0005558911   0.0000821167  -0.0000760206   0.0001800471  -0.0000671729
       -0.0000884127   0.0003415540  -0.0002078247   0.0000488634  -0.0001518610
        0.0000044546  -0.0001733531  -0.0000321255  -0.0001157550   0.0002080095
       -0.0002550932  -0.0000221634   0.0000527874  -0.0000662981  -0.0000881578
        0.0000345140   0.0000447685   0.0000449488  -0.0000024075   0.0000646631
       -0.0000209557   0.0002658198  -0.0000420962  -0.0000324622  -0.0098545087
        0.0076317455  -0.0040416848  -0.1167594648   0.1329595368  -0.0395935351
        0.0002553739   0.0006937877  -0.0000331764   0.0011631672  -0.0013454113
        0.0004695773  -0.0000081138  -0.0000207997  -0.0000217653  -0.0000062649
        0.0000794155   0.0000620333   0.0000169014   0.0000450399  -0.0001295293
       -0.0000305547   0.0000550350   0.0000215294  -0.0000552546   0.0000186350
       -0.0000032161  -0.0000286241  -0.0000039707   0.0002046206  -0.0003829872
        0.0000715051   0.0000160363  -0.0000760575   0.0000299937   0.0000456755
        0.0002182565   0.0000701717   0.0000361153   0.0000002179   0.0000196287
        0.0000266919  -0.0000174562   0.0000100434   0.0000175034  -0.0000085452
        0.0000098263  -0.0000171345   0.0000244168  -0.0000022576   0.0000164294
       -0.0001285525   0.0002329498  -0.0001023159   0.0028248801  -0.0006550074
       -0.0031661827   0.0202879840  -0.0139619354   0.0021482350  -0.0505085198
        0.0330366650  -0.0588340585  -0.0076759379   0.0085998719  -0.0033913579
        0.0008797736   0.0025504419  -0.0005687609  -0.0000311263  -0.0001447099
        0.0000496303   0.0000398528  -0.0005209346   0.0002813680   0.0000880196
       -0.0000657080   0.0001282992   0.0000105105   0.0000041001  -0.0000092191
       -0.0000371805  -0.0000016592  -0.0000805736   0.0001035545  -0.0002549973
       -0.0001279170  -0.0000952529  -0.0001793854   0.0000301023   0.0006252950
       -0.0007554318  -0.0001902887  -0.0000333040  -0.0000092111   0.0000739544
        0.0001446254   0.0000819783   0.0001004907  -0.0000669674   0.0000209085
        0.0001229601   0.0010840892  -0.0008976381   0.0007561947  -0.0216172768
        0.0113932414  -0.0086840680   0.0543933401  -0.0395935351   0.0718133656
       -0.0003425970   0.0003385010  -0.0001385709  -0.0004427577   0.0005146882
       -0.0002362767   0.0000655506   0.0000012324   0.0000024879   0.0000152049
       -0.0000128258  -0.0000241671   0.0003028589  -0.0000277204   0.0000340999
       -0.0000026151  -0.0000285739  -0.0000165903   0.0000271519  -0.0000037448
       -0.0000238449   0.0000391615   0.0000159558  -0.0001272650   0.0000964182
        0.0000194024   0.0001087852  -0.0000956712   0.0000519913   0.0000356821
        0.0000353571   0.0001917155   0.0000161598   0.0000189084   0.0000198938
        0.0000008477  -0.0000214619   0.0000413093  -0.0000025951  -0.0000302425
       -0.0000097490   0.0000235585   0.0000469274   0.0000079208  -0.0000021690
       -0.0039678592   0.0041349949  -0.0007368756   0.0001876572   0.0000123583
       -0.0003079203  -0.0001113733  -0.0025781041   0.0006001468  -0.0075764971
       -0.0007249815   0.0100787747  -0.1413750599   0.0234843856   0.1112212157
       -0.0160818276   0.0058206103   0.0179231845  -0.0005782089  -0.0010112550
       -0.0011946994   0.0065367171  -0.0010310160  -0.0071468560   0.0002937110
       -0.0012354583  -0.0009735641  -0.0000352969  -0.0001381373   0.0010105681
        0.0004830116  -0.0007466283  -0.0008454002   0.0002227342   0.0000918598
        0.0000839585  -0.0000573802   0.0000470833  -0.0000419528   0.0000516071
       -0.0000432886  -0.0000708659  -0.0005283231   0.0005638936   0.0002996025
       -0.0000341010  -0.0000547637  -0.0000066862  -0.0003669323   0.0000570991
        0.0006180362  -0.0000948704  -0.0000220037  -0.0000159248  -0.0002317201
       -0.0000284636   0.0000115905   0.0006600935   0.0002553739  -0.0003425970
        0.1619206622  -0.0263362261  -0.1301008166   0.0007843267  -0.0004283246
        0.0001336110   0.0001175130  -0.0001497632  -0.0001989520   0.0000382677
       -0.0000937966  -0.0000693657  -0.0002012359   0.0003475497  -0.0000330973
        0.0000217236  -0.0000041247   0.0000145003   0.0000527371  -0.0000145997
        0.0000080802  -0.0001139841  -0.0001117096   0.0002559848  -0.0000821046
        0.0000543417  -0.0001124365   0.0000104192  -0.0000154538  -0.0000149536
       -0.0000426221   0.0000034871   0.0000561860   0.0000221158  -0.0000738653
       -0.0000483795   0.0000556864  -0.0000177735  -0.0000246307   0.0000278622
       -0.0000088528  -0.0000109392  -0.0000074493  -0.0000044473  -0.0000185262
        0.0028510199  -0.0024700032  -0.0006242927   0.0001176784  -0.0000840516
       -0.0001462235  -0.0022796534  -0.0042624911   0.0018517191  -0.0174808089
       -0.0000026831   0.0202517041   0.0236251754  -0.0429770140  -0.0249545810
        0.0101418227  -0.0027373991  -0.0106914614   0.0007139174  -0.0016113254
       -0.0025241525   0.0077840525  -0.0039591944  -0.0135479733  -0.0000425273
        0.0001221962   0.0003667351   0.0000759099   0.0000597024  -0.0006032247
        0.0010391712   0.0000047623   0.0003601640   0.0000014869  -0.0000574790
        0.0000026294  -0.0000597474   0.0000498509  -0.0000261869   0.0000286231
       -0.0000329889  -0.0000002821   0.0003071314  -0.0003297711  -0.0001792584
       -0.0000044453   0.0000240276  -0.0000084772  -0.0008071592  -0.0001001091
        0.0012246857   0.0000687209  -0.0001303923  -0.0000922460  -0.0001158754
        0.0003927496   0.0000241277  -0.0001766642   0.0006937877   0.0003385010
       -0.0263362261   0.0579795914   0.0293934472   0.0003013991   0.0000656062
       -0.0005247229   0.0003290875  -0.0003930114  -0.0001861084   0.0001620569
       -0.0001896822  -0.0001888031  -0.0001196513  -0.0001091157   0.0000527597
       -0.0000106720   0.0000137894  -0.0000158166  -0.0000409452  -0.0000035184
       -0.0000014369  -0.0000719544  -0.0003718045   0.0004203800  -0.0000139171
        0.0003821267  -0.0000606347   0.0000079438  -0.0000064858   0.0000095333
        0.0000121013   0.0000163475   0.0000464304  -0.0000091576   0.0000380014
        0.0000343207  -0.0000142526  -0.0000019396   0.0000093562   0.0000088770
       -0.0000048328  -0.0000143509   0.0000074819  -0.0000072467   0.0000037394
       -0.0015255945   0.0003954782  -0.0001315849  -0.0000987916   0.0000004172
        0.0001373814   0.0012650489   0.0030211892  -0.0001896459   0.0093755435
        0.0014035434  -0.0097716956   0.1120019251  -0.0262189149  -0.1686066399
       -0.0050981441   0.0011664472   0.0057349170  -0.0004696702  -0.0022864148
       -0.0026778830   0.0137037886  -0.0060479904  -0.0181420234   0.0004128431
        0.0001830703   0.0000944855  -0.0001382489   0.0002129423   0.0001988680
        0.0008414649  -0.0002052522   0.0007266840  -0.0001257229  -0.0000023549
       -0.0000575182   0.0000159429  -0.0000458954   0.0000267341  -0.0001115684
        0.0000592677   0.0001248491  -0.0000420161  -0.0000165485   0.0000556724
       -0.0000058579   0.0000143459   0.0000321653   0.0005184288  -0.0000071424
       -0.0007679619  -0.0000721260  -0.0000477746   0.0001938459  -0.0000676746
       -0.0000724063   0.0003248723  -0.0000532755  -0.0000331764  -0.0001385709
       -0.1301008166   0.0293934472   0.1923529039  -0.0000695953  -0.0003244965
        0.0005172033   0.0003950778  -0.0004099938  -0.0001788592   0.0003021416
       -0.0003047540  -0.0002962535  -0.0000283411  -0.0001492957  -0.0000067904
       -0.0000275582  -0.0000503318  -0.0000221796   0.0000196407   0.0000142958
        0.0000030650  -0.0002406429  -0.0003081564   0.0008259304  -0.0005885248
        0.0005404715  -0.0003745375   0.0000025151   0.0000229823   0.0000033993
        0.0000431183   0.0000105868  -0.0000321627  -0.0000178762   0.0000817288
        0.0000345083  -0.0000200513  -0.0000003403  -0.0000086584  -0.0000166262
        0.0000026734  -0.0000046396   0.0000212438   0.0000083521   0.0000201193
       -0.0061331967  -0.0117844603   0.0100791195  -0.0005475623   0.0009975665
        0.0026532663   0.0000372269   0.0000612696  -0.0000556999  -0.0030542446
        0.0024158272  -0.0018879444   0.0039034488   0.0192018515  -0.0101964778
       -0.0630306725  -0.0572255474   0.0345034049   0.0002014746  -0.0000090599
       -0.0011306687   0.0003369291   0.0008203206  -0.0002950635  -0.0172186170
       -0.0251521396   0.0018644519  -0.0001160203  -0.0010632958   0.0008707933
       -0.0001410869  -0.0000566769   0.0000994750  -0.0000303789  -0.0001485475
       -0.0002351656  -0.0002114147  -0.0002212981   0.0004899523  -0.0003292406
       -0.0006192662   0.0006908798   0.0002428467   0.0000115242  -0.0006646069
       -0.0000784142   0.0000155953  -0.0000094634  -0.0000029895   0.0000546608
       -0.0000437824  -0.0000469569   0.0000717395   0.0000345852  -0.0001863024
       -0.0001303737   0.0000584296   0.0002089734   0.0011631672  -0.0004427577
        0.0007843267   0.0003013991  -0.0000695953   0.0865969146   0.0736266163
       -0.0328476318  -0.0001691255   0.0000479259   0.0000109497   0.0001779849
       -0.0000116869  -0.0001127086  -0.0007735149  -0.0033083023  -0.0037579478
       -0.0002195191   0.0010011524   0.0004303325  -0.0002412548  -0.0000997590
       -0.0000710321   0.0000306456  -0.0000134954   0.0000220257   0.0000170862
        0.0000175130   0.0000268870   0.0000018902   0.0000110764   0.0000139608
       -0.0001048322   0.0000932661  -0.0000134203   0.0000517396  -0.0000666883
        0.0000095135   0.0000056776  -0.0000131564   0.0000087113   0.0000316549
        0.0000116869  -0.0000151715   0.0000065242  -0.0000004051  -0.0000176005
        0.0003178241   0.0023198501   0.0004998889   0.0004887971   0.0005986244
       -0.0006345154  -0.0001135337   0.0000789993  -0.0001077319   0.0041168743
       -0.0019980818   0.0018095267  -0.0023299303  -0.0202585106   0.0122083676
       -0.0570261758  -0.1842296665   0.0803998620   0.0001329000   0.0004552074
       -0.0009304301  -0.0004748241  -0.0000934907  -0.0005205749  -0.0179891450
       -0.0193596356  -0.0008720759   0.0008756795   0.0006606627  -0.0016818970
        0.0001657582   0.0000450190  -0.0001115796  -0.0001499512  -0.0003720586
       -0.0002098855  -0.0001886108  -0.0001318807   0.0005028924   0.0000799243
       -0.0000124247  -0.0000535086  -0.0001030671   0.0002492404   0.0003271162
       -0.0000126983   0.0000606498   0.0000123755   0.0000422319   0.0000201763
       -0.0000409659   0.0000395274  -0.0000185370  -0.0000439322   0.0000058260
        0.0003578467  -0.0001622192  -0.0003019270  -0.0013454113   0.0005146882
       -0.0004283246   0.0000656062  -0.0003244965   0.0736266163   0.2244848654
       -0.0869967481   0.0000384013  -0.0000229112  -0.0000504415   0.0000448763
        0.0001612173  -0.0001853986  -0.0008858342  -0.0015432578  -0.0031452494
        0.0002799489  -0.0000270060  -0.0002696944  -0.0001293118  -0.0001389843
        0.0000923102  -0.0000538577  -0.0000386695   0.0000167081   0.0000197237
       -0.0000358813  -0.0000233286  -0.0000154781   0.0000022916   0.0000015286
       -0.0000575506   0.0001026560   0.0000067060  -0.0000225829  -0.0000290519
       -0.0000339713  -0.0000111872   0.0000146890   0.0000171819   0.0000151254
       -0.0000140682   0.0000085229   0.0000039557  -0.0000080739  -0.0000190304
        0.0113244091   0.0193170283  -0.0159431177   0.0018288075  -0.0017905423
       -0.0041978134  -0.0000479069  -0.0001569055   0.0003306198  -0.0017508106
        0.0007644589   0.0001503209   0.0006387915   0.0078287221  -0.0030025525
        0.0347105837   0.0812834005  -0.0859558264   0.0004926016   0.0004742305
        0.0000229523  -0.0003727132   0.0008627746  -0.0001895486  -0.0118774594
       -0.0190761214   0.0068298670  -0.0002740592   0.0011819769   0.0001013223
       -0.0000479018  -0.0001302357   0.0000277863  -0.0003640021  -0.0001593050
       -0.0000581510  -0.0000120035  -0.0000976617   0.0002021982   0.0005127117
        0.0011042401  -0.0009920101  -0.0004130796  -0.0000139646   0.0005052649
        0.0000878340   0.0000282695   0.0000558776  -0.0000118083  -0.0000962781
        0.0000362059   0.0000568103   0.0000059365  -0.0000166107  -0.0000991626
       -0.0001115348  -0.0000920585   0.0002030685   0.0004695773  -0.0002362767
        0.0001336110  -0.0005247229   0.0005172033  -0.0328476318  -0.0869967481
        0.1036956263  -0.0000084562  -0.0001262257   0.0002562284  -0.0000701072
       -0.0006622014  -0.0006418251  -0.0022616894  -0.0024398673  -0.0013526238
        0.0004005551  -0.0009197572   0.0000560182  -0.0000441223  -0.0000863204
        0.0000366383   0.0000147472  -0.0000216028  -0.0000347165   0.0000957837
       -0.0000037232   0.0000141560   0.0000284611   0.0000287750  -0.0000248284
       -0.0000580207  -0.0000385437  -0.0000128179   0.0000685575   0.0000786697
       -0.0001136242  -0.0000207130   0.0000433743  -0.0000183605  -0.0000345829
       -0.0000247975   0.0000291024   0.0000188970   0.0000056249   0.0000153738
        0.0010509385   0.0014886537  -0.0230271554   0.0008541005   0.0004568541
       -0.0013167492   0.0000280460  -0.0001950997   0.0000975688   0.0000199653
        0.0000816232   0.0002005357  -0.0014476385   0.0011826777   0.0012320569
       -0.0029608902  -0.0007314614  -0.0013705111  -0.0419916576  -0.0038791362
        0.0210097804  -0.0044323277  -0.0007215671   0.0221778684  -0.0001015439
       -0.0007711443  -0.0016703657  -0.0004243747  -0.0004893491  -0.0009547062
        0.0002071447   0.0009804476   0.0008550590   0.0000499007   0.0001400099
       -0.0000976019   0.0000605723   0.0000021604   0.0000546349  -0.0010181896
       -0.0005517352   0.0002993189  -0.0000139570  -0.0001295392   0.0004933010
        0.0000065127  -0.0000241933   0.0000596981  -0.0000814118  -0.0000271776
       -0.0000422090   0.0003225007   0.0001510268  -0.0000403127  -0.0000195676
        0.0000467059  -0.0000580738  -0.0000706255  -0.0000081138   0.0000655506
        0.0001175130   0.0003290875   0.0003950778  -0.0001691255   0.0000384013
       -0.0000084562   0.0499262858   0.0033581035  -0.0237216285   0.0011011233
       -0.0020252499   0.0064365720   0.0000538490   0.0000772690  -0.0000480129
       -0.0001028468  -0.0000654969   0.0000283912  -0.0003610270   0.0002659604
        0.0000192740  -0.0004778746  -0.0005495765   0.0001040277   0.0003111512
        0.0006585786  -0.0010497448   0.0000228931   0.0000406831   0.0000320895
       -0.0000054690   0.0000418116   0.0000101108  -0.0004375044   0.0008038222
       -0.0001632931  -0.0000504843   0.0000244805  -0.0000580649  -0.0000252773
       -0.0000279933   0.0000270703   0.0000592960   0.0000284762   0.0000288993
        0.0001281956   0.0004923189  -0.0068180084  -0.0002228904   0.0001320535
       -0.0011825531  -0.0003421457  -0.0004019270  -0.0005557543   0.0000496242
       -0.0000976724  -0.0001188518   0.0011281226  -0.0016842799  -0.0016017716
       -0.0006825526  -0.0007462540  -0.0011469845  -0.0037956560  -0.0414251023
        0.0289834942   0.0052618714   0.0007365344  -0.0168557348   0.0000117043
       -0.0000913664  -0.0005881787   0.0000706036   0.0001120061   0.0003754502
       -0.0007552037   0.0002609504  -0.0008029915  -0.0000870574  -0.0000463824
       -0.0000033279   0.0000200202  -0.0000168227   0.0000272465  -0.0007897090
        0.0000779734   0.0000451694  -0.0000951999  -0.0001915102  -0.0003312178
        0.0000501005   0.0000246453   0.0000277917   0.0001353487   0.0000626966
        0.0001477319   0.0001898467  -0.0014527899   0.0000463247  -0.0000257885
        0.0000268382   0.0001400779  -0.0000043733  -0.0000207997   0.0000012324
       -0.0001497632  -0.0003930114  -0.0004099938   0.0000479259  -0.0000229112
       -0.0001262257   0.0033581035   0.0530636566  -0.0317092458  -0.0041767315
       -0.0079011924   0.0321351748   0.0000274387   0.0000604165  -0.0000344863
       -0.0000670958   0.0000506874  -0.0000696676  -0.0000082628   0.0000890447
       -0.0001501178  -0.0001234524   0.0004672061  -0.0002731439  -0.0001633995
       -0.0007739113   0.0006071088   0.0000313575   0.0000322347   0.0000014507
        0.0000079026  -0.0000087318  -0.0000167706   0.0008876577  -0.0004140506
        0.0002408233   0.0000491414   0.0000218178   0.0000022203  -0.0000091774
       -0.0000032536   0.0000075826   0.0000434940  -0.0000191112   0.0000061466
       -0.0005288300   0.0004649648  -0.0162555000   0.0009212065   0.0011254632
        0.0006971076  -0.0000351209   0.0002664999   0.0000639641   0.0000452970
       -0.0001113514  -0.0003199525   0.0009041789  -0.0006722514  -0.0009551731
       -0.0024436793  -0.0009846662  -0.0015871571   0.0192894006   0.0296279498
       -0.2689818269   0.0055688737  -0.0021617663  -0.0127841602  -0.0001752196
       -0.0006699532  -0.0013641223  -0.0003034869  -0.0003020797  -0.0010652620
       -0.0014270191   0.0000948663   0.0002536783   0.0000617464   0.0001767928
        0.0000131612   0.0000828079   0.0000245796   0.0001531388  -0.0005175050
       -0.0003122394   0.0005658902   0.0000540074  -0.0002703592   0.0005866297
        0.0000618965   0.0000107106   0.0000765954   0.0001318501   0.0000833556
        0.0000817456   0.0002331354  -0.0004599333   0.0004559641   0.0000268914
       -0.0000131305   0.0000893945   0.0000279621  -0.0000217653   0.0000024879
       -0.0001989520  -0.0001861084  -0.0001788592   0.0000109497  -0.0000504415
        0.0002562284  -0.0237216285  -0.0317092458   0.3103960314   0.0018837842
        0.0051633244  -0.0109515636   0.0001780582   0.0001254402  -0.0000140562
       -0.0000062397  -0.0001749035  -0.0000399784  -0.0000580321   0.0001621215
        0.0000045841   0.0003958141   0.0005359302  -0.0001503280  -0.0002465617
       -0.0004832300   0.0006856898   0.0000272474   0.0000231365   0.0000160515
        0.0000045886   0.0000158992  -0.0000233234  -0.0001916968   0.0006418125
        0.0002737294  -0.0000833864   0.0000348274  -0.0000417819  -0.0000177087
       -0.0000278866   0.0000364346   0.0000453705   0.0000336370   0.0000045383
       -0.0084208966  -0.0235179103   0.0029908071  -0.0038648881  -0.0021023934
       -0.0025568073   0.0000144167   0.0001610971  -0.0001306584   0.0001103500
        0.0000330824  -0.0001130001  -0.0013548582   0.0008677254   0.0007055670
       -0.0002474625  -0.0001884747   0.0002547297  -0.0463177660  -0.0416971168
        0.0073940880   0.0005625487   0.0233448968  -0.0028404622  -0.0001311505
        0.0000616483  -0.0001360249  -0.0000705452  -0.0016865199   0.0007684489
       -0.0001094995   0.0014261592   0.0009343397  -0.0001844630  -0.0009628747
        0.0006298713  -0.0002046890  -0.0000372957  -0.0000675150   0.0000203046
        0.0001256461  -0.0001435427  -0.0000225492   0.0001617350  -0.0002553013
       -0.0001152916  -0.0000480913  -0.0000700227  -0.0000100512   0.0000735899
        0.0000283468  -0.0000551439   0.0001238448   0.0000306026  -0.0000019744
       -0.0000117918   0.0000286074  -0.0000177135  -0.0000062649   0.0000152049
        0.0000382677   0.0001620569   0.0003021416   0.0001779849   0.0000448763
       -0.0000701072   0.0011011233  -0.0041767315   0.0018837842   0.0601714137
        0.0479630860  -0.0097896604   0.0000077648   0.0000026018  -0.0000378389
       -0.0004338379   0.0004910163  -0.0008139255   0.0003631482   0.0000068450
        0.0000788449   0.0000412361   0.0003765543  -0.0005537088  -0.0004032639
       -0.0012735461   0.0008218587  -0.0000256505   0.0000551260  -0.0001637496
       -0.0000238982   0.0000048826   0.0000734270  -0.0005967683   0.0002348311
        0.0008286751  -0.0000082452  -0.0000515718  -0.0000014545   0.0000312920
        0.0000160594  -0.0000228168  -0.0000192442   0.0000232222  -0.0000027485
       -0.0059175666  -0.0113186661   0.0012218444  -0.0018433848  -0.0005861299
       -0.0015285202  -0.0000109577   0.0000417603   0.0001747283  -0.0000688198
        0.0001287631   0.0001086803   0.0016296495  -0.0008419692  -0.0009045894
       -0.0000966403  -0.0002556049   0.0005211319  -0.0445452472  -0.2479308945
        0.0469524839   0.0044129217  -0.0218835794   0.0008741229   0.0000263816
        0.0002393626  -0.0000796322   0.0017906603   0.0005996642  -0.0001169041
       -0.0012707275   0.0000725169  -0.0009610735   0.0000542559  -0.0005111586
        0.0003566595  -0.0001269339   0.0000595652  -0.0000148841   0.0000976600
       -0.0000321562  -0.0001174964  -0.0001251929   0.0003834481   0.0006938490
       -0.0000517507   0.0000061731  -0.0000430030   0.0000478098   0.0001144998
       -0.0000331170  -0.0000989878  -0.0001043575  -0.0001186099  -0.0000155635
        0.0000467537  -0.0000090622  -0.0000108068   0.0000794155  -0.0000128258
       -0.0000937966  -0.0001896822  -0.0003047540  -0.0000116869   0.0001612173
       -0.0006622014  -0.0020252499  -0.0079011924   0.0051633244   0.0479630860
        0.2881372111  -0.0511222261   0.0001169706   0.0000708669   0.0000211583
       -0.0001474580   0.0005556918  -0.0001109392   0.0003526123  -0.0000170687
       -0.0000745480   0.0000222807  -0.0005495175   0.0007088377   0.0003606685
        0.0012316973  -0.0007482485  -0.0000369347   0.0000043662  -0.0000928596
        0.0000167901   0.0000009611   0.0000406690  -0.0003669878   0.0001975818
        0.0002214353  -0.0000245469  -0.0000210883   0.0000184680   0.0000313836
        0.0000061216  -0.0000079469  -0.0000338903   0.0000054279  -0.0000139514
       -0.0036556889  -0.0121532957   0.0022929013  -0.0012127742  -0.0004421179
       -0.0007767270   0.0000273786   0.0002427330  -0.0001137186  -0.0000468566
        0.0000524039   0.0000930986   0.0010670288  -0.0002353461  -0.0014930346
       -0.0006139937  -0.0005801662   0.0001118397   0.0075458972   0.0442889293
       -0.0499999498   0.0008650844  -0.0110672655   0.0027097326   0.0001689132
        0.0001566290   0.0000010116  -0.0003075406  -0.0005710870   0.0014396461
       -0.0006370266  -0.0004559965   0.0004165589  -0.0001637096  -0.0002314587
        0.0003735966   0.0000012562  -0.0000050055  -0.0000542321  -0.0001452133
        0.0001359397   0.0000059755   0.0000054341  -0.0001882273  -0.0006329995
       -0.0000272114   0.0000067219  -0.0000121023   0.0000430728   0.0000085553
        0.0000398116   0.0001953842  -0.0000674944   0.0000795655  -0.0000151543
        0.0000319582   0.0000367171   0.0000271304   0.0000620333  -0.0000241671
       -0.0000693657  -0.0001888031  -0.0002962535  -0.0001127086  -0.0001853986
       -0.0006418251   0.0064365720   0.0321351748  -0.0109515636  -0.0097896604
       -0.0511222261   0.0583229845  -0.0000610230  -0.0000112198  -0.0000186058
       -0.0003267326   0.0002911020  -0.0002955034   0.0000842392  -0.0000699024
       -0.0000838049  -0.0003688141  -0.0002578392   0.0001609139   0.0002470978
        0.0004654713  -0.0005811672   0.0000153265   0.0000379244  -0.0000448593
        0.0000011848  -0.0000210738   0.0000212748   0.0007923415  -0.0000665207
       -0.0000731712   0.0000275064   0.0000127195  -0.0000008822   0.0000005804
       -0.0000025106  -0.0000130640   0.0000020450  -0.0000053405   0.0000020029
        0.0011279321   0.0005276951  -0.0005082894   0.0006284278   0.0001909699
       -0.0000683853  -0.0002226689  -0.0000188839  -0.0003369000  -0.0002520243
       -0.0005119771  -0.0001744741  -0.0000283181  -0.0005465594   0.0008581672
       -0.0182306190  -0.0188865532   0.0049724201  -0.0001090420  -0.0000199741
        0.0003292575  -0.0002876195  -0.0003943966  -0.0003467817  -0.1305967307
       -0.1495930191   0.0829284149   0.0003225255  -0.0002551249  -0.0000003500
        0.0000389158   0.0001005931   0.0000575609   0.0001226550   0.0035493428
        0.0040180564   0.0009003035  -0.0016128452  -0.0051650076   0.0000511321
        0.0000946231   0.0001247090  -0.0001500165   0.0000190046   0.0001271225
        0.0002459215  -0.0002716696  -0.0002742452   0.0000712826  -0.0000254458
        0.0000262895  -0.0000383272   0.0001176740   0.0000496256  -0.0002824704
        0.0018595226  -0.0002449404   0.0002776382   0.0000169014   0.0003028589
       -0.0002012359  -0.0001196513  -0.0000283411  -0.0007735149  -0.0008858342
       -0.0022616894   0.0000538490   0.0000274387   0.0001780582   0.0000077648
        0.0001169706  -0.0000610230   0.1469892336   0.1675506893  -0.0855817495
       -0.0000396680   0.0000354961  -0.0000191020  -0.0000596304   0.0003087559
       -0.0000215791   0.0000876258   0.0000730381   0.0000909824  -0.0000238478
        0.0000035255  -0.0000272107  -0.0006093309   0.0000912070  -0.0003071470
        0.0008887597  -0.0014542579   0.0013635453  -0.0000518285  -0.0000436299
       -0.0000233811   0.0001137210  -0.0000278700   0.0001150380   0.0001789828
        0.0000400138  -0.0001439710  -0.0001497775  -0.0000557694   0.0000524615
       -0.0010965929   0.0007175633   0.0013477221   0.0000402515   0.0004026828
       -0.0001021772  -0.0003054895  -0.0000261173  -0.0001698426   0.0001758376
        0.0001812108   0.0003573080  -0.0000128659   0.0008639705   0.0004082691
       -0.0126827410  -0.0163660836  -0.0025617256  -0.0001888770  -0.0002481834
        0.0000731111  -0.0001194616  -0.0001850552   0.0000062643  -0.1539652526
       -0.1887914374   0.1206877552  -0.0000596475  -0.0006292134  -0.0000023775
        0.0000857729   0.0000114659   0.0000242009   0.0002446080   0.0029763522
        0.0026552721   0.0000692291   0.0001400782  -0.0033635207   0.0000562856
        0.0000470868   0.0000966673  -0.0000757900   0.0002809253   0.0004412062
        0.0004485535  -0.0008404023  -0.0002941956   0.0000643562  -0.0001379346
        0.0001810187  -0.0000359701  -0.0000399699  -0.0000373375   0.0010757586
       -0.0007198133   0.0002061717   0.0001987508   0.0000450399  -0.0000277204
        0.0003475497  -0.0001091157  -0.0001492957  -0.0033083023  -0.0015432578
       -0.0024398673   0.0000772690   0.0000604165   0.0001254402   0.0000026018
        0.0000708669  -0.0000112198   0.1675506893   0.2085995671  -0.1188669930
        0.0000025798  -0.0000254552   0.0000078479   0.0007115389  -0.0004414166
       -0.0002444189   0.0000516610   0.0000646607  -0.0000305303   0.0000712100
       -0.0000261378  -0.0000071353   0.0001973800   0.0001362969  -0.0004975232
       -0.0000879997  -0.0043181266   0.0022039578   0.0000460390   0.0000041068
        0.0000257926   0.0002197948  -0.0001814308  -0.0001206351   0.0001075843
       -0.0000194874   0.0000755631   0.0000936886   0.0000463474   0.0000029475
       -0.0007743907  -0.0009890757   0.0011147309  -0.0007401255  -0.0004972263
       -0.0005561531  -0.0000771175   0.0001789311  -0.0002948447   0.0002125878
        0.0003725375   0.0000656678  -0.0001654281   0.0000217716  -0.0000365893
       -0.0124612244  -0.0183644807   0.0128815498   0.0000906339   0.0000281704
       -0.0002001229  -0.0002073938   0.0001192806   0.0000165382   0.1032743693
        0.1397752787  -0.1282128500   0.0000735296  -0.0001348390  -0.0000248731
        0.0000616241  -0.0000247376  -0.0000389338   0.0014594617  -0.0028310000
       -0.0032149735  -0.0005921144   0.0020949537   0.0029342157  -0.0001033691
       -0.0001442351   0.0001035456  -0.0000666323   0.0002156200  -0.0000901150
       -0.0001055547   0.0001919194   0.0000207934  -0.0001035081   0.0000789419
       -0.0001571911   0.0000729637   0.0000579406  -0.0000477893  -0.0005199393
        0.0001096710   0.0004321346  -0.0000416988  -0.0001295293   0.0000340999
       -0.0000330973   0.0000527597  -0.0000067904  -0.0037579478  -0.0031452494
       -0.0013526238  -0.0000480129  -0.0000344863  -0.0000140562  -0.0000378389
        0.0000211583  -0.0000186058  -0.0855817495  -0.1188669930   0.1167211509
        0.0000345289   0.0000127838   0.0000159889   0.0000433027  -0.0000818394
        0.0002254805  -0.0000169710  -0.0000387136   0.0000271176   0.0000340149
       -0.0000169161   0.0000179691  -0.0003859289  -0.0001846772   0.0002145917
        0.0005840024   0.0023320943  -0.0004564351   0.0000695457  -0.0001027557
       -0.0000002485  -0.0000141870  -0.0000161605  -0.0000497906  -0.0000556250
       -0.0000350189  -0.0000228896  -0.0001207093  -0.0000258790  -0.0000296988
        0.0052080792   0.0136101955  -0.0073233651  -0.0016224969   0.0022643888
       -0.0001709380   0.0002531192   0.0007289497  -0.0003142610   0.0000431798
        0.0000293471  -0.0000637869   0.0001272361  -0.0000368042   0.0000025408
        0.0004987996   0.0010327942  -0.0007040361   0.0007091826   0.0015778762
       -0.0002285392   0.0000260174   0.0000531962   0.0000027724  -0.0002575663
       -0.0001890406  -0.0002512349  -0.0849083463  -0.0738704682   0.0377065248
       -0.0000251756  -0.0000334014  -0.0000101883  -0.0003261898   0.0001219345
        0.0000606599   0.0000314682   0.0000586938   0.0000649939  -0.0001234494
       -0.0000231618  -0.0001138502  -0.0093866069  -0.0047698569   0.0197403674
       -0.0000515250  -0.0001299591   0.0002029656  -0.0001174960   0.0002139754
       -0.0000142137   0.0000159940  -0.0000175984   0.0000040549  -0.0000136198
       -0.0000282585  -0.0000178308   0.0000199371  -0.0000305547  -0.0000026151
        0.0000217236  -0.0000106720  -0.0000275582  -0.0002195191   0.0002799489
        0.0004005551  -0.0001028468  -0.0000670958  -0.0000062397  -0.0004338379
       -0.0001474580  -0.0003267326  -0.0000396680   0.0000025798   0.0000345289
        0.1042918101   0.0813701038  -0.0569295565  -0.0149592317  -0.0227649622
        0.0093487214   0.0000000704  -0.0000089795  -0.0000010092   0.0000338569
       -0.0000166822   0.0000038442   0.0000126671   0.0000066912   0.0000115923
        0.0000130636  -0.0000215982  -0.0000280283   0.0010776103   0.0009870654
       -0.0010643935   0.0001361061  -0.0001549479   0.0000015034  -0.0000012824
       -0.0000425228  -0.0000058986   0.0000689366   0.0000262820   0.0000186509
       -0.0070923724  -0.0254775819   0.0115657199   0.0036826010  -0.0033102566
        0.0003185080  -0.0005909799  -0.0011962743   0.0006882895  -0.0000977768
        0.0001254025   0.0000102428  -0.0000453315   0.0003269075  -0.0000743638
       -0.0007417450  -0.0003654305   0.0014643276  -0.0012475481   0.0008895449
       -0.0005053424  -0.0000988856  -0.0000477384  -0.0000338033  -0.0003023580
        0.0002067232  -0.0001872568  -0.0726691888  -0.1641780555   0.0726920871
       -0.0000789130   0.0001025680  -0.0000309347   0.0003064333   0.0003775852
        0.0001623040  -0.0000177471   0.0000591226  -0.0000656184  -0.0000102152
        0.0001356675  -0.0002210760   0.0041080512   0.0103493498  -0.0033186583
       -0.0000430552   0.0000765719   0.0001103395   0.0002756374  -0.0003330032
        0.0000582602   0.0000067993  -0.0000318984   0.0000252980  -0.0000312612
        0.0000127823   0.0000177520   0.0000256355   0.0000550350  -0.0000285739
       -0.0000041247   0.0000137894  -0.0000503318   0.0010011524  -0.0000270060
       -0.0009197572  -0.0000654969   0.0000506874  -0.0001749035   0.0004910163
        0.0005556918   0.0002911020   0.0000354961  -0.0000254552   0.0000127838
        0.0813701038   0.1903102095  -0.0853163727  -0.0085391375  -0.0097654768
        0.0044393027  -0.0000093836   0.0000038115   0.0000146196  -0.0000375773
       -0.0000215254   0.0000016835  -0.0000089602  -0.0000176384   0.0000127444
        0.0000202540   0.0000053727   0.0000031077   0.0001668158   0.0014074263
       -0.0008313349   0.0001136125  -0.0002266884  -0.0000709065   0.0000623520
       -0.0000300376  -0.0000575345   0.0000660974  -0.0000101823  -0.0000017038
        0.0017184157   0.0088220604  -0.0032258526  -0.0010653276   0.0011089031
        0.0003490561   0.0002233610   0.0003509310  -0.0001483916  -0.0000579611
       -0.0000656379   0.0000519229   0.0000157980  -0.0000884475  -0.0000838310
        0.0003212476  -0.0014877026   0.0007649716   0.0005191156   0.0005069095
        0.0000729604  -0.0000981924   0.0000238368   0.0000508998   0.0000203747
        0.0001297287  -0.0000003784   0.0366795921   0.0736071003  -0.0811999904
        0.0000689627  -0.0000702301  -0.0000099172  -0.0001013800   0.0001389057
       -0.0000746210   0.0000128799   0.0000137056   0.0000521303   0.0000605707
       -0.0002162056  -0.0000315019   0.0256636638   0.0129671132  -0.0357717305
        0.0000087259   0.0000820558   0.0002906597  -0.0000549733   0.0001120294
       -0.0000496306   0.0000237704  -0.0000107673  -0.0000424118   0.0000046550
        0.0000058048   0.0000039072   0.0000093549   0.0000215294  -0.0000165903
        0.0000145003  -0.0000158166  -0.0000221796   0.0004303325  -0.0002696944
        0.0000560182   0.0000283912  -0.0000696676  -0.0000399784  -0.0008139255
       -0.0001109392  -0.0002955034  -0.0000191020   0.0000078479   0.0000159889
       -0.0569295565  -0.0853163727   0.1124214863  -0.0071190085  -0.0105840921
        0.0071061594  -0.0000180403  -0.0000082055  -0.0000210252   0.0000318013
        0.0000023697  -0.0000076793   0.0000165528  -0.0000039622  -0.0000085520
       -0.0000112425  -0.0000075158  -0.0000039668   0.0005990837   0.0009087537
        0.0000734975  -0.0002013404  -0.0003745118  -0.0002925175  -0.0000443153
       -0.0001286001   0.0000084929   0.0000632154   0.0000187841   0.0000280984
       -0.0197111577  -0.0025759252  -0.0108291330   0.0003909875  -0.0008202293
        0.0002097119  -0.0000340151  -0.0001044932   0.0000253904   0.0000269370
       -0.0000465602   0.0000141485  -0.0000075221  -0.0001124677  -0.0000310998
       -0.0003549862  -0.0002707533  -0.0008458303  -0.0026173449   0.0033099439
       -0.0006798008  -0.0007499740  -0.0002598624  -0.0006942266   0.0009639331
       -0.0003449393   0.0002437595  -0.1892446374  -0.0576070927  -0.0998164961
       -0.0001836282   0.0002214611   0.0001810615   0.0005193984   0.0001260577
       -0.0000671292  -0.0000555169   0.0000095236   0.0001892779  -0.0000855632
       -0.0000292830   0.0000393685   0.0090620563   0.0023643715   0.0036329082
       -0.0004259149  -0.0005647159   0.0006159435   0.0000460476  -0.0000361745
        0.0000174993   0.0000340740  -0.0000749290   0.0000598648   0.0000099230
        0.0000653028   0.0000345560   0.0000314006  -0.0000552546   0.0000271519
        0.0000527371  -0.0000409452   0.0000196407  -0.0002412548  -0.0001293118
       -0.0000441223  -0.0003610270  -0.0000082628  -0.0000580321   0.0003631482
        0.0003526123   0.0000842392  -0.0000596304   0.0007115389   0.0000433027
       -0.0149592317  -0.0085391375  -0.0071190085   0.2174366307   0.0644234674
        0.1113981340   0.0000638170   0.0000278736   0.0000416607  -0.0001244668
        0.0000218746   0.0000188759  -0.0000151161  -0.0000501260  -0.0000261984
       -0.0000738323   0.0000553733   0.0000327150   0.0008324647   0.0008418805
        0.0021478431  -0.0002337494  -0.0006106725   0.0011007027  -0.0001354554
       -0.0000553379   0.0000668996  -0.0001595307  -0.0001948072  -0.0000335783
        0.0178172153   0.0048628858   0.0112129977   0.0003423003   0.0008403309
       -0.0000972334  -0.0000608833  -0.0000246842  -0.0000608916   0.0000165596
        0.0000245855   0.0000035115  -0.0000358472   0.0000143671  -0.0000073247
       -0.0000861004   0.0004636315   0.0003757542   0.0027648448  -0.0026172815
        0.0003270002   0.0008120369   0.0002276258   0.0004233193  -0.0001888346
        0.0001653061   0.0001844670  -0.0557926718  -0.0637500786  -0.0348877745
        0.0001857925  -0.0001532056  -0.0001295165   0.0002775382  -0.0007309689
        0.0004217160  -0.0000312720  -0.0002099796  -0.0002379645  -0.0000292602
       -0.0000425964   0.0000260030  -0.0075983408  -0.0053106125  -0.0114867751
       -0.0005411977  -0.0002727272   0.0005702759   0.0000097473  -0.0000101351
        0.0000094131  -0.0000536810   0.0000485504  -0.0000410870   0.0000229713
       -0.0000099861  -0.0000065431  -0.0000378379   0.0000186350  -0.0000037448
       -0.0000145997  -0.0000035184   0.0000142958  -0.0000997590  -0.0001389843
       -0.0000863204   0.0002659604   0.0000890447   0.0001621215   0.0000068450
       -0.0000170687  -0.0000699024   0.0003087559  -0.0004414166  -0.0000818394
       -0.0227649622  -0.0097654768  -0.0105840921   0.0644234674   0.0763951694
        0.0458178926  -0.0000143501  -0.0000104156  -0.0000194897   0.0000787375
       -0.0000266356   0.0000249137  -0.0000754721  -0.0000296671  -0.0000084494
        0.0000177170   0.0000455654  -0.0000060020   0.0007990896   0.0002589196
       -0.0024976595  -0.0004646321   0.0002889972   0.0007816131  -0.0000318718
       -0.0001018977  -0.0000141788  -0.0002280049  -0.0000762780  -0.0000285054
       -0.0070902000  -0.0004198117  -0.0028134084  -0.0001527339  -0.0002844304
        0.0001337619   0.0000583565  -0.0000159507   0.0000399014   0.0000081382
       -0.0000144870   0.0000212469  -0.0001081688   0.0000032595  -0.0000847029
        0.0006120976  -0.0004636756   0.0002307582  -0.0006455631   0.0007813916
        0.0004345070  -0.0003519608   0.0000297179  -0.0001000776  -0.0000690884
        0.0003632525   0.0000677195  -0.0946833744  -0.0336826434  -0.1040259245
       -0.0000061795   0.0000095461   0.0000189195  -0.0003464775   0.0008870014
        0.0002890420   0.0000970263   0.0000190046  -0.0000278400  -0.0001038188
       -0.0000948668  -0.0002040713  -0.0210998850  -0.0145610070  -0.0265572007
        0.0003204269   0.0002019527   0.0003096085   0.0000192422  -0.0000041525
       -0.0000153567   0.0000366710  -0.0000470352  -0.0000195813   0.0000028906
       -0.0000058743   0.0000214160   0.0000115952  -0.0000032161  -0.0000238449
        0.0000080802  -0.0000014369   0.0000030650  -0.0000710321   0.0000923102
        0.0000366383   0.0000192740  -0.0001501178   0.0000045841   0.0000788449
       -0.0000745480  -0.0000838049  -0.0000215791  -0.0002444189   0.0002254805
        0.0093487214   0.0044393027   0.0071061594   0.1113981340   0.0458178926
        0.1326078040   0.0000007521  -0.0000139397  -0.0000089131  -0.0000196298
        0.0000179006  -0.0000000972  -0.0000256701  -0.0000408001  -0.0000211965
        0.0000445904  -0.0000763518  -0.0000844946   0.0015397338  -0.0026127647
       -0.0056656705   0.0011098131   0.0004702052  -0.0018756780  -0.0000273616
       -0.0003039497  -0.0000032608   0.0001083347  -0.0000172590   0.0000645116
        0.0001332139   0.0000401119   0.0000302755   0.0000224544   0.0000079335
       -0.0000105753   0.0000008023  -0.0000401012  -0.0000233522   0.0001060961
        0.0001947938   0.0001156092  -0.0033735826   0.0029330964  -0.0026139608
       -0.0001154990  -0.0009350128  -0.0007230670   0.0012206285  -0.0014515773
        0.0004404597  -0.0120863331  -0.0180738173  -0.0247710195  -0.0007820017
        0.0001315828  -0.0003964279   0.0000532163  -0.0000581180  -0.0000198147
       -0.0641916908  -0.0401234220  -0.0582748901   0.0000577733  -0.0000019639
       -0.0000229708  -0.0000038093  -0.0000040178   0.0000447454  -0.0000323933
       -0.0000090364   0.0000249044  -0.0000142614   0.0000401172   0.0000834107
       -0.0000198038   0.0000034515   0.0000195248   0.0000053203   0.0000242957
        0.0000097466  -0.0000320185  -0.0000600384  -0.0000259634   0.0000115294
       -0.0000151982   0.0000462642  -0.0000265560  -0.0000286241   0.0000391615
       -0.0001139841  -0.0000719544  -0.0002406429   0.0000306456  -0.0000538577
        0.0000147472  -0.0004778746  -0.0001234524   0.0003958141   0.0000412361
        0.0000222807  -0.0003688141   0.0000876258   0.0000516610  -0.0000169710
        0.0000000704  -0.0000093836  -0.0000180403   0.0000638170  -0.0000143501
        0.0000007521   0.0747783419   0.0458163831   0.0717880150   0.0046836694
        0.0117583159   0.0144796585  -0.0000012902   0.0000108467  -0.0000002069
        0.0000092888   0.0000282159   0.0000059352  -0.0000413214   0.0000178479
       -0.0000003078  -0.0000061068  -0.0000012558  -0.0000111437  -0.0000005904
       -0.0000074348   0.0000018206   0.0000133877   0.0000016822  -0.0000026763
        0.0000749523  -0.0000056562   0.0000004068  -0.0000397325   0.0000305997
       -0.0000046296  -0.0000928657  -0.0000663022   0.0000460065   0.0010316622
        0.0011461386   0.0013733610   0.0014367379   0.0077305203  -0.0053888382
       -0.0001145604  -0.0007289205  -0.0006374310  -0.0002838122  -0.0024279172
        0.0029137592  -0.0026298775  -0.0017496684  -0.0017708368  -0.0007260051
        0.0000535581  -0.0003060906   0.0000880644  -0.0000491009   0.0000037053
       -0.0409055773  -0.1232752874  -0.1217026371   0.0000459772  -0.0000243992
       -0.0000078951   0.0000018237  -0.0000078211   0.0000389914  -0.0000289155
       -0.0000040108   0.0000210279  -0.0000586162   0.0000421186   0.0000743226
       -0.0000131235   0.0000079956   0.0000128895  -0.0000049331  -0.0000067841
        0.0000295939  -0.0000625904  -0.0000643856   0.0000267471   0.0002222733
        0.0005575196  -0.0000581486   0.0001073116  -0.0000039707   0.0000159558
       -0.0001117096  -0.0003718045  -0.0003081564  -0.0000134954  -0.0000386695
       -0.0000216028  -0.0005495765   0.0004672061   0.0005359302   0.0003765543
       -0.0005495175  -0.0002578392   0.0000730381   0.0000646607  -0.0000387136
       -0.0000089795   0.0000038115  -0.0000082055   0.0000278736  -0.0000104156
       -0.0000139397   0.0458163831   0.1290870111   0.1406073244  -0.0036634693
       -0.0098216658  -0.0151681529  -0.0000057460   0.0000031092  -0.0000058595
       -0.0000043322   0.0000065384  -0.0000043499   0.0000121849   0.0000044709
        0.0000038945   0.0000023753   0.0000044067  -0.0000050278  -0.0000032073
       -0.0000046145   0.0000082574   0.0000039135   0.0000012462  -0.0000038190
        0.0001765706  -0.0000263406  -0.0001128111   0.0000175784   0.0000141331
       -0.0000084293   0.0000218478   0.0000985920  -0.0001511858  -0.0010419119
       -0.0010455636  -0.0013581837  -0.0031075227  -0.0046460582   0.0055855911
        0.0000712423  -0.0001146450   0.0003904851   0.0019501076   0.0025852879
       -0.0013018808  -0.0068958532  -0.0071198787  -0.0116743831   0.0000115688
        0.0000944369   0.0000024783   0.0000614576  -0.0000580670   0.0000531108
       -0.0595018914  -0.1213133202  -0.1919836824   0.0000712041   0.0000052354
       -0.0000095750  -0.0000053656   0.0000112666   0.0000261398  -0.0000275825
        0.0000217683   0.0000499186  -0.0000449534   0.0000475209   0.0000338151
       -0.0000175134   0.0000109461   0.0000218603   0.0000315146   0.0000149270
        0.0000311611  -0.0000352287  -0.0000561087   0.0000075594  -0.0001615321
       -0.0005476519   0.0001252369   0.0000208802   0.0002046206  -0.0001272650
        0.0002559848   0.0004203800   0.0008259304   0.0000220257   0.0000167081
       -0.0000347165   0.0001040277  -0.0002731439  -0.0001503280  -0.0005537088
        0.0007088377   0.0001609139   0.0000909824  -0.0000305303   0.0000271176
       -0.0000010092   0.0000146196  -0.0000210252   0.0000416607  -0.0000194897
       -0.0000089131   0.0717880150   0.1406073244   0.2097294499  -0.0033495566
       -0.0096560976  -0.0101462233  -0.0000173288   0.0000014687  -0.0000011064
        0.0000265818   0.0000233427   0.0000098973   0.0000038724   0.0000059380
        0.0000145775  -0.0000043404   0.0000069726  -0.0000044365  -0.0000007454
       -0.0000072732   0.0000068146  -0.0000010783  -0.0000001578  -0.0000079126
       -0.0008597797   0.0008884730   0.0002200572  -0.0000218740   0.0000102876
       -0.0000907143   0.0000079570  -0.0000538124  -0.0000293087  -0.0001434308
        0.0000362547  -0.0002135209   0.0009843486  -0.0003548800   0.0019519985
        0.0000993603   0.0001239698   0.0003360610  -0.0028812961   0.0010011179
       -0.0038212480  -0.0266924391   0.0188155354   0.0126823533   0.0001659372
       -0.0001644582  -0.0000401675  -0.0002618595  -0.0002791435  -0.0002076063
       -0.1658357363   0.1075272822   0.0759669282   0.0000833561   0.0000025201
        0.0000585543  -0.0000328749  -0.0000133176   0.0000025317   0.0000913266
        0.0000171436  -0.0000331920  -0.0000310409   0.0000328810  -0.0000388295
       -0.0000136541  -0.0000294819  -0.0000181010   0.0000167820  -0.0000017083
       -0.0000316280  -0.0000769817   0.0001361947   0.0000266441   0.0000608134
       -0.0000496666   0.0000460959  -0.0000426575  -0.0003829872   0.0000964182
       -0.0000821046  -0.0000139171  -0.0005885248   0.0000170862   0.0000197237
        0.0000957837   0.0003111512  -0.0001633995  -0.0002465617  -0.0004032639
        0.0003606685   0.0002470978  -0.0000238478   0.0000712100   0.0000340149
        0.0000338569  -0.0000375773   0.0000318013  -0.0001244668   0.0000787375
       -0.0000196298   0.0046836694  -0.0036634693  -0.0033495566   0.1908392895
       -0.1238196809  -0.0829929865   0.0000044574   0.0000017289  -0.0000137101
       -0.0000143771  -0.0000021724  -0.0000003081   0.0000943118  -0.0000827097
       -0.0000360901   0.0000339391  -0.0000077500  -0.0000082684   0.0000162736
       -0.0000003479   0.0000003798  -0.0000022314  -0.0000032486  -0.0000167678
        0.0003210677  -0.0003091681  -0.0003421815   0.0000770210   0.0000605394
        0.0000172474   0.0000067515   0.0000010794  -0.0000418915  -0.0005080767
       -0.0003926046  -0.0006267747  -0.0017133461  -0.0026779513   0.0025714782
       -0.0002032757   0.0001462365  -0.0000158843   0.0021757128   0.0072822706
       -0.0047118487   0.0039991334  -0.0019865921   0.0002036946   0.0001148171
        0.0000469804   0.0001108700  -0.0000255152   0.0001342825   0.0000552439
        0.1084662845  -0.1266885144  -0.0737023549  -0.0000415335  -0.0000023387
       -0.0000325214   0.0000097434   0.0000057031   0.0000043161  -0.0000184934
       -0.0000074749   0.0000181843   0.0000318225  -0.0000492916  -0.0000108202
       -0.0000006418   0.0000103052   0.0000121897  -0.0000123923   0.0000106390
       -0.0000076090   0.0001045589  -0.0000076160  -0.0000613655  -0.0000653693
       -0.0002681345   0.0000695024  -0.0001007828   0.0000715051   0.0000194024
        0.0000543417   0.0003821267   0.0005404715   0.0000175130  -0.0000358813
       -0.0000037232   0.0006585786  -0.0007739113  -0.0004832300  -0.0012735461
        0.0012316973   0.0004654713   0.0000035255  -0.0000261378  -0.0000169161
       -0.0000166822  -0.0000215254   0.0000023697   0.0000218746  -0.0000266356
        0.0000179006   0.0117583159  -0.0098216658  -0.0096560976  -0.1238196809
        0.1336396799   0.0855912638   0.0000094672   0.0000075789   0.0000101419
        0.0000063664   0.0000047859   0.0000012693  -0.0000322761   0.0000564081
       -0.0000032683  -0.0000129828   0.0000010579  -0.0000013203  -0.0000068036
       -0.0000002288  -0.0000047359   0.0000145028   0.0000027962   0.0000115262
       -0.0004080294   0.0001772700   0.0002679418  -0.0000134702  -0.0000429942
       -0.0000048287   0.0000375407   0.0000014826   0.0000591461   0.0003714442
        0.0004320699   0.0005147160   0.0000812159   0.0031056123  -0.0012731072
        0.0000248361  -0.0001515226  -0.0002319916  -0.0031559799  -0.0050187904
        0.0048854802  -0.0052066977   0.0052346074   0.0032516914  -0.0001306583
        0.0000345793  -0.0000271134  -0.0001155531   0.0000068874  -0.0000352788
        0.0772962576  -0.0741322489  -0.0881550113  -0.0000253431  -0.0000064510
       -0.0000232719   0.0000005146   0.0000081123  -0.0000025535  -0.0000190822
       -0.0000107763  -0.0000202247   0.0000295357   0.0000018277   0.0000029369
       -0.0000041933  -0.0000011194   0.0000071008   0.0000102692   0.0000085116
       -0.0000227872  -0.0000135263  -0.0000820489  -0.0000559298   0.0000544464
        0.0002109997  -0.0000776440   0.0000410309   0.0000160363   0.0001087852
       -0.0001124365  -0.0000606347  -0.0003745375   0.0000268870  -0.0000233286
        0.0000141560  -0.0010497448   0.0006071088   0.0006856898   0.0008218587
       -0.0007482485  -0.0005811672  -0.0000272107  -0.0000071353   0.0000179691
        0.0000038442   0.0000016835  -0.0000076793   0.0000188759   0.0000249137
       -0.0000000972   0.0144796585  -0.0151681529  -0.0101462233  -0.0829929865
        0.0855912638   0.0912057772   0.0000076289  -0.0000003552   0.0000001888
       -0.0000052829   0.0000012563   0.0000021394  -0.0000299351  -0.0000034276
        0.0000199978  -0.0000026326  -0.0000066209  -0.0000017747   0.0000021773
       -0.0000010910  -0.0000064672   0.0000047405   0.0000007238   0.0000039717
       -0.0000866760   0.0001709632  -0.0000642084   0.0014915243  -0.0001468129
       -0.0006072055   0.0001364924  -0.0000916003   0.0001016995  -0.0002595376
        0.0000545310   0.0000995454   0.0000416364  -0.0000784817  -0.0000962424
        0.0000076093   0.0001484903  -0.0001164038  -0.0000360303  -0.0000549997
        0.0000728918   0.0001082945  -0.0000120091   0.0000299200   0.0002439304
       -0.0002216257   0.0002262426  -0.0000959954   0.0000898620  -0.0000282321
       -0.0000010010  -0.0000214932   0.0000029599  -0.0084426226  -0.0052659176
       -0.0047466144  -0.2650397165  -0.0685713846  -0.0646647106  -0.0003775445
       -0.0002484752  -0.0003062460   0.0000530841  -0.0000961066  -0.0000054706
        0.0011570549   0.0015803519   0.0016509901  -0.0000479919  -0.0001149741
        0.0002673190   0.0000534547  -0.0000001830   0.0000523032   0.0000729260
       -0.0001305768  -0.0003426657  -0.0000542158  -0.0000760575  -0.0000956712
        0.0000104192   0.0000079438   0.0000025151   0.0000018902  -0.0000154781
        0.0000284611   0.0000228931   0.0000313575   0.0000272474  -0.0000256505
       -0.0000369347   0.0000153265  -0.0006093309   0.0001973800  -0.0003859289
        0.0000126671  -0.0000089602   0.0000165528  -0.0000151161  -0.0000754721
       -0.0000256701  -0.0000012902  -0.0000057460  -0.0000173288   0.0000044574
        0.0000094672   0.0000076289   0.2952436220   0.0778244930   0.0736385790
       -0.0238572811  -0.0055450235  -0.0052771573   0.0000087743   0.0000709486
        0.0000389082  -0.0001567443   0.0003194474   0.0001902009  -0.0001221955
       -0.0000020557   0.0000524985   0.0005582096   0.0003151324   0.0002579657
        0.0009427974   0.0004735104   0.0004836486   0.0011312614   0.0018978893
       -0.0080460696  -0.0001759237   0.0001409906  -0.0000701418   0.0002072028
       -0.0000028360   0.0000311899   0.0000485154   0.0000354884   0.0000218578
       -0.0001515125  -0.0001448129  -0.0001871787   0.0000593871   0.0001489001
        0.0000195756   0.0000708282   0.0000149264   0.0000228406  -0.0000466788
       -0.0000775571   0.0002849847  -0.0000715876   0.0000073776  -0.0000219632
       -0.0000032091   0.0000023208   0.0000171491  -0.0227861582  -0.0102606406
       -0.0086849545  -0.0676628075  -0.0597465597  -0.0259012637  -0.0017303606
       -0.0007700594  -0.0012310980   0.0000273731  -0.0000600142   0.0000716447
       -0.0015468631  -0.0016975703   0.0026875758  -0.0000428369  -0.0000852640
       -0.0000789508  -0.0000726923   0.0002011176  -0.0000044806  -0.0002112001
       -0.0000155248   0.0001060891   0.0000226131   0.0000299937   0.0000519913
       -0.0000154538  -0.0000064858   0.0000229823   0.0000110764   0.0000022916
        0.0000287750   0.0000406831   0.0000322347   0.0000231365   0.0000551260
        0.0000043662   0.0000379244   0.0000912070   0.0001362969  -0.0001846772
        0.0000066912  -0.0000176384  -0.0000039622  -0.0000501260  -0.0000296671
       -0.0000408001   0.0000108467   0.0000031092   0.0000014687   0.0000017289
        0.0000075789  -0.0000003552   0.0778244930   0.0657970937   0.0384035721
        0.0133230939   0.0044781566   0.0020390114   0.0000113452   0.0000673743
        0.0000168459   0.0002908287  -0.0000293595  -0.0000718201  -0.0006000986
        0.0002461366   0.0003866484   0.0009904101  -0.0007831639  -0.0002311964
       -0.0017615672  -0.0007240152  -0.0011898991  -0.0003596343  -0.0077719259
        0.0055202163   0.0006367175  -0.0002108609   0.0004135878   0.0001749030
       -0.0000625759  -0.0000452109   0.0000287828   0.0000118112  -0.0000132962
        0.0002608081   0.0001146485   0.0001051475  -0.0003169988  -0.0004840412
        0.0002935350   0.0000929057  -0.0000125579   0.0000060400   0.0001488051
        0.0002967983  -0.0004646296  -0.0001132011   0.0001787625  -0.0000041148
       -0.0000114928   0.0000206024   0.0000089627  -0.0194042164  -0.0074018134
       -0.0074155854  -0.0628299635  -0.0261707282  -0.0535829468   0.0004170819
        0.0001835614   0.0002324652   0.0000423230  -0.0000512211  -0.0000558813
       -0.0006802088   0.0032319794  -0.0025718260   0.0001212409   0.0001397117
       -0.0001065393   0.0001910005  -0.0001329124   0.0000216989  -0.0000414813
       -0.0000103721   0.0000842089   0.0000478656   0.0000456755   0.0000356821
       -0.0000149536   0.0000095333   0.0000033993   0.0000139608   0.0000015286
       -0.0000248284   0.0000320895   0.0000014507   0.0000160515  -0.0001637496
       -0.0000928596  -0.0000448593  -0.0003071470  -0.0004975232   0.0002145917
        0.0000115923   0.0000127444  -0.0000085520  -0.0000261984  -0.0000084494
       -0.0000211965  -0.0000002069  -0.0000058595  -0.0000011064  -0.0000137101
        0.0000101419   0.0000001888   0.0736385790   0.0384035721   0.0550947599
        0.0095596944   0.0014325645   0.0038412086   0.0000150373   0.0000352017
        0.0000360733  -0.0002949498   0.0004742198   0.0003154173   0.0006027600
       -0.0003212043  -0.0006478968   0.0003035319  -0.0006455876  -0.0000448662
       -0.0000231652   0.0000214936  -0.0000141748   0.0004382066  -0.0004208972
       -0.0001462188  -0.0002638697  -0.0003751493  -0.0005986720  -0.0021318059
       -0.0012081931  -0.0013473336   0.0001552874   0.0001855444   0.0001886899
        0.0002204600  -0.0001194603   0.0001943729  -0.0000430008  -0.0000606766
       -0.0000038928   0.0000177566   0.0000087970  -0.0001348156  -0.0006312988
       -0.0008592076   0.0001845352  -0.0000371808   0.0000046646   0.0000369685
       -0.0000069092   0.0000334748   0.0000209207   0.0008113977   0.0011858299
        0.0013791335  -0.1952581489   0.1074667496   0.0741587168  -0.0001944845
       -0.0000016762  -0.0001134296   0.0000324492   0.0000339204  -0.0000496135
        0.0013444744   0.0008349770  -0.0008738317   0.0000992535  -0.0000797582
       -0.0003071334  -0.0000854891  -0.0000329302   0.0000491495  -0.0024717632
       -0.0000400587   0.0007179916  -0.0001841189   0.0002182565   0.0000353571
       -0.0000426221   0.0000121013   0.0000431183  -0.0001048322  -0.0000575506
       -0.0000580207  -0.0000054690   0.0000079026   0.0000045886  -0.0000238982
        0.0000167901   0.0000011848   0.0008887597  -0.0000879997   0.0005840024
        0.0000130636   0.0000202540  -0.0000112425  -0.0000738323   0.0000177170
        0.0000445904   0.0000092888  -0.0000043322   0.0000265818  -0.0000143771
        0.0000063664  -0.0000052829  -0.0238572811   0.0133230939   0.0095596944
        0.2207254579  -0.1198215531  -0.0837120783   0.0000169603  -0.0000053576
       -0.0000013635  -0.0000261998   0.0000649540   0.0003327544   0.0002627425
       -0.0000657863  -0.0002603706   0.0004441884  -0.0002223004   0.0000751237
       -0.0003026959  -0.0002368893  -0.0002316348   0.0003337372  -0.0012358821
        0.0025378998   0.0001373110   0.0000481891  -0.0000830827   0.0001127770
        0.0000101180  -0.0000240394  -0.0001668958  -0.0000254533   0.0000947311
       -0.0001971671  -0.0004827985  -0.0000674355  -0.0000591012  -0.0000730775
        0.0000710564  -0.0000294071  -0.0000693023  -0.0000384490  -0.0000479328
        0.0003885028   0.0000215567   0.0000006948  -0.0000133262  -0.0000801681
        0.0000207823   0.0000430761   0.0000394266   0.0195555409  -0.0138356777
       -0.0090984631   0.1075930969  -0.1142965154  -0.0602054476   0.0003313888
        0.0001988327   0.0003367421  -0.0000536065  -0.0000005524   0.0001654309
       -0.0009288006   0.0025185485  -0.0074685489   0.0000060640   0.0003744888
       -0.0001787505   0.0001464494   0.0000076355   0.0000382090  -0.0009204783
        0.0009328348   0.0003846882   0.0002509078   0.0000701717   0.0001917155
        0.0000034871   0.0000163475   0.0000105868   0.0000932661   0.0001026560
       -0.0000385437   0.0000418116  -0.0000087318   0.0000158992   0.0000048826
        0.0000009611  -0.0000210738  -0.0014542579  -0.0043181266   0.0023320943
       -0.0000215982   0.0000053727  -0.0000075158   0.0000553733   0.0000455654
       -0.0000763518   0.0000282159   0.0000065384   0.0000233427  -0.0000021724
        0.0000047859   0.0000012563  -0.0055450235   0.0044781566   0.0014325645
       -0.1198215531   0.1259756699   0.0712117765  -0.0000260345   0.0000096208
       -0.0000048914   0.0000573507   0.0002929930  -0.0002034627   0.0015144033
       -0.0010144460  -0.0011650417  -0.0007108160   0.0000797138   0.0000839238
        0.0006393912   0.0000867868   0.0002123244   0.0006724195   0.0028266125
       -0.0020052607  -0.0007882513  -0.0003963170  -0.0004843553   0.0000590284
        0.0001541852   0.0002191834  -0.0000834690   0.0000187353   0.0000548966
        0.0000336213   0.0000346948   0.0001544549   0.0000731116   0.0001788365
       -0.0000520606  -0.0000100977  -0.0000054245  -0.0000073042  -0.0001519366
        0.0000850018  -0.0000415696   0.0000482680   0.0000255931  -0.0000084809
       -0.0000008685   0.0000201925  -0.0000083652   0.0157741522  -0.0110956581
       -0.0109913615   0.0720756641  -0.0577947942  -0.0686314073  -0.0000373401
        0.0000110745   0.0000129114  -0.0000737996  -0.0000727940   0.0000560529
       -0.0010924891  -0.0096567128   0.0047990350  -0.0004731527   0.0000710388
       -0.0012134814   0.0001516491   0.0001612588  -0.0000459968   0.0000009720
        0.0000414394   0.0009963577  -0.0000493996   0.0000361153   0.0000161598
        0.0000561860   0.0000464304  -0.0000321627  -0.0000134203   0.0000067060
       -0.0000128179   0.0000101108  -0.0000167706  -0.0000233234   0.0000734270
        0.0000406690   0.0000212748   0.0013635453   0.0022039578  -0.0004564351
       -0.0000280283   0.0000031077  -0.0000039668   0.0000327150  -0.0000060020
       -0.0000844946   0.0000059352  -0.0000043499   0.0000098973  -0.0000003081
        0.0000012693   0.0000021394  -0.0052771573   0.0020390114   0.0038412086
       -0.0837120783   0.0712117765   0.0736684740  -0.0000392577  -0.0000163755
       -0.0000038202   0.0020117068  -0.0011219545  -0.0010603643  -0.0013933186
        0.0008333440   0.0011138112   0.0001424694   0.0000493156  -0.0000111524
        0.0009546865   0.0002853725   0.0004785547  -0.0001364943   0.0001272114
       -0.0001683390  -0.0000198399   0.0000259433   0.0000015795  -0.0000238651
        0.0000080499  -0.0000053046   0.0000183280  -0.0000009853   0.0000384351
       -0.0001025542   0.0000792061  -0.0000000676   0.0012493359  -0.0008904501
       -0.0008681055  -0.0001863710   0.0000796214   0.0002195242   0.0000975460
        0.0000125493   0.0000561309   0.0132350993   0.0038518007   0.0045024146
        0.0000248279  -0.0000943173  -0.0000620802  -0.0002926706   0.0001119540
       -0.0000189826   0.0001210736   0.0000085687   0.0000656287   0.0001147927
       -0.0002416416   0.0000410108  -0.2881784284  -0.1079407494  -0.1747550591
       -0.0001889281   0.0002984730   0.0002379843  -0.0000265887  -0.0000253759
       -0.0000017576   0.0000608464   0.0000279018   0.0000022332  -0.0000224310
        0.0000096179   0.0000133578   0.0000242725   0.0000002179   0.0000189084
        0.0000221158  -0.0000091576  -0.0000178762   0.0000517396  -0.0000225829
        0.0000685575  -0.0004375044   0.0008876577  -0.0001916968  -0.0005967683
       -0.0003669878   0.0007923415  -0.0000518285   0.0000460390   0.0000695457
        0.0010776103   0.0001668158   0.0005990837   0.0008324647   0.0007990896
        0.0015397338  -0.0000413214   0.0000121849   0.0000038724   0.0000943118
       -0.0000322761  -0.0000299351   0.0000087743   0.0000113452   0.0000150373
        0.0000169603  -0.0000260345  -0.0000392577   0.2719785233   0.1032166252
        0.1679372719   0.0002446370   0.0000366699  -0.0005455737  -0.0000424652
       -0.0002863087  -0.0000370604   0.0001201131  -0.0001660476   0.0000398901
       -0.0013443512   0.0002618927  -0.0008300198   0.0000116602   0.0000806018
       -0.0002144021  -0.0000161798   0.0000041667   0.0001444733  -0.0000160257
       -0.0000485993  -0.0000174221   0.0000023412  -0.0000354066  -0.0000274428
       -0.0001358837   0.0000646963  -0.0005451292  -0.0006070441   0.0006098484
       -0.0000321506   0.0003005670  -0.0002020318   0.0000217218   0.0002037895
        0.0000816653   0.0003254852  -0.0077725983  -0.0076243299  -0.0090599632
       -0.0000929578   0.0000257903   0.0000839802  -0.0003331438  -0.0001487166
       -0.0001627828   0.0000938854  -0.0000106046   0.0000563145  -0.0001259368
       -0.0007549829   0.0004677273  -0.0958474183  -0.0490876801  -0.0799447476
        0.0000913197  -0.0000873077   0.0001010202   0.0000184605   0.0000503743
        0.0000039951   0.0000716031  -0.0000571005   0.0000536558   0.0000193378
        0.0000288355   0.0000359891  -0.0000538898   0.0000196287   0.0000198938
       -0.0000738653   0.0000380014   0.0000817288  -0.0000666883  -0.0000290519
        0.0000786697   0.0008038222  -0.0004140506   0.0006418125   0.0002348311
        0.0001975818  -0.0000665207  -0.0000436299   0.0000041068  -0.0001027557
        0.0009870654   0.0014074263   0.0009087537   0.0008418805   0.0002589196
       -0.0026127647   0.0000178479   0.0000044709   0.0000059380  -0.0000827097
        0.0000564081  -0.0000034276   0.0000709486   0.0000673743   0.0000352017
       -0.0000053576   0.0000096208  -0.0000163755   0.1032166252   0.0551612674
        0.0906414047  -0.0004198087   0.0001199884  -0.0002112982  -0.0000797272
       -0.0000891536   0.0000471425   0.0001312308   0.0000363504   0.0000922950
        0.0001056442  -0.0002994488   0.0007754502  -0.0001370112   0.0001481726
        0.0000082064   0.0000365523   0.0000241992  -0.0000046536  -0.0000031373
       -0.0000209399  -0.0000413965  -0.0000353206   0.0000424108   0.0000779754
       -0.0003970180   0.0000881997  -0.0003194998  -0.0003221531  -0.0000841119
        0.0000059187   0.0002451942   0.0000167533  -0.0000444914   0.0001731817
        0.0001935975   0.0002096058  -0.0215984570  -0.0120804287  -0.0251712254
       -0.0000300126   0.0000619217  -0.0000176215  -0.0001775866   0.0001372089
       -0.0000058452   0.0000548378  -0.0000016161   0.0000011137  -0.0000267040
        0.0000659800   0.0000534723  -0.1475486924  -0.0760623972  -0.1408922426
        0.0001481150   0.0002363019  -0.0000315644   0.0000082723   0.0000735112
        0.0000001884  -0.0000152750  -0.0000047668   0.0000380595   0.0000049044
        0.0000270636   0.0000091075  -0.0000097198   0.0000266919   0.0000008477
       -0.0000483795   0.0000343207   0.0000345083   0.0000095135  -0.0000339713
       -0.0001136242  -0.0001632931   0.0002408233   0.0002737294   0.0008286751
        0.0002214353  -0.0000731712  -0.0000233811   0.0000257926  -0.0000002485
       -0.0010643935  -0.0008313349   0.0000734975   0.0021478431  -0.0024976595
       -0.0056656705  -0.0000003078   0.0000038945   0.0000145775  -0.0000360901
       -0.0000032683   0.0000199978   0.0000389082   0.0000168459   0.0000360733
       -0.0000013635  -0.0000048914  -0.0000038202   0.1679372719   0.0906414047
        0.1708374386  -0.0002112803  -0.0004475374  -0.0000637530   0.0000352848
        0.0000303197  -0.0000346354   0.0000753781   0.0000155234   0.0000136955
       -0.0002337180   0.0001677986   0.0001451990   0.0004157485   0.0005731820
        0.0004541772   0.0000686905  -0.0000400206  -0.0000485155  -0.0000390945
       -0.0000241597   0.0000265700  -0.0000065574  -0.0000539811  -0.0000502140
        0.0000792354   0.0000302903   0.0001942707   0.0000697774  -0.0000891902
       -0.0000396277  -0.0000668144   0.0000530223   0.0000097568  -0.0000306350
       -0.0001889104  -0.0001297133  -0.0016740477  -0.0007861303   0.0022193931
        0.0000436386  -0.0000343438  -0.0000181370   0.0030420609   0.0235347578
        0.0035190713  -0.0034478415   0.0024889610   0.0019239027  -0.0006657811
        0.0005588072  -0.0005808348  -0.0014135390  -0.0007346152  -0.0008137760
       -0.0489739208  -0.0357682720  -0.0082297102   0.0000482384  -0.0000869240
        0.0000316577   0.0000256271  -0.0000426698  -0.0000068956   0.0000570165
       -0.0000123411  -0.0000603370   0.0000420454  -0.0000174562  -0.0000214619
        0.0000556864  -0.0000142526  -0.0000200513   0.0000056776  -0.0000111872
       -0.0000207130  -0.0000504843   0.0000491414  -0.0000833864  -0.0000082452
       -0.0000245469   0.0000275064   0.0001137210   0.0002197948  -0.0000141870
        0.0001361061   0.0001136125  -0.0002013404  -0.0002337494  -0.0004646321
        0.0011098131  -0.0000061068   0.0000023753  -0.0000043404   0.0000339391
       -0.0000129828  -0.0000026326  -0.0001567443   0.0002908287  -0.0002949498
       -0.0000261998   0.0000573507   0.0020117068   0.0002446370  -0.0004198087
       -0.0002112803   0.0579836615   0.0421608699   0.0048032349   0.0003644796
       -0.0059409018  -0.0001743575  -0.0057965077  -0.0255334660  -0.0054497982
        0.0004008390   0.0000073881  -0.0000983252  -0.0009128888   0.0006005502
       -0.0001951061  -0.0002828534  -0.0000101205   0.0000949588  -0.0000345611
        0.0000530525   0.0000053044   0.0000446927   0.0000083708  -0.0000279294
        0.0001144690  -0.0000869711  -0.0000301159  -0.0000165302  -0.0000272710
        0.0000030366   0.0000328902  -0.0000086154  -0.0000008979  -0.0000476338
        0.0000936449  -0.0000040497  -0.0014265572  -0.0002309039   0.0014960912
       -0.0000212036   0.0000039709   0.0000055047   0.0018627656  -0.0153520661
       -0.0051157051   0.0021963985  -0.0012983440  -0.0005838919   0.0007159682
        0.0001219824   0.0005833443  -0.0017943226  -0.0026307196   0.0006448714
       -0.0348004396  -0.2800780270  -0.0393377183  -0.0000714790   0.0000125461
       -0.0000387656  -0.0000405762   0.0000813715   0.0000046282  -0.0000435611
       -0.0000120666   0.0000358442  -0.0000405383   0.0000100434   0.0000413093
       -0.0000177735  -0.0000019396  -0.0000003403  -0.0000131564   0.0000146890
        0.0000433743   0.0000244805   0.0000218178   0.0000348274  -0.0000515718
       -0.0000210883   0.0000127195  -0.0000278700  -0.0001814308  -0.0000161605
       -0.0001549479  -0.0002266884  -0.0003745118  -0.0006106725   0.0002889972
        0.0004702052  -0.0000012558   0.0000044067   0.0000069726  -0.0000077500
        0.0000010579  -0.0000066209   0.0003194474  -0.0000293595   0.0004742198
        0.0000649540   0.0002929930  -0.0011219545   0.0000366699   0.0001199884
       -0.0004475374   0.0421608699   0.3245520178   0.0440755465  -0.0043964048
       -0.0197604489   0.0014878817  -0.0031598975  -0.0063328280  -0.0021210094
        0.0001398421  -0.0002573921  -0.0001160064  -0.0007476399   0.0004668718
        0.0003576702  -0.0000775822  -0.0000102936  -0.0000508497   0.0000104478
       -0.0000131528   0.0000018126  -0.0000000978   0.0000062756   0.0000116755
        0.0001933946  -0.0000078568  -0.0000064314  -0.0000769120   0.0000685364
        0.0000229438  -0.0000182140   0.0000118086  -0.0000135561  -0.0002295353
        0.0000613816  -0.0000175903   0.0012585075   0.0005439643   0.0001934008
       -0.0000127813   0.0000115176  -0.0000019928   0.0007923125  -0.0149681358
       -0.0041708827   0.0021992312  -0.0012690550  -0.0001067879  -0.0005870278
        0.0002899333  -0.0000029472   0.0000829093   0.0002979269  -0.0000253067
       -0.0085520227  -0.0395418235  -0.0469469942   0.0000103913   0.0000146047
       -0.0000265702  -0.0000414852   0.0000327573  -0.0000244817  -0.0000232432
       -0.0000178630  -0.0000030681  -0.0000078037   0.0000175034  -0.0000025951
       -0.0000246307   0.0000093562  -0.0000086584   0.0000087113   0.0000171819
       -0.0000183605  -0.0000580649   0.0000022203  -0.0000417819  -0.0000014545
        0.0000184680  -0.0000008822   0.0001150380  -0.0001206351  -0.0000497906
        0.0000015034  -0.0000709065  -0.0002925175   0.0011007027   0.0007816131
       -0.0018756780  -0.0000111437  -0.0000050278  -0.0000044365  -0.0000082684
       -0.0000013203  -0.0000017747   0.0001902009  -0.0000718201   0.0003154173
        0.0003327544  -0.0002034627  -0.0010603643  -0.0005455737  -0.0002112982
       -0.0000637530   0.0048032349   0.0440755465   0.0560377424   0.0051663016
        0.0295919526   0.0017496822  -0.0053820024  -0.0195493764  -0.0037562867
        0.0002597418  -0.0000000082  -0.0000208427  -0.0003228344   0.0009753003
        0.0004237209  -0.0000746097  -0.0001463324  -0.0002618434   0.0000195195
       -0.0000109853  -0.0000297274   0.0000028083  -0.0000086882  -0.0000245420
        0.0000330392   0.0000322115   0.0000127483  -0.0000053331   0.0000009143
       -0.0000263965  -0.0000134678   0.0000172458   0.0000134936  -0.0001185805
       -0.0001131255   0.0000048914  -0.0000099146  -0.0001720215   0.0001590744
        0.0000035267  -0.0000010548  -0.0000173167  -0.0082760915  -0.0067758687
        0.0255199521  -0.0015030123  -0.0005650016   0.0003910505  -0.0005889644
       -0.0004102443  -0.0002694752   0.0000015021   0.0001902503  -0.0000951737
       -0.0470296449  -0.0195755092   0.0343020669  -0.0000029170   0.0001066716
        0.0001279856  -0.0000910043   0.0000417607  -0.0000352315   0.0000558367
       -0.0000316821  -0.0000558278   0.0000152782  -0.0000085452  -0.0000302425
        0.0000278622   0.0000088770  -0.0000166262   0.0000316549   0.0000151254
       -0.0000345829  -0.0000252773  -0.0000091774  -0.0000177087   0.0000312920
        0.0000313836   0.0000005804   0.0001789828   0.0001075843  -0.0000556250
       -0.0000012824   0.0000623520  -0.0000443153  -0.0001354554  -0.0000318718
       -0.0000273616  -0.0000005904  -0.0000032073  -0.0000007454   0.0000162736
       -0.0000068036   0.0000021773  -0.0001221955  -0.0006000986   0.0006027600
        0.0002627425   0.0015144033  -0.0013933186  -0.0000424652  -0.0000797272
        0.0000352848   0.0003644796  -0.0043964048   0.0051663016   0.0544573503
        0.0186038684  -0.0401928067   0.0026017507   0.0112384092  -0.0241123779
        0.0000467066  -0.0000380192  -0.0000676055   0.0001801342  -0.0000220147
       -0.0001660581   0.0000357584   0.0000173847  -0.0000213531   0.0000269776
       -0.0000462799  -0.0000224219  -0.0000233318  -0.0000024895  -0.0000066610
        0.0001064712   0.0000323027   0.0000685833  -0.0000469830   0.0000355457
        0.0000083910   0.0000184805   0.0000176410   0.0000178366  -0.0001208289
       -0.0000126025  -0.0000474371  -0.0001673828  -0.0001449606   0.0004796083
       -0.0000012826   0.0000048128  -0.0000059592   0.0036241324   0.0047693173
       -0.0114402288   0.0014501983  -0.0002806040  -0.0009895512  -0.0006127920
       -0.0000619450  -0.0001347442   0.0002980127   0.0000970872   0.0000055476
       -0.0175876464  -0.0849289418   0.0910949688   0.0000365338  -0.0000046785
       -0.0000314503  -0.0000206163  -0.0000198681  -0.0000211107  -0.0000108740
        0.0000022776   0.0000040446   0.0000062559   0.0000098263  -0.0000097490
       -0.0000088528  -0.0000048328   0.0000026734   0.0000116869  -0.0000140682
       -0.0000247975  -0.0000279933  -0.0000032536  -0.0000278866   0.0000160594
        0.0000061216  -0.0000025106   0.0000400138  -0.0000194874  -0.0000350189
       -0.0000425228  -0.0000300376  -0.0001286001  -0.0000553379  -0.0001018977
       -0.0003039497  -0.0000074348  -0.0000046145  -0.0000072732  -0.0000003479
       -0.0000002288  -0.0000010910  -0.0000020557   0.0002461366  -0.0003212043
       -0.0000657863  -0.0010144460   0.0008333440  -0.0002863087  -0.0000891536
        0.0000303197  -0.0059409018  -0.0197604489   0.0295919526   0.0186038684
        0.0991416877  -0.1057585423   0.0005279901   0.0022247317  -0.0025620657
       -0.0000366564   0.0001030046   0.0000725941  -0.0003502359  -0.0002878266
       -0.0003314515  -0.0001626522   0.0001898800   0.0000532005  -0.0000040083
        0.0000117501   0.0000649023   0.0000134150   0.0000042772   0.0000275054
       -0.0000930282  -0.0000049174   0.0000594163   0.0000008689  -0.0000345810
        0.0000196194  -0.0000152784   0.0000025499   0.0000021032   0.0000920217
       -0.0000601280  -0.0000340542  -0.0001254883   0.0000826720  -0.0001606826
       -0.0000059681  -0.0000036597   0.0000133960   0.0094983612   0.0008894122
       -0.0176153270   0.0017735994   0.0005710855   0.0006163308   0.0001297601
        0.0001590781   0.0003621850   0.0000882218  -0.0000944368   0.0002017048
        0.0302620451   0.0932734744  -0.2210253148   0.0000524811  -0.0001241124
       -0.0000625453  -0.0000034984   0.0000072396   0.0000278509  -0.0000505272
        0.0000120361   0.0000045100   0.0000081916  -0.0000171345   0.0000235585
       -0.0000109392  -0.0000143509  -0.0000046396  -0.0000151715   0.0000085229
        0.0000291024   0.0000270703   0.0000075826   0.0000364346  -0.0000228168
       -0.0000079469  -0.0000130640  -0.0001439710   0.0000755631  -0.0000228896
       -0.0000058986  -0.0000575345   0.0000084929   0.0000668996  -0.0000141788
       -0.0000032608   0.0000018206   0.0000082574   0.0000068146   0.0000003798
       -0.0000047359  -0.0000064672   0.0000524985   0.0003866484  -0.0006478968
       -0.0002603706  -0.0011650417   0.0011138112  -0.0000370604   0.0000471425
       -0.0000346354  -0.0001743575   0.0014878817   0.0017496822  -0.0401928067
       -0.1057585423   0.2575907082  -0.0003569012   0.0103210690  -0.0221216945
       -0.0002993324   0.0002749686  -0.0001600800  -0.0038914461   0.0026506879
        0.0014883800  -0.0011736098  -0.0003806158  -0.0001768134  -0.0001118496
        0.0000339510  -0.0000621424   0.0000486276  -0.0000308785  -0.0000048838
       -0.0001325833  -0.0000406856  -0.0001637753  -0.0000065659  -0.0000938154
        0.0001146482   0.0001187990  -0.0000134906  -0.0000124232   0.0001965921
       -0.0000394750   0.0000773662  -0.0000868760   0.0000329744  -0.0002901495
       -0.0000008304  -0.0000037802   0.0000223950  -0.0264045361  -0.0018955261
       -0.0122723861   0.0008235742  -0.0015872581  -0.0008927086   0.0000574746
        0.0002734227   0.0004485082  -0.0000722947  -0.0002459265   0.0001044130
       -0.1966871803  -0.0261996196  -0.1134348911   0.0000460668  -0.0000792052
       -0.0000256760  -0.0001446744   0.0001666241  -0.0000675425  -0.0000068074
        0.0000089698   0.0000031676  -0.0000332412   0.0000244168   0.0000469274
       -0.0000074493   0.0000074819   0.0000212438   0.0000065242   0.0000039557
        0.0000188970   0.0000592960   0.0000434940   0.0000453705  -0.0000192442
       -0.0000338903   0.0000020450  -0.0001497775   0.0000936886  -0.0001207093
        0.0000689366   0.0000660974   0.0000632154  -0.0001595307  -0.0002280049
        0.0001083347   0.0000133877   0.0000039135  -0.0000010783  -0.0000022314
        0.0000145028   0.0000047405   0.0005582096   0.0009904101   0.0003035319
        0.0004441884  -0.0007108160   0.0001424694   0.0001201131   0.0001312308
        0.0000753781  -0.0057965077  -0.0031598975  -0.0053820024   0.0026017507
        0.0005279901  -0.0003569012   0.2300230278   0.0293941051   0.1303331310
        0.0003160830   0.0000138054  -0.0000067135   0.0012414997   0.0001981594
       -0.0009894998   0.0001969193   0.0000696794   0.0001605501   0.0000166990
        0.0000175563  -0.0000194815   0.0000016544   0.0000184614  -0.0000046277
       -0.0000835561   0.0000209246  -0.0000346548   0.0000194680   0.0000428627
       -0.0000218518   0.0000144970  -0.0000066822   0.0000249443   0.0000753277
       -0.0000389215   0.0000670870  -0.0001484698   0.0000633479  -0.0001074486
       -0.0000073485   0.0000047327   0.0000030893   0.0079012537   0.0019231923
        0.0068366724   0.0014857618   0.0000846212  -0.0001503739   0.0000898768
       -0.0001297833   0.0000761230   0.0000818701  -0.0005193148   0.0000659757
       -0.0260564908  -0.0495422904  -0.0203017851  -0.0000111040   0.0000281668
        0.0000276963   0.0000418892  -0.0000254288   0.0000244857  -0.0000095140
        0.0000130530   0.0000198833  -0.0000131341  -0.0000022576   0.0000079208
       -0.0000044473  -0.0000072467   0.0000083521  -0.0000004051  -0.0000080739
        0.0000056249   0.0000284762  -0.0000191112   0.0000336370   0.0000232222
        0.0000054279  -0.0000053405  -0.0000557694   0.0000463474  -0.0000258790
        0.0000262820  -0.0000101823   0.0000187841  -0.0001948072  -0.0000762780
       -0.0000172590   0.0000016822   0.0000012462  -0.0000001578  -0.0000032486
        0.0000027962   0.0000007238   0.0003151324  -0.0007831639  -0.0006455876
       -0.0002223004   0.0000797138   0.0000493156  -0.0001660476   0.0000363504
        0.0000155234  -0.0255334660  -0.0063328280  -0.0195493764   0.0112384092
        0.0022247317   0.0103210690   0.0293941051   0.0526063855   0.0241125793
       -0.0000796998   0.0000535889   0.0000153203   0.0016989871  -0.0011790463
       -0.0000779494   0.0005290469   0.0000231717   0.0002721188   0.0000092254
       -0.0000145967  -0.0000135830  -0.0000002784  -0.0000103808  -0.0000101413
       -0.0000019675  -0.0000445726  -0.0000081431  -0.0000002562   0.0000347426
        0.0000215175   0.0000460669  -0.0000135694  -0.0000020945  -0.0000603012
       -0.0000005017   0.0000642771   0.0000037408   0.0000974713  -0.0000409979
       -0.0000010513   0.0000036871   0.0000077648   0.0085151606   0.0005996428
        0.0060521664   0.0017762138   0.0002653221   0.0002728562   0.0001056878
        0.0000689410   0.0001753727   0.0000149135  -0.0002572899  -0.0000219936
       -0.1138186908  -0.0189528928  -0.1246173252  -0.0000026714   0.0000195875
       -0.0000278119   0.0001416665  -0.0000567358   0.0000389016  -0.0000106694
        0.0000151252   0.0000388964  -0.0000171718   0.0000164294  -0.0000021690
       -0.0000185262   0.0000037394   0.0000201193  -0.0000176005  -0.0000190304
        0.0000153738   0.0000288993   0.0000061466   0.0000045383  -0.0000027485
       -0.0000139514   0.0000020029   0.0000524615   0.0000029475  -0.0000296988
        0.0000186509  -0.0000017038   0.0000280984  -0.0000335783  -0.0000285054
        0.0000645116  -0.0000026763  -0.0000038190  -0.0000079126  -0.0000167678
        0.0000115262   0.0000039717   0.0002579657  -0.0002311964  -0.0000448662
        0.0000751237   0.0000839238  -0.0000111524   0.0000398901   0.0000922950
        0.0000136955  -0.0054497982  -0.0021210094  -0.0037562867  -0.0241123779
       -0.0025620657  -0.0221216945   0.1303331310   0.0241125793   0.1436823168
