$hessian                                                                        
        0.4770398991   0.0237566243  -0.0164418023  -0.0977470745   0.0476548922
        0.0195651896   0.0057062232  -0.0019091232  -0.0019623439   0.0003686839
        0.0002645171   0.0002610429  -0.0121399588  -0.0098835539   0.0127894250
       -0.0665842751  -0.0078999242   0.0239757953  -0.1314251287  -0.0092441221
       -0.0484339089  -0.0228722668  -0.0123452182  -0.0018658282  -0.0156474641
        0.0095106398   0.0241993252  -0.0754386716  -0.0358054712   0.0108623406
       -0.0015001211  -0.0017646245   0.0015800032  -0.0259613471   0.0141013919
        0.0039143208  -0.0009214082   0.0008034773  -0.0022020142  -0.0069224386
        0.0077510288   0.0058892315  -0.0118141113  -0.0199458637  -0.0033836565
        0.0004420217  -0.0001010587   0.0005301766  -0.0002719015  -0.0022173727
        0.0003840439  -0.0001579590  -0.0005792166  -0.0000957235   0.0000613535
       -0.0001867246   0.0000926545   0.0000312086  -0.0000196605  -0.0000389322
       -0.0018840627  -0.0027377418  -0.0001931568   0.0057543212   0.0040075510
       -0.0176837206  -0.0174889622   0.0008627912  -0.0105542227   0.0033665538
        0.0008076369   0.0013697055   0.0003744716  -0.0000995086  -0.0007925989
       -0.0079716593  -0.0166507974   0.0064295180   0.0052206462   0.0168045267
       -0.0048890657   0.0002161138   0.0000002180   0.0002210784  -0.0004389061
       -0.0006050695  -0.0002373349  -0.0001458495  -0.0023471340  -0.0000920867
       -0.0002049607   0.0007711529   0.0001287442  -0.0011839163  -0.0024579480
       -0.0029764235   0.0000807429  -0.0000565339  -0.0000066516   0.0000713214
       -0.0000534912  -0.0002988853  -0.0000111175  -0.0001862898  -0.0000442388
        0.0237566243   0.4800166579  -0.0034980027   0.0420252519  -0.1051807193
       -0.0201032251   0.0127945561  -0.0260894846  -0.0034599869   0.0013542202
        0.0024574290  -0.0009882678  -0.0175413580  -0.0101448132   0.0189240622
       -0.0063925802  -0.0595710992   0.0163939651  -0.0107378656  -0.0631147073
       -0.0094811204  -0.0208624869  -0.0065858138  -0.0040198533   0.0181515759
       -0.0052941488  -0.0249450757  -0.0352260377  -0.1530724418   0.0183842849
       -0.0018741103  -0.0019527860   0.0022376750   0.0068885880   0.0037788846
        0.0032449079  -0.0016833781  -0.0017033108   0.0005118143   0.0041488829
       -0.0031809955  -0.0034455729  -0.0113161619  -0.0116845751  -0.0056261842
       -0.0003259761   0.0000210717  -0.0001991221  -0.0012923543  -0.0045771106
        0.0001536325  -0.0001788068  -0.0003577369  -0.0001983437  -0.0000061139
       -0.0001371952   0.0001199393   0.0002651536   0.0000950170  -0.0003478226
       -0.0034674839  -0.0042022090  -0.0000118223  -0.0013151332   0.0002987693
        0.0026420214   0.0195768918   0.0011732962   0.0123068731  -0.0069347143
       -0.0016497697  -0.0052670655   0.0000078799   0.0004138887  -0.0013489934
       -0.0032480464  -0.0029603966   0.0029864528  -0.0047717574  -0.0247948382
        0.0060214317   0.0000549439  -0.0000076619   0.0000652697  -0.0007784618
       -0.0007711933  -0.0001306759  -0.0004015513  -0.0006090743  -0.0000156982
       -0.0001205353   0.0002226187   0.0001312555  -0.0003416164  -0.0007937098
       -0.0010570065   0.0000407910  -0.0000948686   0.0001156347  -0.0000953549
        0.0001010468  -0.0000094610  -0.0001534746  -0.0000480201  -0.0000859199
       -0.0164418023  -0.0034980027   0.4439493910   0.0124278516  -0.0135283553
       -0.0664166585  -0.0029881157   0.0036835015   0.0021144808  -0.0002490292
       -0.0001878809   0.0002155698   0.0097116433   0.0096275426  -0.0064702224
        0.0279741045   0.0179008185  -0.1446188854  -0.0494438786  -0.0084011790
       -0.0963839962   0.0021967102  -0.0036953789   0.0061137242   0.0139369913
       -0.0098712928  -0.0124211321   0.0106956171   0.0206871745  -0.0661856361
        0.0009513853   0.0017192362  -0.0015198945  -0.0054995131   0.0083356207
        0.0038990324  -0.0007286639  -0.0001144381   0.0001058690   0.0202131136
       -0.0219811531  -0.0139969635  -0.0134415181  -0.0232551325   0.0019386936
        0.0003727260  -0.0003497176   0.0000544648   0.0001263559   0.0016550410
       -0.0002248077  -0.0001257415  -0.0001157018  -0.0001064211   0.0000922914
        0.0000771587  -0.0000545384  -0.0000591911  -0.0002312174   0.0000603740
       -0.0002190728   0.0008442149  -0.0004862699   0.0054828121   0.0050982271
       -0.0227202841  -0.0039430353   0.0006742617  -0.0015814292  -0.0208642689
       -0.0057759347  -0.0166221866  -0.0000591199  -0.0005071498   0.0010112815
        0.0115291995   0.0212803846  -0.0060637172   0.0006606149   0.0028835660
       -0.0000136668   0.0000763639  -0.0001225768  -0.0002026186   0.0002442929
        0.0007926919   0.0002349375  -0.0001014144  -0.0006636788   0.0001305033
        0.0000576126   0.0000845983  -0.0000063774  -0.0024332429  -0.0029346934
       -0.0032180341  -0.0000694217   0.0001676095  -0.0000767048  -0.0001338820
       -0.0001416652  -0.0002887448   0.0000512252  -0.0001364986  -0.0001491323
       -0.0977470745   0.0420252519   0.0124278516   0.4582322087   0.0171028630
       -0.0043333704  -0.0744431453  -0.0342452434   0.0038882487  -0.0076528385
       -0.0130617208   0.0051068709   0.0013186220  -0.0005356575  -0.0010120836
       -0.0081106369   0.0070801919   0.0058710137  -0.0242701813   0.0172110634
       -0.0002668193   0.0001258173   0.0004694846  -0.0003689533  -0.0008731749
        0.0000611285   0.0018391783   0.0061245418  -0.0026516151  -0.0018044452
       -0.0001247285  -0.0002663292  -0.0000143661  -0.1594269326  -0.0146151441
       -0.0415116918  -0.0386476306  -0.0093096652  -0.0009719921  -0.0426831543
       -0.0014499474   0.0267310473  -0.0003725392  -0.0000870136   0.0000510534
       -0.0044041975  -0.0002569266  -0.0058650282   0.0065455820   0.0180666141
       -0.0027791992  -0.0079685313  -0.0196502283   0.0008337660   0.0001629791
        0.0000352580  -0.0000601639  -0.0016271529  -0.0007491302   0.0030437345
        0.0002283242  -0.0000231687  -0.0000846348   0.0004304233   0.0000106513
       -0.0007880565  -0.0043977423  -0.0000152870  -0.0017041944   0.0008249767
        0.0008151693   0.0012732995   0.0000438058  -0.0000782401   0.0000055255
       -0.0000763424  -0.0008355927   0.0000263747  -0.0002445092  -0.0020996682
        0.0007212966   0.0000147658   0.0000390820   0.0000066516   0.0000326060
       -0.0000911345   0.0000015357  -0.0017764980  -0.0039768041   0.0012774099
        0.0001490797   0.0017499507  -0.0016883472  -0.0001034809  -0.0001012900
       -0.0000562092   0.0003935783  -0.0001229331   0.0005096225  -0.0002924957
        0.0000596608  -0.0000060525   0.0006156760  -0.0005036299  -0.0002988730
        0.0476548922  -0.1051807193  -0.0135283553   0.0171028630   0.4217935091
       -0.0095987868  -0.0370982522  -0.1514167451   0.0133719785  -0.0054093316
       -0.0034859054   0.0068848030   0.0007345200  -0.0000363983  -0.0002964751
        0.0035252663  -0.0015891400  -0.0053121965   0.0040235744  -0.0000756721
        0.0009569214  -0.0000918977  -0.0002804400  -0.0001265763  -0.0007555650
        0.0013351038   0.0007729924   0.0140164704  -0.0278572660  -0.0025810782
        0.0000463792  -0.0000162301   0.0000257154  -0.0189642959  -0.0611207102
       -0.0060486383  -0.0106693603   0.0002684501  -0.0015349674  -0.0006792054
       -0.0407381654   0.0090256789   0.0001662540   0.0003482994   0.0000824156
        0.0020592998   0.0002391250   0.0006409605  -0.0059369110  -0.0236903747
        0.0038272347  -0.0077990835  -0.0140275518   0.0016047960  -0.0001917775
        0.0001438145   0.0001950447   0.0006147567   0.0008958680   0.0003488117
       -0.0000090137  -0.0000490190   0.0000326472  -0.0000110425   0.0003197661
        0.0004980294  -0.0002895774   0.0003324602  -0.0004689536  -0.0006996850
        0.0001913266  -0.0006208002  -0.0000579692  -0.0001307319   0.0000054111
        0.0016221081   0.0006561643  -0.0010133097  -0.0009844777  -0.0048392672
        0.0003993841  -0.0000241825   0.0000273850  -0.0000321326  -0.0000451102
        0.0000254485   0.0000260959  -0.0035185172   0.0108633868   0.0024345231
        0.0005456715  -0.0039228478  -0.0013419570   0.0000280487   0.0002502708
        0.0000159703   0.0002415582  -0.0000400036  -0.0000106301   0.0003459055
        0.0000158536  -0.0000788195   0.0005076875   0.0007909562   0.0014442628
        0.0195651896  -0.0201032251  -0.0664166585  -0.0043333704  -0.0095987868
        0.5069253186   0.0091072499   0.0227766325  -0.0694157732   0.0097868934
        0.0198425566  -0.0049220248  -0.0014815360  -0.0000361193   0.0015303795
        0.0162077702  -0.0158088521  -0.0064931817  -0.0105540990   0.0089790141
        0.0007793304   0.0001161497   0.0003457770  -0.0001487925   0.0049864583
       -0.0019309522  -0.0064146885  -0.0018327246   0.0023528847   0.0005450252
       -0.0000030591  -0.0001056174   0.0000192024  -0.0514663312  -0.0071972638
       -0.0869346657   0.0115082134   0.0017916455   0.0043388043   0.0267180078
        0.0082532674  -0.2557225798   0.0000811861   0.0002590735   0.0000849924
       -0.0231354799  -0.0017357579  -0.0114464459   0.0004669446   0.0031982328
        0.0005373067  -0.0071036319  -0.0190974124   0.0011914165   0.0000194898
        0.0001498902  -0.0001874201   0.0028067656   0.0010429743  -0.0031780285
       -0.0002642198   0.0000592130  -0.0000014210   0.0000868765  -0.0007280818
        0.0005793622  -0.0033301181   0.0002257006  -0.0014427202  -0.0017123281
        0.0010275787   0.0006377859   0.0000520445   0.0001195315   0.0000182698
       -0.0003063364   0.0014958093   0.0005024289   0.0000122595   0.0018459876
       -0.0000947544  -0.0000274431  -0.0000059394  -0.0000164490  -0.0000506361
       -0.0000481034  -0.0000117419   0.0031423382   0.0023797664  -0.0010836807
        0.0025719395   0.0000853189   0.0006889719  -0.0000172619  -0.0000950586
        0.0000317936  -0.0002710001  -0.0001822904   0.0007772023  -0.0001473228
       -0.0000132644  -0.0001887040  -0.0011988780   0.0004558701  -0.0050678600
        0.0057062232   0.0127945561  -0.0029881157  -0.0744431453  -0.0370982522
        0.0091072499   0.5089132501  -0.0301120832   0.0309132977  -0.1068393655
       -0.0065177371   0.0564820098  -0.0177630505   0.0049424489   0.0163936813
        0.0006964726  -0.0013687333  -0.0006815835   0.0001326463  -0.0000777805
        0.0002681554  -0.0010549095   0.0006017863   0.0007485555   0.0000222078
        0.0001732191  -0.0000363436  -0.0020873230   0.0028616333   0.0006282041
        0.0001389956   0.0001161408   0.0001545631  -0.0150927533  -0.0224965439
        0.0038656571  -0.0021367386  -0.0007834678  -0.0023057422  -0.0023367040
       -0.0084551724   0.0028144705   0.0002069131   0.0000137853  -0.0000587262
        0.0006131954   0.0004008296   0.0007529349  -0.1759381161   0.1130706656
       -0.0193038639  -0.1118609511  -0.0318150610  -0.1020135400   0.0083540196
        0.0019315665  -0.0105048291  -0.0118108724  -0.0040230736   0.0151176866
       -0.0021608807   0.0035930194   0.0007383123   0.0000921737   0.0000387368
        0.0000955583   0.0000859759   0.0000608905   0.0001004207  -0.0000905896
        0.0001756000  -0.0000856889  -0.0000331349  -0.0000277789  -0.0000310488
       -0.0000811605   0.0000600785  -0.0000009966   0.0002165171   0.0010381430
       -0.0002051743  -0.0000497602   0.0001180926   0.0000320599  -0.0000042001
       -0.0000013750   0.0000357302  -0.0013583733   0.0016192865   0.0006544227
        0.0001462667  -0.0006261299  -0.0003093890   0.0000062831   0.0001060336
        0.0000596630  -0.0001749778  -0.0003648436  -0.0006059764  -0.0000398945
       -0.0000080363   0.0000190797   0.0000257608   0.0000595565   0.0001493057
       -0.0019091232  -0.0260894846   0.0036835015  -0.0342452434  -0.1514167451
        0.0227766325  -0.0301120832   0.4608190605   0.0057033605  -0.0031364802
       -0.0648552585   0.0023693828   0.0139582971  -0.0004269286  -0.0159588370
       -0.0007515208   0.0013919550   0.0006238846  -0.0003175175   0.0000374908
       -0.0001635922   0.0000988118   0.0006762842  -0.0000868768  -0.0003250960
        0.0004957552   0.0002962476   0.0028858735  -0.0026870224  -0.0005003703
       -0.0000066414  -0.0002537315  -0.0000733747  -0.0108694567  -0.0079380084
       -0.0017500506   0.0008841595  -0.0003923913  -0.0009970405  -0.0047592930
       -0.0076836229   0.0029056409  -0.0001734708   0.0000526318  -0.0000834446
        0.0003571065  -0.0000863098   0.0004749594   0.1132450849  -0.1361328507
        0.0143113531  -0.0319248534  -0.0588408967  -0.0511762558   0.0003170454
        0.0006111092  -0.0011168702  -0.0168450220  -0.0035920643   0.0200735075
        0.0034592476  -0.0031543923  -0.0009444397  -0.0000521572  -0.0000679080
       -0.0002173226  -0.0001301755  -0.0000869141  -0.0001516008   0.0001710985
        0.0000553667  -0.0001410186  -0.0000406274  -0.0000859917  -0.0000063230
        0.0001633184   0.0001895910  -0.0001711606  -0.0002404361  -0.0011578534
        0.0001371122   0.0000575584  -0.0000677112  -0.0001121626   0.0000234165
        0.0000341437   0.0000301536  -0.0000245912   0.0005386062   0.0001813640
        0.0001401542  -0.0001701874  -0.0001642177   0.0000262002   0.0000169672
       -0.0000319652  -0.0000608571   0.0003440624   0.0002351440  -0.0000453841
       -0.0002082613  -0.0000087499   0.0001826574   0.0001315102   0.0000534287
       -0.0019623439  -0.0034599869   0.0021144808   0.0038882487   0.0133719785
       -0.0694157732   0.0309132977   0.0057033605   0.4846886043   0.0584904873
        0.0072842552  -0.1504550275   0.0073605044  -0.0041948557  -0.0027970461
       -0.0000511350   0.0001256559   0.0001151437   0.0001096133  -0.0002987898
       -0.0001999475  -0.0006191893   0.0002697163   0.0007653380  -0.0004631796
        0.0004057655   0.0002452265   0.0006466093  -0.0010927404   0.0002221990
        0.0000403008   0.0000166052  -0.0001571961  -0.0027715907  -0.0098034778
        0.0034346689  -0.0018447523  -0.0002798484  -0.0001357043   0.0107830412
        0.0260985447  -0.0100046840   0.0001635935   0.0002849053   0.0001907141
        0.0006056268   0.0000835852   0.0001391278  -0.0186808138   0.0139069496
       -0.0444483547  -0.1022040023  -0.0511777963  -0.1868965123   0.0145251533
        0.0015387536  -0.0256238243   0.0028660899   0.0014148266  -0.0029364369
       -0.0002735162  -0.0001403083   0.0008964065  -0.0000610779  -0.0001111535
       -0.0001739304   0.0000130452  -0.0001677097   0.0000114314  -0.0001252632
        0.0004472078  -0.0000334280   0.0000325371  -0.0000241473  -0.0000268959
       -0.0000502659  -0.0000307507   0.0000359042  -0.0001132964  -0.0002272524
        0.0001566122  -0.0000254633  -0.0000464716  -0.0000921558  -0.0000536514
        0.0000276754   0.0000441263  -0.0003597094   0.0004853872   0.0005135002
       -0.0000335102  -0.0000722953   0.0001476629  -0.0000361173   0.0000002145
       -0.0000073925  -0.0006328313  -0.0001852188  -0.0004299182  -0.0001482779
       -0.0002046594   0.0000159663   0.0000718387   0.0000520753   0.0000971143
        0.0003686839   0.0013542202  -0.0002490292  -0.0076528385  -0.0054093316
        0.0097868934  -0.1068393655  -0.0031364802   0.0584904873   0.4681147395
        0.0354608576   0.0380925295  -0.1058846551   0.0591926887   0.0083196158
        0.0070951298  -0.0050129025  -0.0003521336  -0.0006190182  -0.0000916422
        0.0000578189  -0.0151908454   0.0130380577  -0.0105090084  -0.0005087321
       -0.0043534814  -0.0008499555  -0.0001341879   0.0000998174  -0.0000464617
        0.0012814295   0.0013083919  -0.0002018953  -0.0002505231  -0.0006123027
        0.0001670543  -0.0001505651  -0.0000234546   0.0000180187  -0.0003028448
       -0.0009880866   0.0002286965  -0.0000164119  -0.0000229132   0.0000327777
        0.0003291902   0.0007347758  -0.0003134985  -0.0161017859   0.0015773311
        0.0207341387   0.0074974052  -0.0012228350  -0.0098667618  -0.1079285972
       -0.0002439781  -0.1047062555  -0.1083267511  -0.1046486899  -0.0114281336
       -0.0142759263   0.0171641937   0.0032970939   0.0006660877  -0.0017061023
       -0.0001604008   0.0000874999   0.0000953378   0.0000207951   0.0000013797
        0.0000125627   0.0000544118   0.0002895476  -0.0007887066  -0.0002233766
       -0.0000025941  -0.0000273654  -0.0000231194   0.0000133378   0.0000296355
       -0.0000050494   0.0006672032  -0.0012136599  -0.0006355536  -0.0003181633
        0.0005261407   0.0002192007  -0.0000900157   0.0001015559   0.0000226719
       -0.0000345924  -0.0000578426  -0.0000470413   0.0000150991   0.0000170292
        0.0000030606  -0.0016630303  -0.0008074329  -0.0000041415  -0.0000430084
       -0.0000919706  -0.0000064812  -0.0000922807  -0.0002534175   0.0000830322
        0.0002645171   0.0024574290  -0.0001878809  -0.0130617208  -0.0034859054
        0.0198425566  -0.0065177371  -0.0648552585   0.0072842552   0.0354608576
        0.4954446225   0.0048247896   0.0572909941  -0.1358778182  -0.0078669953
        0.0119802245  -0.0304224697  -0.0020871607  -0.0002619720   0.0004256036
       -0.0000012070   0.0090584375  -0.0040039095   0.0093544580  -0.0028241980
       -0.0059621493  -0.0000933311  -0.0001640387   0.0000380361  -0.0001326327
       -0.0017447089  -0.0011275881  -0.0014110102  -0.0002161192  -0.0004476618
        0.0002816267  -0.0004262501  -0.0000711142  -0.0000641127  -0.0021587456
       -0.0040961471   0.0022099520   0.0000596809   0.0000882236   0.0000481853
       -0.0001427815  -0.0000220314  -0.0000557329   0.0121680015   0.0001410138
       -0.0152697690   0.0033141855   0.0005262611  -0.0050779920   0.0000137096
       -0.0425779476   0.0035637078  -0.1052188375  -0.2051240205  -0.0140739757
        0.0014260148  -0.0002585698  -0.0009057927   0.0016484424   0.0002887968
        0.0005041058  -0.0000645683   0.0000460043  -0.0001218877   0.0000470414
       -0.0000590702   0.0000373521   0.0006875847  -0.0013461548  -0.0004518441
        0.0000044475   0.0000736748  -0.0000136044   0.0000279363   0.0001123804
       -0.0000760644  -0.0002421374   0.0002558665   0.0000876361  -0.0001377234
       -0.0000832262  -0.0001087992  -0.0001247795   0.0001516227   0.0000089598
        0.0000115663  -0.0000565941  -0.0000489707   0.0000372990   0.0000218792
       -0.0000075499  -0.0000725685  -0.0000887746  -0.0000823974  -0.0000378151
        0.0000516476  -0.0000074314  -0.0000842391  -0.0001566513   0.0000985569
        0.0002610429  -0.0009882678   0.0002155698   0.0051068709   0.0068848030
       -0.0049220248   0.0564820098   0.0023693828  -0.1504550275   0.0380925295
        0.0048247896   0.5014022265  -0.0001345944   0.0014346213  -0.0602522262
        0.0012815491  -0.0036070957   0.0005404052   0.0003235006  -0.0010521838
       -0.0014216754  -0.0178982169   0.0195820084  -0.0026915683  -0.0006610736
       -0.0016834017   0.0000368853   0.0001063071   0.0000600784  -0.0000249494
        0.0000191348   0.0008593215  -0.0009920626   0.0001730152   0.0000082898
       -0.0000525794   0.0002482067   0.0000419667  -0.0002327796   0.0008469742
        0.0010835891   0.0005245436  -0.0000610240   0.0000077117   0.0000164293
        0.0005995160   0.0002519223  -0.0005063831   0.0017570953  -0.0004584799
       -0.0008437185   0.0150125418  -0.0000705939  -0.0290536786  -0.1049217648
        0.0041455115  -0.2056734152  -0.0110137734  -0.0136298751  -0.0441643550
        0.0147890498  -0.0166674707  -0.0017272369   0.0003511334  -0.0013668587
        0.0003981153  -0.0000612052  -0.0001052552   0.0002075205   0.0002336377
        0.0001504725  -0.0003526240   0.0001817496  -0.0003705683  -0.0000243095
       -0.0000420737  -0.0000437435   0.0000478470  -0.0000324533  -0.0000702851
        0.0000117253   0.0009382342  -0.0018156104  -0.0009617566  -0.0004977455
        0.0007444241   0.0003995968  -0.0000793412   0.0000079442   0.0000278333
       -0.0000101818  -0.0000456084   0.0000850105   0.0000133937  -0.0000064282
       -0.0000118276  -0.0014587325  -0.0003766204   0.0003690774  -0.0000464716
       -0.0001526134   0.0000942134   0.0001011597   0.0000541232  -0.0000128008
       -0.0121399588  -0.0175413580   0.0097116433   0.0013186220   0.0007345200
       -0.0014815360  -0.0177630505   0.0139582971   0.0073605044  -0.1058846551
        0.0572909941  -0.0001345944   0.4902879839   0.0188754522  -0.0581965573
       -0.1052925477  -0.0613909814  -0.0052696862   0.0051573709  -0.0054118457
        0.0046316636  -0.0833236844   0.0083387042  -0.0481675575   0.0115955973
        0.0143924819   0.0015473299  -0.0014577578  -0.0006053427   0.0026784216
       -0.0167775628   0.0002955246  -0.0251347215  -0.0003656637  -0.0000859640
       -0.0000977278   0.0001066545   0.0000361621   0.0000434966   0.0001923356
        0.0000958970  -0.0001444693   0.0002477709   0.0003259874  -0.0000554808
       -0.0000827365  -0.0000573579  -0.0000268990  -0.0023253375   0.0004492155
        0.0035611134   0.0004160400  -0.0001782636  -0.0004251700  -0.0139932781
        0.0155229625  -0.0026761928   0.0076975710  -0.0095222172  -0.0003518748
       -0.1413335016  -0.0179212060   0.1147352946  -0.0132835657  -0.0154399416
       -0.0024639340  -0.0006896663  -0.0012092001   0.0012832072  -0.0008896189
       -0.0007380323   0.0005852455  -0.0011688769   0.0034374899   0.0011008396
       -0.0003637486  -0.0007793909   0.0003056237  -0.0000550585   0.0000080900
        0.0001134726   0.0006139153  -0.0062760032  -0.0034781076  -0.0005849850
        0.0031284783   0.0003571175   0.0000657715   0.0000105591   0.0000020605
       -0.0000049816  -0.0000024833   0.0000202742   0.0000554662   0.0000155112
        0.0000726231  -0.0000082767   0.0002429756  -0.0000932510   0.0000268937
       -0.0000809264   0.0000131135   0.0000065198   0.0000812117   0.0000747151
       -0.0098835539  -0.0101448132   0.0096275426  -0.0005356575  -0.0000363983
       -0.0000361193   0.0049424489  -0.0004269286  -0.0041948557   0.0591926887
       -0.1358778182   0.0014346213   0.0188754522   0.4498926586  -0.0298138520
       -0.0577481224  -0.1332698716  -0.0084978214   0.0002166366  -0.0033384820
        0.0164975783   0.0028229803  -0.0624303204   0.0126813172  -0.0094973018
       -0.0329339831  -0.0058882318  -0.0009345991   0.0001672543   0.0011987576
       -0.0033567387   0.0033784012  -0.0096911877  -0.0002558123  -0.0000640280
        0.0000492063  -0.0000161180  -0.0000039724   0.0000506401   0.0000546962
        0.0000290641  -0.0000793401   0.0000227159   0.0003817895   0.0000345187
        0.0001344726  -0.0001711659  -0.0000587501  -0.0006756049   0.0006924367
        0.0000413780  -0.0002398477   0.0001996101   0.0002481345   0.0055331257
       -0.0051176079   0.0017481075   0.0159484921  -0.0256338572  -0.0012033633
       -0.0182864915  -0.0410140465   0.0166911389  -0.0012938060  -0.0005747852
       -0.0005149678  -0.0006165678  -0.0010653426   0.0003395036  -0.0010373727
       -0.0015828362   0.0008200618   0.0016091899  -0.0048854945  -0.0012628771
       -0.0001753205  -0.0004323409   0.0001555511   0.0000126390   0.0001935782
       -0.0000239721  -0.0073003741   0.0066762365   0.0019479443   0.0023888503
       -0.0026805939  -0.0021514546   0.0000289411   0.0000206823  -0.0000040521
        0.0000075014   0.0000022242  -0.0000265657   0.0000998053   0.0000280983
       -0.0000315239  -0.0000390322   0.0000211440  -0.0000287596  -0.0000512322
       -0.0000320911  -0.0000469953   0.0000529171   0.0000335997  -0.0000113121
        0.0127894250   0.0189240622  -0.0064702224  -0.0010120836  -0.0002964751
        0.0015303795   0.0163936813  -0.0159588370  -0.0027970461   0.0083196158
       -0.0078669953  -0.0602522262  -0.0581965573  -0.0298138520   0.5233949014
       -0.0051253329  -0.0080188964  -0.0651032127   0.0005892365   0.0139902650
       -0.0238204157  -0.0481192645   0.0212148356  -0.1713928705  -0.0035218257
       -0.0108173380   0.0005192043   0.0013545052   0.0007182587  -0.0048910385
       -0.0127299236  -0.0023401458  -0.0142658128   0.0001384231  -0.0000070447
       -0.0002339059  -0.0000185659  -0.0000246504   0.0000056736  -0.0001295319
       -0.0001774136   0.0000606308  -0.0002733421  -0.0006094233   0.0002723733
       -0.0003372420  -0.0000166633   0.0000414903   0.0031311144  -0.0005410063
       -0.0034191112  -0.0000283042  -0.0001604870   0.0002184790  -0.0170335498
        0.0188415722  -0.0010262359   0.0011883347  -0.0022787181   0.0002875495
        0.1141639694   0.0150677338  -0.1706943699  -0.0140892984  -0.0151990202
       -0.0014070490   0.0004916809   0.0008583983  -0.0017496752   0.0009259732
        0.0023378573  -0.0020680903   0.0009375923  -0.0011254866   0.0003022471
        0.0005373024   0.0011649114  -0.0003036985   0.0001026495   0.0000653648
       -0.0000450570  -0.0026420572   0.0028283183   0.0027487524   0.0021617020
       -0.0008050358   0.0002732956  -0.0000408663   0.0000082528   0.0000011360
       -0.0000174799   0.0000142712   0.0000561416  -0.0001078095  -0.0001072335
        0.0000324706   0.0002182007   0.0000254598   0.0000480341   0.0001125938
        0.0000554744   0.0001030584  -0.0001329652   0.0000496864   0.0000442205
       -0.0665842751  -0.0063925802   0.0279741045  -0.0081106369   0.0035252663
        0.0162077702   0.0006964726  -0.0007515208  -0.0000511350   0.0070951298
        0.0119802245   0.0012815491  -0.1052925477  -0.0577481224  -0.0051253329
        0.4842844692   0.0051134964   0.0748708377   0.0031132848  -0.0016009933
       -0.0176162482  -0.0155244560  -0.0161509226  -0.0169073575  -0.1336928997
        0.0785145084   0.0274579564  -0.0068267257  -0.0074847904   0.0111120085
       -0.0006574069   0.0002716567  -0.0025628664   0.0001514271  -0.0004604221
        0.0002501553  -0.0000879789  -0.0001189081   0.0001225418  -0.0014136229
        0.0017571006   0.0006404031  -0.0002585730   0.0010230519   0.0018255338
        0.0009087223  -0.0005983986  -0.0008576827  -0.0000935820  -0.0001118355
        0.0001047041  -0.0000896883   0.0001246788  -0.0001613724   0.0006100783
        0.0018272133   0.0002624198  -0.0014368741   0.0037224843   0.0001818341
       -0.0129545259  -0.0168999623  -0.0010494429  -0.1506885815   0.0120808391
       -0.1093740711  -0.0000855558   0.0005308135  -0.0004686048  -0.0034083121
       -0.0011530475  -0.0028399163   0.0134082588  -0.0110776985  -0.0056928299
       -0.0007612885  -0.0018049533   0.0007806311  -0.0001047857   0.0008353492
       -0.0001029239  -0.0010008092   0.0003093650  -0.0002971452   0.0001800027
        0.0000567588  -0.0000495437   0.0000346791  -0.0000030951   0.0000119339
       -0.0000666995   0.0000511039  -0.0000958637   0.0003329416   0.0001269268
        0.0001476573  -0.0001933224   0.0003648381  -0.0000092265  -0.0017708332
       -0.0000278375  -0.0000470449   0.0002885148   0.0001694128   0.0000765670
       -0.0078999242  -0.0595710992   0.0179008185   0.0070801919  -0.0015891400
       -0.0158088521  -0.0013687333   0.0013919550   0.0001256559  -0.0050129025
       -0.0304224697  -0.0036070957  -0.0613909814  -0.1332698716  -0.0080188964
        0.0051134964   0.4513037013   0.0140355816  -0.0002935694   0.0007484080
        0.0014957623  -0.0070189371  -0.0005828075  -0.0089533727   0.0513180781
       -0.1403744460  -0.0281274784  -0.0100590144  -0.0053138152   0.0241051496
        0.0002105715  -0.0004073275   0.0002719318  -0.0001549521   0.0001854694
       -0.0003269053   0.0001810440   0.0001678426  -0.0000280649   0.0024612891
       -0.0021393839  -0.0017456740   0.0013594708   0.0000738637  -0.0002694600
       -0.0007161470  -0.0001875646   0.0001076321  -0.0002066484   0.0002145011
        0.0001668277   0.0001441793  -0.0000829453  -0.0001197746  -0.0011398024
        0.0004075372  -0.0005914799   0.0023146649  -0.0034142210  -0.0007734308
       -0.0037094884  -0.0040939041  -0.0002292287   0.0119486048  -0.0389904496
        0.0156270369   0.0003750425  -0.0003175565   0.0005783535  -0.0000330926
       -0.0003132597   0.0001908062   0.0175775673  -0.0292791283  -0.0088139702
       -0.0017158240  -0.0046525509   0.0013581373   0.0000541507  -0.0006517249
        0.0005264700   0.0002627239  -0.0000818876   0.0002628765  -0.0001057123
        0.0002163965   0.0000225001  -0.0000103317   0.0000853544   0.0000022378
        0.0000315759  -0.0000428315   0.0000325935   0.0000220835   0.0006169047
        0.0002424345   0.0002261746  -0.0001616370   0.0001218974   0.0003508065
        0.0003487417   0.0001774157  -0.0001956546   0.0001793460   0.0000615649
        0.0239757953   0.0163939651  -0.1446188854   0.0058710137  -0.0053121965
       -0.0064931817  -0.0006815835   0.0006238846   0.0001151437  -0.0003521336
       -0.0020871607   0.0005404052  -0.0052696862  -0.0084978214  -0.0651032127
        0.0748708377   0.0140355816   0.4815156142  -0.0064454679  -0.0039233774
       -0.0324067925  -0.0143121144  -0.0180689349  -0.0109314023   0.0208396269
       -0.0329506501  -0.0582470304   0.0070593890   0.0068051069  -0.0056289064
       -0.0015797478   0.0006303636  -0.0041084350   0.0000934475   0.0006211611
        0.0015271887   0.0000153237   0.0002239870  -0.0005122423   0.0000966010
        0.0000299759   0.0003336019  -0.0012903072  -0.0011461483  -0.0013602516
        0.0009251690  -0.0004582305  -0.0005248485  -0.0000248413   0.0003525941
        0.0000633437  -0.0001539801  -0.0001454627  -0.0001282115   0.0000035667
        0.0012099861   0.0001885270  -0.0003033398  -0.0002252950   0.0003753483
        0.0140253914   0.0174708602   0.0020917861  -0.1137651890   0.0186464741
       -0.1497359134   0.0000197955   0.0000334306   0.0001620950  -0.0029418091
       -0.0000837064  -0.0032247168   0.0020040531  -0.0045473595  -0.0032406147
       -0.0002158886   0.0001574271   0.0001812791  -0.0003346308  -0.0003624711
        0.0001202984  -0.0016863913   0.0006028706  -0.0000685209   0.0004440776
       -0.0000281712  -0.0002630356  -0.0002857631  -0.0001837064  -0.0000073094
        0.0000272477   0.0000481655  -0.0000139232   0.0000455590   0.0001881630
       -0.0003780470   0.0000209499   0.0003746987   0.0000676340  -0.0009784279
       -0.0003214685  -0.0001401839   0.0002834570  -0.0001065350  -0.0001465999
       -0.1314251287  -0.0107378656  -0.0494438786  -0.0242701813   0.0040235744
       -0.0105540990   0.0001326463  -0.0003175175   0.0001096133  -0.0006190182
       -0.0002619720   0.0003235006   0.0051573709   0.0002166366   0.0005892365
        0.0031132848  -0.0002935694  -0.0064454679   0.4342072664  -0.0356427764
       -0.0123367503  -0.1006258729  -0.0492305149   0.0397519732   0.0000320001
        0.0005267067   0.0002502697  -0.0126526843  -0.0062097422  -0.0090795290
       -0.0182380049  -0.0199169537   0.0129901568  -0.0016567880   0.0032088745
        0.0007610128  -0.0005054015  -0.0000280031  -0.0002111104   0.0002373437
       -0.0006097575  -0.0017282401  -0.0013145421  -0.0018517806   0.0007973538
       -0.0001952542  -0.0001002296  -0.0002318596  -0.0000485508  -0.0000989129
       -0.0000935063  -0.0001734151   0.0002322511  -0.0002031653  -0.0000700912
       -0.0001184291  -0.0000774927   0.0000857424  -0.0000059649  -0.0000900226
       -0.0004388934  -0.0006410616  -0.0006911245  -0.0002268039  -0.0008301477
        0.0005935710  -0.0993433982   0.1049870997  -0.0094408755  -0.0517538723
        0.0168584510   0.0462515008  -0.0002161756  -0.0000482293  -0.0000083052
        0.0000743515   0.0001135770   0.0000306296   0.0008134233   0.0017297169
       -0.0001734171  -0.0003228999   0.0023839537   0.0022850363   0.0006507181
       -0.0068996283  -0.0034214034  -0.0000488183  -0.0004359979   0.0000285981
       -0.0000200045   0.0001446904  -0.0000107320  -0.0001747867  -0.0000814712
       -0.0004698183  -0.0000617178  -0.0000108159   0.0000242765  -0.0000578249
       -0.0000277616   0.0000470031  -0.0000440186  -0.0000264291  -0.0001229345
       -0.0092441221  -0.0631147073  -0.0084011790   0.0172110634  -0.0000756721
        0.0089790141  -0.0000777805   0.0000374908  -0.0002987898  -0.0000916422
        0.0004256036  -0.0010521838  -0.0054118457  -0.0033384820   0.0139902650
       -0.0016009933   0.0007484080  -0.0039233774  -0.0356427764   0.4800127275
        0.0073221497  -0.0465174709  -0.1205934296   0.0509733288  -0.0002115835
        0.0008169462  -0.0003878406  -0.0166926363  -0.0064580376  -0.0123719371
       -0.0144372394  -0.0146032679   0.0065897729   0.0020436275  -0.0025959043
       -0.0010066499   0.0006758520   0.0001964234   0.0002315567   0.0006150229
        0.0004114392   0.0008090918  -0.0042264649  -0.0049961180  -0.0006548719
        0.0000726734   0.0001059860   0.0000583116   0.0001004945   0.0000958642
        0.0001374351   0.0006457755  -0.0005329621   0.0002781572  -0.0000839513
        0.0001044184   0.0000090411  -0.0000786632   0.0000770479   0.0000902306
        0.0005141821  -0.0004232375   0.0013014665  -0.0004470264  -0.0000593046
       -0.0002548482   0.1018007188  -0.2067708113   0.0119796718   0.0172815278
       -0.0637501667  -0.0734533753  -0.0001340418   0.0000900714   0.0002001935
       -0.0001029412  -0.0000285415  -0.0000246707  -0.0027558891   0.0004855487
       -0.0015197054   0.0029288040  -0.0024724108  -0.0009172741  -0.0058132811
        0.0065159451   0.0021971816   0.0001055556   0.0004313539  -0.0000417124
        0.0000244737  -0.0001335560  -0.0000281487  -0.0005182008  -0.0006349669
       -0.0009811827   0.0000200627   0.0000157491  -0.0000118976   0.0000198040
       -0.0000123447   0.0000987488   0.0000289124   0.0000228976   0.0000840279
       -0.0484339089  -0.0094811204  -0.0963839962  -0.0002668193   0.0009569214
        0.0007793304   0.0002681554  -0.0001635922  -0.0001999475   0.0000578189
       -0.0000012070  -0.0014216754   0.0046316636   0.0164975783  -0.0238204157
       -0.0176162482   0.0014957623  -0.0324067925  -0.0123367503   0.0073221497
        0.5318370090   0.0356157945   0.0460589301  -0.1023357184  -0.0013708974
        0.0005272352   0.0005352957  -0.0005897393  -0.0012551155   0.0010426724
        0.0010935840  -0.0013271287   0.0046868136   0.0003174725  -0.0006265866
        0.0000085448  -0.0000096272  -0.0000591775   0.0000477101   0.0020214045
       -0.0004619123   0.0013301553   0.0008162448   0.0009573832   0.0010850454
        0.0000134449   0.0000533518   0.0000180262   0.0000173711  -0.0000676478
        0.0000855217  -0.0000178742  -0.0001663499   0.0003978023  -0.0003540332
        0.0002375350   0.0000109723  -0.0000854864   0.0000098600  -0.0000230906
       -0.0019103752   0.0010081287  -0.0038983227   0.0017495591   0.0008473612
       -0.0060141497  -0.0082059931   0.0095149693  -0.0405496941   0.0475229802
       -0.0725456127  -0.2375721937   0.0001529099   0.0000150499  -0.0002533090
       -0.0001730882   0.0001771259  -0.0000744482   0.0004532767   0.0005530403
        0.0004878820   0.0006447546  -0.0019011780   0.0002810733  -0.0042259695
        0.0016112284   0.0021487635   0.0001089510   0.0001570472   0.0000090058
        0.0000322762  -0.0000286148   0.0000486859  -0.0000253160   0.0000900958
        0.0000670476   0.0000172408  -0.0000855700  -0.0000307548   0.0000485237
        0.0000740547  -0.0000118331   0.0000387000   0.0000060049   0.0000889845
       -0.0228722668  -0.0208624869   0.0021967102   0.0001258173  -0.0000918977
        0.0001161497  -0.0010549095   0.0000988118  -0.0006191893  -0.0151908454
        0.0090584375  -0.0178982169  -0.0833236844   0.0028229803  -0.0481192645
       -0.0155244560  -0.0070189371  -0.0143121144  -0.1006258729  -0.0465174709
        0.0356157945   0.6724395915   0.2810387872   0.1743496170   0.0001114686
        0.0009013845   0.0004360250  -0.0030637126  -0.0001921354  -0.0018560592
       -0.4053674145  -0.1995967271  -0.1349515466  -0.0005285671  -0.0000788405
       -0.0002135459   0.0001626955  -0.0000116569   0.0001106211  -0.0002690231
       -0.0000127892   0.0001019856  -0.0005449920  -0.0009511569   0.0000067288
       -0.0000146493   0.0000105496  -0.0000429989   0.0000461108   0.0000061699
       -0.0001861317  -0.0002431831   0.0009603402   0.0003565689  -0.0027801638
        0.0031065625  -0.0011558862   0.0007602371  -0.0010211650   0.0002750822
        0.0071357646  -0.0007047000   0.0145272443  -0.0021224091  -0.0027121662
       -0.0007852243   0.0071257236   0.0045390190  -0.0040266779  -0.0040293026
       -0.0065560693   0.0069458726   0.0000307102  -0.0001127548  -0.0000919955
        0.0000209437  -0.0001741891   0.0001009261   0.0001377328   0.0000905747
       -0.0001727318  -0.0135025172  -0.0049978242  -0.0080159077  -0.0171157277
       -0.0108785242  -0.0024233525   0.0001478322   0.0000314850   0.0000022486
       -0.0000170138  -0.0000155023  -0.0000107610  -0.0000987488  -0.0001935846
       -0.0002545771  -0.0000258225   0.0000449456  -0.0000497390  -0.0000311031
        0.0000040998  -0.0000097584   0.0001017578  -0.0000135694   0.0000541044
       -0.0123452182  -0.0065858138  -0.0036953789   0.0004694846  -0.0002804400
        0.0003457770   0.0006017863   0.0006762842   0.0002697163   0.0130380577
       -0.0040039095   0.0195820084   0.0083387042  -0.0624303204   0.0212148356
       -0.0161509226  -0.0005828075  -0.0180689349  -0.0492305149  -0.1205934296
        0.0460589301   0.2810387872   0.3800306040  -0.0275803022   0.0000617136
       -0.0005140030   0.0008550611  -0.0018505209  -0.0005145384  -0.0005605178
       -0.1999232195  -0.1469311285  -0.0550399997  -0.0001728627  -0.0002131465
       -0.0001164702   0.0000431317  -0.0000610574   0.0000766300  -0.0002336733
        0.0000236873   0.0000739224  -0.0001497685  -0.0001902463   0.0001305559
       -0.0000801554   0.0000397156   0.0000678712  -0.0001130458  -0.0000534439
        0.0002078202   0.0008159582  -0.0002404623  -0.0005625408   0.0034039411
       -0.0034845910   0.0003858836   0.0000482058  -0.0002121241   0.0005896366
        0.0006992984   0.0002569698   0.0042614709  -0.0028493633  -0.0032670059
       -0.0001347457  -0.0141703953  -0.0243171739   0.0166993745   0.0037711964
        0.0047951688  -0.0008804583   0.0001135186  -0.0000386251  -0.0002565981
       -0.0000875701  -0.0001913066   0.0000981411   0.0000041194  -0.0000112603
       -0.0000657466   0.0040634781   0.0016360910   0.0003994106  -0.0191739471
       -0.0127847003  -0.0043404911   0.0000669220   0.0000538409   0.0000198846
       -0.0000364893  -0.0000112423  -0.0000046179  -0.0000618497  -0.0000326434
       -0.0000569163  -0.0000145417  -0.0000457587   0.0000017092   0.0000387135
        0.0000487881  -0.0000095920   0.0000270415   0.0000300290   0.0000346711
       -0.0018658282  -0.0040198533   0.0061137242  -0.0003689533  -0.0001265763
       -0.0001487925   0.0007485555  -0.0000868768   0.0007653380  -0.0105090084
        0.0093544580  -0.0026915683  -0.0481675575   0.0126813172  -0.1713928705
       -0.0169073575  -0.0089533727  -0.0109314023   0.0397519732   0.0509733288
       -0.1023357184   0.1743496170  -0.0275803022   0.4523565563   0.0001063128
        0.0011881797  -0.0001893312  -0.0008056529   0.0000716406  -0.0017430523
       -0.1343570700  -0.0547375789  -0.1175060531  -0.0001840530   0.0001263524
        0.0000882071  -0.0000232819   0.0000358551  -0.0000706997   0.0002320726
        0.0000692194  -0.0002022563  -0.0006250664  -0.0006505891  -0.0003002173
        0.0000888450   0.0000978602  -0.0002033767   0.0002252036  -0.0001011066
       -0.0004126114   0.0003467510  -0.0007097416   0.0000459535   0.0004510520
       -0.0007334723   0.0004306818   0.0005479909  -0.0003564727   0.0002428328
       -0.0089105033   0.0046253031  -0.0232908363  -0.0009399526  -0.0015169976
       -0.0010954917   0.0019120751   0.0061372583  -0.0016426432   0.0153405500
        0.0180789555  -0.0165590148   0.0003391836   0.0004275201   0.0001597893
        0.0001652117   0.0001302600  -0.0000852985  -0.0001143325   0.0001421771
       -0.0000806800  -0.0265577109  -0.0125414645  -0.0135926809   0.0160220160
        0.0082104966   0.0044370549   0.0000008804  -0.0000521197  -0.0000062784
        0.0000228183  -0.0000025827  -0.0000310867  -0.0001135568  -0.0001428177
       -0.0001329545  -0.0001877541   0.0000120957  -0.0000216414  -0.0000563494
       -0.0000351347   0.0000154062   0.0000428803  -0.0000152184   0.0000110121
       -0.0156474641   0.0181515759   0.0139369913  -0.0008731749  -0.0007555650
        0.0049864583   0.0000222078  -0.0003250960  -0.0004631796  -0.0005087321
       -0.0028241980  -0.0006610736   0.0115955973  -0.0094973018  -0.0035218257
       -0.1336928997   0.0513180781   0.0208396269   0.0000320001  -0.0002115835
       -0.0013708974   0.0001114686   0.0000617136   0.0001063128   0.3662056212
        0.0928399918  -0.0258113329  -0.0001971358   0.0010970331  -0.0010365433
        0.0002334817  -0.0001222627   0.0000240633   0.0007847199   0.0001180904
       -0.0002186982  -0.0001288385  -0.0000305528  -0.0000648098  -0.0011526645
        0.0011987249   0.0011472886  -0.0016737283  -0.0009637553   0.0011661328
       -0.0010226661   0.0001431418   0.0001029532   0.0000378822  -0.0000997257
       -0.0000136171  -0.0000001405  -0.0000846165   0.0001235134  -0.0000648031
       -0.0003834456   0.0002802575   0.0004708677  -0.0005017754   0.0001510676
        0.0009324436   0.0006856960  -0.0002071715  -0.0255651860   0.0312272758
        0.0040797337   0.0001262506  -0.0004106881   0.0002168294   0.0000035200
       -0.0001018504   0.0001524615  -0.2001776396  -0.1807232895  -0.0149287942
        0.0002781278   0.0001303792  -0.0001472784  -0.0000075922  -0.0004681389
        0.0002803183   0.0000276549   0.0000645418   0.0001068386  -0.0000318672
        0.0001199210   0.0000362907  -0.0000618436  -0.0000766617  -0.0000372915
        0.0000374750   0.0000015206   0.0000213252  -0.0001948898   0.0002805270
        0.0001845268   0.0001546312  -0.0004751008   0.0000582164   0.0002372093
        0.0005776856   0.0003110116  -0.0002898926   0.0000397112   0.0001702953
        0.0095106398  -0.0052941488  -0.0098712928   0.0000611285   0.0013351038
       -0.0019309522   0.0001732191   0.0004957552   0.0004057655  -0.0043534814
       -0.0059621493  -0.0016834017   0.0143924819  -0.0329339831  -0.0108173380
        0.0785145084  -0.1403744460  -0.0329506501   0.0005267067   0.0008169462
        0.0005272352   0.0009013845  -0.0005140030   0.0011881797   0.0928399918
        0.4651243523   0.0882444841  -0.0011454952  -0.0008586078  -0.0000681449
       -0.0003513659   0.0001826031   0.0002031141  -0.0004895409  -0.0002198534
        0.0002147379   0.0000379597   0.0001046354   0.0000716233   0.0005993232
       -0.0007335934  -0.0007146274  -0.0017061621   0.0006195035   0.0015155016
        0.0010001253   0.0001285547  -0.0000834483  -0.0000441904   0.0000091752
        0.0000979966  -0.0001219400  -0.0000132571  -0.0000289177  -0.0003321127
        0.0005322770  -0.0001045507   0.0008161152  -0.0020141920  -0.0002510686
        0.0007164745   0.0019256712   0.0008106935   0.0199038374  -0.0171004264
        0.0000667608  -0.0003648184   0.0004709688  -0.0006573503  -0.0001405748
       -0.0000753928  -0.0000183275  -0.2107514182  -0.2660874343  -0.0334167971
       -0.0001255723   0.0001398039  -0.0001199564  -0.0002480984   0.0006155261
       -0.0002946707   0.0000254772   0.0000705737  -0.0001133059   0.0000516387
       -0.0000565926   0.0000546946   0.0000454822   0.0000034038   0.0000372638
       -0.0000320464  -0.0000463543  -0.0000492811   0.0002191659   0.0000005778
        0.0001406899  -0.0002009854   0.0003885222  -0.0000734955  -0.0001694301
       -0.0005559819  -0.0001793600   0.0002415724  -0.0001235377  -0.0001518035
        0.0241993252  -0.0249450757  -0.0124211321   0.0018391783   0.0007729924
       -0.0064146885  -0.0000363436   0.0002962476   0.0002452265  -0.0008499555
       -0.0000933311   0.0000368853   0.0015473299  -0.0058882318   0.0005192043
        0.0274579564  -0.0281274784  -0.0582470304   0.0002502697  -0.0003878406
        0.0005352957   0.0004360250   0.0008550611  -0.0001893312  -0.0258113329
        0.0882444841   0.0766929835  -0.0006434394  -0.0002520014   0.0001108294
        0.0000735347   0.0000284627   0.0002590318  -0.0005598922  -0.0000969213
       -0.0007279111   0.0001483646  -0.0000155686   0.0002323713   0.0012682602
       -0.0014302033  -0.0008974943   0.0008369037  -0.0000969617   0.0011096560
        0.0000830548   0.0000041904   0.0001608621   0.0000498955  -0.0000726857
        0.0000305001   0.0000244408   0.0001227919   0.0000891712   0.0002691857
       -0.0001120243   0.0002107085   0.0001625530  -0.0001771920   0.0000841159
       -0.0008392519  -0.0001934060   0.0001417220  -0.0087409979   0.0107564762
        0.0077825337   0.0003765984  -0.0004904456   0.0003008695   0.0004233977
       -0.0001322307   0.0002935501  -0.0224007083  -0.0372127201  -0.0102080342
       -0.0000324611  -0.0005472410   0.0002114510   0.0004904951  -0.0006934327
        0.0000019301   0.0001323181  -0.0000028164   0.0000853146  -0.0001259691
       -0.0001251494   0.0000438355   0.0001368005   0.0001238325   0.0000673867
       -0.0000704891  -0.0000724800   0.0001250809  -0.0002920869  -0.0000290905
       -0.0002651807   0.0000008034  -0.0001752787  -0.0000425572   0.0002064794
        0.0001570545  -0.0000118837  -0.0000102422   0.0000082132   0.0000547280
       -0.0754386716  -0.0352260377   0.0106956171   0.0061245418   0.0140164704
       -0.0018327246  -0.0020873230   0.0028858735   0.0006466093  -0.0001341879
       -0.0001640387   0.0001063071  -0.0014577578  -0.0009345991   0.0013545052
       -0.0068267257  -0.0100590144   0.0070593890  -0.0126526843  -0.0166926363
       -0.0005897393  -0.0030637126  -0.0018505209  -0.0008056529  -0.0001971358
       -0.0011454952  -0.0006434394   0.4777786411  -0.0264081571  -0.0377182578
       -0.0006063987  -0.0005192626   0.0004642700   0.0000910444   0.0015333967
       -0.0000207800  -0.0003656526   0.0000608886  -0.0002690789   0.0002822531
        0.0007228454   0.0000831845  -0.0897994738  -0.0263751162  -0.0527461215
       -0.0001315106  -0.0003975663   0.0000707925   0.0001210614   0.0010560816
       -0.0001007663   0.0000006202   0.0000815473   0.0000279542  -0.0000508395
        0.0000521327  -0.0000772178  -0.0000078023  -0.0000099897   0.0000003655
       -0.0002666295  -0.0004351219   0.0000136029   0.0001262022   0.0001664349
       -0.0007351704  -0.0005221889  -0.0022503388   0.0000609078  -0.0002752445
       -0.0004415774   0.0000111425   0.0007055145  -0.0001744188   0.0006484605
       -0.1293964172   0.0057614995   0.1070298147  -0.1486060928   0.1016874714
       -0.0146360042   0.0000173717  -0.0000325617   0.0000457105  -0.0001501887
       -0.0000960215  -0.0001342873  -0.0001481913   0.0002253000  -0.0000169489
        0.0000078194   0.0000440399   0.0000114742  -0.0130518493  -0.0052505601
       -0.0173818715   0.0000017164  -0.0001130587   0.0000414837   0.0000703213
        0.0001946407  -0.0006154305  -0.0000904289   0.0000874702  -0.0000480997
       -0.0358054712  -0.1530724418   0.0206871745  -0.0026516151  -0.0278572660
        0.0023528847   0.0028616333  -0.0026870224  -0.0010927404   0.0000998174
        0.0000380361   0.0000600784  -0.0006053427   0.0001672543   0.0007182587
       -0.0074847904  -0.0053138152   0.0068051069  -0.0062097422  -0.0064580376
       -0.0012551155  -0.0001921354  -0.0005145384   0.0000716406   0.0010970331
       -0.0008586078  -0.0002520014  -0.0264081571   0.4517139686  -0.0099151340
       -0.0001932334  -0.0001160405  -0.0000204058  -0.0004791024  -0.0003849865
        0.0003044151  -0.0000352128  -0.0000923436  -0.0001930676  -0.0004258038
        0.0006555826   0.0005887345  -0.0212671334  -0.0664494229  -0.0103353878
       -0.0001650368  -0.0002490902  -0.0000248358  -0.0003837734  -0.0011129035
        0.0001573158  -0.0000010289  -0.0001844154   0.0000875627  -0.0000710296
       -0.0000568225  -0.0000412688   0.0001476274   0.0001880296  -0.0000379853
        0.0000789392  -0.0000820545  -0.0001817639   0.0003225391   0.0003212654
       -0.0006737632   0.0016099076   0.0009668543   0.0007556328   0.0002263854
       -0.0000711119   0.0000857731   0.0002341330   0.0001782543  -0.0005143282
        0.0059702322  -0.0425294610  -0.0040500018   0.1030490920  -0.1374398448
        0.0207902002   0.0000519425  -0.0000149641   0.0000712041   0.0000828087
        0.0001721658  -0.0000756629  -0.0000189000  -0.0001950109   0.0000179350
        0.0000235869   0.0000446208   0.0000326905  -0.0134693500  -0.0089392167
       -0.0251359556   0.0000008734  -0.0000999668   0.0000537810   0.0000290105
        0.0002979506   0.0001135043  -0.0000187030   0.0000354026   0.0000455253
        0.0108623406   0.0183842849  -0.0661856361  -0.0018044452  -0.0025810782
        0.0005450252   0.0006282041  -0.0005003703   0.0002221990  -0.0000464617
       -0.0001326327  -0.0000249494   0.0026784216   0.0011987576  -0.0048910385
        0.0111120085   0.0241051496  -0.0056289064  -0.0090795290  -0.0123719371
        0.0010426724  -0.0018560592  -0.0005605178  -0.0017430523  -0.0010365433
       -0.0000681449   0.0001108294  -0.0377182578  -0.0099151340   0.4599739582
       -0.0003910985  -0.0004320677   0.0004005874   0.0000273938   0.0004660492
        0.0010029759  -0.0000566925   0.0001686126   0.0002454747  -0.0000733209
       -0.0013960556   0.0001099301  -0.0732674533  -0.0288590352  -0.1750245225
        0.0001968845  -0.0005778456  -0.0003317682  -0.0000568347  -0.0002929095
        0.0000617982  -0.0000407095   0.0000649241  -0.0000724313   0.0000169841
        0.0000668994  -0.0000648152  -0.0000574455  -0.0000801263   0.0000083679
        0.0010028371   0.0012043264   0.0000356764  -0.0000182384   0.0003840415
       -0.0007699209  -0.0004198704  -0.0012379476   0.0005302983  -0.0007014179
       -0.0003454983  -0.0003670797   0.0023537476  -0.0002993768  -0.0010820311
        0.1102729035  -0.0032750996  -0.1679226844  -0.0139209744   0.0191758586
       -0.0429339999  -0.0000519895  -0.0000185641   0.0000255737  -0.0001986526
       -0.0001905156  -0.0000454051  -0.0000577808  -0.0001157942  -0.0001342223
        0.0001949919   0.0000276366  -0.0003617676   0.0016585497  -0.0022569338
        0.0037368492  -0.0000286081   0.0000667186   0.0000660225  -0.0002356002
        0.0001656633  -0.0006111866   0.0001127165   0.0000286623   0.0000771789
       -0.0015001211  -0.0018741103   0.0009513853  -0.0001247285   0.0000463792
       -0.0000030591   0.0001389956  -0.0000066414   0.0000403008   0.0012814295
       -0.0017447089   0.0000191348  -0.0167775628  -0.0033567387  -0.0127299236
       -0.0006574069   0.0002105715  -0.0015797478  -0.0182380049  -0.0144372394
        0.0010935840  -0.4053674145  -0.1999232195  -0.1343570700   0.0002334817
       -0.0003513659   0.0000735347  -0.0006063987  -0.0001932334  -0.0003910985
        0.6197887022   0.2967304657   0.1653248683   0.0000159140  -0.0000026885
       -0.0000212965  -0.0000237065   0.0000117263  -0.0000019931   0.0000014045
       -0.0000373918  -0.0001213332  -0.0000778023  -0.0002020581  -0.0000089245
       -0.0000100127   0.0000106188  -0.0000022043   0.0000811908  -0.0000335459
        0.0000352740  -0.0005348129   0.0001445164   0.0000116326  -0.0000527152
        0.0001382132   0.0000688724   0.0001141652  -0.0000621847   0.0000065937
        0.0004533527  -0.0005739928   0.0009407959  -0.0002830511  -0.0004440782
       -0.0000415392  -0.0000668629   0.0008363585  -0.0010133097   0.0003542034
        0.0002929913  -0.0014228657   0.0000908490   0.0000641245   0.0000219763
        0.0000538584  -0.0000073778  -0.0000276882  -0.0000967590   0.0000556734
       -0.0000140504  -0.0757641513   0.0125078816  -0.0915502276  -0.1023905966
       -0.0877801562   0.0746723981  -0.0000144451   0.0000013622  -0.0000004266
        0.0000100450   0.0000071629  -0.0000132131  -0.0000477938  -0.0000187856
       -0.0000100997   0.0000120184  -0.0000314545   0.0000168162   0.0000108703
        0.0000199759   0.0000306424  -0.0000061339   0.0000029501   0.0000022613
       -0.0017646245  -0.0019527860   0.0017192362  -0.0002663292  -0.0000162301
       -0.0001056174   0.0001161408  -0.0002537315   0.0000166052   0.0013083919
       -0.0011275881   0.0008593215   0.0002955246   0.0033784012  -0.0023401458
        0.0002716567  -0.0004073275   0.0006303636  -0.0199169537  -0.0146032679
       -0.0013271287  -0.1995967271  -0.1469311285  -0.0547375789  -0.0001222627
        0.0001826031   0.0000284627  -0.0005192626  -0.0001160405  -0.0004320677
        0.2967304657   0.3472861328  -0.0964172285  -0.0000337424   0.0000914956
        0.0000066019  -0.0000081768   0.0000466494   0.0000058913   0.0000134767
       -0.0000360868  -0.0000585838  -0.0002190495  -0.0001503849  -0.0000547497
        0.0000429705   0.0000102682  -0.0000020682   0.0000641841   0.0000095040
        0.0000989258  -0.0000493813   0.0001488663   0.0002765375   0.0003160867
       -0.0000155580   0.0002101966   0.0000757753   0.0003940206  -0.0001683111
        0.0006150338  -0.0000101472   0.0008808740   0.0000880787   0.0001053093
        0.0000106643  -0.0013356381   0.0003472817   0.0001429625  -0.0007213406
        0.0003233302  -0.0006935378   0.0000188300   0.0000179688   0.0000649605
        0.0000299296  -0.0000156127  -0.0000129587  -0.0000617181   0.0001829225
       -0.0000188938   0.0121211608  -0.0448584975   0.0469760200  -0.0874784031
       -0.1419478816   0.1044784111   0.0000081719  -0.0000259587  -0.0000038288
        0.0000106780  -0.0000041905  -0.0000073313  -0.0000092061  -0.0000573069
       -0.0000343159  -0.0000305769   0.0000029558  -0.0000217547  -0.0000025709
       -0.0000009960   0.0000320371   0.0000094078   0.0000030112  -0.0000019709
        0.0015800032   0.0022376750  -0.0015198945  -0.0000143661   0.0000257154
        0.0000192024   0.0001545631  -0.0000733747  -0.0001571961  -0.0002018953
       -0.0014110102  -0.0009920626  -0.0251347215  -0.0096911877  -0.0142658128
       -0.0025628664   0.0002719318  -0.0041084350   0.0129901568   0.0065897729
        0.0046868136  -0.1349515466  -0.0550399997  -0.1175060531   0.0000240633
        0.0002031141   0.0002590318   0.0004642700  -0.0000204058   0.0004005874
        0.1653248683  -0.0964172285   0.5262196839   0.0000087242  -0.0000037489
       -0.0000799391   0.0000161861  -0.0000034732   0.0000233177  -0.0000870484
        0.0000184397   0.0000422937   0.0001982301   0.0002443726   0.0001214197
       -0.0000764627   0.0000041961   0.0000528565   0.0000057092  -0.0000040860
        0.0001352771   0.0000193048   0.0000862295   0.0002375937  -0.0004311296
        0.0006086152  -0.0000521078  -0.0000362015   0.0000581666  -0.0001186719
       -0.0010537978  -0.0004346914   0.0006173902  -0.0008640912  -0.0009974148
       -0.0002405475   0.0009100161   0.0013920278  -0.0000685394   0.0006813573
        0.0010342133   0.0000721394  -0.0000123443  -0.0000518480  -0.0000353460
       -0.0000672724  -0.0000088455   0.0000226335   0.0000064863  -0.0000538536
        0.0000094578  -0.0904259474   0.0479828849  -0.2584433406   0.0734268051
        0.1034223013  -0.1354679216   0.0000191173   0.0000112726   0.0000113362
       -0.0000220760  -0.0000054513   0.0000269412   0.0000290170   0.0000191683
        0.0000611519   0.0000528360  -0.0000552965  -0.0000049472   0.0000502046
        0.0000568397   0.0000165099  -0.0000201513   0.0000049791   0.0000251777
       -0.0259613471   0.0068885880  -0.0054995131  -0.1594269326  -0.0189642959
       -0.0514663312  -0.0150927533  -0.0108694567  -0.0027715907  -0.0002505231
       -0.0002161192   0.0001730152  -0.0003656637  -0.0002558123   0.0001384231
        0.0001514271  -0.0001549521   0.0000934475  -0.0016567880   0.0020436275
        0.0003174725  -0.0005285671  -0.0001728627  -0.0001840530   0.0007847199
       -0.0004895409  -0.0005598922   0.0000910444  -0.0004791024   0.0000273938
        0.0000159140  -0.0000337424   0.0000087242   0.6425004000   0.1281164873
       -0.1297186824  -0.3349022885  -0.1008495771   0.2093931419  -0.0038658532
        0.0004410241  -0.0049642712  -0.0008042769   0.0001821372  -0.0003899054
       -0.0705680066   0.0022058710  -0.0246351993   0.0006745695   0.0011179990
       -0.0000699445  -0.0003641744  -0.0006843551   0.0001258942   0.0003135608
       -0.0000690814   0.0001830069   0.0001417502  -0.0000060384   0.0000452324
        0.0001901562   0.0000604216  -0.0000982095   0.0002661899   0.0000935531
        0.0005619848  -0.0005775652  -0.0001056990  -0.0003567213   0.0001575455
        0.0001636058   0.0001292544  -0.0001207109   0.0001794018   0.0001690350
        0.0006719909  -0.0001189217  -0.0001780944  -0.0000910483  -0.0004986639
        0.0000330887   0.0000624898   0.0000250514   0.0000945174   0.0000462634
        0.0000604581  -0.0000291311  -0.0283412708  -0.0077474538   0.0152833768
        0.0021082417   0.0004386479  -0.0015027264   0.0001397919  -0.0004644736
        0.0000855705   0.0020304959  -0.0026825134   0.0142840320   0.0027577988
       -0.0010323207   0.0113230231  -0.0101865802   0.0038781091  -0.0300453687
        0.0141013919   0.0037788846   0.0083356207  -0.0146151441  -0.0611207102
       -0.0071972638  -0.0224965439  -0.0079380084  -0.0098034778  -0.0006123027
       -0.0004476618   0.0000082898  -0.0000859640  -0.0000640280  -0.0000070447
       -0.0004604221   0.0001854694   0.0006211611   0.0032088745  -0.0025959043
       -0.0006265866  -0.0000788405  -0.0002131465   0.0001263524   0.0001180904
       -0.0002198534  -0.0000969213   0.0015333967  -0.0003849865   0.0004660492
       -0.0000026885   0.0000914956  -0.0000037489   0.1281164873   0.2135591091
       -0.1091040037  -0.1013318229  -0.0692931121   0.0823657807  -0.0003952810
        0.0018296905   0.0001900061  -0.0004313673  -0.0000483539   0.0003090655
        0.0031491587  -0.0648560852   0.0203955719  -0.0010828184  -0.0001535438
       -0.0004278022  -0.0024946969  -0.0046719878   0.0001868704   0.0001599042
        0.0000118341   0.0001432107  -0.0001167163  -0.0001589463   0.0003677015
        0.0000331149  -0.0000679071  -0.0000151437   0.0000035847   0.0001597351
       -0.0001198290   0.0010385073  -0.0000698878   0.0004744899  -0.0001267277
       -0.0001090963  -0.0001182342   0.0000435189   0.0000174168  -0.0000281283
        0.0005583260  -0.0006565327   0.0005604007  -0.0000871114   0.0000381581
       -0.0000868619   0.0000101691  -0.0000168737   0.0000118245   0.0000349294
        0.0000367175  -0.0000208773  -0.0043845204  -0.0027546294   0.0020605574
       -0.0028453075  -0.0031093936   0.0039875210   0.0002083072  -0.0003971725
       -0.0002048187   0.0030127357  -0.0045511800   0.0263622575  -0.0042925569
        0.0038616636  -0.0219370506   0.0006103357   0.0003288270   0.0028250619
        0.0039143208   0.0032449079   0.0038990324  -0.0415116918  -0.0060486383
       -0.0869346657   0.0038656571  -0.0017500506   0.0034346689   0.0001670543
        0.0002816267  -0.0000525794  -0.0000977278   0.0000492063  -0.0002339059
        0.0002501553  -0.0003269053   0.0015271887   0.0007610128  -0.0010066499
        0.0000085448  -0.0002135459  -0.0001164702   0.0000882071  -0.0002186982
        0.0002147379  -0.0007279111  -0.0000207800   0.0003044151   0.0010029759
       -0.0000212965   0.0000066019  -0.0000799391  -0.1297186824  -0.1091040037
        0.6259939369   0.2112278152   0.0832557017  -0.2476238346  -0.0276788166
       -0.0035931852  -0.0222189436  -0.0003009851   0.0002623420  -0.0006696934
       -0.0306761739   0.0237402324  -0.2061958501  -0.0001131493  -0.0000075857
        0.0008894853  -0.0000108734   0.0008800002   0.0006572968   0.0001826106
        0.0002707893  -0.0004656016   0.0001048537   0.0000668307  -0.0003432760
        0.0001155541  -0.0000081715  -0.0000407368   0.0005709563  -0.0002808177
       -0.0009717771   0.0003735596  -0.0000340685   0.0003920495  -0.0001016242
       -0.0000052594   0.0000246813   0.0001127545  -0.0001638432   0.0002311576
       -0.0002996857   0.0007239160  -0.0007956074   0.0001187285  -0.0001795468
       -0.0001994068  -0.0000214058  -0.0000106997  -0.0000070069   0.0000417459
        0.0000235009  -0.0000133387  -0.0076365888  -0.0022126984   0.0050916423
        0.0206445780   0.0081281195  -0.0253094460   0.0001118601   0.0001967526
        0.0001810332   0.0024086265   0.0055578707  -0.0155041048   0.0005680443
       -0.0021337184  -0.0254982664  -0.0068981621  -0.0002252392  -0.0095360094
       -0.0009214082  -0.0016833781  -0.0007286639  -0.0386476306  -0.0106693603
        0.0115082134  -0.0021367386   0.0008841595  -0.0018447523  -0.0001505651
       -0.0004262501   0.0002482067   0.0001066545  -0.0000161180  -0.0000185659
       -0.0000879789   0.0001810440   0.0000153237  -0.0005054015   0.0006758520
       -0.0000096272   0.0001626955   0.0000431317  -0.0000232819  -0.0001288385
        0.0000379597   0.0001483646  -0.0003656526  -0.0000352128  -0.0000566925
       -0.0000237065  -0.0000081768   0.0000161861  -0.3349022885  -0.1013318229
        0.2112278152   0.6911291472   0.1467912138  -0.0999792076  -0.0009714285
       -0.0003926924   0.0025680398   0.0001775678   0.0001041068   0.0001025685
        0.0004194139   0.0001130085   0.0052468621   0.0000933720   0.0000781108
        0.0000404015  -0.0003377198  -0.0009198863   0.0000691532  -0.0001566965
        0.0000107550  -0.0000713310  -0.0000892720   0.0000386587   0.0001426029
        0.0000062647  -0.0000202307  -0.0000324340  -0.0001920643  -0.0000037585
       -0.0000313512  -0.0002287184  -0.0000570572  -0.0001010020   0.0000492334
       -0.0000288609   0.0001157051   0.0000291561  -0.0000382727  -0.0000186401
       -0.0003215001   0.0002763385  -0.0001395171   0.0000537157  -0.0000655291
       -0.0000089145   0.0000014631  -0.0000027246   0.0000054097  -0.0000047366
       -0.0000064141  -0.0000023028  -0.2654930382  -0.0358366875  -0.0864138942
       -0.0491351938   0.0018520059  -0.0364882423  -0.0000507597   0.0001016619
        0.0001562050   0.0006879315   0.0005545990  -0.0017419944   0.0006966801
       -0.0004937325  -0.0017875476   0.0012380413   0.0002935594  -0.0021130950
        0.0008034773  -0.0017033108  -0.0001144381  -0.0093096652   0.0002684501
        0.0017916455  -0.0007834678  -0.0003923913  -0.0002798484  -0.0000234546
       -0.0000711142   0.0000419667   0.0000361621  -0.0000039724  -0.0000246504
       -0.0001189081   0.0001678426   0.0002239870  -0.0000280031   0.0001964234
       -0.0000591775  -0.0000116569  -0.0000610574   0.0000358551  -0.0000305528
        0.0001046354  -0.0000155686   0.0000608886  -0.0000923436   0.0001686126
        0.0000117263   0.0000466494  -0.0000034732  -0.1008495771  -0.0692931121
        0.0832557017   0.1467912138   0.1442291982  -0.1194687072   0.0005551759
       -0.0002593416   0.0004559167   0.0010178735  -0.0004196836  -0.0003518642
       -0.0036706938   0.0003320985   0.0073773177  -0.0000408688   0.0001741307
       -0.0000809517  -0.0000373910  -0.0000859587  -0.0000101034  -0.0000054893
       -0.0000149607  -0.0000116311  -0.0000063869   0.0000364236   0.0000244587
        0.0000204096   0.0000335967  -0.0000138862  -0.0000655582  -0.0000549217
       -0.0000096185  -0.0000547988   0.0000342767  -0.0000012744   0.0000200882
       -0.0000302238   0.0000187789  -0.0000674156   0.0000018608   0.0000864187
       -0.0000799100   0.0001505814  -0.0004358267   0.0002133564   0.0000024470
       -0.0001109387   0.0000061862  -0.0000057319  -0.0000019872   0.0000221675
        0.0000138718  -0.0000051859  -0.0360854805  -0.0370404564  -0.0104658621
        0.0023660384  -0.0361906486   0.0378013545  -0.0001567000   0.0003276798
        0.0002184541   0.0000173211  -0.0002285731   0.0012887206  -0.0001446331
       -0.0001209505  -0.0006168498  -0.0003714732  -0.0000514136  -0.0007073455
       -0.0022020142   0.0005118143   0.0001058690  -0.0009719921  -0.0015349674
        0.0043388043  -0.0023057422  -0.0009970405  -0.0001357043   0.0000180187
       -0.0000641127  -0.0002327796   0.0000434966   0.0000506401   0.0000056736
        0.0001225418  -0.0000280649  -0.0005122423  -0.0002111104   0.0002315567
        0.0000477101   0.0001106211   0.0000766300  -0.0000706997  -0.0000648098
        0.0000716233   0.0002323713  -0.0002690789  -0.0001930676   0.0002454747
       -0.0000019931   0.0000058913   0.0000233177   0.2093931419   0.0823657807
       -0.2476238346  -0.0999792076  -0.1194687072   0.6511287445  -0.0034378570
       -0.0007514582   0.0015558477  -0.0001015182  -0.0002098991  -0.0002620809
        0.0212560264   0.0106295673  -0.0349041432   0.0000816895   0.0001893148
       -0.0000571155  -0.0002061034  -0.0002780542  -0.0000527962  -0.0000203766
       -0.0000667063   0.0000641012  -0.0000633926  -0.0000808973   0.0001202388
       -0.0000581914   0.0000039725   0.0000358266  -0.0000642603   0.0000580844
       -0.0000048405  -0.0001426690   0.0000285845  -0.0000420942   0.0000002475
       -0.0000501238   0.0000714199  -0.0000032746   0.0000241064  -0.0000661690
       -0.0000079578   0.0001474047   0.0001561331   0.0000022603   0.0000138398
       -0.0000323961  -0.0000007748   0.0000019691   0.0000060598  -0.0000186390
       -0.0000139474   0.0000027451  -0.0846590930  -0.0097384644  -0.0766122600
       -0.0379804799   0.0371311990  -0.2908144041   0.0001356196  -0.0001154198
       -0.0000196166  -0.0008199447   0.0007281606  -0.0046081000   0.0000645849
        0.0009854999  -0.0023873351   0.0023622323   0.0003352916   0.0002982746
       -0.0069224386   0.0041488829   0.0202131136  -0.0426831543  -0.0006792054
        0.0267180078  -0.0023367040  -0.0047592930   0.0107830412  -0.0003028448
       -0.0021587456   0.0008469742   0.0001923356   0.0000546962  -0.0001295319
       -0.0014136229   0.0024612891   0.0000966010   0.0002373437   0.0006150229
        0.0020214045  -0.0002690231  -0.0002336733   0.0002320726  -0.0011526645
        0.0005993232   0.0012682602   0.0002822531  -0.0004258038  -0.0000733209
        0.0000014045   0.0000134767  -0.0000870484  -0.0038658532  -0.0003952810
       -0.0276788166  -0.0009714285   0.0005551759  -0.0034378570   0.0670390297
        0.0033425788  -0.0296475018  -0.0001460852  -0.0001256259  -0.0001469175
       -0.0040885345  -0.0010179068  -0.0016012180  -0.0002278348  -0.0000708739
        0.0000797565  -0.0001337728  -0.0009715973   0.0013522678  -0.0001527492
        0.0000065146   0.0001055206  -0.0003168372  -0.0001440506   0.0003365104
        0.0000399291  -0.0000165739  -0.0000819556  -0.0000755363   0.0000027095
       -0.0001148266   0.0000662948  -0.0001053353  -0.0000931171  -0.0013804289
        0.0002480241  -0.0008691191   0.0000216023  -0.0000593616  -0.0000157474
        0.0003753997  -0.0002611956  -0.0000706270  -0.0001231546  -0.0000731137
        0.0000463645  -0.0000490683   0.0000129646  -0.0000384201   0.0000851085
        0.0000430023  -0.0000306001   0.0003560921   0.0000038222   0.0001177977
       -0.0015826306  -0.0006391405   0.0008211683   0.0000031562  -0.0000361633
       -0.0000617063  -0.0000677272  -0.0001612769   0.0003717627  -0.0000638137
        0.0000819273  -0.0000429089  -0.0003740422   0.0001448071  -0.0011893834
        0.0077510288  -0.0031809955  -0.0219811531  -0.0014499474  -0.0407381654
        0.0082532674  -0.0084551724  -0.0076836229   0.0260985447  -0.0009880866
       -0.0040961471   0.0010835891   0.0000958970   0.0000290641  -0.0001774136
        0.0017571006  -0.0021393839   0.0000299759  -0.0006097575   0.0004114392
       -0.0004619123  -0.0000127892   0.0000236873   0.0000692194   0.0011987249
       -0.0007335934  -0.0014302033   0.0007228454   0.0006555826  -0.0013960556
       -0.0000373918  -0.0000360868   0.0000184397   0.0004410241   0.0018296905
       -0.0035931852  -0.0003926924  -0.0002593416  -0.0007514582   0.0033425788
        0.0561706753  -0.0095391303   0.0000612577   0.0001607909   0.0004374759
       -0.0007528620   0.0010018578   0.0000970870   0.0001066588  -0.0005543279
        0.0000754485  -0.0008966817   0.0000790561   0.0016903040  -0.0000950307
       -0.0000618611   0.0001051405  -0.0007317678  -0.0002740082   0.0007805777
        0.0000539886  -0.0000737387  -0.0000481041  -0.0000362433  -0.0001202754
        0.0000986252  -0.0001426026  -0.0000994564  -0.0001428790   0.0002479085
        0.0004482935   0.0002310189   0.0000533872   0.0000730820  -0.0000147629
       -0.0003959119  -0.0009130931   0.0001685901  -0.0001179318   0.0001185709
        0.0000974556   0.0000017226  -0.0000019194  -0.0000185523   0.0000073879
       -0.0000033776  -0.0000014433   0.0000399401  -0.0000162371   0.0000783266
       -0.0006788027   0.0000877525   0.0002295397  -0.0000156951  -0.0001081124
       -0.0000097036  -0.0000576680  -0.0000506897  -0.0000345094   0.0000477373
       -0.0000256206   0.0001939617  -0.0000621535   0.0000805116  -0.0002361217
        0.0058892315  -0.0034455729  -0.0139969635   0.0267310473   0.0090256789
       -0.2557225798   0.0028144705   0.0029056409  -0.0100046840   0.0002286965
        0.0022099520   0.0005245436  -0.0001444693  -0.0000793401   0.0000606308
        0.0006404031  -0.0017456740   0.0003336019  -0.0017282401   0.0008090918
        0.0013301553   0.0001019856   0.0000739224  -0.0002022563   0.0011472886
       -0.0007146274  -0.0008974943   0.0000831845   0.0005887345   0.0001099301
       -0.0001213332  -0.0000585838   0.0000422937  -0.0049642712   0.0001900061
       -0.0222189436   0.0025680398   0.0004559167   0.0015558477  -0.0296475018
       -0.0095391303   0.2966502289  -0.0002198498  -0.0000657919   0.0002264364
       -0.0031921015  -0.0005121819  -0.0004360574   0.0000583510   0.0004642482
       -0.0003113750  -0.0002148352  -0.0007918355   0.0014986881  -0.0000007364
       -0.0000595188   0.0001875631   0.0004466342   0.0001524472  -0.0004782207
       -0.0000867152   0.0000294295   0.0001206948  -0.0000178381   0.0000754778
        0.0001847420  -0.0001502539   0.0001280566   0.0000268724   0.0001448265
        0.0001620819   0.0005422324  -0.0000487881   0.0001874282  -0.0000096580
       -0.0003765188  -0.0005536503   0.0003654584  -0.0001472340   0.0000642141
        0.0001626140   0.0000279155   0.0000072166   0.0000655932  -0.0000109202
       -0.0000270945  -0.0000207023   0.0005041876   0.0003331580   0.0002744380
       -0.0000498801  -0.0003613601   0.0009402664   0.0000763326   0.0000117332
       -0.0000851432   0.0000193547  -0.0001903434   0.0002104536   0.0000332334
        0.0001642577   0.0000013466  -0.0003936964   0.0001060127  -0.0010305529
       -0.0118141113  -0.0113161619  -0.0134415181  -0.0003725392   0.0001662540
        0.0000811861   0.0002069131  -0.0001734708   0.0001635935  -0.0000164119
        0.0000596809  -0.0000610240   0.0002477709   0.0000227159  -0.0002733421
       -0.0002585730   0.0013594708  -0.0012903072  -0.0013145421  -0.0042264649
        0.0008162448  -0.0005449920  -0.0001497685  -0.0006250664  -0.0016737283
       -0.0017061621   0.0008369037  -0.0897994738  -0.0212671334  -0.0732674533
       -0.0000778023  -0.0002190495   0.0001982301  -0.0008042769  -0.0004313673
       -0.0003009851   0.0001775678   0.0010178735  -0.0001015182  -0.0001460852
        0.0000612577  -0.0002198498   0.2619307724   0.2353812461   0.0442137958
        0.0002148459   0.0009142600  -0.0001582386   0.0001073020  -0.0001582198
       -0.0000111533   0.0000449072   0.0001611873   0.0000042000   0.0000173879
       -0.0000410799   0.0001436519   0.0000231727   0.0000236879  -0.0000114057
        0.0000794080   0.0001536553   0.0000408322  -0.0003452777  -0.0002839482
        0.0007380591   0.0007889963   0.0000831045   0.0002413593  -0.0001288122
        0.0000271281  -0.0002869893   0.0007243652   0.0006387970  -0.0002075854
        0.0088085610   0.0002981007   0.0047544019  -0.0209585912  -0.0044907080
       -0.0326566705   0.0000538021   0.0000445088   0.0000281074  -0.0001212660
       -0.0000790203   0.0000622735   0.0002230067  -0.0000451843   0.0000447543
       -0.0000277641  -0.0001247066   0.0000387391  -0.1448881586  -0.1959152832
        0.0695766299  -0.0000151122   0.0002340979  -0.0000465357  -0.0004623386
        0.0000718588   0.0009155380   0.0001210772  -0.0000911566   0.0000611421
       -0.0199458637  -0.0116845751  -0.0232551325  -0.0000870136   0.0003482994
        0.0002590735   0.0000137853   0.0000526318   0.0002849053  -0.0000229132
        0.0000882236   0.0000077117   0.0003259874   0.0003817895  -0.0006094233
        0.0010230519   0.0000738637  -0.0011461483  -0.0018517806  -0.0049961180
        0.0009573832  -0.0009511569  -0.0001902463  -0.0006505891  -0.0009637553
        0.0006195035  -0.0000969617  -0.0263751162  -0.0664494229  -0.0288590352
       -0.0002020581  -0.0001503849   0.0002443726   0.0001821372  -0.0000483539
        0.0002623420   0.0001041068  -0.0004196836  -0.0002098991  -0.0001256259
        0.0001607909  -0.0000657919   0.2353812461   0.3427289580  -0.0605965459
        0.0003233493  -0.0007727717   0.0006847286   0.0000466447   0.0000597991
        0.0000195330  -0.0000286464   0.0000826558  -0.0000729878   0.0000667788
        0.0000619267  -0.0000076087  -0.0000797503   0.0000044869  -0.0000031105
        0.0000681733   0.0001557562   0.0000837491  -0.0003214068  -0.0006207187
        0.0001268218   0.0000843677   0.0001985601   0.0000602048  -0.0001797213
        0.0000372981  -0.0002370957  -0.0004936389  -0.0000908711   0.0010303997
       -0.0020422673  -0.0002228179  -0.0087694175   0.0052285745   0.0089224139
        0.0122040710   0.0000260258   0.0000188886   0.0000131518  -0.0000758579
       -0.0001206743   0.0000106295  -0.0001521333   0.0000178527   0.0000634951
       -0.0000889414   0.0000050641  -0.0000442624  -0.1893329275  -0.2673450313
        0.1089054524   0.0000352397  -0.0003209492  -0.0000996792   0.0004366686
       -0.0005519407  -0.0003332161  -0.0000255627  -0.0000342032  -0.0001611200
       -0.0033836565  -0.0056261842   0.0019386936   0.0000510534   0.0000824156
        0.0000849924  -0.0000587262  -0.0000834446   0.0001907141   0.0000327777
        0.0000481853   0.0000164293  -0.0000554808   0.0000345187   0.0002723733
        0.0018255338  -0.0002694600  -0.0013602516   0.0007973538  -0.0006548719
        0.0010850454   0.0000067288   0.0001305559  -0.0003002173   0.0011661328
        0.0015155016   0.0011096560  -0.0527461215  -0.0103353878  -0.1750245225
       -0.0000089245  -0.0000547497   0.0001214197  -0.0003899054   0.0003090655
       -0.0006696934   0.0001025685  -0.0003518642  -0.0002620809  -0.0001469175
        0.0004374759   0.0002264364   0.0442137958  -0.0605965459   0.3036508936
       -0.0001827444   0.0008354637   0.0004031675   0.0000490564  -0.0000130264
       -0.0000158271   0.0000621734   0.0000932620   0.0000291307   0.0000472436
       -0.0000726860   0.0000932182  -0.0000267825   0.0000559631   0.0000122087
       -0.0001315448  -0.0000671488   0.0000998197   0.0003215625  -0.0000691685
        0.0005926445   0.0007160068   0.0003057859  -0.0001173337   0.0001311823
        0.0003946068   0.0001334358  -0.0019495752   0.0000767743  -0.0001990255
       -0.0180047295  -0.0123192731  -0.0424999453  -0.0216990277   0.0006789242
       -0.0203223965   0.0000901159   0.0000275962   0.0000444181  -0.0000643244
       -0.0000771324   0.0000514643   0.0001080695   0.0001426164   0.0001176539
       -0.0001438069  -0.0000254265   0.0001552485   0.0493294016   0.0854090378
       -0.0696504113   0.0000515113  -0.0000652617  -0.0001562901  -0.0000762736
        0.0001886076   0.0002592731  -0.0000337265  -0.0000847249  -0.0001103415
        0.0004420217  -0.0003259761   0.0003727260  -0.0044041975   0.0020592998
       -0.0231354799   0.0006131954   0.0003571065   0.0006056268   0.0003291902
       -0.0001427815   0.0005995160  -0.0000827365   0.0001344726  -0.0003372420
        0.0009087223  -0.0007161470   0.0009251690  -0.0001952542   0.0000726734
        0.0000134449  -0.0000146493  -0.0000801554   0.0000888450  -0.0010226661
        0.0010001253   0.0000830548  -0.0001315106  -0.0001650368   0.0001968845
       -0.0000100127   0.0000429705  -0.0000764627  -0.0705680066   0.0031491587
       -0.0306761739   0.0004194139  -0.0036706938   0.0212560264  -0.0040885345
       -0.0007528620  -0.0031921015   0.0002148459   0.0003233493  -0.0001827444
        0.5196796455   0.0107613109  -0.0128803309  -0.0001224880  -0.0001069257
       -0.0001992570   0.0000295717  -0.0000654684   0.0000459934  -0.0011556417
       -0.0001882272  -0.0005556786  -0.0002138369  -0.0000179165  -0.0002644096
       -0.0000927308  -0.0000382643  -0.0000499478  -0.0025431083   0.0004629738
       -0.0009514603  -0.0000886960   0.0000357175  -0.0000030771  -0.0000300378
       -0.0000034885  -0.0000281769   0.0000585208  -0.0001488389  -0.0000027743
       -0.0000795563   0.0000812326  -0.0000653095   0.0000438989   0.0000248567
       -0.0000727361  -0.0000648834  -0.0000170426  -0.0000527693  -0.0000268821
       -0.0000246475   0.0000045451   0.0010376838   0.0003835866   0.0021984897
       -0.0017002416  -0.0029134920   0.0033299132  -0.0001296831   0.0000945647
       -0.0000317870  -0.0932440774  -0.0916797962   0.0352781831  -0.0678006702
        0.0634978588   0.0414053986  -0.2759666089   0.0185765024  -0.0336458976
       -0.0001010587   0.0000210717  -0.0003497176  -0.0002569266   0.0002391250
       -0.0017357579   0.0004008296  -0.0000863098   0.0000835852   0.0007347758
       -0.0000220314   0.0002519223  -0.0000573579  -0.0001711659  -0.0000166633
       -0.0005983986  -0.0001875646  -0.0004582305  -0.0001002296   0.0001059860
        0.0000533518   0.0000105496   0.0000397156   0.0000978602   0.0001431418
        0.0001285547   0.0000041904  -0.0003975663  -0.0002490902  -0.0005778456
        0.0000106188   0.0000102682   0.0000041961   0.0022058710  -0.0648560852
        0.0237402324   0.0001130085   0.0003320985   0.0106295673  -0.0010179068
        0.0010018578  -0.0005121819   0.0009142600  -0.0007727717   0.0008354637
        0.0107613109   0.5009409658  -0.0061060834  -0.0003875395   0.0001504016
       -0.0003679008  -0.0000797288   0.0001195825  -0.0000571261  -0.0010417635
       -0.0002427035  -0.0000912736  -0.0000063619   0.0001019559   0.0000404765
       -0.0000299372   0.0000869717   0.0000112755   0.0014192274   0.0002662592
        0.0003369335  -0.0000353852   0.0000221007  -0.0000036073   0.0000405383
        0.0000077632   0.0000229183  -0.0001274950  -0.0000239039   0.0000277987
        0.0000567324  -0.0000193142   0.0000879522   0.0000783137   0.0000566179
        0.0001130071   0.0000037721  -0.0000008291  -0.0000061387   0.0000025113
        0.0000040895   0.0000011516   0.0015114555  -0.0039141626  -0.0005016531
       -0.0031887695   0.0111220315   0.0033094932  -0.0000240921   0.0002072996
       -0.0001089466  -0.0919416239  -0.2085481966   0.0675435079   0.0628607383
       -0.1898182439  -0.0996967570   0.0181244862  -0.0460523440   0.0033949995
        0.0005301766  -0.0001991221   0.0000544648  -0.0058650282   0.0006409605
       -0.0114464459   0.0007529349   0.0004749594   0.0001391278  -0.0003134985
       -0.0000557329  -0.0005063831  -0.0000268990  -0.0000587501   0.0000414903
       -0.0008576827   0.0001076321  -0.0005248485  -0.0002318596   0.0000583116
        0.0000180262  -0.0000429989   0.0000678712  -0.0002033767   0.0001029532
       -0.0000834483   0.0001608621   0.0000707925  -0.0000248358  -0.0003317682
       -0.0000022043  -0.0000020682   0.0000528565  -0.0246351993   0.0203955719
       -0.2061958501   0.0052468621   0.0073773177  -0.0349041432  -0.0016012180
        0.0000970870  -0.0004360574  -0.0001582386   0.0006847286   0.0004031675
       -0.0128803309  -0.0061060834   0.4648017249  -0.0001733809   0.0000827356
        0.0001643555  -0.0000811850   0.0000583029   0.0001173602   0.0004908577
       -0.0000332816   0.0000949431  -0.0000884987  -0.0000006364   0.0000378536
       -0.0000721931   0.0000182576   0.0000446654   0.0008358575   0.0000779142
        0.0003919445  -0.0000357301  -0.0000180024   0.0000115773   0.0000331956
        0.0000536919   0.0001330688  -0.0000475403   0.0000790073  -0.0001287083
       -0.0000105027  -0.0000936128   0.0000457704  -0.0001054467   0.0000626156
       -0.0000224305   0.0000327098   0.0000131352   0.0000398478  -0.0000181992
       -0.0000060782   0.0000031191  -0.0013944277  -0.0015505450   0.0004475811
        0.0016437590   0.0031790690  -0.0010405493  -0.0000359784   0.0000163516
       -0.0002206638   0.0342632894   0.0664821423  -0.0646497958   0.0387854613
       -0.0959609835  -0.0997989760  -0.0341106089   0.0041655175  -0.0467938104
       -0.0002719015  -0.0012923543   0.0001263559   0.0065455820  -0.0059369110
        0.0004669446  -0.1759381161   0.1132450849  -0.0186808138  -0.0161017859
        0.0121680015   0.0017570953  -0.0023253375  -0.0006756049   0.0031311144
       -0.0000935820  -0.0002066484  -0.0000248413  -0.0000485508   0.0001004945
        0.0000173711   0.0000461108  -0.0001130458   0.0002252036   0.0000378822
       -0.0000441904   0.0000498955   0.0001210614  -0.0003837734  -0.0000568347
        0.0000811908   0.0000641841   0.0000057092   0.0006745695  -0.0010828184
       -0.0001131493   0.0000933720  -0.0000408688   0.0000816895  -0.0002278348
        0.0001066588   0.0000583510   0.0001073020   0.0000466447   0.0000490564
       -0.0001224880  -0.0003875395  -0.0001733809   0.2053705927  -0.1288322417
        0.0194366103  -0.0180019311   0.0126567860  -0.0062975798   0.0009760020
        0.0000775919  -0.0004992402  -0.0004166444  -0.0001965745   0.0000062917
       -0.0006725835   0.0008684695   0.0002142732  -0.0000242832   0.0000480916
        0.0000566973   0.0000419322  -0.0000642969   0.0000573904  -0.0000437790
       -0.0001065429   0.0001543190   0.0000526321  -0.0000049651  -0.0000276751
        0.0000420244   0.0000103292  -0.0000211017   0.0000053686  -0.0001498103
        0.0000010890   0.0000012207   0.0000184051   0.0000246010   0.0000156447
        0.0000174974   0.0000100944  -0.0000088014   0.0001366416  -0.0000084483
        0.0000293395   0.0000103367  -0.0000436650  -0.0000259064  -0.0000042099
        0.0000032400   0.0001994631  -0.0000242411  -0.0000560164  -0.0000390782
       -0.0000009645   0.0000598864  -0.0000786868  -0.0000276155   0.0000094674
       -0.0022173727  -0.0045771106   0.0016550410   0.0180666141  -0.0236903747
        0.0031982328   0.1130706656  -0.1361328507   0.0139069496   0.0015773311
        0.0001410138  -0.0004584799   0.0004492155   0.0006924367  -0.0005410063
       -0.0001118355   0.0002145011   0.0003525941  -0.0000989129   0.0000958642
       -0.0000676478   0.0000061699  -0.0000534439  -0.0001011066  -0.0000997257
        0.0000091752  -0.0000726857   0.0010560816  -0.0011129035  -0.0002929095
       -0.0000335459   0.0000095040  -0.0000040860   0.0011179990  -0.0001535438
       -0.0000075857   0.0000781108   0.0001741307   0.0001893148  -0.0000708739
       -0.0005543279   0.0004642482  -0.0001582198   0.0000597991  -0.0000130264
       -0.0001069257   0.0001504016   0.0000827356  -0.1288322417   0.1601688181
       -0.0170850382  -0.0037620871   0.0048585389  -0.0003449160  -0.0001529366
        0.0001994636  -0.0000148384   0.0000866887  -0.0000139751  -0.0000413070
        0.0000831961  -0.0001822695   0.0000141273   0.0000245343  -0.0000749080
       -0.0001186495  -0.0000721030   0.0000651487   0.0000075333  -0.0000148711
       -0.0000317180   0.0000097301   0.0000236836   0.0000596801   0.0000696793
        0.0000618103   0.0000128266  -0.0000255597  -0.0001265997  -0.0004072740
        0.0000878554  -0.0000113986  -0.0000147205   0.0000137811  -0.0000082050
        0.0000129928  -0.0000163700   0.0000903384  -0.0001002182  -0.0000681203
        0.0000703074   0.0000219085   0.0000269011   0.0000437276  -0.0000553911
        0.0000027574  -0.0000609775   0.0000624656  -0.0008494829   0.0000593428
        0.0001149176   0.0001015024  -0.0000269844   0.0000314423  -0.0000601678
        0.0003840439   0.0001536325  -0.0002248077  -0.0027791992   0.0038272347
        0.0005373067  -0.0193038639   0.0143113531  -0.0444483547   0.0207341387
       -0.0152697690  -0.0008437185   0.0035611134   0.0000413780  -0.0034191112
        0.0001047041   0.0001668277   0.0000633437  -0.0000935063   0.0001374351
        0.0000855217  -0.0001861317   0.0002078202  -0.0004126114  -0.0000136171
        0.0000979966   0.0000305001  -0.0001007663   0.0001573158   0.0000617982
        0.0000352740   0.0000989258   0.0001352771  -0.0000699445  -0.0004278022
        0.0008894853   0.0000404015  -0.0000809517  -0.0000571155   0.0000797565
        0.0000754485  -0.0003113750  -0.0000111533   0.0000195330  -0.0000158271
       -0.0001992570  -0.0003679008   0.0001643555   0.0194366103  -0.0170850382
        0.0533763087  -0.0228753947   0.0158272153  -0.0050979296   0.0003895747
       -0.0007756366   0.0007782333  -0.0000021597   0.0000488862   0.0000159414
        0.0009132613  -0.0009997981  -0.0002968810   0.0000190804   0.0000000297
       -0.0000478514   0.0000554620   0.0000170761   0.0000370211  -0.0000033045
       -0.0001211441   0.0001224152  -0.0000376545  -0.0000299236  -0.0000098452
       -0.0000206081   0.0000058722   0.0000029517   0.0000394143   0.0000461927
       -0.0000164616   0.0000189817  -0.0000104294   0.0000395531  -0.0000239851
       -0.0000067608  -0.0000245928  -0.0000255105   0.0000052071  -0.0000039849
        0.0000106154   0.0000371902  -0.0001544111   0.0000054905   0.0000023545
        0.0000100527  -0.0001892203  -0.0003550872  -0.0008413884   0.0000449897
        0.0001179544  -0.0000857417   0.0000623644   0.0001273619  -0.0000380569
       -0.0001579590  -0.0001788068  -0.0001257415  -0.0079685313  -0.0077990835
       -0.0071036319  -0.1118609511  -0.0319248534  -0.1022040023   0.0074974052
        0.0033141855   0.0150125418   0.0004160400  -0.0002398477  -0.0000283042
       -0.0000896883   0.0001441793  -0.0001539801  -0.0001734151   0.0006457755
       -0.0000178742  -0.0002431831   0.0008159582   0.0003467510  -0.0000001405
       -0.0001219400   0.0000244408   0.0000006202  -0.0000010289  -0.0000407095
       -0.0005348129  -0.0000493813   0.0000193048  -0.0003641744  -0.0024946969
       -0.0000108734  -0.0003377198  -0.0000373910  -0.0002061034  -0.0001337728
       -0.0008966817  -0.0002148352   0.0000449072  -0.0000286464   0.0000621734
        0.0000295717  -0.0000797288  -0.0000811850  -0.0180019311  -0.0037620871
       -0.0228753947   0.1320989535   0.0419907934   0.1128547612  -0.0009777898
        0.0000969564   0.0032838351   0.0010272609   0.0003627613   0.0008291323
       -0.0000807098  -0.0000704561  -0.0000786562  -0.0000716429  -0.0000373487
        0.0000633147  -0.0000642965   0.0000719478   0.0000728999   0.0001865281
        0.0001727981  -0.0000380340   0.0000118129   0.0000350629   0.0000023082
       -0.0000451314   0.0000025861   0.0000011357  -0.0000014879   0.0000067097
        0.0000070553  -0.0000556019   0.0000329155  -0.0000703554  -0.0000030535
       -0.0001039910   0.0000093852  -0.0000936295   0.0002452655   0.0001588585
        0.0000046428  -0.0001218485   0.0000461362  -0.0000124724   0.0000316174
        0.0000042858  -0.0000609579  -0.0000182992   0.0002623174  -0.0000468317
       -0.0000366378   0.0001253055   0.0000621422   0.0000332423   0.0000637383
       -0.0005792166  -0.0003577369  -0.0001157018  -0.0196502283  -0.0140275518
       -0.0190974124  -0.0318150610  -0.0588408967  -0.0511777963  -0.0012228350
        0.0005262611  -0.0000705939  -0.0001782636   0.0001996101  -0.0001604870
        0.0001246788  -0.0000829453  -0.0001454627   0.0002322511  -0.0005329621
       -0.0001663499   0.0009603402  -0.0002404623  -0.0007097416  -0.0000846165
       -0.0000132571   0.0001227919   0.0000815473  -0.0001844154   0.0000649241
        0.0001445164   0.0001488663   0.0000862295  -0.0006843551  -0.0046719878
        0.0008800002  -0.0009198863  -0.0000859587  -0.0002780542  -0.0009715973
        0.0000790561  -0.0007918355   0.0001611873   0.0000826558   0.0000932620
       -0.0000654684   0.0001195825   0.0000583029   0.0126567860   0.0048585389
        0.0158272153   0.0419907934   0.0719432429   0.0522878390   0.0000608015
        0.0008796523   0.0004024632   0.0000120874   0.0004869695   0.0014858420
        0.0000116523  -0.0000699807   0.0001062105  -0.0000362142  -0.0000143554
        0.0001313587  -0.0001273148   0.0000333723   0.0001547847   0.0001555193
       -0.0006790740   0.0007854193   0.0000219642   0.0000411467  -0.0000199867
       -0.0000348571   0.0000687159  -0.0000311574   0.0000218238  -0.0000614077
        0.0000039596   0.0000442368  -0.0000178155   0.0000536257  -0.0001164178
       -0.0000485369   0.0000531608  -0.0002849993   0.0004200343   0.0002216470
        0.0000754053  -0.0001155596  -0.0000497893  -0.0000100619   0.0000474640
        0.0000373531   0.0000117010  -0.0000033321  -0.0000874925   0.0000264813
        0.0000634411   0.0000373490  -0.0000123800   0.0000496261   0.0000081226
       -0.0000957235  -0.0001983437  -0.0001064211   0.0008337660   0.0016047960
        0.0011914165  -0.1020135400  -0.0511762558  -0.1868965123  -0.0098667618
       -0.0050779920  -0.0290536786  -0.0004251700   0.0002481345   0.0002184790
       -0.0001613724  -0.0001197746  -0.0001282115  -0.0002031653   0.0002781572
        0.0003978023   0.0003565689  -0.0005625408   0.0000459535   0.0001235134
       -0.0000289177   0.0000891712   0.0000279542   0.0000875627  -0.0000724313
        0.0000116326   0.0002765375   0.0002375937   0.0001258942   0.0001868704
        0.0006572968   0.0000691532  -0.0000101034  -0.0000527962   0.0013522678
        0.0016903040   0.0014986881   0.0000042000  -0.0000729878   0.0000291307
        0.0000459934  -0.0000571261   0.0001173602  -0.0062975798  -0.0003449160
       -0.0050979296   0.1128547612   0.0522878390   0.2217074919   0.0035665480
        0.0001633681  -0.0054000178  -0.0004512874  -0.0000059085   0.0003223041
       -0.0000598708   0.0001373223   0.0001093097   0.0000673238   0.0001907308
        0.0000672827   0.0000281646   0.0001265809  -0.0000299148  -0.0000592737
        0.0002541201   0.0001003471  -0.0000196183   0.0000964890  -0.0000208167
       -0.0000167214  -0.0000051496   0.0000249802   0.0000159936  -0.0000275420
        0.0000178250  -0.0000370390  -0.0000211254  -0.0000148698   0.0000647416
        0.0000583372  -0.0000996910   0.0000246608  -0.0000241486   0.0000110846
       -0.0000338418   0.0000115600   0.0000767616   0.0000063923   0.0000316072
       -0.0000044601   0.0000657619  -0.0000683247   0.0000038514   0.0000332520
        0.0000638008   0.0000065275   0.0000624218   0.0000070388   0.0000470931
        0.0000613535  -0.0000061139   0.0000922914   0.0001629791  -0.0001917775
        0.0000194898   0.0083540196   0.0003170454   0.0145251533  -0.1079285972
        0.0000137096  -0.1049217648  -0.0139932781   0.0055331257  -0.0170335498
        0.0006100783  -0.0011398024   0.0000035667  -0.0000700912  -0.0000839513
       -0.0003540332  -0.0027801638   0.0034039411   0.0004510520  -0.0000648031
       -0.0003321127   0.0002691857  -0.0000508395  -0.0000710296   0.0000169841
       -0.0000527152   0.0003160867  -0.0004311296   0.0003135608   0.0001599042
        0.0001826106  -0.0001566965  -0.0000054893  -0.0000203766  -0.0001527492
       -0.0000950307  -0.0000007364   0.0000173879   0.0000667788   0.0000472436
       -0.0011556417  -0.0010417635   0.0004908577   0.0009760020  -0.0001529366
        0.0003895747  -0.0009777898   0.0000608015   0.0035665480   0.1296686042
       -0.0029929274   0.1203767337  -0.0118031560  -0.0031840644  -0.0169399565
       -0.0001848738  -0.0001875312  -0.0001409910   0.0006436789   0.0000341668
        0.0001061418   0.0000011166  -0.0000050108  -0.0000038374   0.0000081557
        0.0000441328   0.0000104247   0.0000268359  -0.0000759750  -0.0000974068
       -0.0000137114  -0.0000106220   0.0000018715  -0.0000171131   0.0000055155
       -0.0000213817   0.0001616249  -0.0004309398  -0.0001917469  -0.0000246457
        0.0001743552   0.0000797006  -0.0000005227   0.0000078380  -0.0000112753
        0.0000298853   0.0000327687  -0.0000905706  -0.0000079093  -0.0000350556
        0.0000079205  -0.0016637696  -0.0003425229  -0.0002069866   0.0001618797
        0.0000479590  -0.0001036387  -0.0000980956   0.0001665277  -0.0000679685
       -0.0001867246  -0.0001371952   0.0000771587   0.0000352580   0.0001438145
        0.0001498902   0.0019315665   0.0006111092   0.0015387536  -0.0002439781
       -0.0425779476   0.0041455115   0.0155229625  -0.0051176079   0.0188415722
        0.0018272133   0.0004075372   0.0012099861  -0.0001184291   0.0001044184
        0.0002375350   0.0031065625  -0.0034845910  -0.0007334723  -0.0003834456
        0.0005322770  -0.0001120243   0.0000521327  -0.0000568225   0.0000668994
        0.0001382132  -0.0000155580   0.0006086152  -0.0000690814   0.0000118341
        0.0002707893   0.0000107550  -0.0000149607  -0.0000667063   0.0000065146
       -0.0000618611  -0.0000595188  -0.0000410799   0.0000619267  -0.0000726860
       -0.0001882272  -0.0002427035  -0.0000332816   0.0000775919   0.0001994636
       -0.0007756366   0.0000969564   0.0008796523   0.0001633681  -0.0029929274
        0.0509209886  -0.0026023031  -0.0171825652  -0.0018605187  -0.0226294333
       -0.0001939479   0.0003954605   0.0000230507  -0.0002376018  -0.0014224384
       -0.0003156246   0.0000116049   0.0000487166  -0.0000403976  -0.0000733106
       -0.0000233279   0.0000707832   0.0000007200  -0.0000100396   0.0000976567
        0.0000257654   0.0000219794  -0.0000258782  -0.0000068248   0.0000350840
       -0.0000039597  -0.0001831665   0.0004862296   0.0002761946   0.0001817907
       -0.0002320131  -0.0001084830   0.0000140410   0.0000023223  -0.0000101487
        0.0000169020   0.0000146438  -0.0000374128   0.0000252440   0.0000079947
       -0.0000111529  -0.0009319389   0.0006931430  -0.0000081619  -0.0001388422
       -0.0003552759  -0.0000740448   0.0000902964   0.0000342657  -0.0000574381
        0.0000926545   0.0001199393  -0.0000545384  -0.0000601639   0.0001950447
       -0.0001874201  -0.0105048291  -0.0011168702  -0.0256238243  -0.1047062555
        0.0035637078  -0.2056734152  -0.0026761928   0.0017481075  -0.0010262359
        0.0002624198  -0.0005914799   0.0001885270  -0.0000774927   0.0000090411
        0.0000109723  -0.0011558862   0.0003858836   0.0004306818   0.0002802575
       -0.0001045507   0.0002107085  -0.0000772178  -0.0000412688  -0.0000648152
        0.0000688724   0.0002101966  -0.0000521078   0.0001830069   0.0001432107
       -0.0004656016  -0.0000713310  -0.0000116311   0.0000641012   0.0001055206
        0.0001051405   0.0001875631   0.0001436519  -0.0000076087   0.0000932182
       -0.0005556786  -0.0000912736   0.0000949431  -0.0004992402  -0.0000148384
        0.0007782333   0.0032838351   0.0004024632  -0.0054000178   0.1203767337
       -0.0026023031   0.2391897602  -0.0051484238  -0.0020102444  -0.0046106287
       -0.0000171921  -0.0000629607   0.0003155378   0.0002028403   0.0003518798
        0.0004206752   0.0000283476   0.0000149928   0.0000263563  -0.0000015639
       -0.0000964204   0.0001340219  -0.0000847220  -0.0000268199  -0.0000158907
       -0.0000326509  -0.0000240964  -0.0000158129   0.0000048146  -0.0000423204
       -0.0000192485   0.0000773128  -0.0001361694  -0.0000313565   0.0000178070
        0.0000298253  -0.0000070040   0.0000160112  -0.0000006703   0.0000355410
       -0.0000521750  -0.0000139846   0.0000485587  -0.0000536483  -0.0000255499
        0.0000286973   0.0008268799  -0.0000967424   0.0008484327   0.0000203566
       -0.0000206660   0.0000737088  -0.0002166587  -0.0001409635   0.0000676793
        0.0000312086   0.0002651536  -0.0000591911  -0.0016271529   0.0006147567
        0.0028067656  -0.0118108724  -0.0168450220   0.0028660899  -0.1083267511
       -0.1052188375  -0.0110137734   0.0076975710   0.0159484921   0.0011883347
       -0.0014368741   0.0023146649  -0.0003033398   0.0000857424  -0.0000786632
       -0.0000854864   0.0007602371   0.0000482058   0.0005479909   0.0004708677
        0.0008161152   0.0001625530  -0.0000078023   0.0001476274  -0.0000574455
        0.0001141652   0.0000757753  -0.0000362015   0.0001417502  -0.0001167163
        0.0001048537  -0.0000892720  -0.0000063869  -0.0000633926  -0.0003168372
       -0.0007317678   0.0004466342   0.0000231727  -0.0000797503  -0.0000267825
       -0.0002138369  -0.0000063619  -0.0000884987  -0.0004166444   0.0000866887
       -0.0000021597   0.0010272609   0.0000120874  -0.0004512874  -0.0118031560
       -0.0171825652  -0.0051484238   0.1254007837   0.1195020780   0.0086552916
        0.0007085705   0.0001339582  -0.0000446859  -0.0000701795   0.0000950975
        0.0001815530  -0.0000141872  -0.0000128623   0.0000355152  -0.0000718664
       -0.0000082651   0.0000124971  -0.0000423621   0.0003666094   0.0001096051
        0.0000109951   0.0000335505   0.0000022044   0.0000161203  -0.0000216410
        0.0000008335  -0.0000188293  -0.0000840221   0.0001178252  -0.0002061071
        0.0000276728   0.0000044416  -0.0000588842   0.0000517530  -0.0000047375
        0.0000202511  -0.0000060840  -0.0000142826  -0.0000115648   0.0000310441
        0.0000141408   0.0000569996  -0.0002466652   0.0000155342   0.0000250204
        0.0001406949   0.0000650956  -0.0000475369  -0.0000664149   0.0000619289
       -0.0000196605   0.0000950170  -0.0002312174  -0.0007491302   0.0008958680
        0.0010429743  -0.0040230736  -0.0035920643   0.0014148266  -0.1046486899
       -0.2051240205  -0.0136298751  -0.0095222172  -0.0256338572  -0.0022787181
        0.0037224843  -0.0034142210  -0.0002252950  -0.0000059649   0.0000770479
        0.0000098600  -0.0010211650  -0.0002121241  -0.0003564727  -0.0005017754
       -0.0020141920  -0.0001771920  -0.0000099897   0.0001880296  -0.0000801263
       -0.0000621847   0.0003940206   0.0000581666  -0.0000060384  -0.0001589463
        0.0000668307   0.0000386587   0.0000364236  -0.0000808973  -0.0001440506
       -0.0002740082   0.0001524472   0.0000236879   0.0000044869   0.0000559631
       -0.0000179165   0.0001019559  -0.0000006364  -0.0001965745  -0.0000139751
        0.0000488862   0.0003627613   0.0004869695  -0.0000059085  -0.0031840644
       -0.0018605187  -0.0020102444   0.1195020780   0.2395092975   0.0164689016
       -0.0003385889   0.0005742760  -0.0001707637   0.0003671935   0.0001129006
        0.0000875315  -0.0000242887   0.0000598422  -0.0000534556   0.0000068218
        0.0000020839   0.0000345512   0.0001676540  -0.0002912893  -0.0000492734
       -0.0000290993   0.0000198268   0.0000200084   0.0000276001   0.0000126852
       -0.0000159761   0.0000625384  -0.0000752773  -0.0001797369   0.0003137377
        0.0002221561  -0.0000018997  -0.0000354686   0.0000105547  -0.0000113472
        0.0000137757  -0.0000165660   0.0000151702   0.0000026925  -0.0000098759
        0.0000294717  -0.0001464734  -0.0001808731  -0.0000069913   0.0000604400
        0.0000575683   0.0000535071   0.0000142905   0.0000107987   0.0000069305
       -0.0000389322  -0.0003478226   0.0000603740   0.0030437345   0.0003488117
       -0.0031780285   0.0151176866   0.0200735075  -0.0029364369  -0.0114281336
       -0.0140739757  -0.0441643550  -0.0003518748  -0.0012033633   0.0002875495
        0.0001818341  -0.0007734308   0.0003753483  -0.0000900226   0.0000902306
       -0.0000230906   0.0002750822   0.0005896366   0.0002428328   0.0001510676
       -0.0002510686   0.0000841159   0.0000003655  -0.0000379853   0.0000083679
        0.0000065937  -0.0001683111  -0.0001186719   0.0000452324   0.0003677015
       -0.0003432760   0.0001426029   0.0000244587   0.0001202388   0.0003365104
        0.0007805777  -0.0004782207  -0.0000114057  -0.0000031105   0.0000122087
       -0.0002644096   0.0000404765   0.0000378536   0.0000062917  -0.0000413070
        0.0000159414   0.0008291323   0.0014858420   0.0003223041  -0.0169399565
       -0.0226294333  -0.0046106287   0.0086552916   0.0164689016   0.0539421144
       -0.0000716008  -0.0005525492   0.0000438978   0.0001787933   0.0001294246
        0.0000983168   0.0000195521  -0.0000139711  -0.0000021665   0.0000463818
        0.0000199510  -0.0000011731  -0.0000134608  -0.0000153159  -0.0000073052
       -0.0000192817  -0.0000387213   0.0000111934  -0.0000043771  -0.0000087763
        0.0000029438   0.0000260679  -0.0000145734  -0.0000433445  -0.0000359176
       -0.0000183246   0.0001318275   0.0000701292  -0.0000733649  -0.0000080753
       -0.0000294065   0.0000222708   0.0000559152  -0.0000107616  -0.0000251940
        0.0000071384   0.0002177214  -0.0001626491   0.0000006164   0.0000364981
        0.0001016793   0.0000141506  -0.0000770280  -0.0000902219   0.0000395238
       -0.0018840627  -0.0034674839  -0.0002190728   0.0002283242  -0.0000090137
       -0.0002642198  -0.0021608807   0.0034592476  -0.0002735162  -0.0142759263
        0.0014260148   0.0147890498  -0.1413335016  -0.0182864915   0.1141639694
       -0.0129545259  -0.0037094884   0.0140253914  -0.0004388934   0.0005141821
       -0.0019103752   0.0071357646   0.0006992984  -0.0089105033   0.0009324436
        0.0007164745  -0.0008392519  -0.0002666295   0.0000789392   0.0010028371
        0.0004533527   0.0006150338  -0.0010537978   0.0001901562   0.0000331149
        0.0001155541   0.0000062647   0.0000204096  -0.0000581914   0.0000399291
        0.0000539886  -0.0000867152   0.0000794080   0.0000681733  -0.0001315448
       -0.0000927308  -0.0000299372  -0.0000721931  -0.0006725835   0.0000831961
        0.0009132613  -0.0000807098   0.0000116523  -0.0000598708  -0.0001848738
       -0.0001939479  -0.0000171921   0.0007085705  -0.0003385889  -0.0000716008
        0.1648937237   0.0179410957  -0.1310953583  -0.0004405723  -0.0002382818
       -0.0000857799   0.0000285069   0.0000753589  -0.0001016762   0.0000904976
        0.0001989908  -0.0002972755   0.0003304298   0.0004466966   0.0002038990
       -0.0001110805  -0.0002387796   0.0000439962  -0.0000275491  -0.0000142760
       -0.0000223176  -0.0002229144   0.0002038164   0.0002039904   0.0000338936
       -0.0001481739  -0.0000378911  -0.0000160022  -0.0000034996  -0.0000125232
        0.0000222089   0.0000076453  -0.0000352510   0.0000003296   0.0000120262
        0.0000483273  -0.0000373060   0.0000178805   0.0000897430  -0.0000076036
       -0.0000191935   0.0000552494   0.0000345425   0.0000139204   0.0000008498
       -0.0027377418  -0.0042022090   0.0008442149  -0.0000231687  -0.0000490190
        0.0000592130   0.0035930194  -0.0031543923  -0.0001403083   0.0171641937
       -0.0002585698  -0.0166674707  -0.0179212060  -0.0410140465   0.0150677338
       -0.0168999623  -0.0040939041   0.0174708602  -0.0006410616  -0.0004232375
        0.0010081287  -0.0007047000   0.0002569698   0.0046253031   0.0006856960
        0.0019256712  -0.0001934060  -0.0004351219  -0.0000820545   0.0012043264
       -0.0005739928  -0.0000101472  -0.0004346914   0.0000604216  -0.0000679071
       -0.0000081715  -0.0000202307   0.0000335967   0.0000039725  -0.0000165739
       -0.0000737387   0.0000294295   0.0001536553   0.0001557562  -0.0000671488
       -0.0000382643   0.0000869717   0.0000182576   0.0008684695  -0.0001822695
       -0.0009997981  -0.0000704561  -0.0000699807   0.0001373223  -0.0001875312
        0.0003954605  -0.0000629607   0.0001339582   0.0005742760  -0.0005525492
        0.0179410957   0.0509537749  -0.0218444639  -0.0001091402  -0.0001943633
        0.0000537080  -0.0000129308  -0.0000686255   0.0001167420  -0.0000829632
       -0.0002131076   0.0001095559   0.0002593723   0.0003780385   0.0001918487
       -0.0001628134  -0.0003291822   0.0000651525  -0.0000449263  -0.0000231918
       -0.0000008132   0.0000781017  -0.0002406251   0.0000432770  -0.0002576246
        0.0000558146  -0.0001277023  -0.0000013676  -0.0000110390  -0.0000032344
        0.0000058944  -0.0000077909  -0.0000051177  -0.0000127396  -0.0000258020
        0.0000540018  -0.0000015289  -0.0000258203  -0.0000322639   0.0000206372
        0.0000120737   0.0000357666  -0.0000084693  -0.0000073801   0.0000012858
       -0.0001931568  -0.0000118223  -0.0004862699  -0.0000846348   0.0000326472
       -0.0000014210   0.0007383123  -0.0009444397   0.0008964065   0.0032970939
       -0.0009057927  -0.0017272369   0.1147352946   0.0166911389  -0.1706943699
       -0.0010494429  -0.0002292287   0.0020917861  -0.0006911245   0.0013014665
       -0.0038983227   0.0145272443   0.0042614709  -0.0232908363  -0.0002071715
        0.0008106935   0.0001417220   0.0000136029  -0.0001817639   0.0000356764
        0.0009407959   0.0008808740   0.0006173902  -0.0000982095  -0.0000151437
       -0.0000407368  -0.0000324340  -0.0000138862   0.0000358266  -0.0000819556
       -0.0000481041   0.0001206948   0.0000408322   0.0000837491   0.0000998197
       -0.0000499478   0.0000112755   0.0000446654   0.0002142732   0.0000141273
       -0.0002968810  -0.0000786562   0.0001062105   0.0001093097  -0.0001409910
        0.0000230507   0.0003155378  -0.0000446859  -0.0001707637   0.0000438978
       -0.1310953583  -0.0218444639   0.1963113841   0.0000762293  -0.0000518802
       -0.0001187019   0.0002229776   0.0002885445  -0.0004474851   0.0002965245
        0.0006040034  -0.0003924499  -0.0004336043  -0.0003082444  -0.0000182986
       -0.0000782343   0.0000023421   0.0000155940  -0.0000117000  -0.0000249607
       -0.0000348029  -0.0005615480   0.0006099449   0.0007479768  -0.0002133332
       -0.0009168366  -0.0001525229   0.0000309087   0.0000065760   0.0000109282
       -0.0000118103  -0.0000019427  -0.0000077345  -0.0000241283  -0.0000603406
        0.0000021067   0.0000394184  -0.0000178077  -0.0000339188   0.0000217645
        0.0000239802  -0.0000073149  -0.0000131452  -0.0000046733   0.0000085812
        0.0057543212  -0.0013151332   0.0054828121   0.0004304233  -0.0000110425
        0.0000868765   0.0000921737  -0.0000521572  -0.0000610779   0.0006660877
        0.0016484424   0.0003511334  -0.0132835657  -0.0012938060  -0.0140892984
       -0.1506885815   0.0119486048  -0.1137651890  -0.0002268039  -0.0004470264
        0.0017495591  -0.0021224091  -0.0028493633  -0.0009399526  -0.0255651860
        0.0199038374  -0.0087409979   0.0001262022   0.0003225391  -0.0000182384
       -0.0002830511   0.0000880787  -0.0008640912   0.0002661899   0.0000035847
        0.0005709563  -0.0001920643  -0.0000655582  -0.0000642603  -0.0000755363
       -0.0000362433  -0.0000178381  -0.0003452777  -0.0003214068   0.0003215625
       -0.0025431083   0.0014192274   0.0008358575  -0.0000242832   0.0000245343
        0.0000190804  -0.0000716429  -0.0000362142   0.0000673238   0.0006436789
       -0.0002376018   0.0002028403  -0.0000701795   0.0003671935   0.0001787933
       -0.0004405723  -0.0001091402   0.0000762293   0.1909565791  -0.0283534485
        0.1280229823  -0.0000118838  -0.0000756436   0.0001838186   0.0002785926
        0.0000962496   0.0003743328   0.0010912732  -0.0001544130   0.0008139294
       -0.0001196251  -0.0000992354  -0.0000125941  -0.0000810264  -0.0000443200
       -0.0000154561  -0.0003436987   0.0000923622   0.0000114366   0.0000737745
       -0.0000068498  -0.0000453552  -0.0000337798  -0.0000199651  -0.0000232156
        0.0000459830   0.0000376072  -0.0001135773  -0.0000646407  -0.0002794121
        0.0001753204  -0.0003001633   0.0006366336   0.0000098654  -0.0031110224
       -0.0006712763  -0.0006014361  -0.0004271770  -0.0001096381  -0.0001621317
        0.0040075510   0.0002987693   0.0050982271   0.0000106513   0.0003197661
       -0.0007280818   0.0000387368  -0.0000679080  -0.0001111535  -0.0017061023
        0.0002887968  -0.0013668587  -0.0154399416  -0.0005747852  -0.0151990202
        0.0120808391  -0.0389904496   0.0186464741  -0.0008301477  -0.0000593046
        0.0008473612  -0.0027121662  -0.0032670059  -0.0015169976   0.0312272758
       -0.0171004264   0.0107564762   0.0001664349   0.0003212654   0.0003840415
       -0.0004440782   0.0001053093  -0.0009974148   0.0000935531   0.0001597351
       -0.0002808177  -0.0000037585  -0.0000549217   0.0000580844   0.0000027095
       -0.0001202754   0.0000754778  -0.0002839482  -0.0006207187  -0.0000691685
        0.0004629738   0.0002662592   0.0000779142   0.0000480916  -0.0000749080
        0.0000000297  -0.0000373487  -0.0000143554   0.0001907308   0.0000341668
       -0.0014224384   0.0003518798   0.0000950975   0.0001129006   0.0001294246
       -0.0002382818  -0.0001943633  -0.0000518802  -0.0283534485   0.0611548911
       -0.0170579324  -0.0000337034  -0.0001245479  -0.0000605529   0.0001535277
        0.0000824750   0.0001777210   0.0014841798  -0.0003237958   0.0010684920
       -0.0000621874  -0.0000342570  -0.0001569005  -0.0000128389   0.0000039803
       -0.0001361468  -0.0004258273   0.0000865951  -0.0000609153   0.0000814138
       -0.0000210467  -0.0000684823  -0.0000206709  -0.0000138692   0.0000199819
       -0.0000260600  -0.0000068611   0.0000497367   0.0000323759   0.0000515507
       -0.0000076463   0.0006838393  -0.0008949908  -0.0000205835  -0.0001190945
        0.0009451483  -0.0000842194   0.0000461862  -0.0002162131   0.0000427193
       -0.0176837206   0.0026420214  -0.0227202841  -0.0007880565   0.0004980294
        0.0005793622   0.0000955583  -0.0002173226  -0.0001739304  -0.0001604008
        0.0005041058   0.0003981153  -0.0024639340  -0.0005149678  -0.0014070490
       -0.1093740711   0.0156270369  -0.1497359134   0.0005935710  -0.0002548482
       -0.0060141497  -0.0007852243  -0.0001347457  -0.0010954917   0.0040797337
        0.0000667608   0.0077825337  -0.0007351704  -0.0006737632  -0.0007699209
       -0.0000415392   0.0000106643  -0.0002405475   0.0005619848  -0.0001198290
       -0.0009717771  -0.0000313512  -0.0000096185  -0.0000048405  -0.0001148266
        0.0000986252   0.0001847420   0.0007380591   0.0001268218   0.0005926445
       -0.0009514603   0.0003369335   0.0003919445   0.0000566973  -0.0001186495
       -0.0000478514   0.0000633147   0.0001313587   0.0000672827   0.0001061418
       -0.0003156246   0.0004206752   0.0001815530   0.0000875315   0.0000983168
       -0.0000857799   0.0000537080  -0.0001187019   0.1280229823  -0.0170579324
        0.1704451961   0.0000236409  -0.0001108753   0.0000132463  -0.0011856061
       -0.0002020430  -0.0009759586   0.0002447577  -0.0001811413   0.0013606737
        0.0000250480   0.0001392058   0.0000440447   0.0001139891  -0.0001512170
        0.0000034087  -0.0000468901  -0.0000510582   0.0000249803  -0.0000193682
        0.0000009751   0.0000375194  -0.0000016278   0.0000021878   0.0000476746
       -0.0000591264  -0.0000169669   0.0000572958  -0.0003045641  -0.0002811911
        0.0002463046   0.0000265724  -0.0002925271   0.0002769171   0.0002343962
        0.0003016607   0.0011020148  -0.0003352830   0.0000766945   0.0001015234
       -0.0174889622   0.0195768918  -0.0039430353  -0.0043977423  -0.0002895774
       -0.0033301181   0.0000859759  -0.0001301755   0.0000130452   0.0000874999
       -0.0000645683  -0.0000612052  -0.0006896663  -0.0006165678   0.0004916809
       -0.0000855558   0.0003750425   0.0000197955  -0.0993433982   0.1018007188
       -0.0082059931   0.0071257236  -0.0141703953   0.0019120751   0.0001262506
       -0.0003648184   0.0003765984  -0.0005221889   0.0016099076  -0.0004198704
       -0.0000668629  -0.0013356381   0.0009100161  -0.0005775652   0.0010385073
        0.0003735596  -0.0002287184  -0.0000547988  -0.0001426690   0.0000662948
       -0.0001426026  -0.0001502539   0.0007889963   0.0000843677   0.0007160068
       -0.0000886960  -0.0000353852  -0.0000357301   0.0000419322  -0.0000721030
        0.0000554620  -0.0000642965  -0.0001273148   0.0000281646   0.0000011166
        0.0000116049   0.0000283476  -0.0000141872  -0.0000242887   0.0000195521
        0.0000285069  -0.0000129308   0.0002229776  -0.0000118838  -0.0000337034
        0.0000236409   0.1201338611  -0.1151960042   0.0097618864  -0.0037586590
        0.0095078190   0.0018178530  -0.0000554543  -0.0000334969  -0.0003129705
       -0.0000367260  -0.0000614342   0.0001359302  -0.0005353178  -0.0017949196
       -0.0003783922   0.0002065846  -0.0002915627  -0.0002464047  -0.0006637823
        0.0008264352   0.0003020276  -0.0000428403  -0.0001661294   0.0000060582
        0.0000143166   0.0000756610  -0.0000026479  -0.0000259283   0.0001399909
       -0.0000021200   0.0000058696  -0.0000252410   0.0000417783   0.0000015107
        0.0000105966  -0.0000052655  -0.0000160078  -0.0000138872  -0.0000197801
        0.0008627912   0.0011732962   0.0006742617  -0.0000152870   0.0003324602
        0.0002257006   0.0000608905  -0.0000869141  -0.0001677097   0.0000953378
        0.0000460043  -0.0001052552  -0.0012092001  -0.0010653426   0.0008583983
        0.0005308135  -0.0003175565   0.0000334306   0.1049870997  -0.2067708113
        0.0095149693   0.0045390190  -0.0243171739   0.0061372583  -0.0004106881
        0.0004709688  -0.0004904456  -0.0022503388   0.0009668543  -0.0012379476
        0.0008363585   0.0003472817   0.0013920278  -0.0001056990  -0.0000698878
       -0.0000340685  -0.0000570572   0.0000342767   0.0000285845  -0.0001053353
       -0.0000994564   0.0001280566   0.0000831045   0.0001985601   0.0003057859
        0.0000357175   0.0000221007  -0.0000180024  -0.0000642969   0.0000651487
        0.0000170761   0.0000719478   0.0000333723   0.0001265809  -0.0000050108
        0.0000487166   0.0000149928  -0.0000128623   0.0000598422  -0.0000139711
        0.0000753589  -0.0000686255   0.0002885445  -0.0000756436  -0.0001245479
       -0.0001108753  -0.1151960042   0.2420403720  -0.0143589290   0.0089104710
       -0.0130342373  -0.0028759353  -0.0001300439  -0.0000766585   0.0000656017
        0.0000905971  -0.0001325752   0.0000310143  -0.0007052397  -0.0002029437
       -0.0002657284   0.0002158941  -0.0007586863  -0.0005490061  -0.0009918565
        0.0013686974   0.0003344431   0.0000350920   0.0000056954   0.0000040757
        0.0000036847  -0.0000172378  -0.0000049876  -0.0000956332  -0.0000597330
        0.0000246478  -0.0000264912  -0.0000118410  -0.0000159570   0.0000070362
        0.0000013576   0.0000250784   0.0000154737  -0.0000007763   0.0000182899
       -0.0105542227   0.0123068731  -0.0015814292  -0.0017041944  -0.0004689536
       -0.0014427202   0.0001004207  -0.0001516008   0.0000114314   0.0000207951
       -0.0001218877   0.0002075205   0.0012832072   0.0003395036  -0.0017496752
       -0.0004686048   0.0005783535   0.0001620950  -0.0094408755   0.0119796718
       -0.0405496941  -0.0040266779   0.0166993745  -0.0016426432   0.0002168294
       -0.0006573503   0.0003008695   0.0000609078   0.0007556328   0.0005302983
       -0.0010133097   0.0001429625  -0.0000685394  -0.0003567213   0.0004744899
        0.0003920495  -0.0001010020  -0.0000012744  -0.0000420942  -0.0000931171
       -0.0001428790   0.0000268724   0.0002413593   0.0000602048  -0.0001173337
       -0.0000030771  -0.0000036073   0.0000115773   0.0000573904   0.0000075333
        0.0000370211   0.0000728999   0.0001547847  -0.0000299148  -0.0000038374
       -0.0000403976   0.0000263563   0.0000355152  -0.0000534556  -0.0000021665
       -0.0001016762   0.0001167420  -0.0004474851   0.0001838186  -0.0000605529
        0.0000132463   0.0097618864  -0.0143589290   0.0474172228   0.0158094601
       -0.0264242000  -0.0011106024  -0.0001802172  -0.0000395444  -0.0003932339
        0.0002215900  -0.0001237834  -0.0000830296  -0.0002660133  -0.0005357484
        0.0004103484  -0.0004808504   0.0003264695   0.0001700588   0.0007234046
       -0.0007963464  -0.0004683990  -0.0000134215  -0.0000931247  -0.0000001090
       -0.0000099818   0.0000214646  -0.0000184092   0.0000100611   0.0001093414
        0.0000400297   0.0000099359   0.0000059460  -0.0000021085  -0.0000017476
        0.0000029397  -0.0000050755   0.0000100664  -0.0000086522  -0.0000023346
        0.0033665538  -0.0069347143  -0.0208642689   0.0008249767  -0.0006996850
       -0.0017123281  -0.0000905896   0.0001710985  -0.0001252632   0.0000013797
        0.0000470414   0.0002336377  -0.0008896189  -0.0010373727   0.0009259732
       -0.0034083121  -0.0000330926  -0.0029418091  -0.0517538723   0.0172815278
        0.0475229802  -0.0040293026   0.0037711964   0.0153405500   0.0000035200
       -0.0001405748   0.0004233977  -0.0002752445   0.0002263854  -0.0007014179
        0.0003542034  -0.0007213406   0.0006813573   0.0001575455  -0.0001267277
       -0.0001016242   0.0000492334   0.0000200882   0.0000002475  -0.0013804289
        0.0002479085   0.0001448265  -0.0001288122  -0.0001797213   0.0001311823
       -0.0000300378   0.0000405383   0.0000331956  -0.0000437790  -0.0000148711
       -0.0000033045   0.0001865281   0.0001555193  -0.0000592737   0.0000081557
       -0.0000733106  -0.0000015639  -0.0000718664   0.0000068218   0.0000463818
        0.0000904976  -0.0000829632   0.0002965245   0.0002785926   0.0001535277
       -0.0011856061  -0.0037586590   0.0089104710   0.0158094601   0.0608839974
       -0.0204314160  -0.0532577273   0.0000902232   0.0000052370  -0.0000838187
       -0.0000809564  -0.0001343268  -0.0000397919  -0.0001380660  -0.0000106932
        0.0000934905  -0.0006526365   0.0001772599  -0.0001015846   0.0004450990
       -0.0004663892  -0.0006495057   0.0000696055   0.0000372338   0.0000396472
       -0.0000465246  -0.0000247799   0.0000375843  -0.0000842731  -0.0001224673
       -0.0000337842   0.0000093286  -0.0000301334   0.0000144635   0.0000260184
        0.0000207657   0.0000438170   0.0000175215  -0.0000080410   0.0000439555
        0.0008076369  -0.0016497697  -0.0057759347   0.0008151693   0.0001913266
        0.0010275787   0.0001756000   0.0000553667   0.0004472078   0.0000125627
       -0.0000590702   0.0001504725  -0.0007380323  -0.0015828362   0.0023378573
       -0.0011530475  -0.0003132597  -0.0000837064   0.0168584510  -0.0637501667
       -0.0725456127  -0.0065560693   0.0047951688   0.0180789555  -0.0001018504
       -0.0000753928  -0.0001322307  -0.0004415774  -0.0000711119  -0.0003454983
        0.0002929913   0.0003233302   0.0010342133   0.0001636058  -0.0001090963
       -0.0000052594  -0.0000288609  -0.0000302238  -0.0000501238   0.0002480241
        0.0004482935   0.0001620819   0.0000271281   0.0000372981   0.0003946068
       -0.0000034885   0.0000077632   0.0000536919  -0.0001065429  -0.0000317180
       -0.0001211441   0.0001727981  -0.0006790740   0.0002541201   0.0000441328
       -0.0000233279  -0.0000964204  -0.0000082651   0.0000020839   0.0000199510
        0.0001989908  -0.0002131076   0.0006040034   0.0000962496   0.0000824750
       -0.0002020430   0.0095078190  -0.0130342373  -0.0264242000  -0.0204314160
        0.0761167146   0.0815113005   0.0000803462   0.0000721253   0.0000540412
       -0.0003673908  -0.0000712047   0.0000569844   0.0001303255  -0.0000737427
       -0.0001187555  -0.0001477896   0.0004787051   0.0000811291   0.0005194472
       -0.0007943941  -0.0004189780  -0.0000169378   0.0000080666   0.0000226940
       -0.0000338619   0.0000041209   0.0000339257  -0.0000253388  -0.0000474342
       -0.0000360828   0.0000070359  -0.0000133149   0.0000219050   0.0000233861
       -0.0000054583   0.0000041811  -0.0000212312   0.0000051025   0.0000050884
        0.0013697055  -0.0052670655  -0.0166221866   0.0012732995  -0.0006208002
        0.0006377859  -0.0000856889  -0.0001410186  -0.0000334280   0.0000544118
        0.0000373521  -0.0003526240   0.0005852455   0.0008200618  -0.0020680903
       -0.0028399163   0.0001908062  -0.0032247168   0.0462515008  -0.0734533753
       -0.2375721937   0.0069458726  -0.0008804583  -0.0165590148   0.0001524615
       -0.0000183275   0.0002935501   0.0000111425   0.0000857731  -0.0003670797
       -0.0014228657  -0.0006935378   0.0000721394   0.0001292544  -0.0001182342
        0.0000246813   0.0001157051   0.0000187789   0.0000714199  -0.0008691191
        0.0002310189   0.0005422324  -0.0002869893  -0.0002370957   0.0001334358
       -0.0000281769   0.0000229183   0.0001330688   0.0001543190   0.0000097301
        0.0001224152  -0.0000380340   0.0007854193   0.0001003471   0.0000104247
        0.0000707832   0.0001340219   0.0000124971   0.0000345512  -0.0000011731
       -0.0002972755   0.0001095559  -0.0003924499   0.0003743328   0.0001777210
       -0.0009759586   0.0018178530  -0.0028759353  -0.0011106024  -0.0532577273
        0.0815113005   0.2763702806   0.0000182187   0.0001589511   0.0000416537
       -0.0002551181  -0.0000687912   0.0001019488  -0.0000090894  -0.0000952863
       -0.0001256412   0.0005458190  -0.0004466771   0.0000442121  -0.0005585323
        0.0006882929   0.0005384825   0.0000557127   0.0000116377   0.0000079639
       -0.0000579712  -0.0000275486   0.0000572109   0.0000250992  -0.0000376575
       -0.0000352145   0.0000449119  -0.0000147523  -0.0000321700   0.0000656771
        0.0000251863   0.0000167092  -0.0000069606   0.0000067230   0.0000289843
        0.0003744716   0.0000078799  -0.0000591199   0.0000438058  -0.0000579692
        0.0000520445  -0.0000331349  -0.0000406274   0.0000325371   0.0002895476
        0.0006875847   0.0001817496  -0.0011688769   0.0016091899   0.0009375923
        0.0134082588   0.0175775673   0.0020040531  -0.0002161756  -0.0001340418
        0.0001529099   0.0000307102   0.0001135186   0.0003391836  -0.2001776396
       -0.2107514182  -0.0224007083   0.0007055145   0.0002341330   0.0023537476
        0.0000908490   0.0000188300  -0.0000123443  -0.0001207109   0.0000435189
        0.0001127545   0.0000291561  -0.0000674156  -0.0000032746   0.0000216023
        0.0000533872  -0.0000487881   0.0007243652  -0.0004936389  -0.0019495752
        0.0000585208  -0.0001274950  -0.0000475403   0.0000526321   0.0000236836
       -0.0000376545   0.0000118129   0.0000219642  -0.0000196183   0.0000268359
        0.0000007200  -0.0000847220  -0.0000423621   0.0001676540  -0.0000134608
        0.0003304298   0.0002593723  -0.0004336043   0.0010912732   0.0014841798
        0.0002447577  -0.0000554543  -0.0001300439  -0.0001802172   0.0000902232
        0.0000803462   0.0000182187   0.1845704662   0.1889047266   0.0194992979
       -0.0000757774   0.0001534111  -0.0001925040  -0.0000872235   0.0003752996
        0.0000872955  -0.0000221892  -0.0000433897  -0.0000492611   0.0000505672
        0.0000025304  -0.0000397090   0.0000038463   0.0000253513  -0.0000041774
        0.0000012534   0.0000268176  -0.0000104544   0.0000751232  -0.0001038723
       -0.0002613314  -0.0000119955  -0.0000141896  -0.0000103543  -0.0001209203
        0.0000813972  -0.0001470817   0.0000511946   0.0000110382  -0.0000106410
       -0.0000995086   0.0004138887  -0.0005071498  -0.0000782401  -0.0001307319
        0.0001195315  -0.0000277789  -0.0000859917  -0.0000241473  -0.0007887066
       -0.0013461548  -0.0003705683   0.0034374899  -0.0048854945  -0.0011254866
       -0.0110776985  -0.0292791283  -0.0045473595  -0.0000482293   0.0000900714
        0.0000150499  -0.0001127548  -0.0000386251   0.0004275201  -0.1807232895
       -0.2660874343  -0.0372127201  -0.0001744188   0.0001782543  -0.0002993768
        0.0000641245   0.0000179688  -0.0000518480   0.0001794018   0.0000174168
       -0.0001638432  -0.0000382727   0.0000018608   0.0000241064  -0.0000593616
        0.0000730820   0.0001874282   0.0006387970  -0.0000908711   0.0000767743
       -0.0001488389  -0.0000239039   0.0000790073  -0.0000049651   0.0000596801
       -0.0000299236   0.0000350629   0.0000411467   0.0000964890  -0.0000759750
       -0.0000100396  -0.0000268199   0.0003666094  -0.0002912893  -0.0000153159
        0.0004466966   0.0003780385  -0.0003082444  -0.0001544130  -0.0003237958
       -0.0001811413  -0.0000334969  -0.0000766585  -0.0000395444   0.0000052370
        0.0000721253   0.0001589511   0.1889047266   0.3011919503   0.0426387220
       -0.0001468919   0.0001505671   0.0000709306  -0.0001142427   0.0004070654
        0.0004832657   0.0000125511  -0.0000061151   0.0000054156   0.0000788079
        0.0000422996  -0.0000245615  -0.0000085118  -0.0000085846  -0.0000025088
       -0.0000009053  -0.0000033489   0.0000294878  -0.0004166328  -0.0005100711
        0.0003928895  -0.0000103110  -0.0000446483  -0.0000230670   0.0002750572
        0.0000479875   0.0001195315  -0.0001011179   0.0000594836   0.0000285259
       -0.0007925989  -0.0013489934   0.0010112815   0.0000055255   0.0000054111
        0.0000182698  -0.0000310488  -0.0000063230  -0.0000268959  -0.0002233766
       -0.0004518441  -0.0000243095   0.0011008396  -0.0012628771   0.0003022471
       -0.0056928299  -0.0088139702  -0.0032406147  -0.0000083052   0.0002001935
       -0.0002533090  -0.0000919955  -0.0002565981   0.0001597893  -0.0149287942
       -0.0334167971  -0.0102080342   0.0006484605  -0.0005143282  -0.0010820311
        0.0000219763   0.0000649605  -0.0000353460   0.0001690350  -0.0000281283
        0.0002311576  -0.0000186401   0.0000864187  -0.0000661690  -0.0000157474
       -0.0000147629  -0.0000096580  -0.0002075854   0.0010303997  -0.0001990255
       -0.0000027743   0.0000277987  -0.0001287083  -0.0000276751   0.0000696793
       -0.0000098452   0.0000023082  -0.0000199867  -0.0000208167  -0.0000974068
        0.0000976567  -0.0000158907   0.0001096051  -0.0000492734  -0.0000073052
        0.0002038990   0.0001918487  -0.0000182986   0.0008139294   0.0010684920
        0.0013606737  -0.0003129705   0.0000656017  -0.0003932339  -0.0000838187
        0.0000540412   0.0000416537   0.0194992979   0.0426387220   0.0137141008
       -0.0003458366   0.0000194017  -0.0000153777   0.0000238899   0.0007318138
       -0.0015045529  -0.0000035345  -0.0000092694  -0.0000303507   0.0000746963
        0.0000786626  -0.0000088990  -0.0000527164  -0.0000410228  -0.0000166992
        0.0000190930   0.0000029464  -0.0000593621   0.0003584484  -0.0002118005
        0.0004278626  -0.0000113360   0.0000577762   0.0000113187  -0.0000857153
       -0.0000460847   0.0001086927  -0.0000162978   0.0000002354  -0.0000123145
       -0.0079716593  -0.0032480464   0.0115291995  -0.0000763424   0.0016221081
       -0.0003063364  -0.0000811605   0.0001633184  -0.0000502659  -0.0000025941
        0.0000044475  -0.0000420737  -0.0003637486  -0.0001753205   0.0005373024
       -0.0007612885  -0.0017158240  -0.0002158886   0.0000743515  -0.0001029412
       -0.0001730882   0.0000209437  -0.0000875701   0.0001652117   0.0002781278
       -0.0001255723  -0.0000324611  -0.1293964172   0.0059702322   0.1102729035
        0.0000538584   0.0000299296  -0.0000672724   0.0006719909   0.0005583260
       -0.0002996857  -0.0003215001  -0.0000799100  -0.0000079578   0.0003753997
       -0.0003959119  -0.0003765188   0.0088085610  -0.0020422673  -0.0180047295
       -0.0000795563   0.0000567324  -0.0000105027   0.0000420244   0.0000618103
       -0.0000206081  -0.0000451314  -0.0000348571  -0.0000167214  -0.0000137114
        0.0000257654  -0.0000326509   0.0000109951  -0.0000290993  -0.0000192817
       -0.0001110805  -0.0001628134  -0.0000782343  -0.0001196251  -0.0000621874
        0.0000250480  -0.0000367260   0.0000905971   0.0002215900  -0.0000809564
       -0.0003673908  -0.0002551181  -0.0000757774  -0.0001468919  -0.0003458366
        0.1471041601  -0.0040383458  -0.1206024932  -0.0194240580   0.0043918129
        0.0193668457  -0.0000399093  -0.0000002443  -0.0000254976   0.0000249866
        0.0000312188  -0.0000084247  -0.0000998944  -0.0001222760  -0.0000263526
       -0.0001998742   0.0004461108   0.0001736083   0.0018963808  -0.0004722451
       -0.0013335066  -0.0000263971   0.0000110168   0.0000440476  -0.0000356584
       -0.0000572498   0.0000430807   0.0000012862   0.0000035381  -0.0000273308
       -0.0166507974  -0.0029603966   0.0212803846  -0.0008355927   0.0006561643
        0.0014958093   0.0000600785   0.0001895910  -0.0000307507  -0.0000273654
        0.0000736748  -0.0000437435  -0.0007793909  -0.0004323409   0.0011649114
       -0.0018049533  -0.0046525509   0.0001574271   0.0001135770  -0.0000285415
        0.0001771259  -0.0001741891  -0.0001913066   0.0001302600   0.0001303792
        0.0001398039  -0.0005472410   0.0057614995  -0.0425294610  -0.0032750996
       -0.0000073778  -0.0000156127  -0.0000088455  -0.0001189217  -0.0006565327
        0.0007239160   0.0002763385   0.0001505814   0.0001474047  -0.0002611956
       -0.0009130931  -0.0005536503   0.0002981007  -0.0002228179  -0.0123192731
        0.0000812326  -0.0000193142  -0.0000936128   0.0000103292   0.0000128266
        0.0000058722   0.0000025861   0.0000687159  -0.0000051496  -0.0000106220
        0.0000219794  -0.0000240964   0.0000335505   0.0000198268  -0.0000387213
       -0.0002387796  -0.0003291822   0.0000023421  -0.0000992354  -0.0000342570
        0.0001392058  -0.0000614342  -0.0001325752  -0.0001237834  -0.0001343268
       -0.0000712047  -0.0000687912   0.0001534111   0.0001505671   0.0000194017
       -0.0040383458   0.0532251052   0.0096868712   0.0173426720  -0.0017685362
       -0.0154436933   0.0000002353   0.0000060561  -0.0000069699   0.0000064715
        0.0000115307  -0.0000031776  -0.0001055007   0.0000512367  -0.0001510933
        0.0004761583  -0.0001863697  -0.0004047830   0.0006769893   0.0003619112
       -0.0018580368  -0.0000369092   0.0000589161  -0.0000474165  -0.0000307428
       -0.0000656686  -0.0000345119  -0.0000079288   0.0000112743  -0.0000484912
        0.0064295180   0.0029864528  -0.0060637172   0.0000263747  -0.0010133097
        0.0005024289  -0.0000009966  -0.0001711606   0.0000359042  -0.0000231194
       -0.0000136044   0.0000478470   0.0003056237   0.0001555511  -0.0003036985
        0.0007806311   0.0013581373   0.0001812791   0.0000306296  -0.0000246707
       -0.0000744482   0.0001009261   0.0000981411  -0.0000852985  -0.0001472784
       -0.0001199564   0.0002114510   0.1070298147  -0.0040500018  -0.1679226844
       -0.0000276882  -0.0000129587   0.0000226335  -0.0001780944   0.0005604007
       -0.0007956074  -0.0001395171  -0.0004358267   0.0001561331  -0.0000706270
        0.0001685901   0.0003654584   0.0047544019  -0.0087694175  -0.0424999453
       -0.0000653095   0.0000879522   0.0000457704  -0.0000211017  -0.0000255597
        0.0000029517   0.0000011357  -0.0000311574   0.0000249802   0.0000018715
       -0.0000258782  -0.0000158129   0.0000022044   0.0000200084   0.0000111934
        0.0000439962   0.0000651525   0.0000155940  -0.0000125941  -0.0001569005
        0.0000440447   0.0001359302   0.0000310143  -0.0000830296  -0.0000397919
        0.0000569844   0.0001019488  -0.0001925040   0.0000709306  -0.0000153777
       -0.1206024932   0.0096868712   0.2129717170   0.0020806929  -0.0006479130
        0.0018087999   0.0000186949  -0.0000040066   0.0000169217   0.0000006271
       -0.0000048155  -0.0000002783   0.0000361241   0.0000674632  -0.0000292018
        0.0001262015  -0.0002016242   0.0003172803  -0.0004867653   0.0004589595
        0.0009031597   0.0000301257  -0.0000371656   0.0000346027   0.0000958381
       -0.0001190100   0.0000519636  -0.0000234815  -0.0000076723   0.0000150367
        0.0052206462  -0.0047717574   0.0006606149  -0.0002445092  -0.0009844777
        0.0000122595   0.0002165171  -0.0002404361  -0.0001132964   0.0000133378
        0.0000279363  -0.0000324533  -0.0000550585   0.0000126390   0.0001026495
       -0.0001047857   0.0000541507  -0.0003346308   0.0008134233  -0.0027558891
        0.0004532767   0.0001377328   0.0000041194  -0.0001143325  -0.0000075922
       -0.0002480984   0.0004904951  -0.1486060928   0.1030490920  -0.0139209744
       -0.0000967590  -0.0000617181   0.0000064863  -0.0000910483  -0.0000871114
        0.0001187285   0.0000537157   0.0002133564   0.0000022603  -0.0001231546
       -0.0001179318  -0.0001472340  -0.0209585912   0.0052285745  -0.0216990277
        0.0000438989   0.0000783137  -0.0001054467   0.0000053686  -0.0001265997
        0.0000394143  -0.0000014879   0.0000218238   0.0000159936  -0.0000171131
       -0.0000068248   0.0000048146   0.0000161203   0.0000276001  -0.0000043771
       -0.0000275491  -0.0000449263  -0.0000117000  -0.0000810264  -0.0000128389
        0.0001139891  -0.0005353178  -0.0007052397  -0.0002660133  -0.0001380660
        0.0001303255  -0.0000090894  -0.0000872235  -0.0001142427   0.0000238899
       -0.0194240580   0.0173426720   0.0020806929   0.1845274315  -0.1161872109
        0.0329733170   0.0000071500   0.0000017395   0.0000033047  -0.0000277367
        0.0000252225   0.0000130008   0.0000310361  -0.0000098296  -0.0000295279
        0.0000395839  -0.0000233870  -0.0000998602  -0.0004962501   0.0003127435
       -0.0004027926  -0.0000030388   0.0000506881   0.0000006456  -0.0000261181
       -0.0000634945   0.0001490138   0.0000266149  -0.0000189830   0.0000259095
        0.0168045267  -0.0247948382   0.0028835660  -0.0020996682  -0.0048392672
        0.0018459876   0.0010381430  -0.0011578534  -0.0002272524   0.0000296355
        0.0001123804  -0.0000702851   0.0000080900   0.0001935782   0.0000653648
        0.0008353492  -0.0006517249  -0.0003624711   0.0017297169   0.0004855487
        0.0005530403   0.0000905747  -0.0000112603   0.0001421771  -0.0004681389
        0.0006155261  -0.0006934327   0.1016874714  -0.1374398448   0.0191758586
        0.0000556734   0.0001829225  -0.0000538536  -0.0004986639   0.0000381581
       -0.0001795468  -0.0000655291   0.0000024470   0.0000138398  -0.0000731137
        0.0001185709   0.0000642141  -0.0044907080   0.0089224139   0.0006789242
        0.0000248567   0.0000566179   0.0000626156  -0.0001498103  -0.0004072740
        0.0000461927   0.0000067097  -0.0000614077  -0.0000275420   0.0000055155
        0.0000350840  -0.0000423204  -0.0000216410   0.0000126852  -0.0000087763
       -0.0000142760  -0.0000231918  -0.0000249607  -0.0000443200   0.0000039803
       -0.0001512170  -0.0017949196  -0.0002029437  -0.0005357484  -0.0000106932
       -0.0000737427  -0.0000952863   0.0003752996   0.0004070654   0.0007318138
        0.0043918129  -0.0017685362  -0.0006479130  -0.1161872109   0.1597017526
       -0.0227154079  -0.0000285170  -0.0000058892  -0.0000380109   0.0000712030
        0.0000268197  -0.0000089693  -0.0000121175  -0.0000125596   0.0000141736
       -0.0000385382  -0.0000105190   0.0000568173  -0.0011337634   0.0005872749
       -0.0003293868  -0.0000172369   0.0000086539  -0.0000317756   0.0000096563
       -0.0000523380  -0.0000646444  -0.0000153689   0.0000017109  -0.0000257847
       -0.0048890657   0.0060214317  -0.0000136668   0.0007212966   0.0003993841
       -0.0000947544  -0.0002051743   0.0001371122   0.0001566122  -0.0000050494
       -0.0000760644   0.0000117253   0.0001134726  -0.0000239721  -0.0000450570
       -0.0001029239   0.0005264700   0.0001202984  -0.0001734171  -0.0015197054
        0.0004878820  -0.0001727318  -0.0000657466  -0.0000806800   0.0002803183
       -0.0002946707   0.0000019301  -0.0146360042   0.0207902002  -0.0429339999
       -0.0000140504  -0.0000188938   0.0000094578   0.0000330887  -0.0000868619
       -0.0001994068  -0.0000089145  -0.0001109387  -0.0000323961   0.0000463645
        0.0000974556   0.0001626140  -0.0326566705   0.0122040710  -0.0203223965
       -0.0000727361   0.0001130071  -0.0000224305   0.0000010890   0.0000878554
       -0.0000164616   0.0000070553   0.0000039596   0.0000178250  -0.0000213817
       -0.0000039597  -0.0000192485   0.0000008335  -0.0000159761   0.0000029438
       -0.0000223176  -0.0000008132  -0.0000348029  -0.0000154561  -0.0001361468
        0.0000034087  -0.0003783922  -0.0002657284   0.0004103484   0.0000934905
       -0.0001187555  -0.0001256412   0.0000872955   0.0004832657  -0.0015045529
        0.0193668457  -0.0154436933   0.0018087999   0.0329733170  -0.0227154079
        0.0617012904  -0.0000282200  -0.0000128507  -0.0000173011  -0.0000166457
        0.0000063194  -0.0000090139   0.0000123024  -0.0000216434   0.0000216178
       -0.0000517024   0.0000093710   0.0001359782  -0.0002815918   0.0001515764
        0.0003176415   0.0000104391   0.0000282583   0.0000269744   0.0000084957
       -0.0001182369   0.0000669243  -0.0000032591  -0.0000096722   0.0000075382
        0.0002161138   0.0000549439   0.0000763639   0.0000147658  -0.0000241825
       -0.0000274431  -0.0000497602   0.0000575584  -0.0000254633   0.0006672032
       -0.0002421374   0.0009382342   0.0006139153  -0.0073003741  -0.0026420572
       -0.0010008092   0.0002627239  -0.0016863913  -0.0003228999   0.0029288040
        0.0006447546  -0.0135025172   0.0040634781  -0.0265577109   0.0000276549
        0.0000254772   0.0001323181   0.0000173717   0.0000519425  -0.0000519895
       -0.0757641513   0.0121211608  -0.0904259474   0.0000624898   0.0000101691
       -0.0000214058   0.0000014631   0.0000061862  -0.0000007748  -0.0000490683
        0.0000017226   0.0000279155   0.0000538021   0.0000260258   0.0000901159
       -0.0000648834   0.0000037721   0.0000327098   0.0000012207  -0.0000113986
        0.0000189817  -0.0000556019   0.0000442368  -0.0000370390   0.0001616249
       -0.0001831665   0.0000773128  -0.0000188293   0.0000625384   0.0000260679
       -0.0002229144   0.0000781017  -0.0005615480  -0.0003436987  -0.0004258273
       -0.0000468901   0.0002065846   0.0002158941  -0.0004808504  -0.0006526365
       -0.0001477896   0.0005458190  -0.0000221892   0.0000125511  -0.0000035345
       -0.0000399093   0.0000002353   0.0000186949   0.0000071500  -0.0000285170
       -0.0000282200   0.0849082917  -0.0079630266   0.1080480765   0.0051056250
       -0.0036849087   0.0118689740   0.0000118235  -0.0000002769  -0.0000029014
       -0.0000010512  -0.0000024910   0.0000052387  -0.0000042521  -0.0000175151
        0.0000165623   0.0000238053  -0.0000273678   0.0000052231   0.0000315475
        0.0000269077   0.0000154971  -0.0000172809   0.0000045493   0.0000113069
        0.0000002180  -0.0000076619  -0.0001225768   0.0000390820   0.0000273850
       -0.0000059394   0.0001180926  -0.0000677112  -0.0000464716  -0.0012136599
        0.0002558665  -0.0018156104  -0.0062760032   0.0066762365   0.0028283183
        0.0003093650  -0.0000818876   0.0006028706   0.0023839537  -0.0024724108
       -0.0019011780  -0.0049978242   0.0016360910  -0.0125414645   0.0000645418
        0.0000705737  -0.0000028164  -0.0000325617  -0.0000149641  -0.0000185641
        0.0125078816  -0.0448584975   0.0479828849   0.0000250514  -0.0000168737
       -0.0000106997  -0.0000027246  -0.0000057319   0.0000019691   0.0000129646
       -0.0000019194   0.0000072166   0.0000445088   0.0000188886   0.0000275962
       -0.0000170426  -0.0000008291   0.0000131352   0.0000184051  -0.0000147205
       -0.0000104294   0.0000329155  -0.0000178155  -0.0000211254  -0.0004309398
        0.0004862296  -0.0001361694  -0.0000840221  -0.0000752773  -0.0000145734
        0.0002038164  -0.0002406251   0.0006099449   0.0000923622   0.0000865951
       -0.0000510582  -0.0002915627  -0.0007586863   0.0003264695   0.0001772599
        0.0004787051  -0.0004466771  -0.0000433897  -0.0000061151  -0.0000092694
       -0.0000002443   0.0000060561  -0.0000040066   0.0000017395  -0.0000058892
       -0.0000128507  -0.0079630266   0.0419422657  -0.0533174536   0.0053114773
       -0.0030409118   0.0180727285   0.0000024958   0.0000073397   0.0000024996
       -0.0000023024   0.0000026733  -0.0000024321  -0.0000114890  -0.0000009281
        0.0000048500   0.0000148313  -0.0000039105   0.0000081560   0.0000019942
        0.0000013238  -0.0000016047   0.0000038362  -0.0000028629   0.0000043315
        0.0002210784   0.0000652697  -0.0002026186   0.0000066516  -0.0000321326
       -0.0000164490   0.0000320599  -0.0001121626  -0.0000921558  -0.0006355536
        0.0000876361  -0.0009617566  -0.0034781076   0.0019479443   0.0027487524
       -0.0002971452   0.0002628765  -0.0000685209   0.0022850363  -0.0009172741
        0.0002810733  -0.0080159077   0.0003994106  -0.0135926809   0.0001068386
       -0.0001133059   0.0000853146   0.0000457105   0.0000712041   0.0000255737
       -0.0915502276   0.0469760200  -0.2584433406   0.0000945174   0.0000118245
       -0.0000070069   0.0000054097  -0.0000019872   0.0000060598  -0.0000384201
       -0.0000185523   0.0000655932   0.0000281074   0.0000131518   0.0000444181
       -0.0000527693  -0.0000061387   0.0000398478   0.0000246010   0.0000137811
        0.0000395531  -0.0000703554   0.0000536257  -0.0000148698  -0.0001917469
        0.0002761946  -0.0000313565   0.0001178252  -0.0001797369  -0.0000433445
        0.0002039904   0.0000432770   0.0007479768   0.0000114366  -0.0000609153
        0.0000249803  -0.0002464047  -0.0005490061   0.0001700588  -0.0001015846
        0.0000811291   0.0000442121  -0.0000492611   0.0000054156  -0.0000303507
       -0.0000254976  -0.0000069699   0.0000169217   0.0000033047  -0.0000380109
       -0.0000173011   0.1080480765  -0.0533174536   0.2867659578  -0.0065057527
        0.0050621917  -0.0176202672  -0.0000035919   0.0000006916  -0.0000045622
       -0.0000035692  -0.0000040387   0.0000114084  -0.0000076823  -0.0000132825
        0.0000189222   0.0000419087  -0.0000161463   0.0000040177   0.0000236673
        0.0000155476   0.0000025202  -0.0000266427  -0.0000000782   0.0000034193
       -0.0004389061  -0.0007784618   0.0002442929   0.0000326060  -0.0000451102
       -0.0000506361  -0.0000042001   0.0000234165  -0.0000536514  -0.0003181633
       -0.0001377234  -0.0004977455  -0.0005849850   0.0023888503   0.0021617020
        0.0001800027  -0.0001057123   0.0004440776   0.0006507181  -0.0058132811
       -0.0042259695  -0.0171157277  -0.0191739471   0.0160220160  -0.0000318672
        0.0000516387  -0.0001259691  -0.0001501887   0.0000828087  -0.0001986526
       -0.1023905966  -0.0874784031   0.0734268051   0.0000462634   0.0000349294
        0.0000417459  -0.0000047366   0.0000221675  -0.0000186390   0.0000851085
        0.0000073879  -0.0000109202  -0.0001212660  -0.0000758579  -0.0000643244
       -0.0000268821   0.0000025113  -0.0000181992   0.0000156447  -0.0000082050
       -0.0000239851  -0.0000030535  -0.0001164178   0.0000647416  -0.0000246457
        0.0001817907   0.0000178070  -0.0002061071   0.0003137377  -0.0000359176
        0.0000338936  -0.0002576246  -0.0002133332   0.0000737745   0.0000814138
       -0.0000193682  -0.0006637823  -0.0009918565   0.0007234046   0.0004450990
        0.0005194472  -0.0005585323   0.0000505672   0.0000788079   0.0000746963
        0.0000249866   0.0000064715   0.0000006271  -0.0000277367   0.0000712030
       -0.0000166457   0.0051056250   0.0053114773  -0.0065057527   0.1153654939
        0.1058537617  -0.0805715087   0.0000001569  -0.0000146761  -0.0000130126
        0.0000168847   0.0000003413  -0.0000130913  -0.0000120592  -0.0000324193
       -0.0000015389  -0.0000074116   0.0000011434   0.0000007850   0.0000055638
       -0.0000044012   0.0000142903  -0.0000000730   0.0000007917   0.0000004017
       -0.0006050695  -0.0007711933   0.0007926919  -0.0000911345   0.0000254485
       -0.0000481034  -0.0000013750   0.0000341437   0.0000276754   0.0005261407
       -0.0000832262   0.0007444241   0.0031284783  -0.0026805939  -0.0008050358
        0.0000567588   0.0002163965  -0.0000281712  -0.0068996283   0.0065159451
        0.0016112284  -0.0108785242  -0.0127847003   0.0082104966   0.0001199210
       -0.0000565926  -0.0001251494  -0.0000960215   0.0001721658  -0.0001905156
       -0.0877801562  -0.1419478816   0.1034223013   0.0000604581   0.0000367175
        0.0000235009  -0.0000064141   0.0000138718  -0.0000139474   0.0000430023
       -0.0000033776  -0.0000270945  -0.0000790203  -0.0001206743  -0.0000771324
       -0.0000246475   0.0000040895  -0.0000060782   0.0000174974   0.0000129928
       -0.0000067608  -0.0001039910  -0.0000485369   0.0000583372   0.0001743552
       -0.0002320131   0.0000298253   0.0000276728   0.0002221561  -0.0000183246
       -0.0001481739   0.0000558146  -0.0009168366  -0.0000068498  -0.0000210467
        0.0000009751   0.0008264352   0.0013686974  -0.0007963464  -0.0004663892
       -0.0007943941   0.0006882929   0.0000025304   0.0000422996   0.0000786626
        0.0000312188   0.0000115307  -0.0000048155   0.0000252225   0.0000268197
        0.0000063194  -0.0036849087  -0.0030409118   0.0050621917   0.1058537617
        0.1538630714  -0.1176725688  -0.0000131261  -0.0000140184  -0.0000099094
        0.0000139595   0.0000021735  -0.0000114942  -0.0000091715  -0.0000253448
       -0.0000001306  -0.0000084705   0.0000051791  -0.0000013128   0.0000066719
       -0.0000081253   0.0000083794  -0.0000110128   0.0000031178  -0.0000055748
       -0.0002373349  -0.0001306759   0.0002349375   0.0000015357   0.0000260959
       -0.0000117419   0.0000357302   0.0000301536   0.0000441263   0.0002192007
       -0.0001087992   0.0003995968   0.0003571175  -0.0021514546   0.0002732956
       -0.0000495437   0.0000225001  -0.0002630356  -0.0034214034   0.0021971816
        0.0021487635  -0.0024233525  -0.0043404911   0.0044370549   0.0000362907
        0.0000546946   0.0000438355  -0.0001342873  -0.0000756629  -0.0000454051
        0.0746723981   0.1044784111  -0.1354679216  -0.0000291311  -0.0000208773
       -0.0000133387  -0.0000023028  -0.0000051859   0.0000027451  -0.0000306001
       -0.0000014433  -0.0000207023   0.0000622735   0.0000106295   0.0000514643
        0.0000045451   0.0000011516   0.0000031191   0.0000100944  -0.0000163700
       -0.0000245928   0.0000093852   0.0000531608  -0.0000996910   0.0000797006
       -0.0001084830  -0.0000070040   0.0000044416  -0.0000018997   0.0001318275
       -0.0000378911  -0.0001277023  -0.0001525229  -0.0000453552  -0.0000684823
        0.0000375194   0.0003020276   0.0003344431  -0.0004683990  -0.0006495057
       -0.0004189780   0.0005384825  -0.0000397090  -0.0000245615  -0.0000088990
       -0.0000084247  -0.0000031776  -0.0000002783   0.0000130008  -0.0000089693
       -0.0000090139   0.0118689740   0.0180727285  -0.0176202672  -0.0805715087
       -0.1176725688   0.1458664654   0.0000114884   0.0000080601   0.0000028045
       -0.0000035452   0.0000029244  -0.0000048020  -0.0000090296  -0.0000070283
       -0.0000009719  -0.0000059939  -0.0000045317   0.0000037840  -0.0000011746
        0.0000015664  -0.0000018271   0.0000118896   0.0000036415   0.0000005924
       -0.0001458495  -0.0004015513  -0.0001014144  -0.0017764980  -0.0035185172
        0.0031423382  -0.0013583733  -0.0000245912  -0.0003597094  -0.0000900157
       -0.0001247795  -0.0000793412   0.0000657715   0.0000289411  -0.0000408663
        0.0000346791  -0.0000103317  -0.0002857631  -0.0000488183   0.0001055556
        0.0001089510   0.0001478322   0.0000669220   0.0000008804  -0.0000618436
        0.0000454822   0.0001368005  -0.0001481913  -0.0000189000  -0.0000577808
       -0.0000144451   0.0000081719   0.0000191173  -0.0283412708  -0.0043845204
       -0.0076365888  -0.2654930382  -0.0360854805  -0.0846590930   0.0003560921
        0.0000399401   0.0005041876   0.0002230067  -0.0001521333   0.0001080695
        0.0010376838   0.0015114555  -0.0013944277  -0.0000088014   0.0000903384
       -0.0000255105  -0.0000936295  -0.0002849993   0.0000246608  -0.0000005227
        0.0000140410   0.0000160112  -0.0000588842  -0.0000354686   0.0000701292
       -0.0000160022  -0.0000013676   0.0000309087  -0.0000337798  -0.0000206709
       -0.0000016278  -0.0000428403   0.0000350920  -0.0000134215   0.0000696055
       -0.0000169378   0.0000557127   0.0000038463  -0.0000085118  -0.0000527164
       -0.0000998944  -0.0001055007   0.0000361241   0.0000310361  -0.0000121175
        0.0000123024   0.0000118235   0.0000024958  -0.0000035919   0.0000001569
       -0.0000131261   0.0000114884   0.3010042884   0.0443666322   0.0931639961
       -0.0058121612  -0.0011423587  -0.0031692666  -0.0000756400   0.0001940027
       -0.0000739106   0.0002206894   0.0002375874  -0.0004444888  -0.0000873949
       -0.0000353795   0.0000624391   0.0006013828  -0.0003494143   0.0008954018
       -0.0023471340  -0.0006090743  -0.0006636788  -0.0039768041   0.0108633868
        0.0023797664   0.0016192865   0.0005386062   0.0004853872   0.0001015559
        0.0001516227   0.0000079442   0.0000105591   0.0000206823   0.0000082528
       -0.0000030951   0.0000853544  -0.0001837064  -0.0004359979   0.0004313539
        0.0001570472   0.0000314850   0.0000538409  -0.0000521197  -0.0000766617
        0.0000034038   0.0001238325   0.0002253000  -0.0001950109  -0.0001157942
        0.0000013622  -0.0000259587   0.0000112726  -0.0077474538  -0.0027546294
       -0.0022126984  -0.0358366875  -0.0370404564  -0.0097384644   0.0000038222
       -0.0000162371   0.0003331580  -0.0000451843   0.0000178527   0.0001426164
        0.0003835866  -0.0039141626  -0.0015505450   0.0001366416  -0.0001002182
        0.0000052071   0.0002452655   0.0004200343  -0.0000241486   0.0000078380
        0.0000023223  -0.0000006703   0.0000517530   0.0000105547  -0.0000733649
       -0.0000034996  -0.0000110390   0.0000065760  -0.0000199651  -0.0000138692
        0.0000021878  -0.0001661294   0.0000056954  -0.0000931247   0.0000372338
        0.0000080666   0.0000116377   0.0000253513  -0.0000085846  -0.0000410228
       -0.0001222760   0.0000512367   0.0000674632  -0.0000098296  -0.0000125596
       -0.0000216434  -0.0000002769   0.0000073397   0.0000006916  -0.0000146761
       -0.0000140184   0.0000080601   0.0443666322   0.0298200011   0.0089126571
        0.0031669505   0.0024184381   0.0019401642   0.0000289316  -0.0000317825
       -0.0000369964  -0.0000522945  -0.0000896254   0.0005637524   0.0001457434
        0.0000014188  -0.0009310503   0.0002686671  -0.0000739850   0.0005713539
       -0.0000920867  -0.0000156982   0.0001305033   0.0012774099   0.0024345231
       -0.0010836807   0.0006544227   0.0001813640   0.0005135002   0.0000226719
        0.0000089598   0.0000278333   0.0000020605  -0.0000040521   0.0000011360
        0.0000119339   0.0000022378  -0.0000073094   0.0000285981  -0.0000417124
        0.0000090058   0.0000022486   0.0000198846  -0.0000062784  -0.0000372915
        0.0000372638   0.0000673867  -0.0000169489   0.0000179350  -0.0001342223
       -0.0000004266  -0.0000038288   0.0000113362   0.0152833768   0.0020605574
        0.0050916423  -0.0864138942  -0.0104658621  -0.0766122600   0.0001177977
        0.0000783266   0.0002744380   0.0000447543   0.0000634951   0.0001176539
        0.0021984897  -0.0005016531   0.0004475811  -0.0000084483  -0.0000681203
       -0.0000039849   0.0001588585   0.0002216470   0.0000110846  -0.0000112753
       -0.0000101487   0.0000355410  -0.0000047375  -0.0000113472  -0.0000080753
       -0.0000125232  -0.0000032344   0.0000109282  -0.0000232156   0.0000199819
        0.0000476746   0.0000060582   0.0000040757  -0.0000001090   0.0000396472
        0.0000226940   0.0000079639  -0.0000041774  -0.0000025088  -0.0000166992
       -0.0000263526  -0.0001510933  -0.0000292018  -0.0000295279   0.0000141736
        0.0000216178  -0.0000029014   0.0000024996  -0.0000045622  -0.0000130126
       -0.0000099094   0.0000028045   0.0931639961   0.0089126571   0.0844626359
       -0.0265571463  -0.0032574545  -0.0123594451  -0.0000311643  -0.0000198599
        0.0000191888  -0.0001197283  -0.0000459962  -0.0000062167   0.0000439328
       -0.0000147709  -0.0002240053   0.0003486019   0.0005249741  -0.0008154056
       -0.0002049607  -0.0001205353   0.0000576126   0.0001490797   0.0005456715
        0.0025719395   0.0001462667   0.0001401542  -0.0000335102  -0.0000345924
        0.0000115663  -0.0000101818  -0.0000049816   0.0000075014  -0.0000174799
       -0.0000666995   0.0000315759   0.0000272477  -0.0000200045   0.0000244737
        0.0000322762  -0.0000170138  -0.0000364893   0.0000228183   0.0000374750
       -0.0000320464  -0.0000704891   0.0000078194   0.0000235869   0.0001949919
        0.0000100450   0.0000106780  -0.0000220760   0.0021082417  -0.0028453075
        0.0206445780  -0.0491351938   0.0023660384  -0.0379804799  -0.0015826306
       -0.0006788027  -0.0000498801  -0.0000277641  -0.0000889414  -0.0001438069
       -0.0017002416  -0.0031887695   0.0016437590   0.0000293395   0.0000703074
        0.0000106154   0.0000046428   0.0000754053  -0.0000338418   0.0000298853
        0.0000169020  -0.0000521750   0.0000202511   0.0000137757  -0.0000294065
        0.0000222089   0.0000058944  -0.0000118103   0.0000459830  -0.0000260600
       -0.0000591264   0.0000143166   0.0000036847  -0.0000099818  -0.0000465246
       -0.0000338619  -0.0000579712   0.0000012534  -0.0000009053   0.0000190930
       -0.0001998742   0.0004761583   0.0001262015   0.0000395839  -0.0000385382
       -0.0000517024  -0.0000010512  -0.0000023024  -0.0000035692   0.0000168847
        0.0000139595  -0.0000035452  -0.0058121612   0.0031669505  -0.0265571463
        0.0557277894   0.0003920824   0.0387080091   0.0000127311   0.0000491214
       -0.0000401403   0.0003024183  -0.0002426262   0.0012550286   0.0000643746
       -0.0000121028  -0.0001040010   0.0000631039  -0.0000981993   0.0000281502
        0.0007711529   0.0002226187   0.0000845983   0.0017499507  -0.0039228478
        0.0000853189  -0.0006261299  -0.0001701874  -0.0000722953  -0.0000578426
       -0.0000565941  -0.0000456084  -0.0000024833   0.0000022242   0.0000142712
        0.0000511039  -0.0000428315   0.0000481655   0.0001446904  -0.0001335560
       -0.0000286148  -0.0000155023  -0.0000112423  -0.0000025827   0.0000015206
       -0.0000463543  -0.0000724800   0.0000440399   0.0000446208   0.0000276366
        0.0000071629  -0.0000041905  -0.0000054513   0.0004386479  -0.0031093936
        0.0081281195   0.0018520059  -0.0361906486   0.0371311990  -0.0006391405
        0.0000877525  -0.0003613601  -0.0001247066   0.0000050641  -0.0000254265
       -0.0029134920   0.0111220315   0.0031790690   0.0000103367   0.0000219085
        0.0000371902  -0.0001218485  -0.0001155596   0.0000115600   0.0000327687
        0.0000146438  -0.0000139846  -0.0000060840  -0.0000165660   0.0000222708
        0.0000076453  -0.0000077909  -0.0000019427   0.0000376072  -0.0000068611
       -0.0000169669   0.0000756610  -0.0000172378   0.0000214646  -0.0000247799
        0.0000041209  -0.0000275486   0.0000268176  -0.0000033489   0.0000029464
        0.0004461108  -0.0001863697  -0.0002016242  -0.0000233870  -0.0000105190
        0.0000093710  -0.0000024910   0.0000026733  -0.0000040387   0.0000003413
        0.0000021735   0.0000029244  -0.0011423587   0.0024184381  -0.0032574545
        0.0003920824   0.0300094702  -0.0455524095   0.0000340040  -0.0000450721
       -0.0000319962  -0.0000719317   0.0005180447  -0.0017055543   0.0000192787
       -0.0003242239   0.0029595266  -0.0003707512  -0.0000543894  -0.0003382926
        0.0001287442   0.0001312555  -0.0000063774  -0.0016883472  -0.0013419570
        0.0006889719  -0.0003093890  -0.0001642177   0.0001476629  -0.0000470413
       -0.0000489707   0.0000850105   0.0000202742  -0.0000265657   0.0000561416
       -0.0000958637   0.0000325935  -0.0000139232  -0.0000107320  -0.0000281487
        0.0000486859  -0.0000107610  -0.0000046179  -0.0000310867   0.0000213252
       -0.0000492811   0.0001250809   0.0000114742   0.0000326905  -0.0003617676
       -0.0000132131  -0.0000073313   0.0000269412  -0.0015027264   0.0039875210
       -0.0253094460  -0.0364882423   0.0378013545  -0.2908144041   0.0008211683
        0.0002295397   0.0009402664   0.0000387391  -0.0000442624   0.0001552485
        0.0033299132   0.0033094932  -0.0010405493  -0.0000436650   0.0000269011
       -0.0001544111   0.0000461362  -0.0000497893   0.0000767616  -0.0000905706
       -0.0000374128   0.0000485587  -0.0000142826   0.0000151702   0.0000559152
       -0.0000352510  -0.0000051177  -0.0000077345  -0.0001135773   0.0000497367
        0.0000572958  -0.0000026479  -0.0000049876  -0.0000184092   0.0000375843
        0.0000339257   0.0000572109  -0.0000104544   0.0000294878  -0.0000593621
        0.0001736083  -0.0004047830   0.0003172803  -0.0000998602   0.0000568173
        0.0001359782   0.0000052387  -0.0000024321   0.0000114084  -0.0000130913
       -0.0000114942  -0.0000048020  -0.0031692666   0.0019401642  -0.0123594451
        0.0387080091  -0.0455524095   0.3284007065   0.0000030386  -0.0000848395
       -0.0000993220   0.0000306277   0.0001492730  -0.0016021970  -0.0000368085
        0.0001730386  -0.0000502204   0.0004199101  -0.0001303443   0.0004983324
       -0.0011839163  -0.0003416164  -0.0024332429  -0.0001034809   0.0000280487
       -0.0000172619   0.0000062831   0.0000262002  -0.0000361173   0.0000150991
        0.0000372990   0.0000133937   0.0000554662   0.0000998053  -0.0001078095
        0.0003329416   0.0000220835   0.0000455590  -0.0001747867  -0.0005182008
       -0.0000253160  -0.0000987488  -0.0000618497  -0.0001135568  -0.0001948898
        0.0002191659  -0.0002920869  -0.0130518493  -0.0134693500   0.0016585497
       -0.0000477938  -0.0000092061   0.0000290170   0.0001397919   0.0002083072
        0.0001118601  -0.0000507597  -0.0001567000   0.0001356196   0.0000031562
       -0.0000156951   0.0000763326  -0.1448881586  -0.1893329275   0.0493294016
       -0.0001296831  -0.0000240921  -0.0000359784  -0.0000259064   0.0000437276
        0.0000054905  -0.0000124724  -0.0000100619   0.0000063923  -0.0000079093
        0.0000252440  -0.0000536483  -0.0000115648   0.0000026925  -0.0000107616
        0.0000003296  -0.0000127396  -0.0000241283  -0.0000646407   0.0000323759
       -0.0003045641  -0.0000259283  -0.0000956332   0.0000100611  -0.0000842731
       -0.0000253388   0.0000250992   0.0000751232  -0.0004166328   0.0003584484
        0.0018963808   0.0006769893  -0.0004867653  -0.0004962501  -0.0011337634
       -0.0002815918  -0.0000042521  -0.0000114890  -0.0000076823  -0.0000120592
       -0.0000091715  -0.0000090296  -0.0000756400   0.0000289316  -0.0000311643
        0.0000127311   0.0000340040   0.0000030386   0.1581681770   0.2041801281
       -0.0472814485  -0.0000139643  -0.0000080897  -0.0000120482   0.0000910257
       -0.0000520449  -0.0002145536  -0.0000375779   0.0000395995  -0.0000295079
       -0.0024579480  -0.0007937098  -0.0029346934  -0.0001012900   0.0002502708
       -0.0000950586   0.0001060336   0.0000169672   0.0000002145   0.0000170292
        0.0000218792  -0.0000064282   0.0000155112   0.0000280983  -0.0001072335
        0.0001269268   0.0006169047   0.0001881630  -0.0000814712  -0.0006349669
        0.0000900958  -0.0001935846  -0.0000326434  -0.0001428177   0.0002805270
        0.0000005778  -0.0000290905  -0.0052505601  -0.0089392167  -0.0022569338
       -0.0000187856  -0.0000573069   0.0000191683  -0.0004644736  -0.0003971725
        0.0001967526   0.0001016619   0.0003276798  -0.0001154198  -0.0000361633
       -0.0001081124   0.0000117332  -0.1959152832  -0.2673450313   0.0854090378
        0.0000945647   0.0002072996   0.0000163516  -0.0000042099  -0.0000553911
        0.0000023545   0.0000316174   0.0000474640   0.0000316072  -0.0000350556
        0.0000079947  -0.0000255499   0.0000310441  -0.0000098759  -0.0000251940
        0.0000120262  -0.0000258020  -0.0000603406  -0.0002794121   0.0000515507
       -0.0002811911   0.0001399909  -0.0000597330   0.0001093414  -0.0001224673
       -0.0000474342  -0.0000376575  -0.0001038723  -0.0005100711  -0.0002118005
       -0.0004722451   0.0003619112   0.0004589595   0.0003127435   0.0005872749
        0.0001515764  -0.0000175151  -0.0000009281  -0.0000132825  -0.0000324193
       -0.0000253448  -0.0000070283   0.0001940027  -0.0000317825  -0.0000198599
        0.0000491214  -0.0000450721  -0.0000848395   0.2041801281   0.2768015717
       -0.0803140853   0.0000416511   0.0001986363  -0.0000895927  -0.0002636358
       -0.0002781441   0.0001492067   0.0001158122  -0.0001283422   0.0000235346
       -0.0029764235  -0.0010570065  -0.0032180341  -0.0000562092   0.0000159703
        0.0000317936   0.0000596630  -0.0000319652  -0.0000073925   0.0000030606
       -0.0000075499  -0.0000118276   0.0000726231  -0.0000315239   0.0000324706
        0.0001476573   0.0002424345  -0.0003780470  -0.0004698183  -0.0009811827
        0.0000670476  -0.0002545771  -0.0000569163  -0.0001329545   0.0001845268
        0.0001406899  -0.0002651807  -0.0173818715  -0.0251359556   0.0037368492
       -0.0000100997  -0.0000343159   0.0000611519   0.0000855705  -0.0002048187
        0.0001810332   0.0001562050   0.0002184541  -0.0000196166  -0.0000617063
       -0.0000097036  -0.0000851432   0.0695766299   0.1089054524  -0.0696504113
       -0.0000317870  -0.0001089466  -0.0002206638   0.0000032400   0.0000027574
        0.0000100527   0.0000042858   0.0000373531  -0.0000044601   0.0000079205
       -0.0000111529   0.0000286973   0.0000141408   0.0000294717   0.0000071384
        0.0000483273   0.0000540018   0.0000021067   0.0001753204  -0.0000076463
        0.0002463046  -0.0000021200   0.0000246478   0.0000400297  -0.0000337842
       -0.0000360828  -0.0000352145  -0.0002613314   0.0003928895   0.0004278626
       -0.0013335066  -0.0018580368   0.0009031597  -0.0004027926  -0.0003293868
        0.0003176415   0.0000165623   0.0000048500   0.0000189222  -0.0000015389
       -0.0000001306  -0.0000009719  -0.0000739106  -0.0000369964   0.0000191888
       -0.0000401403  -0.0000319962  -0.0000993220  -0.0472814485  -0.0803140853
        0.0677753037  -0.0000424078  -0.0000243417   0.0000391424   0.0002283529
        0.0001356822   0.0001434248  -0.0000686127   0.0001050861   0.0000399185
        0.0000807429   0.0000407910  -0.0000694217   0.0003935783   0.0002415582
       -0.0002710001  -0.0001749778  -0.0000608571  -0.0006328313  -0.0016630303
       -0.0000725685  -0.0014587325  -0.0000082767  -0.0000390322   0.0002182007
       -0.0001933224   0.0002261746   0.0000209499  -0.0000617178   0.0000200627
        0.0000172408  -0.0000258225  -0.0000145417  -0.0001877541   0.0001546312
       -0.0002009854   0.0000008034   0.0000017164   0.0000008734  -0.0000286081
        0.0000120184  -0.0000305769   0.0000528360   0.0020304959   0.0030127357
        0.0024086265   0.0006879315   0.0000173211  -0.0008199447  -0.0000677272
       -0.0000576680   0.0000193547  -0.0000151122   0.0000352397   0.0000515113
       -0.0932440774  -0.0919416239   0.0342632894   0.0001994631  -0.0000609775
       -0.0001892203  -0.0000609579   0.0000117010   0.0000657619  -0.0016637696
       -0.0009319389   0.0008268799   0.0000569996  -0.0001464734   0.0002177214
       -0.0000373060  -0.0000015289   0.0000394184  -0.0003001633   0.0006838393
        0.0000265724   0.0000058696  -0.0000264912   0.0000099359   0.0000093286
        0.0000070359   0.0000449119  -0.0000119955  -0.0000103110  -0.0000113360
       -0.0000263971  -0.0000369092   0.0000301257  -0.0000030388  -0.0000172369
        0.0000104391   0.0000238053   0.0000148313   0.0000419087  -0.0000074116
       -0.0000084705  -0.0000059939   0.0002206894  -0.0000522945  -0.0001197283
        0.0003024183  -0.0000719317   0.0000306277  -0.0000139643   0.0000416511
       -0.0000424078   0.1078238992   0.1085770729  -0.0415952425   0.0050511199
        0.0085174753  -0.0026267244  -0.0194756391  -0.0276659458   0.0096618301
       -0.0000565339  -0.0000948686   0.0001676095  -0.0001229331  -0.0000400036
       -0.0001822904  -0.0003648436   0.0003440624  -0.0001852188  -0.0008074329
       -0.0000887746  -0.0003766204   0.0002429756   0.0000211440   0.0000254598
        0.0003648381  -0.0001616370   0.0003746987  -0.0000108159   0.0000157491
       -0.0000855700   0.0000449456  -0.0000457587   0.0000120957  -0.0004751008
        0.0003885222  -0.0001752787  -0.0001130587  -0.0000999668   0.0000667186
       -0.0000314545   0.0000029558  -0.0000552965  -0.0026825134  -0.0045511800
        0.0055578707   0.0005545990  -0.0002285731   0.0007281606  -0.0001612769
       -0.0000506897  -0.0001903434   0.0002340979  -0.0003209492  -0.0000652617
       -0.0916797962  -0.2085481966   0.0664821423  -0.0000242411   0.0000624656
       -0.0003550872  -0.0000182992  -0.0000033321  -0.0000683247  -0.0003425229
        0.0006931430  -0.0000967424  -0.0002466652  -0.0001808731  -0.0001626491
        0.0000178805  -0.0000258203  -0.0000178077   0.0006366336  -0.0008949908
       -0.0002925271  -0.0000252410  -0.0000118410   0.0000059460  -0.0000301334
       -0.0000133149  -0.0000147523  -0.0000141896  -0.0000446483   0.0000577762
        0.0000110168   0.0000589161  -0.0000371656   0.0000506881   0.0000086539
        0.0000282583  -0.0000273678  -0.0000039105  -0.0000161463   0.0000011434
        0.0000051791  -0.0000045317   0.0002375874  -0.0000896254  -0.0000459962
       -0.0002426262   0.0005180447   0.0001492730  -0.0000080897   0.0001986363
       -0.0000243417   0.1085770729   0.2403901946  -0.0770497685  -0.0122654010
       -0.0278119253   0.0062499604  -0.0012229421   0.0006032131  -0.0004042495
       -0.0000066516   0.0001156347  -0.0000767048   0.0005096225  -0.0000106301
        0.0007772023  -0.0006059764   0.0002351440  -0.0004299182  -0.0000041415
       -0.0000823974   0.0003690774  -0.0000932510  -0.0000287596   0.0000480341
       -0.0000092265   0.0001218974   0.0000676340   0.0000242765  -0.0000118976
       -0.0000307548  -0.0000497390   0.0000017092  -0.0000216414   0.0000582164
       -0.0000734955  -0.0000425572   0.0000414837   0.0000537810   0.0000660225
        0.0000168162  -0.0000217547  -0.0000049472   0.0142840320   0.0263622575
       -0.0155041048  -0.0017419944   0.0012887206  -0.0046081000   0.0003717627
       -0.0000345094   0.0002104536  -0.0000465357  -0.0000996792  -0.0001562901
        0.0352781831   0.0675435079  -0.0646497958  -0.0000560164  -0.0008494829
       -0.0008413884   0.0002623174  -0.0000874925   0.0000038514  -0.0002069866
       -0.0000081619   0.0008484327   0.0000155342  -0.0000069913   0.0000006164
        0.0000897430  -0.0000322639  -0.0000339188   0.0000098654  -0.0000205835
        0.0002769171   0.0000417783  -0.0000159570  -0.0000021085   0.0000144635
        0.0000219050  -0.0000321700  -0.0000103543  -0.0000230670   0.0000113187
        0.0000440476  -0.0000474165   0.0000346027   0.0000006456  -0.0000317756
        0.0000269744   0.0000052231   0.0000081560   0.0000040177   0.0000007850
       -0.0000013128   0.0000037840  -0.0004444888   0.0005637524  -0.0000062167
        0.0012550286  -0.0017055543  -0.0016021970  -0.0000120482  -0.0000895927
        0.0000391424  -0.0415952425  -0.0770497685   0.0780139232  -0.0065132186
       -0.0134463857   0.0054107579  -0.0009279535  -0.0025375364   0.0018300512
        0.0000713214  -0.0000953549  -0.0001338820  -0.0002924957   0.0003459055
       -0.0001473228  -0.0000398945  -0.0000453841  -0.0001482779  -0.0000430084
       -0.0000378151  -0.0000464716   0.0000268937  -0.0000512322   0.0001125938
       -0.0017708332   0.0003508065  -0.0009784279  -0.0000578249   0.0000198040
        0.0000485237  -0.0000311031   0.0000387135  -0.0000563494   0.0002372093
       -0.0001694301   0.0002064794   0.0000703213   0.0000290105  -0.0002356002
        0.0000108703  -0.0000025709   0.0000502046   0.0027577988  -0.0042925569
        0.0005680443   0.0006966801  -0.0001446331   0.0000645849  -0.0000638137
        0.0000477373   0.0000332334  -0.0004623386   0.0004366686  -0.0000762736
       -0.0678006702   0.0628607383   0.0387854613  -0.0000390782   0.0000593428
        0.0000449897  -0.0000468317   0.0000264813   0.0000332520   0.0001618797
       -0.0001388422   0.0000203566   0.0000250204   0.0000604400   0.0000364981
       -0.0000076036   0.0000206372   0.0000217645  -0.0031110224  -0.0001190945
        0.0002343962   0.0000015107   0.0000070362  -0.0000017476   0.0000260184
        0.0000233861   0.0000656771  -0.0001209203   0.0002750572  -0.0000857153
       -0.0000356584  -0.0000307428   0.0000958381  -0.0000261181   0.0000096563
        0.0000084957   0.0000315475   0.0000019942   0.0000236673   0.0000055638
        0.0000066719  -0.0000011746  -0.0000873949   0.0001457434   0.0000439328
        0.0000643746   0.0000192787  -0.0000368085   0.0000910257  -0.0002636358
        0.0002283529   0.0050511199  -0.0122654010  -0.0065132186   0.0805644901
       -0.0744933766  -0.0482132978  -0.0158570360   0.0273649609   0.0159482212
       -0.0000534912   0.0001010468  -0.0001416652   0.0000596608   0.0000158536
       -0.0000132644  -0.0000080363  -0.0002082613  -0.0002046594  -0.0000919706
        0.0000516476  -0.0001526134  -0.0000809264  -0.0000320911   0.0000554744
       -0.0000278375   0.0003487417  -0.0003214685  -0.0000277616  -0.0000123447
        0.0000740547   0.0000040998   0.0000487881  -0.0000351347   0.0005776856
       -0.0005559819   0.0001570545   0.0001946407   0.0002979506   0.0001656633
        0.0000199759  -0.0000009960   0.0000568397  -0.0010323207   0.0038616636
       -0.0021337184  -0.0004937325  -0.0001209505   0.0009854999   0.0000819273
       -0.0000256206   0.0001642577   0.0000718588  -0.0005519407   0.0001886076
        0.0634978588  -0.1898182439  -0.0959609835  -0.0000009645   0.0001149176
        0.0001179544  -0.0000366378   0.0000634411   0.0000638008   0.0000479590
       -0.0003552759  -0.0000206660   0.0001406949   0.0000575683   0.0001016793
       -0.0000191935   0.0000120737   0.0000239802  -0.0006712763   0.0009451483
        0.0003016607   0.0000105966   0.0000013576   0.0000029397   0.0000207657
       -0.0000054583   0.0000251863   0.0000813972   0.0000479875  -0.0000460847
       -0.0000572498  -0.0000656686  -0.0001190100  -0.0000634945  -0.0000523380
       -0.0001182369   0.0000269077   0.0000013238   0.0000155476  -0.0000044012
       -0.0000081253   0.0000015664  -0.0000353795   0.0000014188  -0.0000147709
       -0.0000121028  -0.0003242239   0.0001730386  -0.0000520449  -0.0002781441
        0.0001356822   0.0085174753  -0.0278119253  -0.0134463857  -0.0744933766
        0.2179920491   0.1122951388   0.0039086942  -0.0037353881  -0.0023769654
       -0.0002988853  -0.0000094610  -0.0002887448  -0.0000060525  -0.0000788195
       -0.0001887040   0.0000190797  -0.0000087499   0.0000159663  -0.0000064812
       -0.0000074314   0.0000942134   0.0000131135  -0.0000469953   0.0001030584
       -0.0000470449   0.0001774157  -0.0001401839   0.0000470031   0.0000987488
       -0.0000118331  -0.0000097584  -0.0000095920   0.0000154062   0.0003110116
       -0.0001793600  -0.0000118837  -0.0006154305   0.0001135043  -0.0006111866
        0.0000306424   0.0000320371   0.0000165099   0.0113230231  -0.0219370506
       -0.0254982664  -0.0017875476  -0.0006168498  -0.0023873351  -0.0000429089
        0.0001939617   0.0000013466   0.0009155380  -0.0003332161   0.0002592731
        0.0414053986  -0.0996967570  -0.0997989760   0.0000598864   0.0001015024
       -0.0000857417   0.0001253055   0.0000373490   0.0000065275  -0.0001036387
       -0.0000740448   0.0000737088   0.0000650956   0.0000535071   0.0000141506
        0.0000552494   0.0000357666  -0.0000073149  -0.0006014361  -0.0000842194
        0.0011020148  -0.0000052655   0.0000250784  -0.0000050755   0.0000438170
        0.0000041811   0.0000167092  -0.0001470817   0.0001195315   0.0001086927
        0.0000430807  -0.0000345119   0.0000519636   0.0001490138  -0.0000646444
        0.0000669243   0.0000154971  -0.0000016047   0.0000025202   0.0000142903
        0.0000083794  -0.0000018271   0.0000624391  -0.0009310503  -0.0002240053
       -0.0001040010   0.0029595266  -0.0000502204  -0.0002145536   0.0001492067
        0.0001434248  -0.0026267244   0.0062499604   0.0054107579  -0.0482132978
        0.1122951388   0.1193790183   0.0001316230   0.0014595626   0.0024291122
       -0.0000111175  -0.0001534746   0.0000512252   0.0006156760   0.0005076875
       -0.0011988780   0.0000257608   0.0001826574   0.0000718387  -0.0000922807
       -0.0000842391   0.0001011597   0.0000065198   0.0000529171  -0.0001329652
        0.0002885148  -0.0001956546   0.0002834570  -0.0000440186   0.0000289124
        0.0000387000   0.0001017578   0.0000270415   0.0000428803  -0.0002898926
        0.0002415724  -0.0000102422  -0.0000904289  -0.0000187030   0.0001127165
       -0.0000061339   0.0000094078  -0.0000201513  -0.0101865802   0.0006103357
       -0.0068981621   0.0012380413  -0.0003714732   0.0023622323  -0.0003740422
       -0.0000621535  -0.0003936964   0.0001210772  -0.0000255627  -0.0000337265
       -0.2759666089   0.0181244862  -0.0341106089  -0.0000786868  -0.0000269844
        0.0000623644   0.0000621422  -0.0000123800   0.0000624218  -0.0000980956
        0.0000902964  -0.0002166587  -0.0000475369   0.0000142905  -0.0000770280
        0.0000345425  -0.0000084693  -0.0000131452  -0.0004271770   0.0000461862
       -0.0003352830  -0.0000160078   0.0000154737   0.0000100664   0.0000175215
       -0.0000212312  -0.0000069606   0.0000511946  -0.0001011179  -0.0000162978
        0.0000012862  -0.0000079288  -0.0000234815   0.0000266149  -0.0000153689
       -0.0000032591  -0.0000172809   0.0000038362  -0.0000266427  -0.0000000730
       -0.0000110128   0.0000118896   0.0006013828   0.0002686671   0.0003486019
        0.0000631039  -0.0003707512   0.0004199101  -0.0000375779   0.0001158122
       -0.0000686127  -0.0194756391  -0.0012229421  -0.0009279535  -0.0158570360
        0.0039086942   0.0001316230   0.3198610782  -0.0215388273   0.0404026664
       -0.0001862898  -0.0000480201  -0.0001364986  -0.0005036299   0.0007909562
        0.0004558701   0.0000595565   0.0001315102   0.0000520753  -0.0002534175
       -0.0001566513   0.0000541232   0.0000812117   0.0000335997   0.0000496864
        0.0001694128   0.0001793460  -0.0001065350  -0.0000264291   0.0000228976
        0.0000060049  -0.0000135694   0.0000300290  -0.0000152184   0.0000397112
       -0.0001235377   0.0000082132   0.0000874702   0.0000354026   0.0000286623
        0.0000029501   0.0000030112   0.0000049791   0.0038781091   0.0003288270
       -0.0002252392   0.0002935594  -0.0000514136   0.0003352916   0.0001448071
        0.0000805116   0.0001060127  -0.0000911566  -0.0000342032  -0.0000847249
        0.0185765024  -0.0460523440   0.0041655175  -0.0000276155   0.0000314423
        0.0001273619   0.0000332423   0.0000496261   0.0000070388   0.0001665277
        0.0000342657  -0.0001409635  -0.0000664149   0.0000107987  -0.0000902219
        0.0000139204  -0.0000073801  -0.0000046733  -0.0001096381  -0.0002162131
        0.0000766945  -0.0000138872  -0.0000007763  -0.0000086522  -0.0000080410
        0.0000051025   0.0000067230   0.0000110382   0.0000594836   0.0000002354
        0.0000035381   0.0000112743  -0.0000076723  -0.0000189830   0.0000017109
       -0.0000096722   0.0000045493  -0.0000028629  -0.0000000782   0.0000007917
        0.0000031178   0.0000036415  -0.0003494143  -0.0000739850   0.0005249741
       -0.0000981993  -0.0000543894  -0.0001303443   0.0000395995  -0.0001283422
        0.0001050861  -0.0276659458   0.0006032131  -0.0025375364   0.0273649609
       -0.0037353881   0.0014595626  -0.0215388273   0.0482393808  -0.0040797237
       -0.0000442388  -0.0000859199  -0.0001491323  -0.0002988730   0.0014442628
       -0.0050678600   0.0001493057   0.0000534287   0.0000971143   0.0000830322
        0.0000985569  -0.0000128008   0.0000747151  -0.0000113121   0.0000442205
        0.0000765670   0.0000615649  -0.0001465999  -0.0001229345   0.0000840279
        0.0000889845   0.0000541044   0.0000346711   0.0000110121   0.0001702953
       -0.0001518035   0.0000547280  -0.0000480997   0.0000455253   0.0000771789
        0.0000022613  -0.0000019709   0.0000251777  -0.0300453687   0.0028250619
       -0.0095360094  -0.0021130950  -0.0007073455   0.0002982746  -0.0011893834
       -0.0002361217  -0.0010305529   0.0000611421  -0.0001611200  -0.0001103415
       -0.0336458976   0.0033949995  -0.0467938104   0.0000094674  -0.0000601678
       -0.0000380569   0.0000637383   0.0000081226   0.0000470931  -0.0000679685
       -0.0000574381   0.0000676793   0.0000619289   0.0000069305   0.0000395238
        0.0000008498   0.0000012858   0.0000085812  -0.0001621317   0.0000427193
        0.0001015234  -0.0000197801   0.0000182899  -0.0000023346   0.0000439555
        0.0000050884   0.0000289843  -0.0000106410   0.0000285259  -0.0000123145
       -0.0000273308  -0.0000484912   0.0000150367   0.0000259095  -0.0000257847
        0.0000075382   0.0000113069   0.0000043315   0.0000034193   0.0000004017
       -0.0000055748   0.0000005924   0.0008954018   0.0005713539  -0.0008154056
        0.0000281502  -0.0003382926   0.0004983324  -0.0000295079   0.0000235346
        0.0000399185   0.0096618301  -0.0004042495   0.0018300512   0.0159482212
       -0.0023769654   0.0024291122   0.0404026664  -0.0040797237   0.0579011422
