$hessian                                                                        
        0.4719963429   0.0289076414  -0.0168414803  -0.0967141905   0.0377266086
        0.0325716052   0.0057382720  -0.0007946995  -0.0021929338   0.0004108923
        0.0001587089   0.0003045553  -0.0108939987  -0.0119797497   0.0093774143
       -0.0679901389  -0.0123283903   0.0219848308  -0.1322183561   0.0026281921
       -0.0456544990  -0.0227581402  -0.0118974143  -0.0043592092  -0.0120268227
       -0.0032932242   0.0210810479  -0.0765874691  -0.0362514288  -0.0084834809
       -0.0014243849  -0.0021190823   0.0009398661  -0.0265758627   0.0110521836
        0.0057664913   0.0002280072   0.0018504548  -0.0013334086  -0.0072701590
        0.0060313918   0.0082614274  -0.0027019955  -0.0124555575   0.0058427053
       -0.0004562519  -0.0000839151   0.0003282484  -0.0003141010  -0.0023286106
       -0.0004494093  -0.0001192675  -0.0004587211  -0.0003563850   0.0000515703
       -0.0001209307  -0.0000069468  -0.0000281309  -0.0000058063  -0.0000319248
       -0.0017171982  -0.0023931188  -0.0009149090   0.0054401349   0.0090173106
       -0.0166326920  -0.0181827862   0.0034396265  -0.0094110023   0.0031672302
        0.0001705243   0.0009917600  -0.0018936335   0.0021665131   0.0034591816
        0.0047192293   0.0177188528   0.0036081825  -0.0125027295  -0.0237868973
       -0.0064709059   0.0002035026  -0.0000672539   0.0001694503  -0.0005025420
       -0.0003983197  -0.0003185312   0.0004675565  -0.0017486782  -0.0013827345
       -0.0003814143   0.0004095905   0.0006494900   0.0005318914   0.0013906859
        0.0000254843   0.0002976976  -0.0000383450  -0.0002393877  -0.0000524713
       -0.0000138505  -0.0002471840   0.0000597175  -0.0001042910  -0.0000347165
        0.0289076414   0.4802406855   0.0014116661   0.0321274359  -0.0898765114
       -0.0253636559   0.0141403095  -0.0245996558  -0.0126066370   0.0012849161
        0.0025773084  -0.0002463696  -0.0191929867  -0.0181496868   0.0168057487
       -0.0141697675  -0.0773634591   0.0396858745   0.0033722615  -0.0614355264
        0.0004298336  -0.0207666006  -0.0040432676  -0.0059791920   0.0088847936
        0.0077563036  -0.0173106195  -0.0317231556  -0.1514250977  -0.0200110023
       -0.0019439411  -0.0029596560   0.0018632605   0.0091567214   0.0007601358
        0.0030161069  -0.0012912997  -0.0021979181  -0.0008603945  -0.0027975654
        0.0044299009   0.0021197853  -0.0102026947  -0.0206289777   0.0134534834
       -0.0002162656   0.0000544991  -0.0000975926  -0.0014771712  -0.0051476844
       -0.0013815726  -0.0000594888   0.0001575896  -0.0001453367   0.0000224067
       -0.0002123681   0.0001291237   0.0002387105   0.0002527401  -0.0002772867
       -0.0034942776  -0.0044030754  -0.0009476183  -0.0023236343  -0.0029943218
        0.0067952184   0.0204926025  -0.0015027325   0.0115819212  -0.0012135383
        0.0000589904  -0.0007020050   0.0021141022  -0.0022137070  -0.0024825562
       -0.0040350300  -0.0242812798  -0.0074189956  -0.0042733816  -0.0024269244
       -0.0017054390   0.0000401253  -0.0000250954   0.0000900110  -0.0009160693
       -0.0008009899  -0.0003501644  -0.0002418644  -0.0002508886  -0.0001686048
       -0.0001228061   0.0000196196   0.0001971026  -0.0001616707   0.0006806447
        0.0003283735  -0.0000331646   0.0000674892   0.0001896913  -0.0001573682
        0.0000053985  -0.0000091258   0.0000317153  -0.0001224814  -0.0000330322
       -0.0168414803   0.0014116661   0.4515473211   0.0238555042  -0.0207145314
       -0.0781838968   0.0018036212  -0.0054881563  -0.0012296685   0.0001054483
        0.0005747133   0.0000715971   0.0053337706   0.0072163830   0.0003486722
        0.0283490768   0.0385392908  -0.1379923825  -0.0480678025   0.0002080225
       -0.0957381053  -0.0022330940  -0.0058811256   0.0032432339   0.0142379550
       -0.0002651323  -0.0189378067  -0.0098420805  -0.0220429290  -0.0607722528
        0.0004262511   0.0013813816  -0.0006133929  -0.0041604446   0.0076993750
        0.0078198625  -0.0006370200  -0.0006835834   0.0000637520   0.0204517484
       -0.0163251778  -0.0192321644   0.0152673544   0.0338572396  -0.0096889827
       -0.0003447670  -0.0003920766  -0.0006795329  -0.0004779364  -0.0001506715
       -0.0000119004  -0.0001770745  -0.0000414334  -0.0002078291   0.0000024400
        0.0000970189  -0.0000629110   0.0000434996  -0.0001242720  -0.0001262024
       -0.0012226046  -0.0000081307  -0.0003751402   0.0043441259   0.0095163934
       -0.0174296024   0.0018468088   0.0003205356   0.0022621195  -0.0225078886
       -0.0011906581  -0.0172634464   0.0012604887  -0.0014869164  -0.0016547127
       -0.0038742197  -0.0128672814  -0.0020738085  -0.0071940822  -0.0144486995
       -0.0027423156   0.0000476493  -0.0000540847  -0.0001994388   0.0000808838
        0.0005655679   0.0003576819  -0.0000194669  -0.0007529062  -0.0005994440
        0.0000102762   0.0002850058   0.0001226482   0.0001545647   0.0010786601
        0.0005964052   0.0000515479   0.0000559967  -0.0004196950  -0.0001168469
        0.0000610883  -0.0003086762   0.0000437936   0.0000494276   0.0001100147
       -0.0967141905   0.0321274359   0.0238555042   0.4515157514   0.0304442427
        0.0025091982  -0.0781702387  -0.0387571183  -0.0082859257  -0.0075676540
       -0.0135147703   0.0014211408   0.0011544619  -0.0001016218  -0.0010824983
       -0.0082771118   0.0047862903   0.0080750553  -0.0241304554   0.0159109414
        0.0053052265   0.0000940428   0.0004958068  -0.0003074738  -0.0004076211
       -0.0010416940   0.0012236788   0.0059798528  -0.0000788249  -0.0027076272
       -0.0001598066  -0.0002821963  -0.0000726670  -0.1519566134   0.0023847473
       -0.0456766995  -0.0350604712  -0.0110634562  -0.0076484234  -0.0441785603
       -0.0148743635   0.0329778983   0.0003287006  -0.0002381306   0.0006378412
       -0.0052024749   0.0016097385  -0.0058539871   0.0067332089   0.0176426771
        0.0029351487  -0.0095258739  -0.0196343758  -0.0057730569   0.0002563807
        0.0001552049  -0.0001059081  -0.0012876295  -0.0015916125   0.0025434738
        0.0002083669   0.0000327745  -0.0001021848   0.0004049252   0.0001910989
       -0.0007894490  -0.0043438857   0.0002453568  -0.0016365418   0.0010417041
        0.0004083008   0.0013585231  -0.0001399243   0.0003290541   0.0002033366
       -0.0005125785  -0.0023026870  -0.0006888090  -0.0003886166  -0.0003771952
       -0.0002525694   0.0000132460   0.0000377190   0.0000282384   0.0000244734
       -0.0000921015  -0.0000284972  -0.0003987348  -0.0048657565  -0.0021156118
       -0.0002249658   0.0025527419   0.0003489183  -0.0001078104  -0.0000880635
       -0.0000315945  -0.0000037374   0.0000914934  -0.0000146577   0.0006083336
       -0.0001029490  -0.0007466425   0.0003955065  -0.0004387074   0.0004976425
        0.0377266086  -0.0898765114  -0.0207145314   0.0304442427   0.4459822427
       -0.0366858195  -0.0410017394  -0.1574636688  -0.0154582186  -0.0087018278
       -0.0129685068   0.0047816223   0.0010416915   0.0002218003  -0.0008359090
       -0.0019745353   0.0044058789  -0.0015162566   0.0061521734  -0.0025352076
        0.0002199312  -0.0002448047  -0.0003232175  -0.0001974616  -0.0016508927
        0.0002961257   0.0025360461   0.0148593153  -0.0235834107  -0.0109901719
        0.0000397782  -0.0000143915   0.0000096491  -0.0033693876  -0.0625988918
        0.0034850659  -0.0178270877  -0.0003510155  -0.0061522997  -0.0137421536
       -0.0707023632   0.0756524774   0.0007031753   0.0006159738  -0.0008979070
        0.0135162739  -0.0001484751   0.0059819591  -0.0060628826  -0.0232067334
       -0.0043901852  -0.0043424340  -0.0050013204  -0.0011750635  -0.0000250660
        0.0000851584   0.0001696197  -0.0004949401  -0.0000472290   0.0015759576
        0.0001062539  -0.0000617159   0.0000168385  -0.0000330436   0.0003901908
        0.0004125745   0.0006171863   0.0002540412  -0.0000362462  -0.0001377339
        0.0001395096  -0.0007722450  -0.0003571167   0.0002146724   0.0005181221
       -0.0011240252  -0.0052972335  -0.0009699473   0.0009324364   0.0009894299
        0.0002310678  -0.0000172581   0.0000351490  -0.0000118992  -0.0000368677
        0.0000229663   0.0000366815  -0.0058451145   0.0037651266   0.0058051314
       -0.0001203765  -0.0015968849  -0.0031076172  -0.0001478397  -0.0000013544
       -0.0002225454   0.0001765560   0.0003426283  -0.0000373877   0.0009537658
       -0.0019065585   0.0032341574  -0.0000123300  -0.0000762037  -0.0004951898
        0.0325716052  -0.0253636559  -0.0781838968   0.0025091982  -0.0366858195
        0.4879292211  -0.0052139174  -0.0083725172  -0.0673849510   0.0092166023
        0.0189186350   0.0031288852  -0.0010838608  -0.0004813859   0.0013241839
        0.0177297311  -0.0129968179  -0.0130269192  -0.0087929191   0.0073774183
        0.0038763721   0.0000451313   0.0003523323  -0.0002863395   0.0030138393
        0.0020378082  -0.0048796862   0.0014277177  -0.0056018575  -0.0006971465
       -0.0000212878  -0.0001377838   0.0000218162  -0.0566552334   0.0027970024
       -0.0900226327   0.0013127130  -0.0013307908   0.0022216074   0.0333622930
        0.0753596130  -0.2269598825   0.0002409303   0.0005384356  -0.0006962192
       -0.0176583757   0.0020954982  -0.0091938440  -0.0020561107  -0.0065877813
       -0.0003937808  -0.0097780204  -0.0208243602  -0.0052608782  -0.0000844117
        0.0001545632   0.0002285277   0.0030626635   0.0024588510  -0.0029171919
       -0.0002633479  -0.0000175879   0.0000470423   0.0001069092  -0.0007769912
        0.0005243038  -0.0032439839   0.0005490995  -0.0011982333  -0.0014435540
        0.0006710822   0.0006392554   0.0008463341  -0.0008726682  -0.0009585072
       -0.0000442852  -0.0004249173   0.0003316987   0.0001828497   0.0001162023
        0.0001814478  -0.0000199788   0.0000102308  -0.0000059416  -0.0000753836
       -0.0000539773  -0.0000078163  -0.0000570634   0.0057169812   0.0045011952
        0.0022731691  -0.0011324323  -0.0011358011  -0.0002377908   0.0001312324
        0.0000056084   0.0000853552  -0.0001546150   0.0003653270  -0.0010887214
        0.0029247007  -0.0022371614  -0.0001687963  -0.0003937269   0.0001203371
        0.0057382720   0.0141403095   0.0018036212  -0.0781702387  -0.0410017394
       -0.0052139174   0.5134208371  -0.0401834716   0.0169215779  -0.1002686680
       -0.0222093493   0.0489744450  -0.0162959842  -0.0010164186   0.0180049423
        0.0006177046  -0.0010262864  -0.0010105527   0.0000494829   0.0001014081
        0.0001300516  -0.0011508760   0.0004217385   0.0010955393  -0.0000485090
        0.0002006470   0.0000452901  -0.0023635947   0.0021955581   0.0020416951
        0.0002069553   0.0000835337   0.0001914924  -0.0140092443  -0.0219920019
       -0.0044725491  -0.0029747547  -0.0000391808  -0.0025670088  -0.0029358097
       -0.0091905648  -0.0000669014   0.0000948743  -0.0001134857  -0.0003366325
        0.0006799900   0.0003557977   0.0009817782  -0.1690466561   0.1116660478
        0.0311211236  -0.1271950367   0.0059698502  -0.1116424880   0.0087277302
        0.0057331867  -0.0117155061  -0.0106600343  -0.0085674787   0.0136800983
       -0.0022170755   0.0031156210   0.0020639194   0.0000603135   0.0000351243
        0.0001083337   0.0000634571   0.0000304500   0.0001353772  -0.0001920955
        0.0003812942   0.0000304078   0.0000238141  -0.0000139861  -0.0000479912
        0.0002707774   0.0011479617   0.0002149817  -0.0000718199   0.0000282611
        0.0000677459  -0.0000502390   0.0001020352   0.0000624816  -0.0000026549
       -0.0000083702   0.0000318027  -0.0015780600   0.0003706084   0.0010649872
        0.0001312619  -0.0001232285  -0.0005095863  -0.0000275942   0.0000257103
        0.0000403403   0.0000360553  -0.0000344312  -0.0000961322   0.0000707937
       -0.0002784140   0.0001238274  -0.0009333742  -0.0003067365  -0.0012565941
       -0.0007946995  -0.0245996558  -0.0054881563  -0.0387571183  -0.1574636688
       -0.0083725172  -0.0401834716   0.4674059950   0.0029559624  -0.0204997950
       -0.0773918975   0.0300838598   0.0097919139   0.0055666968  -0.0136040148
       -0.0007914617   0.0011096891   0.0011227986  -0.0002858867  -0.0002329024
       -0.0000055235   0.0003138575   0.0004939835  -0.0001244666  -0.0001828220
        0.0001561402   0.0002086231   0.0026168436  -0.0016756283  -0.0018376780
       -0.0000474747  -0.0002102262  -0.0000843195  -0.0069616107  -0.0023823770
       -0.0039098694   0.0006530023   0.0000227547  -0.0005495557  -0.0077668533
       -0.0159761506   0.0003497519  -0.0000214376   0.0005751131   0.0000487313
        0.0001465916  -0.0005188668   0.0002418630   0.1118016714  -0.1378194843
       -0.0280651699   0.0059978433  -0.0415798354   0.0036145602  -0.0035791698
       -0.0020320297   0.0067700587  -0.0157799900  -0.0103538730   0.0191946215
        0.0033843086  -0.0023278353  -0.0023147645  -0.0000327441   0.0000015956
       -0.0001806317  -0.0001358531  -0.0000049326  -0.0002548939   0.0003056966
       -0.0001911501  -0.0002555304   0.0000491081  -0.0000110543   0.0000339668
       -0.0002971139  -0.0011155586  -0.0002514688   0.0001010412   0.0000599164
        0.0000397775   0.0000517090  -0.0000184931  -0.0000849204   0.0000549400
        0.0000245068   0.0000123832   0.0001126283   0.0001579089   0.0001169074
        0.0001304173   0.0000488306  -0.0001807859  -0.0000322611  -0.0000052519
       -0.0000169963   0.0000171230   0.0000078926  -0.0000649386   0.0001158889
        0.0000905424   0.0001794102   0.0005051784   0.0001893061   0.0006729256
       -0.0021929338  -0.0126066370  -0.0012296685  -0.0082859257  -0.0154582186
       -0.0673849510   0.0169215779   0.0029559624   0.4868414681   0.0517277638
        0.0344245166  -0.1464049729   0.0118945719  -0.0012380344  -0.0104371315
       -0.0003759469   0.0005087740   0.0005403469   0.0000339918  -0.0002868248
       -0.0003980420  -0.0004431238   0.0001581325   0.0008458261  -0.0004260795
        0.0003090618   0.0003999690   0.0017368481  -0.0014278951  -0.0008476909
       -0.0000091761  -0.0000081967  -0.0001973947  -0.0068076885  -0.0127632138
       -0.0019796468  -0.0021651169  -0.0003270067  -0.0008332880   0.0092214743
        0.0240018602  -0.0001279658  -0.0000827763   0.0002433477   0.0001976255
        0.0004722541  -0.0001114127  -0.0000543162   0.0316889248  -0.0284120625
       -0.0502477714  -0.1120070358   0.0036696947  -0.1886116962   0.0116678241
        0.0092325306  -0.0232336274  -0.0017632294  -0.0004574339   0.0030356652
        0.0009492837  -0.0013268095   0.0000703083  -0.0000637552  -0.0000713962
       -0.0002132327  -0.0000541133  -0.0002095923  -0.0001176968  -0.0001407823
        0.0006047430   0.0000827963  -0.0000507825   0.0000046236   0.0000145356
       -0.0001164930  -0.0006486135  -0.0000765722  -0.0000465920   0.0001104007
        0.0000452182  -0.0000077488  -0.0000482441  -0.0001479139  -0.0000441113
        0.0000356984   0.0000633080  -0.0006095377   0.0001288872   0.0008475250
       -0.0000154428  -0.0001598175  -0.0000362733   0.0000292056  -0.0001216434
       -0.0000031387  -0.0001077416  -0.0002367216  -0.0002968118   0.0001063672
       -0.0002536288   0.0000769402  -0.0006339541  -0.0002148303  -0.0001817300
        0.0004108923   0.0012849161   0.0001054483  -0.0075676540  -0.0087018278
        0.0092166023  -0.1002686680  -0.0204997950   0.0517277638   0.4765298705
        0.0220628722   0.0499166150  -0.1062335009   0.0516314259   0.0282734456
        0.0069174304  -0.0032401442  -0.0016342228  -0.0005260621  -0.0001964178
       -0.0000162946  -0.0172435262   0.0166492314  -0.0048710859   0.0006361704
       -0.0052644015  -0.0028545865  -0.0001134742   0.0002159950   0.0000656509
        0.0012326628   0.0014547597   0.0000093877  -0.0002119524  -0.0003112671
       -0.0000488667  -0.0000252173   0.0000017668  -0.0000273419  -0.0003825236
       -0.0015392132  -0.0000822375   0.0000123845  -0.0000907420  -0.0000122292
        0.0001045634   0.0005487926  -0.0000123306  -0.0141869334  -0.0053240653
        0.0202421967   0.0079143068   0.0033373435  -0.0123518557  -0.1242781319
        0.0340011484  -0.1064205922  -0.1085709177  -0.0974647295  -0.0388522496
       -0.0136163648   0.0141233255   0.0089965708   0.0006252023  -0.0013142998
       -0.0005694405   0.0000723778   0.0000749548   0.0000418490   0.0000277376
       -0.0000027715   0.0000404807  -0.0001364123  -0.0001056094   0.0000742495
        0.0000123293   0.0000476641  -0.0000311794   0.0000025359  -0.0000276492
        0.0000039124   0.0006487648  -0.0011102625  -0.0011501563  -0.0003149512
        0.0004954077   0.0004337755  -0.0000850287   0.0000082785   0.0000151736
       -0.0000346450  -0.0000118412  -0.0000493871  -0.0000282650   0.0000256986
       -0.0000087094  -0.0003427351  -0.0001883713  -0.0001022818  -0.0000150699
       -0.0001899079   0.0000362441  -0.0009651951  -0.0003802646  -0.0001043182
        0.0001587089   0.0025773084   0.0005747133  -0.0135147703  -0.0129685068
        0.0189186350  -0.0222093493  -0.0773918975   0.0344245166   0.0220628722
        0.4926527355  -0.0008813354   0.0528970767  -0.1229699520  -0.0306591581
        0.0110359862  -0.0239425292  -0.0106606465  -0.0003348397   0.0006698716
        0.0005524070   0.0143560839  -0.0114942446   0.0052681379  -0.0010243475
       -0.0064763352  -0.0023999359  -0.0002435204  -0.0000998097   0.0001427823
       -0.0016012097  -0.0009584877  -0.0011785065  -0.0001481259  -0.0001375233
        0.0001624870  -0.0002721841  -0.0000951208  -0.0001097818  -0.0025176466
       -0.0048226058   0.0003750373   0.0000407351   0.0001111781  -0.0001933318
       -0.0003126246  -0.0003777180  -0.0002307200   0.0100833204   0.0050213275
       -0.0142480932  -0.0015812746  -0.0011927499   0.0049884612   0.0347220155
       -0.0586341204   0.0459764893  -0.0981341444  -0.1860965691  -0.0534589597
       -0.0037060987   0.0049936468   0.0016784818   0.0013298070   0.0008195417
        0.0005848218  -0.0000366345   0.0001289657  -0.0001577322  -0.0000193977
       -0.0001158765   0.0001301672  -0.0003614335  -0.0000756404   0.0000551919
        0.0000475182   0.0001448056  -0.0000443957   0.0000138635   0.0000163784
        0.0000252574  -0.0004454730   0.0006310939   0.0005984495  -0.0000163873
       -0.0002222267  -0.0002717967  -0.0000642654   0.0000520405   0.0000023906
        0.0000192414   0.0000303924  -0.0000654376  -0.0000001295  -0.0000469569
        0.0000173993  -0.0002307956   0.0002135450   0.0001527595  -0.0001535438
       -0.0000637488   0.0001333818   0.0001609671   0.0001197884  -0.0002021367
        0.0003045553  -0.0002463696   0.0000715971   0.0014211408   0.0047816223
        0.0031288852   0.0489744450   0.0300838598  -0.1464049729   0.0499166150
       -0.0008813354   0.4979760265   0.0197488694  -0.0216876666  -0.0715894139
        0.0047401308  -0.0107796824  -0.0040496951   0.0002330855  -0.0005582160
       -0.0013646007  -0.0133966991   0.0151009798   0.0069445872  -0.0006469444
       -0.0042547764  -0.0011499022   0.0001024582   0.0001196368  -0.0001000903
       -0.0007566523   0.0008129684  -0.0012755617   0.0000765504  -0.0000998280
        0.0000406442   0.0000999037   0.0001298214  -0.0001061393  -0.0000052020
       -0.0007796563   0.0010353427  -0.0000572794  -0.0000999283   0.0001383204
        0.0004265370   0.0003529627  -0.0003924434   0.0062876748   0.0018866239
       -0.0074344527   0.0127334904   0.0097040864  -0.0274663863  -0.1074882150
        0.0463643821  -0.1767387675  -0.0387443671  -0.0531088871  -0.0625522368
        0.0155918399  -0.0150690885  -0.0082200611   0.0007825483  -0.0007810279
        0.0001855897  -0.0000806649  -0.0001273526   0.0001089658   0.0002048185
        0.0001533550  -0.0002791717  -0.0001220303   0.0002013142   0.0001726070
        0.0000014935  -0.0000230252  -0.0000119076  -0.0000126409  -0.0000095208
        0.0000206755   0.0006717786  -0.0013157887  -0.0013632726  -0.0004524653
        0.0005260511   0.0005281537  -0.0001059044   0.0000114463   0.0000408091
       -0.0000078218  -0.0000485194  -0.0000026659  -0.0000039346   0.0000114581
       -0.0000410386  -0.0001508456  -0.0002993951  -0.0001461747   0.0001371969
       -0.0000011096   0.0000308992  -0.0004234649  -0.0000693944   0.0002658518
       -0.0108939987  -0.0191929867   0.0053337706   0.0011544619   0.0010416915
       -0.0010838608  -0.0162959842   0.0097919139   0.0118945719  -0.1062335009
        0.0528970767   0.0197488694   0.4769218571   0.0304201699  -0.0480641085
       -0.0987497424  -0.0554731199  -0.0199026673   0.0053679554  -0.0056662199
        0.0020305261  -0.0887566135   0.0239940390  -0.0465605802   0.0067063782
        0.0189618378   0.0085765599  -0.0007851752  -0.0004359180   0.0018096715
       -0.0195480069   0.0079815940  -0.0240375544  -0.0004027110  -0.0000524937
       -0.0001231190   0.0000875607   0.0000158845   0.0000660720   0.0001851240
        0.0001071966  -0.0001082111  -0.0004593921  -0.0010723302   0.0007513827
        0.0000226254   0.0001147874   0.0000720948  -0.0018865942  -0.0007514687
        0.0033331318   0.0004737181  -0.0000692221  -0.0005875959  -0.0151158507
        0.0166116777   0.0036292769   0.0076933951  -0.0088193577  -0.0036398615
       -0.1255815902  -0.0526627754   0.0961865278  -0.0139756303  -0.0148083644
       -0.0066823712  -0.0006554191  -0.0015312862   0.0008735541  -0.0008884632
       -0.0006960112   0.0003632330   0.0018644008   0.0012690601  -0.0001246635
       -0.0000503409   0.0000778132   0.0000683859   0.0000798847   0.0000039295
       -0.0000629260  -0.0001287404  -0.0047903343  -0.0048619245  -0.0002810193
        0.0027904263   0.0011446484   0.0000702917   0.0000184869   0.0000110657
        0.0000046498  -0.0000161416   0.0000101987   0.0000176073  -0.0000100094
       -0.0000272733   0.0000030870  -0.0001470941  -0.0001268706   0.0000643355
       -0.0000458005   0.0000037950  -0.0000285595   0.0001433491   0.0000862516
       -0.0119797497  -0.0181496868   0.0072163830  -0.0001016218   0.0002218003
       -0.0004813859  -0.0010164186   0.0055666968  -0.0012380344   0.0516314259
       -0.1229699520  -0.0216876666   0.0304201699   0.4726467775  -0.0522260429
       -0.0518303849  -0.1187781681  -0.0218307722   0.0012004644  -0.0135826264
        0.0191663652   0.0190658702  -0.0805702077   0.0391083685  -0.0041432102
       -0.0329583551  -0.0170561056  -0.0008488319  -0.0002515175   0.0021489969
        0.0001673517   0.0051551480  -0.0037821028  -0.0003231487  -0.0001297033
        0.0000793789  -0.0000205871  -0.0000272059   0.0000259997   0.0001041834
        0.0000825036  -0.0000480855  -0.0004929838  -0.0008952406   0.0004328242
        0.0001511822  -0.0001402362  -0.0001204775  -0.0015013117   0.0004150119
        0.0015109615  -0.0002191572   0.0002045796   0.0002328633   0.0101381458
       -0.0101435996  -0.0019671559   0.0152765242  -0.0225296496  -0.0095066719
       -0.0524643583  -0.0679943485   0.0565933669   0.0021972764   0.0031255755
        0.0010405519  -0.0007958700  -0.0016171458   0.0005719979  -0.0010508238
       -0.0023596977   0.0007332362   0.0009754137   0.0017927682   0.0011683465
        0.0000860202   0.0002525848  -0.0000484698  -0.0000146261  -0.0000292802
       -0.0000589112  -0.0060259926   0.0051303668   0.0031115912   0.0014122221
       -0.0016367238  -0.0028900558   0.0000499809   0.0000248362   0.0000074598
        0.0000325470   0.0000149804  -0.0000308331   0.0000156545  -0.0000474626
       -0.0000404270  -0.0000482900   0.0000616315  -0.0001520882   0.0000541102
        0.0000460555   0.0000229142  -0.0001011765   0.0000694907  -0.0000063195
        0.0093774143   0.0168057487   0.0003486722  -0.0010824983  -0.0008359090
        0.0013241839   0.0180049423  -0.0136040148  -0.0104371315   0.0282734456
       -0.0306591581  -0.0715894139  -0.0480641085  -0.0522260429   0.4944366514
       -0.0192875931  -0.0197645274  -0.0716700983  -0.0005158953   0.0176513450
       -0.0138626985  -0.0491202311   0.0461582190  -0.1455495487  -0.0006077208
       -0.0226537539  -0.0076716937   0.0005112819   0.0008533077  -0.0031768926
       -0.0130737008   0.0033080271  -0.0137391110   0.0001029701   0.0000704475
       -0.0001611988  -0.0000040916  -0.0000145284  -0.0000159961  -0.0001630476
       -0.0001683928  -0.0000025916   0.0007561883   0.0015785567  -0.0006961587
       -0.0002635178  -0.0000204697   0.0000671432   0.0027522297   0.0009434813
       -0.0035536743  -0.0001270758  -0.0002946977   0.0004034975  -0.0135556944
        0.0145827331   0.0054268120   0.0056418724  -0.0088441954  -0.0032846084
        0.0964896410   0.0558924585  -0.1532208495  -0.0144728081  -0.0137317825
       -0.0056065520   0.0003138225   0.0010371915  -0.0015513407   0.0005173545
        0.0021444790  -0.0011600857  -0.0009089897  -0.0005207634   0.0007778536
       -0.0000173417   0.0000268225  -0.0000460953   0.0000028213  -0.0000047404
       -0.0000199415  -0.0043506545   0.0039121843   0.0050006036   0.0027892430
       -0.0015708016  -0.0009855603  -0.0000254432   0.0000089353   0.0000001815
       -0.0000186484  -0.0000028827   0.0000272459   0.0000256429   0.0000397275
        0.0000518472   0.0000588929  -0.0000750150   0.0001705591  -0.0000817830
       -0.0000336291  -0.0000132711   0.0001230811   0.0000116401  -0.0000207387
       -0.0679901389  -0.0141697675   0.0283490768  -0.0082771118  -0.0019745353
        0.0177297311   0.0006177046  -0.0007914617  -0.0003759469   0.0069174304
        0.0110359862   0.0047401308  -0.0987497424  -0.0518303849  -0.0192875931
        0.4736778820  -0.0175149890   0.0555252542   0.0017011337   0.0036398884
       -0.0191562729  -0.0165050094  -0.0117635248  -0.0207906563  -0.0975245807
        0.0497910766   0.0387884285  -0.0040114624  -0.0083657261   0.0092669268
       -0.0009880033   0.0011479527  -0.0025739208   0.0003073964  -0.0006702758
        0.0003057949  -0.0002107351  -0.0000363237  -0.0000579115  -0.0018010440
        0.0018679339   0.0017435609  -0.0011363162  -0.0020343991   0.0008324296
        0.0012465897  -0.0002546270  -0.0008221388  -0.0001018914  -0.0000856445
        0.0000556277  -0.0001261341   0.0001429076  -0.0001155575   0.0006191352
        0.0015631187   0.0007551208  -0.0013838215   0.0033469374   0.0013915021
       -0.0117372912  -0.0143411721  -0.0046606437  -0.1533152864   0.0356371034
       -0.0985707138  -0.0002046113   0.0006652600  -0.0003463427  -0.0035441140
       -0.0002228938  -0.0028583866  -0.0144965722   0.0122495019   0.0099158764
        0.0001098003   0.0012109392   0.0002325754   0.0000029414  -0.0000500743
        0.0004101714  -0.0011625468   0.0005251363  -0.0000441510   0.0002472139
        0.0000742611  -0.0000637798  -0.0000348692   0.0000040290   0.0000301313
        0.0000017359   0.0000790961  -0.0000197655   0.0000613362  -0.0000459125
       -0.0002736336  -0.0021529802   0.0010408478  -0.0001992535   0.0001418550
        0.0001258647   0.0000914833  -0.0001978919   0.0000038711   0.0000528459
       -0.0123283903  -0.0773634591   0.0385392908   0.0047862903   0.0044058789
       -0.0129968179  -0.0010262864   0.0011096891   0.0005087740  -0.0032401442
       -0.0239425292  -0.0107796824  -0.0554731199  -0.1187781681  -0.0197645274
       -0.0175149890   0.4275835571  -0.0127377838   0.0023695865  -0.0012021711
        0.0098289095  -0.0034475599   0.0063305185  -0.0048988705   0.0697744377
       -0.1463524900  -0.0436130408  -0.0075181163  -0.0111890950   0.0220458214
        0.0008455054  -0.0011147891   0.0012057662  -0.0002208826   0.0004360101
       -0.0005920058   0.0002202576  -0.0000683165   0.0001148973   0.0024686985
       -0.0016720487  -0.0023435128  -0.0033577463  -0.0075473428   0.0019483327
       -0.0007646273   0.0001306128   0.0003511575  -0.0001951698   0.0000309151
        0.0002260737   0.0001680988  -0.0000018033  -0.0001211981  -0.0010012699
        0.0003887191  -0.0004784920   0.0019270070  -0.0019903587  -0.0015716911
       -0.0076770918  -0.0094557731  -0.0038368723   0.0338052827  -0.0501353410
        0.0345716244   0.0003620276  -0.0003566896   0.0003474100   0.0004812327
       -0.0006762135   0.0006060931  -0.0057313294   0.0113195718   0.0021521939
        0.0006794130  -0.0002398884   0.0004348261  -0.0000073763   0.0006836812
        0.0002837564   0.0008303631  -0.0003179965   0.0001742391  -0.0002194616
        0.0002193492   0.0001807097   0.0000391620   0.0000933196   0.0000208091
        0.0000675644  -0.0000509791   0.0000050653  -0.0001139086   0.0002073120
       -0.0000801440   0.0009634854  -0.0004089454   0.0002956553  -0.0000945069
       -0.0000119344  -0.0000418415   0.0001435634  -0.0000628019   0.0000150748
        0.0219848308   0.0396858745  -0.1379923825   0.0080750553  -0.0015162566
       -0.0130269192  -0.0010105527   0.0011227986   0.0005403469  -0.0016342228
       -0.0106606465  -0.0040496951  -0.0199026673  -0.0218307722  -0.0716700983
        0.0555252542  -0.0127377838   0.4981624317  -0.0069142849   0.0053073456
       -0.0298479924  -0.0156292101  -0.0120581199  -0.0169453854   0.0364623905
       -0.0243966009  -0.0823554542   0.0026125643   0.0066484167  -0.0018272613
       -0.0014549886   0.0013134589  -0.0030702725  -0.0001993557   0.0000232825
        0.0012926644   0.0000357771   0.0003425772  -0.0001886191   0.0011730608
       -0.0008139608  -0.0007960826  -0.0004926902  -0.0024435685   0.0018238456
        0.0005958019  -0.0003652131  -0.0005079721  -0.0001089230   0.0003065105
        0.0002744804  -0.0001114725  -0.0001271001  -0.0002180168  -0.0002841178
        0.0010725760   0.0003768487   0.0003448176  -0.0011589048  -0.0002149509
        0.0127807015   0.0145971014   0.0057704575  -0.1033735391   0.0381741424
       -0.1271664577   0.0001486330  -0.0001955576   0.0002908861  -0.0031100284
        0.0006453106  -0.0029967712   0.0167417545  -0.0205454926  -0.0159295515
        0.0003143046  -0.0012969804   0.0003181936  -0.0005857301  -0.0006050769
        0.0004453469  -0.0013459932   0.0005516783   0.0004052078   0.0003143500
        0.0000282278  -0.0002750606  -0.0002034240  -0.0001084232  -0.0000976322
        0.0000150351   0.0000723226  -0.0000074305   0.0000024289   0.0004387053
       -0.0002185026  -0.0009013326   0.0006337595  -0.0002092941   0.0000695571
       -0.0000029224  -0.0001351946   0.0000662159  -0.0001007080   0.0000462877
       -0.1322183561   0.0033722615  -0.0480678025  -0.0241304554   0.0061521734
       -0.0087929191   0.0000494829  -0.0002858867   0.0000339918  -0.0005260621
       -0.0003348397   0.0002330855   0.0053679554   0.0012004644  -0.0005158953
        0.0017011337   0.0023695865  -0.0069142849   0.4307805046  -0.0302891997
       -0.0195404286  -0.0982776948  -0.0564989379   0.0259567721   0.0001454574
       -0.0001035409   0.0000621786  -0.0143125383  -0.0061891325  -0.0071493951
       -0.0181810179  -0.0230350450   0.0082371052  -0.0014095381   0.0025797092
        0.0018629180  -0.0003530873  -0.0000978564  -0.0001733364   0.0005001484
       -0.0002078824  -0.0015410213  -0.0001747054   0.0009586666  -0.0022626604
       -0.0004118373  -0.0000102356  -0.0003635146  -0.0000926769  -0.0001129731
       -0.0001620886  -0.0003446101   0.0004745963  -0.0001445468  -0.0000776230
       -0.0000755241  -0.0001126963   0.0000851816   0.0000449711  -0.0000943309
       -0.0006177375  -0.0003155726  -0.0010826104  -0.0001202951  -0.0007813891
        0.0000603018  -0.0990272682   0.1016132317   0.0210063228  -0.0486026411
        0.0037927962   0.0421149262  -0.0001318606  -0.0000132236  -0.0000001153
        0.0007622997   0.0011498617   0.0005448965  -0.0008522258  -0.0019586876
       -0.0003754849   0.0000180101   0.0014364309   0.0028110785  -0.0001151609
       -0.0053522491  -0.0049670432   0.0000278147  -0.0003354061  -0.0002372961
       -0.0000377279   0.0001467267   0.0000533970   0.0007432655   0.0006420610
       -0.0003581119  -0.0000841697   0.0000030396   0.0000175644  -0.0000653254
        0.0000781551  -0.0001449284  -0.0000166391  -0.0000171495   0.0000059722
        0.0026281921  -0.0614355264   0.0002080225   0.0159109414  -0.0025352076
        0.0073774183   0.0001014081  -0.0002329024  -0.0002868248  -0.0001964178
        0.0006698716  -0.0005582160  -0.0056662199  -0.0135826264   0.0176513450
        0.0036398884  -0.0012021711   0.0053073456  -0.0302891997   0.4806839160
       -0.0047095402  -0.0524982510  -0.1447961781   0.0414184147   0.0001966932
        0.0008791910  -0.0001115044  -0.0204819995  -0.0040329458  -0.0140787862
       -0.0140310968  -0.0140226725   0.0016893178   0.0017667604  -0.0017876936
       -0.0016892676   0.0004544426   0.0002197291   0.0003595249  -0.0001463217
        0.0003499062   0.0003184302  -0.0010223578   0.0005802316  -0.0014450215
        0.0001553121   0.0000826976   0.0000952956   0.0001867707   0.0000593501
        0.0002510570   0.0010646661  -0.0009389321   0.0000425216  -0.0000128055
        0.0000599865   0.0000269507  -0.0000346820   0.0000405943   0.0001234637
        0.0011600180  -0.0013306860   0.0021278462  -0.0009075886  -0.0006111222
        0.0012515573   0.0986983905  -0.1993255138  -0.0355575404   0.0036772597
       -0.0387414016  -0.0203128603  -0.0000982785  -0.0001516768   0.0000005994
       -0.0013278790   0.0007222968  -0.0003136224  -0.0025039201  -0.0045871732
       -0.0010292132   0.0024987062  -0.0014790615  -0.0016136631  -0.0039322179
        0.0051104554   0.0033652957   0.0000028947   0.0003095840   0.0001724998
        0.0000862722  -0.0000790578  -0.0001470217   0.0008717161   0.0011065790
       -0.0000453948  -0.0000068462  -0.0000191528   0.0000143749   0.0000547785
       -0.0000376678   0.0000740481   0.0000009713   0.0000549801   0.0000231475
       -0.0456544990   0.0004298336  -0.0957381053   0.0053052265   0.0002199312
        0.0038763721   0.0001300516  -0.0000055235  -0.0003980420  -0.0000162946
        0.0005524070  -0.0013646007   0.0020305261   0.0191663652  -0.0138626985
       -0.0191562729   0.0098289095  -0.0298479924  -0.0195404286  -0.0047095402
        0.5307806981   0.0221797973   0.0365091492  -0.0796934195  -0.0011993596
        0.0003400246  -0.0000816367  -0.0055651901  -0.0024459053  -0.0030554978
       -0.0013604079  -0.0054015056   0.0042345609   0.0008698917  -0.0012381532
       -0.0008649408   0.0000676190   0.0000180067   0.0001436399   0.0016265346
       -0.0004772014   0.0011185384   0.0010883331   0.0002646246   0.0007511801
        0.0001263014   0.0001107597   0.0000878942   0.0000912462  -0.0000853174
        0.0001465725   0.0003278707  -0.0006649262   0.0004257401  -0.0003190264
        0.0001851197   0.0001092619  -0.0001075521   0.0000345091   0.0000250283
       -0.0018853600   0.0018092849  -0.0028306723   0.0013326722   0.0023771759
       -0.0054758275   0.0212536515  -0.0376514150  -0.0478457219   0.0438000432
       -0.0194411380  -0.2649914445  -0.0001986395   0.0000747616   0.0002494305
       -0.0002153586   0.0005101563   0.0001088765  -0.0003590600  -0.0005933174
        0.0004197482   0.0014262758  -0.0024990558  -0.0010345423  -0.0054659223
        0.0028693393   0.0043354981   0.0000894336   0.0002256938   0.0001643126
        0.0000407668  -0.0000859759  -0.0000211202  -0.0008360374  -0.0001965761
       -0.0000292927   0.0000285821   0.0000210084   0.0000630507   0.0000652171
       -0.0000378574   0.0001295775  -0.0000006316  -0.0000136520  -0.0000344253
       -0.0227581402  -0.0207666006  -0.0022330940   0.0000940428  -0.0002448047
        0.0000451313  -0.0011508760   0.0003138575  -0.0004431238  -0.0172435262
        0.0143560839  -0.0133966991  -0.0887566135   0.0190658702  -0.0491202311
       -0.0165050094  -0.0034475599  -0.0156292101  -0.0982776948  -0.0524982510
        0.0221797973   0.7076489050   0.2137415940   0.2275675685   0.0001268438
        0.0016327522   0.0007716031  -0.0036048403  -0.0001244324  -0.0021873509
       -0.4324198612  -0.1532428980  -0.1677400649  -0.0005279512   0.0000141304
       -0.0002734951   0.0001463703  -0.0000827016   0.0000917167  -0.0002484650
       -0.0000535709   0.0000755054   0.0004609060   0.0006080679  -0.0002071537
       -0.0000009166   0.0000101047  -0.0000166727   0.0000538340   0.0000479636
       -0.0002317966  -0.0003329216   0.0009174317   0.0007867547  -0.0028129938
        0.0032489412   0.0000635943   0.0008236967  -0.0011065801  -0.0001094158
        0.0072156107  -0.0043580429   0.0125706082  -0.0021274484  -0.0024920614
       -0.0015300461   0.0069785983   0.0059807812  -0.0028064874  -0.0034919355
       -0.0076877353   0.0049673192   0.0000748719  -0.0005027145  -0.0000645765
       -0.0000188379   0.0001250991  -0.0000983008  -0.0004369771  -0.0010514689
       -0.0002796707  -0.0157586163  -0.0027742727  -0.0090053438  -0.0171397120
       -0.0094069373  -0.0040117109   0.0001422610   0.0000365066   0.0000336581
       -0.0000216814  -0.0000110422  -0.0000090584  -0.0001260977  -0.0002855934
        0.0002441004  -0.0001004914   0.0000203443  -0.0000183438   0.0001107647
       -0.0000194064   0.0000525044  -0.0000150979   0.0000371458  -0.0000380156
       -0.0118974143  -0.0040432676  -0.0058811256   0.0004958068  -0.0003232175
        0.0003523323   0.0004217385   0.0004939835   0.0001581325   0.0166492314
       -0.0114942446   0.0151009798   0.0239940390  -0.0805702077   0.0461582190
       -0.0117635248   0.0063305185  -0.0120581199  -0.0564989379  -0.1447961781
        0.0365091492   0.2137415940   0.3964038271  -0.0582990186   0.0008682016
       -0.0005797386  -0.0002689984  -0.0013939073  -0.0002776095   0.0001244975
       -0.1533079720  -0.1116667091  -0.0417574223  -0.0000986657  -0.0001615409
       -0.0002156226   0.0000319867  -0.0000710130   0.0000495921  -0.0003012429
       -0.0000449604   0.0001345833   0.0001621187   0.0001882900  -0.0000391262
       -0.0000180109   0.0000297187   0.0001233654  -0.0001316350  -0.0001415500
        0.0003155778   0.0007156473   0.0002793105  -0.0005583921   0.0030042441
       -0.0028870337  -0.0009146844  -0.0000646626  -0.0002454215   0.0004542533
        0.0042535441  -0.0047512027   0.0105424690  -0.0027938490  -0.0029021566
       -0.0006923542  -0.0137218056  -0.0284127548   0.0097935523  -0.0005227042
       -0.0011499595   0.0034784270  -0.0001468228  -0.0001573031   0.0002448859
       -0.0000396349  -0.0000059722  -0.0000585777   0.0000448882  -0.0001380029
       -0.0000902240   0.0119525064   0.0037143730   0.0048300875  -0.0236936188
       -0.0122197775  -0.0077199513   0.0000565304   0.0000372942   0.0000556103
       -0.0000454610  -0.0000298039  -0.0000037371  -0.0000481989  -0.0003521251
        0.0000558708   0.0000707396  -0.0000439992   0.0000220791   0.0000321843
       -0.0000021201   0.0000243162  -0.0000069326  -0.0000094456   0.0000293739
       -0.0043592092  -0.0059791920   0.0032432339  -0.0003074738  -0.0001974616
       -0.0002863395   0.0010955393  -0.0001244666   0.0008458261  -0.0048710859
        0.0052681379   0.0069445872  -0.0465605802   0.0391083685  -0.1455495487
       -0.0207906563  -0.0048988705  -0.0169453854   0.0259567721   0.0414184147
       -0.0796934195   0.2275675685  -0.0582990186   0.3987033636   0.0000663483
        0.0019183136   0.0010772779  -0.0019751777   0.0000943400  -0.0018185241
       -0.1672578812  -0.0416642005  -0.1253623223  -0.0001540456   0.0000052525
        0.0000432934  -0.0000246713   0.0000131648  -0.0000399864   0.0001658686
        0.0000984658  -0.0001195720   0.0002032960   0.0004835783  -0.0004765345
        0.0001351013   0.0001992568  -0.0001212184   0.0001340681  -0.0000004969
       -0.0003831334   0.0007041012  -0.0007702403  -0.0004772480   0.0015908063
       -0.0020087052  -0.0002014748   0.0005083815  -0.0004279249   0.0002576117
       -0.0098470150   0.0104208073  -0.0185728426  -0.0018008283  -0.0019880303
       -0.0017210526  -0.0020373882  -0.0014011223   0.0026494261   0.0156952993
        0.0228244466  -0.0113598753  -0.0002185475  -0.0002294477  -0.0008822106
       -0.0000372081   0.0000590819   0.0000816330  -0.0005517702  -0.0006695761
       -0.0001200204  -0.0242955802  -0.0069497061  -0.0132436533   0.0111840529
        0.0037025661   0.0035574609   0.0000139843  -0.0000274125  -0.0000118636
        0.0000039292   0.0000173322  -0.0000148198   0.0002435161   0.0000579697
       -0.0000273188  -0.0001171088  -0.0000866781  -0.0000452062   0.0000598677
        0.0000104998   0.0000232871  -0.0001222734   0.0000225539   0.0000465695
       -0.0120268227   0.0088847936   0.0142379550  -0.0004076211  -0.0016508927
        0.0030138393  -0.0000485090  -0.0001828220  -0.0004260795   0.0006361704
       -0.0010243475  -0.0006469444   0.0067063782  -0.0041432102  -0.0006077208
       -0.0975245807   0.0697744377   0.0364623905   0.0001454574   0.0001966932
       -0.0011993596   0.0001268438   0.0008682016   0.0000663483   0.2301928834
       -0.0063205903  -0.2197614108  -0.0002843321   0.0006759019   0.0009496143
        0.0006695133  -0.0002763980   0.0001114137   0.0005127419   0.0002182395
       -0.0004094214   0.0000005599   0.0000368237  -0.0000124101  -0.0007113957
        0.0005664683   0.0009382822   0.0002513310  -0.0000519163   0.0000697275
       -0.0006779562   0.0002440623  -0.0000717774   0.0000972838  -0.0000877405
       -0.0000807824   0.0000641245  -0.0000239412   0.0001900111   0.0000396250
       -0.0005717754  -0.0000150825   0.0001748226   0.0000702775   0.0001900009
        0.0009720336   0.0000126835  -0.0014201195  -0.0252460614   0.0294135156
        0.0111535490   0.0003177484  -0.0009271572   0.0004141128   0.0000542718
       -0.0002446684  -0.0000528466  -0.1037409351  -0.0944540306   0.1556719720
       -0.0008056058  -0.0010023061   0.0004066774   0.0003301020   0.0002673703
       -0.0002865648   0.0001206339  -0.0000372178   0.0001051151  -0.0000742096
        0.0000943465   0.0000427318   0.0000268721   0.0000014708  -0.0000315954
        0.0000165722  -0.0000522373   0.0000145185  -0.0000928914   0.0000524191
        0.0001305423   0.0003287090  -0.0002320578   0.0005869328  -0.0001727295
       -0.0000214806   0.0001999856   0.0000289722  -0.0000729150   0.0000663951
       -0.0032932242   0.0077563036  -0.0002651323  -0.0010416940   0.0002961257
        0.0020378082   0.0002006470   0.0001561402   0.0003090618  -0.0052644015
       -0.0064763352  -0.0042547764   0.0189618378  -0.0329583551  -0.0226537539
        0.0497910766  -0.1463524900  -0.0243966009  -0.0001035409   0.0008791910
        0.0003400246   0.0016327522  -0.0005797386   0.0019183136  -0.0063205903
        0.3298763437  -0.0852430991  -0.0006699854  -0.0008588321   0.0005977184
       -0.0002568596   0.0001619346   0.0001590422  -0.0002292935  -0.0004079962
        0.0003834990  -0.0000452897   0.0001129649   0.0000585621  -0.0002478375
        0.0001301005   0.0001211897  -0.0000594101   0.0009198835   0.0002723864
        0.0007701114  -0.0000672391   0.0000264610   0.0000438612  -0.0000018296
        0.0000277822  -0.0001280957  -0.0000405477   0.0000638982  -0.0004441016
        0.0005380692   0.0001304886   0.0012373292  -0.0023849684  -0.0011503831
        0.0013045715   0.0017499357   0.0009857579   0.0227560981  -0.0183272818
       -0.0061713121  -0.0002158761   0.0001333877  -0.0000483539   0.0000090483
       -0.0001680940   0.0000576037  -0.0769485344  -0.1337278220   0.1366202264
       -0.0014928951  -0.0000944034   0.0012738313   0.0001961770  -0.0001013577
       -0.0001331034  -0.0000563928   0.0000487111  -0.0001662114   0.0000669576
       -0.0000497798   0.0000175012   0.0000229224  -0.0000455809  -0.0000109268
        0.0000070379   0.0000121275  -0.0000534980   0.0000169451  -0.0002495638
       -0.0001568281  -0.0002966130  -0.0000259252  -0.0005705518   0.0002170691
       -0.0000180499  -0.0001266731  -0.0001198071   0.0001649717   0.0000000478
        0.0210810479  -0.0173106195  -0.0189378067   0.0012236788   0.0025360461
       -0.0048796862   0.0000452901   0.0002086231   0.0003999690  -0.0028545865
       -0.0023999359  -0.0011499022   0.0085765599  -0.0170561056  -0.0076716937
        0.0387884285  -0.0436130408  -0.0823554542   0.0000621786  -0.0001115044
       -0.0000816367   0.0007716031  -0.0002689984   0.0010772779  -0.2197614108
       -0.0852430991   0.3416872448   0.0003097437  -0.0007982917  -0.0003848092
        0.0001832530   0.0001947335   0.0002138411  -0.0004811687   0.0000538835
       -0.0003173053   0.0001452064   0.0000402238   0.0001864744   0.0009980660
       -0.0009131056  -0.0011411414  -0.0002287060  -0.0000546394   0.0005588704
        0.0003483704  -0.0000246070   0.0000453756   0.0001062582  -0.0000037578
       -0.0000258824  -0.0000097902   0.0000959437   0.0000591586   0.0000311259
        0.0000813816   0.0002065570   0.0007608918  -0.0010330056  -0.0004206421
       -0.0002337740   0.0013543755   0.0010546099  -0.0013657957   0.0043297469
        0.0095850563   0.0000247058  -0.0001096640  -0.0004198076   0.0004521292
       -0.0002151115   0.0001025590   0.1499098597   0.1594715569  -0.2364903513
        0.0002827458   0.0012462143  -0.0011019113   0.0006450494  -0.0001399751
        0.0001026879   0.0000595816   0.0000196871  -0.0000693364   0.0000681722
       -0.0000056465   0.0000503189   0.0000787103   0.0000082455   0.0000662132
       -0.0000538153  -0.0000698720   0.0000039675   0.0000291519  -0.0002199296
        0.0001137038   0.0000234573  -0.0001545036  -0.0000444797   0.0000739088
        0.0000255981   0.0000140112  -0.0000901272   0.0000791537  -0.0000360504
       -0.0765874691  -0.0317231556  -0.0098420805   0.0059798528   0.0148593153
        0.0014277177  -0.0023635947   0.0026168436   0.0017368481  -0.0001134742
       -0.0002435204   0.0001024582  -0.0007851752  -0.0008488319   0.0005112819
       -0.0040114624  -0.0075181163   0.0026125643  -0.0143125383  -0.0204819995
       -0.0055651901  -0.0036048403  -0.0013939073  -0.0019751777  -0.0002843321
       -0.0006699854   0.0003097437   0.5336278162  -0.0279854698   0.0218470552
       -0.0007078368  -0.0008333157   0.0004688656  -0.0005742394   0.0014116030
        0.0003783250  -0.0006137326   0.0012280749   0.0001382386   0.0004977470
        0.0001325036   0.0003904528  -0.0905030106  -0.0290690758   0.0517417993
       -0.0002248104  -0.0001432553   0.0001514480   0.0001818856   0.0011976148
        0.0002579282   0.0000124758   0.0000415468   0.0000633457  -0.0000412364
        0.0000425462  -0.0000444171   0.0000097195   0.0000332721   0.0000113396
       -0.0000820309  -0.0001721000  -0.0000917633   0.0002312499   0.0003639611
       -0.0005650137   0.0001035404  -0.0018752089  -0.0003443793  -0.0004010472
       -0.0002557724  -0.0003893481   0.0000003517  -0.0001183475  -0.0000483176
       -0.1437846276   0.0850679871   0.0601425362  -0.2107545355   0.0029488025
       -0.0989691682   0.0000495186  -0.0000469551   0.0000405128  -0.0002963641
       -0.0001047845  -0.0001030326  -0.0000774940   0.0001999111   0.0002023133
       -0.0004850783   0.0000628618   0.0003140361   0.0098800196   0.0131682969
       -0.0248359417   0.0001076029   0.0000561961   0.0000132358  -0.0000959806
        0.0000544746  -0.0000225910   0.0000231309  -0.0000020105  -0.0000656254
       -0.0362514288  -0.1514250977  -0.0220429290  -0.0000788249  -0.0235834107
       -0.0056018575   0.0021955581  -0.0016756283  -0.0014278951   0.0002159950
       -0.0000998097   0.0001196368  -0.0004359180  -0.0002515175   0.0008533077
       -0.0083657261  -0.0111890950   0.0066484167  -0.0061891325  -0.0040329458
       -0.0024459053  -0.0001244324  -0.0002776095   0.0000943400   0.0006759019
       -0.0008588321  -0.0007982917  -0.0279854698   0.4283461472   0.0133199866
       -0.0001716504  -0.0000384282  -0.0000691106   0.0004980289  -0.0009913221
       -0.0002730382   0.0000831748  -0.0007452330  -0.0001819224  -0.0004556087
        0.0003465811   0.0005977311  -0.0190222304  -0.0746491677   0.0658180609
       -0.0002931431  -0.0000659611  -0.0000244638  -0.0003484748  -0.0007521461
       -0.0001429230   0.0000338681  -0.0001963595   0.0000001398  -0.0000724369
       -0.0000131851  -0.0001155261   0.0001503966   0.0002572240   0.0000104629
        0.0001327569   0.0000365653  -0.0003375966   0.0003542433   0.0003952631
       -0.0007287157   0.0014514913   0.0005232919   0.0005594133   0.0002869452
        0.0002033814   0.0001839647  -0.0001189748  -0.0005788646   0.0001008300
        0.0868238326  -0.1130397951  -0.0579330783   0.0046775005  -0.0419217020
       -0.0000535626   0.0000858881  -0.0000382171   0.0000745635   0.0001321952
        0.0002088465  -0.0000350044  -0.0000318042  -0.0000960411  -0.0002480611
        0.0001374424   0.0001982674   0.0000161955   0.0020308262  -0.0039740587
        0.0040709686   0.0000786897  -0.0000111238   0.0000464405  -0.0001398927
        0.0000112832  -0.0000989415   0.0000404137  -0.0000212995   0.0000443642
       -0.0084834809  -0.0200110023  -0.0607722528  -0.0027076272  -0.0109901719
       -0.0006971465   0.0020416951  -0.0018376780  -0.0008476909   0.0000656509
        0.0001427823  -0.0001000903   0.0018096715   0.0021489969  -0.0031768926
        0.0092669268   0.0220458214  -0.0018272613  -0.0071493951  -0.0140787862
       -0.0030554978  -0.0021873509   0.0001244975  -0.0018185241   0.0009496143
        0.0005977184  -0.0003848092   0.0218470552   0.0133199866   0.4597934536
       -0.0004287582  -0.0006333533   0.0003019169  -0.0009057889  -0.0002745327
        0.0001477711   0.0001191410  -0.0001120395  -0.0001554139  -0.0000622022
       -0.0004634119  -0.0006169216   0.0265133521   0.0569688090  -0.1774270744
        0.0001566268  -0.0000150021  -0.0002567842  -0.0001538607  -0.0009186426
       -0.0001267839  -0.0000866993   0.0000740424  -0.0000052482   0.0000259175
        0.0000542008  -0.0000303036  -0.0000385967   0.0000204200  -0.0000101464
        0.0007597614   0.0008798419   0.0002351840   0.0004113230   0.0004272184
       -0.0000088245   0.0005225153   0.0003292394   0.0014082055  -0.0007141711
       -0.0007009161  -0.0011287120  -0.0000365301  -0.0001824671   0.0003439605
        0.0616694911  -0.0563054385  -0.0812308971  -0.1050571246   0.0000924123
       -0.1022412013  -0.0000314517  -0.0000117589   0.0000496785  -0.0001881806
       -0.0001503590  -0.0000643833  -0.0001926566  -0.0000234891  -0.0001509702
        0.0009186794  -0.0003125623  -0.0002432489   0.0014146467   0.0096261251
       -0.0257928007   0.0000085661   0.0001730640  -0.0001096026  -0.0000203118
        0.0000625658   0.0000324079  -0.0000564478  -0.0000661307  -0.0000330955
       -0.0014243849  -0.0019439411   0.0004262511  -0.0001598066   0.0000397782
       -0.0000212878   0.0002069553  -0.0000474747  -0.0000091761   0.0012326628
       -0.0016012097  -0.0007566523  -0.0195480069   0.0001673517  -0.0130737008
       -0.0009880033   0.0008455054  -0.0014549886  -0.0181810179  -0.0140310968
       -0.0013604079  -0.4324198612  -0.1533079720  -0.1672578812   0.0006695133
       -0.0002568596   0.0001832530  -0.0007078368  -0.0001716504  -0.0004287582
        0.6559497046   0.2247809774   0.2302029200   0.0000194745   0.0000131155
       -0.0000108071  -0.0000244114   0.0000033565   0.0000039632   0.0000181900
       -0.0000044494  -0.0001215211   0.0000953340   0.0000161442  -0.0000726114
       -0.0000110813   0.0000107755   0.0000004562   0.0000829877  -0.0000578064
        0.0000363974  -0.0005524526   0.0000989097   0.0001171824  -0.0001028105
        0.0001953292   0.0001466761   0.0001001800  -0.0000245066  -0.0000318389
        0.0005682376  -0.0008119567   0.0008061816  -0.0003314026  -0.0004698971
       -0.0001790953  -0.0000360827   0.0011598632  -0.0007310270   0.0002224175
        0.0007095553  -0.0013260021  -0.0001974691   0.0000221240  -0.0001501619
       -0.0000614468   0.0000268061   0.0000498333  -0.0000595063  -0.0001612024
        0.0000166092  -0.0872294965   0.0450003617  -0.0923152452  -0.0971219646
       -0.1002663727   0.0473044740  -0.0000128441   0.0000001140  -0.0000045087
        0.0000194701   0.0000153300  -0.0000101351  -0.0000349186   0.0000773443
       -0.0000163103   0.0000145932   0.0000014264   0.0000385109  -0.0000053911
        0.0000010159   0.0000060080   0.0000104750  -0.0000287888  -0.0000065993
       -0.0021190823  -0.0029596560   0.0013813816  -0.0002821963  -0.0000143915
       -0.0001377838   0.0000835337  -0.0002102262  -0.0000081967   0.0014547597
       -0.0009584877   0.0008129684   0.0079815940   0.0051551480   0.0033080271
        0.0011479527  -0.0011147891   0.0013134589  -0.0230350450  -0.0140226725
       -0.0054015056  -0.1532428980  -0.1116667091  -0.0416642005  -0.0002763980
        0.0001619346   0.0001947335  -0.0008333157  -0.0000384282  -0.0006333533
        0.2247809774   0.4119384812  -0.1468290384  -0.0000429982   0.0000634249
        0.0000862958  -0.0000064533   0.0000198638   0.0000194386   0.0000619316
       -0.0000122718  -0.0000784873   0.0000341545   0.0000798799  -0.0000674566
        0.0000649238   0.0000210434  -0.0000264850   0.0000549369  -0.0000084075
        0.0000430485  -0.0000402183   0.0000001952   0.0002199620   0.0004211465
       -0.0002529367   0.0001138831   0.0000618774   0.0003815098  -0.0000132086
        0.0009617501  -0.0000237508   0.0006083641   0.0003891119   0.0003890383
        0.0002120704  -0.0015045836   0.0000061977   0.0002108439  -0.0009651781
        0.0002041858  -0.0005871634   0.0000916388   0.0000266445  -0.0000307132
       -0.0000212917   0.0001139112   0.0000855796  -0.0001955550  -0.0002780435
       -0.0000122581   0.0443163667  -0.0894392079   0.0958451654  -0.0993947320
       -0.1976818405   0.0911759177   0.0000040557  -0.0000106524  -0.0000259985
        0.0000280753   0.0000177507  -0.0000173846   0.0000680403   0.0000862118
       -0.0000725816  -0.0000319952  -0.0000176394  -0.0000186843   0.0000229013
        0.0000124887  -0.0000081399  -0.0000377876   0.0000322015   0.0000015006
        0.0009398661   0.0018632605  -0.0006133929  -0.0000726670   0.0000096491
        0.0000218162   0.0001914924  -0.0000843195  -0.0001973947   0.0000093877
       -0.0011785065  -0.0012755617  -0.0240375544  -0.0037821028  -0.0137391110
       -0.0025739208   0.0012057662  -0.0030702725   0.0082371052   0.0016893178
        0.0042345609  -0.1677400649  -0.0417574223  -0.1253623223   0.0001114137
        0.0001590422   0.0002138411   0.0004688656  -0.0000691106   0.0003019169
        0.2302029200  -0.1468290384   0.4251731243   0.0000122115   0.0000451542
       -0.0000399792   0.0000144644   0.0000036171   0.0000289453  -0.0000723567
        0.0000018845   0.0000295135  -0.0000507097  -0.0000016547   0.0001564630
       -0.0000457904  -0.0000098029   0.0000265297   0.0000210335  -0.0000474454
        0.0001444141   0.0000589123   0.0000102010   0.0003036265  -0.0003263819
        0.0005824327   0.0002151524  -0.0000329703   0.0002088101  -0.0000990302
       -0.0007447351  -0.0006602705   0.0007586025  -0.0008418429  -0.0008271421
       -0.0004890769   0.0005293197   0.0012404109   0.0003636294   0.0004855056
        0.0010750116   0.0001535612   0.0000055197   0.0000225286   0.0000981723
       -0.0000133699   0.0000376140  -0.0000139407   0.0001403647   0.0001631357
        0.0000310602  -0.0912664868   0.0967122763  -0.2031350117   0.0463503343
        0.0903439039  -0.0842680882   0.0000232339   0.0000028849   0.0000089740
       -0.0000127575  -0.0000173845   0.0000090728  -0.0000270648  -0.0000980024
       -0.0000223788   0.0000497133   0.0000012584   0.0000542629  -0.0000068970
       -0.0000058308   0.0000223604   0.0000139065  -0.0000101263  -0.0000240385
       -0.0265758627   0.0091567214  -0.0041604446  -0.1519566134  -0.0033693876
       -0.0566552334  -0.0140092443  -0.0069616107  -0.0068076885  -0.0002119524
       -0.0001481259   0.0000765504  -0.0004027110  -0.0003231487   0.0001029701
        0.0003073964  -0.0002208826  -0.0001993557  -0.0014095381   0.0017667604
        0.0008698917  -0.0005279512  -0.0000986657  -0.0001540456   0.0005127419
       -0.0002292935  -0.0004811687  -0.0005742394   0.0004980289  -0.0009057889
        0.0000194745  -0.0000429982   0.0000122115   0.5986550606   0.2080569229
        0.0008358191  -0.2986803071  -0.2181665769   0.0930449242  -0.0039369883
        0.0032142804  -0.0038511406  -0.0004148966  -0.0003121102   0.0003531573
       -0.0727306826   0.0192613346  -0.0228115886   0.0007292827   0.0010361298
        0.0004420636  -0.0005086450  -0.0009084936  -0.0001334861   0.0003632782
       -0.0001148336   0.0001491048   0.0001724243   0.0000191513   0.0000522668
        0.0001938741   0.0000708114  -0.0001071020   0.0000637671  -0.0000290554
        0.0005799369  -0.0005979476  -0.0000488931  -0.0003611235   0.0001274711
        0.0001089841   0.0001297132   0.0000824328   0.0000479900  -0.0000067874
       -0.0001241650  -0.0005348503   0.0000613043   0.0009241929  -0.0000559127
       -0.0001129584   0.0000681321  -0.0000113451   0.0000843408   0.0000509842
        0.0000500773  -0.0000182211  -0.0265078373  -0.0172882603   0.0070746008
        0.0030374643   0.0020670933  -0.0012612159  -0.0001518020   0.0001977827
       -0.0001324488   0.0040771063  -0.0117350181   0.0135933674  -0.0116597506
        0.0185444666  -0.0226153617   0.0015960508  -0.0034970732   0.0033129367
        0.0110521836   0.0007601358   0.0076993750   0.0023847473  -0.0625988918
        0.0027970024  -0.0219920019  -0.0023823770  -0.0127632138  -0.0003112671
       -0.0001375233  -0.0000998280  -0.0000524937  -0.0001297033   0.0000704475
       -0.0006702758   0.0004360101   0.0000232825   0.0025797092  -0.0017876936
       -0.0012381532   0.0000141304  -0.0001615409   0.0000052525   0.0002182395
       -0.0004079962   0.0000538835   0.0014116030  -0.0009913221  -0.0002745327
        0.0000131155   0.0000634249   0.0000451542   0.2080569229   0.4908789057
       -0.2224929358  -0.2204995617  -0.2498184887   0.1142737413   0.0083387303
        0.0004620772   0.0084834325  -0.0003008527   0.0002609953   0.0003689688
        0.0236862825  -0.1250181653   0.0705722821  -0.0006639551   0.0001960979
       -0.0006010262  -0.0025710502  -0.0046227557  -0.0014744411  -0.0000757600
       -0.0003124946   0.0003026416  -0.0000238266  -0.0002325928   0.0003454584
       -0.0000325727  -0.0000500802  -0.0000135265  -0.0000231399   0.0002637122
        0.0003345877   0.0008039989  -0.0001142453   0.0002545868  -0.0001027441
       -0.0000587245  -0.0001192904  -0.0000816694   0.0000788985   0.0000938355
        0.0000495317   0.0000485151   0.0000890415   0.0020460363  -0.0020469791
       -0.0010279335   0.0000258796  -0.0000195221   0.0000178790   0.0000138204
        0.0000212002  -0.0000102354  -0.0025146719  -0.0016786233   0.0000496068
       -0.0129052257  -0.0167096434   0.0093080836  -0.0001083812  -0.0001080059
       -0.0001436989  -0.0041097229   0.0011172476   0.0024136271   0.0021895300
        0.0008543777   0.0006553979   0.0041547114  -0.0260542290   0.0220012472
        0.0057664913   0.0030161069   0.0078198625  -0.0456766995   0.0034850659
       -0.0900226327  -0.0044725491  -0.0039098694  -0.0019796468  -0.0000488667
        0.0001624870   0.0000406442  -0.0001231190   0.0000793789  -0.0001611988
        0.0003057949  -0.0005920058   0.0012926644   0.0018629180  -0.0016892676
       -0.0008649408  -0.0002734951  -0.0002156226   0.0000432934  -0.0004094214
        0.0003834990  -0.0003173053   0.0003783250  -0.0002730382   0.0001477711
       -0.0000108071   0.0000862958  -0.0000399792   0.0008358191  -0.2224929358
        0.3818143162   0.0945413580   0.1158475073  -0.1043057599  -0.0255657857
        0.0044266996  -0.0197511523  -0.0000528055  -0.0002979378  -0.0001868099
       -0.0281402951   0.0700482919  -0.1392820821  -0.0005610760   0.0000116030
        0.0004798037  -0.0009023573  -0.0009526945   0.0004898349   0.0003525000
        0.0002903241  -0.0002582377   0.0000625399   0.0000602478  -0.0001489865
        0.0001241807  -0.0000034533  -0.0000740828   0.0006414672  -0.0000332734
       -0.0008926719   0.0006996221  -0.0001635620   0.0004310622  -0.0001183746
       -0.0000269355  -0.0000045188   0.0001046784   0.0000072489  -0.0000413959
        0.0003816523  -0.0003038622   0.0001822716   0.0003113462  -0.0003376712
        0.0004402042  -0.0000108007  -0.0000110818   0.0000056802   0.0000591765
        0.0000488584  -0.0000176308  -0.0098176248  -0.0076045264   0.0022610710
        0.0149916136   0.0159783479  -0.0112519382  -0.0000739776   0.0002129980
       -0.0000924206  -0.0018736950   0.0184584747  -0.0230691940  -0.0070288510
        0.0064528176  -0.0086672063   0.0037411179  -0.0001485149   0.0059813118
        0.0002280072  -0.0012912997  -0.0006370200  -0.0350604712  -0.0178270877
        0.0013127130  -0.0029747547   0.0006530023  -0.0021651169  -0.0000252173
       -0.0002721841   0.0000999037   0.0000875607  -0.0000205871  -0.0000040916
       -0.0002107351   0.0002202576   0.0000357771  -0.0003530873   0.0004544426
        0.0000676190   0.0001463703   0.0000319867  -0.0000246713   0.0000005599
       -0.0000452897   0.0001452064  -0.0006137326   0.0000831748   0.0001191410
       -0.0000244114  -0.0000064533   0.0000144644  -0.2986803071  -0.2204995617
        0.0945413580   0.6449289128   0.2157393068   0.0477649225  -0.0009995805
       -0.0015623843   0.0016788078  -0.0003319313   0.0004457561  -0.0002285853
        0.0012337386  -0.0022861404   0.0027823707   0.0000151201   0.0001162098
       -0.0000143421  -0.0004517380  -0.0010576340  -0.0003134172  -0.0001223164
        0.0000317829  -0.0000260152  -0.0000228059   0.0000133768   0.0001131241
       -0.0000003717  -0.0000035464  -0.0000334321  -0.0001098510   0.0000276419
        0.0000275453  -0.0001489021  -0.0000575007  -0.0000839811   0.0000588859
       -0.0000694168   0.0000922662  -0.0000400096   0.0000012297  -0.0000029411
        0.0000325626  -0.0000983992   0.0000339436  -0.0009596537   0.0012063298
        0.0004578392   0.0000058057  -0.0000050393   0.0000039425  -0.0000018533
        0.0000000315  -0.0000060910  -0.2553745057  -0.0076482420  -0.1030029771
       -0.0525142624   0.0290022169  -0.0391664521  -0.0000448963  -0.0000573131
        0.0001067285   0.0007763853   0.0008676225  -0.0014115754   0.0012559817
        0.0018405246  -0.0011934214   0.0002955038   0.0020731861  -0.0010835422
        0.0018504548  -0.0021979181  -0.0006835834  -0.0110634562  -0.0003510155
       -0.0013307908  -0.0000391808   0.0000227547  -0.0003270067   0.0000017668
       -0.0000951208   0.0001298214   0.0000158845  -0.0000272059  -0.0000145284
       -0.0000363237  -0.0000683165   0.0003425772  -0.0000978564   0.0002197291
        0.0000180067  -0.0000827016  -0.0000710130   0.0000131648   0.0000368237
        0.0001129649   0.0000402238   0.0012280749  -0.0007452330  -0.0001120395
        0.0000033565   0.0000198638   0.0000036171  -0.2181665769  -0.2498184887
        0.1158475073   0.2157393068   0.4689699785  -0.2689208845   0.0019000156
        0.0002741912   0.0004670669   0.0008138847  -0.0000464796   0.0003115863
       -0.0144749300  -0.0220105557   0.0178711839  -0.0000338984   0.0000170186
       -0.0000135736   0.0000467040  -0.0000470112   0.0000119538   0.0000506848
        0.0000105745  -0.0000221545   0.0000512885   0.0000810347   0.0000034402
        0.0000598547   0.0000329216  -0.0000345960  -0.0000716249  -0.0000836770
        0.0000583517   0.0000106991   0.0000195292   0.0000003979   0.0000381071
        0.0000211582   0.0000418413  -0.0000003478  -0.0000077690  -0.0000594734
        0.0001751289   0.0001124828   0.0000178402  -0.0001181777   0.0002735698
        0.0002541334   0.0000105522  -0.0000035981   0.0000018250   0.0000225203
        0.0000180189  -0.0000010567  -0.0086690079  -0.0389705453   0.0028432058
        0.0312005806  -0.1527033614   0.1313815552  -0.0000833913  -0.0000614819
       -0.0000711911   0.0005023375  -0.0012956885   0.0008053185  -0.0013268801
        0.0001387556  -0.0009974955   0.0005063279  -0.0017400672   0.0021237556
       -0.0013334086  -0.0008603945   0.0000637520  -0.0076484234  -0.0061522997
        0.0022216074  -0.0025670088  -0.0005495557  -0.0008332880  -0.0000273419
       -0.0001097818  -0.0001061393   0.0000660720   0.0000259997  -0.0000159961
       -0.0000579115   0.0001148973  -0.0001886191  -0.0001733364   0.0003595249
        0.0001436399   0.0000917167   0.0000495921  -0.0000399864  -0.0000124101
        0.0000585621   0.0001864744   0.0001382386  -0.0001819224  -0.0001554139
        0.0000039632   0.0000194386   0.0000289453   0.0930449242   0.1142737413
       -0.1043057599   0.0477649225  -0.2689208845   0.3820600876  -0.0023504353
       -0.0011912820   0.0011320765   0.0002487588  -0.0001756388  -0.0001607931
        0.0137021309   0.0232681362  -0.0136656209   0.0000908851   0.0002315439
       -0.0000508370  -0.0002714965  -0.0004312183  -0.0001739663  -0.0001061848
       -0.0000609320   0.0000035466  -0.0000610521  -0.0000716895   0.0000997470
       -0.0000341357   0.0000162323   0.0000283248  -0.0000580542   0.0000620093
        0.0000038322  -0.0001555429   0.0000385949  -0.0000076829   0.0000433669
       -0.0000695586   0.0000639856  -0.0000382945   0.0000231332  -0.0000107965
        0.0001305451  -0.0000058906   0.0000482356   0.0003931257  -0.0004061148
        0.0004762697   0.0000063029  -0.0000070200   0.0000072017  -0.0000042546
       -0.0000054567  -0.0000031364  -0.1012513157   0.0043183128  -0.0838023671
       -0.0411732491   0.1317968834  -0.1788262027   0.0002848970  -0.0000127457
        0.0000788650  -0.0002058200   0.0023819139  -0.0024284763   0.0019421220
        0.0004816298   0.0000865234  -0.0004222953   0.0016922399  -0.0019580326
       -0.0072701590  -0.0027975654   0.0204517484  -0.0441785603  -0.0137421536
        0.0333622930  -0.0029358097  -0.0077668533   0.0092214743  -0.0003825236
       -0.0025176466  -0.0000052020   0.0001851240   0.0001041834  -0.0001630476
       -0.0018010440   0.0024686985   0.0011730608   0.0005001484  -0.0001463217
        0.0016265346  -0.0002484650  -0.0003012429   0.0001658686  -0.0007113957
       -0.0002478375   0.0009980660   0.0004977470  -0.0004556087  -0.0000622022
        0.0000181900   0.0000619316  -0.0000723567  -0.0039369883   0.0083387303
       -0.0255657857  -0.0009995805   0.0019000156  -0.0023504353   0.0681888739
        0.0167322490  -0.0363890837  -0.0000282204  -0.0001224770  -0.0001759192
       -0.0034743320  -0.0006078271  -0.0022055747  -0.0001292813   0.0000382163
        0.0000053243  -0.0001886321  -0.0009720247   0.0008377992  -0.0001371106
       -0.0000256798   0.0000715775  -0.0003428820  -0.0002853652   0.0003626677
        0.0000438027   0.0000223830  -0.0000701024  -0.0000701933   0.0000613312
       -0.0001228632   0.0000959843  -0.0000614131  -0.0001069286  -0.0011694211
        0.0002238274  -0.0006954228  -0.0001759303   0.0001292170   0.0002316014
       -0.0000636552  -0.0001309094  -0.0000376164  -0.0000666342  -0.0000209529
       -0.0001593082  -0.0000412713   0.0000178341  -0.0000250924   0.0000807051
        0.0000525262  -0.0000184158   0.0003322815   0.0000611402   0.0001563384
       -0.0009163440  -0.0009477525   0.0000710819  -0.0002120783   0.0004234212
       -0.0000104539  -0.0000308699   0.0000200865   0.0000981611  -0.0004341618
        0.0007628692  -0.0007505859   0.0000026872  -0.0002690294   0.0001527997
        0.0060313918   0.0044299009  -0.0163251778  -0.0148743635  -0.0707023632
        0.0753596130  -0.0091905648  -0.0159761506   0.0240018602  -0.0015392132
       -0.0048226058  -0.0007796563   0.0001071966   0.0000825036  -0.0001683928
        0.0018679339  -0.0016720487  -0.0008139608  -0.0002078824   0.0003499062
       -0.0004772014  -0.0000535709  -0.0000449604   0.0000984658   0.0005664683
        0.0001301005  -0.0009131056   0.0001325036   0.0003465811  -0.0004634119
       -0.0000044494  -0.0000122718   0.0000018845   0.0032142804   0.0004620772
        0.0044266996  -0.0015623843   0.0002741912  -0.0011912820   0.0167322490
        0.0880444890  -0.0849647556   0.0000648432   0.0001707395   0.0000585073
        0.0004182953   0.0005106317   0.0006637766   0.0001418147  -0.0003751025
        0.0000248658  -0.0004106098   0.0003941743   0.0009001012  -0.0000452680
       -0.0000187588  -0.0000686403  -0.0008684504  -0.0006393420   0.0009089221
        0.0000796769  -0.0000348185  -0.0001043531  -0.0000378146  -0.0001403938
        0.0000009859  -0.0000673361  -0.0000894416  -0.0001548766   0.0000052672
        0.0003502462   0.0001150603   0.0001944627  -0.0001213177  -0.0002552951
       -0.0001068830   0.0001625528   0.0002277996  -0.0000341972   0.0000007672
        0.0000356884  -0.0000024573   0.0000045957  -0.0000302324   0.0000149543
        0.0000059151   0.0000046493   0.0000085268  -0.0003621596  -0.0001843983
       -0.0010094914   0.0000038191   0.0000129754   0.0004457044  -0.0005178923
       -0.0000374313  -0.0000000274  -0.0001250432  -0.0000331981   0.0000799390
       -0.0000718949   0.0001003749  -0.0000905443   0.0000033742   0.0000231396
        0.0082614274   0.0021197853  -0.0192321644   0.0329778983   0.0756524774
       -0.2269598825  -0.0000669014   0.0003497519  -0.0001279658  -0.0000822375
        0.0003750373   0.0010353427  -0.0001082111  -0.0000480855  -0.0000025916
        0.0017435609  -0.0023435128  -0.0007960826  -0.0015410213   0.0003184302
        0.0011185384   0.0000755054   0.0001345833  -0.0001195720   0.0009382822
        0.0001211897  -0.0011411414   0.0003904528   0.0005977311  -0.0006169216
       -0.0001215211  -0.0000784873   0.0000295135  -0.0038511406   0.0084834325
       -0.0197511523   0.0016788078   0.0004670669   0.0011320765  -0.0363890837
       -0.0849647556   0.2630261358  -0.0003194220   0.0005617290   0.0011359626
       -0.0028155669  -0.0004911599  -0.0008105763   0.0000195260   0.0002891908
       -0.0001075171  -0.0003833591  -0.0009463863   0.0013025670  -0.0000196302
       -0.0001342895   0.0001686338   0.0001383774   0.0000837359  -0.0001705724
       -0.0000656673  -0.0000452074   0.0000756669  -0.0000184284  -0.0000506601
        0.0002045373  -0.0001427465   0.0000580010  -0.0000118364   0.0001753710
        0.0000802358   0.0004994273   0.0000910294  -0.0001547299  -0.0001100828
       -0.0002477929   0.0002129788  -0.0000632677  -0.0000226804  -0.0000383726
       -0.0002602721   0.0000240508  -0.0000048555   0.0000495942  -0.0000135117
       -0.0000228649  -0.0000248620   0.0003321850   0.0002712900   0.0006027008
       -0.0003840253  -0.0009620224   0.0003108218   0.0001148474  -0.0003642854
        0.0000512663   0.0000166494  -0.0000441887   0.0002307279  -0.0003887018
        0.0006770825  -0.0006596984   0.0000036780  -0.0001598656  -0.0000073534
       -0.0027019955  -0.0102026947   0.0152673544   0.0003287006   0.0007031753
        0.0002409303   0.0000948743  -0.0000214376  -0.0000827763   0.0000123845
        0.0000407351  -0.0000572794  -0.0004593921  -0.0004929838   0.0007561883
       -0.0011363162  -0.0033577463  -0.0004926902  -0.0001747054  -0.0010223578
        0.0010883331   0.0004609060   0.0001621187   0.0002032960   0.0002513310
       -0.0000594101  -0.0002287060  -0.0905030106  -0.0190222304   0.0265133521
        0.0000953340   0.0000341545  -0.0000507097  -0.0004148966  -0.0003008527
       -0.0000528055  -0.0003319313   0.0008138847   0.0002487588  -0.0000282204
        0.0000648432  -0.0003194220   0.4209669660   0.0336977150   0.1186828205
        0.0001425108   0.0001172975  -0.0001531258   0.0000488737  -0.0000831556
       -0.0000186784  -0.0000852463  -0.0000061733   0.0000009636  -0.0000032357
        0.0000220214   0.0000108714  -0.0000193908  -0.0000188368  -0.0000316270
       -0.0002239167  -0.0002523640  -0.0000292128  -0.0000811334  -0.0000948862
        0.0002141383   0.0000049800  -0.0000337076  -0.0000818771  -0.0001670033
        0.0000651838  -0.0000455085  -0.0000317392  -0.0003027729   0.0001073075
       -0.0071083112  -0.0097721689   0.0281368764   0.0061045719   0.0107780263
       -0.0252732709  -0.0000129526   0.0000433382  -0.0000334355  -0.0000149306
       -0.0000115833   0.0000284417  -0.0000931798  -0.0000456439  -0.0001293146
       -0.0003785305   0.0002199945  -0.0002002190  -0.3244715677  -0.0016592977
       -0.1641634054  -0.0000640494  -0.0000058487  -0.0001112487   0.0000412789
       -0.0000111606   0.0000113756  -0.0000470560   0.0000148246   0.0000443049
       -0.0124555575  -0.0206289777   0.0338572396  -0.0002381306   0.0006159738
        0.0005384356  -0.0001134857   0.0005751131   0.0002433477  -0.0000907420
        0.0001111781  -0.0000999283  -0.0010723302  -0.0008952406   0.0015785567
       -0.0020343991  -0.0075473428  -0.0024435685   0.0009586666   0.0005802316
        0.0002646246   0.0006080679   0.0001882900   0.0004835783  -0.0000519163
        0.0009198835  -0.0000546394  -0.0290690758  -0.0746491677   0.0569688090
        0.0000161442   0.0000798799  -0.0000016547  -0.0003121102   0.0002609953
       -0.0002979378   0.0004457561  -0.0000464796  -0.0001756388  -0.0001224770
        0.0001707395   0.0005617290   0.0336977150   0.1054466824  -0.1160905434
        0.0001560074  -0.0000274207   0.0001481780   0.0000787038   0.0000418626
        0.0000352419  -0.0000303572   0.0000412829   0.0000422044   0.0000120364
        0.0000479914   0.0000712736  -0.0001126950  -0.0001061921   0.0000059827
       -0.0005245769  -0.0005616737   0.0000649591  -0.0001330241  -0.0000253147
        0.0002973552  -0.0002614670   0.0002538378   0.0000767502   0.0001052537
       -0.0001343868   0.0003782874   0.0000554591  -0.0001461734  -0.0000085579
       -0.0005035890   0.0086186674  -0.0053732257   0.0013788364  -0.0016795003
        0.0067600224  -0.0000488292   0.0000310007  -0.0000620267  -0.0000252224
       -0.0000734681   0.0000176804   0.0002609432  -0.0001943021   0.0003730279
       -0.0003007254  -0.0004978196   0.0001284038   0.0097538534  -0.0107820328
        0.0217145013  -0.0000871355  -0.0000061318  -0.0000201777   0.0001133075
        0.0000008637   0.0000347908  -0.0000529045   0.0000171509  -0.0000170807
        0.0058427053   0.0134534834  -0.0096889827   0.0006378412  -0.0008979070
       -0.0006962192  -0.0003366325   0.0000487313   0.0001976255  -0.0000122292
       -0.0001933318   0.0001383204   0.0007513827   0.0004328242  -0.0006961587
        0.0008324296   0.0019483327   0.0018238456  -0.0022626604  -0.0014450215
        0.0007511801  -0.0002071537  -0.0000391262  -0.0004765345   0.0000697275
        0.0002723864   0.0005588704   0.0517417993   0.0658180609  -0.1774270744
       -0.0000726114  -0.0000674566   0.0001564630   0.0003531573   0.0003689688
       -0.0001868099  -0.0002285853   0.0003115863  -0.0001607931  -0.0001759192
        0.0000585073   0.0011359626   0.1186828205  -0.1160905434   0.3881980230
       -0.0001754527  -0.0002196050   0.0002185668  -0.0000818675   0.0001965858
        0.0000119067   0.0001029306  -0.0000260402   0.0000435593  -0.0000008202
       -0.0000585432  -0.0000257531   0.0000220035   0.0000864063   0.0000638194
        0.0002244089   0.0002519922   0.0000270806   0.0000024529  -0.0001876086
       -0.0001450071   0.0000304731  -0.0007806441  -0.0005963808   0.0003063423
        0.0004932231   0.0006386565  -0.0000942016   0.0005051593  -0.0003301531
        0.0161580426   0.0084919388  -0.0341550293  -0.0003016749   0.0115254558
       -0.0279980932   0.0001059729  -0.0000255175   0.0000410664  -0.0000496753
        0.0000018761  -0.0000000225   0.0001916234  -0.0001357313   0.0000214964
       -0.0005238391  -0.0002212228   0.0005332446  -0.1916297212   0.0163995105
       -0.1422386607   0.0000533402  -0.0001907538   0.0001732533  -0.0000313436
       -0.0000662489  -0.0000097459   0.0000749343  -0.0000197275   0.0000984776
       -0.0004562519  -0.0002162656  -0.0003447670  -0.0052024749   0.0135162739
       -0.0176583757   0.0006799900   0.0001465916   0.0004722541   0.0001045634
       -0.0003126246   0.0004265370   0.0000226254   0.0001511822  -0.0002635178
        0.0012465897  -0.0007646273   0.0005958019  -0.0004118373   0.0001553121
        0.0001263014  -0.0000009166  -0.0000180109   0.0001351013  -0.0006779562
        0.0007701114   0.0003483704  -0.0002248104  -0.0002931431   0.0001566268
       -0.0000110813   0.0000649238  -0.0000457904  -0.0727306826   0.0236862825
       -0.0281402951   0.0012337386  -0.0144749300   0.0137021309  -0.0034743320
        0.0004182953  -0.0028155669   0.0001425108   0.0001560074  -0.0001754527
        0.5149314241   0.0187244042  -0.0061219766  -0.0005642479   0.0000825597
       -0.0003137532  -0.0000664412   0.0002041968   0.0000153005  -0.0011671498
       -0.0001147936  -0.0008244908  -0.0003031403   0.0000599389  -0.0003097888
       -0.0001111027   0.0000205797  -0.0000283174  -0.0026116638   0.0011082810
       -0.0005242707  -0.0001473161   0.0000433271  -0.0000244118  -0.0000068656
        0.0000127057   0.0000080134   0.0000245930  -0.0000492020  -0.0000687166
        0.0000098347   0.0000631838  -0.0000277560  -0.0000398382   0.0000869028
        0.0000230360  -0.0000559800  -0.0000109760  -0.0000581458  -0.0000292038
       -0.0000257515  -0.0000009956   0.0006678620  -0.0004658751   0.0026821056
       -0.0006626759  -0.0052163298  -0.0006109517   0.0001026647  -0.0000657562
        0.0000485646  -0.1173209421   0.0209410968   0.1095013292  -0.2653643528
       -0.0250601030  -0.0576378745  -0.0475251334  -0.0333237679  -0.0122462580
       -0.0000839151   0.0000544991  -0.0003920766   0.0016097385  -0.0001484751
        0.0020954982   0.0003557977  -0.0005188668  -0.0001114127   0.0005487926
       -0.0003777180   0.0003529627   0.0001147874  -0.0001402362  -0.0000204697
       -0.0002546270   0.0001306128  -0.0003652131  -0.0000102356   0.0000826976
        0.0001107597   0.0000101047   0.0000297187   0.0001992568   0.0002440623
       -0.0000672391  -0.0000246070  -0.0001432553  -0.0000659611  -0.0000150021
        0.0000107755   0.0000210434  -0.0000098029   0.0192613346  -0.1250181653
        0.0700482919  -0.0022861404  -0.0220105557   0.0232681362  -0.0006078271
        0.0005106317  -0.0004911599   0.0001172975  -0.0000274207  -0.0002196050
        0.0187244042   0.4857388473   0.0149484546  -0.0007951421   0.0003200032
       -0.0007114860  -0.0000400833   0.0000831182  -0.0001125395  -0.0008314263
        0.0002703210  -0.0000910062  -0.0001005878   0.0000905624  -0.0000805881
        0.0000287638   0.0000719295   0.0000281262   0.0008410073  -0.0003286805
        0.0000895576  -0.0000313477   0.0000404865   0.0000004732   0.0000409522
       -0.0000211063  -0.0000345468  -0.0000161781  -0.0000770552  -0.0000267807
        0.0001007723  -0.0000159565   0.0000102673  -0.0000396252  -0.0000311251
        0.0001083871  -0.0000076247  -0.0000026241  -0.0000364893   0.0000158124
        0.0000117517   0.0000076155   0.0024863673  -0.0015989130  -0.0017110134
       -0.0047066408   0.0036064521   0.0066658250  -0.0000143426   0.0000189067
        0.0000518237   0.0231371351  -0.0439719704  -0.0344683032  -0.0249621118
       -0.0466016439  -0.0076728876  -0.0327167944  -0.2500578687  -0.0713904458
        0.0003282484  -0.0000975926  -0.0006795329  -0.0058539871   0.0059819591
       -0.0091938440   0.0009817782   0.0002418630  -0.0000543162  -0.0000123306
       -0.0002307200  -0.0003924434   0.0000720948  -0.0001204775   0.0000671432
       -0.0008221388   0.0003511575  -0.0005079721  -0.0003635146   0.0000952956
        0.0000878942  -0.0000166727   0.0001233654  -0.0001212184  -0.0000717774
        0.0000264610   0.0000453756   0.0001514480  -0.0000244638  -0.0002567842
        0.0000004562  -0.0000264850   0.0000265297  -0.0228115886   0.0705722821
       -0.1392820821   0.0027823707   0.0178711839  -0.0136656209  -0.0022055747
        0.0006637766  -0.0008105763  -0.0001531258   0.0001481780   0.0002185668
       -0.0061219766   0.0149484546   0.4776395079  -0.0007454748   0.0001887202
       -0.0003773055  -0.0001998436   0.0002168715   0.0001470225  -0.0001985027
        0.0001675597   0.0002860336  -0.0001636360   0.0000046786   0.0000306058
       -0.0000511353   0.0000296962   0.0000695095   0.0015602948  -0.0008842976
        0.0003903622  -0.0000651468  -0.0000162717  -0.0000110260   0.0000368662
        0.0000230322   0.0001029758  -0.0000384017   0.0000551455  -0.0000051970
       -0.0000456509   0.0000627693   0.0000636139   0.0000812690   0.0000778796
       -0.0000638441   0.0000191138   0.0000000182   0.0000245799  -0.0000164389
       -0.0000149342   0.0000006280   0.0000526549  -0.0029828977  -0.0015890269
       -0.0014834196   0.0065959460   0.0057220131   0.0000446388  -0.0000684626
        0.0000022085   0.1065608634  -0.0312890777  -0.1960172449  -0.0580364617
       -0.0076716436  -0.0586835802  -0.0131952983  -0.0750189697  -0.0632129553
       -0.0003141010  -0.0014771712  -0.0004779364   0.0067332089  -0.0060628826
       -0.0020561107  -0.1690466561   0.1118016714   0.0316889248  -0.0141869334
        0.0100833204   0.0062876748  -0.0018865942  -0.0015013117   0.0027522297
       -0.0001018914  -0.0001951698  -0.0001089230  -0.0000926769   0.0001867707
        0.0000912462   0.0000538340  -0.0001316350   0.0001340681   0.0000972838
        0.0000438612   0.0001062582   0.0001818856  -0.0003484748  -0.0001538607
        0.0000829877   0.0000549369   0.0000210335   0.0007292827  -0.0006639551
       -0.0005610760   0.0000151201  -0.0000338984   0.0000908851  -0.0001292813
        0.0001418147   0.0000195260   0.0000488737   0.0000787038  -0.0000818675
       -0.0005642479  -0.0007951421  -0.0007454748   0.1982948185  -0.1272684089
       -0.0362900483  -0.0195387370   0.0156168178  -0.0001536210   0.0007930077
        0.0001724191  -0.0004664316  -0.0003794700  -0.0001496298  -0.0000754463
       -0.0006327916   0.0007006447   0.0005144177   0.0000008160   0.0000066609
        0.0000523065   0.0000473668  -0.0000762549   0.0000526023  -0.0000436827
       -0.0001603792   0.0001494140   0.0000027726  -0.0000332383  -0.0000923550
        0.0000079335  -0.0001646308  -0.0000153698   0.0000390991   0.0000112019
        0.0000132535   0.0000036623   0.0000105021   0.0000306783   0.0000115406
        0.0000119497   0.0000141196   0.0000141775   0.0000499747   0.0000355286
        0.0000206674   0.0000431667  -0.0000204602  -0.0000171057  -0.0000455796
        0.0000280984  -0.0000380977   0.0000878250   0.0001233797  -0.0000772251
        0.0000129134   0.0000355206  -0.0001288464  -0.0000073929  -0.0009421843
       -0.0023286106  -0.0051476844  -0.0001506715   0.0176426771  -0.0232067334
       -0.0065877813   0.1116660478  -0.1378194843  -0.0284120625  -0.0053240653
        0.0050213275   0.0018866239  -0.0007514687   0.0004150119   0.0009434813
       -0.0000856445   0.0000309151   0.0003065105  -0.0001129731   0.0000593501
       -0.0000853174   0.0000479636  -0.0001415500  -0.0000004969  -0.0000877405
       -0.0000018296  -0.0000037578   0.0011976148  -0.0007521461  -0.0009186426
       -0.0000578064  -0.0000084075  -0.0000474454   0.0010361298   0.0001960979
        0.0000116030   0.0001162098   0.0000170186   0.0002315439   0.0000382163
       -0.0003751025   0.0002891908  -0.0000831556   0.0000418626   0.0001965858
        0.0000825597   0.0003200032   0.0001887202  -0.1272684089   0.1618919752
        0.0319761924   0.0048326526  -0.0016708422   0.0007432583  -0.0001643860
        0.0004370443  -0.0001729147   0.0000523401   0.0000815968  -0.0000346671
       -0.0002324393   0.0001146595   0.0001707528  -0.0000059471  -0.0000411608
       -0.0000950785  -0.0000992269   0.0000661666   0.0000103761  -0.0000043588
        0.0000207466  -0.0000260351   0.0000003334   0.0000651827   0.0000184260
       -0.0001665144  -0.0004899695  -0.0000467394   0.0000481604   0.0000126263
        0.0000042095  -0.0000151434  -0.0000105917  -0.0000007107   0.0000041641
        0.0000179189  -0.0000044294   0.0000827549   0.0000248027  -0.0000611686
        0.0000788647   0.0000165724   0.0000292761   0.0000039154   0.0000478709
       -0.0000692635   0.0000138075  -0.0000355865   0.0000581221   0.0000307761
        0.0000100150  -0.0000196989  -0.0001872987   0.0007923238  -0.0003279909
       -0.0004494093  -0.0013815726  -0.0000119004   0.0029351487  -0.0043901852
       -0.0003937808   0.0311211236  -0.0280651699  -0.0502477714   0.0202421967
       -0.0142480932  -0.0074344527   0.0033331318   0.0015109615  -0.0035536743
        0.0000556277   0.0002260737   0.0002744804  -0.0001620886   0.0002510570
        0.0001465725  -0.0002317966   0.0003155778  -0.0003831334  -0.0000807824
        0.0000277822  -0.0000258824   0.0002579282  -0.0001429230  -0.0001267839
        0.0000363974   0.0000430485   0.0001444141   0.0004420636  -0.0006010262
        0.0004798037  -0.0000143421  -0.0000135736  -0.0000508370   0.0000053243
        0.0000248658  -0.0001075171  -0.0000186784   0.0000352419   0.0000119067
       -0.0003137532  -0.0007114860  -0.0003773055  -0.0362900483   0.0319761924
        0.0604219880  -0.0209282547   0.0162892137   0.0026704382   0.0001720574
       -0.0007910044   0.0004596148  -0.0000082388   0.0000160788   0.0001257134
        0.0009657709  -0.0009150395  -0.0007123532   0.0000174345  -0.0000115455
       -0.0000940560   0.0000264144   0.0000402186   0.0000619417   0.0000020507
       -0.0001619525   0.0000960333   0.0000151477   0.0000172733   0.0000498828
       -0.0000247455  -0.0000827788  -0.0000287070   0.0000160544   0.0000029866
       -0.0000168762   0.0000189206  -0.0000227182   0.0000332619  -0.0000287968
        0.0000005190  -0.0000236019   0.0000160473  -0.0000284797  -0.0000296475
        0.0000368686   0.0000860161  -0.0000663803   0.0000021979  -0.0000032208
        0.0000019258   0.0000634154   0.0000585809  -0.0000601010   0.0001099780
        0.0002645240   0.0001009877  -0.0013403654   0.0003845570  -0.0013342030
       -0.0001192675  -0.0000594888  -0.0001770745  -0.0095258739  -0.0043424340
       -0.0097780204  -0.1271950367   0.0059978433  -0.1120070358   0.0079143068
       -0.0015812746   0.0127334904   0.0004737181  -0.0002191572  -0.0001270758
       -0.0001261341   0.0001680988  -0.0001114725  -0.0003446101   0.0010646661
        0.0003278707  -0.0003329216   0.0007156473   0.0007041012   0.0000641245
       -0.0001280957  -0.0000097902   0.0000124758   0.0000338681  -0.0000866993
       -0.0005524526  -0.0000402183   0.0000589123  -0.0005086450  -0.0025710502
       -0.0009023573  -0.0004517380   0.0000467040  -0.0002714965  -0.0001886321
       -0.0004106098  -0.0003833591  -0.0000852463  -0.0000303572   0.0001029306
       -0.0000664412  -0.0000400833  -0.0001998436  -0.0195387370   0.0048326526
       -0.0209282547   0.1503982533  -0.0028122527   0.1269015702  -0.0006854735
       -0.0008481803   0.0028965620   0.0009574909   0.0001250032   0.0006492217
       -0.0000715195  -0.0000552191  -0.0001027093  -0.0000680853  -0.0000443126
        0.0000537735  -0.0000599061   0.0001117851   0.0001501907   0.0002178708
        0.0004348988   0.0000397797  -0.0000309778   0.0000235407   0.0000353913
        0.0000045184   0.0000203495   0.0000266303  -0.0000163889   0.0000397240
        0.0000241573  -0.0000675400   0.0000562141  -0.0000587183   0.0000162464
       -0.0001022643  -0.0000403649  -0.0001824499   0.0000634482   0.0002417790
        0.0000170883  -0.0000645512  -0.0000353519   0.0000875501  -0.0000241431
       -0.0000170477  -0.0000765839  -0.0001232279   0.0000884618   0.0000714051
       -0.0000548163   0.0000654651   0.0000596123  -0.0001827072   0.0001363841
       -0.0004587211   0.0001575896  -0.0000414334  -0.0196343758  -0.0050013204
       -0.0208243602   0.0059698502  -0.0415798354   0.0036696947   0.0033373435
       -0.0011927499   0.0097040864  -0.0000692221   0.0002045796  -0.0002946977
        0.0001429076  -0.0000018033  -0.0001271001   0.0004745963  -0.0009389321
       -0.0006649262   0.0009174317   0.0002793105  -0.0007702403  -0.0000239412
       -0.0000405477   0.0000959437   0.0000415468  -0.0001963595   0.0000740424
        0.0000989097   0.0000001952   0.0000102010  -0.0009084936  -0.0046227557
       -0.0009526945  -0.0010576340  -0.0000470112  -0.0004312183  -0.0009720247
        0.0003941743  -0.0009463863  -0.0000061733   0.0000412829  -0.0000260402
        0.0002041968   0.0000831182   0.0002168715   0.0156168178  -0.0016708422
        0.0162892137  -0.0028122527   0.0556555334  -0.0096480802  -0.0010152105
        0.0000122103   0.0023658905   0.0003170051   0.0000072747   0.0011139047
        0.0000424147  -0.0001397135   0.0000246585  -0.0000480865  -0.0000949202
        0.0000976214  -0.0001147927  -0.0001102744   0.0001265341   0.0004297313
       -0.0013756730   0.0005449414  -0.0000189057   0.0000082379  -0.0000143965
        0.0000232307  -0.0000005637   0.0000234304   0.0000415970   0.0001028349
        0.0000640619   0.0000517889  -0.0000188277   0.0000413833  -0.0001374304
       -0.0000965281   0.0000671373  -0.0004050327   0.0001314589   0.0003592145
        0.0000598155   0.0000039799  -0.0001210571   0.0000220647  -0.0000860157
       -0.0000017004  -0.0000029505  -0.0000198173  -0.0000188380  -0.0000101324
        0.0000522999   0.0000457076  -0.0000958683   0.0001004108  -0.0000513695
       -0.0003563850  -0.0001453367  -0.0002078291  -0.0057730569  -0.0011750635
       -0.0052608782  -0.1116424880   0.0036145602  -0.1886116962  -0.0123518557
        0.0049884612  -0.0274663863  -0.0005875959   0.0002328633   0.0004034975
       -0.0001155575  -0.0001211981  -0.0002180168  -0.0001445468   0.0000425216
        0.0004257401   0.0007867547  -0.0005583921  -0.0004772480   0.0001900111
        0.0000638982   0.0000591586   0.0000633457   0.0000001398  -0.0000052482
        0.0001171824   0.0002199620   0.0003036265  -0.0001334861  -0.0014744411
        0.0004898349  -0.0003134172   0.0000119538  -0.0001739663   0.0008377992
        0.0009001012   0.0013025670   0.0000009636   0.0000422044   0.0000435593
        0.0000153005  -0.0001125395   0.0001470225  -0.0001536210   0.0007432583
        0.0026704382   0.1269015702  -0.0096480802   0.2198767802   0.0031778843
        0.0021735946  -0.0050074417  -0.0004267994  -0.0001208232   0.0007688263
       -0.0000757070   0.0000821299   0.0001912467   0.0000687901   0.0001368797
        0.0001453539  -0.0000181198   0.0001309009   0.0000811766  -0.0000354766
       -0.0000538682   0.0004679301  -0.0000955938  -0.0000236521   0.0000088548
       -0.0000022297  -0.0000110672  -0.0000314094   0.0000341498   0.0000640120
       -0.0000217722  -0.0000235911  -0.0000290785   0.0000015317   0.0000062411
        0.0000568659  -0.0000579714  -0.0000960783  -0.0000039298   0.0000837161
       -0.0000049655  -0.0000216162   0.0000207783   0.0000268125  -0.0000557947
        0.0000406638   0.0000433119   0.0000764890   0.0000686652   0.0000462986
        0.0000148235   0.0000547852   0.0000341557  -0.0000407387  -0.0001158897
        0.0000515703   0.0000224067   0.0000024400   0.0002563807  -0.0000250660
       -0.0000844117   0.0087277302  -0.0035791698   0.0116678241  -0.1242781319
        0.0347220155  -0.1074882150  -0.0151158507   0.0101381458  -0.0135556944
        0.0006191352  -0.0010012699  -0.0002841178  -0.0000776230  -0.0000128055
       -0.0003190264  -0.0028129938   0.0030042441   0.0015908063   0.0000396250
       -0.0004441016   0.0000311259  -0.0000412364  -0.0000724369   0.0000259175
       -0.0001028105   0.0004211465  -0.0003263819   0.0003632782  -0.0000757600
        0.0003525000  -0.0001223164   0.0000506848  -0.0001061848  -0.0001371106
       -0.0000452680  -0.0000196302  -0.0000032357   0.0000120364  -0.0000008202
       -0.0011671498  -0.0008314263  -0.0001985027   0.0007930077  -0.0001643860
        0.0001720574  -0.0006854735  -0.0010152105   0.0031778843   0.1485954118
       -0.0422580937   0.1217444067  -0.0129156562   0.0017149530  -0.0163212165
       -0.0001898720  -0.0001508391  -0.0001022337   0.0006079862   0.0000733177
        0.0001456427   0.0000067609  -0.0000120728  -0.0000108618  -0.0000037333
        0.0000233353   0.0000385729  -0.0001116039   0.0000789517  -0.0000162717
       -0.0000209802   0.0000192605  -0.0000018930   0.0000308953  -0.0000132960
        0.0000001570   0.0001475898  -0.0003649183  -0.0003073854  -0.0000200890
        0.0001564111   0.0001247020   0.0000024455   0.0000055561  -0.0000125361
        0.0000334347   0.0000840936  -0.0000511453  -0.0000117814  -0.0000288517
        0.0000096723  -0.0005758544  -0.0008415499  -0.0005826144  -0.0002343897
        0.0001141982  -0.0000284807  -0.0016473588   0.0002957652   0.0007339149
       -0.0001209307  -0.0002123681   0.0000970189   0.0001552049   0.0000851584
        0.0001545632   0.0057331867  -0.0020320297   0.0092325306   0.0340011484
       -0.0586341204   0.0463643821   0.0166116777  -0.0101435996   0.0145827331
        0.0015631187   0.0003887191   0.0010725760  -0.0000755241   0.0000599865
        0.0001851197   0.0032489412  -0.0028870337  -0.0020087052  -0.0005717754
        0.0005380692   0.0000813816   0.0000425462  -0.0000131851   0.0000542008
        0.0001953292  -0.0002529367   0.0005824327  -0.0001148336  -0.0003124946
        0.0002903241   0.0000317829   0.0000105745  -0.0000609320  -0.0000256798
       -0.0000187588  -0.0001342895   0.0000220214   0.0000479914  -0.0000585432
       -0.0001147936   0.0002703210   0.0001675597   0.0001724191   0.0004370443
       -0.0007910044  -0.0008481803   0.0000122103   0.0021735946  -0.0422580937
        0.0681437359  -0.0516948807  -0.0164017051   0.0047168215  -0.0190398682
       -0.0001963085   0.0003584072   0.0000382523  -0.0002526414  -0.0009597223
       -0.0007526094   0.0000004486   0.0000559478  -0.0000293401  -0.0000698880
        0.0000238674   0.0000317275   0.0001263754   0.0000060243   0.0000191780
        0.0000090329   0.0000285341  -0.0000028401  -0.0000459846  -0.0000285250
       -0.0000002095  -0.0001578765   0.0004099294   0.0004262933   0.0001453886
       -0.0001894273  -0.0001700790   0.0000142725   0.0000078636  -0.0000245109
        0.0000222864   0.0000538303  -0.0000091975  -0.0000224059   0.0000122591
       -0.0000212131  -0.0007366319  -0.0004889765  -0.0007595665   0.0001663365
        0.0000131276  -0.0001302988  -0.0002482642   0.0004927550   0.0001342200
       -0.0000069468   0.0001291237  -0.0000629110  -0.0001059081   0.0001696197
        0.0002285277  -0.0117155061   0.0067700587  -0.0232336274  -0.1064205922
        0.0459764893  -0.1767387675   0.0036292769  -0.0019671559   0.0054268120
        0.0007551208  -0.0004784920   0.0003768487  -0.0001126963   0.0000269507
        0.0001092619   0.0000635943  -0.0009146844  -0.0002014748  -0.0000150825
        0.0001304886   0.0002065570  -0.0000444171  -0.0001155261  -0.0000303036
        0.0001466761   0.0001138831   0.0002151524   0.0001491048   0.0003026416
       -0.0002582377  -0.0000260152  -0.0000221545   0.0000035466   0.0000715775
       -0.0000686403   0.0001686338   0.0000108714   0.0000712736  -0.0000257531
       -0.0008244908  -0.0000910062   0.0002860336  -0.0004664316  -0.0001729147
        0.0004596148   0.0028965620   0.0023658905  -0.0050074417   0.1217444067
       -0.0516948807   0.2069406209  -0.0100111434   0.0006909630  -0.0098310570
       -0.0000538548  -0.0000281716   0.0002727020   0.0001270993  -0.0000838039
        0.0002209354   0.0000318425   0.0000221942   0.0000315815  -0.0000142606
       -0.0001437707   0.0001125334   0.0000257199  -0.0000285152  -0.0000273316
       -0.0000068291  -0.0000148742  -0.0000005693   0.0000404802   0.0000225669
        0.0000127747   0.0000144973   0.0000341183   0.0000875045   0.0000655520
       -0.0000400487  -0.0000605202   0.0000177384  -0.0000274477   0.0000077618
       -0.0000439421  -0.0000307965   0.0000307752   0.0000250288  -0.0000395833
        0.0000126824  -0.0004543526  -0.0002708767   0.0002702489  -0.0002418046
       -0.0002537772  -0.0001017374   0.0007491252  -0.0003391414   0.0000986232
       -0.0000281309   0.0002387105   0.0000434996  -0.0012876295  -0.0004949401
        0.0030626635  -0.0106600343  -0.0157799900  -0.0017632294  -0.1085709177
       -0.0981341444  -0.0387443671   0.0076933951   0.0152765242   0.0056418724
       -0.0013838215   0.0019270070   0.0003448176   0.0000851816  -0.0000346820
       -0.0001075521   0.0008236967  -0.0000646626   0.0005083815   0.0001748226
        0.0012373292   0.0007608918   0.0000097195   0.0001503966  -0.0000385967
        0.0001001800   0.0000618774  -0.0000329703   0.0001724243  -0.0000238266
        0.0000625399  -0.0000228059   0.0000512885  -0.0000610521  -0.0003428820
       -0.0008684504   0.0001383774  -0.0000193908  -0.0001126950   0.0000220035
       -0.0003031403  -0.0001005878  -0.0001636360  -0.0003794700   0.0000523401
       -0.0000082388   0.0009574909   0.0003170051  -0.0004267994  -0.0129156562
       -0.0164017051  -0.0100111434   0.1256048065   0.1125477871   0.0402775144
        0.0007225417   0.0001944766  -0.0000117698  -0.0000380447   0.0000728131
        0.0002036729  -0.0000133787  -0.0000222971   0.0000415081  -0.0000741062
       -0.0000150281   0.0000131460  -0.0000177570   0.0000428089  -0.0000370347
        0.0000135005  -0.0000312115   0.0000213421   0.0000031730   0.0000307190
        0.0000139146  -0.0000084170  -0.0001059076   0.0000869331  -0.0001782345
        0.0000008030   0.0000306279  -0.0000506753   0.0000232563  -0.0000068072
        0.0000239604   0.0000203626  -0.0000183752   0.0000115425   0.0000489439
       -0.0000008936  -0.0000066663   0.0001294754   0.0002068484  -0.0000458661
       -0.0000257126   0.0000870035  -0.0000494103  -0.0002080834  -0.0001350920
       -0.0000058063   0.0002527401  -0.0001242720  -0.0015916125  -0.0000472290
        0.0024588510  -0.0085674787  -0.0103538730  -0.0004574339  -0.0974647295
       -0.1860965691  -0.0531088871  -0.0088193577  -0.0225296496  -0.0088441954
        0.0033469374  -0.0019903587  -0.0011589048   0.0000449711   0.0000405943
        0.0000345091  -0.0011065801  -0.0002454215  -0.0004279249   0.0000702775
       -0.0023849684  -0.0010330056   0.0000332721   0.0002572240   0.0000204200
       -0.0000245066   0.0003815098   0.0002088101   0.0000191513  -0.0002325928
        0.0000602478   0.0000133768   0.0000810347  -0.0000716895  -0.0002853652
       -0.0006393420   0.0000837359  -0.0000188368  -0.0001061921   0.0000864063
        0.0000599389   0.0000905624   0.0000046786  -0.0001496298   0.0000815968
        0.0000160788   0.0001250032   0.0000072747  -0.0001208232   0.0017149530
        0.0047168215   0.0006909630   0.1125477871   0.2175342565   0.0617018277
       -0.0002690902   0.0007212845   0.0000163984   0.0001971433   0.0000745702
        0.0000711193  -0.0000306212   0.0000758260  -0.0000365764  -0.0000079243
       -0.0000228072   0.0000330256  -0.0001147189   0.0000568084   0.0000666647
        0.0000164490   0.0000402510  -0.0000083265   0.0000376693   0.0000457650
        0.0000073244   0.0000388974  -0.0000248483  -0.0001713834   0.0002780791
        0.0002199782   0.0000102185  -0.0000552273   0.0000155772  -0.0000115358
        0.0000234924   0.0000083711  -0.0000156950  -0.0000053039   0.0000359082
       -0.0000230887   0.0000110471  -0.0000790404   0.0000201947   0.0000638366
        0.0000307475   0.0000033295  -0.0001254937  -0.0000158102   0.0000189386
       -0.0000319248  -0.0002772867  -0.0001262024   0.0025434738   0.0015759576
       -0.0029171919   0.0136800983   0.0191946215   0.0030356652  -0.0388522496
       -0.0534589597  -0.0625522368  -0.0036398615  -0.0095066719  -0.0032846084
        0.0013915021  -0.0015716911  -0.0002149509  -0.0000943309   0.0001234637
        0.0000250283  -0.0001094158   0.0004542533   0.0002576117   0.0001900009
       -0.0011503831  -0.0004206421   0.0000113396   0.0000104629  -0.0000101464
       -0.0000318389  -0.0000132086  -0.0000990302   0.0000522668   0.0003454584
       -0.0001489865   0.0001131241   0.0000034402   0.0000997470   0.0003626677
        0.0009089221  -0.0001705724  -0.0000316270   0.0000059827   0.0000638194
       -0.0003097888  -0.0000805881   0.0000306058  -0.0000754463  -0.0000346671
        0.0001257134   0.0006492217   0.0011139047   0.0007688263  -0.0163212165
       -0.0190398682  -0.0098310570   0.0402775144   0.0617018277   0.0752738063
       -0.0001940556  -0.0003840614  -0.0001278951   0.0002248872   0.0001812533
        0.0001202862   0.0000142033   0.0000146372  -0.0000208676   0.0000556551
        0.0000221612   0.0000073711  -0.0000924923  -0.0000158872   0.0000525674
       -0.0000081475   0.0000202527  -0.0000194374   0.0000186680   0.0000056381
       -0.0000272718   0.0000384524  -0.0000022846  -0.0001137662   0.0000802050
        0.0000139448   0.0001154856   0.0000603522  -0.0000245754  -0.0000232644
       -0.0000158676  -0.0000313838   0.0000426414   0.0000247407  -0.0000113570
        0.0000053540   0.0000441552   0.0001217781   0.0001676281  -0.0000709160
       -0.0000429320   0.0000504088   0.0000466504  -0.0001721541  -0.0001344384
       -0.0017171982  -0.0034942776  -0.0012226046   0.0002083669   0.0001062539
       -0.0002633479  -0.0022170755   0.0033843086   0.0009492837  -0.0136163648
       -0.0037060987   0.0155918399  -0.1255815902  -0.0524643583   0.0964896410
       -0.0117372912  -0.0076770918   0.0127807015  -0.0006177375   0.0011600180
       -0.0018853600   0.0072156107   0.0042535441  -0.0098470150   0.0009720336
        0.0013045715  -0.0002337740  -0.0000820309   0.0001327569   0.0007597614
        0.0005682376   0.0009617501  -0.0007447351   0.0001938741  -0.0000325727
        0.0001241807  -0.0000003717   0.0000598547  -0.0000341357   0.0000438027
        0.0000796769  -0.0000656673  -0.0002239167  -0.0005245769   0.0002244089
       -0.0001111027   0.0000287638  -0.0000511353  -0.0006327916  -0.0002324393
        0.0009657709  -0.0000715195   0.0000424147  -0.0000757070  -0.0001898720
       -0.0001963085  -0.0000538548   0.0007225417  -0.0002690902  -0.0001940556
        0.1468239743   0.0572394450  -0.1126708341  -0.0004089799  -0.0002285233
       -0.0001438266   0.0000303993   0.0001407115  -0.0000932194   0.0000961983
        0.0003017150  -0.0002469035   0.0004758364  -0.0003941712  -0.0002963355
       -0.0000015976   0.0000132040   0.0000169233   0.0000374002   0.0000247080
       -0.0000037285  -0.0001994239   0.0001407213   0.0003065450  -0.0000002428
       -0.0001627202  -0.0000820760  -0.0000185560   0.0000025302  -0.0000164138
        0.0000277738   0.0000342588  -0.0000249474   0.0000045480   0.0000656269
       -0.0000380009  -0.0000533344  -0.0000675682   0.0000326668   0.0000350324
       -0.0000021842  -0.0000134043   0.0000253668  -0.0000248530   0.0000593592
       -0.0023931188  -0.0044030754  -0.0000081307   0.0000327745  -0.0000617159
       -0.0000175879   0.0031156210  -0.0023278353  -0.0013268095   0.0141233255
        0.0049936468  -0.0150690885  -0.0526627754  -0.0679943485   0.0558924585
       -0.0143411721  -0.0094557731   0.0145971014  -0.0003155726  -0.0013306860
        0.0018092849  -0.0043580429  -0.0047512027   0.0104208073   0.0000126835
        0.0017499357   0.0013543755  -0.0001721000   0.0000365653   0.0008798419
       -0.0008119567  -0.0000237508  -0.0006602705   0.0000708114  -0.0000500802
       -0.0000034533  -0.0000035464   0.0000329216   0.0000162323   0.0000223830
       -0.0000348185  -0.0000452074  -0.0002523640  -0.0005616737   0.0002519922
        0.0000205797   0.0000719295   0.0000296962   0.0007006447   0.0001146595
       -0.0009150395  -0.0000552191  -0.0001397135   0.0000821299  -0.0001508391
        0.0003584072  -0.0000281716   0.0001944766   0.0007212845  -0.0003840614
        0.0572394450   0.0842642253  -0.0658358883  -0.0000910690  -0.0001764417
        0.0000372180  -0.0000726535  -0.0001921138   0.0002055124  -0.0001629587
       -0.0004228333   0.0001136000   0.0002703845  -0.0004646835  -0.0010677618
       -0.0000158596   0.0000075714   0.0000362162   0.0000499933   0.0000114959
       -0.0000155226   0.0001791679  -0.0003154997  -0.0003159814  -0.0001355986
        0.0003291629   0.0000377750  -0.0000077776  -0.0000065002  -0.0000132839
        0.0000168672   0.0000021815  -0.0000107674  -0.0000106752   0.0000573281
       -0.0000459818  -0.0000211763  -0.0000350980   0.0000215833   0.0000129788
       -0.0000040774  -0.0000073184  -0.0000276607   0.0000006061  -0.0000154993
       -0.0009149090  -0.0009476183  -0.0003751402  -0.0001021848   0.0000168385
        0.0000470423   0.0020639194  -0.0023147645   0.0000703083   0.0089965708
        0.0016784818  -0.0082200611   0.0961865278   0.0565933669  -0.1532208495
       -0.0046606437  -0.0038368723   0.0057704575  -0.0010826104   0.0021278462
       -0.0028306723   0.0125706082   0.0105424690  -0.0185728426  -0.0014201195
        0.0009857579   0.0010546099  -0.0000917633  -0.0003375966   0.0002351840
        0.0008061816   0.0006083641   0.0007586025  -0.0001071020  -0.0000135265
       -0.0000740828  -0.0000334321  -0.0000345960   0.0000283248  -0.0000701024
       -0.0001043531   0.0000756669  -0.0000292128   0.0000649591   0.0000270806
       -0.0000283174   0.0000281262   0.0000695095   0.0005144177   0.0001707528
       -0.0007123532  -0.0001027093   0.0000246585   0.0001912467  -0.0001022337
        0.0000382523   0.0002727020  -0.0000117698   0.0000163984  -0.0001278951
       -0.1126708341  -0.0658358883   0.1757632840   0.0000715153  -0.0000476444
       -0.0001032822   0.0002204846   0.0004271993  -0.0003471990   0.0002473487
        0.0005571211  -0.0002028695   0.0004916593   0.0002071724   0.0000237697
       -0.0000466101   0.0000385675  -0.0000247900   0.0000369740  -0.0000013321
       -0.0000014622  -0.0004237545   0.0002182542   0.0008070788  -0.0003819922
       -0.0007707506  -0.0004060516   0.0000380193  -0.0000006223   0.0000140689
       -0.0000123392  -0.0000052680  -0.0000056394   0.0000114643  -0.0001000583
        0.0000403810   0.0000517844   0.0000105226   0.0000178027  -0.0000040396
       -0.0000083135   0.0000086201  -0.0000107954   0.0000040960  -0.0000505496
        0.0054401349  -0.0023236343   0.0043441259   0.0004049252  -0.0000330436
        0.0001069092   0.0000603135  -0.0000327441  -0.0000637552   0.0006252023
        0.0013298070   0.0007825483  -0.0139756303   0.0021972764  -0.0144728081
       -0.1533152864   0.0338052827  -0.1033735391  -0.0001202951  -0.0009075886
        0.0013326722  -0.0021274484  -0.0027938490  -0.0018008283  -0.0252460614
        0.0227560981  -0.0013657957   0.0002312499   0.0003542433   0.0004113230
       -0.0003314026   0.0003891119  -0.0008418429   0.0000637671  -0.0000231399
        0.0006414672  -0.0001098510  -0.0000716249  -0.0000580542  -0.0000701933
       -0.0000378146  -0.0000184284  -0.0000811334  -0.0001330241   0.0000024529
       -0.0026116638   0.0008410073   0.0015602948   0.0000008160  -0.0000059471
        0.0000174345  -0.0000680853  -0.0000480865   0.0000687901   0.0006079862
       -0.0002526414   0.0001270993  -0.0000380447   0.0001971433   0.0002248872
       -0.0004089799  -0.0000910690   0.0000715153   0.1933764400  -0.0569015241
        0.1129923771  -0.0000062788  -0.0001243196   0.0001712746   0.0002265530
       -0.0000133017   0.0003129761  -0.0004132744   0.0004105218  -0.0001434649
       -0.0001686511  -0.0000101306   0.0000196482   0.0001315297  -0.0000047485
       -0.0000129157  -0.0004110173   0.0001265181   0.0000737368   0.0000769737
       -0.0000133144  -0.0000605371  -0.0000381235  -0.0000138212  -0.0000360906
        0.0000393077   0.0000512190  -0.0000575839  -0.0000071442  -0.0000004874
        0.0000262310  -0.0017837521   0.0014045322  -0.0005749871  -0.0002470020
       -0.0000814826  -0.0002083866   0.0002941194   0.0000545761  -0.0001987458
        0.0090173106  -0.0029943218   0.0095163934   0.0001910989   0.0003901908
       -0.0007769912   0.0000351243   0.0000015956  -0.0000713962  -0.0013142998
        0.0008195417  -0.0007810279  -0.0148083644   0.0031255755  -0.0137317825
        0.0356371034  -0.0501353410   0.0381741424  -0.0007813891  -0.0006111222
        0.0023771759  -0.0024920614  -0.0029021566  -0.0019880303   0.0294135156
       -0.0183272818   0.0043297469   0.0003639611   0.0003952631   0.0004272184
       -0.0004698971   0.0003890383  -0.0008271421  -0.0000290554   0.0002637122
       -0.0000332734   0.0000276419  -0.0000836770   0.0000620093   0.0000613312
       -0.0001403938  -0.0000506601  -0.0000948862  -0.0000253147  -0.0001876086
        0.0011082810  -0.0003286805  -0.0008842976   0.0000066609  -0.0000411608
       -0.0000115455  -0.0000443126  -0.0000949202   0.0001368797   0.0000733177
       -0.0009597223  -0.0000838039   0.0000728131   0.0000745702   0.0001812533
       -0.0002285233  -0.0001764417  -0.0000476444  -0.0569015241   0.0709260277
       -0.0364847575  -0.0000289745  -0.0000616548  -0.0000875508   0.0004726577
       -0.0000158959   0.0004245528  -0.0000225338   0.0005778571   0.0000750716
        0.0001768245  -0.0000359554  -0.0000738971  -0.0003160971  -0.0001789402
        0.0000743672  -0.0004319528   0.0001387204   0.0000074100   0.0000886277
       -0.0000106773  -0.0000887776  -0.0000226254  -0.0000045690   0.0000027204
       -0.0000100309  -0.0000640590   0.0000278757  -0.0000652685   0.0000141858
       -0.0000951405   0.0013976384   0.0003246680   0.0003815641  -0.0000825355
        0.0000258484   0.0001972669   0.0000004240  -0.0002745085  -0.0000903209
       -0.0166326920   0.0067952184  -0.0174296024  -0.0007894490   0.0004125745
        0.0005243038   0.0001083337  -0.0001806317  -0.0002132327  -0.0005694405
        0.0005848218   0.0001855897  -0.0066823712   0.0010405519  -0.0056065520
       -0.0985707138   0.0345716244  -0.1271664577   0.0000603018   0.0012515573
       -0.0054758275  -0.0015300461  -0.0006923542  -0.0017210526   0.0111535490
       -0.0061713121   0.0095850563  -0.0005650137  -0.0007287157  -0.0000088245
       -0.0001790953   0.0002120704  -0.0004890769   0.0005799369   0.0003345877
       -0.0008926719   0.0000275453   0.0000583517   0.0000038322  -0.0001228632
        0.0000009859   0.0002045373   0.0002141383   0.0002973552  -0.0001450071
       -0.0005242707   0.0000895576   0.0003903622   0.0000523065  -0.0000950785
       -0.0000940560   0.0000537735   0.0000976214   0.0001453539   0.0001456427
       -0.0007526094   0.0002209354   0.0002036729   0.0000711193   0.0001202862
       -0.0001438266   0.0000372180  -0.0001032822   0.1129923771  -0.0364847575
        0.1463313514  -0.0000126019  -0.0001293001  -0.0000541779  -0.0011362257
        0.0001091673  -0.0008517268   0.0013279615  -0.0002870788   0.0009248294
       -0.0000137346  -0.0000256852  -0.0000434318   0.0002926967   0.0002683144
        0.0000151100  -0.0001979450  -0.0000064573   0.0000139229   0.0000049707
       -0.0000169232   0.0000129242  -0.0000046205  -0.0000325660   0.0000427515
       -0.0000696548  -0.0000530619   0.0000295519   0.0000906028  -0.0000725393
        0.0001415928   0.0005578562  -0.0003596014   0.0013964222  -0.0001989745
       -0.0000156689   0.0001021966   0.0000778737  -0.0001283560  -0.0000959300
       -0.0181827862   0.0204926025   0.0018468088  -0.0043438857   0.0006171863
       -0.0032439839   0.0000634571  -0.0001358531  -0.0000541133   0.0000723778
       -0.0000366345  -0.0000806649  -0.0006554191  -0.0007958700   0.0003138225
       -0.0002046113   0.0003620276   0.0001486330  -0.0990272682   0.0986983905
        0.0212536515   0.0069785983  -0.0137218056  -0.0020373882   0.0003177484
       -0.0002158761   0.0000247058   0.0001035404   0.0014514913   0.0005225153
       -0.0000360827  -0.0015045836   0.0005293197  -0.0005979476   0.0008039989
        0.0006996221  -0.0001489021   0.0000106991  -0.0001555429   0.0000959843
       -0.0000673361  -0.0001427465   0.0000049800  -0.0002614670   0.0000304731
       -0.0001473161  -0.0000313477  -0.0000651468   0.0000473668  -0.0000992269
        0.0000264144  -0.0000599061  -0.0001147927  -0.0000181198   0.0000067609
        0.0000004486   0.0000318425  -0.0000133787  -0.0000306212   0.0000142033
        0.0000303993  -0.0000726535   0.0002204846  -0.0000062788  -0.0000289745
       -0.0000126019   0.1197931923  -0.1121452347  -0.0244386341  -0.0030761346
        0.0078263871   0.0039669952  -0.0000924287  -0.0002503752   0.0002213357
       -0.0002091669  -0.0007045314  -0.0007381787   0.0003984754   0.0001507409
        0.0000681711   0.0001562764  -0.0001777559  -0.0003213534  -0.0005608335
        0.0006842860   0.0005305325  -0.0000050421  -0.0001340515  -0.0000865690
       -0.0000204762   0.0000753929   0.0000415501  -0.0006824815  -0.0005933000
        0.0009081626   0.0000089846  -0.0000072094   0.0000122785  -0.0000289580
        0.0000035870  -0.0000397044   0.0000211624  -0.0000477380   0.0000232253
        0.0034396265  -0.0015027325   0.0003205356   0.0002453568   0.0002540412
        0.0005490995   0.0000304500  -0.0000049326  -0.0002095923   0.0000749548
        0.0001289657  -0.0001273526  -0.0015312862  -0.0016171458   0.0010371915
        0.0006652600  -0.0003566896  -0.0001955576   0.1016132317  -0.1993255138
       -0.0376514150   0.0059807812  -0.0284127548  -0.0014011223  -0.0009271572
        0.0001333877  -0.0001096640  -0.0018752089   0.0005232919   0.0003292394
        0.0011598632   0.0000061977   0.0012404109  -0.0000488931  -0.0001142453
       -0.0001635620  -0.0000575007   0.0000195292   0.0000385949  -0.0000614131
       -0.0000894416   0.0000580010  -0.0000337076   0.0002538378  -0.0007806441
        0.0000433271   0.0000404865  -0.0000162717  -0.0000762549   0.0000661666
        0.0000402186   0.0001117851  -0.0001102744   0.0001309009  -0.0000120728
        0.0000559478   0.0000221942  -0.0000222971   0.0000758260   0.0000146372
        0.0001407115  -0.0001921138   0.0004271993  -0.0001243196  -0.0000616548
       -0.0001293001  -0.1121452347   0.2334386844   0.0402839765   0.0041393161
       -0.0045301289  -0.0038674147   0.0002015166   0.0001942070   0.0000029739
       -0.0001115048   0.0003180902  -0.0001787676  -0.0001583382  -0.0001022745
        0.0000906286   0.0002680095  -0.0006096050  -0.0008375686  -0.0010320442
        0.0013412992   0.0009450475   0.0000255177   0.0000193070   0.0000189559
        0.0000175186  -0.0000113880  -0.0000161606   0.0000731512   0.0001832422
        0.0001172254  -0.0000034276  -0.0000202257   0.0000096098   0.0000213902
       -0.0000001951   0.0000178462  -0.0000311072   0.0000088080  -0.0000100934
       -0.0094110023   0.0115819212   0.0022621195  -0.0016365418  -0.0000362462
       -0.0011982333   0.0001353772  -0.0002548939  -0.0001176968   0.0000418490
       -0.0001577322   0.0001089658   0.0008735541   0.0005719979  -0.0015513407
       -0.0003463427   0.0003474100   0.0002908861   0.0210063228  -0.0355575404
       -0.0478457219  -0.0028064874   0.0097935523   0.0026494261   0.0004141128
       -0.0000483539  -0.0004198076  -0.0003443793   0.0005594133   0.0014082055
       -0.0007310270   0.0002108439   0.0003636294  -0.0003611235   0.0002545868
        0.0004310622  -0.0000839811   0.0000003979  -0.0000076829  -0.0001069286
       -0.0001548766  -0.0000118364  -0.0000818771   0.0000767502  -0.0005963808
       -0.0000244118   0.0000004732  -0.0000110260   0.0000526023   0.0000103761
        0.0000619417   0.0001501907   0.0001265341   0.0000811766  -0.0000108618
       -0.0000293401   0.0000315815   0.0000415081  -0.0000365764  -0.0000208676
       -0.0000932194   0.0002055124  -0.0003471990   0.0001712746  -0.0000875508
       -0.0000541779  -0.0244386341   0.0402839765   0.0552288235   0.0171501834
       -0.0273580966  -0.0097285433  -0.0001564686  -0.0001104358  -0.0001126222
       -0.0002853658  -0.0004318452  -0.0003123013   0.0000777300   0.0000759490
       -0.0000929361  -0.0004156447   0.0000967867   0.0000921041   0.0004033726
       -0.0002952206  -0.0005099665   0.0000125940  -0.0000584340  -0.0000546384
        0.0000010094   0.0000267875  -0.0000004553   0.0007889418   0.0003886956
        0.0000013689   0.0000036866   0.0000016723  -0.0000070127   0.0000052406
       -0.0000001856  -0.0000016367   0.0000047472   0.0000036916  -0.0000092074
        0.0031672302  -0.0012135383  -0.0225078886   0.0010417041  -0.0001377339
       -0.0014435540  -0.0001920955   0.0003056966  -0.0001407823   0.0000277376
       -0.0000193977   0.0002048185  -0.0008884632  -0.0010508238   0.0005173545
       -0.0035441140   0.0004812327  -0.0031100284  -0.0486026411   0.0036772597
        0.0438000432  -0.0034919355  -0.0005227042   0.0156952993   0.0000542718
        0.0000090483   0.0004521292  -0.0004010472   0.0002869452  -0.0007141711
        0.0002224175  -0.0009651781   0.0004855056   0.0001274711  -0.0001027441
       -0.0001183746   0.0000588859   0.0000381071   0.0000433669  -0.0011694211
        0.0000052672   0.0001753710  -0.0001670033   0.0001052537   0.0003063423
       -0.0000068656   0.0000409522   0.0000368662  -0.0000436827  -0.0000043588
        0.0000020507   0.0002178708   0.0004297313  -0.0000354766  -0.0000037333
       -0.0000698880  -0.0000142606  -0.0000741062  -0.0000079243   0.0000556551
        0.0000961983  -0.0001629587   0.0002473487   0.0002265530   0.0004726577
       -0.0011362257  -0.0030761346   0.0041393161   0.0171501834   0.0567601224
       -0.0045284213  -0.0490982239   0.0000227754   0.0000000635  -0.0000648917
       -0.0001264789  -0.0000214223   0.0000206741  -0.0002064440  -0.0003397319
       -0.0000410995  -0.0006276448   0.0002097968   0.0000229291   0.0004166476
       -0.0003073285  -0.0008202133   0.0000582617   0.0000204754   0.0000517894
       -0.0000341173  -0.0000431653  -0.0000062904   0.0001012158  -0.0006543197
       -0.0000958417   0.0000220294  -0.0000337348   0.0000426971   0.0000319925
       -0.0000252280   0.0000331340   0.0000025433  -0.0000112017   0.0000037639
        0.0001705243   0.0000589904  -0.0011906581   0.0004083008   0.0001395096
        0.0006710822   0.0003812942  -0.0001911501   0.0006047430  -0.0000027715
       -0.0001158765   0.0001533550  -0.0006960112  -0.0023596977   0.0021444790
       -0.0002228938  -0.0006762135   0.0006453106   0.0037927962  -0.0387414016
       -0.0194411380  -0.0076877353  -0.0011499595   0.0228244466  -0.0002446684
       -0.0001680940  -0.0002151115  -0.0002557724   0.0002033814  -0.0007009161
        0.0007095553   0.0002041858   0.0010750116   0.0001089841  -0.0000587245
       -0.0000269355  -0.0000694168   0.0000211582  -0.0000695586   0.0002238274
        0.0003502462   0.0000802358   0.0000651838  -0.0001343868   0.0004932231
        0.0000127057  -0.0000211063   0.0000230322  -0.0001603792   0.0000207466
       -0.0001619525   0.0004348988  -0.0013756730  -0.0000538682   0.0000233353
        0.0000238674  -0.0001437707  -0.0000150281  -0.0000228072   0.0000221612
        0.0003017150  -0.0004228333   0.0005571211  -0.0000133017  -0.0000158959
        0.0001091673   0.0078263871  -0.0045301289  -0.0273580966  -0.0045284213
        0.0502849573   0.0206342495   0.0000582291   0.0001292679  -0.0000096097
        0.0000023080   0.0000720535   0.0000824677  -0.0000939111  -0.0000525831
        0.0001506207  -0.0002543240   0.0005548907   0.0002830954   0.0006022363
       -0.0008230094  -0.0008846798  -0.0000236655  -0.0000209043   0.0000262781
       -0.0000423623  -0.0000077351   0.0000063112  -0.0007960507  -0.0011365925
       -0.0003567222  -0.0000013986  -0.0000114275   0.0000052171  -0.0000232852
       -0.0000018551  -0.0000033401   0.0000091157  -0.0000251994   0.0000247496
        0.0009917600  -0.0007020050  -0.0172634464   0.0013585231  -0.0007722450
        0.0006392554   0.0000304078  -0.0002555304   0.0000827963   0.0000404807
        0.0001301672  -0.0002791717   0.0003632330   0.0007332362  -0.0011600857
       -0.0028583866   0.0006060931  -0.0029967712   0.0421149262  -0.0203128603
       -0.2649914445   0.0049673192   0.0034784270  -0.0113598753  -0.0000528466
        0.0000576037   0.0001025590  -0.0003893481   0.0001839647  -0.0011287120
       -0.0013260021  -0.0005871634   0.0001535612   0.0001297132  -0.0001192904
       -0.0000045188   0.0000922662   0.0000418413   0.0000639856  -0.0006954228
        0.0001150603   0.0004994273  -0.0000455085   0.0003782874   0.0006386565
        0.0000080134  -0.0000345468   0.0001029758   0.0001494140  -0.0000260351
        0.0000960333   0.0000397797   0.0005449414   0.0004679301   0.0000385729
        0.0000317275   0.0001125334   0.0000131460   0.0000330256   0.0000073711
       -0.0002469035   0.0001136000  -0.0002028695   0.0003129761   0.0004245528
       -0.0008517268   0.0039669952  -0.0038674147  -0.0097285433  -0.0490982239
        0.0206342495   0.3059660042  -0.0000693701   0.0000042081   0.0002206733
       -0.0000601226   0.0001610432  -0.0000401130   0.0000096604  -0.0001959278
       -0.0000096402   0.0004774178  -0.0003143350  -0.0000839752  -0.0003747074
        0.0003556276   0.0005865402   0.0000499373  -0.0000024384   0.0000245280
       -0.0000679722  -0.0000593888   0.0000203835   0.0000557440  -0.0007652799
        0.0002784681   0.0000550217  -0.0000287806   0.0000184340   0.0000052336
       -0.0000163256   0.0000207599   0.0000142730   0.0000319106  -0.0000019824
       -0.0018936335   0.0021141022   0.0012604887  -0.0001399243  -0.0003571167
        0.0008463341   0.0000238141   0.0000491081  -0.0000507825  -0.0001364123
       -0.0003614335  -0.0001220303   0.0018644008   0.0009754137  -0.0009089897
       -0.0144965722  -0.0057313294   0.0167417545  -0.0001318606  -0.0000982785
       -0.0001986395   0.0000748719  -0.0001468228  -0.0002185475  -0.1037409351
       -0.0769485344   0.1499098597   0.0000003517  -0.0001189748  -0.0000365301
       -0.0001974691   0.0000916388   0.0000055197   0.0000824328  -0.0000816694
        0.0001046784  -0.0000400096  -0.0000003478  -0.0000382945  -0.0001759303
        0.0001944627   0.0000910294  -0.0000317392   0.0000554591  -0.0000942016
        0.0000245930  -0.0000161781  -0.0000384017   0.0000027726   0.0000003334
        0.0000151477  -0.0000309778  -0.0000189057  -0.0000955938  -0.0001116039
        0.0001263754   0.0000257199  -0.0000177570  -0.0001147189  -0.0000924923
        0.0004758364   0.0002703845   0.0004916593  -0.0004132744  -0.0000225338
        0.0013279615  -0.0000924287   0.0002015166  -0.0001564686   0.0000227754
        0.0000582291  -0.0000693701   0.1193903102   0.0796817803  -0.1689317623
       -0.0000210694   0.0000803731   0.0002959891  -0.0001685232  -0.0000166326
        0.0001314759  -0.0000144904  -0.0000142780  -0.0000335892   0.0000074161
       -0.0000356381  -0.0000090252  -0.0000299607   0.0000022205  -0.0000017917
        0.0000153215   0.0000500646  -0.0000241454   0.0000102828   0.0000634581
       -0.0001031928  -0.0001313457   0.0000951765  -0.0000050361   0.0000153398
        0.0000111475  -0.0000111210   0.0000053983  -0.0000378517  -0.0000076119
        0.0021665131  -0.0022137070  -0.0014869164   0.0003290541   0.0002146724
       -0.0008726682  -0.0000139861  -0.0000110543   0.0000046236  -0.0001056094
       -0.0000756404   0.0002013142   0.0012690601   0.0017927682  -0.0005207634
        0.0122495019   0.0113195718  -0.0205454926  -0.0000132236  -0.0001516768
        0.0000747616  -0.0005027145  -0.0001573031  -0.0002294477  -0.0944540306
       -0.1337278220   0.1594715569  -0.0001183475  -0.0005788646  -0.0001824671
        0.0000221240   0.0000266445   0.0000225286   0.0000479900   0.0000788985
        0.0000072489   0.0000012297  -0.0000077690   0.0000231332   0.0001292170
       -0.0001213177  -0.0001547299  -0.0003027729  -0.0001461734   0.0005051593
       -0.0000492020  -0.0000770552   0.0000551455  -0.0000332383   0.0000651827
        0.0000172733   0.0000235407   0.0000082379  -0.0000236521   0.0000789517
        0.0000060243  -0.0000285152   0.0000428089   0.0000568084  -0.0000158872
       -0.0003941712  -0.0004646835   0.0002071724   0.0004105218   0.0005778571
       -0.0002870788  -0.0002503752   0.0001942070  -0.0001104358   0.0000000635
        0.0001292679   0.0000042081   0.0796817803   0.1225297453  -0.1365873954
       -0.0003113083   0.0005038964   0.0003221202  -0.0000075128   0.0000711968
        0.0001749118   0.0000401098  -0.0000177694   0.0000808685   0.0000138605
        0.0000186728  -0.0000165644  -0.0000351259   0.0000036926  -0.0000039199
        0.0000054155   0.0000088856  -0.0000049336   0.0000332291   0.0001030682
       -0.0001030252   0.0000783081   0.0000358877   0.0000426950  -0.0000551656
        0.0000112832  -0.0000152139   0.0000235043  -0.0000056328  -0.0000256145
        0.0034591816  -0.0024825562  -0.0016547127   0.0002033366   0.0005181221
       -0.0009585072  -0.0000479912   0.0000339668   0.0000145356   0.0000742495
        0.0000551919   0.0001726070  -0.0001246635   0.0011683465   0.0007778536
        0.0099158764   0.0021521939  -0.0159295515  -0.0000001153   0.0000005994
        0.0002494305  -0.0000645765   0.0002448859  -0.0008822106   0.1556719720
        0.1366202264  -0.2364903513  -0.0000483176   0.0001008300   0.0003439605
       -0.0001501619  -0.0000307132   0.0000981723  -0.0000067874   0.0000938355
       -0.0000413959  -0.0000029411  -0.0000594734  -0.0000107965   0.0002316014
       -0.0002552951  -0.0001100828   0.0001073075  -0.0000085579  -0.0003301531
       -0.0000687166  -0.0000267807  -0.0000051970  -0.0000923550   0.0000184260
        0.0000498828   0.0000353913  -0.0000143965   0.0000088548  -0.0000162717
        0.0000191780  -0.0000273316  -0.0000370347   0.0000666647   0.0000525674
       -0.0002963355  -0.0010677618   0.0000237697  -0.0001434649   0.0000750716
        0.0009248294   0.0002213357   0.0000029739  -0.0001126222  -0.0000648917
       -0.0000096097   0.0002206733  -0.1689317623  -0.1365873954   0.2536739278
        0.0003390225  -0.0003802958  -0.0001190605  -0.0001779761  -0.0000557540
       -0.0001363010   0.0000828041  -0.0000578800   0.0000469269  -0.0000744038
       -0.0000863654   0.0000002694  -0.0000013081  -0.0000017418   0.0000120144
       -0.0000158730  -0.0000263572   0.0000222820  -0.0000143603  -0.0000162669
        0.0000756149   0.0000615805   0.0000277875   0.0000350057  -0.0000483612
       -0.0000075538   0.0000085166   0.0000250106  -0.0000235452  -0.0000034206
        0.0047192293  -0.0040350300  -0.0038742197  -0.0005125785  -0.0011240252
       -0.0000442852   0.0002707774  -0.0002971139  -0.0001164930   0.0000123293
        0.0000475182   0.0000014935  -0.0000503409   0.0000860202  -0.0000173417
        0.0001098003   0.0006794130   0.0003143046   0.0007622997  -0.0013278790
       -0.0002153586  -0.0000188379  -0.0000396349  -0.0000372081  -0.0008056058
       -0.0014928951   0.0002827458  -0.1437846276   0.0868238326   0.0616694911
       -0.0000614468  -0.0000212917  -0.0000133699  -0.0001241650   0.0000495317
        0.0003816523   0.0000325626   0.0001751289   0.0001305451  -0.0000636552
       -0.0001068830  -0.0002477929  -0.0071083112  -0.0005035890   0.0161580426
        0.0000098347   0.0001007723  -0.0000456509   0.0000079335  -0.0001665144
       -0.0000247455   0.0000045184   0.0000232307  -0.0000022297  -0.0000209802
        0.0000090329  -0.0000068291   0.0000135005   0.0000164490  -0.0000081475
       -0.0000015976  -0.0000158596  -0.0000466101  -0.0001686511   0.0001768245
       -0.0000137346  -0.0002091669  -0.0001115048  -0.0002853658  -0.0001264789
        0.0000023080  -0.0000601226  -0.0000210694  -0.0003113083   0.0003390225
        0.1688959917  -0.0951721278  -0.0822130789  -0.0234415573   0.0173893910
        0.0093171900  -0.0000083210   0.0000071265   0.0000018565   0.0000063708
        0.0000178533  -0.0000013046   0.0000235201   0.0000382792  -0.0000098704
        0.0000925434   0.0001140984  -0.0001469248   0.0015639215  -0.0010307056
       -0.0011715826  -0.0000425451   0.0000031658   0.0000092812   0.0000497061
       -0.0000211091   0.0000138806  -0.0000049028   0.0000174952  -0.0000172396
        0.0177188528  -0.0242812798  -0.0128672814  -0.0023026870  -0.0052972335
       -0.0004249173   0.0011479617  -0.0011155586  -0.0006486135   0.0000476641
        0.0001448056  -0.0000230252   0.0000778132   0.0002525848   0.0000268225
        0.0012109392  -0.0002398884  -0.0012969804   0.0011498617   0.0007222968
        0.0005101563   0.0001250991  -0.0000059722   0.0000590819  -0.0010023061
       -0.0000944034   0.0012462143   0.0850679871  -0.1130397951  -0.0563054385
        0.0000268061   0.0001139112   0.0000376140  -0.0005348503   0.0000485151
       -0.0003038622  -0.0000983992   0.0001124828  -0.0000058906  -0.0001309094
        0.0001625528   0.0002129788  -0.0097721689   0.0086186674   0.0084919388
        0.0000631838  -0.0000159565   0.0000627693  -0.0001646308  -0.0004899695
       -0.0000827788   0.0000203495  -0.0000005637  -0.0000110672   0.0000192605
        0.0000285341  -0.0000148742  -0.0000312115   0.0000402510   0.0000202527
        0.0000132040   0.0000075714   0.0000385675  -0.0000101306  -0.0000359554
       -0.0000256852  -0.0007045314   0.0003180902  -0.0004318452  -0.0000214223
        0.0000720535   0.0001610432   0.0000803731   0.0005038964  -0.0003802958
       -0.0951721278   0.1330731318   0.0624901202   0.0033178977  -0.0004695111
       -0.0010391386   0.0000107595   0.0000071303  -0.0000107797   0.0000431931
       -0.0000081844  -0.0000016586   0.0000046968  -0.0000287163   0.0000189185
       -0.0000327380  -0.0001304927   0.0000959772  -0.0001459159   0.0010274681
        0.0004248820   0.0000177863  -0.0000349468  -0.0000092397  -0.0000124764
        0.0000112218  -0.0000019733  -0.0000271833   0.0000232626  -0.0000119914
        0.0036081825  -0.0074189956  -0.0020738085  -0.0006888090  -0.0009699473
        0.0003316987   0.0002149817  -0.0002514688  -0.0000765722  -0.0000311794
       -0.0000443957  -0.0000119076   0.0000683859  -0.0000484698  -0.0000460953
        0.0002325754   0.0004348261   0.0003181936   0.0005448965  -0.0003136224
        0.0001088765  -0.0000983008  -0.0000585777   0.0000816330   0.0004066774
        0.0012738313  -0.0011019113   0.0601425362  -0.0579330783  -0.0812308971
        0.0000498333   0.0000855796  -0.0000139407   0.0000613043   0.0000890415
        0.0001822716   0.0000339436   0.0000178402   0.0000482356  -0.0000376164
        0.0002277996  -0.0000632677   0.0281368764  -0.0053732257  -0.0341550293
       -0.0000277560   0.0000102673   0.0000636139  -0.0000153698  -0.0000467394
       -0.0000287070   0.0000266303   0.0000234304  -0.0000314094  -0.0000018930
       -0.0000028401  -0.0000005693   0.0000213421  -0.0000083265  -0.0000194374
        0.0000169233   0.0000362162  -0.0000247900   0.0000196482  -0.0000738971
       -0.0000434318  -0.0007381787  -0.0001787676  -0.0003123013   0.0000206741
        0.0000824677  -0.0000401130   0.0002959891   0.0003221202  -0.0001190605
       -0.0822130789   0.0624901202   0.1113348312  -0.0107670919   0.0081071877
        0.0070312404  -0.0000159889   0.0000042965  -0.0000156101   0.0000374348
        0.0000159807  -0.0000073319   0.0000195330   0.0000008528   0.0000267068
       -0.0001593360   0.0001831029  -0.0000987676   0.0008458175  -0.0006892288
       -0.0000134125  -0.0000164238  -0.0000320185   0.0000422683   0.0000157259
        0.0000078247  -0.0000144679  -0.0000088891   0.0000308140  -0.0000267300
       -0.0125027295  -0.0042733816  -0.0071940822  -0.0003886166   0.0009324364
        0.0001828497  -0.0000718199   0.0001010412  -0.0000465920   0.0000025359
        0.0000138635  -0.0000126409   0.0000798847  -0.0000146261   0.0000028213
        0.0000029414  -0.0000073763  -0.0005857301  -0.0008522258  -0.0025039201
       -0.0003590600  -0.0004369771   0.0000448882  -0.0005517702   0.0003301020
        0.0001961770   0.0006450494  -0.2107545355   0.0046775005  -0.1050571246
       -0.0000595063  -0.0001955550   0.0001403647   0.0009241929   0.0020460363
        0.0003113462  -0.0009596537  -0.0001181777   0.0003931257  -0.0000666342
       -0.0000341972  -0.0000226804   0.0061045719   0.0013788364  -0.0003016749
       -0.0000398382  -0.0000396252   0.0000812690   0.0000390991   0.0000481604
        0.0000160544  -0.0000163889   0.0000415970   0.0000341498   0.0000308953
       -0.0000459846   0.0000404802   0.0000031730   0.0000376693   0.0000186680
        0.0000374002   0.0000499933   0.0000369740   0.0001315297  -0.0003160971
        0.0002926967   0.0003984754  -0.0001583382   0.0000777300  -0.0002064440
       -0.0000939111   0.0000096604  -0.0001685232  -0.0000075128  -0.0001779761
       -0.0234415573   0.0033178977  -0.0107670919   0.2409456445  -0.0045644514
        0.1209282299   0.0000589138  -0.0000036840   0.0000338620  -0.0000926489
       -0.0000473705   0.0000214573  -0.0002105511   0.0000006149  -0.0001076923
       -0.0001666277   0.0001898809   0.0004395198   0.0013811754  -0.0005374208
        0.0013321417   0.0000366434  -0.0001274164   0.0001376394  -0.0000599326
        0.0000446230  -0.0000230818  -0.0000119682  -0.0000321699   0.0000311076
       -0.0237868973  -0.0024269244  -0.0144486995  -0.0003771952   0.0009894299
        0.0001162023   0.0000282611   0.0000599164   0.0001104007  -0.0000276492
        0.0000163784  -0.0000095208   0.0000039295  -0.0000292802  -0.0000047404
       -0.0000500743   0.0006836812  -0.0006050769  -0.0019586876  -0.0045871732
       -0.0005933174  -0.0010514689  -0.0001380029  -0.0006695761   0.0002673703
       -0.0001013577  -0.0001399751   0.0029488025  -0.0419217020   0.0000924123
       -0.0001612024  -0.0002780435   0.0001631357  -0.0000559127  -0.0020469791
       -0.0003376712   0.0012063298   0.0002735698  -0.0004061148  -0.0000209529
        0.0000007672  -0.0000383726   0.0107780263  -0.0016795003   0.0115254558
        0.0000869028  -0.0000311251   0.0000778796   0.0000112019   0.0000126263
        0.0000029866   0.0000397240   0.0001028349   0.0000640120  -0.0000132960
       -0.0000285250   0.0000225669   0.0000307190   0.0000457650   0.0000056381
        0.0000247080   0.0000114959  -0.0000013321  -0.0000047485  -0.0001789402
        0.0002683144   0.0001507409  -0.0001022745   0.0000759490  -0.0003397319
       -0.0000525831  -0.0001959278  -0.0000166326   0.0000711968  -0.0000557540
        0.0173893910  -0.0004695111   0.0081071877  -0.0045644514   0.0517873304
       -0.0062890378   0.0000339177  -0.0000027662   0.0000302271  -0.0001002803
       -0.0000665742  -0.0000192351   0.0000646223  -0.0000064429   0.0000186572
        0.0000075717   0.0001515767  -0.0000572473  -0.0004778372  -0.0000126580
        0.0029906792  -0.0000898559  -0.0001551321   0.0001769225   0.0000826011
       -0.0000001899   0.0000315785  -0.0000579454   0.0001091166  -0.0000086069
       -0.0064709059  -0.0017054390  -0.0027423156  -0.0002525694   0.0002310678
        0.0001814478   0.0000677459   0.0000397775   0.0000452182   0.0000039124
        0.0000252574   0.0000206755  -0.0000629260  -0.0000589112  -0.0000199415
        0.0004101714   0.0002837564   0.0004453469  -0.0003754849  -0.0010292132
        0.0004197482  -0.0002796707  -0.0000902240  -0.0001200204  -0.0002865648
       -0.0001331034   0.0001026879  -0.0989691682  -0.0000535626  -0.1022412013
        0.0000166092  -0.0000122581   0.0000310602  -0.0001129584  -0.0010279335
        0.0004402042   0.0004578392   0.0002541334   0.0004762697  -0.0001593082
        0.0000356884  -0.0002602721  -0.0252732709   0.0067600224  -0.0279980932
        0.0000230360   0.0001083871  -0.0000638441   0.0000132535   0.0000042095
       -0.0000168762   0.0000241573   0.0000640619  -0.0000217722   0.0000001570
       -0.0000002095   0.0000127747   0.0000139146   0.0000073244  -0.0000272718
       -0.0000037285  -0.0000155226  -0.0000014622  -0.0000129157   0.0000743672
        0.0000151100   0.0000681711   0.0000906286  -0.0000929361  -0.0000410995
        0.0001506207  -0.0000096402   0.0001314759   0.0001749118  -0.0001363010
        0.0093171900  -0.0010391386   0.0070312404   0.1209282299  -0.0062890378
        0.1316020317  -0.0000013959   0.0000133585  -0.0000096977  -0.0000131365
       -0.0000319100  -0.0000061071  -0.0000483441   0.0000552679  -0.0000582360
        0.0003057869   0.0000276218  -0.0007695902   0.0005828211   0.0029195674
       -0.0060317783   0.0000340603   0.0001010184  -0.0001040446  -0.0000311087
        0.0000202556  -0.0000234694  -0.0000039754   0.0000451590  -0.0000689443
        0.0002035026   0.0000401253   0.0000476493   0.0000132460  -0.0000172581
       -0.0000199788  -0.0000502390   0.0000517090  -0.0000077488   0.0006487648
       -0.0004454730   0.0006717786  -0.0001287404  -0.0060259926  -0.0043506545
       -0.0011625468   0.0008303631  -0.0013459932   0.0000180101   0.0024987062
        0.0014262758  -0.0157586163   0.0119525064  -0.0242955802   0.0001206339
       -0.0000563928   0.0000595816   0.0000495186   0.0000858881  -0.0000314517
       -0.0872294965   0.0443163667  -0.0912664868   0.0000681321   0.0000258796
       -0.0000108007   0.0000058057   0.0000105522   0.0000063029  -0.0000412713
       -0.0000024573   0.0000240508  -0.0000129526  -0.0000488292   0.0001059729
       -0.0000559800  -0.0000076247   0.0000191138   0.0000036623  -0.0000151434
        0.0000189206  -0.0000675400   0.0000517889  -0.0000235911   0.0001475898
       -0.0001578765   0.0000144973  -0.0000084170   0.0000388974   0.0000384524
       -0.0001994239   0.0001791679  -0.0004237545  -0.0004110173  -0.0004319528
       -0.0001979450   0.0001562764   0.0002680095  -0.0004156447  -0.0006276448
       -0.0002543240   0.0004774178  -0.0000144904   0.0000401098   0.0000828041
       -0.0000083210   0.0000107595  -0.0000159889   0.0000589138   0.0000339177
       -0.0000013959   0.0988317952  -0.0463626053   0.1099867615   0.0054324672
       -0.0065550572   0.0093934304   0.0000117537   0.0000026316  -0.0000012205
       -0.0000015276  -0.0000037659  -0.0000006898  -0.0000293973  -0.0000307921
       -0.0000070648   0.0000299712  -0.0000077678   0.0000355283  -0.0000106967
       -0.0000069169   0.0000074012   0.0000182757  -0.0000071492   0.0000000504
       -0.0000672539  -0.0000250954  -0.0000540847   0.0000377190   0.0000351490
        0.0000102308   0.0001020352  -0.0000184931  -0.0000482441  -0.0011102625
        0.0006310939  -0.0013157887  -0.0047903343   0.0051303668   0.0039121843
        0.0005251363  -0.0003179965   0.0005516783   0.0014364309  -0.0014790615
       -0.0024990558  -0.0027742727   0.0037143730  -0.0069497061  -0.0000372178
        0.0000487111   0.0000196871  -0.0000469551  -0.0000382171  -0.0000117589
        0.0450003617  -0.0894392079   0.0967122763  -0.0000113451  -0.0000195221
       -0.0000110818  -0.0000050393  -0.0000035981  -0.0000070200   0.0000178341
        0.0000045957  -0.0000048555   0.0000433382   0.0000310007  -0.0000255175
       -0.0000109760  -0.0000026241   0.0000000182   0.0000105021  -0.0000105917
       -0.0000227182   0.0000562141  -0.0000188277  -0.0000290785  -0.0003649183
        0.0004099294   0.0000341183  -0.0001059076  -0.0000248483  -0.0000022846
        0.0001407213  -0.0003154997   0.0002182542   0.0001265181   0.0001387204
       -0.0000064573  -0.0001777559  -0.0006096050   0.0000967867   0.0002097968
        0.0005548907  -0.0003143350  -0.0000142780  -0.0000177694  -0.0000578800
        0.0000071265   0.0000071303   0.0000042965  -0.0000036840  -0.0000027662
        0.0000133585  -0.0463626053   0.0922622748  -0.1099022045   0.0081923157
       -0.0106163818   0.0196955466   0.0000035162   0.0000022991   0.0000065458
       -0.0000027094   0.0000049165  -0.0000011857  -0.0000351343  -0.0000080435
       -0.0000092275  -0.0000025820   0.0000061321  -0.0000012751   0.0000089297
       -0.0000028769   0.0000024012   0.0000047357  -0.0000105574  -0.0000036232
        0.0001694503   0.0000900110  -0.0001994388   0.0000282384  -0.0000118992
       -0.0000059416   0.0000624816  -0.0000849204  -0.0001479139  -0.0011501563
        0.0005984495  -0.0013632726  -0.0048619245   0.0031115912   0.0050006036
       -0.0000441510   0.0001742391   0.0004052078   0.0028110785  -0.0016136631
       -0.0010345423  -0.0090053438   0.0048300875  -0.0132436533   0.0001051151
       -0.0001662114  -0.0000693364   0.0000405128   0.0000745635   0.0000496785
       -0.0923152452   0.0958451654  -0.2031350117   0.0000843408   0.0000178790
        0.0000056802   0.0000039425   0.0000018250   0.0000072017  -0.0000250924
       -0.0000302324   0.0000495942  -0.0000334355  -0.0000620267   0.0000410664
       -0.0000581458  -0.0000364893   0.0000245799   0.0000306783  -0.0000007107
        0.0000332619  -0.0000587183   0.0000413833   0.0000015317  -0.0003073854
        0.0004262933   0.0000875045   0.0000869331  -0.0001713834  -0.0001137662
        0.0003065450  -0.0003159814   0.0008070788   0.0000737368   0.0000074100
        0.0000139229  -0.0003213534  -0.0008375686   0.0000921041   0.0000229291
        0.0002830954  -0.0000839752  -0.0000335892   0.0000808685   0.0000469269
        0.0000018565  -0.0000107797  -0.0000156101   0.0000338620   0.0000302271
       -0.0000096977   0.1099867615  -0.1099022045   0.2230285460  -0.0056741334
        0.0076461304  -0.0103050557  -0.0000032632   0.0000039449  -0.0000035535
       -0.0000023290  -0.0000074219   0.0000052995   0.0000096259  -0.0000057485
        0.0000157056   0.0000230717   0.0000172085   0.0000278069  -0.0000254815
       -0.0000111912  -0.0000029881   0.0000385880  -0.0000119404  -0.0000095440
       -0.0005025420  -0.0009160693   0.0000808838   0.0000244734  -0.0000368677
       -0.0000753836  -0.0000026549   0.0000549400  -0.0000441113  -0.0003149512
       -0.0000163873  -0.0004524653  -0.0002810193   0.0014122221   0.0027892430
        0.0002472139  -0.0002194616   0.0003143500  -0.0001151609  -0.0039322179
       -0.0054659223  -0.0171397120  -0.0236936188   0.0111840529  -0.0000742096
        0.0000669576   0.0000681722  -0.0002963641   0.0001321952  -0.0001881806
       -0.0971219646  -0.0993947320   0.0463503343   0.0000509842   0.0000138204
        0.0000591765  -0.0000018533   0.0000225203  -0.0000042546   0.0000807051
        0.0000149543  -0.0000135117  -0.0000149306  -0.0000252224  -0.0000496753
       -0.0000292038   0.0000158124  -0.0000164389   0.0000115406   0.0000041641
       -0.0000287968   0.0000162464  -0.0001374304   0.0000062411  -0.0000200890
        0.0001453886   0.0000655520  -0.0001782345   0.0002780791   0.0000802050
       -0.0000002428  -0.0001355986  -0.0003819922   0.0000769737   0.0000886277
        0.0000049707  -0.0005608335  -0.0010320442   0.0004033726   0.0004166476
        0.0006022363  -0.0003747074   0.0000074161   0.0000138605  -0.0000744038
        0.0000063708   0.0000431931   0.0000374348  -0.0000926489  -0.0001002803
       -0.0000131365   0.0054324672   0.0081923157  -0.0056741334   0.1102931178
        0.1184533718  -0.0485326982   0.0000015806  -0.0000028190  -0.0000163710
        0.0000184069   0.0000139224  -0.0000104918   0.0000605038   0.0000889062
       -0.0000359997   0.0000022936  -0.0000181869   0.0000001346   0.0000054643
       -0.0000022777  -0.0000019019  -0.0000057910   0.0000057265   0.0000104527
       -0.0003983197  -0.0008009899   0.0005655679  -0.0000921015   0.0000229663
       -0.0000539773  -0.0000083702   0.0000245068   0.0000356984   0.0004954077
       -0.0002222267   0.0005260511   0.0027904263  -0.0016367238  -0.0015708016
        0.0000742611   0.0002193492   0.0000282278  -0.0053522491   0.0051104554
        0.0028693393  -0.0094069373  -0.0122197775   0.0037025661   0.0000943465
       -0.0000497798  -0.0000056465  -0.0001047845   0.0002088465  -0.0001503590
       -0.1002663727  -0.1976818405   0.0903439039   0.0000500773   0.0000212002
        0.0000488584   0.0000000315   0.0000180189  -0.0000054567   0.0000525262
        0.0000059151  -0.0000228649  -0.0000115833  -0.0000734681   0.0000018761
       -0.0000257515   0.0000117517  -0.0000149342   0.0000119497   0.0000179189
        0.0000005190  -0.0001022643  -0.0000965281   0.0000568659   0.0001564111
       -0.0001894273  -0.0000400487   0.0000008030   0.0002199782   0.0000139448
       -0.0001627202   0.0003291629  -0.0007707506  -0.0000133144  -0.0000106773
       -0.0000169232   0.0006842860   0.0013412992  -0.0002952206  -0.0003073285
       -0.0008230094   0.0003556276  -0.0000356381   0.0000186728  -0.0000863654
        0.0000178533  -0.0000081844   0.0000159807  -0.0000473705  -0.0000665742
       -0.0000319100  -0.0065550572  -0.0106163818   0.0076461304   0.1184533718
        0.2168205709  -0.1031064154  -0.0000161016  -0.0000056414  -0.0000178573
        0.0000157284   0.0000113877  -0.0000065978   0.0000196785   0.0001047283
       -0.0000123831   0.0000024627  -0.0000153575  -0.0000049454  -0.0000096504
        0.0000011435  -0.0000082845  -0.0000037062   0.0000087151   0.0000105846
       -0.0003185312  -0.0003501644   0.0003576819  -0.0000284972   0.0000366815
       -0.0000078163   0.0000318027   0.0000123832   0.0000633080   0.0004337755
       -0.0002717967   0.0005281537   0.0011446484  -0.0028900558  -0.0009855603
       -0.0000637798   0.0001807097  -0.0002750606  -0.0049670432   0.0033652957
        0.0043354981  -0.0040117109  -0.0077199513   0.0035574609   0.0000427318
        0.0000175012   0.0000503189  -0.0001030326  -0.0000350044  -0.0000643833
        0.0473044740   0.0911759177  -0.0842680882  -0.0000182211  -0.0000102354
       -0.0000176308  -0.0000060910  -0.0000010567  -0.0000031364  -0.0000184158
        0.0000046493  -0.0000248620   0.0000284417   0.0000176804  -0.0000000225
       -0.0000009956   0.0000076155   0.0000006280   0.0000141196  -0.0000044294
       -0.0000236019  -0.0000403649   0.0000671373  -0.0000579714   0.0001247020
       -0.0001700790  -0.0000605202   0.0000306279   0.0000102185   0.0001154856
       -0.0000820760   0.0000377750  -0.0004060516  -0.0000605371  -0.0000887776
        0.0000129242   0.0005305325   0.0009450475  -0.0005099665  -0.0008202133
       -0.0008846798   0.0005865402  -0.0000090252  -0.0000165644   0.0000002694
       -0.0000013046  -0.0000016586  -0.0000073319   0.0000214573  -0.0000192351
       -0.0000061071   0.0093934304   0.0196955466  -0.0103050557  -0.0485326982
       -0.1031064154   0.0873938051   0.0000069390   0.0000027947   0.0000008152
       -0.0000005056   0.0000052029  -0.0000016340  -0.0000274264  -0.0000065911
        0.0000205425  -0.0000009838  -0.0000056416  -0.0000020665   0.0000074258
        0.0000022825   0.0000001690  -0.0000036552  -0.0000021022   0.0000032664
        0.0004675565  -0.0002418644  -0.0000194669  -0.0003987348  -0.0058451145
       -0.0000570634  -0.0015780600   0.0001126283  -0.0006095377  -0.0000850287
       -0.0000642654  -0.0001059044   0.0000702917   0.0000499809  -0.0000254432
       -0.0000348692   0.0000391620  -0.0002034240   0.0000278147   0.0000028947
        0.0000894336   0.0001422610   0.0000565304   0.0000139843   0.0000268721
        0.0000229224   0.0000787103  -0.0000774940  -0.0000318042  -0.0001926566
       -0.0000128441   0.0000040557   0.0000232339  -0.0265078373  -0.0025146719
       -0.0098176248  -0.2553745057  -0.0086690079  -0.1012513157   0.0003322815
        0.0000085268   0.0003321850  -0.0000931798   0.0002609432   0.0001916234
        0.0006678620   0.0024863673   0.0000526549   0.0000141775   0.0000827549
        0.0000160473  -0.0001824499  -0.0004050327  -0.0000960783   0.0000024455
        0.0000142725   0.0000177384  -0.0000506753  -0.0000552273   0.0000603522
       -0.0000185560  -0.0000077776   0.0000380193  -0.0000381235  -0.0000226254
       -0.0000046205  -0.0000050421   0.0000255177   0.0000125940   0.0000582617
       -0.0000236655   0.0000499373  -0.0000299607  -0.0000351259  -0.0000013081
        0.0000235201   0.0000046968   0.0000195330  -0.0002105511   0.0000646223
       -0.0000483441   0.0000117537   0.0000035162  -0.0000032632   0.0000015806
       -0.0000161016   0.0000069390   0.2884825657   0.0152398078   0.1151995653
       -0.0064712680  -0.0002080819  -0.0042651716   0.0000949006  -0.0001474912
        0.0000570888   0.0000036556  -0.0000791503  -0.0000082432   0.0006706085
       -0.0006099417   0.0007269435   0.0000707710   0.0004977495  -0.0002771180
       -0.0017486782  -0.0002508886  -0.0007529062  -0.0048657565   0.0037651266
        0.0057169812   0.0003706084   0.0001579089   0.0001288872   0.0000082785
        0.0000520405   0.0000114463   0.0000184869   0.0000248362   0.0000089353
        0.0000040290   0.0000933196  -0.0001084232  -0.0003354061   0.0003095840
        0.0002256938   0.0000365066   0.0000372942  -0.0000274125   0.0000014708
       -0.0000455809   0.0000082455   0.0001999111  -0.0000960411  -0.0000234891
        0.0000001140  -0.0000106524   0.0000028849  -0.0172882603  -0.0016786233
       -0.0076045264  -0.0076482420  -0.0389705453   0.0043183128   0.0000611402
       -0.0003621596   0.0002712900  -0.0000456439  -0.0001943021  -0.0001357313
       -0.0004658751  -0.0015989130  -0.0029828977   0.0000499747   0.0000248027
       -0.0000284797   0.0000634482   0.0001314589  -0.0000039298   0.0000055561
        0.0000078636  -0.0000274477   0.0000232563   0.0000155772  -0.0000245754
        0.0000025302  -0.0000065002  -0.0000006223  -0.0000138212  -0.0000045690
       -0.0000325660  -0.0001340515   0.0000193070  -0.0000584340   0.0000204754
       -0.0000209043  -0.0000024384   0.0000022205   0.0000036926  -0.0000017418
        0.0000382792  -0.0000287163   0.0000008528   0.0000006149  -0.0000064429
        0.0000552679   0.0000026316   0.0000022991   0.0000039449  -0.0000028190
       -0.0000056414   0.0000027947   0.0152398078   0.0385428686  -0.0093625044
        0.0161104108   0.0008634595   0.0096609020   0.0000860551   0.0000514591
        0.0000246767   0.0002049193   0.0003989597  -0.0004546991  -0.0000249009
       -0.0008554635   0.0007982961   0.0000227290  -0.0003659139   0.0003934129
       -0.0013827345  -0.0001686048  -0.0005994440  -0.0021156118   0.0058051314
        0.0045011952   0.0010649872   0.0001169074   0.0008475250   0.0000151736
        0.0000023906   0.0000408091   0.0000110657   0.0000074598   0.0000001815
        0.0000301313   0.0000208091  -0.0000976322  -0.0002372961   0.0001724998
        0.0001643126   0.0000336581   0.0000556103  -0.0000118636  -0.0000315954
       -0.0000109268   0.0000662132   0.0002023133  -0.0002480611  -0.0001509702
       -0.0000045087  -0.0000259985   0.0000089740   0.0070746008   0.0000496068
        0.0022610710  -0.1030029771   0.0028432058  -0.0838023671   0.0001563384
       -0.0001843983   0.0006027008  -0.0001293146   0.0003730279   0.0000214964
        0.0026821056  -0.0017110134  -0.0015890269   0.0000355286  -0.0000611686
       -0.0000296475   0.0002417790   0.0003592145   0.0000837161  -0.0000125361
       -0.0000245109   0.0000077618  -0.0000068072  -0.0000115358  -0.0000232644
       -0.0000164138  -0.0000132839   0.0000140689  -0.0000360906   0.0000027204
        0.0000427515  -0.0000865690   0.0000189559  -0.0000546384   0.0000517894
        0.0000262781   0.0000245280  -0.0000017917  -0.0000039199   0.0000120144
       -0.0000098704   0.0000189185   0.0000267068  -0.0001076923   0.0000186572
       -0.0000582360  -0.0000012205   0.0000065458  -0.0000035535  -0.0000163710
       -0.0000178573   0.0000008152   0.1151995653  -0.0093625044   0.0871454580
       -0.0199850187   0.0013565423  -0.0090343352  -0.0000115558  -0.0001028531
        0.0000302896   0.0001291366   0.0004533748  -0.0005170218   0.0003358443
        0.0005917711  -0.0002201266  -0.0000680419  -0.0003529907   0.0002895381
       -0.0003814143  -0.0001228061   0.0000102762  -0.0002249658  -0.0001203765
        0.0022731691   0.0001312619   0.0001304173  -0.0000154428  -0.0000346450
        0.0000192414  -0.0000078218   0.0000046498   0.0000325470  -0.0000186484
        0.0000017359   0.0000675644   0.0000150351  -0.0000377279   0.0000862722
        0.0000407668  -0.0000216814  -0.0000454610   0.0000039292   0.0000165722
        0.0000070379  -0.0000538153  -0.0004850783   0.0001374424   0.0009186794
        0.0000194701   0.0000280753  -0.0000127575   0.0030374643  -0.0129052257
        0.0149916136  -0.0525142624   0.0312005806  -0.0411732491  -0.0009163440
       -0.0010094914  -0.0003840253  -0.0003785305  -0.0003007254  -0.0005238391
       -0.0006626759  -0.0047066408  -0.0014834196   0.0000206674   0.0000788647
        0.0000368686   0.0000170883   0.0000598155  -0.0000049655   0.0000334347
        0.0000222864  -0.0000439421   0.0000239604   0.0000234924  -0.0000158676
        0.0000277738   0.0000168672  -0.0000123392   0.0000393077  -0.0000100309
       -0.0000696548  -0.0000204762   0.0000175186   0.0000010094  -0.0000341173
       -0.0000423623  -0.0000679722   0.0000153215   0.0000054155  -0.0000158730
        0.0000925434  -0.0000327380  -0.0001593360  -0.0001666277   0.0000075717
        0.0003057869  -0.0000015276  -0.0000027094  -0.0000023290   0.0000184069
        0.0000157284  -0.0000005056  -0.0064712680   0.0161104108  -0.0199850187
        0.0583572384  -0.0281327205   0.0445873374  -0.0000268371   0.0002942487
       -0.0000328775   0.0001659276   0.0001903861  -0.0001364663   0.0000486455
       -0.0000216831   0.0000119694   0.0003067097  -0.0010988133   0.0010237253
        0.0004095905   0.0000196196   0.0002850058   0.0025527419  -0.0015968849
       -0.0011324323  -0.0001232285   0.0000488306  -0.0001598175  -0.0000118412
        0.0000303924  -0.0000485194  -0.0000161416   0.0000149804  -0.0000028827
        0.0000790961  -0.0000509791   0.0000723226   0.0001467267  -0.0000790578
       -0.0000859759  -0.0000110422  -0.0000298039   0.0000173322  -0.0000522373
        0.0000121275  -0.0000698720   0.0000628618   0.0001982674  -0.0003125623
        0.0000153300   0.0000177507  -0.0000173845   0.0020670933  -0.0167096434
        0.0159783479   0.0290022169  -0.1527033614   0.1317968834  -0.0009477525
        0.0000038191  -0.0009620224   0.0002199945  -0.0004978196  -0.0002212228
       -0.0052163298   0.0036064521   0.0065959460   0.0000431667   0.0000165724
        0.0000860161  -0.0000645512   0.0000039799  -0.0000216162   0.0000840936
        0.0000538303  -0.0000307965   0.0000203626   0.0000083711  -0.0000313838
        0.0000342588   0.0000021815  -0.0000052680   0.0000512190  -0.0000640590
       -0.0000530619   0.0000753929  -0.0000113880   0.0000267875  -0.0000431653
       -0.0000077351  -0.0000593888   0.0000500646   0.0000088856  -0.0000263572
        0.0001140984  -0.0001304927   0.0001831029   0.0001898809   0.0001515767
        0.0000276218  -0.0000037659   0.0000049165  -0.0000074219   0.0000139224
        0.0000113877   0.0000052029  -0.0002080819   0.0008634595   0.0013565423
       -0.0281327205   0.1673981299  -0.1541770810   0.0000245047   0.0001287936
        0.0000812490   0.0001143945  -0.0017940444   0.0018453148  -0.0004311060
        0.0001866939  -0.0003660633  -0.0001090471   0.0008842511  -0.0005665449
        0.0006494900   0.0001971026   0.0001226482   0.0003489183  -0.0031076172
       -0.0011358011  -0.0005095863  -0.0001807859  -0.0000362733  -0.0000493871
       -0.0000654376  -0.0000026659   0.0000101987  -0.0000308331   0.0000272459
       -0.0000197655   0.0000050653  -0.0000074305   0.0000533970  -0.0001470217
       -0.0000211202  -0.0000090584  -0.0000037371  -0.0000148198   0.0000145185
       -0.0000534980   0.0000039675   0.0003140361   0.0000161955  -0.0002432489
       -0.0000101351  -0.0000173846   0.0000090728  -0.0012612159   0.0093080836
       -0.0112519382  -0.0391664521   0.1313815552  -0.1788262027   0.0000710819
        0.0000129754   0.0003108218  -0.0002002190   0.0001284038   0.0005332446
       -0.0006109517   0.0066658250   0.0057220131  -0.0000204602   0.0000292761
       -0.0000663803  -0.0000353519  -0.0001210571   0.0000207783  -0.0000511453
       -0.0000091975   0.0000307752  -0.0000183752  -0.0000156950   0.0000426414
       -0.0000249474  -0.0000107674  -0.0000056394  -0.0000575839   0.0000278757
        0.0000295519   0.0000415501  -0.0000161606  -0.0000004553  -0.0000062904
        0.0000063112   0.0000203835  -0.0000241454  -0.0000049336   0.0000222820
       -0.0001469248   0.0000959772  -0.0000987676   0.0004395198  -0.0000572473
       -0.0007695902  -0.0000006898  -0.0000011857   0.0000052995  -0.0000104918
       -0.0000065978  -0.0000016340  -0.0042651716   0.0096609020  -0.0090343352
        0.0445873374  -0.1541770810   0.1947863775  -0.0003560464  -0.0000781178
       -0.0000626940   0.0000662662  -0.0008635608   0.0011957424   0.0003355601
       -0.0002142204   0.0002831697  -0.0000774789   0.0016465885  -0.0015870189
        0.0005318914  -0.0001616707   0.0001545647  -0.0001078104  -0.0001478397
       -0.0002377908  -0.0000275942  -0.0000322611   0.0000292056  -0.0000282650
       -0.0000001295  -0.0000039346   0.0000176073   0.0000156545   0.0000256429
        0.0000613362  -0.0001139086   0.0000024289   0.0007432655   0.0008717161
       -0.0008360374  -0.0001260977  -0.0000481989   0.0002435161  -0.0000928914
        0.0000169451   0.0000291519   0.0098800196   0.0020308262   0.0014146467
       -0.0000349186   0.0000680403  -0.0000270648  -0.0001518020  -0.0001083812
       -0.0000739776  -0.0000448963  -0.0000833913   0.0002848970  -0.0002120783
        0.0004457044   0.0001148474  -0.3244715677   0.0097538534  -0.1916297212
        0.0001026647  -0.0000143426   0.0000446388  -0.0000171057   0.0000039154
        0.0000021979   0.0000875501   0.0000220647   0.0000268125  -0.0000117814
       -0.0000224059   0.0000250288   0.0000115425  -0.0000053039   0.0000247407
        0.0000045480  -0.0000106752   0.0000114643  -0.0000071442  -0.0000652685
        0.0000906028  -0.0006824815   0.0000731512   0.0007889418   0.0001012158
       -0.0007960507   0.0000557440   0.0000102828   0.0000332291  -0.0000143603
        0.0015639215  -0.0001459159   0.0008458175   0.0013811754  -0.0004778372
        0.0005828211  -0.0000293973  -0.0000351343   0.0000096259   0.0000605038
        0.0000196785  -0.0000274264   0.0000949006   0.0000860551  -0.0000115558
       -0.0000268371   0.0000245047  -0.0003560464   0.3113932419  -0.0112407311
        0.1883899622  -0.0000049771  -0.0000016473   0.0000313702   0.0000314618
       -0.0000119184   0.0000192516   0.0000005170   0.0000576732  -0.0000300059
        0.0013906859   0.0006806447   0.0010786601  -0.0000880635  -0.0000013544
        0.0001312324   0.0000257103  -0.0000052519  -0.0001216434   0.0000256986
       -0.0000469569   0.0000114581  -0.0000100094  -0.0000474626   0.0000397275
       -0.0000459125   0.0002073120   0.0004387053   0.0006420610   0.0011065790
       -0.0001965761  -0.0002855934  -0.0003521251   0.0000579697   0.0000524191
       -0.0002495638  -0.0002199296   0.0131682969  -0.0039740587   0.0096261251
        0.0000773443   0.0000862118  -0.0000980024   0.0001977827  -0.0001080059
        0.0002129980  -0.0000573131  -0.0000614819  -0.0000127457   0.0004234212
       -0.0005178923  -0.0003642854  -0.0016592977  -0.0107820328   0.0163995105
       -0.0000657562   0.0000189067  -0.0000684626  -0.0000455796   0.0000478709
       -0.0000032208  -0.0000241431  -0.0000860157  -0.0000557947  -0.0000288517
        0.0000122591  -0.0000395833   0.0000489439   0.0000359082  -0.0000113570
        0.0000656269   0.0000573281  -0.0001000583  -0.0000004874   0.0000141858
       -0.0000725393  -0.0005933000   0.0001832422   0.0003886956  -0.0006543197
       -0.0011365925  -0.0007652799   0.0000634581   0.0001030682  -0.0000162669
       -0.0010307056   0.0010274681  -0.0006892288  -0.0005374208  -0.0000126580
        0.0029195674  -0.0000307921  -0.0000080435  -0.0000057485   0.0000889062
        0.0001047283  -0.0000065911  -0.0001474912   0.0000514591  -0.0001028531
        0.0002942487   0.0001287936  -0.0000781178  -0.0112407311   0.0134782375
       -0.0282331614   0.0000254465   0.0000303694  -0.0000081783  -0.0000583968
        0.0000205856  -0.0000258650   0.0000141148  -0.0000056626  -0.0000091600
        0.0000254843   0.0003283735   0.0005964052  -0.0000315945  -0.0002225454
        0.0000056084   0.0000403403  -0.0000169963  -0.0000031387  -0.0000087094
        0.0000173993  -0.0000410386  -0.0000272733  -0.0000404270   0.0000518472
       -0.0002736336  -0.0000801440  -0.0002185026  -0.0003581119  -0.0000453948
       -0.0000292927   0.0002441004   0.0000558708  -0.0000273188   0.0001305423
       -0.0001568281   0.0001137038  -0.0248359417   0.0040709686  -0.0257928007
       -0.0000163103  -0.0000725816  -0.0000223788  -0.0001324488  -0.0001436989
       -0.0000924206   0.0001067285  -0.0000711911   0.0000788650  -0.0000104539
       -0.0000374313   0.0000512663  -0.1641634054   0.0217145013  -0.1422386607
        0.0000485646   0.0000518237   0.0000022085   0.0000280984  -0.0000692635
        0.0000019258  -0.0000170477  -0.0000017004   0.0000406638   0.0000096723
       -0.0000212131   0.0000126824  -0.0000008936  -0.0000230887   0.0000053540
       -0.0000380009  -0.0000459818   0.0000403810   0.0000262310  -0.0000951405
        0.0001415928   0.0009081626   0.0001172254   0.0000013689  -0.0000958417
       -0.0003567222   0.0002784681  -0.0001031928  -0.0001030252   0.0000756149
       -0.0011715826   0.0004248820  -0.0000134125   0.0013321417   0.0029906792
       -0.0060317783  -0.0000070648  -0.0000092275   0.0000157056  -0.0000359997
       -0.0000123831   0.0000205425   0.0000570888   0.0000246767   0.0000302896
       -0.0000328775   0.0000812490  -0.0000626940   0.1883899622  -0.0282331614
        0.1729739531  -0.0000192206  -0.0000209595   0.0000128049   0.0000453385
       -0.0000088823   0.0000212171  -0.0000128511   0.0000103381   0.0000009682
        0.0002976976  -0.0000331646   0.0000515479  -0.0000037374   0.0001765560
        0.0000853552   0.0000360553   0.0000171230  -0.0001077416  -0.0003427351
       -0.0002307956  -0.0001508456   0.0000030870  -0.0000482900   0.0000588929
       -0.0021529802   0.0009634854  -0.0009013326  -0.0000841697  -0.0000068462
        0.0000285821  -0.0001004914   0.0000707396  -0.0001171088   0.0003287090
       -0.0002966130   0.0000234573   0.0001076029   0.0000786897   0.0000085661
        0.0000145932  -0.0000319952   0.0000497133   0.0040771063  -0.0041097229
       -0.0018736950   0.0007763853   0.0005023375  -0.0002058200  -0.0000308699
       -0.0000000274   0.0000166494  -0.0000640494  -0.0000871355   0.0000533402
       -0.1173209421   0.0231371351   0.1065608634  -0.0000380977   0.0000138075
        0.0000634154  -0.0000765839  -0.0000029505   0.0000433119  -0.0005758544
       -0.0007366319  -0.0004543526  -0.0000066663   0.0000110471   0.0000441552
       -0.0000533344  -0.0000211763   0.0000517844  -0.0017837521   0.0013976384
        0.0005578562   0.0000089846  -0.0000034276   0.0000036866   0.0000220294
       -0.0000013986   0.0000550217  -0.0001313457   0.0000783081   0.0000615805
       -0.0000425451   0.0000177863  -0.0000164238   0.0000366434  -0.0000898559
        0.0000340603   0.0000299712  -0.0000025820   0.0000230717   0.0000022936
        0.0000024627  -0.0000009838   0.0000036556   0.0002049193   0.0001291366
        0.0001659276   0.0001143945   0.0000662662  -0.0000049771   0.0000254465
       -0.0000192206   0.1383268503  -0.0267355791  -0.1276886516  -0.0238205406
        0.0057658670   0.0255423051   0.0023960800  -0.0001395512  -0.0020764434
       -0.0000383450   0.0000674892   0.0000559967   0.0000914934   0.0003426283
       -0.0001546150  -0.0000344312   0.0000078926  -0.0002367216  -0.0001883713
        0.0002135450  -0.0002993951  -0.0001470941   0.0000616315  -0.0000750150
        0.0010408478  -0.0004089454   0.0006337595   0.0000030396  -0.0000191528
        0.0000210084   0.0000203443  -0.0000439992  -0.0000866781  -0.0002320578
       -0.0000259252  -0.0001545036   0.0000561961  -0.0000111238   0.0001730640
        0.0000014264  -0.0000176394   0.0000012584  -0.0117350181   0.0011172476
        0.0184584747   0.0008676225  -0.0012956885   0.0023819139   0.0000200865
       -0.0001250432  -0.0000441887  -0.0000058487  -0.0000061318  -0.0001907538
        0.0209410968  -0.0439719704  -0.0312890777   0.0000878250  -0.0000355865
        0.0000585809  -0.0001232279  -0.0000198173   0.0000764890  -0.0008415499
       -0.0004889765  -0.0002708767   0.0001294754  -0.0000790404   0.0001217781
       -0.0000675682  -0.0000350980   0.0000105226   0.0014045322   0.0003246680
       -0.0003596014  -0.0000072094  -0.0000202257   0.0000016723  -0.0000337348
       -0.0000114275  -0.0000287806   0.0000951765   0.0000358877   0.0000277875
        0.0000031658  -0.0000349468  -0.0000320185  -0.0001274164  -0.0001551321
        0.0001010184  -0.0000077678   0.0000061321   0.0000172085  -0.0000181869
       -0.0000153575  -0.0000056416  -0.0000791503   0.0003989597   0.0004533748
        0.0001903861  -0.0017940444  -0.0008635608  -0.0000016473   0.0000303694
       -0.0000209595  -0.0267355791   0.0534163365   0.0358772087  -0.0024003479
        0.0014308696   0.0025261235   0.0178718375  -0.0088383846  -0.0268848522
       -0.0002393877   0.0001896913  -0.0004196950  -0.0000146577  -0.0000373877
        0.0003653270  -0.0000961322  -0.0000649386  -0.0002968118  -0.0001022818
        0.0001527595  -0.0001461747  -0.0001268706  -0.0001520882   0.0001705591
       -0.0001992535   0.0002956553  -0.0002092941   0.0000175644   0.0000143749
        0.0000630507  -0.0000183438   0.0000220791  -0.0000452062   0.0005869328
       -0.0005705518  -0.0000444797   0.0000132358   0.0000464405  -0.0001096026
        0.0000385109  -0.0000186843   0.0000542629   0.0135933674   0.0024136271
       -0.0230691940  -0.0014115754   0.0008053185  -0.0024284763   0.0000981611
       -0.0000331981   0.0002307279  -0.0001112487  -0.0000201777   0.0001732533
        0.1095013292  -0.0344683032  -0.1960172449   0.0001233797   0.0000581221
       -0.0000601010   0.0000884618  -0.0000188380   0.0000686652  -0.0005826144
       -0.0007595665   0.0002702489   0.0002068484   0.0000201947   0.0001676281
        0.0000326668   0.0000215833   0.0000178027  -0.0005749871   0.0003815641
        0.0013964222   0.0000122785   0.0000096098  -0.0000070127   0.0000426971
        0.0000052171   0.0000184340  -0.0000050361   0.0000426950   0.0000350057
        0.0000092812  -0.0000092397   0.0000422683   0.0001376394   0.0001769225
       -0.0001040446   0.0000355283  -0.0000012751   0.0000278069   0.0000001346
       -0.0000049454  -0.0000020665  -0.0000082432  -0.0004546991  -0.0005170218
       -0.0001364663   0.0018453148   0.0011957424   0.0000313702  -0.0000081783
        0.0000128049  -0.1276886516   0.0358772087   0.2261820582  -0.0018033883
        0.0007034977   0.0049153171   0.0085497506  -0.0064598045  -0.0119309595
       -0.0000524713  -0.0001573682  -0.0001168469   0.0006083336   0.0009537658
       -0.0010887214   0.0000707937   0.0001158889   0.0001063672  -0.0000150699
       -0.0001535438   0.0001371969   0.0000643355   0.0000541102  -0.0000817830
        0.0001418550  -0.0000945069   0.0000695571  -0.0000653254   0.0000547785
        0.0000652171   0.0001107647   0.0000321843   0.0000598677  -0.0001727295
        0.0002170691   0.0000739088  -0.0000959806  -0.0001398927  -0.0000203118
       -0.0000053911   0.0000229013  -0.0000068970  -0.0116597506   0.0021895300
       -0.0070288510   0.0012559817  -0.0013268801   0.0019421220  -0.0004341618
        0.0000799390  -0.0003887018   0.0000412789   0.0001133075  -0.0000313436
       -0.2653643528  -0.0249621118  -0.0580364617  -0.0000772251   0.0000307761
        0.0001099780   0.0000714051  -0.0000101324   0.0000462986  -0.0002343897
        0.0001663365  -0.0002418046  -0.0000458661   0.0000638366  -0.0000709160
        0.0000350324   0.0000129788  -0.0000040396  -0.0002470020  -0.0000825355
       -0.0001989745  -0.0000289580   0.0000213902   0.0000052406   0.0000319925
       -0.0000232852   0.0000052336   0.0000153398  -0.0000551656  -0.0000483612
        0.0000497061  -0.0000124764   0.0000157259  -0.0000599326   0.0000826011
       -0.0000311087  -0.0000106967   0.0000089297  -0.0000254815   0.0000054643
       -0.0000096504   0.0000074258   0.0006706085  -0.0000249009   0.0003358443
        0.0000486455  -0.0004311060   0.0003355601   0.0000314618  -0.0000583968
        0.0000453385  -0.0238205406  -0.0024003479  -0.0018033883   0.3074908936
        0.0294044106   0.0686091494  -0.0083540491  -0.0036824334  -0.0027460389
       -0.0000138505   0.0000053985   0.0000610883  -0.0001029490  -0.0019065585
        0.0029247007  -0.0002784140   0.0000905424  -0.0002536288  -0.0001899079
       -0.0000637488  -0.0000011096  -0.0000458005   0.0000460555  -0.0000336291
        0.0001258647  -0.0000119344  -0.0000029224   0.0000781551  -0.0000376678
       -0.0000378574  -0.0000194064  -0.0000021201   0.0000104998  -0.0000214806
       -0.0000180499   0.0000255981   0.0000544746   0.0000112832   0.0000625658
        0.0000010159   0.0000124887  -0.0000058308   0.0185444666   0.0008543777
        0.0064528176   0.0018405246   0.0001387556   0.0004816298   0.0007628692
       -0.0000718949   0.0006770825  -0.0000111606   0.0000008637  -0.0000662489
       -0.0250601030  -0.0466016439  -0.0076716436   0.0000129134   0.0000100150
        0.0002645240  -0.0000548163   0.0000522999   0.0000148235   0.0001141982
        0.0000131276  -0.0002537772  -0.0000257126   0.0000307475  -0.0000429320
       -0.0000021842  -0.0000040774  -0.0000083135  -0.0000814826   0.0000258484
       -0.0000156689   0.0000035870  -0.0000001951  -0.0000001856  -0.0000252280
       -0.0000018551  -0.0000163256   0.0000111475   0.0000112832  -0.0000075538
       -0.0000211091   0.0000112218   0.0000078247   0.0000446230  -0.0000001899
        0.0000202556  -0.0000069169  -0.0000028769  -0.0000111912  -0.0000022777
        0.0000011435   0.0000022825  -0.0006099417  -0.0008554635   0.0005917711
       -0.0000216831   0.0001866939  -0.0002142204  -0.0000119184   0.0000205856
       -0.0000088823   0.0057658670   0.0014308696   0.0007034977   0.0294044106
        0.0528967284   0.0049174102  -0.0301577743  -0.0062720534  -0.0085664507
       -0.0002471840  -0.0000091258  -0.0003086762  -0.0007466425   0.0032341574
       -0.0022371614   0.0001238274   0.0001794102   0.0000769402   0.0000362441
        0.0001333818   0.0000308992   0.0000037950   0.0000229142  -0.0000132711
        0.0000914833  -0.0000418415  -0.0001351946  -0.0001449284   0.0000740481
        0.0001295775   0.0000525044   0.0000243162   0.0000232871   0.0001999856
       -0.0001266731   0.0000140112  -0.0000225910  -0.0000989415   0.0000324079
        0.0000060080  -0.0000081399   0.0000223604  -0.0226153617   0.0006553979
       -0.0086672063  -0.0011934214  -0.0009974955   0.0000865234  -0.0007505859
        0.0001003749  -0.0006596984   0.0000113756   0.0000347908  -0.0000097459
       -0.0576378745  -0.0076728876  -0.0586835802   0.0000355206  -0.0000196989
        0.0001009877   0.0000654651   0.0000457076   0.0000547852  -0.0000284807
       -0.0001302988  -0.0001017374   0.0000870035   0.0000033295   0.0000504088
       -0.0000134043  -0.0000073184   0.0000086201  -0.0002083866   0.0001972669
        0.0001021966  -0.0000397044   0.0000178462  -0.0000016367   0.0000331340
       -0.0000033401   0.0000207599  -0.0000111210  -0.0000152139   0.0000085166
        0.0000138806  -0.0000019733  -0.0000144679  -0.0000230818   0.0000315785
       -0.0000234694   0.0000074012   0.0000024012  -0.0000029881  -0.0000019019
       -0.0000082845   0.0000001690   0.0007269435   0.0007982961  -0.0002201266
        0.0000119694  -0.0003660633   0.0002831697   0.0000192516  -0.0000258650
        0.0000212171   0.0255423051   0.0025261235   0.0049153171   0.0686091494
        0.0049174102   0.0677733875  -0.0119925774  -0.0034655903  -0.0026765823
        0.0000597175   0.0000317153   0.0000437936   0.0003955065  -0.0000123300
       -0.0001687963  -0.0009333742   0.0005051784  -0.0006339541  -0.0009651951
        0.0001609671  -0.0004234649  -0.0000285595  -0.0001011765   0.0001230811
       -0.0001978919   0.0001435634   0.0000662159  -0.0000166391   0.0000009713
       -0.0000006316  -0.0000150979  -0.0000069326  -0.0001222734   0.0000289722
       -0.0001198071  -0.0000901272   0.0000231309   0.0000404137  -0.0000564478
        0.0000104750  -0.0000377876   0.0000139065   0.0015960508   0.0041547114
        0.0037411179   0.0002955038   0.0005063279  -0.0004222953   0.0000026872
       -0.0000905443   0.0000036780  -0.0000470560  -0.0000529045   0.0000749343
       -0.0475251334  -0.0327167944  -0.0131952983  -0.0001288464  -0.0001872987
       -0.0013403654   0.0000596123  -0.0000958683   0.0000341557  -0.0016473588
       -0.0002482642   0.0007491252  -0.0000494103  -0.0001254937   0.0000466504
        0.0000253668  -0.0000276607  -0.0000107954   0.0002941194   0.0000004240
        0.0000778737   0.0000211624  -0.0000311072   0.0000047472   0.0000025433
        0.0000091157   0.0000142730   0.0000053983   0.0000235043   0.0000250106
       -0.0000049028  -0.0000271833  -0.0000088891  -0.0000119682  -0.0000579454
       -0.0000039754   0.0000182757   0.0000047357   0.0000385880  -0.0000057910
       -0.0000037062  -0.0000036552   0.0000707710   0.0000227290  -0.0000680419
        0.0003067097  -0.0001090471  -0.0000774789   0.0000005170   0.0000141148
       -0.0000128511   0.0023960800   0.0178718375   0.0085497506  -0.0083540491
       -0.0301577743  -0.0119925774   0.0543186739   0.0407193165   0.0150250170
       -0.0001042910  -0.0001224814   0.0000494276  -0.0004387074  -0.0000762037
       -0.0003937269  -0.0003067365   0.0001893061  -0.0002148303  -0.0003802646
        0.0001197884  -0.0000693944   0.0001433491   0.0000694907   0.0000116401
        0.0000038711  -0.0000628019  -0.0001007080  -0.0000171495   0.0000549801
       -0.0000136520   0.0000371458  -0.0000094456   0.0000225539  -0.0000729150
        0.0001649717   0.0000791537  -0.0000020105  -0.0000212995  -0.0000661307
       -0.0000287888   0.0000322015  -0.0000101263  -0.0034970732  -0.0260542290
       -0.0001485149   0.0020731861  -0.0017400672   0.0016922399  -0.0002690294
        0.0000033742  -0.0001598656   0.0000148246   0.0000171509  -0.0000197275
       -0.0333237679  -0.2500578687  -0.0750189697  -0.0000073929   0.0007923238
        0.0003845570  -0.0001827072   0.0001004108  -0.0000407387   0.0002957652
        0.0004927550  -0.0003391414  -0.0002080834  -0.0000158102  -0.0001721541
       -0.0000248530   0.0000006061   0.0000040960   0.0000545761  -0.0002745085
       -0.0001283560  -0.0000477380   0.0000088080   0.0000036916  -0.0000112017
       -0.0000251994   0.0000319106  -0.0000378517  -0.0000056328  -0.0000235452
        0.0000174952   0.0000232626   0.0000308140  -0.0000321699   0.0001091166
        0.0000451590  -0.0000071492  -0.0000105574  -0.0000119404   0.0000057265
        0.0000087151  -0.0000021022   0.0004977495  -0.0003659139  -0.0003529907
       -0.0010988133   0.0008842511   0.0016465885   0.0000576732  -0.0000056626
        0.0000103381  -0.0001395512  -0.0088383846  -0.0064598045  -0.0036824334
       -0.0062720534  -0.0034655903   0.0407193165   0.2908866075   0.0831998399
       -0.0000347165  -0.0000330322   0.0001100147   0.0004976425  -0.0004951898
        0.0001203371  -0.0012565941   0.0006729256  -0.0001817300  -0.0001043182
       -0.0002021367   0.0002658518   0.0000862516  -0.0000063195  -0.0000207387
        0.0000528459   0.0000150748   0.0000462877   0.0000059722   0.0000231475
       -0.0000344253  -0.0000380156   0.0000293739   0.0000465695   0.0000663951
        0.0000000478  -0.0000360504  -0.0000656254   0.0000443642  -0.0000330955
       -0.0000065993   0.0000015006  -0.0000240385   0.0033129367   0.0220012472
        0.0059813118  -0.0010835422   0.0021237556  -0.0019580326   0.0001527997
        0.0000231396  -0.0000073534   0.0000443049  -0.0000170807   0.0000984776
       -0.0122462580  -0.0713904458  -0.0632129553  -0.0009421843  -0.0003279909
       -0.0013342030   0.0001363841  -0.0000513695  -0.0001158897   0.0007339149
        0.0001342200   0.0000986232  -0.0001350920   0.0000189386  -0.0001344384
        0.0000593592  -0.0000154993  -0.0000505496  -0.0001987458  -0.0000903209
       -0.0000959300   0.0000232253  -0.0000100934  -0.0000092074   0.0000037639
        0.0000247496  -0.0000019824  -0.0000076119  -0.0000256145  -0.0000034206
       -0.0000172396  -0.0000119914  -0.0000267300   0.0000311076  -0.0000086069
       -0.0000689443   0.0000000504  -0.0000036232  -0.0000095440   0.0000104527
        0.0000105846   0.0000032664  -0.0002771180   0.0003934129   0.0002895381
        0.0010237253  -0.0005665449  -0.0015870189  -0.0000300059  -0.0000091600
        0.0000009682  -0.0020764434  -0.0268848522  -0.0119309595  -0.0027460389
       -0.0085664507  -0.0026765823   0.0150250170   0.0831998399   0.0764925735
