$hessian                                                                        
        0.4889031082  -0.0241837063  -0.0097643528  -0.0719327768  -0.0284033923
        0.0222197901   0.0059655525   0.0119246445  -0.0072293126   0.0013910895
       -0.0013751019   0.0005309162  -0.0218476265   0.0092772715   0.0142554845
       -0.0771784430   0.0077680550   0.0406452397  -0.1273555441  -0.0265266802
       -0.0420111660  -0.0311618776   0.0025389373  -0.0043614063   0.0050781642
       -0.0061540323  -0.0209439839  -0.1062792165   0.0523159043  -0.0162056328
       -0.0027984420   0.0020347766   0.0015033482  -0.0134115951  -0.0191870908
        0.0071339727  -0.0006678824   0.0008179200   0.0008862213  -0.0032980063
       -0.0076138430   0.0076701498  -0.0115204198   0.0154831229   0.0097740483
       -0.0004900457  -0.0000565398  -0.0009460643  -0.0020480021   0.0035076548
       -0.0009213657  -0.0003776153   0.0003900676  -0.0004456148  -0.0000573122
        0.0001384003   0.0000689686   0.0000791673  -0.0001494111  -0.0001292500
       -0.0039611196   0.0028594670  -0.0015171728  -0.0061651969   0.0002737731
        0.0113477328   0.0010770272   0.0001355707  -0.0005099590  -0.0084409687
       -0.0059060824  -0.0036969153   0.0011293314  -0.0010919795  -0.0007797293
        0.0052189910  -0.0071265488   0.0017043276  -0.0196909023   0.0178424652
       -0.0070518820   0.0001329989   0.0000734559   0.0001774821  -0.0008584464
        0.0003243204  -0.0004086608  -0.0000870276   0.0009467215  -0.0017544332
       -0.0000226220  -0.0003061692   0.0006370644   0.0009529655  -0.0013383943
        0.0001022487  -0.0002351579   0.0004017233   0.0001381663   0.0002583125
        0.0000449737  -0.0000383332  -0.0003004613   0.0003197464  -0.0000799265
       -0.0241837063   0.4541323001  -0.0120511464  -0.0231272727  -0.1099167648
        0.0371197847  -0.0019900248  -0.0242358200   0.0115730924  -0.0019029537
        0.0023239096   0.0001250558   0.0201646642  -0.0076334606  -0.0150450830
        0.0100844814  -0.0649639906  -0.0125413285  -0.0272512816  -0.0721687554
       -0.0155693318   0.0114013048   0.0041190413   0.0036781753   0.0001017789
       -0.0056703130  -0.0189943557   0.0475323107  -0.1207755304   0.0164169215
        0.0020105111  -0.0015213733  -0.0014257513  -0.0127118790  -0.0112055272
       -0.0012104583   0.0000445751   0.0013245688   0.0016277872  -0.0001619737
        0.0026512976   0.0003728407   0.0135225513  -0.0118067295  -0.0101735401
        0.0004935848  -0.0005006076   0.0005411409   0.0024369842  -0.0033832360
        0.0008992606   0.0000071179   0.0001673682   0.0000332717  -0.0000452392
       -0.0002165539  -0.0001675992  -0.0002546714   0.0001246603   0.0002338791
        0.0041389360  -0.0024736704   0.0003910711  -0.0118438841   0.0022419910
        0.0193722629   0.0015762021   0.0005152893   0.0005322542  -0.0235207587
       -0.0112572660  -0.0122274736   0.0005304019   0.0007151073  -0.0009893911
        0.0136188412  -0.0255623030   0.0087505902  -0.0025171369   0.0048098532
       -0.0003897091   0.0000401319  -0.0000054665  -0.0000260686   0.0008876620
       -0.0003103143   0.0001769568   0.0001711655   0.0004687378  -0.0007148408
        0.0000209684  -0.0002356190   0.0000842050   0.0002821744   0.0002624952
       -0.0003021407   0.0001684670   0.0000079265  -0.0002560439   0.0000015659
       -0.0000368651   0.0001031414   0.0002744014   0.0000156203   0.0000525704
       -0.0097643528  -0.0120511464   0.4462188543   0.0160032429   0.0298574470
       -0.0810983783  -0.0010814972   0.0051390606  -0.0007229068   0.0003371752
        0.0001830159  -0.0001247466   0.0087309975  -0.0056535075  -0.0008616885
        0.0422960212  -0.0143484412  -0.1285101739  -0.0436609466  -0.0159763645
       -0.0907852025  -0.0013409587   0.0040239671   0.0036936540  -0.0010637922
       -0.0130702203  -0.0283244804  -0.0175173162   0.0180205394  -0.0595740953
        0.0010773664  -0.0010734929  -0.0004578504  -0.0010812304  -0.0072624132
        0.0074692287  -0.0014509455  -0.0007757269  -0.0005114204   0.0127537546
        0.0226626101  -0.0218437815   0.0254849207  -0.0267923174  -0.0091500822
       -0.0003489595  -0.0000182913  -0.0002333589  -0.0003722303  -0.0003732141
        0.0001152455  -0.0001629166  -0.0000403309  -0.0001348133  -0.0000102145
        0.0000049562  -0.0001202371  -0.0000170907   0.0001747127  -0.0001003976
       -0.0007244245  -0.0006300367  -0.0001344520   0.0100386848   0.0005723011
       -0.0158338138  -0.0230081894  -0.0067356698  -0.0163066119   0.0028890627
        0.0011621435   0.0022493345  -0.0005066132   0.0013433702   0.0011154694
       -0.0072500961   0.0114651735  -0.0031505705  -0.0108662371   0.0112766271
       -0.0027993696   0.0000308402   0.0000010216  -0.0001124773   0.0002216902
       -0.0003443331   0.0002675328  -0.0000635131   0.0004943779  -0.0011896884
       -0.0000140700  -0.0002332067   0.0002108635   0.0004777742  -0.0008313990
        0.0007689063   0.0001438330  -0.0000973533  -0.0001180934  -0.0000197214
       -0.0000667860   0.0000732079  -0.0001600475  -0.0000070731   0.0000163937
       -0.0719327768  -0.0231272727   0.0160032429   0.4608115176  -0.0105873174
       -0.0070606160  -0.1109526463   0.0533929327  -0.0109525570  -0.0134192474
        0.0114431894   0.0035006614   0.0015166684   0.0002858260  -0.0013343749
       -0.0054566450  -0.0079428136   0.0071823508  -0.0147985691  -0.0206409741
        0.0065383425   0.0001191402  -0.0003368707  -0.0003776924  -0.0001990401
       -0.0001545444  -0.0002370037   0.0063171394   0.0112284821  -0.0068260320
       -0.0002354848   0.0002134482  -0.0000491982  -0.1533483820  -0.0305639697
       -0.0304548923  -0.0065404745  -0.0096768063  -0.0095016021  -0.0476976256
        0.0152932170   0.0404123289   0.0004946686  -0.0001090000   0.0001281388
       -0.0263136496  -0.0040807761  -0.0057329457   0.0062971340  -0.0064461085
        0.0007641950  -0.0175237261   0.0164399589  -0.0051303679   0.0001595375
       -0.0001661136   0.0000212072  -0.0013305363   0.0008967435   0.0028301219
        0.0001880393   0.0001178796  -0.0000979679  -0.0005509613   0.0004817303
        0.0018326719   0.0008526483  -0.0002266257   0.0009219692  -0.0038642121
       -0.0018361748  -0.0012228098   0.0006278974   0.0000434555  -0.0007368497
       -0.0016180567   0.0036857002  -0.0010532579   0.0003904070   0.0003441441
       -0.0001516159   0.0000224987  -0.0000400234   0.0000175225  -0.0000216212
        0.0000766994  -0.0000128978   0.0014922723   0.0011248259  -0.0003526391
        0.0004391616   0.0003303101   0.0006728723  -0.0001364596   0.0000125398
       -0.0001375368   0.0004152701  -0.0009033848  -0.0007454804  -0.0003069543
        0.0001758008  -0.0003647478  -0.0038969315   0.0012518922   0.0017074600
       -0.0284033923  -0.1099167648   0.0298574470  -0.0105873174   0.4286541145
        0.0404063029   0.0549896682  -0.1210818954   0.0086865475   0.0075365314
       -0.0051361328  -0.0045419289  -0.0004326341  -0.0002802298   0.0005663719
       -0.0005607152   0.0039704469   0.0033379541  -0.0107521768  -0.0122371450
        0.0026910437   0.0003577272  -0.0003613840   0.0000213415  -0.0004325841
       -0.0003048449  -0.0001077228  -0.0041611038  -0.0229979562   0.0095019891
       -0.0001120821   0.0000618050  -0.0000340637  -0.0302916815  -0.0697977163
       -0.0125708163  -0.0203369155  -0.0124438002  -0.0103462213   0.0143957009
       -0.0607742705  -0.0647419561  -0.0007409810   0.0004702932   0.0009423837
        0.0079540978   0.0039092063   0.0005617860   0.0166968081  -0.0238659586
        0.0042958084   0.0001868609   0.0019660712  -0.0010359220   0.0001632448
        0.0000023327  -0.0002205242  -0.0002231311   0.0004671515  -0.0006424119
        0.0000133189  -0.0000831381  -0.0000007044   0.0009898609   0.0006078236
       -0.0017714626   0.0004603427   0.0001310808   0.0011232772  -0.0020908760
       -0.0005761509  -0.0004431509   0.0001936303   0.0004056068  -0.0004918361
        0.0022638625  -0.0033177686   0.0010986480  -0.0008205033   0.0008418093
       -0.0002827994   0.0000079820   0.0000301950   0.0000143191   0.0000107331
        0.0000604526  -0.0000428560  -0.0001452447   0.0019767208  -0.0077890492
       -0.0004197900  -0.0012631089   0.0028290419   0.0001295904   0.0000819846
        0.0001495623   0.0005570843   0.0005994969   0.0004605053   0.0009596511
       -0.0000166670  -0.0002883347   0.0026444334   0.0002183402  -0.0011925693
        0.0222197901   0.0371197847  -0.0810983783  -0.0070606160   0.0404063029
        0.4816619732  -0.0044860176   0.0027797881  -0.0669922551   0.0152723645
       -0.0153686423   0.0026847420  -0.0016741622   0.0004102548   0.0017207530
        0.0127082646   0.0180257528  -0.0162240328  -0.0041651850  -0.0078988463
        0.0036222520   0.0000676957  -0.0002588607  -0.0001934868   0.0001053371
        0.0005661574   0.0019331988  -0.0004857140   0.0056084230  -0.0011110470
       -0.0000266305   0.0001124667   0.0000392596  -0.0435536538  -0.0180912799
       -0.0809755803  -0.0183444868  -0.0095959363  -0.0086134217   0.0401189404
       -0.0648239693  -0.2307079051   0.0004177873  -0.0004959515  -0.0006336308
        0.0053485878   0.0018889910   0.0029209190  -0.0046628436   0.0061373032
       -0.0001212382  -0.0151370403   0.0153810301  -0.0040915987  -0.0000575795
       -0.0001424248   0.0001713767   0.0035815940  -0.0013254756  -0.0031686883
       -0.0003079869  -0.0001468644   0.0001362599   0.0026604243  -0.0006153642
       -0.0042019101  -0.0013174332  -0.0011853164   0.0006962575  -0.0025688475
       -0.0015278307  -0.0007885335  -0.0000708328  -0.0000993552  -0.0005522375
       -0.0001627672   0.0003073927   0.0003533843   0.0002068967  -0.0000928617
        0.0001321246  -0.0000103056  -0.0000045122  -0.0000085093  -0.0000905402
        0.0000172774  -0.0000050444  -0.0006088961  -0.0080682837   0.0054290130
       -0.0001479556   0.0025414598  -0.0019739292  -0.0001661220  -0.0002127975
        0.0000076528   0.0004516434  -0.0001927936   0.0003579919   0.0004335200
       -0.0001595662  -0.0003198414   0.0015127706  -0.0009954525  -0.0000858898
        0.0059655525  -0.0019900248  -0.0010814972  -0.1109526463   0.0549896682
       -0.0044860176   0.4866029714   0.0470602552   0.0174615293  -0.1047869497
        0.0100914741   0.0535770782  -0.0096961454  -0.0043349750   0.0123610622
       -0.0000644958   0.0005918242  -0.0007523852  -0.0001136432  -0.0000834355
        0.0001185098  -0.0006664266  -0.0008581039   0.0010930340   0.0001382131
        0.0004123145   0.0002823793  -0.0005726844  -0.0015781512   0.0012720342
        0.0001643284   0.0000615135   0.0001316307  -0.0244406432   0.0140387604
       -0.0053708686   0.0000606542   0.0014981674   0.0007166818  -0.0084196112
        0.0098976430   0.0004594692   0.0001470409  -0.0000987670  -0.0002925489
       -0.0028834989  -0.0006912864  -0.0019403857  -0.0936358841  -0.0946186338
        0.0224328685  -0.1262298777  -0.0340152013  -0.1077274545   0.0082544496
       -0.0025344680  -0.0101832982  -0.0175232403   0.0060740447   0.0202871284
       -0.0001166698  -0.0022899542   0.0012577295   0.0000377477  -0.0001131779
       -0.0000487669   0.0000279065  -0.0003408940  -0.0000363441   0.0000145902
       -0.0000110680   0.0000278126  -0.0002221612  -0.0003050631  -0.0000782972
        0.0002536029  -0.0005928526   0.0002218650  -0.0000336959  -0.0000605962
        0.0000581264   0.0000007610  -0.0000932197   0.0000216671   0.0000078336
        0.0000063316   0.0000376438   0.0001361281  -0.0001874693   0.0006370276
       -0.0002602665   0.0001428600  -0.0007867843  -0.0000196219  -0.0000164930
        0.0000366316   0.0000688109  -0.0002807546  -0.0000752628  -0.0000702571
        0.0000349910  -0.0001638927  -0.0011721718   0.0001947413   0.0005318946
        0.0119246445  -0.0242358200   0.0051390606   0.0533929327  -0.1210818954
        0.0027797881   0.0470602552   0.4938125027   0.0019354455   0.0086925386
       -0.0670230119  -0.0130318691  -0.0148673217   0.0010890241   0.0193725686
        0.0005809589   0.0018290597  -0.0015713628   0.0002862639  -0.0001866256
        0.0000548450  -0.0007423782   0.0000764857   0.0005327263   0.0001643992
        0.0000314268   0.0001346697  -0.0020552170  -0.0029990059   0.0023186817
        0.0001856769  -0.0001830101   0.0001423846   0.0004230777   0.0050599015
        0.0018520207  -0.0008189113  -0.0004017365  -0.0004114982   0.0104707530
       -0.0097593260  -0.0009318976  -0.0001447068   0.0005313264  -0.0001517297
       -0.0016380467  -0.0004333301   0.0001195847  -0.0951216183  -0.2105351294
        0.0416728093  -0.0339372757  -0.0552032751  -0.0387747999   0.0069385328
       -0.0018464382  -0.0107769156   0.0122490297  -0.0029382225  -0.0139870381
       -0.0025865089  -0.0042799456   0.0030003857   0.0000618137   0.0000797738
       -0.0001579425  -0.0001957718  -0.0003990007   0.0002633167   0.0001613470
        0.0000400531   0.0002425042  -0.0000174773  -0.0000260965   0.0001802074
        0.0007292418  -0.0011999179   0.0003473120  -0.0001044433  -0.0000248016
       -0.0000164776  -0.0000403805  -0.0000667418   0.0000988664  -0.0000536123
        0.0000013821   0.0000011565  -0.0000919346   0.0001446756  -0.0002117261
       -0.0003687594   0.0000502189  -0.0003918129   0.0000274558   0.0000041035
        0.0000247450  -0.0000395955  -0.0000105884  -0.0000110155  -0.0001432292
        0.0000166646   0.0001897452  -0.0003817330   0.0000673209   0.0000232618
       -0.0072293126   0.0115730924  -0.0007229068  -0.0109525570   0.0086865475
       -0.0669922551   0.0174615293   0.0019354455   0.4821759514   0.0579115994
       -0.0165715022  -0.1514121336   0.0109604476   0.0051728008  -0.0121043879
       -0.0004917493  -0.0013058218   0.0005529617  -0.0000697923   0.0002927863
       -0.0003767138  -0.0002952101  -0.0002776894   0.0007629423   0.0001734794
        0.0001851049   0.0001032051   0.0011914144   0.0021021099  -0.0010625044
       -0.0000360290   0.0000081093  -0.0001922366  -0.0091055066   0.0085052305
       -0.0004461707  -0.0001022983   0.0002831775  -0.0004502520   0.0167547078
       -0.0200426258  -0.0008751654  -0.0000023373  -0.0002815090   0.0001985069
       -0.0011567527  -0.0004099058   0.0002553353   0.0228940851   0.0423943102
       -0.0529393684  -0.1081101873  -0.0390095212  -0.1759271324   0.0122044134
       -0.0048803170  -0.0224719651  -0.0008432508  -0.0003809296   0.0021035471
        0.0005898131   0.0018314931  -0.0001675044  -0.0000560888  -0.0001086938
        0.0003292212   0.0000966767  -0.0005569847   0.0000622287  -0.0001293012
        0.0001753229  -0.0001124673  -0.0003367479  -0.0001688679  -0.0002952354
       -0.0003106545   0.0006841761  -0.0001447515   0.0000248132  -0.0000609281
        0.0000398168  -0.0000233064   0.0000464988  -0.0001509492  -0.0000296095
       -0.0000419843   0.0000588497   0.0001019180  -0.0000746831   0.0004132990
       -0.0005967909  -0.0000801048  -0.0004856211   0.0000020882   0.0001447977
       -0.0000037723  -0.0000496861   0.0000951909  -0.0000512615  -0.0002602425
       -0.0000232385   0.0000542325  -0.0001795746   0.0001591126   0.0002746577
        0.0013910895  -0.0019029537   0.0003371752  -0.0134192474   0.0075365314
        0.0152723645  -0.1047869497   0.0086925386   0.0579115994   0.4937395961
       -0.0200020635   0.0439384963  -0.0747506684  -0.0329399478   0.0174123426
        0.0063400345   0.0182631486  -0.0070991224  -0.0005840952  -0.0002526129
        0.0001410544  -0.0075327908  -0.0163052176  -0.0015367030   0.0009478471
        0.0002682551  -0.0005069458  -0.0001446041  -0.0002170058   0.0001534366
        0.0009247246  -0.0008575329  -0.0005097208  -0.0005653493   0.0001992440
       -0.0000924189   0.0004002544  -0.0006690827  -0.0004731319  -0.0019098521
        0.0023813105   0.0001063763  -0.0000034724   0.0000432138  -0.0000401604
       -0.0002267036  -0.0000225753  -0.0001151273  -0.0094881853  -0.0001073896
        0.0147979034   0.0075576496  -0.0005551038  -0.0118679331  -0.0998039248
       -0.0516208967  -0.0849743386  -0.1848024520   0.1005644534  -0.0501624638
       -0.0076076565  -0.0175358648   0.0093032690  -0.0030456891   0.0041230896
       -0.0017358250   0.0000197512   0.0000494059   0.0000457604   0.0001103812
       -0.0000688915  -0.0000469382  -0.0002530869   0.0001755342   0.0002129030
        0.0000434196  -0.0000975616  -0.0000580996   0.0000270383   0.0000166624
        0.0000084132   0.0001086169   0.0010348495  -0.0010364377  -0.0001442793
       -0.0005092582   0.0003685488  -0.0002593596   0.0002071778   0.0001758188
       -0.0021274345   0.0001155572   0.0000569258  -0.0000239577  -0.0000164349
       -0.0000030789  -0.0000385853  -0.0000344082   0.0000108039   0.0000198060
        0.0000271417  -0.0000042997  -0.0001118650   0.0000166877   0.0000095533
       -0.0013751019   0.0023239096   0.0001830159   0.0114431894  -0.0051361328
       -0.0153686423   0.0100914741  -0.0670230119  -0.0165715022  -0.0200020635
        0.4770818496   0.0187787922  -0.0351293051  -0.1532529599   0.0416708958
        0.0027877978  -0.0233900422   0.0106214352  -0.0002652961   0.0006361450
       -0.0005797118  -0.0132192191  -0.0228796249  -0.0050209536  -0.0011822114
       -0.0000819112  -0.0013314734   0.0002721784  -0.0001655345  -0.0000925438
        0.0022666724  -0.0006845725   0.0009540660   0.0002280768   0.0000562360
       -0.0001194595   0.0006042189  -0.0000940408  -0.0002782840   0.0033913365
       -0.0030700848  -0.0005804084  -0.0000646576   0.0001423540   0.0001292965
        0.0003324941  -0.0000020013   0.0001491885  -0.0144678730   0.0016440391
        0.0210519870   0.0042042083  -0.0007772934  -0.0093479020  -0.0515360345
       -0.0913944338  -0.0790528328   0.1012776451  -0.1129321663   0.0329278454
       -0.0007633301  -0.0000832449   0.0014392126   0.0024234027  -0.0020125486
        0.0007590879   0.0000806762  -0.0000967938  -0.0001101661   0.0000331233
        0.0001281559   0.0000526896  -0.0005119586   0.0001795512   0.0003715001
        0.0000298333   0.0001258332  -0.0000654331  -0.0000467994   0.0000245449
       -0.0000147433   0.0001967588   0.0011438323  -0.0010335784   0.0000362801
       -0.0003911573   0.0004285418   0.0000548746  -0.0000053575  -0.0000631092
       -0.0011979871   0.0000106494   0.0001510306   0.0000086472  -0.0000479033
       -0.0000209780  -0.0000244260   0.0000530387  -0.0000136078  -0.0000111147
       -0.0000465424   0.0000111474   0.0000344903   0.0000172192  -0.0000144027
        0.0005309162   0.0001250558  -0.0001247466   0.0035006614  -0.0045419289
        0.0026847420   0.0535770782  -0.0130318691  -0.1514121336   0.0439384963
        0.0187787922   0.4940908212   0.0131756336   0.0309773730  -0.0758895846
       -0.0005665045   0.0133956237  -0.0045091218  -0.0000159221   0.0005341728
       -0.0013921236  -0.0067095469  -0.0173121104   0.0080021592   0.0005333496
        0.0002733856   0.0001544025   0.0001264332  -0.0000246481  -0.0001181896
       -0.0006373377  -0.0010146899  -0.0012600814   0.0001336834  -0.0001032221
       -0.0001383781   0.0003129943  -0.0000022826  -0.0003241461  -0.0002152670
        0.0006829927   0.0010432633  -0.0000801371   0.0000614733   0.0001514079
        0.0000502021  -0.0000729388  -0.0001334786   0.0071400213   0.0003212920
       -0.0090048237   0.0132671487  -0.0050737301  -0.0276613590  -0.0849150240
       -0.0797931060  -0.1652757719  -0.0497995547   0.0326751380  -0.0586362461
        0.0100901512   0.0202673716  -0.0096568357  -0.0018797385   0.0018056397
        0.0001571637   0.0002012570  -0.0001182699  -0.0003207375  -0.0001124689
        0.0001087823   0.0000932641  -0.0001779907   0.0003590716   0.0000685911
       -0.0000636330   0.0000107269   0.0000515687   0.0000138671   0.0000038536
        0.0000212588   0.0001197459   0.0013849174  -0.0013576071  -0.0002147826
       -0.0006305733   0.0005137513   0.0000996341   0.0000299923  -0.0000454283
       -0.0013531802  -0.0000227113   0.0002162883  -0.0000045417  -0.0000170540
       -0.0000409654   0.0000264257   0.0000055487   0.0000015802  -0.0000294247
       -0.0000225754   0.0000650496  -0.0000626450  -0.0000194934  -0.0000135531
       -0.0218476265   0.0201646642   0.0087309975   0.0015166684  -0.0004326341
       -0.0016741622  -0.0096961454  -0.0148673217   0.0109604476  -0.0747506684
       -0.0351293051   0.0131756336   0.4809455968  -0.0198129623  -0.0657349051
       -0.1154506910   0.0487717598  -0.0126040695   0.0021811304   0.0104982967
        0.0077812680  -0.0778344749  -0.0259179771  -0.0351261352  -0.0229986552
        0.0048977980  -0.0167254860  -0.0010483194   0.0000672861   0.0029517793
       -0.0157204947  -0.0158242448  -0.0236361425  -0.0004531602  -0.0000898421
       -0.0000799372   0.0000348003   0.0000804385   0.0000777596   0.0002041957
       -0.0000452645  -0.0000876055  -0.0011319433   0.0012346676   0.0007240816
        0.0000601262   0.0000168233   0.0000299231  -0.0020588550  -0.0001758885
        0.0037393600   0.0002732000   0.0001360379  -0.0004184054  -0.0059392784
       -0.0164375541   0.0041316555   0.0062160916   0.0196769357  -0.0075777596
       -0.1415942269   0.0232376982   0.1121118682   0.0039238476  -0.0023639963
        0.0006405256  -0.0014487011   0.0011274051   0.0009079953  -0.0013540443
        0.0016258382   0.0010728736  -0.0000257812  -0.0000128541  -0.0001649880
        0.0001272625  -0.0000450390   0.0000154810  -0.0000070014  -0.0000356039
       -0.0001084641  -0.0033624571   0.0014659756  -0.0031166785   0.0009804869
       -0.0017202881   0.0000800973   0.0000417454   0.0000486304   0.0000292350
        0.0001544085  -0.0001667258  -0.0000837405   0.0000179358   0.0000030667
       -0.0000356274  -0.0000064942   0.0000449992  -0.0000000992   0.0000027802
       -0.0000228478   0.0000135483   0.0000487425   0.0000020281  -0.0000003239
        0.0092772715  -0.0076334606  -0.0056535075   0.0002858260  -0.0002802298
        0.0004102548  -0.0043349750   0.0010890241   0.0051728008  -0.0329399478
       -0.1532529599   0.0309773730  -0.0198129623   0.4571527348   0.0424583138
        0.0477432909  -0.0985590904   0.0180740260   0.0033276761  -0.0105549570
       -0.0172964073  -0.0209850800  -0.0976834905  -0.0547637533  -0.0098909056
        0.0095350828  -0.0039367528   0.0006282963  -0.0001220997  -0.0016239218
       -0.0076144182  -0.0004135974  -0.0043036053   0.0001302494  -0.0000814703
       -0.0000814064  -0.0000017724  -0.0000025606   0.0000008645  -0.0001266189
        0.0000472139   0.0000425794   0.0006633715  -0.0003424316  -0.0003355127
        0.0000024818  -0.0000005852   0.0000620233   0.0006656420   0.0009509181
       -0.0005034373   0.0002215090   0.0003324360  -0.0004723093  -0.0089898385
       -0.0195805645   0.0036143757  -0.0045151342  -0.0211961978   0.0085262537
        0.0231014860  -0.0428041725  -0.0257230452   0.0192198149  -0.0203565656
        0.0077743318   0.0011792169  -0.0016770662  -0.0006744913   0.0008639504
       -0.0008384565  -0.0002308479  -0.0005500220   0.0008635284   0.0000265621
       -0.0000368248   0.0003276290  -0.0000866875  -0.0001129151   0.0000144520
        0.0000035867   0.0029602070   0.0077683260  -0.0046296423  -0.0003714575
       -0.0026988411   0.0030984449  -0.0000778886   0.0000350378   0.0000120780
        0.0001840399  -0.0000260207   0.0000187752  -0.0000006475  -0.0000350452
        0.0000418359  -0.0000538503   0.0000082725   0.0000061479  -0.0000084120
       -0.0000028804   0.0000043657  -0.0000306588   0.0000180884  -0.0000096652
        0.0142554845  -0.0150450830  -0.0008616885  -0.0013343749   0.0005663719
        0.0017207530   0.0123610622   0.0193725686  -0.0121043879   0.0174123426
        0.0416708958  -0.0758895846  -0.0657349051   0.0424583138   0.5057450475
       -0.0113223713   0.0171768317  -0.0642150644   0.0042596226  -0.0169116440
       -0.0135008063  -0.0346502941  -0.0610539064  -0.1415925773  -0.0270390324
        0.0057030341  -0.0135217088   0.0005925456  -0.0007061897  -0.0031610490
       -0.0110546148  -0.0070880053  -0.0119267431   0.0000952570  -0.0001245976
       -0.0001700014  -0.0000820658  -0.0001117255   0.0002348804  -0.0001810708
        0.0000944534   0.0000359286   0.0014370044  -0.0013855350  -0.0008688362
       -0.0000641305   0.0000932108   0.0000390231   0.0027531892   0.0000226081
       -0.0039118736  -0.0002135761   0.0002135016   0.0004694945  -0.0069143068
       -0.0174987296   0.0065115598   0.0020297100   0.0098137820  -0.0033172063
        0.1113312056  -0.0244580299  -0.1685665496  -0.0100977704   0.0121355209
       -0.0029267028   0.0012353248  -0.0016050554  -0.0009625085   0.0007081237
       -0.0009001136  -0.0014954224   0.0008585080   0.0004099695  -0.0000327581
        0.0000026806  -0.0000726501  -0.0000849019  -0.0000313731  -0.0000065288
       -0.0000857948  -0.0026187348  -0.0053756405   0.0055362337   0.0019558860
        0.0025615465  -0.0012467617  -0.0000966234   0.0000220460  -0.0000126165
        0.0001887370   0.0000936633   0.0000566872   0.0000388026  -0.0000273573
        0.0000775153  -0.0000508024  -0.0000272382   0.0000110315  -0.0000244988
       -0.0000062409   0.0000276899  -0.0000049410  -0.0000040472  -0.0000103010
       -0.0771784430   0.0100844814   0.0422960212  -0.0054566450  -0.0005607152
        0.0127082646  -0.0000644958   0.0005809589  -0.0004917493   0.0063400345
        0.0027877978  -0.0005665045  -0.1154506910   0.0477432909  -0.0113223713
        0.4357553477   0.0480713039   0.0195166050   0.0009998093  -0.0039362230
       -0.0161779802  -0.0182723487  -0.0003600660  -0.0198732926  -0.1138144141
       -0.0510530245  -0.0594378544  -0.0084255768   0.0089996344   0.0172889658
        0.0000359307   0.0000187267  -0.0010268532   0.0003088011   0.0008919832
        0.0006027617   0.0002064737   0.0001852297  -0.0015567761  -0.0006023008
       -0.0017096267   0.0012452782  -0.0041684024   0.0039784353   0.0017157413
        0.0000481420  -0.0000447257  -0.0002011414  -0.0000989765  -0.0000784408
        0.0002233866  -0.0000691304  -0.0000857735  -0.0001278137   0.0001922035
       -0.0006437073  -0.0005503454   0.0001906977  -0.0028256422   0.0008700846
       -0.0160871092   0.0101848916  -0.0050773919  -0.0631886651  -0.0573455920
        0.0345374132  -0.0029574051  -0.0006697381  -0.0024491807  -0.0002466379
       -0.0000945670  -0.0006157896  -0.0182294224  -0.0126217553  -0.0125492322
        0.0004987961  -0.0007445295   0.0003175552  -0.0003553622  -0.0000882334
        0.0006130435  -0.0001154723  -0.0001144945   0.0000700892   0.0000987628
       -0.0002033902   0.0000243773   0.0000078643  -0.0001537125   0.0002600584
        0.0002209690  -0.0001978002   0.0000316132  -0.0001028674  -0.0001334031
       -0.0003959307   0.0000793343   0.0001143482   0.0001944268   0.0000324802
        0.0001070541  -0.0000932980  -0.0001312809  -0.0000829756  -0.0000021805
        0.0077680550  -0.0649639906  -0.0143484412  -0.0079428136   0.0039704469
        0.0180257528   0.0005918242   0.0018290597  -0.0013058218   0.0182631486
       -0.0233900422   0.0133956237   0.0487717598  -0.0985590904   0.0171768317
        0.0480713039   0.4877876446  -0.0349966174  -0.0025970476  -0.0031589599
       -0.0140465393  -0.0066564425   0.0068439872  -0.0037684652  -0.0455280352
       -0.0832854266  -0.0249364044   0.0087644003  -0.0084238079  -0.0163520322
       -0.0005087574  -0.0015178873  -0.0020382281   0.0010404294   0.0013904129
        0.0006474975   0.0000784143   0.0000122616  -0.0008022640  -0.0019838524
       -0.0034296837   0.0035821646   0.0043008476  -0.0040583638  -0.0018665041
       -0.0000300455  -0.0001346827  -0.0002484369   0.0000046200   0.0000182676
       -0.0001464903  -0.0000511862  -0.0001243104   0.0000074990   0.0005927945
        0.0004526600  -0.0002779506  -0.0014303484  -0.0053774048   0.0025281916
        0.0057522701  -0.0027074956   0.0011395677  -0.0575451555  -0.1848485700
        0.0807737822  -0.0007248462  -0.0007363738  -0.0009816408  -0.0001890720
       -0.0002552879  -0.0005821902  -0.0189010637  -0.0162610105  -0.0185271108
        0.0010366937  -0.0003653183  -0.0014914516  -0.0002672445   0.0004646056
       -0.0004649121  -0.0009321422  -0.0007248285  -0.0001209552   0.0001227854
        0.0001466805  -0.0001494782   0.0001487855  -0.0001448524   0.0001131287
       -0.0001207285  -0.0004816527   0.0000306580   0.0000800186   0.0000661151
        0.0000894613   0.0000298005  -0.0000864450  -0.0000084898   0.0000315896
        0.0000320784  -0.0000054494  -0.0000407598   0.0000212649  -0.0000442858
        0.0406452397  -0.0125413285  -0.1285101739   0.0071823508   0.0033379541
       -0.0162240328  -0.0007523852  -0.0015713628   0.0005529617  -0.0070991224
        0.0106214352  -0.0045091218  -0.0126040695   0.0180740260  -0.0642150644
        0.0195166050  -0.0349966174   0.4779232977  -0.0071794407  -0.0073765007
       -0.0245152105  -0.0175523482   0.0045038699  -0.0147398118  -0.0808331506
       -0.0430390087  -0.1533732490   0.0065476268  -0.0064694968  -0.0033277806
       -0.0008860078  -0.0013590111  -0.0023240999   0.0003673076   0.0000465368
        0.0007646486  -0.0000132442   0.0005727728  -0.0017883222   0.0010921857
        0.0015325484  -0.0009915875  -0.0022827732   0.0027240506   0.0029187065
        0.0001109174  -0.0004186238  -0.0002330209   0.0001003312  -0.0003344652
        0.0003211798  -0.0001238441   0.0000666459  -0.0002124747  -0.0004083661
       -0.0012880073   0.0000674540   0.0000035710   0.0017132556  -0.0005497640
        0.0179186119  -0.0107295258   0.0057082370   0.0343277072   0.0798846805
       -0.0851587267  -0.0013751383  -0.0011428322  -0.0016008220   0.0002548120
        0.0005199349   0.0001107112   0.0048603006  -0.0027093038   0.0127740586
       -0.0006991719   0.0014583100   0.0007637620  -0.0008504857   0.0003770034
        0.0002301391  -0.0007281600  -0.0006417016   0.0003856131   0.0003370298
       -0.0000153529  -0.0002323004  -0.0001158659  -0.0001918856   0.0001056487
        0.0001947918  -0.0000701447   0.0001535274   0.0000001460  -0.0005431149
       -0.0003211783   0.0001959338  -0.0000296326  -0.0000052445   0.0000135903
        0.0000695792   0.0000597739  -0.0001654849  -0.0000346868  -0.0000077336
       -0.1273555441  -0.0272512816  -0.0436609466  -0.0147985691  -0.0107521768
       -0.0041651850  -0.0001136432   0.0002862639  -0.0000697923  -0.0005840952
       -0.0002652961  -0.0000159221   0.0021811304   0.0033276761   0.0042596226
        0.0009998093  -0.0025970476  -0.0071794407   0.4147878705   0.0101647868
       -0.0093649712  -0.1325729542   0.0565363525   0.0386841693   0.0004408350
        0.0014097405   0.0013323083  -0.0224700954  -0.0002279497  -0.0113520033
       -0.0295157134   0.0179967040   0.0096302131   0.0001402591  -0.0019557570
        0.0010762987  -0.0004828277  -0.0002345320  -0.0002789755   0.0003757060
        0.0002272104  -0.0014564156   0.0002246771  -0.0013448403  -0.0023783851
       -0.0000638419  -0.0000092617   0.0000191022  -0.0000460184   0.0000594306
       -0.0000600945   0.0000491847  -0.0000643454  -0.0001047277  -0.0000255440
       -0.0000508986   0.0000171628   0.0000729769  -0.0000364634  -0.0000310710
       -0.0005767323   0.0007181465  -0.0004654905   0.0002024003   0.0001320590
        0.0004948932  -0.0420465306  -0.0039011977   0.0195415210  -0.0463820848
       -0.0447566829   0.0074098792  -0.0001094596  -0.0001890033   0.0000895043
        0.0007100156  -0.0012492539   0.0005153954  -0.0026144656   0.0027660582
       -0.0006386238   0.0012172035  -0.0002978579   0.0019552190  -0.0028687361
        0.0022031986  -0.0031605079  -0.0000362643   0.0000630551  -0.0003166049
       -0.0000429101  -0.0000594693   0.0000731094   0.0012467115  -0.0006046764
       -0.0003231262   0.0000698905  -0.0000159871  -0.0000766688  -0.0000051591
       -0.0000462482   0.0000007497  -0.0000074816   0.0000195446  -0.0000001950
       -0.0265266802  -0.0721687554  -0.0159763645  -0.0206409741  -0.0122371450
       -0.0078988463  -0.0000834355  -0.0001866256   0.0002927863  -0.0002526129
        0.0006361450   0.0005341728   0.0104982967  -0.0105549570  -0.0169116440
       -0.0039362230  -0.0031589599  -0.0073765007   0.0101647868   0.4922127571
       -0.0021993960   0.0526240036  -0.1047002013  -0.0316369307   0.0007281274
        0.0001072587  -0.0014658589   0.0144488187   0.0035148212   0.0103642031
        0.0084868536  -0.0026821664   0.0008484527  -0.0009579252  -0.0031747284
        0.0021343379  -0.0005545978  -0.0001690003  -0.0003284146   0.0001506503
        0.0005322249  -0.0008982119   0.0006723566   0.0004648627   0.0005120947
       -0.0002873895   0.0000479880  -0.0002507051  -0.0002385868  -0.0000009028
       -0.0002797733  -0.0006640618  -0.0012790576   0.0000038605  -0.0000452071
        0.0001064704  -0.0000345009   0.0000582483   0.0000710186  -0.0001445207
       -0.0010044524  -0.0015909109  -0.0022816791  -0.0000050161   0.0004572924
        0.0004770948  -0.0039922587  -0.0416537805   0.0304746819  -0.0419038516
       -0.2482200188   0.0434752805  -0.0000209745  -0.0002484683   0.0000280437
        0.0015789228   0.0008904380   0.0005107921   0.0033136526  -0.0026242730
        0.0007748887  -0.0014605355  -0.0024492794   0.0025765735   0.0010331489
        0.0073206631  -0.0050051175  -0.0000554441   0.0001517366  -0.0004839241
       -0.0000602265  -0.0000742540   0.0001785094  -0.0008839037   0.0006090438
       -0.0000810456  -0.0000901168  -0.0000277683   0.0000673607   0.0000008809
        0.0000347455  -0.0000345392  -0.0000942736   0.0000437865   0.0000348396
       -0.0420111660  -0.0155693318  -0.0907852025   0.0065383425   0.0026910437
        0.0036222520   0.0001185098   0.0000548450  -0.0003767138   0.0001410544
       -0.0005797118  -0.0013921236   0.0077812680  -0.0172964073  -0.0135008063
       -0.0161779802  -0.0140465393  -0.0245152105  -0.0093649712  -0.0021993960
        0.5297814278   0.0343114711  -0.0288807649  -0.0818006122   0.0004608320
       -0.0026061844  -0.0073448950  -0.0050506067   0.0002598678  -0.0026302873
       -0.0016051735   0.0039451075   0.0037563090   0.0004277292   0.0017126136
       -0.0008961307   0.0004325319   0.0000134819   0.0000710153   0.0015593488
        0.0011187039   0.0012006301   0.0009945955   0.0001729251   0.0008163832
        0.0000448560   0.0000496284   0.0001021668   0.0000906950   0.0001150005
        0.0001468812   0.0000936261   0.0006610021   0.0003890109  -0.0002107570
       -0.0002510334   0.0001622479  -0.0000738987  -0.0000346627   0.0000489705
       -0.0011976254  -0.0025174998  -0.0026996529  -0.0011331997  -0.0009292410
        0.0000182816   0.0212627315   0.0298291094  -0.2687257035   0.0072711101
        0.0461374004  -0.0496303139   0.0003288548   0.0000724946  -0.0001999177
       -0.0002216177  -0.0005031294   0.0000729478  -0.0006696621   0.0003178601
        0.0004372911   0.0004416317   0.0029077769  -0.0012740340  -0.0038319499
       -0.0046950895   0.0048357483   0.0000726430   0.0000191374   0.0002916852
       -0.0000045222   0.0000709872  -0.0000505511  -0.0008678127  -0.0000299821
        0.0000038537  -0.0000395061   0.0000027937   0.0000232583  -0.0000261162
        0.0000087723   0.0000201599   0.0001147341  -0.0000215781   0.0000216347
       -0.0311618776   0.0114013048  -0.0013409587   0.0001191402   0.0003577272
        0.0000676957  -0.0006664266  -0.0007423782  -0.0002952101  -0.0075327908
       -0.0132192191  -0.0067095469  -0.0778344749  -0.0209850800  -0.0346502941
       -0.0182723487  -0.0066564425  -0.0175523482  -0.1325729542   0.0526240036
        0.0343114711   0.8207743389  -0.0534330186   0.1788834926  -0.0047173363
        0.0022878697  -0.0022344573  -0.0039021836  -0.0012326993  -0.0017715868
       -0.5071728372   0.0125579311  -0.1561136149  -0.0005765782  -0.0001352705
       -0.0002589909   0.0001183199   0.0000329397   0.0000009200  -0.0003076421
       -0.0000305680   0.0001513730   0.0005488610  -0.0003833165  -0.0002569167
        0.0001299153   0.0000813494   0.0001075965  -0.0000089721  -0.0000128836
       -0.0001250717   0.0002872636  -0.0008737442   0.0005105992  -0.0008704896
       -0.0024686628  -0.0001596142   0.0003975404   0.0014692538   0.0000455136
        0.0065356532   0.0077338937   0.0137582988   0.0003219813  -0.0004730669
       -0.0003753692  -0.0044557560   0.0052598804   0.0055937929   0.0005945439
        0.0043943146   0.0008634359  -0.0002862612  -0.0001186333  -0.0002071659
        0.0000261573  -0.0000986527  -0.0000976532  -0.0007491077   0.0008133960
       -0.0003498903  -0.0120641376  -0.0025927869  -0.0069110653  -0.0266807579
        0.0040394691  -0.0052220899   0.0001086397   0.0000706735   0.0000920077
        0.0000181967  -0.0000292542  -0.0000113080  -0.0001860978   0.0002982994
        0.0002457726  -0.0000666053   0.0000320080  -0.0000184971  -0.0000142531
        0.0000171670  -0.0000154158   0.0001193370   0.0000141962   0.0000450953
        0.0025389373   0.0041190413   0.0040239671  -0.0003368707  -0.0003613840
       -0.0002588607  -0.0008581039   0.0000764857  -0.0002776894  -0.0163052176
       -0.0228796249  -0.0173121104  -0.0259179771  -0.0976834905  -0.0610539064
       -0.0003600660   0.0068439872   0.0045038699   0.0565363525  -0.1047002013
       -0.0288807649  -0.0534330186   0.3013066626   0.1368289920   0.0046105373
       -0.0005291073   0.0019159052   0.0001179974  -0.0002073181  -0.0010557243
        0.0129525156  -0.0516252791  -0.0192020932  -0.0000014056  -0.0001504080
        0.0001381916  -0.0000545785  -0.0000626926  -0.0001304766   0.0001914086
        0.0000285380  -0.0001431435   0.0000526843  -0.0000878762  -0.0000396008
        0.0000334029  -0.0000605912  -0.0000652100   0.0001386774  -0.0001125963
       -0.0003930856  -0.0006537371  -0.0002979856   0.0007973509  -0.0022353218
       -0.0049540748   0.0011916371   0.0002515287   0.0003516541  -0.0005203718
       -0.0010001214  -0.0038787913  -0.0059969036   0.0008205629  -0.0000947312
        0.0008661931  -0.0008025605   0.0008047291  -0.0021137933   0.0233525073
       -0.0218634819  -0.0111374646  -0.0003935417  -0.0001847477   0.0001175152
        0.0000537659  -0.0000473766   0.0000236121  -0.0002566761   0.0002261036
        0.0000306396  -0.0179511707  -0.0016939427  -0.0070956724   0.0187777017
       -0.0020302563   0.0052437205  -0.0000122832   0.0000151569  -0.0000136340
        0.0000092060  -0.0000685665  -0.0000061919   0.0000787117  -0.0002011945
        0.0000161123   0.0000529947  -0.0000084639   0.0000115794   0.0000170321
        0.0000181813   0.0000017723  -0.0000138736  -0.0000063572  -0.0000143608
       -0.0043614063   0.0036781753   0.0036936540  -0.0003776924   0.0000213415
       -0.0001934868   0.0010930340   0.0005327263   0.0007629423  -0.0015367030
       -0.0050209536   0.0080021592  -0.0351261352  -0.0547637533  -0.1415925773
       -0.0198732926  -0.0037684652  -0.0147398118   0.0386841693  -0.0316369307
       -0.0818006122   0.1788834926   0.1368289920   0.3782980208  -0.0018578748
        0.0015423349  -0.0012900794  -0.0017685472  -0.0006947420  -0.0017194042
       -0.1549223826  -0.0192593258  -0.1105754869  -0.0000728374  -0.0000199983
        0.0000771900   0.0000759361  -0.0000926704  -0.0001361258   0.0001919755
       -0.0000511454  -0.0001516791   0.0003441258  -0.0003912875  -0.0004812662
       -0.0000034397  -0.0000893942  -0.0000482424   0.0000994859   0.0000411892
       -0.0003810294   0.0003396094   0.0009684895  -0.0005453227   0.0009156272
        0.0027663974  -0.0003406148   0.0003381348   0.0005209474   0.0002817814
       -0.0071334548  -0.0134731499  -0.0182171687  -0.0002942454  -0.0005197640
       -0.0001902105   0.0221689862  -0.0168119965  -0.0128273018  -0.0027608407
        0.0007869072   0.0026735318  -0.0003490493   0.0000052615   0.0000165973
        0.0000026860  -0.0000345739   0.0000503104  -0.0006962480   0.0004253694
       -0.0001000353  -0.0248496269  -0.0017114106  -0.0117534867   0.0127207280
        0.0001749872   0.0032838245   0.0000298989   0.0000214934   0.0000073332
       -0.0001347487  -0.0000388326  -0.0000072330   0.0002188731   0.0000212323
       -0.0000438910   0.0000099822  -0.0000006392  -0.0000132450   0.0000140697
        0.0000183132   0.0000025084  -0.0000122898   0.0000248752  -0.0000015423
        0.0050781642   0.0001017789  -0.0010637922  -0.0001990401  -0.0004325841
        0.0001053371   0.0001382131   0.0001643992   0.0001734794   0.0009478471
       -0.0011822114   0.0005333496  -0.0229986552  -0.0098909056  -0.0270390324
       -0.1138144141  -0.0455280352  -0.0808331506   0.0004408350   0.0007281274
        0.0004608320  -0.0047173363   0.0046105373  -0.0018578748   0.2877668510
        0.2297762363   0.0147764151  -0.0010833543   0.0008439618   0.0000766654
       -0.0004140183  -0.0011258905  -0.0015843866  -0.0007996354  -0.0023047567
       -0.0001430577  -0.0025007042  -0.0014142302   0.0056588005  -0.0001154134
        0.0000714569  -0.0003161092   0.0007246410  -0.0005740741  -0.0002550064
       -0.0001584595   0.0001389413   0.0002885374  -0.0000198655   0.0001272896
       -0.0001616912   0.0000171825  -0.0000714192   0.0000209398  -0.0000431452
       -0.0001838125   0.0003244890  -0.0002058562  -0.0002452794   0.0000867076
        0.0002941389  -0.0000445160   0.0004123799  -0.0172280884  -0.0179278460
       -0.0119870160  -0.0001004425   0.0000133542  -0.0001746905  -0.0001313734
        0.0000262292   0.0001685134  -0.1307194764  -0.1545875138   0.1025218393
       -0.0002579890  -0.0003027570   0.0000183737   0.0009670086  -0.0001909938
       -0.0000689500  -0.0007822617  -0.0007239551   0.0000068361   0.0001662805
        0.0001156892  -0.0001302187   0.0002432164  -0.0000420818   0.0001497217
       -0.0006388718  -0.0000525963  -0.0001434115   0.0000974117   0.0002033321
        0.0001734003  -0.0000322685  -0.0000475457  -0.0002299267  -0.0001169698
       -0.0001227510   0.0000914456   0.0001958493   0.0000744222  -0.0000597484
       -0.0061540323  -0.0056703130  -0.0130702203  -0.0001545444  -0.0003048449
        0.0005661574   0.0004123145   0.0000314268   0.0001851049   0.0002682551
       -0.0000819112   0.0002733856   0.0048977980   0.0095350828   0.0057030341
       -0.0510530245  -0.0832854266  -0.0430390087   0.0014097405   0.0001072587
       -0.0026061844   0.0022878697  -0.0005291073   0.0015423349   0.2297762363
        0.2894775719  -0.0744145713  -0.0006927063   0.0008289684  -0.0003946616
        0.0002197870   0.0002838479   0.0003448362  -0.0006790851  -0.0024017847
       -0.0010002462  -0.0021602754  -0.0013300028   0.0048085766  -0.0000765507
        0.0000089445  -0.0001635632   0.0003913324  -0.0002536034  -0.0006472391
       -0.0003462863   0.0005497879   0.0003383081  -0.0000546295   0.0001533791
       -0.0001528067  -0.0000032479   0.0000448382   0.0001325313   0.0008389748
        0.0005472684   0.0005583796   0.0000531142   0.0005548554  -0.0000634182
       -0.0012310484   0.0001208545   0.0001812742  -0.0251436823  -0.0192541927
       -0.0192100741  -0.0007634512  -0.0000855921  -0.0006651960   0.0000622102
        0.0002388617   0.0001579500  -0.1501206537  -0.1901834190   0.1394242540
       -0.0001885203   0.0002065967   0.0001303149  -0.0003482073   0.0001650196
        0.0003627347   0.0001341047   0.0000549342   0.0000947857  -0.0001644144
        0.0000464159   0.0000347485  -0.0002234207  -0.0000773836   0.0002998385
       -0.0008671632   0.0003824330   0.0000950001   0.0000126464   0.0000800806
        0.0001923497  -0.0001904420   0.0000943188   0.0000620483  -0.0001122266
       -0.0000150532  -0.0000605789  -0.0000367713  -0.0000401102  -0.0000001784
       -0.0209439839  -0.0189943557  -0.0283244804  -0.0002370037  -0.0001077228
        0.0019331988   0.0002823793   0.0001346697   0.0001032051  -0.0005069458
       -0.0013314734   0.0001544025  -0.0167254860  -0.0039367528  -0.0135217088
       -0.0594378544  -0.0249364044  -0.1533732490   0.0013323083  -0.0014658589
       -0.0073448950  -0.0022344573   0.0019159052  -0.0012900794   0.0147764151
       -0.0744145713   0.3278877746  -0.0016690042   0.0017165069  -0.0003145517
       -0.0003732176  -0.0006991543  -0.0008759982   0.0007860576   0.0017019521
       -0.0009209173   0.0025585055   0.0010318660  -0.0023403469  -0.0000817130
       -0.0001066889   0.0000499239   0.0008247290  -0.0009282537  -0.0005276387
        0.0000508966   0.0001074549   0.0000496955   0.0001137872   0.0001972671
       -0.0000603912  -0.0000251639  -0.0001618690   0.0001284183   0.0003338042
        0.0007003802   0.0000623746   0.0000651707   0.0000836347   0.0001288656
       -0.0009791581   0.0003674989   0.0000966000   0.0017350010  -0.0009999257
        0.0067374699  -0.0016735259  -0.0005815286  -0.0013718579  -0.0001356808
       -0.0000783091   0.0000014681   0.0821957291   0.1203264913  -0.1268289003
       -0.0002527263  -0.0001868079  -0.0000017806   0.0002425396   0.0001846437
        0.0000719822  -0.0003970030  -0.0003058228   0.0000007922  -0.0000406837
        0.0001116389  -0.0000267065   0.0002261340   0.0002866592  -0.0004614038
        0.0001842581   0.0000271995  -0.0000453794   0.0000553744   0.0003257865
        0.0002112500  -0.0001308053  -0.0000045252  -0.0000183604   0.0000036148
       -0.0000469331  -0.0000331581   0.0000777082   0.0000674029   0.0000643824
       -0.1062792165   0.0475323107  -0.0175173162   0.0063171394  -0.0041611038
       -0.0004857140  -0.0005726844  -0.0020552170   0.0011914144  -0.0001446041
        0.0002721784   0.0001264332  -0.0010483194   0.0006282963   0.0005925456
       -0.0084255768   0.0087644003   0.0065476268  -0.0224700954   0.0144488187
       -0.0050506067  -0.0039021836   0.0001179974  -0.0017685472  -0.0010833543
       -0.0006927063  -0.0016690042   0.5028566008   0.0505436951   0.0283644466
       -0.0009236592   0.0005717212   0.0004984508   0.0010219278  -0.0008676349
        0.0000492280  -0.0002278613  -0.0000030804   0.0001265250   0.0003716118
       -0.0000559739   0.0004849542  -0.1026936183   0.0199602171   0.0683555734
        0.0000178498   0.0008663932   0.0001340094   0.0002859272  -0.0007696542
        0.0001527127   0.0000436470   0.0000133896   0.0000636074  -0.0000679634
       -0.0000689582  -0.0000693661   0.0000949728  -0.0000765654   0.0000094263
       -0.0000356915   0.0000772198  -0.0001383912  -0.0001178180   0.0008794411
       -0.0002699184  -0.0004228978   0.0000701455  -0.0003017454  -0.0000690669
        0.0017910824  -0.0003013224   0.0003230135  -0.0000604527   0.0000736645
       -0.0850802733  -0.0729800033   0.0364000820  -0.1889041467  -0.0553085867
       -0.0950465146   0.0000530931   0.0000871111   0.0000623146  -0.0002612422
       -0.0000248266  -0.0001163067  -0.0000957182  -0.0000748317  -0.0001138562
       -0.0000363363  -0.0000009101   0.0000476475   0.0132536745  -0.0076693722
       -0.0215612385  -0.0016817085  -0.0014324708   0.0012492722  -0.0000107036
       -0.0001707703  -0.0001244438  -0.0000847179  -0.0001512994   0.0000043568
        0.0523159043  -0.1207755304   0.0180205394   0.0112284821  -0.0229979562
        0.0056084230  -0.0015781512  -0.0029990059   0.0021021099  -0.0002170058
       -0.0001655345  -0.0000246481   0.0000672861  -0.0001220997  -0.0007061897
        0.0089996344  -0.0084238079  -0.0064694968  -0.0002279497   0.0035148212
        0.0002598678  -0.0012326993  -0.0002073181  -0.0006947420   0.0008439618
        0.0008289684   0.0017165069   0.0505436951   0.4509164151  -0.0011872375
       -0.0001722271   0.0001987901   0.0002261035  -0.0000137033  -0.0002298548
       -0.0001522374   0.0002694606   0.0000617687  -0.0002032467   0.0003838078
        0.0004707902  -0.0004469417   0.0101804003  -0.0636273538  -0.0473487467
        0.0001738622  -0.0004117466   0.0002615310   0.0007115186  -0.0008145432
        0.0001610483   0.0000521591  -0.0002354790   0.0000227441   0.0000843131
        0.0000078605   0.0000827109  -0.0002218882   0.0001810628   0.0000056799
       -0.0001424696   0.0000611188   0.0002126346  -0.0010668595   0.0006625268
        0.0011826569  -0.0004841916   0.0001132012  -0.0002978970  -0.0016879267
        0.0006052861  -0.0005764308  -0.0002552701  -0.0006281063  -0.0001376921
       -0.0741726451  -0.1647593500   0.0731402699  -0.0571082376  -0.0634398995
       -0.0335875019  -0.0000578050  -0.0000482849  -0.0000588617  -0.0002783876
        0.0001346626   0.0000073227   0.0000897352   0.0000089622   0.0001796817
        0.0000041531  -0.0000123449   0.0000261979   0.0038976189  -0.0075550803
       -0.0120479748  -0.0007893571  -0.0002322571   0.0005409598  -0.0001727665
       -0.0001450020   0.0000847359   0.0000335485   0.0000643202   0.0000981205
       -0.0162056328   0.0164169215  -0.0595740953  -0.0068260320   0.0095019891
       -0.0011110470   0.0012720342   0.0023186817  -0.0010625044   0.0001534366
       -0.0000925438  -0.0001181896   0.0029517793  -0.0016239218  -0.0031610490
        0.0172889658  -0.0163520322  -0.0033277806  -0.0113520033   0.0103642031
       -0.0026302873  -0.0017715868  -0.0010557243  -0.0017194042   0.0000766654
       -0.0003946616  -0.0003145517   0.0283644466  -0.0011872375   0.4571316561
       -0.0005852908   0.0004397558   0.0003050635  -0.0005415680  -0.0008164511
        0.0006780668   0.0000829576   0.0000764524  -0.0002123708  -0.0003049248
        0.0003384259  -0.0006688792   0.0424511902  -0.0466788391  -0.1729933769
        0.0000533427  -0.0001889962  -0.0013391386  -0.0004315731   0.0008125733
       -0.0001024782  -0.0000769363  -0.0000817877  -0.0000110019   0.0000402759
       -0.0000348558  -0.0000414867  -0.0000184585  -0.0000656351  -0.0000078827
        0.0010093544  -0.0006045596   0.0001987174   0.0008666926  -0.0016777296
        0.0000990524  -0.0009551137   0.0003831209  -0.0010660390   0.0007615649
       -0.0001162803   0.0014358038  -0.0000011819  -0.0000032940  -0.0000254299
        0.0374341686   0.0722442041  -0.0804907806  -0.1001718351  -0.0347810966
       -0.1046330633  -0.0000194188   0.0000043402   0.0000526907  -0.0002092046
        0.0000563916  -0.0000350294  -0.0000291505  -0.0000174930  -0.0000022398
        0.0000357238  -0.0000776943  -0.0000075275   0.0045772981  -0.0089810733
       -0.0252598643   0.0022104255   0.0014903972   0.0002158065   0.0001576424
        0.0004843370  -0.0001610240  -0.0002880539  -0.0000998868  -0.0000403355
       -0.0027984420   0.0020105111   0.0010773664  -0.0002354848  -0.0001120821
       -0.0000266305   0.0001643284   0.0001856769  -0.0000360290   0.0009247246
        0.0022666724  -0.0006373377  -0.0157204947  -0.0076144182  -0.0110546148
        0.0000359307  -0.0005087574  -0.0008860078  -0.0295157134   0.0084868536
       -0.0016051735  -0.5071728372   0.0129525156  -0.1549223826  -0.0004140183
        0.0002197870  -0.0003732176  -0.0009236592  -0.0001722271  -0.0005852908
        0.7852760176  -0.0843114910   0.1520550297   0.0000020883  -0.0000322152
        0.0000178142   0.0000001798  -0.0000148590   0.0000049731   0.0000114960
        0.0000060400  -0.0001416827   0.0001195671   0.0000011563  -0.0000927371
       -0.0000128239  -0.0000091376  -0.0000019889   0.0000793130   0.0000876212
        0.0000586865  -0.0004696974  -0.0002490603   0.0002419885   0.0001099435
       -0.0001291334   0.0002063005   0.0001451405  -0.0000882794  -0.0000385360
        0.0004845010   0.0010361862   0.0008457014  -0.0001411045   0.0001657901
       -0.0000476163   0.0002087831  -0.0007490222  -0.0014301185  -0.0001097628
       -0.0012657551  -0.0006434360   0.0000388984   0.0000853134   0.0000622225
       -0.0000254331  -0.0000791858   0.0000681302  -0.0001838063   0.0001857029
       -0.0000060367  -0.0641013469  -0.0405430374  -0.0596019979  -0.1658396250
        0.1082940031   0.0775540431  -0.0000009840  -0.0000036511  -0.0000110955
       -0.0000067439   0.0000205800  -0.0000003241   0.0000248142  -0.0000925585
       -0.0000306008   0.0000436766  -0.0000210736  -0.0000126108   0.0000036356
       -0.0000008965  -0.0000058578  -0.0000010608  -0.0000075687  -0.0000009327
        0.0020347766  -0.0015213733  -0.0010734929   0.0002134482   0.0000618050
        0.0001124667   0.0000615135  -0.0001830101   0.0000081093  -0.0008575329
       -0.0006845725  -0.0010146899  -0.0158242448  -0.0004135974  -0.0070880053
        0.0000187267  -0.0015178873  -0.0013590111   0.0179967040  -0.0026821664
        0.0039451075   0.0125579311  -0.0516252791  -0.0192593258  -0.0011258905
        0.0002838479  -0.0006991543   0.0005717212   0.0001987901   0.0004397558
       -0.0843114910   0.3061685016   0.2220342956   0.0000111846   0.0000482969
       -0.0000936095   0.0000007230   0.0000141019   0.0000015512  -0.0000443951
       -0.0000306947   0.0000416183  -0.0000216351   0.0000729004   0.0000396574
       -0.0000300840   0.0000239494   0.0000209558  -0.0000229543   0.0000050865
       -0.0000199699  -0.0001353263  -0.0000776917  -0.0001395464  -0.0003111556
       -0.0004730459  -0.0000058678  -0.0001375789   0.0003440494  -0.0000014547
       -0.0007415073   0.0000061291  -0.0002103230  -0.0000568935   0.0000458845
       -0.0001303745   0.0009762196   0.0002638168   0.0000976363   0.0014225191
        0.0000766999  -0.0004555443   0.0001001165   0.0000111707  -0.0000241655
       -0.0000332281   0.0001031522  -0.0000697650   0.0002206536  -0.0001531395
        0.0000097014  -0.0397690127  -0.1221556937  -0.1210209334   0.1073566613
       -0.1262935123  -0.0742025502  -0.0000216806   0.0000024500   0.0000207169
        0.0000332546   0.0000429052   0.0000208303  -0.0000929615   0.0000254391
        0.0000622299  -0.0000341733   0.0000036271   0.0000117904  -0.0000004858
        0.0000044376  -0.0000031696  -0.0000039224   0.0000046224   0.0000045305
        0.0015033482  -0.0014257513  -0.0004578504  -0.0000491982  -0.0000340637
        0.0000392596   0.0001316307   0.0001423846  -0.0001922366  -0.0005097208
        0.0009540660  -0.0012600814  -0.0236361425  -0.0043036053  -0.0119267431
       -0.0010268532  -0.0020382281  -0.0023240999   0.0096302131   0.0008484527
        0.0037563090  -0.1561136149  -0.0192020932  -0.1105754869  -0.0015843866
        0.0003448362  -0.0008759982   0.0004984508   0.0002261035   0.0003050635
        0.1520550297   0.2220342956   0.4030355604  -0.0000001508  -0.0000366340
       -0.0000400947   0.0000241163  -0.0000193317   0.0000570708  -0.0000650812
       -0.0000251750   0.0000419041  -0.0000411569  -0.0000136650   0.0001399944
        0.0000144962   0.0000274011   0.0000202582   0.0000116264   0.0000537236
        0.0001400260   0.0001160522   0.0000403923   0.0002900883  -0.0000900700
       -0.0006730251   0.0002524306   0.0000465287  -0.0002071597  -0.0000823957
       -0.0008476240   0.0003586734   0.0007255307   0.0000989245  -0.0001117715
        0.0000267633   0.0008581389  -0.0008040293   0.0002504877   0.0009389078
       -0.0009654922   0.0004115987   0.0000585337   0.0000244372  -0.0000395377
       -0.0000101996  -0.0000306552  -0.0000108368   0.0001821218  -0.0001299150
        0.0000179076  -0.0583680172  -0.1214062915  -0.1931700852   0.0762257565
       -0.0737726410  -0.0885557846   0.0000028393   0.0000168408   0.0000093650
        0.0000209861   0.0000393689  -0.0000077518  -0.0000622051   0.0000842389
       -0.0000176442  -0.0000184221   0.0000058596  -0.0000028503  -0.0000174882
       -0.0000053392   0.0000129545   0.0000226305   0.0000037927   0.0000069052
       -0.0134115951  -0.0127118790  -0.0010812304  -0.1533483820  -0.0302916815
       -0.0435536538  -0.0244406432   0.0004230777  -0.0091055066  -0.0005653493
        0.0002280768   0.0001336834  -0.0004531602   0.0001302494   0.0000952570
        0.0003088011   0.0010404294   0.0003673076   0.0001402591  -0.0009579252
        0.0004277292  -0.0005765782  -0.0000014056  -0.0000728374  -0.0007996354
       -0.0006790851   0.0007860576   0.0010219278  -0.0000137033  -0.0005415680
        0.0000020883   0.0000111846  -0.0000001508   0.4773449021   0.0227698128
        0.0272619627  -0.0825994778  -0.0371922157  -0.0345251165  -0.0009818359
       -0.0032571549  -0.0026005412  -0.0005553805   0.0001561026   0.0005689898
       -0.1604279595   0.0487604833   0.0466208304   0.0003389093  -0.0009042360
        0.0001070423  -0.0024505482   0.0017279611  -0.0004821585   0.0003268700
        0.0002663996  -0.0000354585   0.0000992962   0.0000483235   0.0001042196
        0.0002231716   0.0000015082  -0.0001253772  -0.0000303132  -0.0001486142
       -0.0003643492   0.0000501919  -0.0000870786   0.0000613788  -0.0001850556
        0.0000545963  -0.0001643732   0.0001180757   0.0002412998   0.0014606938
       -0.0003259467   0.0003068740  -0.0001008689   0.0005192062   0.0002733133
       -0.0003440199   0.0000575461   0.0000460634   0.0000714197   0.0000833690
       -0.0000413538  -0.0000251430  -0.0084640603  -0.0226701720  -0.0195209513
        0.0008174900   0.0194644829   0.0158731856  -0.0002926744  -0.0003328944
       -0.0001787938   0.0029926806   0.0019158867   0.0008330503  -0.0081056715
        0.0035628439   0.0094565452  -0.0264305180   0.0078604297   0.0085927453
       -0.0191870908  -0.0112055272  -0.0072624132  -0.0305639697  -0.0697977163
       -0.0180912799   0.0140387604   0.0050599015   0.0085052305   0.0001992440
        0.0000562360  -0.0001032221  -0.0000898421  -0.0000814703  -0.0001245976
        0.0008919832   0.0013904129   0.0000465368  -0.0019557570  -0.0031747284
        0.0017126136  -0.0001352705  -0.0001504080  -0.0000199983  -0.0023047567
       -0.0024017847   0.0017019521  -0.0008676349  -0.0002298548  -0.0008164511
       -0.0000322152   0.0000482969  -0.0000366340   0.0227698128   0.5318964507
        0.3247848599  -0.0418315152  -0.3239120045  -0.2421873066  -0.0096375444
       -0.0046139689  -0.0085471225  -0.0002493611   0.0003157251  -0.0004196548
        0.0502966665  -0.0889778010  -0.0267847837   0.0017023795   0.0000041880
        0.0009031731   0.0031468971  -0.0028550175   0.0011329739   0.0000952968
       -0.0001507717  -0.0002941272   0.0000661045  -0.0001512538  -0.0002552338
        0.0000913906  -0.0000578827  -0.0000022744  -0.0001482062  -0.0003702724
       -0.0001598822   0.0001396059  -0.0000481460   0.0001764616  -0.0009662141
       -0.0005118280  -0.0002359703   0.0035172357   0.0029528401  -0.0027850810
        0.0001205828   0.0003748278   0.0001407400   0.0001222227  -0.0007359316
        0.0008811607  -0.0000023361  -0.0000240811   0.0000049209   0.0000022638
       -0.0000015694  -0.0000065766  -0.0052471107  -0.0101499808  -0.0074100188
        0.0011699139  -0.0137310865  -0.0111101140   0.0001140347  -0.0001480279
        0.0001372632   0.0235531301  -0.0153063279  -0.0150596457  -0.0068225946
        0.0047506529   0.0009291548  -0.0019961059   0.0019379095   0.0006553468
        0.0071339727  -0.0012104583   0.0074692287  -0.0304548923  -0.0125708163
       -0.0809755803  -0.0053708686   0.0018520207  -0.0004461707  -0.0000924189
       -0.0001194595  -0.0001383781  -0.0000799372  -0.0000814064  -0.0001700014
        0.0006027617   0.0006474975   0.0007646486   0.0010762987   0.0021343379
       -0.0008961307  -0.0002589909   0.0001381916   0.0000771900  -0.0001430577
       -0.0010002462  -0.0009209173   0.0000492280  -0.0001522374   0.0006780668
        0.0000178142  -0.0000936095  -0.0000400947   0.0272619627   0.3247848599
        0.4527563261  -0.0389343460  -0.2487478729  -0.2382946258  -0.0255635240
       -0.0141127712  -0.0176493410   0.0000472266   0.0004803196  -0.0005415876
        0.0482847030  -0.0276593551  -0.0851500866  -0.0005555717  -0.0001433120
        0.0006403191  -0.0011232658   0.0004291266   0.0005452162   0.0002633974
       -0.0001878120  -0.0003069192   0.0000242354   0.0000043264  -0.0001294432
        0.0000843073   0.0000027246  -0.0000575710  -0.0002360015  -0.0002114874
       -0.0000607089  -0.0000977069  -0.0000048353   0.0000140034   0.0006237902
        0.0003517519   0.0003748490   0.0040295718   0.0026632078  -0.0032030048
        0.0000594459   0.0001622279  -0.0000727251  -0.0000688450   0.0004136238
        0.0002940460  -0.0000236975  -0.0000076298  -0.0000096431   0.0000586000
       -0.0000315290  -0.0000236082  -0.0047799452  -0.0086709428  -0.0074999665
        0.0013807024  -0.0091130783  -0.0111124723  -0.0000188101  -0.0001657541
       -0.0000049132   0.0034985429  -0.0051304640  -0.0041834324   0.0255155138
       -0.0114148301  -0.0177803094  -0.0122101953   0.0067656914   0.0060537377
       -0.0006678824   0.0000445751  -0.0014509455  -0.0065404745  -0.0203369155
       -0.0183444868   0.0000606542  -0.0008189113  -0.0001022983   0.0004002544
        0.0006042189   0.0003129943   0.0000348003  -0.0000017724  -0.0000820658
        0.0002064737   0.0000784143  -0.0000132442  -0.0004828277  -0.0005545978
        0.0004325319   0.0001183199  -0.0000545785   0.0000759361  -0.0025007042
       -0.0021602754   0.0025585055  -0.0002278613   0.0002694606   0.0000829576
        0.0000001798   0.0000007230   0.0000241163  -0.0825994778  -0.0418315152
       -0.0389343460   0.5652736207   0.0022422767   0.0266665945  -0.0035580755
       -0.0016514820  -0.0027462235   0.0001108888   0.0000250464  -0.0001604192
       -0.0030151216   0.0201350166   0.0175636829  -0.0005937499  -0.0002076789
       -0.0006889292  -0.0002406241  -0.0000368898   0.0001932723  -0.0018781593
       -0.0003661259  -0.0002026896  -0.0001128611  -0.0001724891  -0.0000964533
       -0.0000573260  -0.0000594655   0.0000155058  -0.0002112184  -0.0001878112
       -0.0000128295   0.0000602485   0.0000194369   0.0000834810  -0.0002048540
       -0.0001268104   0.0000014707   0.0008864682   0.0000594315  -0.0005923686
        0.0000315988  -0.0000177133   0.0000134098  -0.0000550521  -0.0000310949
        0.0000965117  -0.0000038193   0.0000015930  -0.0000048899  -0.0000328545
        0.0000096079   0.0000007431  -0.2650777271  -0.0672773395  -0.0631603139
       -0.1951251302   0.1072090956   0.0726427676   0.0001204039   0.0000934727
        0.0000555985  -0.0034314938   0.0021823166   0.0022067363  -0.0015199949
        0.0014376044   0.0017872947   0.0008333785   0.0014811765   0.0017783928
        0.0008179200   0.0013245688  -0.0007757269  -0.0096768063  -0.0124438002
       -0.0095959363   0.0014981674  -0.0004017365   0.0002831775  -0.0006690827
       -0.0000940408  -0.0000022826   0.0000804385  -0.0000025606  -0.0001117255
        0.0001852297   0.0000122616   0.0005727728  -0.0002345320  -0.0001690003
        0.0000134819   0.0000329397  -0.0000626926  -0.0000926704  -0.0014142302
       -0.0013300028   0.0010318660  -0.0000030804   0.0000617687   0.0000764524
       -0.0000148590   0.0000141019  -0.0000193317  -0.0371922157  -0.3239120045
       -0.2487478729   0.0022422767   0.5275482522   0.3581702908  -0.0011715632
        0.0005463911  -0.0004319299   0.0000124728   0.0000176059  -0.0000116120
        0.0071691311  -0.0172940454  -0.0176255395   0.0001317855   0.0006685373
        0.0000332276   0.0002437835   0.0002295966   0.0000739156   0.0006367627
       -0.0000035682   0.0000113157  -0.0001796572  -0.0000305351  -0.0001795208
        0.0000476228   0.0000504878  -0.0000452884  -0.0002223144  -0.0001327599
       -0.0000995950   0.0000017159  -0.0000176904   0.0000241812  -0.0000356378
        0.0000597211  -0.0000035741  -0.0015729876   0.0001582011   0.0020643644
        0.0000598410   0.0000607358   0.0000140656   0.0000086418  -0.0002116893
        0.0000198013  -0.0000040757  -0.0000096195   0.0000124302  -0.0000134869
        0.0000045248   0.0000090991  -0.0681732147  -0.0594606152  -0.0261613892
        0.1070553452  -0.1137082687  -0.0580833327   0.0000105646  -0.0000096376
       -0.0000010684   0.0024681290  -0.0012770366  -0.0012672413  -0.0005464317
       -0.0002749985   0.0005694973  -0.0015785925   0.0000895479   0.0002756982
        0.0008862213   0.0016277872  -0.0005114204  -0.0095016021  -0.0103462213
       -0.0086134217   0.0007166818  -0.0004114982  -0.0004502520  -0.0004731319
       -0.0002782840  -0.0003241461   0.0000777596   0.0000008645   0.0002348804
       -0.0015567761  -0.0008022640  -0.0017883222  -0.0002789755  -0.0003284146
        0.0000710153   0.0000009200  -0.0001304766  -0.0001361258   0.0056588005
        0.0048085766  -0.0023403469   0.0001265250  -0.0002032467  -0.0002123708
        0.0000049731   0.0000015512   0.0000570708  -0.0345251165  -0.2421873066
       -0.2382946258   0.0266665945   0.3581702908   0.3857715713  -0.0016046392
       -0.0005091114  -0.0009187395  -0.0001302545  -0.0000614509   0.0003242500
        0.0072479716  -0.0179826683  -0.0140674053  -0.0004490381  -0.0003452289
        0.0001991594  -0.0001544989  -0.0000911050   0.0001813045   0.0004708611
        0.0003259577  -0.0001067938   0.0000215074  -0.0001163327   0.0000283152
       -0.0000419394  -0.0000263213   0.0000263860   0.0004885252   0.0004995195
        0.0002035202   0.0000546412   0.0000272074   0.0001529071  -0.0000669333
       -0.0000137907  -0.0000550936  -0.0051590930  -0.0033413162   0.0028918536
        0.0000660045  -0.0000644523   0.0000515218   0.0001894108  -0.0002366697
       -0.0000289690   0.0000446254   0.0000390264   0.0000259915   0.0000026217
        0.0000043120  -0.0000024642  -0.0649988979  -0.0259013364  -0.0538564879
        0.0747255214  -0.0605019355  -0.0692862813   0.0000666306   0.0000577044
        0.0000013851   0.0019269909  -0.0005717345  -0.0001169912   0.0004053855
       -0.0009765889   0.0006055412  -0.0009082768  -0.0001350427   0.0002835839
       -0.0032980063  -0.0001619737   0.0127537546  -0.0476976256   0.0143957009
        0.0401189404  -0.0084196112   0.0104707530   0.0167547078  -0.0019098521
        0.0033913365  -0.0002152670   0.0002041957  -0.0001266189  -0.0001810708
       -0.0006023008  -0.0019838524   0.0010921857   0.0003757060   0.0001506503
        0.0015593488  -0.0003076421   0.0001914086   0.0001919755  -0.0001154134
       -0.0000765507  -0.0000817130   0.0003716118   0.0003838078  -0.0003049248
        0.0000114960  -0.0000443951  -0.0000650812  -0.0009818359  -0.0096375444
       -0.0255635240  -0.0035580755  -0.0011715632  -0.0016046392   0.0710867026
       -0.0140726905  -0.0444277353  -0.0000805588  -0.0001137962   0.0000353467
       -0.0005266247  -0.0006758239  -0.0015696130  -0.0001537386   0.0000602709
        0.0000050224  -0.0005422323   0.0007775524   0.0012593811  -0.0001691481
       -0.0000025138   0.0000861089  -0.0006457417   0.0002053633   0.0006247167
        0.0000516879   0.0000289682  -0.0001114760  -0.0003300183   0.0000779893
        0.0005137105  -0.0010193415  -0.0007899908  -0.0005256980   0.0000203574
        0.0000982021  -0.0001447523   0.0000514889   0.0000574522  -0.0001027781
       -0.0001232074  -0.0000100494   0.0000606156  -0.0000855477  -0.0000286501
       -0.0001034948  -0.0000324635  -0.0000291155  -0.0000277708   0.0000914215
       -0.0000187279  -0.0000190516  -0.0003782722  -0.0017302765   0.0004026929
       -0.0001942243   0.0003312655  -0.0000350170   0.0001141281  -0.0001254946
       -0.0000273661  -0.0006559821   0.0007128402  -0.0005830473  -0.0006078353
       -0.0006249130   0.0001302144   0.0000565034   0.0000909793   0.0001052980
       -0.0076138430   0.0026512976   0.0226626101   0.0152932170  -0.0607742705
       -0.0648239693   0.0098976430  -0.0097593260  -0.0200426258   0.0023813105
       -0.0030700848   0.0006829927  -0.0000452645   0.0000472139   0.0000944534
       -0.0017096267  -0.0034296837   0.0015325484   0.0002272104   0.0005322249
        0.0011187039  -0.0000305680   0.0000285380  -0.0000511454   0.0000714569
        0.0000089445  -0.0001066889  -0.0000559739   0.0004707902   0.0003384259
        0.0000060400  -0.0000306947  -0.0000251750  -0.0032571549  -0.0046139689
       -0.0141127712  -0.0016514820   0.0005463911  -0.0005091114  -0.0140726905
        0.0778354013   0.0728349803  -0.0001233729   0.0002444834  -0.0001180395
        0.0009444290   0.0005393330   0.0004727729  -0.0000042745  -0.0004806484
        0.0000339329   0.0000672308   0.0007995414  -0.0006127516   0.0000191589
       -0.0000191962   0.0000746191   0.0007776342  -0.0002522212  -0.0007551022
       -0.0000433545  -0.0000334670   0.0000586252  -0.0006229564  -0.0000167323
        0.0011064281  -0.0005545164   0.0000775056  -0.0003159848   0.0001262514
       -0.0000324354   0.0001353232   0.0000944442   0.0000472898  -0.0001438255
       -0.0000219523   0.0001372501  -0.0002159920  -0.0000296961  -0.0000422703
       -0.0000946353  -0.0000093573  -0.0000040672   0.0000213974   0.0000172547
       -0.0000074344  -0.0000107789  -0.0002471665  -0.0007623792   0.0001763149
       -0.0000008879   0.0001968100   0.0000129788  -0.0002377982  -0.0007570823
        0.0000620748   0.0005553902   0.0001154977   0.0002908469  -0.0004188017
       -0.0000619514   0.0001614025   0.0002720671  -0.0001305984   0.0000671654
        0.0076701498   0.0003728407  -0.0218437815   0.0404123289  -0.0647419561
       -0.2307079051   0.0004594692  -0.0009318976  -0.0008751654   0.0001063763
       -0.0005804084   0.0010432633  -0.0000876055   0.0000425794   0.0000359286
        0.0012452782   0.0035821646  -0.0009915875  -0.0014564156  -0.0008982119
        0.0012006301   0.0001513730  -0.0001431435  -0.0001516791  -0.0003161092
       -0.0001635632   0.0000499239   0.0004849542  -0.0004469417  -0.0006688792
       -0.0001416827   0.0000416183   0.0000419041  -0.0026005412  -0.0085471225
       -0.0176493410  -0.0027462235  -0.0004319299  -0.0009187395  -0.0444277353
        0.0728349803   0.2676265269  -0.0001288134  -0.0005511715   0.0011425214
        0.0016506229   0.0000545432   0.0010265716   0.0001289600  -0.0002900913
       -0.0001287024  -0.0005604038   0.0007925584   0.0013620372  -0.0000462125
        0.0001313205   0.0001638971   0.0001732262  -0.0000224856  -0.0001928776
       -0.0000712710  -0.0000010122   0.0001249755   0.0006890563  -0.0000499810
       -0.0009865612   0.0002929145   0.0000411881   0.0005642205  -0.0001436490
       -0.0001179391   0.0000058964   0.0001244587   0.0000959786   0.0001039543
       -0.0001141121  -0.0002202955  -0.0000333375   0.0000397275   0.0000257722
       -0.0002039049   0.0000247499   0.0000208090   0.0000499920  -0.0000330121
        0.0000183192  -0.0000203660  -0.0003081967  -0.0012314348   0.0002252290
       -0.0001132333   0.0003366533   0.0000156297   0.0000377177   0.0004617723
        0.0000526275  -0.0005759774   0.0005807894  -0.0000048259  -0.0002715278
       -0.0001381493   0.0003660424   0.0004513588   0.0000738476   0.0001758825
       -0.0115204198   0.0135225513   0.0254849207   0.0004946686  -0.0007409810
        0.0004177873   0.0001470409  -0.0001447068  -0.0000023373  -0.0000034724
       -0.0000646576  -0.0000801371  -0.0011319433   0.0006633715   0.0014370044
       -0.0041684024   0.0043008476  -0.0022827732   0.0002246771   0.0006723566
        0.0009945955   0.0005488610   0.0000526843   0.0003441258   0.0007246410
        0.0003913324   0.0008247290  -0.1026936183   0.0101804003   0.0424511902
        0.0001195671  -0.0000216351  -0.0000411569  -0.0005553805  -0.0002493611
        0.0000472266   0.0001108888   0.0000124728  -0.0001302545  -0.0000805588
       -0.0001233729  -0.0001288134   0.4078079920   0.0737709644   0.0746746968
       -0.0001921672  -0.0013639150  -0.0005503975   0.0000484059   0.0000825082
       -0.0000024225  -0.0000806278  -0.0000376096   0.0000250120   0.0000194269
       -0.0000320661   0.0000320715  -0.0000678427   0.0000529935  -0.0000329232
       -0.0005286312   0.0003076669  -0.0000412107   0.0002438964  -0.0001023273
       -0.0004134754  -0.0000136740  -0.0000948127   0.0000520655  -0.0000210091
       -0.0001277224   0.0000062265  -0.0001500013  -0.0000762543  -0.0000676040
       -0.0094599529   0.0040144409   0.0257247323   0.0090922201  -0.0074986130
       -0.0210680347  -0.0000145870  -0.0000587138  -0.0000451774  -0.0000310902
        0.0000317380   0.0000296621   0.0000536452   0.0000277582   0.0000426881
        0.0000327758  -0.0000533740  -0.0000744752  -0.2874696931  -0.0958772283
       -0.1478087346  -0.0014148199  -0.0017981063   0.0000770631   0.0000003833
        0.0002958990   0.0000883347  -0.0000711980   0.0000854714   0.0000157952
        0.0154831229  -0.0118067295  -0.0267923174  -0.0001090000   0.0004702932
       -0.0004959515  -0.0000987670   0.0005313264  -0.0002815090   0.0000432138
        0.0001423540   0.0000614733   0.0012346676  -0.0003424316  -0.0013855350
        0.0039784353  -0.0040583638   0.0027240506  -0.0013448403   0.0004648627
        0.0001729251  -0.0003833165  -0.0000878762  -0.0003912875  -0.0005740741
       -0.0002536034  -0.0009282537   0.0199602171  -0.0636273538  -0.0466788391
        0.0000011563   0.0000729004  -0.0000136650   0.0001561026   0.0003157251
        0.0004803196   0.0000250464   0.0000176059  -0.0000614509  -0.0001137962
        0.0002444834  -0.0005511715   0.0737709644   0.1254296294   0.1528293034
       -0.0014379350  -0.0007423436  -0.0006215057  -0.0000828179   0.0000285854
       -0.0000370169   0.0000049005   0.0000410779  -0.0000202470  -0.0000420616
        0.0000193030  -0.0000485838   0.0001308680  -0.0000668643  -0.0000110295
        0.0005630975  -0.0003292424  -0.0000174153   0.0000135456   0.0002454221
       -0.0000140924  -0.0001314247  -0.0001890695  -0.0002682321   0.0001632191
        0.0003800659  -0.0001810414   0.0000192224   0.0002783303   0.0002158683
       -0.0048921808   0.0102847965   0.0131559788   0.0023721838  -0.0052186670
       -0.0144872586   0.0000395027   0.0000414635   0.0000483422   0.0000338407
       -0.0000500040  -0.0000002760  -0.0000937194  -0.0000636022  -0.0000516780
        0.0000335341  -0.0000030801  -0.0000731075  -0.1079333358  -0.0491067280
       -0.0762173884  -0.0007372443  -0.0026364278   0.0002947714   0.0001952552
        0.0000971554  -0.0000976151  -0.0002475825  -0.0005229931  -0.0002565644
        0.0097740483  -0.0101735401  -0.0091500822   0.0001281388   0.0009423837
       -0.0006336308  -0.0002925489  -0.0001517297   0.0001985069  -0.0000401604
        0.0001292965   0.0001514079   0.0007240816  -0.0003355127  -0.0008688362
        0.0017157413  -0.0018665041   0.0029187065  -0.0023783851   0.0005120947
        0.0008163832  -0.0002569167  -0.0000396008  -0.0004812662  -0.0002550064
       -0.0006472391  -0.0005276387   0.0683555734  -0.0473487467  -0.1729933769
       -0.0000927371   0.0000396574   0.0001399944   0.0005689898  -0.0004196548
       -0.0005415876  -0.0001604192  -0.0000116120   0.0003242500   0.0000353467
       -0.0001180395   0.0011425214   0.0746746968   0.1528293034   0.3822338836
       -0.0001345204  -0.0003634657   0.0005506458  -0.0000283340  -0.0002101175
        0.0000045310   0.0000829613   0.0000727408   0.0000301976  -0.0000340350
        0.0000534558  -0.0000283131   0.0000485927  -0.0000900286   0.0000719923
        0.0003013037  -0.0001803422   0.0000550419  -0.0006651610   0.0003257230
        0.0005066364   0.0004915316  -0.0003372453   0.0005862531  -0.0002548758
        0.0006952494  -0.0006289953   0.0001278775   0.0004409577  -0.0000875918
        0.0197493929  -0.0031352742  -0.0356571395   0.0036970992  -0.0114136794
       -0.0266787415   0.0000832819   0.0000728188   0.0000351583  -0.0000383944
       -0.0000114576   0.0000029767  -0.0000050667   0.0000672954  -0.0000568123
       -0.0000486448   0.0001631610   0.0000547318  -0.1750591466  -0.0801768771
       -0.1416411696  -0.0008230040   0.0006270605  -0.0000300275  -0.0000953874
       -0.0000017509   0.0002019791   0.0001040865   0.0000612200  -0.0000205886
       -0.0004900457   0.0004935848  -0.0003489595  -0.0263136496   0.0079540978
        0.0053485878  -0.0028834989  -0.0016380467  -0.0011567527  -0.0002267036
        0.0003324941   0.0000502021   0.0000601262   0.0000024818  -0.0000641305
        0.0000481420  -0.0000300455   0.0001109174  -0.0000638419  -0.0002873895
        0.0000448560   0.0001299153   0.0000334029  -0.0000034397  -0.0001584595
       -0.0003462863   0.0000508966   0.0000178498   0.0001738622   0.0000533427
       -0.0000128239  -0.0000300840   0.0000144962  -0.1604279595   0.0502966665
        0.0482847030  -0.0030151216   0.0071691311   0.0072479716  -0.0005266247
        0.0009444290   0.0016506229  -0.0001921672  -0.0014379350  -0.0001345204
        0.4860665028   0.0166049717   0.0328516655   0.0000458796  -0.0002215565
        0.0001181050  -0.0007520153   0.0006633315  -0.0002782797  -0.0000404082
       -0.0000862977  -0.0001067666  -0.0001238392   0.0000337864   0.0001444065
       -0.0000342153  -0.0000044341  -0.0000061961  -0.0000788947  -0.0000130781
        0.0000878991   0.0000063664   0.0000492517   0.0000620060  -0.0001162758
       -0.0000520489  -0.0000277455   0.0002431647   0.0004436986  -0.0001012891
       -0.0000523250  -0.0000437081   0.0000093143  -0.0004299678  -0.0005436822
        0.0003150401  -0.0000198932  -0.0000127574  -0.0000178972  -0.0000136186
       -0.0000001999  -0.0000046520   0.0011635978  -0.0015376100  -0.0006999598
        0.0013380468  -0.0009292552  -0.0010876744  -0.0001922107   0.0000880168
        0.0001479771  -0.0488201112  -0.0343017541  -0.0084248838  -0.0467316664
       -0.0170917204   0.0293142487  -0.1974032538  -0.0266753174  -0.1134441118
       -0.0000565398  -0.0005006076  -0.0000182913  -0.0040807761   0.0039092063
        0.0018889910  -0.0006912864  -0.0004333301  -0.0004099058  -0.0000225753
       -0.0000020013  -0.0000729388   0.0000168233  -0.0000005852   0.0000932108
       -0.0000447257  -0.0001346827  -0.0004186238  -0.0000092617   0.0000479880
        0.0000496284   0.0000813494  -0.0000605912  -0.0000893942   0.0001389413
        0.0005497879   0.0001074549   0.0008663932  -0.0004117466  -0.0001889962
       -0.0000091376   0.0000239494   0.0000274011   0.0487604833  -0.0889778010
       -0.0276593551   0.0201350166  -0.0172940454  -0.0179826683  -0.0006758239
        0.0005393330   0.0000545432  -0.0013639150  -0.0007423436  -0.0003634657
        0.0166049717   0.5180025032   0.0157398931   0.0001053964   0.0000407717
       -0.0000522260  -0.0001655900   0.0002906453  -0.0000667579  -0.0001029543
        0.0000473094   0.0001167349  -0.0000197020   0.0000443193   0.0000824825
       -0.0000547779   0.0000239818   0.0000143377   0.0000156133   0.0000606877
        0.0000281323  -0.0000237448   0.0000246606   0.0000103935  -0.0000468289
        0.0000064571   0.0000059594  -0.0002790587  -0.0008449742   0.0001926714
       -0.0001290888   0.0000769976   0.0000809657  -0.0005683069  -0.0002734679
        0.0001995110   0.0000034810   0.0000079424   0.0000110139  -0.0000294671
        0.0000103177  -0.0000010197   0.0015770969  -0.0017373442   0.0032357567
        0.0008364874   0.0026234954  -0.0096760689   0.0003025800  -0.0000837698
        0.0002366171  -0.0352249137  -0.2802915242  -0.0392428232  -0.0190506898
       -0.0848104757   0.0933057956  -0.0267954695  -0.0497310632  -0.0192389591
       -0.0009460643   0.0005411409  -0.0002333589  -0.0057329457   0.0005617860
        0.0029209190  -0.0019403857   0.0001195847   0.0002553353  -0.0001151273
        0.0001491885  -0.0001334786   0.0000299231   0.0000620233   0.0000390231
       -0.0002011414  -0.0002484369  -0.0002330209   0.0000191022  -0.0002507051
        0.0001021668   0.0001075965  -0.0000652100  -0.0000482424   0.0002885374
        0.0003383081   0.0000496955   0.0001340094   0.0002615310  -0.0013391386
       -0.0000019889   0.0000209558   0.0000202582   0.0466208304  -0.0267847837
       -0.0851500866   0.0175636829  -0.0176255395  -0.0140674053  -0.0015696130
        0.0004727729   0.0010265716  -0.0005503975  -0.0006215057   0.0005506458
        0.0328516655   0.0157398931   0.4852919128  -0.0000245521  -0.0000488877
       -0.0001883638  -0.0001080186   0.0000430288  -0.0000587436  -0.0001041369
        0.0000527857   0.0001572496  -0.0000778358   0.0000449284   0.0001015346
       -0.0000074716  -0.0000087610   0.0000325858  -0.0000086100   0.0000123882
        0.0000557591   0.0000596092   0.0000278954   0.0000769226  -0.0000695677
       -0.0000422807  -0.0000127187  -0.0002739938  -0.0002959404   0.0000187388
        0.0002011641   0.0001089138   0.0002903632   0.0006110987   0.0005656209
        0.0003112851   0.0000196340   0.0000128101   0.0000219933  -0.0000183620
        0.0000120049   0.0000074516   0.0016641271   0.0026869743  -0.0025473735
       -0.0008707882  -0.0074868509   0.0047230148   0.0002365204   0.0001029274
       -0.0000313831  -0.0080857514  -0.0389975449  -0.0467777518   0.0333452418
        0.0911251088  -0.2214696430  -0.1130459908  -0.0205861247  -0.1237627177
       -0.0020480021   0.0024369842  -0.0003722303   0.0062971340   0.0166968081
       -0.0046628436  -0.0936358841  -0.0951216183   0.0228940851  -0.0094881853
       -0.0144678730   0.0071400213  -0.0020588550   0.0006656420   0.0027531892
       -0.0000989765   0.0000046200   0.0001003312  -0.0000460184  -0.0002385868
        0.0000906950  -0.0000089721   0.0001386774   0.0000994859  -0.0000198655
       -0.0000546295   0.0001137872   0.0002859272   0.0007115186  -0.0004315731
        0.0000793130  -0.0000229543   0.0000116264   0.0003389093   0.0017023795
       -0.0005555717  -0.0005937499   0.0001317855  -0.0004490381  -0.0001537386
       -0.0000042745   0.0001289600   0.0000484059  -0.0000828179  -0.0000283340
        0.0000458796   0.0001053964  -0.0000245521   0.1127230879   0.1075521403
       -0.0275406235  -0.0117170179  -0.0198255421   0.0010411220   0.0007443796
       -0.0000072827  -0.0005471642  -0.0003672673  -0.0000017248  -0.0000674224
       -0.0003685588  -0.0008102438   0.0005152840  -0.0000025837   0.0000424589
       -0.0000115160  -0.0000815389   0.0001347868   0.0001323976  -0.0000106278
        0.0000477288   0.0000434588   0.0000712181   0.0000643310  -0.0001025717
       -0.0001171780   0.0002755240  -0.0000535914   0.0000459740   0.0000095532
        0.0000196853   0.0000051949  -0.0000049361   0.0000315362   0.0000168468
       -0.0000123626   0.0000103705  -0.0000481372  -0.0000423011   0.0001206406
        0.0000979717   0.0000059414  -0.0004684996  -0.0000271923   0.0000179175
        0.0000083383   0.0000482194  -0.0000719277   0.0000104174  -0.0000018948
        0.0000361295   0.0000531523   0.0000457827  -0.0000112481  -0.0000030525
        0.0035076548  -0.0033832360  -0.0003732141  -0.0064461085  -0.0238659586
        0.0061373032  -0.0946186338  -0.2105351294   0.0423943102  -0.0001073896
        0.0016440391   0.0003212920  -0.0001758885   0.0009509181   0.0000226081
       -0.0000784408   0.0000182676  -0.0003344652   0.0000594306  -0.0000009028
        0.0001150005  -0.0000128836  -0.0001125963   0.0000411892   0.0001272896
        0.0001533791   0.0001972671  -0.0007696542  -0.0008145432   0.0008125733
        0.0000876212   0.0000050865   0.0000537236  -0.0009042360   0.0000041880
       -0.0001433120  -0.0002076789   0.0006685373  -0.0003452289   0.0000602709
       -0.0004806484  -0.0002900913   0.0000825082   0.0000285854  -0.0002101175
       -0.0002215565   0.0000407717  -0.0000488877   0.1075521403   0.2449540329
       -0.0484725721  -0.0080854484  -0.0098711417  -0.0002264170   0.0003171351
        0.0005418312  -0.0000667091  -0.0002169294   0.0000640477   0.0000207426
        0.0000544711  -0.0001047076  -0.0000049336   0.0000547744   0.0000206949
       -0.0000967457  -0.0000269139   0.0000617718   0.0000827282   0.0000735139
        0.0001145765   0.0000083716  -0.0000259372  -0.0001388523   0.0000793480
        0.0002138718  -0.0003335723   0.0001108451  -0.0000364500  -0.0000102218
       -0.0000042951   0.0000241955  -0.0000066478   0.0000143709  -0.0000015164
        0.0000109857   0.0000082810  -0.0001156821  -0.0000858721   0.0001397991
       -0.0000802969   0.0003752259   0.0000732677  -0.0000235764   0.0000510668
        0.0000740445  -0.0000872759   0.0000136235   0.0000144767   0.0001060535
       -0.0000057185  -0.0001248190  -0.0000784340   0.0000281188   0.0000202659
       -0.0009213657   0.0008992606   0.0001152455   0.0007641950   0.0042958084
       -0.0001212382   0.0224328685   0.0416728093  -0.0529393684   0.0147979034
        0.0210519870  -0.0090048237   0.0037393600  -0.0005034373  -0.0039118736
        0.0002233866  -0.0001464903   0.0003211798  -0.0000600945  -0.0002797733
        0.0001468812  -0.0001250717  -0.0003930856  -0.0003810294  -0.0001616912
       -0.0001528067  -0.0000603912   0.0001527127   0.0001610483  -0.0001024782
        0.0000586865  -0.0000199699   0.0001400260   0.0001070423   0.0009031731
        0.0006403191  -0.0006889292   0.0000332276   0.0001991594   0.0000050224
        0.0000339329  -0.0001287024  -0.0000024225  -0.0000370169   0.0000045310
        0.0001181050  -0.0000522260  -0.0001883638  -0.0275406235  -0.0484725721
        0.0633453719  -0.0134143694  -0.0210532316   0.0035628984  -0.0001845259
        0.0008013217   0.0004862328   0.0000331426  -0.0000210908   0.0001224880
        0.0006192927   0.0012263395  -0.0007617670  -0.0000433591  -0.0000409049
        0.0000352651  -0.0000425174   0.0001472580   0.0000827258   0.0000290266
       -0.0000329714   0.0000395003   0.0000268422   0.0001812967  -0.0001559972
       -0.0000128250   0.0000575605  -0.0000487861   0.0000175861   0.0000098262
       -0.0000152275   0.0000095990   0.0000289684   0.0000317648  -0.0000315148
       -0.0000078771  -0.0000226623   0.0002661155  -0.0000774019  -0.0001072666
       -0.0003033132  -0.0001765160  -0.0012051852  -0.0000010213   0.0000044795
        0.0000013592   0.0000310020  -0.0000381174  -0.0000270385   0.0001277856
       -0.0000310895  -0.0000642690  -0.0000260303   0.0000282810  -0.0000284798
       -0.0003776153   0.0000071179  -0.0001629166  -0.0175237261   0.0001868609
       -0.0151370403  -0.1262298777  -0.0339372757  -0.1081101873   0.0075576496
        0.0042042083   0.0132671487   0.0002732000   0.0002215090  -0.0002135761
       -0.0000691304  -0.0000511862  -0.0001238441   0.0000491847  -0.0006640618
        0.0000936261   0.0002872636  -0.0006537371   0.0003396094   0.0000171825
       -0.0000032479  -0.0000251639   0.0000436470   0.0000521591  -0.0000769363
       -0.0004696974  -0.0001353263   0.0001160522  -0.0024505482   0.0031468971
       -0.0011232658  -0.0002406241   0.0002437835  -0.0001544989  -0.0005422323
        0.0000672308  -0.0005604038  -0.0000806278   0.0000049005   0.0000829613
       -0.0007520153  -0.0001655900  -0.0001080186  -0.0117170179  -0.0080854484
       -0.0134143694   0.1520572843   0.0345872685   0.1200710964  -0.0007277662
        0.0004346647   0.0032294446   0.0010496870   0.0002623513   0.0010851929
       -0.0000949548   0.0000687271  -0.0000720843  -0.0000467578   0.0000389980
        0.0000568019   0.0003224710   0.0001872698   0.0002350170  -0.0000558726
       -0.0000994737   0.0001943346  -0.0000386116  -0.0000365473   0.0000733359
        0.0000159253   0.0000066266   0.0000235795   0.0000339212  -0.0000540646
        0.0000365576  -0.0000319897  -0.0000621490  -0.0000360261  -0.0000769543
        0.0001048230  -0.0000132238   0.0000532775  -0.0000739033   0.0001911524
       -0.0000856584   0.0001458834   0.0001525855   0.0000605119   0.0000714760
       -0.0000154556   0.0000255986  -0.0000405489  -0.0000413356  -0.0000904367
       -0.0000207636  -0.0000030288  -0.0001446896   0.0000405682   0.0001428792
        0.0003900676   0.0001673682  -0.0000403309   0.0164399589   0.0019660712
        0.0153810301  -0.0340152013  -0.0552032751  -0.0390095212  -0.0005551038
       -0.0007772934  -0.0050737301   0.0001360379   0.0003324360   0.0002135016
       -0.0000857735  -0.0001243104   0.0000666459  -0.0000643454  -0.0012790576
        0.0006610021  -0.0008737442  -0.0002979856   0.0009684895  -0.0000714192
        0.0000448382  -0.0001618690   0.0000133896  -0.0002354790  -0.0000817877
       -0.0002490603  -0.0000776917   0.0000403923   0.0017279611  -0.0028550175
        0.0004291266  -0.0000368898   0.0002295966  -0.0000911050   0.0007775524
        0.0007995414   0.0007925584  -0.0000376096   0.0000410779   0.0000727408
        0.0006633315   0.0002906453   0.0000430288  -0.0198255421  -0.0098711417
       -0.0210532316   0.0345872685   0.0680114684   0.0498449847   0.0004835380
        0.0004790581  -0.0013914876   0.0000102152  -0.0000402922  -0.0009019285
       -0.0000222842  -0.0001300260  -0.0000494255   0.0000714856  -0.0000186529
        0.0000054529   0.0001495832  -0.0014430625  -0.0004648471   0.0001236610
       -0.0001033056  -0.0000690981   0.0001171602  -0.0000404759   0.0000586051
       -0.0000173562  -0.0000319059  -0.0000111481  -0.0000753566   0.0000489596
       -0.0000469739  -0.0000599413  -0.0000639175  -0.0000570815   0.0001362928
       -0.0000070928  -0.0000820949  -0.0000001984   0.0002019749  -0.0001323624
       -0.0000326647   0.0000062113   0.0001618281   0.0000292414  -0.0000562786
       -0.0000047586  -0.0000426340   0.0000810926   0.0000331896   0.0000407900
       -0.0000191174   0.0000078660   0.0001675897  -0.0000249606  -0.0000576607
       -0.0004456148   0.0000332717  -0.0001348133  -0.0051303679  -0.0010359220
       -0.0040915987  -0.1077274545  -0.0387747999  -0.1759271324  -0.0118679331
       -0.0093479020  -0.0276613590  -0.0004184054  -0.0004723093   0.0004694945
       -0.0001278137   0.0000074990  -0.0002124747  -0.0001047277   0.0000038605
        0.0003890109   0.0005105992   0.0007973509  -0.0005453227   0.0000209398
        0.0001325313   0.0001284183   0.0000636074   0.0000227441  -0.0000110019
        0.0002419885  -0.0001395464   0.0002900883  -0.0004821585   0.0011329739
        0.0005452162   0.0001932723   0.0000739156   0.0001813045   0.0012593811
       -0.0006127516   0.0013620372   0.0000250120  -0.0000202470   0.0000301976
       -0.0002782797  -0.0000667579  -0.0000587436   0.0010411220  -0.0002264170
        0.0035628984   0.1200710964   0.0498449847   0.2055549156   0.0034776856
       -0.0011103078  -0.0052335410  -0.0004428523  -0.0000349990   0.0007512162
       -0.0000164334  -0.0000937816   0.0001930308   0.0000345601  -0.0000442419
       -0.0000171339  -0.0000381503   0.0000420376   0.0004590989   0.0000310612
       -0.0001193755   0.0000782015   0.0000501813  -0.0000374446  -0.0000477064
        0.0000039530   0.0000253123  -0.0000427211   0.0000594558  -0.0000410623
       -0.0000200490  -0.0000265169   0.0000266037   0.0000072248   0.0000274057
       -0.0000609127  -0.0000567401   0.0000522499  -0.0000036552   0.0000217627
        0.0000494710   0.0000381347  -0.0000441563   0.0000026401   0.0000536324
        0.0000379750  -0.0000072295   0.0000049370  -0.0000248484  -0.0000348841
       -0.0000214494   0.0000282453  -0.0000668606   0.0000240936   0.0000390059
       -0.0000573122  -0.0000452392  -0.0000102145   0.0001595375   0.0001632448
       -0.0000575795   0.0082544496   0.0069385328   0.0122044134  -0.0998039248
       -0.0515360345  -0.0849150240  -0.0059392784  -0.0089898385  -0.0069143068
        0.0001922035   0.0005927945  -0.0004083661  -0.0000255440  -0.0000452071
       -0.0002107570  -0.0008704896  -0.0022353218   0.0009156272  -0.0000431452
        0.0008389748   0.0003338042  -0.0000679634   0.0000843131   0.0000402759
        0.0001099435  -0.0003111556  -0.0000900700   0.0003268700   0.0000952968
        0.0002633974  -0.0018781593   0.0006367627   0.0004708611  -0.0001691481
        0.0000191589  -0.0000462125   0.0000194269  -0.0000420616  -0.0000340350
       -0.0000404082  -0.0001029543  -0.0001041369   0.0007443796   0.0003171351
       -0.0001845259  -0.0007277662   0.0004835380   0.0034776856   0.1201726731
        0.0629715932   0.0978285379  -0.0173929754  -0.0097428040  -0.0216587196
       -0.0002305390  -0.0001137780  -0.0000623184  -0.0001863157   0.0000063855
       -0.0000996392  -0.0000195393  -0.0000253796   0.0000264032  -0.0000024013
       -0.0000153800  -0.0000156079  -0.0002788184   0.0010782884  -0.0005165240
       -0.0000138026  -0.0000315391   0.0000039867   0.0000099633   0.0000227549
        0.0000027296   0.0000118978   0.0002239581  -0.0001614516   0.0000607803
       -0.0000655529   0.0000544302   0.0000734221  -0.0002117964  -0.0000421317
       -0.0024713679  -0.0009147964  -0.0000099597  -0.0000229386   0.0000193259
        0.0000042817   0.0000570014  -0.0000434275  -0.0000234828   0.0000562849
       -0.0000104520  -0.0000508405  -0.0000069958  -0.0000093388  -0.0000105302
        0.0001384003  -0.0002165539   0.0000049562  -0.0001661136   0.0000023327
       -0.0001424248  -0.0025344680  -0.0018464382  -0.0048803170  -0.0516208967
       -0.0913944338  -0.0797931060  -0.0164375541  -0.0195805645  -0.0174987296
       -0.0006437073   0.0004526600  -0.0012880073  -0.0000508986   0.0001064704
       -0.0002510334  -0.0024686628  -0.0049540748   0.0027663974  -0.0001838125
        0.0005472684   0.0007003802  -0.0000689582   0.0000078605  -0.0000348558
       -0.0001291334  -0.0004730459  -0.0006730251   0.0002663996  -0.0001507717
       -0.0001878120  -0.0003661259  -0.0000035682   0.0003259577  -0.0000025138
       -0.0000191962   0.0001313205  -0.0000320661   0.0000193030   0.0000534558
       -0.0000862977   0.0000473094   0.0000527857  -0.0000072827   0.0005418312
        0.0008013217   0.0004346647   0.0004790581  -0.0011103078   0.0629715932
        0.1074851681   0.0898553537   0.0094647081   0.0076065163   0.0114848193
       -0.0000262737   0.0003940849  -0.0000682506  -0.0001301964   0.0003592337
       -0.0001094192   0.0000472902   0.0000259592  -0.0000133704  -0.0000119217
        0.0000464027   0.0000322853   0.0018622735  -0.0007240443   0.0001080291
       -0.0000279029   0.0000128285   0.0000058840   0.0000651964  -0.0000100038
       -0.0000057201  -0.0000137684   0.0005593237  -0.0005460649  -0.0000504786
       -0.0002696504   0.0002097005  -0.0001299888  -0.0000140062  -0.0000102474
       -0.0000379434   0.0009302657   0.0000422723   0.0000108093   0.0000289633
        0.0000272036  -0.0000119688  -0.0000120990  -0.0000174815  -0.0000312952
        0.0000023187   0.0000125136   0.0000088940   0.0000132926   0.0000155364
        0.0000689686  -0.0001675992  -0.0001202371   0.0000212072  -0.0002205242
        0.0001713767  -0.0101832982  -0.0107769156  -0.0224719651  -0.0849743386
       -0.0790528328  -0.1652757719   0.0041316555   0.0036143757   0.0065115598
       -0.0005503454  -0.0002779506   0.0000674540   0.0000171628  -0.0000345009
        0.0001622479  -0.0001596142   0.0011916371  -0.0003406148   0.0003244890
        0.0005583796   0.0000623746  -0.0000693661   0.0000827109  -0.0000414867
        0.0002063005  -0.0000058678   0.0002524306  -0.0000354585  -0.0002941272
       -0.0003069192  -0.0002026896   0.0000113157  -0.0001067938   0.0000861089
        0.0000746191   0.0001638971   0.0000320715  -0.0000485838  -0.0000283131
       -0.0001067666   0.0001167349   0.0001572496  -0.0005471642  -0.0000667091
        0.0004862328   0.0032294446  -0.0013914876  -0.0052335410   0.0978285379
        0.0898553537   0.1925762671  -0.0093020403  -0.0039750170  -0.0086791851
        0.0000166379   0.0000282962   0.0003211841   0.0000576886  -0.0001601379
       -0.0000934629  -0.0000580107   0.0001394843   0.0000898516   0.0000287891
       -0.0000091959   0.0000367603  -0.0002371254   0.0002028261   0.0004328478
       -0.0000178486   0.0000181066   0.0000044437   0.0000348114  -0.0000063402
        0.0000217287   0.0000457719  -0.0000562066   0.0001226526   0.0000462367
        0.0000687407  -0.0000765059  -0.0003423237   0.0001045137   0.0000839411
        0.0007096701   0.0003818196   0.0009997842   0.0000141080   0.0000362715
        0.0000105487  -0.0000605506   0.0000355066  -0.0000029652  -0.0000562626
        0.0000034835   0.0000045147   0.0000035430   0.0000198212   0.0000384141
        0.0000791673  -0.0002546714  -0.0000170907  -0.0013305363  -0.0002231311
        0.0035815940  -0.0175232403   0.0122490297  -0.0008432508  -0.1848024520
        0.1012776451  -0.0497995547   0.0062160916  -0.0045151342   0.0020297100
        0.0001906977  -0.0014303484   0.0000035710   0.0000729769   0.0000582483
       -0.0000738987   0.0003975404   0.0002515287   0.0003381348  -0.0002058562
        0.0000531142   0.0000651707   0.0000949728  -0.0002218882  -0.0000184585
        0.0001451405  -0.0001375789   0.0000465287   0.0000992962   0.0000661045
        0.0000242354  -0.0001128611  -0.0001796572   0.0000215074  -0.0006457417
        0.0007776342   0.0001732262  -0.0000678427   0.0001308680   0.0000485927
       -0.0001238392  -0.0000197020  -0.0000778358  -0.0003672673  -0.0002169294
        0.0000331426   0.0010496870   0.0000102152  -0.0004428523  -0.0173929754
        0.0094647081  -0.0093020403   0.2133759069  -0.1170101382   0.0539898060
        0.0006615048  -0.0001773049  -0.0000540587   0.0002098744  -0.0003042538
        0.0002027505  -0.0000706829  -0.0000046156   0.0000280331  -0.0000181911
       -0.0000109360   0.0000274927   0.0002772385   0.0001993205  -0.0000405868
        0.0000199200   0.0000256432   0.0000100065   0.0000313387  -0.0000378624
        0.0000119004  -0.0000265875   0.0001072189   0.0000215495  -0.0000436201
       -0.0001004809   0.0000391640  -0.0000545528   0.0000240940   0.0000478680
       -0.0001831951   0.0002512200  -0.0000479743   0.0000238413  -0.0000542218
       -0.0000096258   0.0000421969  -0.0000407655  -0.0000076875   0.0000157854
        0.0000062143   0.0000079780  -0.0000337356  -0.0000131870  -0.0000170473
       -0.0001494111   0.0001246603   0.0001747127   0.0008967435   0.0004671515
       -0.0013254756   0.0060740447  -0.0029382225  -0.0003809296   0.1005644534
       -0.1129321663   0.0326751380   0.0196769357  -0.0211961978   0.0098137820
       -0.0028256422  -0.0053774048   0.0017132556  -0.0000364634   0.0000710186
       -0.0000346627   0.0014692538   0.0003516541   0.0005209474  -0.0002452794
        0.0005548554   0.0000836347  -0.0000765654   0.0001810628  -0.0000656351
       -0.0000882794   0.0003440494  -0.0002071597   0.0000483235  -0.0001512538
        0.0000043264  -0.0001724891  -0.0000305351  -0.0001163327   0.0002053633
       -0.0002522212  -0.0000224856   0.0000529935  -0.0000668643  -0.0000900286
        0.0000337864   0.0000443193   0.0000449284  -0.0000017248   0.0000640477
       -0.0000210908   0.0002623513  -0.0000402922  -0.0000349990  -0.0097428040
        0.0076065163  -0.0039750170  -0.1170101382   0.1334508621  -0.0394677182
        0.0002570839   0.0006921753  -0.0000289856   0.0011635679  -0.0013501416
        0.0004658551  -0.0000085150  -0.0000203718  -0.0000218943  -0.0000068237
        0.0000791447   0.0000625167   0.0000157068   0.0000458204  -0.0001293840
       -0.0000302447   0.0000550793   0.0000214120  -0.0000553633   0.0000186074
       -0.0000034115  -0.0000292014  -0.0000046880   0.0002052030  -0.0003832691
        0.0000730916   0.0000145275  -0.0000756389   0.0000299040   0.0000454869
        0.0002182188   0.0000685720   0.0000369458   0.0000007576   0.0000199274
        0.0000264700  -0.0000174783   0.0000098076   0.0000171788  -0.0000085924
        0.0000100428  -0.0000173126   0.0000243394  -0.0000020107   0.0000162012
       -0.0001292500   0.0002338791  -0.0001003976   0.0028301219  -0.0006424119
       -0.0031686883   0.0202871284  -0.0139870381   0.0021035471  -0.0501624638
        0.0329278454  -0.0586362461  -0.0075777596   0.0085262537  -0.0033172063
        0.0008700846   0.0025281916  -0.0005497640  -0.0000310710  -0.0001445207
        0.0000489705   0.0000455136  -0.0005203718   0.0002817814   0.0000867076
       -0.0000634182   0.0001288656   0.0000094263   0.0000056799  -0.0000078827
       -0.0000385360  -0.0000014547  -0.0000823957   0.0001042196  -0.0002552338
       -0.0001294432  -0.0000964533  -0.0001795208   0.0000283152   0.0006247167
       -0.0007551022  -0.0001928776  -0.0000329232  -0.0000110295   0.0000719923
        0.0001444065   0.0000824825   0.0001015346  -0.0000674224   0.0000207426
        0.0001224880   0.0010851929  -0.0009019285   0.0007512162  -0.0216587196
        0.0114848193  -0.0086791851   0.0539898060  -0.0394677182   0.0715680415
       -0.0003417185   0.0003427980  -0.0001379157  -0.0004372417   0.0005098464
       -0.0002328761   0.0000653424   0.0000010226   0.0000023241   0.0000155957
       -0.0000124743  -0.0000243192   0.0003031589  -0.0000279626   0.0000339958
       -0.0000026185  -0.0000280203  -0.0000165856   0.0000269482  -0.0000033742
       -0.0000238430   0.0000389984   0.0000165647  -0.0001262388   0.0000933383
        0.0000179952   0.0001089901  -0.0000961309   0.0000519759   0.0000360037
        0.0000370142   0.0001915655   0.0000176615   0.0000196535   0.0000203091
        0.0000018130  -0.0000217589   0.0000411878  -0.0000026765  -0.0000304642
       -0.0000097741   0.0000236706   0.0000471579   0.0000081943  -0.0000026695
       -0.0039611196   0.0041389360  -0.0007244245   0.0001880393   0.0000133189
       -0.0003079869  -0.0001166698  -0.0025865089   0.0005898131  -0.0076076565
       -0.0007633301   0.0100901512  -0.1415942269   0.0231014860   0.1113312056
       -0.0160871092   0.0057522701   0.0179186119  -0.0005767323  -0.0010044524
       -0.0011976254   0.0065356532  -0.0010001214  -0.0071334548   0.0002941389
       -0.0012310484  -0.0009791581  -0.0000356915  -0.0001424696   0.0010093544
        0.0004845010  -0.0007415073  -0.0008476240   0.0002231716   0.0000913906
        0.0000843073  -0.0000573260   0.0000476228  -0.0000419394   0.0000516879
       -0.0000433545  -0.0000712710  -0.0005286312   0.0005630975   0.0003013037
       -0.0000342153  -0.0000547779  -0.0000074716  -0.0003685588   0.0000544711
        0.0006192927  -0.0000949548  -0.0000222842  -0.0000164334  -0.0002305390
       -0.0000262737   0.0000166379   0.0006615048   0.0002570839  -0.0003417185
        0.1621705293  -0.0258879545  -0.1302279600   0.0007851276  -0.0004286727
        0.0001324317   0.0001172969  -0.0001492584  -0.0001991597   0.0000378855
       -0.0000933117  -0.0000689697  -0.0002015987   0.0003481464  -0.0000315570
        0.0000216662  -0.0000040658   0.0000148819   0.0000526591  -0.0000146279
        0.0000082213  -0.0001143660  -0.0001128853   0.0002553432  -0.0000803843
        0.0000561246  -0.0001114464   0.0000105347  -0.0000152791  -0.0000154735
       -0.0000426879   0.0000032908   0.0000557865   0.0000220645  -0.0000737727
       -0.0000482223   0.0000556594  -0.0000178276  -0.0000247147   0.0000279891
       -0.0000089294  -0.0000116735  -0.0000076411  -0.0000045251  -0.0000190582
        0.0028594670  -0.0024736704  -0.0006300367   0.0001178796  -0.0000831381
       -0.0001468644  -0.0022899542  -0.0042799456   0.0018314931  -0.0175358648
       -0.0000832449   0.0202673716   0.0232376982  -0.0428041725  -0.0244580299
        0.0101848916  -0.0027074956  -0.0107295258   0.0007181465  -0.0015909109
       -0.0025174998   0.0077338937  -0.0038787913  -0.0134731499  -0.0000445160
        0.0001208545   0.0003674989   0.0000772198   0.0000611188  -0.0006045596
        0.0010361862   0.0000061291   0.0003586734   0.0000015082  -0.0000578827
        0.0000027246  -0.0000594655   0.0000504878  -0.0000263213   0.0000289682
       -0.0000334670  -0.0000010122   0.0003076669  -0.0003292424  -0.0001803422
       -0.0000044341   0.0000239818  -0.0000087610  -0.0008102438  -0.0001047076
        0.0012263395   0.0000687271  -0.0001300260  -0.0000937816  -0.0001137780
        0.0003940849   0.0000282962  -0.0001773049   0.0006921753   0.0003427980
       -0.0258879545   0.0577730625   0.0288630645   0.0003025800   0.0000699490
       -0.0005272510   0.0003271073  -0.0003907557  -0.0001860617   0.0001601497
       -0.0001877835  -0.0001872065  -0.0001193014  -0.0001087478   0.0000515594
       -0.0000102333   0.0000140616  -0.0000156283  -0.0000409458  -0.0000035239
       -0.0000016824  -0.0000717707  -0.0003726168   0.0004155210  -0.0000090122
        0.0003799587  -0.0000551964   0.0000077772  -0.0000057698   0.0000092499
        0.0000116528   0.0000163272   0.0000463578  -0.0000089882   0.0000374918
        0.0000338434  -0.0000141632  -0.0000019334   0.0000090634   0.0000089370
       -0.0000048237  -0.0000146440   0.0000074735  -0.0000070338   0.0000037000
       -0.0015171728   0.0003910711  -0.0001344520  -0.0000979679  -0.0000007044
        0.0001362599   0.0012577295   0.0030003857  -0.0001675044   0.0093032690
        0.0014392126  -0.0096568357   0.1121118682  -0.0257230452  -0.1685665496
       -0.0050773919   0.0011395677   0.0057082370  -0.0004654905  -0.0022816791
       -0.0026996529   0.0137582988  -0.0059969036  -0.0182171687   0.0004123799
        0.0001812742   0.0000966000  -0.0001383912   0.0002126346   0.0001987174
        0.0008457014  -0.0002103230   0.0007255307  -0.0001253772  -0.0000022744
       -0.0000575710   0.0000155058  -0.0000452884   0.0000263860  -0.0001114760
        0.0000586252   0.0001249755  -0.0000412107  -0.0000174153   0.0000550419
       -0.0000061961   0.0000143377   0.0000325858   0.0005152840  -0.0000049336
       -0.0007617670  -0.0000720843  -0.0000494255   0.0001930308  -0.0000623184
       -0.0000682506   0.0003211841  -0.0000540587  -0.0000289856  -0.0001379157
       -0.1302279600   0.0288630645   0.1923029766  -0.0000682169  -0.0003279774
        0.0005137349   0.0003966429  -0.0004117786  -0.0001811303   0.0003029451
       -0.0003044614  -0.0002977445  -0.0000289861  -0.0001490697  -0.0000080168
       -0.0000277002  -0.0000500736  -0.0000222297   0.0000194654   0.0000144394
        0.0000032859  -0.0002425762  -0.0003134465   0.0008264008  -0.0005876619
        0.0005458496  -0.0003705322   0.0000025339   0.0000227340   0.0000037077
        0.0000432015   0.0000107193  -0.0000318725  -0.0000176046   0.0000816388
        0.0000352913  -0.0000201172  -0.0000005494  -0.0000085052  -0.0000164059
        0.0000024960  -0.0000044918   0.0000215395   0.0000085350   0.0000199938
       -0.0061651969  -0.0118438841   0.0100386848  -0.0005509613   0.0009898609
        0.0026604243   0.0000377477   0.0000618137  -0.0000560888  -0.0030456891
        0.0024234027  -0.0018797385   0.0039238476   0.0192198149  -0.0100977704
       -0.0631886651  -0.0575451555   0.0343277072   0.0002024003  -0.0000050161
       -0.0011331997   0.0003219813   0.0008205629  -0.0002942454  -0.0172280884
       -0.0251436823   0.0017350010  -0.0001178180  -0.0010668595   0.0008666926
       -0.0001411045  -0.0000568935   0.0000989245  -0.0000303132  -0.0001482062
       -0.0002360015  -0.0002112184  -0.0002223144   0.0004885252  -0.0003300183
       -0.0006229564   0.0006890563   0.0002438964   0.0000135456  -0.0006651610
       -0.0000788947   0.0000156133  -0.0000086100  -0.0000025837   0.0000547744
       -0.0000433591  -0.0000467578   0.0000714856   0.0000345601  -0.0001863157
       -0.0001301964   0.0000576886   0.0002098744   0.0011635679  -0.0004372417
        0.0007851276   0.0003025800  -0.0000682169   0.0867840533   0.0739559331
       -0.0326007835  -0.0001692382   0.0000480903   0.0000100605   0.0001806258
       -0.0000082922  -0.0001138908  -0.0007738288  -0.0032872179  -0.0037745784
       -0.0002225560   0.0010000059   0.0004360483  -0.0002414265  -0.0000997754
       -0.0000715281   0.0000307704  -0.0000134192   0.0000215843   0.0000170457
        0.0000176651   0.0000262426   0.0000016358   0.0000107233   0.0000148263
       -0.0001048437   0.0000932243  -0.0000126745   0.0000522073  -0.0000666049
        0.0000098078   0.0000053917  -0.0000132912   0.0000091239   0.0000320582
        0.0000114482  -0.0000146520   0.0000068546  -0.0000003469  -0.0000172179
        0.0002737731   0.0022419910   0.0005723011   0.0004817303   0.0006078236
       -0.0006153642  -0.0001131779   0.0000797738  -0.0001086938   0.0041230896
       -0.0020125486   0.0018056397  -0.0023639963  -0.0203565656   0.0121355209
       -0.0573455920  -0.1848485700   0.0798846805   0.0001320590   0.0004572924
       -0.0009292410  -0.0004730669  -0.0000947312  -0.0005197640  -0.0179278460
       -0.0192541927  -0.0009999257   0.0008794411   0.0006625268  -0.0016777296
        0.0001657901   0.0000458845  -0.0001117715  -0.0001486142  -0.0003702724
       -0.0002114874  -0.0001878112  -0.0001327599   0.0004995195   0.0000779893
       -0.0000167323  -0.0000499810  -0.0001023273   0.0002454221   0.0003257230
       -0.0000130781   0.0000606877   0.0000123882   0.0000424589   0.0000206949
       -0.0000409049   0.0000389980  -0.0000186529  -0.0000442419   0.0000063855
        0.0003592337  -0.0001601379  -0.0003042538  -0.0013501416   0.0005098464
       -0.0004286727   0.0000699490  -0.0003279774   0.0739559331   0.2251339621
       -0.0863663432   0.0000384012  -0.0000222314  -0.0000515767   0.0000472557
        0.0001681335  -0.0001825555  -0.0008812267  -0.0015118648  -0.0031445895
        0.0002785335  -0.0000198441  -0.0002698233  -0.0001297307  -0.0001388448
        0.0000913031  -0.0000539834  -0.0000387589   0.0000169487   0.0000192159
       -0.0000358925  -0.0000231530  -0.0000158617   0.0000027943   0.0000016639
       -0.0000575955   0.0001029089   0.0000072872  -0.0000223142  -0.0000288098
       -0.0000340391  -0.0000112658   0.0000144682   0.0000171396   0.0000153590
       -0.0000141107   0.0000082864   0.0000040009  -0.0000080224  -0.0000189476
        0.0113477328   0.0193722629  -0.0158338138   0.0018326719  -0.0017714626
       -0.0042019101  -0.0000487669  -0.0001579425   0.0003292212  -0.0017358250
        0.0007590879   0.0001571637   0.0006405256   0.0077743318  -0.0029267028
        0.0345374132   0.0807737822  -0.0851587267   0.0004948932   0.0004770948
        0.0000182816  -0.0003753692   0.0008661931  -0.0001902105  -0.0119870160
       -0.0192100741   0.0067374699  -0.0002699184   0.0011826569   0.0000990524
       -0.0000476163  -0.0001303745   0.0000267633  -0.0003643492  -0.0001598822
       -0.0000607089  -0.0000128295  -0.0000995950   0.0002035202   0.0005137105
        0.0011064281  -0.0009865612  -0.0004134754  -0.0000140924   0.0005066364
        0.0000878991   0.0000281323   0.0000557591  -0.0000115160  -0.0000967457
        0.0000352651   0.0000568019   0.0000054529  -0.0000171339  -0.0000996392
       -0.0001094192  -0.0000934629   0.0002027505   0.0004658551  -0.0002328761
        0.0001324317  -0.0005272510   0.0005137349  -0.0326007835  -0.0863663432
        0.1028435095  -0.0000088638  -0.0001276130   0.0002560156  -0.0000708092
       -0.0006599367  -0.0006382633  -0.0022702810  -0.0024412296  -0.0013841572
        0.0004026342  -0.0009186091   0.0000496851  -0.0000447909  -0.0000871523
        0.0000370718   0.0000147130  -0.0000219692  -0.0000343303   0.0000959356
       -0.0000039403   0.0000142302   0.0000282886   0.0000290753  -0.0000247776
       -0.0000586306  -0.0000375508  -0.0000135453   0.0000678061   0.0000780548
       -0.0001129810  -0.0000206296   0.0000428070  -0.0000178932  -0.0000341702
       -0.0000253122   0.0000292550   0.0000190723   0.0000052802   0.0000154199
        0.0010770272   0.0015762021  -0.0230081894   0.0008526483   0.0004603427
       -0.0013174332   0.0000279065  -0.0001957718   0.0000966767   0.0000197512
        0.0000806762   0.0002012570  -0.0014487011   0.0011792169   0.0012353248
       -0.0029574051  -0.0007248462  -0.0013751383  -0.0420465306  -0.0039922587
        0.0212627315  -0.0044557560  -0.0008025605   0.0221689862  -0.0001004425
       -0.0007634512  -0.0016735259  -0.0004228978  -0.0004841916  -0.0009551137
        0.0002087831   0.0009762196   0.0008581389   0.0000501919   0.0001396059
       -0.0000977069   0.0000602485   0.0000017159   0.0000546412  -0.0010193415
       -0.0005545164   0.0002929145  -0.0000136740  -0.0001314247   0.0004915316
        0.0000063664  -0.0000237448   0.0000596092  -0.0000815389  -0.0000269139
       -0.0000425174   0.0003224710   0.0001495832  -0.0000381503  -0.0000195393
        0.0000472902  -0.0000580107  -0.0000706829  -0.0000085150   0.0000653424
        0.0001172969   0.0003271073   0.0003966429  -0.0001692382   0.0000384012
       -0.0000088638   0.0499812616   0.0034952029  -0.0240084609   0.0010898139
       -0.0020597679   0.0064650100   0.0000537699   0.0000772737  -0.0000473113
       -0.0001029101  -0.0000653199   0.0000278962  -0.0003607289   0.0002658297
        0.0000198931  -0.0004792488  -0.0005496196   0.0000995736   0.0003133599
        0.0006619427  -0.0010466233   0.0000228553   0.0000403776   0.0000322362
       -0.0000054404   0.0000418206   0.0000102696  -0.0004333491   0.0007995846
       -0.0001603472  -0.0000497607   0.0000248229  -0.0000579421  -0.0000257312
       -0.0000284684   0.0000275441   0.0000591655   0.0000281544   0.0000291148
        0.0001355707   0.0005152893  -0.0067356698  -0.0002266257   0.0001310808
       -0.0011853164  -0.0003408940  -0.0003990007  -0.0005569847   0.0000494059
       -0.0000967938  -0.0001182699   0.0011274051  -0.0016770662  -0.0016050554
       -0.0006697381  -0.0007363738  -0.0011428322  -0.0039011977  -0.0416537805
        0.0298291094   0.0052598804   0.0008047291  -0.0168119965   0.0000133542
       -0.0000855921  -0.0005815286   0.0000701455   0.0001132012   0.0003831209
       -0.0007490222   0.0002638168  -0.0008040293  -0.0000870786  -0.0000481460
       -0.0000048353   0.0000194369  -0.0000176904   0.0000272074  -0.0007899908
        0.0000775056   0.0000411881  -0.0000948127  -0.0001890695  -0.0003372453
        0.0000492517   0.0000246606   0.0000278954   0.0001347868   0.0000617718
        0.0001472580   0.0001872698  -0.0014430625   0.0000420376  -0.0000253796
        0.0000259592   0.0001394843  -0.0000046156  -0.0000203718   0.0000010226
       -0.0001492584  -0.0003907557  -0.0004117786   0.0000480903  -0.0000222314
       -0.0001276130   0.0034952029   0.0532968643  -0.0326745092  -0.0042213625
       -0.0080374244   0.0321400431   0.0000267587   0.0000597284  -0.0000337375
       -0.0000669005   0.0000517558  -0.0000693049  -0.0000081719   0.0000886412
       -0.0001497601  -0.0001239525   0.0004672193  -0.0002708460  -0.0001642734
       -0.0007741358   0.0006014416   0.0000313657   0.0000325345   0.0000011561
        0.0000083116  -0.0000087664  -0.0000166662   0.0008835814  -0.0004129718
        0.0002410325   0.0000494750   0.0000210175   0.0000026185  -0.0000092815
       -0.0000030425   0.0000075980   0.0000432629  -0.0000195000   0.0000057656
       -0.0005099590   0.0005322542  -0.0163066119   0.0009219692   0.0011232772
        0.0006962575  -0.0000363441   0.0002633167   0.0000622287   0.0000457604
       -0.0001101661  -0.0003207375   0.0009079953  -0.0006744913  -0.0009625085
       -0.0024491807  -0.0009816408  -0.0016008220   0.0195415210   0.0304746819
       -0.2687257035   0.0055937929  -0.0021137933  -0.0128273018  -0.0001746905
       -0.0006651960  -0.0013718579  -0.0003017454  -0.0002978970  -0.0010660390
       -0.0014301185   0.0000976363   0.0002504877   0.0000613788   0.0001764616
        0.0000140034   0.0000834810   0.0000241812   0.0001529071  -0.0005256980
       -0.0003159848   0.0005642205   0.0000520655  -0.0002682321   0.0005862531
        0.0000620060   0.0000103935   0.0000769226   0.0001323976   0.0000827282
        0.0000827258   0.0002350170  -0.0004648471   0.0004590989   0.0000264032
       -0.0000133704   0.0000898516   0.0000280331  -0.0000218943   0.0000023241
       -0.0001991597  -0.0001860617  -0.0001811303   0.0000100605  -0.0000515767
        0.0002560156  -0.0240084609  -0.0326745092   0.3101127223   0.0018846955
        0.0051734541  -0.0107963575   0.0001783443   0.0001258382  -0.0000140183
       -0.0000068370  -0.0001746595  -0.0000409423  -0.0000584685   0.0001625500
        0.0000046158   0.0003947358   0.0005372488  -0.0001475878  -0.0002483435
       -0.0004877654   0.0006842238   0.0000273758   0.0000227332   0.0000164098
        0.0000045591   0.0000159289  -0.0000234347  -0.0001877320   0.0006400839
        0.0002741698  -0.0000828336   0.0000347869  -0.0000420472  -0.0000178105
       -0.0000288160   0.0000368582   0.0000457898   0.0000333470   0.0000048037
       -0.0084409687  -0.0235207587   0.0028890627  -0.0038642121  -0.0020908760
       -0.0025688475   0.0000145902   0.0001613470  -0.0001293012   0.0001103812
        0.0000331233  -0.0001124689  -0.0013540443   0.0008639504   0.0007081237
       -0.0002466379  -0.0001890720   0.0002548120  -0.0463820848  -0.0419038516
        0.0072711101   0.0005945439   0.0233525073  -0.0027608407  -0.0001313734
        0.0000622102  -0.0001356808  -0.0000690669  -0.0016879267   0.0007615649
       -0.0001097628   0.0014225191   0.0009389078  -0.0001850556  -0.0009662141
        0.0006237902  -0.0002048540  -0.0000356378  -0.0000669333   0.0000203574
        0.0001262514  -0.0001436490  -0.0000210091   0.0001632191  -0.0002548758
       -0.0001162758  -0.0000468289  -0.0000695677  -0.0000106278   0.0000735139
        0.0000290266  -0.0000558726   0.0001236610   0.0000310612  -0.0000024013
       -0.0000119217   0.0000287891  -0.0000181911  -0.0000068237   0.0000155957
        0.0000378855   0.0001601497   0.0003029451   0.0001806258   0.0000472557
       -0.0000708092   0.0010898139  -0.0042213625   0.0018846955   0.0602360965
        0.0482040675  -0.0096305399   0.0000082407   0.0000030755  -0.0000377434
       -0.0004379077   0.0004928367  -0.0008109631   0.0003634913   0.0000066412
        0.0000789938   0.0000439328   0.0003791426  -0.0005511201  -0.0004060612
       -0.0012774363   0.0008168832  -0.0000261037   0.0000561977  -0.0001632236
       -0.0000240028   0.0000044435   0.0000733752  -0.0005963369   0.0002323516
        0.0008260304  -0.0000085106  -0.0000505930  -0.0000021548   0.0000307491
        0.0000165878  -0.0000229906  -0.0000193471   0.0000242508  -0.0000030576
       -0.0059060824  -0.0112572660   0.0011621435  -0.0018361748  -0.0005761509
       -0.0015278307  -0.0000110680   0.0000400531   0.0001753229  -0.0000688915
        0.0001281559   0.0001087823   0.0016258382  -0.0008384565  -0.0009001136
       -0.0000945670  -0.0002552879   0.0005199349  -0.0447566829  -0.2482200188
        0.0461374004   0.0043943146  -0.0218634819   0.0007869072   0.0000262292
        0.0002388617  -0.0000783091   0.0017910824   0.0006052861  -0.0001162803
       -0.0012657551   0.0000766999  -0.0009654922   0.0000545963  -0.0005118280
        0.0003517519  -0.0001268104   0.0000597211  -0.0000137907   0.0000982021
       -0.0000324354  -0.0001179391  -0.0001277224   0.0003800659   0.0006952494
       -0.0000520489   0.0000064571  -0.0000422807   0.0000477288   0.0001145765
       -0.0000329714  -0.0000994737  -0.0001033056  -0.0001193755  -0.0000153800
        0.0000464027  -0.0000091959  -0.0000109360   0.0000791447  -0.0000124743
       -0.0000933117  -0.0001877835  -0.0003044614  -0.0000082922   0.0001681335
       -0.0006599367  -0.0020597679  -0.0080374244   0.0051734541   0.0482040675
        0.2884571048  -0.0501798774   0.0001172680   0.0000710941   0.0000217714
       -0.0001480695   0.0005543148  -0.0001080972   0.0003519243  -0.0000165139
       -0.0000736749   0.0000230102  -0.0005536528   0.0007063740   0.0003625512
        0.0012335842  -0.0007411152  -0.0000371450   0.0000048572  -0.0000927740
        0.0000168856   0.0000007911   0.0000404602  -0.0003681866   0.0001976023
        0.0002205518  -0.0000247476  -0.0000208806   0.0000178796   0.0000314310
        0.0000059210  -0.0000081364  -0.0000340158   0.0000056585  -0.0000138568
       -0.0036969153  -0.0122274736   0.0022493345  -0.0012228098  -0.0004431509
       -0.0007885335   0.0000278126   0.0002425042  -0.0001124673  -0.0000469382
        0.0000526896   0.0000932641   0.0010728736  -0.0002308479  -0.0014954224
       -0.0006157896  -0.0005821902   0.0001107112   0.0074098792   0.0434752805
       -0.0496303139   0.0008634359  -0.0111374646   0.0026735318   0.0001685134
        0.0001579500   0.0000014681  -0.0003013224  -0.0005764308   0.0014358038
       -0.0006434360  -0.0004555443   0.0004115987  -0.0001643732  -0.0002359703
        0.0003748490   0.0000014707  -0.0000035741  -0.0000550936  -0.0001447523
        0.0001353232   0.0000058964   0.0000062265  -0.0001810414  -0.0006289953
       -0.0000277455   0.0000059594  -0.0000127187   0.0000434588   0.0000083716
        0.0000395003   0.0001943346  -0.0000690981   0.0000782015  -0.0000156079
        0.0000322853   0.0000367603   0.0000274927   0.0000625167  -0.0000243192
       -0.0000689697  -0.0001872065  -0.0002977445  -0.0001138908  -0.0001825555
       -0.0006382633   0.0064650100   0.0321400431  -0.0107963575  -0.0096305399
       -0.0501798774   0.0578907173  -0.0000601088  -0.0000100015  -0.0000197710
       -0.0003261397   0.0002947587  -0.0002933612   0.0000861012  -0.0000699477
       -0.0000835968  -0.0003683608  -0.0002600279   0.0001621844   0.0002493456
        0.0004713048  -0.0005806682   0.0000152442   0.0000385107  -0.0000452000
        0.0000011881  -0.0000210401   0.0000206776   0.0007850415  -0.0000672993
       -0.0000699395   0.0000273195   0.0000118350  -0.0000003505   0.0000008267
       -0.0000030141  -0.0000133598   0.0000021252  -0.0000055766   0.0000019776
        0.0011293314   0.0005304019  -0.0005066132   0.0006278974   0.0001936303
       -0.0000708328  -0.0002221612  -0.0000174773  -0.0003367479  -0.0002530869
       -0.0005119586  -0.0001779907  -0.0000257812  -0.0005500220   0.0008585080
       -0.0182294224  -0.0189010637   0.0048603006  -0.0001094596  -0.0000209745
        0.0003288548  -0.0002862612  -0.0003935417  -0.0003490493  -0.1307194764
       -0.1501206537   0.0821957291   0.0003230135  -0.0002552701  -0.0000011819
        0.0000388984   0.0001001165   0.0000585337   0.0001180757   0.0035172357
        0.0040295718   0.0008864682  -0.0015729876  -0.0051590930   0.0000514889
        0.0000944442   0.0001244587  -0.0001500013   0.0000192224   0.0001278775
        0.0002431647  -0.0002790587  -0.0002739938   0.0000712181  -0.0000259372
        0.0000268422  -0.0000386116   0.0001171602   0.0000501813  -0.0002788184
        0.0018622735  -0.0002371254   0.0002772385   0.0000157068   0.0003031589
       -0.0002015987  -0.0001193014  -0.0000289861  -0.0007738288  -0.0008812267
       -0.0022702810   0.0000537699   0.0000267587   0.0001783443   0.0000082407
        0.0001172680  -0.0000601088   0.1471179348   0.1681052215  -0.0847516250
       -0.0000396844   0.0000359966  -0.0000186136  -0.0000591214   0.0003083957
       -0.0000204456   0.0000878270   0.0000725642   0.0000914509  -0.0000239244
        0.0000035694  -0.0000273524  -0.0006074252   0.0000884641  -0.0003070565
        0.0008909445  -0.0014750311   0.0013624374  -0.0000520346  -0.0000436340
       -0.0000232290   0.0001164917  -0.0000284149   0.0001153008   0.0001778853
        0.0000432537  -0.0001430637  -0.0001491910  -0.0000551305   0.0000518396
       -0.0010919795   0.0007151073   0.0013433702   0.0000434555   0.0004056068
       -0.0000993552  -0.0003050631  -0.0000260965  -0.0001688679   0.0001755342
        0.0001795512   0.0003590716  -0.0000128541   0.0008635284   0.0004099695
       -0.0126217553  -0.0162610105  -0.0027093038  -0.0001890033  -0.0002484683
        0.0000724946  -0.0001186333  -0.0001847477   0.0000052615  -0.1545875138
       -0.1901834190   0.1203264913  -0.0000604527  -0.0006281063  -0.0000032940
        0.0000853134   0.0000111707   0.0000244372   0.0002412998   0.0029528401
        0.0026632078   0.0000594315   0.0001582011  -0.0033413162   0.0000574522
        0.0000472898   0.0000959786  -0.0000762543   0.0002783303   0.0004409577
        0.0004436986  -0.0008449742  -0.0002959404   0.0000643310  -0.0001388523
        0.0001812967  -0.0000365473  -0.0000404759  -0.0000374446   0.0010782884
       -0.0007240443   0.0002028261   0.0001993205   0.0000458204  -0.0000279626
        0.0003481464  -0.0001087478  -0.0001490697  -0.0032872179  -0.0015118648
       -0.0024412296   0.0000772737   0.0000597284   0.0001258382   0.0000030755
        0.0000710941  -0.0000100015   0.1681052215   0.2098901235  -0.1183648289
        0.0000027184  -0.0000245694   0.0000078732   0.0007105529  -0.0004410363
       -0.0002467589   0.0000519607   0.0000643948  -0.0000299344   0.0000709964
       -0.0000263565  -0.0000069567   0.0002000971   0.0001375290  -0.0004986262
       -0.0000979523  -0.0043419809   0.0021876892   0.0000466524   0.0000048833
        0.0000259602   0.0002225470  -0.0001820904  -0.0001214762   0.0001071805
       -0.0000160895   0.0000764710   0.0000906793   0.0000477314   0.0000031723
       -0.0007797293  -0.0009893911   0.0011154694  -0.0007368497  -0.0004918361
       -0.0005522375  -0.0000782972   0.0001802074  -0.0002952354   0.0002129030
        0.0003715001   0.0000685911  -0.0001649880   0.0000265621  -0.0000327581
       -0.0125492322  -0.0185271108   0.0127740586   0.0000895043   0.0000280437
       -0.0001999177  -0.0002071659   0.0001175152   0.0000165973   0.1025218393
        0.1394242540  -0.1268289003   0.0000736645  -0.0001376921  -0.0000254299
        0.0000622225  -0.0000241655  -0.0000395377   0.0014606938  -0.0027850810
       -0.0032030048  -0.0005923686   0.0020643644   0.0028918536  -0.0001027781
       -0.0001438255   0.0001039543  -0.0000676040   0.0002158683  -0.0000875918
       -0.0001012891   0.0001926714   0.0000187388  -0.0001025717   0.0000793480
       -0.0001559972   0.0000733359   0.0000586051  -0.0000477064  -0.0005165240
        0.0001080291   0.0004328478  -0.0000405868  -0.0001293840   0.0000339958
       -0.0000315570   0.0000515594  -0.0000080168  -0.0037745784  -0.0031445895
       -0.0013841572  -0.0000473113  -0.0000337375  -0.0000140183  -0.0000377434
        0.0000217714  -0.0000197710  -0.0847516250  -0.1183648289   0.1154869362
        0.0000343244   0.0000121215   0.0000154366   0.0000465271  -0.0000847864
        0.0002236242  -0.0000165321  -0.0000379793   0.0000259698   0.0000343628
       -0.0000172199   0.0000171171  -0.0003853693  -0.0001841072   0.0002118636
        0.0005919083   0.0023242580  -0.0004398747   0.0000707135  -0.0001018324
       -0.0000007255  -0.0000141947  -0.0000156532  -0.0000492807  -0.0000539200
       -0.0000363975  -0.0000239561  -0.0001191837  -0.0000270612  -0.0000289371
        0.0052189910   0.0136188412  -0.0072500961  -0.0016180567   0.0022638625
       -0.0001627672   0.0002536029   0.0007292418  -0.0003106545   0.0000434196
        0.0000298333  -0.0000636330   0.0001272625  -0.0000368248   0.0000026806
        0.0004987961   0.0010366937  -0.0006991719   0.0007100156   0.0015789228
       -0.0002216177   0.0000261573   0.0000537659   0.0000026860  -0.0002579890
       -0.0001885203  -0.0002527263  -0.0850802733  -0.0741726451   0.0374341686
       -0.0000254331  -0.0000332281  -0.0000101996  -0.0003259467   0.0001205828
        0.0000594459   0.0000315988   0.0000598410   0.0000660045  -0.0001232074
       -0.0000219523  -0.0001141121  -0.0094599529  -0.0048921808   0.0197493929
       -0.0000523250  -0.0001290888   0.0002011641  -0.0001171780   0.0002138718
       -0.0000128250   0.0000159253  -0.0000173562   0.0000039530  -0.0000138026
       -0.0000279029  -0.0000178486   0.0000199200  -0.0000302447  -0.0000026185
        0.0000216662  -0.0000102333  -0.0000277002  -0.0002225560   0.0002785335
        0.0004026342  -0.0001029101  -0.0000669005  -0.0000068370  -0.0004379077
       -0.0001480695  -0.0003261397  -0.0000396844   0.0000027184   0.0000343244
        0.1045324330   0.0817825814  -0.0566373952  -0.0149703818  -0.0227799857
        0.0092193446   0.0000001693  -0.0000087533  -0.0000012322   0.0000337573
       -0.0000164255   0.0000035190   0.0000126975   0.0000063045   0.0000122317
        0.0000131788  -0.0000216753  -0.0000279745   0.0010834906   0.0009974929
       -0.0010607733   0.0001377557  -0.0001549914   0.0000025703  -0.0000012267
       -0.0000415862  -0.0000060490   0.0000679938   0.0000254775   0.0000182520
       -0.0071265488  -0.0255623030   0.0114651735   0.0036857002  -0.0033177686
        0.0003073927  -0.0005928526  -0.0011999179   0.0006841761  -0.0000975616
        0.0001258332   0.0000107269  -0.0000450390   0.0003276290  -0.0000726501
       -0.0007445295  -0.0003653183   0.0014583100  -0.0012492539   0.0008904380
       -0.0005031294  -0.0000986527  -0.0000473766  -0.0000345739  -0.0003027570
        0.0002065967  -0.0001868079  -0.0729800033  -0.1647593500   0.0722442041
       -0.0000791858   0.0001031522  -0.0000306552   0.0003068740   0.0003748278
        0.0001622279  -0.0000177133   0.0000607358  -0.0000644523  -0.0000100494
        0.0001372501  -0.0002202955   0.0040144409   0.0102847965  -0.0031352742
       -0.0000437081   0.0000769976   0.0001089138   0.0002755240  -0.0003335723
        0.0000575605   0.0000066266  -0.0000319059   0.0000253123  -0.0000315391
        0.0000128285   0.0000181066   0.0000256432   0.0000550793  -0.0000280203
       -0.0000040658   0.0000140616  -0.0000500736   0.0010000059  -0.0000198441
       -0.0009186091  -0.0000653199   0.0000517558  -0.0001746595   0.0004928367
        0.0005543148   0.0002947587   0.0000359966  -0.0000245694   0.0000121215
        0.0817825814   0.1909900988  -0.0848553122  -0.0085134301  -0.0097274667
        0.0043508479  -0.0000092431   0.0000038477   0.0000146652  -0.0000378091
       -0.0000214698   0.0000016560  -0.0000091481  -0.0000171117   0.0000130256
        0.0000203783   0.0000054646   0.0000031086   0.0001690002   0.0014159762
       -0.0008280279   0.0001150576  -0.0002246200  -0.0000697511   0.0000624300
       -0.0000287386  -0.0000578793   0.0000653146  -0.0000103512  -0.0000021167
        0.0017043276   0.0087505902  -0.0031505705  -0.0010532579   0.0010986480
        0.0003533843   0.0002218650   0.0003473120  -0.0001447515  -0.0000580996
       -0.0000654331   0.0000515687   0.0000154810  -0.0000866875  -0.0000849019
        0.0003175552  -0.0014914516   0.0007637620   0.0005153954   0.0005107921
        0.0000729478  -0.0000976532   0.0000236121   0.0000503104   0.0000183737
        0.0001303149  -0.0000017806   0.0364000820   0.0731402699  -0.0804907806
        0.0000681302  -0.0000697650  -0.0000108368  -0.0001008689   0.0001407400
       -0.0000727251   0.0000134098   0.0000140656   0.0000515218   0.0000606156
       -0.0002159920  -0.0000333375   0.0257247323   0.0131559788  -0.0356571395
        0.0000093143   0.0000809657   0.0002903632  -0.0000535914   0.0001108451
       -0.0000487861   0.0000235795  -0.0000111481  -0.0000427211   0.0000039867
        0.0000058840   0.0000044437   0.0000100065   0.0000214120  -0.0000165856
        0.0000148819  -0.0000156283  -0.0000222297   0.0004360483  -0.0002698233
        0.0000496851   0.0000278962  -0.0000693049  -0.0000409423  -0.0008109631
       -0.0001080972  -0.0002933612  -0.0000186136   0.0000078732   0.0000154366
       -0.0566373952  -0.0848553122   0.1115455674  -0.0071972766  -0.0106947744
        0.0070859340  -0.0000179152  -0.0000083421  -0.0000207200   0.0000316714
        0.0000021087  -0.0000073644   0.0000166327  -0.0000042985  -0.0000083271
       -0.0000113498  -0.0000076939  -0.0000041627   0.0006032155   0.0009177355
        0.0000754716  -0.0001992300  -0.0003734441  -0.0002948840  -0.0000438224
       -0.0001293970   0.0000082193   0.0000628362   0.0000174456   0.0000282923
       -0.0196909023  -0.0025171369  -0.0108662371   0.0003904070  -0.0008205033
        0.0002068967  -0.0000336959  -0.0001044433   0.0000248132   0.0000270383
       -0.0000467994   0.0000138671  -0.0000070014  -0.0001129151  -0.0000313731
       -0.0003553622  -0.0002672445  -0.0008504857  -0.0026144656   0.0033136526
       -0.0006696621  -0.0007491077  -0.0002566761  -0.0006962480   0.0009670086
       -0.0003482073   0.0002425396  -0.1889041467  -0.0571082376  -0.1001718351
       -0.0001838063   0.0002206536   0.0001821218   0.0005192062   0.0001222227
       -0.0000688450  -0.0000550521   0.0000086418   0.0001894108  -0.0000855477
       -0.0000296961   0.0000397275   0.0090922201   0.0023721838   0.0036970992
       -0.0004299678  -0.0005683069   0.0006110987   0.0000459740  -0.0000364500
        0.0000175861   0.0000339212  -0.0000753566   0.0000594558   0.0000099633
        0.0000651964   0.0000348114   0.0000313387  -0.0000553633   0.0000269482
        0.0000526591  -0.0000409458   0.0000194654  -0.0002414265  -0.0001297307
       -0.0000447909  -0.0003607289  -0.0000081719  -0.0000584685   0.0003634913
        0.0003519243   0.0000861012  -0.0000591214   0.0007105529   0.0000465271
       -0.0149703818  -0.0085134301  -0.0071972766   0.2170557491   0.0638383102
        0.1117974504   0.0000638086   0.0000275237   0.0000418853  -0.0001245349
        0.0000220643   0.0000186237  -0.0000153073  -0.0000495768  -0.0000262038
       -0.0000738398   0.0000551353   0.0000330666   0.0008281487   0.0008418297
        0.0021604439  -0.0002331790  -0.0006140078   0.0010993498  -0.0001336383
       -0.0000530278   0.0000663593  -0.0001597208  -0.0001936639  -0.0000342231
        0.0178424652   0.0048098532   0.0112766271   0.0003441441   0.0008418093
       -0.0000928617  -0.0000605962  -0.0000248016  -0.0000609281   0.0000166624
        0.0000245449   0.0000038536  -0.0000356039   0.0000144520  -0.0000065288
       -0.0000882334   0.0004646056   0.0003770034   0.0027660582  -0.0026242730
        0.0003178601   0.0008133960   0.0002261036   0.0004253694  -0.0001909938
        0.0001650196   0.0001846437  -0.0553085867  -0.0634398995  -0.0347810966
        0.0001857029  -0.0001531395  -0.0001299150   0.0002733133  -0.0007359316
        0.0004136238  -0.0000310949  -0.0002116893  -0.0002366697  -0.0000286501
       -0.0000422703   0.0000257722  -0.0074986130  -0.0052186670  -0.0114136794
       -0.0005436822  -0.0002734679   0.0005656209   0.0000095532  -0.0000102218
        0.0000098262  -0.0000540646   0.0000489596  -0.0000410623   0.0000227549
       -0.0000100038  -0.0000063402  -0.0000378624   0.0000186074  -0.0000033742
       -0.0000146279  -0.0000035239   0.0000144394  -0.0000997754  -0.0001388448
       -0.0000871523   0.0002658297   0.0000886412   0.0001625500   0.0000066412
       -0.0000165139  -0.0000699477   0.0003083957  -0.0004410363  -0.0000847864
       -0.0227799857  -0.0097274667  -0.0106947744   0.0638383102   0.0759950139
        0.0456782990  -0.0000143336  -0.0000104274  -0.0000193969   0.0000787260
       -0.0000270838   0.0000252045  -0.0000755285  -0.0000297435  -0.0000082625
        0.0000180255   0.0000451795  -0.0000059628   0.0007979832   0.0002878015
       -0.0024807195  -0.0004696826   0.0002861794   0.0007858396  -0.0000304406
       -0.0000996164  -0.0000150041  -0.0002256063  -0.0000781488  -0.0000280707
       -0.0070518820  -0.0003897091  -0.0027993696  -0.0001516159  -0.0002827994
        0.0001321246   0.0000581264  -0.0000164776   0.0000398168   0.0000084132
       -0.0000147433   0.0000212588  -0.0001084641   0.0000035867  -0.0000857948
        0.0006130435  -0.0004649121   0.0002301391  -0.0006386238   0.0007748887
        0.0004372911  -0.0003498903   0.0000306396  -0.0001000353  -0.0000689500
        0.0003627347   0.0000719822  -0.0950465146  -0.0335875019  -0.1046330633
       -0.0000060367   0.0000097014   0.0000179076  -0.0003440199   0.0008811607
        0.0002940460   0.0000965117   0.0000198013  -0.0000289690  -0.0001034948
       -0.0000946353  -0.0002039049  -0.0210680347  -0.0144872586  -0.0266787415
        0.0003150401   0.0001995110   0.0003112851   0.0000196853  -0.0000042951
       -0.0000152275   0.0000365576  -0.0000469739  -0.0000200490   0.0000027296
       -0.0000057201   0.0000217287   0.0000119004  -0.0000034115  -0.0000238430
        0.0000082213  -0.0000016824   0.0000032859  -0.0000715281   0.0000913031
        0.0000370718   0.0000198931  -0.0001497601   0.0000046158   0.0000789938
       -0.0000736749  -0.0000835968  -0.0000204456  -0.0002467589   0.0002236242
        0.0092193446   0.0043508479   0.0070859340   0.1117974504   0.0456782990
        0.1333447431   0.0000008765  -0.0000139236  -0.0000090527  -0.0000195370
        0.0000178643   0.0000000336  -0.0000259219  -0.0000406651  -0.0000212712
        0.0000446530  -0.0000757821  -0.0000849894   0.0015501046  -0.0025697024
       -0.0056860192   0.0011154335   0.0004746700  -0.0018610982  -0.0000270354
       -0.0003039492  -0.0000030585   0.0001050161  -0.0000206723   0.0000611955
        0.0001329989   0.0000401319   0.0000308402   0.0000224987   0.0000079820
       -0.0000103056   0.0000007610  -0.0000403805  -0.0000233064   0.0001086169
        0.0001967588   0.0001197459  -0.0033624571   0.0029602070  -0.0026187348
       -0.0001154723  -0.0009321422  -0.0007281600   0.0012172035  -0.0014605355
        0.0004416317  -0.0120641376  -0.0179511707  -0.0248496269  -0.0007822617
        0.0001341047  -0.0003970030   0.0000530931  -0.0000578050  -0.0000194188
       -0.0641013469  -0.0397690127  -0.0583680172   0.0000575461  -0.0000023361
       -0.0000236975  -0.0000038193  -0.0000040757   0.0000446254  -0.0000324635
       -0.0000093573   0.0000247499  -0.0000145870   0.0000395027   0.0000832819
       -0.0000198932   0.0000034810   0.0000196340   0.0000051949   0.0000241955
        0.0000095990  -0.0000319897  -0.0000599413  -0.0000265169   0.0000118978
       -0.0000137684   0.0000457719  -0.0000265875  -0.0000292014   0.0000389984
       -0.0001143660  -0.0000717707  -0.0002425762   0.0000307704  -0.0000539834
        0.0000147130  -0.0004792488  -0.0001239525   0.0003947358   0.0000439328
        0.0000230102  -0.0003683608   0.0000878270   0.0000519607  -0.0000165321
        0.0000001693  -0.0000092431  -0.0000179152   0.0000638086  -0.0000143336
        0.0000008765   0.0746603866   0.0453745520   0.0719133300   0.0046782393
        0.0116968972   0.0145344574  -0.0000012898   0.0000110070  -0.0000004447
        0.0000093568   0.0000282305   0.0000057804  -0.0000408104   0.0000181560
       -0.0000000716  -0.0000060292  -0.0000011566  -0.0000111513  -0.0000008862
       -0.0000076253   0.0000018153   0.0000133448   0.0000016148  -0.0000027477
        0.0000734559  -0.0000054665   0.0000010216  -0.0000400234   0.0000301950
       -0.0000045122  -0.0000932197  -0.0000667418   0.0000464988   0.0010348495
        0.0011438323   0.0013849174   0.0014659756   0.0077683260  -0.0053756405
       -0.0001144945  -0.0007248285  -0.0006417016  -0.0002978579  -0.0024492794
        0.0029077769  -0.0025927869  -0.0016939427  -0.0017114106  -0.0007239551
        0.0000549342  -0.0003058228   0.0000871111  -0.0000482849   0.0000043402
       -0.0405430374  -0.1221556937  -0.1214062915   0.0000460634  -0.0000240811
       -0.0000076298   0.0000015930  -0.0000096195   0.0000390264  -0.0000291155
       -0.0000040672   0.0000208090  -0.0000587138   0.0000414635   0.0000728188
       -0.0000127574   0.0000079424   0.0000128101  -0.0000049361  -0.0000066478
        0.0000289684  -0.0000621490  -0.0000639175   0.0000266037   0.0002239581
        0.0005593237  -0.0000562066   0.0001072189  -0.0000046880   0.0000165647
       -0.0001128853  -0.0003726168  -0.0003134465  -0.0000134192  -0.0000387589
       -0.0000219692  -0.0005496196   0.0004672193   0.0005372488   0.0003791426
       -0.0005536528  -0.0002600279   0.0000725642   0.0000643948  -0.0000379793
       -0.0000087533   0.0000038477  -0.0000083421   0.0000275237  -0.0000104274
       -0.0000139236   0.0453745520   0.1278006106   0.1402586363  -0.0036421037
       -0.0097246746  -0.0151855447  -0.0000056026   0.0000033301  -0.0000063306
       -0.0000043101   0.0000065821  -0.0000040707   0.0000127958   0.0000048989
        0.0000039247   0.0000023482   0.0000040233  -0.0000052647  -0.0000030096
       -0.0000046129   0.0000080761   0.0000035980   0.0000010780  -0.0000039270
        0.0001774821  -0.0000260686  -0.0001124773   0.0000175225   0.0000143191
       -0.0000085093   0.0000216671   0.0000988664  -0.0001509492  -0.0010364377
       -0.0010335784  -0.0013576071  -0.0031166785  -0.0046296423   0.0055362337
        0.0000700892  -0.0001209552   0.0003856131   0.0019552190   0.0025765735
       -0.0012740340  -0.0069110653  -0.0070956724  -0.0117534867   0.0000068361
        0.0000947857   0.0000007922   0.0000623146  -0.0000588617   0.0000526907
       -0.0596019979  -0.1210209334  -0.1931700852   0.0000714197   0.0000049209
       -0.0000096431  -0.0000048899   0.0000124302   0.0000259915  -0.0000277708
        0.0000213974   0.0000499920  -0.0000451774   0.0000483422   0.0000351583
       -0.0000178972   0.0000110139   0.0000219933   0.0000315362   0.0000143709
        0.0000317648  -0.0000360261  -0.0000570815   0.0000072248  -0.0001614516
       -0.0005460649   0.0001226526   0.0000215495   0.0002052030  -0.0001262388
        0.0002553432   0.0004155210   0.0008264008   0.0000215843   0.0000169487
       -0.0000343303   0.0000995736  -0.0002708460  -0.0001475878  -0.0005511201
        0.0007063740   0.0001621844   0.0000914509  -0.0000299344   0.0000259698
       -0.0000012322   0.0000146652  -0.0000207200   0.0000418853  -0.0000193969
       -0.0000090527   0.0719133300   0.1402586363   0.2111075472  -0.0033539274
       -0.0096349077  -0.0102353307  -0.0000174355   0.0000010689  -0.0000007697
        0.0000263613   0.0000231523   0.0000099089   0.0000035479   0.0000057227
        0.0000146783  -0.0000044348   0.0000069023  -0.0000045867  -0.0000004452
       -0.0000073577   0.0000067021  -0.0000007251   0.0000000866  -0.0000080897
       -0.0008584464   0.0008876620   0.0002216902  -0.0000216212   0.0000107331
       -0.0000905402   0.0000078336  -0.0000536123  -0.0000296095  -0.0001442793
        0.0000362801  -0.0002147826   0.0009804869  -0.0003714575   0.0019558860
        0.0000987628   0.0001227854   0.0003370298  -0.0028687361   0.0010331489
       -0.0038319499  -0.0266807579   0.0187777017   0.0127207280   0.0001662805
       -0.0001644144  -0.0000406837  -0.0002612422  -0.0002783876  -0.0002092046
       -0.1658396250   0.1073566613   0.0762257565   0.0000833690   0.0000022638
        0.0000586000  -0.0000328545  -0.0000134869   0.0000026217   0.0000914215
        0.0000172547  -0.0000330121  -0.0000310902   0.0000338407  -0.0000383944
       -0.0000136186  -0.0000294671  -0.0000183620   0.0000168468  -0.0000015164
       -0.0000315148  -0.0000769543   0.0001362928   0.0000274057   0.0000607803
       -0.0000504786   0.0000462367  -0.0000436201  -0.0003832691   0.0000933383
       -0.0000803843  -0.0000090122  -0.0005876619   0.0000170457   0.0000192159
        0.0000959356   0.0003133599  -0.0001642734  -0.0002483435  -0.0004060612
        0.0003625512   0.0002493456  -0.0000239244   0.0000709964   0.0000343628
        0.0000337573  -0.0000378091   0.0000316714  -0.0001245349   0.0000787260
       -0.0000195370   0.0046782393  -0.0036421037  -0.0033539274   0.1908275378
       -0.1236523105  -0.0832780119   0.0000044854   0.0000014405  -0.0000136951
       -0.0000143083  -0.0000021622  -0.0000003150   0.0000939404  -0.0000824726
       -0.0000363151   0.0000339808  -0.0000077590  -0.0000082090   0.0000163429
       -0.0000001601   0.0000002796  -0.0000024120  -0.0000034016  -0.0000168180
        0.0003243204  -0.0003103143  -0.0003443331   0.0000766994   0.0000604526
        0.0000172774   0.0000063316   0.0000013821  -0.0000419843  -0.0005092582
       -0.0003911573  -0.0006305733  -0.0017202881  -0.0026988411   0.0025615465
       -0.0002033902   0.0001466805  -0.0000153529   0.0022031986   0.0073206631
       -0.0046950895   0.0040394691  -0.0020302563   0.0001749872   0.0001156892
        0.0000464159   0.0001116389  -0.0000248266   0.0001346626   0.0000563916
        0.1082940031  -0.1262935123  -0.0737726410  -0.0000413538  -0.0000015694
       -0.0000315290   0.0000096079   0.0000045248   0.0000043120  -0.0000187279
       -0.0000074344   0.0000183192   0.0000317380  -0.0000500040  -0.0000114576
       -0.0000001999   0.0000103177   0.0000120049  -0.0000123626   0.0000109857
       -0.0000078771   0.0001048230  -0.0000070928  -0.0000609127  -0.0000655529
       -0.0002696504   0.0000687407  -0.0001004809   0.0000730916   0.0000179952
        0.0000561246   0.0003799587   0.0005458496   0.0000176651  -0.0000358925
       -0.0000039403   0.0006619427  -0.0007741358  -0.0004877654  -0.0012774363
        0.0012335842   0.0004713048   0.0000035694  -0.0000263565  -0.0000172199
       -0.0000164255  -0.0000214698   0.0000021087   0.0000220643  -0.0000270838
        0.0000178643   0.0116968972  -0.0097246746  -0.0096349077  -0.1236523105
        0.1331729780   0.0856618494   0.0000093632   0.0000082043   0.0000098617
        0.0000062220   0.0000050896   0.0000015469  -0.0000317866   0.0000566296
       -0.0000032839  -0.0000129735   0.0000009686  -0.0000015148  -0.0000066759
       -0.0000001048  -0.0000047890   0.0000143207   0.0000029604   0.0000115726
       -0.0004086608   0.0001769568   0.0002675328  -0.0000128978  -0.0000428560
       -0.0000050444   0.0000376438   0.0000011565   0.0000588497   0.0003685488
        0.0004285418   0.0005137513   0.0000800973   0.0030984449  -0.0012467617
        0.0000243773  -0.0001494782  -0.0002323004  -0.0031605079  -0.0050051175
        0.0048357483  -0.0052220899   0.0052437205   0.0032838245  -0.0001302187
        0.0000347485  -0.0000267065  -0.0001163067   0.0000073227  -0.0000350294
        0.0775540431  -0.0742025502  -0.0885557846  -0.0000251430  -0.0000065766
       -0.0000236082   0.0000007431   0.0000090991  -0.0000024642  -0.0000190516
       -0.0000107789  -0.0000203660   0.0000296621  -0.0000002760   0.0000029767
       -0.0000046520  -0.0000010197   0.0000074516   0.0000103705   0.0000082810
       -0.0000226623  -0.0000132238  -0.0000820949  -0.0000567401   0.0000544302
        0.0002097005  -0.0000765059   0.0000391640   0.0000145275   0.0001089901
       -0.0001114464  -0.0000551964  -0.0003705322   0.0000262426  -0.0000231530
        0.0000142302  -0.0010466233   0.0006014416   0.0006842238   0.0008168832
       -0.0007411152  -0.0005806682  -0.0000273524  -0.0000069567   0.0000171171
        0.0000035190   0.0000016560  -0.0000073644   0.0000186237   0.0000252045
        0.0000000336   0.0145344574  -0.0151855447  -0.0102353307  -0.0832780119
        0.0856618494   0.0916847758   0.0000077037  -0.0000007080   0.0000005568
       -0.0000052932   0.0000010861   0.0000020614  -0.0000298686  -0.0000032550
        0.0000202333  -0.0000028726  -0.0000067261  -0.0000017808   0.0000025269
       -0.0000012689  -0.0000065189   0.0000051840   0.0000009347   0.0000038116
       -0.0000870276   0.0001711655  -0.0000635131   0.0014922723  -0.0001452447
       -0.0006088961   0.0001361281  -0.0000919346   0.0001019180  -0.0002593596
        0.0000548746   0.0000996341   0.0000417454  -0.0000778886  -0.0000966234
        0.0000078643   0.0001487855  -0.0001158659  -0.0000362643  -0.0000554441
        0.0000726430   0.0001086397  -0.0000122832   0.0000298989   0.0002432164
       -0.0002234207   0.0002261340  -0.0000957182   0.0000897352  -0.0000291505
       -0.0000009840  -0.0000216806   0.0000028393  -0.0084640603  -0.0052471107
       -0.0047799452  -0.2650777271  -0.0681732147  -0.0649988979  -0.0003782722
       -0.0002471665  -0.0003081967   0.0000536452  -0.0000937194  -0.0000050667
        0.0011635978   0.0015770969   0.0016641271  -0.0000481372  -0.0001156821
        0.0002661155   0.0000532775  -0.0000001984   0.0000522499   0.0000734221
       -0.0001299888  -0.0003423237  -0.0000545528  -0.0000756389  -0.0000961309
        0.0000105347   0.0000077772   0.0000025339   0.0000016358  -0.0000158617
        0.0000282886   0.0000228553   0.0000313657   0.0000273758  -0.0000261037
       -0.0000371450   0.0000152442  -0.0006074252   0.0002000971  -0.0003853693
        0.0000126975  -0.0000091481   0.0000166327  -0.0000153073  -0.0000755285
       -0.0000259219  -0.0000012898  -0.0000056026  -0.0000174355   0.0000044854
        0.0000093632   0.0000077037   0.2953010559   0.0773712355   0.0740089218
       -0.0238609542  -0.0055084958  -0.0052988374   0.0000081930   0.0000705502
        0.0000390280  -0.0001566307   0.0003175576   0.0001902977  -0.0001248271
       -0.0000006835   0.0000571335   0.0005593748   0.0003134766   0.0002634545
        0.0009467215   0.0004687378   0.0004943779   0.0011248259   0.0019767208
       -0.0080682837  -0.0001874693   0.0001446756  -0.0000746831   0.0002071778
       -0.0000053575   0.0000299923   0.0000486304   0.0000350378   0.0000220460
       -0.0001537125  -0.0001448524  -0.0001918856   0.0000630551   0.0001517366
        0.0000191374   0.0000706735   0.0000151569   0.0000214934  -0.0000420818
       -0.0000773836   0.0002866592  -0.0000748317   0.0000089622  -0.0000174930
       -0.0000036511   0.0000024500   0.0000168408  -0.0226701720  -0.0101499808
       -0.0086709428  -0.0672773395  -0.0594606152  -0.0259013364  -0.0017302765
       -0.0007623792  -0.0012314348   0.0000277582  -0.0000636022   0.0000672954
       -0.0015376100  -0.0017373442   0.0026869743  -0.0000423011  -0.0000858721
       -0.0000774019  -0.0000739033   0.0002019749  -0.0000036552  -0.0002117964
       -0.0000140062   0.0001045137   0.0000240940   0.0000299040   0.0000519759
       -0.0000152791  -0.0000057698   0.0000227340   0.0000107233   0.0000027943
        0.0000290753   0.0000403776   0.0000325345   0.0000227332   0.0000561977
        0.0000048572   0.0000385107   0.0000884641   0.0001375290  -0.0001841072
        0.0000063045  -0.0000171117  -0.0000042985  -0.0000495768  -0.0000297435
       -0.0000406651   0.0000110070   0.0000033301   0.0000010689   0.0000014405
        0.0000082043  -0.0000007080   0.0773712355   0.0653645504   0.0384191383
        0.0132779779   0.0044583547   0.0020432882   0.0000126953   0.0000681749
        0.0000169191   0.0002928521  -0.0000372483  -0.0000781824  -0.0005986180
        0.0002478127   0.0003954271   0.0009864073  -0.0007722318  -0.0002451237
       -0.0017544332  -0.0007148408  -0.0011896884  -0.0003526391  -0.0077890492
        0.0054290130   0.0006370276  -0.0002117261   0.0004132990   0.0001758188
       -0.0000631092  -0.0000454283   0.0000292350   0.0000120780  -0.0000126165
        0.0002600584   0.0001131287   0.0001056487  -0.0003166049  -0.0004839241
        0.0002916852   0.0000920077  -0.0000136340   0.0000073332   0.0001497217
        0.0002998385  -0.0004614038  -0.0001138562   0.0001796817  -0.0000022398
       -0.0000110955   0.0000207169   0.0000093650  -0.0195209513  -0.0074100188
       -0.0074999665  -0.0631603139  -0.0261613892  -0.0538564879   0.0004026929
        0.0001763149   0.0002252290   0.0000426881  -0.0000516780  -0.0000568123
       -0.0006999598   0.0032357567  -0.0025473735   0.0001206406   0.0001397991
       -0.0001072666   0.0001911524  -0.0001323624   0.0000217627  -0.0000421317
       -0.0000102474   0.0000839411   0.0000478680   0.0000454869   0.0000360037
       -0.0000154735   0.0000092499   0.0000037077   0.0000148263   0.0000016639
       -0.0000247776   0.0000322362   0.0000011561   0.0000164098  -0.0001632236
       -0.0000927740  -0.0000452000  -0.0003070565  -0.0004986262   0.0002118636
        0.0000122317   0.0000130256  -0.0000083271  -0.0000262038  -0.0000082625
       -0.0000212712  -0.0000004447  -0.0000063306  -0.0000007697  -0.0000136951
        0.0000098617   0.0000005568   0.0740089218   0.0384191383   0.0555139115
        0.0096412135   0.0014358471   0.0038580866   0.0000158342   0.0000356257
        0.0000369940  -0.0002960898   0.0004749743   0.0003206302   0.0005970746
       -0.0003207075  -0.0006460009   0.0003229231  -0.0006546639  -0.0000598108
       -0.0000226220   0.0000209684  -0.0000140700   0.0004391616  -0.0004197900
       -0.0001479556  -0.0002602665  -0.0003687594  -0.0005967909  -0.0021274345
       -0.0011979871  -0.0013531802   0.0001544085   0.0001840399   0.0001887370
        0.0002209690  -0.0001207285   0.0001947918  -0.0000429101  -0.0000602265
       -0.0000045222   0.0000181967   0.0000092060  -0.0001347487  -0.0006388718
       -0.0008671632   0.0001842581  -0.0000363363   0.0000041531   0.0000357238
       -0.0000067439   0.0000332546   0.0000209861   0.0008174900   0.0011699139
        0.0013807024  -0.1951251302   0.1070553452   0.0747255214  -0.0001942243
       -0.0000008879  -0.0001132333   0.0000327758   0.0000335341  -0.0000486448
        0.0013380468   0.0008364874  -0.0008707882   0.0000979717  -0.0000802969
       -0.0003033132  -0.0000856584  -0.0000326647   0.0000494710  -0.0024713679
       -0.0000379434   0.0007096701  -0.0001831951   0.0002182188   0.0000370142
       -0.0000426879   0.0000116528   0.0000432015  -0.0001048437  -0.0000575955
       -0.0000586306  -0.0000054404   0.0000083116   0.0000045591  -0.0000240028
        0.0000168856   0.0000011881   0.0008909445  -0.0000979523   0.0005919083
        0.0000131788   0.0000203783  -0.0000113498  -0.0000738398   0.0000180255
        0.0000446530   0.0000093568  -0.0000043101   0.0000263613  -0.0000143083
        0.0000062220  -0.0000052932  -0.0238609542   0.0132779779   0.0096412135
        0.2205868479  -0.1193570420  -0.0843650290   0.0000166042  -0.0000053607
       -0.0000017573  -0.0000251701   0.0000643479   0.0003337904   0.0002631118
       -0.0000620153  -0.0002565532   0.0004469441  -0.0002181994   0.0000721091
       -0.0003061692  -0.0002356190  -0.0002332067   0.0003303101  -0.0012631089
        0.0025414598   0.0001428600   0.0000502189  -0.0000801048   0.0001155572
        0.0000106494  -0.0000227113  -0.0001667258  -0.0000260207   0.0000936633
       -0.0001978002  -0.0004816527  -0.0000701447  -0.0000594693  -0.0000742540
        0.0000709872  -0.0000292542  -0.0000685665  -0.0000388326  -0.0000525963
        0.0003824330   0.0000271995  -0.0000009101  -0.0000123449  -0.0000776943
        0.0000205800   0.0000429052   0.0000393689   0.0194644829  -0.0137310865
       -0.0091130783   0.1072090956  -0.1137082687  -0.0605019355   0.0003312655
        0.0001968100   0.0003366533  -0.0000533740  -0.0000030801   0.0001631610
       -0.0009292552   0.0026234954  -0.0074868509   0.0000059414   0.0003752259
       -0.0001765160   0.0001458834   0.0000062113   0.0000381347  -0.0009147964
        0.0009302657   0.0003818196   0.0002512200   0.0000685720   0.0001915655
        0.0000032908   0.0000163272   0.0000107193   0.0000932243   0.0001029089
       -0.0000375508   0.0000418206  -0.0000087664   0.0000159289   0.0000044435
        0.0000007911  -0.0000210401  -0.0014750311  -0.0043419809   0.0023242580
       -0.0000216753   0.0000054646  -0.0000076939   0.0000551353   0.0000451795
       -0.0000757821   0.0000282305   0.0000065821   0.0000231523  -0.0000021622
        0.0000050896   0.0000010861  -0.0055084958   0.0044583547   0.0014358471
       -0.1193570420   0.1252560873   0.0715379066  -0.0000246347   0.0000102185
       -0.0000047266   0.0000337228   0.0003057743  -0.0001852518   0.0015276273
       -0.0010210684  -0.0011836875  -0.0007052997   0.0000762532   0.0000838969
        0.0006370644   0.0000842050   0.0002108635   0.0006728723   0.0028290419
       -0.0019739292  -0.0007867843  -0.0003918129  -0.0004856211   0.0000569258
        0.0001510306   0.0002162883  -0.0000837405   0.0000187752   0.0000566872
        0.0000316132   0.0000306580   0.0001535274   0.0000731094   0.0001785094
       -0.0000505511  -0.0000113080  -0.0000061919  -0.0000072330  -0.0001434115
        0.0000950001  -0.0000453794   0.0000476475   0.0000261979  -0.0000075275
       -0.0000003241   0.0000208303  -0.0000077518   0.0158731856  -0.0111101140
       -0.0111124723   0.0726427676  -0.0580833327  -0.0692862813  -0.0000350170
        0.0000129788   0.0000156297  -0.0000744752  -0.0000731075   0.0000547318
       -0.0010876744  -0.0096760689   0.0047230148  -0.0004684996   0.0000732677
       -0.0012051852   0.0001525855   0.0001618281  -0.0000441563  -0.0000099597
        0.0000422723   0.0009997842  -0.0000479743   0.0000369458   0.0000176615
        0.0000557865   0.0000463578  -0.0000318725  -0.0000126745   0.0000072872
       -0.0000135453   0.0000102696  -0.0000166662  -0.0000234347   0.0000733752
        0.0000404602   0.0000206776   0.0013624374   0.0021876892  -0.0004398747
       -0.0000279745   0.0000031086  -0.0000041627   0.0000330666  -0.0000059628
       -0.0000849894   0.0000057804  -0.0000040707   0.0000099089  -0.0000003150
        0.0000015469   0.0000020614  -0.0052988374   0.0020432882   0.0038580866
       -0.0843650290   0.0715379066   0.0744638350  -0.0000389000  -0.0000160719
       -0.0000034867   0.0020171950  -0.0011205275  -0.0010791020  -0.0013807271
        0.0008238809   0.0011129004   0.0001279440   0.0000508603  -0.0000091021
        0.0009529655   0.0002821744   0.0004777742  -0.0001364596   0.0001295904
       -0.0001661220  -0.0000196219   0.0000274558   0.0000020882  -0.0000239577
        0.0000086472  -0.0000045417   0.0000179358  -0.0000006475   0.0000388026
       -0.0001028674   0.0000800186   0.0000001460   0.0012467115  -0.0008839037
       -0.0008678127  -0.0001860978   0.0000787117   0.0002188731   0.0000974117
        0.0000126464   0.0000553744   0.0132536745   0.0038976189   0.0045772981
        0.0000248142  -0.0000929615  -0.0000622051  -0.0002926744   0.0001140347
       -0.0000188101   0.0001204039   0.0000105646   0.0000666306   0.0001141281
       -0.0002377982   0.0000377177  -0.2874696931  -0.1079333358  -0.1750591466
       -0.0001922107   0.0003025800   0.0002365204  -0.0000271923  -0.0000235764
       -0.0000010213   0.0000605119   0.0000292414   0.0000026401  -0.0000229386
        0.0000108093   0.0000141080   0.0000238413   0.0000007576   0.0000196535
        0.0000220645  -0.0000089882  -0.0000176046   0.0000522073  -0.0000223142
        0.0000678061  -0.0004333491   0.0008835814  -0.0001877320  -0.0005963369
       -0.0003681866   0.0007850415  -0.0000520346   0.0000466524   0.0000707135
        0.0010834906   0.0001690002   0.0006032155   0.0008281487   0.0007979832
        0.0015501046  -0.0000408104   0.0000127958   0.0000035479   0.0000939404
       -0.0000317866  -0.0000298686   0.0000081930   0.0000126953   0.0000158342
        0.0000166042  -0.0000246347  -0.0000389000   0.2712521907   0.1031315969
        0.1681498517   0.0002502897   0.0000389798  -0.0005418441  -0.0000421428
       -0.0002826551  -0.0000368494   0.0001188596  -0.0001673478   0.0000387160
       -0.0013383943   0.0002624952  -0.0008313990   0.0000125398   0.0000819846
       -0.0002127975  -0.0000164930   0.0000041035   0.0001447977  -0.0000164349
       -0.0000479033  -0.0000170540   0.0000030667  -0.0000350452  -0.0000273573
       -0.0001334031   0.0000661151  -0.0005431149  -0.0006046764   0.0006090438
       -0.0000299821   0.0002982994  -0.0002011945   0.0000212323   0.0002033321
        0.0000800806   0.0003257865  -0.0076693722  -0.0075550803  -0.0089810733
       -0.0000925585   0.0000254391   0.0000842389  -0.0003328944  -0.0001480279
       -0.0001657541   0.0000934727  -0.0000096376   0.0000577044  -0.0001254946
       -0.0007570823   0.0004617723  -0.0958772283  -0.0491067280  -0.0801768771
        0.0000880168  -0.0000837698   0.0001029274   0.0000179175   0.0000510668
        0.0000044795   0.0000714760  -0.0000562786   0.0000536324   0.0000193259
        0.0000289633   0.0000362715  -0.0000542218   0.0000199274   0.0000203091
       -0.0000737727   0.0000374918   0.0000816388  -0.0000666049  -0.0000288098
        0.0000780548   0.0007995846  -0.0004129718   0.0006400839   0.0002323516
        0.0001976023  -0.0000672993  -0.0000436340   0.0000048833  -0.0001018324
        0.0009974929   0.0014159762   0.0009177355   0.0008418297   0.0002878015
       -0.0025697024   0.0000181560   0.0000048989   0.0000057227  -0.0000824726
        0.0000566296  -0.0000032550   0.0000705502   0.0000681749   0.0000356257
       -0.0000053607   0.0000102185  -0.0000160719   0.1031315969   0.0550614255
        0.0907448243  -0.0004163644   0.0001217762  -0.0002135192  -0.0000809637
       -0.0000902667   0.0000482999   0.0001313356   0.0000366974   0.0000919520
        0.0001022487  -0.0003021407   0.0007689063  -0.0001375368   0.0001495623
        0.0000076528   0.0000366316   0.0000247450  -0.0000037723  -0.0000030789
       -0.0000209780  -0.0000409654  -0.0000356274   0.0000418359   0.0000775153
       -0.0003959307   0.0000894613  -0.0003211783  -0.0003231262  -0.0000810456
        0.0000038537   0.0002457726   0.0000161123  -0.0000438910   0.0001734003
        0.0001923497   0.0002112500  -0.0215612385  -0.0120479748  -0.0252598643
       -0.0000306008   0.0000622299  -0.0000176442  -0.0001787938   0.0001372632
       -0.0000049132   0.0000555985  -0.0000010684   0.0000013851  -0.0000273661
        0.0000620748   0.0000526275  -0.1478087346  -0.0762173884  -0.1416411696
        0.0001479771   0.0002366171  -0.0000313831   0.0000083383   0.0000740445
        0.0000013592  -0.0000154556  -0.0000047586   0.0000379750   0.0000042817
        0.0000272036   0.0000105487  -0.0000096258   0.0000264700   0.0000018130
       -0.0000482223   0.0000338434   0.0000352913   0.0000098078  -0.0000340391
       -0.0001129810  -0.0001603472   0.0002410325   0.0002741698   0.0008260304
        0.0002205518  -0.0000699395  -0.0000232290   0.0000259602  -0.0000007255
       -0.0010607733  -0.0008280279   0.0000754716   0.0021604439  -0.0024807195
       -0.0056860192  -0.0000000716   0.0000039247   0.0000146783  -0.0000363151
       -0.0000032839   0.0000202333   0.0000390280   0.0000169191   0.0000369940
       -0.0000017573  -0.0000047266  -0.0000034867   0.1681498517   0.0907448243
        0.1716932994  -0.0002119000  -0.0004472107  -0.0000668097   0.0000347999
        0.0000308422  -0.0000343989   0.0000755205   0.0000154943   0.0000141178
       -0.0002351579   0.0001684670   0.0001438330   0.0004152701   0.0005570843
        0.0004516434   0.0000688109  -0.0000395955  -0.0000496861  -0.0000385853
       -0.0000244260   0.0000264257  -0.0000064942  -0.0000538503  -0.0000508024
        0.0000793343   0.0000298005   0.0001959338   0.0000698905  -0.0000901168
       -0.0000395061  -0.0000666053   0.0000529947   0.0000099822  -0.0000322685
       -0.0001904420  -0.0001308053  -0.0016817085  -0.0007893571   0.0022104255
        0.0000436766  -0.0000341733  -0.0000184221   0.0029926806   0.0235531301
        0.0034985429  -0.0034314938   0.0024681290   0.0019269909  -0.0006559821
        0.0005553902  -0.0005759774  -0.0014148199  -0.0007372443  -0.0008230040
       -0.0488201112  -0.0352249137  -0.0080857514   0.0000482194  -0.0000872759
        0.0000310020   0.0000255986  -0.0000426340  -0.0000072295   0.0000570014
       -0.0000119688  -0.0000605506   0.0000421969  -0.0000174783  -0.0000217589
        0.0000556594  -0.0000141632  -0.0000201172   0.0000053917  -0.0000112658
       -0.0000206296  -0.0000497607   0.0000494750  -0.0000828336  -0.0000085106
       -0.0000247476   0.0000273195   0.0001164917   0.0002225470  -0.0000141947
        0.0001377557   0.0001150576  -0.0001992300  -0.0002331790  -0.0004696826
        0.0011154335  -0.0000060292   0.0000023482  -0.0000044348   0.0000339808
       -0.0000129735  -0.0000028726  -0.0001566307   0.0002928521  -0.0002960898
       -0.0000251701   0.0000337228   0.0020171950   0.0002502897  -0.0004163644
       -0.0002119000   0.0577549026   0.0415685929   0.0046430351   0.0004196561
       -0.0057677339  -0.0001686940  -0.0057543000  -0.0256091844  -0.0054132722
        0.0004017233   0.0000079265  -0.0000973533  -0.0009033848   0.0005994969
       -0.0001927936  -0.0002807546  -0.0000105884   0.0000951909  -0.0000344082
        0.0000530387   0.0000055487   0.0000449992   0.0000082725  -0.0000272382
        0.0001143482  -0.0000864450  -0.0000296326  -0.0000159871  -0.0000277683
        0.0000027937   0.0000320080  -0.0000084639  -0.0000006392  -0.0000475457
        0.0000943188  -0.0000045252  -0.0014324708  -0.0002322571   0.0014903972
       -0.0000210736   0.0000036271   0.0000058596   0.0019158867  -0.0153063279
       -0.0051304640   0.0021823166  -0.0012770366  -0.0005717345   0.0007128402
        0.0001154977   0.0005807894  -0.0017981063  -0.0026364278   0.0006270605
       -0.0343017541  -0.2802915242  -0.0389975449  -0.0000719277   0.0000136235
       -0.0000381174  -0.0000405489   0.0000810926   0.0000049370  -0.0000434275
       -0.0000120990   0.0000355066  -0.0000407655   0.0000098076   0.0000411878
       -0.0000178276  -0.0000019334  -0.0000005494  -0.0000132912   0.0000144682
        0.0000428070   0.0000248229   0.0000210175   0.0000347869  -0.0000505930
       -0.0000208806   0.0000118350  -0.0000284149  -0.0001820904  -0.0000156532
       -0.0001549914  -0.0002246200  -0.0003734441  -0.0006140078   0.0002861794
        0.0004746700  -0.0000011566   0.0000040233   0.0000069023  -0.0000077590
        0.0000009686  -0.0000067261   0.0003175576  -0.0000372483   0.0004749743
        0.0000643479   0.0003057743  -0.0011205275   0.0000389798   0.0001217762
       -0.0004472107   0.0415685929   0.3248204117   0.0437142573  -0.0043269008
       -0.0197688777   0.0015299578  -0.0031713262  -0.0064367327  -0.0021253079
        0.0001381663  -0.0002560439  -0.0001180934  -0.0007454804   0.0004605053
        0.0003579919  -0.0000752628  -0.0000110155  -0.0000512615   0.0000108039
       -0.0000136078   0.0000015802  -0.0000000992   0.0000061479   0.0000110315
        0.0001944268  -0.0000084898  -0.0000052445  -0.0000766688   0.0000673607
        0.0000232583  -0.0000184971   0.0000115794  -0.0000132450  -0.0002299267
        0.0000620483  -0.0000183604   0.0012492722   0.0005409598   0.0002158065
       -0.0000126108   0.0000117904  -0.0000028503   0.0008330503  -0.0150596457
       -0.0041834324   0.0022067363  -0.0012672413  -0.0001169912  -0.0005830473
        0.0002908469  -0.0000048259   0.0000770631   0.0002947714  -0.0000300275
       -0.0084248838  -0.0392428232  -0.0467777518   0.0000104174   0.0000144767
       -0.0000270385  -0.0000413356   0.0000331896  -0.0000248484  -0.0000234828
       -0.0000174815  -0.0000029652  -0.0000076875   0.0000171788  -0.0000026765
       -0.0000247147   0.0000090634  -0.0000085052   0.0000091239   0.0000171396
       -0.0000178932  -0.0000579421   0.0000026185  -0.0000420472  -0.0000021548
        0.0000178796  -0.0000003505   0.0001153008  -0.0001214762  -0.0000492807
        0.0000025703  -0.0000697511  -0.0002948840   0.0010993498   0.0007858396
       -0.0018610982  -0.0000111513  -0.0000052647  -0.0000045867  -0.0000082090
       -0.0000015148  -0.0000017808   0.0001902977  -0.0000781824   0.0003206302
        0.0003337904  -0.0001852518  -0.0010791020  -0.0005418441  -0.0002135192
       -0.0000668097   0.0046430351   0.0437142573   0.0558705028   0.0050849229
        0.0296565812   0.0017004420  -0.0053133283  -0.0194629254  -0.0036952926
        0.0002583125   0.0000015659  -0.0000197214  -0.0003069543   0.0009596511
        0.0004335200  -0.0000702571  -0.0001432292  -0.0002602425   0.0000198060
       -0.0000111147  -0.0000294247   0.0000027802  -0.0000084120  -0.0000244988
        0.0000324802   0.0000315896   0.0000135903  -0.0000051591   0.0000008809
       -0.0000261162  -0.0000142531   0.0000170321   0.0000140697  -0.0001169698
       -0.0001122266   0.0000036148  -0.0000107036  -0.0001727665   0.0001576424
        0.0000036356  -0.0000004858  -0.0000174882  -0.0081056715  -0.0068225946
        0.0255155138  -0.0015199949  -0.0005464317   0.0004053855  -0.0006078353
       -0.0004188017  -0.0002715278   0.0000003833   0.0001952552  -0.0000953874
       -0.0467316664  -0.0190506898   0.0333452418  -0.0000018948   0.0001060535
        0.0001277856  -0.0000904367   0.0000407900  -0.0000348841   0.0000562849
       -0.0000312952  -0.0000562626   0.0000157854  -0.0000085924  -0.0000304642
        0.0000279891   0.0000089370  -0.0000164059   0.0000320582   0.0000153590
       -0.0000341702  -0.0000257312  -0.0000092815  -0.0000178105   0.0000307491
        0.0000314310   0.0000008267   0.0001778853   0.0001071805  -0.0000539200
       -0.0000012267   0.0000624300  -0.0000438224  -0.0001336383  -0.0000304406
       -0.0000270354  -0.0000008862  -0.0000030096  -0.0000004452   0.0000163429
       -0.0000066759   0.0000025269  -0.0001248271  -0.0005986180   0.0005970746
        0.0002631118   0.0015276273  -0.0013807271  -0.0000421428  -0.0000809637
        0.0000347999   0.0004196561  -0.0043269008   0.0050849229   0.0540838743
        0.0180285285  -0.0390972934   0.0024691138   0.0112482184  -0.0241988668
        0.0000449737  -0.0000368651  -0.0000667860   0.0001758008  -0.0000166670
       -0.0001595662   0.0000349910   0.0000166646  -0.0000232385   0.0000271417
       -0.0000465424  -0.0000225754  -0.0000228478  -0.0000028804  -0.0000062409
        0.0001070541   0.0000320784   0.0000695792  -0.0000462482   0.0000347455
        0.0000087723   0.0000171670   0.0000181813   0.0000183132  -0.0001227510
       -0.0000150532  -0.0000469331  -0.0001707703  -0.0001450020   0.0004843370
       -0.0000008965   0.0000044376  -0.0000053392   0.0035628439   0.0047506529
       -0.0114148301   0.0014376044  -0.0002749985  -0.0009765889  -0.0006249130
       -0.0000619514  -0.0001381493   0.0002958990   0.0000971554  -0.0000017509
       -0.0170917204  -0.0848104757   0.0911251088   0.0000361295  -0.0000057185
       -0.0000310895  -0.0000207636  -0.0000191174  -0.0000214494  -0.0000104520
        0.0000023187   0.0000034835   0.0000062143   0.0000100428  -0.0000097741
       -0.0000089294  -0.0000048237   0.0000024960   0.0000114482  -0.0000141107
       -0.0000253122  -0.0000284684  -0.0000030425  -0.0000288160   0.0000165878
        0.0000059210  -0.0000030141   0.0000432537  -0.0000160895  -0.0000363975
       -0.0000415862  -0.0000287386  -0.0001293970  -0.0000530278  -0.0000996164
       -0.0003039492  -0.0000076253  -0.0000046129  -0.0000073577  -0.0000001601
       -0.0000001048  -0.0000012689  -0.0000006835   0.0002478127  -0.0003207075
       -0.0000620153  -0.0010210684   0.0008238809  -0.0002826551  -0.0000902667
        0.0000308422  -0.0057677339  -0.0197688777   0.0296565812   0.0180285285
        0.0990066533  -0.1057813079   0.0005186102   0.0022599595  -0.0026615550
       -0.0000383332   0.0001031414   0.0000732079  -0.0003647478  -0.0002883347
       -0.0003198414  -0.0001638927   0.0001897452   0.0000542325  -0.0000042997
        0.0000111474   0.0000650496   0.0000135483   0.0000043657   0.0000276899
       -0.0000932980  -0.0000054494   0.0000597739   0.0000007497  -0.0000345392
        0.0000201599  -0.0000154158   0.0000017723   0.0000025084   0.0000914456
       -0.0000605789  -0.0000331581  -0.0001244438   0.0000847359  -0.0001610240
       -0.0000058578  -0.0000031696   0.0000129545   0.0094565452   0.0009291548
       -0.0177803094   0.0017872947   0.0005694973   0.0006055412   0.0001302144
        0.0001614025   0.0003660424   0.0000883347  -0.0000976151   0.0002019791
        0.0293142487   0.0933057956  -0.2214696430   0.0000531523  -0.0001248190
       -0.0000642690  -0.0000030288   0.0000078660   0.0000282453  -0.0000508405
        0.0000125136   0.0000045147   0.0000079780  -0.0000173126   0.0000236706
       -0.0000116735  -0.0000146440  -0.0000044918  -0.0000146520   0.0000082864
        0.0000292550   0.0000275441   0.0000075980   0.0000368582  -0.0000229906
       -0.0000081364  -0.0000133598  -0.0001430637   0.0000764710  -0.0000239561
       -0.0000060490  -0.0000578793   0.0000082193   0.0000663593  -0.0000150041
       -0.0000030585   0.0000018153   0.0000080761   0.0000067021   0.0000002796
       -0.0000047890  -0.0000065189   0.0000571335   0.0003954271  -0.0006460009
       -0.0002565532  -0.0011836875   0.0011129004  -0.0000368494   0.0000482999
       -0.0000343989  -0.0001686940   0.0015299578   0.0017004420  -0.0390972934
       -0.1057813079   0.2581443958  -0.0004746664   0.0102420130  -0.0220243130
       -0.0003004613   0.0002744014  -0.0001600475  -0.0038969315   0.0026444334
        0.0015127706  -0.0011721718  -0.0003817330  -0.0001795746  -0.0001118650
        0.0000344903  -0.0000626450   0.0000487425  -0.0000306588  -0.0000049410
       -0.0001312809  -0.0000407598  -0.0001654849  -0.0000074816  -0.0000942736
        0.0001147341   0.0001193370  -0.0000138736  -0.0000122898   0.0001958493
       -0.0000367713   0.0000777082  -0.0000847179   0.0000335485  -0.0002880539
       -0.0000010608  -0.0000039224   0.0000226305  -0.0264305180  -0.0019961059
       -0.0122101953   0.0008333785  -0.0015785925  -0.0009082768   0.0000565034
        0.0002720671   0.0004513588  -0.0000711980  -0.0002475825   0.0001040865
       -0.1974032538  -0.0267954695  -0.1130459908   0.0000457827  -0.0000784340
       -0.0000260303  -0.0001446896   0.0001675897  -0.0000668606  -0.0000069958
        0.0000088940   0.0000035430  -0.0000337356   0.0000243394   0.0000471579
       -0.0000076411   0.0000074735   0.0000215395   0.0000068546   0.0000040009
        0.0000190723   0.0000591655   0.0000432629   0.0000457898  -0.0000193471
       -0.0000340158   0.0000021252  -0.0001491910   0.0000906793  -0.0001191837
        0.0000679938   0.0000653146   0.0000628362  -0.0001597208  -0.0002256063
        0.0001050161   0.0000133448   0.0000035980  -0.0000007251  -0.0000024120
        0.0000143207   0.0000051840   0.0005593748   0.0009864073   0.0003229231
        0.0004469441  -0.0007052997   0.0001279440   0.0001188596   0.0001313356
        0.0000755205  -0.0057543000  -0.0031713262  -0.0053133283   0.0024691138
        0.0005186102  -0.0004746664   0.2308477292   0.0301096582   0.1299163537
        0.0003197464   0.0000156203  -0.0000070731   0.0012518922   0.0002183402
       -0.0009954525   0.0001947413   0.0000673209   0.0001591126   0.0000166877
        0.0000172192  -0.0000194934   0.0000020281   0.0000180884  -0.0000040472
       -0.0000829756   0.0000212649  -0.0000346868   0.0000195446   0.0000437865
       -0.0000215781   0.0000141962  -0.0000063572   0.0000248752   0.0000744222
       -0.0000401102   0.0000674029  -0.0001512994   0.0000643202  -0.0000998868
       -0.0000075687   0.0000046224   0.0000037927   0.0078604297   0.0019379095
        0.0067656914   0.0014811765   0.0000895479  -0.0001350427   0.0000909793
       -0.0001305984   0.0000738476   0.0000854714  -0.0005229931   0.0000612200
       -0.0266753174  -0.0497310632  -0.0205861247  -0.0000112481   0.0000281188
        0.0000282810   0.0000405682  -0.0000249606   0.0000240936  -0.0000093388
        0.0000132926   0.0000198212  -0.0000131870  -0.0000020107   0.0000081943
       -0.0000045251  -0.0000070338   0.0000085350  -0.0000003469  -0.0000080224
        0.0000052802   0.0000281544  -0.0000195000   0.0000333470   0.0000242508
        0.0000056585  -0.0000055766  -0.0000551305   0.0000477314  -0.0000270612
        0.0000254775  -0.0000103512   0.0000174456  -0.0001936639  -0.0000781488
       -0.0000206723   0.0000016148   0.0000010780   0.0000000866  -0.0000034016
        0.0000029604   0.0000009347   0.0003134766  -0.0007722318  -0.0006546639
       -0.0002181994   0.0000762532   0.0000508603  -0.0001673478   0.0000366974
        0.0000154943  -0.0256091844  -0.0064367327  -0.0194629254   0.0112482184
        0.0022599595   0.0102420130   0.0301096582   0.0528203238   0.0244639556
       -0.0000799265   0.0000525704   0.0000163937   0.0017074600  -0.0011925693
       -0.0000858898   0.0005318946   0.0000232618   0.0002746577   0.0000095533
       -0.0000144027  -0.0000135531  -0.0000003239  -0.0000096652  -0.0000103010
       -0.0000021805  -0.0000442858  -0.0000077336  -0.0000001950   0.0000348396
        0.0000216347   0.0000450953  -0.0000143608  -0.0000015423  -0.0000597484
       -0.0000001784   0.0000643824   0.0000043568   0.0000981205  -0.0000403355
       -0.0000009327   0.0000045305   0.0000069052   0.0085927453   0.0006553468
        0.0060537377   0.0017783928   0.0002756982   0.0002835839   0.0001052980
        0.0000671654   0.0001758825   0.0000157952  -0.0002565644  -0.0000205886
       -0.1134441118  -0.0192389591  -0.1237627177  -0.0000030525   0.0000202659
       -0.0000284798   0.0001428792  -0.0000576607   0.0000390059  -0.0000105302
        0.0000155364   0.0000384141  -0.0000170473   0.0000162012  -0.0000026695
       -0.0000190582   0.0000037000   0.0000199938  -0.0000172179  -0.0000189476
        0.0000154199   0.0000291148   0.0000057656   0.0000048037  -0.0000030576
       -0.0000138568   0.0000019776   0.0000518396   0.0000031723  -0.0000289371
        0.0000182520  -0.0000021167   0.0000282923  -0.0000342231  -0.0000280707
        0.0000611955  -0.0000027477  -0.0000039270  -0.0000080897  -0.0000168180
        0.0000115726   0.0000038116   0.0002634545  -0.0002451237  -0.0000598108
        0.0000721091   0.0000838969  -0.0000091021   0.0000387160   0.0000919520
        0.0000141178  -0.0054132722  -0.0021253079  -0.0036952926  -0.0241988668
       -0.0026615550  -0.0220243130   0.1299163537   0.0244639556   0.1426751465
