$hessian                                                                        
        0.4664817703   0.0283450590  -0.0120810923  -0.0971057507   0.0376966997
        0.0321956544   0.0057117582  -0.0007579542  -0.0021495537   0.0003356853
        0.0000809458   0.0002286885  -0.0111445302  -0.0130614791   0.0093284308
       -0.0651847443  -0.0125422990   0.0160004407  -0.1299763242   0.0015389045
       -0.0460501673  -0.0226266383  -0.0122207215  -0.0041507536  -0.0128414699
        0.0022220771   0.0251693485  -0.0763448174  -0.0357146793  -0.0080496060
       -0.0014521361  -0.0021998808   0.0008898858  -0.0264901239   0.0109728378
        0.0052954164   0.0002428334   0.0018718775  -0.0013577166  -0.0078196840
        0.0064578906   0.0085544824  -0.0028162172  -0.0129077223   0.0060341824
       -0.0004560338  -0.0000758261   0.0003299698  -0.0003035045  -0.0022795469
       -0.0004627178  -0.0001521994  -0.0004653779  -0.0003616424   0.0000486820
       -0.0001221536   0.0000120881   0.0000168919  -0.0000462776  -0.0000644823
       -0.0018285932  -0.0025811002  -0.0010118874   0.0051280920   0.0092962478
       -0.0161729701  -0.0172100459   0.0029968669  -0.0094115783   0.0031782377
        0.0001156918   0.0007173081  -0.0002623147  -0.0002863766   0.0006955272
        0.0046953629   0.0178138768   0.0034207270  -0.0123802227  -0.0236853188
       -0.0061989344   0.0001975096  -0.0000635938   0.0001588334  -0.0005411519
       -0.0003449815  -0.0002761161   0.0004739374  -0.0017428927  -0.0013643159
       -0.0003843840   0.0004104634   0.0006404577   0.0005072217   0.0014386881
       -0.0000012808   0.0000568725  -0.0001034440  -0.0000252532   0.0003002719
       -0.0000428704  -0.0002397599  -0.0000542404  -0.0000136305  -0.0002416131
        0.0283450590   0.4797710092   0.0040260347   0.0325548510  -0.0898049530
       -0.0250586610   0.0142780151  -0.0247017127  -0.0122962549   0.0012796924
        0.0026725629  -0.0002162077  -0.0195504129  -0.0190112348   0.0174692168
       -0.0115471302  -0.0761427292   0.0362478220   0.0021188548  -0.0619080853
       -0.0004569219  -0.0199802809  -0.0041205757  -0.0057021870   0.0098071727
        0.0045090290  -0.0197386200  -0.0316570383  -0.1510475127  -0.0187345966
       -0.0019594182  -0.0028557007   0.0018335386   0.0090841362   0.0007805107
        0.0031656948  -0.0012541713  -0.0021792363  -0.0008622033  -0.0026140536
        0.0043448012   0.0018049663  -0.0100854170  -0.0207395715   0.0134443902
       -0.0002099131   0.0000524485  -0.0001176802  -0.0014694116  -0.0051574949
       -0.0013735573  -0.0000523170   0.0001646245  -0.0001480542   0.0000105750
       -0.0002142235   0.0001206177   0.0002638936   0.0002303431  -0.0003031187
       -0.0036343287  -0.0045646259  -0.0010864006  -0.0022644583  -0.0031044429
        0.0068225181   0.0201987385  -0.0010326056   0.0119845024  -0.0021094301
        0.0001374419  -0.0013769834   0.0004248781   0.0008591841  -0.0004593939
       -0.0038534653  -0.0241363611  -0.0074106522  -0.0044758949  -0.0025686495
       -0.0017427725   0.0000298814  -0.0000405265   0.0000559362  -0.0009299058
       -0.0006813836  -0.0002748937  -0.0002485677  -0.0002566619  -0.0001757466
       -0.0001198027   0.0000231696   0.0001908886  -0.0001975413   0.0007710306
        0.0002343544   0.0000258504  -0.0001137983  -0.0000274700  -0.0000474702
        0.0000597722   0.0001808905  -0.0001611691   0.0000061581  -0.0000189955
       -0.0120810923   0.0040260347   0.4435117756   0.0229058530  -0.0198244232
       -0.0768913077   0.0018195754  -0.0052597614  -0.0010473696   0.0001441008
        0.0006768923   0.0001212202   0.0048584647   0.0074725667  -0.0004355695
        0.0229103328   0.0388865079  -0.1289174032  -0.0469765465  -0.0006552200
       -0.0956581780  -0.0018550438  -0.0059222650   0.0039268086   0.0174903889
       -0.0048539358  -0.0231352449  -0.0098621643  -0.0221411289  -0.0604393159
        0.0004461839   0.0014085164  -0.0007546585  -0.0047611775   0.0078931904
        0.0076562260  -0.0006267600  -0.0006809045   0.0000927360   0.0208258167
       -0.0166395993  -0.0190407557   0.0154214691   0.0342859573  -0.0100870578
       -0.0003483706  -0.0003901637  -0.0006402837  -0.0004890161  -0.0001778828
       -0.0000197975  -0.0001726197  -0.0000182803  -0.0002297506   0.0000233876
        0.0001022202  -0.0000772264   0.0000068941  -0.0001198295  -0.0000960857
       -0.0010341106   0.0000730871  -0.0004086114   0.0038502060   0.0096037675
       -0.0174233372   0.0011229981   0.0004183034   0.0016590615  -0.0224552877
       -0.0018582806  -0.0177540166  -0.0004306131  -0.0005847117   0.0009834572
       -0.0039249144  -0.0124536941  -0.0019166374  -0.0071737231  -0.0144582979
       -0.0026628388   0.0000231429  -0.0000344841  -0.0001835088   0.0001344413
        0.0005318142   0.0002874004   0.0000333751  -0.0007584152  -0.0005958521
       -0.0000068996   0.0002737431   0.0001282231   0.0001615167   0.0010294383
        0.0006677262   0.0000447602   0.0000453298   0.0001007788   0.0000737728
        0.0000458184  -0.0004087444  -0.0000983407   0.0000580904  -0.0003118622
       -0.0971057507   0.0325548510   0.0229058530   0.4513469860   0.0308417493
        0.0023491146  -0.0779500996  -0.0385957628  -0.0081487810  -0.0076547144
       -0.0136429286   0.0013504801   0.0011907978  -0.0001653576  -0.0011234354
       -0.0083394249   0.0047201491   0.0081681085  -0.0243041036   0.0158353578
        0.0047868083  -0.0000282459   0.0004365915  -0.0003933113  -0.0004719381
       -0.0004833124   0.0014545917   0.0060164396   0.0000361845  -0.0025986546
       -0.0001698310  -0.0003121720  -0.0000456468  -0.1506376289   0.0021867489
       -0.0464805861  -0.0349662486  -0.0110597815  -0.0081127527  -0.0451807541
       -0.0155992091   0.0354594688   0.0003119113  -0.0002532619   0.0006521899
       -0.0049496041   0.0015469728  -0.0058176937   0.0067127415   0.0177050360
        0.0029325598  -0.0093874517  -0.0194421104  -0.0057351429   0.0002487131
        0.0001318855  -0.0001001833  -0.0013374333  -0.0016262921   0.0025629541
        0.0002099694   0.0000199115  -0.0000922598   0.0004040614   0.0002000504
       -0.0007949654  -0.0043132562   0.0002106417  -0.0015452295   0.0009884833
        0.0005161460   0.0013550538  -0.0000282132   0.0000111371  -0.0000010892
       -0.0005183984  -0.0023702455  -0.0006575506  -0.0004043557  -0.0003685912
       -0.0002654652   0.0000202058   0.0000332935   0.0000312660   0.0000165242
       -0.0000985559  -0.0000307770  -0.0003812207  -0.0049564499  -0.0021551216
       -0.0002584977   0.0025669274   0.0003600782  -0.0000884070  -0.0000929112
       -0.0000251723   0.0003996701  -0.0004426988   0.0005022664  -0.0000039658
        0.0000894418  -0.0000129317   0.0006130401  -0.0001334349  -0.0007340429
        0.0376966997  -0.0898049530  -0.0198244232   0.0308417493   0.4445095825
       -0.0354789524  -0.0407760040  -0.1572854302  -0.0153878606  -0.0086184672
       -0.0127816314   0.0046875715   0.0010640553   0.0001955526  -0.0008318215
       -0.0015524544   0.0039841738  -0.0020641920   0.0060875067  -0.0024107554
        0.0003927247  -0.0002350061  -0.0003428629  -0.0001893418  -0.0020910830
        0.0009450868   0.0032085003   0.0149340624  -0.0237562036  -0.0106230517
        0.0000561654  -0.0000026838   0.0000136830  -0.0035535875  -0.0626188909
        0.0033664370  -0.0178111382  -0.0004038955  -0.0064117288  -0.0145588168
       -0.0695061131   0.0739381770   0.0007268914   0.0006562798  -0.0009887813
        0.0133752263  -0.0000991789   0.0061120630  -0.0060394314  -0.0232700760
       -0.0043700056  -0.0043420433  -0.0050562699  -0.0012047082  -0.0000397902
        0.0000724085   0.0001860022  -0.0004762100  -0.0000343676   0.0015625187
        0.0001062663  -0.0000839522  -0.0000130516  -0.0000557456   0.0004451716
        0.0003569804   0.0005512901   0.0002745841  -0.0000652463  -0.0001320325
        0.0001237286  -0.0008014547   0.0000867631  -0.0000359124  -0.0000181269
       -0.0010639160  -0.0052898043  -0.0009321262   0.0009258606   0.0009663192
        0.0002228351  -0.0000174799   0.0000386169  -0.0000079781  -0.0000374416
        0.0000243837   0.0000380770  -0.0059163804   0.0037732753   0.0057253826
       -0.0000751992  -0.0016010104  -0.0031043387  -0.0001406182  -0.0000024212
       -0.0002104912  -0.0000094098  -0.0000775049  -0.0004916415   0.0001795818
        0.0003454666  -0.0000349364   0.0009101367  -0.0018907125   0.0032433064
        0.0321956544  -0.0250586610  -0.0768913077   0.0023491146  -0.0354789524
        0.4873975329  -0.0050697157  -0.0082082800  -0.0674589263   0.0091238304
        0.0188214563   0.0031632410  -0.0010897545  -0.0003464049   0.0013692068
        0.0172006024  -0.0122466788  -0.0123693053  -0.0092255995   0.0074875674
        0.0036271861   0.0000112328   0.0003297274  -0.0002912311   0.0039329285
        0.0001663748  -0.0059967721   0.0013146623  -0.0051820426  -0.0005096977
       -0.0000261621  -0.0001469036   0.0000346189  -0.0573850267   0.0026830508
       -0.0914280057   0.0008918274  -0.0014636400   0.0021329982   0.0359357172
        0.0735660654  -0.2259703637   0.0002520440   0.0005451463  -0.0007037645
       -0.0175981416   0.0020343672  -0.0094772263  -0.0019570522  -0.0063138439
       -0.0003339870  -0.0098208779  -0.0210551173  -0.0053347471  -0.0000718805
        0.0001742836   0.0001846267   0.0030589284   0.0024485481  -0.0028627289
       -0.0002642562  -0.0000059488   0.0000345123   0.0001937189  -0.0009185572
        0.0005293415  -0.0033414207   0.0005711799  -0.0012479192  -0.0015422195
        0.0007145884   0.0006754172   0.0000083708   0.0000502532  -0.0001929203
        0.0000808567  -0.0003023574   0.0002020293   0.0001643816   0.0000838190
        0.0001716728  -0.0000239811   0.0000150923  -0.0000057749  -0.0000761256
       -0.0000553199  -0.0000077837  -0.0001131581   0.0056609820   0.0044375547
        0.0022918070  -0.0010840592  -0.0010861157  -0.0002543961   0.0001357026
       -0.0000000386  -0.0001674728  -0.0003937922   0.0001234515   0.0000835426
       -0.0001526442   0.0003513083  -0.0010619792   0.0029249987  -0.0022660825
        0.0057117582   0.0142780151   0.0018195754  -0.0779500996  -0.0407760040
       -0.0050697157   0.5124448800  -0.0400037540   0.0170781085  -0.1010362026
       -0.0223961794   0.0493082937  -0.0164400258  -0.0009366425   0.0178373015
        0.0006956037  -0.0010499169  -0.0011283819   0.0000082795   0.0001506641
        0.0000852027  -0.0009255874   0.0003477586   0.0010559699  -0.0000425048
        0.0002124110   0.0000963496  -0.0023771802   0.0022282661   0.0019899645
        0.0001931537   0.0000585380   0.0001562454  -0.0138407872  -0.0217872526
       -0.0044870688  -0.0029261708  -0.0000605562  -0.0025858125  -0.0030820283
       -0.0095342390  -0.0000219044   0.0000973457  -0.0001088370  -0.0003258381
        0.0006662174   0.0003674261   0.0009850096  -0.1699429445   0.1121918327
        0.0295921606  -0.1246657588   0.0051745729  -0.1106548688   0.0086830585
        0.0056604137  -0.0113736651  -0.0108300614  -0.0085974486   0.0136664457
       -0.0021697701   0.0031152464   0.0019966376   0.0000440538   0.0000472269
        0.0001035841   0.0000530454   0.0000440110   0.0001602239  -0.0002414209
        0.0004765979   0.0000439726   0.0000378319  -0.0000454292  -0.0000305030
        0.0002436756   0.0011756427   0.0002267843  -0.0000782260   0.0000264011
        0.0000641281  -0.0000488987   0.0001042216   0.0000608825  -0.0000008650
       -0.0000121907   0.0000286096  -0.0015711608   0.0003659193   0.0010266700
        0.0001381595  -0.0001189249  -0.0005031596  -0.0000350652   0.0000256188
        0.0000358474  -0.0009215391  -0.0003124887  -0.0012676416   0.0000380636
       -0.0000301104  -0.0000945834   0.0000711705  -0.0002808098   0.0001251757
       -0.0007579542  -0.0247017127  -0.0052597614  -0.0385957628  -0.1572854302
       -0.0082082800  -0.0400037540   0.4676120430   0.0027075147  -0.0206607184
       -0.0772592259   0.0297822351   0.0100215353   0.0054799881  -0.0137072609
       -0.0007350234   0.0011380598   0.0010144273  -0.0002674570  -0.0003477164
        0.0000159165   0.0001972834   0.0005231542  -0.0000940208  -0.0001727977
        0.0001570251   0.0002358320   0.0026381607  -0.0016999178  -0.0018139872
       -0.0000617538  -0.0001964330  -0.0000681837  -0.0069209657  -0.0024153784
       -0.0039899205   0.0006470595   0.0000116991  -0.0005354228  -0.0077681237
       -0.0158300732   0.0004026067  -0.0000205510   0.0005637374   0.0000361097
        0.0001471213  -0.0005156715   0.0002461649   0.1123736221  -0.1380964698
       -0.0267050758   0.0052117181  -0.0415515150   0.0026138762  -0.0037076737
       -0.0020724401   0.0068178555  -0.0158745556  -0.0102941462   0.0190115988
        0.0033625828  -0.0023320441  -0.0022023871  -0.0000248134  -0.0000357693
       -0.0001827611  -0.0001376191  -0.0000189596  -0.0002773734   0.0003590829
       -0.0002762761  -0.0002644688   0.0000055591   0.0000197458  -0.0000155662
       -0.0002903407  -0.0011261443  -0.0002372605   0.0000947439   0.0000575350
        0.0000356811   0.0000493082  -0.0000231222  -0.0000821571   0.0000592695
        0.0000211378   0.0000099078   0.0001102188   0.0001580823   0.0001182491
        0.0001316646   0.0000521607  -0.0001789489  -0.0000324918  -0.0000030904
       -0.0000148081   0.0004956767   0.0001880282   0.0006720797   0.0000128302
        0.0000094458  -0.0000639404   0.0001149187   0.0000896938   0.0001815298
       -0.0021495537  -0.0122962549  -0.0010473696  -0.0081487810  -0.0153878606
       -0.0674589263   0.0170781085   0.0027075147   0.4869364808   0.0521200375
        0.0341121250  -0.1456283930   0.0118012145  -0.0012368229  -0.0102547937
       -0.0003080787   0.0004431887   0.0004250035   0.0000407301  -0.0003138413
       -0.0004046405  -0.0004774103   0.0001625449   0.0008208881  -0.0005060364
        0.0004553991   0.0005299962   0.0016793100  -0.0013874551  -0.0007725023
       -0.0000206632   0.0000013296  -0.0001589908  -0.0069367580  -0.0130123491
       -0.0019992885  -0.0022013654  -0.0003359157  -0.0008861434   0.0092983236
        0.0240551475  -0.0001793494  -0.0000819969   0.0002366683   0.0001846132
        0.0004846780  -0.0001026165  -0.0000331994   0.0301168519  -0.0270330043
       -0.0494529411  -0.1109644068   0.0026365245  -0.1905160734   0.0118884330
        0.0092249725  -0.0231520823  -0.0019194137  -0.0005555989   0.0030897263
        0.0009738391  -0.0013574426   0.0000291202  -0.0000705724  -0.0000798520
       -0.0002519003  -0.0000549163  -0.0002203299  -0.0001154998  -0.0001843377
        0.0006958925   0.0000817819   0.0000167891  -0.0000137986  -0.0000434282
       -0.0001074391  -0.0006230532  -0.0000724546  -0.0000520187   0.0001039035
        0.0000402646  -0.0000092420  -0.0000513133  -0.0001440971  -0.0000417327
        0.0000373121   0.0000568487  -0.0006376418   0.0001314952   0.0008490589
       -0.0000158544  -0.0001607938  -0.0000408813   0.0000304217  -0.0001222133
        0.0000006241  -0.0006466002  -0.0002192946  -0.0002086832  -0.0001026530
       -0.0002352146  -0.0003019745   0.0001087351  -0.0002589930   0.0000792060
        0.0003356853   0.0012796924   0.0001441008  -0.0076547144  -0.0086184672
        0.0091238304  -0.1010362026  -0.0206607184   0.0521200375   0.4764965993
        0.0214676762   0.0499834058  -0.1058395455   0.0518518583   0.0286271397
        0.0069748767  -0.0036293191  -0.0015977006  -0.0005400257  -0.0002179809
        0.0000171169  -0.0173321276   0.0166736638  -0.0047716661   0.0005042808
       -0.0049867377  -0.0029050365  -0.0001319888   0.0002086930   0.0000815475
        0.0012842340   0.0015123441  -0.0000229369  -0.0002159574  -0.0002939445
       -0.0000583437  -0.0000262169  -0.0000014219  -0.0000225058  -0.0003619716
       -0.0015323337  -0.0000944204   0.0000092780  -0.0000883886  -0.0000131254
        0.0000813541   0.0005357008  -0.0000110945  -0.0143851747  -0.0052601572
        0.0201609519   0.0079005450   0.0031711211  -0.0120530684  -0.1230242809
        0.0343207466  -0.1066323058  -0.1091121951  -0.0973495908  -0.0394172694
       -0.0134323726   0.0141104235   0.0088552843   0.0006780860  -0.0011140988
       -0.0005026425   0.0000858679   0.0000784256   0.0000176308   0.0000256045
        0.0000037150   0.0000335840  -0.0001382684  -0.0000790648  -0.0000495522
        0.0000202458   0.0000473378  -0.0000361622   0.0000019815  -0.0000273674
        0.0000024772   0.0006079733  -0.0011672296  -0.0011946894  -0.0003050402
        0.0005077886   0.0004400254  -0.0000805939   0.0000079794   0.0000134093
       -0.0000342900  -0.0000132038  -0.0000480967  -0.0000254277   0.0000219579
       -0.0000086233  -0.0009556340  -0.0003853506  -0.0001258742  -0.0003516918
       -0.0001799865  -0.0000952894  -0.0000228922  -0.0001937627   0.0000398619
        0.0000809458   0.0026725629   0.0006768923  -0.0136429286  -0.0127816314
        0.0188214563  -0.0223961794  -0.0772592259   0.0341121250   0.0214676762
        0.4919598449  -0.0014895896   0.0530145661  -0.1234140102  -0.0306275013
        0.0111064660  -0.0241071802  -0.0101461993  -0.0003316118   0.0006888510
        0.0004571549   0.0143869112  -0.0116208013   0.0050985661  -0.0010733721
       -0.0059814265  -0.0027345506  -0.0002396321  -0.0001052713   0.0001238284
       -0.0016514338  -0.0009850384  -0.0011685217  -0.0001475891  -0.0001140127
        0.0001526998  -0.0002661329  -0.0000947819  -0.0001134103  -0.0025395042
       -0.0048196699   0.0004027576   0.0000477230   0.0001188906  -0.0002007290
       -0.0003169062  -0.0003846869  -0.0002308308   0.0101842204   0.0050006648
       -0.0141364041  -0.0015946043  -0.0011476619   0.0049305899   0.0352010615
       -0.0592363146   0.0475188982  -0.0980074124  -0.1847893881  -0.0538621490
       -0.0035734816   0.0049307082   0.0015559997   0.0012458323   0.0008044282
        0.0004623545  -0.0000395866   0.0001457384  -0.0001048554  -0.0000320730
       -0.0001180870   0.0001445671  -0.0002272773  -0.0002440783  -0.0000155027
        0.0000321637   0.0001399259  -0.0000319781   0.0000091751   0.0000113744
        0.0000225173  -0.0004046030   0.0006474379   0.0006051362  -0.0000242021
       -0.0002174438  -0.0002571762  -0.0000623073   0.0000512290   0.0000010287
        0.0000195298   0.0000310077  -0.0000639966  -0.0000033090  -0.0000451520
        0.0000206485   0.0001626042   0.0001148758  -0.0002008897  -0.0002296505
        0.0002131000   0.0001462837  -0.0001550776  -0.0000647774   0.0001307799
        0.0002286885  -0.0002162077   0.0001212202   0.0013504801   0.0046875715
        0.0031632410   0.0493082937   0.0297822351  -0.1456283930   0.0499834058
       -0.0014895896   0.4995706629   0.0199881147  -0.0218259749  -0.0715913099
        0.0046220882  -0.0108745973  -0.0037699483   0.0002536952  -0.0006308278
       -0.0013284365  -0.0132902443   0.0151743497   0.0070600434  -0.0005477027
       -0.0039440501  -0.0012772209   0.0000993528   0.0001140551  -0.0001038579
       -0.0008518187   0.0008499077  -0.0012930817   0.0000854753  -0.0000816500
        0.0000412511   0.0001036292   0.0001253397  -0.0001039724  -0.0000363478
       -0.0007980347   0.0010597938  -0.0000516875  -0.0000957457   0.0001284963
        0.0004085464   0.0003453997  -0.0003869918   0.0062530019   0.0017949718
       -0.0071677217   0.0131083398   0.0096613065  -0.0275193442  -0.1075164087
        0.0477422224  -0.1789214562  -0.0392268956  -0.0533630035  -0.0631274857
        0.0154550671  -0.0150830055  -0.0080772378   0.0007736077  -0.0006473682
        0.0001605671  -0.0000763231  -0.0001286184   0.0001203560   0.0002030814
        0.0001331200  -0.0003050194  -0.0002420848   0.0000451540  -0.0000978986
        0.0000006452  -0.0000354213  -0.0000090876  -0.0000102026  -0.0000068530
        0.0000208080   0.0006423040  -0.0013897066  -0.0014141407  -0.0004416102
        0.0005630319   0.0005286674  -0.0001048325   0.0000121037   0.0000391010
       -0.0000070438  -0.0000496996  -0.0000013482  -0.0000035226   0.0000122130
       -0.0000395837  -0.0004282145  -0.0000862327   0.0002520628  -0.0001601863
       -0.0002899226  -0.0001383923   0.0001273088  -0.0000064727   0.0000356578
       -0.0111445302  -0.0195504129   0.0048584647   0.0011907978   0.0010640553
       -0.0010897545  -0.0164400258   0.0100215353   0.0118012145  -0.1058395455
        0.0530145661   0.0199881147   0.4752854967   0.0300320424  -0.0520342109
       -0.0998703435  -0.0543940142  -0.0204394429   0.0056190263  -0.0055946169
        0.0022687903  -0.0884589326   0.0234012371  -0.0461913305   0.0075583482
        0.0170748709   0.0090892870  -0.0007801241  -0.0004123773   0.0019253553
       -0.0199147274   0.0080862912  -0.0239299113  -0.0003655924  -0.0000682278
       -0.0000870985   0.0000832838   0.0000244084   0.0000612300   0.0001844063
        0.0001111326  -0.0000916024  -0.0005086968  -0.0012106648   0.0008432541
        0.0000548483   0.0001071634   0.0000668297  -0.0019404195  -0.0007485704
        0.0034134233   0.0004637922  -0.0000743607  -0.0005449218  -0.0149278678
        0.0165895370   0.0035993726   0.0077339544  -0.0088098715  -0.0036266378
       -0.1249724398  -0.0512478048   0.0984736418  -0.0127021618  -0.0145988295
       -0.0059465128  -0.0007150159  -0.0016185643   0.0008241628  -0.0009198962
       -0.0005953400   0.0004015495   0.0016511038   0.0012273497   0.0000478847
       -0.0000328168   0.0001087679   0.0000697284   0.0000746585  -0.0000011298
       -0.0000417738  -0.0003354577  -0.0046531813  -0.0046354776  -0.0001419317
        0.0027487727   0.0010208285   0.0000588458   0.0000148516   0.0000090484
        0.0000067087  -0.0000132686   0.0000070327   0.0000158378   0.0000058995
       -0.0000470981  -0.0000274781   0.0001446265   0.0000905927  -0.0000116613
       -0.0001415330  -0.0001505519   0.0000685564  -0.0000443399  -0.0000034809
       -0.0130614791  -0.0190112348   0.0074725667  -0.0001653576   0.0001955526
       -0.0003464049  -0.0009366425   0.0054799881  -0.0012368229   0.0518518583
       -0.1234140102  -0.0218259749   0.0300320424   0.4715405027  -0.0519687956
       -0.0513082228  -0.1184613506  -0.0202261142   0.0011427848  -0.0130523562
        0.0182944664   0.0188486131  -0.0800106061   0.0390720285  -0.0029565092
       -0.0322279081  -0.0182834719  -0.0008949680  -0.0001699164   0.0023855994
        0.0004061256   0.0049805275  -0.0035746501  -0.0002978185  -0.0001259141
        0.0000976595  -0.0000258493  -0.0000176024   0.0000226693   0.0000790546
        0.0001341181  -0.0000194311  -0.0005527261  -0.0010845784   0.0005165846
        0.0001453331  -0.0001464471  -0.0001286853  -0.0015033575   0.0004255510
        0.0014431690  -0.0002312872   0.0001962749   0.0002200616   0.0101659309
       -0.0103276955  -0.0020575185   0.0151698085  -0.0226147440  -0.0095532716
       -0.0518188702  -0.0674099251   0.0580096691   0.0026477388   0.0036897115
        0.0007462545  -0.0008950787  -0.0017451559   0.0008052438  -0.0009570934
       -0.0021779288   0.0007030434  -0.0003844929   0.0012919703  -0.0006158450
        0.0000938084   0.0002494880  -0.0000441109  -0.0000204523  -0.0000401153
       -0.0000518988  -0.0059521561   0.0054107653   0.0032465621   0.0013814673
       -0.0017349060  -0.0028803872   0.0000461488   0.0000206193   0.0000036577
        0.0000328678   0.0000171130  -0.0000325846   0.0000136576  -0.0000332147
       -0.0000511478  -0.0001012897   0.0000665256  -0.0000103376  -0.0000412213
        0.0000619113  -0.0001557747   0.0000476324   0.0000449904   0.0000239920
        0.0093284308   0.0174692168  -0.0004355695  -0.0011234354  -0.0008318215
        0.0013692068   0.0178373015  -0.0137072609  -0.0102547937   0.0286271397
       -0.0306275013  -0.0715913099  -0.0520342109  -0.0519687956   0.4993479812
       -0.0189866315  -0.0206323276  -0.0714837653  -0.0004822855   0.0178545731
       -0.0138192967  -0.0484064542   0.0454146607  -0.1445087648  -0.0033502281
       -0.0247311819  -0.0091374514   0.0005245356   0.0007153708  -0.0032007605
       -0.0129371157   0.0031965190  -0.0129389191   0.0000700264   0.0000589166
       -0.0001575309  -0.0000068716  -0.0000281011  -0.0000158789  -0.0001519375
       -0.0001881215  -0.0000120629   0.0008073472   0.0016954975  -0.0007762472
       -0.0002189123  -0.0000311092   0.0000712290   0.0027615849   0.0009139932
       -0.0035157144  -0.0001119097  -0.0002816864   0.0003868445  -0.0134779846
        0.0146465247   0.0053869428   0.0056356176  -0.0089648497  -0.0033029407
        0.0981754040   0.0564371787  -0.1585585909  -0.0124517243  -0.0133346903
       -0.0049487897   0.0004503328   0.0010925124  -0.0017528562   0.0005158705
        0.0019215372  -0.0011259966   0.0003002220   0.0015140723   0.0007859950
       -0.0000316931   0.0000416730  -0.0000630968   0.0000007830  -0.0000099574
       -0.0000256312  -0.0040745724   0.0041117861   0.0051447333   0.0027325386
       -0.0016966405  -0.0010565431  -0.0000178987   0.0000099239   0.0000033538
       -0.0000202251  -0.0000030178   0.0000250779   0.0000241088   0.0000238711
        0.0000602761   0.0001227878   0.0000149235  -0.0000227432   0.0000352910
       -0.0000612409   0.0001445820  -0.0000652318  -0.0000344470  -0.0000209689
       -0.0651847443  -0.0115471302   0.0229103328  -0.0083394249  -0.0015524544
        0.0172006024   0.0006956037  -0.0007350234  -0.0003080787   0.0069748767
        0.0111064660   0.0046220882  -0.0998703435  -0.0513082228  -0.0189866315
        0.4967970939  -0.0311318201   0.0875808921   0.0021045349   0.0032290065
       -0.0180988888  -0.0168594520  -0.0114176799  -0.0204698756  -0.1021871314
        0.0479599665   0.0194230790  -0.0042014930  -0.0089009199   0.0089622246
       -0.0008661813   0.0011099357  -0.0025737362   0.0000836938  -0.0004842800
       -0.0000692420  -0.0001447862  -0.0000986028   0.0000007073  -0.0015846711
        0.0016701951   0.0015099287  -0.0008100879  -0.0012110689   0.0003708488
        0.0010666245  -0.0001956408  -0.0007577461  -0.0000913264  -0.0001644715
        0.0000005911  -0.0000852372   0.0001542443  -0.0000393896   0.0006647989
        0.0012778835   0.0006938610  -0.0013397439   0.0032999919   0.0013975151
       -0.0116851588  -0.0148264100  -0.0050274058  -0.1656518147   0.0389844542
       -0.1115777579  -0.0002625354   0.0004409327  -0.0001151805  -0.0035507063
       -0.0003328602  -0.0029248678  -0.0225934617   0.0221003822   0.0156620677
       -0.0000598695   0.0010527021   0.0002780131   0.0001463003   0.0000005850
        0.0002997140  -0.0011987324   0.0005342734  -0.0000435669   0.0001737436
       -0.0000121115  -0.0001139942   0.0000298624   0.0000348194   0.0000656720
       -0.0000176450   0.0000235307   0.0000095054   0.0000510757  -0.0001798369
       -0.0001492335  -0.0002164104   0.0000115273   0.0000829137  -0.0020878658
        0.0009858593   0.0000293247   0.0001006148   0.0001217772   0.0001557134
       -0.0125422990  -0.0761427292   0.0388865079   0.0047201491   0.0039841738
       -0.0122466788  -0.0010499169   0.0011380598   0.0004431887  -0.0036293191
       -0.0241071802  -0.0108745973  -0.0543940142  -0.1184613506  -0.0206323276
       -0.0311318201   0.4176529038   0.0002504552   0.0018983743  -0.0010730634
        0.0088230531  -0.0040229027   0.0061581149  -0.0057500454   0.0626967497
       -0.1149977501  -0.0558598277  -0.0073123704  -0.0101570084   0.0217086002
        0.0009019789  -0.0011511620   0.0011475798  -0.0001083344   0.0003160981
       -0.0004095070   0.0001715901  -0.0000456648   0.0000741020   0.0022827903
       -0.0015180113  -0.0021573775  -0.0032922250  -0.0076573712   0.0019515683
       -0.0005012601   0.0000426222   0.0003159290  -0.0002158286   0.0000504026
        0.0002757929   0.0001234620  -0.0000011372  -0.0001312071  -0.0009657447
        0.0005998919  -0.0003535793   0.0019287044  -0.0019615631  -0.0015275337
       -0.0074996473  -0.0092986969  -0.0033583014   0.0397450052  -0.0524512917
        0.0380803342   0.0004243367  -0.0004306206   0.0003713150   0.0004873261
       -0.0006736312   0.0004874581   0.0092064845  -0.0096800835  -0.0007415081
        0.0005867624  -0.0005141362   0.0005590599  -0.0000590576   0.0005688935
        0.0003242724   0.0008461116  -0.0003409220   0.0002080072  -0.0002297207
        0.0002428855   0.0002146983   0.0000142200   0.0000760860   0.0000092865
        0.0000697610  -0.0000156432  -0.0000053384  -0.0001342416   0.0002703442
       -0.0001009377   0.0001576703  -0.0000792049  -0.0000074903   0.0008602481
       -0.0003260748   0.0001216714  -0.0000330223  -0.0000161797  -0.0000966231
        0.0160004407   0.0362478220  -0.1289174032   0.0081681085  -0.0020641920
       -0.0123693053  -0.0011283819   0.0010144273   0.0004250035  -0.0015977006
       -0.0101461993  -0.0037699483  -0.0204394429  -0.0202261142  -0.0714837653
        0.0875808921   0.0002504552   0.4989181453  -0.0073870084   0.0044297752
       -0.0294927114  -0.0156853766  -0.0120914733  -0.0169789136   0.0420126628
       -0.0680208907  -0.1152520491   0.0028133033   0.0076948228  -0.0018301298
       -0.0012990187   0.0013509829  -0.0031839891  -0.0000570241   0.0000024587
        0.0014693135   0.0000353448   0.0004240334  -0.0002327216   0.0007448996
       -0.0005078517  -0.0002947816  -0.0007536080  -0.0033893013   0.0025357902
        0.0006454643  -0.0004089286  -0.0005445670  -0.0000806753   0.0003798283
        0.0002746547  -0.0001001629  -0.0001156139  -0.0001637319  -0.0002826655
        0.0010927361   0.0004045009   0.0003714035  -0.0009971001  -0.0001682303
        0.0127689468   0.0150281358   0.0059162657  -0.1111734504   0.0379837183
       -0.1343985969   0.0000550355  -0.0003281492   0.0002172865  -0.0027318674
        0.0006592945  -0.0028097008  -0.0061849478   0.0118123344   0.0117175416
        0.0004618472  -0.0012419979   0.0000598541  -0.0005679761  -0.0006129154
        0.0005258695  -0.0014112420   0.0006141376   0.0004298070   0.0003512847
        0.0000982850  -0.0002476761  -0.0002477548  -0.0001345744  -0.0001342708
        0.0000322941   0.0000853547  -0.0000157712  -0.0000354277   0.0005027448
       -0.0002858631   0.0000569046  -0.0000663714   0.0000614947  -0.0009869824
        0.0006773685  -0.0002305993   0.0000518813   0.0000029583  -0.0001508014
       -0.1299763242   0.0021188548  -0.0469765465  -0.0243041036   0.0060875067
       -0.0092255995   0.0000082795  -0.0002674570   0.0000407301  -0.0005400257
       -0.0003316118   0.0002536952   0.0056190263   0.0011427848  -0.0004822855
        0.0021045349   0.0018983743  -0.0073870084   0.4283470874  -0.0322749477
       -0.0166864267  -0.0982298794  -0.0540539163   0.0265181052  -0.0000339451
        0.0003999110   0.0003993708  -0.0140837528  -0.0061695891  -0.0071139496
       -0.0189834445  -0.0230590286   0.0090033803  -0.0014522667   0.0026116445
        0.0018450384  -0.0003414025  -0.0001177056  -0.0001838913   0.0005050769
       -0.0002215008  -0.0015286884  -0.0001613770   0.0009722401  -0.0023249355
       -0.0004100799  -0.0000083364  -0.0003788211  -0.0000964185  -0.0001170939
       -0.0001699160  -0.0003828196   0.0005177253  -0.0001527146  -0.0000676361
       -0.0000826360  -0.0001055488   0.0000931709   0.0000422175  -0.0000909026
       -0.0006601594  -0.0003827553  -0.0011386013  -0.0000964586  -0.0008261503
        0.0000510172  -0.0973363266   0.1001910264   0.0126993893  -0.0494911739
        0.0062149958   0.0455245189  -0.0002196629  -0.0000978241   0.0001329804
        0.0007482883   0.0011229148   0.0005518582  -0.0008359904  -0.0019795538
       -0.0003703547   0.0001220533   0.0013711759   0.0027572450  -0.0004498539
       -0.0052288444  -0.0047898689   0.0000307641  -0.0003381535  -0.0002416718
       -0.0000348500   0.0001500370   0.0000536251   0.0007842861   0.0006411532
       -0.0003632896  -0.0000171839  -0.0000143824   0.0000088195  -0.0000902778
        0.0000066758   0.0000168721  -0.0000671547   0.0000822493  -0.0001456251
        0.0015389045  -0.0619080853  -0.0006552200   0.0158353578  -0.0024107554
        0.0074875674   0.0001506641  -0.0003477164  -0.0003138413  -0.0002179809
        0.0006888510  -0.0006308278  -0.0055946169  -0.0130523562   0.0178545731
        0.0032290065  -0.0010730634   0.0044297752  -0.0322749477   0.4793523424
       -0.0056774428  -0.0507615814  -0.1398770691   0.0409527940  -0.0003379862
        0.0008674264  -0.0001183939  -0.0205865002  -0.0041939228  -0.0144057028
       -0.0137721235  -0.0133188101   0.0022007203   0.0018299627  -0.0017683351
       -0.0016644862   0.0004321883   0.0002104531   0.0003691276  -0.0001114986
        0.0003495626   0.0002996842  -0.0009530776   0.0005211291  -0.0014265048
        0.0001501698   0.0000682561   0.0001062129   0.0002198771   0.0000473713
        0.0002946572   0.0011493185  -0.0010227068   0.0001086362  -0.0000367476
        0.0000767576   0.0000288226  -0.0000319958   0.0000407906   0.0001330741
        0.0011515131  -0.0013470109   0.0021391388  -0.0007904117  -0.0006204307
        0.0012505044   0.0976095747  -0.2016398945  -0.0232877847   0.0063966551
       -0.0409428610  -0.0305378424   0.0000093264   0.0001506354   0.0003648177
       -0.0013186950   0.0006814281  -0.0003376469  -0.0024241497  -0.0046401503
       -0.0009591276   0.0024874669  -0.0015203000  -0.0016631615  -0.0038908582
        0.0052739606   0.0035316573   0.0000008358   0.0003074280   0.0001719284
        0.0000853431  -0.0000794840  -0.0001463419   0.0007788389   0.0011262884
       -0.0000088988   0.0000028329   0.0000536118   0.0000239524  -0.0000051441
       -0.0000163200   0.0000131033   0.0000504790  -0.0000370209   0.0000724762
       -0.0460501673  -0.0004569219  -0.0956581780   0.0047868083   0.0003927247
        0.0036271861   0.0000852027   0.0000159165  -0.0004046405   0.0000171169
        0.0004571549  -0.0013284365   0.0022687903   0.0182944664  -0.0138192967
       -0.0180988888   0.0088230531  -0.0294927114  -0.0166864267  -0.0056774428
        0.5225952687   0.0229238021   0.0370485553  -0.0804097107  -0.0013200597
        0.0007716192   0.0000982739  -0.0053360746  -0.0023417194  -0.0030846751
       -0.0008520621  -0.0048560782   0.0041298606   0.0008315139  -0.0011359018
       -0.0008117342   0.0000555311   0.0000111461   0.0001403742   0.0015991578
       -0.0004580931   0.0011535692   0.0011377094   0.0003192335   0.0007992016
        0.0001071190   0.0001053265   0.0000813716   0.0000939664  -0.0000908997
        0.0001511419   0.0003249495  -0.0006582652   0.0004387711  -0.0003063948
        0.0001679089   0.0001065429  -0.0001062139   0.0000251544   0.0000127478
       -0.0019434715   0.0018069199  -0.0028314353   0.0013054928   0.0022713811
       -0.0052143359   0.0135634094  -0.0258109972  -0.0433644382   0.0469029810
       -0.0290990361  -0.2611368491  -0.0001513772  -0.0001022296   0.0000636026
       -0.0002558125   0.0004921272   0.0001577129  -0.0003760229  -0.0005896129
        0.0004389471   0.0013809181  -0.0025387994  -0.0010822001  -0.0052882732
        0.0030040018   0.0044321433   0.0000900255   0.0002154462   0.0001594274
        0.0000353952  -0.0000804182  -0.0000210202  -0.0008279236  -0.0002931494
       -0.0000797496   0.0000010180  -0.0000162475  -0.0000367526   0.0000262742
        0.0000181404   0.0000668233   0.0000619869  -0.0000344637   0.0001231980
       -0.0226266383  -0.0199802809  -0.0018550438  -0.0000282459  -0.0002350061
        0.0000112328  -0.0009255874   0.0001972834  -0.0004774103  -0.0173321276
        0.0143869112  -0.0132902443  -0.0884589326   0.0188486131  -0.0484064542
       -0.0168594520  -0.0040229027  -0.0156853766  -0.0982298794  -0.0507615814
        0.0229238021   0.7170581298   0.2077585515   0.2200048325  -0.0003221241
        0.0014403941   0.0010396989  -0.0035222251  -0.0001396817  -0.0020966030
       -0.4413458391  -0.1492931210  -0.1631526673  -0.0005406082   0.0000322843
       -0.0002653027   0.0001421318  -0.0000773841   0.0000964266  -0.0002351879
       -0.0000506524   0.0000566806   0.0004507072   0.0006063644  -0.0002086835
       -0.0000001015   0.0000148427  -0.0000167854   0.0000813277   0.0000403857
       -0.0002152429  -0.0003061909   0.0008921172   0.0007640755  -0.0027935852
        0.0032597169   0.0000856198   0.0008533885  -0.0011386852  -0.0001483908
        0.0072309894  -0.0042886818   0.0122505113  -0.0020820045  -0.0025767402
       -0.0014892511   0.0070625177   0.0061024381  -0.0027171757  -0.0041926970
       -0.0081063750   0.0057734100   0.0010242440   0.0000568863  -0.0002675453
       -0.0000145908   0.0001465136  -0.0000931370  -0.0004173788  -0.0010319305
       -0.0002697539  -0.0161170362  -0.0026438746  -0.0089043987  -0.0175321036
       -0.0092409142  -0.0037069873   0.0001419355   0.0000364889   0.0000341932
       -0.0000207021  -0.0000039812  -0.0000073574  -0.0001242257  -0.0002727850
        0.0002505476  -0.0000200831   0.0000409970  -0.0000416264  -0.0001093527
        0.0000203523  -0.0000265312   0.0001115283  -0.0000165629   0.0000509379
       -0.0122207215  -0.0041205757  -0.0059222650   0.0004365915  -0.0003428629
        0.0003297274   0.0003477586   0.0005231542   0.0001625449   0.0166736638
       -0.0116208013   0.0151743497   0.0234012371  -0.0800106061   0.0454146607
       -0.0114176799   0.0061581149  -0.0120914733  -0.0540539163  -0.1398770691
        0.0370485553   0.2077585515   0.3835259057  -0.0632052790  -0.0011294014
       -0.0014158894  -0.0004439103  -0.0014089070  -0.0003003615   0.0001885298
       -0.1489076349  -0.1069260819  -0.0369928055  -0.0000880320  -0.0001500256
       -0.0002030050   0.0000288489  -0.0000668796   0.0000512977  -0.0002883910
       -0.0000566666   0.0001284229   0.0001448106   0.0001717884  -0.0000222417
       -0.0000123032   0.0000325873   0.0001234517  -0.0001403949  -0.0001334626
        0.0003125357   0.0006465078   0.0002771565  -0.0005031136   0.0030440151
       -0.0029124379  -0.0009188500  -0.0000459303  -0.0002089325   0.0004768011
        0.0043796440  -0.0047084424   0.0103766156  -0.0023551893  -0.0028912918
       -0.0006597676  -0.0140930660  -0.0270491441   0.0110661251  -0.0004192125
       -0.0000268907   0.0033160735   0.0011894354   0.0006849709  -0.0007067250
       -0.0000170087   0.0000212208  -0.0000526837   0.0000370657  -0.0001522098
       -0.0000998999   0.0120007374   0.0035276196   0.0047581560  -0.0235574411
       -0.0115613401  -0.0072559176   0.0000567723   0.0000339539   0.0000499668
       -0.0000429197  -0.0000270746  -0.0000073046  -0.0000432856  -0.0003405138
        0.0000483362  -0.0000105229  -0.0000065972   0.0000246685   0.0000712454
       -0.0000469242   0.0000159827   0.0000350730  -0.0000033903   0.0000184405
       -0.0041507536  -0.0057021870   0.0039268086  -0.0003933113  -0.0001893418
       -0.0002912311   0.0010559699  -0.0000940208   0.0008208881  -0.0047716661
        0.0050985661   0.0070600434  -0.0461913305   0.0390720285  -0.1445087648
       -0.0204698756  -0.0057500454  -0.0169789136   0.0265181052   0.0409527940
       -0.0804097107   0.2200048325  -0.0632052790   0.3925485585  -0.0013869010
        0.0024598248   0.0001083605  -0.0019711275   0.0001037823  -0.0019424661
       -0.1615577098  -0.0366242047  -0.1201444607  -0.0001484182   0.0000127377
        0.0000585692  -0.0000271314   0.0000188039  -0.0000415265   0.0001487920
        0.0001046007  -0.0001217869   0.0001885581   0.0004912776  -0.0004911700
        0.0001334661   0.0001981463  -0.0001196308   0.0001049012   0.0000160434
       -0.0004036237   0.0006229031  -0.0007387414  -0.0004546154   0.0015456460
       -0.0019951216  -0.0002177824   0.0005243407  -0.0004224973   0.0002561357
       -0.0100497895   0.0104556313  -0.0184405955  -0.0016053961  -0.0020983286
       -0.0016474878  -0.0015731979  -0.0001084207   0.0019828231   0.0161321999
        0.0222100060  -0.0120452691   0.0008157159  -0.0008556087   0.0007427953
       -0.0000249871   0.0000771242   0.0000787234  -0.0005366628  -0.0006773422
       -0.0001166792  -0.0246249791  -0.0066287620  -0.0127823831   0.0115898141
        0.0038043737   0.0036151023   0.0000116461  -0.0000301518  -0.0000159466
        0.0000070580   0.0000192134  -0.0000158541   0.0002625002   0.0000778374
       -0.0000251558  -0.0001238904   0.0000248593   0.0000439375  -0.0001169991
       -0.0000873180  -0.0000484349   0.0000576782   0.0000097203   0.0000207431
       -0.0128414699   0.0098071727   0.0174903889  -0.0004719381  -0.0020910830
        0.0039329285  -0.0000425048  -0.0001727977  -0.0005060364   0.0005042808
       -0.0010733721  -0.0005477027   0.0075583482  -0.0029565092  -0.0033502281
       -0.1021871314   0.0626967497   0.0420126628  -0.0000339451  -0.0003379862
       -0.0013200597  -0.0003221241  -0.0011294014  -0.0013869010   0.4287520013
       -0.1452699087   0.1229819528   0.0002341965   0.0012767677   0.0008033270
        0.0005936419  -0.0000968933  -0.0000706172   0.0006880665   0.0000092215
        0.0000788942  -0.0000767408   0.0001037727  -0.0001039850  -0.0010481927
        0.0008828162   0.0011803048  -0.0001749956  -0.0004310604   0.0003648219
       -0.0005909196   0.0002345706  -0.0001205941   0.0000577812   0.0000293305
       -0.0000288042   0.0000063930  -0.0000572213   0.0000292489  -0.0001509895
       -0.0001416893   0.0000424866   0.0001183744   0.0001493943   0.0001434585
        0.0013374032   0.0010506741  -0.0004335523  -0.0239508021   0.0237196353
        0.0116191596  -0.0000589380  -0.0002223627  -0.0000367542   0.0000063190
        0.0000153971   0.0000906871  -0.2975534510   0.0537631927  -0.1934567219
       -0.0002864841  -0.0003116651   0.0002767250  -0.0001643362   0.0001653007
       -0.0001212881  -0.0000313204   0.0001230549   0.0001638894   0.0000759570
        0.0002043575   0.0000727401  -0.0000578324  -0.0000324821  -0.0000890380
        0.0000608148   0.0000383681  -0.0000445538   0.0000359559   0.0002400244
       -0.0001791451   0.0000369544  -0.0000760622   0.0000319846   0.0001107622
       -0.0001008710   0.0003861264  -0.0001331344  -0.0000084350   0.0000941946
        0.0022220771   0.0045090290  -0.0048539358  -0.0004833124   0.0009450868
        0.0001663748   0.0002124110   0.0001570251   0.0004553991  -0.0049867377
       -0.0059814265  -0.0039440501   0.0170748709  -0.0322279081  -0.0247311819
        0.0479599665  -0.1149977501  -0.0680208907   0.0003999110   0.0008674264
        0.0007716192   0.0014403941  -0.0014158894   0.0024598248  -0.1452699087
        0.1852667943   0.0761387036  -0.0006941862  -0.0024373483   0.0004123541
       -0.0003211774   0.0002090594  -0.0000240046  -0.0003753159  -0.0003110884
        0.0002051381   0.0000338962   0.0001230397   0.0001463720   0.0002633691
       -0.0002609092  -0.0004322512  -0.0004290804   0.0014907854   0.0007959150
        0.0004286542   0.0000770855   0.0001027556   0.0000743276   0.0000056702
       -0.0000559451  -0.0000805172  -0.0000195140   0.0000151208  -0.0004202051
        0.0003509708   0.0000564746   0.0012525839  -0.0023208665  -0.0011031470
        0.0014365493   0.0022058403   0.0008907303   0.0133312221  -0.0107029241
       -0.0047295038  -0.0005662341   0.0004845340  -0.0003897499  -0.0001064971
        0.0000439553   0.0000697315   0.0686519960  -0.0270720257   0.0257412589
       -0.0015362129   0.0011167938   0.0009301896   0.0003886870   0.0000702845
       -0.0000695569  -0.0001572611   0.0001057341  -0.0002119403   0.0001729003
        0.0000027394  -0.0000367541   0.0000487139  -0.0000238409  -0.0000060799
        0.0000193563   0.0000018873  -0.0000706222   0.0001503165  -0.0002962588
       -0.0002720798  -0.0001347860   0.0001915382  -0.0000008790  -0.0001676895
       -0.0001509915  -0.0003234843   0.0001669189  -0.0000065379  -0.0000819055
        0.0251693485  -0.0197386200  -0.0231352449   0.0014545917   0.0032085003
       -0.0059967721   0.0000963496   0.0002358320   0.0005299962  -0.0029050365
       -0.0027345506  -0.0012772209   0.0090892870  -0.0182834719  -0.0091374514
        0.0194230790  -0.0558598277  -0.1152520491   0.0003993708  -0.0001183939
        0.0000982739   0.0010396989  -0.0004439103   0.0001083605   0.1229819528
        0.0761387036   0.2967371988  -0.0001338760  -0.0014677416   0.0002335525
       -0.0000341119   0.0001998050   0.0003176099  -0.0006833798   0.0002222720
       -0.0004282869   0.0001549002  -0.0001236155   0.0001738417   0.0014029653
       -0.0013208554  -0.0014964715   0.0000474507   0.0004334757  -0.0005506181
        0.0000885575   0.0000219363   0.0001402219   0.0000392967  -0.0000906261
       -0.0000193762  -0.0000227380   0.0000614300   0.0000224795   0.0000030678
        0.0000839580   0.0001307657   0.0006872626  -0.0012098065  -0.0004896017
       -0.0004102426   0.0005227012   0.0007370013  -0.0068930894   0.0085479598
        0.0085553093   0.0001778404  -0.0001120383  -0.0003951526   0.0001306562
       -0.0002119894   0.0000625111  -0.1720322849   0.0125214912  -0.1494308508
        0.0004304082   0.0001889067  -0.0004595538   0.0001189489  -0.0001635926
       -0.0000504483   0.0000804052   0.0000205656  -0.0000291121  -0.0000696833
       -0.0001587608   0.0000487728   0.0001226874   0.0000266790   0.0000923065
       -0.0000744986  -0.0001094381   0.0000346310   0.0000553106  -0.0002745434
        0.0002036795  -0.0000584040   0.0000217297  -0.0000742537   0.0000641737
       -0.0000540996  -0.0000178707   0.0000597354   0.0000199359   0.0000138229
       -0.0763448174  -0.0316570383  -0.0098621643   0.0060164396   0.0149340624
        0.0013146623  -0.0023771802   0.0026381607   0.0016793100  -0.0001319888
       -0.0002396321   0.0000993528  -0.0007801241  -0.0008949680   0.0005245356
       -0.0042014930  -0.0073123704   0.0028133033  -0.0140837528  -0.0205865002
       -0.0053360746  -0.0035222251  -0.0014089070  -0.0019711275   0.0002341965
       -0.0006941862  -0.0001338760   0.5285624511  -0.0260603500   0.0259679886
       -0.0007174152  -0.0008164292   0.0004851906  -0.0006719000   0.0013690004
        0.0003252150  -0.0006609683   0.0013239032   0.0001471638   0.0004981306
        0.0001455554   0.0004139179  -0.0901638714  -0.0289980792   0.0510441344
       -0.0002219049  -0.0001353502   0.0001536220   0.0001823919   0.0011827211
        0.0002511994   0.0000163650   0.0000418818   0.0000646136  -0.0000405247
        0.0000399691  -0.0000377322   0.0000122392   0.0000250293   0.0000115266
       -0.0000936938  -0.0001774616  -0.0000718231   0.0002476282   0.0002700276
       -0.0004561461   0.0001797385  -0.0018566500  -0.0002920558  -0.0004844605
       -0.0002818304  -0.0004438629  -0.0005051167  -0.0003381172   0.0000383031
       -0.1396906975   0.0843169326   0.0574292271  -0.2104116070   0.0019268619
       -0.1000754475   0.0000509385  -0.0000521695   0.0000319126  -0.0003101271
       -0.0000940779  -0.0000891295  -0.0000699126   0.0002068076   0.0002130280
       -0.0005137916   0.0000717779   0.0002964360   0.0099585267   0.0130172304
       -0.0244673186   0.0000232353   0.0000001100  -0.0000648052   0.0001041032
        0.0000448473   0.0000174603  -0.0000888116   0.0000492389  -0.0000205399
       -0.0357146793  -0.1510475127  -0.0221411289   0.0000361845  -0.0237562036
       -0.0051820426   0.0022282661  -0.0016999178  -0.0013874551   0.0002086930
       -0.0001052713   0.0001140551  -0.0004123773  -0.0001699164   0.0007153708
       -0.0089009199  -0.0101570084   0.0076948228  -0.0061695891  -0.0041939228
       -0.0023417194  -0.0001396817  -0.0003003615   0.0001037823   0.0012767677
       -0.0024373483  -0.0014677416  -0.0260603500   0.4284181032   0.0132481340
       -0.0001782156  -0.0000516677  -0.0000702460   0.0005283545  -0.0009963083
       -0.0002465910   0.0001020440  -0.0007462661  -0.0001807850  -0.0004942134
        0.0003432626   0.0006210662  -0.0199837173  -0.0737855266   0.0653384260
       -0.0002892542  -0.0000701458  -0.0000305595  -0.0003510506  -0.0007506503
       -0.0001368737   0.0000417512  -0.0001931203   0.0000067750  -0.0000687248
       -0.0000171312  -0.0001144188   0.0001533583   0.0002566384   0.0000166709
        0.0001236300   0.0000404129  -0.0002635640   0.0003023037   0.0003442857
       -0.0005699069   0.0014815194   0.0004589841   0.0005628619   0.0002615828
        0.0001965663   0.0001322398  -0.0000205959   0.0003694754   0.0001199169
        0.0856146041  -0.1145106940  -0.0569353213   0.0037552015  -0.0419049870
       -0.0007228482   0.0000854269  -0.0000463921   0.0000710165   0.0001217885
        0.0001885567  -0.0000415122  -0.0000331426  -0.0001029406  -0.0002499247
        0.0001506855   0.0001854190   0.0000173844   0.0023695275  -0.0037322908
        0.0033253670   0.0000396418  -0.0000198618   0.0000477404   0.0000780217
       -0.0000158034   0.0000470139  -0.0001428407   0.0000095445  -0.0001000050
       -0.0080496060  -0.0187345966  -0.0604393159  -0.0025986546  -0.0106230517
       -0.0005096977   0.0019899645  -0.0018139872  -0.0007725023   0.0000815475
        0.0001238284  -0.0001038579   0.0019253553   0.0023855994  -0.0032007605
        0.0089622246   0.0217086002  -0.0018301298  -0.0071139496  -0.0144057028
       -0.0030846751  -0.0020966030   0.0001885298  -0.0019424661   0.0008033270
        0.0004123541   0.0002335525   0.0259679886   0.0132481340   0.4575192693
       -0.0004445235  -0.0006245843   0.0003194843  -0.0009091010  -0.0002453750
        0.0001436734   0.0001172058  -0.0000927805  -0.0001610409  -0.0000459164
       -0.0004775456  -0.0006230435   0.0264407574   0.0554883902  -0.1768972743
        0.0001544632  -0.0000098758  -0.0002472791  -0.0001499343  -0.0008860867
       -0.0001192646  -0.0000894117   0.0000770581  -0.0000076492   0.0000293282
        0.0000528117  -0.0000301954  -0.0000407038   0.0000340029  -0.0000063797
        0.0007581717   0.0008821907   0.0002507643   0.0004036872   0.0004733626
       -0.0000911390   0.0004215123   0.0003990651   0.0014418259  -0.0007990721
       -0.0007613508  -0.0011759638   0.0001572859   0.0002275116  -0.0001161445
        0.0578918245  -0.0557086736  -0.0785624320  -0.1059159130  -0.0006156019
       -0.1033034193  -0.0000236929  -0.0000147272   0.0000479951  -0.0002017387
       -0.0001305453  -0.0000439822  -0.0001942470  -0.0000200558  -0.0001474514
        0.0009255889  -0.0003279595  -0.0002177172   0.0017104579   0.0096213770
       -0.0262136595  -0.0000551966  -0.0000648377  -0.0000336210   0.0000112132
        0.0001718601  -0.0001079531  -0.0000236397   0.0000626619   0.0000324503
       -0.0014521361  -0.0019594182   0.0004461839  -0.0001698310   0.0000561654
       -0.0000261621   0.0001931537  -0.0000617538  -0.0000206632   0.0012842340
       -0.0016514338  -0.0008518187  -0.0199147274   0.0004061256  -0.0129371157
       -0.0008661813   0.0009019789  -0.0012990187  -0.0189834445  -0.0137721235
       -0.0008520621  -0.4413458391  -0.1489076349  -0.1615577098   0.0005936419
       -0.0003211774  -0.0000341119  -0.0007174152  -0.0001782156  -0.0004445235
        0.6686267042   0.2210026120   0.2217988526   0.0000192058   0.0000160037
       -0.0000086820  -0.0000246726   0.0000007258   0.0000023152   0.0000281610
       -0.0000088355  -0.0001240816   0.0001012389   0.0000140371  -0.0000791019
       -0.0000113337   0.0000058046   0.0000012685   0.0000811896  -0.0000640454
        0.0000490753  -0.0004750784   0.0000619020   0.0001058716  -0.0001182614
        0.0002316821   0.0001630605   0.0000966074  -0.0000089142  -0.0000266887
        0.0005452242  -0.0008308276   0.0007744404  -0.0003014200  -0.0004669023
       -0.0001807841   0.0000623766   0.0011310333  -0.0009478262   0.0002373037
        0.0005600494  -0.0013783789  -0.0004427170  -0.0003813397  -0.0002794149
       -0.0000583798   0.0000201448   0.0000488798  -0.0000606873  -0.0001660874
        0.0000172000  -0.0877734976   0.0448872594  -0.0924333061  -0.0991479539
       -0.1005729286   0.0500690845  -0.0000126458  -0.0000024942  -0.0000061425
        0.0000196737   0.0000128296  -0.0000107658  -0.0000347853   0.0000771419
       -0.0000145220   0.0000126991  -0.0000326254  -0.0000067875   0.0000146285
        0.0000029743   0.0000382863  -0.0000050347  -0.0000017126   0.0000051495
       -0.0021998808  -0.0028557007   0.0014085164  -0.0003121720  -0.0000026838
       -0.0001469036   0.0000585380  -0.0001964330   0.0000013296   0.0015123441
       -0.0009850384   0.0008499077   0.0080862912   0.0049805275   0.0031965190
        0.0011099357  -0.0011511620   0.0013509829  -0.0230590286  -0.0133188101
       -0.0048560782  -0.1492931210  -0.1069260819  -0.0366242047  -0.0000968933
        0.0002090594   0.0001998050  -0.0008164292  -0.0000516677  -0.0006245843
        0.2210026120   0.4019985012  -0.1530362391  -0.0000356994   0.0000747333
        0.0000781756  -0.0000093037   0.0000169057   0.0000190006   0.0000652316
       -0.0000100261  -0.0000730978   0.0000336556   0.0000802283  -0.0000768878
        0.0000685478   0.0000118268  -0.0000148509   0.0000486557  -0.0000098380
        0.0000352490  -0.0000379252  -0.0000107102   0.0002080498   0.0004209957
       -0.0002652789   0.0001000796   0.0000504408   0.0003746902  -0.0000080920
        0.0009533890  -0.0000400541   0.0005268000   0.0003505504   0.0003866874
        0.0001774179  -0.0014040110   0.0001671581   0.0000891113  -0.0009497467
        0.0001619579  -0.0005440814  -0.0000436900  -0.0000890817  -0.0001214237
       -0.0000245920   0.0001090639   0.0000783709  -0.0001851748  -0.0002733716
       -0.0000095866   0.0442228892  -0.0886730940   0.0951444801  -0.0995670339
       -0.1938303221   0.0928062316   0.0000041649  -0.0000107541  -0.0000237414
        0.0000259513   0.0000178630  -0.0000175065   0.0000672062   0.0000833764
       -0.0000679011  -0.0000367455   0.0000315270   0.0000036668  -0.0000306722
       -0.0000179279  -0.0000204864   0.0000207200   0.0000139304  -0.0000080282
        0.0008898858   0.0018335386  -0.0007546585  -0.0000456468   0.0000136830
        0.0000346189   0.0001562454  -0.0000681837  -0.0001589908  -0.0000229369
       -0.0011685217  -0.0012930817  -0.0239299113  -0.0035746501  -0.0129389191
       -0.0025737362   0.0011475798  -0.0031839891   0.0090033803   0.0022007203
        0.0041298606  -0.1631526673  -0.0369928055  -0.1201444607  -0.0000706172
       -0.0000240046   0.0003176099   0.0004851906  -0.0000702460   0.0003194843
        0.2217988526  -0.1530362391   0.4224747767   0.0000102296   0.0000385699
       -0.0000463531   0.0000154098   0.0000007029   0.0000280234  -0.0000711820
        0.0000026642   0.0000284598  -0.0000490354   0.0000043410   0.0001485691
       -0.0000416265  -0.0000130986   0.0000286678   0.0000143350  -0.0000482875
        0.0001373065   0.0000508158   0.0000228571   0.0002685990  -0.0003204949
        0.0005843827   0.0002208142  -0.0000245634   0.0001945108  -0.0000811745
       -0.0007349732  -0.0006269932   0.0007378660  -0.0007190317  -0.0007941763
       -0.0004231618   0.0005895327   0.0012472915   0.0003229978   0.0006065087
        0.0011149003   0.0000921993   0.0001341651   0.0000753375  -0.0000878863
       -0.0000173011   0.0000348440  -0.0000175284   0.0001386927   0.0001678193
        0.0000297775  -0.0912039555   0.0958590294  -0.2029251954   0.0490503352
        0.0920075455  -0.0873234394   0.0000226454   0.0000044929   0.0000128115
       -0.0000145720  -0.0000173796   0.0000084010  -0.0000318097  -0.0001070470
       -0.0000171131   0.0000163419  -0.0000126601  -0.0000227561   0.0000462802
        0.0000040582   0.0000541418  -0.0000047856  -0.0000045758   0.0000237231
       -0.0264901239   0.0090841362  -0.0047611775  -0.1506376289  -0.0035535875
       -0.0573850267  -0.0138407872  -0.0069209657  -0.0069367580  -0.0002159574
       -0.0001475891   0.0000854753  -0.0003655924  -0.0002978185   0.0000700264
        0.0000836938  -0.0001083344  -0.0000570241  -0.0014522667   0.0018299627
        0.0008315139  -0.0005406082  -0.0000880320  -0.0001484182   0.0006880665
       -0.0003753159  -0.0006833798  -0.0006719000   0.0005283545  -0.0009091010
        0.0000192058  -0.0000356994   0.0000102296   0.5980825024   0.2105488250
        0.0035174587  -0.3004334780  -0.2192724944   0.0910616481  -0.0035747662
        0.0031237502  -0.0036892485  -0.0003929635  -0.0003020445   0.0003425763
       -0.0721089425   0.0184602267  -0.0221715134   0.0007342662   0.0010302167
        0.0004374826  -0.0004984614  -0.0008865865  -0.0001386420   0.0003582595
       -0.0001111991   0.0001652176   0.0001732177   0.0000234255   0.0000594930
        0.0001858019   0.0000806948  -0.0000761766   0.0000742218  -0.0000362102
        0.0006440430  -0.0005778004  -0.0000683055  -0.0003778705   0.0001148624
        0.0001100525   0.0001037534  -0.0001221079   0.0000160700   0.0001196270
       -0.0000749656  -0.0005585570   0.0000320740   0.0009831935  -0.0000706657
       -0.0001082799   0.0000670403  -0.0000099848   0.0000844679   0.0000476744
        0.0000478364  -0.0000146864  -0.0264179659  -0.0172088425   0.0067390931
        0.0028568865   0.0018961543  -0.0011326150  -0.0001484660   0.0001891565
       -0.0001415533   0.0014859647  -0.0034277261   0.0032083633   0.0039318523
       -0.0119184192   0.0138898697  -0.0113219276   0.0184295162  -0.0226709424
        0.0109728378   0.0007805107   0.0078931904   0.0021867489  -0.0626188909
        0.0026830508  -0.0217872526  -0.0024153784  -0.0130123491  -0.0002939445
       -0.0001140127  -0.0000816500  -0.0000682278  -0.0001259141   0.0000589166
       -0.0004842800   0.0003160981   0.0000024587   0.0026116445  -0.0017683351
       -0.0011359018   0.0000322843  -0.0001500256   0.0000127377   0.0000092215
       -0.0003110884   0.0002222720   0.0013690004  -0.0009963083  -0.0002453750
        0.0000160037   0.0000747333   0.0000385699   0.2105488250   0.4903780117
       -0.2203398668  -0.2215312834  -0.2495134052   0.1119678789   0.0080551297
        0.0005398216   0.0084755279  -0.0002956424   0.0002578384   0.0003527990
        0.0228610434  -0.1248541791   0.0709892753  -0.0006528875   0.0001908672
       -0.0006155428  -0.0025774148  -0.0046428548  -0.0014848041  -0.0000783362
       -0.0003178636   0.0002974760  -0.0000205768  -0.0002222104   0.0003441467
       -0.0000347772  -0.0000463256  -0.0000090995  -0.0000930746   0.0003479894
        0.0002920679   0.0008076244  -0.0001215631   0.0002326547  -0.0000899105
       -0.0000659141  -0.0001353176   0.0000436231   0.0000421237  -0.0000105016
        0.0000575109   0.0000244415   0.0000827330   0.0021011672  -0.0021053112
       -0.0009565733   0.0000249493  -0.0000186029   0.0000201263   0.0000142966
        0.0000225308  -0.0000071555  -0.0025809219  -0.0016966085   0.0000177665
       -0.0129536747  -0.0166940029   0.0091416713  -0.0000979822  -0.0001173064
       -0.0001453863   0.0039266209  -0.0260382137   0.0221263379  -0.0041307485
        0.0010793598   0.0023098495   0.0021324042   0.0008999889   0.0006180167
        0.0052954164   0.0031656948   0.0076562260  -0.0464805861   0.0033664370
       -0.0914280057  -0.0044870688  -0.0039899205  -0.0019992885  -0.0000583437
        0.0001526998   0.0000412511  -0.0000870985   0.0000976595  -0.0001575309
       -0.0000692420  -0.0004095070   0.0014693135   0.0018450384  -0.0016644862
       -0.0008117342  -0.0002653027  -0.0002030050   0.0000585692   0.0000788942
        0.0002051381  -0.0004282869   0.0003252150  -0.0002465910   0.0001436734
       -0.0000086820   0.0000781756  -0.0000463531   0.0035174587  -0.2203398668
        0.3830183829   0.0924139597   0.1134621702  -0.1025797363  -0.0254355364
        0.0043888763  -0.0202118461  -0.0000458695  -0.0003014858  -0.0001708499
       -0.0275332127   0.0704650344  -0.1403119876  -0.0005562074   0.0000122695
        0.0004805231  -0.0008912485  -0.0009136304   0.0004986768   0.0003606946
        0.0002927004  -0.0002503528   0.0000636699   0.0000607773  -0.0001504699
        0.0001292265   0.0000029987  -0.0000614908   0.0007635202  -0.0001060952
       -0.0008516253   0.0007143428  -0.0001687730   0.0004071073  -0.0001314303
       -0.0000259955  -0.0000069095  -0.0002662369   0.0000022108  -0.0000274560
        0.0004129355  -0.0002965187   0.0001726808   0.0002955597  -0.0002975186
        0.0004619971  -0.0000102210  -0.0000135140   0.0000035607   0.0000593698
        0.0000457867  -0.0000183947  -0.0101539866  -0.0078239165   0.0022785129
        0.0151905935   0.0160443533  -0.0111665309  -0.0000785482   0.0002120375
       -0.0000934898   0.0037119617  -0.0001687726   0.0059931236  -0.0015601210
        0.0182398562  -0.0228407180  -0.0070589144   0.0066747206  -0.0090705412
        0.0002428334  -0.0012541713  -0.0006267600  -0.0349662486  -0.0178111382
        0.0008918274  -0.0029261708   0.0006470595  -0.0022013654  -0.0000262169
       -0.0002661329   0.0001036292   0.0000832838  -0.0000258493  -0.0000068716
       -0.0001447862   0.0001715901   0.0000353448  -0.0003414025   0.0004321883
        0.0000555311   0.0001421318   0.0000288489  -0.0000271314  -0.0000767408
        0.0000338962   0.0001549002  -0.0006609683   0.0001020440   0.0001172058
       -0.0000246726  -0.0000093037   0.0000154098  -0.3004334780  -0.2215312834
        0.0924139597   0.6434245568   0.2194808631   0.0507024517  -0.0010052447
       -0.0015367199   0.0016436496  -0.0003084861   0.0004277025  -0.0002222256
        0.0010674968  -0.0025763928   0.0029768637   0.0000118854   0.0001145285
       -0.0000154808  -0.0004518034  -0.0010574001  -0.0003180347  -0.0001210105
        0.0000310819  -0.0000289599  -0.0000209769   0.0000156382   0.0001096626
       -0.0000007448  -0.0000063574  -0.0000321746  -0.0001378965   0.0000330733
        0.0000246518  -0.0001453356  -0.0000533465  -0.0000697185   0.0000596440
       -0.0000619572   0.0000929980   0.0000457312  -0.0000385650  -0.0000112766
        0.0000334605  -0.0000891481   0.0000343134  -0.0010271721   0.0012221214
        0.0004185892   0.0000049271  -0.0000035070   0.0000051654  -0.0000022664
        0.0000002182  -0.0000053361  -0.2530570516  -0.0081532209  -0.1051931966
       -0.0515394934   0.0270777849  -0.0375495551  -0.0000450726  -0.0000574253
        0.0001059992   0.0003125861   0.0020494758  -0.0010641524   0.0007970986
        0.0008340855  -0.0013515158   0.0012376037   0.0018297186  -0.0011783974
        0.0018718775  -0.0021792363  -0.0006809045  -0.0110597815  -0.0004038955
       -0.0014636400  -0.0000605562   0.0000116991  -0.0003359157  -0.0000014219
       -0.0000947819   0.0001253397   0.0000244084  -0.0000176024  -0.0000281011
       -0.0000986028  -0.0000456648   0.0004240334  -0.0001177056   0.0002104531
        0.0000111461  -0.0000773841  -0.0000668796   0.0000188039   0.0001037727
        0.0001230397  -0.0001236155   0.0013239032  -0.0007462661  -0.0000927805
        0.0000007258   0.0000169057   0.0000007029  -0.2192724944  -0.2495134052
        0.1134621702   0.2194808631   0.4673867114  -0.2661406472   0.0018861399
        0.0002775462   0.0005032546   0.0007730302  -0.0000270071   0.0003281448
       -0.0146258646  -0.0219185120   0.0177520216  -0.0000324821   0.0000218050
       -0.0000120519   0.0000460645  -0.0000498898   0.0000115426   0.0000521665
        0.0000130213  -0.0000210644   0.0000516673   0.0000807210   0.0000012969
        0.0000602253   0.0000335359  -0.0000277676  -0.0000770807  -0.0001030359
        0.0000743842   0.0000194304   0.0000177636   0.0000026270   0.0000386690
        0.0000263633   0.0000443020  -0.0000411205  -0.0000488106   0.0000367631
        0.0001725677   0.0001126259   0.0000264273  -0.0001803748   0.0002951697
        0.0002452286   0.0000105009  -0.0000034255  -0.0000002491   0.0000226521
        0.0000163504  -0.0000024822  -0.0091451696  -0.0389537083   0.0025185551
        0.0292366415  -0.1515422917   0.1314979970  -0.0000807570  -0.0000628564
       -0.0000639902   0.0004939025  -0.0017187606   0.0021058039   0.0005111149
       -0.0012831184   0.0008129216  -0.0013095276   0.0001354369  -0.0010102566
       -0.0013577166  -0.0008622033   0.0000927360  -0.0081127527  -0.0064117288
        0.0021329982  -0.0025858125  -0.0005354228  -0.0008861434  -0.0000225058
       -0.0001134103  -0.0001039724   0.0000612300   0.0000226693  -0.0000158789
        0.0000007073   0.0000741020  -0.0002327216  -0.0001838913   0.0003691276
        0.0001403742   0.0000964266   0.0000512977  -0.0000415265  -0.0001039850
        0.0001463720   0.0001738417   0.0001471638  -0.0001807850  -0.0001610409
        0.0000023152   0.0000190006   0.0000280234   0.0910616481   0.1119678789
       -0.1025797363   0.0507024517  -0.2661406472   0.3847371190  -0.0024012758
       -0.0012112268   0.0011293972   0.0002306571  -0.0001677848  -0.0001638110
        0.0138647162   0.0232670571  -0.0135434313   0.0000913283   0.0002343053
       -0.0000514538  -0.0002831664  -0.0004492434  -0.0001834589  -0.0001081060
       -0.0000609809  -0.0000007003  -0.0000622862  -0.0000717938   0.0001001967
       -0.0000362869   0.0000151512   0.0000226711  -0.0000619684   0.0000691085
       -0.0000122300  -0.0001661141   0.0000421204  -0.0000085542   0.0000520193
       -0.0000667976   0.0000688599   0.0000179603  -0.0000368824   0.0000160422
        0.0001318720  -0.0000121605   0.0000572027   0.0003491403  -0.0003721912
        0.0004913112   0.0000055517  -0.0000066171   0.0000060128  -0.0000045620
       -0.0000052849  -0.0000030343  -0.1034517201   0.0039985032  -0.0864827242
       -0.0395243095   0.1318289747  -0.1804971136   0.0002822444  -0.0000070370
        0.0000846562  -0.0004047964   0.0017109623  -0.0019662641  -0.0001854658
        0.0023865597  -0.0024355730   0.0019592890   0.0005090074   0.0000879262
       -0.0078196840  -0.0026140536   0.0208258167  -0.0451807541  -0.0145588168
        0.0359357172  -0.0030820283  -0.0077681237   0.0092983236  -0.0003619716
       -0.0025395042  -0.0000363478   0.0001844063   0.0000790546  -0.0001519375
       -0.0015846711   0.0022827903   0.0007448996   0.0005050769  -0.0001114986
        0.0015991578  -0.0002351879  -0.0002883910   0.0001487920  -0.0010481927
        0.0002633691   0.0014029653   0.0004981306  -0.0004942134  -0.0000459164
        0.0000281610   0.0000652316  -0.0000711820  -0.0035747662   0.0080551297
       -0.0254355364  -0.0010052447   0.0018861399  -0.0024012758   0.0693502780
        0.0175644980  -0.0391785631  -0.0000120828  -0.0001139838  -0.0002015097
       -0.0033969926  -0.0006185029  -0.0022246241  -0.0001213578   0.0000372146
        0.0000029317  -0.0002001772  -0.0009216375   0.0008198408  -0.0001369234
       -0.0000283626   0.0000690001  -0.0003499286  -0.0003021233   0.0003646258
        0.0000438831   0.0000076397  -0.0000850721  -0.0000764922   0.0000830411
       -0.0001282888   0.0001031604  -0.0000637960  -0.0001004010  -0.0012170665
        0.0001704720  -0.0007367353   0.0000247577  -0.0000406522   0.0001012093
       -0.0000734432  -0.0001444011  -0.0000226823  -0.0000588577  -0.0000211716
       -0.0001563057  -0.0000391014   0.0000167929  -0.0000239684   0.0000785185
        0.0000513317  -0.0000143910   0.0003216708   0.0000592529   0.0001507566
       -0.0008878741  -0.0009317395   0.0000680472  -0.0002218884   0.0004298108
       -0.0000187722   0.0000007652  -0.0002648042   0.0001515025  -0.0000313181
        0.0000214911   0.0000943041  -0.0004228039   0.0007525160  -0.0007443808
        0.0064578906   0.0043448012  -0.0166395993  -0.0155992091  -0.0695061131
        0.0735660654  -0.0095342390  -0.0158300732   0.0240551475  -0.0015323337
       -0.0048196699  -0.0007980347   0.0001111326   0.0001341181  -0.0001881215
        0.0016701951  -0.0015180113  -0.0005078517  -0.0002215008   0.0003495626
       -0.0004580931  -0.0000506524  -0.0000566666   0.0001046007   0.0008828162
       -0.0002609092  -0.0013208554   0.0001455554   0.0003432626  -0.0004775456
       -0.0000088355  -0.0000100261   0.0000026642   0.0031237502   0.0005398216
        0.0043888763  -0.0015367199   0.0002775462  -0.0012112268   0.0175644980
        0.0867324391  -0.0829582205   0.0000507164   0.0002013311   0.0000467974
        0.0004108651   0.0005025050   0.0006604691   0.0001424159  -0.0003598404
        0.0000348840  -0.0004188478   0.0004166569   0.0008847008  -0.0000482615
       -0.0000220436  -0.0000640509  -0.0008822867  -0.0006508171   0.0009058538
        0.0000793715  -0.0000298430  -0.0000967019  -0.0000211762  -0.0001560820
        0.0000219741  -0.0000648029  -0.0001024492  -0.0001613984  -0.0000487217
        0.0003709392   0.0001129822   0.0000003764   0.0000011969  -0.0000202917
       -0.0001055464   0.0001775507   0.0002160166  -0.0000365535   0.0000010893
        0.0000313368  -0.0000030872   0.0000027818  -0.0000299488   0.0000167641
        0.0000053547   0.0000028433   0.0000159399  -0.0003625858  -0.0001801992
       -0.0010053295  -0.0000046533   0.0000075646   0.0004562460  -0.0005162514
       -0.0000204165  -0.0000908267   0.0000018765   0.0000243962  -0.0000004426
       -0.0001252213  -0.0000342864   0.0000808395  -0.0000715771   0.0000996694
        0.0085544824   0.0018049663  -0.0190407557   0.0354594688   0.0739381770
       -0.2259703637  -0.0000219044   0.0004026067  -0.0001793494  -0.0000944204
        0.0004027576   0.0010597938  -0.0000916024  -0.0000194311  -0.0000120629
        0.0015099287  -0.0021573775  -0.0002947816  -0.0015286884   0.0002996842
        0.0011535692   0.0000566806   0.0001284229  -0.0001217869   0.0011803048
       -0.0004322512  -0.0014964715   0.0004139179   0.0006210662  -0.0006230435
       -0.0001240816  -0.0000730978   0.0000284598  -0.0036892485   0.0084755279
       -0.0202118461   0.0016436496   0.0005032546   0.0011293972  -0.0391785631
       -0.0829582205   0.2621442690  -0.0003603667   0.0005412376   0.0011383210
       -0.0028426229  -0.0005212774  -0.0008744346   0.0000142070   0.0003017087
       -0.0001091618  -0.0003936575  -0.0009268561   0.0013012335  -0.0000233870
       -0.0001342397   0.0001681759   0.0001497164   0.0001003407  -0.0001752555
       -0.0000629152  -0.0000320811   0.0000942916  -0.0000145805  -0.0000686230
        0.0002133612  -0.0001265296   0.0000527504  -0.0000199385   0.0001718679
        0.0000899821   0.0004825895  -0.0000457648   0.0001045411  -0.0000130655
       -0.0002423806   0.0002128199  -0.0000809217  -0.0000239968  -0.0000455527
       -0.0002665773   0.0000246846  -0.0000059145   0.0000492655  -0.0000121226
       -0.0000239903  -0.0000248368   0.0003272764   0.0002750568   0.0006095710
       -0.0003850000  -0.0009805807   0.0003230731   0.0001262525  -0.0003576592
        0.0000620702   0.0000043816  -0.0001619443  -0.0000048954   0.0000124200
       -0.0000423607   0.0002360748  -0.0003874067   0.0006865570  -0.0006739681
       -0.0028162172  -0.0100854170   0.0154214691   0.0003119113   0.0007268914
        0.0002520440   0.0000973457  -0.0000205510  -0.0000819969   0.0000092780
        0.0000477230  -0.0000516875  -0.0005086968  -0.0005527261   0.0008073472
       -0.0008100879  -0.0032922250  -0.0007536080  -0.0001613770  -0.0009530776
        0.0011377094   0.0004507072   0.0001448106   0.0001885581  -0.0001749956
       -0.0004290804   0.0000474507  -0.0901638714  -0.0199837173   0.0264407574
        0.0001012389   0.0000336556  -0.0000490354  -0.0003929635  -0.0002956424
       -0.0000458695  -0.0003084861   0.0007730302   0.0002306571  -0.0000120828
        0.0000507164  -0.0003603667   0.4134586669   0.0433620037   0.1213041160
        0.0001390868   0.0001197960  -0.0001511037   0.0000491174  -0.0000812143
       -0.0000176139  -0.0000867327  -0.0000065659  -0.0000027179  -0.0000032686
        0.0000221966   0.0000087895  -0.0000182436  -0.0000216999  -0.0000346809
       -0.0002297091  -0.0002612724  -0.0000472571  -0.0001142382  -0.0000609994
        0.0001729038  -0.0000192793  -0.0000723795  -0.0000602493  -0.0001434119
        0.0000847397  -0.0000687428   0.0004094169   0.0002065204   0.0000005227
       -0.0076638574  -0.0096115858   0.0285465907   0.0062345229   0.0104384018
       -0.0250022255  -0.0000136361   0.0000447371  -0.0000324151  -0.0000130937
       -0.0000077701   0.0000264759  -0.0000945347  -0.0000449424  -0.0001265838
       -0.0003383499   0.0002104728  -0.0002175754  -0.3171015255  -0.0104876779
       -0.1674257466  -0.0000479699   0.0000142084   0.0000419768  -0.0000624473
       -0.0000030676  -0.0001090655   0.0000377844  -0.0000082918   0.0000111732
       -0.0129077223  -0.0207395715   0.0342859573  -0.0002532619   0.0006562798
        0.0005451463  -0.0001088370   0.0005637374   0.0002366683  -0.0000883886
        0.0001188906  -0.0000957457  -0.0012106648  -0.0010845784   0.0016954975
       -0.0012110689  -0.0076573712  -0.0033893013   0.0009722401   0.0005211291
        0.0003192335   0.0006063644   0.0001717884   0.0004912776  -0.0004310604
        0.0014907854   0.0004334757  -0.0289980792  -0.0737855266   0.0554883902
        0.0000140371   0.0000802283   0.0000043410  -0.0003020445   0.0002578384
       -0.0003014858   0.0004277025  -0.0000270071  -0.0001677848  -0.0001139838
        0.0002013311   0.0005412376   0.0433620037   0.1033326958  -0.1090664014
        0.0001527375  -0.0000305075   0.0001501215   0.0000770498   0.0000433380
        0.0000345588  -0.0000348809   0.0000382201   0.0000410129   0.0000103094
        0.0000480005   0.0000671493  -0.0001126900  -0.0001099057   0.0000000699
       -0.0005285430  -0.0005894108  -0.0000062893  -0.0001339418  -0.0000309550
        0.0002448789  -0.0003017007   0.0002856129   0.0000835695   0.0001171488
       -0.0000975948   0.0003787165   0.0000763212  -0.0002405628  -0.0000913443
       -0.0007365616   0.0087557977  -0.0056546121   0.0012768146  -0.0014024016
        0.0062889368  -0.0000516432   0.0000352038  -0.0000625547  -0.0000221275
       -0.0000682188   0.0000135705   0.0002506030  -0.0001912466   0.0003685147
       -0.0003184744  -0.0004785866   0.0001360007   0.0005503155  -0.0100802828
        0.0169923932  -0.0000525707   0.0000166424  -0.0000154491  -0.0000857468
       -0.0000053616  -0.0000246233   0.0001103443   0.0000015697   0.0000348735
        0.0060341824   0.0134443902  -0.0100870578   0.0006521899  -0.0009887813
       -0.0007037645  -0.0003258381   0.0000361097   0.0001846132  -0.0000131254
       -0.0002007290   0.0001284963   0.0008432541   0.0005165846  -0.0007762472
        0.0003708488   0.0019515683   0.0025357902  -0.0023249355  -0.0014265048
        0.0007992016  -0.0002086835  -0.0000222417  -0.0004911700   0.0003648219
        0.0007959150  -0.0005506181   0.0510441344   0.0653384260  -0.1768972743
       -0.0000791019  -0.0000768878   0.0001485691   0.0003425763   0.0003527990
       -0.0001708499  -0.0002222256   0.0003281448  -0.0001638110  -0.0002015097
        0.0000467974   0.0011383210   0.1213041160  -0.1090664014   0.3954478562
       -0.0001793596  -0.0002160001   0.0002120838  -0.0000815544   0.0001859288
        0.0000074218   0.0001021148  -0.0000294537   0.0000418509  -0.0000019592
       -0.0000555282  -0.0000248580   0.0000233000   0.0000873463   0.0000653922
        0.0002346830   0.0002707754   0.0000618753   0.0000606431  -0.0002557327
       -0.0000870703   0.0000612054  -0.0008411430  -0.0005434012   0.0003158566
        0.0005416450   0.0005695233  -0.0004476650  -0.0002664342   0.0000906984
        0.0172280232   0.0081513452  -0.0343360179  -0.0000918667   0.0113165653
       -0.0281972871   0.0001048937  -0.0000305870   0.0000386747  -0.0000493490
        0.0000025174   0.0000015324   0.0001881712  -0.0001375658   0.0000216406
       -0.0005378457  -0.0002046454   0.0005236584  -0.1946037437   0.0107302714
       -0.1492458705   0.0000739294  -0.0000205750   0.0000975816   0.0000489626
       -0.0001899268   0.0001708927  -0.0000291437  -0.0000679917  -0.0000103759
       -0.0004560338  -0.0002099131  -0.0003483706  -0.0049496041   0.0133752263
       -0.0175981416   0.0006662174   0.0001471213   0.0004846780   0.0000813541
       -0.0003169062   0.0004085464   0.0000548483   0.0001453331  -0.0002189123
        0.0010666245  -0.0005012601   0.0006454643  -0.0004100799   0.0001501698
        0.0001071190  -0.0000001015  -0.0000123032   0.0001334661  -0.0005909196
        0.0004286542   0.0000885575  -0.0002219049  -0.0002892542   0.0001544632
       -0.0000113337   0.0000685478  -0.0000416265  -0.0721089425   0.0228610434
       -0.0275332127   0.0010674968  -0.0146258646   0.0138647162  -0.0033969926
        0.0004108651  -0.0028426229   0.0001390868   0.0001527375  -0.0001793596
        0.5151541591   0.0185721162  -0.0059303327  -0.0005541609   0.0000795402
       -0.0003141472  -0.0000670404   0.0002076842   0.0000103720  -0.0011472636
       -0.0001016377  -0.0008318036  -0.0003004914   0.0000622714  -0.0003118860
       -0.0001056276   0.0000191124  -0.0000384125  -0.0024391105   0.0010252909
       -0.0005199368  -0.0001537126   0.0000534724  -0.0000229473  -0.0000107628
        0.0000122147   0.0000153658  -0.0000073759   0.0000726239   0.0000704484
        0.0000081596   0.0000593538  -0.0000265721  -0.0000482206   0.0000846749
        0.0000253056  -0.0000545794  -0.0000112293  -0.0000577480  -0.0000287695
       -0.0000235565  -0.0000002901   0.0006293084  -0.0004110719   0.0027072572
       -0.0006152575  -0.0053244312  -0.0006707058   0.0001010215  -0.0000610365
        0.0000514985  -0.0469838863  -0.0318646631  -0.0118786080  -0.1204749501
        0.0212374266   0.1108350114  -0.2638311545  -0.0254723525  -0.0602366337
       -0.0000758261   0.0000524485  -0.0003901637   0.0015469728  -0.0000991789
        0.0020343672   0.0003674261  -0.0005156715  -0.0001026165   0.0005357008
       -0.0003846869   0.0003453997   0.0001071634  -0.0001464471  -0.0000311092
       -0.0001956408   0.0000426222  -0.0004089286  -0.0000083364   0.0000682561
        0.0001053265   0.0000148427   0.0000325873   0.0001981463   0.0002345706
        0.0000770855   0.0000219363  -0.0001353502  -0.0000701458  -0.0000098758
        0.0000058046   0.0000118268  -0.0000130986   0.0184602267  -0.1248541791
        0.0704650344  -0.0025763928  -0.0219185120   0.0232670571  -0.0006185029
        0.0005025050  -0.0005212774   0.0001197960  -0.0000305075  -0.0002160001
        0.0185721162   0.4860124105   0.0147654274  -0.0007934750   0.0003206697
       -0.0007167970  -0.0000386127   0.0000840294  -0.0001145008  -0.0008292825
        0.0002742629  -0.0000902591  -0.0000990873   0.0000902795  -0.0000833083
        0.0000324998   0.0000665190   0.0000234758   0.0007434699  -0.0003639815
        0.0000909151  -0.0000349551   0.0000476789   0.0000067231   0.0000423129
       -0.0000236009  -0.0000299449   0.0000227584  -0.0001100212  -0.0000121046
        0.0000988417   0.0000056232   0.0000147902  -0.0000471397  -0.0000283248
        0.0001100356  -0.0000068881  -0.0000044735  -0.0000386448   0.0000161071
        0.0000097980   0.0000056447   0.0025103774  -0.0016165844  -0.0016668497
       -0.0047838917   0.0036283396   0.0065947637  -0.0000153020   0.0000211178
        0.0000526535  -0.0312798543  -0.2504555437  -0.0716331393   0.0234626741
       -0.0439565849  -0.0339255107  -0.0253551235  -0.0467696162  -0.0080975675
        0.0003299698  -0.0001176802  -0.0006402837  -0.0058176937   0.0061120630
       -0.0094772263   0.0009850096   0.0002461649  -0.0000331994  -0.0000110945
       -0.0002308308  -0.0003869918   0.0000668297  -0.0001286853   0.0000712290
       -0.0007577461   0.0003159290  -0.0005445670  -0.0003788211   0.0001062129
        0.0000813716  -0.0000167854   0.0001234517  -0.0001196308  -0.0001205941
        0.0001027556   0.0001402219   0.0001536220  -0.0000305595  -0.0002472791
        0.0000012685  -0.0000148509   0.0000286678  -0.0221715134   0.0709892753
       -0.1403119876   0.0029768637   0.0177520216  -0.0135434313  -0.0022246241
        0.0006604691  -0.0008744346  -0.0001511037   0.0001501215   0.0002120838
       -0.0059303327   0.0147654274   0.4784756146  -0.0007469599   0.0001899901
       -0.0003834948  -0.0002028290   0.0002173525   0.0001456655  -0.0002169370
        0.0001653057   0.0002685584  -0.0001678159   0.0000100226   0.0000301677
       -0.0000533713   0.0000328015   0.0000621459   0.0014857491  -0.0008760579
        0.0003283884  -0.0000665124  -0.0000152576  -0.0000126740   0.0000365858
        0.0000239186   0.0001023228  -0.0000517840   0.0000226749  -0.0000822276
       -0.0000503884   0.0000426929   0.0000613990   0.0000878463   0.0000831254
       -0.0000774694   0.0000182660   0.0000002997   0.0000233610  -0.0000172542
       -0.0000139125   0.0000024337   0.0000784874  -0.0029849340  -0.0015554763
       -0.0015747742   0.0065525603   0.0056745018   0.0000498039  -0.0000714515
        0.0000019773  -0.0128299521  -0.0752336058  -0.0633568145   0.1079961495
       -0.0308331122  -0.1938377527  -0.0607075641  -0.0081136979  -0.0602251693
       -0.0003035045  -0.0014694116  -0.0004890161   0.0067127415  -0.0060394314
       -0.0019570522  -0.1699429445   0.1123736221   0.0301168519  -0.0143851747
        0.0101842204   0.0062530019  -0.0019404195  -0.0015033575   0.0027615849
       -0.0000913264  -0.0002158286  -0.0000806753  -0.0000964185   0.0002198771
        0.0000939664   0.0000813277  -0.0001403949   0.0001049012   0.0000577812
        0.0000743276   0.0000392967   0.0001823919  -0.0003510506  -0.0001499343
        0.0000811896   0.0000486557   0.0000143350   0.0007342662  -0.0006528875
       -0.0005562074   0.0000118854  -0.0000324821   0.0000913283  -0.0001213578
        0.0001424159   0.0000142070   0.0000491174   0.0000770498  -0.0000815544
       -0.0005541609  -0.0007934750  -0.0007469599   0.1992729361  -0.1278333813
       -0.0344209749  -0.0194522229   0.0155081000  -0.0004827561   0.0008075860
        0.0001819590  -0.0004720606  -0.0003773992  -0.0001708162  -0.0000763544
       -0.0006289880   0.0007019657   0.0004820719  -0.0000077001   0.0000072547
        0.0000402894   0.0000418879  -0.0000678101   0.0000601130  -0.0000478667
       -0.0001604363   0.0001602985   0.0000740856  -0.0000928681  -0.0000241055
        0.0000083081  -0.0001670993  -0.0000138158   0.0000397804   0.0000105780
        0.0000130397   0.0000041710   0.0000132624   0.0000285211   0.0000117955
        0.0000116619   0.0000139033   0.0000129796   0.0000485068   0.0000353191
        0.0000203480   0.0000421417  -0.0000195215  -0.0000172803  -0.0000454860
        0.0000289287  -0.0001173245  -0.0000107991  -0.0009394621  -0.0000421984
        0.0000897309   0.0001249476  -0.0000782923   0.0000116857   0.0000335449
       -0.0022795469  -0.0051574949  -0.0001778828   0.0177050360  -0.0232700760
       -0.0063138439   0.1121918327  -0.1380964698  -0.0270330043  -0.0052601572
        0.0050006648   0.0017949718  -0.0007485704   0.0004255510   0.0009139932
       -0.0001644715   0.0000504026   0.0003798283  -0.0001170939   0.0000473713
       -0.0000908997   0.0000403857  -0.0001334626   0.0000160434   0.0000293305
        0.0000056702  -0.0000906261   0.0011827211  -0.0007506503  -0.0008860867
       -0.0000640454  -0.0000098380  -0.0000482875   0.0010302167   0.0001908672
        0.0000122695   0.0001145285   0.0000218050   0.0002343053   0.0000372146
       -0.0003598404   0.0003017087  -0.0000812143   0.0000433380   0.0001859288
        0.0000795402   0.0003206697   0.0001899901  -0.1278333813   0.1621649400
        0.0303312729   0.0047486633  -0.0015783814   0.0008203410  -0.0001776815
        0.0004542873  -0.0001617350   0.0000471950   0.0000642268  -0.0000352005
       -0.0002236951   0.0001161527   0.0001682959   0.0000147143  -0.0000426290
       -0.0000819444  -0.0000973867   0.0000625674   0.0000023938   0.0000001220
        0.0000219885  -0.0000310127  -0.0001012893   0.0000334217   0.0000473466
       -0.0001448638  -0.0004937148  -0.0000574903   0.0000531331   0.0000143859
        0.0000058469  -0.0000149796  -0.0000123666  -0.0000000310   0.0000047237
        0.0000174101  -0.0000046826   0.0000841256   0.0000261673  -0.0000597133
        0.0000777363   0.0000162921   0.0000296084   0.0000062112   0.0000449027
       -0.0000674317  -0.0001855398   0.0007880659  -0.0003322175   0.0000143632
       -0.0000362671   0.0000567133   0.0000321230   0.0000100428  -0.0000187678
       -0.0004627178  -0.0013735573  -0.0000197975   0.0029325598  -0.0043700056
       -0.0003339870   0.0295921606  -0.0267050758  -0.0494529411   0.0201609519
       -0.0141364041  -0.0071677217   0.0034134233   0.0014431690  -0.0035157144
        0.0000005911   0.0002757929   0.0002746547  -0.0001699160   0.0002946572
        0.0001511419  -0.0002152429   0.0003125357  -0.0004036237  -0.0000288042
       -0.0000559451  -0.0000193762   0.0002511994  -0.0001368737  -0.0001192646
        0.0000490753   0.0000352490   0.0001373065   0.0004374826  -0.0006155428
        0.0004805231  -0.0000154808  -0.0000120519  -0.0000514538   0.0000029317
        0.0000348840  -0.0001091618  -0.0000176139   0.0000345588   0.0000074218
       -0.0003141472  -0.0007167970  -0.0003834948  -0.0344209749   0.0303312729
        0.0596029439  -0.0212529760   0.0164846242   0.0023726176   0.0002003171
       -0.0008037030   0.0004613903  -0.0000014727   0.0000264437   0.0001082876
        0.0009412667  -0.0008999230  -0.0006565385   0.0000404160  -0.0000258053
       -0.0000732724   0.0000232440   0.0000395945   0.0000664517   0.0000034820
       -0.0001754580   0.0001076221  -0.0000295551   0.0000569466  -0.0000120088
       -0.0000162570  -0.0000845562  -0.0000332593   0.0000184371   0.0000021573
       -0.0000153898   0.0000182092  -0.0000205568   0.0000330568  -0.0000302793
       -0.0000017069  -0.0000210846   0.0000153497  -0.0000284898  -0.0000291756
        0.0000377407   0.0000868554  -0.0000679583   0.0000029965  -0.0000024383
        0.0000033582  -0.0013385829   0.0003800034  -0.0013630441   0.0000638524
        0.0000585144  -0.0000596000   0.0001083333   0.0002676314   0.0001010921
       -0.0001521994  -0.0000523170  -0.0001726197  -0.0093874517  -0.0043420433
       -0.0098208779  -0.1246657588   0.0052117181  -0.1109644068   0.0079005450
       -0.0015946043   0.0131083398   0.0004637922  -0.0002312872  -0.0001119097
       -0.0000852372   0.0001234620  -0.0001001629  -0.0003828196   0.0011493185
        0.0003249495  -0.0003061909   0.0006465078   0.0006229031   0.0000063930
       -0.0000805172  -0.0000227380   0.0000163650   0.0000417512  -0.0000894117
       -0.0004750784  -0.0000379252   0.0000508158  -0.0004984614  -0.0025774148
       -0.0008912485  -0.0004518034   0.0000460645  -0.0002831664  -0.0002001772
       -0.0004188478  -0.0003936575  -0.0000867327  -0.0000348809   0.0001021148
       -0.0000670404  -0.0000386127  -0.0002028290  -0.0194522229   0.0047486633
       -0.0212529760   0.1476206613  -0.0020672414   0.1258917693  -0.0007127950
       -0.0008674271   0.0029015096   0.0009724537   0.0001294663   0.0006779654
       -0.0000776423  -0.0000517499  -0.0000956856  -0.0000676900  -0.0000342461
        0.0000495223  -0.0000663070   0.0001391101   0.0001647740   0.0002349499
        0.0005441579   0.0000350297   0.0000067190   0.0000260536   0.0000388119
        0.0000071556   0.0000160778   0.0000250325  -0.0000167104   0.0000405942
        0.0000236082  -0.0000642944   0.0000553291  -0.0000517032   0.0000193756
       -0.0000992108  -0.0000406246  -0.0001888538   0.0000617725   0.0002377029
        0.0000180051  -0.0000653135  -0.0000343529   0.0000888502  -0.0000235267
       -0.0000155410   0.0000583747  -0.0001839428   0.0001370646  -0.0000774196
       -0.0001235359   0.0000876807   0.0000692464  -0.0000554024   0.0000643172
       -0.0004653779   0.0001646245  -0.0000182803  -0.0194421104  -0.0050562699
       -0.0210551173   0.0051745729  -0.0415515150   0.0026365245   0.0031711211
       -0.0011476619   0.0096613065  -0.0000743607   0.0001962749  -0.0002816864
        0.0001542443  -0.0000011372  -0.0001156139   0.0005177253  -0.0010227068
       -0.0006582652   0.0008921172   0.0002771565  -0.0007387414  -0.0000572213
       -0.0000195140   0.0000614300   0.0000418818  -0.0001931203   0.0000770581
        0.0000619020  -0.0000107102   0.0000228571  -0.0008865865  -0.0046428548
       -0.0009136304  -0.0010574001  -0.0000498898  -0.0004492434  -0.0009216375
        0.0004166569  -0.0009268561  -0.0000065659   0.0000382201  -0.0000294537
        0.0002076842   0.0000840294   0.0002173525   0.0155081000  -0.0015783814
        0.0164846242  -0.0020672414   0.0557909935  -0.0086615669  -0.0010232068
        0.0000204117   0.0023393937   0.0002922568   0.0000150130   0.0011374382
        0.0000382303  -0.0001334533   0.0000224391  -0.0000427986  -0.0000900970
        0.0000938161  -0.0001104250  -0.0001111169   0.0001203512   0.0005344644
       -0.0015613560   0.0006180629   0.0000156379  -0.0000103041  -0.0000430080
        0.0000241318   0.0000002020   0.0000226337   0.0000396987   0.0001054138
        0.0000621875   0.0000482251  -0.0000175410   0.0000384215  -0.0001295590
       -0.0000899980   0.0000604534  -0.0004100385   0.0001302982   0.0003540469
        0.0000614873   0.0000024694  -0.0001189801   0.0000224718  -0.0000876287
       -0.0000006882  -0.0000966096   0.0001014140  -0.0000495240  -0.0000047173
       -0.0000195766  -0.0000177777  -0.0000100962   0.0000516552   0.0000480358
       -0.0003616424  -0.0001480542  -0.0002297506  -0.0057351429  -0.0012047082
       -0.0053347471  -0.1106548688   0.0026138762  -0.1905160734  -0.0120530684
        0.0049305899  -0.0275193442  -0.0005449218   0.0002200616   0.0003868445
       -0.0000393896  -0.0001312071  -0.0001637319  -0.0001527146   0.0001086362
        0.0004387711   0.0007640755  -0.0005031136  -0.0004546154   0.0000292489
        0.0000151208   0.0000224795   0.0000646136   0.0000067750  -0.0000076492
        0.0001058716   0.0002080498   0.0002685990  -0.0001386420  -0.0014848041
        0.0004986768  -0.0003180347   0.0000115426  -0.0001834589   0.0008198408
        0.0008847008   0.0013012335  -0.0000027179   0.0000410129   0.0000418509
        0.0000103720  -0.0001145008   0.0001456655  -0.0004827561   0.0008203410
        0.0023726176   0.1258917693  -0.0086615669   0.2220924938   0.0032177364
        0.0021474996  -0.0049339069  -0.0004156521  -0.0001274769   0.0007836369
       -0.0000668438   0.0000730784   0.0001898407   0.0000529901   0.0001378717
        0.0001341063  -0.0000286210   0.0001440078   0.0000984602  -0.0000526533
       -0.0000106579   0.0005240597   0.0000225733  -0.0000147381  -0.0000099957
        0.0000028756  -0.0000131550  -0.0000331808   0.0000325704   0.0000649366
       -0.0000216675  -0.0000198562  -0.0000322825   0.0000030280   0.0000014115
        0.0000526418  -0.0000539628  -0.0000996062  -0.0000054061   0.0000830827
       -0.0000053792  -0.0000224198   0.0000207359   0.0000296203  -0.0000539964
        0.0000430769   0.0000382495  -0.0000442416  -0.0001138836   0.0000432721
        0.0000760664   0.0000718225   0.0000454200   0.0000155200   0.0000548863
        0.0000486820   0.0000105750   0.0000233876   0.0002487131  -0.0000397902
       -0.0000718805   0.0086830585  -0.0037076737   0.0118884330  -0.1230242809
        0.0352010615  -0.1075164087  -0.0149278678   0.0101659309  -0.0134779846
        0.0006647989  -0.0009657447  -0.0002826655  -0.0000676361  -0.0000367476
       -0.0003063948  -0.0027935852   0.0030440151   0.0015456460  -0.0001509895
       -0.0004202051   0.0000030678  -0.0000405247  -0.0000687248   0.0000293282
       -0.0001182614   0.0004209957  -0.0003204949   0.0003582595  -0.0000783362
        0.0003606946  -0.0001210105   0.0000521665  -0.0001081060  -0.0001369234
       -0.0000482615  -0.0000233870  -0.0000032686   0.0000103094  -0.0000019592
       -0.0011472636  -0.0008292825  -0.0002169370   0.0008075860  -0.0001776815
        0.0002003171  -0.0007127950  -0.0010232068   0.0032177364   0.1471224970
       -0.0426687487   0.1216378471  -0.0128281609   0.0018188646  -0.0164194836
       -0.0002086852  -0.0001387714  -0.0001400670   0.0005814152   0.0000612819
        0.0001163455   0.0000059961  -0.0000069988  -0.0000040266  -0.0000114680
        0.0000257717   0.0000345502   0.0000813659  -0.0000189536  -0.0000089423
       -0.0000218592   0.0000191143  -0.0000005125   0.0000299478  -0.0000144535
        0.0000003989   0.0001411673  -0.0003761167  -0.0003118486  -0.0000219490
        0.0001643314   0.0001199319   0.0000012754   0.0000052311  -0.0000115739
        0.0000338321   0.0000854179  -0.0000523096  -0.0000124112  -0.0000275222
        0.0000108804  -0.0016759142   0.0002964095   0.0007205200  -0.0005550276
       -0.0008512950  -0.0006017504  -0.0002287129   0.0001170377  -0.0000323519
       -0.0001221536  -0.0002142235   0.0001022202   0.0001318855   0.0000724085
        0.0001742836   0.0056604137  -0.0020724401   0.0092249725   0.0343207466
       -0.0592363146   0.0477422224   0.0165895370  -0.0103276955   0.0146465247
        0.0012778835   0.0005998919   0.0010927361  -0.0000826360   0.0000767576
        0.0001679089   0.0032597169  -0.0029124379  -0.0019951216  -0.0001416893
        0.0003509708   0.0000839580   0.0000399691  -0.0000171312   0.0000528117
        0.0002316821  -0.0002652789   0.0005843827  -0.0001111991  -0.0003178636
        0.0002927004   0.0000310819   0.0000130213  -0.0000609809  -0.0000283626
       -0.0000220436  -0.0001342397   0.0000221966   0.0000480005  -0.0000555282
       -0.0001016377   0.0002742629   0.0001653057   0.0001819590   0.0004542873
       -0.0008037030  -0.0008674271   0.0000204117   0.0021474996  -0.0426687487
        0.0687994148  -0.0532119754  -0.0161645748   0.0048438256  -0.0189710019
       -0.0001893143   0.0003833861   0.0000526083  -0.0001641197  -0.0009930386
       -0.0006441530  -0.0000022652   0.0000480049  -0.0000333289  -0.0000655593
        0.0000264826   0.0000355266  -0.0001824106   0.0000530061  -0.0000927027
        0.0000082028   0.0000295885  -0.0000038671  -0.0000428432  -0.0000284659
        0.0000018833  -0.0001445110   0.0004234792   0.0004359966   0.0001360972
       -0.0001945712  -0.0001691779   0.0000135855   0.0000068711  -0.0000232885
        0.0000219974   0.0000544282  -0.0000096296  -0.0000217614   0.0000112510
       -0.0000222111  -0.0002619148   0.0004993672   0.0001374466  -0.0007342850
       -0.0005025772  -0.0007800495   0.0001704586   0.0000149642  -0.0001300289
        0.0000120881   0.0001206177  -0.0000772264  -0.0001001833   0.0001860022
        0.0001846267  -0.0113736651   0.0068178555  -0.0231520823  -0.1066323058
        0.0475188982  -0.1789214562   0.0035993726  -0.0020575185   0.0053869428
        0.0006938610  -0.0003535793   0.0004045009  -0.0001055488   0.0000288226
        0.0001065429   0.0000856198  -0.0009188500  -0.0002177824   0.0000424866
        0.0000564746   0.0001307657  -0.0000377322  -0.0001144188  -0.0000301954
        0.0001630605   0.0001000796   0.0002208142   0.0001652176   0.0002974760
       -0.0002503528  -0.0000289599  -0.0000210644  -0.0000007003   0.0000690001
       -0.0000640509   0.0001681759   0.0000087895   0.0000671493  -0.0000248580
       -0.0008318036  -0.0000902591   0.0002685584  -0.0004720606  -0.0001617350
        0.0004613903   0.0029015096   0.0023393937  -0.0049339069   0.1216378471
       -0.0532119754   0.2091492780  -0.0100195482   0.0007643776  -0.0099342997
       -0.0000241236  -0.0000498053   0.0003181713   0.0000899446  -0.0001169581
        0.0002388655   0.0000261236   0.0000242134   0.0000390057  -0.0000147561
       -0.0001440733   0.0001199960   0.0000172030  -0.0000497009  -0.0000311187
       -0.0000090794  -0.0000139651   0.0000018322   0.0000392120   0.0000210795
        0.0000135539   0.0000196611   0.0000418073   0.0000990960   0.0000616218
       -0.0000413309  -0.0000603404   0.0000149563  -0.0000279705   0.0000083273
       -0.0000444486  -0.0000280927   0.0000290340   0.0000246854  -0.0000360505
        0.0000128873   0.0007253034  -0.0003317080   0.0001250170  -0.0004639306
       -0.0002981379   0.0002527768  -0.0002394179  -0.0002530023  -0.0001058390
        0.0000168919   0.0002638936   0.0000068941  -0.0013374333  -0.0004762100
        0.0030589284  -0.0108300614  -0.0158745556  -0.0019194137  -0.1091121951
       -0.0980074124  -0.0392268956   0.0077339544   0.0151698085   0.0056356176
       -0.0013397439   0.0019287044   0.0003714035   0.0000931709  -0.0000319958
       -0.0001062139   0.0008533885  -0.0000459303   0.0005243407   0.0001183744
        0.0012525839   0.0006872626   0.0000122392   0.0001533583  -0.0000407038
        0.0000966074   0.0000504408  -0.0000245634   0.0001732177  -0.0000205768
        0.0000636699  -0.0000209769   0.0000516673  -0.0000622862  -0.0003499286
       -0.0008822867   0.0001497164  -0.0000182436  -0.0001126900   0.0000233000
       -0.0003004914  -0.0000990873  -0.0001678159  -0.0003773992   0.0000471950
       -0.0000014727   0.0009724537   0.0002922568  -0.0004156521  -0.0128281609
       -0.0161645748  -0.0100195482   0.1261416809   0.1124401110   0.0408982606
        0.0007042684   0.0001725188  -0.0000384988  -0.0000639280   0.0000594189
        0.0001855061  -0.0000149328  -0.0000202271   0.0000404840  -0.0000763667
       -0.0000154743   0.0000167075   0.0000324319  -0.0000183536   0.0000749206
        0.0000158955  -0.0000348252   0.0000197543   0.0000032307   0.0000331520
        0.0000138677  -0.0000064156  -0.0000998026   0.0000873376  -0.0001709254
       -0.0000000712   0.0000313999  -0.0000517083   0.0000239867  -0.0000073112
        0.0000239573   0.0000203288  -0.0000173085   0.0000101843   0.0000491317
       -0.0000016034  -0.0000471511  -0.0002077340  -0.0001331452  -0.0000108201
        0.0001290359   0.0002072122  -0.0000450647  -0.0000257845   0.0000858492
       -0.0000462776   0.0002303431  -0.0001198295  -0.0016262921  -0.0000343676
        0.0024485481  -0.0085974486  -0.0102941462  -0.0005555989  -0.0973495908
       -0.1847893881  -0.0533630035  -0.0088098715  -0.0226147440  -0.0089648497
        0.0032999919  -0.0019615631  -0.0009971001   0.0000422175   0.0000407906
        0.0000251544  -0.0011386852  -0.0002089325  -0.0004224973   0.0001493943
       -0.0023208665  -0.0012098065   0.0000250293   0.0002566384   0.0000340029
       -0.0000089142   0.0003746902   0.0001945108   0.0000234255  -0.0002222104
        0.0000607773   0.0000156382   0.0000807210  -0.0000717938  -0.0003021233
       -0.0006508171   0.0001003407  -0.0000216999  -0.0001099057   0.0000873463
        0.0000622714   0.0000902795   0.0000100226  -0.0001708162   0.0000642268
        0.0000264437   0.0001294663   0.0000150130  -0.0001274769   0.0018188646
        0.0048438256   0.0007643776   0.1124401110   0.2161329904   0.0621782026
       -0.0002716521   0.0007048252   0.0000348156   0.0002499436   0.0000814220
        0.0000707033  -0.0000237412   0.0000690536  -0.0000399278  -0.0000137400
       -0.0000306198   0.0000317301  -0.0001620621   0.0000020967  -0.0000127557
        0.0000236659   0.0000377352  -0.0000108765   0.0000376320   0.0000470153
        0.0000072201   0.0000377935  -0.0000358978  -0.0001741168   0.0002688198
        0.0002104750   0.0000073327  -0.0000542516   0.0000141901  -0.0000128655
        0.0000238600   0.0000071843  -0.0000153479  -0.0000036631   0.0000357933
       -0.0000236928  -0.0001252826  -0.0000148038   0.0000197427   0.0000133844
       -0.0000820801   0.0000174721   0.0000646027   0.0000310335   0.0000027954
       -0.0000644823  -0.0003031187  -0.0000960857   0.0025629541   0.0015625187
       -0.0028627289   0.0136664457   0.0190115988   0.0030897263  -0.0394172694
       -0.0538621490  -0.0631274857  -0.0036266378  -0.0095532716  -0.0033029407
        0.0013975151  -0.0015275337  -0.0001682303  -0.0000909026   0.0001330741
        0.0000127478  -0.0001483908   0.0004768011   0.0002561357   0.0001434585
       -0.0011031470  -0.0004896017   0.0000115266   0.0000166709  -0.0000063797
       -0.0000266887  -0.0000080920  -0.0000811745   0.0000594930   0.0003441467
       -0.0001504699   0.0001096626   0.0000012969   0.0001001967   0.0003646258
        0.0009058538  -0.0001752555  -0.0000346809   0.0000000699   0.0000653922
       -0.0003118860  -0.0000833083   0.0000301677  -0.0000763544  -0.0000352005
        0.0001082876   0.0006779654   0.0011374382   0.0007836369  -0.0164194836
       -0.0189710019  -0.0099342997   0.0408982606   0.0621782026   0.0758783784
       -0.0001949850  -0.0003778904  -0.0001271387   0.0002410887   0.0001604979
        0.0001279740   0.0000169653   0.0000146108  -0.0000229692   0.0000581207
        0.0000231168   0.0000073337  -0.0000267135  -0.0000096558   0.0000303254
       -0.0000070819   0.0000189172  -0.0000193890   0.0000190513   0.0000049931
       -0.0000266346   0.0000423436  -0.0000060692  -0.0001178665   0.0000873862
        0.0000109788   0.0001097246   0.0000591351  -0.0000247596  -0.0000221233
       -0.0000163378  -0.0000309964   0.0000410971   0.0000265397  -0.0000088548
        0.0000044698   0.0000481201  -0.0001741085  -0.0001346020   0.0000422734
        0.0001215660   0.0001709954  -0.0000710366  -0.0000431951   0.0000487860
       -0.0018285932  -0.0036343287  -0.0010341106   0.0002099694   0.0001062663
       -0.0002642562  -0.0021697701   0.0033625828   0.0009738391  -0.0134323726
       -0.0035734816   0.0154550671  -0.1249724398  -0.0518188702   0.0981754040
       -0.0116851588  -0.0074996473   0.0127689468  -0.0006601594   0.0011515131
       -0.0019434715   0.0072309894   0.0043796440  -0.0100497895   0.0013374032
        0.0014365493  -0.0004102426  -0.0000936938   0.0001236300   0.0007581717
        0.0005452242   0.0009533890  -0.0007349732   0.0001858019  -0.0000347772
        0.0001292265  -0.0000007448   0.0000602253  -0.0000362869   0.0000438831
        0.0000793715  -0.0000629152  -0.0002297091  -0.0005285430   0.0002346830
       -0.0001056276   0.0000324998  -0.0000533713  -0.0006289880  -0.0002236951
        0.0009412667  -0.0000776423   0.0000382303  -0.0000668438  -0.0002086852
       -0.0001893143  -0.0000241236   0.0007042684  -0.0002716521  -0.0001949850
        0.1460721447   0.0558178579  -0.1144159975  -0.0003883596  -0.0002495350
       -0.0000777189   0.0000437728   0.0001733866  -0.0001122892   0.0000985697
        0.0002844642  -0.0002434429   0.0001379482   0.0000026345   0.0000644492
        0.0000065546   0.0000149827   0.0000143106   0.0000369261   0.0000249515
        0.0000007024  -0.0001828136   0.0001412099   0.0003119800  -0.0000017144
       -0.0001656382  -0.0000982567  -0.0000186995   0.0000022566  -0.0000164721
        0.0000276518   0.0000353010  -0.0000257387   0.0000046794   0.0000640506
       -0.0000393344   0.0000231676  -0.0000246507   0.0000594907  -0.0000624734
       -0.0000692190   0.0000308721   0.0000386909  -0.0000016445  -0.0000137901
       -0.0025811002  -0.0045646259   0.0000730871   0.0000199115  -0.0000839522
       -0.0000059488   0.0031152464  -0.0023320441  -0.0013574426   0.0141104235
        0.0049307082  -0.0150830055  -0.0512478048  -0.0674099251   0.0564371787
       -0.0148264100  -0.0092986969   0.0150281358  -0.0003827553  -0.0013470109
        0.0018069199  -0.0042886818  -0.0047084424   0.0104556313   0.0010506741
        0.0022058403   0.0005227012  -0.0001774616   0.0000404129   0.0008821907
       -0.0008308276  -0.0000400541  -0.0006269932   0.0000806948  -0.0000463256
        0.0000029987  -0.0000063574   0.0000335359   0.0000151512   0.0000076397
       -0.0000298430  -0.0000320811  -0.0002612724  -0.0005894108   0.0002707754
        0.0000191124   0.0000665190   0.0000328015   0.0007019657   0.0001161527
       -0.0008999230  -0.0000517499  -0.0001334533   0.0000730784  -0.0001387714
        0.0003833861  -0.0000498053   0.0001725188   0.0007048252  -0.0003778904
        0.0558178579   0.0835896529  -0.0674257954  -0.0000829365  -0.0001023769
        0.0000522514  -0.0000817856  -0.0001980166   0.0001890640  -0.0001626480
       -0.0003785312   0.0000999224  -0.0000206231  -0.0008762166   0.0002510788
       -0.0000046282   0.0000092642   0.0000350944   0.0000475914   0.0000127232
       -0.0000059037   0.0001644579  -0.0003072364  -0.0003059358  -0.0001249578
        0.0003295931   0.0000212022  -0.0000095813  -0.0000064241  -0.0000131917
        0.0000170666   0.0000034013  -0.0000109328  -0.0000084937   0.0000597124
       -0.0000509802  -0.0000250601   0.0000004961  -0.0000159293  -0.0000219061
       -0.0000312654   0.0000197056   0.0000106522  -0.0000023716  -0.0000072099
       -0.0010118874  -0.0010864006  -0.0004086114  -0.0000922598  -0.0000130516
        0.0000345123   0.0019966376  -0.0022023871   0.0000291202   0.0088552843
        0.0015559997  -0.0080772378   0.0984736418   0.0580096691  -0.1585585909
       -0.0050274058  -0.0033583014   0.0059162657  -0.0011386013   0.0021391388
       -0.0028314353   0.0122505113   0.0103766156  -0.0184405955  -0.0004335523
        0.0008907303   0.0007370013  -0.0000718231  -0.0002635640   0.0002507643
        0.0007744404   0.0005268000   0.0007378660  -0.0000761766  -0.0000090995
       -0.0000614908  -0.0000321746  -0.0000277676   0.0000226711  -0.0000850721
       -0.0000967019   0.0000942916  -0.0000472571  -0.0000062893   0.0000618753
       -0.0000384125   0.0000234758   0.0000621459   0.0004820719   0.0001682959
       -0.0006565385  -0.0000956856   0.0000224391   0.0001898407  -0.0001400670
        0.0000526083   0.0003181713  -0.0000384988   0.0000348156  -0.0001271387
       -0.1144159975  -0.0674257954   0.1808893327   0.0000428494  -0.0000172685
       -0.0000333846   0.0002343513   0.0004360350  -0.0003374117   0.0002328872
        0.0004851075  -0.0001746350   0.0001060820   0.0003450803  -0.0000789888
       -0.0000419596   0.0000347894  -0.0000219064   0.0000310654  -0.0000025742
        0.0000022216  -0.0003712754   0.0002330461   0.0008169226  -0.0003881687
       -0.0007384925  -0.0003812192   0.0000300096  -0.0000020831   0.0000119446
       -0.0000118816  -0.0000031898  -0.0000057154   0.0000108378  -0.0000836020
        0.0000387814  -0.0000051708   0.0000016893  -0.0000490335   0.0000522371
        0.0000083352   0.0000230613  -0.0000095796  -0.0000081023   0.0000071434
        0.0051280920  -0.0022644583   0.0038502060   0.0004040614  -0.0000557456
        0.0001937189   0.0000440538  -0.0000248134  -0.0000705724   0.0006780860
        0.0012458323   0.0007736077  -0.0127021618   0.0026477388  -0.0124517243
       -0.1656518147   0.0397450052  -0.1111734504  -0.0000964586  -0.0007904117
        0.0013054928  -0.0020820045  -0.0023551893  -0.0016053961  -0.0239508021
        0.0133312221  -0.0068930894   0.0002476282   0.0003023037   0.0004036872
       -0.0003014200   0.0003505504  -0.0007190317   0.0000742218  -0.0000930746
        0.0007635202  -0.0001378965  -0.0000770807  -0.0000619684  -0.0000764922
       -0.0000211762  -0.0000145805  -0.0001142382  -0.0001339418   0.0000606431
       -0.0024391105   0.0007434699   0.0014857491  -0.0000077001   0.0000147143
        0.0000404160  -0.0000676900  -0.0000427986   0.0000529901   0.0005814152
       -0.0001641197   0.0000899446  -0.0000639280   0.0002499436   0.0002410887
       -0.0003883596  -0.0000829365   0.0000428494   0.2048563524  -0.0584385538
        0.1232203343  -0.0000028626  -0.0001081540   0.0001176143   0.0002114102
       -0.0000079793   0.0003137534  -0.0020787535   0.0043686206   0.0013694936
       -0.0001552066   0.0000548322  -0.0000350833   0.0001220933  -0.0000602958
        0.0000038274  -0.0003282742   0.0000972907   0.0000644728   0.0000695854
       -0.0000059331  -0.0000470620  -0.0000430661  -0.0000166888  -0.0000337268
        0.0000390252   0.0000710867  -0.0000718484  -0.0000143438  -0.0000017888
        0.0000106709   0.0003121558   0.0000454471  -0.0002217845  -0.0018465565
        0.0015595427  -0.0007653052  -0.0002190404  -0.0000824602  -0.0002394571
        0.0092962478  -0.0031044429   0.0096037675   0.0002000504   0.0004451716
       -0.0009185572   0.0000472269  -0.0000357693  -0.0000798520  -0.0011140988
        0.0008044282  -0.0006473682  -0.0145988295   0.0036897115  -0.0133346903
        0.0389844542  -0.0524512917   0.0379837183  -0.0008261503  -0.0006204307
        0.0022713811  -0.0025767402  -0.0028912918  -0.0020983286   0.0237196353
       -0.0107029241   0.0085479598   0.0002700276   0.0003442857   0.0004733626
       -0.0004669023   0.0003866874  -0.0007941763  -0.0000362102   0.0003479894
       -0.0001060952   0.0000330733  -0.0001030359   0.0000691085   0.0000830411
       -0.0001560820  -0.0000686230  -0.0000609994  -0.0000309550  -0.0002557327
        0.0010252909  -0.0003639815  -0.0008760579   0.0000072547  -0.0000426290
       -0.0000258053  -0.0000342461  -0.0000900970   0.0001378717   0.0000612819
       -0.0009930386  -0.0001169581   0.0000594189   0.0000814220   0.0001604979
       -0.0002495350  -0.0001023769  -0.0000172685  -0.0584385538   0.0684821051
       -0.0392326515   0.0000201664  -0.0000537193  -0.0000257985   0.0004518863
       -0.0000159178   0.0003867918   0.0033260803  -0.0026840176  -0.0016470120
        0.0001869463  -0.0000806251  -0.0000412832  -0.0003370801  -0.0001895434
        0.0001139097  -0.0004193796   0.0001483519   0.0000218243   0.0000869631
       -0.0000154890  -0.0000903230  -0.0000266037   0.0000011607   0.0000059637
       -0.0000130055  -0.0000725408   0.0000351710  -0.0000676865   0.0000225928
       -0.0000848847  -0.0000038529  -0.0002838066  -0.0000770409   0.0015312802
        0.0002941890   0.0005106704  -0.0001204519   0.0000359108   0.0002165089
       -0.0161729701   0.0068225181  -0.0174233372  -0.0007949654   0.0003569804
        0.0005293415   0.0001035841  -0.0001827611  -0.0002519003  -0.0005026425
        0.0004623545   0.0001605671  -0.0059465128   0.0007462545  -0.0049487897
       -0.1115777579   0.0380803342  -0.1343985969   0.0000510172   0.0012505044
       -0.0052143359  -0.0014892511  -0.0006597676  -0.0016474878   0.0116191596
       -0.0047295038   0.0085553093  -0.0004561461  -0.0005699069  -0.0000911390
       -0.0001807841   0.0001774179  -0.0004231618   0.0006440430   0.0002920679
       -0.0008516253   0.0000246518   0.0000743842  -0.0000122300  -0.0001282888
        0.0000219741   0.0002133612   0.0001729038   0.0002448789  -0.0000870703
       -0.0005199368   0.0000909151   0.0003283884   0.0000402894  -0.0000819444
       -0.0000732724   0.0000495223   0.0000938161   0.0001341063   0.0001163455
       -0.0006441530   0.0002388655   0.0001855061   0.0000707033   0.0001279740
       -0.0000777189   0.0000522514  -0.0000333846   0.1232203343  -0.0392326515
        0.1542216847  -0.0000494707  -0.0001064726  -0.0001218635  -0.0010629891
        0.0000862290  -0.0007569946   0.0022522031  -0.0023453222   0.0001442574
       -0.0000024997  -0.0000200904  -0.0000028752   0.0002664649   0.0002568165
        0.0000247648  -0.0001500523  -0.0000109247   0.0000312785   0.0000205641
       -0.0000039917   0.0000068910  -0.0000156223  -0.0000383804   0.0000395221
       -0.0000708304  -0.0000409495   0.0000255605   0.0000826155  -0.0000458291
        0.0001248315   0.0000784034  -0.0001348242  -0.0000897325   0.0004800361
       -0.0003203765   0.0014080767  -0.0002092051  -0.0000125509   0.0001130166
       -0.0172100459   0.0201987385   0.0011229981  -0.0043132562   0.0005512901
       -0.0033414207   0.0000530454  -0.0001376191  -0.0000549163   0.0000858679
       -0.0000395866  -0.0000763231  -0.0007150159  -0.0008950787   0.0004503328
       -0.0002625354   0.0004243367   0.0000550355  -0.0973363266   0.0976095747
        0.0135634094   0.0070625177  -0.0140930660  -0.0015731979  -0.0000589380
       -0.0005662341   0.0001778404   0.0001797385   0.0014815194   0.0004215123
        0.0000623766  -0.0014040110   0.0005895327  -0.0005778004   0.0008076244
        0.0007143428  -0.0001453356   0.0000194304  -0.0001661141   0.0001031604
       -0.0000648029  -0.0001265296  -0.0000192793  -0.0003017007   0.0000612054
       -0.0001537126  -0.0000349551  -0.0000665124   0.0000418879  -0.0000973867
        0.0000232440  -0.0000663070  -0.0001104250  -0.0000286210   0.0000059961
       -0.0000022652   0.0000261236  -0.0000149328  -0.0000237412   0.0000169653
        0.0000437728  -0.0000817856   0.0002343513  -0.0000028626   0.0000201664
       -0.0000494707   0.1168946911  -0.1116070371  -0.0164546069  -0.0034604321
        0.0088679071   0.0038695030   0.0007187870   0.0001797214   0.0000751748
       -0.0001437935  -0.0006555731  -0.0006531208   0.0003814013   0.0001587439
        0.0000812013   0.0001561302  -0.0001566927  -0.0003047729  -0.0005184296
        0.0007018457   0.0005256027  -0.0000077060  -0.0001386348  -0.0000880883
       -0.0000232010   0.0000749112   0.0000429103  -0.0007605365  -0.0006298931
        0.0009349533   0.0000231062  -0.0000477293   0.0000240804   0.0000114675
       -0.0000105721   0.0000158362  -0.0000334999   0.0000029802  -0.0000424609
        0.0029968669  -0.0010326056   0.0004183034   0.0002106417   0.0002745841
        0.0005711799   0.0000440110  -0.0000189596  -0.0002203299   0.0000784256
        0.0001457384  -0.0001286184  -0.0016185643  -0.0017451559   0.0010925124
        0.0004409327  -0.0004306206  -0.0003281492   0.1001910264  -0.2016398945
       -0.0258109972   0.0061024381  -0.0270491441  -0.0001084207  -0.0002223627
        0.0004845340  -0.0001120383  -0.0018566500   0.0004589841   0.0003990651
        0.0011310333   0.0001671581   0.0012472915  -0.0000683055  -0.0001215631
       -0.0001687730  -0.0000533465   0.0000177636   0.0000421204  -0.0000637960
       -0.0001024492   0.0000527504  -0.0000723795   0.0002856129  -0.0008411430
        0.0000534724   0.0000476789  -0.0000152576  -0.0000678101   0.0000625674
        0.0000395945   0.0001391101  -0.0001111169   0.0001440078  -0.0000069988
        0.0000480049   0.0000242134  -0.0000202271   0.0000690536   0.0000146108
        0.0001733866  -0.0001980166   0.0004360350  -0.0001081540  -0.0000537193
       -0.0001064726  -0.1116070371   0.2357371040   0.0267074870   0.0053638112
       -0.0065285568  -0.0042425738  -0.0003694156   0.0001030467   0.0007987342
       -0.0000330981   0.0003289029  -0.0001319149  -0.0001437281  -0.0000830742
        0.0000946530   0.0001977793  -0.0006163979  -0.0008677223  -0.0009346028
        0.0013275192   0.0008748669   0.0000278786   0.0000230766   0.0000203714
        0.0000203226  -0.0000113147  -0.0000181188   0.0000896345   0.0001676070
        0.0001032355  -0.0000332011   0.0000121195  -0.0000097670  -0.0000067449
       -0.0000205884   0.0000070565   0.0000256511   0.0000021215   0.0000222078
       -0.0094115783   0.0119845024   0.0016590615  -0.0015452295  -0.0000652463
       -0.0012479192   0.0001602239  -0.0002773734  -0.0001154998   0.0000176308
       -0.0001048554   0.0001203560   0.0008241628   0.0008052438  -0.0017528562
       -0.0001151805   0.0003713150   0.0002172865   0.0126993893  -0.0232877847
       -0.0433644382  -0.0027171757   0.0110661251   0.0019828231  -0.0000367542
       -0.0003897499  -0.0003951526  -0.0002920558   0.0005628619   0.0014418259
       -0.0009478262   0.0000891113   0.0003229978  -0.0003778705   0.0002326547
        0.0004071073  -0.0000697185   0.0000026270  -0.0000085542  -0.0001004010
       -0.0001613984  -0.0000199385  -0.0000602493   0.0000835695  -0.0005434012
       -0.0000229473   0.0000067231  -0.0000126740   0.0000601130   0.0000023938
        0.0000664517   0.0001647740   0.0001203512   0.0000984602  -0.0000040266
       -0.0000333289   0.0000390057   0.0000404840  -0.0000399278  -0.0000229692
       -0.0001122892   0.0001890640  -0.0003374117   0.0001176143  -0.0000257985
       -0.0001218635  -0.0164546069   0.0267074870   0.0520009304   0.0171778196
       -0.0280583093  -0.0081175039   0.0003254333   0.0004185801  -0.0014348871
       -0.0001789083  -0.0003841643  -0.0003275566   0.0001113110   0.0001014565
       -0.0000940983  -0.0004185734   0.0001033090   0.0001286085   0.0003772924
       -0.0003647069  -0.0005474010   0.0000165537  -0.0000558116  -0.0000529703
        0.0000019918   0.0000268966  -0.0000008787   0.0007532649   0.0003718460
        0.0000493488   0.0000042075   0.0000029883  -0.0000106630   0.0000055276
       -0.0000000873  -0.0000057150   0.0000075973  -0.0000005637   0.0000000886
        0.0031782377  -0.0021094301  -0.0224552877   0.0009884833  -0.0001320325
       -0.0015422195  -0.0002414209   0.0003590829  -0.0001843377   0.0000256045
       -0.0000320730   0.0002030814  -0.0009198962  -0.0009570934   0.0005158705
       -0.0035507063   0.0004873261  -0.0027318674  -0.0494911739   0.0063966551
        0.0469029810  -0.0041926970  -0.0004192125   0.0161321999   0.0000063190
       -0.0001064971   0.0001306562  -0.0004844605   0.0002615828  -0.0007990721
        0.0002373037  -0.0009497467   0.0006065087   0.0001148624  -0.0000899105
       -0.0001314303   0.0000596440   0.0000386690   0.0000520193  -0.0012170665
       -0.0000487217   0.0001718679  -0.0001434119   0.0001171488   0.0003158566
       -0.0000107628   0.0000423129   0.0000365858  -0.0000478667   0.0000001220
        0.0000034820   0.0002349499   0.0005344644  -0.0000526533  -0.0000114680
       -0.0000655593  -0.0000147561  -0.0000763667  -0.0000137400   0.0000581207
        0.0000985697  -0.0001626480   0.0002328872   0.0002114102   0.0004518863
       -0.0010629891  -0.0034604321   0.0053638112   0.0171778196   0.0588246550
       -0.0077413839  -0.0528225435   0.0001993638  -0.0000130671   0.0000610534
       -0.0001201127  -0.0000140125   0.0000176846  -0.0002220008  -0.0003643488
       -0.0000405433  -0.0006163735   0.0002434730   0.0000587221   0.0004425041
       -0.0003757476  -0.0008791945   0.0000605063   0.0000227131   0.0000546406
       -0.0000313924  -0.0000433519  -0.0000055327   0.0001001443  -0.0006090015
       -0.0000894545   0.0000016724  -0.0000112604   0.0000027359   0.0000205202
       -0.0000346281   0.0000438980   0.0000328585  -0.0000257810   0.0000332103
        0.0001156918   0.0001374419  -0.0018582806   0.0005161460   0.0001237286
        0.0007145884   0.0004765979  -0.0002762761   0.0006958925   0.0000037150
       -0.0001180870   0.0001331200  -0.0005953400  -0.0021779288   0.0019215372
       -0.0003328602  -0.0006736312   0.0006592945   0.0062149958  -0.0409428610
       -0.0290990361  -0.0081063750  -0.0000268907   0.0222100060   0.0000153971
        0.0000439553  -0.0002119894  -0.0002818304   0.0001965663  -0.0007613508
        0.0005600494   0.0001619579   0.0011149003   0.0001100525  -0.0000659141
       -0.0000259955  -0.0000619572   0.0000263633  -0.0000667976   0.0001704720
        0.0003709392   0.0000899821   0.0000847397  -0.0000975948   0.0005416450
        0.0000122147  -0.0000236009   0.0000239186  -0.0001604363   0.0000219885
       -0.0001754580   0.0005441579  -0.0015613560  -0.0000106579   0.0000257717
        0.0000264826  -0.0001440733  -0.0000154743  -0.0000306198   0.0000231168
        0.0002844642  -0.0003785312   0.0004851075  -0.0000079793  -0.0000159178
        0.0000862290   0.0088679071  -0.0065285568  -0.0280583093  -0.0077413839
        0.0533915849   0.0321860567  -0.0001273355  -0.0000785007   0.0001721582
       -0.0000022474   0.0000781311   0.0000966833  -0.0001066653  -0.0000556731
        0.0001522974  -0.0002223878   0.0005616146   0.0003047238   0.0005819959
       -0.0008715696  -0.0009012558  -0.0000248908  -0.0000196188   0.0000275569
       -0.0000445267  -0.0000116649   0.0000085674  -0.0007435803  -0.0011405632
       -0.0003633525   0.0000120291  -0.0000269589   0.0000236680   0.0000000845
       -0.0000141005   0.0000078020  -0.0000212119  -0.0000043382  -0.0000022950
        0.0007173081  -0.0013769834  -0.0177540166   0.0013550538  -0.0008014547
        0.0006754172   0.0000439726  -0.0002644688   0.0000817819   0.0000335840
        0.0001445671  -0.0003050194   0.0004015495   0.0007030434  -0.0011259966
       -0.0029248678   0.0004874581  -0.0028097008   0.0455245189  -0.0305378424
       -0.2611368491   0.0057734100   0.0033160735  -0.0120452691   0.0000906871
        0.0000697315   0.0000625111  -0.0004438629   0.0001322398  -0.0011759638
       -0.0013783789  -0.0005440814   0.0000921993   0.0001037534  -0.0001353176
       -0.0000069095   0.0000929980   0.0000443020   0.0000688599  -0.0007367353
        0.0001129822   0.0004825895  -0.0000687428   0.0003787165   0.0005695233
        0.0000153658  -0.0000299449   0.0001023228   0.0001602985  -0.0000310127
        0.0001076221   0.0000350297   0.0006180629   0.0005240597   0.0000345502
        0.0000355266   0.0001199960   0.0000167075   0.0000317301   0.0000073337
       -0.0002434429   0.0000999224  -0.0001746350   0.0003137534   0.0003867918
       -0.0007569946   0.0038695030  -0.0042425738  -0.0081175039  -0.0528225435
        0.0321860567   0.3014779777  -0.0001240408   0.0000076285   0.0001803842
       -0.0000608353   0.0001594262  -0.0000287910  -0.0000082663  -0.0002110082
       -0.0000085051   0.0004651887  -0.0003541606  -0.0001221439  -0.0003883474
        0.0004112004   0.0006316040   0.0000532120  -0.0000015648   0.0000264600
       -0.0000644661  -0.0000588820   0.0000169090   0.0000910423  -0.0007219278
        0.0003022885   0.0000103572   0.0000332070  -0.0000018884   0.0000517668
       -0.0000300698   0.0000166490   0.0000109194  -0.0000173738   0.0000236980
       -0.0002623147   0.0004248781  -0.0004306131  -0.0000282132   0.0000867631
        0.0000083708   0.0000378319   0.0000055591   0.0000167891  -0.0001382684
       -0.0002272773  -0.0002420848   0.0016511038  -0.0003844929   0.0003002220
       -0.0225934617   0.0092064845  -0.0061849478  -0.0002196629   0.0000093264
       -0.0001513772   0.0010242440   0.0011894354   0.0008157159  -0.2975534510
        0.0686519960  -0.1720322849  -0.0005051167  -0.0000205959   0.0001572859
       -0.0004427170  -0.0000436900   0.0001341651  -0.0001221079   0.0000436231
       -0.0002662369   0.0000457312  -0.0000411205   0.0000179603   0.0000247577
        0.0000003764  -0.0000457648   0.0004094169   0.0000763212  -0.0004476650
       -0.0000073759   0.0000227584  -0.0000517840   0.0000740856  -0.0001012893
       -0.0000295551   0.0000067190   0.0000156379   0.0000225733   0.0000813659
       -0.0001824106   0.0000172030   0.0000324319  -0.0001620621  -0.0000267135
        0.0001379482  -0.0000206231   0.0001060820  -0.0020787535   0.0033260803
        0.0022522031   0.0007187870  -0.0003694156   0.0003254333   0.0001993638
       -0.0001273355  -0.0001240408   0.3198588218  -0.0800687799   0.1753275628
       -0.0004135043  -0.0009740558   0.0002313963   0.0001491519   0.0000127688
       -0.0000466606   0.0000567744  -0.0001144142  -0.0001339227  -0.0000944285
       -0.0001251528  -0.0000284716   0.0000397032   0.0000317449   0.0000508788
       -0.0000257285  -0.0000295106   0.0000407084  -0.0000759927  -0.0000568436
        0.0001982093  -0.0000092100  -0.0000440392   0.0000162396   0.0000196246
       -0.0000163900   0.0001167412   0.0000024442   0.0000057454   0.0000863825
       -0.0002863766   0.0008591841  -0.0005847117   0.0000111371  -0.0000359124
        0.0000502532  -0.0000454292   0.0000197458  -0.0000137986  -0.0000790648
       -0.0002440783   0.0000451540   0.0012273497   0.0012919703   0.0015140723
        0.0221003822  -0.0096800835   0.0118123344  -0.0000978241   0.0001506354
       -0.0001022296   0.0000568863   0.0006849709  -0.0008556087   0.0537631927
       -0.0270720257   0.0125214912  -0.0003381172   0.0003694754   0.0002275116
       -0.0003813397  -0.0000890817   0.0000753375   0.0000160700   0.0000421237
        0.0000022108  -0.0000385650  -0.0000488106  -0.0000368824  -0.0000406522
        0.0000011969   0.0001045411   0.0002065204  -0.0002405628  -0.0002664342
        0.0000726239  -0.0001100212   0.0000226749  -0.0000928681   0.0000334217
        0.0000569466   0.0000260536  -0.0000103041  -0.0000147381  -0.0000189536
        0.0000530061  -0.0000497009  -0.0000183536   0.0000020967  -0.0000096558
        0.0000026345  -0.0008762166   0.0003450803   0.0043686206  -0.0026840176
       -0.0023453222   0.0001797214   0.0001030467   0.0004185801  -0.0000130671
       -0.0000785007   0.0000076285  -0.0800687799   0.0383057798  -0.0232980914
       -0.0004542481  -0.0005767555   0.0002021798  -0.0000473439  -0.0000650274
       -0.0000030572   0.0001631986  -0.0001295886   0.0000470516  -0.0001159766
       -0.0001182715   0.0000306777  -0.0000212130   0.0000008193   0.0000088668
       -0.0000142351  -0.0000048095   0.0000254916  -0.0000665546   0.0001209195
        0.0001527743   0.0000314357  -0.0000146332  -0.0000098983   0.0000455266
        0.0000448247  -0.0000542494  -0.0000323909  -0.0000045160  -0.0000264802
        0.0006955272  -0.0004593939   0.0009834572  -0.0000010892  -0.0000181269
       -0.0001929203  -0.0000305030  -0.0000155662  -0.0000434282  -0.0000495522
       -0.0000155027  -0.0000978986   0.0000478847  -0.0006158450   0.0007859950
        0.0156620677  -0.0007415081   0.0117175416   0.0001329804   0.0003648177
        0.0000636026  -0.0002675453  -0.0007067250   0.0007427953  -0.1934567219
        0.0257412589  -0.1494308508   0.0000383031   0.0001199169  -0.0001161445
       -0.0002794149  -0.0001214237  -0.0000878863   0.0001196270  -0.0000105016
       -0.0000274560  -0.0000112766   0.0000367631   0.0000160422   0.0001012093
       -0.0000202917  -0.0000130655   0.0000005227  -0.0000913443   0.0000906984
        0.0000704484  -0.0000121046  -0.0000822276  -0.0000241055   0.0000473466
       -0.0000120088   0.0000388119  -0.0000430080  -0.0000099957  -0.0000089423
       -0.0000927027  -0.0000311187   0.0000749206  -0.0000127557   0.0000303254
        0.0000644492   0.0002510788  -0.0000789888   0.0013694936  -0.0016470120
        0.0001442574   0.0000751748   0.0007987342  -0.0014348871   0.0000610534
        0.0001721582   0.0001803842   0.1753275628  -0.0232980914   0.1369238037
        0.0000383979   0.0002552567   0.0001661920   0.0001442219   0.0000384282
       -0.0000284640  -0.0000154268  -0.0000452762  -0.0001410161   0.0000979779
        0.0000863737  -0.0000586754  -0.0000365385  -0.0000025422  -0.0000065895
        0.0000110543   0.0000030674   0.0000076402   0.0000181120   0.0001087998
       -0.0000716947  -0.0000131156   0.0000168314   0.0000406078   0.0000423785
       -0.0000742999   0.0000436725  -0.0000379475   0.0000031903   0.0000283008
        0.0046953629  -0.0038534653  -0.0039249144  -0.0005183984  -0.0010639160
        0.0000808567   0.0002436756  -0.0002903407  -0.0001074391   0.0000202458
        0.0000321637   0.0000006452  -0.0000328168   0.0000938084  -0.0000316931
       -0.0000598695   0.0005867624   0.0004618472   0.0007482883  -0.0013186950
       -0.0002558125  -0.0000145908  -0.0000170087  -0.0000249871  -0.0002864841
       -0.0015362129   0.0004304082  -0.1396906975   0.0856146041   0.0578918245
       -0.0000583798  -0.0000245920  -0.0000173011  -0.0000749656   0.0000575109
        0.0004129355   0.0000334605   0.0001725677   0.0001318720  -0.0000734432
       -0.0001055464  -0.0002423806  -0.0076638574  -0.0007365616   0.0172280232
        0.0000081596   0.0000988417  -0.0000503884   0.0000083081  -0.0001448638
       -0.0000162570   0.0000071556   0.0000241318   0.0000028756  -0.0000218592
        0.0000082028  -0.0000090794   0.0000158955   0.0000236659  -0.0000070819
        0.0000065546  -0.0000046282  -0.0000419596  -0.0001552066   0.0001869463
       -0.0000024997  -0.0001437935  -0.0000330981  -0.0001789083  -0.0001201127
       -0.0000022474  -0.0000608353  -0.0004135043  -0.0004542481   0.0000383979
        0.1656912298  -0.0942522001  -0.0796179123  -0.0237292095   0.0177027250
        0.0092442476  -0.0000054114   0.0000059304   0.0000045276   0.0000083588
        0.0000211024  -0.0000017492   0.0000167424   0.0000353612  -0.0000150269
        0.0000942161   0.0001187566  -0.0001464732   0.0014665669  -0.0009510422
       -0.0011801327  -0.0000046149   0.0000197977  -0.0000153839  -0.0000407270
        0.0000055725   0.0000061792   0.0000437218  -0.0000197849   0.0000135754
        0.0178138768  -0.0241363611  -0.0124536941  -0.0023702455  -0.0052898043
       -0.0003023574   0.0011756427  -0.0011261443  -0.0006230532   0.0000473378
        0.0001399259  -0.0000354213   0.0001087679   0.0002494880   0.0000416730
        0.0010527021  -0.0005141362  -0.0012419979   0.0011229148   0.0006814281
        0.0004921272   0.0001465136   0.0000212208   0.0000771242  -0.0003116651
        0.0011167938   0.0001889067   0.0843169326  -0.1145106940  -0.0557086736
        0.0000201448   0.0001090639   0.0000348440  -0.0005585570   0.0000244415
       -0.0002965187  -0.0000891481   0.0001126259  -0.0000121605  -0.0001444011
        0.0001775507   0.0002128199  -0.0096115858   0.0087557977   0.0081513452
        0.0000593538   0.0000056232   0.0000426929  -0.0001670993  -0.0004937148
       -0.0000845562   0.0000160778   0.0000002020  -0.0000131550   0.0000191143
        0.0000295885  -0.0000139651  -0.0000348252   0.0000377352   0.0000189172
        0.0000149827   0.0000092642   0.0000347894   0.0000548322  -0.0000806251
       -0.0000200904  -0.0006555731   0.0003289029  -0.0003841643  -0.0000140125
        0.0000781311   0.0001594262  -0.0009740558  -0.0005767555   0.0002552567
       -0.0942522001   0.1345083012   0.0619686718   0.0033464504  -0.0004745333
       -0.0009600514   0.0000089128   0.0000079328  -0.0000133153   0.0000413805
       -0.0000058063   0.0000002110   0.0000054406  -0.0000262020   0.0000175125
       -0.0000337042  -0.0001295312   0.0000988689  -0.0001326568   0.0009670775
        0.0003925754  -0.0000292307   0.0000255471  -0.0000142747   0.0000130857
       -0.0000331297  -0.0000103138  -0.0000055036   0.0000107960   0.0000000006
        0.0034207270  -0.0074106522  -0.0019166374  -0.0006575506  -0.0009321262
        0.0002020293   0.0002267843  -0.0002372605  -0.0000724546  -0.0000361622
       -0.0000319781  -0.0000090876   0.0000697284  -0.0000441109  -0.0000630968
        0.0002780131   0.0005590599   0.0000598541   0.0005518582  -0.0003376469
        0.0001577129  -0.0000931370  -0.0000526837   0.0000787234   0.0002767250
        0.0009301896  -0.0004595538   0.0574292271  -0.0569353213  -0.0785624320
        0.0000488798   0.0000783709  -0.0000175284   0.0000320740   0.0000827330
        0.0001726808   0.0000343134   0.0000264273   0.0000572027  -0.0000226823
        0.0002160166  -0.0000809217   0.0285465907  -0.0056546121  -0.0343360179
       -0.0000265721   0.0000147902   0.0000613990  -0.0000138158  -0.0000574903
       -0.0000332593   0.0000250325   0.0000226337  -0.0000331808  -0.0000005125
       -0.0000038671   0.0000018322   0.0000197543  -0.0000108765  -0.0000193890
        0.0000143106   0.0000350944  -0.0000219064  -0.0000350833  -0.0000412832
       -0.0000028752  -0.0006531208  -0.0001319149  -0.0003275566   0.0000176846
        0.0000966833  -0.0000287910   0.0002313963   0.0002021798   0.0001661920
       -0.0796179123   0.0619686718   0.1081731711  -0.0107594292   0.0081900449
        0.0069276200  -0.0000164748   0.0000048137  -0.0000154437   0.0000351134
        0.0000147738  -0.0000067581   0.0000229201   0.0000038070   0.0000279564
       -0.0001570939   0.0001826210  -0.0001056430   0.0008140535  -0.0007495229
        0.0000247689  -0.0000088994   0.0000300156  -0.0000285961  -0.0000158395
       -0.0000339017   0.0000422901   0.0000190995   0.0000063220  -0.0000123037
       -0.0123802227  -0.0044758949  -0.0071737231  -0.0004043557   0.0009258606
        0.0001643816  -0.0000782260   0.0000947439  -0.0000520187   0.0000019815
        0.0000091751  -0.0000102026   0.0000746585  -0.0000204523   0.0000007830
        0.0001463003  -0.0000590576  -0.0005679761  -0.0008359904  -0.0024241497
       -0.0003760229  -0.0004173788   0.0000370657  -0.0005366628  -0.0001643362
        0.0003886870   0.0001189489  -0.2104116070   0.0037552015  -0.1059159130
       -0.0000606873  -0.0001851748   0.0001386927   0.0009831935   0.0021011672
        0.0002955597  -0.0010271721  -0.0001803748   0.0003491403  -0.0000588577
       -0.0000365535  -0.0000239968   0.0062345229   0.0012768146  -0.0000918667
       -0.0000482206  -0.0000471397   0.0000878463   0.0000397804   0.0000531331
        0.0000184371  -0.0000167104   0.0000396987   0.0000325704   0.0000299478
       -0.0000428432   0.0000392120   0.0000032307   0.0000376320   0.0000190513
        0.0000369261   0.0000475914   0.0000310654   0.0001220933  -0.0003370801
        0.0002664649   0.0003814013  -0.0001437281   0.0001113110  -0.0002220008
       -0.0001066653  -0.0000082663   0.0001491519  -0.0000473439   0.0001442219
       -0.0237292095   0.0033464504  -0.0107594292   0.2407822448  -0.0035535622
        0.1216944005   0.0000595443  -0.0000053155   0.0000342175  -0.0000872822
       -0.0000390613   0.0000232689  -0.0002163945   0.0000009167  -0.0001144257
       -0.0001978080   0.0002161941   0.0004856095   0.0013453637  -0.0005148963
        0.0014292900  -0.0000100748  -0.0000335269   0.0000313244   0.0000363786
       -0.0001253516   0.0001398327  -0.0000601846   0.0000478394  -0.0000251261
       -0.0236853188  -0.0025686495  -0.0144582979  -0.0003685912   0.0009663192
        0.0000838190   0.0000264011   0.0000575350   0.0001039035  -0.0000273674
        0.0000113744  -0.0000068530  -0.0000011298  -0.0000401153  -0.0000099574
        0.0000005850   0.0005688935  -0.0006129154  -0.0019795538  -0.0046401503
       -0.0005896129  -0.0010319305  -0.0001522098  -0.0006773422   0.0001653007
        0.0000702845  -0.0001635926   0.0019268619  -0.0419049870  -0.0006156019
       -0.0001660874  -0.0002733716   0.0001678193  -0.0000706657  -0.0021053112
       -0.0002975186   0.0012221214   0.0002951697  -0.0003721912  -0.0000211716
        0.0000010893  -0.0000455527   0.0104384018  -0.0014024016   0.0113165653
        0.0000846749  -0.0000283248   0.0000831254   0.0000105780   0.0000143859
        0.0000021573   0.0000405942   0.0001054138   0.0000649366  -0.0000144535
       -0.0000284659   0.0000210795   0.0000331520   0.0000470153   0.0000049931
        0.0000249515   0.0000127232  -0.0000025742  -0.0000602958  -0.0001895434
        0.0002568165   0.0001587439  -0.0000830742   0.0001014565  -0.0003643488
       -0.0000556731  -0.0002110082   0.0000127688  -0.0000650274   0.0000384282
        0.0177027250  -0.0004745333   0.0081900449  -0.0035535622   0.0518232511
       -0.0053843542   0.0000354509  -0.0000028908   0.0000301960  -0.0001020853
       -0.0000583553  -0.0000132496   0.0000650150  -0.0000043197   0.0000201573
        0.0000195570   0.0001506806  -0.0000830900  -0.0004550480  -0.0000083002
        0.0028694494  -0.0000580284   0.0001113585  -0.0000117995  -0.0000903141
       -0.0001496679   0.0001694038   0.0000820691  -0.0000001218   0.0000311601
       -0.0061989344  -0.0017427725  -0.0026628388  -0.0002654652   0.0002228351
        0.0001716728   0.0000641281   0.0000356811   0.0000402646   0.0000024772
        0.0000225173   0.0000208080  -0.0000417738  -0.0000518988  -0.0000256312
        0.0002997140   0.0003242724   0.0005258695  -0.0003703547  -0.0009591276
        0.0004389471  -0.0002697539  -0.0000998999  -0.0001166792  -0.0001212881
       -0.0000695569  -0.0000504483  -0.1000754475  -0.0007228482  -0.1033034193
        0.0000172000  -0.0000095866   0.0000297775  -0.0001082799  -0.0009565733
        0.0004619971   0.0004185892   0.0002452286   0.0004913112  -0.0001563057
        0.0000313368  -0.0002665773  -0.0250022255   0.0062889368  -0.0281972871
        0.0000253056   0.0001100356  -0.0000774694   0.0000130397   0.0000058469
       -0.0000153898   0.0000236082   0.0000621875  -0.0000216675   0.0000003989
        0.0000018833   0.0000135539   0.0000138677   0.0000072201  -0.0000266346
        0.0000007024  -0.0000059037   0.0000022216   0.0000038274   0.0001139097
        0.0000247648   0.0000812013   0.0000946530  -0.0000940983  -0.0000405433
        0.0001522974  -0.0000085051  -0.0000466606  -0.0000030572  -0.0000284640
        0.0092442476  -0.0009600514   0.0069276200   0.1216944005  -0.0053843542
        0.1327875400  -0.0000003745   0.0000127269  -0.0000083872  -0.0000106524
       -0.0000268435  -0.0000039309  -0.0000555645   0.0000583041  -0.0000644750
        0.0003390033   0.0000101456  -0.0007867976   0.0005235179   0.0030272289
       -0.0059841457  -0.0000043352   0.0000413141  -0.0000674934   0.0000361569
        0.0001013016  -0.0001026855  -0.0000334267   0.0000226108  -0.0000233226
        0.0001975096   0.0000298814   0.0000231429   0.0000202058  -0.0000174799
       -0.0000239811  -0.0000488987   0.0000493082  -0.0000092420   0.0006079733
       -0.0004046030   0.0006423040  -0.0003354577  -0.0059521561  -0.0040745724
       -0.0011987324   0.0008461116  -0.0014112420   0.0001220533   0.0024874669
        0.0013809181  -0.0161170362   0.0120007374  -0.0246249791  -0.0000313204
       -0.0001572611   0.0000804052   0.0000509385   0.0000854269  -0.0000236929
       -0.0877734976   0.0442228892  -0.0912039555   0.0000670403   0.0000249493
       -0.0000102210   0.0000049271   0.0000105009   0.0000055517  -0.0000391014
       -0.0000030872   0.0000246846  -0.0000136361  -0.0000516432   0.0001048937
       -0.0000545794  -0.0000068881   0.0000182660   0.0000041710  -0.0000149796
        0.0000182092  -0.0000642944   0.0000482251  -0.0000198562   0.0001411673
       -0.0001445110   0.0000196611  -0.0000064156   0.0000377935   0.0000423436
       -0.0001828136   0.0001644579  -0.0003712754  -0.0003282742  -0.0004193796
       -0.0001500523   0.0001561302   0.0001977793  -0.0004185734  -0.0006163735
       -0.0002223878   0.0004651887   0.0000567744   0.0001631986  -0.0000154268
       -0.0000054114   0.0000089128  -0.0000164748   0.0000595443   0.0000354509
       -0.0000003745   0.0997859187  -0.0463692186   0.1100108078   0.0055234498
       -0.0065982725   0.0095042120   0.0000122870   0.0000031101  -0.0000019938
       -0.0000018681  -0.0000035354  -0.0000010866  -0.0000310358  -0.0000302014
       -0.0000052150   0.0000190439  -0.0000069531  -0.0000000565   0.0000291109
       -0.0000066578   0.0000353928  -0.0000094990  -0.0000069849   0.0000062899
       -0.0000635938  -0.0000405265  -0.0000344841   0.0000332935   0.0000386169
        0.0000150923   0.0001042216  -0.0000231222  -0.0000513133  -0.0011672296
        0.0006474379  -0.0013897066  -0.0046531813   0.0054107653   0.0041117861
        0.0005342734  -0.0003409220   0.0006141376   0.0013711759  -0.0015203000
       -0.0025387994  -0.0026438746   0.0035276196  -0.0066287620   0.0001230549
        0.0001057341   0.0000205656  -0.0000521695  -0.0000463921  -0.0000147272
        0.0448872594  -0.0886730940   0.0958590294  -0.0000099848  -0.0000186029
       -0.0000135140  -0.0000035070  -0.0000034255  -0.0000066171   0.0000167929
        0.0000027818  -0.0000059145   0.0000447371   0.0000352038  -0.0000305870
       -0.0000112293  -0.0000044735   0.0000002997   0.0000132624  -0.0000123666
       -0.0000205568   0.0000553291  -0.0000175410  -0.0000322825  -0.0003761167
        0.0004234792   0.0000418073  -0.0000998026  -0.0000358978  -0.0000060692
        0.0001412099  -0.0003072364   0.0002330461   0.0000972907   0.0001483519
       -0.0000109247  -0.0001566927  -0.0006163979   0.0001033090   0.0002434730
        0.0005616146  -0.0003541606  -0.0001144142  -0.0001295886  -0.0000452762
        0.0000059304   0.0000079328   0.0000048137  -0.0000053155  -0.0000028908
        0.0000127269  -0.0463692186   0.0911605686  -0.1093032560   0.0080784785
       -0.0102678368   0.0194741348   0.0000039262   0.0000027266   0.0000069520
       -0.0000026076   0.0000040923  -0.0000010716  -0.0000357933  -0.0000093314
       -0.0000088711   0.0000053702  -0.0000106997  -0.0000034937  -0.0000022328
        0.0000062278  -0.0000008818   0.0000078849  -0.0000025078   0.0000035689
        0.0001588334   0.0000559362  -0.0001835088   0.0000312660  -0.0000079781
       -0.0000057749   0.0000608825  -0.0000821571  -0.0001440971  -0.0011946894
        0.0006051362  -0.0014141407  -0.0046354776   0.0032465621   0.0051447333
       -0.0000435669   0.0002080072   0.0004298070   0.0027572450  -0.0016631615
       -0.0010822001  -0.0089043987   0.0047581560  -0.0127823831   0.0001638894
       -0.0002119403  -0.0000291121   0.0000319126   0.0000710165   0.0000479951
       -0.0924333061   0.0951444801  -0.2029251954   0.0000844679   0.0000201263
        0.0000035607   0.0000051654  -0.0000002491   0.0000060128  -0.0000239684
       -0.0000299488   0.0000492655  -0.0000324151  -0.0000625547   0.0000386747
       -0.0000577480  -0.0000386448   0.0000233610   0.0000285211  -0.0000000310
        0.0000330568  -0.0000517032   0.0000384215   0.0000030280  -0.0003118486
        0.0004359966   0.0000990960   0.0000873376  -0.0001741168  -0.0001178665
        0.0003119800  -0.0003059358   0.0008169226   0.0000644728   0.0000218243
        0.0000312785  -0.0003047729  -0.0008677223   0.0001286085   0.0000587221
        0.0003047238  -0.0001221439  -0.0001339227   0.0000470516  -0.0001410161
        0.0000045276  -0.0000133153  -0.0000154437   0.0000342175   0.0000301960
       -0.0000083872   0.1100108078  -0.1093032560   0.2225516976  -0.0058078465
        0.0077855733  -0.0104718188  -0.0000038234   0.0000040286  -0.0000027353
       -0.0000021358  -0.0000068818   0.0000047254   0.0000102932  -0.0000028956
        0.0000177698   0.0000389303  -0.0000132199  -0.0000100434   0.0000230260
        0.0000176072   0.0000294937  -0.0000248748  -0.0000108346  -0.0000032198
       -0.0005411519  -0.0009299058   0.0001344413   0.0000165242  -0.0000374416
       -0.0000761256  -0.0000008650   0.0000592695  -0.0000417327  -0.0003050402
       -0.0000242021  -0.0004416102  -0.0001419317   0.0013814673   0.0027325386
        0.0001737436  -0.0002297207   0.0003512847  -0.0004498539  -0.0038908582
       -0.0052882732  -0.0175321036  -0.0235574411   0.0115898141   0.0000759570
        0.0001729003  -0.0000696833  -0.0003101271   0.0001217885  -0.0002017387
       -0.0991479539  -0.0995670339   0.0490503352   0.0000476744   0.0000142966
        0.0000593698  -0.0000022664   0.0000226521  -0.0000045620   0.0000785185
        0.0000167641  -0.0000121226  -0.0000130937  -0.0000221275  -0.0000493490
       -0.0000287695   0.0000161071  -0.0000172542   0.0000117955   0.0000047237
       -0.0000302793   0.0000193756  -0.0001295590   0.0000014115  -0.0000219490
        0.0001360972   0.0000616218  -0.0001709254   0.0002688198   0.0000873862
       -0.0000017144  -0.0001249578  -0.0003881687   0.0000695854   0.0000869631
        0.0000205641  -0.0005184296  -0.0009346028   0.0003772924   0.0004425041
        0.0005819959  -0.0003883474  -0.0000944285  -0.0001159766   0.0000979779
        0.0000083588   0.0000413805   0.0000351134  -0.0000872822  -0.0001020853
       -0.0000106524   0.0055234498   0.0080784785  -0.0058078465   0.1128192887
        0.1185780220  -0.0517202918   0.0000015514  -0.0000024427  -0.0000159132
        0.0000182502   0.0000146358  -0.0000097707   0.0000601613   0.0000875745
       -0.0000344688  -0.0000058232   0.0000055355   0.0000105462   0.0000012595
       -0.0000187114   0.0000006618   0.0000057113  -0.0000024053  -0.0000021691
       -0.0003449815  -0.0006813836   0.0005318142  -0.0000985559   0.0000243837
       -0.0000553199  -0.0000121907   0.0000211378   0.0000373121   0.0005077886
       -0.0002174438   0.0005630319   0.0027487727  -0.0017349060  -0.0016966405
       -0.0000121115   0.0002428855   0.0000982850  -0.0052288444   0.0052739606
        0.0030040018  -0.0092409142  -0.0115613401   0.0038043737   0.0002043575
        0.0000027394  -0.0001587608  -0.0000940779   0.0001885567  -0.0001305453
       -0.1005729286  -0.1938303221   0.0920075455   0.0000478364   0.0000225308
        0.0000457867   0.0000002182   0.0000163504  -0.0000052849   0.0000513317
        0.0000053547  -0.0000239903  -0.0000077701  -0.0000682188   0.0000025174
       -0.0000235565   0.0000097980  -0.0000139125   0.0000116619   0.0000174101
       -0.0000017069  -0.0000992108  -0.0000899980   0.0000526418   0.0001643314
       -0.0001945712  -0.0000413309  -0.0000000712   0.0002104750   0.0000109788
       -0.0001656382   0.0003295931  -0.0007384925  -0.0000059331  -0.0000154890
       -0.0000039917   0.0007018457   0.0013275192  -0.0003647069  -0.0003757476
       -0.0008715696   0.0004112004  -0.0001251528  -0.0001182715   0.0000863737
        0.0000211024  -0.0000058063   0.0000147738  -0.0000390613  -0.0000583553
       -0.0000268435  -0.0065982725  -0.0102678368   0.0077855733   0.1185780220
        0.2119239195  -0.1051552675  -0.0000143519  -0.0000064440  -0.0000166714
        0.0000158998   0.0000103929  -0.0000063071   0.0000184735   0.0001016378
       -0.0000149607  -0.0000048525   0.0000079545   0.0000108010   0.0000024234
       -0.0000156628  -0.0000047626  -0.0000098422   0.0000010192  -0.0000075150
       -0.0002761161  -0.0002748937   0.0002874004  -0.0000307770   0.0000380770
       -0.0000077837   0.0000286096   0.0000099078   0.0000568487   0.0004400254
       -0.0002571762   0.0005286674   0.0010208285  -0.0028803872  -0.0010565431
       -0.0001139942   0.0002146983  -0.0002476761  -0.0047898689   0.0035316573
        0.0044321433  -0.0037069873  -0.0072559176   0.0036151023   0.0000727401
       -0.0000367541   0.0000487728  -0.0000891295  -0.0000415122  -0.0000439822
        0.0500690845   0.0928062316  -0.0873234394  -0.0000146864  -0.0000071555
       -0.0000183947  -0.0000053361  -0.0000024822  -0.0000030343  -0.0000143910
        0.0000028433  -0.0000248368   0.0000264759   0.0000135705   0.0000015324
       -0.0000002901   0.0000056447   0.0000024337   0.0000139033  -0.0000046826
       -0.0000210846  -0.0000406246   0.0000604534  -0.0000539628   0.0001199319
       -0.0001691779  -0.0000603404   0.0000313999   0.0000073327   0.0001097246
       -0.0000982567   0.0000212022  -0.0003812192  -0.0000470620  -0.0000903230
        0.0000068910   0.0005256027   0.0008748669  -0.0005474010  -0.0008791945
       -0.0009012558   0.0006316040  -0.0000284716   0.0000306777  -0.0000586754
       -0.0000017492   0.0000002110  -0.0000067581   0.0000232689  -0.0000132496
       -0.0000039309   0.0095042120   0.0194741348  -0.0104718188  -0.0517202918
       -0.1051552675   0.0905866540   0.0000055467   0.0000024655   0.0000024370
       -0.0000003903   0.0000052299  -0.0000019405  -0.0000269282  -0.0000037577
        0.0000189225  -0.0000037573  -0.0000026493   0.0000037939  -0.0000008777
       -0.0000057454  -0.0000012648   0.0000075511   0.0000031827   0.0000011589
        0.0004739374  -0.0002485677   0.0000333751  -0.0003812207  -0.0059163804
       -0.0001131581  -0.0015711608   0.0001102188  -0.0006376418  -0.0000805939
       -0.0000623073  -0.0001048325   0.0000588458   0.0000461488  -0.0000178987
        0.0000298624   0.0000142200  -0.0002477548   0.0000307641   0.0000008358
        0.0000900255   0.0001419355   0.0000567723   0.0000116461  -0.0000578324
        0.0000487139   0.0001226874  -0.0000699126  -0.0000331426  -0.0001942470
       -0.0000126458   0.0000041649   0.0000226454  -0.0264179659  -0.0025809219
       -0.0101539866  -0.2530570516  -0.0091451696  -0.1034517201   0.0003216708
        0.0000159399   0.0003272764  -0.0000945347   0.0002506030   0.0001881712
        0.0006293084   0.0025103774   0.0000784874   0.0000129796   0.0000841256
        0.0000153497  -0.0001888538  -0.0004100385  -0.0000996062   0.0000012754
        0.0000135855   0.0000149563  -0.0000517083  -0.0000542516   0.0000591351
       -0.0000186995  -0.0000095813   0.0000300096  -0.0000430661  -0.0000266037
       -0.0000156223  -0.0000077060   0.0000278786   0.0000165537   0.0000605063
       -0.0000248908   0.0000532120   0.0000397032  -0.0000212130  -0.0000365385
        0.0000167424   0.0000054406   0.0000229201  -0.0002163945   0.0000650150
       -0.0000555645   0.0000122870   0.0000039262  -0.0000038234   0.0000015514
       -0.0000143519   0.0000055467   0.2857806239   0.0158585199   0.1177636831
       -0.0061872963  -0.0002301597  -0.0042378516   0.0000977311  -0.0001450473
        0.0000605716   0.0000725694   0.0005015973  -0.0002803369   0.0000016062
       -0.0000851977  -0.0000024800   0.0006727429  -0.0006102584   0.0007368103
       -0.0017428927  -0.0002566619  -0.0007584152  -0.0049564499   0.0037732753
        0.0056609820   0.0003659193   0.0001580823   0.0001314952   0.0000079794
        0.0000512290   0.0000121037   0.0000148516   0.0000206193   0.0000099239
        0.0000348194   0.0000760860  -0.0001345744  -0.0003381535   0.0003074280
        0.0002154462   0.0000364889   0.0000339539  -0.0000301518  -0.0000324821
       -0.0000238409   0.0000266790   0.0002068076  -0.0001029406  -0.0000200558
       -0.0000024942  -0.0000107541   0.0000044929  -0.0172088425  -0.0016966085
       -0.0078239165  -0.0081532209  -0.0389537083   0.0039985032   0.0000592529
       -0.0003625858   0.0002750568  -0.0000449424  -0.0001912466  -0.0001375658
       -0.0004110719  -0.0016165844  -0.0029849340   0.0000485068   0.0000261673
       -0.0000284898   0.0000617725   0.0001302982  -0.0000054061   0.0000052311
        0.0000068711  -0.0000279705   0.0000239867   0.0000141901  -0.0000247596
        0.0000022566  -0.0000064241  -0.0000020831  -0.0000166888   0.0000011607
       -0.0000383804  -0.0001386348   0.0000230766  -0.0000558116   0.0000227131
       -0.0000196188  -0.0000015648   0.0000317449   0.0000008193  -0.0000025422
        0.0000353612  -0.0000262020   0.0000038070   0.0000009167  -0.0000043197
        0.0000583041   0.0000031101   0.0000027266   0.0000040286  -0.0000024427
       -0.0000064440   0.0000024655   0.0158585199   0.0385305091  -0.0089404704
        0.0159529005   0.0008861608   0.0098425185   0.0000821922   0.0000536272
        0.0000260558   0.0000189175  -0.0003699474   0.0003969569   0.0002079454
        0.0003997919  -0.0004528275  -0.0000338778  -0.0008481859   0.0008011002
       -0.0013643159  -0.0001757466  -0.0005958521  -0.0021551216   0.0057253826
        0.0044375547   0.0010266700   0.0001182491   0.0008490589   0.0000134093
        0.0000010287   0.0000391010   0.0000090484   0.0000036577   0.0000033538
        0.0000656720   0.0000092865  -0.0001342708  -0.0002416718   0.0001719284
        0.0001594274   0.0000341932   0.0000499668  -0.0000159466  -0.0000890380
       -0.0000060799   0.0000923065   0.0002130280  -0.0002499247  -0.0001474514
       -0.0000061425  -0.0000237414   0.0000128115   0.0067390931   0.0000177665
        0.0022785129  -0.1051931966   0.0025185551  -0.0864827242   0.0001507566
       -0.0001801992   0.0006095710  -0.0001265838   0.0003685147   0.0000216406
        0.0027072572  -0.0016668497  -0.0015554763   0.0000353191  -0.0000597133
       -0.0000291756   0.0002377029   0.0003540469   0.0000830827  -0.0000115739
       -0.0000232885   0.0000083273  -0.0000073112  -0.0000128655  -0.0000221233
       -0.0000164721  -0.0000131917   0.0000119446  -0.0000337268   0.0000059637
        0.0000395221  -0.0000880883   0.0000203714  -0.0000529703   0.0000546406
        0.0000275569   0.0000264600   0.0000508788   0.0000088668  -0.0000065895
       -0.0000150269   0.0000175125   0.0000279564  -0.0001144257   0.0000201573
       -0.0000644750  -0.0000019938   0.0000069520  -0.0000027353  -0.0000159132
       -0.0000166714   0.0000024370   0.1177636831  -0.0089404704   0.0902057261
       -0.0200224538   0.0013333514  -0.0093891809  -0.0000098747  -0.0001062420
        0.0000324239  -0.0000690507  -0.0003460535   0.0002846964   0.0001328739
        0.0004523914  -0.0005140669   0.0003477550   0.0005895316  -0.0002128766
       -0.0003843840  -0.0001198027  -0.0000068996  -0.0002584977  -0.0000751992
        0.0022918070   0.0001381595   0.0001316646  -0.0000158544  -0.0000342900
        0.0000195298  -0.0000070438   0.0000067087   0.0000328678  -0.0000202251
       -0.0000176450   0.0000697610   0.0000322941  -0.0000348500   0.0000853431
        0.0000353952  -0.0000207021  -0.0000429197   0.0000070580   0.0000608148
        0.0000193563  -0.0000744986  -0.0005137916   0.0001506855   0.0009255889
        0.0000196737   0.0000259513  -0.0000145720   0.0028568865  -0.0129536747
        0.0151905935  -0.0515394934   0.0292366415  -0.0395243095  -0.0008878741
       -0.0010053295  -0.0003850000  -0.0003383499  -0.0003184744  -0.0005378457
       -0.0006152575  -0.0047838917  -0.0015747742   0.0000203480   0.0000777363
        0.0000377407   0.0000180051   0.0000614873  -0.0000053792   0.0000338321
        0.0000219974  -0.0000444486   0.0000239573   0.0000238600  -0.0000163378
        0.0000276518   0.0000170666  -0.0000118816   0.0000390252  -0.0000130055
       -0.0000708304  -0.0000232010   0.0000203226   0.0000019918  -0.0000313924
       -0.0000445267  -0.0000644661  -0.0000257285  -0.0000142351   0.0000110543
        0.0000942161  -0.0000337042  -0.0001570939  -0.0001978080   0.0000195570
        0.0003390033  -0.0000018681  -0.0000026076  -0.0000021358   0.0000182502
        0.0000158998  -0.0000003903  -0.0061872963   0.0159529005  -0.0200224538
        0.0572698977  -0.0259395998   0.0428175810  -0.0000264241   0.0002957413
       -0.0000351765   0.0002974681  -0.0011166223   0.0010474230   0.0001679225
        0.0002042034  -0.0001559185   0.0000460364  -0.0000189801   0.0000100045
        0.0004104634   0.0000231696   0.0002737431   0.0025669274  -0.0016010104
       -0.0010840592  -0.0001189249   0.0000521607  -0.0001607938  -0.0000132038
        0.0000310077  -0.0000496996  -0.0000132686   0.0000171130  -0.0000030178
        0.0000235307  -0.0000156432   0.0000853547   0.0001500370  -0.0000794840
       -0.0000804182  -0.0000039812  -0.0000270746   0.0000192134   0.0000383681
        0.0000018873  -0.0001094381   0.0000717779   0.0001854190  -0.0003279595
        0.0000128296   0.0000178630  -0.0000173796   0.0018961543  -0.0166940029
        0.0160443533   0.0270777849  -0.1515422917   0.1318289747  -0.0009317395
       -0.0000046533  -0.0009805807   0.0002104728  -0.0004785866  -0.0002046454
       -0.0053244312   0.0036283396   0.0065525603   0.0000421417   0.0000162921
        0.0000868554  -0.0000653135   0.0000024694  -0.0000224198   0.0000854179
        0.0000544282  -0.0000280927   0.0000203288   0.0000071843  -0.0000309964
        0.0000353010   0.0000034013  -0.0000031898   0.0000710867  -0.0000725408
       -0.0000409495   0.0000749112  -0.0000113147   0.0000268966  -0.0000433519
       -0.0000116649  -0.0000588820  -0.0000295106  -0.0000048095   0.0000030674
        0.0001187566  -0.0001295312   0.0001826210   0.0002161941   0.0001506806
        0.0000101456  -0.0000035354   0.0000040923  -0.0000068818   0.0000146358
        0.0000103929   0.0000052299  -0.0002301597   0.0008861608   0.0013333514
       -0.0259395998   0.1661810601  -0.1542183715   0.0000096691   0.0001279796
        0.0000755102  -0.0001053940   0.0008861162  -0.0005741262   0.0000996223
       -0.0017986447   0.0018472862  -0.0004239971   0.0001840345  -0.0003732614
        0.0006404577   0.0001908886   0.0001282231   0.0003600782  -0.0031043387
       -0.0010861157  -0.0005031596  -0.0001789489  -0.0000408813  -0.0000480967
       -0.0000639966  -0.0000013482   0.0000070327  -0.0000325846   0.0000250779
        0.0000095054  -0.0000053384  -0.0000157712   0.0000536251  -0.0001463419
       -0.0000210202  -0.0000073574  -0.0000073046  -0.0000158541  -0.0000445538
       -0.0000706222   0.0000346310   0.0002964360   0.0000173844  -0.0002177172
       -0.0000107658  -0.0000175065   0.0000084010  -0.0011326150   0.0091416713
       -0.0111665309  -0.0375495551   0.1314979970  -0.1804971136   0.0000680472
        0.0000075646   0.0003230731  -0.0002175754   0.0001360007   0.0005236584
       -0.0006707058   0.0065947637   0.0056745018  -0.0000195215   0.0000296084
       -0.0000679583  -0.0000343529  -0.0001189801   0.0000207359  -0.0000523096
       -0.0000096296   0.0000290340  -0.0000173085  -0.0000153479   0.0000410971
       -0.0000257387  -0.0000109328  -0.0000057154  -0.0000718484   0.0000351710
        0.0000255605   0.0000429103  -0.0000181188  -0.0000008787  -0.0000055327
        0.0000085674   0.0000169090   0.0000407084   0.0000254916   0.0000076402
       -0.0001464732   0.0000988689  -0.0001056430   0.0004856095  -0.0000830900
       -0.0007867976  -0.0000010866  -0.0000010716   0.0000047254  -0.0000097707
       -0.0000063071  -0.0000019405  -0.0042378516   0.0098425185  -0.0093891809
        0.0428175810  -0.1542183715   0.1967307319  -0.0003500590  -0.0000832964
       -0.0000667082  -0.0000586051   0.0016325269  -0.0015785670   0.0000564509
       -0.0008504164   0.0011810728   0.0003364006  -0.0002164785   0.0002906692
        0.0005072217  -0.0001975413   0.0001615167  -0.0000884070  -0.0001406182
       -0.0002543961  -0.0000350652  -0.0000324918   0.0000304217  -0.0000254277
       -0.0000033090  -0.0000035226   0.0000158378   0.0000136576   0.0000241088
        0.0000510757  -0.0001342416  -0.0000354277   0.0007842861   0.0007788389
       -0.0008279236  -0.0001242257  -0.0000432856   0.0002625002   0.0000359559
        0.0001503165   0.0000553106   0.0099585267   0.0023695275   0.0017104579
       -0.0000347853   0.0000672062  -0.0000318097  -0.0001484660  -0.0000979822
       -0.0000785482  -0.0000450726  -0.0000807570   0.0002822444  -0.0002218884
        0.0004562460   0.0001262525  -0.3171015255   0.0005503155  -0.1946037437
        0.0001010215  -0.0000153020   0.0000498039  -0.0000172803   0.0000062112
        0.0000029965   0.0000888502   0.0000224718   0.0000296203  -0.0000124112
       -0.0000217614   0.0000246854   0.0000101843  -0.0000036631   0.0000265397
        0.0000046794  -0.0000084937   0.0000108378  -0.0000143438  -0.0000676865
        0.0000826155  -0.0007605365   0.0000896345   0.0007532649   0.0001001443
       -0.0007435803   0.0000910423  -0.0000759927  -0.0000665546   0.0000181120
        0.0014665669  -0.0001326568   0.0008140535   0.0013453637  -0.0004550480
        0.0005235179  -0.0000310358  -0.0000357933   0.0000102932   0.0000601613
        0.0000184735  -0.0000269282   0.0000977311   0.0000821922  -0.0000098747
       -0.0000264241   0.0000096691  -0.0003500590   0.3041073477  -0.0023773995
        0.1911112241   0.0000013257   0.0000584928  -0.0000292387  -0.0000038372
       -0.0000029140   0.0000305440   0.0000304451  -0.0000121734   0.0000195083
        0.0014386881   0.0007710306   0.0010294383  -0.0000929112  -0.0000024212
        0.0001357026   0.0000256188  -0.0000030904  -0.0001222133   0.0000219579
       -0.0000451520   0.0000122130   0.0000058995  -0.0000332147   0.0000238711
       -0.0001798369   0.0002703442   0.0005027448   0.0006411532   0.0011262884
       -0.0002931494  -0.0002727850  -0.0003405138   0.0000778374   0.0002400244
       -0.0002962588  -0.0002745434   0.0130172304  -0.0037322908   0.0096213770
        0.0000771419   0.0000833764  -0.0001070470   0.0001891565  -0.0001173064
        0.0002120375  -0.0000574253  -0.0000628564  -0.0000070370   0.0004298108
       -0.0005162514  -0.0003576592  -0.0104876779  -0.0100802828   0.0107302714
       -0.0000610365   0.0000211178  -0.0000714515  -0.0000454860   0.0000449027
       -0.0000024383  -0.0000235267  -0.0000876287  -0.0000539964  -0.0000275222
        0.0000112510  -0.0000360505   0.0000491317   0.0000357933  -0.0000088548
        0.0000640506   0.0000597124  -0.0000836020  -0.0000017888   0.0000225928
       -0.0000458291  -0.0006298931   0.0001676070   0.0003718460  -0.0006090015
       -0.0011405632  -0.0007219278  -0.0000568436   0.0001209195   0.0001087998
       -0.0009510422   0.0009670775  -0.0007495229  -0.0005148963  -0.0000083002
        0.0030272289  -0.0000302014  -0.0000093314  -0.0000028956   0.0000875745
        0.0001016378  -0.0000037577  -0.0001450473   0.0000536272  -0.0001062420
        0.0002957413   0.0001279796  -0.0000832964  -0.0023773995   0.0124446577
       -0.0226813721   0.0000131817  -0.0000042577  -0.0000085830   0.0000245742
        0.0000303189  -0.0000070555  -0.0000566142   0.0000194849  -0.0000248428
       -0.0000012808   0.0002343544   0.0006677262  -0.0000251723  -0.0002104912
       -0.0000000386   0.0000358474  -0.0000148081   0.0000006241  -0.0000086233
        0.0000206485  -0.0000395837  -0.0000470981  -0.0000511478   0.0000602761
       -0.0001492335  -0.0001009377  -0.0002858631  -0.0003632896  -0.0000088988
       -0.0000797496   0.0002505476   0.0000483362  -0.0000251558  -0.0001791451
       -0.0002720798   0.0002036795  -0.0244673186   0.0033253670  -0.0262136595
       -0.0000145220  -0.0000679011  -0.0000171131  -0.0001415533  -0.0001453863
       -0.0000934898   0.0001059992  -0.0000639902   0.0000846562  -0.0000187722
       -0.0000204165   0.0000620702  -0.1674257466   0.0169923932  -0.1492458705
        0.0000514985   0.0000526535   0.0000019773   0.0000289287  -0.0000674317
        0.0000033582  -0.0000155410  -0.0000006882   0.0000430769   0.0000108804
       -0.0000222111   0.0000128873  -0.0000016034  -0.0000236928   0.0000044698
       -0.0000393344  -0.0000509802   0.0000387814   0.0000106709  -0.0000848847
        0.0001248315   0.0009349533   0.0001032355   0.0000493488  -0.0000894545
       -0.0003633525   0.0003022885   0.0001982093   0.0001527743  -0.0000716947
       -0.0011801327   0.0003925754   0.0000247689   0.0014292900   0.0028694494
       -0.0059841457  -0.0000052150  -0.0000088711   0.0000177698  -0.0000344688
       -0.0000149607   0.0000189225   0.0000605716   0.0000260558   0.0000324239
       -0.0000351765   0.0000755102  -0.0000667082   0.1911112241  -0.0226813721
        0.1803346904  -0.0000132071   0.0000119512  -0.0000004430  -0.0000198727
       -0.0000208325   0.0000118438   0.0000471403  -0.0000099694   0.0000230438
        0.0000568725   0.0000258504   0.0000447602   0.0003996701  -0.0000094098
       -0.0001674728  -0.0009215391   0.0004956767  -0.0006466002  -0.0009556340
        0.0001626042  -0.0004282145  -0.0000274781  -0.0001012897   0.0001227878
       -0.0002164104   0.0001576703   0.0000569046  -0.0000171839   0.0000028329
        0.0000010180  -0.0000200831  -0.0000105229  -0.0001238904   0.0000369544
       -0.0001347860  -0.0000584040   0.0000232353   0.0000396418  -0.0000551966
        0.0000126991  -0.0000367455   0.0000163419   0.0014859647   0.0039266209
        0.0037119617   0.0003125861   0.0004939025  -0.0004047964   0.0000007652
       -0.0000908267   0.0000043816  -0.0000479699  -0.0000525707   0.0000739294
       -0.0469838863  -0.0312798543  -0.0128299521  -0.0001173245  -0.0001855398
       -0.0013385829   0.0000583747  -0.0000966096   0.0000382495  -0.0016759142
       -0.0002619148   0.0007253034  -0.0000471511  -0.0001252826   0.0000481201
        0.0000231676  -0.0000250601  -0.0000051708   0.0003121558  -0.0000038529
        0.0000784034   0.0000231062  -0.0000332011   0.0000042075   0.0000016724
        0.0000120291   0.0000103572  -0.0000092100   0.0000314357  -0.0000131156
       -0.0000046149  -0.0000292307  -0.0000088994  -0.0000100748  -0.0000580284
       -0.0000043352   0.0000190439   0.0000053702   0.0000389303  -0.0000058232
       -0.0000048525  -0.0000037573   0.0000725694   0.0000189175  -0.0000690507
        0.0002974681  -0.0001053940  -0.0000586051   0.0000013257   0.0000131817
       -0.0000132071   0.0537118937   0.0391095596   0.0145659698   0.0022952554
        0.0182128257   0.0087069889  -0.0080844826  -0.0300631468  -0.0120193643
       -0.0001034440  -0.0001137983   0.0000453298  -0.0004426988  -0.0000775049
       -0.0003937922  -0.0003124887   0.0001880282  -0.0002192946  -0.0003853506
        0.0001148758  -0.0000862327   0.0001446265   0.0000665256   0.0000149235
        0.0000115273  -0.0000792049  -0.0000663714  -0.0000143824   0.0000536118
       -0.0000162475   0.0000409970  -0.0000065972   0.0000248593  -0.0000760622
        0.0001915382   0.0000217297   0.0000001100  -0.0000198618  -0.0000648377
       -0.0000326254   0.0000315270  -0.0000126601  -0.0034277261  -0.0260382137
       -0.0001687726   0.0020494758  -0.0017187606   0.0017109623  -0.0002648042
        0.0000018765  -0.0001619443   0.0000142084   0.0000166424  -0.0000205750
       -0.0318646631  -0.2504555437  -0.0752336058  -0.0000107991   0.0007880659
        0.0003800034  -0.0001839428   0.0001014140  -0.0000442416   0.0002964095
        0.0004993672  -0.0003317080  -0.0002077340  -0.0000148038  -0.0001741085
       -0.0000246507   0.0000004961   0.0000016893   0.0000454471  -0.0002838066
       -0.0001348242  -0.0000477293   0.0000121195   0.0000029883  -0.0000112604
       -0.0000269589   0.0000332070  -0.0000440392  -0.0000146332   0.0000168314
        0.0000197977   0.0000255471   0.0000300156  -0.0000335269   0.0001113585
        0.0000413141  -0.0000069531  -0.0000106997  -0.0000132199   0.0000055355
        0.0000079545  -0.0000026493   0.0005015973  -0.0003699474  -0.0003460535
       -0.0011166223   0.0008861162   0.0016325269   0.0000584928  -0.0000042577
        0.0000119512   0.0391095596   0.2913101890   0.0835073663  -0.0000380325
       -0.0088094269  -0.0064459667  -0.0036482489  -0.0063632339  -0.0035385925
       -0.0000252532  -0.0000274700   0.0001007788   0.0005022664  -0.0004916415
        0.0001234515  -0.0012676416   0.0006720797  -0.0002086832  -0.0001258742
       -0.0002008897   0.0002520628   0.0000905927  -0.0000103376  -0.0000227432
        0.0000829137  -0.0000074903   0.0000614947   0.0000088195   0.0000239524
       -0.0000367526  -0.0000416264   0.0000246685   0.0000439375   0.0000319846
       -0.0000008790  -0.0000742537  -0.0000648052   0.0000477404  -0.0000336210
       -0.0000067875   0.0000036668  -0.0000227561   0.0032083633   0.0221263379
        0.0059931236  -0.0010641524   0.0021058039  -0.0019662641   0.0001515025
        0.0000243962  -0.0000048954   0.0000419768  -0.0000154491   0.0000975816
       -0.0118786080  -0.0716331393  -0.0633568145  -0.0009394621  -0.0003322175
       -0.0013630441   0.0001370646  -0.0000495240  -0.0001138836   0.0007205200
        0.0001374466   0.0001250170  -0.0001331452   0.0000197427  -0.0001346020
        0.0000594907  -0.0000159293  -0.0000490335  -0.0002217845  -0.0000770409
       -0.0000897325   0.0000240804  -0.0000097670  -0.0000106630   0.0000027359
        0.0000236680  -0.0000018884   0.0000162396  -0.0000098983   0.0000406078
       -0.0000153839  -0.0000142747  -0.0000285961   0.0000313244  -0.0000117995
       -0.0000674934  -0.0000000565  -0.0000034937  -0.0000100434   0.0000105462
        0.0000108010   0.0000037939  -0.0002803369   0.0003969569   0.0002846964
        0.0010474230  -0.0005741262  -0.0015785670  -0.0000292387  -0.0000085830
       -0.0000004430   0.0145659698   0.0835073663   0.0766870876  -0.0018379241
       -0.0266562380  -0.0117829886  -0.0028017337  -0.0089744388  -0.0028558709
        0.0003002719  -0.0000474702   0.0000737728  -0.0000039658   0.0001795818
        0.0000835426   0.0000380636   0.0000128302  -0.0001026530  -0.0003516918
       -0.0002296505  -0.0001601863  -0.0000116613  -0.0000412213   0.0000352910
       -0.0020878658   0.0008602481  -0.0009869824  -0.0000902778  -0.0000051441
        0.0000262742  -0.0001093527   0.0000712454  -0.0001169991   0.0001107622
       -0.0001676895   0.0000641737   0.0001041032   0.0000780217   0.0000112132
        0.0000146285  -0.0000306722   0.0000462802   0.0039318523  -0.0041307485
       -0.0015601210   0.0007970986   0.0005111149  -0.0001854658  -0.0000313181
       -0.0000004426   0.0000124200  -0.0000624473  -0.0000857468   0.0000489626
       -0.1204749501   0.0234626741   0.1079961495  -0.0000421984   0.0000143632
        0.0000638524  -0.0000774196  -0.0000047173   0.0000432721  -0.0005550276
       -0.0007342850  -0.0004639306  -0.0000108201   0.0000133844   0.0000422734
       -0.0000624734  -0.0000219061   0.0000522371  -0.0018465565   0.0015312802
        0.0004800361   0.0000114675  -0.0000067449   0.0000055276   0.0000205202
        0.0000000845   0.0000517668   0.0000196246   0.0000455266   0.0000423785
       -0.0000407270   0.0000130857  -0.0000158395   0.0000363786  -0.0000903141
        0.0000361569   0.0000291109  -0.0000022328   0.0000230260   0.0000012595
        0.0000024234  -0.0000008777   0.0000016062   0.0002079454   0.0001328739
        0.0001679225   0.0000996223   0.0000564509  -0.0000038372   0.0000245742
       -0.0000198727   0.0022952554  -0.0000380325  -0.0018379241   0.1420641620
       -0.0271848737  -0.1290727330  -0.0240814970   0.0056938858   0.0250956536
       -0.0000428704   0.0000597722   0.0000458184   0.0000894418   0.0003454666
       -0.0001526442  -0.0000301104   0.0000094458  -0.0002352146  -0.0001799865
        0.0002131000  -0.0002899226  -0.0001415330   0.0000619113  -0.0000612409
        0.0009858593  -0.0003260748   0.0006773685   0.0000066758  -0.0000163200
        0.0000181404   0.0000203523  -0.0000469242  -0.0000873180  -0.0001008710
       -0.0001509915  -0.0000540996   0.0000448473  -0.0000158034   0.0001718601
        0.0000029743  -0.0000179279   0.0000040582  -0.0119184192   0.0010793598
        0.0182398562   0.0008340855  -0.0012831184   0.0023865597   0.0000214911
       -0.0001252213  -0.0000423607  -0.0000030676  -0.0000053616  -0.0001899268
        0.0212374266  -0.0439565849  -0.0308331122   0.0000897309  -0.0000362671
        0.0000585144  -0.0001235359  -0.0000195766   0.0000760664  -0.0008512950
       -0.0005025772  -0.0002981379   0.0001290359  -0.0000820801   0.0001215660
       -0.0000692190  -0.0000312654   0.0000083352   0.0015595427   0.0002941890
       -0.0003203765  -0.0000105721  -0.0000205884  -0.0000000873  -0.0000346281
       -0.0000141005  -0.0000300698  -0.0000163900   0.0000448247  -0.0000742999
        0.0000055725  -0.0000331297  -0.0000339017  -0.0001253516  -0.0001496679
        0.0001013016  -0.0000066578   0.0000062278   0.0000176072  -0.0000187114
       -0.0000156628  -0.0000057454  -0.0000851977   0.0003997919   0.0004523914
        0.0002042034  -0.0017986447  -0.0008504164  -0.0000029140   0.0000303189
       -0.0000208325   0.0182128257  -0.0088094269  -0.0266562380  -0.0271848737
        0.0534538747   0.0353021052  -0.0024978610   0.0014590327   0.0025543959
       -0.0002397599   0.0001808905  -0.0004087444  -0.0000129317  -0.0000349364
        0.0003513083  -0.0000945834  -0.0000639404  -0.0003019745  -0.0000952894
        0.0001462837  -0.0001383923  -0.0001505519  -0.0001557747   0.0001445820
        0.0000293247   0.0001216714  -0.0002305993   0.0000168721   0.0000131033
        0.0000668233  -0.0000265312   0.0000159827  -0.0000484349   0.0003861264
       -0.0003234843  -0.0000178707   0.0000174603   0.0000470139  -0.0001079531
        0.0000382863  -0.0000204864   0.0000541418   0.0138898697   0.0023098495
       -0.0228407180  -0.0013515158   0.0008129216  -0.0024355730   0.0000943041
       -0.0000342864   0.0002360748  -0.0001090655  -0.0000246233   0.0001708927
        0.1108350114  -0.0339255107  -0.1938377527   0.0001249476   0.0000567133
       -0.0000596000   0.0000876807  -0.0000177777   0.0000718225  -0.0006017504
       -0.0007800495   0.0002527768   0.0002072122   0.0000174721   0.0001709954
        0.0000308721   0.0000197056   0.0000230613  -0.0007653052   0.0005106704
        0.0014080767   0.0000158362   0.0000070565  -0.0000057150   0.0000438980
        0.0000078020   0.0000166490   0.0001167412  -0.0000542494   0.0000436725
        0.0000061792  -0.0000103138   0.0000422901   0.0001398327   0.0001694038
       -0.0001026855   0.0000353928  -0.0000008818   0.0000294937   0.0000006618
       -0.0000047626  -0.0000012648  -0.0000024800  -0.0004528275  -0.0005140669
       -0.0001559185   0.0018472862   0.0011810728   0.0000305440  -0.0000070555
        0.0000118438   0.0087069889  -0.0064459667  -0.0117829886  -0.1290727330
        0.0353021052   0.2233235069  -0.0021756263   0.0007709952   0.0052352493
       -0.0000542404  -0.0001611691  -0.0000983407   0.0006130401   0.0009101367
       -0.0010619792   0.0000711705   0.0001149187   0.0001087351  -0.0000228922
       -0.0001550776   0.0001273088   0.0000685564   0.0000476324  -0.0000652318
        0.0001006148  -0.0000330223   0.0000518813  -0.0000671547   0.0000504790
        0.0000619869   0.0001115283   0.0000350730   0.0000576782  -0.0001331344
        0.0001669189   0.0000597354  -0.0000888116  -0.0001428407  -0.0000236397
       -0.0000050347   0.0000207200  -0.0000047856  -0.0113219276   0.0021324042
       -0.0070589144   0.0012376037  -0.0013095276   0.0019592890  -0.0004228039
        0.0000808395  -0.0003874067   0.0000377844   0.0001103443  -0.0000291437
       -0.2638311545  -0.0253551235  -0.0607075641  -0.0000782923   0.0000321230
        0.0001083333   0.0000692464  -0.0000100962   0.0000454200  -0.0002287129
        0.0001704586  -0.0002394179  -0.0000450647   0.0000646027  -0.0000710366
        0.0000386909   0.0000106522  -0.0000095796  -0.0002190404  -0.0001204519
       -0.0002092051  -0.0000334999   0.0000256511   0.0000075973   0.0000328585
       -0.0000212119   0.0000109194   0.0000024442  -0.0000323909  -0.0000379475
        0.0000437218  -0.0000055036   0.0000190995  -0.0000601846   0.0000820691
       -0.0000334267  -0.0000094990   0.0000078849  -0.0000248748   0.0000057113
       -0.0000098422   0.0000075511   0.0006727429  -0.0000338778   0.0003477550
        0.0000460364  -0.0004239971   0.0003364006   0.0000304451  -0.0000566142
        0.0000471403  -0.0080844826  -0.0036482489  -0.0028017337  -0.0240814970
       -0.0024978610  -0.0021756263   0.3056052318   0.0299539483   0.0716830232
       -0.0000136305   0.0000061581   0.0000580904  -0.0001334349  -0.0018907125
        0.0029249987  -0.0002808098   0.0000896938  -0.0002589930  -0.0001937627
       -0.0000647774  -0.0000064727  -0.0000443399   0.0000449904  -0.0000344470
        0.0001217772  -0.0000161797   0.0000029583   0.0000822493  -0.0000370209
       -0.0000344637  -0.0000165629  -0.0000033903   0.0000097203  -0.0000084350
       -0.0000065379   0.0000199359   0.0000492389   0.0000095445   0.0000626619
       -0.0000017126   0.0000139304  -0.0000045758   0.0184295162   0.0008999889
        0.0066747206   0.0018297186   0.0001354369   0.0005090074   0.0007525160
       -0.0000715771   0.0006865570  -0.0000082918   0.0000015697  -0.0000679917
       -0.0254723525  -0.0467696162  -0.0081136979   0.0000116857   0.0000100428
        0.0002676314  -0.0000554024   0.0000516552   0.0000155200   0.0001170377
        0.0000149642  -0.0002530023  -0.0000257845   0.0000310335  -0.0000431951
       -0.0000016445  -0.0000023716  -0.0000081023  -0.0000824602   0.0000359108
       -0.0000125509   0.0000029802   0.0000021215  -0.0000005637  -0.0000257810
       -0.0000043382  -0.0000173738   0.0000057454  -0.0000045160   0.0000031903
       -0.0000197849   0.0000107960   0.0000063220   0.0000478394  -0.0000001218
        0.0000226108  -0.0000069849  -0.0000025078  -0.0000108346  -0.0000024053
        0.0000010192   0.0000031827  -0.0006102584  -0.0008481859   0.0005895316
       -0.0000189801   0.0001840345  -0.0002164785  -0.0000121734   0.0000194849
       -0.0000099694  -0.0300631468  -0.0063632339  -0.0089744388   0.0056938858
        0.0014590327   0.0007709952   0.0299539483   0.0530636790   0.0054395168
       -0.0002416131  -0.0000189955  -0.0003118622  -0.0007340429   0.0032433064
       -0.0022660825   0.0001251757   0.0001815298   0.0000792060   0.0000398619
        0.0001307799   0.0000356578  -0.0000034809   0.0000239920  -0.0000209689
        0.0001557134  -0.0000966231  -0.0001508014  -0.0001456251   0.0000724762
        0.0001231980   0.0000509379   0.0000184405   0.0000207431   0.0000941946
       -0.0000819055   0.0000138229  -0.0000205399  -0.0001000050   0.0000324503
        0.0000051495  -0.0000080282   0.0000237231  -0.0226709424   0.0006180167
       -0.0090705412  -0.0011783974  -0.0010102566   0.0000879262  -0.0007443808
        0.0000996694  -0.0006739681   0.0000111732   0.0000348735  -0.0000103759
       -0.0602366337  -0.0080975675  -0.0602251693   0.0000335449  -0.0000187678
        0.0001010921   0.0000643172   0.0000480358   0.0000548863  -0.0000323519
       -0.0001300289  -0.0001058390   0.0000858492   0.0000027954   0.0000487860
       -0.0000137901  -0.0000072099   0.0000071434  -0.0002394571   0.0002165089
        0.0001130166  -0.0000424609   0.0000222078   0.0000000886   0.0000332103
       -0.0000022950   0.0000236980   0.0000863825  -0.0000264802   0.0000283008
        0.0000135754   0.0000000006  -0.0000123037  -0.0000251261   0.0000311601
       -0.0000233226   0.0000062899   0.0000035689  -0.0000032198  -0.0000021691
       -0.0000075150   0.0000011589   0.0007368103   0.0008011002  -0.0002128766
        0.0000100045  -0.0003732614   0.0002906692   0.0000195083  -0.0000248428
        0.0000230438  -0.0120193643  -0.0035385925  -0.0028558709   0.0250956536
        0.0025543959   0.0052352493   0.0716830232   0.0054395168   0.0695993416
