$hessian                                                                        
        0.4927511083  -0.0164115775  -0.0169238794  -0.0659357819  -0.0251831554
        0.0174018179   0.0047952493   0.0140700733  -0.0069919903   0.0016266302
       -0.0014049207   0.0002993716  -0.0213999187   0.0069596681   0.0166807420
       -0.0722489717   0.0033688812   0.0372444541  -0.1320708644  -0.0274737596
       -0.0413499383  -0.0323407540   0.0009054547  -0.0019347818   0.0033570684
       -0.0049938465  -0.0234475795  -0.1173441537   0.0537056945   0.0023666446
       -0.0028071781   0.0017771052   0.0019528228  -0.0114367651  -0.0199792797
        0.0067811667  -0.0006262856   0.0005390247   0.0010743096  -0.0017373924
       -0.0061325511   0.0059073819   0.0076155101  -0.0043817228  -0.0013699575
       -0.0007051892  -0.0000993456  -0.0006784533  -0.0024249809   0.0035976348
       -0.0004899172  -0.0003992848   0.0004050494  -0.0003728825  -0.0000541796
        0.0001612064   0.0000794788   0.0000784800  -0.0001348574  -0.0001430532
       -0.0043088750   0.0027871940  -0.0009850729  -0.0042780579  -0.0011461115
        0.0094436983  -0.0008291698  -0.0003620374  -0.0015495291  -0.0071892541
       -0.0063534964  -0.0029138947   0.0010627035  -0.0006921992  -0.0007994276
       -0.0234880487   0.0164134832  -0.0017056571  -0.0088643885   0.0082027739
        0.0034412885   0.0001533958   0.0000709544   0.0001836463  -0.0009648066
        0.0003433598  -0.0003451928  -0.0002929386   0.0011083619  -0.0016005414
        0.0000585314  -0.0003464711   0.0005717143   0.0006926232  -0.0000593241
        0.0002654099  -0.0003270757   0.0003464317  -0.0000407225  -0.0003108095
        0.0004319653   0.0000150942   0.0001938242  -0.0000396605  -0.0000665704
       -0.0164115775   0.4512517129  -0.0066897106  -0.0196085378  -0.1183143368
        0.0374023338   0.0002087800  -0.0250226414   0.0091537516  -0.0020050736
        0.0020189185   0.0005325474   0.0174980418  -0.0044035621  -0.0156943131
        0.0045063060  -0.0637749785  -0.0046587978  -0.0286854243  -0.0730197005
       -0.0156722338   0.0102716840   0.0039736059   0.0026359995   0.0000220708
       -0.0028690838  -0.0173963360   0.0508874950  -0.1009993814  -0.0050054758
        0.0017360603  -0.0010802232  -0.0015078648  -0.0123626721  -0.0115421310
       -0.0011652358   0.0002297197   0.0013856007   0.0017347569  -0.0011216883
       -0.0001700544   0.0024515508   0.0129794093  -0.0415536478   0.0066273860
        0.0005099442  -0.0005435323   0.0002732100   0.0026153839  -0.0031550606
        0.0004109117   0.0000161402   0.0001629802   0.0000702269  -0.0000521887
       -0.0001960158  -0.0001648504  -0.0001911475   0.0000950918   0.0002084400
        0.0040491416  -0.0020254575  -0.0001748749  -0.0118605424   0.0009662949
        0.0221246778   0.0034246583   0.0010625234   0.0014876176  -0.0250885090
       -0.0113072118  -0.0123616472   0.0004465642   0.0004454793  -0.0010183876
       -0.0010757194   0.0038913299   0.0005498123   0.0077190226  -0.0057311833
       -0.0033954199   0.0000289654  -0.0000065036  -0.0000155452   0.0008279343
       -0.0002259458   0.0000531171   0.0000571334   0.0005075801  -0.0006510749
        0.0000736426  -0.0002948604   0.0000606380  -0.0001885429   0.0004612437
       -0.0000542166   0.0001702764   0.0000430021   0.0000067229   0.0002884151
       -0.0000111686  -0.0002384113   0.0000848343  -0.0000186827   0.0000806953
       -0.0169238794  -0.0066897106   0.4425194247   0.0118328330   0.0300827331
       -0.0776584758  -0.0015909908   0.0022589257   0.0010881999  -0.0000237669
        0.0005198003  -0.0001151211   0.0119455554  -0.0058840522  -0.0039816690
        0.0388924520  -0.0071219970  -0.1359412239  -0.0431572099  -0.0153782546
       -0.0888306484   0.0020066153   0.0038219141   0.0044698643  -0.0024345488
       -0.0105543959  -0.0293620011   0.0025813223  -0.0069560012  -0.0632512411
        0.0015333102  -0.0012654334  -0.0008917312  -0.0000541428  -0.0072005898
        0.0062821538  -0.0013967001  -0.0007539697  -0.0004658461   0.0103046463
        0.0250875039  -0.0213842351  -0.0048299087   0.0132004165   0.0008140258
       -0.0002051992  -0.0000723110  -0.0000782716   0.0000190324  -0.0008644387
        0.0001483030  -0.0001816500  -0.0000459513  -0.0001568179  -0.0000126483
       -0.0000206929  -0.0001332774  -0.0000547941   0.0002294800  -0.0000698257
       -0.0002212463  -0.0009405224  -0.0000954388   0.0083218270   0.0022839297
       -0.0149123614  -0.0238085779  -0.0067842612  -0.0155865410   0.0015393199
       -0.0001491523   0.0016815148  -0.0005481446   0.0011240469   0.0012808358
       -0.0147657432   0.0105566190   0.0002001255   0.0218312658  -0.0188539584
       -0.0046231552  -0.0000019126  -0.0000087537  -0.0001447823   0.0004410118
       -0.0004056979   0.0002671965  -0.0001809477   0.0005377199  -0.0010661418
        0.0000030435  -0.0002363497   0.0001467797  -0.0008319675   0.0007481913
       -0.0001479155  -0.0001592608  -0.0000320595   0.0000566412   0.0001249180
       -0.0002359921  -0.0001215812   0.0000060867   0.0000032651   0.0000632373
       -0.0659357819  -0.0196085378   0.0118328330   0.4568529215  -0.0026114069
       -0.0075295021  -0.1159195308   0.0535194960  -0.0035252399  -0.0128672320
        0.0095941036   0.0055405830   0.0013562114   0.0004367136  -0.0012850626
       -0.0037781968  -0.0072970853   0.0054571454  -0.0133010978  -0.0222327038
        0.0056698063   0.0001851869  -0.0003113458  -0.0003744502  -0.0001629216
       -0.0000835712  -0.0001267106   0.0049795927   0.0112801543  -0.0053388648
       -0.0002430769   0.0001849445  -0.0000328690  -0.1542194253  -0.0343390973
       -0.0258151525  -0.0071040834  -0.0094490478  -0.0101114244  -0.0432332574
        0.0082867911   0.0285172111  -0.0015927249   0.0056318641  -0.0008590199
       -0.0260109446  -0.0061185104  -0.0034678245   0.0053681701  -0.0046976614
       -0.0002358812  -0.0196675781   0.0168305085  -0.0026782180   0.0001432292
       -0.0001626006   0.0000225814  -0.0009451693   0.0004973338   0.0027920237
        0.0001607784   0.0001240609  -0.0000820718  -0.0003032732   0.0002207348
        0.0016960524   0.0007833679  -0.0002855154   0.0008680353  -0.0040496806
       -0.0018104962  -0.0012473984   0.0005428505   0.0001229175  -0.0006961883
        0.0001120454   0.0002931315  -0.0002750674   0.0003781437   0.0004939840
       -0.0004172011   0.0000249766  -0.0000424449   0.0000083678  -0.0000161636
        0.0000733351  -0.0000076826   0.0015102927   0.0004787845   0.0004577131
        0.0004385321   0.0005899066   0.0003207980  -0.0000514158  -0.0000357504
        0.0000874229  -0.0038107511   0.0010399552   0.0021565158   0.0004870345
       -0.0007007203  -0.0006772837  -0.0001110287   0.0000877761  -0.0006439759
       -0.0251831554  -0.1183143368   0.0300827331  -0.0026114069   0.4217299894
        0.0357327304   0.0550841619  -0.1152312431   0.0004072467   0.0053721219
       -0.0025713920  -0.0051902982  -0.0001544129  -0.0003601010   0.0003142444
       -0.0015701101   0.0016298766   0.0050354919  -0.0103384644  -0.0132001350
        0.0021636520   0.0004544497  -0.0002933811  -0.0000059871  -0.0004782034
       -0.0003594234  -0.0003151245  -0.0033788984  -0.0220294707   0.0082467434
       -0.0001062175   0.0000501909  -0.0000433419  -0.0319529250  -0.0706974783
       -0.0106735340  -0.0188185478  -0.0124512170  -0.0095394019   0.0074585371
       -0.0506714334  -0.0497109684   0.0024656487  -0.0045882965   0.0005687267
        0.0052079729   0.0041066899   0.0004010912   0.0186146147  -0.0238552452
        0.0011598750   0.0004439953   0.0016045742  -0.0009035164   0.0001695945
        0.0000243302  -0.0002536109  -0.0006215628   0.0006339642  -0.0001631879
        0.0000430760  -0.0000516105  -0.0000370851   0.0006515917   0.0007072992
       -0.0013463528   0.0006058066   0.0001578805   0.0010407461  -0.0020609270
       -0.0006776773  -0.0002781845   0.0002185712   0.0004724726  -0.0004434704
       -0.0005592896   0.0006025634  -0.0000081717  -0.0007798093   0.0003237077
        0.0005378649   0.0000104780   0.0000251879   0.0000159591   0.0000133640
        0.0000664256  -0.0000365148  -0.0008976799   0.0035751112  -0.0078875938
       -0.0000199714  -0.0017787400   0.0028532172   0.0000155592   0.0000236011
       -0.0000888920   0.0019499581   0.0007332021  -0.0014424565   0.0001608478
        0.0005304692   0.0001804429   0.0005912326   0.0001336451  -0.0003730717
        0.0174018179   0.0374023338  -0.0776584758  -0.0075295021   0.0357327304
        0.4892057487   0.0035655833  -0.0051845243  -0.0663424156   0.0174983001
       -0.0157298314  -0.0003635033  -0.0017528802   0.0001697848   0.0020608122
        0.0109813785   0.0207903451  -0.0156249813  -0.0035032005  -0.0080786418
        0.0029474192   0.0001268901  -0.0002577467  -0.0001930365   0.0002320822
        0.0004250440   0.0018957806  -0.0006036306   0.0036798524  -0.0008880429
       -0.0000241488   0.0000992237   0.0000395654  -0.0392978443  -0.0172590944
       -0.0778636101  -0.0197419885  -0.0102998985  -0.0081687446   0.0279908609
       -0.0495129328  -0.2449885681  -0.0001261427  -0.0013985706   0.0007008954
        0.0083186599   0.0030203077   0.0025231902  -0.0039296538   0.0044252937
        0.0007787604  -0.0147239602   0.0138654632  -0.0017363148  -0.0000381865
       -0.0001471441   0.0001291567   0.0034265072  -0.0008765750  -0.0037106414
       -0.0003162006  -0.0001862107   0.0001507109   0.0025178465  -0.0001950848
       -0.0047026815  -0.0013003545  -0.0013117074   0.0007259883  -0.0025008858
       -0.0012917750  -0.0007425632  -0.0002166631  -0.0001065002  -0.0004167330
        0.0001901642  -0.0001077859   0.0000613297   0.0003157716  -0.0009646887
        0.0004111905  -0.0000169692  -0.0000024297  -0.0000071446  -0.0000865844
        0.0000142316  -0.0000021670   0.0001514833  -0.0081461560   0.0037366877
       -0.0005047841   0.0024270638  -0.0014291844   0.0000730506   0.0001012394
       -0.0002272285   0.0023356370  -0.0010263967  -0.0005968615   0.0003632091
       -0.0001050642   0.0003503422   0.0007243373   0.0000358454  -0.0000546799
        0.0047952493   0.0002087800  -0.0015909908  -0.1159195308   0.0550841619
        0.0035655833   0.4846813298   0.0461941257   0.0206944141  -0.0981072283
        0.0033472500   0.0510987203  -0.0073288695  -0.0052472199   0.0107959847
       -0.0001723465   0.0004663218  -0.0006052771  -0.0001035162  -0.0000670297
        0.0000737821  -0.0005236001  -0.0010063292   0.0010698179   0.0001365741
        0.0004078389   0.0003123310  -0.0002440389  -0.0009924141   0.0005488662
        0.0001578171   0.0000652723   0.0001066386  -0.0264034635   0.0132342193
       -0.0027455927  -0.0000129718   0.0015786333   0.0008883910  -0.0079976688
        0.0083843714   0.0017676762   0.0002361210  -0.0009128049   0.0001756908
       -0.0029456492  -0.0007691932  -0.0017887303  -0.0821176307  -0.0869930529
        0.0158004080  -0.1384025718  -0.0319903260  -0.1118458733   0.0080862079
       -0.0014249982  -0.0119828244  -0.0168580332   0.0035675382   0.0225193535
        0.0001858943  -0.0020527195   0.0009460449   0.0000173182  -0.0000916853
       -0.0000168944   0.0000570691  -0.0003405067  -0.0000679688  -0.0000059558
        0.0000251452   0.0000120795  -0.0002125764  -0.0003273136  -0.0001149257
        0.0000725702  -0.0000583312   0.0000356977   0.0000241934  -0.0000975779
       -0.0000310318   0.0000060099  -0.0000873818   0.0000030089   0.0000126417
        0.0000028501   0.0000414015   0.0002252050  -0.0002951439   0.0006711151
       -0.0003256906   0.0002012685  -0.0007634182  -0.0000343393   0.0000966685
       -0.0000339353  -0.0010458660   0.0000833156   0.0006648159   0.0000771923
       -0.0002034942  -0.0000068312  -0.0000098457   0.0000097619  -0.0001975273
        0.0140700733  -0.0250226414   0.0022589257   0.0535194960  -0.1152312431
       -0.0051845243   0.0461941257   0.4975309651   0.0014769864   0.0018147276
       -0.0648473355  -0.0036007538  -0.0147334442  -0.0019815100   0.0218645015
        0.0003761608   0.0020671617  -0.0014385633   0.0003279507  -0.0001263463
        0.0000351887  -0.0007525080  -0.0000046953   0.0005829165   0.0001665759
        0.0000214431   0.0001102716  -0.0018341262  -0.0022787193   0.0017094741
        0.0002279056  -0.0001872123   0.0001349586  -0.0001941957   0.0050044386
        0.0020552638  -0.0008909122  -0.0003682212  -0.0003734988   0.0090259633
       -0.0070499405  -0.0021047364   0.0005316725  -0.0020888743   0.0004560240
       -0.0016636439  -0.0006208483   0.0000574384  -0.0876649995  -0.2254584330
        0.0354133746  -0.0316853557  -0.0527934213  -0.0327508513   0.0057786080
       -0.0004997736  -0.0099940192   0.0105551329  -0.0009733651  -0.0139180105
       -0.0022099694  -0.0048825414   0.0028697880   0.0000418310   0.0001219910
       -0.0001979802  -0.0001638786  -0.0004065122   0.0002249672   0.0001867372
       -0.0000126326   0.0002342962   0.0000095228  -0.0000317346   0.0001937025
        0.0000693455  -0.0000535643   0.0000119549  -0.0001127303   0.0000684112
        0.0000651898  -0.0000270016  -0.0000813700   0.0001039900  -0.0000503657
        0.0000000734   0.0000039209  -0.0001119715   0.0001480168  -0.0001734902
       -0.0003253892   0.0000640708  -0.0003393828   0.0000486224  -0.0000545555
       -0.0000450982  -0.0004595338  -0.0000009775   0.0000980268  -0.0000043904
        0.0000210845  -0.0000099883  -0.0000600354   0.0000088123   0.0001697373
       -0.0069919903   0.0091537516   0.0010881999  -0.0035252399   0.0004072467
       -0.0663424156   0.0206944141   0.0014769864   0.4804980559   0.0554532252
       -0.0069908163  -0.1606761956   0.0093213726   0.0069065074  -0.0114451737
       -0.0003413156  -0.0012577026   0.0003738101  -0.0000844454   0.0002936433
       -0.0003614514  -0.0002415784  -0.0002988899   0.0007124297   0.0001737309
        0.0001564724   0.0001116374   0.0007649143   0.0017687213  -0.0004759010
       -0.0000421293   0.0000032083  -0.0001825515  -0.0076702870   0.0075399244
        0.0012721470  -0.0002830812   0.0001477999  -0.0004988818   0.0189535604
       -0.0203075243  -0.0040949628  -0.0002681997   0.0007337620   0.0000626118
       -0.0010286265  -0.0004010365   0.0003339264   0.0161755757   0.0361929320
       -0.0492612858  -0.1121538371  -0.0331424919  -0.1671875811   0.0108154679
       -0.0024181217  -0.0237010846   0.0013418622  -0.0009438794  -0.0005391289
        0.0003294746   0.0016461559   0.0001006698  -0.0000091382  -0.0001339413
        0.0003178851   0.0001082625  -0.0005516092   0.0000488024  -0.0001338999
        0.0001796488  -0.0000758002  -0.0003216699  -0.0001409089  -0.0002698011
        0.0000173428  -0.0000755620   0.0000313781  -0.0000634505   0.0001025515
       -0.0000041750  -0.0000388005   0.0000572676  -0.0001354543  -0.0000314278
       -0.0000492625   0.0000589622   0.0001280438  -0.0000905554   0.0003396584
       -0.0006174351  -0.0000920741  -0.0004284273  -0.0000212120   0.0000084468
       -0.0000206197  -0.0001331183   0.0000910952   0.0002931628  -0.0000744179
        0.0000986079  -0.0000472803  -0.0002019465  -0.0000703536   0.0001048343
        0.0016266302  -0.0020050736  -0.0000237669  -0.0128672320   0.0053721219
        0.0174983001  -0.0981072283   0.0018147276   0.0554532252   0.5010552078
       -0.0210639293   0.0402836625  -0.0701494216  -0.0283199631   0.0129538505
        0.0046766477   0.0210417410  -0.0064727336  -0.0005467921  -0.0002690019
        0.0000821379  -0.0066125814  -0.0165555596  -0.0015715557   0.0009922195
        0.0003309753  -0.0004454586  -0.0001007436  -0.0000956213  -0.0000224052
        0.0007567899  -0.0007910637  -0.0007605616  -0.0005618461   0.0001824985
       -0.0000332149   0.0003786548  -0.0005784457  -0.0006162082  -0.0021549592
        0.0024250595   0.0005812317  -0.0000969898   0.0000105129   0.0000713838
       -0.0002361120  -0.0000695274  -0.0000948077  -0.0073441994  -0.0016249781
        0.0136588720   0.0073253664   0.0006270297  -0.0137764836  -0.1059614405
       -0.0503159645  -0.0889925822  -0.2003616448   0.1018058039  -0.0341911176
       -0.0055433422  -0.0170773872   0.0076504289  -0.0035449799   0.0043203792
       -0.0012344429   0.0000286233   0.0000470694   0.0000289297   0.0000962825
       -0.0000498487  -0.0000571389  -0.0002378596   0.0001430172   0.0002396426
        0.0000331929   0.0000258591  -0.0000021881   0.0000224550  -0.0000106267
       -0.0000408262  -0.0000131134   0.0011435857  -0.0009788326  -0.0001063900
       -0.0005636862   0.0003430616  -0.0002562907   0.0001714332   0.0002181948
       -0.0021640340   0.0000136619   0.0002132813   0.0000904687  -0.0001046188
       -0.0000030953  -0.0001115498   0.0000048453   0.0000196512  -0.0000171353
       -0.0000140374   0.0000282783   0.0000133469   0.0000290120  -0.0000067120
       -0.0014049207   0.0020189185   0.0005198003   0.0095941036  -0.0025713920
       -0.0157298314   0.0033472500  -0.0648473355  -0.0069908163  -0.0210639293
        0.4724593810   0.0203786425  -0.0293961783  -0.1623742521   0.0378841390
        0.0048389749  -0.0240518186   0.0083018509  -0.0003832770   0.0006620697
       -0.0003762719  -0.0122232030  -0.0221556128  -0.0066165994  -0.0012386060
        0.0000086756  -0.0012679368   0.0001243487  -0.0002000906   0.0001452863
        0.0023826059  -0.0006056251   0.0007854241   0.0001659598   0.0000842429
       -0.0001308199   0.0005735998  -0.0000513918  -0.0003097036   0.0034101208
       -0.0027835185  -0.0011558795  -0.0000164677   0.0002594192  -0.0001184863
        0.0003259503   0.0000316174   0.0001063201  -0.0139295659  -0.0009299508
        0.0235019573   0.0030040925   0.0003986748  -0.0079704825  -0.0500738165
       -0.0841482938  -0.0734072486   0.1024858606  -0.1073202235   0.0195714573
       -0.0016334963  -0.0028777193   0.0025541866   0.0025342669  -0.0019175733
        0.0003525615   0.0000674076  -0.0000874251  -0.0000834115   0.0000855320
        0.0000453978   0.0000620852  -0.0005158605   0.0001540481   0.0004004494
       -0.0000730251   0.0000414109  -0.0000297879  -0.0000379416   0.0000920330
        0.0000059776   0.0000841106   0.0011557473  -0.0008826630   0.0000922747
       -0.0004042139   0.0003716578   0.0000413137   0.0000121011  -0.0000605585
       -0.0011809652  -0.0000565827   0.0002079242   0.0000184822  -0.0000700943
       -0.0000012559   0.0000384905   0.0000137955  -0.0000121137  -0.0000382389
        0.0000640379  -0.0000084937  -0.0000052531  -0.0000484568   0.0000026406
        0.0002993716   0.0005325474  -0.0001151211   0.0055405830  -0.0051902982
       -0.0003635033   0.0510987203  -0.0036007538  -0.1606761956   0.0402836625
        0.0203786425   0.4915094160   0.0091478071   0.0270295189  -0.0721266389
       -0.0014019847   0.0104025758  -0.0022068086  -0.0001482010   0.0007045710
       -0.0013997618  -0.0059149762  -0.0189257411   0.0065113700   0.0003841777
        0.0002101718   0.0000586929   0.0001859837  -0.0001373666  -0.0000420202
       -0.0004991034  -0.0009344050  -0.0011663962   0.0001684322  -0.0000725989
       -0.0001668397   0.0003199014   0.0000518061  -0.0003170596   0.0002443129
        0.0002275716   0.0010047933  -0.0001029691   0.0001561178   0.0000381713
        0.0000768758  -0.0000660640  -0.0001607858   0.0059042969   0.0014369252
       -0.0085625784   0.0113065966  -0.0022370143  -0.0285695021  -0.0888542486
       -0.0742441303  -0.1654553385  -0.0337359257   0.0194058395  -0.0488519984
        0.0088038343   0.0225655351  -0.0090075350  -0.0015134299   0.0012772675
        0.0005506774   0.0001913172  -0.0000901490  -0.0003379980  -0.0001011249
        0.0000839967   0.0001139338  -0.0002438224   0.0003431917   0.0001336056
       -0.0000070404   0.0000112610   0.0000146232  -0.0000438035  -0.0000100390
        0.0000349558  -0.0000275494   0.0014908990  -0.0012355123  -0.0001378690
       -0.0006558343   0.0004850711   0.0001146895   0.0000363148  -0.0000685454
       -0.0013261677  -0.0000929270   0.0002968798   0.0000269464  -0.0000507668
        0.0000076442  -0.0000601975  -0.0000322442  -0.0000024363   0.0000345351
        0.0000204027   0.0000022590  -0.0000136306  -0.0000248237   0.0000704817
       -0.0213999187   0.0174980418   0.0119455554   0.0013562114  -0.0001544129
       -0.0017528802  -0.0073288695  -0.0147334442   0.0093213726  -0.0701494216
       -0.0293961783   0.0091478071   0.4735930164  -0.0118822455  -0.0665262119
       -0.1217658387   0.0502266138  -0.0059903791   0.0023352699   0.0093681592
        0.0083014507  -0.0803842322  -0.0257887115  -0.0384975311  -0.0251655106
        0.0054068800  -0.0148514649  -0.0013315799  -0.0000457587   0.0034620945
       -0.0170648058  -0.0151579934  -0.0244321548  -0.0004665475  -0.0000996418
       -0.0000618582   0.0000435939   0.0000794220   0.0000786164   0.0002011618
       -0.0000242084  -0.0001055735   0.0004165406  -0.0003095448  -0.0003386273
        0.0000643330   0.0000310537   0.0000272963  -0.0016382560  -0.0006043078
        0.0035782401   0.0002198901   0.0001690665  -0.0003683765  -0.0049045065
       -0.0172501104   0.0033853546   0.0050163776   0.0221518829  -0.0068090007
       -0.1281025050   0.0085130865   0.1109236182   0.0023871405  -0.0005355315
       -0.0001203806  -0.0013792349   0.0009658169   0.0010525401  -0.0012597062
        0.0013362934   0.0012032868   0.0001557730  -0.0000386600  -0.0001465357
        0.0000646852  -0.0000365412  -0.0000548937  -0.0008116660   0.0007629622
        0.0002245806  -0.0039196146   0.0007731630  -0.0022148039   0.0011738280
       -0.0013618931  -0.0003338310   0.0000430573   0.0000473962   0.0000274848
        0.0001593368  -0.0001534586  -0.0001072839  -0.0002137379   0.0002170553
        0.0000220543   0.0000538155   0.0000024387  -0.0000078855  -0.0000008732
        0.0000448211  -0.0000005363   0.0000027940  -0.0000215112   0.0000188562
        0.0069596681  -0.0044035621  -0.0058840522   0.0004367136  -0.0003601010
        0.0001697848  -0.0052472199  -0.0019815100   0.0069065074  -0.0283199631
       -0.1623742521   0.0270295189  -0.0118822455   0.4511211919   0.0336624945
        0.0492346695  -0.0969374962   0.0116052033   0.0021885162  -0.0070514500
       -0.0166281859  -0.0205762980  -0.0906766988  -0.0505313761  -0.0092213942
        0.0090103649  -0.0023579949   0.0005018739  -0.0004236941  -0.0010217956
       -0.0076256137  -0.0006798365  -0.0039947578   0.0000772515  -0.0000698499
       -0.0000855468  -0.0000020767   0.0000182296  -0.0000125721  -0.0001039754
        0.0000369601   0.0000516379   0.0002201356   0.0005017031  -0.0004640110
        0.0000137401  -0.0000154466   0.0000516054   0.0002983226   0.0009733773
       -0.0000026258   0.0002038435   0.0003746067  -0.0005164370  -0.0075851056
       -0.0195365200   0.0022617612  -0.0027763406  -0.0216395851   0.0069065353
        0.0082882486  -0.0386706960  -0.0100892075   0.0217729841  -0.0216047034
        0.0051342977   0.0010666471  -0.0013897405  -0.0007157166   0.0008271154
       -0.0007016475  -0.0001462741  -0.0006485445   0.0008606730   0.0002104179
       -0.0001763529   0.0000513169  -0.0000206043   0.0001526871  -0.0001930695
        0.0000130521   0.0022314588   0.0087115801  -0.0047115661  -0.0001181386
       -0.0032226574   0.0029832424  -0.0000625162   0.0000327363   0.0000211450
        0.0001835281  -0.0000413077  -0.0000095553  -0.0002373456   0.0002402931
        0.0001658127  -0.0000214883   0.0000155639  -0.0000049907  -0.0000478985
        0.0000316750   0.0000178282  -0.0000048865  -0.0000064474   0.0000064245
        0.0166807420  -0.0156943131  -0.0039816690  -0.0012850626   0.0003142444
        0.0020608122   0.0107959847   0.0218645015  -0.0114451737   0.0129538505
        0.0378841390  -0.0721266389  -0.0665262119   0.0336624945   0.5184553094
       -0.0046145669   0.0103704086  -0.0607682249   0.0040782894  -0.0167217725
       -0.0170881445  -0.0373945009  -0.0561669658  -0.1445511158  -0.0268589795
        0.0063158257  -0.0102646107   0.0015345060  -0.0008186809  -0.0047589485
       -0.0109984686  -0.0057757467  -0.0105210243   0.0001275354  -0.0000942137
       -0.0001838144  -0.0000533155  -0.0001314851   0.0001886885  -0.0002056006
        0.0000717298   0.0000608624  -0.0002045476   0.0001746258   0.0002293796
       -0.0000593133   0.0000877523   0.0000639345   0.0026395757   0.0005823559
       -0.0043431288  -0.0001931080   0.0001815796   0.0004739881  -0.0059741147
       -0.0188085092   0.0054915617   0.0007993774   0.0069597597  -0.0016219245
        0.1099567569  -0.0089077438  -0.1854147081  -0.0093130472   0.0104581348
       -0.0008524070   0.0014292703  -0.0016886782  -0.0013157727   0.0007772198
       -0.0008477490  -0.0017259712   0.0008640461   0.0004565817   0.0000246541
       -0.0001209580   0.0000801113  -0.0000737720   0.0010726163  -0.0010385049
       -0.0003017128  -0.0016222624  -0.0053099229   0.0050222469   0.0016910423
        0.0025883874  -0.0008807328  -0.0001073179   0.0000175215  -0.0000047882
        0.0001943453   0.0001002138   0.0000717291   0.0000212896  -0.0001253730
        0.0000571462  -0.0000097731  -0.0000029726  -0.0000162149  -0.0000580058
       -0.0000303999   0.0000114011  -0.0000172934  -0.0000073362   0.0000287840
       -0.0722489717   0.0045063060   0.0388924520  -0.0037781968  -0.0015701101
        0.0109813785  -0.0001723465   0.0003761608  -0.0003413156   0.0046766477
        0.0048389749  -0.0014019847  -0.1217658387   0.0492346695  -0.0046145669
        0.4361623718   0.0423465873   0.0274934439  -0.0004553100  -0.0026434428
       -0.0175503369  -0.0204572253   0.0003910048  -0.0192461177  -0.1181072593
       -0.0491603575  -0.0655887581  -0.0087781026   0.0087017602   0.0197323322
       -0.0000759274   0.0000426009  -0.0010708084   0.0002557204   0.0007334406
        0.0006536601  -0.0000010835   0.0003831713  -0.0015216345  -0.0003128311
       -0.0015110764   0.0009618517  -0.0015194352  -0.0006485463   0.0010968040
        0.0000098733  -0.0001029070  -0.0002177314  -0.0000768558  -0.0001270429
        0.0002386038  -0.0000769474  -0.0000695846  -0.0001416055   0.0001110810
       -0.0007051278  -0.0005964668   0.0004060645  -0.0024619195   0.0005077112
       -0.0158502605   0.0091894115  -0.0029751816  -0.0566011887  -0.0515744704
        0.0264271529  -0.0031012636  -0.0007292708  -0.0023646608  -0.0001991300
       -0.0000404617  -0.0005716806  -0.0167212529  -0.0116486555  -0.0103108889
        0.0000188711  -0.0001853808   0.0005031613  -0.0029926722   0.0032790287
        0.0007638698  -0.0001057299  -0.0001519599   0.0000857475   0.0001428715
       -0.0001803413  -0.0000265545   0.0000348687  -0.0001727816   0.0002458650
        0.0002798762  -0.0001631420  -0.0000311351   0.0013472955  -0.0003395681
       -0.0001392006  -0.0001118559  -0.0000765817   0.0000075465   0.0000631404
        0.0001223537   0.0001948889   0.0000010030   0.0001172583  -0.0000758408
        0.0033688812  -0.0637749785  -0.0071219970  -0.0072970853   0.0016298766
        0.0207903451   0.0004663218   0.0020671617  -0.0012577026   0.0210417410
       -0.0240518186   0.0104025758   0.0502266138  -0.0969374962   0.0103704086
        0.0423465873   0.4950860708  -0.0362035004  -0.0026057362  -0.0017484626
       -0.0129840607  -0.0067328425   0.0063375607  -0.0025983024  -0.0394534375
       -0.0815754202  -0.0175230532   0.0088786041  -0.0059464485  -0.0180208390
       -0.0005396583  -0.0012752276  -0.0019911930   0.0009987245   0.0013889458
        0.0006917801  -0.0000052913   0.0000189264  -0.0006738174  -0.0017493569
       -0.0038368277   0.0035865451  -0.0007527994   0.0000254807  -0.0001438425
       -0.0000724083  -0.0000470317  -0.0002075503  -0.0000141222   0.0000262484
       -0.0001523177  -0.0000389467  -0.0001350260   0.0000089997   0.0005852592
        0.0006133528  -0.0003043855  -0.0009815768  -0.0058855293   0.0022018854
        0.0037305623  -0.0012883766   0.0001093547  -0.0526832189  -0.2000537560
        0.0756371076  -0.0008821456  -0.0005467690  -0.0010600910  -0.0002338194
       -0.0002422981  -0.0006527223  -0.0211544710  -0.0156127233  -0.0207578381
       -0.0007765517   0.0005786630  -0.0005203231   0.0032280727  -0.0025215042
       -0.0005823499  -0.0008577064  -0.0006983728  -0.0001346446   0.0000780891
        0.0001458684  -0.0001173299   0.0001667920  -0.0001392830   0.0000757203
       -0.0001029354  -0.0004694948  -0.0000440999   0.0018334585  -0.0010752282
       -0.0007466248  -0.0000685736  -0.0000085879  -0.0000442607   0.0000404817
       -0.0000830722   0.0000025138   0.0000124940   0.0000355775  -0.0000343903
        0.0372444541  -0.0046587978  -0.1359412239   0.0054571454   0.0050354919
       -0.0156249813  -0.0006052771  -0.0014385633   0.0003738101  -0.0064727336
        0.0083018509  -0.0022068086  -0.0059903791   0.0116052033  -0.0607682249
        0.0274934439  -0.0362035004   0.4679197651  -0.0087595733  -0.0054725474
       -0.0246852644  -0.0181918390   0.0053825392  -0.0120469621  -0.0849164658
       -0.0363412659  -0.1479395651   0.0061441233  -0.0084824916  -0.0024986448
       -0.0010424885  -0.0013431213  -0.0024430747   0.0004627049   0.0000201144
        0.0007502811  -0.0002269831   0.0006702482  -0.0015182725   0.0008021210
        0.0015141616  -0.0007308385   0.0004122182   0.0025212913  -0.0010309576
        0.0000671548  -0.0003889096  -0.0002677743   0.0001259441  -0.0003255994
        0.0002596652  -0.0001404241   0.0000805256  -0.0002041339  -0.0003120392
       -0.0012121213  -0.0000088387  -0.0002184874   0.0014444205  -0.0002598737
        0.0202822571  -0.0111070078   0.0038209772   0.0266530214   0.0747548583
       -0.0758766231  -0.0013636500  -0.0010955152  -0.0015503706   0.0003740894
        0.0002764009   0.0001195342   0.0051865964  -0.0041219182   0.0109583149
       -0.0011714941   0.0004871517   0.0000219361  -0.0008026271   0.0006647262
        0.0006960321  -0.0007193579  -0.0007487558   0.0003591176   0.0003209157
        0.0000306919  -0.0002760558  -0.0000750543  -0.0001937299   0.0000915842
        0.0001934984  -0.0000833121   0.0001065758  -0.0002692346   0.0004505568
        0.0003663963  -0.0001726392  -0.0000484032  -0.0000029486   0.0002140141
       -0.0000264953  -0.0000076979   0.0000170452   0.0000518229   0.0000451451
       -0.1320708644  -0.0286854243  -0.0431572099  -0.0133010978  -0.0103384644
       -0.0035032005  -0.0001035162   0.0003279507  -0.0000844454  -0.0005467921
       -0.0003832770  -0.0001482010   0.0023352699   0.0021885162   0.0040782894
       -0.0004553100  -0.0026057362  -0.0087595733   0.4170551271   0.0013260283
       -0.0025980110  -0.1337627855   0.0512290555   0.0488271873   0.0004616704
        0.0011131202   0.0009682345  -0.0227776416   0.0007304882  -0.0123819992
       -0.0297238856   0.0157918447   0.0129015960   0.0003515908  -0.0017273711
        0.0007548206  -0.0004211913  -0.0002188698  -0.0002601278   0.0003816180
        0.0004448540  -0.0013320762  -0.0010675975  -0.0016842504  -0.0000073004
       -0.0000586307  -0.0000161876   0.0000248377  -0.0000341892   0.0000935062
       -0.0000211126   0.0000955404   0.0000721213  -0.0000892371  -0.0000292346
       -0.0000841219   0.0000282634   0.0000673897  -0.0000292091  -0.0000356222
       -0.0006210919   0.0005531932  -0.0005028866   0.0001151521  -0.0000511429
        0.0005383411  -0.0406923340  -0.0022207440   0.0042031506  -0.0409033679
       -0.0289869056   0.0020736760  -0.0000710733  -0.0001774538   0.0000638171
       -0.0031945252   0.0027713902  -0.0002424912   0.0010239631  -0.0008411916
       -0.0006526220   0.0014032119  -0.0000330383   0.0016219106  -0.0032968189
        0.0015654179  -0.0022242640  -0.0000563937   0.0000801453  -0.0002492079
       -0.0000330026  -0.0000489840   0.0000619844  -0.0000727486  -0.0001357747
        0.0001654969  -0.0000143126   0.0000203307   0.0000005320   0.0000151739
       -0.0000194362  -0.0000592134   0.0000026977  -0.0000203801  -0.0000033360
       -0.0274737596  -0.0730197005  -0.0153782546  -0.0222327038  -0.0132001350
       -0.0080786418  -0.0000670297  -0.0001263463   0.0002936433  -0.0002690019
        0.0006620697   0.0007045710   0.0093681592  -0.0070514500  -0.0167217725
       -0.0026434428  -0.0017484626  -0.0054725474   0.0013260283   0.4970928661
       -0.0027280254   0.0461971022  -0.0946533561  -0.0343458161   0.0005796640
        0.0005171388  -0.0007543094   0.0137719818   0.0044847744   0.0084188482
        0.0075441056  -0.0017260572   0.0004495409  -0.0006241781  -0.0036176884
        0.0020999257  -0.0006423032  -0.0001968366  -0.0003246924  -0.0000413548
        0.0005094163  -0.0010935660   0.0019150295  -0.0004258884   0.0015810656
       -0.0003463658   0.0000250066  -0.0002022290  -0.0002709869   0.0000284152
       -0.0002647460  -0.0006164756  -0.0013628285  -0.0001055515  -0.0000451925
        0.0001019595  -0.0000427943   0.0000647511   0.0000764211  -0.0001452653
       -0.0010060468  -0.0012278596  -0.0021643479   0.0001217843   0.0005142395
        0.0004773233  -0.0021204513  -0.0468026683   0.0468631015  -0.0253298751
       -0.2621720138   0.0289459727   0.0000005531  -0.0002361820   0.0000197959
        0.0038755345  -0.0023736447   0.0003563755  -0.0001714192   0.0005329216
        0.0004194820  -0.0010676180  -0.0030132207   0.0026354200   0.0004588300
        0.0082349495  -0.0048969568  -0.0001327818   0.0001868793  -0.0005033632
       -0.0000373115  -0.0001086104   0.0001785924   0.0001226778   0.0000507818
       -0.0002886284  -0.0001227146   0.0000489915   0.0000508594  -0.0000813916
       -0.0000195622   0.0000570238  -0.0000037970   0.0000156805  -0.0000400333
       -0.0413499383  -0.0156722338  -0.0888306484   0.0056698063   0.0021636520
        0.0029474192   0.0000737821   0.0000351887  -0.0003614514   0.0000821379
       -0.0003762719  -0.0013997618   0.0083014507  -0.0166281859  -0.0170881445
       -0.0175503369  -0.0129840607  -0.0246852644  -0.0025980110  -0.0027280254
        0.5342426325   0.0430633678  -0.0322075034  -0.0933336211  -0.0000002246
       -0.0021393077  -0.0079328890  -0.0019632296   0.0022668756  -0.0005792962
        0.0010900718   0.0024395227   0.0034915702   0.0002839848   0.0015889549
       -0.0006213607   0.0004049214   0.0000235167   0.0000251779   0.0015838837
        0.0011389697   0.0012690666  -0.0008806746  -0.0005088122   0.0005057375
        0.0000375698   0.0000632525   0.0000639917   0.0000853613   0.0000792311
        0.0001373711   0.0000386816   0.0005113686   0.0004562735  -0.0001951748
       -0.0002706818   0.0001556887  -0.0000603886  -0.0000456468   0.0000447107
       -0.0012674434  -0.0025139355  -0.0029826634  -0.0011736106  -0.0009887153
        0.0000459530   0.0064032226   0.0465851737  -0.2662883401   0.0018171314
        0.0324327763  -0.0441223561   0.0003143625   0.0000960812  -0.0002393104
        0.0002525379  -0.0003758272   0.0008035484   0.0004796900  -0.0001180700
        0.0005614186   0.0000604093   0.0027750069  -0.0009749328  -0.0031178365
       -0.0047124021   0.0044749960   0.0000874765   0.0000100966   0.0002533303
       -0.0000157660   0.0000692507  -0.0000279728   0.0000146230   0.0000048668
       -0.0001026989   0.0001076336  -0.0000063769   0.0000168255  -0.0000556660
       -0.0000241434   0.0000444395  -0.0000238052   0.0000164158   0.0000305612
       -0.0323407540   0.0102716840   0.0020066153   0.0001851869   0.0004544497
        0.0001268901  -0.0005236001  -0.0007525080  -0.0002415784  -0.0066125814
       -0.0122232030  -0.0059149762  -0.0803842322  -0.0205762980  -0.0373945009
       -0.0204572253  -0.0067328425  -0.0181918390  -0.1337627855   0.0461971022
        0.0430633678   0.8479898608  -0.0335365319   0.1363388013  -0.0051865763
        0.0024382077  -0.0017586410  -0.0044934137  -0.0017441570  -0.0018129509
       -0.5267712012   0.0017767858  -0.1257236066  -0.0005540143  -0.0001276294
       -0.0002349875   0.0001206677   0.0000340616  -0.0000048143  -0.0003112676
       -0.0000861381   0.0001670721   0.0014333423  -0.0006465200   0.0002747336
        0.0001308422   0.0000844597   0.0001035542  -0.0000143308   0.0000081208
       -0.0001264427   0.0004005972  -0.0008334002   0.0003542310  -0.0006125977
       -0.0020598287  -0.0003457266   0.0003407889   0.0014723418   0.0001999891
        0.0065958576   0.0062275918   0.0128419153   0.0002715113  -0.0005189178
       -0.0005105592  -0.0025888733   0.0037049211   0.0051878930  -0.0011672919
        0.0055776624   0.0018826761  -0.0002748078  -0.0001273412  -0.0001874084
       -0.0009667810   0.0007844414  -0.0001053486   0.0000247497  -0.0000932745
       -0.0001252712  -0.0132603450  -0.0027063316  -0.0067283543  -0.0270858223
        0.0032954193  -0.0030720623   0.0001106055   0.0000558457   0.0000900576
        0.0000080266  -0.0000368273  -0.0000157300  -0.0002737521   0.0003803395
       -0.0001523456   0.0001202405   0.0000226976   0.0000444262  -0.0000567474
        0.0000144778  -0.0000309891  -0.0000332764   0.0000011392  -0.0000040900
        0.0009054547   0.0039736059   0.0038219141  -0.0003113458  -0.0002933811
       -0.0002577467  -0.0010063292  -0.0000046953  -0.0002988899  -0.0165555596
       -0.0221556128  -0.0189257411  -0.0257887115  -0.0906766988  -0.0561669658
        0.0003910048   0.0063375607   0.0053825392   0.0512290555  -0.0946533561
       -0.0322075034  -0.0335365319   0.2742695129   0.1388657715   0.0046017217
       -0.0005705682   0.0014819258   0.0002286481  -0.0002774106  -0.0008431359
        0.0016556806  -0.0476199229  -0.0219161843  -0.0000174654  -0.0001787735
        0.0001047949  -0.0000616962  -0.0000423815  -0.0001119547   0.0001427827
        0.0000605474  -0.0001205046  -0.0003709070   0.0001469675  -0.0002513486
        0.0000311137  -0.0000495872  -0.0000673814   0.0001142326  -0.0000710131
       -0.0003842440  -0.0005849492  -0.0005113665   0.0008727257  -0.0020011503
       -0.0054341254   0.0009129848   0.0001989966   0.0004375101  -0.0005214516
       -0.0002106079  -0.0021176524  -0.0040303883   0.0009406429  -0.0000875069
        0.0008880196  -0.0030491854   0.0019115537  -0.0004471782   0.0236438118
       -0.0188831203  -0.0139010678  -0.0003799140  -0.0002039037   0.0001010563
       -0.0003962771   0.0002101460  -0.0000849640   0.0000403269  -0.0001763842
       -0.0000150784  -0.0168499390  -0.0019011174  -0.0054718317   0.0168519433
       -0.0014921524   0.0034362035  -0.0000118869   0.0000175515  -0.0000099176
        0.0000201246  -0.0000649348  -0.0000138753   0.0000847697   0.0000944788
        0.0001820208  -0.0000113428  -0.0000093826  -0.0000140341   0.0000481451
       -0.0000066697   0.0000124719   0.0000153437   0.0000222829  -0.0000010407
       -0.0019347818   0.0026359995   0.0044698643  -0.0003744502  -0.0000059871
       -0.0001930365   0.0010698179   0.0005829165   0.0007124297  -0.0015715557
       -0.0066165994   0.0065113700  -0.0384975311  -0.0505313761  -0.1445511158
       -0.0192461177  -0.0025983024  -0.0120469621   0.0488271873  -0.0343458161
       -0.0933336211   0.1363388013   0.1388657715   0.3782642952  -0.0012830418
        0.0013344420  -0.0008434524  -0.0013305400  -0.0002887492  -0.0015692493
       -0.1250945969  -0.0217673056  -0.0945427811  -0.0000215115  -0.0000439892
        0.0000996727   0.0000587596  -0.0000890159  -0.0001449370   0.0002083105
       -0.0000130851  -0.0001879134  -0.0003405317  -0.0001774289  -0.0000899538
       -0.0000147361  -0.0000981201  -0.0000713506   0.0000872049   0.0000762931
       -0.0003898514   0.0001992743   0.0010717241  -0.0004268165   0.0006922619
        0.0025674981  -0.0000443604   0.0003193208   0.0004282943   0.0002542233
       -0.0081887323  -0.0130175672  -0.0200723835  -0.0002867676  -0.0005000393
       -0.0001607385   0.0218631214  -0.0146240298  -0.0157114999  -0.0007094349
       -0.0014590169   0.0015953061  -0.0003563139  -0.0000136563   0.0000704869
       -0.0006127681   0.0004187288  -0.0001792608   0.0001649752  -0.0002009219
       -0.0001503064  -0.0260157594  -0.0018831453  -0.0101854506   0.0162490092
        0.0001637134   0.0028766901   0.0000177450   0.0000188906  -0.0000005052
       -0.0001359683  -0.0000468598  -0.0000043698  -0.0000912200   0.0001141425
        0.0000519843  -0.0000273121   0.0000149665  -0.0000004373   0.0000236331
        0.0000072390  -0.0000048388   0.0000142487   0.0000203915  -0.0000011302
        0.0033570684   0.0000220708  -0.0024345488  -0.0001629216  -0.0004782034
        0.0002320822   0.0001365741   0.0001665759   0.0001737309   0.0009922195
       -0.0012386060   0.0003841777  -0.0251655106  -0.0092213942  -0.0268589795
       -0.1181072593  -0.0394534375  -0.0849164658   0.0004616704   0.0005796640
       -0.0000002246  -0.0051865763   0.0046017217  -0.0012830418   0.2618897026
        0.2177805976   0.0467386261  -0.0008689747   0.0005759013  -0.0006887111
       -0.0004902356  -0.0010604375  -0.0017231827  -0.0004875926  -0.0017120913
       -0.0003108552  -0.0014226017  -0.0017822103   0.0046230878  -0.0001047295
        0.0000408835  -0.0003159869   0.0012567379  -0.0004239155   0.0003270726
       -0.0000446442   0.0001351631   0.0002184555  -0.0000152337   0.0001487074
       -0.0001518268   0.0000210818  -0.0000851538   0.0000200679  -0.0000172759
       -0.0001781185   0.0002903289  -0.0001661192  -0.0002558466   0.0000890021
        0.0003082129  -0.0000414222   0.0003855381  -0.0156044864  -0.0162621726
       -0.0107249539  -0.0002025189  -0.0000026627  -0.0002591210  -0.0002042542
        0.0000801485   0.0001474700  -0.0995512815  -0.1500116355   0.0763260654
        0.0010814065  -0.0002235517   0.0001418236   0.0003772113  -0.0003470061
       -0.0000494105  -0.0007823761  -0.0007671438   0.0000006319   0.0001498866
        0.0001369315  -0.0001228426   0.0002598388   0.0000165233   0.0000469401
       -0.0006883933  -0.0001974448   0.0000433964  -0.0010974504  -0.0005022084
       -0.0001404287   0.0001725006   0.0000857712  -0.0000612546  -0.0000374406
        0.0000008799  -0.0002236071  -0.0000562349  -0.0001268774   0.0000769446
       -0.0049938465  -0.0028690838  -0.0105543959  -0.0000835712  -0.0003594234
        0.0004250440   0.0004078389   0.0000214431   0.0001564724   0.0003309753
        0.0000086756   0.0002101718   0.0054068800   0.0090103649   0.0063158257
       -0.0491603575  -0.0815754202  -0.0363412659   0.0011131202   0.0005171388
       -0.0021393077   0.0024382077  -0.0005705682   0.0013344420   0.2177805976
        0.3400705213  -0.0918153443  -0.0004240046   0.0005979840  -0.0005478900
        0.0002433093   0.0002823105   0.0003582502  -0.0006251117  -0.0022408308
       -0.0010474073  -0.0017295103  -0.0020891008   0.0046555523  -0.0000764223
        0.0000237958  -0.0001880147   0.0002643485  -0.0006611692   0.0000103300
       -0.0003038439   0.0005343071   0.0003421761  -0.0000786419   0.0001425042
       -0.0001384092   0.0000074570   0.0000432397   0.0001105854   0.0008083671
        0.0004229340   0.0005568030   0.0000074561   0.0005069282  -0.0000218800
       -0.0011236893   0.0000261493   0.0002665756  -0.0261796104  -0.0191548282
       -0.0199984365  -0.0006806148  -0.0000066941  -0.0005274514   0.0000695899
        0.0002583204   0.0001885289  -0.1415850908  -0.2434857306   0.1474490087
       -0.0002614657   0.0001683349   0.0004628531   0.0000229283  -0.0001543202
       -0.0000669286   0.0001390083   0.0000567263   0.0000861837  -0.0001534770
        0.0000335551   0.0000470941  -0.0001866944  -0.0001338671   0.0003460987
       -0.0010297839   0.0001626522   0.0003495852  -0.0001110743   0.0003716162
       -0.0003015663   0.0000357847  -0.0000486236  -0.0000001308  -0.0002013535
        0.0001514789   0.0000838607  -0.0000877048  -0.0000613203  -0.0000670132
       -0.0234475795  -0.0173963360  -0.0293620011  -0.0001267106  -0.0003151245
        0.0018957806   0.0003123310   0.0001102716   0.0001116374  -0.0004454586
       -0.0012679368   0.0000586929  -0.0148514649  -0.0023579949  -0.0102646107
       -0.0655887581  -0.0175230532  -0.1479395651   0.0009682345  -0.0007543094
       -0.0079328890  -0.0017586410   0.0014819258  -0.0008434524   0.0467386261
       -0.0918153443   0.3033078721  -0.0012054385   0.0013451660  -0.0004299125
       -0.0003463315  -0.0005480589  -0.0007653638   0.0004370982   0.0014612713
       -0.0007873398   0.0020953972   0.0012923646  -0.0020094317  -0.0000321009
       -0.0001479329  -0.0000150265   0.0002113293  -0.0007416753   0.0001978313
        0.0000294379   0.0001419057   0.0001314284   0.0000961109   0.0002083142
       -0.0000498645  -0.0000083364  -0.0001689690   0.0001290496   0.0004018706
        0.0007698057   0.0001265919   0.0000845657   0.0001425208   0.0001243316
       -0.0011369441   0.0003310137   0.0002228911   0.0011796773  -0.0018153538
        0.0056542917  -0.0018472754  -0.0005403498  -0.0013978431  -0.0001477720
        0.0000612345   0.0000254636   0.0583061441   0.1275071344  -0.1099246126
        0.0001199796   0.0001862964   0.0003939284   0.0003691681   0.0000151558
        0.0000052073  -0.0003253299  -0.0002640855   0.0000184600  -0.0000831063
        0.0001143629   0.0000060402   0.0001383251   0.0002985784  -0.0004135247
        0.0001988017   0.0001571157  -0.0001357764  -0.0002448782   0.0000338796
       -0.0001625263   0.0000666246   0.0000654096   0.0000676183  -0.0001404948
       -0.0000312303  -0.0000226843  -0.0000171010  -0.0000359721  -0.0000206920
       -0.1173441537   0.0508874950   0.0025813223   0.0049795927  -0.0033788984
       -0.0006036306  -0.0002440389  -0.0018341262   0.0007649143  -0.0001007436
        0.0001243487   0.0001859837  -0.0013315799   0.0005018739   0.0015345060
       -0.0087781026   0.0088786041   0.0061441233  -0.0227776416   0.0137719818
       -0.0019632296  -0.0044934137   0.0002286481  -0.0013305400  -0.0008689747
       -0.0004240046  -0.0012054385   0.4542460200   0.0191335812   0.0070677951
       -0.0008922156   0.0004130541   0.0005724843   0.0008463077  -0.0010042779
        0.0003380795  -0.0000978590   0.0000361643  -0.0000286464   0.0004207906
       -0.0007855898   0.0000626390  -0.0659375069  -0.0503494994   0.0203695767
       -0.0002456595   0.0010270854  -0.0001888599   0.0002828363  -0.0006812167
        0.0000786101   0.0000509980  -0.0000217354   0.0000376090  -0.0000678738
       -0.0001165286  -0.0000732302   0.0001008556  -0.0000961082  -0.0000339204
       -0.0003203727   0.0002552128  -0.0001161881   0.0002190897  -0.0000703023
        0.0000276175  -0.0004631132  -0.0001508407  -0.0002441236  -0.0004184770
        0.0008166227  -0.0000505210   0.0002517025  -0.0003386230   0.0001823533
       -0.1691552533  -0.0399746781  -0.0962705911  -0.0598666791   0.0121602167
        0.0567765031   0.0000400602   0.0000446010   0.0000460071  -0.0002002097
       -0.0000121381  -0.0001081127  -0.0001279900  -0.0000927030  -0.0001126474
       -0.0000145648  -0.0000749650   0.0000184250  -0.0066430461  -0.0070228507
        0.0048462226  -0.0000963841  -0.0003400637   0.0000433185  -0.0009487671
       -0.0012960875   0.0008518862  -0.0000036327  -0.0002142524  -0.0002002972
        0.0537056945  -0.1009993814  -0.0069560012   0.0112801543  -0.0220294707
        0.0036798524  -0.0009924141  -0.0022787193   0.0017687213  -0.0000956213
       -0.0002000906  -0.0001373666  -0.0000457587  -0.0004236941  -0.0008186809
        0.0087017602  -0.0059464485  -0.0084824916   0.0007304882   0.0044847744
        0.0022668756  -0.0017441570  -0.0002774106  -0.0002887492   0.0005759013
        0.0005979840   0.0013451660   0.0191335812   0.4174865770   0.0320311659
       -0.0001893336   0.0001563456   0.0002908276  -0.0002628789  -0.0003579002
       -0.0001873184   0.0002335784   0.0000117285  -0.0001394041   0.0003810952
        0.0003703807  -0.0008534671  -0.0585858175  -0.1914623684   0.0421120725
       -0.0000847033   0.0003565193   0.0000100216   0.0006111552  -0.0005456969
        0.0000238238   0.0000584782  -0.0002412712  -0.0001052606   0.0001300883
        0.0000315383   0.0000292495  -0.0002352756   0.0001544476   0.0000000432
       -0.0001093048   0.0000593372   0.0002296253  -0.0007019507  -0.0006694044
        0.0011689266  -0.0005674211   0.0000193181  -0.0002298273  -0.0014290148
       -0.0006247582   0.0001145799  -0.0001084276  -0.0005834882  -0.0000174748
       -0.0381955107  -0.0497952687  -0.0346687402   0.0111700002  -0.0457580275
       -0.0396503600  -0.0000504785  -0.0000352835  -0.0000517971  -0.0002799916
        0.0001870843  -0.0000364040   0.0000977265  -0.0000411515   0.0001075545
       -0.0000367601  -0.0000464109  -0.0000275666  -0.0022784044  -0.0000902987
        0.0067666722   0.0000028363  -0.0003116540   0.0000931331  -0.0006912767
       -0.0011211400   0.0006867564  -0.0001280373  -0.0000766975  -0.0000741577
        0.0023666446  -0.0050054758  -0.0632512411  -0.0053388648   0.0082467434
       -0.0008880429   0.0005488662   0.0017094741  -0.0004759010  -0.0000224052
        0.0001452863  -0.0000420202   0.0034620945  -0.0010217956  -0.0047589485
        0.0197323322  -0.0180208390  -0.0024986448  -0.0123819992   0.0084188482
       -0.0005792962  -0.0018129509  -0.0008431359  -0.0015692493  -0.0006887111
       -0.0005478900  -0.0004299125   0.0070677951   0.0320311659   0.5331152807
       -0.0004885448   0.0003407711   0.0003297960   0.0000987948  -0.0002577766
        0.0003107936  -0.0000413811  -0.0000170042  -0.0001124764  -0.0004746409
        0.0010410953   0.0001202292   0.0135354877   0.0151359870  -0.0833872619
       -0.0000916612  -0.0002658938  -0.0009449362  -0.0003370447   0.0004796209
       -0.0000253606  -0.0000216499  -0.0000410108  -0.0000136351  -0.0000027796
       -0.0000247738  -0.0000448709  -0.0000125934  -0.0000362790   0.0000308123
        0.0014653400  -0.0008086706   0.0000642796   0.0001745775   0.0001762204
        0.0006534999  -0.0007996804   0.0001511904  -0.0004732110   0.0001558201
        0.0004162421   0.0008277798   0.0001991346   0.0001754638  -0.0002604689
       -0.0952622549  -0.0330350489  -0.1182076719   0.0554466930  -0.0444303569
       -0.2447063616  -0.0000012699   0.0000246362   0.0000592174  -0.0002062280
        0.0000354308  -0.0000099180  -0.0000258563   0.0000027946   0.0000120354
        0.0000251251   0.0000321306   0.0000500409   0.0127078567   0.0341460657
       -0.0133121347  -0.0001463263   0.0000092067  -0.0000259972   0.0011192439
        0.0012283690   0.0005336689   0.0000510367   0.0004092084  -0.0000898729
       -0.0028071781   0.0017360603   0.0015333102  -0.0002430769  -0.0001062175
       -0.0000241488   0.0001578171   0.0002279056  -0.0000421293   0.0007567899
        0.0023826059  -0.0004991034  -0.0170648058  -0.0076256137  -0.0109984686
       -0.0000759274  -0.0005396583  -0.0010424885  -0.0297238856   0.0075441056
        0.0010900718  -0.5267712012   0.0016556806  -0.1250945969  -0.0004902356
        0.0002433093  -0.0003463315  -0.0008922156  -0.0001893336  -0.0004885448
        0.8086391912  -0.0560663305   0.1100710334  -0.0000052816  -0.0000389326
        0.0000178342   0.0000042626  -0.0000140878   0.0000059399   0.0000030119
        0.0000221022  -0.0001452967  -0.0000823674  -0.0000246134   0.0000230584
       -0.0000103588  -0.0000085287  -0.0000066819   0.0000797469   0.0000897435
        0.0000652526  -0.0004116840  -0.0002816408   0.0002694710   0.0001421651
       -0.0001498453   0.0001942974   0.0001660241  -0.0001009175  -0.0000603601
        0.0005181074   0.0009948410   0.0009828985  -0.0001310453   0.0001507434
       -0.0000103870   0.0001041277  -0.0007857977  -0.0014793879  -0.0000408538
       -0.0013759836  -0.0006487039   0.0000340665   0.0000894359   0.0000682252
       -0.0001897883   0.0002050539  -0.0000409935   0.0000758331  -0.0000444474
       -0.0000741627  -0.0687649497  -0.0415057457  -0.0664853709  -0.1629624749
        0.0936002271   0.0931984452  -0.0000008171   0.0000016710  -0.0000129351
       -0.0000068679   0.0000209232  -0.0000005385  -0.0000544801  -0.0000904650
        0.0000049935  -0.0000027366  -0.0000050410  -0.0000070146   0.0000443345
       -0.0000179802  -0.0000094334   0.0000067536   0.0000067715  -0.0000077533
        0.0017771052  -0.0010802232  -0.0012654334   0.0001849445   0.0000501909
        0.0000992237   0.0000652723  -0.0001872123   0.0000032083  -0.0007910637
       -0.0006056251  -0.0009344050  -0.0151579934  -0.0006798365  -0.0057757467
        0.0000426009  -0.0012752276  -0.0013431213   0.0157918447  -0.0017260572
        0.0024395227   0.0017767858  -0.0476199229  -0.0217673056  -0.0010604375
        0.0002823105  -0.0005480589   0.0004130541   0.0001563456   0.0003407711
       -0.0560663305   0.2639174367   0.2228820093  -0.0000009088   0.0000572448
       -0.0000839528  -0.0000028218   0.0000172357  -0.0000042142  -0.0000322010
       -0.0000351482   0.0000283524   0.0001400655   0.0001454467  -0.0000214048
       -0.0000269160   0.0000156393   0.0000243801  -0.0000228503   0.0000082016
       -0.0000295973  -0.0001634387  -0.0000765877  -0.0001569139  -0.0002833095
       -0.0004367430  -0.0000366244  -0.0001512402   0.0003484597   0.0000529208
       -0.0006560579   0.0000223496  -0.0001809900  -0.0000772615   0.0000611609
       -0.0001282138   0.0008973528   0.0003598445  -0.0000315931   0.0012007285
        0.0001887623  -0.0005718640   0.0001010178   0.0000208589  -0.0000220582
        0.0002028293  -0.0001506124   0.0000576196  -0.0000309942   0.0000263628
        0.0000348816  -0.0407563448  -0.1073053208  -0.1147959292   0.0927669682
       -0.1045249066  -0.0782663806  -0.0000188867  -0.0000029111   0.0000201659
        0.0000333872   0.0000391656   0.0000221942  -0.0000611910  -0.0000171258
       -0.0000525675  -0.0000016472   0.0000041474   0.0000057945  -0.0000318373
        0.0000049273   0.0000101364  -0.0000002249  -0.0000026303  -0.0000048059
        0.0019528228  -0.0015078648  -0.0008917312  -0.0000328690  -0.0000433419
        0.0000395654   0.0001066386   0.0001349586  -0.0001825515  -0.0007605616
        0.0007854241  -0.0011663962  -0.0244321548  -0.0039947578  -0.0105210243
       -0.0010708084  -0.0019911930  -0.0024430747   0.0129015960   0.0004495409
        0.0034915702  -0.1257236066  -0.0219161843  -0.0945427811  -0.0017231827
        0.0003582502  -0.0007653638   0.0005724843   0.0002908276   0.0003297960
        0.1100710334   0.2228820093   0.4206481323  -0.0000002339  -0.0000268427
       -0.0000474538   0.0000278933  -0.0000210710   0.0000511934  -0.0000611291
       -0.0000374895   0.0000562047  -0.0000326918  -0.0000506844   0.0000167138
        0.0000141358   0.0000320673   0.0000267783   0.0000113575   0.0000359134
        0.0001351412   0.0001359160   0.0000284501   0.0002636854  -0.0000782253
       -0.0007194776   0.0001811302   0.0000319549  -0.0001597674  -0.0000916682
       -0.0009091748   0.0001935276   0.0007472530   0.0001129776  -0.0001251224
        0.0000024356   0.0009495871  -0.0007116853   0.0002062846   0.0010573695
       -0.0007560823   0.0002463808   0.0000684664   0.0000343912  -0.0000468421
        0.0002194068  -0.0001799085   0.0000558724  -0.0000452529   0.0000468678
        0.0000541162  -0.0651660489  -0.1151469126  -0.2037391652   0.0917733989
       -0.0779419259  -0.1121452476   0.0000001887   0.0000181221   0.0000106057
        0.0000239519   0.0000433143  -0.0000040361   0.0000222284  -0.0000014591
        0.0000042730   0.0000224408   0.0000072358   0.0000045812  -0.0000230333
       -0.0000000807  -0.0000026473  -0.0000168753  -0.0000090492   0.0000182697
       -0.0114367651  -0.0123626721  -0.0000541428  -0.1542194253  -0.0319529250
       -0.0392978443  -0.0264034635  -0.0001941957  -0.0076702870  -0.0005618461
        0.0001659598   0.0001684322  -0.0004665475   0.0000772515   0.0001275354
        0.0002557204   0.0009987245   0.0004627049   0.0003515908  -0.0006241781
        0.0002839848  -0.0005540143  -0.0000174654  -0.0000215115  -0.0004875926
       -0.0006251117   0.0004370982   0.0008463077  -0.0002628789   0.0000987948
       -0.0000052816  -0.0000009088  -0.0000002339   0.4748223088   0.0468720419
        0.0098077584  -0.0839466842  -0.0407838198  -0.0365980786  -0.0026239577
       -0.0037456314  -0.0034655342  -0.0006920445   0.0009866692  -0.0002567494
       -0.1570653785   0.0340234587   0.0580305092   0.0002231169  -0.0009104317
        0.0000130099  -0.0028312594   0.0017872397  -0.0001832668   0.0003403651
        0.0002698638  -0.0000541117   0.0000916811   0.0000547236   0.0000980952
        0.0002074784   0.0000269675  -0.0001474184  -0.0000524986  -0.0001310225
       -0.0003947617   0.0000431681  -0.0000954555   0.0000472345  -0.0001025938
        0.0000108412  -0.0001193297   0.0002758388   0.0002580226   0.0013440716
        0.0003205637   0.0003640637  -0.0005161417   0.0002497383   0.0001240816
        0.0001074237   0.0000578351   0.0000430593   0.0000694460   0.0000891351
       -0.0000405843  -0.0000430780  -0.0089595047  -0.0212552363  -0.0206330148
        0.0010379373   0.0178536957   0.0171510242   0.0001667119  -0.0002144978
        0.0001472610  -0.0268814384   0.0049248340   0.0119829046  -0.0002426173
        0.0034160645   0.0024891096  -0.0018465846   0.0009594520   0.0065891066
       -0.0199792797  -0.0115421310  -0.0072005898  -0.0343390973  -0.0706974783
       -0.0172590944   0.0132342193   0.0050044386   0.0075399244   0.0001824985
        0.0000842429  -0.0000725989  -0.0000996418  -0.0000698499  -0.0000942137
        0.0007334406   0.0013889458   0.0000201144  -0.0017273711  -0.0036176884
        0.0015889549  -0.0001276294  -0.0001787735  -0.0000439892  -0.0017120913
       -0.0022408308   0.0014612713  -0.0010042779  -0.0003579002  -0.0002577766
       -0.0000389326   0.0000572448  -0.0000268427   0.0468720419   0.4719459942
        0.3246496078  -0.0444266973  -0.2814771739  -0.2457119606  -0.0080942769
       -0.0033856857  -0.0068641775   0.0005015733   0.0010269368  -0.0002945779
        0.0372521351  -0.0765569592  -0.0253403119   0.0019221355   0.0000004762
        0.0007639254   0.0032651580  -0.0027021619   0.0006067062   0.0000677449
       -0.0000932017  -0.0002816148   0.0000609103  -0.0001246583  -0.0002605822
        0.0000982022  -0.0000504791  -0.0000187412  -0.0001016080  -0.0003238522
       -0.0001998063   0.0001579019  -0.0000329858   0.0001674780  -0.0010500959
       -0.0004856317  -0.0002689073   0.0024430991   0.0026023716  -0.0020622785
        0.0002872710  -0.0006695501   0.0008706764   0.0001635861  -0.0003255023
       -0.0004614853   0.0000049490  -0.0000150223   0.0000047498   0.0000002076
        0.0000002952  -0.0000078388  -0.0053467217  -0.0103982839  -0.0085329488
        0.0009071828  -0.0102754742  -0.0099467608  -0.0000306211  -0.0000461366
       -0.0000282747  -0.0064127755   0.0024587147   0.0034079191   0.0238403114
       -0.0125973907  -0.0182499436  -0.0075034512   0.0036951411   0.0024039877
        0.0067811667  -0.0011652358   0.0062821538  -0.0258151525  -0.0106735340
       -0.0778636101  -0.0027455927   0.0020552638   0.0012721470  -0.0000332149
       -0.0001308199  -0.0001668397  -0.0000618582  -0.0000855468  -0.0001838144
        0.0006536601   0.0006917801   0.0007502811   0.0007548206   0.0020999257
       -0.0006213607  -0.0002349875   0.0001047949   0.0000996727  -0.0003108552
       -0.0010474073  -0.0007873398   0.0003380795  -0.0001873184   0.0003107936
        0.0000178342  -0.0000839528  -0.0000474538   0.0098077584   0.3246496078
        0.5139599221  -0.0412156928  -0.2525247864  -0.2807675505  -0.0265454946
       -0.0139978431  -0.0172918673   0.0001256077   0.0003321311  -0.0002777378
        0.0606687720  -0.0245739809  -0.0998015259  -0.0004078526  -0.0001392541
        0.0007408789  -0.0006565048   0.0000105021   0.0007194350   0.0002174162
       -0.0001816877  -0.0003476015   0.0000164599   0.0000081674  -0.0001452801
        0.0000721291  -0.0000007369  -0.0000504831  -0.0002215379  -0.0002201910
       -0.0000817527  -0.0000864137  -0.0000195134   0.0000435391   0.0005979758
        0.0002360973   0.0003535879   0.0034950414   0.0028809580  -0.0032343908
       -0.0001225301   0.0003822330   0.0004178195  -0.0002000629  -0.0004210677
       -0.0004601736  -0.0000263524  -0.0000064927  -0.0000151044   0.0000515006
       -0.0000231058  -0.0000264948  -0.0046387944  -0.0074297186  -0.0069911690
        0.0008864199  -0.0104182956  -0.0146358727   0.0000781372  -0.0000194968
        0.0000295665  -0.0086342714   0.0038874595   0.0058508067   0.0027619537
       -0.0051111731  -0.0041556279   0.0246324354  -0.0088777619  -0.0228775532
       -0.0006262856   0.0002297197  -0.0013967001  -0.0071040834  -0.0188185478
       -0.0197419885  -0.0000129718  -0.0008909122  -0.0002830812   0.0003786548
        0.0005735998   0.0003199014   0.0000435939  -0.0000020767  -0.0000533155
       -0.0000010835  -0.0000052913  -0.0002269831  -0.0004211913  -0.0006423032
        0.0004049214   0.0001206677  -0.0000616962   0.0000587596  -0.0014226017
       -0.0017295103   0.0020953972  -0.0000978590   0.0002335784  -0.0000413811
        0.0000042626  -0.0000028218   0.0000278933  -0.0839466842  -0.0444266973
       -0.0412156928   0.5650943638   0.0372672137  -0.0074302498  -0.0037203665
       -0.0017708278  -0.0027182269   0.0001539108  -0.0001510689   0.0000505531
       -0.0025660607   0.0171637342   0.0193127787  -0.0006469781  -0.0002436280
       -0.0006241541  -0.0002743872  -0.0000620587   0.0002127151  -0.0018822969
       -0.0003953855  -0.0001297135  -0.0000954108  -0.0001759993  -0.0000968193
       -0.0000568582  -0.0000677283   0.0000154857  -0.0001479030  -0.0001182206
        0.0000162915   0.0000674969   0.0000237080   0.0000948013  -0.0002047352
       -0.0001014975  -0.0000025909   0.0003158948  -0.0004148968  -0.0003848410
       -0.0000142631  -0.0000615519   0.0001355600  -0.0001484749  -0.0000344694
       -0.0000311046  -0.0000001651   0.0000083268  -0.0000041759  -0.0000320018
        0.0000097076   0.0000025130  -0.2650962053  -0.0778029290  -0.0508818964
       -0.1938887869   0.0875936590   0.0958063114  -0.0000522591   0.0000441307
       -0.0000379949   0.0009622882   0.0016346736   0.0018467646  -0.0029414666
        0.0020899514   0.0027093755  -0.0017397536   0.0011081154   0.0021908869
        0.0005390247   0.0013856007  -0.0007539697  -0.0094490478  -0.0124512170
       -0.0102998985   0.0015786333  -0.0003682212   0.0001477999  -0.0005784457
       -0.0000513918   0.0000518061   0.0000794220   0.0000182296  -0.0001314851
        0.0003831713   0.0000189264   0.0006702482  -0.0002188698  -0.0001968366
        0.0000235167   0.0000340616  -0.0000423815  -0.0000890159  -0.0017822103
       -0.0020891008   0.0012923646   0.0000361643   0.0000117285  -0.0000170042
       -0.0000140878   0.0000172357  -0.0000210710  -0.0407838198  -0.2814771739
       -0.2525247864   0.0372672137   0.4602616727   0.3648009324  -0.0013448941
        0.0004104985  -0.0004109094   0.0000804554  -0.0000000923   0.0000087447
        0.0054386960  -0.0126267917  -0.0170116407   0.0001014000   0.0006834810
       -0.0000045941   0.0002324964   0.0002492657   0.0000748435   0.0004838258
       -0.0000341832  -0.0000000518  -0.0001907153  -0.0000179717  -0.0001675347
        0.0000392285   0.0000554304  -0.0000442149  -0.0002698330  -0.0001741828
       -0.0001062177   0.0000036236  -0.0000196079   0.0000140301  -0.0000413835
        0.0000413472   0.0000147426  -0.0007436118   0.0004043536   0.0015850122
        0.0000083945  -0.0002227774  -0.0000072555  -0.0000213439  -0.0000504914
        0.0000008479  -0.0000054092  -0.0000149167   0.0000103942  -0.0000144013
        0.0000039445   0.0000099701  -0.0785166871  -0.0641731667  -0.0249508561
        0.0873403449  -0.0888692623  -0.0623416590  -0.0000189198   0.0000687782
       -0.0000093564  -0.0012009492   0.0000689154   0.0007064188   0.0017565536
       -0.0006267830  -0.0011734276  -0.0002080800  -0.0001928582   0.0006532766
        0.0010743096   0.0017347569  -0.0004658461  -0.0101114244  -0.0095394019
       -0.0081687446   0.0008883910  -0.0003734988  -0.0004988818  -0.0006162082
       -0.0003097036  -0.0003170596   0.0000786164  -0.0000125721   0.0001886885
       -0.0015216345  -0.0006738174  -0.0015182725  -0.0002601278  -0.0003246924
        0.0000251779  -0.0000048143  -0.0001119547  -0.0001449370   0.0046230878
        0.0046555523  -0.0020094317  -0.0000286464  -0.0001394041  -0.0001124764
        0.0000059399  -0.0000042142   0.0000511934  -0.0365980786  -0.2457119606
       -0.2807675505  -0.0074302498   0.3648009324   0.4562258803  -0.0014737680
       -0.0003621665  -0.0006863790   0.0001030180   0.0000512231   0.0001332845
        0.0075796763  -0.0197763584  -0.0193980512  -0.0003801896  -0.0003081085
        0.0002498080  -0.0001233430  -0.0000728114   0.0001693250   0.0006553217
        0.0003549866  -0.0001199733  -0.0000014818  -0.0001133991   0.0000008212
       -0.0000242657  -0.0000170104   0.0000227415   0.0004495483   0.0004513801
        0.0001795593   0.0000554538   0.0000119074   0.0001421488  -0.0000633546
        0.0000012031  -0.0000500188  -0.0042461212  -0.0030410277   0.0027227797
        0.0002164475  -0.0002506031   0.0000040944   0.0000369218   0.0000945546
        0.0001306729   0.0000431879   0.0000333831   0.0000267770   0.0000071572
        0.0000038516  -0.0000001578  -0.0528483694  -0.0248769503  -0.0491205023
        0.0982146092  -0.0647554539  -0.0963475757  -0.0000404581  -0.0001149556
        0.0000097096  -0.0011797723  -0.0000402724   0.0002035233   0.0019778698
       -0.0004571622  -0.0007481196   0.0009427517  -0.0008062319  -0.0000122076
       -0.0017373924  -0.0011216883   0.0103046463  -0.0432332574   0.0074585371
        0.0279908609  -0.0079976688   0.0090259633   0.0189535604  -0.0021549592
        0.0034101208   0.0002443129   0.0002011618  -0.0001039754  -0.0002056006
       -0.0003128311  -0.0017493569   0.0008021210   0.0003816180  -0.0000413548
        0.0015838837  -0.0003112676   0.0001427827   0.0002083105  -0.0001047295
       -0.0000764223  -0.0000321009   0.0004207906   0.0003810952  -0.0004746409
        0.0000030119  -0.0000322010  -0.0000611291  -0.0026239577  -0.0080942769
       -0.0265454946  -0.0037203665  -0.0013448941  -0.0014737680   0.0663381296
       -0.0062446511  -0.0318266455  -0.0002249509  -0.0000437779   0.0000894317
       -0.0005541730  -0.0006280724  -0.0015915566  -0.0001634127   0.0000670962
        0.0000212190  -0.0006138941   0.0007487741   0.0015523362  -0.0001648425
       -0.0000116808   0.0001166580  -0.0006375670   0.0001311432   0.0007038079
        0.0000301538   0.0000416196  -0.0001033432  -0.0002514230   0.0000446184
        0.0004481195  -0.0009975629  -0.0008239222  -0.0004638246  -0.0000230405
        0.0000725882  -0.0001236616   0.0000314512   0.0000671958  -0.0001004281
       -0.0001268718  -0.0000159620  -0.0001353928   0.0001613862   0.0003328052
       -0.0000190151  -0.0000337632  -0.0000295849  -0.0000286928   0.0000849734
       -0.0000084027  -0.0000282059  -0.0002403795  -0.0017551606   0.0001983244
       -0.0002180709   0.0003282827   0.0000221600   0.0000066247  -0.0000349411
       -0.0000034726   0.0000847333   0.0001005523   0.0000851183  -0.0004484065
        0.0005678707  -0.0003892245  -0.0008492460  -0.0007607201   0.0002813267
       -0.0061325511  -0.0001700544   0.0250875039   0.0082867911  -0.0506714334
       -0.0495129328   0.0083843714  -0.0070499405  -0.0203075243   0.0024250595
       -0.0027835185   0.0002275716  -0.0000242084   0.0000369601   0.0000717298
       -0.0015110764  -0.0038368277   0.0015141616   0.0004448540   0.0005094163
        0.0011389697  -0.0000861381   0.0000605474  -0.0000130851   0.0000408835
        0.0000237958  -0.0001479329  -0.0007855898   0.0003703807   0.0010410953
        0.0000221022  -0.0000351482  -0.0000374895  -0.0037456314  -0.0033856857
       -0.0139978431  -0.0017708278   0.0004104985  -0.0003621665  -0.0062446511
        0.0669185144   0.0555288662   0.0000234971   0.0004061062  -0.0002350063
        0.0007206078   0.0005367298   0.0001161482   0.0000056886  -0.0004776412
        0.0000041555   0.0000549705   0.0008090859  -0.0006082287   0.0000182228
       -0.0000350166   0.0000577643   0.0006992372  -0.0001540100  -0.0007754242
       -0.0000127862  -0.0000415533   0.0000422172  -0.0005853977  -0.0001087688
        0.0012034929  -0.0006570809   0.0000257540  -0.0003345570   0.0001470690
       -0.0000251323   0.0001193083   0.0000801312   0.0000745628  -0.0001300434
        0.0000130119  -0.0000317544  -0.0001732370   0.0003095320  -0.0005927100
       -0.0000536694  -0.0000085041  -0.0000060950   0.0000176087   0.0000284265
       -0.0000100679  -0.0000123862  -0.0001958856  -0.0007978949   0.0000930175
       -0.0000197622   0.0001860208   0.0000368653   0.0000321954  -0.0000126471
       -0.0000637991   0.0002421135  -0.0001123853   0.0000288067   0.0003094551
       -0.0000037546   0.0001803105  -0.0005081292  -0.0000263328   0.0002557326
        0.0059073819   0.0024515508  -0.0213842351   0.0285172111  -0.0497109684
       -0.2449885681   0.0017676762  -0.0021047364  -0.0040949628   0.0005812317
       -0.0011558795   0.0010047933  -0.0001055735   0.0000516379   0.0000608624
        0.0009618517   0.0035865451  -0.0007308385  -0.0013320762  -0.0010935660
        0.0012690666   0.0001670721  -0.0001205046  -0.0001879134  -0.0003159869
       -0.0001880147  -0.0000150265   0.0000626390  -0.0008534671   0.0001202292
       -0.0001452967   0.0000283524   0.0000562047  -0.0034655342  -0.0068641775
       -0.0172918673  -0.0027182269  -0.0004109094  -0.0006863790  -0.0318266455
        0.0555288662   0.2834991819  -0.0000433030  -0.0000071111   0.0001105335
        0.0018739575   0.0002996145   0.0011075342   0.0001508846  -0.0003167302
       -0.0001740534  -0.0004449765   0.0006638619   0.0013517614  -0.0000265169
        0.0001162574   0.0001751358   0.0002741796  -0.0000213103  -0.0003282085
       -0.0000587733  -0.0000208127   0.0001381587   0.0006148517   0.0000165629
       -0.0010098033   0.0004019275   0.0000701583   0.0005767501  -0.0001141330
       -0.0001334917   0.0000221727   0.0001173372   0.0000968309   0.0001239025
       -0.0000702567  -0.0000332582  -0.0001472027  -0.0002574845   0.0006785080
        0.0003429917   0.0000319272   0.0000213778   0.0000552471  -0.0000370527
        0.0000189086  -0.0000180159  -0.0002177346  -0.0012154237   0.0001131942
       -0.0001212271   0.0003095024   0.0000651329  -0.0000206060  -0.0000656279
        0.0001995363   0.0004920343   0.0000584091   0.0001171731  -0.0004420845
        0.0004640525   0.0000303069  -0.0001586749  -0.0001450072   0.0005172054
        0.0076155101   0.0129794093  -0.0048299087  -0.0015927249   0.0024656487
       -0.0001261427   0.0002361210   0.0005316725  -0.0002681997  -0.0000969898
       -0.0000164677  -0.0001029691   0.0004165406   0.0002201356  -0.0002045476
       -0.0015194352  -0.0007527994   0.0004122182  -0.0010675975   0.0019150295
       -0.0008806746   0.0014333423  -0.0003709070  -0.0003405317   0.0012567379
        0.0002643485   0.0002113293  -0.0659375069  -0.0585858175   0.0135354877
       -0.0000823674   0.0001400655  -0.0000326918  -0.0006920445   0.0005015733
        0.0001256077   0.0001539108   0.0000804554   0.0001030180  -0.0002249509
        0.0000234971  -0.0000433030   0.0950872806   0.0791317601  -0.0969452178
       -0.0000891719  -0.0002445523   0.0003826502  -0.0000615386   0.0002970901
       -0.0000210409   0.0000734518  -0.0000820377   0.0000998678   0.0000188079
        0.0000644592   0.0000511386   0.0000386297   0.0000540485  -0.0000349220
        0.0000719723  -0.0000273820   0.0000325435  -0.0002782210   0.0018102962
       -0.0007739869   0.0000982059   0.0003368229  -0.0000176504   0.0003436600
        0.0014723006   0.0001225670  -0.0003392387   0.0003209691   0.0000915704
       -0.0140279903  -0.0317763455   0.0079501492  -0.0038861380  -0.0104257192
        0.0071768474   0.0000475332   0.0000164332   0.0000306317  -0.0000849665
       -0.0000173745   0.0000803934   0.0001108652   0.0000679215   0.0000490426
        0.0000321024  -0.0000676648  -0.0000970366  -0.0173751102   0.0002413556
        0.0746255070   0.0001540763  -0.0000030365  -0.0000128965   0.0001530979
       -0.0004021952  -0.0004189469   0.0000141465  -0.0001629930   0.0000700973
       -0.0043817228  -0.0415536478   0.0132004165   0.0056318641  -0.0045882965
       -0.0013985706  -0.0009128049  -0.0020888743   0.0007337620   0.0000105129
        0.0002594192   0.0001561178  -0.0003095448   0.0005017031   0.0001746258
       -0.0006485463   0.0000254807   0.0025212913  -0.0016842504  -0.0004258884
       -0.0005088122  -0.0006465200   0.0001469675  -0.0001774289  -0.0004239155
       -0.0006611692  -0.0007416753  -0.0503494994  -0.1914623684   0.0151359870
       -0.0000246134   0.0001454467  -0.0000506844   0.0009866692   0.0010269368
        0.0003321311  -0.0001510689  -0.0000000923   0.0000512231  -0.0000437779
        0.0004061062  -0.0000071111   0.0791317601   0.3130961859  -0.0117746543
       -0.0003761722  -0.0003672379   0.0004071273   0.0003797926  -0.0006913585
        0.0000426225   0.0000321737   0.0000202335   0.0000820393  -0.0001191065
        0.0000022663   0.0000186217   0.0001495152  -0.0000856678   0.0000270646
        0.0001148522  -0.0000778475  -0.0001802587   0.0004225958  -0.0002371817
       -0.0004282877  -0.0001798338  -0.0003296468   0.0001044370   0.0001439710
        0.0006250729  -0.0003003147   0.0000228747   0.0003861677   0.0000356373
       -0.0198236185  -0.0283747083   0.0052833799  -0.0030763052  -0.0029816757
        0.0081448758   0.0000447924   0.0000313166   0.0000799380   0.0000318098
       -0.0001297778   0.0000203201  -0.0000731446  -0.0000312322  -0.0000195217
        0.0000227988   0.0000497656   0.0000445940  -0.0042469417  -0.0420609459
       -0.0306343468   0.0000328093  -0.0000169944  -0.0000940665   0.0002114459
       -0.0004297922  -0.0002822106   0.0001011492  -0.0001286651   0.0000017315
       -0.0013699575   0.0066273860   0.0008140258  -0.0008590199   0.0005687267
        0.0007008954   0.0001756908   0.0004560240   0.0000626118   0.0000713838
       -0.0001184863   0.0000381713  -0.0003386273  -0.0004640110   0.0002293796
        0.0010968040  -0.0001438425  -0.0010309576  -0.0000073004   0.0015810656
        0.0005057375   0.0002747336  -0.0002513486  -0.0000899538   0.0003270726
        0.0000103300   0.0001978313   0.0203695767   0.0421120725  -0.0833872619
        0.0000230584  -0.0000214048   0.0000167138  -0.0002567494  -0.0002945779
       -0.0002777378   0.0000505531   0.0000087447   0.0001332845   0.0000894317
       -0.0002350063   0.0001105335  -0.0969452178  -0.0117746543   0.5109853391
        0.0002996547   0.0002055157   0.0001051490  -0.0000575486   0.0001401535
       -0.0000364168   0.0000449718  -0.0000280648  -0.0000275740   0.0000351389
        0.0000640275  -0.0000134368  -0.0000249894  -0.0000134914   0.0000018823
       -0.0001613078   0.0001354726   0.0000336249   0.0007500730  -0.0022707217
        0.0000821621   0.0000890845   0.0001029058  -0.0001404576  -0.0002701164
       -0.0001769307  -0.0001488183   0.0000181715  -0.0000606482   0.0000792905
       -0.0022313632  -0.0092329357   0.0077270492   0.0151567545   0.0321294524
       -0.0178663644   0.0000090667   0.0000105933  -0.0000066482  -0.0000315564
        0.0000488375  -0.0000063642   0.0000253398   0.0000222203  -0.0000127946
       -0.0000216105   0.0000091550  -0.0000119111   0.0638905400  -0.0592619343
       -0.4186937341   0.0000692233   0.0001270065   0.0000527107  -0.0002452492
        0.0000950702  -0.0001724274  -0.0000457095  -0.0001067011   0.0000464662
       -0.0007051892   0.0005099442  -0.0002051992  -0.0260109446   0.0052079729
        0.0083186599  -0.0029456492  -0.0016636439  -0.0010286265  -0.0002361120
        0.0003259503   0.0000768758   0.0000643330   0.0000137401  -0.0000593133
        0.0000098733  -0.0000724083   0.0000671548  -0.0000586307  -0.0003463658
        0.0000375698   0.0001308422   0.0000311137  -0.0000147361  -0.0000446442
       -0.0003038439   0.0000294379  -0.0002456595  -0.0000847033  -0.0000916612
       -0.0000103588  -0.0000269160   0.0000141358  -0.1570653785   0.0372521351
        0.0606687720  -0.0025660607   0.0054386960   0.0075796763  -0.0005541730
        0.0007206078   0.0018739575  -0.0000891719  -0.0003761722   0.0002996547
        0.4896621954   0.0132182887   0.0307922046   0.0000595733  -0.0002236993
        0.0000823869  -0.0007800499   0.0006290268  -0.0001671477  -0.0000513247
       -0.0000764763  -0.0000905473  -0.0001201631   0.0000181192   0.0001638140
       -0.0000342935  -0.0000083975   0.0000004282  -0.0000661740  -0.0000161619
        0.0000931568   0.0000079512   0.0000502922   0.0000626445  -0.0001225210
       -0.0000402936  -0.0000310375   0.0001124936   0.0003984122  -0.0000600926
       -0.0003457235  -0.0006202232   0.0002298182  -0.0002649447  -0.0001781990
        0.0003381398  -0.0000188204  -0.0000083416  -0.0000162529  -0.0000165431
        0.0000019190  -0.0000007848   0.0012577387  -0.0009491031  -0.0016416018
        0.0011650584  -0.0017204179   0.0000080457  -0.0001015497  -0.0000277825
        0.0000163146  -0.2150270847  -0.0587643938  -0.0927729065  -0.0430542768
       -0.0009842993  -0.0025854641  -0.0419346177   0.0026756241  -0.0119874765
       -0.0000993456  -0.0005435323  -0.0000723110  -0.0061185104   0.0041066899
        0.0030203077  -0.0007691932  -0.0006208483  -0.0004010365  -0.0000695274
        0.0000316174  -0.0000660640   0.0000310537  -0.0000154466   0.0000877523
       -0.0001029070  -0.0000470317  -0.0003889096  -0.0000161876   0.0000250066
        0.0000632525   0.0000844597  -0.0000495872  -0.0000981201   0.0001351631
        0.0005343071   0.0001419057   0.0010270854   0.0003565193  -0.0002658938
       -0.0000085287   0.0000156393   0.0000320673   0.0340234587  -0.0765569592
       -0.0245739809   0.0171637342  -0.0126267917  -0.0197763584  -0.0006280724
        0.0005367298   0.0002996145  -0.0002445523  -0.0003672379   0.0002055157
        0.0132182887   0.5143320370   0.0145045101   0.0001005933   0.0000358037
       -0.0000248582  -0.0002335987   0.0003334787  -0.0000453600  -0.0000845940
        0.0000340829   0.0001072904  -0.0000293666   0.0000355566   0.0001018105
       -0.0000616760   0.0000213205   0.0000217865   0.0000063108   0.0000412186
        0.0000348512  -0.0000214715   0.0000360383   0.0000181688  -0.0000444973
       -0.0000255398   0.0000163488  -0.0002432351  -0.0008178932   0.0001582722
       -0.0007674249  -0.0005377106   0.0003877984  -0.0006350617  -0.0004594664
        0.0002142862   0.0000004565   0.0000056034   0.0000076274  -0.0000320221
        0.0000116329   0.0000011316   0.0020062162  -0.0023710880   0.0029233141
       -0.0001995552   0.0043533033  -0.0097126294   0.0000204902  -0.0000451492
       -0.0001088649  -0.0586434299  -0.0652245602  -0.0311526634  -0.0003314510
       -0.2849118489  -0.0263638372   0.0015668980  -0.0796258938   0.0907032757
       -0.0006784533   0.0002732100  -0.0000782716  -0.0034678245   0.0004010912
        0.0025231902  -0.0017887303   0.0000574384   0.0003339264  -0.0000948077
        0.0001063201  -0.0001607858   0.0000272963   0.0000516054   0.0000639345
       -0.0002177314  -0.0002075503  -0.0002677743   0.0000248377  -0.0002022290
        0.0000639917   0.0001035542  -0.0000673814  -0.0000713506   0.0002184555
        0.0003421761   0.0001314284  -0.0001888599   0.0000100216  -0.0009449362
       -0.0000066819   0.0000243801   0.0000267783   0.0580305092  -0.0253403119
       -0.0998015259   0.0193127787  -0.0170116407  -0.0193980512  -0.0015915566
        0.0001161482   0.0011075342   0.0003826502   0.0004071273   0.0001051490
        0.0307922046   0.0145045101   0.4814733510  -0.0000181033  -0.0000073560
       -0.0001815723  -0.0001003213   0.0000190933  -0.0000375217  -0.0000888251
        0.0000538591   0.0001831161  -0.0000598731   0.0000395328   0.0000992833
       -0.0000141652  -0.0000038575   0.0000365918  -0.0000029331   0.0000173626
        0.0000551640   0.0000496279   0.0000146440   0.0000759980  -0.0000647386
       -0.0000192051  -0.0000195672  -0.0001972959  -0.0003192089  -0.0000447010
        0.0007894571   0.0007230620   0.0002209829  -0.0000761652   0.0000631547
        0.0000325543   0.0000227371   0.0000082391   0.0000255405  -0.0000221101
        0.0000102465   0.0000100656   0.0014301324   0.0029775115  -0.0020748831
       -0.0000469754  -0.0077140493   0.0034366781  -0.0000763647  -0.0000449060
        0.0000027065  -0.0921898591  -0.0319178273  -0.0923439660  -0.0021013580
       -0.0255473250  -0.0413005541  -0.0080905073   0.0881821143  -0.2332825037
       -0.0024249809   0.0026153839   0.0000190324   0.0053681701   0.0186146147
       -0.0039296538  -0.0821176307  -0.0876649995   0.0161755757  -0.0073441994
       -0.0139295659   0.0059042969  -0.0016382560   0.0002983226   0.0026395757
       -0.0000768558  -0.0000141222   0.0001259441  -0.0000341892  -0.0002709869
        0.0000853613  -0.0000143308   0.0001142326   0.0000872049  -0.0000152337
       -0.0000786419   0.0000961109   0.0002828363   0.0006111552  -0.0003370447
        0.0000797469  -0.0000228503   0.0000113575   0.0002231169   0.0019221355
       -0.0004078526  -0.0006469781   0.0001014000  -0.0003801896  -0.0001634127
        0.0000056886   0.0001508846  -0.0000615386   0.0003797926  -0.0000575486
        0.0000595733   0.0001005933  -0.0000181033   0.0994177742   0.0990757505
       -0.0202342404  -0.0110996515  -0.0213240052   0.0004559975   0.0006750252
        0.0001073529  -0.0005386932  -0.0003487242  -0.0000240702  -0.0000350973
       -0.0002650435  -0.0007733426   0.0004277518  -0.0000009496   0.0000318567
       -0.0000041380  -0.0000805330   0.0001178711   0.0001502610  -0.0000066531
        0.0000283929   0.0000473297   0.0000551859   0.0000888384  -0.0001060656
        0.0000200492  -0.0000000291   0.0000270213   0.0000080907  -0.0000301354
       -0.0000324566   0.0000065639  -0.0000044209   0.0000312934   0.0000154578
       -0.0000131333   0.0000071216  -0.0000176031  -0.0000538347   0.0001002933
        0.0000593987   0.0000269411  -0.0005040898  -0.0000291887   0.0000127821
       -0.0000072709   0.0000425100  -0.0000040196  -0.0000206334   0.0000575064
       -0.0000824482   0.0000009525   0.0000149471   0.0000375014   0.0000697116
        0.0035976348  -0.0031550606  -0.0008644387  -0.0046976614  -0.0238552452
        0.0044252937  -0.0869930529  -0.2254584330   0.0361929320  -0.0016249781
       -0.0009299508   0.0014369252  -0.0006043078   0.0009733773   0.0005823559
       -0.0001270429   0.0000262484  -0.0003255994   0.0000935062   0.0000284152
        0.0000792311   0.0000081208  -0.0000710131   0.0000762931   0.0001487074
        0.0001425042   0.0002083142  -0.0006812167  -0.0005456969   0.0004796209
        0.0000897435   0.0000082016   0.0000359134  -0.0009104317   0.0000004762
       -0.0001392541  -0.0002436280   0.0006834810  -0.0003081085   0.0000670962
       -0.0004776412  -0.0003167302   0.0002970901  -0.0006913585   0.0001401535
       -0.0002236993   0.0000358037  -0.0000073560   0.0990757505   0.2620146643
       -0.0413296416  -0.0071573142  -0.0094674349  -0.0006643332   0.0003391125
        0.0004963837  -0.0001163747  -0.0002392134   0.0000563530   0.0000266403
        0.0000041480  -0.0002535643   0.0000650356   0.0000432231   0.0000574230
       -0.0000894951  -0.0000250339   0.0000465288   0.0000879116   0.0000563159
        0.0001425158   0.0000121150  -0.0000153665  -0.0001507872   0.0000754245
        0.0000287327  -0.0000302506   0.0000229936  -0.0000423159   0.0000102914
        0.0000104480   0.0000238405  -0.0000092606   0.0000104739   0.0000012986
        0.0000095330   0.0000126402  -0.0001170848  -0.0001083189   0.0001576900
       -0.0000582261   0.0003539760   0.0001731206  -0.0000464814   0.0000988922
       -0.0000601094  -0.0000590286   0.0000242416   0.0000422666  -0.0000896567
        0.0000192389   0.0000110382   0.0000814192  -0.0000245334  -0.0001433903
       -0.0004899172   0.0004109117   0.0001483030  -0.0002358812   0.0011598750
        0.0007787604   0.0158004080   0.0354133746  -0.0492612858   0.0136588720
        0.0235019573  -0.0085625784   0.0035782401  -0.0000026258  -0.0043431288
        0.0002386038  -0.0001523177   0.0002596652  -0.0000211126  -0.0002647460
        0.0001373711  -0.0001264427  -0.0003842440  -0.0003898514  -0.0001518268
       -0.0001384092  -0.0000498645   0.0000786101   0.0000238238  -0.0000253606
        0.0000652526  -0.0000295973   0.0001351412   0.0000130099   0.0007639254
        0.0007408789  -0.0006241541  -0.0000045941   0.0002498080   0.0000212190
        0.0000041555  -0.0001740534  -0.0000210409   0.0000426225  -0.0000364168
        0.0000823869  -0.0000248582  -0.0001815723  -0.0202342404  -0.0413296416
        0.0592363849  -0.0119594844  -0.0212169852   0.0027053062  -0.0002183308
        0.0007781004   0.0005937878   0.0000463681  -0.0000228856   0.0001231115
        0.0005344113   0.0013638421  -0.0007380326  -0.0000362688  -0.0000512170
        0.0000257197  -0.0000404429   0.0001271799   0.0000929648   0.0000464896
       -0.0000377050   0.0000327759   0.0000093393   0.0001763226  -0.0001338530
       -0.0000070980   0.0000018068  -0.0000183059   0.0000019286   0.0000017880
        0.0000066249   0.0000115274   0.0000276073   0.0000304110  -0.0000325738
       -0.0000075451  -0.0000220805   0.0002401585  -0.0000490098  -0.0001284491
       -0.0003489031  -0.0000539083  -0.0011051155   0.0000164438  -0.0000001815
        0.0000279957  -0.0000337549   0.0000268033  -0.0000214611   0.0000130098
       -0.0000219634  -0.0000313501   0.0001251934  -0.0000316613  -0.0001022505
       -0.0003992848   0.0000161402  -0.0001816500  -0.0196675781   0.0004439953
       -0.0147239602  -0.1384025718  -0.0316853557  -0.1121538371   0.0073253664
        0.0030040925   0.0113065966   0.0002198901   0.0002038435  -0.0001931080
       -0.0000769474  -0.0000389467  -0.0001404241   0.0000955404  -0.0006164756
        0.0000386816   0.0004005972  -0.0005849492   0.0001992743   0.0000210818
        0.0000074570  -0.0000083364   0.0000509980   0.0000584782  -0.0000216499
       -0.0004116840  -0.0001634387   0.0001359160  -0.0028312594   0.0032651580
       -0.0006565048  -0.0002743872   0.0002324964  -0.0001233430  -0.0006138941
        0.0000549705  -0.0004449765   0.0000734518   0.0000321737   0.0000449718
       -0.0007800499  -0.0002335987  -0.0001003213  -0.0110996515  -0.0071573142
       -0.0119594844   0.1658650078   0.0327564470   0.1237306107  -0.0003166505
        0.0000713410   0.0029904151   0.0010777748   0.0002238788   0.0011480197
       -0.0000995784   0.0000665850  -0.0000426162  -0.0000454211   0.0000283393
        0.0000598278   0.0002999753   0.0002475651   0.0002781038  -0.0000403184
       -0.0001133249   0.0001857891  -0.0000386175  -0.0000365118   0.0000634344
        0.0000366272  -0.0000807503   0.0000917402  -0.0000551978  -0.0000064994
       -0.0000034814  -0.0000303821  -0.0000558285  -0.0000378539  -0.0000872265
        0.0000967570   0.0000034941   0.0000832229  -0.0001000159   0.0001935480
       -0.0000841025   0.0001264908   0.0001572422  -0.0000271021  -0.0000373288
        0.0000165962  -0.0001318927   0.0000110043   0.0001693531   0.0000375900
       -0.0000132097  -0.0000298462  -0.0000733257  -0.0000236652   0.0000077789
        0.0004050494   0.0001629802  -0.0000459513   0.0168305085   0.0016045742
        0.0138654632  -0.0319903260  -0.0527934213  -0.0331424919   0.0006270297
        0.0003986748  -0.0022370143   0.0001690665   0.0003746067   0.0001815796
       -0.0000695846  -0.0001350260   0.0000805256   0.0000721213  -0.0013628285
        0.0005113686  -0.0008334002  -0.0005113665   0.0010717241  -0.0000851538
        0.0000432397  -0.0001689690  -0.0000217354  -0.0002412712  -0.0000410108
       -0.0002816408  -0.0000765877   0.0000284501   0.0017872397  -0.0027021619
        0.0000105021  -0.0000620587   0.0002492657  -0.0000728114   0.0007487741
        0.0008090859   0.0006638619  -0.0000820377   0.0000202335  -0.0000280648
        0.0006290268   0.0003334787   0.0000190933  -0.0213240052  -0.0094674349
       -0.0212169852   0.0327564470   0.0639035024   0.0430363776   0.0000795414
        0.0006593029  -0.0007480657   0.0000348261   0.0000626534  -0.0009144333
       -0.0000235603  -0.0001166516  -0.0000762535   0.0000680954  -0.0000123426
        0.0000052337   0.0002209231  -0.0013432791  -0.0006009605   0.0001076334
       -0.0000804707  -0.0000806442   0.0001117994  -0.0000430796   0.0000565795
       -0.0000849475   0.0000615344  -0.0000726180   0.0000230332   0.0000331725
        0.0000277332  -0.0000603917  -0.0000652963  -0.0000622688   0.0001268895
        0.0000109717  -0.0000848907  -0.0000218760   0.0002114012  -0.0001127538
       -0.0000254466  -0.0000125339   0.0001740053   0.0000377955  -0.0000162959
        0.0000047064   0.0001672061  -0.0000029522  -0.0000816967  -0.0000526308
        0.0000498213   0.0000362974   0.0000157895  -0.0000054993   0.0000143825
       -0.0003728825   0.0000702269  -0.0001568179  -0.0026782180  -0.0009035164
       -0.0017363148  -0.1118458733  -0.0327508513  -0.1671875811  -0.0137764836
       -0.0079704825  -0.0285695021  -0.0003683765  -0.0005164370   0.0004739881
       -0.0001416055   0.0000089997  -0.0002041339  -0.0000892371  -0.0001055515
        0.0004562735   0.0003542310   0.0008727257  -0.0004268165   0.0000200679
        0.0001105854   0.0001290496   0.0000376090  -0.0001052606  -0.0000136351
        0.0002694710  -0.0001569139   0.0002636854  -0.0001832668   0.0006067062
        0.0007194350   0.0002127151   0.0000748435   0.0001693250   0.0015523362
       -0.0006082287   0.0013517614   0.0000998678   0.0000820393  -0.0000275740
       -0.0001671477  -0.0000453600  -0.0000375217   0.0004559975  -0.0006643332
        0.0027053062   0.1237306107   0.0430363776   0.1968035206   0.0031719317
       -0.0004683096  -0.0058231411  -0.0004716190  -0.0001360139   0.0006074250
        0.0000027852  -0.0001273220   0.0001841756   0.0000434372  -0.0000485829
       -0.0000291122  -0.0000152325  -0.0001077532   0.0003715424   0.0000540495
       -0.0001136878   0.0000422116   0.0000638817  -0.0000184754  -0.0000614391
        0.0000245868  -0.0000411887   0.0000128305   0.0000072016  -0.0000012437
        0.0000229627  -0.0000338240   0.0000209285   0.0000082016   0.0000435387
       -0.0000602126  -0.0000716625   0.0000499579   0.0000228673  -0.0000013295
        0.0000508135   0.0000270732  -0.0000382566  -0.0000411424  -0.0000043560
        0.0000173640  -0.0000325792   0.0000130364   0.0000264231  -0.0000128157
        0.0000312810  -0.0000152039  -0.0000147863  -0.0000236099   0.0000345608
       -0.0000541796  -0.0000521887  -0.0000126483   0.0001432292   0.0001695945
       -0.0000381865   0.0080862079   0.0057786080   0.0108154679  -0.1059614405
       -0.0500738165  -0.0888542486  -0.0049045065  -0.0075851056  -0.0059741147
        0.0001110810   0.0005852592  -0.0003120392  -0.0000292346  -0.0000451925
       -0.0001951748  -0.0006125977  -0.0020011503   0.0006922619  -0.0000172759
        0.0008083671   0.0004018706  -0.0000678738   0.0001300883  -0.0000027796
        0.0001421651  -0.0002833095  -0.0000782253   0.0003403651   0.0000677449
        0.0002174162  -0.0018822969   0.0004838258   0.0006553217  -0.0001648425
        0.0000182228  -0.0000265169   0.0000188079  -0.0001191065   0.0000351389
       -0.0000513247  -0.0000845940  -0.0000888251   0.0006750252   0.0003391125
       -0.0002183308  -0.0003166505   0.0000795414   0.0031719317   0.1270533305
        0.0613701358   0.1027982213  -0.0194690686  -0.0094615889  -0.0223110380
       -0.0002262566  -0.0001375689  -0.0000347083  -0.0001746402  -0.0000165813
       -0.0000859628  -0.0000214175  -0.0000205094   0.0000310855  -0.0000053361
       -0.0000067413  -0.0000180036  -0.0004023141   0.0011132395  -0.0004055896
        0.0000152972   0.0000109738   0.0000088396  -0.0000054104  -0.0000066051
       -0.0000079175  -0.0000051176   0.0002056595  -0.0001160402   0.0000691571
       -0.0000461636   0.0000338773   0.0000586400  -0.0001945634  -0.0000557327
       -0.0024151255  -0.0009948257   0.0000943826  -0.0000122266   0.0000245130
       -0.0000204548  -0.0000096448  -0.0000052698  -0.0000053500   0.0000499940
       -0.0000424794  -0.0000329038   0.0000454810  -0.0000075257  -0.0000610242
        0.0001612064  -0.0001960158  -0.0000206929  -0.0001626006   0.0000243302
       -0.0001471441  -0.0014249982  -0.0004997736  -0.0024181217  -0.0503159645
       -0.0841482938  -0.0742441303  -0.0172501104  -0.0195365200  -0.0188085092
       -0.0007051278   0.0006133528  -0.0012121213  -0.0000841219   0.0001019595
       -0.0002706818  -0.0020598287  -0.0054341254   0.0025674981  -0.0001781185
        0.0004229340   0.0007698057  -0.0001165286   0.0000315383  -0.0000247738
       -0.0001498453  -0.0004367430  -0.0007194776   0.0002698638  -0.0000932017
       -0.0001816877  -0.0003953855  -0.0000341832   0.0003549866  -0.0000116808
       -0.0000350166   0.0001162574   0.0000644592   0.0000022663   0.0000640275
       -0.0000764763   0.0000340829   0.0000538591   0.0001073529   0.0004963837
        0.0007781004   0.0000713410   0.0006593029  -0.0004683096   0.0613701358
        0.0996982380   0.0833154767   0.0096435462   0.0069578820   0.0109620399
       -0.0000593369   0.0003796541  -0.0000639077  -0.0001638891   0.0003674655
       -0.0000669114   0.0000471327   0.0000226706  -0.0000199447  -0.0000257965
        0.0000575862   0.0000266635   0.0018787989  -0.0005579196  -0.0000883212
        0.0000589479  -0.0000251151   0.0000224933  -0.0000224917   0.0000362333
        0.0000269038  -0.0000848632   0.0006092631  -0.0005062266  -0.0000261134
       -0.0002918494   0.0002011735  -0.0001093725  -0.0000342122  -0.0000071289
       -0.0001947110   0.0008572852   0.0000444196  -0.0000272042  -0.0000395030
       -0.0000369357   0.0000037398   0.0000133133   0.0000114393  -0.0000074501
       -0.0000221044  -0.0000216882  -0.0000245090  -0.0000011651   0.0000115701
        0.0000794788  -0.0001648504  -0.0001332774   0.0000225814  -0.0002536109
        0.0001291567  -0.0119828244  -0.0099940192  -0.0237010846  -0.0889925822
       -0.0734072486  -0.1654553385   0.0033853546   0.0022617612   0.0054915617
       -0.0005964668  -0.0003043855  -0.0000088387   0.0000282634  -0.0000427943
        0.0001556887  -0.0003457266   0.0009129848  -0.0000443604   0.0002903289
        0.0005568030   0.0001265919  -0.0000732302   0.0000292495  -0.0000448709
        0.0001942974  -0.0000366244   0.0001811302  -0.0000541117  -0.0002816148
       -0.0003476015  -0.0001297135  -0.0000000518  -0.0001199733   0.0001166580
        0.0000577643   0.0001751358   0.0000511386   0.0000186217  -0.0000134368
       -0.0000905473   0.0001072904   0.0001831161  -0.0005386932  -0.0001163747
        0.0005937878   0.0029904151  -0.0007480657  -0.0058231411   0.1027982213
        0.0833154767   0.1926456871  -0.0077090790  -0.0026052112  -0.0060996361
        0.0000331491   0.0000292402   0.0003201511   0.0000609317  -0.0001205987
       -0.0001098814  -0.0000557725   0.0001305180   0.0000973271   0.0000223275
        0.0000046221   0.0000339015  -0.0000207000   0.0000331780   0.0004931827
        0.0000406084  -0.0000164038   0.0000356267  -0.0000035720   0.0000296899
       -0.0000060978   0.0000481147  -0.0000224272   0.0000767102   0.0000305504
        0.0000565058  -0.0000589668  -0.0003442109   0.0000776372   0.0001251917
        0.0008892271   0.0004319081   0.0010175607  -0.0000237751   0.0000089752
        0.0000205416   0.0000148614   0.0000178778   0.0000373058  -0.0000680645
        0.0000356078   0.0000064781  -0.0000674379  -0.0000014303   0.0000206722
        0.0000784800  -0.0001911475  -0.0000547941  -0.0009451693  -0.0006215628
        0.0034265072  -0.0168580332   0.0105551329   0.0013418622  -0.2003616448
        0.1024858606  -0.0337359257   0.0050163776  -0.0027763406   0.0007993774
        0.0004060645  -0.0009815768  -0.0002184874   0.0000673897   0.0000647511
       -0.0000603886   0.0003407889   0.0001989966   0.0003193208  -0.0001661192
        0.0000074561   0.0000845657   0.0001008556  -0.0002352756  -0.0000125934
        0.0001660241  -0.0001512402   0.0000319549   0.0000916811   0.0000609103
        0.0000164599  -0.0000954108  -0.0001907153  -0.0000014818  -0.0006375670
        0.0006992372   0.0002741796   0.0000386297   0.0001495152  -0.0000249894
       -0.0001201631  -0.0000293666  -0.0000598731  -0.0003487242  -0.0002392134
        0.0000463681   0.0010777748   0.0000348261  -0.0004716190  -0.0194690686
        0.0096435462  -0.0077090790   0.2308710235  -0.1183882837   0.0358328139
        0.0006258728  -0.0001457981  -0.0001169924   0.0001457863  -0.0002165782
        0.0001347410  -0.0000606685  -0.0000126693   0.0000327014  -0.0000057735
       -0.0000369644   0.0000207282   0.0002805631   0.0002066590  -0.0000230326
        0.0000273421  -0.0000338210   0.0000193767  -0.0000019115  -0.0000399038
        0.0000153809  -0.0000277149   0.0001074627   0.0000141251  -0.0000082729
       -0.0001028419   0.0000382515  -0.0000586683   0.0000163082   0.0000625992
       -0.0001928623   0.0002528086  -0.0000059311  -0.0000091486  -0.0000642086
        0.0000053912  -0.0000321297  -0.0000151598  -0.0000191422   0.0000435186
       -0.0000226350  -0.0000083178   0.0000208780   0.0000118316   0.0000059426
       -0.0001348574   0.0000950918   0.0002294800   0.0004973338   0.0006339642
       -0.0008765750   0.0035675382  -0.0009733651  -0.0009438794   0.1018058039
       -0.1073202235   0.0194058395   0.0221518829  -0.0216395851   0.0069597597
       -0.0024619195  -0.0058855293   0.0014444205  -0.0000292091   0.0000764211
       -0.0000456468   0.0014723418   0.0004375101   0.0004282943  -0.0002558466
        0.0005069282   0.0001425208  -0.0000961082   0.0001544476  -0.0000362790
       -0.0001009175   0.0003484597  -0.0001597674   0.0000547236  -0.0001246583
        0.0000081674  -0.0001759993  -0.0000179717  -0.0001133991   0.0001311432
       -0.0001540100  -0.0000213103   0.0000540485  -0.0000856678  -0.0000134914
        0.0000181192   0.0000355566   0.0000395328  -0.0000240702   0.0000563530
       -0.0000228856   0.0002238788   0.0000626534  -0.0001360139  -0.0094615889
        0.0069578820  -0.0026052112  -0.1183882837   0.1272008338  -0.0242685471
        0.0002863501   0.0006566685   0.0000151725   0.0012882584  -0.0013846379
        0.0003276546  -0.0000189028  -0.0000172713  -0.0000199065  -0.0000103607
        0.0000814626   0.0000751444  -0.0000105028   0.0000802640  -0.0001243685
       -0.0000439465   0.0000089352   0.0000080966  -0.0000060275  -0.0000035523
       -0.0000199874  -0.0000185949  -0.0000180018   0.0002144665  -0.0003937740
        0.0000483587   0.0000399391  -0.0000705373   0.0000165735   0.0000539579
        0.0002118244   0.0000698095   0.0000258002  -0.0000543611   0.0000960662
       -0.0000250837   0.0000198489   0.0000023048   0.0000151387  -0.0000158956
       -0.0000087750   0.0000136687  -0.0000113920   0.0000067048  -0.0000147017
       -0.0001430532   0.0002084400  -0.0000698257   0.0027920237  -0.0001631879
       -0.0037106414   0.0225193535  -0.0139180105  -0.0005391289  -0.0341911176
        0.0195714573  -0.0488519984  -0.0068090007   0.0069065353  -0.0016219245
        0.0005077112   0.0022018854  -0.0002598737  -0.0000356222  -0.0001452653
        0.0000447107   0.0001999891  -0.0005214516   0.0002542233   0.0000890021
       -0.0000218800   0.0001243316  -0.0000339204   0.0000000432   0.0000308123
       -0.0000603601   0.0000529208  -0.0000916682   0.0000980952  -0.0002605822
       -0.0001452801  -0.0000968193  -0.0001675347   0.0000008212   0.0007038079
       -0.0007754242  -0.0003282085  -0.0000349220   0.0000270646   0.0000018823
        0.0001638140   0.0001018105   0.0000992833  -0.0000350973   0.0000266403
        0.0001231115   0.0011480197  -0.0009144333   0.0006074250  -0.0223110380
        0.0109620399  -0.0060996361   0.0358328139  -0.0242685471   0.0605633807
       -0.0003860457   0.0003968548  -0.0000837290  -0.0003800028   0.0004157791
       -0.0001528728   0.0000676651   0.0000030935  -0.0000054192   0.0000157767
       -0.0000019088  -0.0000210336   0.0002947767  -0.0000409500   0.0000104068
        0.0000083546   0.0000011583  -0.0000260149   0.0000001017   0.0000602523
        0.0000204087   0.0000287617   0.0000192706  -0.0001126400   0.0000673731
        0.0000209028   0.0001030914  -0.0001010057   0.0000435351   0.0000499823
        0.0000743994   0.0001747108   0.0000404324   0.0000211953  -0.0000322609
        0.0000204639   0.0000503014   0.0000120619  -0.0000071731  -0.0000327499
        0.0000370813   0.0000005703  -0.0000325809  -0.0000121011   0.0000317305
       -0.0043088750   0.0040491416  -0.0002212463   0.0001607784   0.0000430760
       -0.0003162006   0.0001858943  -0.0022099694   0.0003294746  -0.0055433422
       -0.0016334963   0.0088038343  -0.1281025050   0.0082882486   0.1099567569
       -0.0158502605   0.0037305623   0.0202822571  -0.0006210919  -0.0010060468
       -0.0012674434   0.0065958576  -0.0002106079  -0.0081887323   0.0003082129
       -0.0011236893  -0.0011369441  -0.0003203727  -0.0001093048   0.0014653400
        0.0005181074  -0.0006560579  -0.0009091748   0.0002074784   0.0000982022
        0.0000721291  -0.0000568582   0.0000392285  -0.0000242657   0.0000301538
       -0.0000127862  -0.0000587733   0.0000719723   0.0001148522  -0.0001613078
       -0.0000342935  -0.0000616760  -0.0000141652  -0.0002650435   0.0000041480
        0.0005344113  -0.0000995784  -0.0000235603   0.0000027852  -0.0002262566
       -0.0000593369   0.0000331491   0.0006258728   0.0002863501  -0.0003860457
        0.1464948499  -0.0093171884  -0.1289402965   0.0007754836  -0.0004744424
        0.0000990228   0.0001300126  -0.0001447373  -0.0002195321   0.0000613135
       -0.0001153604  -0.0000829045  -0.0002303289   0.0003365396   0.0000278625
        0.0000357812  -0.0000227305   0.0000155333  -0.0003457718   0.0002966819
        0.0000806958  -0.0001018875  -0.0001390877   0.0002840519  -0.0001259216
        0.0000825077  -0.0001003578   0.0000108690  -0.0000098790  -0.0000166925
       -0.0000405034  -0.0000019192   0.0000557396  -0.0000159125  -0.0000279511
        0.0000625690  -0.0000093719  -0.0000063868  -0.0000189206   0.0000574134
       -0.0000024244  -0.0000248883   0.0000281240  -0.0000008997  -0.0000177210
        0.0027871940  -0.0020254575  -0.0009405224   0.0001240609  -0.0000516105
       -0.0001862107  -0.0020527195  -0.0048825414   0.0016461559  -0.0170773872
       -0.0028777193   0.0225655351   0.0085130865  -0.0386706960  -0.0089077438
        0.0091894115  -0.0012883766  -0.0111070078   0.0005531932  -0.0012278596
       -0.0025139355   0.0062275918  -0.0021176524  -0.0130175672  -0.0000414222
        0.0000261493   0.0003310137   0.0002552128   0.0000593372  -0.0008086706
        0.0009948410   0.0000223496   0.0001935276   0.0000269675  -0.0000504791
       -0.0000007369  -0.0000677283   0.0000554304  -0.0000170104   0.0000416196
       -0.0000415533  -0.0000208127  -0.0000273820  -0.0000778475   0.0001354726
       -0.0000083975   0.0000213205  -0.0000038575  -0.0007733426  -0.0002535643
        0.0013638421   0.0000665850  -0.0001166516  -0.0001273220  -0.0001375689
        0.0003796541   0.0000292402  -0.0001457981   0.0006566685   0.0003968548
       -0.0093171884   0.0530926881   0.0116648760   0.0003623641   0.0001532544
       -0.0005977081   0.0002962830  -0.0003272261  -0.0002216205   0.0001181689
       -0.0001098839  -0.0002006398  -0.0001196440  -0.0000970608   0.0000441444
       -0.0000373656  -0.0000105917   0.0000118686   0.0001796546  -0.0001983702
       -0.0000265525  -0.0000148785  -0.0003808208   0.0003326654   0.0000185070
        0.0003492473   0.0000060060   0.0000086721  -0.0000091789   0.0000073919
        0.0000071544   0.0000118479   0.0000530626   0.0000451802   0.0000041844
       -0.0000751819   0.0000079153  -0.0000035401   0.0000041940  -0.0000118359
       -0.0000065993   0.0000040136   0.0000089954  -0.0000068507  -0.0000167643
       -0.0009850729  -0.0001748749  -0.0000954388  -0.0000820718  -0.0000370851
        0.0001507109   0.0009460449   0.0028697880   0.0001006698   0.0076504289
        0.0025541866  -0.0090075350   0.1109236182  -0.0100892075  -0.1854147081
       -0.0029751816   0.0001093547   0.0038209772  -0.0005028866  -0.0021643479
       -0.0029826634   0.0128419153  -0.0040303883  -0.0200723835   0.0003855381
        0.0002665756   0.0002228911  -0.0001161881   0.0002296253   0.0000642796
        0.0009828985  -0.0001809900   0.0007472530  -0.0001474184  -0.0000187412
       -0.0000504831   0.0000154857  -0.0000442149   0.0000227415  -0.0001033432
        0.0000422172   0.0001381587   0.0000325435  -0.0001802587   0.0000336249
        0.0000004282   0.0000217865   0.0000365918   0.0004277518   0.0000650356
       -0.0007380326  -0.0000426162  -0.0000762535   0.0001841756  -0.0000347083
       -0.0000639077   0.0003201511  -0.0001169924   0.0000151725  -0.0000837290
       -0.1289402965   0.0116648760   0.2121456880  -0.0000523650  -0.0003483915
        0.0004639550   0.0004140836  -0.0003920631  -0.0002397375   0.0002731420
       -0.0001998392  -0.0003670647  -0.0000093743  -0.0001806027  -0.0000285809
        0.0000169936  -0.0000031811   0.0000163807  -0.0000327516   0.0000724634
        0.0000597461  -0.0001686544  -0.0004063098   0.0008181041  -0.0006392815
        0.0005937583  -0.0002680189   0.0000010443   0.0000226461   0.0000066228
        0.0000466585   0.0000173252  -0.0000353004   0.0000106542   0.0000434813
        0.0000143384   0.0000245601   0.0000115984   0.0000219666  -0.0000226625
       -0.0000083317  -0.0000064634  -0.0000219243  -0.0000009018   0.0000011127
       -0.0042780579  -0.0118605424   0.0083218270  -0.0003032732   0.0006515917
        0.0025178465   0.0000173182   0.0000418310  -0.0000091382  -0.0035449799
        0.0025342669  -0.0015134299   0.0023871405   0.0217729841  -0.0093130472
       -0.0566011887  -0.0526832189   0.0266530214   0.0001151521   0.0001217843
       -0.0011736106   0.0002715113   0.0009406429  -0.0002867676  -0.0156044864
       -0.0261796104   0.0011796773   0.0002190897  -0.0007019507   0.0001745775
       -0.0001310453  -0.0000772615   0.0001129776  -0.0000524986  -0.0001016080
       -0.0002215379  -0.0001479030  -0.0002698330   0.0004495483  -0.0002514230
       -0.0005853977   0.0006148517  -0.0002782210   0.0004225958   0.0007500730
       -0.0000661740   0.0000063108  -0.0000029331  -0.0000009496   0.0000432231
       -0.0000362688  -0.0000454211   0.0000680954   0.0000434372  -0.0001746402
       -0.0001638891   0.0000609317   0.0001457863   0.0012882584  -0.0003800028
        0.0007754836   0.0003623641  -0.0000523650   0.0796064301   0.0655971079
       -0.0235240327  -0.0001822641   0.0000413872   0.0000311276   0.0001983802
       -0.0000473936  -0.0001549930  -0.0012006569  -0.0029226130  -0.0039079339
       -0.0002034726  -0.0000580406  -0.0000055468   0.0000965168  -0.0001028338
       -0.0002369614   0.0000354977  -0.0000151085   0.0000170459   0.0000183283
        0.0000217125   0.0000287865   0.0000030132   0.0000104569   0.0000153403
       -0.0001132688   0.0000817343   0.0000028945  -0.0007451648   0.0017445745
       -0.0001336045   0.0000088027   0.0000069439  -0.0000172556  -0.0000016084
       -0.0000025551   0.0000091960   0.0000282469   0.0000139907  -0.0000137311
       -0.0011461115   0.0009662949   0.0022839297   0.0002207348   0.0007072992
       -0.0001950848  -0.0000916853   0.0001219910  -0.0001339413   0.0043203792
       -0.0019175733   0.0012772675  -0.0005355315  -0.0216047034   0.0104581348
       -0.0515744704  -0.2000537560   0.0747548583  -0.0000511429   0.0005142395
       -0.0009887153  -0.0005189178  -0.0000875069  -0.0005000393  -0.0162621726
       -0.0191548282  -0.0018153538  -0.0000703023  -0.0006694044   0.0001762204
        0.0001507434   0.0000611609  -0.0001251224  -0.0001310225  -0.0003238522
       -0.0002201910  -0.0001182206  -0.0001741828   0.0004513801   0.0000446184
       -0.0001087688   0.0000165629   0.0018102962  -0.0002371817  -0.0022707217
       -0.0000161619   0.0000412186   0.0000173626   0.0000318567   0.0000574230
       -0.0000512170   0.0000283393  -0.0000123426  -0.0000485829  -0.0000165813
        0.0003674655  -0.0001205987  -0.0002165782  -0.0013846379   0.0004157791
       -0.0004744424   0.0001532544  -0.0003483915   0.0655971079   0.2441195677
       -0.0802654293   0.0000236833   0.0000053321  -0.0000752802   0.0000132603
        0.0002212245  -0.0001723173  -0.0011566690  -0.0010486809  -0.0031278533
       -0.0000930558  -0.0001565635   0.0001147955  -0.0002315040  -0.0001185848
        0.0000039949  -0.0000577266  -0.0000468432   0.0000136073   0.0000117214
       -0.0000340710  -0.0000292322  -0.0000141396   0.0000028431   0.0000101430
       -0.0000647276   0.0000980362   0.0000297073   0.0005595395  -0.0003111864
        0.0004695118   0.0000122770  -0.0000049994  -0.0000197497  -0.0000076763
        0.0000225062   0.0000131310   0.0000242830  -0.0000101894   0.0000014353
        0.0094436983   0.0221246778  -0.0149123614   0.0016960524  -0.0013463528
       -0.0047026815  -0.0000168944  -0.0001979802   0.0003178851  -0.0012344429
        0.0003525615   0.0005506774  -0.0001203806   0.0051342977  -0.0008524070
        0.0264271529   0.0756371076  -0.0758766231   0.0005383411   0.0004773233
        0.0000459530  -0.0005105592   0.0008880196  -0.0001607385  -0.0107249539
       -0.0199984365   0.0056542917   0.0000276175   0.0011689266   0.0006534999
       -0.0000103870  -0.0001282138   0.0000024356  -0.0003947617  -0.0001998063
       -0.0000817527   0.0000162915  -0.0001062177   0.0001795593   0.0004481195
        0.0012034929  -0.0010098033  -0.0007739869  -0.0004282877   0.0000821621
        0.0000931568   0.0000348512   0.0000551640  -0.0000041380  -0.0000894951
        0.0000257197   0.0000598278   0.0000052337  -0.0000291122  -0.0000859628
       -0.0000669114  -0.0001098814   0.0001347410   0.0003276546  -0.0001528728
        0.0000990228  -0.0005977081   0.0004639550  -0.0235240327  -0.0802654293
        0.0910661688   0.0000120260  -0.0001421320   0.0002324847  -0.0001197061
       -0.0005322962  -0.0007857830  -0.0025040215  -0.0023122507  -0.0013923325
       -0.0000314330  -0.0000591323  -0.0000832074  -0.0001555309   0.0001663786
        0.0001428562   0.0000008477  -0.0000279981  -0.0000363337   0.0000964443
        0.0000007558   0.0000026757   0.0000226550   0.0000350917  -0.0000233489
       -0.0000545200  -0.0000331726  -0.0000103532   0.0011817132  -0.0010283827
        0.0007135876   0.0000223018   0.0000050892   0.0000179045  -0.0000243295
        0.0000235168  -0.0000228582  -0.0000299687  -0.0000247752   0.0000354706
       -0.0008291698   0.0034246583  -0.0238085779   0.0007833679   0.0006058066
       -0.0013003545   0.0000570691  -0.0001638786   0.0001082625   0.0000286233
        0.0000674076   0.0001913172  -0.0013792349   0.0010666471   0.0014292703
       -0.0031012636  -0.0008821456  -0.0013636500  -0.0406923340  -0.0021204513
        0.0064032226  -0.0025888733  -0.0030491854   0.0218631214  -0.0002025189
       -0.0006806148  -0.0018472754  -0.0004631132  -0.0005674211  -0.0007996804
        0.0001041277   0.0008973528   0.0009495871   0.0000431681   0.0001579019
       -0.0000864137   0.0000674969   0.0000036236   0.0000554538  -0.0009975629
       -0.0006570809   0.0004019275   0.0000982059  -0.0001798338   0.0000890845
        0.0000079512  -0.0000214715   0.0000496279  -0.0000805330  -0.0000250339
       -0.0000404429   0.0002999753   0.0002209231  -0.0000152325  -0.0000214175
        0.0000471327  -0.0000557725  -0.0000606685  -0.0000189028   0.0000676651
        0.0001300126   0.0002962830   0.0004140836  -0.0001822641   0.0000236833
        0.0000120260   0.0476496762   0.0022687228  -0.0061653224   0.0019466498
       -0.0014751052   0.0039145432   0.0000540055   0.0000845053  -0.0000428499
       -0.0002929699   0.0002130541   0.0002116271  -0.0001344437   0.0001375241
        0.0001289179  -0.0003997641  -0.0005439884   0.0000959384   0.0002010791
        0.0007613084  -0.0009901565   0.0000221131   0.0000367640   0.0000346321
       -0.0000073538   0.0000404467   0.0000133372  -0.0000570135   0.0000099890
        0.0000696497   0.0000556855   0.0000284505   0.0000228041  -0.0000344556
        0.0000344617  -0.0000479891  -0.0000242527  -0.0000415336   0.0000376185
       -0.0003620374   0.0010625234  -0.0067842612  -0.0002855154   0.0001578805
       -0.0013117074  -0.0003405067  -0.0004065122  -0.0005516092   0.0000470694
       -0.0000874251  -0.0000901490   0.0009658169  -0.0013897405  -0.0016886782
       -0.0007292708  -0.0005467690  -0.0010955152  -0.0022207440  -0.0468026683
        0.0465851737   0.0037049211   0.0019115537  -0.0146240298  -0.0000026627
       -0.0000066941  -0.0005403498  -0.0001508407   0.0000193181   0.0001511904
       -0.0007857977   0.0003598445  -0.0007116853  -0.0000954555  -0.0000329858
       -0.0000195134   0.0000237080  -0.0000196079   0.0000119074  -0.0008239222
        0.0000257540   0.0000701583   0.0003368229  -0.0003296468   0.0001029058
        0.0000502922   0.0000360383   0.0000146440   0.0001178711   0.0000465288
        0.0001271799   0.0002475651  -0.0013432791  -0.0001077532  -0.0000205094
        0.0000226706   0.0001305180  -0.0000126693  -0.0000172713   0.0000030935
       -0.0001447373  -0.0003272261  -0.0003920631   0.0000413872   0.0000053321
       -0.0001421320   0.0022687228   0.0586711009  -0.0514881440  -0.0017607183
       -0.0107969833   0.0325054522   0.0000035777   0.0000504676  -0.0000307034
       -0.0001192793   0.0000350823  -0.0001320516   0.0002785669  -0.0000129835
       -0.0000567678  -0.0002092036   0.0003966072  -0.0002048325  -0.0000786855
       -0.0007261192   0.0004286368   0.0000290394   0.0000331023   0.0000071665
        0.0000069391  -0.0000044999  -0.0000159220  -0.0000522020   0.0000413587
       -0.0001648426   0.0000438596  -0.0000163773   0.0000009945   0.0000396011
       -0.0000123054   0.0000039634  -0.0000110026   0.0000039318   0.0000097266
       -0.0015495291   0.0014876176  -0.0155865410   0.0008680353   0.0010407461
        0.0007259883  -0.0000679688   0.0002249672   0.0000488024   0.0000289297
       -0.0000834115  -0.0003379980   0.0010525401  -0.0007157166  -0.0013157727
       -0.0023646608  -0.0010600910  -0.0015503706   0.0042031506   0.0468631015
       -0.2662883401   0.0051878930  -0.0004471782  -0.0157114999  -0.0002591210
       -0.0005274514  -0.0013978431  -0.0002441236  -0.0002298273  -0.0004732110
       -0.0014793879  -0.0000315931   0.0002062846   0.0000472345   0.0001674780
        0.0000435391   0.0000948013   0.0000140301   0.0001421488  -0.0004638246
       -0.0003345570   0.0005767501  -0.0000176504   0.0001044370  -0.0001404576
        0.0000626445   0.0000181688   0.0000759980   0.0001502610   0.0000879116
        0.0000929648   0.0002781038  -0.0006009605   0.0003715424   0.0000310855
       -0.0000199447   0.0000973271   0.0000327014  -0.0000199065  -0.0000054192
       -0.0002195321  -0.0002216205  -0.0002397375   0.0000311276  -0.0000752802
        0.0002324847  -0.0061653224  -0.0514881440   0.3078854855   0.0007577506
        0.0054666913  -0.0086228573   0.0001697061   0.0001363933  -0.0000146213
       -0.0001354438   0.0000931778   0.0001588079  -0.0002218358   0.0001341833
        0.0001907265   0.0003763270   0.0006205494  -0.0001462056  -0.0001893526
       -0.0006497582   0.0007481321   0.0000273364   0.0000243195   0.0000141400
        0.0000042077   0.0000149389  -0.0000236358   0.0000091387  -0.0000276120
        0.0002409919   0.0000425193   0.0000308507  -0.0000038384  -0.0000633805
        0.0000379617  -0.0000391480  -0.0000143605  -0.0000344712   0.0000453827
       -0.0071892541  -0.0250885090   0.0015393199  -0.0040496806  -0.0020609270
       -0.0025008858  -0.0000059558   0.0001867372  -0.0001338999   0.0000962825
        0.0000855320  -0.0001011249  -0.0012597062   0.0008271154   0.0007772198
       -0.0001991300  -0.0002338194   0.0003740894  -0.0409033679  -0.0253298751
        0.0018171314  -0.0011672919   0.0236438118  -0.0007094349  -0.0002042542
        0.0000695899  -0.0001477720  -0.0004184770  -0.0014290148   0.0001558201
       -0.0000408538   0.0012007285   0.0010573695  -0.0001025938  -0.0010500959
        0.0005979758  -0.0002047352  -0.0000413835  -0.0000633546  -0.0000230405
        0.0001470690  -0.0001141330   0.0003436600   0.0001439710  -0.0002701164
       -0.0001225210  -0.0000444973  -0.0000647386  -0.0000066531   0.0000563159
        0.0000464896  -0.0000403184   0.0001076334   0.0000540495  -0.0000053361
       -0.0000257965   0.0000223275  -0.0000057735  -0.0000103607   0.0000157767
        0.0000613135   0.0001181689   0.0002731420   0.0001983802   0.0000132603
       -0.0001197061   0.0019466498  -0.0017607183   0.0007577506   0.0537668431
        0.0312134968  -0.0034983358   0.0000144741   0.0000104060  -0.0000473213
        0.0005226891   0.0000065971   0.0002901421  -0.0002859656  -0.0000873030
        0.0001810469  -0.0000311298   0.0004347048  -0.0005369444  -0.0002790131
       -0.0014125373   0.0007562773  -0.0000469660   0.0000693519  -0.0001564907
       -0.0000158258  -0.0000079820   0.0000731509  -0.0003377175   0.0002331023
       -0.0002977246  -0.0000288416   0.0000200820  -0.0000033615  -0.0000052981
       -0.0000205419   0.0000060493   0.0000294085   0.0000156877  -0.0000297838
       -0.0063534964  -0.0113072118  -0.0001491523  -0.0018104962  -0.0006776773
       -0.0012917750   0.0000251452  -0.0000126326   0.0001796488  -0.0000498487
        0.0000453978   0.0000839967   0.0013362934  -0.0007016475  -0.0008477490
       -0.0000404617  -0.0002422981   0.0002764009  -0.0289869056  -0.2621720138
        0.0324327763   0.0055776624  -0.0188831203  -0.0014590169   0.0000801485
        0.0002583204   0.0000612345   0.0008166227  -0.0006247582   0.0004162421
       -0.0013759836   0.0001887623  -0.0007560823   0.0000108412  -0.0004856317
        0.0002360973  -0.0001014975   0.0000413472   0.0000012031   0.0000725882
       -0.0000251323  -0.0001334917   0.0014723006   0.0006250729  -0.0001769307
       -0.0000402936  -0.0000255398  -0.0000192051   0.0000283929   0.0001425158
       -0.0000377050  -0.0001133249  -0.0000804707  -0.0001136878  -0.0000067413
        0.0000575862   0.0000046221  -0.0000369644   0.0000814626  -0.0000019088
       -0.0001153604  -0.0001098839  -0.0001998392  -0.0000473936   0.0002212245
       -0.0005322962  -0.0014751052  -0.0107969833   0.0054666913   0.0312134968
        0.3037564862  -0.0338638529   0.0000974928   0.0000684786   0.0000087232
       -0.0000285607  -0.0002694696   0.0002669188  -0.0002271771   0.0000381629
        0.0001131631   0.0000937925  -0.0005135679   0.0005646332   0.0001854908
        0.0011773369  -0.0005795772  -0.0000276177   0.0000184777  -0.0000685501
        0.0000167950   0.0000007448   0.0000363229  -0.0001841381   0.0001939011
        0.0001035434  -0.0000138428   0.0000173745  -0.0000062337  -0.0000221364
       -0.0000017182  -0.0000002704   0.0000302830  -0.0000028954  -0.0000148931
       -0.0029138947  -0.0123616472   0.0016815148  -0.0012473984  -0.0002781845
       -0.0007425632   0.0000120795   0.0002342962  -0.0000758002  -0.0000571389
        0.0000620852   0.0001139338   0.0012032868  -0.0001462741  -0.0017259712
       -0.0005716806  -0.0006527223   0.0001195342   0.0020736760   0.0289459727
       -0.0441223561   0.0018826761  -0.0139010678   0.0015953061   0.0001474700
        0.0001885289   0.0000254636  -0.0000505210   0.0001145799   0.0008277798
       -0.0006487039  -0.0005718640   0.0002463808  -0.0001193297  -0.0002689073
        0.0003535879  -0.0000025909   0.0000147426  -0.0000500188  -0.0001236616
        0.0001193083   0.0000221727   0.0001225670  -0.0003003147  -0.0001488183
       -0.0000310375   0.0000163488  -0.0000195672   0.0000473297   0.0000121150
        0.0000327759   0.0001857891  -0.0000806442   0.0000422116  -0.0000180036
        0.0000266635   0.0000339015   0.0000207282   0.0000751444  -0.0000210336
       -0.0000829045  -0.0002006398  -0.0003670647  -0.0001549930  -0.0001723173
       -0.0007857830   0.0039145432   0.0325054522  -0.0086228573  -0.0034983358
       -0.0338638529   0.0528884928  -0.0000365327  -0.0000034538  -0.0000185789
        0.0002997106  -0.0000219981  -0.0000671822   0.0002544537   0.0001101968
       -0.0001576474  -0.0003470866  -0.0003586345   0.0002436753   0.0002368855
        0.0006889886  -0.0006344961   0.0000041827   0.0000366675  -0.0000381204
        0.0000082980  -0.0000210836   0.0000182967  -0.0005161039   0.0000508121
       -0.0006465764  -0.0000042806  -0.0000041176   0.0000025630   0.0000126446
        0.0000003739   0.0000120993  -0.0000021227   0.0000054471  -0.0000152548
        0.0010627035   0.0004465642  -0.0005481446   0.0005428505   0.0002185712
       -0.0002166631  -0.0002125764   0.0000095228  -0.0003216699  -0.0002378596
       -0.0005158605  -0.0002438224   0.0001557730  -0.0006485445   0.0008640461
       -0.0167212529  -0.0211544710   0.0051865964  -0.0000710733   0.0000005531
        0.0003143625  -0.0002748078  -0.0003799140  -0.0003563139  -0.0995512815
       -0.1415850908   0.0583061441   0.0002517025  -0.0001084276   0.0001991346
        0.0000340665   0.0001010178   0.0000684664   0.0002758388   0.0024430991
        0.0034950414   0.0003158948  -0.0007436118  -0.0042461212   0.0000314512
        0.0000801312   0.0001173372  -0.0003392387   0.0000228747   0.0000181715
        0.0001124936  -0.0002432351  -0.0001972959   0.0000551859  -0.0000153665
        0.0000093393  -0.0000386175   0.0001117994   0.0000638817  -0.0004023141
        0.0018787989  -0.0000207000   0.0002805631  -0.0000105028   0.0002947767
       -0.0002303289  -0.0001196440  -0.0000093743  -0.0012006569  -0.0011566690
       -0.0025040215   0.0000540055   0.0000035777   0.0001697061   0.0000144741
        0.0000974928  -0.0000365327   0.1153011785   0.1621570136  -0.0612132244
       -0.0001623012   0.0002573762  -0.0000304218   0.0000075343   0.0000995507
        0.0000394205   0.0000901162   0.0000632932   0.0000963883  -0.0000283334
        0.0000031073  -0.0000211017  -0.0006263967   0.0000328037  -0.0001961150
        0.0012112332  -0.0011918656   0.0009517280   0.0002286917  -0.0000543710
       -0.0000261374  -0.0001512898  -0.0000631653   0.0000520724   0.0001217341
       -0.0001055447   0.0000744622   0.0001008376   0.0000691364  -0.0001334157
       -0.0006921992   0.0004454793   0.0011240469   0.0001229175   0.0004724726
       -0.0001065002  -0.0003273136  -0.0000317346  -0.0001409089   0.0001430172
        0.0001540481   0.0003431917  -0.0000386600   0.0008606730   0.0004565817
       -0.0116486555  -0.0156127233  -0.0041219182  -0.0001774538  -0.0002361820
        0.0000960812  -0.0001273412  -0.0002039037  -0.0000136563  -0.1500116355
       -0.2434857306   0.1275071344  -0.0003386230  -0.0005834882   0.0001754638
        0.0000894359   0.0000208589   0.0000343912   0.0002580226   0.0026023716
        0.0028809580  -0.0004148968   0.0004043536  -0.0030410277   0.0000671958
        0.0000745628   0.0000968309   0.0003209691   0.0003861677  -0.0000606482
        0.0003984122  -0.0008178932  -0.0003192089   0.0000888384  -0.0001507872
        0.0001763226  -0.0000365118  -0.0000430796  -0.0000184754   0.0011132395
       -0.0005579196   0.0000331780   0.0002066590   0.0000802640  -0.0000409500
        0.0003365396  -0.0000970608  -0.0001806027  -0.0029226130  -0.0010486809
       -0.0023122507   0.0000845053   0.0000504676   0.0001363933   0.0000104060
        0.0000684786  -0.0000034538   0.1621570136   0.2623151257  -0.1239680741
        0.0006373414  -0.0003605155  -0.0002259046   0.0000823776   0.0002292140
        0.0002181048   0.0000555092   0.0000692564  -0.0000217574   0.0000683640
       -0.0000218962  -0.0000179572   0.0001424895   0.0002079447  -0.0005386307
        0.0002829396  -0.0047639819   0.0018120056  -0.0002778853  -0.0002584330
        0.0001270734  -0.0000016070   0.0000681807   0.0000024803   0.0002539091
       -0.0002740517  -0.0001706456   0.0000952937   0.0000381429   0.0000823327
       -0.0007994276  -0.0010183876   0.0012808358  -0.0006961883  -0.0004434704
       -0.0004167330  -0.0001149257   0.0001937025  -0.0002698011   0.0002396426
        0.0004004494   0.0001336056  -0.0001465357   0.0002104179   0.0000246541
       -0.0103108889  -0.0207578381   0.0109583149   0.0000638171   0.0000197959
       -0.0002393104  -0.0001874084   0.0001010563   0.0000704869   0.0763260654
        0.1474490087  -0.1099246126   0.0001823533  -0.0000174748  -0.0002604689
        0.0000682252  -0.0000220582  -0.0000468421   0.0013440716  -0.0020622785
       -0.0032343908  -0.0003848410   0.0015850122   0.0027227797  -0.0001004281
       -0.0001300434   0.0001239025   0.0000915704   0.0000356373   0.0000792905
       -0.0000600926   0.0001582722  -0.0000447010  -0.0001060656   0.0000754245
       -0.0001338530   0.0000634344   0.0000565795  -0.0000614391  -0.0004055896
       -0.0000883212   0.0004931827  -0.0000230326  -0.0001243685   0.0000104068
        0.0000278625   0.0000441444  -0.0000285809  -0.0039079339  -0.0031278533
       -0.0013923325  -0.0000428499  -0.0000307034  -0.0000146213  -0.0000473213
        0.0000087232  -0.0000185789  -0.0612132244  -0.1239680741   0.1000288891
        0.0001573891  -0.0001063215   0.0001862853  -0.0000324133  -0.0001600266
        0.0000019426  -0.0000129949  -0.0000351579   0.0000132672   0.0000450460
       -0.0000203461   0.0000129246  -0.0002998451  -0.0001875021   0.0001915059
        0.0003854221   0.0021651256  -0.0000499034  -0.0000021135  -0.0001764582
       -0.0001132958  -0.0000664985  -0.0000441615  -0.0000185048  -0.0000102334
        0.0000673516  -0.0000211128  -0.0000240473  -0.0000498555  -0.0000431917
       -0.0234880487  -0.0010757194  -0.0147657432   0.0001120454  -0.0005592896
        0.0001901642   0.0000725702   0.0000693455   0.0000173428   0.0000331929
       -0.0000730251  -0.0000070404   0.0000646852  -0.0001763529  -0.0001209580
        0.0000188711  -0.0007765517  -0.0011714941  -0.0031945252   0.0038755345
        0.0002525379  -0.0009667810  -0.0003962771  -0.0006127681   0.0010814065
       -0.0002614657   0.0001199796  -0.1691552533  -0.0381955107  -0.0952622549
       -0.0001897883   0.0002028293   0.0002194068   0.0003205637   0.0002872710
       -0.0001225301  -0.0000142631   0.0000083945   0.0002164475  -0.0001268718
        0.0000130119  -0.0000702567  -0.0140279903  -0.0198236185  -0.0022313632
       -0.0003457235  -0.0007674249   0.0007894571   0.0000200492   0.0000287327
       -0.0000070980   0.0000366272  -0.0000849475   0.0000245868   0.0000152972
        0.0000589479   0.0000406084   0.0000273421  -0.0000439465   0.0000083546
        0.0000357812  -0.0000373656   0.0000169936  -0.0002034726  -0.0000930558
       -0.0000314330  -0.0002929699  -0.0001192793  -0.0001354438   0.0005226891
       -0.0000285607   0.0002997106  -0.0001623012   0.0006373414   0.0001573891
        0.2040906138   0.0572473211   0.1087498734   0.0054834748   0.0013063116
        0.0030093834   0.0000472001   0.0000072262   0.0000290930  -0.0001418877
        0.0000513158   0.0000057249  -0.0000268102  -0.0000411797  -0.0000400758
       -0.0000536546   0.0000408962   0.0000126689   0.0007146879  -0.0002310903
       -0.0004467145  -0.0001108334  -0.0001642229  -0.0000476365  -0.0001064425
       -0.0008119327   0.0008333091  -0.0000894800  -0.0000736630   0.0000797786
        0.0164134832   0.0038913299   0.0105566190   0.0002931315   0.0006025634
       -0.0001077859  -0.0000583312  -0.0000535643  -0.0000755620   0.0000258591
        0.0000414109   0.0000112610  -0.0000365412   0.0000513169   0.0000801113
       -0.0001853808   0.0005786630   0.0004871517   0.0027713902  -0.0023736447
       -0.0003758272   0.0007844414   0.0002101460   0.0004187288  -0.0002235517
        0.0001683349   0.0001862964  -0.0399746781  -0.0497952687  -0.0330350489
        0.0002050539  -0.0001506124  -0.0001799085   0.0003640637  -0.0006695501
        0.0003822330  -0.0000615519  -0.0002227774  -0.0002506031  -0.0000159620
       -0.0000317544  -0.0000332582  -0.0317763455  -0.0283747083  -0.0092329357
       -0.0006202232  -0.0005377106   0.0007230620  -0.0000000291  -0.0000302506
        0.0000018068  -0.0000807503   0.0000615344  -0.0000411887   0.0000109738
       -0.0000251151  -0.0000164038  -0.0000338210   0.0000089352   0.0000011583
       -0.0000227305  -0.0000105917  -0.0000031811  -0.0000580406  -0.0001565635
       -0.0000591323   0.0002130541   0.0000350823   0.0000931778   0.0000065971
       -0.0002694696  -0.0000219981   0.0002573762  -0.0003605155  -0.0001063215
        0.0572473211   0.0777011036   0.0351442202  -0.0046219690  -0.0005773148
       -0.0054047806  -0.0000226987  -0.0000179186  -0.0000213776   0.0001058060
       -0.0000316737   0.0000142554  -0.0000858773  -0.0000275256  -0.0000226868
        0.0000258403   0.0000414590  -0.0000127469  -0.0000160683   0.0006394183
       -0.0000467683  -0.0001877824  -0.0001378348  -0.0000447167  -0.0006479267
       -0.0000918921   0.0010129346   0.0000058680  -0.0000850412  -0.0000207844
       -0.0017056571   0.0005498123   0.0002001255  -0.0002750674  -0.0000081717
        0.0000613297   0.0000356977   0.0000119549   0.0000313781  -0.0000021881
       -0.0000297879   0.0000146232  -0.0000548937  -0.0000206043  -0.0000737720
        0.0005031613  -0.0005203231   0.0000219361  -0.0002424912   0.0003563755
        0.0008035484  -0.0001053486  -0.0000849640  -0.0001792608   0.0001418236
        0.0004628531   0.0003939284  -0.0962705911  -0.0346687402  -0.1182076719
       -0.0000409935   0.0000576196   0.0000558724  -0.0005161417   0.0008706764
        0.0004178195   0.0001355600  -0.0000072555   0.0000040944  -0.0001353928
       -0.0001732370  -0.0001472027   0.0079501492   0.0052833799   0.0077270492
        0.0002298182   0.0003877984   0.0002209829   0.0000270213   0.0000229936
       -0.0000183059   0.0000917402  -0.0000726180   0.0000128305   0.0000088396
        0.0000224933   0.0000356267   0.0000193767   0.0000080966  -0.0000260149
        0.0000155333   0.0000118686   0.0000163807  -0.0000055468   0.0001147955
       -0.0000832074   0.0002116271  -0.0001320516   0.0001588079   0.0002901421
        0.0002669188  -0.0000671822  -0.0000304218  -0.0002259046   0.0001862853
        0.1087498734   0.0351442202   0.1303833844  -0.0228489636  -0.0085512458
       -0.0218867369   0.0000214776  -0.0000013587   0.0000038857  -0.0000572534
        0.0000206571   0.0000170982   0.0000168853  -0.0000268819  -0.0000050778
        0.0000387219  -0.0000910341  -0.0001182320   0.0023746169   0.0007481823
        0.0018171706   0.0001147725  -0.0001212212   0.0000206657   0.0012991662
        0.0007362792  -0.0017883758   0.0000149466  -0.0003415756  -0.0000037835
       -0.0088643885   0.0077190226   0.0218312658   0.0003781437  -0.0007798093
        0.0003157716   0.0000241934  -0.0001127303  -0.0000634505   0.0000224550
       -0.0000379416  -0.0000438035  -0.0008116660   0.0001526871   0.0010726163
       -0.0029926722   0.0032280727  -0.0008026271   0.0010239631  -0.0001714192
        0.0004796900   0.0000247497   0.0000403269   0.0001649752   0.0003772113
        0.0000229283   0.0003691681  -0.0598666791   0.0111700002   0.0554466930
        0.0000758331  -0.0000309942  -0.0000452529   0.0002497383   0.0001635861
       -0.0002000629  -0.0001484749  -0.0000213439   0.0000369218   0.0001613862
        0.0003095320  -0.0002574845  -0.0038861380  -0.0030763052   0.0151567545
       -0.0002649447  -0.0006350617  -0.0000761652   0.0000080907  -0.0000423159
        0.0000019286  -0.0000551978   0.0000230332   0.0000072016  -0.0000054104
       -0.0000224917  -0.0000035720  -0.0000019115  -0.0000060275   0.0000001017
       -0.0003457718   0.0001796546  -0.0000327516   0.0000965168  -0.0002315040
       -0.0001555309  -0.0001344437   0.0002785669  -0.0002218358  -0.0002859656
       -0.0002271771   0.0002544537   0.0000075343   0.0000823776  -0.0000324133
        0.0054834748  -0.0046219690  -0.0228489636   0.0711535965  -0.0099930273
       -0.0721302027  -0.0000296339  -0.0000170297  -0.0000157351   0.0000487259
       -0.0000143809  -0.0000109819   0.0000012778  -0.0000242158  -0.0000000664
       -0.0000308330   0.0000284006   0.0000505649  -0.0004219713  -0.0022621703
        0.0016485389  -0.0000358618   0.0001309056  -0.0000086774  -0.0009516217
       -0.0012910292   0.0000530267  -0.0000033046   0.0000898494   0.0000599048
        0.0082027739  -0.0057311833  -0.0188539584   0.0004939840   0.0003237077
       -0.0009646887  -0.0000975779   0.0000684112   0.0001025515  -0.0000106267
        0.0000920330  -0.0000100390   0.0007629622  -0.0001930695  -0.0010385049
        0.0032790287  -0.0025215042   0.0006647262  -0.0008411916   0.0005329216
       -0.0001180700  -0.0000932745  -0.0001763842  -0.0002009219  -0.0003470061
       -0.0001543202   0.0000151558   0.0121602167  -0.0457580275  -0.0444303569
       -0.0000444474   0.0000263628   0.0000468678   0.0001240816  -0.0003255023
       -0.0004210677  -0.0000344694  -0.0000504914   0.0000945546   0.0003328052
       -0.0005927100   0.0006785080  -0.0104257192  -0.0029816757   0.0321294524
       -0.0001781990  -0.0004594664   0.0000631547  -0.0000301354   0.0000102914
        0.0000017880  -0.0000064994   0.0000331725  -0.0000012437  -0.0000066051
        0.0000362333   0.0000296899  -0.0000399038  -0.0000035523   0.0000602523
        0.0002966819  -0.0001983702   0.0000724634  -0.0001028338  -0.0001185848
        0.0001663786   0.0001375241  -0.0000129835   0.0001341833  -0.0000873030
        0.0000381629   0.0001101968   0.0000995507   0.0002292140  -0.0001600266
        0.0013063116  -0.0005773148  -0.0085512458  -0.0099930273   0.0629727364
        0.0367554576   0.0000165099   0.0000147625   0.0000223816  -0.0000282849
        0.0000070611   0.0000064297   0.0000223247   0.0000730566   0.0000308870
       -0.0000238207   0.0001011816   0.0000926836  -0.0031934395  -0.0042582857
        0.0032530442   0.0000755326   0.0002155860   0.0000648708  -0.0016614830
       -0.0005892598  -0.0000003392  -0.0000644404  -0.0000722089   0.0001547849
        0.0034412885  -0.0033954199  -0.0046231552  -0.0004172011   0.0005378649
        0.0004111905  -0.0000310318   0.0000651898  -0.0000041750  -0.0000408262
        0.0000059776   0.0000349558   0.0002245806   0.0000130521  -0.0003017128
        0.0007638698  -0.0005823499   0.0006960321  -0.0006526220   0.0004194820
        0.0005614186  -0.0001252712  -0.0000150784  -0.0001503064  -0.0000494105
       -0.0000669286   0.0000052073   0.0567765031  -0.0396503600  -0.2447063616
       -0.0000741627   0.0000348816   0.0000541162   0.0001074237  -0.0004614853
       -0.0004601736  -0.0000311046   0.0000008479   0.0001306729  -0.0000190151
       -0.0000536694   0.0003429917   0.0071768474   0.0081448758  -0.0178663644
        0.0003381398   0.0002142862   0.0000325543  -0.0000324566   0.0000104480
        0.0000066249  -0.0000034814   0.0000277332   0.0000229627  -0.0000079175
        0.0000269038  -0.0000060978   0.0000153809  -0.0000199874   0.0000204087
        0.0000806958  -0.0000265525   0.0000597461  -0.0002369614   0.0000039949
        0.0001428562   0.0001289179  -0.0000567678   0.0001907265   0.0001810469
        0.0001131631  -0.0001576474   0.0000394205   0.0002181048   0.0000019426
        0.0030093834  -0.0054047806  -0.0218867369  -0.0721302027   0.0367554576
        0.2866471874   0.0000337058   0.0000244453   0.0000248114  -0.0000165752
       -0.0000002335  -0.0000009818   0.0000059496   0.0000308291   0.0000076517
       -0.0000277422   0.0000664653   0.0000496600   0.0021326888   0.0027157961
        0.0001340865   0.0000590249   0.0001846829  -0.0000050426  -0.0006002051
       -0.0000855918   0.0005763999  -0.0000186801   0.0002047230   0.0000145516
        0.0001533958   0.0000289654  -0.0000019126   0.0000249766   0.0000104780
       -0.0000169692   0.0000060099  -0.0000270016  -0.0000388005  -0.0000131134
        0.0000841106  -0.0000275494  -0.0039196146   0.0022314588  -0.0016222624
       -0.0001057299  -0.0008577064  -0.0007193579   0.0014032119  -0.0010676180
        0.0000604093  -0.0132603450  -0.0168499390  -0.0260157594  -0.0007823761
        0.0001390083  -0.0003253299   0.0000400602  -0.0000504785  -0.0000012699
       -0.0687649497  -0.0407563448  -0.0651660489   0.0000578351   0.0000049490
       -0.0000263524  -0.0000001651  -0.0000054092   0.0000431879  -0.0000337632
       -0.0000085041   0.0000319272   0.0000475332   0.0000447924   0.0000090667
       -0.0000188204   0.0000004565   0.0000227371   0.0000065639   0.0000238405
        0.0000115274  -0.0000303821  -0.0000603917  -0.0000338240  -0.0000051176
       -0.0000848632   0.0000481147  -0.0000277149  -0.0000185949   0.0000287617
       -0.0001018875  -0.0000148785  -0.0001686544   0.0000354977  -0.0000577266
        0.0000008477  -0.0003997641  -0.0002092036   0.0003763270  -0.0000311298
        0.0000937925  -0.0003470866   0.0000901162   0.0000555092  -0.0000129949
        0.0000472001  -0.0000226987   0.0000214776  -0.0000296339   0.0000165099
        0.0000337058   0.0805271716   0.0469023720   0.0788540253   0.0050659084
        0.0104491970   0.0149669457  -0.0000040590   0.0000108057   0.0000023036
        0.0000101231   0.0000297999   0.0000087948   0.0000010218  -0.0000327848
        0.0000139726   0.0000126573   0.0000023433  -0.0000042192  -0.0000019545
        0.0000039779  -0.0000096093   0.0000012380  -0.0000082234   0.0000038687
        0.0000709544  -0.0000065036  -0.0000087537  -0.0000424449   0.0000251879
       -0.0000024297  -0.0000873818  -0.0000813700   0.0000572676   0.0011435857
        0.0011557473   0.0014908990   0.0007731630   0.0087115801  -0.0053099229
       -0.0001519599  -0.0006983728  -0.0007487558  -0.0000330383  -0.0030132207
        0.0027750069  -0.0027063316  -0.0019011174  -0.0018831453  -0.0007671438
        0.0000567263  -0.0002640855   0.0000446010  -0.0000352835   0.0000246362
       -0.0415057457  -0.1073053208  -0.1151469126   0.0000430593  -0.0000150223
       -0.0000064927   0.0000083268  -0.0000149167   0.0000333831  -0.0000295849
       -0.0000060950   0.0000213778   0.0000164332   0.0000313166   0.0000105933
       -0.0000083416   0.0000056034   0.0000082391  -0.0000044209  -0.0000092606
        0.0000276073  -0.0000558285  -0.0000652963   0.0000209285   0.0002056595
        0.0006092631  -0.0000224272   0.0001074627  -0.0000180018   0.0000192706
       -0.0001390877  -0.0003808208  -0.0004063098  -0.0000151085  -0.0000468432
       -0.0000279981  -0.0005439884   0.0003966072   0.0006205494   0.0004347048
       -0.0005135679  -0.0003586345   0.0000632932   0.0000692564  -0.0000351579
        0.0000072262  -0.0000179186  -0.0000013587  -0.0000170297   0.0000147625
        0.0000244453   0.0469023720   0.1105039766   0.1330784141  -0.0037198844
       -0.0074404288  -0.0139802794  -0.0000054041   0.0000025023  -0.0000041389
       -0.0000070405   0.0000067180  -0.0000017436   0.0000152898  -0.0000197105
       -0.0000030241   0.0000028346   0.0000002584  -0.0000039678   0.0000014392
        0.0000032835  -0.0000056616  -0.0000006406  -0.0000037183   0.0000085813
        0.0001836463  -0.0000155452  -0.0001447823   0.0000083678   0.0000159591
       -0.0000071446   0.0000030089   0.0001039900  -0.0001354543  -0.0009788326
       -0.0008826630  -0.0012355123  -0.0022148039  -0.0047115661   0.0050222469
        0.0000857475  -0.0001346446   0.0003591176   0.0016219106   0.0026354200
       -0.0009749328  -0.0067283543  -0.0054718317  -0.0101854506   0.0000006319
        0.0000861837   0.0000184600   0.0000460071  -0.0000517971   0.0000592174
       -0.0664853709  -0.1147959292  -0.2037391652   0.0000694460   0.0000047498
       -0.0000151044  -0.0000041759   0.0000103942   0.0000267770  -0.0000286928
        0.0000176087   0.0000552471   0.0000306317   0.0000799380  -0.0000066482
       -0.0000162529   0.0000076274   0.0000255405   0.0000312934   0.0000104739
        0.0000304110  -0.0000378539  -0.0000622688   0.0000082016  -0.0001160402
       -0.0005062266   0.0000767102   0.0000141251   0.0002144665  -0.0001126400
        0.0002840519   0.0003326654   0.0008181041   0.0000170459   0.0000136073
       -0.0000363337   0.0000959384  -0.0002048325  -0.0001462056  -0.0005369444
        0.0005646332   0.0002436753   0.0000963883  -0.0000217574   0.0000132672
        0.0000290930  -0.0000213776   0.0000038857  -0.0000157351   0.0000223816
        0.0000248114   0.0788540253   0.1330784141   0.2229309539  -0.0043104667
       -0.0103101061  -0.0129749224  -0.0000174741   0.0000005698  -0.0000008738
        0.0000259142   0.0000222339   0.0000096479  -0.0000021568  -0.0000345255
       -0.0000071323  -0.0000008356  -0.0000007806  -0.0000065781  -0.0000034956
        0.0000102549  -0.0000051622   0.0000002125  -0.0000057196   0.0000077684
       -0.0009648066   0.0008279343   0.0004410118  -0.0000161636   0.0000133640
       -0.0000865844   0.0000126417  -0.0000503657  -0.0000314278  -0.0001063900
        0.0000922747  -0.0001378690   0.0011738280  -0.0001181386   0.0016910423
        0.0001428715   0.0000780891   0.0003209157  -0.0032968189   0.0004588300
       -0.0031178365  -0.0270858223   0.0168519433   0.0162490092   0.0001498866
       -0.0001534770  -0.0000831063  -0.0002002097  -0.0002799916  -0.0002062280
       -0.1629624749   0.0927669682   0.0917733989   0.0000891351   0.0000002076
        0.0000515006  -0.0000320018  -0.0000144013   0.0000071572   0.0000849734
        0.0000284265  -0.0000370527  -0.0000849665   0.0000318098  -0.0000315564
       -0.0000165431  -0.0000320221  -0.0000221101   0.0000154578   0.0000012986
       -0.0000325738  -0.0000872265   0.0001268895   0.0000435387   0.0000691571
       -0.0000261134   0.0000305504  -0.0000082729  -0.0003937740   0.0000673731
       -0.0001259216   0.0000185070  -0.0006392815   0.0000183283   0.0000117214
        0.0000964443   0.0002010791  -0.0000786855  -0.0001893526  -0.0002790131
        0.0001854908   0.0002368855  -0.0000283334   0.0000683640   0.0000450460
       -0.0001418877   0.0001058060  -0.0000572534   0.0000487259  -0.0000282849
       -0.0000165752   0.0050659084  -0.0037198844  -0.0043104667   0.1882998699
       -0.1067314413  -0.1020536767   0.0000022126   0.0000028644  -0.0000129608
       -0.0000160883  -0.0000015506   0.0000015191   0.0000298733  -0.0000406643
        0.0000368150  -0.0000062665  -0.0000048326  -0.0000171761   0.0000358888
       -0.0000041713  -0.0000066444   0.0000193700   0.0000070093  -0.0000024752
        0.0003433598  -0.0002259458  -0.0004056979   0.0000733351   0.0000664256
        0.0000142316   0.0000028501   0.0000000734  -0.0000492625  -0.0005636862
       -0.0004042139  -0.0006558343  -0.0013618931  -0.0032226574   0.0025883874
       -0.0001803413   0.0001458684   0.0000306919   0.0015654179   0.0082349495
       -0.0047124021   0.0032954193  -0.0014921524   0.0001637134   0.0001369315
        0.0000335551   0.0001143629  -0.0000121381   0.0001870843   0.0000354308
        0.0936002271  -0.1045249066  -0.0779419259  -0.0000405843   0.0000002952
       -0.0000231058   0.0000097076   0.0000039445   0.0000038516  -0.0000084027
       -0.0000100679   0.0000189086  -0.0000173745  -0.0001297778   0.0000488375
        0.0000019190   0.0000116329   0.0000102465  -0.0000131333   0.0000095330
       -0.0000075451   0.0000967570   0.0000109717  -0.0000602126  -0.0000461636
       -0.0002918494   0.0000565058  -0.0001028419   0.0000483587   0.0000209028
        0.0000825077   0.0003492473   0.0005937583   0.0000217125  -0.0000340710
        0.0000007558   0.0007613084  -0.0007261192  -0.0006497582  -0.0014125373
        0.0011773369   0.0006889886   0.0000031073  -0.0000218962  -0.0000203461
        0.0000513158  -0.0000316737   0.0000206571  -0.0000143809   0.0000070611
       -0.0000002335   0.0104491970  -0.0074404288  -0.0103101061  -0.1067314413
        0.1082311405   0.0904255440   0.0000097044   0.0000073731   0.0000093721
        0.0000066616   0.0000044591   0.0000020196  -0.0000018316   0.0000246919
       -0.0000155774   0.0000154270   0.0000047570   0.0000086556  -0.0000117040
       -0.0000007690  -0.0000020814  -0.0000084117  -0.0000022298  -0.0000017330
       -0.0003451928   0.0000531171   0.0002671965  -0.0000076826  -0.0000365148
       -0.0000021670   0.0000414015   0.0000039209   0.0000589622   0.0003430616
        0.0003716578   0.0004850711  -0.0003338310   0.0029832424  -0.0008807328
       -0.0000265545  -0.0001173299  -0.0002760558  -0.0022242640  -0.0048969568
        0.0044749960  -0.0030720623   0.0034362035   0.0028766901  -0.0001228426
        0.0000470941   0.0000060402  -0.0001081127  -0.0000364040  -0.0000099180
        0.0931984452  -0.0782663806  -0.1121452476  -0.0000430780  -0.0000078388
       -0.0000264948   0.0000025130   0.0000099701  -0.0000001578  -0.0000282059
       -0.0000123862  -0.0000180159   0.0000803934   0.0000203201  -0.0000063642
       -0.0000007848   0.0000011316   0.0000100656   0.0000071216   0.0000126402
       -0.0000220805   0.0000034941  -0.0000848907  -0.0000716625   0.0000338773
        0.0002011735  -0.0000589668   0.0000382515   0.0000399391   0.0001030914
       -0.0001003578   0.0000060060  -0.0002680189   0.0000287865  -0.0000292322
        0.0000026757  -0.0009901565   0.0004286368   0.0007481321   0.0007562773
       -0.0005795772  -0.0006344961  -0.0000211017  -0.0000179572   0.0000129246
        0.0000057249   0.0000142554   0.0000170982  -0.0000109819   0.0000064297
       -0.0000009818   0.0149669457  -0.0139802794  -0.0129749224  -0.1020536767
        0.0904255440   0.1183348738   0.0000095887   0.0000008895  -0.0000004277
       -0.0000023984   0.0000010866   0.0000023335  -0.0000255129   0.0000081983
        0.0000022215   0.0000089532   0.0000019262   0.0000045514  -0.0000054593
       -0.0000049697  -0.0000034493  -0.0000025791  -0.0000026654  -0.0000067641
       -0.0002929386   0.0000571334  -0.0001809477   0.0015102927  -0.0008976799
        0.0001514833   0.0002252050  -0.0001119715   0.0001280438  -0.0002562907
        0.0000413137   0.0001146895   0.0000430573  -0.0000625162  -0.0001073179
        0.0000348687   0.0001667920  -0.0000750543  -0.0000563937  -0.0001327818
        0.0000874765   0.0001106055  -0.0000118869   0.0000177450   0.0002598388
       -0.0001866944   0.0001383251  -0.0001279900   0.0000977265  -0.0000258563
       -0.0000008171  -0.0000188867   0.0000001887  -0.0089595047  -0.0053467217
       -0.0046387944  -0.2650962053  -0.0785166871  -0.0528483694  -0.0002403795
       -0.0001958856  -0.0002177346   0.0001108652  -0.0000731446   0.0000253398
        0.0012577387   0.0020062162   0.0014301324  -0.0000176031  -0.0001170848
        0.0002401585   0.0000832229  -0.0000218760   0.0000499579   0.0000586400
       -0.0001093725  -0.0003442109  -0.0000586683  -0.0000705373  -0.0001010057
        0.0000108690   0.0000086721   0.0000010443   0.0000030132  -0.0000141396
        0.0000226550   0.0000221131   0.0000290394   0.0000273364  -0.0000469660
       -0.0000276177   0.0000041827  -0.0006263967   0.0001424895  -0.0002998451
       -0.0000268102  -0.0000858773   0.0000168853   0.0000012778   0.0000223247
        0.0000059496  -0.0000040590  -0.0000054041  -0.0000174741   0.0000022126
        0.0000097044   0.0000095887   0.2954691861   0.0894454948   0.0593633241
       -0.0235962560  -0.0067632910  -0.0036427549  -0.0000439437   0.0000456336
       -0.0000134635   0.0005475838   0.0004063165   0.0003464500  -0.0002111559
        0.0003102010   0.0002504080  -0.0000882120  -0.0000190010   0.0000814640
        0.0011083619   0.0005075801   0.0005377199   0.0004787845   0.0035751112
       -0.0081461560  -0.0002951439   0.0001480168  -0.0000905554   0.0001714332
        0.0000121011   0.0000363148   0.0000473962   0.0000327363   0.0000175215
       -0.0001727816  -0.0001392830  -0.0001937299   0.0000801453   0.0001868793
        0.0000100966   0.0000558457   0.0000175515   0.0000188906   0.0000165233
       -0.0001338671   0.0002985784  -0.0000927030  -0.0000411515   0.0000027946
        0.0000016710  -0.0000029111   0.0000181221  -0.0212552363  -0.0103982839
       -0.0074297186  -0.0778029290  -0.0641731667  -0.0248769503  -0.0017551606
       -0.0007978949  -0.0012154237   0.0000679215  -0.0000312322   0.0000222203
       -0.0009491031  -0.0023710880   0.0029775115  -0.0000538347  -0.0001083189
       -0.0000490098  -0.0001000159   0.0002114012   0.0000228673  -0.0001945634
       -0.0000342122   0.0000776372   0.0000163082   0.0000165735   0.0000435351
       -0.0000098790  -0.0000091789   0.0000226461   0.0000104569   0.0000028431
        0.0000350917   0.0000367640   0.0000331023   0.0000243195   0.0000693519
        0.0000184777   0.0000366675   0.0000328037   0.0002079447  -0.0001875021
       -0.0000411797  -0.0000275256  -0.0000268819  -0.0000242158   0.0000730566
        0.0000308291   0.0000108057   0.0000025023   0.0000005698   0.0000028644
        0.0000073731   0.0000008895   0.0894454948   0.0690511177   0.0374080622
        0.0103494110   0.0045336767   0.0007803347  -0.0000316179   0.0000143861
       -0.0000051723   0.0009980593  -0.0004822828  -0.0005532165   0.0003216767
       -0.0001339307  -0.0002602645  -0.0005437155   0.0002318966   0.0006113608
       -0.0016005414  -0.0006510749  -0.0010661418   0.0004577131  -0.0078875938
        0.0037366877   0.0006711151  -0.0001734902   0.0003396584   0.0002181948
       -0.0000605585  -0.0000685454   0.0000274848   0.0000211450  -0.0000047882
        0.0002458650   0.0000757203   0.0000915842  -0.0002492079  -0.0005033632
        0.0002533303   0.0000900576  -0.0000099176  -0.0000005052   0.0000469401
        0.0003460987  -0.0004135247  -0.0001126474   0.0001075545   0.0000120354
       -0.0000129351   0.0000201659   0.0000106057  -0.0206330148  -0.0085329488
       -0.0069911690  -0.0508818964  -0.0249508561  -0.0491205023   0.0001983244
        0.0000930175   0.0001131942   0.0000490426  -0.0000195217  -0.0000127946
       -0.0016416018   0.0029233141  -0.0020748831   0.0001002933   0.0001576900
       -0.0001284491   0.0001935480  -0.0001127538  -0.0000013295  -0.0000557327
       -0.0000071289   0.0001251917   0.0000625992   0.0000539579   0.0000499823
       -0.0000166925   0.0000073919   0.0000066228   0.0000153403   0.0000101430
       -0.0000233489   0.0000346321   0.0000071665   0.0000141400  -0.0001564907
       -0.0000685501  -0.0000381204  -0.0001961150  -0.0005386307   0.0001915059
       -0.0000400758  -0.0000226868  -0.0000050778  -0.0000000664   0.0000308870
        0.0000076517   0.0000023036  -0.0000041389  -0.0000008738  -0.0000129608
        0.0000093721  -0.0000004277   0.0593633241   0.0374080622   0.0519234838
        0.0129975419   0.0027814495   0.0036679665  -0.0000094249   0.0000386501
        0.0000030145   0.0006800397  -0.0007403765  -0.0004356393  -0.0003150574
        0.0004540931   0.0004217296   0.0004801010  -0.0002622891  -0.0005822638
        0.0000585314   0.0000736426   0.0000030435   0.0004385321  -0.0000199714
       -0.0005047841  -0.0003256906  -0.0003253892  -0.0006174351  -0.0021640340
       -0.0011809652  -0.0013261677   0.0001593368   0.0001835281   0.0001943453
        0.0002798762  -0.0001029354   0.0001934984  -0.0000330026  -0.0000373115
       -0.0000157660   0.0000080266   0.0000201246  -0.0001359683  -0.0006883933
       -0.0010297839   0.0001988017  -0.0000145648  -0.0000367601   0.0000251251
       -0.0000068679   0.0000333872   0.0000239519   0.0010379373   0.0009071828
        0.0008864199  -0.1938887869   0.0873403449   0.0982146092  -0.0002180709
       -0.0000197622  -0.0001212271   0.0000321024   0.0000227988  -0.0000216105
        0.0011650584  -0.0001995552  -0.0000469754   0.0000593987  -0.0000582261
       -0.0003489031  -0.0000841025  -0.0000254466   0.0000508135  -0.0024151255
       -0.0001947110   0.0008892271  -0.0001928623   0.0002118244   0.0000743994
       -0.0000405034   0.0000071544   0.0000466585  -0.0001132688  -0.0000647276
       -0.0000545200  -0.0000073538   0.0000069391   0.0000042077  -0.0000158258
        0.0000167950   0.0000082980   0.0012112332   0.0002829396   0.0003854221
       -0.0000536546   0.0000258403   0.0000387219  -0.0000308330  -0.0000238207
       -0.0000277422   0.0000101231  -0.0000070405   0.0000259142  -0.0000160883
        0.0000066616  -0.0000023984  -0.0235962560   0.0103494110   0.0129975419
        0.2186282058  -0.0961988480  -0.1112105800  -0.0000060784   0.0000202548
       -0.0000039731   0.0005438890  -0.0000751251  -0.0000216997   0.0002286035
       -0.0000501231   0.0001995592   0.0000505088   0.0001416735  -0.0000008078
       -0.0003464711  -0.0002948604  -0.0002363497   0.0005899066  -0.0017787400
        0.0024270638   0.0002012685   0.0000640708  -0.0000920741   0.0000136619
       -0.0000565827  -0.0000929270  -0.0001534586  -0.0000413077   0.0001002138
       -0.0001631420  -0.0004694948  -0.0000833121  -0.0000489840  -0.0001086104
        0.0000692507  -0.0000368273  -0.0000649348  -0.0000468598  -0.0001974448
        0.0001626522   0.0001571157  -0.0000749650  -0.0000464109   0.0000321306
        0.0000209232   0.0000391656   0.0000433143   0.0178536957  -0.0102754742
       -0.0104182956   0.0875936590  -0.0888692623  -0.0647554539   0.0003282827
        0.0001860208   0.0003095024  -0.0000676648   0.0000497656   0.0000091550
       -0.0017204179   0.0043533033  -0.0077140493   0.0000269411   0.0003539760
       -0.0000539083   0.0001264908  -0.0000125339   0.0000270732  -0.0009948257
        0.0008572852   0.0004319081   0.0002528086   0.0000698095   0.0001747108
       -0.0000019192   0.0000118479   0.0000173252   0.0000817343   0.0000980362
       -0.0000331726   0.0000404467  -0.0000044999   0.0000149389  -0.0000079820
        0.0000007448  -0.0000210836  -0.0011918656  -0.0047639819   0.0021651256
        0.0000408962   0.0000414590  -0.0000910341   0.0000284006   0.0001011816
        0.0000664653   0.0000297999   0.0000067180   0.0000222339  -0.0000015506
        0.0000044591   0.0000010866  -0.0067632910   0.0045336767   0.0027814495
       -0.0961988480   0.0963515533   0.0760499007   0.0000188516  -0.0000256005
        0.0000049142  -0.0005258762  -0.0000395896   0.0001029575  -0.0004532867
        0.0004969641   0.0002618475   0.0017010533  -0.0009308055  -0.0016311632
        0.0005717143   0.0000606380   0.0001467797   0.0003207980   0.0028532172
       -0.0014291844  -0.0007634182  -0.0003393828  -0.0004284273   0.0002132813
        0.0002079242   0.0002968798  -0.0001072839  -0.0000095553   0.0000717291
       -0.0000311351  -0.0000440999   0.0001065758   0.0000619844   0.0001785924
       -0.0000279728  -0.0000157300  -0.0000138753  -0.0000043698   0.0000433964
        0.0003495852  -0.0001357764   0.0000184250  -0.0000275666   0.0000500409
       -0.0000005385   0.0000221942  -0.0000040361   0.0171510242  -0.0099467608
       -0.0146358727   0.0958063114  -0.0623416590  -0.0963475757   0.0000221600
        0.0000368653   0.0000651329  -0.0000970366   0.0000445940  -0.0000119111
        0.0000080457  -0.0097126294   0.0034366781  -0.0005040898   0.0001731206
       -0.0011051155   0.0001572422   0.0001740053  -0.0000382566   0.0000943826
        0.0000444196   0.0010175607  -0.0000059311   0.0000258002   0.0000404324
        0.0000557396   0.0000530626  -0.0000353004   0.0000028945   0.0000297073
       -0.0000103532   0.0000133372  -0.0000159220  -0.0000236358   0.0000731509
        0.0000363229   0.0000182967   0.0009517280   0.0018120056  -0.0000499034
        0.0000126689  -0.0000127469  -0.0001182320   0.0000505649   0.0000926836
        0.0000496600   0.0000087948  -0.0000017436   0.0000096479   0.0000015191
        0.0000020196   0.0000023335  -0.0036427549   0.0007803347   0.0036679665
       -0.1112105800   0.0760499007   0.1058547010   0.0000355918  -0.0000128385
        0.0000324347  -0.0002084959   0.0000447797   0.0000522899   0.0019603606
       -0.0010947428  -0.0016156420  -0.0010481219   0.0005017500   0.0011024260
        0.0006926232  -0.0001885429  -0.0008319675  -0.0000514158   0.0000155592
        0.0000730506  -0.0000343393   0.0000486224  -0.0000212120   0.0000904687
        0.0000184822   0.0000269464  -0.0002137379  -0.0002373456   0.0000212896
        0.0013472955   0.0018334585  -0.0002692346  -0.0000727486   0.0001226778
        0.0000146230  -0.0002737521   0.0000847697  -0.0000912200  -0.0010974504
       -0.0001110743  -0.0002448782  -0.0066430461  -0.0022784044   0.0127078567
       -0.0000544801  -0.0000611910   0.0000222284   0.0001667119  -0.0000306211
        0.0000781372  -0.0000522591  -0.0000189198  -0.0000404581   0.0000066247
        0.0000321954  -0.0000206060  -0.0173751102  -0.0042469417   0.0638905400
       -0.0001015497   0.0000204902  -0.0000763647  -0.0000291887  -0.0000464814
        0.0000164438  -0.0000271021   0.0000377955  -0.0000411424  -0.0000122266
       -0.0000272042  -0.0000237751  -0.0000091486  -0.0000543611   0.0000211953
       -0.0000159125   0.0000451802   0.0000106542  -0.0007451648   0.0005595395
        0.0011817132  -0.0000570135  -0.0000522020   0.0000091387  -0.0003377175
       -0.0001841381  -0.0005161039   0.0002286917  -0.0002778853  -0.0000021135
        0.0007146879  -0.0000160683   0.0023746169  -0.0004219713  -0.0031934395
        0.0021326888   0.0000010218   0.0000152898  -0.0000021568   0.0000298733
       -0.0000018316  -0.0000255129  -0.0000439437  -0.0000316179  -0.0000094249
       -0.0000060784   0.0000188516   0.0000355918   0.0243721978   0.0082369427
       -0.0804739981  -0.0000490728  -0.0000627954  -0.0000000425   0.0000635641
       -0.0000072373   0.0001368589   0.0000106696   0.0000384483  -0.0000633625
       -0.0000593241   0.0004612437   0.0007481913  -0.0000357504   0.0000236011
        0.0001012394   0.0000966685  -0.0000545555   0.0000084468  -0.0001046188
       -0.0000700943  -0.0000507668   0.0002170553   0.0002402931  -0.0001253730
       -0.0003395681  -0.0010752282   0.0004505568  -0.0001357747   0.0000507818
        0.0000048668   0.0003803395   0.0000944788   0.0001141425  -0.0005022084
        0.0003716162   0.0000338796  -0.0070228507  -0.0000902987   0.0341460657
       -0.0000904650  -0.0000171258  -0.0000014591  -0.0002144978  -0.0000461366
       -0.0000194968   0.0000441307   0.0000687782  -0.0001149556  -0.0000349411
       -0.0000126471  -0.0000656279   0.0002413556  -0.0420609459  -0.0592619343
       -0.0000277825  -0.0000451492  -0.0000449060   0.0000127821   0.0000988922
       -0.0000001815  -0.0000373288  -0.0000162959  -0.0000043560   0.0000245130
       -0.0000395030   0.0000089752  -0.0000642086   0.0000960662  -0.0000322609
       -0.0000279511   0.0000041844   0.0000434813   0.0017445745  -0.0003111864
       -0.0010283827   0.0000099890   0.0000413587  -0.0000276120   0.0002331023
        0.0001939011   0.0000508121  -0.0000543710  -0.0002584330  -0.0001764582
       -0.0002310903   0.0006394183   0.0007481823  -0.0022621703  -0.0042582857
        0.0027157961  -0.0000327848  -0.0000197105  -0.0000345255  -0.0000406643
        0.0000246919   0.0000081983   0.0000456336   0.0000143861   0.0000386501
        0.0000202548  -0.0000256005  -0.0000128385   0.0082369427   0.0459233797
        0.0217224954   0.0000319909   0.0000062085   0.0000219078  -0.0000195446
        0.0000042780   0.0000697040  -0.0000014372   0.0000436382  -0.0000344565
        0.0002654099  -0.0000542166  -0.0001479155   0.0000874229  -0.0000888920
       -0.0002272285  -0.0000339353  -0.0000450982  -0.0000206197  -0.0000030953
       -0.0000012559   0.0000076442   0.0000220543   0.0001658127   0.0000571462
       -0.0001392006  -0.0007466248   0.0003663963   0.0001654969  -0.0002886284
       -0.0001026989  -0.0001523456   0.0001820208   0.0000519843  -0.0001404287
       -0.0003015663  -0.0001625263   0.0048462226   0.0067666722  -0.0133121347
        0.0000049935  -0.0000525675   0.0000042730   0.0001472610  -0.0000282747
        0.0000295665  -0.0000379949  -0.0000093564   0.0000097096  -0.0000034726
       -0.0000637991   0.0001995363   0.0746255070  -0.0306343468  -0.4186937341
        0.0000163146  -0.0001088649   0.0000027065  -0.0000072709  -0.0000601094
        0.0000279957   0.0000165962   0.0000047064   0.0000173640  -0.0000204548
       -0.0000369357   0.0000205416   0.0000053912  -0.0000250837   0.0000204639
        0.0000625690  -0.0000751819   0.0000143384  -0.0001336045   0.0004695118
        0.0007135876   0.0000696497  -0.0001648426   0.0002409919  -0.0002977246
        0.0001035434  -0.0006465764  -0.0000261374   0.0001270734  -0.0001132958
       -0.0004467145  -0.0000467683   0.0018171706   0.0016485389   0.0032530442
        0.0001340865   0.0000139726  -0.0000030241  -0.0000071323   0.0000368150
       -0.0000155774   0.0000022215  -0.0000134635  -0.0000051723   0.0000030145
       -0.0000039731   0.0000049142   0.0000324347  -0.0804739981   0.0217224954
        0.4296658331  -0.0000245275   0.0000545156   0.0000096843  -0.0000567855
        0.0000192176  -0.0000660840  -0.0000190880  -0.0000173407   0.0000512552
       -0.0003270757   0.0001702764  -0.0001592608  -0.0038107511   0.0019499581
        0.0023356370  -0.0010458660  -0.0004595338  -0.0001331183  -0.0001115498
        0.0000384905  -0.0000601975   0.0000538155  -0.0000214883  -0.0000097731
       -0.0001118559  -0.0000685736  -0.0001726392  -0.0000143126  -0.0001227146
        0.0001076336   0.0001202405  -0.0000113428  -0.0000273121   0.0001725006
        0.0000357847   0.0000666246  -0.0000963841   0.0000028363  -0.0001463263
       -0.0000027366  -0.0000016472   0.0000224408  -0.0268814384  -0.0064127755
       -0.0086342714   0.0009622882  -0.0012009492  -0.0011797723   0.0000847333
        0.0002421135   0.0004920343   0.0001540763   0.0000328093   0.0000692233
       -0.2150270847  -0.0586434299  -0.0921898591   0.0000425100  -0.0000590286
       -0.0000337549  -0.0001318927   0.0001672061  -0.0000325792  -0.0000096448
        0.0000037398   0.0000148614  -0.0000321297   0.0000198489   0.0000503014
       -0.0000093719   0.0000079153   0.0000245601   0.0000088027   0.0000122770
        0.0000223018   0.0000556855   0.0000438596   0.0000425193  -0.0000288416
       -0.0000138428  -0.0000042806  -0.0001512898  -0.0000016070  -0.0000664985
       -0.0001108334  -0.0001877824   0.0001147725  -0.0000358618   0.0000755326
        0.0000590249   0.0000126573   0.0000028346  -0.0000008356  -0.0000062665
        0.0000154270   0.0000089532   0.0005475838   0.0009980593   0.0006800397
        0.0005438890  -0.0005258762  -0.0002084959  -0.0000490728   0.0000319909
       -0.0000245275   0.2508485824   0.0677819122   0.1058610549  -0.0022263321
       -0.0030464094  -0.0022919353  -0.0033867731  -0.0008558706  -0.0045965453
        0.0003464317   0.0000430021  -0.0000320595   0.0010399552   0.0007332021
       -0.0010263967   0.0000833156  -0.0000009775   0.0000910952   0.0000048453
        0.0000137955  -0.0000322442   0.0000024387   0.0000155639  -0.0000029726
       -0.0000765817  -0.0000085879  -0.0000484032   0.0000203307   0.0000489915
       -0.0000063769   0.0000226976  -0.0000093826   0.0000149665   0.0000857712
       -0.0000486236   0.0000654096  -0.0003400637  -0.0003116540   0.0000092067
       -0.0000050410   0.0000041474   0.0000072358   0.0049248340   0.0024587147
        0.0038874595   0.0016346736   0.0000689154  -0.0000402724   0.0001005523
       -0.0001123853   0.0000584091  -0.0000030365  -0.0000169944   0.0001270065
       -0.0587643938  -0.0652245602  -0.0319178273  -0.0000040196   0.0000242416
        0.0000268033   0.0000110043  -0.0000029522   0.0000130364  -0.0000052698
        0.0000133133   0.0000178778  -0.0000151598   0.0000023048   0.0000120619
       -0.0000063868  -0.0000035401   0.0000115984   0.0000069439  -0.0000049994
        0.0000050892   0.0000284505  -0.0000163773   0.0000308507   0.0000200820
        0.0000173745  -0.0000041176  -0.0000631653   0.0000681807  -0.0000441615
       -0.0001642229  -0.0001378348  -0.0001212212   0.0001309056   0.0002155860
        0.0001846829   0.0000023433   0.0000002584  -0.0000007806  -0.0000048326
        0.0000047570   0.0000019262   0.0004063165  -0.0004822828  -0.0007403765
       -0.0000751251  -0.0000395896   0.0000447797  -0.0000627954   0.0000062085
        0.0000545156   0.0677819122   0.0713773455   0.0387001103  -0.0278161110
       -0.0127677162  -0.0163684374   0.0107524010   0.0040725550   0.0070215262
       -0.0000407225   0.0000067229   0.0000566412   0.0021565158  -0.0014424565
       -0.0005968615   0.0006648159   0.0000980268   0.0002931628   0.0000196512
       -0.0000121137  -0.0000024363  -0.0000078855  -0.0000049907  -0.0000162149
        0.0000075465  -0.0000442607  -0.0000029486   0.0000005320   0.0000508594
        0.0000168255   0.0000444262  -0.0000140341  -0.0000004373  -0.0000612546
       -0.0000001308   0.0000676183   0.0000433185   0.0000931331  -0.0000259972
       -0.0000070146   0.0000057945   0.0000045812   0.0119829046   0.0034079191
        0.0058508067   0.0018467646   0.0007064188   0.0002035233   0.0000851183
        0.0000288067   0.0001171731  -0.0000128965  -0.0000940665   0.0000527107
       -0.0927729065  -0.0311526634  -0.0923439660  -0.0000206334   0.0000422666
       -0.0000214611   0.0001693531  -0.0000816967   0.0000264231  -0.0000053500
        0.0000114393   0.0000373058  -0.0000191422   0.0000151387  -0.0000071731
       -0.0000189206   0.0000041940   0.0000219666  -0.0000172556  -0.0000197497
        0.0000179045   0.0000228041   0.0000009945  -0.0000038384  -0.0000033615
       -0.0000062337   0.0000025630   0.0000520724   0.0000024803  -0.0000185048
       -0.0000476365  -0.0000447167   0.0000206657  -0.0000086774   0.0000648708
       -0.0000050426  -0.0000042192  -0.0000039678  -0.0000065781  -0.0000171761
        0.0000086556   0.0000045514   0.0003464500  -0.0005532165  -0.0004356393
       -0.0000216997   0.0001029575   0.0000522899  -0.0000000425   0.0000219078
        0.0000096843   0.1058610549   0.0387001103   0.1060221908  -0.0037338242
       -0.0022619274  -0.0016288316  -0.0264827089  -0.0076364716  -0.0177626571
       -0.0003108095   0.0002884151   0.0001249180   0.0004870345   0.0001608478
        0.0003632091   0.0000771923  -0.0000043904  -0.0000744179  -0.0000171353
       -0.0000382389   0.0000345351  -0.0000008732  -0.0000478985  -0.0000580058
        0.0000631404   0.0000404817   0.0002140141   0.0000151739  -0.0000813916
       -0.0000556660  -0.0000567474   0.0000481451   0.0000236331  -0.0000374406
       -0.0002013535  -0.0001404948  -0.0009487671  -0.0006912767   0.0011192439
        0.0000443345  -0.0000318373  -0.0000230333  -0.0002426173   0.0238403114
        0.0027619537  -0.0029414666   0.0017565536   0.0019778698  -0.0004484065
        0.0003094551  -0.0004420845   0.0001530979   0.0002114459  -0.0002452492
       -0.0430542768  -0.0003314510  -0.0021013580   0.0000575064  -0.0000896567
        0.0000130098   0.0000375900  -0.0000526308  -0.0000128157   0.0000499940
       -0.0000074501  -0.0000680645   0.0000435186  -0.0000158956  -0.0000327499
        0.0000574134  -0.0000118359  -0.0000226625  -0.0000016084  -0.0000076763
       -0.0000243295  -0.0000344556   0.0000396011  -0.0000633805  -0.0000052981
       -0.0000221364   0.0000126446   0.0001217341   0.0002539091  -0.0000102334
       -0.0001064425  -0.0006479267   0.0012991662  -0.0009516217  -0.0016614830
       -0.0006002051  -0.0000019545   0.0000014392  -0.0000034956   0.0000358888
       -0.0000117040  -0.0000054593  -0.0002111559   0.0003216767  -0.0003150574
        0.0002286035  -0.0004532867   0.0019603606   0.0000635641  -0.0000195446
       -0.0000567855  -0.0022263321  -0.0278161110  -0.0037338242   0.0486441564
        0.0027070910  -0.0012673932   0.0014174665   0.0022658029  -0.0005477923
        0.0004319653  -0.0000111686  -0.0002359921  -0.0007007203   0.0005304692
       -0.0001050642  -0.0002034942   0.0000210845   0.0000986079  -0.0000140374
        0.0000640379   0.0000204027   0.0000448211   0.0000316750  -0.0000303999
        0.0001223537  -0.0000830722  -0.0000264953  -0.0000194362  -0.0000195622
       -0.0000241434   0.0000144778  -0.0000066697   0.0000072390   0.0000008799
        0.0001514789  -0.0000312303  -0.0012960875  -0.0011211400   0.0012283690
       -0.0000179802   0.0000049273  -0.0000000807   0.0034160645  -0.0125973907
       -0.0051111731   0.0020899514  -0.0006267830  -0.0004571622   0.0005678707
       -0.0000037546   0.0004640525  -0.0004021952  -0.0004297922   0.0000950702
       -0.0009842993  -0.2849118489  -0.0255473250  -0.0000824482   0.0000192389
       -0.0000219634  -0.0000132097   0.0000498213   0.0000312810  -0.0000424794
       -0.0000221044   0.0000356078  -0.0000226350  -0.0000087750   0.0000370813
       -0.0000024244  -0.0000065993  -0.0000083317  -0.0000025551   0.0000225062
        0.0000235168   0.0000344617  -0.0000123054   0.0000379617  -0.0000205419
       -0.0000017182   0.0000003739  -0.0001055447  -0.0002740517   0.0000673516
       -0.0008119327  -0.0000918921   0.0007362792  -0.0012910292  -0.0005892598
       -0.0000855918   0.0000039779   0.0000032835   0.0000102549  -0.0000041713
       -0.0000007690  -0.0000049697   0.0003102010  -0.0001339307   0.0004540931
       -0.0000501231   0.0004969641  -0.0010947428  -0.0000072373   0.0000042780
        0.0000192176  -0.0030464094  -0.0127677162  -0.0022619274   0.0027070910
        0.3317793496   0.0289909153  -0.0006031245  -0.0194588105   0.0026889176
        0.0000150942  -0.0002384113  -0.0001215812  -0.0006772837   0.0001804429
        0.0003503422  -0.0000068312  -0.0000099883  -0.0000472803   0.0000282783
       -0.0000084937   0.0000022590  -0.0000005363   0.0000178282   0.0000114011
        0.0001948889   0.0000025138  -0.0000076979  -0.0000592134   0.0000570238
        0.0000444395  -0.0000309891   0.0000124719  -0.0000048388  -0.0002236071
        0.0000838607  -0.0000226843   0.0008518862   0.0006867564   0.0005336689
       -0.0000094334   0.0000101364  -0.0000026473   0.0024891096  -0.0182499436
       -0.0041556279   0.0027093755  -0.0011734276  -0.0007481196  -0.0003892245
        0.0001803105   0.0000303069  -0.0004189469  -0.0002822106  -0.0001724274
       -0.0025854641  -0.0263638372  -0.0413005541   0.0000009525   0.0000110382
       -0.0000313501  -0.0000298462   0.0000362974  -0.0000152039  -0.0000329038
       -0.0000216882   0.0000064781  -0.0000083178   0.0000136687   0.0000005703
       -0.0000248883   0.0000040136  -0.0000064634   0.0000091960   0.0000131310
       -0.0000228582  -0.0000479891   0.0000039634  -0.0000391480   0.0000060493
       -0.0000002704   0.0000120993   0.0000744622  -0.0001706456  -0.0000211128
        0.0008333091   0.0010129346  -0.0017883758   0.0000530267  -0.0000003392
        0.0005763999  -0.0000096093  -0.0000056616  -0.0000051622  -0.0000066444
       -0.0000020814  -0.0000034493   0.0002504080  -0.0002602645   0.0004217296
        0.0001995592   0.0002618475  -0.0016156420   0.0001368589   0.0000697040
       -0.0000660840  -0.0022919353  -0.0163684374  -0.0016288316  -0.0012673932
        0.0289909153   0.0497715712   0.0002686023   0.0315068420   0.0000658741
        0.0001938242   0.0000848343   0.0000060867  -0.0001110287   0.0005912326
        0.0007243373  -0.0000098457  -0.0000600354  -0.0002019465   0.0000133469
       -0.0000052531  -0.0000136306   0.0000027940  -0.0000048865  -0.0000172934
        0.0000010030   0.0000124940   0.0000170452   0.0000026977  -0.0000037970
       -0.0000238052  -0.0000332764   0.0000153437   0.0000142487  -0.0000562349
       -0.0000877048  -0.0000171010  -0.0000036327  -0.0001280373   0.0000510367
        0.0000067536  -0.0000002249  -0.0000168753  -0.0018465846  -0.0075034512
        0.0246324354  -0.0017397536  -0.0002080800   0.0009427517  -0.0008492460
       -0.0005081292  -0.0001586749   0.0000141465   0.0001011492  -0.0000457095
       -0.0419346177   0.0015668980  -0.0080905073   0.0000149471   0.0000814192
        0.0001251934  -0.0000733257   0.0000157895  -0.0000147863   0.0000454810
       -0.0000245090  -0.0000674379   0.0000208780  -0.0000113920  -0.0000325809
        0.0000281240   0.0000089954  -0.0000219243   0.0000282469   0.0000242830
       -0.0000299687  -0.0000242527  -0.0000110026  -0.0000143605   0.0000294085
        0.0000302830  -0.0000021227   0.0001008376   0.0000952937  -0.0000240473
       -0.0000894800   0.0000058680   0.0000149466  -0.0000033046  -0.0000644404
       -0.0000186801   0.0000012380  -0.0000006406   0.0000002125   0.0000193700
       -0.0000084117  -0.0000025791  -0.0000882120  -0.0005437155   0.0004801010
        0.0000505088   0.0017010533  -0.0010481219   0.0000106696  -0.0000014372
       -0.0000190880  -0.0033867731   0.0107524010  -0.0264827089   0.0014174665
       -0.0006031245   0.0002686023   0.0482478265  -0.0053090649   0.0090869526
       -0.0000396605  -0.0000186827   0.0000032651   0.0000877761   0.0001336451
        0.0000358454   0.0000097619   0.0000088123  -0.0000703536   0.0000290120
       -0.0000484568  -0.0000248237  -0.0000215112  -0.0000064474  -0.0000073362
        0.0001172583   0.0000355775   0.0000518229  -0.0000203801   0.0000156805
        0.0000164158   0.0000011392   0.0000222829   0.0000203915  -0.0001268774
       -0.0000613203  -0.0000359721  -0.0002142524  -0.0000766975   0.0004092084
        0.0000067715  -0.0000026303  -0.0000090492   0.0009594520   0.0036951411
       -0.0088777619   0.0011081154  -0.0001928582  -0.0008062319  -0.0007607201
       -0.0000263328  -0.0001450072  -0.0001629930  -0.0001286651  -0.0001067011
        0.0026756241  -0.0796258938   0.0881821143   0.0000375014  -0.0000245334
       -0.0000316613  -0.0000236652  -0.0000054993  -0.0000236099  -0.0000075257
       -0.0000011651  -0.0000014303   0.0000118316   0.0000067048  -0.0000121011
       -0.0000008997  -0.0000068507  -0.0000009018   0.0000139907  -0.0000101894
       -0.0000247752  -0.0000415336   0.0000039318  -0.0000344712   0.0000156877
       -0.0000028954   0.0000054471   0.0000691364   0.0000381429  -0.0000498555
       -0.0000736630  -0.0000850412  -0.0003415756   0.0000898494  -0.0000722089
        0.0002047230  -0.0000082234  -0.0000037183  -0.0000057196   0.0000070093
       -0.0000022298  -0.0000026654  -0.0000190010   0.0002318966  -0.0002622891
        0.0001416735  -0.0009308055   0.0005017500   0.0000384483   0.0000436382
       -0.0000173407  -0.0008558706   0.0040725550  -0.0076364716   0.0022658029
       -0.0194588105   0.0315068420  -0.0053090649   0.0924839239  -0.1024097202
       -0.0000665704   0.0000806953   0.0000632373  -0.0006439759  -0.0003730717
       -0.0000546799  -0.0001975273   0.0001697373   0.0001048343  -0.0000067120
        0.0000026406   0.0000704817   0.0000188562   0.0000064245   0.0000287840
       -0.0000758408  -0.0000343903   0.0000451451  -0.0000033360  -0.0000400333
        0.0000305612  -0.0000040900  -0.0000010407  -0.0000011302   0.0000769446
       -0.0000670132  -0.0000206920  -0.0002002972  -0.0000741577  -0.0000898729
       -0.0000077533  -0.0000048059   0.0000182697   0.0065891066   0.0024039877
       -0.0228775532   0.0021908869   0.0006532766  -0.0000122076   0.0002813267
        0.0002557326   0.0005172054   0.0000700973   0.0000017315   0.0000464662
       -0.0119874765   0.0907032757  -0.2332825037   0.0000697116  -0.0001433903
       -0.0001022505   0.0000077789   0.0000143825   0.0000345608  -0.0000610242
        0.0000115701   0.0000206722   0.0000059426  -0.0000147017   0.0000317305
       -0.0000177210  -0.0000167643   0.0000011127  -0.0000137311   0.0000014353
        0.0000354706   0.0000376185   0.0000097266   0.0000453827  -0.0000297838
       -0.0000148931  -0.0000152548  -0.0001334157   0.0000823327  -0.0000431917
        0.0000797786  -0.0000207844  -0.0000037835   0.0000599048   0.0001547849
        0.0000145516   0.0000038687   0.0000085813   0.0000077684  -0.0000024752
       -0.0000017330  -0.0000067641   0.0000814640   0.0006113608  -0.0005822638
       -0.0000008078  -0.0016311632   0.0011024260  -0.0000633625  -0.0000344565
        0.0000512552  -0.0045965453   0.0070215262  -0.0177626571  -0.0005477923
        0.0026889176   0.0000658741   0.0090869526  -0.1024097202   0.2725190151
