35
 energy: -46.152587679996 gnorm: 0.050409992135 xtb: 6.7.1 (edcfbbe)
c            0.10347391751844       -0.66337316054528        0.04779651272246
c           -0.96733176550961        0.28831965012309        0.71546423098919
c           -0.38864187750984        1.72301180997330        0.92571147478562
c            0.47970961267790        2.24711644287782       -0.24037106882021
c            1.45432737311421        1.15391092989631       -0.75168475463267
c            0.63248523429261       -0.04337443431705       -1.27612079977560
c            1.40481931207562       -0.65157030001490        0.92459243499632
c            2.22350496908212        0.53172000323860        0.40819448617687
o            1.46481201939354       -1.01432150360117       -1.93234000347776
c           -0.44974370489587       -2.09089256907394       -0.13560763625990
c            3.40013284625296        0.95219739410026        0.88455530862502
c           -2.36074470951904        0.29395296695324        0.06933153715341
c           -3.34619206028221       -0.43788282895828        0.61696447308258
h           -1.12233529756945       -0.13672299233623        1.71893924513818
o           -0.86346268917611       -2.70166434963254        1.09853613566438
c           -2.66191504488096        1.16893644070661       -1.13531172237386
h           -1.20871353639855        2.42867842202080        1.13391272684769
h            0.23017638848693        1.71187496515775        1.83706256905736
h           -0.14581510912238        2.58501985685009       -1.08300562654791
h            1.05467570964067        3.12457788264713        0.09705382977020
h            2.11663567108340        1.57958135425831       -1.52449244524100
h           -0.17508252791297        0.27440361976931       -1.95590355066628
h            1.97083728700435       -1.58711765464392        0.77938412332376
h            1.18858824131943       -0.57002989941312        2.00146019068188
h            1.95531396380997       -0.55217110893052       -2.64266499976395
h            0.30665174839148       -2.71250224658823       -0.64305544854826
h           -1.34808316082786       -2.07212747741684       -0.76961667561589
h            3.88663321444426        0.46752318232375        1.73499521560903
h            3.92643800969109        1.80088265570520        0.44024856237047
h           -4.35783238094520       -0.43773535350715        0.20346461568174
h           -3.17603774071277       -1.07147291638078        1.48925105423470
h           -0.06196606704097       -2.86476025995336        1.63526065704121
h           -2.08869728368243        0.87121581692320       -2.02656823515535
h           -3.72891293639086        1.11424319799327       -1.39596109720710
h           -2.42073904147829        2.22606812946740       -0.94168102041036
35
 energy: -46.158614019423 gnorm: 0.015189448244 xtb: 6.7.1 (edcfbbe)
c            0.10363162084401       -0.64438316770795        0.05633491520965
c           -0.96354880485214        0.29176211840755        0.70988685208613
c           -0.38154320525112        1.70988693003358        0.91509457164211
c            0.47704536420478        2.23059950640566       -0.24166896796537
c            1.44646538925421        1.14638753691209       -0.74006944453362
c            0.63018666145788       -0.04331063790472       -1.26303474386688
c            1.39353609665459       -0.63927083512631        0.92279294531633
c            2.20165188910003        0.53609159794380        0.41833282027564
o            1.44998337874865       -1.00650738493193       -1.92444157998373
c           -0.44789782420686       -2.06512528426324       -0.13527189311341
c            3.37028013234443        0.94535745280268        0.88279283951162
c           -2.34375992779210        0.29118500844203        0.06298578814711
c           -3.31871798406206       -0.42873656357630        0.60853248123725
h           -1.12642742971227       -0.13351301522033        1.70785573154727
o           -0.85180485935001       -2.68130270282777        1.08293551763717
c           -2.64768438655491        1.16337201171349       -1.12567533919969
h           -1.20217422164187        2.40709813280434        1.11056942567769
h            0.23852719533515        1.69757785716312        1.81693308332811
h           -0.14557062709408        2.55783672496463       -1.07955620453805
h            1.04957583376395        3.09861667800528        0.10119552347415
h            2.11068648270924        1.56472043449608       -1.50499364993043
h           -0.17171163448420        0.26479613776279       -1.94313679141192
h            1.95718898635460       -1.56505840859059        0.76007451432504
h            1.18064657770967       -0.55794660637183        1.99154808643448
h            1.93782060437296       -0.55070605870703       -2.62796145262262
h            0.30723078903814       -2.68438497232988       -0.63654530513689
h           -1.34699938522855       -2.04584289386522       -0.75838264661310
h            3.85985047766197        0.46001871208881        1.71524770410769
h            3.89536619236884        1.78228497849317        0.44388175929408
h           -4.31997478298888       -0.43586826134563        0.19975207618952
h           -3.15445574355140       -1.06174334718928        1.46785987067696
h           -0.05858312648110       -2.83727531506247        1.61797625496382
h           -2.08360422827197        0.85760635682066       -2.00843580200494
h           -3.70833632049480        1.10200496565150       -1.37336955631277
h           -2.40991059548115        2.20928797978132       -0.92224508439247
35
 energy: -46.159362617070 gnorm: 0.004642095700 xtb: 6.7.1 (edcfbbe)
c            0.10039908285293       -0.63794054090742        0.05637979832747
c           -0.95415691940184        0.29453964050326        0.71055452299606
c           -0.37959760407209        1.70905512535053        0.91360579702203
c            0.47190252596505        2.22373472434721       -0.24601991729086
c            1.44035545441071        1.14383354511546       -0.73883804066658
c            0.62516848352945       -0.04230770588515       -1.25914603399168
c            1.38097141880644       -0.63553917423586        0.92131225454615
c            2.18695885144918        0.53303025124780        0.41768794124471
o            1.43603565705284       -1.00468482924934       -1.92028501541957
c           -0.45316146891281       -2.05466586277441       -0.13524541405632
c            3.35474152481143        0.93714564238583        0.88012944107999
c           -2.32774578473614        0.29129745032351        0.06410283980959
c           -3.29586982935313       -0.43561756447773        0.60416725691173
h           -1.12088043268030       -0.13156888158315        1.70640836828546
o           -0.84636843519841       -2.66992980897533        1.07742180033351
c           -2.62951264533684        1.16092701201284       -1.12099343347280
h           -1.19872752764322        2.40323825741416        1.10951007359764
h            0.24567171423855        1.69439879413950        1.80790999358192
h           -0.15070186016276        2.54238755458736       -1.08256484406510
h            1.04273806448128        3.08963097302095        0.09529159818174
h            2.10950142338312        1.55744532748947       -1.49834262293241
h           -0.17645663809147        0.26382419425545       -1.93716692495183
h            1.94263185210700       -1.55686598737381        0.74789226640144
h            1.17021574120385       -0.55762073606581        1.98771715036024
h            1.92526634793686       -0.55333922491849       -2.61942608526706
h            0.30091386383638       -2.66568963896819       -0.64450114915912
h           -1.35383678073356       -2.02595604693836       -0.75156045641013
h            3.83467578167920        0.45987365531686        1.71726515794945
h            3.87481596904079        1.77685342935736        0.45103283008883
h           -4.29310455117641       -0.44790314002326        0.19608229040141
h           -3.13272963567452       -1.06745917677934        1.45982122767043
h           -0.05545465750250       -2.80889442655878        1.61361617428686
h           -2.06727286463496        0.85231838419405       -1.99943513483249
h           -3.68781630984331        1.09623722655830       -1.36347417930828
h           -2.39260122720716        2.20172722376660       -0.91311523179648
35
 energy: -46.159467994322 gnorm: 0.002570664379 xtb: 6.7.1 (edcfbbe)
c            0.09840937120885       -0.63548567805345        0.05737996227231
c           -0.95282215186810        0.29659879584913        0.71322132485839
c           -0.37585539724368        1.71019012682811        0.91348805936965
c            0.47100996604811        2.22470962756168       -0.25034011533803
c            1.43900325087747        1.14277446670584       -0.73906936986422
c            0.62355995998888       -0.04312863285456       -1.25899525485675
c            1.37943115292322       -0.63819168747692        0.91971152996516
c            2.18075469039994        0.53560078220278        0.42233307981659
o            1.43157091051044       -1.00675700114389       -1.91926457166955
c           -0.45957212302582       -2.05057961814939       -0.13528848726329
c            3.34580453644474        0.94292148348952        0.89036122463030
c           -2.32511299362444        0.29153037170608        0.06628012389298
c           -3.28995371867345       -0.44310766388252        0.60276594541961
h           -1.11833044891628       -0.12875926726282        1.70981034982860
o           -0.84496580485694       -2.66746075589611        1.07636503744541
c           -2.62524336824514        1.16185895234068       -1.11865455175247
h           -1.19429518784848        2.40399895756056        1.11170829128627
h            0.25350214396310        1.69730018421165        1.80488353451727
h           -0.15446473122617        2.53712965375114       -1.08687050477713
h            1.04028152566791        3.09345860525753        0.08608297379327
h            2.11113757774152        1.55440700065830       -1.49685863758583
h           -0.17854411489106        0.26365854201905       -1.93660103626499
h            1.94296656293400       -1.55755619304972        0.74134531457345
h            1.16840310715942       -0.56533255272809        1.98633502524512
h            1.92238463294465       -0.55706443492884       -2.61788145926264
h            0.29169052663080       -2.65858092041356       -0.65287337434357
h           -1.36299127794822       -2.01729428838057       -0.74741236134544
h            3.82905011756949        0.45608362018119        1.72038486509464
h            3.87235304319338        1.77457338116990        0.45364399022825
h           -4.28500359471201       -0.46434012754472        0.18934995095845
h           -3.12285778999672       -1.07835887887112        1.45542008648034
h           -0.05273824846733       -2.79099440861867        1.61465618646079
h           -2.06277544866737        0.85190934722838       -1.99633190300740
h           -3.68330355234692        1.09819505707121       -1.36148128697118
h           -2.38551453922416        2.20160881913429       -0.90980964237845
35
 energy: -46.159574129762 gnorm: 0.003421992531 xtb: 6.7.1 (edcfbbe)
c            0.09529221826005       -0.63351534794303        0.05832567725226
c           -0.95035617395579        0.30145185129252        0.71666082741265
c           -0.37003481628913        1.71448136604998        0.91319784811752
c            0.47093220379097        2.22596150691334       -0.25772139937886
c            1.43932044875252        1.14068640381564       -0.74035792697896
c            0.62177143788874       -0.04450708609517       -1.25938179779447
c            1.37824069558870       -0.64351155230806        0.91663887306185
c            2.17789413534634        0.53331477334265        0.42356182893281
o            1.42522781516764       -1.01064793582203       -1.91896247284717
c           -0.47049786761227       -2.04647879794661       -0.13515636405611
c            3.34026408526440        0.94307406718667        0.89875607020281
c           -2.32153220993594        0.29098433949201        0.06860035784955
c           -3.27964285155969       -0.46009143352558        0.59662326653710
h           -1.11339492306641       -0.12145269925019        1.71514505757554
o           -0.84269166537183       -2.66682442560874        1.07573089441998
c           -2.62222583826116        1.16517795778927       -1.11370379727022
h           -1.18650356331382        2.40922948629834        1.11640331829941
h            0.26652556533329        1.70298486676220        1.79986660165052
h           -0.15960657234790        2.52904461842899       -1.09410824856889
h            1.03778835826801        3.09992245592797        0.06973538478899
h            2.11514401958982        1.54884308862104       -1.49690744427943
h           -0.18067519857044        0.26473664156257       -1.93640333240520
h            1.94230434072442       -1.56126562238904        0.72972127728297
h            1.16959588936759       -0.57836883268371        1.98470410524261
h            1.91904474231183       -0.56321100866868       -2.61704772125918
h            0.27401970345387       -2.65188539380910       -0.66721210083535
h           -1.37979870391074       -2.00600138150072       -0.73880764016779
h            3.81411799470807        0.45901793327918        1.73637828600290
h            3.86286427409927        1.78166028588613        0.46993394600699
h           -4.27318522954831       -0.49088200430151        0.17895219055700
h           -3.10626824320149       -1.09706582396416        1.44746785665600
h           -0.04798901932026       -2.76137503509284        1.61843940580640
h           -2.06062693682787        0.85441886773760       -1.99194250203453
h           -3.68048470547206        1.10399055382965       -1.35643345589876
h           -2.37786482492679        2.20361898236541       -0.90290257042497
35
 energy: -46.159626222315 gnorm: 0.003427500831 xtb: 6.7.1 (edcfbbe)
c            0.09396623240618       -0.63458032363886        0.05742237573311
c           -0.94835021131545        0.30537844773382        0.71703828176273
c           -0.36669043608464        1.71856466385468        0.91083822601862
c            0.47247148041475        2.22567648624790       -0.26344437861114
c            1.44175064111555        1.13880183766299       -0.74195086885184
c            0.62182187353323       -0.04559246812503       -1.26057109582358
c            1.37809840632214       -0.64712476783987        0.91451019784757
c            2.17707600530370        0.53262549886052        0.42549173425191
o            1.42339243749575       -1.01359888915069       -1.91949563052129
c           -0.47603133515055       -2.04663980292811       -0.13473920406847
c            3.33448314290302        0.94692547812764        0.90913355352721
c           -2.32069906404140        0.29245323585964        0.07038994554104
c           -3.27316913591586       -0.47102827351188        0.59108464437524
h           -1.10991862403595       -0.11411701273139        1.71740334495795
o           -0.83944731385360       -2.66965146536885        1.07701689157862
c           -2.62548506902486        1.17046439651220       -1.10815296831627
h           -1.18068176829879        2.41569377063219        1.11773848525997
h            0.27360864625200        1.70540187128058        1.79503168612927
h           -0.15954775652460        2.52343471035979       -1.10070998593608
h            1.03797347775028        3.10273102115166        0.05836629317881
h            2.12007359600952        1.54431991465215       -1.49801915260853
h           -0.18003739007837        0.26543839031827       -1.93788337858865
h            1.94182575427274       -1.56398002383832        0.72086781565127
h            1.17270160235062       -0.58776690106722        1.98391745011867
h            1.91915978029181       -0.56739883230138       -2.61752076883558
h            0.26208598892543       -2.65302885008218       -0.67552729719005
h           -1.39054358299434       -2.00251933274082       -0.73064211558148
h            3.80470838968016        0.46187834808595        1.74845521994806
h            3.85686405989950        1.78792446566981        0.48449349388498
h           -4.26561818619698       -0.50829227496715        0.17117690399287
h           -3.09429025845166       -1.11328339908428        1.43711657576606
h           -0.04399316814626       -2.74392388371806        1.62258187886274
h           -2.06749985433801        0.86026246018834       -1.98939298965251
h           -3.68476182006113        1.11192546941634       -1.34791346575160
h           -2.37832795599030        2.20814170015163       -0.89631739859347
35
 energy: -46.159663181077 gnorm: 0.001815258169 xtb: 6.7.1 (edcfbbe)
c            0.09371424622049       -0.63583233955291        0.05666015250328
c           -0.94756602495647        0.30781684223778        0.71632837692860
c           -0.36274567228852        1.72032073601379        0.90654031056156
c            0.47538176804431        2.22509735381575       -0.26868354906702
c            1.44413473107709        1.13623381796478       -0.74351145850177
c            0.62217947679422       -0.04734761842733       -1.26186917795617
c            1.37903469138810       -0.65053377820342        0.91252689006476
c            2.17719417345225        0.53142252123147        0.42654211918129
o            1.42265360252845       -1.01682948316237       -1.92094190029617
c           -0.47853803639982       -2.04693509792515       -0.13364262896786
c            3.32893799687387        0.95097936741944        0.91845110887411
c           -2.32082410720255        0.29297184482983        0.07028260569149
c           -3.26827347963913       -0.48114114200869        0.58357373625090
h           -1.10856739914092       -0.10866588774195        1.71802561976337
o           -0.83453277990194       -2.67204984567361        1.08019666626780
c           -2.63090101660994        1.17767390718430       -1.10181149124390
h           -1.17458851041925        2.41973537806840        1.11479307736949
h            0.27877598616053        1.70590723310925        1.78986520981933
h           -0.15664128815185        2.51972288330684       -1.10701769492353
h            1.04049519270115        3.10360155885875        0.04982442928575
h            2.12388352951944        1.53916049281373       -1.49969016127066
h           -0.17935636610901        0.26505824469540       -1.93900038901699
h            1.94218647112144       -1.56651771527690        0.71264615976551
h            1.17721920169024       -0.59570169629107        1.98284591691932
h            1.91908211390351       -0.57142009947745       -2.61931268921726
h            0.25447458544320       -2.65499437486379       -0.67939328432725
h           -1.39757561383662       -2.00198799253464       -0.72234770861434
h            3.79472091878645        0.46890610127951        1.76186009973690
h            3.85039330731931        1.79529094193762        0.49942790371107
h           -4.26081521617276       -0.51928354264981        0.16509739359799
h           -3.08562239150517       -1.12833366201477        1.42492269863287
h           -0.03945072646562       -2.73300427228023        1.62644814343221
h           -2.07810092353951        0.86988173988832       -1.98756055265110
h           -3.69166480605907        1.12185743340362       -1.33634374105647
h           -2.38172905020234        2.21445581569751       -0.88793789179080
35
 energy: -46.159687924989 gnorm: 0.001737321017 xtb: 6.7.1 (edcfbbe)
c            0.09376192816419       -0.63846391773933        0.05576806882241
c           -0.94632421441964        0.30947525464496        0.71395404270540
c           -0.35911719440196        1.72115318280846        0.90094134910314
c            0.47918392137363        2.22232977752388       -0.27460512941394
c            1.44662357855703        1.13169042270412       -0.74668753574232
c            0.62176040999699       -0.05080307286541       -1.26320711297933
c            1.38004472553264       -0.65371355580927        0.91010251048638
c            2.17645331537744        0.53044846760851        0.42714389387567
o            1.42084404903616       -1.02159628806738       -1.92347040081396
c           -0.47811084477788       -2.04886207542476       -0.13192546935912
c            3.32030319952220        0.95805136249338        0.92947877826661
c           -2.32076210130200        0.29555994447842        0.06982272448835
c           -3.26362765376439       -0.48822146462945        0.57553528918627
h           -1.10725622201777       -0.10440257380868        1.71641381654681
o           -0.82730470880029       -2.67477439499378        1.08546687804592
c           -2.63725772339018        1.18965661513065       -1.09313880522059
h           -1.16919730765450        2.42267556610821        1.10886450494767
h            0.28260999714680        1.70591410030424        1.78401251008451
h           -0.15155902958323        2.51648122174950       -1.11393838557617
h            1.04542834768202        3.10027230581014        0.04285766456664
h            2.12779427726509        1.53096862305973       -1.50342147608840
h           -0.18040999244233        0.26233411443520       -1.93911349248732
h            1.94319823195156       -1.56817455330419        0.70413535767259
h            1.18125275260527       -0.60316283477552        1.98077936229685
h            1.91631075129605       -0.57673544371138       -2.62277629399566
h            0.25219146314845       -2.65792626589338       -0.67899346961071
h           -1.40076124231608       -2.00645392273051       -0.71418209353745
h            3.78186798656073        0.48073133112688        1.77771529873262
h            3.84112495298339        1.80529211528870        0.51606022977919
h           -4.25555998764318       -0.52941033024341        0.15606752907558
h           -3.07644880643166       -1.14726072287774        1.40669857548172
h           -0.03280696064672       -2.72601905143798        1.63110593135505
h           -2.09179946489188        0.88649018138281       -1.98527270686048
h           -3.70010161862283        1.13725147244737       -1.31944888682128
h           -2.38538023066957        2.22472007487905       -0.87494875755613
35
 energy: -46.159698597977 gnorm: 0.001828696480 xtb: 6.7.1 (edcfbbe)
c            0.09401249325404       -0.63977486040168        0.05541580415994
c           -0.94542511934469        0.30851037620548        0.71299214205045
c           -0.35768499835309        1.72011303364305        0.89852474786167
c            0.48071987556819        2.22091091378492       -0.27740791032869
c            1.44662245011842        1.12885420943321       -0.74889896328701
c            0.62095337337252       -0.05342719063336       -1.26414864353931
c            1.38015547059378       -0.65454899738702        0.90950197840091
c            2.17462754412967        0.53081385094313        0.42745762953309
o            1.41863081542400       -1.02487940116587       -1.92533574918395
c           -0.47644077105244       -2.05053140163919       -0.13061322226836
c            3.31434101450560        0.96354561162044        0.93462641808824
c           -2.31888996339320        0.29405673659898        0.06717082639455
c           -3.26006899646021       -0.49531991485737        0.56788711810139
h           -1.10695274227885       -0.10521393437287        1.71535492284245
o           -0.82471345963639       -2.67558044384297        1.08805108606263
c           -2.63826428355369        1.19687276566186       -1.08842722424202
h           -1.16788494852586        2.42160854443916        1.10521445822012
h            0.28378473112826        1.70636253395637        1.78176640451267
h           -0.14973848481817        2.51609876012102       -1.11664457722072
h            1.04847223288222        3.09777210091775        0.04045829251160
h            2.12836313584659        1.52631718157964       -1.50594654064616
h           -0.18235615896284        0.25949915677047       -1.93886609257286
h            1.94423842017481       -1.56800231790649        0.70207450512876
h            1.18134291396377       -0.60539954483448        1.98006978483335
h            1.91270906723106       -0.58036118807202       -2.62560417381375
h            0.25523697515261       -2.65892568854143       -0.67617731540137
h           -1.39900139512987       -2.01086577632333       -0.71269910594725
h            3.77479074100952        0.48820480441305        1.78461450290105
h            3.83556030460542        1.81030208822330        0.52087515208431
h           -4.25419829868823       -0.52909871483039        0.15354668045282
h           -3.07366245123130       -1.15310640542829        1.39947071756213
h           -0.02970904827188       -2.72539087863916        1.63331415191714
h           -2.09556497778228        0.89941195163945       -1.98394078791956
h           -3.70173124463715        1.14628067411473       -1.31159378256855
h           -2.38530563241678        2.23040703048203       -0.86428893522312
35
 energy: -46.159711710637 gnorm: 0.000992861719 xtb: 6.7.1 (edcfbbe)
c            0.09432952302938       -0.64072259032328        0.05588956346768
c           -0.94492722236549        0.30687203533791        0.71287084936380
c           -0.35703752196991        1.71846386392796        0.89786281137965
c            0.48118146356765        2.22009502032687       -0.27871416808828
c            1.44561912926040        1.12684388551281       -0.75068827144568
c            0.61975935185680       -0.05569104295493       -1.26454529283940
c            1.38056536467287       -0.65457608236001        0.90961628682341
c            2.17363414783740        0.53085245829548        0.42649912372426
o            1.41603024456454       -1.02733570422108       -1.92672998097961
c           -0.47458026238636       -2.05243742624355       -0.12897990565534
c            3.31156984588151        0.96688966360182        0.93484551859598
c           -2.31816082145203        0.29533189420522        0.06710291556152
c           -3.25998181904642       -0.49439154132144        0.56616827162781
h           -1.10687395566380       -0.10700434463657        1.71518831394792
o           -0.82498237196678       -2.67537411976297        1.08981805692143
c           -2.63686541769001        1.20203061873691       -1.08558557892506
h           -1.16789129796665        2.41924555382596        1.10366262134153
h            0.28421439230970        1.70644613931700        1.78128124693813
h           -0.14974364600422        2.51704006734054       -1.11709231980814
h            1.05051887689362        3.09577140050050        0.03992934291230
h            2.12711796244029        1.52353640250984       -1.50825159567805
h           -0.18495911956112        0.25684191950099       -1.93799884905946
h            1.94576371333572       -1.56757664475439        0.70323516308428
h            1.18086051490540       -0.60496838552419        1.98004127929808
h            1.90832331123205       -0.58309932425108       -2.62830553353385
h            0.25986587768858       -2.66006522981950       -0.67197309689760
h           -1.39538042688192       -2.01497282450891       -0.71405054350126
h            3.77025746216290        0.49516043836625        1.78799552104705
h            3.83107502986848        1.81466415128111        0.52066951820728
h           -4.25326110735936       -0.52998463926242        0.14866794467125
h           -3.07256288965272       -1.15862424984710        1.39277797444400
h           -0.02896112380478       -2.72954127218870        1.63412201621051
h           -2.09422561793657        0.90879833769877       -1.98230062095356
h           -3.70018395103210        1.15274745365374       -1.30869608501696
h           -2.38313905434349        2.23424978371255       -0.85653819772901
35
 energy: -46.159719169072 gnorm: 0.000741854532 xtb: 6.7.1 (edcfbbe)
c            0.09462514132347       -0.64213645060018        0.05679965549827
c           -0.94434351232582        0.30657127814915        0.71258844686414
c           -0.35696579707105        1.71833316748221        0.89843574433898
c            0.48100788662305        2.21868078058299       -0.27923512735497
c            1.44526273852107        1.12557519661173       -0.75223212224136
c            0.61865770815747       -0.05729824865937       -1.26431704142757
c            1.38155606198559       -0.65430447927638        0.90969439842942
c            2.17373582476077        0.53143383152796        0.42573404998533
o            1.41404467160673       -1.02884261423064       -1.92720805926303
c           -0.47399237784565       -2.05465283177836       -0.12685096097567
c            3.31023441875152        0.97079820759818        0.93477943993661
c           -2.31749657541673        0.29566694156346        0.06629811171639
c           -3.25944846610490       -0.49577164565983        0.56255851415768
h           -1.10682482259409       -0.10689462043210        1.71505731670885
o           -0.82663918370313       -2.67494254586605        1.09206007219547
c           -2.63554961677242        1.20633682234711       -1.08346288208120
h           -1.16760576846283        2.41927743304242        1.10499884045984
h            0.28501920002498        1.70607576691038        1.78132721919184
h           -0.15032332914957        2.51661405914123       -1.11687347042597
h            1.05113506960532        3.09382032306855        0.03926559225963
h            2.12632207309388        1.52183501607861       -1.51054236868727
h           -0.18718754548075        0.25499864597712       -1.93672953449810
h            1.94729537136034       -1.56731062258236        0.70428449294466
h            1.18189474976276       -0.60408173406075        1.98024304191582
h            1.90433158821638       -0.58511255039259       -2.63064666326573
h            0.26141209851363       -2.66316175423165       -0.66803260540170
h           -1.39352010414330       -2.01760951801789       -0.71449902124755
h            3.76896693242375        0.50061844029315        1.78862355815989
h            3.82796985190696        1.81919868663200        0.51960530063453
h           -4.25211912368994       -0.53145367288306        0.14343385083934
h           -3.07173927431131       -1.16309261137967        1.38673982845960
h           -0.02992641663093       -2.73609818047756        1.63451394730378
h           -2.09127578001867        0.91745168319885       -1.98069092841550
h           -3.69852661984681        1.15719811028907       -1.30820314274837
h           -2.38301848864623        2.23779535570646       -0.84972319450943
35
 energy: -46.159725728731 gnorm: 0.000654800378 xtb: 6.7.1 (edcfbbe)
c            0.09490911215584       -0.64276466956673        0.05790759747865
c           -0.94416566301627        0.30640432876271        0.71356723710426
c           -0.35567021376169        1.71782328464807        0.89865230446854
c            0.48085149663341        2.21840567891051       -0.27980903354751
c            1.44450815045974        1.12485873786572       -0.75307242689506
c            0.61789347216518       -0.05863032510736       -1.26409241322524
c            1.38241339055332       -0.65412261206962        0.91009773547885
c            2.17389447243072        0.53176871430887        0.42504570543464
o            1.41256674999482       -1.03038104878119       -1.92719625059377
c           -0.47428982318913       -2.05564653490704       -0.12418254258533
c            3.30933734804716        0.97387698313749        0.93416777248732
c           -2.31685133701802        0.29601923370654        0.06569254639372
c           -3.25823934104743       -0.49887061732765        0.55750213727016
h           -1.10754856407561       -0.10649800071807        1.71622207133746
o           -0.82872805613746       -2.67437668500169        1.09452005281909
c           -2.63461208538936        1.21045883358934       -1.08122437926049
h           -1.16546560856400        2.41927765143696        1.10695171640475
h            0.28745678138531        1.70452679256156        1.78066047971714
h           -0.15137535296598        2.51577598304051       -1.11688098778145
h            1.05121312467008        3.09377950812211        0.03761238194390
h            2.12492049851777        1.52071025136964       -1.51219091679762
h           -0.18868790969858        0.25340776906810       -1.93574289055511
h            1.94809456996036       -1.56724430393113        0.70451746105312
h            1.18387201157376       -0.60378347989651        1.98097318755528
h            1.90062701775942       -0.58758952477935       -2.63291123303385
h            0.26112932804576       -2.66518565498220       -0.66438584795941
h           -1.39293579126312       -2.01820202488300       -0.71356328340610
h            3.76823570668533        0.50562293394527        1.78886172370323
h            3.82501340982706        1.82319556586222        0.51840936528462
h           -4.25010443655136       -0.53460562603917        0.13679894802681
h           -3.07032606145848       -1.16868827409409        1.37961552322128
h           -0.03135433196674       -2.74178742535023        1.63553453926356
h           -2.08759152349257        0.92640972680569       -1.97845911149418
h           -3.69698985308475        1.16001672632957       -1.30889621105555
h           -2.38503210376096        2.24155376963638       -0.84290865879909
35
 energy: -46.159732640866 gnorm: 0.000771196745 xtb: 6.7.1 (edcfbbe)
c            0.09493259641834       -0.64297334528102        0.05969120824894
c           -0.94413724672580        0.30724590161584        0.71443156913771
c           -0.35400241937870        1.71781213783257        0.89952236928242
c            0.48010431672581        2.21788438053218       -0.28054009440767
c            1.44360857431479        1.12414089844119       -0.75360378038447
c            0.61692063572464       -0.06003105485905       -1.26319358119592
c            1.38324839033000       -0.65406874087045        0.91051605169557
c            2.17373242659260        0.53218552294424        0.42469862542364
o            1.41129399840885       -1.03217930122737       -1.92580314845180
c           -0.47482772278554       -2.05579492282898       -0.12140549413027
c            3.30842762401210        0.97647402107692        0.93341421305465
c           -2.31591416076478        0.29649285262607        0.06446146080675
c           -3.25585720633584       -0.50352828838064        0.55054276162809
h           -1.10864190710623       -0.10541431667227        1.71693537514710
o           -0.83060014277280       -2.67329901382790        1.09734538244255
c           -2.63414060867296        1.21535442814151       -1.07875318959082
h           -1.16251167169318        2.41995820881620        1.11041224865873
h            0.29126996914119        1.70305133645393        1.77996574276173
h           -0.15340131344423        2.51388963690855       -1.11707196111332
h            1.05043783598207        3.09391331296668        0.03509849702629
h            2.12350493491182        1.51930187083963       -1.51353911582024
h           -0.19012691243095        0.25119555303483       -1.93454232862578
h            1.94886190380118       -1.56701132616883        0.70393921730241
h            1.18605411235355       -0.60415591224690        1.98158736074528
h            1.89637125486181       -0.59077229606811       -2.63443292096916
h            0.26033015525268       -2.66615633842888       -0.66086978239196
h           -1.39303262732332       -2.01782237710231       -0.71143177793477
h            3.76823976445310        0.50996479583383        1.78854185894670
h            3.82265463574306        1.82601416735466        0.51648780982909
h           -4.24689807459675       -0.53958963841128        0.12824852195050
h           -3.06758274429955       -1.17598965308071        1.37034303152730
h           -0.03267321668405       -2.74621492095334        1.63732028477704
h           -2.08309389843949        0.93805320505026       -1.97566011160713
h           -3.69559310415637        1.16115635587043       -1.31016645245739
h           -2.38998956699351        2.24642852574076       -0.83469555185517
35
 energy: -46.159739230804 gnorm: 0.000586051611 xtb: 6.7.1 (edcfbbe)
c            0.09477869374706       -0.64323940064584        0.06101285983602
c           -0.94415460973928        0.30777211306233        0.71536990144531
c           -0.35300613460180        1.71778607126009        0.89997227444497
c            0.47938416279292        2.21748151834526       -0.28123807779342
c            1.44284736120602        1.12362094529045       -0.75415985993352
c            0.61626358412901       -0.06127756195656       -1.26243938206993
c            1.38341051629209       -0.65347843521917        0.91118307887884
c            2.17343759301109        0.53270647767980        0.42441468447817
o            1.41103616675373       -1.03389970193133       -1.92410076862051
c           -0.47513433769366       -2.05593355243170       -0.11890484525255
c            3.30805936571257        0.97795118110109        0.93239801514595
c           -2.31489631907428        0.29711568513231        0.06320740651422
c           -3.25329170189400       -0.50806785673859        0.54359766150326
h           -1.10996499257964       -0.10450516787194        1.71779506539260
o           -0.83143326083593       -2.67265621952270        1.10047677126639
c           -2.63433571517910        1.22051593663961       -1.07608647844946
h           -1.16032882396345        2.42060524714258        1.11316569860706
h            0.29410871015389        1.70176178991981        1.77901959038901
h           -0.15536557009523        2.51205013287489       -1.11726809912255
h            1.04950846572097        3.09430981957344        0.03264520350605
h            2.12241151616361        1.51822694930210       -1.51465333321826
h           -0.19105651057151        0.24868089995012       -1.93396743964461
h            1.94892572319213       -1.56617091314280        0.70369593097180
h            1.18722352892942       -0.60397880743304        1.98237472617786
h            1.89309610663745       -0.59373774219293       -2.63550141624932
h            0.25988514714837       -2.66684402489989       -0.65753185598178
h           -1.39333022712026       -2.01832345943334       -0.70873308003707
h            3.76929703643461        0.51225247840418        1.78722924794212
h            3.82164183286051        1.82750035313027        0.51458141247632
h           -4.24351187424248       -0.54479332768751        0.11946625963284
h           -3.06479736524560       -1.18331443374747        1.36097804302415
h           -0.03323306885681       -2.74918494419751        1.63951001639590
h           -2.07854819093091        0.95149391516942       -1.97261445207629
h           -3.69468713922183        1.16128762709643       -1.31150203812312
h           -2.39727108461610        2.25180207365038       -0.82559842199979
35
 energy: -46.159745513149 gnorm: 0.000478117137 xtb: 6.7.1 (edcfbbe)
c            0.09460533989350       -0.64324405094429        0.06218828158911
c           -0.94456825666571        0.30843543961078        0.71544907060393
c           -0.35250077681418        1.71786093298570        0.90040181989618
c            0.47843071339831        2.21724739238652       -0.28187225541374
c            1.44206244505207        1.12332704558525       -0.75432126896398
c            0.61583401312407       -0.06218755803766       -1.26171797917384
c            1.38355680158910       -0.65314378015187        0.91185809117478
c            2.17324315242964        0.53288161678970        0.42412189672846
o            1.41135380489790       -1.03517746012089       -1.92231675585234
c           -0.47482584810816       -2.05603455882738       -0.11694491635654
c            3.30853227215868        0.97771854635905        0.93086590465539
c           -2.31464127909964        0.29757049929412        0.06193178212536
c           -3.25164820068741       -0.51188091439067        0.53779174295715
h           -1.11123815041790       -0.10369964151196        1.71774625786345
o           -0.83089555667948       -2.67236276251035        1.10312414962595
c           -2.63509812339530        1.22500551214200       -1.07377571375392
h           -1.15919331708646        2.42099642092718        1.11468188274505
h            0.29563304528628        1.70126545662480        1.77869075722479
h           -0.15717630946388        2.51077454639154       -1.11758783103891
h            1.04835887138051        3.09458561048318        0.03086367522153
h            2.12133914990143        1.51765257951479       -1.51515416976136
h           -0.19150443861587        0.24651172561862       -1.93378479716903
h            1.94913824909653       -1.56572114173586        0.70424126851429
h            1.18778259001361       -0.60338042515695        1.98303372138765
h            1.89113534780331       -0.59591590687839       -2.63574232950568
h            0.26015157499504       -2.66723724507248       -0.65505629436972
h           -1.39328203539669       -2.01922768953890       -0.70622070067182
h            3.77038992942656        0.51272965383652        1.78581374475076
h            3.82240020104027        1.82666140230398        0.51210299166849
h           -4.24131478373731       -0.54899893175229        0.11246408184981
h           -3.06275411496723       -1.18976635153926        1.35287576359830
h           -0.03257706274081       -2.74918650798922        1.64182836903881
h           -2.07419984830400        0.96446645927693       -1.96958526847616
h           -3.69418081404186        1.16053313112163       -1.31339669724075
h           -2.40538000084131        2.25645662057841       -0.81680397601482
35
 energy: -46.159752810411 gnorm: 0.000578647425 xtb: 6.7.1 (edcfbbe)
c            0.09427958255397       -0.64331969617267        0.06305969996590
c           -0.94523407611724        0.30851145316723        0.71553032828514
c           -0.35295904127898        1.71774880428886        0.90054414205373
c            0.47744906805475        2.21689079754801       -0.28216367603532
c            1.44130956535666        1.12314990640645       -0.75453681924627
c            0.61555847373353       -0.06302913914123       -1.26111658223620
c            1.38312045427593       -0.65216451542603        0.91282444206651
c            2.17308491452319        0.53308071878846        0.42367755448035
o            1.41207812734873       -1.03612447201577       -1.92061904624887
c           -0.47423361199825       -2.05641730844866       -0.11529511314503
c            3.30981605134004        0.97632339104863        0.92852495476794
c           -2.31458183261511        0.29766100593563        0.06057818150565
c           -3.25054327867036       -0.51516396843950        0.53252779881898
h           -1.11275463218408       -0.10359786936827        1.71770168231986
o           -0.82924799849951       -2.67234186585875        1.10554823725167
c           -2.63591976663738        1.22939500625260       -1.07134257018114
h           -1.15935393258282        2.42101976668441        1.11533600634497
h            0.29571161489558        1.70103003716222        1.77840418834786
h           -0.15877457291895        2.50967093485767       -1.11761673001311
h            1.04712790574181        3.09463041261513        0.02985213919652
h            2.12032756200967        1.51742943828534       -1.51560703069840
h           -0.19175347260287        0.24429094320929       -1.93383958127890
h            1.94869473566132       -1.56491227356101        0.70626455048352
h            1.18716546230160       -0.60118463085635        1.98385922738090
h            1.89025325544128       -0.59745960545505       -2.63540142624806
h            0.26111516683511       -2.66736582853898       -0.65306434900869
h           -1.39300411514454       -2.02087641997166       -0.70402134435777
h            3.77243492956419        0.51076024016522        1.78273837920518
h            3.82444421015963        1.82441064308649        0.50892899583554
h           -4.23965957534006       -0.55273483420810        0.10590206519522
h           -3.06126229887995       -1.19580314799134        1.34523325166630
h           -0.03085848669903       -2.74635779811662        1.64455222532158
h           -2.06889767620931        0.97839183432957       -1.96591452642691
h           -3.69338982970683        1.15905949597030       -1.31627713461917
h           -2.41457429728811        2.26091420944079       -0.80697782129285
35
 energy: -46.159761439454 gnorm: 0.000531782042 xtb: 6.7.1 (edcfbbe)
c            0.09408605284875       -0.64349962684757        0.06381934821039
c           -0.94618515128083        0.30823122704304        0.71526445350668
c           -0.35394393302362        1.71734664183538        0.90082580275599
c            0.47615251490963        2.21651976813208       -0.28216405360733
c            1.44025254453729        1.12305752741923       -0.75479459536554
c            0.61515222511460       -0.06386447664136       -1.26070901604992
c            1.38255005082559       -0.65083891206768        0.91423426171023
c            2.17316716906267        0.53304847302991        0.42272235461188
o            1.41265075382644       -1.03702949747553       -1.91908219455042
c           -0.47282520740278       -2.05733748577037       -0.11327876681701
c            3.31206980528649        0.97395405546806        0.92483838397282
c           -2.31496152290302        0.29786762673418        0.05906040425719
c           -3.25001691206606       -0.51875057017914        0.52656730300236
h           -1.11464152337416       -0.10395898564680        1.71726216144890
o           -0.82667864987388       -2.67264651132368        1.10828394190753
c           -2.63684714537065        1.23447542517100       -1.06864249141074
h           -1.16029932463316        2.42061703827287        1.11565113298682
h            0.29467133958654        1.70059932317058        1.77873423681560
h           -0.16042609907830        2.50930165849507       -1.11734515761336
h            1.04580557300037        3.09431705346713        0.02973097206710
h            2.11866472137250        1.51761265044122       -1.51625963008995
h           -0.19232673535469        0.24201953975252       -1.93395907015565
h            1.94806762289513       -1.56421864320881        0.71036602900197
h            1.18593368868653       -0.59706959061540        1.98504686963623
h            1.89003621286431       -0.59877454285649       -2.63462968830965
h            0.26317913900078       -2.66786025843031       -0.65068423998957
h           -1.39175947294370       -2.02355655390709       -0.70179289618995
h            3.77524356664433        0.50762922674107        1.77840669445792
h            3.82796784491017        1.82056583879210        0.50379686826636
h           -4.23866397111184       -0.55634030217208        0.09872824457190
h           -3.06044685925104       -1.20226958530720        1.33678006601011
h           -0.02858946362452       -2.74197290867267        1.64812134075110
h           -2.06174373534354        0.99543161857892       -1.96131304224894
h           -3.69213953158119        1.15696951677811       -1.32075852404055
h           -2.42618700273149        2.26593990747201       -0.79503320405385
35
 energy: -46.159769807301 gnorm: 0.000468268327 xtb: 6.7.1 (edcfbbe)
c            0.09369268326431       -0.64393355070090        0.06494388564050
c           -0.94752727782816        0.30763748642361        0.71508100467378
c           -0.35506040642233        1.71659860049176        0.90123670650694
c            0.47508940611304        2.21599217863130       -0.28166490774246
c            1.43903188746382        1.12279386815735       -0.75531844964262
c            0.61446584660890       -0.06504896854395       -1.26004805422618
c            1.38197261187929       -0.64909908245085        0.91577582271418
c            2.17348226273780        0.53299874911229        0.42127502069013
o            1.41264001601298       -1.03796783096035       -1.91785026961042
c           -0.47130107792061       -2.05875708436716       -0.11089325369733
c            3.31482646304906        0.97145829278894        0.92002223262442
c           -2.31533942873503        0.29729272105340        0.05673493950740
c           -3.24971133940643       -0.52244291211374        0.51974652460386
h           -1.11721051234999       -0.10469245980662        1.71685586785011
o           -0.82377806722046       -2.67322466052128        1.11133240727670
c           -2.63775577754698        1.24015323153089       -1.06566273476691
h           -1.16134042006592        2.41991717552572        1.11606321675579
h            0.29344652830993        1.69994205680009        1.77922922904701
h           -0.16188468949963        2.50935529961732       -1.11631126783638
h            1.04499943453621        3.09356983266869        0.03042809514934
h            2.11648832276526        1.51772533637269       -1.51746659066030
h           -0.19341163176140        0.23952539517526       -1.93347970921236
h            1.94741251302034       -1.56342184198692        0.71575858570527
h            1.18444248145584       -0.59154225829292        1.98629301179706
h            1.89006571486455       -0.59979184745843       -2.63344529248619
h            0.26581779701934       -2.66862839567931       -0.64770880164272
h           -1.39022676453721       -2.02711586595908       -0.69964174031834
h            3.77863777684463        0.50439770962401        1.77283475698667
h            3.83169283811292        1.81669907346987        0.49745185566360
h           -4.23778986441751       -0.55978640725972        0.09054168490713
h           -3.05973402985196       -1.20976711071235        1.32676306570381
h           -0.02614408779179       -2.73646232681480        1.65254732733117
h           -2.05364972052793        1.01484142258617       -1.95596520731070
h           -3.69038811467437        1.15508242085064       -1.32627551123748
h           -2.43898278907683        2.27121741842068       -0.78138915128785
35
 energy: -46.159775877058 gnorm: 0.000382854859 xtb: 6.7.1 (edcfbbe)
c            0.09362756522701       -0.64428743784802        0.06591000469812
c           -0.94844641704560        0.30708094531701        0.71500041401910
c           -0.35595200690680        1.71585569489580        0.90177194415394
c            0.47409348900014        2.21534149867773       -0.28122121666788
c            1.43773467829757        1.12228203202467       -0.75588960266403
c            0.61334354647972       -0.06604303117664       -1.25977656967434
c            1.38161528321274       -0.64771796142613        0.91726935516125
c            2.17368024908108        0.53282561833746        0.41992649227129
o            1.41170859544885       -1.03883955515106       -1.91725821619140
c           -0.46975855838149       -2.05998626922079       -0.10848959539877
c            3.31683860834719        0.96982746323790        0.91580631942555
c           -2.31560211289336        0.29775455466971        0.05520072100263
c           -3.24918941889331       -0.52621230217429        0.51303406024450
h           -1.11937614615858       -0.10534470263844        1.71655154923491
o           -0.82160043094986       -2.67347809856116        1.11419580703547
c           -2.63818005601369        1.24542936572269       -1.06296135690642
h           -1.16201138405785        2.41930328708078        1.11697204323058
h            0.29255983312316        1.69864515975403        1.77974593391577
h           -0.16308961039338        2.50969613166987       -1.11534148184585
h            1.04461905968851        3.09236997086783        0.03128219321680
h            2.11422186536554        1.51739782952562       -1.51882061484240
h           -0.19520203232281        0.23753135303166       -1.93297330633129
h            1.94687051399728       -1.56287967249641        0.72044781178333
h            1.18358247076316       -0.58685407614969        1.98759150424288
h            1.89000092708772       -0.60056505035865       -2.63223060997234
h            0.26830168280590       -2.66942913355569       -0.64467624805553
h           -1.38848219141730       -2.03005125262621       -0.69770841093621
h            3.78157954055058        0.50236192056177        1.76784159236249
h            3.83428640711182        1.81374332341674        0.49139893946443
h           -4.23658481800835       -0.56371317428678        0.08217252528517
h           -3.05922532572760       -1.21618126850943        1.31769873796357
h           -0.02460175625581       -2.73189136272275        1.65682225094556
h           -2.04638726042533        1.03179279962486       -1.95089816802578
h           -3.68837858070552        1.15390279219294       -1.33103083435276
h           -2.44962762460766        2.27584827396540       -0.76956966833570
35
 energy: -46.159779994575 gnorm: 0.000258287975 xtb: 6.7.1 (edcfbbe)
c            0.09337596700770       -0.64480427909764        0.06673990411417
c           -0.94909394667990        0.30669771425084        0.71514094653583
c           -0.35610969445732        1.71523169026581        0.90238702761541
c            0.47357998476192        2.21506296650533       -0.28077887596034
c            1.43672501832899        1.12195752341396       -0.75647459820485
c            0.61243894741898       -0.06689750634182       -1.25935777491225
c            1.38149683815449       -0.64685352620426        0.91797212179248
c            2.17386684640149        0.53272739260993        0.41870210868450
o            1.41054191011486       -1.03967964495465       -1.91704767316766
c           -0.46886174600248       -2.06114121280224       -0.10642278513098
c            3.31798518079235        0.96937205977208        0.91276876966668
c           -2.31547660999945        0.29741519701409        0.05357232308908
c           -3.24859067341830       -0.52889725054975        0.50781819408010
h           -1.12106884162785       -0.10571364776945        1.71654010754808
o           -0.82068540442393       -2.67371038848741        1.11663673513865
c           -2.63829923302633        1.24925052654705       -1.06108106672028
h           -1.16188406071142        2.41885420687758        1.11800790481998
h            0.29254774038014        1.69766592410739        1.78026476592278
h           -0.16384230911819        2.51032801963439       -1.11440400360226
h            1.04470171037283        3.09162427253962        0.03202243303356
h            2.11240522576217        1.51716474739643       -1.52010212217434
h           -0.19677518107109        0.23605543284327       -1.93205896811846
h            1.94657137118972       -1.56256097496117        0.72311571984279
h            1.18340702889293       -0.58390575553869        1.98820000239394
h            1.88988030623275       -0.60112798094606       -2.63121294116129
h            0.26987359451725       -2.67048650739207       -0.64188442972601
h           -1.38727503193885       -2.03238977589652       -0.69620308001262
h            3.78336859974482        0.50233423628737        1.76474301012954
h            3.83547857692676        1.81252126462153        0.48686408434507
h           -4.23547609883666       -0.56607735657127        0.07578179348580
h           -3.05848358024208       -1.22166260814370        1.31017943880271
h           -0.02422802971599       -2.72962094294152        1.66015387699220
h           -2.04191220089875        1.04374683188751       -1.94770647007250
h           -3.68690638255092        1.15407465403646       -1.33378644795441
h           -2.45630723785689        2.27896036365993       -0.76129573165848
35
 energy: -46.159783222581 gnorm: 0.000260556570 xtb: 6.7.1 (edcfbbe)
c            0.09331623022187       -0.64517631321075        0.06768720702884
c           -0.94952579340683        0.30648072370180        0.71536998064815
c           -0.35603395987943        1.71473650579824        0.90284454229739
c            0.47342199856148        2.21463995251076       -0.28043627772301
c            1.43595716718670        1.12136770681387       -0.75703715964351
c            0.61143127961392       -0.06771751068561       -1.25900014569859
c            1.38183564733234       -0.64648673121002        0.91839874234965
c            2.17400562216204        0.53267418988809        0.41786016486450
o            1.40925305598749       -1.04040977317775       -1.91705779981759
c           -0.46849051448539       -2.06180333704012       -0.10475271119777
c            3.31847284359954        0.96970440827969        0.91071868265162
c           -2.31530919228458        0.29743238362574        0.05246661350112
c           -3.24788937717786       -0.53129718957412        0.50337874983828
h           -1.12231575013710       -0.10585848318536        1.71666074964450
o           -0.82061503711092       -2.67349089893650        1.11861438926670
c           -2.63829518308398        1.25235743379669       -1.05954940326282
h           -1.16143662783137        2.41856996263599        1.11915420892968
h            0.29305014596950        1.69670036130072        1.78038878812602
h           -0.16434552323954        2.51056954612536       -1.11352601412788
h            1.04507147452200        3.09086266349379        0.03241088855286
h            2.11096818683225        1.51650003968001       -1.52130874497751
h           -0.19834086766221        0.23488138664910       -1.93122349976989
h            1.94688489941249       -1.56237767791589        0.72424687041118
h            1.18407253290544       -0.58259538195779        1.98863656173238
h            1.88959665197373       -0.60151905076076       -2.63037667233672
h            0.27075543918906       -2.67133818647452       -0.63930613603750
h           -1.38658178329483       -2.03391950264074       -0.69513246434151
h            3.78462083433718        0.50333164546517        1.76261542420443
h            3.83526934026815        1.81287345332873        0.48398750031117
h           -4.23420864903247       -0.56858503843635        0.07005719111462
h           -3.05786162063772       -1.22575591572750        1.30423960383927
h           -0.02448027411841       -2.72841937295721        1.66272447984599
h           -2.03923075257650        1.05207177307154       -1.94541381458064
h           -3.68593731267087        1.15511218485291       -1.33511575476188
h           -2.46011654702143        2.28139970854517       -0.75543044142492
35
 energy: -46.159785118331 gnorm: 0.000157899657 xtb: 6.7.1 (edcfbbe)
c            0.09333459473740       -0.64538776811043        0.06791281275652
c           -0.94956195707042        0.30633798319446        0.71551080518290
c           -0.35590566877137        1.71445292608282        0.90314032770295
c            0.47294969114129        2.21438614135214       -0.28050596039764
c            1.43549836826546        1.12120196386598       -0.75720765827793
c            0.61117865530469       -0.06812144339910       -1.25891497388154
c            1.38196462215619       -0.64640747078880        0.91842600404363
c            2.17384100749158        0.53283741130664        0.41764603346746
o            1.40908391988577       -1.04093603016010       -1.91677155039387
c           -0.46822270303806       -2.06212568931733       -0.10381747277334
c            3.31816513107315        0.97040985769364        0.91026761480801
c           -2.31507053521007        0.29760650106024        0.05198966324113
c           -3.24741989915667       -0.53233573600654        0.50103904348307
h           -1.12272974358303       -0.10618343437561        1.71664264301942
o           -0.82056326852898       -2.67334775564739        1.11984879066652
c           -2.63814230676352        1.25409640968922       -1.05865719969375
h           -1.16114787229467        2.41833577803947        1.11983505526145
h            0.29341966314323        1.69607546009441        1.78048667003686
h           -0.16500550778465        2.51017055743148       -1.11349679191362
h            1.04465174103779        3.09063550396871        0.03211406610408
h            2.11029627573930        1.51628366028533       -1.52167292301995
h           -0.19870867067436        0.23409071967886       -1.93111405980491
h            1.94702735506033       -1.56215612808033        0.72392342199354
h            1.18461766077394       -0.58266322919695        1.98870485020708
h            1.88943490701807       -0.60213636514000       -2.63011089132155
h            0.27099777519240       -2.67191640411585       -0.63802456826592
h           -1.38630151013005       -2.03447991166088       -0.69413746250774
h            3.78487862941471        0.50436605580904        1.76200830333948
h            3.83479058053870        1.81336357071241        0.48293481721443
h           -4.23356643777363       -0.56912832519699        0.06738943733839
h           -3.05756092098319       -1.22792147379763        1.30094165050316
h           -0.02424625137963       -2.72886800501401        1.66386856248844
h           -2.03948711833051        1.05464907061564       -1.94509057328041
h           -3.68597776248137        1.15749987975718       -1.33391021802183
h           -2.45954385959609        2.28283138504266       -0.75340396984792
35
 energy: -46.159787764578 gnorm: 0.000237275017 xtb: 6.7.1 (edcfbbe)
c            0.09332067988927       -0.64572380498721        0.06851844694823
c           -0.94961063542341        0.30635476090195        0.71571918726439
c           -0.35545561586779        1.71416754114726        0.90339813789255
c            0.47261564574366        2.21395090543445       -0.28079410828654
c            1.43502386098030        1.12072187576872       -0.75764460250446
c            0.61070633087707       -0.06891518545063       -1.25864072907576
c            1.38231830853060       -0.64636817736006        0.91846770347375
c            2.17380230804595        0.53292565446813        0.41722288682293
o            1.40878054341427       -1.04186426718057       -1.91619818748116
c           -0.46819200259522       -2.06249871550823       -0.10253802791974
c            3.31788974575609        0.97143871874766        0.90952751891910
c           -2.31477409219736        0.29802513286230        0.05141433411491
c           -3.24649624748797       -0.53423528670509        0.49748420315931
h           -1.12339225699484       -0.10616547130522        1.71672763335696
o           -0.82096390611004       -2.67291006117536        1.12155043301330
c           -2.63826964952505        1.25690818126464       -1.05706102621715
h           -1.16026012127418        2.41825456973408        1.12102654143115
h            0.29460889070496        1.69531694432611        1.78015958950923
h           -0.16582842924140        2.50938729920356       -1.11349177202064
h            1.04441127913830        3.09034759446063        0.03122431410438
h            2.10949662047705        1.51563768157339       -1.52248082833450
h           -0.19939284752404        0.23273563416706       -1.93083003688136
h            1.94740651433394       -1.56194409860509        0.72334777049766
h            1.18557313988877       -0.58294425935102        1.98883628019387
h            1.88933381071107       -0.60317634827937       -2.62945639457424
h            0.27110918979698       -2.67273553907121       -0.63600862393812
h           -1.38614397258778       -2.03526199315983       -0.69303675363040
h            3.78485304473938        0.50674686256215        1.76185876779850
h            3.83347425368530        1.81497317813133        0.48207341355257
h           -4.23220555442072       -0.57097774135114        0.06288024737728
h           -3.05646029097979       -1.23194089176265        1.29550211397463
h           -0.02445318773732       -2.72989776816098        1.66525363538381
h           -2.04082869553376        1.05847557000902       -1.94461881486386
h           -3.68652716017456        1.16168801598900       -1.33128125426196
h           -2.45850091661399        2.28501915433461       -0.75031769934205
35
 energy: -46.159790534862 gnorm: 0.000243680362 xtb: 6.7.1 (edcfbbe)
c            0.09321742325742       -0.64612491064251        0.06936581578322
c           -0.94964612698271        0.30651338263996        0.71600542422510
c           -0.35470370274652        1.71393282385357        0.90360023716691
c            0.47236688279906        2.21350797513853       -0.28139778712653
c            1.43440481323662        1.11999727267051       -0.75833738026742
c            0.60991466008982       -0.06996995590264       -1.25832934603844
c            1.38266089148489       -0.64628854927126        0.91865951572680
c            2.17330840635516        0.53342224339461        0.41710706246934
o            1.40798066939396       -1.04316702412538       -1.91559662463050
c           -0.46814948321983       -2.06307507021736       -0.10080469976819
c            3.31672830253220        0.97360447017593        0.90952954783677
c           -2.31424059261888        0.29831527488353        0.05042744858032
c           -3.24487575803091       -0.53747975371359        0.49228957413569
h           -1.12423375241359       -0.10571668856918        1.71701127387124
o           -0.82150180722411       -2.67245969028336        1.12369191946702
c           -2.63852456810437        1.26077055497906       -1.05475947579478
h           -1.15884980297533        2.41836935902028        1.12253075140928
h            0.29643843376858        1.69449928433575        1.77956248486341
h           -0.16669499286027        2.50848465876215       -1.11374597156396
h            1.04435532746524        3.09009278264439        0.02978189459675
h            2.10859933013511        1.51453521144388       -1.52362416492937
h           -0.20063327907134        0.23105539244504       -1.93035448851692
h            1.94799477594712       -1.56165692663968        0.72300567676054
h            1.18645029528261       -0.58320688011241        1.98914731575368
h            1.88897043866456       -0.60463869524144       -2.62867328751124
h            0.27143972583792       -2.67373559207276       -0.63333699181508
h           -1.38578194140874       -2.03644891190632       -0.69184562730704
h            3.78483592010177        0.50936241004225        1.76148681655434
h            3.83208209486530        1.81656640405721        0.48059116622122
h           -4.23021449173729       -0.57399963336906        0.05673829784383
h           -3.05454706894358       -1.23755132975738        1.28817871985240
h           -0.02492905362616       -2.73117487581786        1.66695328407013
h           -2.04285987982563        1.06384378197261       -1.94385333885018
h           -3.68734149209034        1.16752090041007       -1.32744065964829
h           -2.45705201291402        2.28781597044529       -0.74577008396348
35
 energy: -46.159792603228 gnorm: 0.000184619565 xtb: 6.7.1 (edcfbbe)
c            0.09305482435306       -0.64646997794532        0.07005391048259
c           -0.94963286595050        0.30670010039055        0.71630264608877
c           -0.35404039461555        1.71382280025144        0.90371714768083
c            0.47216234208886        2.21317168846751       -0.28204489199250
c            1.43381958330605        1.11931432912372       -0.75900322456771
c            0.60907360654973       -0.07082010786691       -1.25812866972284
c            1.38278968577679       -0.64618111318143        0.91887408413008
c            2.17325802103672        0.53321454412449        0.41637568018652
o            1.40662022042162       -1.04433979317336       -1.91552680696647
c           -0.46787611685019       -2.06376223355624       -0.09906248722381
c            3.31626751358924        0.97450294009027        0.90874348109077
c           -2.31379780648005        0.29876267124716        0.04973711082214
c           -3.24337235077843       -0.54022849418936        0.48773178999121
h           -1.12485536381342       -0.10513943738986        1.71738011493903
o           -0.82169612416805       -2.67234843322261        1.12566530620299
c           -2.63866253921826        1.26437667743129       -1.05255462922249
h           -1.15762076778504        2.41861041658715        1.12357072959547
h            0.29785005883587        1.69382022628786        1.77913987901166
h           -0.16732132721338        2.50799609812819       -1.11413338299939
h            1.04447048883517        3.08973898716056        0.02856757452424
h            2.10771863097327        1.51332160441180       -1.52479819018808
h           -0.20203247389188        0.22994788090763       -1.92965766188822
h            1.94808481556394       -1.56157254196970        0.72317490471856
h            1.18711903387412       -0.58292037757243        1.98947252330366
h            1.88802836159962       -0.60593352247441       -2.62840174402938
h            0.27208738090151       -2.67456936442721       -0.63091987740872
h           -1.38513842816483       -2.03771649366395       -0.69067884924249
h            3.78384245673366        0.51207933753072        1.76197045677314
h            3.83052352336864        1.81818617391252        0.47989141415966
h           -4.22808428390488       -0.57721076622932        0.05077901625741
h           -3.05241016681118       -1.24305389326457        1.28102930757686
h           -0.02514156171407       -2.73189204421289        1.66874801130872
h           -2.04437080597194        1.06895724666929       -1.94294247309901
h           -3.68793662840024        1.17271454266003       -1.32401287683765
h           -2.45581195765225        2.29043599462982       -0.74126502399900
35
 energy: -46.159793796527 gnorm: 0.000122395310 xtb: 6.7.1 (edcfbbe)
c            0.09299630670214       -0.64674049168158        0.07067486558696
c           -0.94977908646552        0.30671669719717        0.71639155112154
c           -0.35382366430120        1.71371134788652        0.90364727768789
c            0.47225550569663        2.21281857657489       -0.28228649169153
c            1.43358397228261        1.11877132046109       -0.75942148240418
c            0.60843903851316       -0.07138530015146       -1.25785347269427
c            1.38293718675356       -0.64596660074582        0.91915051986383
c            2.17322887863665        0.53327696318440        0.41611299617891
o            1.40545233479541       -1.04497119556072       -1.91570113868496
c           -0.46763445413562       -2.06421424218460       -0.09805392651094
c            3.31603770049996        0.97510778641593        0.90843237465294
c           -2.31365161052891        0.29891089918384        0.04917532769424
c           -3.24248587712309       -0.54218244566638        0.48460763779341
h           -1.12542101085472       -0.10491161563126        1.71746947481408
o           -0.82141653475987       -2.67230077463174        1.12685988241196
c           -2.63887209347985        1.26666781735981       -1.05115278267041
h           -1.15713404123736        2.41869045587632        1.12382783377391
h            0.29838666486170        1.69359982324684        1.77879824600090
h           -0.16738686033046        2.50770003952160       -1.11419598968121
h            1.04478050776191        3.08930939744793        0.02811951399499
h            2.10731205646778        1.51242535379442       -1.52556182456731
h           -0.20309668845907        0.22938741288654       -1.92887115517772
h            1.94820472929536       -1.56142488017814        0.72377734799864
h            1.18744312373607       -0.58228226236536        1.98973914162939
h            1.88686188756594       -0.60655978907867       -2.62856963108064
h            0.27271541279543       -2.67495020979250       -0.62945688613784
h           -1.38472617481287       -2.03877908496822       -0.68996756417502
h            3.78364396667569        0.51300013780730        1.76179444784194
h            3.83008236948434        1.81877698154325        0.47935313631671
h           -4.22687217603700       -0.57927863307588        0.04699096431763
h           -3.05120040677481       -1.24646443722824        1.27651117161539
h           -0.02486957997118       -2.73147859668030        1.67007376955574
h           -2.04504032972940        1.07274656661576       -1.94220450994600
h           -3.68828237700164        1.17564173311826       -1.32228830503832
h           -2.45570009209807        2.29214691517144       -0.73812802093412
35
 energy: -46.159794763479 gnorm: 0.000091197982 xtb: 6.7.1 (edcfbbe)
c            0.09294885953038       -0.64685812349152        0.07103713599085
c           -0.94993513193016        0.30672796576004        0.71642445323460
c           -0.35373309766765        1.71363472635071        0.90363080803458
c            0.47237692060066        2.21268940212541       -0.28233479214011
c            1.43339567445505        1.11845487277679       -0.75964968013713
c            0.60795694166800       -0.07166407269907       -1.25773252514010
c            1.38291211582414       -0.64576536753184        0.91947716634780
c            2.17322250297098        0.53322675216031        0.41589388043704
o            1.40450539255478       -1.04526530411174       -1.91605018644579
c           -0.46723463841782       -2.06456687016492       -0.09726874709868
c            3.31609827643053        0.97511492248680        0.90805935055482
c           -2.31354868694367        0.29888075065148        0.04862454926262
c           -3.24194281755970       -0.54358963857781        0.48237230628334
h           -1.12594181636696       -0.10470968248314        1.71752353888635
o           -0.82082019220543       -2.67238685338534        1.12779856782493
c           -2.63909706098430        1.26815497375726       -1.05027589621603
h           -1.15694282799085        2.41871771136345        1.12379314689198
h            0.29844547880047        1.69352070786248        1.77880044191629
h           -0.16725892850158        2.50786290134397       -1.11414321322915
h            1.04516269169278        3.08899089447185        0.02814828093652
h            2.10695879122752        1.51194297748529       -1.52602437943452
h           -0.20395986926451        0.22923962876308       -1.92826123612646
h            1.94814944299459       -1.56137581408379        0.72465884151016
h            1.18740346365657       -0.58143423897409        1.99004326020685
h            1.88563649780776       -0.60684385610253       -2.62910528047947
h            0.27336671455656       -2.67519840014020       -0.62847283018129
h           -1.38427066859775       -2.03966158162162       -0.68928989644674
h            3.78364706983519        0.51302214084665        1.76147472818960
h            3.83038780116893        1.81846718136305        0.47865759984935
h           -4.22614358874302       -0.58074361795094        0.04431907723704
h           -3.05042286263665       -1.24889746876344        1.27331356111423
h           -0.02441854440776       -2.73040454202901        1.67133778461553
h           -2.04504837725229        1.07592249268806       -1.94152581394961
h           -3.68840507167858        1.17707289161132       -1.32171770103044
h           -2.45648187020248        2.29323720391546       -0.73574200181243
35
 energy: -46.159795803804 gnorm: 0.000096224284 xtb: 6.7.1 (edcfbbe)
c            0.09289235959868       -0.64698519926038        0.07137707059974
c           -0.95015361234964        0.30670679620505        0.71637738710509
c           -0.35390153285580        1.71358855484736        0.90366715413225
c            0.47247298782865        2.21260979668765       -0.28216662110350
c            1.43325782908562        1.11827978466409       -0.75977264396959
c            0.60754182523674       -0.07180825091793       -1.25753871543082
c            1.38282069351898       -0.64541813072468        0.91987121945830
c            2.17335211431701        0.53313521251148        0.41561385387730
o            1.40365474600382       -1.04538974983863       -1.91633228105651
c           -0.46680713275226       -2.06492622983199       -0.09651508067069
c            3.31655276289488        0.97464471898270        0.90735208506792
c           -2.31351264351467        0.29884292622346        0.04802335042842
c           -3.24147308426778       -0.54491242164692        0.48020857900264
h           -1.12653663165090       -0.10459929401530        1.71746819332901
o           -0.82002132952716       -2.67252139067582        1.12876024717140
c           -2.63936232537692        1.26946585741068       -1.04959377008205
h           -1.15706536375203        2.41877120681122        1.12370163601788
h            0.29810692551793        1.69341927805720        1.77896406265061
h           -0.16704872757269        2.50827880782058       -1.11389030834171
h            1.04555395763535        3.08862420958240        0.02859236811496
h            2.10662787197587        1.51166952807283       -1.52637119520740
h           -0.20473281095177        0.22922070907053       -1.92759684582087
h            1.94798390438676       -1.56125311057727        0.72589432439679
h            1.18717034910647       -0.58021558913024        1.99037110596693
h            1.88414008276294       -0.60700465216077       -2.62985156366569
h            0.27405960769006       -2.67539371007725       -0.62757227623997
h           -1.38385800217522       -2.04063052085871       -0.68853916226822
h            3.78410589491603        0.51231611681445        1.76064753994829
h            3.83124633768152        1.81758662213525        0.47764460923022
h           -4.22545726366128       -0.58221557168374        0.04167588745780
h           -3.04981871149646       -1.25100125608233        1.27042123852747
h           -0.02383310336328       -2.72862404151906        1.67279834282264
h           -2.04438484427579        1.07946925691615       -1.94069876242132
h           -3.68835310156310        1.17752588683064       -1.32197138719482
h           -2.45825144462685        2.29425951502978       -0.73322534237600
35
 energy: -46.159796982854 gnorm: 0.000109845146 xtb: 6.7.1 (edcfbbe)
c            0.09281307057859       -0.64694565335132        0.07184310393331
c           -0.95056265649035        0.30669216252529        0.71643023914398
c           -0.35408637523640        1.71346415852758        0.90383239477715
c            0.47251151931594        2.21262298217437       -0.28179831055139
c            1.43296233815862        1.11816334826025       -0.75978434987247
c            0.60707475021278       -0.07193774304846       -1.25729985986522
c            1.38267936088461       -0.64496021159461        0.92044723636774
c            2.17350160529517        0.53300988966478        0.41529072431727
o            1.40293385661095       -1.04546496473627       -1.91642578171549
c           -0.46628211106489       -2.06514387396432       -0.09563412336565
c            3.31741495814284        0.97371124510050        0.90610786849697
c           -2.31355662875474        0.29871526286464        0.04729022732005
c           -3.24106705510117       -0.54642626186444        0.47773316382453
h           -1.12741813619868       -0.10455113410771        1.71747006393528
o           -0.81910311203885       -2.67248313343062        1.12988215434238
c           -2.63965905499930        1.27084785482008       -1.04893315328571
h           -1.15721821607876        2.41871215409387        1.12368716916379
h            0.29770632772321        1.69329719829341        1.77928901086141
h           -0.16690994373484        2.50884884917360       -1.11339801576530
h            1.04590086023519        3.08832252429418        0.02930654906245
h            2.10604184201503        1.51152799772657       -1.52664188567332
h           -0.20549768571063        0.22911696507227       -1.92699494229373
h            1.94771776804608       -1.56109174005107        0.72750927592276
h            1.18687870580709       -0.57863885933200        1.99086119157426
h            1.88238062957506       -0.60723272387270       -2.63073968171516
h            0.27486570134257       -2.67547217402414       -0.62649442505884
h           -1.38336086821539       -2.04154503148502       -0.68763024801245
h            3.78510038217032        0.51111013903398        1.75919229753852
h            3.83254799085267        1.81616345677744        0.47598346187844
h           -4.22477004072136       -0.58391659460216        0.03859376107171
h           -3.04925814530032       -1.25353400606199        1.26700579849934
h           -0.02318702071834       -2.72622252438180        1.67457937402329
h           -2.04294078051905        1.08403097489081       -1.93953070780244
h           -3.68805183475689        1.17735512080914       -1.32307732781315
h           -2.46113341690302        2.29537001147833       -0.73015795380783
35
 energy: -46.159798147752 gnorm: 0.000106103318 xtb: 6.7.1 (edcfbbe)
c            0.09270429625799       -0.64700931764789        0.07232312276275
c           -0.95092758856149        0.30669802625819        0.71644595914229
c           -0.35449017221320        1.71342235801290        0.90419811640875
c            0.47229072334989        2.21258692246054       -0.28132371508292
c            1.43262836114434        1.11821423018110       -0.75977656511375
c            0.60667756448115       -0.07202639777045       -1.25693370390039
c            1.38250556379952       -0.64438613255004        0.92103153001050
c            2.17371385367359        0.53291158865355        0.41485349594374
o            1.40249170612730       -1.04549611923602       -1.91615646137759
c           -0.46577713708627       -2.06548914793292       -0.09463708820246
c            3.31853396156222        0.97263798529204        0.90445069742025
c           -2.31352810741372        0.29862598312428        0.04647140867814
c           -3.24059692981961       -0.54800776101486        0.47499557910133
h           -1.12832801996485       -0.10450911636605        1.71740438687276
o           -0.81838093554524       -2.67247445534093        1.13113685683876
c           -2.63988813179274        1.27237486343064       -1.04823907729025
h           -1.15755492716742        2.41874953123583        1.12407000811964
h            0.29717549541038        1.69305376992905        1.77974409117992
h           -0.16707613351612        2.50935999863382       -1.11276968563058
h            1.04593072799330        3.08800814946743        0.03009720863337
h            2.10537894285605        1.51166791894227       -1.52688854838119
h           -0.20614580052907        0.22882462006110       -1.92641182462307
h            1.94738435615883       -1.56084846420663        0.72921241154370
h            1.18653684662942       -0.57685603841237        1.99135640057877
h            1.88068567819383       -0.60752727172169       -2.63147242816166
h            0.27567950130291       -2.67572613101023       -0.62519079049476
h           -1.38281216200485       -2.04255815841304       -0.68671476893251
h            3.78657890782045        0.50971762052613        1.75717641511222
h            3.83412335876951        1.81447416580905        0.47366220755749
h           -4.22397057701435       -0.58572326388548        0.03510914282712
h           -3.04878458127314       -1.25598151099800        1.26349384961341
h           -0.02278470203110       -2.72396604240717        1.67651398253646
h           -2.04082595682314        1.08933235792308       -1.93801259899673
h           -3.68746943747916        1.17682402498550       -1.32476434398106
h           -2.46470996087149        2.29661687965974       -0.72666097125601
35
 energy: -46.159799136128 gnorm: 0.000094315203 xtb: 6.7.1 (edcfbbe)
c            0.09264187039181       -0.64698284113754        0.07284323248954
c           -0.95135790389153        0.30659653709134        0.71660873964508
c           -0.35476173013028        1.71319641567819        0.90457831909853
c            0.47195893347087        2.21262692480436       -0.28086614761260
c            1.43214598999737        1.11828227460086       -0.75970201073809
c            0.60634914343700       -0.07220050320733       -1.25659864140715
c            1.38242393198857       -0.64382928550415        0.92160672205254
c            2.17384635142533        0.53293149674609        0.41450043167989
o            1.40237136050132       -1.04563663854722       -1.91563555399057
c           -0.46536996450859       -2.06567359942876       -0.09370280534052
c            3.31954989218118        0.97180646248916        0.90275752181975
c           -2.31356513900227        0.29861722741768        0.04580332158837
c           -3.24031124919582       -0.54927631009172        0.47250791087977
h           -1.12927484827665       -0.10467633935363        1.71745803785853
o           -0.81798528782726       -2.67229023440584        1.13227086378018
c           -2.63996728881098        1.27382671461411       -1.04759494380320
h           -1.15774060598043        2.41856289865535        1.12459632797822
h            0.29690266801188        1.69262299028187        1.78012381365405
h           -0.16750021951721        2.50968103256570       -1.11213382184572
h            1.04573615463222        3.08792504207260        0.03068171026476
h            2.10453126327904        1.51186535993132       -1.52705302823278
h           -0.20662736774839        0.22824666889621       -1.92606843262203
h            1.94722292734365       -1.56051435782338        0.73067241904122
h            1.18638641274737       -0.57532962644586        1.99185824708051
h            1.87945433863591       -0.60797496754206       -2.63187792718449
h            0.27641394463800       -2.67588249127358       -0.62383273401573
h           -1.38228792660675       -2.04333154598388       -0.68598129041727
h            3.78823953361115        0.50857944888364        1.75496096470072
h            3.83538120532103        1.81310491267642        0.47120986725981
h           -4.22332073564886       -0.58714081326657        0.03183065461036
h           -3.04852998727064       -1.25824454337554        1.26012875225459
h           -0.02264898164450       -2.72240803531172        1.67815054265663
h           -2.03851986434816        1.09437892143202       -1.93648598714310
h           -3.68673109404509        1.17624386845429       -1.32653065585445
h           -2.46808714273658        2.29781260108004       -0.72329012072893
35
 energy: -46.159799929153 gnorm: 0.000088381577 xtb: 6.7.1 (edcfbbe)
c            0.09259380299984       -0.64700026102650        0.07331199957119
c           -0.95166818700182        0.30654488161140        0.71673623874935
c           -0.35499329054751        1.71303402730512        0.90508366058726
c            0.47148728622575        2.21252840803473       -0.28048009150563
c            1.43167428482146        1.11834426219929       -0.75970169924331
c            0.60608503889932       -0.07242144260563       -1.25628985618334
c            1.38241600759694       -0.64339920834500        0.92203296541078
c            2.17395314879435        0.53295509780420        0.41411153192634
o            1.40246095939541       -1.04581191970863       -1.91499329573794
c           -0.46501282136812       -2.06588276516005       -0.09288370729406
c            3.32041919772262        0.97122988717944        0.90111810098980
c           -2.31349040815118        0.29852893633957        0.04512288049742
c           -3.24004830487786       -0.55034953683240        0.47028105682000
h           -1.13004861565342       -0.10485329474584        1.71744912751637
o           -0.81792914039259       -2.67207461311593        1.13322834646547
c           -2.63991207074561        1.27514022616587       -1.04703228989484
h           -1.15787117220600        2.41841125786851        1.12540759733974
h            0.29685006234339        1.69224340563334        1.78049203274626
h           -0.16815264267800        2.50970182411501       -1.11155295029970
h            1.04529770967670        3.08780600177838        0.03105041210001
h            2.10371825140504        1.51207190693329       -1.52727928614781
h           -0.20696654500264        0.22752194688651       -1.92588271970614
h            1.94714511140353       -1.56024962717835        0.73172124728559
h            1.18640153227150       -0.57419228397513        1.99224095935341
h            1.87876524816819       -0.60841694533354       -2.63190935432724
h            0.27704903548692       -2.67617606330467       -0.62252235370432
h           -1.38173858943321       -2.04394250714329       -0.68546263288323
h            3.78964593094993        0.50808225056173        1.75306502573436
h            3.83616457018913        1.81227408564891        0.46896685284739
h           -4.22287452041610       -0.58796071197989        0.02918322660532
h           -3.04846797377089       -1.25996285742536        1.25736068480817
h           -0.02277000808259       -2.72182494240833        1.67939972752803
h           -2.03640172112668        1.09885653249675       -1.93512315050749
h           -3.68593883832784        1.17589999280606       -1.32811863405928
h           -2.47087374414423        2.29885971459292       -0.72033735393153
35
 energy: -46.159800585469 gnorm: 0.000091971638 xtb: 6.7.1 (edcfbbe)
c            0.09256353805336       -0.64711216137207        0.07371691805132
c           -0.95189211203990        0.30640612734596        0.71691090702556
c           -0.35514631830369        1.71278615997378        0.90550549820393
c            0.47097010228385        2.21243438554429       -0.28022939096812
c            1.43119065315577        1.11841048162131       -0.75975086731684
c            0.60587733842828       -0.07269477573376       -1.25600944417942
c            1.38245273403824       -0.64300749733348        0.92234995299837
c            2.17396868011240        0.53310404052338        0.41378755360800
o            1.40265244184149       -1.04605990538166       -1.91430854822330
c           -0.46476204760061       -2.06614654523516       -0.09210843005435
c            3.32098197940480        0.97110197034965        0.89975236730460
c           -2.31347525765359        0.29875599173940        0.04478667234595
c           -3.23998561470081       -0.55083705632806        0.46861354380868
h           -1.13068418602865       -0.10508982541113        1.71751184188745
o           -0.81813191881781       -2.67190483147891        1.13410543432021
c           -2.63977563197191        1.27644900712969       -1.04644031814798
h           -1.15788183717587        2.41817848388904        1.12629012591141
h            0.29695478470548        1.69167612154435        1.78070894049191
h           -0.16892023395821        2.50960225876660       -1.11109534522389
h            1.04478608778774        3.08775245478906        0.03117875969030
h            2.10291981672072        1.51229890439634       -1.52752148867652
h           -0.20724020522586        0.22666346632586       -1.92577170836773
h            1.94717866531632       -1.55994104636395        0.73247156129068
h            1.18649144072437       -0.57330573422615        1.99253433790051
h            1.87850328507587       -0.60887503076606       -2.63164588681932
h            0.27759826592644       -2.67653224531549       -0.62119346026684
h           -1.38122970558120       -2.04453826827889       -0.68509226102092
h            3.79093714362869        0.50796058011494        1.75129587531859
h            3.83667986438733        1.81176486736396        0.46678465225190
h           -4.22235140439046       -0.58876936758757        0.02649769952376
h           -3.04843766203153       -1.26157306926536        1.25470561887670
h           -0.02306552668352       -2.72202723369635        1.68038128686830
h           -2.03442635468047        1.10285313280899       -1.93377332828666
h           -3.68514262710196        1.17581634683375       -1.32946755363911
h           -2.47318959322138        2.29991547838617       -0.71768721703075
35
 energy: -46.159801114167 gnorm: 0.000079241652 xtb: 6.7.1 (edcfbbe)
c            0.09257616047858       -0.64723525800452        0.07409711837844
c           -0.95208550438401        0.30620493129934        0.71707855912377
c           -0.35520186226603        1.71247386173845        0.90584380814597
c            0.47053890811740        2.21234249615804       -0.28005136394371
c            1.43071074656036        1.11838463699481       -0.75985273542401
c            0.60566021219106       -0.07303867577386       -1.25580295436070
c            1.38256045698789       -0.64267519368077        0.92260531035677
c            2.17403004191382        0.53319248073125        0.41340585150514
o            1.40275974222897       -1.04640436980104       -1.91375576166551
c           -0.46458041892976       -2.06638452539724       -0.09138901423214
c            3.32143154543677        0.97112138746643        0.89848569700439
c           -2.31333764291078        0.29873936800994        0.04425633539608
c           -3.23976292833941       -0.55165492916846        0.46667995062637
h           -1.13129968885089       -0.10542388221535        1.71755888976791
o           -0.81841040954234       -2.67170539797127        1.13491818909969
c           -2.63958459254191        1.27772012728640       -1.04585033476258
h           -1.15778475712588        2.41788857125191        1.12709715402987
h            0.29719117924469        1.69108474498354        1.78082232979691
h           -0.16964763015205        2.50946803674985       -1.11068799473760
h            1.04437839524469        3.08772032262347        0.03117278679743
h            2.10211409237792        1.51238594746037       -1.52783934428945
h           -0.20755983724143        0.22577193048826       -1.92568966426287
h            1.94730780642822       -1.55965125313550        0.73302825175607
h            1.18670490604086       -0.57260264181681        1.99278565841808
h            1.87848972291448       -0.60934076883158       -2.63124574279802
h            0.27808332368377       -2.67686898579298       -0.61990322132669
h           -1.38078099346768       -2.04511041725090       -0.68481037986369
h            3.79188597263801        0.50830456126044        1.74992334831890
h            3.83675910479814        1.81177199496769        0.46504235520560
h           -4.22204999622214       -0.58905535669591        0.02435166794782
h           -3.04857421698924       -1.26273645344389        1.25252268415925
h           -0.02336847346282       -2.72262969963079        1.68114428732893
h           -2.03266532052581        1.10665133715727       -1.93259440991819
h           -3.68439539565197        1.17591061122732       -1.33051991319606
h           -2.47512406425777        2.30089612642861       -0.71503309892582
35
 energy: -46.159801484530 gnorm: 0.000068167050 xtb: 6.7.1 (edcfbbe)
c            0.09255187378427       -0.64731778676881        0.07443172588622
c           -0.95223100808224        0.30618787226011        0.71715602141591
c           -0.35517634257224        1.71232144827426        0.90620273947198
c            0.47019562090766        2.21212342000858       -0.27995793743060
c            1.43032030435864        1.11824293516535       -0.76004006507694
c            0.60537765984243       -0.07337745317084       -1.25566683451191
c            1.38266585080255       -0.64251559340055        0.92276029258737
c            2.17398109144609        0.53326506872728        0.41311375393216
o            1.40267146004698       -1.04674182024518       -1.91340496585487
c           -0.46431837578022       -2.06662172735052       -0.09076598729307
c            3.32158026167884        0.97130609013362        0.89761222912918
c           -2.31325849628625        0.29881806040138        0.04385309798579
c           -3.23961053273057       -0.55218243547205        0.46518187633862
h           -1.13173249352763       -0.10551618575234        1.71754565462013
o           -0.81854155367585       -2.67151923281725        1.13563904634767
c           -2.63947031813159        1.27886879960266       -1.04531192074786
h           -1.15762406319488        2.41776599185405        1.12782115586400
h            0.29752371682103        1.69073703822413        1.78095289226525
h           -0.17019974399720        2.50928567649268       -1.11040574545170
h            1.04409634293076        3.08749401887934        0.03114387199361
h            2.10147935735139        1.51225349660682       -1.52824138802245
h           -0.20794424497232        0.22504665890362       -1.92560312739274
h            1.94744503047904       -1.55951093160332        0.73337751818736
h            1.18694312311104       -0.57219759167538        1.99293878114868
h            1.87854163750960       -0.60970490069330       -2.63081833601772
h            0.27852553867372       -2.67725841210620       -0.61884637583826
h           -1.38032869111327       -2.04558951350501       -0.68447427429056
h            3.79243261060339        0.50877506984625        1.74897577932227
h            3.83664085107373        1.81190154632955        0.46374097820627
h           -4.22173822855621       -0.58936386570158        0.02249788100398
h           -3.04848267466795       -1.26406265696154        1.25032435156619
h           -0.02348271265544       -2.72323255406599        1.68177517757017
h           -2.03138416842917        1.10981894508804       -1.93163243705758
h           -3.68386004909360        1.17622037118654       -1.33121517171158
h           -2.47662004953079        2.30179581897807       -0.71286595868862
35
 energy: -46.159801732745 gnorm: 0.000049567015 xtb: 6.7.1 (edcfbbe)
c            0.09253241332808       -0.64747689319267        0.07461995940610
c           -0.95228356175106        0.30607485886793        0.71723317109748
c           -0.35512746018904        1.71215456741218        0.90629203472212
c            0.47006217841742        2.21200825010124       -0.27997572569975
c            1.43008916694154        1.11811717154375       -0.76022682854975
c            0.60517345665073       -0.07363372713832       -1.25558589964597
c            1.38272742807298       -0.64240334290478        0.92281849164510
c            2.17396114651683        0.53330767109103        0.41287737901017
o            1.40246028504762       -1.04700236143645       -1.91332575172004
c           -0.46422691803323       -2.06685959570130       -0.09027426867695
c            3.32158551949355        0.97155139121756        0.89715166803832
c           -2.31316139621307        0.29888540672223        0.04360084106976
c           -3.23943804629628       -0.55262713213856        0.46406880194334
h           -1.13202001675476       -0.10563726926077        1.71758020222265
o           -0.81853910356944       -2.67150063623304        1.13623719630935
c           -2.63942062566070        1.27976746327175       -1.04481969747973
h           -1.15746420992521        2.41764427583677        1.12814444162409
h            0.29771780476150        1.69044143095081        1.78092106604077
h           -0.17046747811013        2.50923595715358       -1.11028379952861
h            1.04406598629191        3.08733742066117        0.03105627830732
h            2.10109179822859        1.51211252028945       -1.52857531415397
h           -0.20827329877895        0.22458949784453       -1.92545856123598
h            1.94749099953988       -1.55942548512011        0.73353383292894
h            1.18710594771703       -0.57193138239881        1.99300564767107
h            1.87858363904185       -0.60990486026525       -2.63053532962607
h            0.27875491979526       -2.67751964625141       -0.61811170814527
h           -1.38014711888823       -2.04604931343221       -0.68412596585104
h            3.79258778436206        0.50927335632092        1.74856831519201
h            3.83650942292268        1.81209570120890        0.46301503897359
h           -4.22140873097654       -0.58976515860681        0.02102179676745
h           -3.04837646645419       -1.26500609702601        1.24876757117311
h           -0.02342257662441       -2.72360284694087        1.68225988423205
h           -2.03067598056438        1.11210399877280       -1.93092805244951
h           -3.68355032210884        1.17668283904748       -1.33149316979107
h           -2.47752800180731        2.30247763540579       -0.71125924636475
35
 energy: -46.159801930900 gnorm: 0.000041556072 xtb: 6.7.1 (edcfbbe)
c            0.09251434408824       -0.64758508884305        0.07477179716852
c           -0.95232749165226        0.30603961317690        0.71725234917013
c           -0.35506901210646        1.71206294620193        0.90631751298033
c            0.47003559085623        2.21190131459280       -0.28002702190115
c            1.42992769824368        1.11793502003434       -0.76038632310466
c            0.60493869484401       -0.07384429471877       -1.25555898413104
c            1.38278693104958       -0.64236613210222        0.92285964440267
c            2.17394052119432        0.53329745808493        0.41271463223291
o            1.40210413672484       -1.04724836041840       -1.91338763882323
c           -0.46412994189403       -2.06704405790409       -0.08988511976674
c            3.32149150227189        0.97177174892348        0.89694453620178
c           -2.31311512429449        0.29899354205257        0.04341842887847
c           -3.23926412826127       -0.55304230272241        0.46312509220991
h           -1.13222007977093       -0.10562982154342        1.71758963113084
o           -0.81834435230382       -2.67150685260525        1.13674277582328
c           -2.63941643753553        1.28051117104815       -1.04440967308361
h           -1.15732774338952        2.41760374336530        1.12828371868969
h            0.29784869920044        1.69025539171099        1.78088982211467
h           -0.17056242932416        2.50923599335608       -1.11023973796359
h            1.04416583585007        3.08715975439188        0.03097953225113
h            2.10082036209986        1.51186711036848       -1.52886233444430
h           -0.20865577778400        0.22431978918520       -1.92529700457965
h            1.94756920636695       -1.55938999596633        0.73362158704859
h            1.18725965853965       -0.57178793295935        1.99305975674968
h            1.87851580272750       -0.61007468123406       -2.63036278716375
h            0.27890504837675       -2.67771148208488       -0.61763652290196
h           -1.38005754552362       -2.04644000267746       -0.68373249567444
h            3.79257541250617        0.50962863673287        1.74838992009613
h            3.83632338228740        1.81230309506622        0.46267259090823
h           -4.22111220194529       -0.59017816720016        0.01979976584644
h           -3.04817739274884       -1.26590812561162        1.24738075697064
h           -0.02317347512329       -2.72364509211914        1.68267407645804
h           -2.03026970348133        1.11383662959846       -1.93042994229285
h           -3.68340338242528        1.17716207904817       -1.33150885429473
h           -2.47812802323972        2.30303301944438       -0.70996918775005
35
 energy: -46.159802107344 gnorm: 0.000038173596 xtb: 6.7.1 (edcfbbe)
c            0.09245690565929       -0.64769555786972        0.07489731662002
c           -0.95236751547262        0.30602653874310        0.71727797693616
c           -0.35497375502696        1.71200225923371        0.90629880697053
c            0.47008203360749        2.21180508528471       -0.28010505926389
c            1.42982924885476        1.11775865060895       -0.76056895565336
c            0.60473249180803       -0.07403764145374       -1.25552450831702
c            1.38280505108019       -0.64235618372166        0.92286418064739
c            2.17389455094483        0.53328371811492        0.41257616595886
o            1.40171258246282       -1.04746647110143       -1.91352249890080
c           -0.46407055972403       -2.06722650349195       -0.08951561555515
c            3.32134471135238        0.97197099602589        0.89685924635511
c           -2.31304255239389        0.29901473490934        0.04319603061870
c           -3.23902803518318       -0.55352859309442        0.46220532184300
h           -1.13240988701812       -0.10557856978405        1.71761775131433
o           -0.81804935367212       -2.67156776243126        1.13724132396728
c           -2.63948191920628        1.28121409506674       -1.04398742039598
h           -1.15715589374488        2.41760699271223        1.12832263371549
h            0.29800279567831        1.69016983663226        1.78082573309489
h           -0.17054883860608        2.50926276958201       -1.11024240561305
h            1.04435219070706        3.08697379654819        0.03089403061769
h            2.10065029316621        1.51159334198431       -1.52916216145187
h           -0.20900095689835        0.22413178450641       -1.92509408949227
h            1.94757256293313       -1.55939798075168        0.73365318930117
h            1.18737031291560       -0.57170130593568        1.99307463510896
h            1.87840543931693       -0.61019982494142       -2.63025691092944
h            0.27897073222084       -2.67787216870927       -0.61728627535521
h           -1.38006490016523       -2.04680895031413       -0.68326021571868
h            3.79239069524694        0.50997667705902        1.74840686053726
h            3.83615780595176        1.81246806104280        0.46250189575251
h           -4.22077060071555       -0.59068297509341        0.01864835094209
h           -3.04786906557266       -1.26685774444583        1.24602294279458
h           -0.02281804990346       -2.72344727595563        1.68310753042973
h           -2.03015146194246        1.11538040128789       -1.93002935555278
h           -3.68338696262885        1.17775031056415       -1.33133148707404
h           -2.47857151160814        2.30355112486117       -0.70881066479583
35
 energy: -46.159802270064 gnorm: 0.000034988562 xtb: 6.7.1 (edcfbbe)
c            0.09243144584483       -0.64779669847114        0.07502561994650
c           -0.95238954392643        0.30604060416266        0.71726612318200
c           -0.35488978549574        1.71196722630286        0.90626103704524
c            0.47012915795537        2.21169509077227       -0.28021076962980
c            1.42972044796613        1.11753388546483       -0.76072882232647
c            0.60447365135757       -0.07422810239552       -1.25552356524767
c            1.38283407068956       -0.64236062521984        0.92291207549752
c            2.17385978775150        0.53323762152533        0.41246127194688
o            1.40126130864155       -1.04770326997032       -1.91366604980077
c           -0.46399391994405       -2.06739200296041       -0.08915293149108
c            3.32119500195856        0.97214717598482        0.89682189375294
c           -2.31298237924529        0.29909546600424        0.04299619552247
c           -3.23873395046881       -0.55413622912546        0.46116446900611
h           -1.13257379148829       -0.10548060648390        1.71761411826249
o           -0.81767497650825       -2.67162428691002        1.13774575661469
c           -2.63957689243898        1.28197284299559       -1.04352756126776
h           -1.15698563184868        2.41764500501980        1.12835622129893
h            0.29813604948698        1.69006391414557        1.78074769087853
h           -0.17052604800876        2.50927847518201       -1.11028222859751
h            1.04454816121706        3.08676966689419        0.03078116109831
h            2.10047359288319        1.51124992875929       -1.52944075234635
h           -0.20941446975963        0.22396708375183       -1.92491587460433
h            1.94759907113442       -1.55940935581485        0.73371139077680
h            1.18750189946523       -0.57161751773746        1.99313828978822
h            1.87821930392895       -0.61036579478731       -2.63018272580851
h            0.27903337553824       -2.67801236636722       -0.61697638398716
h           -1.38008579736509       -2.04717757187517       -0.68275196559269
h            3.79219976831488        0.51028258285196        1.74846518807420
h            3.83598736330317        1.81262261315238        0.46240070591227
h           -4.22038279386088       -0.59130531882314        0.01739702928430
h           -3.04750666025690       -1.26788358668979        1.24458156136923
h           -0.02239563222973       -2.72305442378847        1.68358590759266
h           -2.03011567758429        1.11695279184131       -1.92963370977852
h           -3.68342749165662        1.17843215860615       -1.33104008588190
h           -2.47897943092705        2.30410928967544       -0.70760598103344
35
 energy: -46.159802393112 gnorm: 0.000027489579 xtb: 6.7.1 (edcfbbe)
c            0.09236627276189       -0.64787934292203        0.07515773645794
c           -0.95244725209673        0.30605744206330        0.71729180333492
c           -0.35480334543625        1.71192692760439        0.90624403795643
c            0.47016885581806        2.21161988236091       -0.28028366725968
c            1.42963495219925        1.11737975415152       -0.76087230517973
c            0.60429527865318       -0.07440303495907       -1.25547324930888
c            1.38283987479221       -0.64234612563632        0.92293173748684
c            2.17382773981834        0.53321230373609        0.41234263655985
o            1.40092559271423       -1.04791322855722       -1.91374389449425
c           -0.46393439885711       -2.06754237362978       -0.08881610989414
c            3.32108387650200        0.97227541725734        0.89674284788223
c           -2.31293176156042        0.29912846093994        0.04278755821083
c           -3.23847398727874       -0.55468696074720        0.46020915747002
h           -1.13276457358982       -0.10539458908098        1.71764664006076
o           -0.81735720649385       -2.67168681772069        1.13820285915638
c           -2.63966350276438        1.28264899776595       -1.04311374046907
h           -1.15682328101661        2.41766558743075        1.12840412798197
h            0.29828387098984        1.68998157896994        1.78068441019460
h           -0.17052181816356        2.50927378176351       -1.11029842249026
h            1.04469158404191        3.08663884130226        0.03067698728250
h            2.10033082520343        1.51100271767010       -1.52968413566563
h           -0.20971893151661        0.22379418774755       -1.92471780333788
h            1.94760681955763       -1.55940423270995        0.73376107843406
h            1.18758460703895       -0.57151967219819        1.99316598824061
h            1.87801989722552       -0.61053863137974       -2.63014948907696
h            0.27908457319246       -2.67814056885785       -0.61668508957403
h           -1.38010815961157       -2.04750249632504       -0.68228889611207
h            3.79206022194839        0.51050718642098        1.74845464870846
h            3.83585824760999        1.81273793705442        0.46227882028197
h           -4.22004180133538       -0.59184492680540        0.01626465106188
h           -3.04714859884931       -1.26890727204416        1.24317832059624
h           -0.02205376506050       -2.72263163440558        1.68405238275947
h           -2.03013154802242        1.11830733510172       -1.92930446229573
h           -3.68348872077549        1.17909054183700       -1.33071515041500
h           -2.47928185321479        2.30460869247407       -0.70653771508835
35
 energy: -46.159802476877 gnorm: 0.000023445862 xtb: 6.7.1 (edcfbbe)
c            0.09235011491552       -0.64793756278673        0.07526056476840
c           -0.95247963892028        0.30605418683081        0.71730587823071
c           -0.35476248588704        1.71188854988637        0.90626554459871
c            0.47014645941243        2.21155078055361       -0.28032112465376
c            1.42954686128955        1.11727277593900       -0.76095187366422
c            0.60414800712331       -0.07451652416323       -1.25544446939352
c            1.38285225022027       -0.64231936458688        0.92299237791207
c            2.17380977076585        0.53319655346542        0.41226479376406
o            1.40071243160456       -1.04804714387647       -1.91375562704938
c           -0.46387431262901       -2.06764378720064       -0.08855921792872
c            3.32105957226971        0.97233046218923        0.89661962561148
c           -2.31288536226516        0.29915549150044        0.04262676261473
c           -3.23827680325243       -0.55511093110353        0.45945799192240
h           -1.13291263893071       -0.10535850216743        1.71765706266838
o           -0.81715022760406       -2.67171146136526        1.13854433582534
c           -2.63971664151600        1.28317594499129       -1.04279779919808
h           -1.15672118473369        2.41767054175913        1.12850374703851
h            0.29838590603376        1.68989356969950        1.78065889667433
h           -0.17058010592620        2.50923979599455       -1.11029345254107
h            1.04472930350220        3.08654003730302        0.03060836787571
h            2.10018898529707        1.51083916848396       -1.52983928971316
h           -0.20994648102278        0.22365550615775       -1.92461091043254
h            1.94760865587050       -1.55939060173633        0.73385467015159
h            1.18766314685228       -0.57140861672576        1.99323353608973
h            1.87781300780166       -0.61068026518829       -2.63016128456683
h            0.27915491837055       -2.67823075143051       -0.61642758822106
h           -1.38008924552714       -2.04774201045044       -0.68197063520747
h            3.79203145385007        0.51065822083883        1.74838611439317
h            3.83581444269559        1.81277097875032        0.46209065907898
h           -4.21975563946857       -0.59230277488910        0.01531906599488
h           -3.04691476943167       -1.26964665809500        1.24212595093942
h           -0.02184906319827       -2.72228633615356        1.68443389563553
h           -2.03015609783688        1.11931576833490       -1.92905708384740
h           -3.68352462011420        1.17964196706683       -1.33046998373890
h           -2.47945138518706        2.30499865784674       -0.70575520217569
