35
 energy: -46.150163021020 gnorm: 0.050690108268 xtb: 6.7.1 (edcfbbe)
c            0.01392876972824       -0.76746421829871       -0.05755167030117
c            0.65381633527484        0.49646991887214       -0.77563612361518
c           -0.41148459031236        1.63096289846696       -0.91817416032198
c           -1.31847880963514        1.84211898107144        0.31666653898834
c           -1.82943047328303        0.49050346524984        0.87295745504209
c           -0.63264923915365       -0.39460065762938        1.31484949834681
c           -1.26884560541998       -1.19352105710715       -0.84503347147007
c           -2.40808048684697       -0.35802039094788       -0.25067673618698
o            0.21822987022657        0.13019418269605        2.32766939219324
c            0.98272930143244       -1.94215762452491        0.11604088439992
c           -3.68767360885801       -0.38642740571581       -0.63874516381856
c            2.00206521312041        0.99150049254049       -0.22156398465781
c            2.14040318796245        2.04308431394249        0.60883926254303
h            0.88223031175289        0.15261165599781       -1.79873703176405
o            1.42928321787380       -2.38956228541136       -1.17259817111895
c            3.24516018626988        0.32583429226764       -0.78742300314766
h            0.09099963809454        2.57218559860893       -1.18769113263345
h           -1.05804974144337        1.38105185981147       -1.77405891983846
h           -0.79560857422955        2.38496899887134        1.12094354838163
h           -2.17840454011446        2.46906343897890        0.02995970771431
h           -2.54855193493553        0.66134265323650        1.68893831337802
h           -1.04691681535145       -1.32227960895292        1.75111753597243
h           -1.16594744983933       -1.05479342026280       -1.93200321633352
h           -1.46638385032241       -2.26668942618027       -0.68186304187367
h            0.89908289721549        0.70526676040006        1.92114832912949
h            0.44663851335757       -2.75530033859048        0.64362495751065
h            1.83290247753224       -1.64713618920701        0.75859460232960
h           -4.02683890036217       -1.02315515530549       -1.46020627696255
h           -4.44935799313822        0.22222513566215       -0.14513669776464
h            3.12906057348410        2.37183568307461        0.93671625650307
h            1.30172538550912        2.64082905436408        0.96859657629758
h            2.00750676368422       -3.16702294190041       -1.03760056245806
h            3.19011753458193       -0.76969941553187       -0.77207388293976
h            3.35489420688604        0.61172867068446       -1.84897451808526
h            4.15281541901445        0.64697501388065       -0.25640094776187
35
 energy: -46.156577860614 gnorm: 0.014750635375 xtb: 6.7.1 (edcfbbe)
c            0.00545512408999       -0.75189613753145       -0.05739622143906
c            0.65155309433845        0.48770478312817       -0.76795959093714
c           -0.40584646037235        1.61142942474655       -0.90751669673546
c           -1.30596192005619        1.82722959804966        0.31455230070854
c           -1.81753312827067        0.48777690772989        0.86168755024336
c           -0.62834542338569       -0.38720492026050        1.30668373232169
c           -1.26322958098642       -1.17932217562850       -0.83965656182737
c           -2.39113317067250       -0.35258458844236       -0.25496009766184
o            0.22742736160126        0.14330628964009        2.29499750161631
c            0.97276335947233       -1.92517002741821        0.11092629455627
c           -3.65741773929974       -0.38400479314133       -0.63557734501118
c            1.98534044161866        0.97939443203858       -0.21203639507761
c            2.12307843885925        2.01492275781215        0.61174140401353
h            0.88181260808823        0.13896702680003       -1.78362564781967
o            1.43062849116350       -2.37523624106548       -1.16088121001715
c            3.21859700903657        0.33012757753429       -0.78704230460329
h            0.10072559335275        2.54755130807419       -1.16138709012134
h           -1.05352356212079        1.36447456148725       -1.75450730633792
h           -0.78378650254364        2.35639797419659        1.11730429486516
h           -2.16065787221173        2.44707951333879        0.02279983580809
h           -2.52919447753837        0.66012247096090        1.67427860841201
h           -1.03325637846621       -1.30632939443425        1.75746904731395
h           -1.15749594680472       -1.03913380730109       -1.91699696071121
h           -1.46126399586254       -2.24378880250583       -0.67425621204664
h            0.87786928817026        0.73110420687653        1.87183057205585
h            0.44320078248589       -2.74335081472953        0.62435058668436
h            1.82051099847477       -1.63272402434081        0.74708201992357
h           -3.99660902546582       -1.01413828685969       -1.44581341771057
h           -4.41269732461533        0.21881328619335       -0.15139820414258
h            3.10310525160699        2.35436356495345        0.91961331259160
h            1.29702489538547        2.60368573441520        0.97845477495347
h            1.99301954492020       -3.15266945357610       -1.02587826138798
h            3.16241385055324       -0.75578997006350       -0.77520489413975
h            3.32932259270815        0.62656455080491       -1.83525579001143
h            4.11499097250224        0.64525040162971       -0.25190748265192
35
 energy: -46.157582090111 gnorm: 0.005624992566 xtb: 6.7.1 (edcfbbe)
c            0.00497825079554       -0.75231817861707       -0.05484531447959
c            0.64388810901280        0.47722214607661       -0.76329567864912
c           -0.40114899708087        1.60337650752342       -0.90733247355046
c           -1.29391795302416        1.81785439899189        0.31500152615445
c           -1.80870732529706        0.48486751364774        0.86068669626878
c           -0.61951109129682       -0.38338743762850        1.30407026017637
c           -1.25585522935326       -1.17382757804225       -0.83718989920754
c           -2.37672746559535       -0.35086046988132       -0.25451621158246
o            0.23914277329272        0.15920450877282        2.27265862558119
c            0.97310568159363       -1.92300493553683        0.11259784701968
c           -3.63920488032011       -0.37925775074778       -0.63633857622776
c            1.96945711885085        0.97574240079633       -0.21359047132564
c            2.10620083340087        2.00366562848005        0.61430809237854
h            0.87752269363641        0.12298379368451       -1.77423459914377
o            1.43763689811338       -2.36148547969056       -1.15451062153983
c            3.19652968128154        0.33105828718896       -0.79264689948413
h            0.11055344390625        2.53486145534846       -1.15707864031220
h           -1.04978790263691        1.35660965642434       -1.74929476250864
h           -0.77068640068501        2.33915750204150        1.11743790145514
h           -2.14402183900757        2.43776825051686        0.02224923045429
h           -2.51973504216747        0.65861276153975        1.67022095718441
h           -1.01563019696447       -1.29733156464820        1.76836937797906
h           -1.14585008195498       -1.03106607170861       -1.91067773360383
h           -1.45528974210806       -2.23453909449635       -0.67275420065247
h            0.85528983819678        0.76948595998979        1.83299170062800
h            0.44019142185652       -2.74099900370702        0.61712019619651
h            1.81236869856892       -1.62388755458421        0.75322029447600
h           -3.97590828342910       -1.00408401914612       -1.44585733338898
h           -4.39116350149393        0.22314692134155       -0.15646446568166
h            3.08188169282211        2.33428553262619        0.92969913067732
h            1.28410337583743        2.57552622555642        1.00590422761142
h            1.98511017395165       -3.14464460611905       -1.02570062517395
h            3.13237002318316       -0.75118068157393       -0.79400573154737
h            3.30577522577809        0.64311921988476       -1.83198445278005
h            4.08792718809195        0.63624868880755       -0.24970322772489
35
 energy: -46.157748204327 gnorm: 0.004124629315 xtb: 6.7.1 (edcfbbe)
c            0.00486660492081       -0.75309316689002       -0.05295894350853
c            0.64322690137473        0.47301640851570       -0.76380532956058
c           -0.40201005020618        1.59848021306819       -0.90775754082313
c           -1.29243252368723        1.81654515564090        0.31616183413882
c           -1.80622994229880        0.48273092352124        0.86148849579096
c           -0.61605355646347       -0.38343756437688        1.30714628229148
c           -1.25380020052470       -1.17663388693471       -0.83521461492701
c           -2.37261995225316       -0.35109691826406       -0.25490771428801
o            0.24511177400913        0.16526622358977        2.26759219495314
c            0.97510032652360       -1.92240644516373        0.11452452923583
c           -3.63458789913346       -0.37448107744024       -0.64125250498449
c            1.96569611541380        0.96847821006784       -0.20701026552829
c            2.10145234985304        1.98834449555755        0.63264922107854
h            0.87875423548640        0.11662836162879       -1.77386443248569
o            1.44612361882242       -2.35375822222134       -1.15100037784574
c            3.19055302720104        0.33347411727297       -0.79956464935454
h            0.11307420636993        2.52783776537881       -1.15655184524207
h           -1.05240203433094        1.35483118139810       -1.74898913157759
h           -0.76613939852189        2.33569640974559        1.11767390910068
h           -2.14135630965858        2.43870552355634        0.02563206769324
h           -2.51813443694087        0.65700868188629        1.66990419948008
h           -1.00796065865819       -1.29583216702854        1.77795289410196
h           -1.14077736091713       -1.03335644514481       -1.90851317215873
h           -1.45527155051276       -2.23714438831129       -0.67173676280469
h            0.83917747014665        0.79303025203432        1.82075744511092
h            0.44052142967238       -2.74203156295754        0.61397904233890
h            1.80883680580847       -1.62190200943887        0.76204778698381
h           -3.96895406806235       -0.99752970367405       -1.45322856762321
h           -4.38560386080013        0.22911983896211       -0.16151140424547
h            3.07873165631185        2.32889523500736        0.93296718435941
h            1.28264983242479        2.57143670796135        1.01268445784092
h            1.98213518436445       -3.14504530636881       -1.02534806803237
h            3.11829639333918       -0.74837091704029       -0.82144473776730
h            3.29802905979726        0.66484171245450       -1.83343268637144
h            4.08288400088537        0.62467529711922       -0.25055464969306
35
 energy: -46.157901402865 gnorm: 0.004964605716 xtb: 6.7.1 (edcfbbe)
c            0.00573437624099       -0.75512364047815       -0.04920657968684
c            0.64251106616974        0.47020379359133       -0.76327104606819
c           -0.40370493854906        1.59487897138484       -0.90818581466836
c           -1.29186379178142        1.81513397405576        0.31823957440113
c           -1.80574505803552        0.47994311722644        0.86341883052314
c           -0.61459680099179       -0.38484500115529        1.31232491486505
c           -1.25186861241904       -1.18159532984534       -0.83126005407741
c           -2.36995800515521       -0.35221931894923       -0.25511596907915
o            0.24584921574158        0.16610990332368        2.26982718743738
c            0.97937158520190       -1.92259012090310        0.11836335249772
c           -3.63070659874299       -0.36792786887191       -0.64932399464663
c            1.96488219523348        0.97024915122851       -0.21107568613034
c            2.10271051124420        1.98546677012524        0.63560092441449
h            0.87727839497472        0.11046034624437       -1.77267716168433
o            1.45987076494526       -2.34558751221438       -1.14524864187670
c            3.18625377773179        0.33775128473390       -0.81197359344074
h            0.11328982132111        2.52274457299125       -1.15850545396931
h           -1.05630934878394        1.35220411368170       -1.74817754178798
h           -0.76248826792285        2.33352349707260        1.11842508045268
h           -2.14035491672626        2.43930726002897        0.03046753418816
h           -2.51978860810338        0.65414623471663        1.67024637368551
h           -1.00389784706903       -1.29620504852500        1.78684756851826
h           -1.13574284712533       -1.03940926794558       -1.90504298282082
h           -1.45585890816462       -2.24213223513664       -0.66790572434829
h            0.81471828847073        0.81674836861267        1.82196152162995
h            0.44396011090344       -2.74561754545879        0.61134302633878
h            1.80679195549585       -1.62090319161117        0.77458920368870
h           -3.96143894934234       -0.98810170348722       -1.46573645614994
h           -4.38057134986422        0.23981528161728       -0.17201620898673
h            3.08071705275057        2.31381932245101        0.94663811179383
h            1.28556628191458        2.56514013163940        1.02747976548925
h            1.97934257756640       -3.14924130927237       -1.02336885985183
h            3.09981791695322       -0.74351595924311       -0.86065812631671
h            3.29646389658058        0.69332877209843       -1.83835827783278
h            4.08065224909238        0.60696311938506       -0.25415065082444
35
 energy: -46.158021509159 gnorm: 0.005047304307 xtb: 6.7.1 (edcfbbe)
c            0.00788723192520       -0.75875558933468       -0.04504770811752
c            0.64008925033502        0.46975679859725       -0.76105953793394
c           -0.40583886939715        1.59528464041644       -0.90749857378214
c           -1.29288208818615        1.81386209504587        0.32075096647459
c           -1.80748622206715        0.47758263595821        0.86564687428020
c           -0.61548511094750       -0.38660956798343        1.31645562318507
c           -1.25013800801192       -1.18662404129432       -0.82671395861097
c           -2.36896866815400       -0.35324042974072       -0.25587054047832
o            0.24246483769313        0.16283987585563        2.27608558878349
c            0.98574643965062       -1.92353517000008        0.12402714414637
c           -3.62717944840515       -0.35994146412171       -0.66001225921577
c            1.96457406892941        0.96970694172136       -0.21231846667226
c            2.10720917438051        1.97944096924348        0.64010821901001
h            0.87298616019980        0.10854854842356       -1.77051732466591
o            1.47557807788217       -2.34115411635241       -1.13749295423777
c            3.18262737565019        0.34239287520065       -0.82622161301273
h            0.11009377008828        2.52349541235499       -1.16031407274694
h           -1.05962378862657        1.35070812162706       -1.74639991537191
h           -0.76258477953173        2.33356570311709        1.11984307282848
h           -2.14212681675756        2.43812059833485        0.03478455962074
h           -2.52421256976252        0.65053723406802        1.67096637803122
h           -1.00503818381702       -1.29765200106179        1.79055385678481
h           -1.13275531269718       -1.04921767815845       -1.90158219440204
h           -1.45552047892902       -2.24671767355539       -0.65954442893203
h            0.79079193873344        0.83290787609350        1.83502094712435
h            0.45156501151363       -2.75026599908646        0.61229771783662
h            1.80865610827973       -1.61931093130570        0.78600079738443
h           -3.95458508673789       -0.97771122890017       -1.48007878466320
h           -4.37617646122198        0.25331741473659       -0.18755160991803
h            3.08805643537504        2.30241504008478        0.95009765297914
h            1.29347610869459        2.56029763600632        1.03939640634877
h            1.97708021212802       -3.15746746389249       -1.01879631000233
h            3.08228274287321       -0.73694299352749       -0.91081804976151
h            3.30090863920681        0.73007639688079       -1.84154444850749
h            4.07941549946733        0.58321246766069       -0.25813890810926
35
 energy: -46.158117551227 gnorm: 0.004175458382 xtb: 6.7.1 (edcfbbe)
c            0.00872828696235       -0.76013483151082       -0.04225278900534
c            0.63863058412059        0.47011419974724       -0.76007445141706
c           -0.40847984517453        1.59498988871556       -0.90391267605237
c           -1.29553073830560        1.81325874573841        0.32404549392973
c           -1.80882921471697        0.47552467531513        0.86696495388854
c           -0.61802533372936       -0.38978483562822        1.31927965184438
c           -1.24915739902154       -1.19199043961509       -0.82280399023278
c           -2.36795048916836       -0.35343625463018       -0.25801518420655
o            0.23788243937436        0.15638730801703        2.28309630576758
c            0.99111599228871       -1.92093202221739        0.12944757942998
c           -3.62289614152733       -0.35154748180180       -0.67164033516477
c            1.96548589701428        0.96918860761732       -0.21494207121787
c            2.11327505036191        1.97464447198183        0.64047303655105
h            0.86878070717796        0.11003838952224       -1.77043100360037
o            1.48553438821756       -2.34068783688907       -1.12988564684526
c            3.18062304464671        0.34588140649578       -0.83943125565970
h            0.10559960502859        2.52420895233606       -1.15771394650360
h           -1.06209327283981        1.34896695462948       -1.74276916213595
h           -0.76575899207822        2.33455579071651        1.12269166789514
h           -2.14596166788598        2.43639323752702        0.03835796979358
h           -2.52746097061601        0.64655906763406        1.67115848958926
h           -1.00932984899497       -1.30186491401151        1.78966261666433
h           -1.13210941980797       -1.06236202288925       -1.89876648037366
h           -1.45532555187911       -2.25081258065423       -0.64741572409706
h            0.77116791157842        0.84232741825744        1.85262332651459
h            0.46060810793729       -2.74912106894047        0.61863046395367
h            1.81301234642262       -1.61184608271238        0.79075170311171
h           -3.94857196591663       -0.96719478077829       -1.49388324243386
h           -4.37166540320764        0.26553707614474       -0.20389037922267
h            3.09657346581522        2.29474673158204        0.94688765964318
h            1.30234368535543        2.55254408193136        1.05055868388843
h            1.97348450386066       -3.16476953115364       -1.01192352065906
h            3.06811788917225       -0.72919352882457       -0.95866552089418
h            3.31142337808505        0.76443907930631       -1.84157797419130
h            4.07764616120580        0.55829506215323       -0.26012010287591
35
 energy: -46.158198637356 gnorm: 0.003044079548 xtb: 6.7.1 (edcfbbe)
c            0.00958880096228       -0.76086441814410       -0.04042609213923
c            0.63599542059033        0.47112923091003       -0.75833180158148
c           -0.41090720781611        1.59623440182450       -0.89893279545309
c           -1.29802368607598        1.81150244038084        0.32857697605809
c           -1.81047848678536        0.47276863623760        0.86837562063869
c           -0.62053464088114       -0.39291141801634        1.32008725470678
c           -1.24783850122473       -1.19738064416470       -0.81891988319123
c           -2.36656685552083       -0.35397781605675       -0.26057268126724
o            0.23424692004217        0.14863453156719        2.28863276114345
c            0.99685259180501       -1.91637014762080        0.13505829542015
c           -3.61760743237401       -0.34377004920723       -0.68409277401773
c            1.96561053646768        0.96721528507469       -0.21737830155895
c            2.11881203507936        1.96844609636437        0.64074605774572
h            0.86269895298600        0.11345880664421       -1.76998474306637
o            1.48955850552828       -2.34441351779167       -1.12292006247468
c            3.17795493636834        0.34805480683881       -0.85239553092595
h            0.10184953882500        2.52658746168357       -1.15186778060483
h           -1.06428805765632        1.34990472363020       -1.73796870663514
h           -0.76998794427433        2.33414145406851        1.12758656586424
h           -2.14954982120162        2.43293066934397        0.04233453981595
h           -2.53079275657300        0.64067270203414        1.67166903748744
h           -1.01304846311550       -1.30699446348334        1.78557443638248
h           -1.13153475452627       -1.07792649834298       -1.89582904852103
h           -1.45436106217295       -2.25416626151931       -0.63213232635195
h            0.75420555942697        0.85068140333128        1.86995531289523
h            0.47239012482669       -2.74331166718109        0.63189387560721
h            1.82092767190514       -1.59877706094258        0.78922537111117
h           -3.94160141800366       -0.95494605954843       -1.51005799412902
h           -4.36635187750074        0.27836039393785       -0.22331477267310
h            3.10422241329604        2.28927164552877        0.93943278618340
h            1.31084580310221        2.54384178380499        1.05886262398283
h            1.96812038509958       -3.17232115845232       -1.00327119318220
h            3.05306648415418       -0.72026286547035       -1.00609723187997
h            3.32439369342314        0.79699071880827       -1.83872487627527
h            4.07301978156996        0.53048978704010       -0.26027877343892
35
 energy: -46.158246820828 gnorm: 0.002817746518 xtb: 6.7.1 (edcfbbe)
c            0.01042178028768       -0.76015958911988       -0.03910898110234
c            0.63361604606279        0.47181387025666       -0.75815985657984
c           -0.41303689966357        1.59738800312570       -0.89427084533639
c           -1.30039692052606        1.81049825124045        0.33295395162644
c           -1.81123971999281        0.47034301066539        0.86910927988039
c           -0.62189890273479       -0.39487817421589        1.32046539471091
c           -1.24577391966878       -1.20137365321088       -0.81618030530821
c           -2.36418560197230       -0.35358379238780       -0.26392880272552
o            0.23198496475696        0.14420428923259        2.29186024237214
c            1.00177135408609       -1.91099539447750        0.13899056492049
c           -3.61191857387584       -0.33654638035041       -0.69611440835962
c            1.96484191381006        0.96565699624405       -0.22035564852990
c            2.12143150515619        1.96419883555336        0.63996827298538
h            0.85719832437001        0.11607272202759       -1.77112930591347
o            1.48661386199229       -2.34951989626250       -1.11928324036560
c            3.17515177814358        0.34784999722766       -0.86108938666981
h            0.09995463042896        2.52819546062473       -1.14467922310990
h           -1.06638749976014        1.35311941749655       -1.73388214370828
h           -0.77355382024162        2.33265362909348        1.13308055975938
h           -2.15246787825933        2.43122804826981        0.04682840783212
h           -2.53314387635388        0.63515406522762        1.67142655393118
h           -1.01429393716671       -1.31044280133635        1.78349782628773
h           -1.12934086012340       -1.09057965320085       -1.89363142027966
h           -1.45268425999284       -2.25629273813370       -0.61989852835815
h            0.74575535984625        0.85398210303475        1.88059644740575
h            0.48354530525490       -2.73477914042191        0.64728084485403
h            1.83030065445885       -1.58498484173340        0.78290846115858
h           -3.93491185688173       -0.94686241148784       -1.52285552827305
h           -4.36179644810307        0.28576652334781       -0.23795075492224
h            3.10769946399475        2.28574030974199        0.93413848542686
h            1.31488537092371        2.53735598628868        1.06264371272838
h            1.96154795971642       -3.17839392318721       -0.99616173567457
h            3.03901823000324       -0.71414032771362       -1.04089143603781
h            3.33510375486229        0.81907387489801       -1.83385621083150
h            4.06707590691777        0.50616025675481       -0.25780709811868
35
 energy: -46.158282682943 gnorm: 0.002773396652 xtb: 6.7.1 (edcfbbe)
c            0.01137651761651       -0.75925306698801       -0.03771611877966
c            0.63048393665765        0.47300855678714       -0.75778996954178
c           -0.41550001477129        1.59953151932837       -0.89013169749592
c           -1.30290962535359        1.80936029622923        0.33756485239502
c           -1.81220501474159        0.46739578396344        0.86997297503509
c           -0.62204657111435       -0.39569479604586        1.32112181741352
c           -1.24334682768833       -1.20571594640478       -0.81319881860032
c           -2.36189932983406       -0.35560427461550       -0.26554995457362
o            0.23125240495261        0.14344741892094        2.29335425834414
c            1.00706422829482       -1.90557198250891        0.14200098137763
c           -3.60664553585301       -0.33342640569845       -0.70543890961444
c            1.96320860251665        0.96412282335465       -0.22287514981064
c            2.12245187619762        1.96043054288636        0.63960938586977
h            0.85068419935643        0.11862038491815       -1.77205106469566
o            1.47898698465193       -2.35657696978800       -1.11758792952703
c            3.17150207855315        0.34602495086164       -0.86795541101297
h            0.09862075995157        2.53048731101053       -1.13707543212873
h           -1.06906687118302        1.35856841472030       -1.73046487266113
h           -0.77658223029652        2.33014103622748        1.13895195771251
h           -2.15525190700302        2.43005776598515        0.05248054117297
h           -2.53570788985098        0.62898039056846        1.67137163511637
h           -1.01259157654335       -1.31237140044167        1.78380700484230
h           -1.12644329645633       -1.10254969641760       -1.89106820181742
h           -1.44998334716863       -2.25903072646089       -0.60882549132867
h            0.74097195667982        0.85808306963858        1.88528711403833
h            0.49651161817228       -2.72502854318954        0.66521212111481
h            1.84216392852419       -1.57069745254808        0.77253285032774
h           -3.92636981836458       -0.93746145900882       -1.53834386031783
h           -4.35658859955206        0.29460336009961       -0.25454599595769
h            3.10916210764437        2.28177996461444        0.93148891232522
h            1.31663809171983        2.53285989661246        1.06378310900319
h            1.95453981157370       -3.18424773046456       -0.98967393402144
h            3.02256149567974       -0.70927712473836       -1.07458801954437
h            3.34635851954581        0.83951468054973       -1.82654299751215
h            4.05948652724194        0.47841234115431       -0.25260154147214
35
 energy: -46.158310113392 gnorm: 0.002904828338 xtb: 6.7.1 (edcfbbe)
c            0.01215271272822       -0.75822861518290       -0.03637937411119
c            0.62757383262152        0.47459310417080       -0.75757407350529
c           -0.41769419242961        1.60232263480090       -0.88683632998405
c           -1.30535110628028        1.80892246935871        0.34154213355452
c           -1.81356511797141        0.46521246151555        0.87045106009702
c           -0.62172976464878       -0.39507824225585        1.32189080267391
c           -1.24125636362637       -1.20854249310586       -0.81101716664098
c           -2.35978089404872       -0.35537553187689       -0.26858535226562
o            0.23074958159520        0.14662079109145        2.29351884887085
c            1.01099964332720       -1.90165325034632        0.14300515931465
c           -3.60201853723219       -0.32878211749101       -0.71547102168059
c            1.96149084814329        0.96354711213735       -0.22493242115882
c            2.12206624438650        1.95989393044284        0.63746961447125
h            0.84475672784829        0.12113326773590       -1.77297172256766
o            1.46638127954464       -2.36487879499464       -1.11894311106699
c            3.16858483433967        0.34233110051354       -0.86990046277694
h            0.09770303418120        2.53335608659191       -1.13029707797674
h           -1.07134954545388        1.36492919919212       -1.72806611023929
h           -0.77912484823351        2.32723771744638        1.14459912029908
h           -2.15766327967769        2.43025009805837        0.05807411060719
h           -2.53889553808712        0.62391111737471        1.67077943675421
h           -1.00988245731527       -1.31214428701976        1.78587608470612
h           -1.12274834641455       -1.11037692038659       -1.88900172831182
h           -1.44774418419637       -2.26086377151358       -0.60193474336232
h            0.74476220446374        0.85641581708625        1.88329110030477
h            0.50795696357749       -2.71618510827187        0.68163028718437
h            1.85416078575536       -1.56006849917617        0.75885232875348
h           -3.91975446694797       -0.93514384283111       -1.54719398487926
h           -4.35359337927134        0.29679801645542       -0.26447985546584
h            3.10861605203541        2.27971562109281        0.93081132530663
h            1.31583864530477        2.53315425212363        1.05964614946010
h            1.95021410199167       -3.18711792396071       -0.98588743758285
h            3.00999454500184       -0.70665212052992       -1.09378667187839
h            3.35686549845095        0.84850192161188       -1.81750280081253
h            4.05217167629405        0.45516773325462       -0.24616197041602
35
 energy: -46.158323882525 gnorm: 0.002807296502 xtb: 6.7.1 (edcfbbe)
c            0.01297368989126       -0.75774166595706       -0.03422586449765
c            0.62506134770763        0.47576630047827       -0.75756780891953
c           -0.42034250694262        1.60386491863845       -0.88407870942210
c           -1.30790868608644        1.80855322275068        0.34500838845060
c           -1.81494798541987        0.46309357425497        0.87125747529141
c           -0.62116635055496       -0.39440526948629        1.32403723155621
c           -1.23930721966105       -1.21154308999242       -0.80816114067809
c           -2.35813571404063       -0.35664606905404       -0.26974991707992
o            0.23018803174830        0.15166863575949        2.29380131464473
c            1.01476712983191       -1.89902855134071        0.14429296224824
c           -3.59823212113112       -0.32623185021355       -0.72302458019292
c            1.95999261893127        0.96334621286359       -0.22684986538872
c            2.12219632743948        1.95868752666592        0.63676973966178
h            0.83968230845426        0.12256112024482       -1.77372243217051
o            1.45804759902223       -2.37015170824033       -1.11899820591533
c            3.16537592262000        0.33903146328625       -0.87262329096831
h            0.09555827410899        2.53503627631550       -1.12558011500491
h           -1.07421881778465        1.36863123691064       -1.72570506741979
h           -0.78107425565362        2.32477588384747        1.14900826614984
h           -2.16029066775574        2.43055599293338        0.06345928572077
h           -2.54195734319086        0.61957048983453        1.67053935937018
h           -1.00676149090456       -1.31123259838790        1.79036946221210
h           -1.11938796242942       -1.11704353470382       -1.88643319935065
h           -1.44535954394285       -2.26334877449339       -0.59586601967278
h            0.74532837841426        0.85917807450821        1.87878084862290
h            0.51767835047692       -2.71024713111328        0.69326609423413
h            1.86351469973183       -1.55299391419959        0.74958012757898
h           -3.91241838475230       -0.93143512395899       -1.55702060046977
h           -4.35021547177730        0.30141873938140       -0.27547365595117
h            3.10922057729211        2.27622089451501        0.93126728649820
h            1.31622386535685        2.53398854133700        1.05763212899046
h            1.94903254545961       -3.18834994324578       -0.98287322591952
h            2.99318231346183       -0.70471590014974       -1.12264609273840
h            3.36974938587188        0.86611068499339       -1.80815977083294
h            4.04483834596332        0.42597826812983       -0.23579626296267
35
 energy: -46.158343162993 gnorm: 0.001603652213 xtb: 6.7.1 (edcfbbe)
c            0.01262453004271       -0.75716855321791       -0.03368263110387
c            0.62477739296824        0.47684763242694       -0.75780622253298
c           -0.42132827001797        1.60461857590040       -0.88402019855341
c           -1.30911921106888        1.80932896053327        0.34517222648091
c           -1.81600557817870        0.46335048376019        0.87117198755553
c           -0.62041193296655       -0.39238888434828        1.32510127840203
c           -1.23954938786623       -1.21042048149084       -0.80826970487119
c           -2.35925905261828       -0.35874560027918       -0.26761585902757
o            0.23014826529356        0.15964748028502        2.29184050800595
c            1.01336132334452       -1.90033389542735        0.14183861968242
c           -3.60005118399091       -0.33191078260134       -0.71864560636950
c            1.95970715110844        0.96454562474920       -0.22664217469636
c            2.12097077736794        1.96315741277795        0.63356837111857
h            0.83918031510327        0.12330572325948       -1.77391077314883
o            1.44956881858208       -2.37211258634471       -1.12281683733495
c            3.16566604084210        0.33484513579157       -0.86605410637058
h            0.09420919279808        2.53598969925871       -1.12547924700716
h           -1.07504110526926        1.36956070331771       -1.72579139863477
h           -0.78143980097855        2.32395896532289        1.14962069574791
h           -2.16123731060638        2.43214003969960        0.06470069516743
h           -2.54277611065696        0.61987147090164        1.67065124607786
h           -1.00443682947106       -1.30813186993228        1.79454587585542
h           -1.11932416480412       -1.11269619550487       -1.88638463376139
h           -1.44420247299137       -2.26319105902248       -0.59982871133627
h            0.75822331115144        0.85240157892286        1.86628401558978
h            0.51703756750562       -2.71018587862705        0.69247421872123
h            1.86494015522015       -1.55700052739862        0.74345277626460
h           -3.91149999445074       -0.93417026365379       -1.55617120886215
h           -4.35137818120508        0.29937813866771       -0.27442216109525
h            3.10768125130583        2.27915916340735        0.93158935668133
h            1.31395323060863        2.54157880559085        1.04951406085471
h            1.95551384951937       -3.18204678835746       -0.98622590442319
h            2.99273358079626       -0.70705005643361       -1.11348630405358
h            3.37544187350627        0.85660068203420       -1.80110135554983
h            4.04220914983246        0.42019007914413       -0.22865674779787
35
 energy: -46.158359662558 gnorm: 0.001135000422 xtb: 6.7.1 (edcfbbe)
c            0.01183890886176       -0.75778860120761       -0.03397974934383
c            0.62526387915898        0.47684654377152       -0.75678729056602
c           -0.42126601257081        1.60383244834973       -0.88515008888919
c           -1.30837143987509        1.80917675473633        0.34408188505773
c           -1.81646861782366        0.46425739156907        0.87115022487534
c           -0.62071858732613       -0.39170522433008        1.32478602943301
c           -1.24104088887127       -1.20955938859255       -0.80868345262961
c           -2.36045291406006       -0.35718501973944       -0.26781515636462
o            0.22976344622026        0.16113677331949        2.29126028770813
c            1.01115220870661       -1.90237933949169        0.14176963328184
c           -3.60187378126663       -0.33087448275702       -0.71780292711422
c            1.96031242091410        0.96484953448839       -0.22553205456870
c            2.12193412373198        1.96498151097508        0.63254907282092
h            0.84057161375924        0.12305958957565       -1.77239241277487
o            1.45385194810835       -2.36846153176326       -1.12215606176626
c            3.16673266992944        0.33492801025626       -0.86392617916254
h            0.09296253518226        2.53549576517636       -1.12892728737371
h           -1.07524941815675        1.36614159897044       -1.72607285075819
h           -0.78078469000044        2.32437998074518        1.14820853791980
h           -2.16038374709601        2.43182810028692        0.06292369684758
h           -2.54257197359869        0.62142873006232        1.67117932149871
h           -1.00551614802070       -1.30717562035857        1.79397040537709
h           -1.12103807622309       -1.11018081663903       -1.88682952445681
h           -1.44604443454975       -2.26281658702752       -0.60177247420609
h            0.76284116880303        0.84813193376734        1.86337760406005
h            0.51142968049918       -2.71452692683008        0.68570595801339
h            1.85946031319041       -1.56149497317886        0.74945380269984
h           -3.91477796072361       -0.93773180036701       -1.55097245406952
h           -4.35393232048360        0.29579535918137       -0.26950046531894
h            3.10907910937213        2.28141224607471        0.92893607049910
h            1.31588065929774        2.54436647534995        1.04862946826418
h            1.96336372593289       -3.17614180958470       -0.98879196463291
h            2.99334791663511       -0.70705540131935       -1.11282715422938
h            3.37908473459955        0.85714337945938       -1.79912951295824
h            4.04250713749918        0.41880833018315       -0.22441879149806
35
 energy: -46.158372235584 gnorm: 0.001540737619 xtb: 6.7.1 (edcfbbe)
c            0.01107452361674       -0.75764943051231       -0.03381004596965
c            0.62473886848677        0.47669270962243       -0.75718935751188
c           -0.42247543895349        1.60300424112191       -0.88475859401372
c           -1.30914171023277        1.80924511903149        0.34438375031867
c           -1.81722918438889        0.46449980460700        0.87150461654463
c           -0.62114086068049       -0.39133191090443        1.32488369121634
c           -1.24205740804454       -1.20914930133284       -0.80829160403124
c           -2.36165662320318       -0.35719352224652       -0.26703930176559
o            0.22964719201948        0.16371735980688        2.29012982684844
c            1.01025817553018       -1.90242949602514        0.14208105211179
c           -3.60310599067740       -0.33141472813333       -0.71702559360855
c            1.95980882860434        0.96492475421891       -0.22603928820759
c            2.12237524550889        1.96730946609811        0.62925996881370
h            0.84024912434472        0.12343545464674       -1.77289133665954
o            1.45568436667578       -2.36577276559396       -1.12195349282400
c            3.16665697243860        0.33260990692436       -0.86138263461735
h            0.09056226482712        2.53495857489846       -1.13027903430624
h           -1.07691656808376        1.36356267975507       -1.72488455996239
h           -0.78096128630235        2.32376418003626        1.14856102388414
h           -2.16089567749582        2.43243480919893        0.06337312129937
h           -2.54271553546880        0.62162661583107        1.67205564057137
h           -1.00549184172480       -1.30676651635474        1.79471848423574
h           -1.12266740934956       -1.11004414670936       -1.88657575143610
h           -1.44674586900129       -2.26246534335598       -0.60100378072633
h            0.77080677590925        0.84218638097234        1.85770889940048
h            0.50871797525340       -2.71604342355326        0.68321525884312
h            1.85721672885133       -1.56223187717896        0.75284397778764
h           -3.91573232175906       -0.93821615282209       -1.55036930083136
h           -4.35545599642820        0.29562250557147       -0.26970719147153
h            3.11014388224752        2.28404623508603        0.92337767434180
h            1.31740937920996        2.54752329393870        1.04583317464847
h            1.97371321047617       -3.16832396405262       -0.98992250446803
h            2.98631718990372       -0.70547277935364       -1.12365417394456
h            3.39161854053176        0.86410158329390       -1.78936392046167
h            4.03827766711461        0.40216261658099       -0.21327454837328
35
 energy: -46.158380934765 gnorm: 0.001107513517 xtb: 6.7.1 (edcfbbe)
c            0.01003215379172       -0.75776490243799       -0.03476309406569
c            0.62413970319592        0.47625154161800       -0.75736530923739
c           -0.42320326842697        1.60214841898162       -0.88576883260985
c           -1.30854294171000        1.80921206045719        0.34407487630203
c           -1.81706195134851        0.46492364890037        0.87160635375086
c           -0.62090432414769       -0.39098976998388        1.32398138773669
c           -1.24356049150377       -1.20911702506718       -0.80847001488336
c           -2.36262009629650       -0.35697181031571       -0.26623268038795
o            0.23116255735649        0.16408458050511        2.28838664007922
c            1.00891002958213       -1.90254356741341        0.14168033206882
c           -3.60444950685682       -0.33172710814051       -0.71496070078237
c            1.95887205143558        0.96485618437057       -0.22600886415057
c            2.12150170354770        1.96927522512036        0.62707793637823
h            0.84028196067579        0.12318893674050       -1.77300804846869
o            1.46023356860767       -2.36231597175585       -1.12157753667527
c            3.16653836351928        0.33102468240817       -0.85874736398111
h            0.08949422407838        2.53387858158855       -1.13271240064459
h           -1.07843373437415        1.36161418276714       -1.72499252912898
h           -0.77942419242664        2.32320165513726        1.14795123247902
h           -2.15995699471767        2.43300597365424        0.06342508394914
h           -2.54169212654544        0.62252204983490        1.67278508710907
h           -1.00509800263708       -1.30631616880601        1.79439401168861
h           -1.12500107451532       -1.11018185760265       -1.88671549006169
h           -1.44860648701005       -2.26219218516002       -0.60073967445225
h            0.77743494325247        0.83798285040073        1.85380954947440
h            0.50559493847387       -2.71848462948541        0.67827514587094
h            1.85310283647988       -1.56396265287272        0.75746812486404
h           -3.91801623526229       -0.93813731603191       -1.54833226058679
h           -4.35687335529417        0.29507632781399       -0.26730059865437
h            3.10960079294972        2.28636917191759        0.91941375571842
h            1.31735980205416        2.55069783271238        1.04266662673330
h            1.98298783286868       -3.16175297343587       -0.98938792968937
h            2.98197753083620       -0.70311899374933       -1.13127723661145
h            3.40150206295740        0.86917808668607       -1.77968120126231
h            4.03360491716597        0.39000787375558       -0.20444023219363
35
 energy: -46.158387383195 gnorm: 0.001134956995 xtb: 6.7.1 (edcfbbe)
c            0.00994428217868       -0.75798978710340       -0.03545727799522
c            0.62279958728629        0.47583474921398       -0.75906687113298
c           -0.42438435012883        1.60198421976929       -0.88665858079381
c           -1.30846797706588        1.80938337868589        0.34414110306169
c           -1.81650871052661        0.46495620327892        0.87187578165009
c           -0.62043930339988       -0.39111744569117        1.32345978029977
c           -1.24412188143219       -1.20997780549116       -0.80787414359259
c           -2.36265013469915       -0.35686881476120       -0.26577834740966
o            0.23243491786364        0.16331006271421        2.28768572326663
c            1.00972998972859       -1.90166506739895        0.14139630553951
c           -3.60438226589741       -0.33061299803815       -0.71449685091865
c            1.95728787098127        0.96460038901056       -0.22754792185917
c            2.11967636084579        1.96983663203495        0.62478779494586
h            0.83875741104901        0.12305110903087       -1.77498632772743
o            1.46317581206191       -2.36153704192551       -1.12122229814979
c            3.16589748038192        0.32972121915687       -0.85793312963547
h            0.08857351655562        2.53333330906015       -1.13412895253380
h           -1.08056316915718        1.36169776670808       -1.72514932790728
h           -0.77799326829798        2.32263581314334        1.14755539532030
h           -2.15987656903055        2.43375944680097        0.06482917157039
h           -2.54092293639647        0.62251501694349        1.67325699269049
h           -1.00460986404303       -1.30624002034856        1.79448558188008
h           -1.12630762844502       -1.11295130165698       -1.88629342401887
h           -1.44953692902006       -2.26245968670300       -0.59793649724518
h            0.78078602244324        0.83525957314772        1.85369947399083
h            0.50706509077294       -2.71830761384332        0.67747063412267
h            1.85291024998959       -1.56209874332634        0.75795355737926
h           -3.91882039215054       -0.93658213490091       -1.54794125149038
h           -4.35640302542618        0.29721186128924       -0.26719312432535
h            3.10789109005513        2.28627617646802        0.91736881728929
h            1.31552789898789        2.55200913512211        1.03928325331735
h            1.98819963807712       -3.15895893388165       -0.98645532310824
h            2.97436662427657       -0.69873833258116       -1.14691030897465
h            3.41470541360380        0.88028413737081       -1.76797589786990
h            4.02714633773388        0.37136846181386       -0.19372936396058
35
 energy: -46.158393629398 gnorm: 0.000764378577 xtb: 6.7.1 (edcfbbe)
c            0.00999136477620       -0.75824265236040       -0.03674612260367
c            0.62227939174703        0.47561487810553       -0.76113148140488
c           -0.42506576344311        1.60166499369142       -0.88847796699904
c           -1.30793456071196        1.80961990809286        0.34320347074139
c           -1.81531977138761        0.46525551188548        0.87201534551142
c           -0.61923562181057       -0.39124810274902        1.32289785778645
c           -1.24489577806120       -1.21022820136852       -0.80790262943241
c           -2.36275525594999       -0.35673309046680       -0.26492738302652
o            0.23480204041020        0.16227212578525        2.28663976703020
c            1.01027396563001       -1.90150464830713        0.13998125070665
c           -3.60513546456577       -0.33029534284503       -0.71187568307880
c            1.95625835993314        0.96453897952465       -0.22843012870387
c            2.11724802834226        1.97049822772884        0.62332247272766
h            0.83834504168972        0.12271140178430       -1.77704736846539
o            1.46474408261944       -2.36149100147090       -1.12224383741356
c            3.16634543611587        0.32845880443058       -0.85520191694568
h            0.08798278706010        2.53271963289506       -1.13667501924889
h           -1.08190210955338        1.36129483028110       -1.72636665043423
h           -0.77630721175632        2.32285619068438        1.14579021431316
h           -2.15961533689163        2.43406842026967        0.06499324327283
h           -2.53919736470129        0.62331497368050        1.67379557469479
h           -1.00329864691619       -1.30633488284529        1.79404864151075
h           -1.12801327156840       -1.11341097559666       -1.88645871211200
h           -1.45041390042507       -2.26256576383869       -0.59751045391133
h            0.78134776992781        0.83678133701116        1.85330145858484
h            0.50774406369098       -2.71822110100445        0.67563692506445
h            1.85288946287834       -1.56122168657897        0.75674259232333
h           -3.92113310107530       -0.93665856648899       -1.54442915304744
h           -4.35615769697497        0.29791974212040       -0.26339478400892
h            3.10509692776199        2.28678170674471        0.91751762954620
h            1.31212400923861        2.55318460533008        1.03564580867455
h            1.99049446444308       -3.15805343517691       -0.98536982196258
h            2.97164522851726       -0.69555846608864       -1.15544359098417
h            3.42564135969379        0.88625409146936       -1.75676680985431
h            4.02201426107284        0.35888048878294       -0.18461859317569
35
 energy: -46.158398940067 gnorm: 0.000812018949 xtb: 6.7.1 (edcfbbe)
c            0.01002414522493       -0.75815392320231       -0.03813933569783
c            0.62161707919305        0.47623995195501       -0.76243913235002
c           -0.42619566566665        1.60165443852152       -0.89027936805712
c           -1.30772657300384        1.80962547944183        0.34233155023403
c           -1.81436861935257        0.46539434569123        0.87221147399124
c           -0.61764500514301       -0.39064832153845        1.32231233543981
c           -1.24556579853352       -1.21113795154767       -0.80756891493882
c           -2.36275416394432       -0.35754310822904       -0.26360384520965
o            0.23680737345460        0.16239066372426        2.28571115541345
c            1.01139554056105       -1.90071300692689        0.13798957620992
c           -3.60575177795825       -0.33107755869442       -0.70874652405924
c            1.95547329654191        0.96478373656372       -0.22934928812133
c            2.11552284811859        1.97156082391928        0.62158278676464
h            0.83741670538338        0.12319242791529       -1.77827744317539
o            1.46293253992206       -2.36304033209345       -1.12447801461943
c            3.16678553033462        0.32641871422974       -0.85201263612480
h            0.08643245953121        2.53273057077260       -1.13930097056283
h           -1.08355728864299        1.36067613314395       -1.72759621142583
h           -0.77581807960075        2.32378954546605        1.14409482686421
h           -2.16006210563528        2.43326815171315        0.06457398879074
h           -2.53748282525001        0.62365894404235        1.67464488890764
h           -1.00144619078998       -1.30567246422901        1.79357399148205
h           -1.12991123872442       -1.11456385761187       -1.88629774757949
h           -1.45052860549347       -2.26350726494350       -0.59672440334112
h            0.78058458271760        0.83949995272849        1.85318286361780
h            0.51088320630584       -2.71659016852984        0.67659137348688
h            1.85543779161630       -1.55874258752915        0.75157755650236
h           -3.92278647500011       -0.93662499404643       -1.54153039337561
h           -4.35546146420432        0.29805608809533       -0.25946034975632
h            3.10279458741121        2.28705700030928        0.91847709936832
h            1.30976346415148        2.55639660767930        1.02949938438091
h            1.99055790620276       -3.15821895575520       -0.98606947513121
h            2.96605377723913       -0.69147944392629       -1.16961945577821
h            3.44256044283955        0.89573749232329       -1.74177909472648
h            4.01490578995012        0.33850580367966       -0.17056810174787
35
 energy: -46.158405146661 gnorm: 0.000608534718 xtb: 6.7.1 (edcfbbe)
c            0.01074237048315       -0.75764983483705       -0.03942501181826
c            0.62226323541851        0.47663852004368       -0.76409613688099
c           -0.42619282379465        1.60127800521539       -0.89223982916979
c           -1.30771989660400        1.80981753295890        0.34020333803499
c           -1.81309667036022        0.46608606765336        0.87243906046959
c           -0.61614780776420       -0.39014946344698        1.32154755693894
c           -1.24558488260585       -1.20995104217320       -0.80803450598826
c           -2.36290065827658       -0.35801240122767       -0.26182395616294
o            0.23866467092262        0.16218769092838        2.28465444584651
c            1.01181271374104       -1.90073512870423        0.13541021707782
c           -3.60727023385208       -0.33337435405105       -0.70343566255856
c            1.95542947149306        0.96520717714074       -0.22955628569788
c            2.11447703790869        1.97353741281825        0.61972797010077
h            0.83896116553843        0.12361791103559       -1.77969831940083
o            1.46061433636812       -2.36366677742334       -1.12784877369890
c            3.16814352249752        0.32451322533536       -0.84719907267917
h            0.08528557609407        2.53266532144260       -1.14279433578635
h           -1.08371715580256        1.35867397122045       -1.72898136730712
h           -0.77651449915392        2.32621644588880        1.14100150039263
h           -2.16094016991941        2.43194546980473        0.06156412779335
h           -2.53503405655744        0.62506120389407        1.67580703173635
h           -1.00007128371762       -1.30522404225889        1.79259921996906
h           -1.13128512244289       -1.11176254579250       -1.88681451963932
h           -1.44942509155675       -2.26286180528873       -0.59877339893166
h            0.77679787485767        0.84420867314420        1.85420456553613
h            0.51205822569476       -2.71611777888897        0.67554517948797
h            1.85717189575933       -1.55884492908082        0.74705298313195
h           -3.92610947678837       -0.93983794907130       -1.53477768551998
h           -4.35605725956121        0.29532388907047       -0.25209051612153
h            3.10110158144520        2.28919774106886        0.91861037774769
h            1.30806331737454        2.55946149952652        1.02473392269908
h            1.98703362723587       -3.15970863572693       -0.99096945019601
h            2.96495858296519       -0.68947348373904       -1.17368375262629
h            3.45523335695235        0.89829789533817       -1.72969601283101
h            4.01014171576348        0.32635745129399       -0.15864875827241
35
 energy: -46.158410803654 gnorm: 0.001069054083 xtb: 6.7.1 (edcfbbe)
c            0.01155731814225       -0.75662234830999       -0.04086842251588
c            0.62284767514022        0.47768490067573       -0.76577724159807
c           -0.42682897687120        1.60098948261755       -0.89451740526569
c           -1.30851202576112        1.81017512695090        0.33777994026220
c           -1.81162230442940        0.46661561189744        0.87285282417215
c           -0.61348236806925       -0.38885958860626        1.32095607528884
c           -1.24556178718102       -1.20825731889447       -0.80864217258878
c           -2.36323283795984       -0.35875265673071       -0.25949676794645
o            0.24234424047593        0.16513134319361        2.28202118103425
c            1.01202849030875       -1.90066517680380        0.13129616003730
c           -3.60940215272479       -0.33751986351795       -0.69647660487850
c            1.95518453500262        0.96603390712826       -0.22928889351986
c            2.11341337499514        1.97840640989507        0.61534339931533
h            0.84071071744463        0.12491939955254       -1.78125918807740
o            1.45443135700230       -2.36399664597149       -1.13386520776918
c            3.16973147354030        0.31910124473546       -0.83759172792232
h            0.08317411456607        2.53276515840481       -1.14683300084600
h           -1.08437175089865        1.35632346920027       -1.73067962933126
h           -0.77811370129475        2.32918863585346        1.13752502636019
h           -2.16289032489265        2.43040349524605        0.05804353573492
h           -2.53200827733317        0.62633920794631        1.67748293777959
h           -0.99606081679641       -1.30403177588244        1.79302023598551
h           -1.13260869205339       -1.10717648127772       -1.88738542190393
h           -1.44769379184220       -2.26209656455400       -0.60222189397635
h            0.77380942800424        0.85260675708969        1.85060376117470
h            0.51342675217629       -2.71520399436437        0.67370860800301
h            1.86027197715733       -1.55986959768980        0.73922388258974
h           -3.93014167268299       -0.94670893750730       -1.52495126011939
h           -4.35800865678699        0.28867683724829       -0.24154948584010
h            3.09970686840822        2.29404081476089        0.91565866934650
h            1.30647259545892        2.56709346259230        1.01577162413846
h            1.98367546926894       -3.15900128177773       -0.99997342441600
h            2.95829372862018       -0.68757442360788       -1.18383994479359
h            3.47951633105831        0.90375556350420       -1.70627004345826
h            4.00083088056298        0.29900876011480       -0.13528597877983
35
 energy: -46.158413149664 gnorm: 0.000388931417 xtb: 6.7.1 (edcfbbe)
c            0.01132090741107       -0.75667767330575       -0.04119015748255
c            0.62306765760154        0.47783443901333       -0.76502047854211
c           -0.42656446998917        1.60113351896327       -0.89427128283894
c           -1.30837672293247        1.81012802384200        0.33800155235914
c           -1.81167563299354        0.46656053908831        0.87283916287472
c           -0.61330053819872       -0.38849051465955        1.32057171353590
c           -1.24582667965096       -1.20853986601686       -0.80889369208537
c           -2.36350494573839       -0.35951002149950       -0.25891524887971
o            0.24290773060889        0.16575234902669        2.28142141610071
c            1.01136800787265       -1.90099727828269        0.13068588251409
c           -3.60977431694107       -0.33939970244515       -0.69538918432612
c            1.95535706057238        0.96661433125025       -0.22872593777602
c            2.11381308558001        1.98007979950999        0.61456746043230
h            0.84113704986341        0.12537364507478       -1.78060528857573
o            1.45421590741858       -2.36357018790530       -1.13474902848282
c            3.16977098559488        0.31872881810869       -0.83624309279110
h            0.08375795121727        2.53281227916594       -1.14597924757424
h           -1.08377387436505        1.35678872611620       -1.73078708459673
h           -0.77815792150697        2.32930317878122        1.13777652722724
h           -2.16282042437854        2.43011222408840        0.05813497246175
h           -2.53191862345899        0.62624340446716        1.67759661476726
h           -0.99549986651352       -1.30343347590438        1.79325377099136
h           -1.13302292078189       -1.10725992021871       -1.88757931692577
h           -1.44797972901628       -2.26234975190365       -0.60242491410086
h            0.77431566085501        0.85266210376118        1.85004200261593
h            0.51203120779404       -2.71585730956909        0.67220825769889
h            1.85950364805918       -1.56087792254038        0.73949487496787
h           -3.92978870511274       -0.94683791834834       -1.52555564169326
h           -4.35874033023958        0.28745957813339       -0.24170881524796
h            3.10028685471588        2.29497883117195        0.91465816457482
h            1.30763471427456        2.57061799664559        1.01320597849689
h            1.98259299766655       -3.15899010310970       -1.00144988412532
h            2.95856879237207       -0.68773324620881       -1.18106879710681
h            3.47993674544323        0.90131259246003       -1.70533335662727
h            4.00002592665248        0.29895144636120       -0.13405375616435
35
 energy: -46.158414478177 gnorm: 0.000499565844 xtb: 6.7.1 (edcfbbe)
c            0.01143154373714       -0.75649431674166       -0.04140135229535
c            0.62323261689248        0.47797642387321       -0.76510187955744
c           -0.42644943265822        1.60132635515548       -0.89410780306829
c           -1.30849634500618        1.81021961104630        0.33805133477034
c           -1.81153799424181        0.46658583107597        0.87288760383087
c           -0.61298273408270       -0.38825367376924        1.32036682271773
c           -1.24578001837555       -1.20805731078388       -0.80920878782317
c           -2.36339849768655       -0.35892002746101       -0.25922379488155
o            0.24369585147474        0.16673874038986        2.28055832301021
c            1.01089520324297       -1.90132272963057        0.13010236137329
c           -3.60968814373561       -0.33945111823671       -0.69561591831304
c            1.95539385943540        0.96690763797090       -0.22855124076529
c            2.11385627633111        1.98145996304643        0.61346371763031
h            0.84158880212960        0.12580040204712       -1.78076814016135
o            1.45413730086671       -2.36296068695939       -1.13560258577458
c            3.16997704356346        0.31786281748283       -0.83451471519466
h            0.08401705075639        2.53300107789789       -1.14541376996097
h           -1.08349541250970        1.35726850938115       -1.73080514269291
h           -0.77833434368473        2.32926731210988        1.13793028021438
h           -2.16297315063660        2.43015063579952        0.05817516214454
h           -2.53177204897755        0.62612134136975        1.67768428207115
h           -0.99462995061457       -1.30306350369373        1.79374199274590
h           -1.13292814413021       -1.10661258388661       -1.88783305621603
h           -1.44806565588651       -2.26185900716927       -0.60284482118150
h            0.77467895868118        0.85351954710014        1.84874316733559
h            0.51085988838299       -2.71651478110683        0.67055835486220
h            1.85892732058176       -1.56226595273217        0.73974041382478
h           -3.93005680459466       -0.94894339782572       -1.52419428185412
h           -4.35983143654833        0.28520590926896       -0.24074754733075
h            3.10051898217707        2.29637525966271        0.91292319105592
h            1.30789048760602        2.57186071017953        1.01253298370244
h            1.98144183996643       -3.15911423175917       -1.00297818945829
h            2.95864484468186       -0.68885777234570       -1.17804771905840
h            3.48049284806295        0.89911663399084       -1.70413441617801
h            3.99962658455500        0.29884930836488       -0.13185068384807
35
 energy: -46.158415642395 gnorm: 0.000311789970 xtb: 6.7.1 (edcfbbe)
c            0.01160144728370       -0.75629309530100       -0.04164647337029
c            0.62342019080917        0.47821005713292       -0.76529148733844
c           -0.42634717295271        1.60158373539967       -0.89404724067403
c           -1.30863891546980        1.81026859747904        0.33799713709792
c           -1.81135583825662        0.46655277214424        0.87302213898698
c           -0.61257118378187       -0.38814500806157        1.32025405509603
c           -1.24572257674340       -1.20729678772971       -0.80959146032640
c           -2.36359810553834       -0.35906672211000       -0.25876452659003
o            0.24445061114320        0.16773214998981        2.27971556964803
c            1.01035558165113       -1.90182176438762        0.12934920706531
c           -3.61018950808600       -0.34091624245309       -0.69439701493351
c            1.95544051214123        0.96708343300185       -0.22824350257811
c            2.11383210822021        1.98294914366820        0.61222476471346
h            0.84214288376917        0.12631466350811       -1.78098848742008
o            1.45404066319388       -2.36230885177221       -1.13661871460184
c            3.17038929882062        0.31677643250127       -0.83225079412950
h            0.08408666752163        2.53335171591435       -1.14514104683989
h           -1.08328729988737        1.35768138429080       -1.73084825010748
h           -0.77852938380919        2.32935441960440        1.13789220838805
h           -2.16316884871544        2.43012108507926        0.05807177320371
h           -2.53138272887494        0.62599936756075        1.67801596707888
h           -0.99356057479719       -1.30287292683557        1.79430946338312
h           -1.13307097925258       -1.10523480277902       -1.88818111679993
h           -1.44778192873787       -2.26124447433947       -0.60380859639887
h            0.77493790794534        0.85461130139730        1.84720674139114
h            0.50954673129688       -2.71733668293109        0.66851064295736
h            1.85820381560523       -1.56414987234520        0.73989559699502
h           -3.93012192807037       -0.95036871063520       -1.52317923334942
h           -4.36073002220709        0.28362239766572       -0.24007350593281
h            3.10068724305373        2.29817499097357        0.91095776442327
h            1.30798044582829        2.57406082143039        1.01063191413603
h            1.97995169157867       -3.15957395453344       -1.00477610296734
h            2.95872605087601       -0.69059295135852       -1.17441607047601
h            3.48157225793869        0.89690202563538       -1.70263731950721
h            3.99957807625979        0.29879528630740       -0.12863985454722
35
 energy: -46.158416401716 gnorm: 0.000210565966 xtb: 6.7.1 (edcfbbe)
c            0.01158633016776       -0.75624939376656       -0.04207210033268
c            0.62377297808554        0.47844714546012       -0.76518295282854
c           -0.42619761224104        1.60161449463833       -0.89413800776507
c           -1.30849767940189        1.81024176740787        0.33792506978404
c           -1.81124400556124        0.46658066272502        0.87307631504956
c           -0.61213344763120       -0.38789635886206        1.32002193339185
c           -1.24588867430376       -1.20680999184682       -0.81005205106548
c           -2.36377802822598       -0.35914269038159       -0.25845032114781
o            0.24502509698618        0.16839162355489        2.27909473026351
c            1.00975134750938       -1.90238514100664        0.12853731747208
c           -3.61068187936328       -0.34195351647194       -0.69322798278556
c            1.95565100081768        0.96755536995846       -0.22797585047965
c            2.11382255434420        1.98462941544260        0.61107611280578
h            0.84276526150783        0.12670902247572       -1.78084310681785
o            1.45383938428229       -2.36207475914153       -1.13756092202490
c            3.17092735846362        0.31610103892608       -0.83017116071066
h            0.08404102126925        2.53349598279626       -1.14530564558037
h           -1.08306636218472        1.35759836560923       -1.73097971096570
h           -0.77854183441936        2.32953755243426        1.13781182250563
h           -2.16311792606429        2.42991514737369        0.05788633862108
h           -2.53100458061815        0.62610515898341        1.67830658089912
h           -0.99277079301801       -1.30256700876739        1.79439360627276
h           -1.13340395594126       -1.10379210562809       -1.88858244124367
h           -1.44780456273558       -2.26098981961460       -0.60524275402942
h            0.77512308595117        0.85547355992628        1.84608189008329
h            0.50813458993789       -2.71800802526891        0.66667559769652
h            1.85738698799792       -1.56574934982978        0.73984847986614
h           -3.93042614371900       -0.95173647983951       -1.52182345334198
h           -4.36155217210190        0.28170029288229       -0.23832258247458
h            3.10061693681385        2.29946551115470        0.91050811242701
h            1.30798080177093        2.57706679520328        1.00770946969829
h            1.97832343024350       -3.16045769877030       -1.00627375001337
h            2.95933599542522       -0.69172556987231       -1.17139358086800
h            3.48326994396438        0.89508832792186       -1.70111835434509
h            3.99964274174785        0.29874360730539       -0.12572250234038
35
 energy: -46.158416971995 gnorm: 0.000152459165 xtb: 6.7.1 (edcfbbe)
c            0.01167286567300       -0.75612927477882       -0.04261281157424
c            0.62418999980339        0.47861555766120       -0.76547159829182
c           -0.42608507652366        1.60148601101509       -0.89448033379034
c           -1.30832075815522        1.81025539967957        0.33762218294543
c           -1.81093762265384        0.46668216730389        0.87311842692297
c           -0.61157850394377       -0.38769717091703        1.31972214026313
c           -1.24597587389026       -1.20617544610778       -0.81062699914665
c           -2.36390834085747       -0.35931313991219       -0.25793704271845
o            0.24585150719901        0.16885841789824        2.27830966751401
c            1.00925762109531       -1.90284903535555        0.12771180862713
c           -3.61125447452689       -0.34306025684586       -0.69151092125578
c            1.95576271661046        0.96787934186028       -0.22767917258907
c            2.11343396423740        1.98601296139514        0.61019911151678
h            0.84355603566166        0.12695436003811       -1.78108428687221
o            1.45364959187100       -2.36197400091126       -1.13848115933093
c            3.17141810008893        0.31539137957639       -0.82787349560843
h            0.08384535683442        2.53345586854492       -1.14595000062115
h           -1.08300518354424        1.35716738795248       -1.73119831226952
h           -0.77839701286258        2.32973594577581        1.13741610058465
h           -2.16304237305537        2.42979532584775        0.05756044404985
h           -2.53030764392775        0.62637318060482        1.67866247313402
h           -0.99202111186324       -1.30235835358771        1.79427676265559
h           -1.13376726208985       -1.10194267028403       -1.88909282459008
h           -1.44766896280569       -2.26063444053425       -0.60704677649284
h            0.77531069325258        0.85629006786116        1.84493689910533
h            0.50686095648173       -2.71848991053478        0.66509355049031
h            1.85675530983749       -1.56698713009540        0.73964410073405
h           -3.93101825084580       -0.95286994823837       -1.52007762647630
h           -4.36205847612902        0.28022488430795       -0.23603608547346
h            3.09997520002476        2.30136444294393        0.90987591429276
h            1.30732552763909        2.57911555037431        1.00525451820140
h            1.97663858676148       -3.16141398771616       -1.00763839917341
h            2.96018495048179       -0.69253998177966       -1.16865948856846
h            3.48521874181597        0.89343966861221       -1.69887842506466
h            3.99932639206095        0.29825976145731       -0.12255419545367
35
 energy: -46.158417373872 gnorm: 0.000111469003 xtb: 6.7.1 (edcfbbe)
c            0.01178855915530       -0.75607511449763       -0.04313498201271
c            0.62450209917928        0.47872976915409       -0.76575823595182
c           -0.42597657211206        1.60134759004791       -0.89510561445066
c           -1.30803766757080        1.81026986906535        0.33710435622012
c           -1.81051465647157        0.46683625664326        0.87310715303648
c           -0.61112023810804       -0.38767413621434        1.31939173318708
c           -1.24604689744395       -1.20555940767962       -0.81120770153491
c           -2.36398923239413       -0.35937932203704       -0.25749634339043
o            0.24658994512561        0.16864652884472        2.27777053151902
c            1.00898861943235       -1.90316673428872        0.12700288889532
c           -3.61180252992243       -0.34379007440579       -0.68978654889221
c            1.95579971519465        0.96826318226074       -0.22758138540930
c            2.11293672401615        1.98737265430345        0.60922287833618
h            0.84432084716782        0.12708927101148       -1.78129130519686
o            1.45366004385740       -2.36194763788279       -1.13921444660233
c            3.17182662881877        0.31483853340877       -0.82586401680370
h            0.08363943561410        2.53335164063619       -1.14707236246612
h           -1.08303102995065        1.35653104135097       -1.73156778292973
h           -0.77806840668777        2.32996386144253        1.13671937022994
h           -2.16282038468321        2.42971824506752        0.05701481712730
h           -2.52952637768079        0.62675254345841        1.67892186268998
h           -0.99161479736824       -1.30236424383764        1.79387805696380
h           -1.13410600602063       -1.10011614959231       -1.88959810152768
h           -1.44752579575263       -2.26027330316179       -0.60883655657887
h            0.77551892931790        0.85648701587663        1.84448198986818
h            0.50615882075617       -2.71883162631284        0.66395680347061
h            1.85640053431954       -1.56780453628218        0.73936257347952
h           -3.93207968004916       -0.95376323694468       -1.51802876514064
h           -4.36232389449401        0.27920013276085       -0.23345006274001
h            3.09913728570495        2.30284927535227        0.90980061848914
h            1.30645038566834        2.58082607217665        1.00289172517972
h            1.97538416602540       -3.16220913639020       -1.00861694092926
h            2.96050387573426       -0.69302402701222       -1.16659937224226
h            3.48722403695766        0.89239595198634       -1.69655217179619
h            3.99864070442017        0.29743218480336       -0.11935051642074
35
 energy: -46.158417626855 gnorm: 0.000107671024 xtb: 6.7.1 (edcfbbe)
c            0.01185332758827       -0.75602999851102       -0.04369813127394
c            0.62476987625774        0.47875231076896       -0.76613690411575
c           -0.42592828980659        1.60110174751559       -0.89576780666558
c           -1.30773839760035        1.81034975540274        0.33657355234216
c           -1.81008440791135        0.46705594498985        0.87302605492227
c           -0.61070765602110       -0.38758891227269        1.31898351557188
c           -1.24617741889507       -1.20517761247025       -0.81170263385490
c           -2.36404031771623       -0.35938963393972       -0.25717596534621
o            0.24733222010231        0.16835499710961        2.27727653917924
c            1.00880263800562       -1.90333343522190        0.12631948990690
c           -3.61227887343440       -0.34430148211916       -0.68823589822172
c            1.95574787808216        0.96839213398237       -0.22726805511930
c            2.11231263183302        1.98813103592093        0.60887721083721
h            0.84504731984103        0.12713356459914       -1.78159824016227
o            1.45367708690331       -2.36197139695619       -1.13988871682965
c            3.17221920184774        0.31442676059500       -0.82411949172642
h            0.08349214971796        2.53307193819123       -1.14818578872038
h           -1.08309986288371        1.35588547292263       -1.73201717473350
h           -0.77763921572489        2.33029158322339        1.13593900192186
h           -2.16263016543038        2.42965728191673        0.05651035842566
h           -2.52877647367012        0.62723712366393        1.67907244912214
h           -0.99133048912880       -1.30226711813602        1.79340554220847
h           -1.13450643202272       -1.09884807521628       -1.89003554727849
h           -1.44750759994342       -2.26006644319047       -0.61016681657403
h            0.77582368496703        0.85665032045525        1.84425535911369
h            0.50577454150391       -2.71901011907470        0.66307038075250
h            1.85615908275013       -1.56824065011412        0.73893191024810
h           -3.93334143230099       -0.95439884402970       -1.51607061410703
h           -4.36249570984729        0.27836374738097       -0.23093174932619
h            3.09826350852732        2.30432232764234        0.90948685802666
h            1.30545538992735        2.58199608828859        1.00113462499932
h            1.97456098160207       -3.16276961735709       -1.00938468244691
h            2.96066225318461       -0.69313660408270       -1.16555759467664
h            3.48930555215522        0.89211008482816       -1.69407059470403
h            3.99791060729639        0.29616865640630       -0.11633629601913
35
 energy: -46.158417801854 gnorm: 0.000083018658 xtb: 6.7.1 (edcfbbe)
c            0.01190901333310       -0.75600919287301       -0.04408283021746
c            0.62489932885674        0.47872917852137       -0.76650482767371
c           -0.42590040424739        1.60093194643950       -0.89633221936529
c           -1.30755441422187        1.81041344351849        0.33608314334754
c           -1.80974390338147        0.46723663045628        0.87296700556502
c           -0.61041857990820       -0.38753425502502        1.31869794971876
c           -1.24629517995321       -1.20498139470500       -0.81195337804203
c           -2.36409632997328       -0.35943063701179       -0.25689242098381
o            0.24787022741178        0.16817401632227        2.27693538729304
c            1.00873074329828       -1.90341473213479        0.12583145365051
c           -3.61265125066973       -0.34470644807950       -0.68702263509252
c            1.95564287957913        0.96868411634566       -0.22734550329612
c            2.11181132928630        1.98886254859304        0.60834705479547
h            0.84549875557126        0.12711951223483       -1.78190785161956
o            1.45368007735823       -2.36194129814329       -1.14040707348839
c            3.17249464834465        0.31418849105267       -0.82297331034005
h            0.08339791707355        2.53286844310991       -1.14911917589557
h           -1.08315614377903        1.35539998754670       -1.73241298479253
h           -0.77735461767435        2.33057691037751        1.13522804061519
h           -2.16254380489006        2.42959590323953        0.05603689384123
h           -2.52821485009861        0.62762481070672        1.67916913087995
h           -0.99111425926420       -1.30218502854627        1.79312746587628
h           -1.13486354081859       -1.09823736597239       -1.89027030616549
h           -1.44753741654959       -2.25994454056254       -0.61077510327218
h            0.77604160460263        0.85687104808877        1.84414187186388
h            0.50563200959684       -2.71912309268618        0.66246792179736
h            1.85606888018224       -1.56842307779332        0.73853424434402
h           -3.93439905865748       -0.95481816935033       -1.51457475469674
h           -4.36256786670802        0.27796869043553       -0.22920574100850
h            3.09759929480423        2.30486487462805        0.90969119860591
h            1.30467817271885        2.58239004722498        1.00050100688529
h            1.97423905659910       -3.16295928191872       -1.00996298998654
h            2.96067270001747       -0.69295118939196       -1.16548920349181
h            3.49126938168506        0.89232019309046       -1.69198365289642
h            3.99716279023139        0.29476184537353       -0.11402966107871
35
 energy: -46.158417988086 gnorm: 0.000088698249 xtb: 6.7.1 (edcfbbe)
c            0.01196705670398       -0.75602271712357       -0.04443114208012
c            0.62498851272118        0.47869473173147       -0.76683980761470
c           -0.42584258159391        1.60081417122586       -0.89704489117682
c           -1.30740020061121        1.81047502096265        0.33540315473926
c           -1.80936539282988        0.46745256256731        0.87290783498511
c           -0.61012466808484       -0.38749967823360        1.31844851903647
c           -1.24645789608084       -1.20476586623682       -0.81211275486944
c           -2.36418953896278       -0.35943408759613       -0.25655809650818
o            0.24840083094019        0.16800220355406        2.27661379172138
c            1.00866446177433       -1.90356103322560        0.12526824274002
c           -3.61308094663181       -0.34511022317383       -0.68571197343109
c            1.95549340921064        0.96876229598016       -0.22718660887974
c            2.11131172763933        1.98930558381125        0.60813505251674
h            0.84597317732765        0.12709319280285       -1.78216232778801
o            1.45355602052127       -2.36186304129651       -1.14108665164824
c            3.17278642638599        0.31401772631940       -0.82171075721289
h            0.08333617944855        2.53272611869703       -1.15021396125355
h           -1.08316764009550        1.35492749388592       -1.73296333026136
h           -0.77718349281339        2.33097256769709        1.13430069899498
h           -2.16248241112013        2.42949142576013        0.05526214259938
h           -2.52759638820381        0.62807551263033        1.67927599045427
h           -0.99083719649865       -1.30210701830492        1.79294768567013
h           -1.13531546333328       -1.09779391611657       -1.89043747586259
h           -1.44761394007831       -2.25977091593773       -0.61111481243074
h            0.77626748163176        0.85706568540326        1.84399818613405
h            0.50550157935093       -2.71933502536916        0.66173771916955
h            1.85604682352259       -1.56874867562370        0.73799454449514
h           -3.93560174573082       -0.95550893820355       -1.51275149939629
h           -4.36273035932916        0.27751691984630       -0.22735023430608
h            3.09700100698598        2.30525983039822        0.90984136741684
h            1.30409189262334        2.58328923121342        0.99940729874820
h            1.97399486484977       -3.16298892567787       -1.01079848677248
h            2.96056141501498       -0.69238878446989       -1.16612989820158
h            3.49382030832556        0.89323009146857       -1.68917500725949
h            3.99611387677605        0.29264941374591       -0.11124836679207
35
 energy: -46.158418193522 gnorm: 0.000087068971 xtb: 6.7.1 (edcfbbe)
c            0.01196614331597       -0.75596500267812       -0.04482024556078
c            0.62510211171265        0.47865677057734       -0.76725530120000
c           -0.42586690790066        1.60057817298151       -0.89781474733495
c           -1.30727747353276        1.81060299633847        0.33467680560680
c           -1.80900947475729        0.46775668320469        0.87283780831350
c           -0.60971770079280       -0.38720830312407        1.31819011338660
c           -1.24672860807309       -1.20467957886837       -0.81211385394197
c           -2.36434883359263       -0.35950876293924       -0.25609322977320
o            0.24904231590417        0.16828427935503        2.27616720530921
c            1.00857692202537       -1.90365002256853        0.12444357657021
c           -3.61358927116562       -0.34572876490682       -0.68422286344734
c            1.95535237024023        0.96883768814429       -0.22707070797241
c            2.11081324138861        1.98972718187677        0.60791578672815
h            0.84642207138690        0.12696153015377       -1.78246642753458
o            1.45320455284043       -2.36161846408239       -1.14213472669719
c            3.17315529306363        0.31371661982801       -0.82018462191677
h            0.08322998345589        2.53243947490063       -1.15132639019466
h           -1.08319672962834        1.35435873414822       -1.73363898206794
h           -0.77708700505442        2.33162276384384        1.13325525373314
h           -2.16254419037358        2.42928107422977        0.05433902617452
h           -2.52690943923714        0.62870914503880        1.67943372426592
h           -0.99038856995092       -1.30170882887155        1.79290889762435
h           -1.13595971035580       -1.09770428527237       -1.89047157428919
h           -1.44775468611628       -2.25970940676108       -0.61106368052343
h            0.77655634652006        0.85763852632370        1.84354072344514
h            0.50540866391377       -2.71953329929160        0.66072443626901
h            1.85610419706224       -1.56917749030685        0.73710924313045
h           -3.93670300853558       -0.95636778575170       -1.51085157009031
h           -4.36306932530498        0.27673250599681       -0.22533158066318
h            3.09645223678803        2.30557035189347        0.90993580327453
h            1.30357974648311        2.58413860158053        0.99849714984881
h            1.97385815484468       -3.16265730066676       -1.01213200415718
h            2.96020140763156       -0.69152656907454       -1.16766679454572
h            3.49741838037452        0.89478998330379       -1.68524396031836
h            3.99459398517580        0.28926371455623       -0.10755814577505
35
 energy: -46.158418347860 gnorm: 0.000073427567 xtb: 6.7.1 (edcfbbe)
c            0.01196936864310       -0.75588152850914       -0.04498765762256
c            0.62513438394866        0.47868028937933       -0.76750653957966
c           -0.42588365502705        1.60050352999020       -0.89822802142599
c           -1.30730815346789        1.81068514092841        0.33423311365080
c           -1.80883358108888        0.46794456572516        0.87287183012473
c           -0.60941595221470       -0.38695502571609        1.31812049265871
c           -1.24689228873329       -1.20463564672310       -0.81199041546073
c           -2.36444881306508       -0.35956894682832       -0.25571489857592
o            0.24943651640385        0.16873879484016        2.27587443725113
c            1.00850058409129       -1.90370272138651        0.12385241212963
c           -3.61387943434523       -0.34624042393042       -0.68330456341929
c            1.95523667993455        0.96889705486263       -0.22702138810287
c            2.11053464390448        1.99013648707769        0.60758907367564
h            0.84659971880701        0.12691241457345       -1.78266269574419
o            1.45274535691978       -2.36128888260371       -1.14300082060186
c            3.17335988052777        0.31327720140039       -0.81905114648780
h            0.08313150264183        2.53235997179198       -1.15192921848704
h           -1.08318886030560        1.35406867670363       -1.73400303870730
h           -0.77718373699073        2.33208147140706        1.13260438293383
h           -2.16272469282470        2.42909267004260        0.05373618742418
h           -2.52650042199496        0.62911876414919        1.67963631310220
h           -0.99000665751661       -1.30138607316326        1.79303678232701
h           -1.13636172373328       -1.09771637139079       -1.89037797397382
h           -1.44781276609708       -2.25967987086950       -0.61085111644877
h            0.77673339383854        0.85815566639159        1.84304395655771
h            0.50536213923488       -2.71970784058850        0.65998762023288
h            1.85620005797830       -1.56949489512089        0.73639215132449
h           -3.93708913575816       -0.95720779106013       -1.50965133074043
h           -4.36337664587465        0.27605074815379       -0.22423392848935
h            3.09617613588944        2.30584230490878        0.90980045657163
h            1.30336384178746        2.58502114940982        0.99758654644041
h            1.97383258561395       -3.16211074184305       -1.01335711315088
h            2.95967733690266       -0.69080934358269       -1.16943280102774
h            3.50062056913602        0.89595049568431       -1.68190494762236
h            3.99317901259006        0.28579163900762       -0.10464199506030
35
 energy: -46.158418514145 gnorm: 0.000064496814 xtb: 6.7.1 (edcfbbe)
c            0.01196799759836       -0.75577142831291       -0.04505186027339
c            0.62508049733202        0.47878544189403       -0.76763763832376
c           -0.42604052638397        1.60048354903573       -0.89843649350402
c           -1.30744396775791        1.81076253614989        0.33403490473170
c           -1.80876394800233        0.46805300837333        0.87296645569841
c           -0.60911886429112       -0.38666005324437        1.31814172492289
c           -1.24702061117723       -1.20459816798427       -0.81179455537833
c           -2.36456433168995       -0.35967531969986       -0.25533217686467
o            0.24979757375092        0.16942836936938        2.27557264627108
c            1.00850681339657       -1.90366183233724        0.12331782351087
c           -3.61408682945727       -0.34678442794966       -0.68268751456136
c            1.95515246620067        0.96894615138922       -0.22706577090442
c            2.11043742350877        1.99066983235071        0.60695580087075
h            0.84654225534279        0.12697702994706       -1.78277689090179
o            1.45212392730373       -2.36096728561189       -1.14384994852670
c            3.17347730296298        0.31255947761270       -0.81793062319656
h            0.08290863364105        2.53235840516835       -1.15218575076097
h           -1.08331525701692        1.35396083150751       -1.73421554131235
h           -0.77741133641924        2.33244908511782        1.13228441335633
h           -2.16299628388662        2.42892300944282        0.05340341956374
h           -2.52622150052975        0.62935020236395        1.67989092191954
h           -0.98951594791518       -1.30104869951203        1.79329763169195
h           -1.13668276363473       -1.09772409298168       -1.89020631434910
h           -1.44780502231049       -2.25965978807205       -0.61058672068651
h            0.77691908408541        0.85876145855207        1.84235977262692
h            0.50547645482012       -2.71975414738609        0.65943344557987
h            1.85648096026281       -1.56969807854975        0.73558241101303
h           -3.93699799574530       -0.95803731419673       -1.50894286688818
h           -4.36375970627743        0.27530645221691       -0.22367671173812
h            3.09609589989108        2.30625915100790        0.90926338220108
h            1.30335221235000        2.58604679913522        0.99636931726169
h            1.97394987085204       -3.16137441415661       -1.01460129653442
h            2.95866616949069       -0.69007724481113       -1.17172640655455
h            3.50429981323140        0.89707049938566       -1.67816474985128
h            3.99139672622977        0.28126393789770       -0.10149009443326
35
 energy: -46.158418652344 gnorm: 0.000068986582 xtb: 6.7.1 (edcfbbe)
c            0.01197560948554       -0.75565330310006       -0.04509083358095
c            0.62497148258374        0.47893628292408       -0.76773779229615
c           -0.42620018511353        1.60060128476608       -0.89832781361662
c           -1.30761593795850        1.81076660808898        0.33416260856782
c           -1.80879734284955        0.46800551240226        0.87310654965878
c           -0.60894526045791       -0.38651494891993        1.31817172239206
c           -1.24703010785183       -1.20460331837004       -0.81170752101398
c           -2.36458142558033       -0.35975868862702       -0.25515435606035
o            0.25001922620572        0.16988636074498        2.27536283105081
c            1.00854876437582       -1.90354421396763        0.12304945708701
c           -3.61408848313661       -0.34705987042933       -0.68257263802126
c            1.95508222408736        0.96903150182116       -0.22724519408648
c            2.11046604312824        1.99123702465459        0.60618033205077
h            0.84631350260855        0.12718620619636       -1.78292974052701
o            1.45164851937286       -2.36090444332431       -1.14427437924100
c            3.17343497090087        0.31178631907729       -0.81719663004363
h            0.08266705250116        2.53251852191652       -1.15208514586054
h           -1.08349609401405        1.35406632867215       -1.73407954891911
h           -0.77759381012489        2.33247743391432        1.13240358955996
h           -2.16324279860013        2.42884762103700        0.05357936536536
h           -2.52617506277726        0.62922942657332        1.68012117578221
h           -0.98915158059941       -1.30089353077744        1.79350259644530
h           -1.13676904672600       -1.09767832453880       -1.89012268628304
h           -1.44770522525856       -2.25969157444160       -0.61053020719879
h            0.77702178382213        0.85913835166828        1.84187855460699
h            0.50572414237210       -2.71961578577506        0.65941039892819
h            1.85675424097993       -1.56955469763073        0.73495758159462
h           -3.93667169176432       -0.95843693910002       -1.50886881080208
h           -4.36395580100151        0.27485895314821       -0.22367184345852
h            3.09613433326387        2.30678318605254        0.90849857215054
h            1.30341588312383        2.58700496609139        0.99506431789936
h            1.97418906345372       -3.16086280067929       -1.01515582460325
h            2.95754144033430       -0.68965844662577       -1.17366411116976
h            3.50717258947552        0.89764038627792       -1.67535592808148
h            3.98982617149485        0.27735154339128       -0.09916450259963
35
 energy: -46.158418785232 gnorm: 0.000059606021 xtb: 6.7.1 (edcfbbe)
c            0.01203054568425       -0.75558301323504       -0.04519359860727
c            0.62473714494420        0.47916654618874       -0.76780795194783
c           -0.42657529900871        1.60074752198565       -0.89812736343348
c           -1.30780981532861        1.81073248126145        0.33452461996804
c           -1.80881699721571        0.46782444634056        0.87325291937444
c           -0.60872441842680       -0.38645382481946        1.31813465527974
c           -1.24698741996615       -1.20458921562220       -0.81172819295027
c           -2.36457432343053       -0.35986125645165       -0.25507692605176
o            0.25038006435661        0.17028332007279        2.27502850851021
c            1.00872951624469       -1.90336949553198        0.12288095711218
c           -3.61402848155381       -0.34717933005915       -0.68265929620058
c            1.95496080128769        0.96913535327329       -0.22752309927578
c            2.11049516088581        1.99200580380841        0.60504918068533
h            0.84587626670589        0.12759011570824       -1.78310748321193
o            1.45123271036891       -2.36111313169118       -1.14451108090751
c            3.17332581668737        0.31080564947227       -0.81637604858354
h            0.08217557679438        2.53273547555517       -1.15183396906977
h           -1.08397870150666        1.35427880751115       -1.73381931632780
h           -0.77770617911460        2.33227980303927        1.13283136623146
h           -2.16348225087692        2.42884039534965        0.05415436048368
h           -2.52616314781551        0.62881985427522        1.68033771372778
h           -0.98860543089463       -1.30087433828654        1.79364123240477
h           -1.13680682031172       -1.09755739890192       -1.89014143902603
h           -1.44754082392316       -2.25970494680448       -0.61063113438087
h            0.77712649110761        0.85957761435717        1.84131077167571
h            0.50613547580502       -2.71929687258257        0.65969799713299
h            1.85719128110362       -1.56919715958135        0.73432643636847
h           -3.93638184980401       -0.95852827171200       -1.50907132141193
h           -4.36403527588782        0.27465061969598       -0.22387348601329
h            3.09617101633650        2.30756313757087        0.90730246407914
h            1.30343624900705        2.58813207432709        0.99334111989791
h            1.97459714571411       -3.16051329959242       -1.01530090009289
h            2.95604704373137       -0.68919453479574       -1.17599194459869
h            3.51058013558928        0.89819212768515       -1.67207717975565
h            3.98787598246676        0.27257787530123       -0.09644842540884
35
 energy: -46.158418785875 gnorm: 0.000087102634 xtb: 6.7.1 (edcfbbe)
c            0.01208548188295       -0.75551272337002       -0.04529636363359
c            0.62450280730465        0.47939680945341       -0.76787811159951
c           -0.42695041290389        1.60089375920522       -0.89792691325034
c           -1.30800369269872        1.81069835443392        0.33488663136826
c           -1.80883665158188        0.46764338027887        0.87339928909011
c           -0.60850357639570       -0.38639270071899        1.31809758816742
c           -1.24694473208047       -1.20457511287435       -0.81174886488656
c           -2.36456722128073       -0.35996382427629       -0.25499949604318
o            0.25074090250751        0.17068027940059        2.27469418596961
c            1.00891026811356       -1.90319477709634        0.12271245713736
c           -3.61396847997100       -0.34729878968898       -0.68274595437991
c            1.95483937848802        0.96923920472542       -0.22780100446508
c            2.11052427864337        1.99277458296222        0.60391802931988
h            0.84543903080322        0.12799402522013       -1.78328522589684
o            1.45081690136495       -2.36132182005806       -1.14474778257403
c            3.17321666247388        0.30982497986725       -0.81555546712344
h            0.08168410108759        2.53295242919382       -1.15158279227901
h           -1.08446130899927        1.35449128635014       -1.73355908373649
h           -0.77781854810432        2.33208217216423        1.13325914290295
h           -2.16372170315371        2.42883316966229        0.05472935560200
h           -2.52615123285377        0.62841028197712        1.68055425167335
h           -0.98805928118985       -1.30085514579564        1.79377986836424
h           -1.13684459389743       -1.09743647326503       -1.89016019176902
h           -1.44737642258776       -2.25971831916736       -0.61073206156296
h            0.77723119839309        0.86001687704606        1.84074298874444
h            0.50654680923794       -2.71897795939008        0.65998559533779
h            1.85762832122730       -1.56883962153197        0.73369529114233
h           -3.93609200784370       -0.95861960432399       -1.50927383202178
h           -4.36411475077413        0.27444228624376       -0.22407512856805
h            3.09620769940912        2.30834308908921        0.90610635600775
h            1.30345661489027        2.58925918256280        0.99161792189646
h            1.97500522797449       -3.16016379850554       -1.01544597558254
h            2.95455264712844       -0.68873062296571       -1.17831977802763
h            3.51398768170305        0.89874386909237       -1.66879843142983
h            3.98592579343868        0.26780420721117       -0.09373234821804
