50
 energy: -75.270275357626 gnorm: 0.046554073589 xtb: 6.7.1 (edcfbbe)
c           -0.45227841422296        0.01292799298505       -2.49650122542444
c            1.07360950052416        0.07895078588501       -2.58992573011172
c           -2.59497653165770        3.20929059961890        0.57236201886108
c           -3.71730307312524        2.64418011772448       -0.03076657325796
c           -3.64173343102840        1.36439530103343       -0.55546264780362
c           -2.45423520740345        0.62160376292067       -0.47519453560803
c           -1.32605067588020        1.15304544613949        0.18706585697359
c           -1.42958723673057        2.45807574119484        0.67927676801940
n           -2.37944906491502       -0.63247510571284       -1.07487683597550
c           -1.02717946424205       -1.00480338077460       -1.48062214975349
c           -0.15768322627564       -1.11422384998372       -0.19938625409566
c           -0.06956264328789        0.31046949492695        0.45891012973309
c            1.26741485153342       -1.48296954421329       -0.68183784922203
c            1.76509572615767       -0.11978633940114       -1.22519069662557
c            1.24492193645532        0.84191412049572       -0.16784509681492
c            3.24226079862894        0.11969472085328       -1.42783831311831
c            3.95541977874390        0.99483216865401       -0.71581336436697
c            3.42609021900514        1.68009953578051        0.52004912779519
n            2.27590567365202        0.85319912786009        1.00557992265277
c            1.41707705955723        1.35851266707606        2.12196833634075
c            0.23145482379796        0.39495271785946        2.00532728578275
o            2.75621904843761       -0.36221536399338        1.39068281354294
h            1.16840738442297        1.87809059671682       -0.51819202563993
c           -0.80094363498984       -2.15027544188447        0.69771234796605
o           -1.50510049636115       -1.91955585095673        1.65833359526770
o           -0.52387367977105       -3.39749869868888        0.26890937874346
c           -1.14107554533608       -4.46836944380780        1.02156505744834
h           -0.88128893285855       -0.21055836136196       -3.48084043483696
h           -0.81953185352012        1.00681282474263       -2.21967673282226
h            1.45999206330859       -0.70677642554126       -3.25209032163030
h            1.36866375538606        1.04094862419475       -3.02797052979287
h           -2.62616360249185        4.22067657143157        0.96578887106687
h           -4.64389095844962        3.20630057717387       -0.11010227725579
h           -4.50029742130445        0.92430157419299       -1.05835758200837
h           -0.57635211177554        2.91399820868649        1.17015839051254
h           -3.07839434180333       -0.77789604861104       -1.79172290754084
h           -1.06813067112712       -2.00370412773307       -1.92940821294159
h            1.88689814411028       -1.81899864148684        0.14634690685688
h            1.23083936685140       -2.24634046127766       -1.46639983209448
h            3.70678427476528       -0.38909208427824       -2.27186488444117
h            4.99528547219910        1.18917069554489       -0.96641566938881
h            3.10004391294315        2.71314053721632        0.33101274628861
h            4.17521349534856        1.68248703381168        1.31751288264881
h            1.97822647877703        1.26523969871431        3.05370257791755
h            1.15430240531999        2.40685848841461        1.94254962004351
h           -0.64088340414540        0.74710984983052        2.55691504488105
h            0.53068414618343       -0.57281215590892        2.40477439660549
h           -0.81314969706078       -5.38850267529240        0.53805891773621
h           -0.80723957189689       -4.44021671844480        2.06208749240070
h           -2.23012198142057       -4.37888018947643        0.98327774442386
50
 energy: -75.274682217967 gnorm: 0.019755610359 xtb: 6.7.1 (edcfbbe)
c           -0.45604914306688        0.01730109316090       -2.49164427906044
c            1.06609739647803        0.07395161212193       -2.58953344680400
c           -2.58935412662141        3.19520875680007        0.56915245010951
c           -3.70597514199700        2.63255428716881       -0.02887978025787
c           -3.62415820939238        1.36029511780388       -0.55555354249229
c           -2.43943336283438        0.62314083276406       -0.47606484607262
c           -1.31924921876282        1.15427839543685        0.18705443205531
c           -1.42637071953595        2.45161808407583        0.67960951273125
n           -2.36298467795315       -0.62648216942414       -1.07335447384964
c           -1.02015904755512       -1.00292406304795       -1.47741766636310
c           -0.15660540696746       -1.09763655050968       -0.19524222060377
c           -0.06524870222106        0.32190275227704        0.45040657247778
c            1.26522673347667       -1.46689199306865       -0.66702177318126
c            1.75027816877740       -0.11333642488258       -1.22405441857355
c            1.24719144608378        0.85104909160923       -0.16252111238796
c            3.22630630651791        0.11556311419745       -1.41358427149548
c            3.93593808763769        0.98610401234338       -0.70625024588210
c            3.40859961436709        1.67733517787850        0.52019319314849
n            2.26634511392841        0.85429281593943        0.99139055269261
c            1.42087791492415        1.34743044539694        2.10666997949694
c            0.22827999276602        0.39697969708371        1.98495012519479
o            2.75205393938426       -0.35378814515665        1.35624803345938
h            1.17179445203159        1.88166204771949       -0.51220509603942
c           -0.79623663367121       -2.13904265102898        0.69734797238737
o           -1.49977499438557       -1.91176398936298        1.65269138842728
o           -0.52962268094282       -3.38128739118463        0.27140570385363
c           -1.13382541273163       -4.45457139882755        1.01334680818823
h           -0.87591835905976       -0.21012428599707       -3.47593449547584
h           -0.82097434877007        1.00775950249549       -2.20770863776792
h            1.43915092278910       -0.71299779903808       -3.25114530501099
h            1.35876808999660        1.03366259776260       -3.02504956487827
h           -2.62387776243280        4.20300344520737        0.95850052268279
h           -4.62948698998154        3.19127846796943       -0.10489954249458
h           -4.47975484173325        0.91909168168610       -1.05119461736185
h           -0.57906603515168        2.91059313911763        1.16540956417534
h           -3.07017505863680       -0.78058787310022       -1.78044938117356
h           -1.06727678937070       -2.00116648313359       -1.92478051816867
h            1.88947298824862       -1.78657984894365        0.16440675410305
h            1.23870843643739       -2.24264368914762       -1.43265419247317
h            3.68813403069645       -0.40245945595542       -2.24474254002582
h            4.97478514010818        1.17245168892202       -0.94463183448440
h            3.09061928490339        2.70756914632748        0.32745269155999
h            4.16543771345522        1.67073695268978        1.30853187831696
h            1.96887564792140        1.23269991643178        3.04157959463213
h            1.16154901792119        2.39462485941441        1.94524294895612
h           -0.64131096314751        0.74000181635623        2.54213567760869
h            0.52979492828568       -0.57621610582175        2.36793981945337
h           -0.80577216827847       -5.37100269303770        0.52829406139559
h           -0.80093634306452       -4.42496452545975        2.05152497754746
h           -2.22035478584249       -4.36234433917940        0.98065813566217
50
 energy: -75.275676818394 gnorm: 0.006816434059 xtb: 6.7.1 (edcfbbe)
c           -0.45717106207891        0.01985937090908       -2.49138083485271
c            1.06424365671575        0.07232321266042       -2.58879813187237
c           -2.58443474939663        3.18827439393155        0.56851236807310
c           -3.70034878585266        2.62532496544327       -0.02507458043082
c           -3.61650625891693        1.35498018141439       -0.55159888862728
c           -2.43249650401761        0.62194454149525       -0.47458050433222
c           -1.31346862171826        1.15629690193650        0.18290856755763
c           -1.41958173011570        2.45062574634647        0.67601884209081
n           -2.35555902160840       -0.62356556357310       -1.07100556326022
c           -1.01908858257062       -0.99925161721790       -1.47747806027810
c           -0.15633730108595       -1.08615672197568       -0.19748589861450
c           -0.06487794733568        0.32617828888566        0.44538149875850
c            1.26311067272177       -1.45756064031365       -0.66008876371411
c            1.74546522358347       -0.11202730945410       -1.22527873175056
c            1.24772121466168        0.85383800887229       -0.16030281037413
c            3.22123888900294        0.10990432036778       -1.40859140240070
c            3.92709035198031        0.97919447063997       -0.70055433344296
c            3.38866941977723        1.67719435768623        0.51698067581959
n            2.25401012601424        0.85555604007321        0.98075142685054
c            1.42076487297164        1.34028383811442        2.09590155845435
c            0.22785276549759        0.39094137697661        1.97191208479965
o            2.75208545648397       -0.34137220289459        1.34550596119104
h            1.16952321104830        1.88105765973974       -0.51402072857786
c           -0.79853318500005       -2.12656423460791        0.69310493831540
o           -1.49763363325377       -1.90107475859989        1.65225299748530
o           -0.53478826296243       -3.36286827122637        0.26792343716982
c           -1.12617779769909       -4.43627398089264        1.00511740755178
h           -0.87591918756613       -0.20598003572669       -3.47455952492260
h           -0.81908129848462        1.00779622466122       -2.20153609030580
h            1.42807588024295       -0.72012273707138       -3.24461437204844
h            1.35906342358841        1.02811254142309       -3.02739949540343
h           -2.62135631939237        4.19386045192026        0.95777694240081
h           -4.62271797170293        3.18152574289108       -0.09731950570611
h           -4.46910728111301        0.91241293940179       -1.04578026176439
h           -0.57538788951580        2.90926433823574        1.16256171122148
h           -3.07381537986052       -0.78883464857936       -1.76417201880985
h           -1.06480427605663       -1.99797686932450       -1.92197034100797
h            1.88816191150999       -1.75738635542312        0.17943251683992
h            1.24694301358535       -2.24787194439113       -1.40790465615357
h            3.68350603998139       -0.42360542174783       -2.22557546808723
h            4.96958050319672        1.15394629435963       -0.92056178882447
h            3.07784798834104        2.70626738193564        0.31792832843106
h            4.14512977283462        1.66784120545057        1.30466191962774
h            1.96460674838448        1.20832041050598        3.03021582958912
h            1.16152930501598        2.38764963028479        1.94951968934794
h           -0.63850403231158        0.72351129513260        2.53767685780396
h            0.53634426823155       -0.58555266035566        2.34203960176794
h           -0.79613658076038       -5.34864530560786        0.51705049484401
h           -0.79143685930936       -4.40783445699352        2.04233556947220
h           -2.21296075265757       -4.34843172286866        0.97978707803646
50
 energy: -75.275826890147 gnorm: 0.004166319161 xtb: 6.7.1 (edcfbbe)
c           -0.45697526234871        0.02261749900263       -2.49312792147504
c            1.06521439821972        0.07004594793720       -2.58990273436509
c           -2.58467994729831        3.18854305909252        0.56970974649215
c           -3.70176470514629        2.62390667186366       -0.02134124803468
c           -3.61794402305738        1.35325105377553       -0.54857448005090
c           -2.43298387102719        0.62143002144985       -0.47390091276488
c           -1.31329582645262        1.15774837587449        0.18190889526841
c           -1.41828411094760        2.45228311324217        0.67526169510158
n           -2.35467160799288       -0.62262323157756       -1.07148258325604
c           -1.01944516984096       -0.99741586378922       -1.48009838897802
c           -0.15736357223645       -1.08345795714127       -0.20003494594023
c           -0.06570136053117        0.32708689366110        0.44266233958431
c            1.26312023213213       -1.45523703022011       -0.65596087922617
c            1.74581672123939       -0.11228149632910       -1.22615561317646
c            1.24857524366422        0.85552461999702       -0.16072019389094
c            3.22309806904120        0.10404068074741       -1.40612273682349
c            3.92821512896975        0.97523562222963       -0.69856106815231
c            3.38371324442783        1.68063995227001        0.51392824125069
n            2.25106486828173        0.85862098506836        0.97750233023374
c            1.41973484984377        1.33783744228864        2.09430595791944
c            0.22768663047992        0.38647159080389        1.96826086272634
o            2.75409500955718       -0.33738666797449        1.34331914443503
h            1.16809092426431        1.88201237502867       -0.51802694054137
c           -0.79959796035670       -2.12206582603806        0.69176671813234
o           -1.49939527607127       -1.89642906961082        1.65156063398753
o           -0.53784084078441       -3.35591276603644        0.26356109262183
c           -1.12371997009519       -4.42944689244595        1.00074360329314
h           -0.87669172723465       -0.20043480149295       -3.47638014418486
h           -0.81629775513602        1.01098499865443       -2.20161654651017
h            1.42605367879360       -0.72662301191486       -3.24236119999494
h            1.36277652679240        1.02315528346440       -3.03254221981233
h           -2.62195448479274        4.19439330098441        0.95888036786567
h           -4.62501340137003        3.17891265776977       -0.09058931169358
h           -4.47080765677216        0.90851847501987       -1.04078875681966
h           -0.57249682468237        2.91222072726047        1.15822965104536
h           -3.07932150859871       -0.79521655946366       -1.75576256573162
h           -1.06260145564350       -1.99636202329905       -1.92436575907479
h            1.88583192412281       -1.74454181445858        0.18979130908453
h            1.25288160714542       -2.25309007064522       -1.39565999217127
h            3.68603100760460       -0.43907300915790       -2.21657393061101
h            4.97295284948192        1.14457048045823       -0.91100209609877
h            3.07328389713434        2.70873140995018        0.30823577258022
h            4.13729476313122        1.67499730470390        1.30440973786835
h            1.96535950121508        1.19888331911853        3.02648668620730
h            1.15878455225118        2.38601231462872        1.95650190987326
h           -0.63852525067853        0.71164009896470        2.53848737844081
h            0.54213690661078       -0.59049660842078        2.33277691249248
h           -0.79336808374082       -5.34057325935120        0.51054608742971
h           -0.78533721546578       -4.40159326437631        2.03735683438636
h           -2.21140022307433       -4.34472637871725        0.98108480899589
50
 energy: -75.275922940055 gnorm: 0.002878828740 xtb: 6.7.1 (edcfbbe)
c           -0.45446702602742        0.02703931168167       -2.49481868575726
c            1.06864239704136        0.06564554057067       -2.59116622516126
c           -2.58626402582207        3.18976703374926        0.57178831529872
c           -3.70539239592416        2.62235241843241       -0.01413062052012
c           -3.62192462083447        1.35170931355377       -0.54279816392435
c           -2.43498161311671        0.62168556700221       -0.47320288209946
c           -1.31387248416862        1.16003713105402        0.18041661893103
c           -1.41767734522237        2.45525743626152        0.67313530890879
n           -2.35454287827081       -0.62019416244248       -1.07353852384882
c           -1.02016667595506       -0.99423189372538       -1.48451772997151
c           -0.15985086425673       -1.08146621318443       -0.20355469333783
c           -0.06702149721391        0.32787210185614        0.43988598393792
c            1.26213261940908       -1.45483776575821       -0.65190110011197
c            1.74769434983935       -0.11428205206349       -1.22627418730058
c            1.24938307553198        0.85656341114897       -0.16219470234044
c            3.22705269550431        0.09577475090060       -1.40173188571741
c            3.93167494391554        0.96979233706058       -0.69600571282783
c            3.38057772244324        1.68694061727422        0.50887455497726
n            2.24886659673076        0.86528763057099        0.97468551720522
c            1.41798702044763        1.33782746664688        2.09428096344897
c            0.22877395675129        0.38188652327364        1.96523131552079
o            2.75878897889500       -0.33000600856157        1.34531446966225
h            1.16588894092306        1.88191559580981       -0.52458418954785
c           -0.80559385328101       -2.11864159467370        0.68678128112414
o           -1.50300994992252       -1.89278870524288        1.64910590868730
o           -0.54386892937365       -3.35048353246442        0.25619413907857
c           -1.12153114528912       -4.42500965593759        0.99573131847958
h           -0.87595272845448       -0.19056676890676       -3.47871737309070
h           -0.80901211541837        1.01652295210432       -2.20046338822908
h            1.42510468701953       -0.73715831101163       -3.23926962350724
h            1.37159616240899        1.01459170918071       -3.03974942881344
h           -2.62379939316520        4.19614975323633        0.96079347819681
h           -4.63019695708307        3.17589123434368       -0.07905771074008
h           -4.47598184864409        0.90459521714896       -1.03187202244004
h           -0.56966435132425        2.91647319280155        1.15194022615482
h           -3.08733216194853       -0.80278081024625       -1.74579031466386
h           -1.06102139563234       -1.99248727434939       -1.93069238877260
h            1.88082199415912       -1.73322486287936        0.20090702867551
h            1.25902883433075       -2.25968888519184       -1.38367358243516
h            3.69126588496360       -0.45887896720372       -2.20411007216559
h            4.97918949254011        1.13198800345345       -0.90018442143880
h            3.06803463805126        2.71236430613721        0.29128260317363
h            4.13066302345942        1.69101890508711        1.30289791708675
h            1.96665903469090        1.19283535226093        3.02375333131677
h            1.15356550988605        2.38637801215452        1.96532567477957
h           -0.63808057824751        0.69766672365291        2.53968638079768
h            0.55081197134286       -0.59520279697819        2.32336516449221
h           -0.79134432960622       -5.33523616390372        0.50333257946809
h           -0.77710411356071       -4.39669237708179        2.03097751157203
h           -2.21021580949411       -4.34464207375266        0.98393758572679
50
 energy: -75.275954909875 gnorm: 0.002022790454 xtb: 6.7.1 (edcfbbe)
c           -0.45152897718963        0.03032798252533       -2.49506564990314
c            1.07174228896465        0.06227482025876       -2.59146413345296
c           -2.58764579701854        3.19022024475936        0.57369688930439
c           -3.70784205842739        2.62121538551663       -0.00870627955376
c           -3.62444638230849        1.35103048196467       -0.53853210804875
c           -2.43609436219694        0.62243936780666       -0.47300469138246
c           -1.31436363630061        1.16124022560382        0.17990352522799
c           -1.41809317783936        2.45661020295218        0.67228391508729
n           -2.35404040458620       -0.61762350971286       -1.07598488055085
c           -1.01967826505686       -0.99175633518742       -1.48699948278569
c           -0.16095651943826       -1.08116344164367       -0.20487414115140
c           -0.06747333318012        0.32837231061171        0.43860786016462
c            1.26216852586870       -1.45550849667718       -0.64881091152010
c            1.74927098559968       -0.11610895801094       -1.22546861761867
c            1.24930195166287        0.85697257077540       -0.16400508246057
c            3.22944328011792        0.09113327971615       -1.39855619793052
c            3.93389312270193        0.96666402939939       -0.69459532790329
c            3.37989573096280        1.69076363535238        0.50514994226476
n            2.24819144344302        0.86953084939259        0.97314379034666
c            1.41632214851731        1.33976803490125        2.09367750511048
c            0.22922537382431        0.38103336949265        1.96406460365866
o            2.76020169149259       -0.32651545839422        1.34588710424795
h            1.16463381037806        1.88142238233714       -0.52905532194358
c           -0.80758890459733       -2.11836633986313        0.68506413564389
o           -1.50553050797874       -1.89248080882621        1.64685831782307
o           -0.54773101396826       -3.35000071117508        0.25214923168079
c           -1.12213484648301       -4.42555697770829        0.99297113433613
h           -0.87430295566619       -0.18278945969612       -3.47957395948043
h           -0.80196833449498        1.02061571562474       -2.19813267316130
h            1.42508023289639       -0.74435166748570       -3.23683227927095
h            1.37899650825531        1.00828823043366       -3.04356328588384
h           -2.62522512162962        4.19684054393295        0.96240962185504
h           -4.63390482375980        3.17347211770238       -0.07010078494275
h           -4.47962259988294        0.90301226504629       -1.02515593106593
h           -0.56893054892931        2.91856633639779        1.14861928246394
h           -3.09044074693915       -0.80560515469492       -1.74208204910225
h           -1.06052063309062       -1.98900068531314       -1.93538874845209
h            1.87846907406578       -1.73025558420558        0.20679100677267
h            1.26168629388160       -2.26243989496271       -1.37784561667439
h            3.69471094145148       -0.46867994178632       -2.19670899760112
h            4.98255781372348        1.12529783526231       -0.89551669132396
h            3.06499102859800        2.71387988431111        0.27944986008811
h            4.12833641415405        1.70266738227914        1.30061406039580
h            1.96633958907660        1.19407512189377        3.02219798669999
h            1.14968710564204        2.38797516032754        1.96706378782606
h           -0.63807154934920        0.69299452178345        2.53972678637775
h            0.55478741865447       -0.59570981800319        2.31978365897783
h           -0.79304178352037       -5.33543581883974        0.49900661123224
h           -0.77345712413750       -4.39746433824432        2.02688966137295
h           -2.21096492293601       -4.34656221508094        0.98563911214364
50
 energy: -75.275977840013 gnorm: 0.001594567442 xtb: 6.7.1 (edcfbbe)
c           -0.44724115320272        0.03420560763517       -2.49424778528883
c            1.07582622577058        0.05780502935460       -2.59153550173505
c           -2.58928234525233        3.18988953687068        0.57659771120645
c           -3.71047677372268        2.61925692890720       -0.00186308619374
c           -3.62673235803315        1.35002074463591       -0.53352963458653
c           -2.43673659772222        0.62347955673050       -0.47315971045769
c           -1.31456138348435        1.16231215962596        0.17921646653618
c           -1.41879444447181        2.45743489286428        0.67178943055633
n           -2.35291905812926       -0.61417256413206       -1.07946168694046
c           -1.01856255374615       -0.98905092394757       -1.48944658707694
c           -0.16198629028188       -1.08113722913898       -0.20588759425099
c           -0.06752687611096        0.32893107406216        0.43739161216241
c            1.26186464366309       -1.45700542264000       -0.64639865805834
c            1.75110764284691       -0.11869783493888       -1.22413232142099
c            1.24923549323062        0.85674702003153       -0.16606050515710
c            3.23174887703043        0.08639131595103       -1.39472098298847
c            3.93591915567524        0.96356190066166       -0.69285936341697
c            3.37932933447880        1.69459723916341        0.50113436325597
n            2.24796400947800        0.87381104525775        0.97193530542964
c            1.41465613938382        1.34354384730831        2.09220029477539
c            0.22977331100904        0.38218485491510        1.96280556142187
o            2.76135246455470       -0.32223072078967        1.34756284424465
h            1.16376680497878        1.88000000501523       -0.53372995095965
c           -0.81111641650876       -2.11882936388061        0.68228316957039
o           -1.50764277060722       -1.89325003295942        1.64476920494172
o           -0.55213222490348       -3.35082104304275        0.24810388545777
c           -1.12376607175644       -4.42770360959782        0.99027770045929
h           -0.87191291878585       -0.17313885630877       -3.47925479301136
h           -0.79224123170854        1.02526642257885       -2.19344658378108
h            1.42500558046425       -0.75304362816053       -3.23389919229393
h            1.38846644414934        1.00042670312086       -3.04697456232822
h           -2.62692958706389        4.19650407670638        0.96517988230614
h           -4.63796026280105        3.16978196087874       -0.05893206513951
h           -4.48313644909222        0.90142756123999       -1.01735128274734
h           -0.56896035474162        2.92021940344503        1.14599717898748
h           -3.09198754872112       -0.80726637985943       -1.74028152771925
h           -1.06029514370611       -1.98501873674556       -1.94046023717379
h            1.87594958226430       -1.73048197014602        0.21085145669986
h            1.26255604722782       -2.26473254452421       -1.37415335434727
h            3.69842076281254       -0.47769412371760       -2.18876107880676
h            4.98537414696082        1.11920192637793       -0.89153081834813
h            3.06117129226660        2.71474178631931        0.26669141739678
h            4.12629982882681        1.71567246480640        1.29758622120668
h            1.96509674486564        1.19983556531105        3.02072101286438
h            1.14598394681372        2.39087962109397        1.96465109059538
h           -0.63801412188608        0.69204716466440        2.53853897569586
h            0.55776155166906       -0.59388245372312        2.31766291516884
h           -0.79625012190555       -5.33705895358557        0.49422646092955
h           -0.77070759916881       -4.40035675885322        2.02257453208477
h           -2.21242392987924       -4.34927559199208        0.98695571821256
50
 energy: -75.275990309308 gnorm: 0.001524248626 xtb: 6.7.1 (edcfbbe)
c           -0.44253084337567        0.03767825220514       -2.49291888713917
c            1.08001608279697        0.05316297395686       -2.59166525928646
c           -2.59144279631057        3.18838719562868        0.58047851613504
c           -3.71327977651331        2.61623495074855        0.00525036395626
c           -3.62848720014210        1.34824447812629       -0.52888674185058
c           -2.43685281451564        0.62416626428560       -0.47359001473250
c           -1.31454417110194        1.16306678453544        0.17832390292668
c           -1.41988625066790        2.45751230929312        0.67201544796246
n           -2.35120534590964       -0.61095706340603       -1.08322516442362
c           -1.01662156243232       -0.98664718038256       -1.49106086875269
c           -0.16215475865924       -1.08100840497728       -0.20602247958206
c           -0.06722397799701        0.32977623300994        0.43635045463181
c            1.26206231178723       -1.45857338330136       -0.64410032561518
c            1.75300161251726       -0.12146430247930       -1.22287764059676
c            1.24918408338819        0.85614443958154       -0.16826667431626
c            3.23375371423436        0.08238728576305       -1.39140007097255
c            3.93735036952024        0.96144209466756       -0.69158447997492
c            3.37860812218937        1.69718101356972        0.49769511382785
n            2.24806746013254        0.87629466220696        0.97071472032795
c            1.41350052543875        1.34811074020095        2.08923239248852
c            0.22991619380572        0.38526502501549        1.96164531370192
o            2.76101660524605       -0.31910893752881        1.34807589342698
h            1.16371182467630        1.87827672520027       -0.53806178916696
c           -0.81213327752423       -2.11908324226293        0.68156166517435
o           -1.50832248367537       -1.89409120367259        1.64402062769312
o           -0.55543202208508       -3.35160089019912        0.24542934817759
c           -1.12704260132234       -4.42965005137400        0.98723156130174
h           -0.86981409854205       -0.16342518836201       -3.47803880911165
h           -0.78160724809004        1.02919431190069       -2.18734130576031
h            1.42472258689482       -0.76183063504488       -3.23086802264845
h            1.39785510784844        0.99239332958364       -3.05023167925827
h           -2.62945629955099        4.19452409837902        0.96983791840849
h           -4.64217588981581        3.16465698049903       -0.04736728232575
h           -4.48571425558235        0.89927194421033       -1.01044941499415
h           -0.57017624181199        2.92129769001269        1.14507664403610
h           -3.09109375833406       -0.80766020285607       -1.74143699982272
h           -1.05913717558631       -1.98155443501317       -1.94412298872573
h            1.87476498263335       -1.73303814574319        0.21369323231218
h            1.26216916413242       -2.26643083686098       -1.37183577263770
h            3.70211742018101       -0.48495610184846       -2.18188989653967
h            4.98727729387520        1.11508386534763       -0.88907518922390
h            3.05743225590648        2.71466800907230        0.25676261682175
h            4.12444964173744        1.72575086971810        1.29464051385694
h            1.96315360553910        1.20873250444541        3.01890767973272
h            1.14382425946583        2.39457796007892        1.95743001035640
h           -0.63810246264365        0.69571579156210        2.53662154331892
h            0.55857917044635       -0.58995206312996        2.31791885805727
h           -0.80221831579558       -5.33821747546418        0.48795844351234
h           -0.77026956739940       -4.40506393541357        2.01803341854093
h           -2.21527575598163       -4.34955643063511        0.98703710470968
50
 energy: -75.275996724045 gnorm: 0.000635579268 xtb: 6.7.1 (edcfbbe)
c           -0.44101785023358        0.03834291583961       -2.49222765325342
c            1.08133924554313        0.05136580742105       -2.59188725920030
c           -2.59308028029041        3.18677550226181        0.58266625980390
c           -3.71476831047671        2.61407164033770        0.00762933927297
c           -3.62891409259027        1.34667645283176       -0.52788377450118
c           -2.43663979041970        0.62372429355869       -0.47387917543290
c           -1.31445465409263        1.16308032931097        0.17786834110426
c           -1.42072327713043        2.45701485124411        0.67279481278451
n           -2.35044693643271       -0.61076819926804       -1.08430579190273
c           -1.01572038693613       -0.98641087050306       -1.49114428336632
c           -0.16188475185613       -1.08058012842881       -0.20572151128855
c           -0.06677940436254        0.33035042636163        0.43591368831398
c            1.26211668738395       -1.45892217794743       -0.64377801576129
c            1.75382679928888       -0.12238256410982       -1.22273420606164
c            1.24981480444639        0.85593880368183       -0.16875160583966
c            3.23465232374097        0.08113859507809       -1.39068418779913
c            3.93791375555396        0.96113192818310       -0.69151182814152
c            3.37857332881806        1.69729222462012        0.49718701632532
n            2.24859203625598        0.87605000950020        0.97047560639873
c            1.41396253122275        1.35002742598831        2.08756064527438
c            0.22996083228769        0.38751668699022        1.96111815509704
o            2.76082820756935       -0.31818212520971        1.34835846294319
h            1.16481993896571        1.87787420888285       -0.53919722012447
c           -0.81271099434827       -2.11828957304430        0.68137669452490
o           -1.50731385765716       -1.89360588524644        1.64517942464768
o           -0.55627774662717       -3.35069560758248        0.24498754959940
c           -1.12904564440952       -4.42882918667025        0.98562398974724
h           -0.86964136823182       -0.16082016691642       -3.47703103210142
h           -0.77812359685926        1.02986632009704       -2.18489543779478
h            1.42448400742627       -0.76507426912722       -3.22990014896733
h            1.40049469645256        0.98945871298669       -3.05167754547717
h           -2.63173104923067        4.19240024226087        0.97324369630181
h           -4.64426312295921        3.16141391229534       -0.04346236810084
h           -4.48597373790022        0.89723630748850       -1.00921546567904
h           -0.57142483596993        2.92160634328439        1.14573258642524
h           -3.08955416067255       -0.80745956025830       -1.74353803285999
h           -1.05764968946771       -1.98134141175949       -1.94416881992763
h            1.87485833774078       -1.73430303920412        0.21386356663142
h            1.26137947413060       -2.26699745237151       -1.37161917641258
h            3.70330724315400       -0.48677566959293       -2.18058359027070
h            4.98780304755177        1.11480968879538       -0.88911783281323
h            3.05706214308697        2.71452963616873        0.25613318340110
h            4.12421480106642        1.72621971865019        1.29422613962566
h            1.96273218505741        1.21280675175266        3.01813829761024
h            1.14477378743394        2.39639619161605        1.95294527176194
h           -0.63804268027879        0.69939978190528        2.53556735254676
h            0.55784668566490       -0.58742797973560        2.31911710323355
h           -0.80617044532085       -5.33697257751991        0.48435002723961
h           -0.77151921935526       -4.40671897276507        2.01619372408280
h           -2.21715157270572       -4.34662961928284        0.98629057631817
50
 energy: -75.276001277285 gnorm: 0.000709649369 xtb: 6.7.1 (edcfbbe)
c           -0.43946453652249        0.03884744699479       -2.49185321129924
c            1.08277854701380        0.04937108073900       -2.59234416141979
c           -2.59608093300946        3.18451721988271        0.58545184924191
c           -3.71738529760274        2.61086401953349        0.01043098780372
c           -3.62985225594171        1.34427032170685       -0.52687258540762
c           -2.43656860654946        0.62286531811666       -0.47419428107390
c           -1.31461971882500        1.16324476722848        0.17726759891992
c           -1.42237380514719        2.45656321491559        0.67366097511852
n           -2.34957883387509       -0.61124314805387       -1.08532241288293
c           -1.01440111858528       -0.98617128112967       -1.49112221901627
c           -0.16120802344825       -1.07977600372141       -0.20512894771935
c           -0.06631631410640        0.33138784209951        0.43547165397266
c            1.26272006871565       -1.45906419978417       -0.64266554293203
c            1.75487712785428       -0.12326090113501       -1.22277879978286
c            1.25066740214535        0.85605686890170       -0.16948606223690
c            3.23583416091740        0.07995180730629       -1.39050852916790
c            3.93893874115357        0.96080917088118       -0.69208454531254
c            3.37945480247616        1.69709565426792        0.49665266958619
n            2.24934372454369        0.87590252638303        0.96999990651016
c            1.41474295955902        1.35226751634384        2.08586953091675
c            0.23023618087459        0.39010946283522        1.96069048104672
o            2.76049531693090       -0.31744811582637        1.34838019659193
h            1.16636544112337        1.87785133453456       -0.54070337818661
c           -0.81162670096525       -2.11680765482028        0.68256871121366
o           -1.50582405567728       -1.89217246614726        1.64681020902294
o           -0.55759657902804       -3.34890540453437        0.24439326354017
c           -1.13239402632331       -4.42694415603320        0.98309534305929
h           -0.86953018629852       -0.15842217904285       -3.47637947657189
h           -0.77455078172694        1.03048553026523       -2.18285226986595
h            1.42437332979333       -0.76892793755193       -3.22879238279389
h            1.40324163369306        0.98608757361849       -3.05404261682413
h           -2.63596864231256        4.18942860671729        0.97787657889411
h           -4.64774600685211        3.15680181468191       -0.03918317612160
h           -4.48639976848376        0.89396798429552       -1.00840825404346
h           -0.57365104353674        2.92211528351091        1.14674100086524
h           -3.08749864927529       -0.80720117814215       -1.74632834572758
h           -1.05502822381883       -1.98121735459913       -1.94401853686909
h            1.87535428177044       -1.73449321411038        0.21521657592988
h            1.26148473395166       -2.26784336720098       -1.36994471972947
h            3.70461082688461       -0.48909629249149       -2.17965539654553
h            4.98894614175649        1.11417933229701       -0.88953261748834
h            3.05846104725230        2.71463364382259        0.25619386221800
h            4.12508452854539        1.72514832658815        1.29386101567946
h            1.96282898216527        1.21682147649730        3.01714954959292
h            1.14617439757656        2.39864785948211        1.94882487557806
h           -0.63767511965448        0.70336421875682        2.53471331888809
h            0.55736727944572       -0.58456645784814        2.32044888274951
h           -0.81324016830705       -5.33475326181877        0.47881474227578
h           -0.77310482491180       -4.40880621845793        2.01323687492570
h           -2.22036399233070       -4.34120775790543        0.98600736281555
50
 energy: -75.276004378877 gnorm: 0.000774945181 xtb: 6.7.1 (edcfbbe)
c           -0.43822433593825        0.03923711341876       -2.49163267689644
c            1.08396620922179        0.04783554431839       -2.59254774443561
c           -2.59876279820841        3.18257930510352        0.58759962465308
c           -3.71960339982476        2.60806066057087        0.01251821257095
c           -3.63061689168536        1.34213671918916       -0.52607257086191
c           -2.43644549232590        0.62207425532091       -0.47431844800225
c           -1.31478239122643        1.16330684116274        0.17708320087967
c           -1.42398177222942        2.45612998216639        0.67454599996398
n           -2.34886381299401       -0.61182851740711       -1.08599762552645
c           -1.01335303336806       -0.98597506697790       -1.49131631270336
c           -0.16080441241495       -1.07908699852628       -0.20484801253583
c           -0.06573506280078        0.33229353487634        0.43507128932319
c            1.26323785323055       -1.45892608533587       -0.64160007534405
c            1.75581772679206       -0.12368811517529       -1.22269544522626
c            1.25157486344026        0.85656836350668       -0.17008385575864
c            3.23693900416669        0.07884263480444       -1.39025209222885
c            3.94018081684578        0.96002081979497       -0.69240596757407
c            3.38078481464020        1.69720253174124        0.49599129305383
n            2.25009926380181        0.87667602253064        0.96957950734547
c            1.41531347119833        1.35419773350964        2.08491478190779
c            0.23077158441382        0.39196958879268        1.96031212014727
o            2.76082794088054       -0.31639552286323        1.34895064191172
h            1.16771423249686        1.87821426287219       -0.54193425270897
c           -0.81247640042019       -2.11566565158766        0.68230700942030
o           -1.50471667121294       -1.89080595246373        1.64796992741652
o           -0.55988931818606       -3.34759997698428        0.24324287837747
c           -1.13547089704486       -4.42548116607215        0.98117594261441
h           -0.86904465706253       -0.15701044970986       -3.47605421020126
h           -0.77204030005688        1.03109411410045       -2.18189619995414
h            1.42445303854578       -0.77189534374762       -3.22781774959350
h            1.40551728122628        0.98344037860160       -3.05576081600929
h           -2.63986285367357        4.18698902549161        0.98126163697878
h           -4.65083882935563        3.15269971521155       -0.03583667790371
h           -4.48675014669378        0.89092858666441       -1.00760959357010
h           -0.57552375983118        2.92248366458569        1.14739180756371
h           -3.08608074333217       -0.80695098057179       -1.74812292693829
h           -1.05303392072492       -1.98107388290748       -1.94421418345904
h            1.87551758677556       -1.73341488069658        0.21682575148622
h            1.26222677862527       -2.26848254370916       -1.36792592635347
h            3.70534180001214       -0.49064683927980       -2.17923511727880
h            4.99015528563855        1.11328483254107       -0.88988590413708
h            3.06062209342688        2.71504809922044        0.25549736224760
h            4.12637373411041        1.72455332255433        1.29336701551333
h            1.96327495445687        1.21941120062330        3.01634590220003
h            1.14682256285181        2.40048344048905        1.94694128830518
h           -0.63714851639984        0.70548401948904        2.53418210161336
h            0.55790623026565       -0.58249008143001        2.32068267644006
h           -0.81995060334334       -5.33317573791757        0.47441149593912
h           -0.77382672533473       -4.41037402351309        2.01061618789050
h           -2.22327793834823       -4.33694982352636        0.98690427737574
50
 energy: -75.276007730497 gnorm: 0.000559155066 xtb: 6.7.1 (edcfbbe)
c           -0.43701670912909        0.03937564075151       -2.49169682892901
c            1.08507836841540        0.04663074306891       -2.59271162630930
c           -2.60178650826846        3.18031200260069        0.58975929913171
c           -3.72199338040531        2.60472952385829        0.01454381157955
c           -3.63126534181818        1.33954457512064       -0.52534399682400
c           -2.43608989496300        0.62109742053692       -0.47444590181148
c           -1.31490448038876        1.16330356914853        0.17694818827961
c           -1.42587479940690        2.45558949943260        0.67548406219728
n           -2.34787236884357       -0.61271943369225       -1.08659916828599
c           -1.01195689860258       -0.98587483412655       -1.49156531224948
c           -0.16011717264945       -1.07833498032008       -0.20458083120368
c           -0.06507960388433        0.33326465541306        0.43479170171319
c            1.26403075017554       -1.45864516893048       -0.64041039924313
c            1.75664813721746       -0.12386392749251       -1.22261898790143
c            1.25246323385219        0.85716644889973       -0.17063727870130
c            3.23778728545172        0.07828583376176       -1.39038486928124
c            3.94136911321147        0.95939462522612       -0.69290682976857
c            3.38249482972064        1.69724960783194        0.49529972481232
n            2.25091361256606        0.87799439586445        0.96909647792812
c            1.41604555345985        1.35630128254700        2.08417783063959
c            0.23179190129221        0.39369014232850        1.95997724241941
o            2.76152385289712       -0.31498453680284        1.34998960386884
h            1.16890028275490        1.87863922347221       -0.54298316773546
c           -0.81258290926363       -2.11444563590393        0.68261476032927
o           -1.50308208043928       -1.88905513655137        1.64936359017935
o           -0.56315267142999       -3.34637414725414        0.24183983249961
c           -1.13983547556802       -4.42388044690381        0.97925183332473
h           -0.86811644125700       -0.15642231607763       -3.47609699530551
h           -0.77016551543288        1.03138551394691       -2.18170160429002
h            1.42479135297661       -0.77417419140895       -3.22699046419088
h            1.40748419982174        0.98134070888858       -3.05705057447347
h           -2.64438093375030        4.18420555879179        0.98455760684727
h           -4.65409020051164        3.14797953702956       -0.03293608390131
h           -4.48679878947353        0.88737982923130       -1.00705730105565
h           -0.57785814595116        2.92258794786907        1.14849444004512
h           -3.08427343184522       -0.80644352876865       -1.75013433290000
h           -1.05076217157746       -1.98107210181382       -1.94434024478514
h            1.87592662586754       -1.73157747831350        0.21871236537291
h            1.26360684077901       -2.26910482388931       -1.36557093282664
h            3.70584453436233       -0.49177413199685       -2.17918967097382
h            4.99143024682456        1.11229514930343       -0.89033036766411
h            3.06369840758674        2.71548690184202        0.25476198518113
h            4.12806799439263        1.72356293067881        1.29274455823891
h            1.96410433321250        1.22196773843165        3.01558557335008
h            1.14740960626154        2.40239186564959        1.94554784161547
h           -0.63614327139642        0.70711959429088        2.53378359028683
h            0.55924182302802       -0.58053758398775        2.32058268579523
h           -0.82949646529132       -5.33157508225331        0.46927629501269
h           -0.77431048401503       -4.41255203249040        2.00739799935254
h           -2.22731329753875       -4.33153227398911        0.98932641854780
50
 energy: -75.276010408599 gnorm: 0.000296745985 xtb: 6.7.1 (edcfbbe)
c           -0.43581737644764        0.03929407182894       -2.49189276244916
c            1.08622840507772        0.04603246692375       -2.59276349912191
c           -2.60420276289930        3.17822830022388        0.59159122425645
c           -3.72384869344206        2.60173683320548        0.01617625371471
c           -3.63166329049486        1.33711294356254       -0.52465324188465
c           -2.43563083884631        0.62005958165403       -0.47442396157755
c           -1.31489947213325        1.16303545261482        0.17706770985369
c           -1.42742944373894        2.45488381067276        0.67650462944156
n           -2.34683269001696       -0.61359970838717       -1.08713758137580
c           -1.01049985128582       -0.98588557185799       -1.49175532224763
c           -0.15927308364961       -1.07788212816835       -0.20434012423916
c           -0.06430135159477        0.33397319077197        0.43461595461741
c            1.26521002073801       -1.45822230938836       -0.63896873218349
c            1.75759260241450       -0.12382938163948       -1.22248772885720
c            1.25317901051517        0.85785662189984       -0.17129623231793
c            3.23873676753259        0.07786280273223       -1.39038407054914
c            3.94249967968131        0.95896514378810       -0.69319189240113
c            3.38376963973421        1.69765034027273        0.49447983272039
n            2.25160976608017        0.87939800242989        0.96841740640201
c            1.41653758057188        1.35804077326773        2.08330374846650
c            0.23276560878359        0.39480570482186        1.95980342472368
o            2.76212432301071       -0.31399067624486        1.35014300064115
h            1.16968731542560        1.87919447139559       -0.54402291629242
c           -0.81266027010166       -2.11357500034048        0.68290348981435
o           -1.50099984506003       -1.88756600717648        1.65097510525530
o           -0.56696169976624       -3.34568508032747        0.24028327951294
c           -1.14480101480172       -4.42264250077498        0.97776748768193
h           -0.86690887288269       -0.15651410477549       -3.47633198823296
h           -0.76885567211995        1.03139178061618       -2.18197862902096
h            1.42563281622288       -0.77541170751436       -3.22636714731271
h            1.40917369829012        0.98024376257106       -3.05774135362389
h           -2.64810947441201        4.18170883229464        0.98725507728311
h           -4.65674295136618        3.14372306575847       -0.03047818028773
h           -4.48674708400333        0.88417484722789       -1.00642206718515
h           -0.57980528847897        2.92238724637478        1.14974710507515
h           -3.08249746251308       -0.80601699008331       -1.75191716086352
h           -1.04869543035313       -1.98117469684589       -1.94438294614817
h            1.87681073654650       -1.72974747911650        0.22077022026890
h            1.26546244508235       -2.26943490101783       -1.36316458712907
h            3.70654512220268       -0.49224945818838       -2.17925998447926
h            4.99252559830362        1.11178583509769       -0.89082219016545
h            3.06587429094093        2.71605865888943        0.25333266730330
h            4.12916922835237        1.72370499436241        1.29209981045632
h            1.96480347128451        1.22431581417160        3.01464823461659
h            1.14742091444031        2.40393260061694        1.94421161459493
h           -0.63514602933997        0.70783405652375        2.53382385288930
h            0.56103111291629       -0.57909906614092        2.32041175992130
h           -0.84050573027439       -5.33041754699118        0.46424602798316
h           -0.77441499507274       -4.41523740530886        2.00419357684591
h           -2.23180603602611       -4.32588161343342        0.99303735354390
50
 energy: -75.276012569954 gnorm: 0.000406448440 xtb: 6.7.1 (edcfbbe)
c           -0.43483446957511        0.03896043069235       -2.49211049079853
c            1.08721436808220        0.04559567496708       -2.59273162665780
c           -2.60576044448320        3.17649977106772        0.59295417042888
c           -3.72501107032517        2.59935905975808        0.01742036044426
c           -3.63177310367261        1.33513191218276       -0.52408196840579
c           -2.43511133357405        0.61907770758564       -0.47439511221445
c           -1.31476078673445        1.16258262498930        0.17724053946373
c           -1.42840243519074        2.45411420319086        0.67731171277526
n           -2.34583546248619       -0.61442934734299       -1.08752823664338
c           -1.00925734337204       -0.98621377867957       -1.49194088240422
c           -0.15852184015931       -1.07779399142498       -0.20422690917827
c           -0.06367673013440        0.33417754265858        0.43459456022587
c            1.26598388590940       -1.45821966381573       -0.63845532699464
c            1.75830846378042       -0.12388617055980       -1.22228634267183
c            1.25372457193958        0.85812515275937       -0.17152321707013
c            3.23940108197970        0.07793911057624       -1.39027737926025
c            3.94316192035913        0.95926096985699       -0.69337366615599
c            3.38436368325832        1.69859342833628        0.49380882296421
n            2.25219292785231        0.88084989083985        0.96810832286192
c            1.41712396931275        1.35950937052012        2.08288446073302
c            0.23397780741936        0.39546885047890        1.95964956047653
o            2.76332520883430       -0.31236228268495        1.35094256379097
h            1.16985977494217        1.87926989647476       -0.54470652536074
c           -0.81240259814627       -2.11308075136384        0.68327140191414
o           -1.49855112141535       -1.88655429725591        1.65271289232323
o           -0.57058436118618       -3.34536691781427        0.23877932991465
c           -1.14959928972532       -4.42165109102694        0.97657531345533
h           -0.86570890634669       -0.15709111640047       -3.47661685408016
h           -0.76808004247526        1.03109625493907       -2.18240802034962
h            1.42672299764614       -0.77589219188494       -3.22621994522416
h            1.41030999807782        0.97977816359843       -3.05765194807323
h           -2.65053688447995        4.17973817774096        0.98909495546646
h           -4.65838248088174        3.14053562241324       -0.02884238429137
h           -4.48655698187613        0.88170504730657       -1.00589222731210
h           -0.58113214672028        2.92201813463906        1.15076916216687
h           -3.08099933724353       -0.80606670330024       -1.75313057898300
h           -1.04708142745269       -1.98159877724669       -1.94440532148555
h            1.87747726467083       -1.72888364725364        0.22157078316924
h            1.26670964759554       -2.26982999250524       -1.36215162888403
h            3.70734988321836       -0.49263156189387       -2.17880162262424
h            4.99326953709025        1.11178920641340       -0.89096081407827
h            3.06656058787455        2.71682093879526        0.25171958023230
h            4.12964274670799        1.72533013853215        1.29152930060869
h            1.96555451072128        1.22658994251609        3.01424695755424
h            1.14741457462286        2.40514255424462        1.94319806581509
h           -0.63399348895521        0.70786826096026        2.53384915921580
h            0.56304581456761       -0.57817314204262        2.32014274343926
h           -0.85157330841838       -5.32953460727110        0.45955238673549
h           -0.77417175187134       -4.41807973709277        2.00116289118012
h           -2.23606263653520       -4.32025959732427        0.99725457978408
50
 energy: -75.276014922054 gnorm: 0.000497027388 xtb: 6.7.1 (edcfbbe)
c           -0.43385221175028        0.03829432149395       -2.49222648729772
c            1.08820013019981        0.04548512750484       -2.59260791218363
c           -2.60673928415242        3.17492182894765        0.59400070418273
c           -3.72567773908328        2.59728610330654        0.01835949097990
c           -3.63164876558382        1.33333081193526       -0.52360020183276
c           -2.43454270476030        0.61800733718480       -0.47425327530876
c           -1.31449014454936        1.16195981694240        0.17748535424477
c           -1.42894821885510        2.45325318045898        0.67799084293795
n           -2.34483435177394       -0.61536008336373       -1.08765471053047
c           -1.00804455885331       -0.98673202815811       -1.49183666488082
c           -0.15760384776307       -1.07787029755988       -0.20393826941510
c           -0.06299028560264        0.33418547032668        0.43472821458983
c            1.26706964989102       -1.45814677257162       -0.63772047258444
c            1.75909518199420       -0.12386114340876       -1.22206476268797
c            1.25414065660576        0.85840235005235       -0.17174939967420
c            3.24015325978477        0.07819985855443       -1.39002434555636
c            3.94364681576912        0.96010110737027       -0.69358481699874
c            3.38439693794014        1.69999645512041        0.49298551163588
n            2.25266973666386        0.88209245868484        0.96766405865015
c            1.41758950627607        1.36059733049904        2.08234338073316
c            0.23506851417666        0.39572313007918        1.95968511039373
o            2.76435095319479       -0.31099713164591        1.35074453380760
h            1.16974283577082        1.87931183375924       -0.54543965602710
c           -0.81199708967751       -2.11279984981714        0.68366007626914
o           -1.49552267134787       -1.88585717551118        1.65482937537465
o           -0.57424756458377       -3.34522095824945        0.23724821177624
c           -1.15475028759651       -4.42067524172568        0.97529508513750
h           -0.86442293942085       -0.15828995342361       -3.47674739109167
h           -0.76759569281631        1.03038942314188       -2.18294150546367
h            1.42811322886061       -0.77575112233190       -3.22618775999292
h            1.41106622441196        0.97987375096786       -3.05728861152060
h           -2.65213061108921        4.17797348398039        0.99051906267554
h           -4.65936940203017        3.13788811874587       -0.02768205391728
h           -4.48618841963123        0.87956667591227       -1.00549682809956
h           -0.58204808512512        2.92148627294319        1.15173878341120
h           -3.07960084375678       -0.80667078022792       -1.75382915189027
h           -1.04553991042687       -1.98223793812698       -1.94404954782162
h            1.87859582690030       -1.72831026478261        0.22247217735034
h            1.26809538799658       -2.27000103705983       -1.36116542993465
h            3.70840219528266       -0.49283076202688       -2.17805553674499
h            4.99376937208482        1.11259870518183       -0.89111189901991
h            3.06606057435797        2.71781691426115        0.24992043054240
h            4.12956752450370        1.72798113519326        1.29072410278609
h            1.96617849442405        1.22848799822926        3.01373364827408
h            1.14721504739113        2.40601930958534        1.94222320040406
h           -0.63289831500451        0.70741493512985        2.53424629188042
h            0.56515954533086       -0.57761247283538        2.32006540189943
h           -0.86405268145448       -5.32866257569194        0.45430675790535
h           -0.77374448505565       -4.42162737721417        1.99779935832563
h           -2.24053304504138       -4.31380160691116        1.00211307224522
50
 energy: -75.276017848760 gnorm: 0.000427870735 xtb: 6.7.1 (edcfbbe)
c           -0.43280893788944        0.03719068286911       -2.49224330339304
c            1.08931705444740        0.04522865719849       -2.59223476416746
c           -2.60735769484501        3.17322423627696        0.59488598413059
c           -3.72595211315911        2.59516391914067        0.01899912976160
c           -3.63123415503576        1.33134337133045       -0.52318712393832
c           -2.43378995082851        0.61658860175134       -0.47391052092390
c           -1.31405368959965        1.16097981322210        0.17803170282241
c           -1.42922636871498        2.45209744982322        0.67883130799285
n           -2.34354827543624       -0.61666247324153       -1.08745778280754
c           -1.00658071124065       -0.98767526056027       -1.49144627687161
c           -0.15639491938403       -1.07826526943769       -0.20336654170458
c           -0.06207098372168        0.33389725417716        0.43503938284610
c            1.26842086872975       -1.45823242054213       -0.63702183610820
c            1.76011175691879       -0.12389141577167       -1.22162947998950
c            1.25462540786808        0.85866261477630       -0.17184116796818
c            3.24117613128376        0.07858097970836       -1.38941525785083
c            3.94408302035224        0.96168000741631       -0.69384189815654
c            3.38401908522703        1.70243777856477        0.49182625443286
n            2.25335250017429        0.88357924419944        0.96730109035820
c            1.41820003465407        1.36185449151756        2.08189194043374
c            0.23643261596415        0.39595550464639        1.95986768317670
o            2.76605047757176       -0.30896188149233        1.35048107386131
h            1.16937325608690        1.87924897218105       -0.54624185697924
c           -0.81114929054455       -2.11279402489285        0.68439928382555
o           -1.49146804199846       -1.88547999920206        1.65774518493546
o           -0.57860906504162       -3.34528741280731        0.23538707637445
c           -1.16147019308653       -4.41964243663574        0.97330778633371
h           -0.86303037476294       -0.16019856811675       -3.47675612278504
h           -0.76725650003263        1.02923657664905       -2.18351693795352
h            1.42995098266445       -0.77554641381540       -3.22605399529246
h            1.41172064850611        0.98001678985044       -3.05648936971995
h           -2.65323851257776        4.17613198570563        0.99171898547512
h           -4.65999665328558        3.13520091328695       -0.02672611029859
h           -4.48557799475914        0.87722012148491       -1.00510775763641
h           -0.58263005019953        2.92081652001197        1.15262813315035
h           -3.07801156135120       -0.80817036589686       -1.75391829914164
h           -1.04373744279603       -1.98337032476248       -1.94325704083685
h            1.88015172456332       -1.72817258695404        0.22312404230627
h            1.26954291073603       -2.27018305112989       -1.36043912925480
h            3.70979861109957       -0.49278040288523       -2.17690526822717
h            4.99405325035567        1.11468266673894       -0.89152173037239
h            3.06418955828305        2.71950241405471        0.24748808897115
h            4.12913268881294        1.73253510579565        1.28951000324772
h            1.96702396008671        1.23070889802924        3.01329688274430
h            1.14699129924154        2.40702467398097        1.94129142167503
h           -0.63157450640195        0.70679171595890        2.53482409515126
h            0.56769166059877       -0.57701241061662        2.32017087767034
h           -0.88086567678318       -5.32761616869474        0.44676476886767
h           -0.77319575108982       -4.42722821833349        1.99305921408743
h           -2.24624664663472       -4.30508218170877        1.00828372568333
50
 energy: -75.276020712431 gnorm: 0.000365415399 xtb: 6.7.1 (edcfbbe)
c           -0.43130370988852        0.03547612385605       -2.49183344034809
c            1.09085475832362        0.04466231419984       -2.59177694066833
c           -2.60810526856967        3.17104042827251        0.59580370457742
c           -3.72631691871014        2.59231110231484        0.01985414332471
c           -3.63070505368788        1.32864109319900       -0.52257849589234
c           -2.43280114731695        0.61463434673067       -0.47335773191721
c           -1.31339932066941        1.15975418710086        0.17859491826358
c           -1.42942920291590        2.45072710710060        0.67951155573096
n           -2.34184080847818       -0.61862254499870       -1.08671736352022
c           -1.00464945606587       -0.98909811942963       -1.49052205416844
c           -0.15460945709503       -1.07875238093585       -0.20228474959611
c           -0.06088060900266        0.33355148115246        0.43570478713702
c            1.27049721192786       -1.45830713642602       -0.63563288721865
c            1.76141492514372       -0.12392346321729       -1.22101771985321
c            1.25516541042551        0.85895936773435       -0.17189193922724
c            3.24232203662551        0.07979488731511       -1.38904841084155
c            3.94433882225868        0.96471421737346       -0.69483014626199
c            3.38345124149805        1.70602340852726        0.49010608279949
n            2.25427785664815        0.88564037765527        0.96682651192901
c            1.41913633168040        1.36355815646898        2.08151295028320
c            0.23838343551655        0.39628752919132        1.96036281038987
o            2.76834860691134       -0.30601544001379        1.34988633529470
h            1.16871413970825        1.87907435634199       -0.54725724109321
c           -0.81017580323827       -2.11282697377317        0.68532934321338
o           -1.48591223008810       -1.88515375288877        1.66182841529994
o           -0.58439527856411       -3.34528663733570        0.23279848832462
c           -1.17077320203903       -4.41831335850563        0.96988818187218
h           -0.86116953978069       -0.16297764578402       -3.47626878034295
h           -0.76662287052987        1.02747004880874       -2.18387128705085
h            1.43224434455073       -0.77574877301773       -3.22570652853083
h            1.41257053493084        0.97982191377008       -3.05584791947651
h           -2.65453255421247        4.17385310425181        0.99282328431185
h           -4.66058582053218        3.13187340216662       -0.02612676056544
h           -4.48468155216631        0.87409946507161       -1.00475928500808
h           -0.58333570704966        2.91996222552962        1.15363668332509
h           -3.07614856809310       -0.81092769745354       -1.75312542669072
h           -1.04126882478923       -1.98505143878606       -1.94178566203909
h            1.88251466948336       -1.72780345724827        0.22452102402380
h            1.27182809678737       -2.27048577946265       -1.35891042224929
h            3.71181132763596       -0.49307665064637       -2.17506526080473
h            4.99438350526559        1.11794928932458       -0.89223307201308
h            3.06149402596580        2.72206255723226        0.24444832294118
h            4.12871119940715        1.73880313777011        1.28752378473205
h            1.96837310930460        1.23342710921332        3.01282972948298
h            1.14691145198710        2.40842123800117        1.94050126446667
h           -0.62966309714410        0.70612615505493        2.53578025567658
h            0.57110782153497       -0.57617085921029        2.32074096725546
h           -0.90491359979864       -5.32594359113207        0.43495247633511
h           -0.77230515495776       -4.43626807547715        1.98568682165906
h           -2.25399666511206       -4.29263768213754        1.01662223066582
50
 energy: -75.276022379191 gnorm: 0.000306588253 xtb: 6.7.1 (edcfbbe)
c           -0.43037413010188        0.03412834325595       -2.49143093425438
c            1.09180343459437        0.04376049526229       -2.59114948864824
c           -2.60861479101977        3.16944737199952        0.59617778083222
c           -3.72642798976859        2.59019875747687        0.02002139067933
c           -3.63016688491185        1.32649299177149       -0.52222851173646
c           -2.43198540458181        0.61300316764614       -0.47268280569351
c           -1.31290102474192        1.15875020226836        0.17932512905711
c           -1.42961824458177        2.44968193787932        0.68014596613036
n           -2.34038650678158       -0.62031861441698       -1.08578273105994
c           -1.00304886111016       -0.99024469441253       -1.48959427948377
c           -0.15314878838707       -1.07913000650531       -0.20118250452404
c           -0.05983613407099        0.33334963650491        0.43631680752138
c            1.27207984639808       -1.45838775732439       -0.63442873268291
c            1.76248543352339       -0.12403871027386       -1.22035118936555
c            1.25572116626385        0.85925462905511       -0.17184160722056
c            3.24338984531927        0.08017076448313       -1.38830948149426
c            3.94468653527012        0.96668264926629       -0.69537040790223
c            3.38314171201534        1.70897019877123        0.48873873565317
n            2.25519130439098        0.88735672223681        0.96655391808368
c            1.41994120153154        1.36509728683950        2.08124284859871
c            0.23986487144374        0.39688433399244        1.96083561934834
o            2.77061902687478       -0.30334654591277        1.34989566296096
h            1.16839981028950        1.87901404546984       -0.54797055367500
c           -0.80904529678764       -2.11291092186309        0.68648290211118
o           -1.48180929311922       -1.88508516797015        1.66498055786544
o           -0.58862191744169       -3.34520523789517        0.23088297932203
c           -1.17821801093597       -4.41742469197510        0.96647350362413
h           -0.86018982857725       -0.16492097996247       -3.47576797802144
h           -0.76605168855778        1.02611708985597       -2.18386623325738
h            1.43354606991782       -0.77666363534052       -3.22485273798815
h            1.41319975195956        0.97889435633769       -3.05547413734232
h           -2.65555828528720        4.17220134844850        0.99329501384840
h           -4.66102582060801        3.12923020374475       -0.02590702565031
h           -4.48389293872504        0.87146316347207       -1.00441451577870
h           -0.58378774482703        2.91945251276518        1.15419821391108
h           -3.07471658055534       -0.81344567992477       -1.75191466987240
h           -1.03918402528625       -1.98639679138767       -1.94042589901893
h            1.88430808635223       -1.72721114027376        0.22580647208635
h            1.27364230049307       -2.27092096975184       -1.35736177243403
h            3.71293890649623       -0.49242697389311       -2.17424054905141
h            4.99429150035351        1.12123558767400       -0.89352634342817
h            3.05953774855120        2.72426303895036        0.24216849473328
h            4.12860166562073        1.74365996045527        1.28585681731246
h            1.96953052300533        1.23564255429830        3.01244530455749
h            1.14697248520262        2.40972086581665        1.93996397915742
h           -0.62823057570344        0.70617017661591        2.53648613618085
h            0.57348600065217       -0.57520919572343        2.32137760981083
h           -0.92439154820692       -5.32427019694781        0.42446221958529
h           -0.77190768333160       -4.44462694933592        1.97895231096210
h           -2.25990578548666       -4.28278085867403        1.02261426358790
50
 energy: -75.276023597507 gnorm: 0.000279033989 xtb: 6.7.1 (edcfbbe)
c           -0.42953652996170        0.03307912124015       -2.49066963796128
c            1.09261000604170        0.04248920580665       -2.59067230591180
c           -2.60923509587109        3.16815464303131        0.59637491201891
c           -3.72671325489139        2.58830684715277        0.02016697358235
c           -3.62983035783669        1.32451517489055       -0.52180185908834
c           -2.43133338825256        0.61157271800945       -0.47198660886886
c           -1.31250002265869        1.15799925586004        0.17993110446238
c           -1.42988883690035        2.44895322705669        0.68056717019588
n           -2.33917695885388       -0.62188916395721       -1.08471540987956
c           -1.00169282699594       -0.99124060442685       -1.48857242154629
c           -0.15191766415178       -1.07942076957565       -0.19999699371554
c           -0.05892448796132        0.33332164027994        0.43688063643757
c            1.27357457259664       -1.45828387583975       -0.63277463973546
c            1.76335012259229       -0.12409499634957       -1.21974901832758
c            1.25619917276024        0.85968208650699       -0.17186649406600
c            3.24405936378421        0.08115692542855       -1.38829306971395
c            3.94481924272703        0.96891190337148       -0.69639747405660
c            3.38312363655201        1.71134047590408        0.48754444172796
n            2.25601119932166        0.88894416273827        0.96630010298214
c            1.42075221907483        1.36669177081518        2.08105291486530
c            0.24117081693572        0.39778929945661        1.96128199868504
o            2.77235656833428       -0.30113187150590        1.34989113797954
h            1.16823142892147        1.87914493238716       -0.54866133568605
c           -0.80837706764017       -2.11302225590941        0.68746875839926
o           -1.47869112908023       -1.88521943733271        1.66765312471069
o           -0.59211152671232       -3.34504080955617        0.22916819325268
c           -1.18462145460713       -4.41690569629074        0.96282657898106
h           -0.85956944444032       -0.16623353971803       -3.47485986143389
h           -0.76517589827131        1.02513429897093       -2.18324377354882
h            1.43426486347470       -0.77853465486136       -3.22367610770900
h            1.41404814476984        0.97721285219608       -3.05580268456701
h           -2.65668338553869        4.17094297726336        0.99336130747775
h           -4.66162133743430        3.12683956463104       -0.02581996310518
h           -4.48333451614616        0.86892968020166       -1.00388650620460
h           -0.58423560639343        2.91927292555596        1.15441716906414
h           -3.07360317271770       -0.81582796124786       -1.75045947739322
h           -1.03729187247790       -1.98755284099847       -1.93907402140830
h            1.88592962286581       -1.72609057933825        0.22770032458717
h            1.27553453064695       -2.27140884571215       -1.35504144580988
h            3.71400445664765       -0.49225974880331       -2.17352528074325
h            4.99436399383787        1.12396031621024       -0.89477854286162
h            3.05857216166057        2.72621218933800        0.24056055273279
h            4.12884903032364        1.74704823468836        1.28436478544178
h            1.97071144311088        1.23776108192174        3.01211420185897
h            1.14722051183908        2.41113255225220        1.93954717300217
h           -0.62693503665847        0.70686091399280        2.53704398159800
h            0.57535088164821       -0.57397558009918        2.32216428711506
h           -0.94140155550979       -5.32250345015114        0.41409010067373
h           -0.77161669242745       -4.45298003410175        1.97225138519797
h           -2.26475542705174       -4.27441558853359        1.02722716424901
50
 energy: -75.276024522537 gnorm: 0.000271245608 xtb: 6.7.1 (edcfbbe)
c           -0.42867794313863        0.03221389828974       -2.48965908947900
c            1.09334207098393        0.04077635528456       -2.59020964365898
c           -2.61009452019911        3.16708929583621        0.59636160672664
c           -3.72736332700739        2.58636895225401        0.02060523971735
c           -3.62979334617096        1.32249981352813       -0.52104835078013
c           -2.43083875327876        0.61031014196200       -0.47121551673248
c           -1.31218440541573        1.15762012593976        0.18027201102435
c           -1.43024691498178        2.44868357896280        0.68045089811321
n           -2.33810074100737       -0.62335248430523       -1.08344782601261
c           -1.00043334450425       -0.99198945815688       -1.48737961081280
c           -0.15068779605145       -1.07938112731317       -0.19867659178292
c           -0.05820219659027        0.33362699249671        0.43760810566381
c            1.27499219380463       -1.45828577413504       -0.63081811792259
c            1.76413927160707       -0.12440897877527       -1.21909987829068
c            1.25664424182961        0.85991817786448       -0.17187327111099
c            3.24471394095693        0.08155271233796       -1.38808331324781
c            3.94502896215999        0.97046481436949       -0.69722610432686
c            3.38337367119842        1.71333773621332        0.48648874535935
n            2.25680170428561        0.89061213092377        0.96605775134057
c            1.42153108478995        1.36851280783405        2.08078668750307
c            0.24238545048166        0.39895812410017        1.96189718836940
o            2.77407486491964       -0.29879360535837        1.35038309678083
h            1.16826160007623        1.87908442824023       -0.54932108892903
c           -0.80780030119214       -2.11294161098260        0.68841982805450
o           -1.47595362396521       -1.88535882389802        1.67012010620555
o           -0.59517685603704       -3.34456031619004        0.22733735671335
c           -1.19035645904527       -4.41660341330080        0.95855637977095
h           -0.85928954485567       -0.16685454192046       -3.47364972731550
h           -0.76371548840980        1.02438192976993       -2.18198922292649
h            1.43426967646256       -0.78145062008907       -3.22202944632722
h            1.41523450468056        0.97459270446070       -3.05683935327822
h           -2.65809158730595        4.16998904888670        0.99299149554774
h           -4.66244165165292        3.12450503683490       -0.02586575347275
h           -4.48300217457674        0.86632398621237       -1.00308030269752
h           -0.58488961628599        2.91945587746957        1.15435877473697
h           -3.07270268825948       -0.81816053178175       -1.74872024139214
h           -1.03540473945586       -1.98840622912387       -1.93767478814976
h            1.88729008004267       -1.72470567316751        0.23012819387835
h            1.27756073812897       -2.27222244419331       -1.35212229500613
h            3.71465600815786       -0.49172679775062       -2.17335662654581
h            4.99427074642970        1.12649850263919       -0.89639790233930
h            3.05832161127885        2.72798515537334        0.23921542542263
h            4.12941883141951        1.74963793482842        1.28301619623684
h            1.97182912826041        1.24024490970852        3.01172770353013
h            1.14750767029131        2.41275405623640        1.93886855807765
h           -0.62568817114020        0.70813001633614        2.53765606958021
h            0.57693250495515       -0.57247757336089        2.32334064511922
h           -0.95747791015003       -5.32049340906275        0.40257978380077
h           -0.77067883210582       -4.46199762896767        1.96485637606872
h           -2.26895418139290       -4.26662953051108        1.03132538713263
50
 energy: -75.276024296374 gnorm: 0.000503698560 xtb: 6.7.1 (edcfbbe)
c           -0.42786961962276        0.03140422405036       -2.48872150631290
c            1.09403162764798        0.03919682304846       -2.58978678807278
c           -2.61090191355445        3.16609307399140        0.59636252267440
c           -3.72798100957383        2.58455709812965        0.02103616684395
c           -3.62976591615852        1.32062456288656       -0.52034563380680
c           -2.43038017104615        0.60914006875503       -0.47050986031015
c           -1.31188966743963        1.15727476033153        0.18056968675823
c           -1.43057751740041        2.44843808672466        0.68032642607441
n           -2.33710156194553       -0.62471164056894       -1.08227333411222
c           -0.99926270578480       -0.99268400030446       -1.48627245257403
c           -0.14953339354579       -1.07933589296756       -0.19745651413339
c           -0.05753905221823        0.33391254040757        0.43829244324079
c            1.27631841919545       -1.45829873257919       -0.62900618694472
c            1.76487361186801       -0.12470875729844       -1.21850103502749
c            1.25705283976584        0.86011957517508       -0.17187675833522
c            3.24532731579799        0.08190240050704       -1.38787887596655
c            3.94522400668985        0.97190101469598       -0.69799293872647
c            3.38360142380153        1.71520425729919        0.48550212210929
n            2.25753950478000        0.89215822994922        0.96583056867961
c            1.42225917765033        1.37019114008165        2.08054466505627
c            0.24352245701828        0.40002381881335        1.96247813561525
o            2.77568694282037       -0.29661275819581        1.35083429291213
h            1.16828540538942        1.87901038989892       -0.54992673017821
c           -0.80726923501037       -2.11285256583214        0.68929147561996
o           -1.47341735479801       -1.88546455376411        1.67239818199750
o           -0.59802321626343       -3.34410482394042        0.22564279322336
c           -1.19569302596307       -4.41630334828001        0.95460129914374
h           -0.85901744523291       -0.16744125561030       -3.47252650497017
h           -0.76235446310549        1.02367487836758       -2.18082653166421
h            1.43428203698231       -0.78414768810714       -3.22050903962470
h            1.41634245421168        0.97217408064017       -3.05780916725400
h           -2.65940859473130        4.16909485136789        0.99266528721040
h           -4.66320180192301        3.12234055344072       -0.02592518281578
h           -4.48269057596650        0.86391134127174       -1.00235447567099
h           -0.58550848473086        2.91961357679190        1.15432614620940
h           -3.07187256629802       -0.82033917260491       -1.74709853920063
h           -1.03364749746714       -1.98919788113417       -1.93637677778369
h            1.88855985747292       -1.72343483063950        0.23237981224103
h            1.27945761259742       -2.27298402331337       -1.34942276789001
h            3.71525608651132       -0.49121982851151       -2.17320868981533
h            4.99417421716943        1.12887526423062       -0.89791524536314
h            3.05806648887912        2.72963737063304        0.23795721137464
h            4.12994704869613        1.75206713261383        1.28175528847508
h            1.97287469846600        1.24253189872756        3.01137070871057
h            1.14777957305707        2.41424797509359        1.93825290457687
h           -0.62451917195179        0.70928930451096        2.53823634714134
h            0.57841239126907       -0.57110665308340        2.32444389958153
h           -0.97239673766462       -5.31861946194944        0.39192172869003
h           -0.76984883111216       -4.47033202284750        1.95801841628561
h           -2.27287022420443       -4.25938172805381        1.03510855404512
50
 energy: -75.276024749617 gnorm: 0.000306744551 xtb: 6.7.1 (edcfbbe)
c           -0.42818544103386        0.03158575179468       -2.48873132195706
c            1.09374683887876        0.03899075889381       -2.58960677245020
c           -2.61061925609584        3.16636817837417        0.59598430133634
c           -3.72759954215188        2.58502172968176        0.02036697237844
c           -3.62960046141560        1.32085974048716       -0.52049045847259
c           -2.43040026040582        0.60915726604840       -0.47029007260170
c           -1.31195191311389        1.15713109147142        0.18102957067413
c           -1.43059273678983        2.44835446651591        0.68070377293332
n           -2.33716510736151       -0.62463742577790       -1.08223439590120
c           -0.99936227916570       -0.99266895613848       -1.48629334673285
c           -0.14990437610853       -1.07954401280447       -0.19735556246345
c           -0.05740878064580        0.33383628758118        0.43808738334845
c            1.27599642827868       -1.45805618471360       -0.62897431208241
c            1.76478961303538       -0.12452386687163       -1.21840722608689
c            1.25713640599710        0.86050437660577       -0.17191119458291
c            3.24515056624473        0.08230073061589       -1.38811874320329
c            3.94518902124736        0.97198259806425       -0.69804131394007
c            3.38368447523433        1.71486423442260        0.48569452835644
n            2.25742592517944        0.89217297397793        0.96590419838982
c            1.42212336070812        1.37036957707466        2.08048030232409
c            0.24327169483227        0.40039331774010        1.96225846075273
o            2.77526141937923       -0.29695531488800        1.35095985338456
h            1.16840210132973        1.87940391877005       -0.55003149416018
c           -0.80718110601022       -2.11321132626786        0.68954338128014
o           -1.47338359620517       -1.88606159348841        1.67260180087836
o           -0.59790526269208       -3.34434723479844        0.22557846977540
c           -1.19511838173212       -4.41680982728586        0.95453739837868
h           -0.85932239904276       -0.16719077131767       -3.47255180639542
h           -0.76254539396051        1.02389957416492       -2.18082884446954
h            1.43405221833967       -0.78430164889863       -3.22032911204267
h            1.41614412303709        0.97191662497909       -3.05755314610310
h           -2.65908564901587        4.16941790794391        0.99217838591359
h           -4.66313774290835        3.12247018480148       -0.02565208942929
h           -4.48276696275493        0.86393307041128       -1.00189595106989
h           -0.58520148049872        2.91991289795718        1.15378850714638
h           -3.07180556808394       -0.81992455189300       -1.74733419735681
h           -1.03386205746140       -1.98917169459080       -1.93639972594911
h            1.88829695470777       -1.72318351044092        0.23234762725422
h            1.27899064478254       -2.27281800259583       -1.34928310324780
h            3.71525672855870       -0.49145232839252       -2.17305170485490
h            4.99434349058658        1.12836130638776       -0.89758309235596
h            3.05854081173691        2.72943783321873        0.23819716509690
h            4.12994093534915        1.75146669205975        1.28202230013634
h            1.97265470247434        1.24282952017139        3.01139235710722
h            1.14763108811785        2.41442373143648        1.93803320022572
h           -0.62480839436433        0.70963337923666        2.53798663671796
h            0.57811286163888       -0.57075042885583        2.32414615511547
h           -0.97203859429660       -5.31873967417599        0.39168024087078
h           -0.76879305734236       -4.47103932449746        1.95740134983664
h           -2.27206316599271       -4.26028336934591        1.03567021623410
50
 energy: -75.276025093728 gnorm: 0.000103292633 xtb: 6.7.1 (edcfbbe)
c           -0.42825250576832        0.03162851118232       -2.48860802278234
c            1.09366452574781        0.03907258927823       -2.58961322972382
c           -2.61056703965925        3.16662234443734        0.59575933346750
c           -3.72767729640250        2.58516585360236        0.02049009491946
c           -3.62973749058365        1.32098966343418       -0.52033966116281
c           -2.43050652401678        0.60932061081785       -0.47030612710578
c           -1.31198216230249        1.15734443661750        0.18080636085037
c           -1.43050723974227        2.44865502412647        0.68027095735009
n           -2.33736355017112       -0.62454417276397       -1.08213744160628
c           -0.99955332148691       -0.99258509222628       -1.48621747887081
c           -0.14995216051707       -1.07942838143501       -0.19737307336828
c           -0.05759126230114        0.33391817005733        0.43818847450162
c            1.27592428662201       -1.45814556116600       -0.62895485235713
c            1.76467148523770       -0.12462072038598       -1.21840259915021
c            1.25702250571916        0.86035186534759       -0.17184818286131
c            3.24507500924834        0.08196672585405       -1.38795891316131
c            3.94517922688776        0.97154563811685       -0.69778503646005
c            3.38367783871287        1.71463134872755        0.48582035986914
n            2.25729715238716        0.89211455947977        0.96595083493625
c            1.42202303861244        1.37041465576735        2.08047825711674
c            0.24319282650705        0.40039726443279        1.96235979661349
o            2.77507582473182       -0.29703387853759        1.35115486341199
h            1.16833761846512        1.87924949692968       -0.54997599419356
c           -0.80720246141693       -2.11320986851841        0.68944721996191
o           -1.47315267323999       -1.88623555584635        1.67272704069631
o           -0.59776192373292       -3.34429278017259        0.22538792537271
c           -1.19448701814561       -4.41699766416082        0.95442337658523
h           -0.85944017601059       -0.16710576075685       -3.47241345813444
h           -0.76259252205061        1.02393259398151       -2.18065621797850
h            1.43386890428028       -0.78428258845584       -3.22029972791492
h            1.41609754609795        0.97196552411440       -3.05761898995440
h           -2.65892509011376        4.16976562836432        0.99172420056826
h           -4.66308611903857        3.12279814699389       -0.02586134617664
h           -4.48290649258551        0.86411434922953       -1.00178133397122
h           -0.58516292967594        2.92011800527751        1.15353242859818
h           -3.07194481670797       -0.81968597265238       -1.74734712328872
h           -1.03407610578770       -1.98907628594243       -1.93635198182772
h            1.88818234557187       -1.72328453251965        0.23239726206607
h            1.27892932041265       -2.27287487939228       -1.34929987633464
h            3.71506966371819       -0.49144657680495       -2.17319990508458
h            4.99427447160950        1.12806562892675       -0.89751223256834
h            3.05869417271832        2.72925358941644        0.23828826492957
h            4.12990391920840        1.75115462302751        1.28218100543523
h            1.97253162304417        1.24301324306282        3.01141849206555
h            1.14753735430828        2.41445165159892        1.93789297800939
h           -0.62486565050245        0.70970402215407        2.53807040686131
h            0.57803473151680       -0.57072242127997        2.32432179607939
h           -0.97152219603400       -5.31878627621291        0.39126684310993
h           -0.76768628482665       -4.47136445532755        1.95708291031258
h           -2.27142893552061       -4.26067366694990        1.03604687028646
50
 energy: -75.276025360396 gnorm: 0.000095631889 xtb: 6.7.1 (edcfbbe)
c           -0.42847348091444        0.03170777157483       -2.48847206250355
c            1.09343247102607        0.03908970560048       -2.58958148401457
c           -2.61039782925220        3.16713476191346        0.59525328033429
c           -3.72770198109897        2.58555137994662        0.02045488616617
c           -3.62992944949398        1.32125425105990       -0.52012898517929
c           -2.43069983139040        0.60955871930959       -0.47020643162576
c           -1.31205943063025        1.15763075593532        0.18064069736457
c           -1.43036349555307        2.44911361376327        0.67971007586692
n           -2.33767186838227       -0.62440982770101       -1.08191110339293
c           -0.99985243437223       -0.99244748137363       -1.48606134657049
c           -0.15015652653097       -1.07930274320740       -0.19729210780158
c           -0.05782655425607        0.33405354952305        0.43828641850844
c            1.27567940049711       -1.45817877897881       -0.62892304583114
c            1.76446660860111       -0.12469669134823       -1.21838347611728
c            1.25689417935320        0.86024727645197       -0.17175641775214
c            3.24490362263413        0.08167257257029       -1.38787422003942
c            3.94515392513175        0.97100552926044       -0.69751971635962
c            3.38373277391906        1.71418379867817        0.48606044699755
n            2.25708671506308        0.89202958179379        0.96604541342637
c            1.42181121682619        1.37052367945178        2.08045669385044
c            0.24291917259156        0.40055375958609        1.96247202078739
o            2.77465918809683       -0.29721265951004        1.35146623799719
h            1.16832283158011        1.87915915654500       -0.54987440436746
c           -0.80707501130639       -2.11332603380829        0.68953126141751
o           -1.47274721987997       -1.88672874228653        1.67309177980904
o           -0.59751395708710       -3.34424468247298        0.22505284158144
c           -1.19333327371094       -4.41745399570288        0.95411988038031
h           -0.85972868534170       -0.16693970929717       -3.47226842405705
h           -0.76270321865419        1.02403345570260       -2.18047784071378
h            1.43349789192603       -0.78435128450042       -3.22023705949004
h            1.41590898798232        0.97193786063073       -3.05766413399790
h           -2.65857301636614        4.17043527069941        0.99083943453549
h           -4.66299762928477        3.12333642780313       -0.02609433074460
h           -4.48316931473836        0.86437743612187       -1.00143510811762
h           -0.58496806635112        2.92056954598226        1.15288118282116
h           -3.07214033431369       -0.81927950990198       -1.74733508546199
h           -1.03442959356804       -1.98892776281314       -1.93621672587447
h            1.88789648277287       -1.72334092414229        0.23245426886927
h            1.27865130205114       -2.27290453129059       -1.34927399732608
h            3.71480668661235       -0.49163414047234       -2.17321406325929
h            4.99427190525682        1.12735911471618       -0.89721440092496
h            3.05909118997986        2.72892447714210        0.23852484844565
h            4.12988448768945        1.75045564793791        1.28251367697663
h            1.97224192832323        1.24331366447703        3.01146011847723
h            1.14739184550700        2.41454731829863        1.93764027187734
h           -0.62513474084192        0.71000365674888        2.53811219610079
h            0.57769768366004       -0.57054122899211        2.32456794778654
h           -0.97070509853115       -5.31892204947806        0.39017742763526
h           -0.76544641714907       -4.47224866866802        1.95636127386361
h           -2.27027059505758       -4.26134362042975        1.03686693758333
50
 energy: -75.276025608048 gnorm: 0.000142728973 xtb: 6.7.1 (edcfbbe)
c           -0.42882253934289        0.03181821851264       -2.48826922973638
c            1.09309094306272        0.03907382788643       -2.58947655909046
c           -2.61010281160314        3.16780582494413        0.59454174912653
c           -3.72761368281228        2.58614102487973        0.02021699906481
c           -3.63010447993211        1.32164318963119       -0.51995313849805
c           -2.43092935307281        0.60985039957208       -0.47007130964480
c           -1.31214488229546        1.15794021806912        0.18050155891297
c           -1.43016185599871        2.44963424098116        0.67909524986908
n           -2.33806809751254       -0.62424739792532       -1.08161510175087
c           -1.00026430803530       -0.99232252909598       -1.48587378634189
c           -0.15047987029814       -1.07919930055002       -0.19719863743092
c           -0.05806614936032        0.33418929673200        0.43833167888237
c            1.27534072581655       -1.45816388219968       -0.62887021470848
c            1.76420170414478       -0.12473546907465       -1.21831483939217
c            1.25676497284008        0.86023545527492       -0.17164184096052
c            3.24467294341454        0.08130682460329       -1.38772626468960
c            3.94510677151825        0.97033762135119       -0.69717095158381
c            3.38377241551549        1.71364497628759        0.48637505211836
n            2.25682404450947        0.89188661206714        0.96620784921078
c            1.42156729581238        1.37069049565428        2.08048295300798
c            0.24254807229911        0.40087013577393        1.96253384486706
o            2.77408582032643       -0.29749869491161        1.35182280960327
h            1.16835087728382        1.87918210374788       -0.54973028765310
c           -0.80702991137804       -2.11352779307452        0.68955945680734
o           -1.47216918746627       -1.88745865689947        1.67359461103275
o           -0.59722154337397       -3.34421775611647        0.22457022537836
c           -1.19180387675470       -4.41808798782281        0.95368340037622
h           -0.86014833582020       -0.16678034320025       -3.47204494129728
h           -0.76294353409311        1.02417778610442       -2.18025633876551
h            1.43303679994390       -0.78444599252481       -3.22010064397186
h            1.41562077560692        0.97185854782482       -3.05765175152760
h           -2.65804451246159        4.17129607869101        0.98967489079150
h           -4.66284922094939        3.12402161716171       -0.02631359266550
h           -4.48349491298527        0.86470449098074       -1.00092898544871
h           -0.58461652442261        2.92117278789940        1.15191527376200
h           -3.07243375863955       -0.81880917905967       -1.74725846496737
h           -1.03493099064510       -1.98879667366431       -1.93603767252415
h            1.88753226975608       -1.72337981221927        0.23251422429680
h            1.27822557534752       -2.27289446893494       -1.34921200467314
h            3.71445622022352       -0.49192153789883       -2.17318087764881
h            4.99426611883233        1.12647306775806       -0.89680111006196
h            3.05954285802841        2.72853336237580        0.23884920056016
h            4.12983851350496        1.74959029146977        1.28292593337132
h            1.97189053021383        1.24362815788992        3.01156588646285
h            1.14726845795247        2.41471644815158        1.93741862319502
h           -0.62550828985465        0.71055484228232        2.53804323154976
h            0.57714750092660       -0.57021021930654        2.32482556717975
h           -0.96983214179063       -5.31907292869429        0.38867049252832
h           -0.76237792166651       -4.47363320653452        1.95524549966062
h           -2.26865607129047       -4.26224544200112        1.03815783135390
50
 energy: -75.276025831564 gnorm: 0.000128097751 xtb: 6.7.1 (edcfbbe)
c           -0.42926136223053        0.03191525940964       -2.48810557280430
c            1.09266397675932        0.03908500633074       -2.58935355933438
c           -2.60973517497583        3.16860552453494        0.59366517976011
c           -3.72747169281754        2.58686353319921        0.01986285363687
c           -3.63027989672439        1.32212618974352       -0.51981742352225
c           -2.43119822139484        0.61018767484605       -0.46991255623570
c           -1.31225835422829        1.15829439341818        0.18036500778471
c           -1.42992059148427        2.45024340389128        0.67837596013416
n           -2.33848619071530       -0.62405860748286       -1.08124821564388
c           -1.00070312064342       -0.99217284769239       -1.48563637270920
c           -0.15085346852600       -1.07909375795382       -0.19702849722056
c           -0.05835381484279        0.33434704531161        0.43839540992138
c            1.27492673025767       -1.45810912804477       -0.62882920007966
c            1.76388303429388       -0.12474156256574       -1.21824872190600
c            1.25659636381418        0.86022251513227       -0.17150015020469
c            3.24437826358209        0.08105026644783       -1.38767042213624
c            3.94502789492367        0.96972728973837       -0.69688823812301
c            3.38381882142380        1.71304003887019        0.48671777553585
n            2.25654837481468        0.89164726047407        0.96641122182799
c            1.42128254193779        1.37077738935051        2.08055208914340
c            0.24203020739697        0.40123258120343        1.96263308034903
o            2.77342632715876       -0.29786059329165        1.35218046744882
h            1.16836044410272        1.87920900328656       -0.54952616487426
c           -0.80670839407451       -2.11379384261092        0.68981750014866
o           -1.47147237292298       -1.88832735084632        1.67423046073034
o           -0.59681175717698       -3.34419543618901        0.22409037796836
c           -1.19004531653266       -4.41880836061601        0.95316791247493
h           -0.86062393986486       -0.16664888556545       -3.47187385748494
h           -0.76328391255355        1.02430724819790       -2.18010349261952
h            1.43252200923548       -0.78446926464296       -3.21998157546212
h            1.41520367022585        0.97183834664539       -3.05758058415511
h           -2.65740456864469        4.17230802192859        0.98829379182262
h           -4.66263856993397        3.12486587818442       -0.02665603870848
h           -4.48383678203678        0.86513296759370       -1.00044457182429
h           -0.58418469070500        2.92186814864473        1.15077295491112
h           -3.07281702249965       -0.81844417760081       -1.74699597173135
h           -1.03547263419876       -1.98864155460486       -1.93579618814280
h            1.88711126643105       -1.72341347483082        0.23253292236941
h            1.27769009239407       -2.27282976741923       -1.34918083213640
h            3.71409278945405       -0.49235516035887       -2.17303923666249
h            4.99429352446231        1.12545946154566       -0.89628152498188
h            3.05999112617141        2.72806585646778        0.23924790234279
h            4.12981787976485        1.74863376122291        1.28334865777062
h            1.97147714818105        1.24372769968140        3.01170823159841
h            1.14722828043998        2.41484532402721        1.93731782946310
h           -0.62603544743736        0.71127202941244        2.53794487491064
h            0.57630288921722       -0.56986343897268        2.32516980786035
h           -0.96915166210997       -5.31918248310481        0.38676743378957
h           -0.75861047252222       -4.47546850926864        1.95380166288930
h           -2.26672078162129       -4.26309224222879        1.03995315004790
50
 energy: -75.276025978604 gnorm: 0.000076113176 xtb: 6.7.1 (edcfbbe)
c           -0.42964587923420        0.03197564049084       -2.48796013434865
c            1.09229573404381        0.03915854040083       -2.58924053481164
c           -2.60934690870585        3.16927907041152        0.59290020313371
c           -3.72724469076400        2.58755688401311        0.01939894759152
c           -3.63036016292514        1.32260626082499       -0.51984734057122
c           -2.43140900839714        0.61046805215495       -0.46981937874363
c           -1.31233669628594        1.15853774794345        0.18027076995016
c           -1.42968203781372        2.45068518428421        0.67784326192921
n           -2.33883774174796       -0.62389505739014       -1.08095464141439
c           -1.00110890266999       -0.99209758177788       -1.48546632319901
c           -0.15118673720521       -1.07905663122463       -0.19693313674882
c           -0.05856287043055        0.33442416022337        0.43841890057720
c            1.27456476974891       -1.45806177446587       -0.62887861216552
c            1.76360958135247       -0.12470711084442       -1.21819148779043
c            1.25646696683514        0.86023323632994       -0.17136218238199
c            3.24413376196641        0.08087131318038       -1.38758729977403
c            3.94493948153311        0.96927645706823       -0.69662907373721
c            3.38380967456320        1.71260155030860        0.48700293798483
n            2.25635179950560        0.89138480418519        0.96663597410789
c            1.42107742940816        1.37074957907650        2.08070364601212
c            0.24158787161320        0.40151027406684        1.96269495528535
o            2.77292578147721       -0.29819760572247        1.35242115295881
h            1.16838903420395        1.87927500125930       -0.54927778969533
c           -0.80668119811013       -2.11404620520318        0.68984023055306
o           -1.47093760470001       -1.88906506674126        1.67469826064775
o           -0.59647435370915       -3.34425189463052        0.22371984769224
c           -1.18851391127333       -4.41941907829205        0.95289253434515
h           -0.86100426731186       -0.16663143067658       -3.47171915128687
h           -0.76365882184108        1.02438954674869       -2.18002147257187
h            1.43214942625526       -0.78434617417860       -3.21993801377211
h            1.41479227857987        0.97194546355997       -3.05742214461724
h           -2.65678050005900        4.17314423412629        0.98714757029785
h           -4.66235900972703        3.12566399205086       -0.02707223135952
h           -4.48406629521993        0.86559887750047       -1.00019865085452
h           -0.58375365671708        2.92235634623789        1.14986040776136
h           -3.07325259835518       -0.81833041601944       -1.74659589965105
h           -1.03598891744673       -1.98856463196715       -1.93561413161072
h            1.88677271024961       -1.72349058623491        0.23242696379772
h            1.27720475404754       -2.27273242307903       -1.34928526493923
h            3.71376942481342       -0.49260581729440       -2.17295835189016
h            4.99427004065055        1.12476235438765       -0.89588475089093
h            3.06018139894313        2.72769606380715        0.23958723222480
h            4.12977749517498        1.74797941625026        1.28366969786587
h            1.97116650330903        1.24355495865566        3.01190505543270
h            1.14727840061303        2.41488034292650        1.93744957113145
h           -0.62649186712648        0.71190938220509        2.53780087450713
h            0.57548557470287       -0.56961954251281        2.32546140964564
h           -0.96880244599038       -5.31929171765215        0.38524458223622
h           -0.75518541272448       -4.47709648300149        1.95264589278674
h           -2.26499395407439       -4.26363883292063        1.04184266630652
50
 energy: -75.276026085093 gnorm: 0.000059040170 xtb: 6.7.1 (edcfbbe)
c           -0.42997560221422        0.03199253057140       -2.48789985051612
c            1.09198524137009        0.03931229718023       -2.58916006001788
c           -2.60897656832574        3.16980545475535        0.59228958836654
c           -3.72698384737018        2.58816361567378        0.01892817311890
c           -3.63036641402936        1.32305253068169       -0.52000097615297
c           -2.43155449883587        0.61069789833306       -0.46981050870773
c           -1.31239048031827        1.15869914419017        0.18017989048428
c           -1.42946052540241        2.45098717507425        0.67744127389856
n           -2.33908636371700       -0.62375657199388       -1.08074771620621
c           -1.00141702134963       -0.99206583292381       -1.48535451506833
c           -0.15139490782231       -1.07906507724060       -0.19689102723924
c           -0.05874705252841        0.33442929580310        0.43845107579190
c            1.27433781845512       -1.45803583340169       -0.62895137043442
c            1.76337346889010       -0.12465201063356       -1.21816169164099
c            1.25631432960730        0.86021545679635       -0.17123998855675
c            3.24391166361644        0.08080645367629       -1.38754382533130
c            3.94480665621220        0.96902773923238       -0.69644610637394
c            3.38372812757556        1.71231261555449        0.48723452626080
n            2.25619262786365        0.89111308631470        0.96682420299314
c            1.42093298951494        1.37058804693836        2.08088957800283
c            0.24124645692705        0.40161033126600        1.96275833484591
o            2.77256946610959       -0.29851825942487        1.35251030124571
h            1.16833579763605        1.87931427291526       -0.54902059094122
c           -0.80644532847004       -2.11426074176075        0.68996288474534
o           -1.47061584940395       -1.88958215080760        1.67494002340629
o           -0.59609471942097       -3.34433938182024        0.22355620417580
c           -1.18735147266601       -4.41985507028040        0.95282022534294
h           -0.86129045374526       -0.16671116647306       -3.47165803215541
h           -0.76407403616898        1.02440166078747       -2.18004018432824
h            1.43192726191652       -0.78406843929362       -3.21997018225233
h            1.41437540433933        0.97218866232108       -3.05723127712726
h           -2.65620753363995        4.17378894534214        0.98626041002367
h           -4.66200851236102        3.12642639206114       -0.02762233017727
h           -4.48417693680429        0.86609666709436       -1.00021649408446
h           -0.58339599153492        2.92261231087288        1.14926826579701
h           -3.07366690219068       -0.81843095147949       -1.74612910141524
h           -1.03639818216009       -1.98852979378505       -1.93549290716260
h            1.88658310770311       -1.72360069569313        0.23228582219152
h            1.27687732907803       -2.27262895582083       -1.34944368553721
h            3.71349408508153       -0.49266209030149       -2.17296016146854
h            4.99417266369906        1.12438366365289       -0.89562902418476
h            3.06014698323734        2.72743442983183        0.23989329016765
h            4.12969376336440        1.74758879359395        1.28390493329912
h            1.97095999225843        1.24317042084176        3.01210189757786
h            1.14735417565132        2.41478973639437        1.93773577480561
h           -0.62683671204282        0.71231574813648        2.53769893213001
h            0.57479751594105       -0.56956851362234        2.32569094263954
h           -0.96895193490664       -5.31934832405661        0.38408716708263
h           -0.75230956768801       -4.47855106122566        1.95175602055307
h           -2.26360606790661       -4.26376578099939        1.04377741607067
50
 energy: -75.276026204157 gnorm: 0.000083295976 xtb: 6.7.1 (edcfbbe)
c           -0.43034355038273        0.03194296208988       -2.48788298532730
c            1.09163332131010        0.03959583507392       -2.58910084411809
c           -2.60845794494448        3.17041914794281        0.59157327583807
c           -3.72657818284073        2.58894755417663        0.01826345727932
c           -3.63030598677379        1.32365884369169       -0.52032218505740
c           -2.43170677862125        0.61096900027166       -0.46984055893847
c           -1.31244741130808        1.15883597115383        0.18009903361845
c           -1.42916117077394        2.45127717027885        0.67702330621257
n           -2.33935872438988       -0.62358353323483       -1.08051575229151
c           -1.00178170140255       -0.99205747851516       -1.48523805555288
c           -0.15162779150023       -1.07911792843032       -0.19686564904474
c           -0.05897039731671        0.33436989605833        0.43852881277952
c            1.27406281545034       -1.45800285736577       -0.62917542853368
c            1.76310768097548       -0.12454272943674       -1.21817370154828
c            1.25610986038494        0.86013726367185       -0.17107147641886
c            3.24363738501223        0.08094387629130       -1.38760440882970
c            3.94460136625593        0.96896117297249       -0.69631268508447
c            3.38358137850181        1.71203705040738        0.48752630069092
n            2.25601823598379        0.89076111848169        0.96704987540509
c            1.42075493325294        1.37020230601585        2.08115906867474
c            0.24083511267415        0.40152512557431        1.96288247289282
o            2.77225041500808       -0.29889861738417        1.35256234781193
h            1.16820119285933        1.87930854066222       -0.54864900639140
c           -0.80633898104979       -2.11451949130819        0.68999023311716
o           -1.47046490943952       -1.89011005978719        1.67505782583325
o           -0.59556762383969       -3.34452086887674        0.22354419146314
c           -1.18598006797992       -4.42033797704331        0.95302668991657
h           -0.86155490455783       -0.16693848690878       -3.47164989935397
h           -0.76462825558819        1.02433195717087       -2.18017775771895
h            1.43175274858459       -0.78354717598267       -3.22012261317698
h            1.41381029874232        0.97266165255840       -3.05694090062034
h           -2.65543065732099        4.17452675605228        0.98525768385253
h           -4.66142167650103        3.12750472868275       -0.02857284077433
h           -4.48420667880182        0.86686151142295       -1.00052838031215
h           -0.58297581800087        2.92273916934021        1.14880280324801
h           -3.07422268987882       -0.81872688698262       -1.74542873729020
h           -1.03691148228505       -1.98851457739746       -1.93536821332122
h            1.88637557109000       -1.72377246765111        0.23194487428521
h            1.27650498575633       -2.27244616434865       -1.34984081782176
h            3.71321167244883       -0.49253040058845       -2.17302539632750
h            4.99401324426977        1.12417030257735       -0.89537977427889
h            3.05995008475549        2.72716777780182        0.24033343222257
h            4.12956616787997        1.74724147464673        1.28418009528612
h            1.97072900735726        1.24244891734086        3.01235945127437
h            1.14742774443259        2.41449797561605        1.93823806798387
h           -0.62725690978473        0.71254628468743        2.53765134283135
h            0.57399675336650       -0.56973085794108        2.32594552451764
h           -0.96953419107226       -5.31941907827477        0.38290620226519
h           -0.74866442341527       -4.48038572825059        1.95088100444804
h           -2.26189962355798       -4.26355930415464        1.04662624232153
50
 energy: -75.276026304321 gnorm: 0.000100173753 xtb: 6.7.1 (edcfbbe)
c           -0.43071927115486        0.03188007420238       -2.48791422431571
c            1.09127583293799        0.03995261713401       -2.58906137033326
c           -2.60790996775697        3.17097334281525        0.59092517489225
c           -3.72609902107122        2.58975825266359        0.01748706185574
c           -3.63017554952515        1.32430349542711       -0.52077986207938
c           -2.43182041304121        0.61122428509751       -0.46993246647733
c           -1.31249100018866        1.15890017310368        0.18005106562560
c           -1.42886863799259        2.45145382841693        0.67674744331950
n           -2.33961134148772       -0.62342083446081       -1.08035549404015
c           -1.00213506795441       -0.99209558036816       -1.48518778262570
c           -0.15180389858416       -1.07922343596963       -0.19693227012709
c           -0.05917632047559        0.33423071221147        0.43858298494481
c            1.27385740773067       -1.45800802483446       -0.62944817768057
c            1.76282699831195       -0.12441724165979       -1.21819740163901
c            1.25590199694801        0.86005991831286       -0.17088934410327
c            3.24336006459825        0.08107793194040       -1.38759098742831
c            3.94434808673391        0.96893544943068       -0.69611373107850
c            3.38335756854493        1.71182561825186        0.48784585212025
n            2.25582669822418        0.89042433714677        0.96726361393735
c            1.42059923938811        1.36971401667451        2.08147241740533
c            0.24052407912504        0.40125783994251        1.96296640940667
o            2.77201158954561       -0.29930777541138        1.35251182197252
h            1.16802301870090        1.87931408297706       -0.54824422845064
c           -0.80621094292909       -2.11476335925113        0.68998289105955
o           -1.47063047883790       -1.89045818788913        1.67488021897635
o           -0.59488964833949       -3.34476336507188        0.22376385749120
c           -1.18470158389009       -4.42074300740756        0.95350242019379
h           -0.86179059378683       -0.16723564774378       -3.47169358157288
h           -0.76526416735474        1.02423595160615       -2.18038635662521
h            1.43163835220653       -0.78290293057432       -3.22032691250260
h            1.41319772666066        0.97324616896675       -3.05662760884980
h           -2.65462488879274        4.17518525448588        0.98437476553443
h           -4.66073427360390        3.12864811840214       -0.02969814264418
h           -4.48414816949739        0.86771286066506       -1.00105520498146
h           -0.58259412877982        2.92271190714628        1.14857442740058
h           -3.07476004509710       -0.81903174984549       -1.74479633029036
h           -1.03743005148650       -1.98854935661171       -1.93530643395932
h            1.88624456397540       -1.72399090934006        0.23155207271342
h            1.27622471011282       -2.27227793613104       -1.35031117986788
h            3.71288892669001       -0.49210384636806       -2.17325178156357
h            4.99372729904654        1.12425649278697       -0.89526457926885
h            3.05964546338749        2.72697708209440        0.24083460768003
h            4.12937630240799        1.74694606889436        1.28446778217755
h            1.97055348159505        1.24162749395702        3.01264265053836
h            1.14742870460819        2.41409030655527        1.93884292762782
h           -0.62756942182953        0.71245204380096        2.53764328127649
h            0.57341095965892       -0.57008283764482        2.32604242194954
h           -0.97049295257081       -5.31946923557626        0.38196188339668
h           -0.74502818055869       -4.48225003827229        1.95023901567713
h           -2.26023561152731       -4.26295175182892        1.04983193126895
50
 energy: -75.276026383160 gnorm: 0.000074169973 xtb: 6.7.1 (edcfbbe)
c           -0.43098471575728        0.03181347544095       -2.48796133331289
c            1.09102459611161        0.04025587882734       -2.58905558328270
c           -2.60749441305972        3.17135077535013        0.59048847346685
c           -3.72571806689009        2.59036899268447        0.01687706238165
c           -3.63004509443400        1.32481057030332       -0.52119183130778
c           -2.43188595155023        0.61141826270223       -0.47003572294737
c           -1.31251900576003        1.15891698747641        0.18002897214707
c           -1.42865441984157        2.45153547020788        0.67659779325266
n           -2.33980957526151       -0.62330088371561       -1.08027742646977
c           -1.00240435117366       -0.99213450932502       -1.48518167502968
c           -0.15192870329442       -1.07931390255117       -0.19702536322813
c           -0.05933864209387        0.33408454304025        0.43864022679731
c            1.27371588667894       -1.45800089547106       -0.62969884345662
c            1.76263558647705       -0.12430488895007       -1.21824856056589
c            1.25572920332901        0.85997868848285       -0.17075786215007
c            3.24314319871133        0.08132990726565       -1.38769676793396
c            3.94411844072122        0.96906622211722       -0.69604558531883
c            3.38316785727628        1.71165526651902        0.48812250167479
n            2.25564510433974        0.89018194353173        0.96738045589385
c            1.42045425048989        1.36926229217884        2.08169361391929
c            0.24033121105288        0.40088438777612        1.96303836525147
o            2.77184616619637       -0.29964065982054        1.35243390793640
h            1.16783090911577        1.87928974233810       -0.54795675742176
c           -0.80622406578525       -2.11490644922491        0.68990989288370
o           -1.47110952691329       -1.89056633425041        1.67449195077624
o           -0.59421152402211       -3.34496088688077        0.22415501919208
c           -1.18371914405061       -4.42099031632587        0.95410005407428
h           -0.86193562450051       -0.16749953842615       -3.47175262875246
h           -0.76577409653411        1.02412971060170       -2.18057062247397
h            1.43160062984235       -0.78236248863678       -3.22051520022442
h            1.41272888565723        0.97374008180065       -3.05639582255916
h           -2.65401233615036        4.17562993217542        0.98378806814951
h           -4.66015442499111        3.12956729947641       -0.03069196738288
h           -4.48404370615886        0.86841762928245       -1.00160822171081
h           -0.58236472306126        2.92259534189407        1.14859430421050
h           -3.07511445599477       -0.81914644515659       -1.74446464740380
h           -1.03783507121004       -1.98858363160797       -1.93529946853595
h            1.88616213529719       -1.72415627524416        0.23120437624964
h            1.27605098953903       -2.27212184102436       -1.35072883358185
h            3.71269042937900       -0.49165513379673       -2.17348724767636
h            4.99348497774213        1.12445778301615       -0.89520197578769
h            3.05945684893760        2.72686811566587        0.24134221548522
h            4.12920739129086        1.74661312412320        1.28473538090412
h            1.97041771815457        1.24096825032129        3.01282957539779
h            1.14732009065684        2.41368216975282        1.93929929285187
h           -0.62775805122312        0.71205539004384        2.53773315957637
h            0.57315692879991       -0.57052268822923        2.32599935679647
h           -0.97155549084028       -5.31945159931194        0.38137520100897
h           -0.74209934279053       -4.48382751484258        1.94989590870353
h           -2.25889146942947       -4.26215267875527        1.05272036747007
