$hessian                                                                        
        0.4938525521  -0.0250502329  -0.0152836065  -0.0691964857  -0.0273940237
        0.0205884083   0.0056550332   0.0115358872  -0.0072827519   0.0014047053
       -0.0014464273   0.0004212372  -0.0220312463   0.0083760373   0.0136561307
       -0.0807908693   0.0073915519   0.0440485524  -0.1253833237  -0.0276343758
       -0.0422507503  -0.0311254267   0.0022168145  -0.0050325060   0.0094902529
       -0.0031950064  -0.0156853626  -0.1094953324   0.0508328125  -0.0171811596
       -0.0027471307   0.0020325374   0.0015139910  -0.0150081781  -0.0177905815
        0.0119190888  -0.0012417649  -0.0014139522  -0.0016074624  -0.0019012780
       -0.0056178504   0.0060073517  -0.0114783132   0.0146302994   0.0108640415
        0.0000689354   0.0002786757   0.0003425815  -0.0018649246   0.0033731489
       -0.0005637901  -0.0004797011   0.0005053715  -0.0003719783   0.0000755049
        0.0001605322   0.0001031434   0.0000379321  -0.0001880990  -0.0000729795
       -0.0038118444   0.0029476640  -0.0013997702  -0.0073706232  -0.0006279917
        0.0119343430   0.0015930574   0.0002007751   0.0001450132  -0.0088500051
       -0.0061116367  -0.0037974556  -0.0013954786  -0.0015106026  -0.0030761039
        0.0054612403  -0.0058459370   0.0015730845  -0.0218644550   0.0170667206
       -0.0086039507   0.0001230595   0.0000439978   0.0002292418  -0.0007904448
        0.0005462839  -0.0005579983  -0.0010390913   0.0019195555  -0.0007043827
        0.0001311334  -0.0006279742   0.0002981491  -0.0001187829   0.0001656704
        0.0003070097   0.0000579677   0.0001565831  -0.0000447432   0.0000959023
       -0.0000826454  -0.0002747478  -0.0000625764   0.0001564179  -0.0001598681
       -0.0250502329   0.4482945335  -0.0168864303  -0.0226510612  -0.1123988720
        0.0375754208  -0.0016440749  -0.0244619612   0.0118299520  -0.0017774716
        0.0023322266   0.0004084667   0.0194438216  -0.0062309696  -0.0141324659
        0.0079006709  -0.0655166098  -0.0136668379  -0.0281471933  -0.0729513985
       -0.0178389908   0.0124805794   0.0040749514   0.0039146145   0.0052973616
       -0.0028673352  -0.0126549386   0.0485862950  -0.1166546235   0.0163049889
        0.0021068259  -0.0016779835  -0.0013672578  -0.0121057105  -0.0076398662
        0.0024040820   0.0014761143  -0.0010410145  -0.0002995047  -0.0003699289
        0.0023894139   0.0001963043   0.0134593999  -0.0104874846  -0.0098997125
        0.0002890602   0.0002696353   0.0002445618   0.0025293108  -0.0033340280
        0.0008191583   0.0001748133  -0.0000944248   0.0001295127  -0.0000805014
       -0.0001501812  -0.0002197854  -0.0003056387   0.0001737954   0.0002206505
        0.0038656497  -0.0024100439   0.0002229003  -0.0138543509   0.0008089043
        0.0201138324   0.0007656482   0.0000326844   0.0001919488  -0.0235630224
       -0.0115077681  -0.0121204311  -0.0007839038  -0.0005797392  -0.0025323168
        0.0151801369  -0.0240101586   0.0080263198  -0.0033391425   0.0048197410
       -0.0005708052   0.0000437227   0.0000193333  -0.0000543961   0.0008793410
       -0.0004938234   0.0003311542   0.0000888038   0.0004849033  -0.0001754251
        0.0000554885  -0.0002000749   0.0000179334  -0.0011296505   0.0008365222
       -0.0002442523   0.0000113522  -0.0001450773   0.0000171205  -0.0000099531
        0.0001851377  -0.0002368048   0.0001774407   0.0001316558  -0.0000685666
       -0.0152836065  -0.0168864303   0.4503071189   0.0142703630   0.0305439190
       -0.0837828201  -0.0016496229   0.0039577939   0.0001433428   0.0004233993
        0.0001737961  -0.0000020078   0.0087273159  -0.0057081889  -0.0004383710
        0.0443571495  -0.0126314809  -0.1321539516  -0.0436212872  -0.0182715398
       -0.0918332386  -0.0022926663   0.0039493265   0.0029190598   0.0042698827
       -0.0073908632  -0.0219896572  -0.0159171167   0.0166434469  -0.0598825574
        0.0010223146  -0.0010630911  -0.0002927152   0.0023014756  -0.0050866656
        0.0059153631  -0.0010156038   0.0000364314   0.0000807884   0.0107605285
        0.0221212087  -0.0233534127   0.0249926603  -0.0259323752  -0.0079287661
       -0.0003302265   0.0002583154  -0.0002313145  -0.0000721545  -0.0007998689
        0.0000662834  -0.0001734591   0.0000546610  -0.0000914238  -0.0000270736
       -0.0000239230  -0.0000929887   0.0000029280   0.0001680873  -0.0000986899
       -0.0009441622  -0.0003840599  -0.0001878127   0.0105592241   0.0016102286
       -0.0150353710  -0.0222289178  -0.0067769647  -0.0163336864   0.0033167708
        0.0014388346   0.0023309686  -0.0014252461  -0.0012282654  -0.0020954383
       -0.0073250586   0.0101471558  -0.0028798805  -0.0131621377   0.0115298683
       -0.0034411793   0.0000425276   0.0000138023  -0.0001075480   0.0001673030
       -0.0003862367   0.0003329563  -0.0003122992   0.0003425732   0.0000598191
        0.0001050134   0.0000667300   0.0000605483   0.0007667927  -0.0002986538
        0.0003202691   0.0000336774  -0.0000952592   0.0001191823  -0.0002909728
       -0.0001454214  -0.0001710784  -0.0000477151   0.0000531092  -0.0002317908
       -0.0691964857  -0.0226510612   0.0142703630   0.4637564630  -0.0002591810
       -0.0037940291  -0.1067074115   0.0515302291  -0.0064322306  -0.0125981977
        0.0116518536   0.0045156858   0.0013847443   0.0002611213  -0.0012287011
       -0.0048516068  -0.0070773594   0.0053347580  -0.0152433242  -0.0219439752
        0.0061560557   0.0003421670  -0.0003838637  -0.0002159567   0.0004782647
        0.0001240204  -0.0001925857   0.0059730550   0.0122409511  -0.0066848910
       -0.0002046944   0.0001547578  -0.0000957976  -0.1604376092  -0.0338449240
       -0.0270362571  -0.0394099357  -0.0060246222   0.0020363132  -0.0404466698
        0.0065731129   0.0174018231   0.0002856619   0.0002805824   0.0000291320
       -0.0047307863  -0.0030863459  -0.0049363583   0.0067785273  -0.0070843030
        0.0003983041  -0.0178785734   0.0183287035  -0.0036000181   0.0003298053
       -0.0002121883  -0.0000780419  -0.0011618134   0.0007097268   0.0028445330
        0.0002125514   0.0001071447  -0.0001039005  -0.0008248157   0.0000938300
        0.0017045359   0.0004111381  -0.0005061331   0.0011737020  -0.0040276445
       -0.0020396059  -0.0010165921  -0.0000251034   0.0000016488  -0.0000785728
       -0.0019334096   0.0033944847  -0.0010431545   0.0003053251   0.0003384022
       -0.0002067916   0.0000127828  -0.0000407296   0.0000043407   0.0000108122
        0.0000692756  -0.0000063398  -0.0022627862  -0.0005962132   0.0024655979
        0.0005423702  -0.0006693664  -0.0018869566   0.0001193114   0.0002438184
        0.0000584600   0.0001406913   0.0002655137   0.0003564635   0.0001886639
       -0.0000126294   0.0000392313   0.0006685327   0.0000633243  -0.0001521243
       -0.0273940237  -0.1123988720   0.0305439190  -0.0002591810   0.4292417912
        0.0384429225   0.0562920823  -0.1252231888   0.0039981053   0.0072470864
       -0.0050307036  -0.0054271638  -0.0005041247  -0.0002903732   0.0005585437
       -0.0006345619   0.0043484357   0.0026101715  -0.0119070523  -0.0134797894
        0.0033144405   0.0003565125  -0.0004411770   0.0001168105  -0.0001962687
       -0.0001163519   0.0001003848  -0.0026142492  -0.0237943613   0.0094567295
       -0.0001024268   0.0000772118  -0.0000610425  -0.0327205177  -0.0709854012
       -0.0123489513   0.0001372389   0.0029915995   0.0009746302   0.0053018250
       -0.0606711837  -0.0645126126  -0.0007788775  -0.0000305074   0.0014302386
       -0.0120999733  -0.0044238490  -0.0041093256   0.0163978384  -0.0241887685
        0.0024906368   0.0021408471   0.0001083269  -0.0008923703   0.0000795819
        0.0000913628  -0.0002611847  -0.0002189049   0.0006263069  -0.0005608707
        0.0000086277  -0.0000857196  -0.0000096682   0.0011043417   0.0006395716
       -0.0018046978   0.0002623362  -0.0000649495   0.0012815173  -0.0023595120
       -0.0006608805  -0.0005122751   0.0000395292   0.0000564566  -0.0000185158
        0.0024675046  -0.0030754892   0.0009072745  -0.0010699790   0.0007696493
       -0.0002755760   0.0000105326   0.0000334057   0.0000146198   0.0000125532
        0.0000494641  -0.0000417348  -0.0003017115   0.0093093267  -0.0054489351
        0.0018465512  -0.0031338467   0.0018831608  -0.0001214365   0.0001974972
        0.0003188893   0.0003171612  -0.0000725054   0.0004025931  -0.0001662432
        0.0002826187   0.0002338300  -0.0005731062  -0.0006551066  -0.0027944935
        0.0205884083   0.0375754208  -0.0837828201  -0.0037940291   0.0384429225
        0.4840253639  -0.0001572162  -0.0025861292  -0.0643662282   0.0154983891
       -0.0165767094   0.0006643987  -0.0016888447   0.0004025350   0.0017278312
        0.0120523183   0.0182756933  -0.0143602638  -0.0030660774  -0.0076303189
        0.0028398947   0.0000952020  -0.0001971848  -0.0000537686  -0.0006090912
       -0.0000369881   0.0011996076  -0.0009683546   0.0061995495  -0.0007992113
        0.0000359018   0.0000888291   0.0000227694  -0.0376430511  -0.0143765406
       -0.0742935935   0.0140166726   0.0031080690   0.0024229780   0.0164898532
       -0.0638199273  -0.2372374365   0.0000660777  -0.0002943891  -0.0009806866
       -0.0199432062  -0.0079204825  -0.0067297645  -0.0037520262   0.0050778720
        0.0005154831  -0.0138159697   0.0151551291  -0.0025538826  -0.0000930198
       -0.0001186185   0.0003661354   0.0034612272  -0.0012316579  -0.0035706783
       -0.0002820459  -0.0001333818   0.0001067999   0.0028533340  -0.0003593220
       -0.0038748992  -0.0017867615  -0.0015063195   0.0006071502  -0.0025466018
       -0.0015087761  -0.0008182219  -0.0001702376  -0.0000357713   0.0002102445
       -0.0001212527   0.0001712539   0.0004216013   0.0002787394  -0.0001053150
        0.0000714635  -0.0000126397   0.0000036719  -0.0000186396  -0.0000778325
       -0.0000058652   0.0000005888   0.0041452206  -0.0048962544   0.0009971077
        0.0016861261   0.0021546648  -0.0002914045   0.0007866274  -0.0002363378
        0.0003934243  -0.0003419087   0.0001058863   0.0001516405  -0.0001712370
        0.0000750309   0.0005263579  -0.0010126945  -0.0032602386  -0.0035393413
        0.0056550332  -0.0016440749  -0.0016496229  -0.1067074115   0.0562920823
       -0.0001572162   0.4880041252   0.0463215199   0.0164875290  -0.1011586691
        0.0075681710   0.0535734499  -0.0105036735  -0.0049958982   0.0135150069
       -0.0000984967   0.0006499037  -0.0003386487  -0.0001249536   0.0000496455
        0.0002026766  -0.0008677672  -0.0010055412   0.0011416334   0.0000471393
        0.0001703339   0.0000363824  -0.0005514353  -0.0014283723   0.0011817695
        0.0002133646   0.0000295366   0.0001795582  -0.0254120433   0.0170401601
       -0.0011177750  -0.0021496315  -0.0005421101  -0.0022595100  -0.0062488345
        0.0084877489   0.0008352197   0.0001414510  -0.0001925185  -0.0001817931
        0.0009461781  -0.0000534020   0.0007230537  -0.0985217216  -0.0983219911
        0.0190481778  -0.1343031133  -0.0267564655  -0.1114960930   0.0087827815
       -0.0022877048  -0.0122766077  -0.0155795748   0.0052275128   0.0205457096
       -0.0004156607  -0.0027079948   0.0013902200   0.0000498862  -0.0001013171
       -0.0000476300   0.0000411359  -0.0002242946  -0.0000439668   0.0000338369
        0.0000194472   0.0000397563  -0.0001334274  -0.0000155569   0.0000969776
        0.0002610558  -0.0004739702   0.0001732520   0.0000252524  -0.0000611892
        0.0000732670  -0.0000063536  -0.0000974902   0.0000376655  -0.0000103375
       -0.0000090813   0.0000454665  -0.0005637914  -0.0017166839   0.0013679111
       -0.0000904155   0.0005086543  -0.0005321744  -0.0001145486   0.0000898338
       -0.0000567207  -0.0006776715   0.0000529894  -0.0006076932  -0.0000699915
        0.0000490400  -0.0001188007   0.0001082839   0.0000790773   0.0001895697
        0.0115358872  -0.0244619612   0.0039577939   0.0515302291  -0.1252231888
       -0.0025861292   0.0463215199   0.4896965378   0.0005486407   0.0059925277
       -0.0655488238  -0.0096840335  -0.0146309478  -0.0000356028   0.0203520283
        0.0007006591   0.0018035561  -0.0016096782   0.0001394555   0.0001832524
        0.0001942668  -0.0009592160   0.0000997035   0.0004675924  -0.0000131234
        0.0002102031   0.0002098678  -0.0019549916  -0.0030987797   0.0020508535
        0.0001121798  -0.0003043520   0.0002402298   0.0030745909   0.0054168112
        0.0021532770  -0.0018765663  -0.0005632528   0.0004599555   0.0108240974
       -0.0107591886  -0.0021664800  -0.0001755646   0.0004181378  -0.0000755439
        0.0001983521  -0.0003985839  -0.0000896202  -0.0984427341  -0.2087202969
        0.0348475413  -0.0265879043  -0.0492937428  -0.0275212854   0.0047646454
       -0.0006850886  -0.0085050950   0.0126184537  -0.0028612121  -0.0163333305
       -0.0027418855  -0.0043371029   0.0027480951   0.0001248681   0.0000389567
       -0.0001723945  -0.0001415342  -0.0001490797   0.0001260914   0.0001528654
        0.0000562783   0.0001060275   0.0001439842  -0.0001156154  -0.0000158262
        0.0007786465  -0.0010214185   0.0003189085  -0.0000765151  -0.0000563573
       -0.0000073808  -0.0000572433  -0.0000831204   0.0001229076  -0.0000331181
        0.0000079767  -0.0000147704  -0.0004011671  -0.0003085449   0.0003513727
       -0.0000823685   0.0000702676   0.0000988887  -0.0000446328  -0.0000598606
       -0.0000012845  -0.0006185610   0.0000542649  -0.0006247848  -0.0000267250
       -0.0000892357   0.0001016550  -0.0001481635   0.0001184634  -0.0000483567
       -0.0072827519   0.0118299520   0.0001433428  -0.0064322306   0.0039981053
       -0.0643662282   0.0164875290   0.0005486407   0.4843905847   0.0574829279
       -0.0130317746  -0.1606215698   0.0100829781   0.0058403437  -0.0105478016
       -0.0004710462  -0.0010990818   0.0005239909  -0.0000976428   0.0003048460
       -0.0003210733  -0.0003249390  -0.0004068569   0.0008218448   0.0000187329
       -0.0000605861   0.0000813979   0.0011541142   0.0024125462  -0.0011580028
        0.0000142571   0.0000812207  -0.0002484678  -0.0059437977   0.0069405233
        0.0003884903  -0.0012746248  -0.0001590982   0.0000823003   0.0167099477
       -0.0215663912  -0.0031665818   0.0001119987  -0.0002763672   0.0001574023
        0.0004361443  -0.0000809803  -0.0001176695   0.0195331749   0.0355343375
       -0.0496536445  -0.1115979356  -0.0278795063  -0.1727594656   0.0118378350
       -0.0040076660  -0.0248481353   0.0007160252  -0.0009113978   0.0003191705
        0.0003263969   0.0014074945   0.0001275802  -0.0001213934  -0.0001404071
        0.0004032531   0.0001232149  -0.0003919386   0.0000557152  -0.0000715090
        0.0001531455  -0.0000653726  -0.0000723261   0.0000586415  -0.0000402784
       -0.0003937138   0.0007193213  -0.0001599945   0.0000402070  -0.0000712686
        0.0000839407  -0.0000021729   0.0000607596  -0.0001656379  -0.0000422242
       -0.0000388857   0.0000783902   0.0000095028  -0.0002358208   0.0005442712
       -0.0000183668   0.0000371773   0.0001382689  -0.0002584775   0.0001263672
        0.0000040248  -0.0005166736  -0.0000529857   0.0000019081  -0.0002264227
        0.0002155360  -0.0001927135   0.0000632622   0.0001420545   0.0000867603
        0.0014047053  -0.0017774716   0.0004233993  -0.0125981977   0.0072470864
        0.0154983891  -0.1011586691   0.0059925277   0.0574829279   0.4981351848
       -0.0302521868   0.0449235305  -0.0787359552  -0.0370348898   0.0156828822
        0.0071549810   0.0174726339  -0.0055114452  -0.0006250558  -0.0003112086
        0.0001610455  -0.0076900244  -0.0155176068  -0.0029615895   0.0006537194
        0.0007100032  -0.0008880200  -0.0001265095  -0.0002615797   0.0001234122
        0.0010259923  -0.0008232110  -0.0003344609  -0.0005282519   0.0006124534
        0.0000573992  -0.0002599838  -0.0000580447  -0.0000023355  -0.0017082760
        0.0021696109   0.0004264963  -0.0000134368   0.0000327512  -0.0000262628
        0.0003154823  -0.0002984502  -0.0000705619  -0.0093223617  -0.0006123629
        0.0154256893   0.0079655389  -0.0003742037  -0.0135038380  -0.1196473439
       -0.0438026319  -0.0992754741  -0.1716367158   0.1100885730  -0.0334634374
       -0.0086007331  -0.0182978680   0.0083469960  -0.0028534260   0.0043566571
       -0.0018384201   0.0000047400   0.0000738011   0.0000654098   0.0001295098
       -0.0000781373  -0.0000663888  -0.0002551110   0.0001785335  -0.0000668759
        0.0000457933  -0.0001058221  -0.0000555200   0.0000238178   0.0000257148
        0.0000107898   0.0001955367   0.0010147361  -0.0009519278  -0.0001834476
       -0.0004543352   0.0003233153  -0.0000607975  -0.0001520181   0.0000912172
       -0.0000534336   0.0000480513  -0.0000843705  -0.0000038903  -0.0000144528
       -0.0000127818  -0.0007670312   0.0000703777   0.0000232941  -0.0001844482
       -0.0000067423  -0.0000042253  -0.0000419016   0.0001397119   0.0000517418
       -0.0014464273   0.0023322266   0.0001737961   0.0116518536  -0.0050307036
       -0.0165767094   0.0075681710  -0.0655488238  -0.0130317746  -0.0302521868
        0.4776221553   0.0112674197  -0.0390835235  -0.1524606290   0.0336008539
        0.0023300388  -0.0264001512   0.0104918101  -0.0002041277   0.0004822449
       -0.0006219949  -0.0121552880  -0.0195126908  -0.0067699604  -0.0019175057
       -0.0006633633  -0.0012173827   0.0003038591  -0.0001338472  -0.0000885798
        0.0021175016  -0.0006611516   0.0011482085   0.0001600365  -0.0003326802
       -0.0002440082   0.0004153275   0.0000908679  -0.0000304874   0.0033071011
       -0.0032750412  -0.0009902402  -0.0000751432   0.0001374645   0.0001152524
        0.0002500416  -0.0003373844   0.0000655261  -0.0138914093   0.0007366358
        0.0216722169   0.0028360007  -0.0000752376  -0.0070703989  -0.0445844327
       -0.0693176153  -0.0595806428   0.1109516290  -0.1355654205   0.0257487899
       -0.0010777298  -0.0007481669   0.0016187745   0.0026405785  -0.0025399335
        0.0008552844   0.0000601053  -0.0001094658  -0.0000359272   0.0000708777
        0.0000957766   0.0000382149   0.0001152952   0.0001327161   0.0000063748
        0.0000168790   0.0001090494  -0.0000558885  -0.0000711173   0.0000302146
       -0.0000288944   0.0002835400   0.0009916336  -0.0008555685  -0.0000001511
       -0.0003408286   0.0003900802   0.0000335264   0.0001258840  -0.0000442804
       -0.0000078344  -0.0000144699   0.0000751545  -0.0000128831  -0.0000662261
       -0.0000188642  -0.0003635449   0.0000458835   0.0001609125  -0.0000312499
        0.0001756329  -0.0000679909   0.0000621919   0.0000254447  -0.0000990762
        0.0004212372   0.0004084667  -0.0000020078   0.0045156858  -0.0054271638
        0.0006643987   0.0535734499  -0.0096840335  -0.1606215698   0.0449235305
        0.0112674197   0.4944574851   0.0110812202   0.0233581703  -0.0705469609
        0.0002037786   0.0129409107  -0.0036346983  -0.0000421321   0.0004033411
       -0.0015324677  -0.0079238222  -0.0187109991   0.0066719072   0.0001450642
        0.0008144797   0.0001192616   0.0001406778   0.0000056919  -0.0001333355
       -0.0002214732  -0.0008825306  -0.0011365949   0.0000553624   0.0001592683
        0.0000417752   0.0000958867  -0.0000642415  -0.0002206770   0.0002393809
        0.0002976277   0.0009829105  -0.0001177981   0.0000148484   0.0001258005
        0.0003107640  -0.0001702864  -0.0003817544   0.0060287830   0.0006777226
       -0.0081306734   0.0121803819  -0.0039212672  -0.0289451706  -0.1008581071
       -0.0599203794  -0.1699242057  -0.0333054544   0.0257237891  -0.0496458813
        0.0105494298   0.0197508192  -0.0077352628  -0.0018380510   0.0019232149
        0.0001470186   0.0002425295  -0.0001411916  -0.0002862208  -0.0000982645
        0.0000831036   0.0000924714   0.0001310384   0.0001017830   0.0000088329
       -0.0000541091   0.0000000222   0.0000337493   0.0000000574   0.0000160412
        0.0000262117   0.0002929969   0.0014751584  -0.0013706621  -0.0002679508
       -0.0006152621   0.0005312459  -0.0000732977  -0.0000626242   0.0000541147
       -0.0000189100   0.0000631504   0.0000470364   0.0000544389  -0.0000137448
       -0.0000236784  -0.0004238683  -0.0001144717   0.0003066573  -0.0000560012
        0.0002457739  -0.0000431195   0.0001135459  -0.0000026075   0.0000040635
       -0.0220312463   0.0194438216   0.0087273159   0.0013847443  -0.0005041247
       -0.0016888447  -0.0105036735  -0.0146309478   0.0100829781  -0.0787359552
       -0.0390835235   0.0110812202   0.4929945601  -0.0196838487  -0.0625156800
       -0.1197677413   0.0520209198  -0.0155134660   0.0017812289   0.0103977125
        0.0080074923  -0.0753091675  -0.0222001167  -0.0334642067  -0.0231420181
        0.0073332931  -0.0154134478  -0.0010854355   0.0000973993   0.0028412574
       -0.0145560078  -0.0143469456  -0.0242118920  -0.0004500087  -0.0001628857
       -0.0000611300   0.0001117468   0.0000515063   0.0000579538   0.0002020766
       -0.0000165759  -0.0001429044  -0.0010513442   0.0011281580   0.0007316470
        0.0001020990   0.0000119442   0.0000766454  -0.0018565817  -0.0002972301
        0.0036182585   0.0003296655   0.0001847018  -0.0005869497  -0.0076733751
       -0.0177352776   0.0030801019   0.0067924196   0.0185184872  -0.0053087018
       -0.1493494941   0.0205105545   0.1106416762   0.0044791317  -0.0029160373
        0.0011728746  -0.0015062570   0.0013318998   0.0008785264  -0.0011863438
        0.0014670635   0.0010159017   0.0018911909  -0.0013559621   0.0007129801
        0.0001000354  -0.0000592005   0.0000311358   0.0000078672  -0.0000305860
       -0.0001376202  -0.0028028027   0.0023798870  -0.0037648247   0.0007175276
       -0.0020065267   0.0003361157   0.0000772018   0.0000100615  -0.0000156620
       -0.0000016835   0.0000235629   0.0000124313  -0.0000757162   0.0000586583
       -0.0000207345   0.0000608640  -0.0000963229  -0.0000018762   0.0000046752
        0.0000982436  -0.0002484089   0.0000478177   0.0000582371  -0.0000101627
        0.0083760373  -0.0062309696  -0.0057081889   0.0002611213  -0.0002903732
        0.0004025350  -0.0049958982  -0.0000356028   0.0058403437  -0.0370348898
       -0.1524606290   0.0233581703  -0.0196838487   0.4528228672   0.0410619380
        0.0526880734  -0.1020492133   0.0199313927   0.0031549092  -0.0099939450
       -0.0179513920  -0.0167440240  -0.0922986782  -0.0509788296  -0.0100462593
        0.0075881476  -0.0039416506   0.0005961705  -0.0000376690  -0.0013538323
       -0.0063377053   0.0007580554  -0.0033112594   0.0001652477  -0.0000491718
       -0.0000750131  -0.0000271214   0.0000250163  -0.0000321289  -0.0001214832
        0.0000038896   0.0000599149   0.0004403027  -0.0001596731  -0.0001493929
        0.0000465589  -0.0001318374   0.0000962778   0.0004538211   0.0009605829
       -0.0002747084   0.0002129685   0.0003772774  -0.0005888420  -0.0091014762
       -0.0165366337   0.0011910780  -0.0067413670  -0.0229000323   0.0068527599
        0.0204393159  -0.0411511605  -0.0202812719   0.0195414335  -0.0220109617
        0.0077095662   0.0014216497  -0.0018014835  -0.0007131058   0.0007564520
       -0.0007346151   0.0000904732  -0.0004629172   0.0008596610   0.0001304881
       -0.0000685561   0.0003227235  -0.0000720032  -0.0001279387   0.0000299318
       -0.0000109386   0.0036682671   0.0077483976  -0.0043345400  -0.0007774940
       -0.0026901854   0.0030545701  -0.0000324326   0.0000123873   0.0000066294
       -0.0000145790   0.0000089362   0.0000451146   0.0000536345  -0.0001028877
       -0.0000386239   0.0000640686   0.0000744023  -0.0000033696   0.0000113258
        0.0000222958   0.0000153618  -0.0000333668   0.0000511504  -0.0000275228
        0.0136561307  -0.0141324659  -0.0004383710  -0.0012287011   0.0005585437
        0.0017278312   0.0135150069   0.0203520283  -0.0105478016   0.0156828822
        0.0336008539  -0.0705469609  -0.0625156800   0.0410619380   0.4955433615
       -0.0115664595   0.0180177203  -0.0648834790   0.0044926959  -0.0159036945
       -0.0136729242  -0.0328156262  -0.0582384901  -0.1470938701  -0.0279590265
        0.0065562856  -0.0146951394   0.0007296878  -0.0007672303  -0.0031506057
       -0.0116871383  -0.0071353176  -0.0144003877   0.0001246531  -0.0000573008
       -0.0001977057  -0.0000695686   0.0000263397   0.0000187879  -0.0001696169
        0.0000783555   0.0000719509   0.0013088596  -0.0012604266  -0.0006652592
       -0.0001722293  -0.0000017611   0.0001519832   0.0028895110   0.0002561489
       -0.0041423593  -0.0002198673   0.0002680341   0.0006566530  -0.0083183684
       -0.0182443956   0.0054103689   0.0019195212   0.0071671833  -0.0016703289
        0.1102753634  -0.0189451670  -0.1576581831  -0.0086943024   0.0114467028
       -0.0022133739   0.0012981328  -0.0018206003  -0.0009932673   0.0005479896
       -0.0007590834  -0.0012902440  -0.0002190487   0.0004658463   0.0008804493
        0.0000331830  -0.0000293862  -0.0000934058  -0.0000359422   0.0000212925
       -0.0000790596  -0.0032398531  -0.0049808656   0.0049229240   0.0021511979
        0.0022611496  -0.0009366480  -0.0000303785  -0.0000249081   0.0000014308
       -0.0000043595   0.0000152792   0.0000531303  -0.0000004179  -0.0000482957
        0.0000132713   0.0001503590   0.0001038511  -0.0000746850   0.0002672093
        0.0000837622  -0.0000060975  -0.0000957990   0.0000080738  -0.0000019855
       -0.0807908693   0.0079006709   0.0443571495  -0.0048516068  -0.0006345619
        0.0120523183  -0.0000984967   0.0007006591  -0.0004710462   0.0071549810
        0.0023300388   0.0002037786  -0.1197677413   0.0526880734  -0.0115664595
        0.4364511551   0.0246776362   0.0161414148   0.0014368151  -0.0039854566
       -0.0158784789  -0.0166102395   0.0006147923  -0.0196325354  -0.1382356234
       -0.0530858344  -0.0720286317  -0.0104472696   0.0092930553   0.0185705865
       -0.0000389717   0.0000417124  -0.0009988241  -0.0001866926   0.0001614798
        0.0006227740  -0.0001342255   0.0000611254   0.0000588591  -0.0005146989
       -0.0013510405   0.0007464537  -0.0040676277   0.0038756437   0.0008816109
        0.0002931096   0.0002686731  -0.0005786249  -0.0001564534  -0.0000933112
        0.0001987796  -0.0000350360  -0.0000624454  -0.0001473463   0.0001798715
       -0.0009402663  -0.0008441558  -0.0000489817  -0.0028472914   0.0004534739
       -0.0169070523   0.0116421947  -0.0059083111  -0.0620670884  -0.0541564223
        0.0281299020  -0.0029653081  -0.0006307227  -0.0025555254  -0.0002223059
       -0.0002143758  -0.0009189545   0.0133470533   0.0061541702   0.0083626598
        0.0005176651  -0.0007616243   0.0004358030  -0.0001987371  -0.0003433707
        0.0004610238  -0.0001148746  -0.0001121784  -0.0000192855   0.0000999481
       -0.0001869320   0.0000201806  -0.0000393522   0.0000088735  -0.0000552822
        0.0000079135  -0.0000952872  -0.0001120311   0.0000514333  -0.0000122877
        0.0001755304  -0.0000136409  -0.0000861903   0.0000777091  -0.0010066575
       -0.0006864926  -0.0004413991  -0.0000203944  -0.0001327072   0.0002068842
        0.0073915519  -0.0655166098  -0.0126314809  -0.0070773594   0.0043484357
        0.0182756933   0.0006499037   0.0018035561  -0.0010990818   0.0174726339
       -0.0264001512   0.0129409107   0.0520209198  -0.1020492133   0.0180177203
        0.0246776362   0.4768246300  -0.0110622051  -0.0018549797  -0.0032841485
       -0.0144927038  -0.0053793044   0.0069327208  -0.0029295160  -0.0396574773
       -0.0760057000  -0.0457873512   0.0085963457  -0.0065612525  -0.0156842460
       -0.0003996239  -0.0013204523  -0.0019005810   0.0000792708   0.0005574019
        0.0009339822  -0.0003648617  -0.0001552607  -0.0001419426  -0.0016862829
       -0.0032188544   0.0034273309   0.0047255754  -0.0042932791  -0.0023188368
        0.0003768103  -0.0001557355  -0.0002364690  -0.0000949807   0.0000995159
       -0.0000976363  -0.0000586781  -0.0001297559  -0.0000752507   0.0009330186
       -0.0001153483  -0.0000842040  -0.0017096487  -0.0056739533   0.0023103112
        0.0049997645  -0.0024635775   0.0008003465  -0.0571362325  -0.1849296985
        0.0637047757  -0.0010297195  -0.0007377706  -0.0012727901  -0.0002767398
       -0.0004145967  -0.0010244728  -0.0037027827  -0.0060820374  -0.0071770689
        0.0010386448  -0.0004881168  -0.0014532605  -0.0004131282   0.0005762453
       -0.0003717218  -0.0008765697  -0.0006001703  -0.0002198180   0.0000873200
        0.0001393336  -0.0001251650  -0.0000888710   0.0001372227  -0.0001051388
        0.0000413466  -0.0001189277  -0.0000797603  -0.0001250854  -0.0001506401
        0.0001600413  -0.0001149378  -0.0004849311   0.0001828630  -0.0011559755
       -0.0000255451  -0.0004184359   0.0001124966  -0.0000433353   0.0000351623
        0.0440485524  -0.0136668379  -0.1321539516   0.0053347580   0.0026101715
       -0.0143602638  -0.0003386487  -0.0016096782   0.0005239909  -0.0055114452
        0.0104918101  -0.0036346983  -0.0155134660   0.0199313927  -0.0648834790
        0.0161414148  -0.0110622051   0.4802525522  -0.0064636449  -0.0076712443
       -0.0267797880  -0.0187763063   0.0063163485  -0.0163892816  -0.0465447396
       -0.0438665918  -0.1266599636   0.0063210259  -0.0049886194  -0.0030954114
       -0.0009645239  -0.0014368769  -0.0026089560   0.0004653021   0.0000589128
        0.0008342345   0.0001488080  -0.0002826047  -0.0002657258   0.0011388035
        0.0015241656  -0.0013125657  -0.0019438127   0.0015682205   0.0019216207
        0.0004943142   0.0004374861  -0.0011330137   0.0000655808  -0.0002891924
        0.0002727972  -0.0001374253   0.0000819984  -0.0002063274  -0.0004917958
       -0.0012596894  -0.0000110931  -0.0000790050   0.0014231828  -0.0003143050
        0.0169974618  -0.0112513122   0.0055283133   0.0303938034   0.0673386770
       -0.0681970384  -0.0017128169  -0.0010674921  -0.0022007954   0.0003550609
        0.0004272447  -0.0000986023  -0.0195271360  -0.0133812647  -0.0266138473
       -0.0006136456   0.0008992657   0.0005923328  -0.0012965902   0.0003870407
        0.0002544244  -0.0008506533  -0.0006866325   0.0002756892   0.0003002234
       -0.0000084347  -0.0002301653  -0.0002198917   0.0000153439   0.0000287377
       -0.0000090634  -0.0000050651   0.0000044828   0.0004712524  -0.0000092328
       -0.0001401010  -0.0000151642   0.0000917889   0.0001431540  -0.0016138219
       -0.0009585388   0.0005347705  -0.0000527652  -0.0001015372   0.0001222733
       -0.1253833237  -0.0281471933  -0.0436212872  -0.0152433242  -0.0119070523
       -0.0030660774  -0.0001249536   0.0001394555  -0.0000976428  -0.0006250558
       -0.0002041277  -0.0000421321   0.0017812289   0.0031549092   0.0044926959
        0.0014368151  -0.0018549797  -0.0064636449   0.4131536950   0.0095390923
       -0.0151190174  -0.1323667724   0.0597239868   0.0357852691  -0.0000174505
        0.0007009684   0.0009123968  -0.0210368992  -0.0017715499  -0.0118212540
       -0.0284228913   0.0184529568   0.0076928724   0.0001398075  -0.0019846007
        0.0007401946  -0.0002180667  -0.0000787153  -0.0000314677  -0.0001386234
       -0.0002406343  -0.0018967602   0.0011626629  -0.0011086325  -0.0013130815
       -0.0002603384  -0.0000670235  -0.0001729588  -0.0000020116   0.0000065399
       -0.0000534276   0.0000593432  -0.0000026732  -0.0000905869  -0.0000214328
       -0.0000702275   0.0000288792   0.0000841476  -0.0000192671  -0.0000464745
       -0.0004237541   0.0007450715  -0.0003382833   0.0002719246   0.0001948409
        0.0008318131  -0.0442997137  -0.0032077859   0.0264531526  -0.0459323396
       -0.0460011943   0.0090850698  -0.0001350778   0.0002295366   0.0002158022
        0.0008062753  -0.0011605177   0.0005855170  -0.0030929049   0.0025395948
       -0.0008487925   0.0009691194  -0.0006249615   0.0021513335  -0.0021315235
        0.0029586500  -0.0037253695  -0.0000974081   0.0001896374  -0.0000607962
        0.0000348709  -0.0000908322  -0.0000133768   0.0001851790  -0.0000182905
       -0.0000849259  -0.0000170406  -0.0000129459   0.0000152659  -0.0000728683
        0.0000186821   0.0000285093  -0.0000212952  -0.0000207172  -0.0001114141
       -0.0276343758  -0.0729513985  -0.0182715398  -0.0219439752  -0.0134797894
       -0.0076303189   0.0000496455   0.0001832524   0.0003048460  -0.0003112086
        0.0004822449   0.0004033411   0.0103977125  -0.0099939450  -0.0159036945
       -0.0039854566  -0.0032841485  -0.0076712443   0.0095390923   0.4942542952
        0.0033128513   0.0545792456  -0.1083516238  -0.0304968502   0.0011705666
        0.0001889033  -0.0008802628   0.0131342352   0.0042938886   0.0103994095
        0.0099027004  -0.0037060080   0.0010219907  -0.0008195566  -0.0032239261
        0.0020449930  -0.0007371220  -0.0000470467  -0.0002398517  -0.0004514719
        0.0003145523  -0.0013164778   0.0001574365   0.0007799444  -0.0000860338
       -0.0002928533   0.0000358826  -0.0001148577  -0.0001111866   0.0000428972
       -0.0001776107  -0.0004428836  -0.0008445632   0.0000276474  -0.0000760883
        0.0000617326  -0.0000200839   0.0000681510   0.0001198083  -0.0000975490
       -0.0008825486  -0.0013652939  -0.0021514426   0.0000066456   0.0006434439
        0.0008332591  -0.0031992403  -0.0394431151   0.0189463415  -0.0422308649
       -0.2479108288   0.0489507120  -0.0001880506  -0.0001470093  -0.0002865237
        0.0013039634   0.0009450254   0.0003491478   0.0036880802  -0.0023842587
        0.0010700052  -0.0017447788  -0.0025235562   0.0024068575   0.0017564392
        0.0074733956  -0.0047675170  -0.0002356382   0.0003752882  -0.0000534116
        0.0000600573  -0.0001072478   0.0000925554  -0.0004296844  -0.0003979222
        0.0000911188  -0.0000387520   0.0000611960   0.0000114444  -0.0000097208
       -0.0000556335   0.0000031395  -0.0000485142  -0.0000384361  -0.0001043903
       -0.0422507503  -0.0178389908  -0.0918332386   0.0061560557   0.0033144405
        0.0028398947   0.0002026766   0.0001942668  -0.0003210733   0.0001610455
       -0.0006219949  -0.0015324677   0.0080074923  -0.0179513920  -0.0136729242
       -0.0158784789  -0.0144927038  -0.0267797880  -0.0151190174   0.0033128513
        0.5397933182   0.0312487465  -0.0275390332  -0.0792564825   0.0019801868
       -0.0020609676  -0.0064095277  -0.0045717282   0.0002694686  -0.0021264439
       -0.0032984173   0.0050458756   0.0041938249   0.0004640777   0.0016115810
       -0.0008872448   0.0001314396   0.0001070227   0.0001795858   0.0024076851
        0.0019094454   0.0012833169   0.0004932402  -0.0000526609   0.0003200554
        0.0002002357   0.0000193880   0.0000783216   0.0000473897   0.0000989985
        0.0000840873   0.0000481984   0.0004294118   0.0003340443  -0.0002053377
       -0.0002748582   0.0001081206  -0.0000897852  -0.0001113946   0.0000794935
       -0.0010893591  -0.0023271220  -0.0028645538  -0.0015916334  -0.0014510513
       -0.0005746527   0.0286973095   0.0183742299  -0.2735267325   0.0085502388
        0.0519296371  -0.0522435018  -0.0007286195  -0.0005280351  -0.0011508163
       -0.0000807742  -0.0003814122   0.0000869875  -0.0005050213   0.0003473768
        0.0005173493   0.0006520422   0.0028357744  -0.0010370810  -0.0044123484
       -0.0042863098   0.0042005622   0.0002145455  -0.0001933745   0.0000558954
       -0.0000040958   0.0000854819   0.0000165038  -0.0000360723   0.0001440338
       -0.0000105312   0.0000001870   0.0000325218  -0.0000366378   0.0001212478
        0.0000048634  -0.0000275469   0.0000773987   0.0000446315   0.0001198833
       -0.0311254267   0.0124805794  -0.0022926663   0.0003421670   0.0003565125
        0.0000952020  -0.0008677672  -0.0009592160  -0.0003249390  -0.0076900244
       -0.0121552880  -0.0079238222  -0.0753091675  -0.0167440240  -0.0328156262
       -0.0166102395  -0.0053793044  -0.0187763063  -0.1323667724   0.0545792456
        0.0312487465   0.7939695059  -0.0875292748   0.2052430410  -0.0046362660
        0.0019782465  -0.0022329340  -0.0038371725  -0.0015662074  -0.0022361771
       -0.4862598638   0.0365166105  -0.1761465196  -0.0005254095  -0.0000818112
       -0.0002223991   0.0001539158   0.0001378086   0.0001054065  -0.0003181551
       -0.0000837393   0.0002235502   0.0007328313  -0.0003876975   0.0001484623
        0.0000797047   0.0000061228   0.0000367346  -0.0000566661  -0.0000540977
       -0.0001836143   0.0002782998  -0.0008620495   0.0003621461  -0.0010909072
       -0.0025544284  -0.0003245112   0.0003112728   0.0011807672   0.0001353857
        0.0062581552   0.0071791207   0.0151315555   0.0004348542  -0.0002598162
       -0.0003230698  -0.0043615302   0.0057942490   0.0049877488   0.0008144608
        0.0041894769   0.0002260474  -0.0002673288   0.0002064753   0.0000376957
        0.0000292046  -0.0001136654  -0.0000845391  -0.0008968045   0.0008073663
       -0.0004293901  -0.0110645252  -0.0021166032  -0.0071264270  -0.0261055697
        0.0051773071  -0.0065597830   0.0001632820   0.0000090595   0.0000107401
       -0.0000429968   0.0000068515   0.0000130646  -0.0002009624   0.0002093912
       -0.0000060761  -0.0000093852  -0.0000053840  -0.0000154938  -0.0000280201
       -0.0000117276  -0.0000343363   0.0001033067   0.0000491442   0.0000531039
        0.0022168145   0.0040749514   0.0039493265  -0.0003838637  -0.0004411770
       -0.0001971848  -0.0010055412   0.0000997035  -0.0004068569  -0.0155176068
       -0.0195126908  -0.0187109991  -0.0222001167  -0.0922986782  -0.0582384901
        0.0006147923   0.0069327208   0.0063163485   0.0597239868  -0.1083516238
       -0.0275390332  -0.0875292748   0.2988012508   0.1206752595   0.0044622767
       -0.0009926861   0.0020884674   0.0000791371  -0.0001583120  -0.0008651504
        0.0363381841  -0.0532012580  -0.0095303402   0.0000052904  -0.0001827797
        0.0001086303   0.0000402980  -0.0000705673  -0.0000461001   0.0001697480
        0.0000332012  -0.0001639740  -0.0000958409  -0.0001335365  -0.0001598073
       -0.0000096711  -0.0000338557  -0.0001005216   0.0001466513  -0.0000978312
       -0.0004314110  -0.0007446348  -0.0004986301   0.0008993082  -0.0020967807
       -0.0047025466   0.0009064158   0.0003103300   0.0002432428  -0.0002566646
       -0.0005795791  -0.0032546798  -0.0056583756   0.0008217152  -0.0003212529
        0.0010630034  -0.0002385079  -0.0003179253  -0.0025372962   0.0230406882
       -0.0221020457  -0.0096177690  -0.0001496096   0.0000963078  -0.0004883854
        0.0000715157  -0.0000192723   0.0000143800  -0.0003277101   0.0002541097
       -0.0000003853  -0.0165418016  -0.0005637797  -0.0075125821   0.0193763817
       -0.0032415038   0.0064482723  -0.0000349519   0.0000310724  -0.0000293559
        0.0000393831   0.0000007980  -0.0000154726   0.0001031116  -0.0000194531
        0.0000466441  -0.0000085659  -0.0000403218  -0.0000115667  -0.0001099020
       -0.0000321547   0.0000204899   0.0000136540   0.0000212033  -0.0000188238
       -0.0050325060   0.0039146145   0.0029190598  -0.0002159567   0.0001168105
       -0.0000537686   0.0011416334   0.0004675924   0.0008218448  -0.0029615895
       -0.0067699604   0.0066719072  -0.0334642067  -0.0509788296  -0.1470938701
       -0.0196325354  -0.0029295160  -0.0163892816   0.0357852691  -0.0304968502
       -0.0792564825   0.2052430410   0.1206752595   0.4038183331  -0.0023043495
        0.0011264860  -0.0012882504  -0.0016640251  -0.0006699392  -0.0016137975
       -0.1757321512  -0.0095073794  -0.1291145508  -0.0001668037  -0.0000729824
        0.0000300918  -0.0000063315  -0.0000277197  -0.0000369110   0.0002140616
       -0.0000567358  -0.0001796611   0.0004051168  -0.0002740181  -0.0003788256
        0.0001498726  -0.0001153677  -0.0001190036   0.0001680978   0.0000983172
       -0.0003707901   0.0004052695   0.0010384023  -0.0004023512   0.0008585210
        0.0023995362  -0.0002083919   0.0003786207   0.0005703013   0.0002081034
       -0.0063543598  -0.0125441786  -0.0189498487  -0.0001536544  -0.0004742702
       -0.0001287267   0.0216705490  -0.0172443941  -0.0112856785  -0.0037508967
        0.0020424243   0.0027281889  -0.0003294429   0.0002457290  -0.0003212680
        0.0000087111  -0.0000545645   0.0000358619  -0.0007795760   0.0003663093
       -0.0001448894  -0.0251849973  -0.0005961364  -0.0135687629   0.0114552874
       -0.0002592218   0.0036534945  -0.0000068732   0.0000241961  -0.0000003972
        0.0000057489  -0.0000003884  -0.0000189929  -0.0000275626  -0.0000381575
        0.0000135115  -0.0001042301  -0.0000567923   0.0000489575  -0.0000766719
        0.0000645567  -0.0000236723   0.0000589205   0.0000168670  -0.0000011816
        0.0094902529   0.0052973616   0.0042698827   0.0004782647  -0.0001962687
       -0.0006090912   0.0000471393  -0.0000131234   0.0000187329   0.0006537194
       -0.0019175057   0.0001450642  -0.0231420181  -0.0100462593  -0.0279590265
       -0.1382356234  -0.0396574773  -0.0465447396  -0.0000174505   0.0011705666
        0.0019801868  -0.0046362660   0.0044622767  -0.0023043495   0.3579856971
        0.0416301032  -0.0905444308  -0.0003384798  -0.0000207694   0.0000791872
       -0.0003335029  -0.0010086740  -0.0016281142  -0.0002847315  -0.0008376708
       -0.0007044055   0.0000419708   0.0001656369   0.0001510742  -0.0000882120
        0.0001640918  -0.0000334688   0.0004541157  -0.0002085633   0.0001826811
       -0.0026061120  -0.0020683812   0.0022034975   0.0000241403   0.0001543393
       -0.0000908564  -0.0000322602  -0.0000223261   0.0001425999   0.0002696544
        0.0001061552   0.0004020740  -0.0001372905  -0.0003365026   0.0002841570
       -0.0000612268  -0.0000817265   0.0003595240  -0.0187652820  -0.0210459032
       -0.0169851717   0.0003421729   0.0002420369   0.0003009543  -0.0000844750
        0.0003138403   0.0002820467  -0.1760317272   0.0274305491   0.1737146288
       -0.0002364038   0.0000653966  -0.0000791144   0.0004824583   0.0000543713
        0.0001155452  -0.0007744838  -0.0006212635  -0.0000014914   0.0001439933
        0.0000920249  -0.0001144971   0.0000978984   0.0000128788  -0.0000209733
       -0.0000191859   0.0002053855   0.0000891090  -0.0001423200   0.0000651703
       -0.0001389384   0.0000104035  -0.0002922707   0.0000858425  -0.0043945942
       -0.0031756968   0.0028861517  -0.0001602350  -0.0000818023   0.0000657287
       -0.0031950064  -0.0028673352  -0.0073908632   0.0001240204  -0.0001163519
       -0.0000369881   0.0001703339   0.0002102031  -0.0000605861   0.0007100032
       -0.0006633633   0.0008144797   0.0073332931   0.0075881476   0.0065562856
       -0.0530858344  -0.0760057000  -0.0438665918   0.0007009684   0.0001889033
       -0.0020609676   0.0019782465  -0.0009926861   0.0011264860   0.0416301032
        0.1116489080   0.1291240033  -0.0001545761   0.0001700728  -0.0002755804
        0.0002510749   0.0003604610   0.0003438451   0.0001160904  -0.0008431467
       -0.0010786912  -0.0000383138   0.0003313364   0.0001813587   0.0000027921
        0.0000610150   0.0000531741   0.0001344423   0.0000617480  -0.0004152942
       -0.0026342045   0.0000595026   0.0011316573   0.0000447146   0.0002182907
       -0.0001773706   0.0000136403   0.0000349416   0.0002784020   0.0007442750
        0.0007415104   0.0011075890   0.0003825074   0.0006450276   0.0001630597
       -0.0002054463  -0.0003020867   0.0005488884  -0.0285969852  -0.0209664202
       -0.0239903349  -0.0003752273   0.0000755066  -0.0004894307   0.0002043936
        0.0005205927   0.0002863951   0.0371468035  -0.0176886099  -0.0657784776
       -0.0001979558   0.0005995212   0.0002607625  -0.0002732482  -0.0001736525
        0.0001940543   0.0001734999   0.0000794475   0.0001313732  -0.0001188607
        0.0000203504   0.0000312004   0.0000357836  -0.0000645382   0.0000638747
       -0.0000630998   0.0001299831   0.0001901894  -0.0000147206  -0.0001030951
        0.0000386725   0.0000741641   0.0006093755  -0.0002016946  -0.0025434361
       -0.0033195629   0.0028119393  -0.0004742350  -0.0002482965   0.0003851807
       -0.0156853626  -0.0126549386  -0.0219896572  -0.0001925857   0.0001003848
        0.0011996076   0.0000363824   0.0002098678   0.0000813979  -0.0008880200
       -0.0012173827   0.0001192616  -0.0154134478  -0.0039416506  -0.0146951394
       -0.0720286317  -0.0457873512  -0.1266599636   0.0009123968  -0.0008802628
       -0.0064095277  -0.0022329340   0.0020884674  -0.0012882504  -0.0905444308
        0.1291240033   0.4520905264  -0.0013886948   0.0010765525  -0.0007084787
       -0.0002798556  -0.0007544975  -0.0010341049   0.0000009523   0.0003352137
       -0.0000496029  -0.0000940233  -0.0000874142   0.0001013096  -0.0001358096
       -0.0002191962  -0.0000973441   0.0006227481  -0.0002474723   0.0004416335
        0.0021575343   0.0012419535   0.0004053754   0.0001369160   0.0001288418
       -0.0000738062   0.0000384709  -0.0002043336  -0.0000020958   0.0002873900
        0.0002491579   0.0002351931  -0.0000395292  -0.0001961323   0.0000562214
       -0.0003983908   0.0001053510   0.0006146258  -0.0081175466  -0.0112739966
        0.0005271269  -0.0011777940  -0.0003840754  -0.0011267032  -0.0000599527
       -0.0000202562   0.0001982926   0.2019027259  -0.0584677193  -0.2801739672
       -0.0003862592  -0.0002586385   0.0000931429   0.0008662695   0.0001039945
       -0.0000054972  -0.0004541438  -0.0003143098  -0.0000401903   0.0000518722
        0.0000717426   0.0000016508   0.0000566574   0.0000356214   0.0000395166
       -0.0000368742  -0.0000310700  -0.0000244656  -0.0002168609   0.0000775969
       -0.0000139477  -0.0000385855  -0.0001385908  -0.0001399756   0.0023062896
        0.0018000782  -0.0010799411   0.0004331274   0.0003304612  -0.0005922233
       -0.1094953324   0.0485862950  -0.0159171167   0.0059730550  -0.0026142492
       -0.0009683546  -0.0005514353  -0.0019549916   0.0011541142  -0.0001265095
        0.0003038591   0.0001406778  -0.0010854355   0.0005961705   0.0007296878
       -0.0104472696   0.0085963457   0.0063210259  -0.0210368992   0.0131342352
       -0.0045717282  -0.0038371725   0.0000791371  -0.0016640251  -0.0003384798
       -0.0001545761  -0.0013886948   0.4707188243   0.0578466033   0.0042992497
       -0.0008574416   0.0005537589   0.0003874027   0.0010837712  -0.0011435929
        0.0004866934  -0.0002814684   0.0004294646  -0.0001343920   0.0003121659
        0.0000440190   0.0002791874  -0.0722558167   0.0028343904   0.0489034384
       -0.0003597172   0.0002888146   0.0001440542   0.0002856686  -0.0007791632
        0.0001256521   0.0000604529  -0.0000121768   0.0000496725  -0.0000542717
       -0.0000763972  -0.0000922693   0.0001170541  -0.0001048079  -0.0000164002
       -0.0000159163   0.0000819864  -0.0002041615  -0.0000284020   0.0007546781
       -0.0004207851  -0.0002529833   0.0000967724  -0.0003352699   0.0002995698
        0.0012929829  -0.0000260182  -0.0001489366  -0.0000606092   0.0001109490
       -0.0828333183  -0.0790050935   0.0345660842  -0.1634951610  -0.0560533825
       -0.0912278008   0.0000451865   0.0000738461   0.0000811033  -0.0001644070
       -0.0000116985  -0.0001553884  -0.0001471595  -0.0000887402  -0.0000408254
        0.0001171593   0.0000021043   0.0002326064  -0.0112935635   0.0066238165
        0.0193704500   0.0000179362   0.0001052895  -0.0000582429   0.0002176032
       -0.0001341658  -0.0000884507  -0.0001413501  -0.0001309251  -0.0000721251
        0.0508328125  -0.1166546235   0.0166434469   0.0122409511  -0.0237943613
        0.0061995495  -0.0014283723  -0.0030987797   0.0024125462  -0.0002615797
       -0.0001338472   0.0000056919   0.0000973993  -0.0000376690  -0.0007672303
        0.0092930553  -0.0065612525  -0.0049886194  -0.0017715499   0.0042938886
        0.0002694686  -0.0015662074  -0.0001583120  -0.0006699392  -0.0000207694
        0.0001700728   0.0010765525   0.0578466033   0.4866825858  -0.0112441061
       -0.0002172826   0.0002529311   0.0002241800   0.0000320423  -0.0007841977
        0.0003175822   0.0004711720  -0.0007931521   0.0000172594   0.0002151724
        0.0004395509  -0.0005018125   0.0173731261  -0.0952408414  -0.0680607752
        0.0001839251   0.0002873443  -0.0000475025   0.0006841828  -0.0008315034
        0.0000941194   0.0001113804  -0.0002975813   0.0000156336   0.0000703259
       -0.0000220470   0.0000655115  -0.0002022491   0.0001917035   0.0000307157
       -0.0001384253   0.0000459567   0.0002457201  -0.0012357590   0.0006063997
        0.0011985593  -0.0004829188   0.0001401799  -0.0003131265  -0.0016248846
        0.0007453205  -0.0005023671   0.0000947288   0.0000177118  -0.0000243531
       -0.0769189000  -0.1893891272   0.0721199446  -0.0557605808  -0.0674317795
       -0.0354715274  -0.0000474188  -0.0000429821  -0.0000477367  -0.0002757320
        0.0001766731  -0.0000324934   0.0001126187  -0.0000896891   0.0001328623
       -0.0001660596   0.0000592953   0.0000492920  -0.0075066016   0.0113287490
        0.0215433469  -0.0000500121   0.0000245116   0.0000232881  -0.0000797791
       -0.0000802845  -0.0000780597   0.0000955861  -0.0000208444   0.0000643782
       -0.0171811596   0.0163049889  -0.0598825574  -0.0066848910   0.0094567295
       -0.0007992113   0.0011817695   0.0020508535  -0.0011580028   0.0001234122
       -0.0000885798  -0.0001333355   0.0028412574  -0.0013538323  -0.0031506057
        0.0185705865  -0.0156842460  -0.0030954114  -0.0118212540   0.0103994095
       -0.0021264439  -0.0022361771  -0.0008651504  -0.0016137975   0.0000791872
       -0.0002755804  -0.0007084787   0.0042992497  -0.0112441061   0.4540037056
       -0.0005925856   0.0004698325   0.0003078136  -0.0006288630  -0.0006615551
        0.0014568630   0.0002694089  -0.0008205796  -0.0001402912  -0.0002152104
        0.0001088742  -0.0007549985   0.0576134758  -0.0442653198  -0.1782414758
       -0.0000409882   0.0004751462  -0.0004719171  -0.0004134332   0.0007370168
       -0.0000379297  -0.0001328762  -0.0000533119  -0.0000379070   0.0000332304
       -0.0000713007  -0.0000488789  -0.0000451971  -0.0000501626  -0.0000143734
        0.0010027800  -0.0006405633   0.0001756218   0.0007024756  -0.0015929908
        0.0002481843  -0.0008558515   0.0003073105  -0.0009599502   0.0005712710
       -0.0000279921   0.0012257952  -0.0003198822  -0.0001182358   0.0001086119
        0.0358535091   0.0758038013  -0.0773365261  -0.0914227768  -0.0378458416
       -0.1054567716  -0.0000280748  -0.0000048566   0.0000565433  -0.0002006014
        0.0001181536  -0.0000898377  -0.0002533907   0.0001086130  -0.0000831441
        0.0000348148  -0.0002161942  -0.0003937241   0.0098548783  -0.0001784532
       -0.0205534109  -0.0000827811   0.0001237213   0.0000215843   0.0001535762
       -0.0002927136  -0.0003432074  -0.0000288884  -0.0001128850   0.0000274649
       -0.0027471307   0.0021068259   0.0010223146  -0.0002046944  -0.0001024268
        0.0000359018   0.0002133646   0.0001121798   0.0000142571   0.0010259923
        0.0021175016  -0.0002214732  -0.0145560078  -0.0063377053  -0.0116871383
       -0.0000389717  -0.0003996239  -0.0009645239  -0.0284228913   0.0099027004
       -0.0032984173  -0.4862598638   0.0363381841  -0.1757321512  -0.0003335029
        0.0002510749  -0.0002798556  -0.0008574416  -0.0002172826  -0.0005925856
        0.7568837171  -0.1193883290   0.1790435820   0.0000150672  -0.0000258899
       -0.0000243002  -0.0000114317  -0.0000253360   0.0000039294  -0.0000365354
       -0.0000125539  -0.0001631707   0.0000959538   0.0000157858  -0.0000664343
        0.0000038237  -0.0000095154  -0.0000040509   0.0000936741   0.0000786124
        0.0000394064  -0.0006126185  -0.0004772321   0.0002260238   0.0000609445
       -0.0000917966   0.0001485472   0.0000603814  -0.0000869933  -0.0000281676
        0.0005123415   0.0009699085   0.0009228006  -0.0001162098   0.0001543283
       -0.0000194442   0.0002447080  -0.0008181720  -0.0014002021  -0.0001613341
       -0.0011807795  -0.0005841711  -0.0000253859   0.0000016977   0.0000138587
       -0.0000135293  -0.0000876683   0.0000655937  -0.0002195290   0.0001816053
       -0.0000284160  -0.0606410842  -0.0351421156  -0.0579412367  -0.1640095561
        0.1122028715   0.0715249867  -0.0000162149   0.0000023404  -0.0000059317
        0.0000153448  -0.0000017877  -0.0000203888   0.0000464865  -0.0000525378
       -0.0000258242  -0.0000027951   0.0000178920  -0.0000076707   0.0000150815
        0.0000095559   0.0000348917  -0.0000001528  -0.0000053189  -0.0000005392
        0.0020325374  -0.0016779835  -0.0010630911   0.0001547578   0.0000772118
        0.0000888291   0.0000295366  -0.0003043520   0.0000812207  -0.0008232110
       -0.0006611516  -0.0008825306  -0.0143469456   0.0007580554  -0.0071353176
        0.0000417124  -0.0013204523  -0.0014368769   0.0184529568  -0.0037060080
        0.0050458756   0.0365166105  -0.0532012580  -0.0095073794  -0.0010086740
        0.0003604610  -0.0007544975   0.0005537589   0.0002529311   0.0004698325
       -0.1193883290   0.3068676718   0.2071855829   0.0000087784   0.0000852957
       -0.0000427398  -0.0000170375   0.0000365890  -0.0000135162  -0.0000183863
       -0.0000405514   0.0000428949  -0.0000447344   0.0000260854   0.0000382703
       -0.0000462870  -0.0000014056   0.0000050115  -0.0000453553  -0.0000060022
       -0.0000509215  -0.0003058866  -0.0000841495  -0.0001829269  -0.0002632517
       -0.0004089013  -0.0000356087  -0.0001138351   0.0002943603   0.0000544753
       -0.0007277338   0.0000073164  -0.0003630374  -0.0000420235   0.0000704171
       -0.0001628982   0.0008749618   0.0002503551   0.0002753291   0.0014330801
       -0.0000795445  -0.0003712999  -0.0000180735  -0.0000642637   0.0000969001
       -0.0000430312   0.0001056770  -0.0000652929   0.0002677547  -0.0001539053
        0.0000282468  -0.0343719506  -0.1146137744  -0.1194479306   0.1112297881
       -0.1328808009  -0.0719381391   0.0000006064  -0.0000233714   0.0000149924
       -0.0000078471  -0.0000038069   0.0000124080  -0.0000078001   0.0000134816
        0.0000056584   0.0000246409   0.0000520511  -0.0000009848   0.0000380033
       -0.0000260947   0.0000014781  -0.0000190907  -0.0000001826   0.0000079834
        0.0015139910  -0.0013672578  -0.0002927152  -0.0000957976  -0.0000610425
        0.0000227694   0.0001795582   0.0002402298  -0.0002484678  -0.0003344609
        0.0011482085  -0.0011365949  -0.0242118920  -0.0033112594  -0.0144003877
       -0.0009988241  -0.0019005810  -0.0026089560   0.0076928724   0.0010219907
        0.0041938249  -0.1761465196  -0.0095303402  -0.1291145508  -0.0016281142
        0.0003438451  -0.0010341049   0.0003874027   0.0002241800   0.0003078136
        0.1790435820   0.2071855829   0.4296665850   0.0000030609  -0.0000571815
       -0.0000493694   0.0000158707   0.0000039471   0.0000233175  -0.0000822610
       -0.0000282085   0.0000399346  -0.0000256042  -0.0000016632   0.0000956083
       -0.0000255762   0.0000140301   0.0000409537   0.0000398959   0.0000619317
        0.0001581059   0.0001274480   0.0000313722   0.0003908650  -0.0001451506
       -0.0007201995   0.0001890678   0.0000186820  -0.0001587803  -0.0001300847
       -0.0009183548   0.0003621687   0.0007565442   0.0000974556  -0.0000965527
        0.0000015699   0.0007416597  -0.0008260458   0.0002965893   0.0008884640
       -0.0010991043   0.0004514478   0.0000118972   0.0000404341   0.0001255633
       -0.0000060000  -0.0000198547  -0.0000069678   0.0002155523  -0.0001130837
        0.0000338817  -0.0566537139  -0.1199532695  -0.2050704618   0.0702514152
       -0.0714980641  -0.0827198267   0.0000201731   0.0000108951   0.0000033703
       -0.0000183143   0.0000079399   0.0000236116  -0.0000421185   0.0000190564
       -0.0000127385   0.0000147727   0.0000292115  -0.0000306382   0.0000712391
       -0.0000031149   0.0000130437  -0.0000022908   0.0000005797   0.0000213968
       -0.0150081781  -0.0121057105   0.0023014756  -0.1604376092  -0.0327205177
       -0.0376430511  -0.0254120433   0.0030745909  -0.0059437977  -0.0005282519
        0.0001600365   0.0000553624  -0.0004500087   0.0001652477   0.0001246531
       -0.0001866926   0.0000792708   0.0004653021   0.0001398075  -0.0008195566
        0.0004640777  -0.0005254095   0.0000052904  -0.0001668037  -0.0002847315
        0.0001160904   0.0000009523   0.0010837712   0.0000320423  -0.0006288630
        0.0000150672   0.0000087784   0.0000030609   0.6546924161  -0.0093237497
       -0.1692448882  -0.3460407405   0.0625688622   0.2193511911  -0.0049252621
       -0.0046985201  -0.0043728277  -0.0014271494  -0.0002831870   0.0004290431
       -0.0693650524  -0.0118921455  -0.0170140055   0.0004703026  -0.0007888214
        0.0000818470  -0.0018225201   0.0016481196  -0.0001812700   0.0002733330
        0.0002255239   0.0001939152   0.0001531349   0.0001146559   0.0001270291
        0.0002152961   0.0000183781  -0.0001398126   0.0000962516   0.0000135595
       -0.0002567986   0.0001439333  -0.0000816158   0.0000747406  -0.0001403484
       -0.0000082937  -0.0001723822   0.0001570919  -0.0001039006   0.0000254169
       -0.0002845899   0.0003048032   0.0000235040   0.0004663661   0.0003592062
       -0.0001494272   0.0000582585   0.0000235705   0.0000866329   0.0000679589
       -0.0000569848  -0.0000273103  -0.0288989408   0.0030940311   0.0162135117
        0.0014156634   0.0011541628  -0.0016679619   0.0014604336   0.0014607278
        0.0000858826   0.0019538814   0.0096168583   0.0130697681   0.0021540046
        0.0057791813   0.0098017867  -0.0092794436  -0.0171399844  -0.0253699535
       -0.0177905815  -0.0076398662  -0.0050866656  -0.0338449240  -0.0709854012
       -0.0143765406   0.0170401601   0.0054168112   0.0069405233   0.0006124534
       -0.0003326802   0.0001592683  -0.0001628857  -0.0000491718  -0.0000573008
        0.0001614798   0.0005574019   0.0000589128  -0.0019846007  -0.0032239261
        0.0016115810  -0.0000818112  -0.0001827797  -0.0000729824  -0.0008376708
       -0.0008431467   0.0003352137  -0.0011435929  -0.0007841977  -0.0006615551
       -0.0000258899   0.0000852957  -0.0000571815  -0.0093237497   0.2752152084
        0.1904535657   0.0655301833  -0.0616875309  -0.0749212383  -0.0107888115
       -0.0036717937  -0.0079577796  -0.0003760288  -0.0002993073   0.0004951993
       -0.0153935541  -0.1055041769  -0.0677999547   0.0015169408   0.0000150645
        0.0007266191   0.0034715932  -0.0031350195   0.0008931483   0.0001327080
       -0.0000933887  -0.0002300195   0.0001917245  -0.0002343553  -0.0003936669
        0.0001008067  -0.0000538676  -0.0000055844  -0.0000296116  -0.0002031836
       -0.0000266554   0.0001299784  -0.0000426918   0.0001757308  -0.0009451809
       -0.0004608329  -0.0002116649   0.0001130445   0.0000494913  -0.0001457302
        0.0000941249   0.0002624007  -0.0000366940   0.0000341637  -0.0004052055
        0.0009220146   0.0000036054  -0.0000110900   0.0000141780   0.0000007548
        0.0000077627   0.0000080134  -0.0074488913   0.0000748875   0.0054319257
        0.0108272433  -0.0063188528  -0.0114927169   0.0005052312  -0.0004919473
       -0.0008669967  -0.0004914117  -0.0188978556  -0.0255383417   0.0046449074
        0.0085879184   0.0081425327  -0.0044419070  -0.0047199732  -0.0064291576
        0.0119190888   0.0024040820   0.0059153631  -0.0270362571  -0.0123489513
       -0.0742935935  -0.0011177750   0.0021532770   0.0003884903   0.0000573992
       -0.0002440082   0.0000417752  -0.0000611300  -0.0000750131  -0.0001977057
        0.0006227740   0.0009339822   0.0008342345   0.0007401946   0.0020449930
       -0.0008872448  -0.0002223991   0.0001086303   0.0000300918  -0.0007044055
       -0.0010786912  -0.0000496029   0.0004866934   0.0003175822   0.0014568630
       -0.0000243002  -0.0000427398  -0.0000493694  -0.1692448882   0.1904535657
        0.5472467295   0.2197499335  -0.0722957302  -0.2388553780  -0.0258939590
       -0.0118720303  -0.0159350660   0.0007653430   0.0004221886  -0.0011620852
       -0.0233238747  -0.0704154947  -0.1692502212  -0.0005282333   0.0002205044
        0.0007686823  -0.0007028288   0.0003220512   0.0005332699   0.0003738567
       -0.0002249069  -0.0004121860   0.0000617944  -0.0000556900  -0.0002232519
        0.0000928992   0.0000449410  -0.0000446517   0.0000802403  -0.0000146773
       -0.0002352250  -0.0001635761  -0.0000070090   0.0000162556   0.0006483048
        0.0004222808   0.0004024526  -0.0002955424   0.0001007744   0.0001041840
        0.0000625601   0.0001229964  -0.0000515862  -0.0004035501   0.0004150141
        0.0001075065  -0.0000237675   0.0000080855  -0.0000096762   0.0000489330
       -0.0000093317  -0.0000034111  -0.0040864240   0.0018285530   0.0025454603
        0.0184016995  -0.0079885196  -0.0215407183  -0.0005710513  -0.0021947142
       -0.0006633825   0.0044576811  -0.0053397319  -0.0027538013   0.0006898501
       -0.0132985872  -0.0284206445  -0.0048552833  -0.0048176750  -0.0053525573
       -0.0012417649   0.0014761143  -0.0010156038  -0.0394099357   0.0001372389
        0.0140166726  -0.0021496315  -0.0018765663  -0.0012746248  -0.0002599838
        0.0004153275   0.0000958867   0.0001117468  -0.0000271214  -0.0000695686
       -0.0001342255  -0.0003648617   0.0001488080  -0.0002180667  -0.0007371220
        0.0001314396   0.0001539158   0.0000402980  -0.0000063315   0.0000419708
       -0.0000383138  -0.0000940233  -0.0002814684   0.0004711720   0.0002694089
       -0.0000114317  -0.0000170375   0.0000158707  -0.3460407405   0.0655301833
        0.2197499335   0.7034100461   0.0272073030  -0.1563123921  -0.0009137476
        0.0010095312   0.0025083942   0.0004071461  -0.0002690402  -0.0003074645
       -0.0002369848   0.0024376454   0.0059196302   0.0001374252  -0.0001130131
       -0.0000017860  -0.0006353697   0.0007055392  -0.0001176198  -0.0001008865
       -0.0000684638  -0.0000444319  -0.0000648177  -0.0000219063   0.0001656383
        0.0000159046  -0.0000044341  -0.0000287218  -0.0000669098   0.0000490701
        0.0001282704   0.0000250641   0.0000988856   0.0000905953  -0.0002131354
       -0.0000541185  -0.0000554839   0.0000618207   0.0000248621  -0.0001008238
        0.0001645856   0.0001052192   0.0000176938  -0.0000525700  -0.0004371710
        0.0003732013  -0.0000000121   0.0000055331   0.0000027777   0.0000053222
       -0.0000026332   0.0000007052  -0.2667786431  -0.0746275385  -0.0542782169
       -0.0477652756  -0.0170889025  -0.0251967431  -0.0007221203  -0.0011752885
       -0.0002969818   0.0008015348  -0.0014204315  -0.0012642506   0.0007033534
       -0.0004339528  -0.0013722490   0.0012578853  -0.0009360064  -0.0017976089
       -0.0014139522  -0.0010410145   0.0000364314  -0.0060246222   0.0029915995
        0.0031080690  -0.0005421101  -0.0005632528  -0.0001590982  -0.0000580447
        0.0000908679  -0.0000642415   0.0000515063   0.0000250163   0.0000263397
        0.0000611254  -0.0001552607  -0.0002826047  -0.0000787153  -0.0000470467
        0.0001070227   0.0001378086  -0.0000705673  -0.0000277197   0.0001656369
        0.0003313364  -0.0000874142   0.0004294646  -0.0007931521  -0.0008205796
       -0.0000253360   0.0000365890   0.0000039471   0.0625688622  -0.0616875309
       -0.0722957302   0.0272073030   0.2168359150   0.2236770618  -0.0017962451
       -0.0001917221   0.0011530206  -0.0023049106  -0.0018509699   0.0010214963
        0.0112194837  -0.0053302605  -0.0175469853   0.0000583596   0.0001372033
       -0.0000006543  -0.0002258003   0.0002184120  -0.0000466961  -0.0000653500
       -0.0000259006   0.0000189307  -0.0000669057   0.0000493084   0.0000552405
       -0.0000492573   0.0000291794   0.0000116644   0.0000008132   0.0000192691
        0.0000490661  -0.0000004418  -0.0000147984   0.0000464878  -0.0000491407
       -0.0000172400  -0.0000179809  -0.0000477772  -0.0000628688   0.0000601998
       -0.0001191157   0.0000362466   0.0002088944  -0.0001162902   0.0000515726
       -0.0001467222  -0.0000012393  -0.0000061069   0.0000092313  -0.0000330723
        0.0000098910  -0.0000005228  -0.0737842022  -0.0576468563  -0.0232262330
       -0.0173224794  -0.0903703837  -0.1123239967   0.0014625016   0.0015190103
        0.0008168185  -0.0001404799  -0.0013410666  -0.0020703669  -0.0004747054
       -0.0010498216  -0.0012242191   0.0013773285  -0.0001155965  -0.0000681568
       -0.0016074624  -0.0002995047   0.0000807884   0.0020363132   0.0009746302
        0.0024229780  -0.0022595100   0.0004599555   0.0000823003  -0.0000023355
       -0.0000304874  -0.0002206770   0.0000579538  -0.0000321289   0.0000187879
        0.0000588591  -0.0001419426  -0.0002657258  -0.0000314677  -0.0002398517
        0.0001795858   0.0001054065  -0.0000461001  -0.0000369110   0.0001510742
        0.0001813587   0.0001013096  -0.0001343920   0.0000172594  -0.0001402912
        0.0000039294  -0.0000135162   0.0000233175   0.2193511911  -0.0749212383
       -0.2388553780  -0.1563123921   0.2236770618   0.5559257218  -0.0028839329
        0.0000782231   0.0014168807   0.0000690258   0.0003078876  -0.0000111038
        0.0200479113  -0.0140485599  -0.0288268943   0.0001036935  -0.0001812074
       -0.0000403306  -0.0001845341   0.0000505265  -0.0000768071  -0.0000641782
        0.0000508578   0.0000210723  -0.0000748184   0.0000701462   0.0000776729
       -0.0000449589  -0.0000230178   0.0000474652  -0.0000422634  -0.0000542951
        0.0001098747  -0.0000196117   0.0000615219   0.0000507072  -0.0001193753
       -0.0001124598   0.0000206048  -0.0000446628  -0.0000126875   0.0000191122
        0.0000700960  -0.0000797737  -0.0000447915   0.0002870125   0.0004772591
       -0.0003273393  -0.0000000791   0.0000026291   0.0000041026  -0.0000117986
        0.0000043969  -0.0000034195  -0.0527841051  -0.0235012154  -0.0545689664
       -0.0263168925  -0.1102175907  -0.2334168743  -0.0002670965  -0.0000428890
        0.0009163629  -0.0003849968  -0.0008307844  -0.0018820075  -0.0006594139
       -0.0022805271  -0.0031067165   0.0019078117   0.0006960639   0.0003055887
       -0.0019012780  -0.0003699289   0.0107605285  -0.0404466698   0.0053018250
        0.0164898532  -0.0062488345   0.0108240974   0.0167099477  -0.0017082760
        0.0033071011   0.0002393809   0.0002020766  -0.0001214832  -0.0001696169
       -0.0005146989  -0.0016862829   0.0011388035  -0.0001386234  -0.0004514719
        0.0024076851  -0.0003181551   0.0001697480   0.0002140616  -0.0000882120
        0.0000027921  -0.0001358096   0.0003121659   0.0002151724  -0.0002152104
       -0.0000365354  -0.0000183863  -0.0000822610  -0.0049252621  -0.0107888115
       -0.0258939590  -0.0009137476  -0.0017962451  -0.0028839329   0.0668191960
       -0.0048348326  -0.0195552811  -0.0002166604   0.0004019925  -0.0001948751
       -0.0042181596  -0.0011833796  -0.0010023111  -0.0002923538   0.0002139782
        0.0000680703  -0.0005638180   0.0012367508   0.0015529643  -0.0001280872
       -0.0000278100   0.0000575654  -0.0005921305   0.0001662112   0.0006213233
        0.0000482480   0.0000255183  -0.0001023424  -0.0003149443   0.0000480952
        0.0004554364  -0.0013007661  -0.0013417713  -0.0004152440  -0.0000978989
        0.0000427191  -0.0001530431   0.0000298210   0.0000107111  -0.0000363576
       -0.0000890744  -0.0000375142   0.0001007876  -0.0001271990   0.0000097653
       -0.0000451375  -0.0000456140  -0.0000420150  -0.0000390281   0.0000956315
       -0.0000171296  -0.0000266704   0.0003605121   0.0001651318   0.0000780036
       -0.0017131511   0.0001859096   0.0009276923  -0.0004140757   0.0009994717
       -0.0002440792  -0.0001051266   0.0001817744   0.0001258978  -0.0000456671
        0.0000251279   0.0002878736  -0.0003626318  -0.0008168309  -0.0010407156
       -0.0056178504   0.0023894139   0.0221212087   0.0065731129  -0.0606711837
       -0.0638199273   0.0084877489  -0.0107591886  -0.0215663912   0.0021696109
       -0.0032750412   0.0002976277  -0.0000165759   0.0000038896   0.0000783555
       -0.0013510405  -0.0032188544   0.0015241656  -0.0002406343   0.0003145523
        0.0019094454  -0.0000837393   0.0000332012  -0.0000567358   0.0001640918
        0.0000610150  -0.0002191962   0.0000440190   0.0004395509   0.0001088742
       -0.0000125539  -0.0000405514  -0.0000282085  -0.0046985201  -0.0036717937
       -0.0118720303   0.0010095312  -0.0001917221   0.0000782231  -0.0048348326
        0.0794248021   0.0726795783  -0.0002614038  -0.0005720264   0.0000608042
       -0.0020533012   0.0005864660  -0.0007952586   0.0000938004  -0.0006709726
        0.0000481279   0.0003191011   0.0006380258  -0.0008586953  -0.0000036344
       -0.0000180495   0.0001152190   0.0007504431  -0.0002135001  -0.0007958311
       -0.0000338802  -0.0000396351   0.0000617122  -0.0006364120  -0.0000685680
        0.0010096740  -0.0010614357  -0.0001937168  -0.0002758695   0.0000960652
       -0.0000357891   0.0001515492  -0.0000309490   0.0000064573   0.0000753229
       -0.0000738388   0.0000364281  -0.0001304381  -0.0000427156  -0.0000539282
       -0.0001145604  -0.0000134721  -0.0000068064   0.0000234874   0.0000251457
       -0.0000008814  -0.0000203612   0.0002662112  -0.0000147890   0.0000426542
       -0.0000168434   0.0005351210   0.0001951240   0.0011850360  -0.0004822765
        0.0002571172   0.0000634313   0.0001556216   0.0001237807   0.0000367024
       -0.0000917870   0.0000664371  -0.0002004180  -0.0003334832  -0.0004749850
        0.0060073517   0.0001963043  -0.0233534127   0.0174018231  -0.0645126126
       -0.2372374365   0.0008352197  -0.0021664800  -0.0031665818   0.0004264963
       -0.0009902402   0.0009829105  -0.0001429044   0.0000599149   0.0000719509
        0.0007464537   0.0034273309  -0.0013125657  -0.0018967602  -0.0013164778
        0.0012833169   0.0002235502  -0.0001639740  -0.0001796611  -0.0000334688
        0.0000531741  -0.0000973441   0.0002791874  -0.0005018125  -0.0007549985
       -0.0001631707   0.0000428949   0.0000399346  -0.0043728277  -0.0079577796
       -0.0159350660   0.0025083942   0.0011530206   0.0014168807  -0.0195552811
        0.0726795783   0.2750267093   0.0004109390  -0.0002203219   0.0010581425
       -0.0024648370  -0.0006078139   0.0001593953   0.0002237303  -0.0003088704
       -0.0002168661  -0.0005709121   0.0009532244   0.0015530566  -0.0000381679
        0.0001176671   0.0002063023   0.0002508482  -0.0000199581  -0.0002873163
       -0.0000843063   0.0000135586   0.0001178482   0.0007742908   0.0000426969
       -0.0009912794   0.0003595340   0.0000672420   0.0008368705  -0.0001902057
       -0.0001825278   0.0000640992  -0.0000561829  -0.0000517523   0.0001581638
       -0.0000757252  -0.0001245938  -0.0000546168   0.0001163921   0.0000288355
       -0.0001144823   0.0000271889   0.0000173884   0.0000601003  -0.0000334215
        0.0000244205  -0.0000273222   0.0005240964  -0.0000757378   0.0002693391
        0.0000048429   0.0004994685   0.0006877554  -0.0010997986   0.0003332498
        0.0001889245  -0.0000320717   0.0000963269  -0.0000648071   0.0000077593
       -0.0000303604   0.0002929893  -0.0003180567  -0.0005749837  -0.0006809330
       -0.0114783132   0.0134593999   0.0249926603   0.0002856619  -0.0007788775
        0.0000660777   0.0001414510  -0.0001755646   0.0001119987  -0.0000134368
       -0.0000751432  -0.0001177981  -0.0010513442   0.0004403027   0.0013088596
       -0.0040676277   0.0047255754  -0.0019438127   0.0011626629   0.0001574365
        0.0004932402   0.0007328313  -0.0000958409   0.0004051168   0.0004541157
        0.0001344423   0.0006227481  -0.0722558167   0.0173731261   0.0576134758
        0.0000959538  -0.0000447344  -0.0000256042  -0.0014271494  -0.0003760288
        0.0007653430   0.0004071461  -0.0023049106   0.0000690258  -0.0002166604
       -0.0002614038   0.0004109390   0.2248548633   0.1510134835  -0.1759609439
        0.0002461647   0.0001060756  -0.0003374184   0.0000268514   0.0001406129
        0.0000099899  -0.0000025915  -0.0000670455   0.0000832439   0.0000034062
        0.0000060875   0.0000962693  -0.0000948624   0.0000589559   0.0000355435
       -0.0005268686   0.0003234840   0.0000789254   0.0002099968  -0.0001243888
       -0.0002155425   0.0002836794  -0.0002106117   0.0003142330   0.0001980757
       -0.0001877653  -0.0000782501  -0.0000558757   0.0000303737   0.0000163399
       -0.0096165169   0.0023127089   0.0213140502   0.0104744455  -0.0043424949
       -0.0119022728   0.0000162077  -0.0000452186  -0.0000231674  -0.0000555139
        0.0000614008   0.0000430343   0.0002922951   0.0000081837   0.0001121360
       -0.0007019644  -0.0006950728  -0.0002854963  -0.1382631268  -0.1806049205
        0.0818132794  -0.0000491674  -0.0000990950   0.0000796164  -0.0001837921
        0.0000294776  -0.0000594871   0.0001748197   0.0001079899   0.0000936474
        0.0146302994  -0.0104874846  -0.0259323752   0.0002805824  -0.0000305074
       -0.0002943891  -0.0001925185   0.0004181378  -0.0002763672   0.0000327512
        0.0001374645   0.0000148484   0.0011281580  -0.0001596731  -0.0012604266
        0.0038756437  -0.0042932791   0.0015682205  -0.0011086325   0.0007799444
       -0.0000526609  -0.0003876975  -0.0001335365  -0.0002740181  -0.0002085633
        0.0000617480  -0.0002474723   0.0028343904  -0.0952408414  -0.0442653198
        0.0000157858   0.0000260854  -0.0000016632  -0.0002831870  -0.0002993073
        0.0004221886  -0.0002690402  -0.0018509699   0.0003078876   0.0004019925
       -0.0005720264  -0.0002203219   0.1510134835   0.3659573398  -0.0114555054
       -0.0000467985   0.0000844156  -0.0003916467  -0.0000872085   0.0000156987
       -0.0000019232  -0.0000197675   0.0000850840   0.0000216346  -0.0000425590
        0.0000356421  -0.0000065678   0.0000804508  -0.0000659775   0.0000210143
        0.0004944386  -0.0003385899  -0.0000256427  -0.0000443706   0.0001504236
        0.0000397228  -0.0000472712  -0.0000828373  -0.0001106018   0.0000283517
       -0.0000093249  -0.0000074069   0.0001519136  -0.0000188383  -0.0001046028
       -0.0088359127   0.0083362056   0.0210207053   0.0043049076  -0.0050838011
       -0.0205380843   0.0000200344   0.0000236096   0.0000431297   0.0000291402
       -0.0000411461  -0.0000091054  -0.0000696617  -0.0002929102  -0.0001590536
       -0.0003659568  -0.0010974446  -0.0003044316  -0.1672693996  -0.2561021935
        0.0823003329   0.0000136852   0.0000320490   0.0001315492   0.0000248339
        0.0000489150   0.0000063790  -0.0000822980   0.0000079260   0.0000419736
        0.0108640415  -0.0098997125  -0.0079287661   0.0000291320   0.0014302386
       -0.0009806866  -0.0001817931  -0.0000755439   0.0001574023  -0.0000262628
        0.0001152524   0.0001258005   0.0007316470  -0.0001493929  -0.0006652592
        0.0008816109  -0.0023188368   0.0019216207  -0.0013130815  -0.0000860338
        0.0003200554   0.0001484623  -0.0001598073  -0.0003788256   0.0001826811
       -0.0004152942   0.0004416335   0.0489034384  -0.0680607752  -0.1782414758
       -0.0000664343   0.0000382703   0.0000956083   0.0004290431   0.0004951993
       -0.0011620852  -0.0003074645   0.0010214963  -0.0000111038  -0.0001948751
        0.0000608042   0.0010581425  -0.1759609439  -0.0114555054   0.3222504354
       -0.0000269847  -0.0003490778   0.0003978267  -0.0000346693  -0.0001318409
       -0.0000043879   0.0001498954   0.0000345045   0.0000777165  -0.0000319677
        0.0001198398  -0.0000120001   0.0000880813  -0.0000882197   0.0000476905
        0.0003004524  -0.0001727363   0.0000357397  -0.0004335056   0.0002865820
        0.0001487110   0.0004790024  -0.0003651841   0.0008417422   0.0003802594
        0.0005723009  -0.0006075526   0.0002276809   0.0002819882  -0.0001463244
        0.0132424244  -0.0011554273  -0.0235834138   0.0067791059  -0.0165266195
       -0.0396320767   0.0001197462   0.0000689862   0.0000722076  -0.0000287838
       -0.0000119690   0.0000313772   0.0001407549   0.0001488560  -0.0000249157
        0.0002333727   0.0005454873   0.0005084782   0.0942055787   0.1058392645
       -0.0754495453   0.0000976349  -0.0000968898   0.0000279706   0.0000005913
        0.0003624852   0.0002668419  -0.0000078708   0.0000973107   0.0000014180
        0.0000689354   0.0002890602  -0.0003302265  -0.0047307863  -0.0120999733
       -0.0199432062   0.0009461781   0.0001983521   0.0004361443   0.0003154823
        0.0002500416   0.0003107640   0.0001020990   0.0000465589  -0.0001722293
        0.0002931096   0.0003768103   0.0004943142  -0.0002603384  -0.0002928533
        0.0002002357   0.0000797047  -0.0000096711   0.0001498726  -0.0026061120
       -0.0026342045   0.0021575343  -0.0003597172   0.0001839251  -0.0000409882
        0.0000038237  -0.0000462870  -0.0000255762  -0.0693650524  -0.0153935541
       -0.0233238747  -0.0002369848   0.0112194837   0.0200479113  -0.0042181596
       -0.0020533012  -0.0024648370   0.0002461647  -0.0000467985  -0.0000269847
        0.5271338651   0.0043557502  -0.0158073979  -0.0005194648  -0.0002752975
       -0.0002684962  -0.0000065974  -0.0001412838  -0.0000050062  -0.0007016849
       -0.0003847356  -0.0003921821  -0.0002334716  -0.0001092507  -0.0001989302
       -0.0000556578  -0.0000745870   0.0000052555  -0.0001977682  -0.0002418976
       -0.0001669449  -0.0000020456   0.0000047111   0.0000460492  -0.0001236759
       -0.0000808274   0.0000253451  -0.0003734017  -0.0002407610  -0.0000527758
        0.0000716721  -0.0000352797   0.0000032061   0.0000738102  -0.0001044857
        0.0000057060  -0.0000338407  -0.0000030027  -0.0000418962  -0.0000216655
        0.0000084174   0.0000001035   0.0010621536   0.0018469392   0.0015774663
       -0.0019349409   0.0000311349   0.0043047648  -0.0001802661  -0.0001466501
        0.0000633690  -0.0981979186   0.1009029570  -0.0088327133  -0.0731033332
       -0.0438415637   0.0679083608  -0.2729341148  -0.0414578764  -0.0256421374
        0.0002786757   0.0002696353   0.0002583154  -0.0030863459  -0.0044238490
       -0.0079204825  -0.0000534020  -0.0003985839  -0.0000809803  -0.0002984502
       -0.0003373844  -0.0001702864   0.0000119442  -0.0001318374  -0.0000017611
        0.0002686731  -0.0001557355   0.0004374861  -0.0000670235   0.0000358826
        0.0000193880   0.0000061228  -0.0000338557  -0.0001153677  -0.0020683812
        0.0000595026   0.0012419535   0.0002888146   0.0002873443   0.0004751462
       -0.0000095154  -0.0000014056   0.0000140301  -0.0118921455  -0.1055041769
       -0.0704154947   0.0024376454  -0.0053302605  -0.0140485599  -0.0011833796
        0.0005864660  -0.0006078139   0.0001060756   0.0000844156  -0.0003490778
        0.0043557502   0.4829867088  -0.0179590196   0.0003540730   0.0003513813
        0.0003716777  -0.0000733712   0.0001329268   0.0001065431   0.0003364303
        0.0003263460  -0.0001019400   0.0000069548   0.0000659476  -0.0000169923
       -0.0000470403   0.0000546634  -0.0000191472  -0.0001124247   0.0000036181
       -0.0001180394  -0.0000170782  -0.0000222261   0.0000427067  -0.0000158876
        0.0000121987  -0.0000041053  -0.0004275451  -0.0005053466   0.0001315832
       -0.0000714630  -0.0000762126  -0.0000837257  -0.0002302045  -0.0003466529
       -0.0001807154   0.0000018240  -0.0000033660   0.0000156523  -0.0000270237
        0.0000061352  -0.0000078210  -0.0001242849  -0.0030803545   0.0024562464
       -0.0009077991   0.0093723624  -0.0049810807  -0.0000964864  -0.0003248973
        0.0001101730   0.0988769067  -0.2216289795   0.0144122763  -0.0453337269
       -0.1012949800   0.1011893957  -0.0411869116  -0.0510354302  -0.0041001629
        0.0003425815   0.0002445618  -0.0002313145  -0.0049363583  -0.0041093256
       -0.0067297645   0.0007230537  -0.0000896202  -0.0001176695  -0.0000705619
        0.0000655261  -0.0003817544   0.0000766454   0.0000962778   0.0001519832
       -0.0005786249  -0.0002364690  -0.0011330137  -0.0001729588  -0.0001148577
        0.0000783216   0.0000367346  -0.0001005216  -0.0001190036   0.0022034975
        0.0011316573   0.0004053754   0.0001440542  -0.0000475025  -0.0004719171
       -0.0000040509   0.0000050115   0.0000409537  -0.0170140055  -0.0677999547
       -0.1692502212   0.0059196302  -0.0175469853  -0.0288268943  -0.0010023111
       -0.0007952586   0.0001593953  -0.0003374184  -0.0003916467   0.0003978267
       -0.0158073979  -0.0179590196   0.4854786727  -0.0003319258  -0.0002529161
       -0.0000459601  -0.0001293115  -0.0000834860   0.0001269832  -0.0000148974
        0.0000111867   0.0001471977  -0.0000549198  -0.0000148779   0.0000846250
       -0.0000537090  -0.0000441310   0.0000508864   0.0001785015   0.0001787182
        0.0001738077   0.0000459475  -0.0000105899   0.0001130585  -0.0000410905
       -0.0000093578  -0.0000096683  -0.0003887121   0.0001206409   0.0003847376
       -0.0000215964  -0.0000476331   0.0000841613   0.0000378238  -0.0000874864
        0.0001683539   0.0000320914   0.0000078614   0.0000314507  -0.0000178725
       -0.0000006498  -0.0000053615  -0.0019984296   0.0018892673  -0.0005475593
        0.0032089070  -0.0065990201   0.0013919293   0.0002992983   0.0005902413
       -0.0002617136  -0.0108770792   0.0166548694  -0.0381165115   0.0675748519
        0.0991723033  -0.1968963815  -0.0269703868  -0.0038268131  -0.0463250118
       -0.0018649246   0.0025293108  -0.0000721545   0.0067785273   0.0163978384
       -0.0037520262  -0.0985217216  -0.0984427341   0.0195331749  -0.0093223617
       -0.0138914093   0.0060287830  -0.0018565817   0.0004538211   0.0028895110
       -0.0001564534  -0.0000949807   0.0000655808  -0.0000020116  -0.0001111866
        0.0000473897  -0.0000566661   0.0001466513   0.0001680978   0.0000241403
        0.0000447146   0.0001369160   0.0002856686   0.0006841828  -0.0004134332
        0.0000936741  -0.0000453553   0.0000398959   0.0004703026   0.0015169408
       -0.0005282333   0.0001374252   0.0000583596   0.0001036935  -0.0002923538
        0.0000938004   0.0002237303   0.0000268514  -0.0000872085  -0.0000346693
       -0.0005194648   0.0003540730  -0.0003319258   0.1180637016   0.1115853390
       -0.0237109427  -0.0131336475  -0.0205085953   0.0003783613   0.0007030378
        0.0000671173  -0.0005213580  -0.0003356547  -0.0000157134  -0.0000791432
       -0.0003877966  -0.0008142576   0.0004744698   0.0000108654   0.0000392191
       -0.0000100715  -0.0000818637   0.0001197987   0.0001111407   0.0000109326
        0.0000546340   0.0000274308   0.0000166000  -0.0000277689  -0.0000715435
       -0.0001335825   0.0002455844  -0.0000394710   0.0000385669   0.0000078562
        0.0000208985   0.0000023163  -0.0000016501   0.0000364101   0.0000206415
       -0.0000205957   0.0000089183   0.0000486777  -0.0000633379  -0.0000109480
        0.0000541323  -0.0000233985  -0.0000424313   0.0000299242   0.0000219599
        0.0000054499  -0.0001704931  -0.0001747680  -0.0008084262   0.0000354415
       -0.0000380984   0.0000788735  -0.0000158503  -0.0000601433   0.0000480523
        0.0033731489  -0.0033340280  -0.0007998689  -0.0070843030  -0.0241887685
        0.0050778720  -0.0983219911  -0.2087202969   0.0355343375  -0.0006123629
        0.0007366358   0.0006777226  -0.0002972301   0.0009605829   0.0002561489
       -0.0000933112   0.0000995159  -0.0002891924   0.0000065399   0.0000428972
        0.0000989985  -0.0000540977  -0.0000978312   0.0000983172   0.0001543393
        0.0002182907   0.0001288418  -0.0007791632  -0.0008315034   0.0007370168
        0.0000786124  -0.0000060022   0.0000619317  -0.0007888214   0.0000150645
        0.0002205044  -0.0001130131   0.0001372033  -0.0001812074   0.0002139782
       -0.0006709726  -0.0003088704   0.0001406129   0.0000156987  -0.0001318409
       -0.0002752975   0.0003513813  -0.0002529161   0.1115853390   0.2426027206
       -0.0406365584  -0.0073297993  -0.0079252001  -0.0006628365   0.0002565181
        0.0003893705   0.0000225466  -0.0001662499   0.0001612549  -0.0000173450
        0.0000355654  -0.0001653735   0.0000311327   0.0000689249   0.0000277057
       -0.0000911300  -0.0000164951   0.0000542314   0.0000686966   0.0000539939
        0.0001087872   0.0000030530  -0.0000186191  -0.0000606290  -0.0000554415
        0.0002169842  -0.0002648985   0.0001006942   0.0000017064  -0.0000257746
       -0.0000010931   0.0000230145  -0.0000053817   0.0000132529   0.0000054899
        0.0000094321   0.0000074386  -0.0000335074  -0.0001056628   0.0001003509
       -0.0000543134  -0.0000491964  -0.0000578944  -0.0000956473  -0.0000074540
        0.0000082082   0.0000134090   0.0006305108   0.0002372805  -0.0000441704
       -0.0000869951  -0.0000361927  -0.0000497837  -0.0000153149   0.0000380421
       -0.0005637901   0.0008191583   0.0000662834   0.0003983041   0.0024906368
        0.0005154831   0.0190481778   0.0348475413  -0.0496536445   0.0154256893
        0.0216722169  -0.0081306734   0.0036182585  -0.0002747084  -0.0041423593
        0.0001987796  -0.0000976363   0.0002727972  -0.0000534276  -0.0001776107
        0.0000840873  -0.0001836143  -0.0004314110  -0.0003707901  -0.0000908564
       -0.0001773706  -0.0000738062   0.0001256521   0.0000941194  -0.0000379297
        0.0000394064  -0.0000509215   0.0001581059   0.0000818470   0.0007266191
        0.0007686823  -0.0000017860  -0.0000006543  -0.0000403306   0.0000680703
        0.0000481279  -0.0002168661   0.0000099899  -0.0000019232  -0.0000043879
       -0.0002684962   0.0003716777  -0.0000459601  -0.0237109427  -0.0406365584
        0.0591655527  -0.0141417904  -0.0207878750   0.0027362871   0.0000120667
        0.0007664397   0.0005351170  -0.0000398500  -0.0000098496   0.0002273795
        0.0006907893   0.0012844850  -0.0007377409  -0.0000501875  -0.0000176248
       -0.0000121646  -0.0000464506   0.0001137749   0.0000707958   0.0000527008
       -0.0000178556   0.0000151411  -0.0000070302   0.0000485707   0.0000438033
       -0.0000080751   0.0000349599  -0.0000491551   0.0000046037   0.0000082099
       -0.0000189405   0.0000113759   0.0000324749   0.0000356850  -0.0000206356
       -0.0000157527  -0.0000262238  -0.0000197729   0.0000491157  -0.0000316038
        0.0000300966  -0.0000711854  -0.0001236338  -0.0000050858  -0.0000183516
        0.0000264175  -0.0008638831  -0.0004283711  -0.0009183859   0.0000675429
        0.0000052295  -0.0001081631   0.0001923239  -0.0001976973   0.0000211411
       -0.0004797011   0.0001748133  -0.0001734591  -0.0178785734   0.0021408471
       -0.0138159697  -0.1343031133  -0.0265879043  -0.1115979356   0.0079655389
        0.0028360007   0.0121803819   0.0003296655   0.0002129685  -0.0002198673
       -0.0000350360  -0.0000586781  -0.0001374253   0.0000593432  -0.0004428836
        0.0000481984   0.0002782998  -0.0007446348   0.0004052695  -0.0000322602
        0.0000136403   0.0000384709   0.0000604529   0.0001113804  -0.0001328762
       -0.0006126185  -0.0003058866   0.0001274480  -0.0018225201   0.0034715932
       -0.0007028288  -0.0006353697  -0.0002258003  -0.0001845341  -0.0005638180
        0.0003191011  -0.0005709121  -0.0000025915  -0.0000197675   0.0001498954
       -0.0000065974  -0.0000733712  -0.0001293115  -0.0131336475  -0.0073297993
       -0.0141417904   0.1607019346   0.0258230443   0.1240877607  -0.0006010895
        0.0001901873   0.0030474847   0.0009697853   0.0000945162   0.0007864270
       -0.0000678113   0.0000920636  -0.0000741235  -0.0000472072   0.0000376285
        0.0000526298   0.0001522341   0.0002582769   0.0001863250  -0.0000789227
       -0.0000565315   0.0001578045   0.0000412933  -0.0000005993   0.0000201987
        0.0000085284   0.0000272485   0.0000163322   0.0000353605  -0.0000576348
        0.0000508463  -0.0000344814  -0.0000572402  -0.0000402496  -0.0000970270
        0.0001217172  -0.0000057306  -0.0000340775  -0.0003117540   0.0003468990
       -0.0000241209   0.0001483622  -0.0000142453  -0.0000543613   0.0000095289
       -0.0000827335  -0.0000341509   0.0001223858   0.0001136720  -0.0000777625
        0.0000525138   0.0001295557   0.0000544227   0.0000146680   0.0000783929
        0.0005053715  -0.0000944248   0.0000546610   0.0183287035   0.0001083269
        0.0151551291  -0.0267564655  -0.0492937428  -0.0278795063  -0.0003742037
       -0.0000752376  -0.0039212672   0.0001847018   0.0003772774   0.0002680341
       -0.0000624454  -0.0001297559   0.0000819984  -0.0000026732  -0.0008445632
        0.0004294118  -0.0008620495  -0.0004986301   0.0010384023  -0.0000223261
        0.0000349416  -0.0002043336  -0.0000121768  -0.0002975813  -0.0000533119
       -0.0004772321  -0.0000841495   0.0000313722   0.0016481196  -0.0031350195
        0.0003220512   0.0007055392   0.0002184120   0.0000505265   0.0012367508
        0.0006380258   0.0009532244  -0.0000670455   0.0000850840   0.0000345045
       -0.0001412838   0.0001329268  -0.0000834860  -0.0205085953  -0.0079252001
       -0.0207878750   0.0258230443   0.0608282271   0.0370990922   0.0004255643
        0.0006575380  -0.0010073313  -0.0000543964  -0.0000315939  -0.0008379568
       -0.0000231763  -0.0001262988  -0.0000718327   0.0000671390  -0.0000225071
        0.0000018354   0.0002104435  -0.0008646741  -0.0004096969   0.0001111510
       -0.0000322032  -0.0001047424  -0.0000465179  -0.0000313077   0.0000474400
       -0.0000081699  -0.0000658855  -0.0000024199  -0.0000811843   0.0000529987
       -0.0000489731  -0.0000645228  -0.0000839596  -0.0000702823   0.0001424027
        0.0000040660  -0.0000817138   0.0001009442   0.0002995401  -0.0002601986
       -0.0000416558  -0.0000538759   0.0001060361   0.0000230329  -0.0000219010
        0.0000211197   0.0000750559   0.0001631295   0.0001192993   0.0000191197
        0.0000300580   0.0000107292  -0.0000009634   0.0000819599   0.0000000603
       -0.0003719783   0.0001295127  -0.0000914238  -0.0036000181  -0.0008923703
       -0.0025538826  -0.1114960930  -0.0275212854  -0.1727594656  -0.0135038380
       -0.0070703989  -0.0289451706  -0.0005869497  -0.0005888420   0.0006566530
       -0.0001473463  -0.0000752507  -0.0002063274  -0.0000905869   0.0000276474
        0.0003340443   0.0003621461   0.0008993082  -0.0004023512   0.0001425999
        0.0002784020  -0.0000020958   0.0000496725   0.0000156336  -0.0000379070
        0.0002260238  -0.0001829269   0.0003908650  -0.0001812700   0.0008931483
        0.0005332699  -0.0001176198  -0.0000466961  -0.0000768071   0.0015529643
       -0.0008586953   0.0015530566   0.0000832439   0.0000216346   0.0000777165
       -0.0000050062   0.0001065431   0.0001269832   0.0003783613  -0.0006628365
        0.0027362871   0.1240877607   0.0370990922   0.2031546967   0.0035176645
       -0.0009996005  -0.0057202868  -0.0004174255  -0.0000612259   0.0006917378
       -0.0000584386  -0.0001645156   0.0001853150   0.0000501416  -0.0000217678
       -0.0000297015  -0.0000156285   0.0000326510   0.0002722521   0.0000449751
       -0.0001042227   0.0000374913  -0.0000770561  -0.0000675554   0.0001224629
        0.0000030979   0.0000187160  -0.0000449684   0.0000588559  -0.0000347480
       -0.0000200323  -0.0000256094   0.0000145365  -0.0000136565   0.0000730767
       -0.0000683972  -0.0000691114  -0.0000141566  -0.0000402835   0.0000585275
       -0.0000065667   0.0000206375   0.0000550777  -0.0000497854  -0.0000577286
       -0.0000121473   0.0000395090   0.0000595801  -0.0000916754   0.0000608855
       -0.0000907296   0.0000542717   0.0000343945  -0.0000069662   0.0000363024
        0.0000755049  -0.0000805014  -0.0000270736   0.0003298053   0.0000795819
       -0.0000930198   0.0087827815   0.0047646454   0.0118378350  -0.1196473439
       -0.0445844327  -0.1008581071  -0.0076733751  -0.0091014762  -0.0083183684
        0.0001798715   0.0009330186  -0.0004917958  -0.0000214328  -0.0000760883
       -0.0002053377  -0.0010909072  -0.0020967807   0.0008585210   0.0002696544
        0.0007442750   0.0002873900  -0.0000542717   0.0000703259   0.0000332304
        0.0000609445  -0.0002632517  -0.0001451506   0.0002733330   0.0001327080
        0.0003738567  -0.0001008865  -0.0000653500  -0.0000641782  -0.0001280872
       -0.0000036344  -0.0000381679   0.0000034062  -0.0000425590  -0.0000319677
       -0.0007016849   0.0003364303  -0.0000148974   0.0007030378   0.0002565181
        0.0000120667  -0.0006010895   0.0004255643   0.0035176645   0.1388984775
        0.0546838026   0.1138270476  -0.0177735767  -0.0057430654  -0.0204334884
       -0.0002441837  -0.0000340599   0.0000367733  -0.0002390660   0.0000688861
       -0.0001380667  -0.0000092155  -0.0000232946   0.0000314732  -0.0000010829
       -0.0000037802  -0.0000175644   0.0001429952  -0.0001084431   0.0001057663
       -0.0000163030  -0.0000239137   0.0000025578   0.0000009572   0.0000242153
        0.0000046909   0.0000371089   0.0002165251  -0.0001544959   0.0000707559
       -0.0000605504   0.0000656608   0.0000021209  -0.0000079542  -0.0000147025
        0.0000423007  -0.0000599796  -0.0000854404   0.0000070464   0.0000362221
        0.0000143243  -0.0009445980  -0.0008026459   0.0005264414  -0.0005946905
        0.0005467202  -0.0003311921  -0.0000383066  -0.0001376774  -0.0000722851
        0.0001605322  -0.0001501812  -0.0000239230  -0.0002121883   0.0000913628
       -0.0001186185  -0.0022877048  -0.0006850886  -0.0040076660  -0.0438026319
       -0.0693176153  -0.0599203794  -0.0177352776  -0.0165366337  -0.0182443956
       -0.0009402663  -0.0001153483  -0.0012596894  -0.0000702275   0.0000617326
       -0.0002748582  -0.0025544284  -0.0047025466   0.0023995362   0.0001061552
        0.0007415104   0.0002491579  -0.0000763972  -0.0000220470  -0.0000713007
       -0.0000917966  -0.0004089013  -0.0007201995   0.0002255239  -0.0000933887
       -0.0002249069  -0.0000684638  -0.0000259006   0.0000508578  -0.0000278100
       -0.0000180495   0.0001176671   0.0000060875   0.0000356421   0.0001198398
       -0.0003847356   0.0003263460   0.0000111867   0.0000671173   0.0003893705
        0.0007664397   0.0001901873   0.0006575380  -0.0009996005   0.0546838026
        0.0831302469   0.0671089498   0.0127173693   0.0062541530   0.0142290542
       -0.0000934615   0.0002000941   0.0000076702  -0.0000831881   0.0005286231
       -0.0001386315   0.0000580334   0.0000134225   0.0000033517  -0.0000231726
        0.0000499931   0.0000278661  -0.0000362194  -0.0007173762   0.0008356669
       -0.0000192456   0.0000114661   0.0000049693   0.0000983495  -0.0000143726
        0.0000028750   0.0000225773   0.0005349264  -0.0005063528  -0.0000703615
       -0.0002586788   0.0001918474  -0.0000128745  -0.0000023765   0.0000169366
       -0.0000139792   0.0000164418   0.0000027152  -0.0000131467   0.0000070119
       -0.0000284053  -0.0002346139   0.0002726326   0.0000467461   0.0006515768
       -0.0001298762   0.0002328510  -0.0001351213  -0.0001241326   0.0001127425
        0.0001031434  -0.0002197854  -0.0000929887  -0.0000780419  -0.0002611847
        0.0003661354  -0.0122766077  -0.0085050950  -0.0248481353  -0.0992754741
       -0.0595806428  -0.1699242057   0.0030801019   0.0011910780   0.0054103689
       -0.0008441558  -0.0000842040  -0.0000110931   0.0000288792  -0.0000200839
        0.0001081206  -0.0003245112   0.0009064158  -0.0002083919   0.0004020740
        0.0011075890   0.0002351931  -0.0000922693   0.0000655115  -0.0000488789
        0.0001485472  -0.0000356087   0.0001890678   0.0001939152  -0.0002300195
       -0.0004121860  -0.0000444319   0.0000189307   0.0000210723   0.0000575654
        0.0001152190   0.0002063023   0.0000962693  -0.0000065678  -0.0000120001
       -0.0003921821  -0.0001019400   0.0001471977  -0.0005213580   0.0000225466
        0.0005351170   0.0030474847  -0.0010073313  -0.0057202868   0.1138270476
        0.0671089498   0.1999881350  -0.0074659918  -0.0014957018  -0.0062432159
       -0.0000183352  -0.0000226266   0.0001015356  -0.0000055671  -0.0002226040
       -0.0001206861  -0.0000670755   0.0001229387   0.0000665503   0.0000264860
        0.0000046342   0.0000303852   0.0002276906   0.0004228966  -0.0003987763
       -0.0000173636   0.0000316387   0.0000102511   0.0000474912  -0.0000111818
        0.0000346407   0.0000330716  -0.0000297777   0.0000847395   0.0000542685
        0.0000464618  -0.0000569396   0.0000037811   0.0000177610   0.0000305778
       -0.0000458765   0.0000154751   0.0000531667  -0.0000486296  -0.0000303516
       -0.0000272988   0.0006243175   0.0005665800   0.0001534637  -0.0002159045
       -0.0000503208   0.0003519144  -0.0002683586   0.0001504006   0.0000011480
        0.0000379321  -0.0003056387   0.0000029280  -0.0011618134  -0.0002189049
        0.0034612272  -0.0155795748   0.0126184537   0.0007160252  -0.1716367158
        0.1109516290  -0.0333054544   0.0067924196  -0.0067413670   0.0019195212
       -0.0000489817  -0.0017096487  -0.0000790050   0.0000841476   0.0000681510
       -0.0000897852   0.0003112728   0.0003103300   0.0003786207  -0.0001372905
        0.0003825074  -0.0000395292   0.0001170541  -0.0002022491  -0.0000451971
        0.0000603814  -0.0001138351   0.0000186820   0.0001531349   0.0001917245
        0.0000617944  -0.0000648177  -0.0000669057  -0.0000748184  -0.0005921305
        0.0007504431   0.0002508482  -0.0000948624   0.0000804508   0.0000880813
       -0.0002334716   0.0000069548  -0.0000549198  -0.0003356547  -0.0001662499
       -0.0000398500   0.0009697853  -0.0000543964  -0.0004174255  -0.0177735767
        0.0127173693  -0.0074659918   0.1980866394  -0.1277485740   0.0342572721
        0.0007979523  -0.0002723460  -0.0000415670   0.0002597619  -0.0004009222
        0.0002350254  -0.0000545518  -0.0000209349  -0.0000003772  -0.0000194046
       -0.0000013288   0.0000258315   0.0000425464  -0.0000133845   0.0001130126
        0.0000169769   0.0000169540   0.0000137776   0.0000245477  -0.0000344875
        0.0000122688  -0.0000267059   0.0000962463   0.0000165454  -0.0000380991
       -0.0001218484   0.0000090555  -0.0000495027  -0.0000652588   0.0000133370
        0.0000200643   0.0000139504  -0.0000228445   0.0000798013  -0.0000285229
       -0.0000448104  -0.0000992659   0.0001938016  -0.0000881323   0.0001168793
       -0.0001098046   0.0001519780  -0.0000248774  -0.0000023574   0.0000638758
       -0.0001880990   0.0001737954   0.0001680873   0.0007097268   0.0006263069
       -0.0012316579   0.0052275128  -0.0028612121  -0.0009113978   0.1100885730
       -0.1355654205   0.0257237891   0.0185184872  -0.0229000323   0.0071671833
       -0.0028472914  -0.0056739533   0.0014231828  -0.0000192671   0.0001198083
       -0.0001113946   0.0011807672   0.0002432428   0.0005703013  -0.0003365026
        0.0006450276  -0.0001961323  -0.0001048079   0.0001917035  -0.0000501626
       -0.0000869933   0.0002943603  -0.0001587803   0.0001146559  -0.0002343553
       -0.0000556900  -0.0000219063   0.0000493084   0.0000701462   0.0001662112
       -0.0002135001  -0.0000199581   0.0000589559  -0.0000659775  -0.0000882197
       -0.0001092507   0.0000659476  -0.0000148779  -0.0000157134   0.0001612549
       -0.0000098496   0.0000945162  -0.0000315939  -0.0000612259  -0.0057430654
        0.0062541530  -0.0014957018  -0.1277485740   0.1592438962  -0.0314893460
        0.0003527464   0.0007223448   0.0000035600   0.0011612535  -0.0014565918
        0.0005272805  -0.0000173458  -0.0000075448  -0.0000168779  -0.0000213658
        0.0000932468   0.0000747305   0.0000285380  -0.0000506895  -0.0000073704
       -0.0000374951   0.0000647361   0.0000266066  -0.0000448270   0.0000104742
       -0.0000073012  -0.0000374510   0.0000258585   0.0001798884  -0.0003752827
        0.0000434393  -0.0000122098   0.0000288429   0.0000257462  -0.0000024959
       -0.0000100123  -0.0000236923   0.0000017394  -0.0000150741   0.0000469247
        0.0000221367   0.0001009434   0.0000534604  -0.0000283418  -0.0000040752
       -0.0000833542  -0.0000061766  -0.0000473302   0.0000128815   0.0000165362
       -0.0000729795   0.0002206505  -0.0000986899   0.0028445330  -0.0005608707
       -0.0035706783   0.0205457096  -0.0163333305   0.0003191705  -0.0334634374
        0.0257487899  -0.0496458813  -0.0053087018   0.0068527599  -0.0016703289
        0.0004534739   0.0023103112  -0.0003143050  -0.0000464745  -0.0000975490
        0.0000794935   0.0001353857  -0.0002566646   0.0002081034   0.0002841570
        0.0001630597   0.0000562214  -0.0000164002   0.0000307157  -0.0000143734
       -0.0000281676   0.0000544753  -0.0001300847   0.0001270291  -0.0003936669
       -0.0002232519   0.0001656383   0.0000552405   0.0000776729   0.0006213233
       -0.0007958311  -0.0002873163   0.0000355435   0.0000210143   0.0000476905
       -0.0001989302  -0.0000169923   0.0000846250  -0.0000791432  -0.0000173450
        0.0002273795   0.0007864270  -0.0008379568   0.0006917378  -0.0204334884
        0.0142290542  -0.0062432159   0.0342572721  -0.0314893460   0.0605898027
       -0.0003580541   0.0005070229  -0.0000503517  -0.0003534851   0.0004833724
       -0.0002379988   0.0000516272   0.0000119920   0.0000089248   0.0000098245
       -0.0000032014  -0.0000163328  -0.0000551794  -0.0000194642   0.0000822825
       -0.0000013105  -0.0000225791  -0.0000185771   0.0000301859   0.0000030833
       -0.0000209115   0.0000251712   0.0000156317  -0.0000783279   0.0000202579
        0.0000072595   0.0001041846   0.0000320416   0.0000857519  -0.0000407348
       -0.0000189220  -0.0000043848   0.0000580410  -0.0000524913  -0.0000216574
        0.0000046323   0.0000213700   0.0001688319  -0.0001008011   0.0001021207
       -0.0001134786   0.0000886610  -0.0000619263   0.0000153013   0.0000335382
       -0.0038118444   0.0038656497  -0.0009441622   0.0002125514   0.0000086277
       -0.0002820459  -0.0004156607  -0.0027418855   0.0003263969  -0.0086007331
       -0.0010777298   0.0105494298  -0.1493494941   0.0204393159   0.1102753634
       -0.0169070523   0.0049997645   0.0169974618  -0.0004237541  -0.0008825486
       -0.0010893591   0.0062581552  -0.0005795791  -0.0063543598  -0.0000612268
       -0.0002054463  -0.0003983908  -0.0000159163  -0.0001384253   0.0010027800
        0.0005123415  -0.0007277338  -0.0009183548   0.0002152961   0.0001008067
        0.0000928992   0.0000159046  -0.0000492573  -0.0000449589   0.0000482480
       -0.0000338802  -0.0000843063  -0.0005268686   0.0004944386   0.0003004524
       -0.0000556578  -0.0000470403  -0.0000537090  -0.0003877966   0.0000355654
        0.0006907893  -0.0000678113  -0.0000231763  -0.0000584386  -0.0002441837
       -0.0000934615  -0.0000183352   0.0007979523   0.0003527464  -0.0003580541
        0.1721204991  -0.0228106207  -0.1289899236   0.0007875318  -0.0004927374
        0.0000889598   0.0001026817  -0.0001486614  -0.0001954872   0.0000105186
       -0.0000632978  -0.0000461279  -0.0001424016  -0.0001032634  -0.0006524954
        0.0000195008  -0.0000267588   0.0000155321   0.0000277834  -0.0000145132
       -0.0000019516  -0.0001333977  -0.0001192445   0.0002175829  -0.0000509758
        0.0000482955  -0.0000724608  -0.0000243981  -0.0000062817  -0.0000112092
        0.0000228474  -0.0000093410  -0.0000311471   0.0000908984  -0.0000102295
       -0.0000527351   0.0000070203   0.0000091748   0.0000489042  -0.0000515946
        0.0000387715   0.0000677798   0.0000210369   0.0000119568  -0.0000163191
        0.0029476640  -0.0024100439  -0.0003840599   0.0001071447  -0.0000857196
       -0.0001333818  -0.0027079948  -0.0043371029   0.0014074945  -0.0182978680
       -0.0007481669   0.0197508192   0.0205105545  -0.0411511605  -0.0189451670
        0.0116421947  -0.0024635775  -0.0112513122   0.0007450715  -0.0013652939
       -0.0023271220   0.0071791207  -0.0032546798  -0.0125441786  -0.0000817265
       -0.0003020867   0.0001053510   0.0000819864   0.0000459567  -0.0006405633
        0.0009699085   0.0000073164   0.0003621687   0.0000183781  -0.0000538676
        0.0000449410  -0.0000044341   0.0000291794  -0.0000230178   0.0000255183
       -0.0000396351   0.0000135586   0.0003234840  -0.0003385899  -0.0001727363
       -0.0000745870   0.0000546634  -0.0000441310  -0.0008142576  -0.0001653735
        0.0012844850   0.0000920636  -0.0001262988  -0.0001645156  -0.0000340599
        0.0002000941  -0.0000226266  -0.0002723460   0.0007223448   0.0005070229
       -0.0228106207   0.0557857827   0.0234852522   0.0001582920   0.0001681682
       -0.0004769166   0.0003055945  -0.0003978856  -0.0001652465   0.0001228360
       -0.0001429559  -0.0001584701  -0.0000636251   0.0003740965   0.0001022981
       -0.0000034688   0.0000342385  -0.0000160101  -0.0000351305  -0.0000072514
        0.0000020946  -0.0001016781  -0.0003952201   0.0003758596   0.0000563470
        0.0003649629  -0.0000359542   0.0000086215  -0.0000106206   0.0000058698
        0.0000007165  -0.0000121980   0.0000000402  -0.0000220665   0.0000253980
        0.0000241401   0.0000311318   0.0000183613   0.0000348605  -0.0000045171
       -0.0000201798  -0.0000092038   0.0000017523  -0.0000026544   0.0000083574
       -0.0013997702   0.0002229003  -0.0001878127  -0.0001039005  -0.0000096682
        0.0001067999   0.0013902200   0.0027480951   0.0001275802   0.0083469960
        0.0016187745  -0.0077352628   0.1106416762  -0.0202812719  -0.1576581831
       -0.0059083111   0.0008003465   0.0055283133  -0.0003382833  -0.0021514426
       -0.0028645538   0.0151315555  -0.0056583756  -0.0189498487   0.0003595240
        0.0005488884   0.0006146258  -0.0002041615   0.0002457201   0.0001756218
        0.0009228006  -0.0003630374   0.0007565442  -0.0001398126  -0.0000055844
       -0.0000446517  -0.0000287218   0.0000116644   0.0000474652  -0.0001023424
        0.0000617122   0.0001178482   0.0000789254  -0.0000256427   0.0000357397
        0.0000052555  -0.0000191472   0.0000508864   0.0004744698   0.0000311327
       -0.0007377409  -0.0000741235  -0.0000718327   0.0001853150   0.0000367733
        0.0000076702   0.0001015356  -0.0000415670   0.0000035600  -0.0000503517
       -0.1289899236   0.0234852522   0.1800790057  -0.0000367045  -0.0004554254
        0.0004353703   0.0004351788  -0.0004884836  -0.0001933086   0.0002595458
       -0.0002702346  -0.0002716187   0.0002230135  -0.0002222499  -0.0000714605
       -0.0000289853  -0.0000434932  -0.0000278143   0.0000367121   0.0000157271
        0.0000065585  -0.0003612673  -0.0003907455   0.0008512341  -0.0005311178
        0.0006444664  -0.0004187128   0.0000353676   0.0000122972   0.0000072414
       -0.0000118446  -0.0000018712  -0.0000044138  -0.0000827258   0.0000228916
        0.0000232965  -0.0000078026   0.0000011006  -0.0000465210   0.0000105455
       -0.0000284893   0.0000028480   0.0000028061   0.0000047959   0.0000084251
       -0.0073706232  -0.0138543509   0.0105592241  -0.0008248157   0.0011043417
        0.0028533340   0.0000498862   0.0001248681  -0.0001213934  -0.0028534260
        0.0026405785  -0.0018380510   0.0044791317   0.0195414335  -0.0086943024
       -0.0620670884  -0.0571362325   0.0303938034   0.0002719246   0.0000066456
       -0.0015916334   0.0004348542   0.0008217152  -0.0001536544  -0.0187652820
       -0.0285969852  -0.0081175466  -0.0000284020  -0.0012357590   0.0007024756
       -0.0001162098  -0.0000420235   0.0000974556   0.0000962516  -0.0000296116
        0.0000802403  -0.0000669098   0.0000008132  -0.0000422634  -0.0003149443
       -0.0006364120   0.0007742908   0.0002099968  -0.0000443706  -0.0004335056
       -0.0001977682  -0.0001124247   0.0001785015   0.0000108654   0.0000689249
       -0.0000501875  -0.0000472072   0.0000671390   0.0000501416  -0.0002390660
       -0.0000831881  -0.0000055671   0.0002597619   0.0011612535  -0.0003534851
        0.0007875318   0.0001582920  -0.0000367045   0.0855389390   0.0742640619
       -0.0240988617  -0.0002221140   0.0000776555  -0.0000677278   0.0002857475
        0.0000255113  -0.0001772640   0.0007984648   0.0006484837  -0.0000198284
       -0.0003739879   0.0009382521   0.0004468379  -0.0001953818  -0.0000867670
       -0.0001496271   0.0000322924  -0.0000157087   0.0000198486   0.0000143024
        0.0000082654   0.0000336843  -0.0000195659   0.0000224484  -0.0000251834
        0.0000185422  -0.0000136088  -0.0000011141   0.0000800426   0.0000576179
       -0.0000846774  -0.0000172427   0.0000487027  -0.0000104262   0.0003630431
        0.0001027907  -0.0001318535  -0.0000115433  -0.0000023520   0.0000150202
       -0.0006279917   0.0008089043   0.0016102286   0.0000938300   0.0006395716
       -0.0003593220  -0.0001013171   0.0000389567  -0.0001404071   0.0043566571
       -0.0025399335   0.0019232149  -0.0029160373  -0.0220109617   0.0114467028
       -0.0541564223  -0.1849296985   0.0673386770   0.0001948409   0.0006434439
       -0.0014510513  -0.0002598162  -0.0003212529  -0.0004742702  -0.0210459032
       -0.0209664202  -0.0112739966   0.0007546781   0.0006063997  -0.0015929908
        0.0001543283   0.0000704171  -0.0000965527   0.0000135595  -0.0002031836
       -0.0000146773   0.0000490701   0.0000192691  -0.0000542951   0.0000480952
       -0.0000685680   0.0000426969  -0.0001243888   0.0001504236   0.0002865820
       -0.0002418976   0.0000036181   0.0001787182   0.0000392191   0.0000277057
       -0.0000176248   0.0000376285  -0.0000225071  -0.0000217678   0.0000688861
        0.0005286231  -0.0002226040  -0.0004009222  -0.0014565918   0.0004833724
       -0.0004927374   0.0001681682  -0.0004554254   0.0742640619   0.2278821656
       -0.0663460287   0.0000336807   0.0000315865  -0.0001228752   0.0000486467
        0.0002856139  -0.0003052359  -0.0004016669   0.0004940142  -0.0001142609
        0.0002468867   0.0001386498  -0.0002193056  -0.0001101964  -0.0001535288
        0.0000378054  -0.0000368249  -0.0000109250   0.0000245209  -0.0000053883
       -0.0000395218  -0.0000224231  -0.0000112042  -0.0000151002  -0.0000019128
        0.0000053783   0.0000171885   0.0000432254   0.0001097325   0.0000428217
       -0.0000495143   0.0000494002   0.0000813114  -0.0000107171   0.0003930550
        0.0000671707  -0.0000633587  -0.0000289201  -0.0000078304   0.0000148730
        0.0119343430   0.0201138324  -0.0150353710   0.0017045359  -0.0018046978
       -0.0038748992  -0.0000476300  -0.0001723945   0.0004032531  -0.0018384201
        0.0008552844   0.0001470186   0.0011728746   0.0077095662  -0.0022133739
        0.0281299020   0.0637047757  -0.0681970384   0.0008318131   0.0008332591
       -0.0005746527  -0.0003230698   0.0010630034  -0.0001287267  -0.0169851717
       -0.0239903349   0.0005271269  -0.0004207851   0.0011985593   0.0002481843
       -0.0000194442  -0.0001628982   0.0000015699  -0.0002567986  -0.0000266554
       -0.0002352250   0.0001282704   0.0000490661   0.0001098747   0.0004554364
        0.0010096740  -0.0009912794  -0.0002155425   0.0000397228   0.0001487110
       -0.0001669449  -0.0001180394   0.0001738077  -0.0000100715  -0.0000911300
       -0.0000121646   0.0000526298   0.0000018354  -0.0000297015  -0.0001380667
       -0.0001386315  -0.0001206861   0.0002350254   0.0005272805  -0.0002379988
        0.0000889598  -0.0004769166   0.0004353703  -0.0240988617  -0.0663460287
        0.0897390867  -0.0000490517  -0.0001077892   0.0002366787  -0.0001031407
       -0.0008498665  -0.0010563277  -0.0007030445  -0.0019329677   0.0005961851
        0.0004469838  -0.0007744194   0.0000385235  -0.0000735670  -0.0000947567
        0.0000047972  -0.0000000146  -0.0000248395  -0.0000493035   0.0001096247
       -0.0000067947   0.0000188561   0.0000685108  -0.0000438448   0.0000263714
       -0.0000281767   0.0000381072   0.0000021252  -0.0001078584  -0.0000539371
        0.0000908810  -0.0000219085  -0.0000516314  -0.0000427794   0.0002414054
        0.0001424326  -0.0001609799   0.0000072538  -0.0000178249   0.0000120862
        0.0015930574   0.0007656482  -0.0222289178   0.0004111381   0.0002623362
       -0.0017867615   0.0000411359  -0.0001415342   0.0001232149   0.0000047400
        0.0000601053   0.0002425295  -0.0015062570   0.0014216497   0.0012981328
       -0.0029653081  -0.0010297195  -0.0017128169  -0.0442997137  -0.0031992403
        0.0286973095  -0.0043615302  -0.0002385079   0.0216705490   0.0003421729
       -0.0003752273  -0.0011777940  -0.0002529833  -0.0004829188  -0.0008558515
        0.0002447080   0.0008749618   0.0007416597   0.0001439333   0.0001299784
       -0.0001635761   0.0000250641  -0.0000004418  -0.0000196117  -0.0013007661
       -0.0010614357   0.0003595340   0.0002836794  -0.0000472712   0.0004790024
       -0.0000020456  -0.0000170782   0.0000459475  -0.0000818637  -0.0000164951
       -0.0000464506   0.0001522341   0.0002104435  -0.0000156285  -0.0000092155
        0.0000580334  -0.0000670755  -0.0000545518  -0.0000173458   0.0000516272
        0.0001026817   0.0003055945   0.0004351788  -0.0002221140   0.0000336807
       -0.0000490517   0.0517597186   0.0043597583  -0.0321808208   0.0008841402
       -0.0020573147   0.0072682286  -0.0000792329  -0.0001437505  -0.0003257301
       -0.0000871163  -0.0000508113   0.0000182920  -0.0002980049   0.0002493613
        0.0000812288  -0.0005336226  -0.0004798316   0.0000341636   0.0004009797
        0.0005729617  -0.0009601089   0.0000739773   0.0000090262   0.0000487367
       -0.0000642659   0.0000159189   0.0000567928  -0.0003819012  -0.0000458697
       -0.0001432067   0.0000012846   0.0000284393   0.0000151616   0.0000173153
        0.0000240259   0.0000365030   0.0000185325   0.0000228704   0.0000296099
        0.0002007751   0.0000326844  -0.0067769647  -0.0005061331  -0.0000649495
       -0.0015063195  -0.0002242946  -0.0001490797  -0.0003919386   0.0000738011
       -0.0001094658  -0.0001411916   0.0013318998  -0.0018014835  -0.0018206003
       -0.0006307227  -0.0007377706  -0.0010674921  -0.0032077859  -0.0394431151
        0.0183742299   0.0057942490  -0.0003179253  -0.0172443941   0.0002420369
        0.0000755066  -0.0003840754   0.0000967724   0.0001401799   0.0003073105
       -0.0008181720   0.0002503551  -0.0008260458  -0.0000816158  -0.0000426918
       -0.0000070090   0.0000988856  -0.0000147984   0.0000615219  -0.0013417713
       -0.0001937168   0.0000672420  -0.0002106117  -0.0000828373  -0.0003651841
        0.0000047111  -0.0000222261  -0.0000105899   0.0001197987   0.0000542314
        0.0001137749   0.0002582769  -0.0008646741   0.0000326510  -0.0000232946
        0.0000134225   0.0001229387  -0.0000209349  -0.0000075448   0.0000119920
       -0.0001486614  -0.0003978856  -0.0004884836   0.0000776555   0.0000315865
       -0.0001077892   0.0043597583   0.0504151006  -0.0201369540  -0.0050473391
       -0.0066963576   0.0320353771  -0.0000801732  -0.0000063933  -0.0000989285
       -0.0001186288   0.0000070904   0.0000118756  -0.0000646431   0.0000482375
       -0.0001254571  -0.0000574710   0.0004798217  -0.0002308359  -0.0002624429
       -0.0007272851   0.0005688882   0.0000597711   0.0000084326  -0.0000090543
       -0.0000142784   0.0000181053  -0.0000058247   0.0001058160   0.0001019577
        0.0000257119   0.0000025573  -0.0000112485  -0.0000198626   0.0000013368
       -0.0000028835   0.0000137090   0.0000308728   0.0000176204   0.0000177722
        0.0001450132   0.0001919488  -0.0163336864   0.0011737020   0.0012815173
        0.0006071502  -0.0000439668   0.0001260914   0.0000557152   0.0000654098
       -0.0000359272  -0.0002862208   0.0008785264  -0.0007131058  -0.0009932673
       -0.0025555254  -0.0012727901  -0.0022007954   0.0264531526   0.0189463415
       -0.2735267325   0.0049877488  -0.0025372962  -0.0112856785   0.0003009543
       -0.0004894307  -0.0011267032  -0.0003352699  -0.0003131265  -0.0009599502
       -0.0014002021   0.0002753291   0.0002965893   0.0000747406   0.0001757308
        0.0000162556   0.0000905953   0.0000464878   0.0000507072  -0.0004152440
       -0.0002758695   0.0008368705   0.0003142330  -0.0001106018   0.0008417422
        0.0000460492   0.0000427067   0.0001130585   0.0001111407   0.0000686966
        0.0000707958   0.0001863250  -0.0004096969   0.0002722521   0.0000314732
        0.0000033517   0.0000665503  -0.0000003772  -0.0000168779   0.0000089248
       -0.0001954872  -0.0001652465  -0.0001933086  -0.0000677278  -0.0001228752
        0.0002366787  -0.0321808208  -0.0201369540   0.3154359224   0.0024985674
        0.0052000905  -0.0124022937  -0.0001365098  -0.0000251209  -0.0000380985
        0.0000376322  -0.0001321078  -0.0000971213  -0.0000271710   0.0001767801
        0.0000157500   0.0004233023   0.0004677200  -0.0000558671  -0.0002903299
       -0.0003975606   0.0005661982   0.0000473241   0.0000122115   0.0000072902
       -0.0000604352   0.0000150695   0.0000643745  -0.0002548010   0.0000791027
       -0.0000696223   0.0000245695  -0.0000091884  -0.0000114670   0.0000649444
        0.0000345085  -0.0000064446   0.0000084642   0.0000200913   0.0000244316
       -0.0088500051  -0.0235630224   0.0033167708  -0.0040276445  -0.0023595120
       -0.0025466018   0.0000338369   0.0001528654  -0.0000715090   0.0001295098
        0.0000708777  -0.0000982645  -0.0011863438   0.0007564520   0.0005479896
       -0.0002223059  -0.0002767398   0.0003550609  -0.0459323396  -0.0422308649
        0.0085502388   0.0008144608   0.0230406882  -0.0037508967  -0.0000844750
        0.0002043936  -0.0000599527   0.0002995698  -0.0016248846   0.0005712710
       -0.0001613341   0.0014330801   0.0008884640  -0.0001403484  -0.0009451809
        0.0006483048  -0.0002131354  -0.0000491407  -0.0001193753  -0.0000978989
        0.0000960652  -0.0001902057   0.0001980757   0.0000283517   0.0003802594
       -0.0001236759  -0.0000158876  -0.0000410905   0.0000109326   0.0000539939
        0.0000527008  -0.0000789227   0.0001111510   0.0000449751  -0.0000010829
       -0.0000231726   0.0000264860  -0.0000194046  -0.0000213658   0.0000098245
        0.0000105186   0.0001228360   0.0002595458   0.0002857475   0.0000486467
       -0.0001031407   0.0008841402  -0.0050473391   0.0024985674   0.0590581163
        0.0501061256  -0.0107193440   0.0000350956   0.0000003135  -0.0000019384
       -0.0004779629   0.0005332006  -0.0007534461   0.0003719074   0.0000488617
        0.0000611791   0.0001343563   0.0004296817  -0.0005314193  -0.0005888478
       -0.0013490284   0.0008634636  -0.0000856043   0.0001266807  -0.0000298774
        0.0000426404  -0.0000483033   0.0000204102   0.0000087191   0.0001615457
       -0.0001088131  -0.0000018628   0.0000368623   0.0000254661  -0.0000002886
       -0.0000057231   0.0000300892  -0.0000241435  -0.0000025082  -0.0000251918
       -0.0061116367  -0.0115077681   0.0014388346  -0.0020396059  -0.0006608805
       -0.0015087761   0.0000194472   0.0000562783   0.0001531455  -0.0000781373
        0.0000957766   0.0000831036   0.0014670635  -0.0007346151  -0.0007590834
       -0.0002143758  -0.0004145967   0.0004272447  -0.0460011943  -0.2479108288
        0.0519296371   0.0041894769  -0.0221020457   0.0020424243   0.0003138403
        0.0005205927  -0.0000202562   0.0012929829   0.0007453205  -0.0000279921
       -0.0011807795  -0.0000795445  -0.0010991043  -0.0000082937  -0.0004608329
        0.0004222808  -0.0000541185  -0.0000172400  -0.0001124598   0.0000427191
       -0.0000357891  -0.0001825278  -0.0001877653  -0.0000093249   0.0005723009
       -0.0000808274   0.0000121987  -0.0000093578   0.0000546340   0.0001087872
       -0.0000178556  -0.0000565315  -0.0000322032  -0.0001042227  -0.0000037802
        0.0000499931   0.0000046342  -0.0000013288   0.0000932468  -0.0000032014
       -0.0000632978  -0.0001429559  -0.0002702346   0.0000255113   0.0002856139
       -0.0008498665  -0.0020573147  -0.0066963576   0.0052000905   0.0501061256
        0.2875319799  -0.0571340025  -0.0000371288  -0.0000695078   0.0000707671
       -0.0001089574   0.0005579794  -0.0000638289   0.0003548002   0.0000012855
       -0.0000320628  -0.0000914143  -0.0005903955   0.0006477506   0.0005213697
        0.0012806118  -0.0007548695  -0.0000680990   0.0000516320  -0.0000094995
        0.0000170516  -0.0000353472   0.0000120570   0.0000561495   0.0001153143
       -0.0000517310   0.0000239128   0.0000271554   0.0000200334  -0.0000101028
       -0.0000275582   0.0000098069  -0.0000303948  -0.0000059744  -0.0000231788
       -0.0037974556  -0.0121204311   0.0023309686  -0.0010165921  -0.0005122751
       -0.0008182219   0.0000397563   0.0001060275  -0.0000653726  -0.0000663888
        0.0000382149   0.0000924714   0.0010159017   0.0000904732  -0.0012902440
       -0.0009189545  -0.0010244728  -0.0000986023   0.0090850698   0.0489507120
       -0.0522435018   0.0002260474  -0.0096177690   0.0027281889   0.0002820467
        0.0002863951   0.0001982926  -0.0000260182  -0.0005023671   0.0012257952
       -0.0005841711  -0.0003712999   0.0004514478  -0.0001723822  -0.0002116649
        0.0004024526  -0.0000554839  -0.0000179809   0.0000206048  -0.0001530431
        0.0001515492   0.0000640992  -0.0000782501  -0.0000074069  -0.0006075526
        0.0000253451  -0.0000041053  -0.0000096683   0.0000274308   0.0000030530
        0.0000151411   0.0001578045  -0.0001047424   0.0000374913  -0.0000175644
        0.0000278661   0.0000303852   0.0000258315   0.0000747305  -0.0000163328
       -0.0000461279  -0.0001584701  -0.0002716187  -0.0001772640  -0.0003052359
       -0.0010563277   0.0072682286   0.0320353771  -0.0124022937  -0.0107193440
       -0.0571340025   0.0619394127  -0.0000086901  -0.0000441238  -0.0000496642
       -0.0003433773   0.0002472412  -0.0001070499   0.0000978655  -0.0001125665
       -0.0000483919  -0.0003687958  -0.0002131669   0.0000833402   0.0002815650
        0.0004089768  -0.0005054022  -0.0000100159   0.0000519189  -0.0000172632
       -0.0000090420  -0.0000198729  -0.0000124987   0.0000362948   0.0000102053
       -0.0000220053  -0.0000032531  -0.0000008587  -0.0000104612  -0.0000193845
       -0.0000143106   0.0000187533   0.0000224107   0.0000143825   0.0000136283
       -0.0013954786  -0.0007839038  -0.0014252461  -0.0000251034   0.0000395292
       -0.0001702376  -0.0001334274   0.0001439842  -0.0000723261  -0.0002551110
        0.0001152952   0.0001310384   0.0018911909  -0.0004629172  -0.0002190487
        0.0133470533  -0.0037027827  -0.0195271360  -0.0001350778  -0.0001880506
       -0.0007286195  -0.0002673288  -0.0001496096  -0.0003294429  -0.1760317272
        0.0371468035   0.2019027259  -0.0001489366   0.0000947288  -0.0003198822
       -0.0000253859  -0.0000180735   0.0000118972   0.0001570919   0.0001130445
       -0.0002955424   0.0000618207  -0.0000477772  -0.0000446628   0.0000298210
       -0.0000309490  -0.0000561829  -0.0000558757   0.0001519136   0.0002276809
       -0.0003734017  -0.0004275451  -0.0003887121   0.0000166000  -0.0000186191
       -0.0000070302   0.0000412933  -0.0000465179  -0.0000770561   0.0001429952
       -0.0000362194   0.0002276906   0.0000425464   0.0000285380  -0.0000551794
       -0.0001424016  -0.0000636251   0.0002230135   0.0007984648  -0.0004016669
       -0.0007030445  -0.0000792329  -0.0000801732  -0.0001365098   0.0000350956
       -0.0000371288  -0.0000086901   0.1623511263  -0.0313215266  -0.1798361024
        0.0000282639  -0.0000060781   0.0001294188   0.0003028273  -0.0000954058
        0.0001544003   0.0000322618   0.0000327399   0.0000497023  -0.0000014281
        0.0000046778  -0.0000083162  -0.0000453731  -0.0000128811   0.0000355938
       -0.0000191735  -0.0000142104   0.0000120264   0.0000642939  -0.0000635419
       -0.0000600390  -0.0000643499   0.0000089249   0.0001660089  -0.0000134616
        0.0002910580   0.0009297832  -0.0001304715  -0.0001620343   0.0002680266
       -0.0015106026  -0.0005797392  -0.0012282654   0.0000016488   0.0000564566
       -0.0000357713  -0.0000155569  -0.0001156154   0.0000586415   0.0001785335
        0.0001327161   0.0001017830  -0.0013559621   0.0008596610   0.0004658463
        0.0061541702  -0.0060820374  -0.0133812647   0.0002295366  -0.0001470093
       -0.0005280351   0.0002064753   0.0000963078   0.0002457290   0.0274305491
       -0.0176886099  -0.0584677193  -0.0000606092   0.0000177118  -0.0001182358
        0.0000016977  -0.0000642637   0.0000404341  -0.0001039006   0.0000494913
        0.0001007744   0.0000248621  -0.0000628688  -0.0000126875   0.0000107111
        0.0000064573  -0.0000517523   0.0000303737  -0.0000188383   0.0002819882
       -0.0002407610  -0.0005053466   0.0001206409  -0.0000277689  -0.0000606290
        0.0000485707  -0.0000005993  -0.0000313077  -0.0000675554  -0.0001084431
       -0.0007173762   0.0004228966  -0.0000133845  -0.0000506895  -0.0000194642
       -0.0001032634   0.0003740965  -0.0002222499   0.0006484837   0.0004940142
       -0.0019329677  -0.0001437505  -0.0000063933  -0.0000251209   0.0000003135
       -0.0000695078  -0.0000441238  -0.0313215266   0.0237209697   0.0745409792
       -0.0000302724  -0.0002314134  -0.0001303876   0.0001741440   0.0000856406
       -0.0000696371   0.0000056986   0.0000076073  -0.0000391052   0.0000354486
        0.0000044620   0.0000010115   0.0000029757   0.0000179997  -0.0000066143
        0.0000002189  -0.0000024719  -0.0000307750  -0.0000478953   0.0000347678
        0.0000050581  -0.0000366196  -0.0002094462   0.0001270965  -0.0000330181
        0.0007091672  -0.0001869539   0.0000180932  -0.0000239631   0.0000372365
       -0.0030761039  -0.0025323168  -0.0020954383  -0.0000785728  -0.0000185158
        0.0002102445   0.0000969776  -0.0000158262  -0.0000402784  -0.0000668759
        0.0000063748   0.0000088329   0.0007129801   0.0001304881   0.0008804493
        0.0083626598  -0.0071770689  -0.0266138473   0.0002158022  -0.0002865237
       -0.0011508163   0.0000376957  -0.0004883854  -0.0003212680   0.1737146288
       -0.0657784776  -0.2801739672   0.0001109490  -0.0000243531   0.0001086119
        0.0000138587   0.0000969001   0.0001255633   0.0000254169  -0.0001457302
        0.0001041840  -0.0001008238   0.0000601998   0.0000191122  -0.0000363576
        0.0000753229   0.0001581638   0.0000163399  -0.0001046028  -0.0001463244
       -0.0000527758   0.0001315832   0.0003847376  -0.0000715435  -0.0000554415
        0.0000438033   0.0000201987   0.0000474400   0.0001224629   0.0001057663
        0.0008356669  -0.0003987763   0.0001130126  -0.0000073704   0.0000822825
       -0.0006524954   0.0001022981  -0.0000714605  -0.0000198284  -0.0001142609
        0.0005961851  -0.0003257301  -0.0000989285  -0.0000380985  -0.0000019384
        0.0000707671  -0.0000496642  -0.1798361024   0.0745409792   0.3091154229
        0.0000158342   0.0000507385  -0.0001049788  -0.0002876368   0.0000696037
       -0.0000682947   0.0000891269   0.0000817120   0.0000851187  -0.0000636743
        0.0000084286   0.0000027282   0.0000038608  -0.0000026867  -0.0000040549
       -0.0000013074  -0.0000017592   0.0000086039  -0.0000274337   0.0000182803
        0.0000858520   0.0001110326   0.0001354074  -0.0001158023   0.0010083705
        0.0003121966  -0.0006666365  -0.0000753109   0.0000778603  -0.0000826526
        0.0054612403   0.0151801369  -0.0073250586  -0.0019334096   0.0024675046
       -0.0001212527   0.0002610558   0.0007786465  -0.0003937138   0.0000457933
        0.0000168790  -0.0000541091   0.0001000354  -0.0000685561   0.0000331830
        0.0005176651   0.0010386448  -0.0006136456   0.0008062753   0.0013039634
       -0.0000807742   0.0000292046   0.0000715157   0.0000087111  -0.0002364038
       -0.0001979558  -0.0003862592  -0.0828333183  -0.0769189000   0.0358535091
       -0.0000135293  -0.0000430312  -0.0000060000  -0.0002845899   0.0000941249
        0.0000625601   0.0001645856  -0.0001191157   0.0000700960  -0.0000890744
       -0.0000738388  -0.0000757252  -0.0096165169  -0.0088359127   0.0132424244
        0.0000716721  -0.0000714630  -0.0000215964  -0.0001335825   0.0002169842
       -0.0000080751   0.0000085284  -0.0000081699   0.0000030979  -0.0000163030
       -0.0000192456  -0.0000173636   0.0000169769  -0.0000374951  -0.0000013105
        0.0000195008  -0.0000034688  -0.0000289853  -0.0003739879   0.0002468867
        0.0004469838  -0.0000871163  -0.0001186288   0.0000376322  -0.0004779629
       -0.0001089574  -0.0003433773   0.0000282639  -0.0000302724   0.0000158342
        0.1009252991   0.0870895338  -0.0516989273  -0.0128402825  -0.0224602745
        0.0078838886   0.0000058641  -0.0000062497   0.0000022713   0.0000345125
       -0.0000189961   0.0000067919   0.0000068733   0.0000210654  -0.0000187696
        0.0000007969  -0.0000084989  -0.0000748531   0.0004642242   0.0005998850
        0.0035111793  -0.0000088650  -0.0000360096   0.0000063727  -0.0000622710
        0.0000247927   0.0000818644   0.0000388458   0.0000344763   0.0000033967
       -0.0058459370  -0.0240101586   0.0101471558   0.0033944847  -0.0030754892
        0.0001712539  -0.0004739702  -0.0010214185   0.0007193213  -0.0001058221
        0.0001090494   0.0000000222  -0.0000592005   0.0003227235  -0.0000293862
       -0.0007616243  -0.0004881168   0.0008992657  -0.0011605177   0.0009450254
       -0.0003814122  -0.0001136654  -0.0000192723  -0.0000545645   0.0000653966
        0.0005995212  -0.0002586385  -0.0790050935  -0.1893891272   0.0758038013
       -0.0000876683   0.0001056770  -0.0000198547   0.0003048032   0.0002624007
        0.0001229964   0.0001052192   0.0000362466  -0.0000797737  -0.0000375142
        0.0000364281  -0.0001245938   0.0023127089   0.0083362056  -0.0011554273
       -0.0000352797  -0.0000762126  -0.0000476331   0.0002455844  -0.0002648985
        0.0000349599   0.0000272485  -0.0000658855   0.0000187160  -0.0000239137
        0.0000114661   0.0000316387   0.0000169540   0.0000647361  -0.0000225791
       -0.0000267588   0.0000342385  -0.0000434932   0.0009382521   0.0001386498
       -0.0007744194  -0.0000508113   0.0000070904  -0.0001321078   0.0005332006
        0.0005579794   0.0002472412  -0.0000060781  -0.0002314134   0.0000507385
        0.0870895338   0.2174735318  -0.0874400513  -0.0084134266  -0.0113772960
        0.0038559295  -0.0000104318   0.0000016021   0.0000082816  -0.0000485816
       -0.0000108794  -0.0000030452   0.0000197734  -0.0000297396  -0.0000078682
        0.0000379742  -0.0000581239  -0.0000870553   0.0012082652   0.0010603777
       -0.0015925403   0.0000063986   0.0000283106   0.0000116546  -0.0000852015
       -0.0000492893   0.0001258111   0.0000456988   0.0000360609   0.0000056558
        0.0015730845   0.0080263198  -0.0028798805  -0.0010431545   0.0009072745
        0.0004216013   0.0001732520   0.0003189085  -0.0001599945  -0.0000555200
       -0.0000558885   0.0000337493   0.0000311358  -0.0000720032  -0.0000934058
        0.0004358030  -0.0014532605   0.0005923328   0.0005855170   0.0003491478
        0.0000869875  -0.0000845391   0.0000143800   0.0000358619  -0.0000791144
        0.0002607625   0.0000931429   0.0345660842   0.0721199446  -0.0773365261
        0.0000655937  -0.0000652929  -0.0000069678   0.0000235040  -0.0000366940
       -0.0000515862   0.0000176938   0.0002088944  -0.0000447915   0.0001007876
       -0.0001304381  -0.0000546168   0.0213140502   0.0210207053  -0.0235834138
        0.0000032061  -0.0000837257   0.0000841613  -0.0000394710   0.0001006942
       -0.0000491551   0.0000163322  -0.0000024199  -0.0000449684   0.0000025578
        0.0000049693   0.0000102511   0.0000137776   0.0000266066  -0.0000185771
        0.0000155321  -0.0000160101  -0.0000278143   0.0004468379  -0.0002193056
        0.0000385235   0.0000182920   0.0000118756  -0.0000971213  -0.0007534461
       -0.0000638289  -0.0001070499   0.0001294188  -0.0001303876  -0.0001049788
       -0.0516989273  -0.0874400513   0.1019712689  -0.0078079647  -0.0123928433
        0.0069593870  -0.0000239317  -0.0000072087  -0.0000226113   0.0000282129
       -0.0000005205  -0.0000095588   0.0000331208   0.0000025625   0.0000403775
       -0.0000055525  -0.0000620556   0.0000561429   0.0020265996  -0.0011608087
       -0.0058182354  -0.0000171322  -0.0000255711  -0.0000200106  -0.0000489295
        0.0000389061   0.0001195882   0.0000372894   0.0000063622  -0.0000121119
       -0.0218644550  -0.0033391425  -0.0131621377   0.0003053251  -0.0010699790
        0.0002787394   0.0000252524  -0.0000765151   0.0000402070   0.0000238178
       -0.0000711173   0.0000000574   0.0000078672  -0.0001279387  -0.0000359422
       -0.0001987371  -0.0004131282  -0.0012965902  -0.0030929049   0.0036880802
       -0.0005050213  -0.0008968045  -0.0003277101  -0.0007795760   0.0004824583
       -0.0002732482   0.0008662695  -0.1634951610  -0.0557605808  -0.0914227768
       -0.0002195290   0.0002677547   0.0002155523   0.0004663661   0.0000341637
       -0.0004035501  -0.0000525700  -0.0001162902   0.0002870125  -0.0001271990
       -0.0000427156   0.0001163921   0.0104744455   0.0043049076   0.0067791059
        0.0000738102  -0.0002302045   0.0000378238   0.0000385669   0.0000017064
        0.0000046037   0.0000353605  -0.0000811843   0.0000588559   0.0000009572
        0.0000983495   0.0000474912   0.0000245477  -0.0000448270   0.0000301859
        0.0000277834  -0.0000351305   0.0000367121  -0.0001953818  -0.0001101964
       -0.0000735670  -0.0002980049  -0.0000646431  -0.0000271710   0.0003719074
        0.0003548002   0.0000978655   0.0003028273   0.0001741440  -0.0002876368
       -0.0128402825  -0.0084134266  -0.0078079647   0.1890018617   0.0613995250
        0.1050481653   0.0000623184   0.0000152856   0.0000466317  -0.0001612616
        0.0000640314  -0.0000018815  -0.0000716700  -0.0000130742   0.0000226478
       -0.0000285813   0.0000560630   0.0000216452   0.0018042972  -0.0000497642
        0.0014047297  -0.0000440199  -0.0000293299   0.0000453954   0.0001332067
        0.0003060853   0.0002722603  -0.0000764146  -0.0000747502   0.0000454657
        0.0170667206   0.0048197410   0.0115298683   0.0003384022   0.0007696493
       -0.0001053150  -0.0000611892  -0.0000563573  -0.0000712686   0.0000257148
        0.0000302146   0.0000160412  -0.0000305860   0.0000299318   0.0000212925
       -0.0003433707   0.0005762453   0.0003870407   0.0025395948  -0.0023842587
        0.0003473768   0.0008073663   0.0002541097   0.0003663093   0.0000543713
       -0.0001736525   0.0001039945  -0.0560533825  -0.0674317795  -0.0378458416
        0.0001816053  -0.0001539053  -0.0001130837   0.0003592062  -0.0004052055
        0.0004150141  -0.0004371710   0.0000515726   0.0004772591   0.0000097653
       -0.0000539282   0.0000288355  -0.0043424949  -0.0050838011  -0.0165266195
       -0.0001044857  -0.0003466529  -0.0000874864   0.0000078562  -0.0000257746
        0.0000082099  -0.0000576348   0.0000529987  -0.0000347480   0.0000242153
       -0.0000143726  -0.0000111818  -0.0000344875   0.0000104742   0.0000030833
       -0.0000145132  -0.0000072514   0.0000157271  -0.0000867670  -0.0001535288
       -0.0000947567   0.0002493613   0.0000482375   0.0001767801   0.0000488617
        0.0000012855  -0.0001125665  -0.0000954058   0.0000856406   0.0000696037
       -0.0224602745  -0.0113772960  -0.0123928433   0.0613995250   0.0806227793
        0.0528270042  -0.0000057038  -0.0000019039  -0.0000198547   0.0000680563
       -0.0000508805   0.0000443490  -0.0000394965  -0.0000167758  -0.0000023432
        0.0000302335  -0.0000338747  -0.0000434080   0.0009101007   0.0008278879
        0.0011407295   0.0000209058   0.0000638397  -0.0000462577   0.0001428981
       -0.0004460121  -0.0004220409  -0.0001177975  -0.0000273963  -0.0000489033
       -0.0086039507  -0.0005708052  -0.0034411793  -0.0002067916  -0.0002755760
        0.0000714635   0.0000732670  -0.0000073808   0.0000839407   0.0000107898
       -0.0000288944   0.0000262117  -0.0001376202  -0.0000109386  -0.0000790596
        0.0004610238  -0.0003717218   0.0002544244  -0.0008487925   0.0010700052
        0.0005173493  -0.0004293901  -0.0000003853  -0.0001448894   0.0001155452
        0.0001940543  -0.0000054972  -0.0912278008  -0.0354715274  -0.1054567716
       -0.0000284160   0.0000282468   0.0000338817  -0.0001494272   0.0009220146
        0.0001075065   0.0003732013  -0.0001467222  -0.0003273393  -0.0000451375
       -0.0001145604  -0.0001144823  -0.0119022728  -0.0205380843  -0.0396320767
        0.0000057060  -0.0001807154   0.0001683539   0.0000208985  -0.0000010931
       -0.0000189405   0.0000508463  -0.0000489731  -0.0000200323   0.0000046909
        0.0000028750   0.0000346407   0.0000122688  -0.0000073012  -0.0000209115
       -0.0000019516   0.0000020946   0.0000065585  -0.0001496271   0.0000378054
        0.0000047972   0.0000812288  -0.0001254571   0.0000157500   0.0000611791
       -0.0000320628  -0.0000483919   0.0001544003  -0.0000696371  -0.0000682947
        0.0078838886   0.0038559295   0.0069593870   0.1050481653   0.0528270042
        0.1408103815   0.0000038369  -0.0000089928  -0.0000022956  -0.0000290450
        0.0000248388  -0.0000108105   0.0000522566   0.0000281330   0.0000493298
       -0.0000368802  -0.0000858033  -0.0000538437  -0.0006166419  -0.0006436414
        0.0002558665   0.0000208383  -0.0000730789  -0.0001089416  -0.0000157464
       -0.0002026795   0.0001691568  -0.0000045403   0.0000230308  -0.0000152421
        0.0001230595   0.0000437227   0.0000425276   0.0000127828   0.0000105326
       -0.0000126397  -0.0000063536  -0.0000572433  -0.0000021729   0.0001955367
        0.0002835400   0.0002929969  -0.0028028027   0.0036682671  -0.0032398531
       -0.0001148746  -0.0008765697  -0.0008506533   0.0009691194  -0.0017447788
        0.0006520422  -0.0110645252  -0.0165418016  -0.0251849973  -0.0007744838
        0.0001734999  -0.0004541438   0.0000451865  -0.0000474188  -0.0000280748
       -0.0606410842  -0.0343719506  -0.0566537139   0.0000582585   0.0000036054
       -0.0000237675  -0.0000000121  -0.0000012393  -0.0000000791  -0.0000456140
       -0.0000134721   0.0000271889   0.0000162077   0.0000200344   0.0001197462
       -0.0000338407   0.0000018240   0.0000320914   0.0000023163   0.0000230145
        0.0000113759  -0.0000344814  -0.0000645228  -0.0000256094   0.0000371089
        0.0000225773   0.0000330716  -0.0000267059  -0.0000374510   0.0000251712
       -0.0001333977  -0.0001016781  -0.0003612673   0.0000322924  -0.0000368249
       -0.0000000146  -0.0005336226  -0.0000574710   0.0004233023   0.0001343563
       -0.0000914143  -0.0003687958   0.0000322618   0.0000056986   0.0000891269
        0.0000058641  -0.0000104318  -0.0000239317   0.0000623184  -0.0000057038
        0.0000038369   0.0700909072   0.0384906173   0.0705896410   0.0043608463
        0.0112801310   0.0148920227   0.0000126872   0.0000031487  -0.0000016037
       -0.0000034666   0.0000043433   0.0000046706  -0.0000250301  -0.0000043890
       -0.0000221540   0.0000153109   0.0000194520  -0.0000036232   0.0000402332
        0.0000053338   0.0000110695  -0.0000063589   0.0000050185   0.0000072132
        0.0000439978   0.0000193333   0.0000138023  -0.0000407296   0.0000334057
        0.0000036719  -0.0000974902  -0.0000831204   0.0000607596   0.0010147361
        0.0009916336   0.0014751584   0.0023798870   0.0077483976  -0.0049808656
       -0.0001121784  -0.0006001703  -0.0006866325  -0.0006249615  -0.0025235562
        0.0028357744  -0.0021166032  -0.0005637797  -0.0005961364  -0.0006212635
        0.0000794475  -0.0003143098   0.0000738461  -0.0000429821  -0.0000048566
       -0.0351421156  -0.1146137744  -0.1199532695   0.0000235705  -0.0000110900
        0.0000080855   0.0000055331  -0.0000061069   0.0000026291  -0.0000420150
       -0.0000068064   0.0000173884  -0.0000452186   0.0000236096   0.0000689862
       -0.0000030027  -0.0000033660   0.0000078614  -0.0000016501  -0.0000053817
        0.0000324749  -0.0000572402  -0.0000839596   0.0000145365   0.0002165251
        0.0005349264  -0.0000297777   0.0000962463   0.0000258585   0.0000156317
       -0.0001192445  -0.0003952201  -0.0003907455  -0.0000157087  -0.0000109250
       -0.0000248395  -0.0004798316   0.0004798217   0.0004677200   0.0004296817
       -0.0005903955  -0.0002131669   0.0000327399   0.0000076073   0.0000817120
       -0.0000062497   0.0000016021  -0.0000072087   0.0000152856  -0.0000019039
       -0.0000089928   0.0384906173   0.1191369720   0.1381157795  -0.0033166749
       -0.0095687306  -0.0159963076  -0.0000024112   0.0000033351  -0.0000046806
       -0.0000010780   0.0000075965   0.0000037025   0.0000016251   0.0000066819
       -0.0000094817   0.0000042944  -0.0000023805  -0.0000022432   0.0000261202
        0.0000138278  -0.0000022686  -0.0000090389  -0.0000004074   0.0000001092
        0.0002292418  -0.0000543961  -0.0001075480   0.0000043407   0.0000146198
       -0.0000186396   0.0000376655   0.0001229076  -0.0001656379  -0.0009519278
       -0.0008555685  -0.0013706621  -0.0037648247  -0.0043345400   0.0049229240
       -0.0000192855  -0.0002198180   0.0002756892   0.0021513335   0.0024068575
       -0.0010370810  -0.0071264270  -0.0075125821  -0.0135687629  -0.0000014914
        0.0001313732  -0.0000401903   0.0000811033  -0.0000477367   0.0000565433
       -0.0579412367  -0.1194479306  -0.2050704618   0.0000866329   0.0000141780
       -0.0000096762   0.0000027777   0.0000092313   0.0000041026  -0.0000390281
        0.0000234874   0.0000601003  -0.0000231674   0.0000431297   0.0000722076
       -0.0000418962   0.0000156523   0.0000314507   0.0000364101   0.0000132529
        0.0000356850  -0.0000402496  -0.0000702823  -0.0000136565  -0.0001544959
       -0.0005063528   0.0000847395   0.0000165454   0.0001798884  -0.0000783279
        0.0002175829   0.0003758596   0.0008512341   0.0000198486   0.0000245209
       -0.0000493035   0.0000341636  -0.0002308359  -0.0000558671  -0.0005314193
        0.0006477506   0.0000833402   0.0000497023  -0.0000391052   0.0000851187
        0.0000022713   0.0000082816  -0.0000226113   0.0000466317  -0.0000198547
       -0.0000022956   0.0705896410   0.1381157795   0.2251027338  -0.0029917753
       -0.0088090690  -0.0100550017  -0.0000040945  -0.0000047833  -0.0000031250
       -0.0000040549   0.0000044406   0.0000106633  -0.0000070655  -0.0000096821
       -0.0000120558   0.0000302454   0.0000230920  -0.0000087380   0.0000312504
       -0.0000125888   0.0000099271  -0.0000249484   0.0000008233   0.0000031827
       -0.0007904448   0.0008793410   0.0001673030   0.0000108122   0.0000125532
       -0.0000778325  -0.0000103375  -0.0000331181  -0.0000422242  -0.0001834476
       -0.0000001511  -0.0002679508   0.0007175276  -0.0007774940   0.0021511979
        0.0000999481   0.0000873200   0.0003002234  -0.0021315235   0.0017564392
       -0.0044123484  -0.0261055697   0.0193763817   0.0114552874   0.0001439933
       -0.0001188607   0.0000518722  -0.0001644070  -0.0002757320  -0.0002006014
       -0.1640095561   0.1112297881   0.0702514152   0.0000679589   0.0000007548
        0.0000489330   0.0000053222  -0.0000330723  -0.0000117986   0.0000956315
        0.0000251457  -0.0000334215  -0.0000555139   0.0000291402  -0.0000287838
       -0.0000216655  -0.0000270237  -0.0000178725   0.0000206415   0.0000054899
       -0.0000206356  -0.0000970270   0.0001424027   0.0000730767   0.0000707559
       -0.0000703615   0.0000542685  -0.0000380991  -0.0003752827   0.0000202579
       -0.0000509758   0.0000563470  -0.0005311178   0.0000143024  -0.0000053883
        0.0001096247   0.0004009797  -0.0002624429  -0.0002903299  -0.0005888478
        0.0005213697   0.0002815650  -0.0000014281   0.0000354486  -0.0000636743
        0.0000345125  -0.0000485816   0.0000282129  -0.0001612616   0.0000680563
       -0.0000290450   0.0043608463  -0.0033166749  -0.0029917753   0.1883159668
       -0.1288827686  -0.0759486254  -0.0000102324   0.0000085703  -0.0000180355
        0.0000190226   0.0000017959  -0.0000182477   0.0000524743  -0.0000182645
       -0.0000053335  -0.0000038119  -0.0000148676   0.0000087194  -0.0000064537
        0.0000201191   0.0000108386  -0.0000000928   0.0000036209  -0.0000031425
        0.0005462839  -0.0004938234  -0.0003862367   0.0000692756   0.0000494641
       -0.0000058652  -0.0000090813   0.0000079767  -0.0000388857  -0.0004543352
       -0.0003408286  -0.0006152621  -0.0020065267  -0.0026901854   0.0022611496
       -0.0001869320   0.0001393336  -0.0000084347   0.0029586500   0.0074733956
       -0.0042863098   0.0051773071  -0.0032415038  -0.0002592218   0.0000920249
        0.0000203504   0.0000717426  -0.0000116985   0.0001766731   0.0001181536
        0.1122028715  -0.1328808009  -0.0714980641  -0.0000569848   0.0000077627
       -0.0000093317  -0.0000026332   0.0000098910   0.0000043969  -0.0000171296
       -0.0000008814   0.0000244205   0.0000614008  -0.0000411461  -0.0000119690
        0.0000084174   0.0000061352  -0.0000006498  -0.0000205957   0.0000094321
       -0.0000157527   0.0001217172   0.0000040660  -0.0000683972  -0.0000605504
       -0.0002586788   0.0000464618  -0.0001218484   0.0000434393   0.0000072595
        0.0000482955   0.0003649629   0.0006444664   0.0000082654  -0.0000395218
       -0.0000067947   0.0005729617  -0.0007272851  -0.0003975606  -0.0013490284
        0.0012806118   0.0004089768   0.0000046778   0.0000044620   0.0000084286
       -0.0000189961  -0.0000108794  -0.0000005205   0.0000640314  -0.0000508805
        0.0000248388   0.0112801310  -0.0095687306  -0.0088090690  -0.1288827686
        0.1407276245   0.0827882687   0.0000182760  -0.0000002092   0.0000058223
       -0.0000073867  -0.0000002384   0.0000065950  -0.0000398179   0.0000147791
       -0.0000012543  -0.0000004329   0.0000110001  -0.0000071324   0.0000004076
       -0.0000089955  -0.0000006309   0.0000117515   0.0000032288   0.0000063619
       -0.0005579983   0.0003311542   0.0003329563  -0.0000063398  -0.0000417348
        0.0000005888   0.0000454665  -0.0000147704   0.0000783902   0.0003233153
        0.0003900802   0.0005312459   0.0003361157   0.0030545701  -0.0009366480
        0.0000201806  -0.0001251650  -0.0002301653  -0.0037253695  -0.0047675170
        0.0042005622  -0.0065597830   0.0064482723   0.0036534945  -0.0001144971
        0.0000312004   0.0000016508  -0.0001553884  -0.0000324934  -0.0000898377
        0.0715249867  -0.0719381391  -0.0827198267  -0.0000273103   0.0000080134
       -0.0000034111   0.0000007052  -0.0000005228  -0.0000034195  -0.0000266704
       -0.0000203612  -0.0000273222   0.0000430343  -0.0000091054   0.0000313772
        0.0000001035  -0.0000078210  -0.0000053615   0.0000089183   0.0000074386
       -0.0000262238  -0.0000057306  -0.0000817138  -0.0000691114   0.0000656608
        0.0001918474  -0.0000569396   0.0000090555  -0.0000122098   0.0001041846
       -0.0000724608  -0.0000359542  -0.0004187128   0.0000336843  -0.0000224231
        0.0000188561  -0.0009601089   0.0005688882   0.0005661982   0.0008634636
       -0.0007548695  -0.0005054022  -0.0000083162   0.0000010115   0.0000027282
        0.0000067919  -0.0000030452  -0.0000095588  -0.0000018815   0.0000443490
       -0.0000108105   0.0148920227  -0.0159963076  -0.0100550017  -0.0759486254
        0.0827882687   0.0856537130   0.0000062818  -0.0000014309  -0.0000000128
        0.0000021958  -0.0000025987  -0.0000046910  -0.0000097478   0.0000005650
       -0.0000059467  -0.0000051899   0.0000000870   0.0000030430  -0.0000048646
        0.0000030532   0.0000001380   0.0000082997  -0.0000006163  -0.0000007239
       -0.0010390913   0.0000888038  -0.0003122992  -0.0022627862  -0.0003017115
        0.0041452206  -0.0005637914  -0.0004011671   0.0000095028  -0.0000607975
        0.0000335264  -0.0000732977   0.0000772018  -0.0000324326  -0.0000303785
       -0.0000393522  -0.0000888710  -0.0002198917  -0.0000974081  -0.0002356382
        0.0002145455   0.0001632820  -0.0000349519  -0.0000068732   0.0000978984
        0.0000357836   0.0000566574  -0.0001471595   0.0001126187  -0.0002533907
       -0.0000162149   0.0000006064   0.0000201731  -0.0288989408  -0.0074488913
       -0.0040864240  -0.2667786431  -0.0737842022  -0.0527841051   0.0003605121
        0.0002662112   0.0005240964   0.0002922951  -0.0000696617   0.0001407549
        0.0010621536  -0.0001242849  -0.0019984296   0.0000486777  -0.0000335074
       -0.0000197729  -0.0000340775   0.0001009442  -0.0000141566   0.0000021209
       -0.0000128745   0.0000037811  -0.0000495027   0.0000288429   0.0000320416
       -0.0000243981   0.0000086215   0.0000353676  -0.0000195659  -0.0000112042
        0.0000685108   0.0000739773   0.0000597711   0.0000473241  -0.0000856043
       -0.0000680990  -0.0000100159  -0.0000453731   0.0000029757   0.0000038608
        0.0000068733   0.0000197734   0.0000331208  -0.0000716700  -0.0000394965
        0.0000522566   0.0000126872  -0.0000024112  -0.0000040945  -0.0000102324
        0.0000182760   0.0000062818   0.3029530999   0.0839661114   0.0559678837
       -0.0052994227  -0.0024831659  -0.0019412334  -0.0004254738   0.0000538861
       -0.0000714563   0.0000351791  -0.0001162506  -0.0000170205   0.0001486585
       -0.0000839407  -0.0004232514   0.0006348888   0.0005760101   0.0009047116
        0.0019195555   0.0004849033   0.0003425732  -0.0005962132   0.0093093267
       -0.0048962544  -0.0017166839  -0.0003085449  -0.0002358208  -0.0001520181
        0.0001258840  -0.0000626242   0.0000100615   0.0000123873  -0.0000249081
        0.0000088735   0.0001372227   0.0000153439   0.0001896374   0.0003752882
       -0.0001933745   0.0000090595   0.0000310724   0.0000241961   0.0000128788
       -0.0000645382   0.0000356214  -0.0000887402  -0.0000896891   0.0001086130
        0.0000023404  -0.0000233714   0.0000108951   0.0030940311   0.0000748875
        0.0018285530  -0.0746275385  -0.0576468563  -0.0235012154   0.0001651318
       -0.0000147890  -0.0000757378   0.0000081837  -0.0002929102   0.0001488560
        0.0018469392  -0.0030803545   0.0018892673  -0.0000633379  -0.0001056628
        0.0000491157  -0.0003117540   0.0002995401  -0.0000402835  -0.0000079542
       -0.0000023765   0.0000177610  -0.0000652588   0.0000257462   0.0000857519
       -0.0000062817  -0.0000106206   0.0000122972   0.0000224484  -0.0000151002
       -0.0000438448   0.0000090262   0.0000084326   0.0000122115   0.0001266807
        0.0000516320   0.0000519189  -0.0000128811   0.0000179997  -0.0000026867
        0.0000210654  -0.0000297396   0.0000025625  -0.0000130742  -0.0000167758
        0.0000281330   0.0000031487   0.0000033351  -0.0000047833   0.0000085703
       -0.0000002092  -0.0000014309   0.0839661114   0.0542942740   0.0308209185
       -0.0140818438  -0.0037055385  -0.0053968449   0.0000351988   0.0004122799
       -0.0003573393   0.0001262140  -0.0005030950  -0.0007364006  -0.0001658070
        0.0002713615   0.0004738167   0.0003242300  -0.0000254012  -0.0003848568
       -0.0007043827  -0.0001754251   0.0000598191   0.0024655979  -0.0054489351
        0.0009971077   0.0013679111   0.0003513727   0.0005442712   0.0000912172
       -0.0000442804   0.0000541147  -0.0000156620   0.0000066294   0.0000014308
       -0.0000552822  -0.0001051388   0.0000287377  -0.0000607962  -0.0000534116
        0.0000558954   0.0000107401  -0.0000293559  -0.0000003972  -0.0000209733
        0.0000638747   0.0000395166  -0.0000408254   0.0001328623  -0.0000831441
       -0.0000059317   0.0000149924   0.0000033703   0.0162135117   0.0054319257
        0.0025454603  -0.0542782169  -0.0232262330  -0.0545689664   0.0000780036
        0.0000426542   0.0002693391   0.0001121360  -0.0001590536  -0.0000249157
        0.0015774663   0.0024562464  -0.0005475593  -0.0000109480   0.0001003509
       -0.0000316038   0.0003468990  -0.0002601986   0.0000585275  -0.0000147025
        0.0000169366   0.0000305778   0.0000133370  -0.0000024959  -0.0000407348
       -0.0000112092   0.0000058698   0.0000072414  -0.0000251834  -0.0000019128
        0.0000263714   0.0000487367  -0.0000090543   0.0000072902  -0.0000298774
       -0.0000094995  -0.0000172632   0.0000355938  -0.0000066143  -0.0000040549
       -0.0000187696  -0.0000078682   0.0000403775   0.0000226478  -0.0000023432
        0.0000493298  -0.0000016037  -0.0000046806  -0.0000031250  -0.0000180355
        0.0000058223  -0.0000000128   0.0559678837   0.0308209185   0.0586774929
       -0.0230152576  -0.0094910913  -0.0070933867  -0.0001453602   0.0000994454
       -0.0001135256  -0.0001339741   0.0002143163   0.0002996742   0.0000094042
       -0.0002351923  -0.0003469731   0.0002459056  -0.0004914329  -0.0009202830
        0.0001311334   0.0000554885   0.0001050134   0.0005423702   0.0018465512
        0.0016861261  -0.0000904155  -0.0000823685  -0.0000183668  -0.0000534336
       -0.0000078344  -0.0000189100  -0.0000016835  -0.0000145790  -0.0000043595
        0.0000079135   0.0000413466  -0.0000090634   0.0000348709   0.0000600573
       -0.0000040958  -0.0000429968   0.0000393831   0.0000057489  -0.0000191859
       -0.0000630998  -0.0000368742   0.0001171593  -0.0001660596   0.0000348148
        0.0000153448  -0.0000078471  -0.0000183143   0.0014156634   0.0108272433
        0.0184016995  -0.0477652756  -0.0173224794  -0.0263168925  -0.0017131511
       -0.0000168434   0.0000048429  -0.0007019644  -0.0003659568   0.0002333727
       -0.0019349409  -0.0009077991   0.0032089070   0.0000541323  -0.0000543134
        0.0000300966  -0.0000241209  -0.0000416558  -0.0000065667   0.0000423007
       -0.0000139792  -0.0000458765   0.0000200643  -0.0000100123  -0.0000189220
        0.0000228474   0.0000007165  -0.0000118446   0.0000185422   0.0000053783
       -0.0000281767  -0.0000642659  -0.0000142784  -0.0000604352   0.0000426404
        0.0000170516  -0.0000090420  -0.0000191735   0.0000002189  -0.0000013074
        0.0000007969   0.0000379742  -0.0000055525  -0.0000285813   0.0000302335
       -0.0000368802  -0.0000034666  -0.0000010780  -0.0000040549   0.0000190226
       -0.0000073867   0.0000021958  -0.0052994227  -0.0140818438  -0.0230152576
        0.0539640715   0.0202226943   0.0247360206   0.0008779755  -0.0007285606
        0.0001790684   0.0001498107   0.0000793671   0.0001240431   0.0002719470
        0.0006533687   0.0009242190   0.0000134713  -0.0000090979  -0.0000053761
       -0.0006279742  -0.0002000749   0.0000667300  -0.0006693664  -0.0031338467
        0.0021546648   0.0005086543   0.0000702676   0.0000371773   0.0000480513
       -0.0000144699   0.0000631504   0.0000235629   0.0000089362   0.0000152792
       -0.0000952872  -0.0001189277  -0.0000050651  -0.0000908322  -0.0001072478
        0.0000854819   0.0000068515   0.0000007980  -0.0000003884   0.0002053855
        0.0001299831  -0.0000310700   0.0000021043   0.0000592953  -0.0002161942
       -0.0000017877  -0.0000038069   0.0000079399   0.0011541628  -0.0063188528
       -0.0079885196  -0.0170889025  -0.0903703837  -0.1102175907   0.0001859096
        0.0005351210   0.0004994685  -0.0006950728  -0.0010974446   0.0005454873
        0.0000311349   0.0093723624  -0.0065990201  -0.0000233985  -0.0000491964
       -0.0000711854   0.0001483622  -0.0000538759   0.0000206375  -0.0000599796
        0.0000164418   0.0000154751   0.0000139504  -0.0000236923  -0.0000043848
       -0.0000093410  -0.0000121980  -0.0000018712  -0.0000136088   0.0000171885
        0.0000381072   0.0000159189   0.0000181053   0.0000150695  -0.0000483033
       -0.0000353472  -0.0000198729  -0.0000142104  -0.0000024719  -0.0000017592
       -0.0000084989  -0.0000581239  -0.0000620556   0.0000560630  -0.0000338747
       -0.0000858033   0.0000043433   0.0000075965   0.0000044406   0.0000017959
       -0.0000002384  -0.0000025987  -0.0024831659  -0.0037055385  -0.0094910913
        0.0202226943   0.0964540622   0.1306831366  -0.0007081110  -0.0012293623
        0.0007822526  -0.0000389318   0.0012748115   0.0017683216  -0.0001076980
       -0.0014865711  -0.0022268383   0.0001555251   0.0000905764   0.0002224887
        0.0002981491   0.0000179334   0.0000605483  -0.0018869566   0.0018831608
       -0.0002914045  -0.0005321744   0.0000988887   0.0001382689  -0.0000843705
        0.0000751545   0.0000470364   0.0000124313   0.0000451146   0.0000531303
       -0.0001120311  -0.0000797603   0.0000044828  -0.0000133768   0.0000925554
        0.0000165038   0.0000130646  -0.0000154726  -0.0000189929   0.0000891090
        0.0001901894  -0.0000244656   0.0002326064   0.0000492920  -0.0003937241
       -0.0000203888   0.0000124080   0.0000236116  -0.0016679619  -0.0114927169
       -0.0215407183  -0.0251967431  -0.1123239967  -0.2334168743   0.0009276923
        0.0001951240   0.0006877554  -0.0002854963  -0.0003044316   0.0005084782
        0.0043047648  -0.0049810807   0.0013919293  -0.0000424313  -0.0000578944
       -0.0001236338  -0.0000142453   0.0001060361   0.0000550777  -0.0000854404
        0.0000027152   0.0000531667  -0.0000228445   0.0000017394   0.0000580410
       -0.0000311471   0.0000000402  -0.0000044138  -0.0000011141   0.0000432254
        0.0000021252   0.0000567928  -0.0000058247   0.0000643745   0.0000204102
        0.0000120570  -0.0000124987   0.0000120264  -0.0000307750   0.0000086039
       -0.0000748531  -0.0000870553   0.0000561429   0.0000216452  -0.0000434080
       -0.0000538437   0.0000046706   0.0000037025   0.0000106633  -0.0000182477
        0.0000065950  -0.0000046910  -0.0019412334  -0.0053968449  -0.0070933867
        0.0247360206   0.1306831366   0.2612620704   0.0008463021   0.0021122910
       -0.0005366609   0.0000724692  -0.0010680847  -0.0018092634  -0.0000536019
       -0.0000940997   0.0003880818   0.0004365038   0.0003500862   0.0004344792
       -0.0001187829  -0.0011296505   0.0007667927   0.0001193114  -0.0001214365
        0.0007866274  -0.0001145486  -0.0000446328  -0.0002584775  -0.0000038903
       -0.0000128831   0.0000544389  -0.0000757162   0.0000536345  -0.0000004179
        0.0000514333  -0.0001250854   0.0004712524   0.0001851790  -0.0004296844
       -0.0000360723  -0.0002009624   0.0001031116  -0.0000275626  -0.0001423200
       -0.0000147206  -0.0002168609  -0.0112935635  -0.0075066016   0.0098548783
        0.0000464865  -0.0000078001  -0.0000421185   0.0014604336   0.0005052312
       -0.0005710513  -0.0007221203   0.0014625016  -0.0002670965  -0.0004140757
        0.0011850360  -0.0010997986  -0.1382631268  -0.1672693996   0.0942055787
       -0.0001802661  -0.0000964864   0.0002992983   0.0000299242  -0.0000956473
       -0.0000050858  -0.0000543613   0.0000230329  -0.0000497854   0.0000070464
       -0.0000131467  -0.0000486296   0.0000798013  -0.0000150741  -0.0000524913
        0.0000908984  -0.0000220665  -0.0000827258   0.0000800426   0.0001097325
       -0.0001078584  -0.0003819012   0.0001058160  -0.0002548010   0.0000087191
        0.0000561495   0.0000362948   0.0000642939  -0.0000478953  -0.0000274337
        0.0004642242   0.0012082652   0.0020265996   0.0018042972   0.0009101007
       -0.0006166419  -0.0000250301   0.0000016251  -0.0000070655   0.0000524743
       -0.0000398179  -0.0000097478  -0.0004254738   0.0000351988  -0.0001453602
        0.0008779755  -0.0007081110   0.0008463021   0.1470103351   0.1719855879
       -0.1054198660   0.0000175425   0.0000623471  -0.0000360556   0.0000835196
       -0.0000113633   0.0001144092  -0.0001177990  -0.0000958679  -0.0000794684
        0.0001656704   0.0008365222  -0.0002986538   0.0002438184   0.0001974972
       -0.0002363378   0.0000898338  -0.0000598606   0.0001263672  -0.0000144528
       -0.0000662261  -0.0000137448   0.0000586583  -0.0001028877  -0.0000482957
       -0.0000122877  -0.0001506401  -0.0000092328  -0.0000182905  -0.0003979222
        0.0001440338   0.0002093912  -0.0000194531  -0.0000381575   0.0000651703
       -0.0001030951   0.0000775969   0.0066238165   0.0113287490  -0.0001784532
       -0.0000525378   0.0000134816   0.0000190564   0.0014607278  -0.0004919473
       -0.0021947142  -0.0011752885   0.0015190103  -0.0000428890   0.0009994717
       -0.0004822765   0.0003332498  -0.1806049205  -0.2561021935   0.1058392645
       -0.0001466501  -0.0003248973   0.0005902413   0.0000219599  -0.0000074540
       -0.0000183516   0.0000095289  -0.0000219010  -0.0000577286   0.0000362221
        0.0000070119  -0.0000303516  -0.0000285229   0.0000469247  -0.0000216574
       -0.0000102295   0.0000253980   0.0000228916   0.0000576179   0.0000428217
       -0.0000539371  -0.0000458697   0.0001019577   0.0000791027   0.0001615457
        0.0001153143   0.0000102053  -0.0000635419   0.0000347678   0.0000182803
        0.0005998850   0.0010603777  -0.0011608087  -0.0000497642   0.0008278879
       -0.0006436414  -0.0000043890   0.0000066819  -0.0000096821  -0.0000182645
        0.0000147791   0.0000005650   0.0000538861   0.0004122799   0.0000994454
       -0.0007285606  -0.0012293623   0.0021122910   0.1719855879   0.2428740971
       -0.1043991168   0.0000415305   0.0000199618  -0.0001134120   0.0000680840
        0.0000670595   0.0001556212   0.0000211638   0.0000075358  -0.0000590467
        0.0003070097  -0.0002442523   0.0003202691   0.0000584600   0.0003188893
        0.0003934243  -0.0000567207  -0.0000012845   0.0000040248  -0.0000127818
       -0.0000188642  -0.0000236784  -0.0000207345  -0.0000386239   0.0000132713
        0.0001755304   0.0001600413  -0.0001401010  -0.0000849259   0.0000911188
       -0.0000105312  -0.0000060761   0.0000466441   0.0000135115  -0.0001389384
        0.0000386725  -0.0000139477   0.0193704500   0.0215433469  -0.0205534109
       -0.0000258242   0.0000056584  -0.0000127385   0.0000858826  -0.0008669967
       -0.0006633825  -0.0002969818   0.0008168185   0.0009163629  -0.0002440792
        0.0002571172   0.0001889245   0.0818132794   0.0823003329  -0.0754495453
        0.0000633690   0.0001101730  -0.0002617136   0.0000054499   0.0000082082
        0.0000264175  -0.0000827335   0.0000211197  -0.0000121473   0.0000143243
       -0.0000284053  -0.0000272988  -0.0000448104   0.0000221367   0.0000046323
       -0.0000527351   0.0000241401   0.0000232965  -0.0000846774  -0.0000495143
        0.0000908810  -0.0001432067   0.0000257119  -0.0000696223  -0.0001088131
       -0.0000517310  -0.0000220053  -0.0000600390   0.0000050581   0.0000858520
        0.0035111793  -0.0015925403  -0.0058182354   0.0014047297   0.0011407295
        0.0002558665  -0.0000221540  -0.0000094817  -0.0000120558  -0.0000053335
       -0.0000012543  -0.0000059467  -0.0000714563  -0.0003573393  -0.0001135256
        0.0001790684   0.0007822526  -0.0005366609  -0.1054198660  -0.1043991168
        0.1015584942  -0.0000475927   0.0000866239   0.0000075552   0.0000874911
       -0.0000832364  -0.0001782481  -0.0000457435  -0.0000621526   0.0000220114
        0.0000579677   0.0000113522   0.0000336774   0.0001406913   0.0003171612
       -0.0003419087  -0.0006776715  -0.0006185610  -0.0005166736  -0.0007670312
       -0.0003635449  -0.0004238683   0.0000608640   0.0000640686   0.0001503590
       -0.0000136409  -0.0001149378  -0.0000151642  -0.0000170406  -0.0000387520
        0.0000001870  -0.0000093852  -0.0000085659  -0.0001042301   0.0000104035
        0.0000741641  -0.0000385855   0.0000179362  -0.0000500121  -0.0000827811
       -0.0000027951   0.0000246409   0.0000147727   0.0019538814  -0.0004914117
        0.0044576811   0.0008015348  -0.0001404799  -0.0003849968  -0.0001051266
        0.0000634313  -0.0000320717  -0.0000491674   0.0000136852   0.0000976349
       -0.0981979186   0.0988769067  -0.0108770792  -0.0001704931   0.0000134090
       -0.0008638831  -0.0000341509   0.0000750559   0.0000395090  -0.0009445980
       -0.0002346139   0.0006243175  -0.0000992659   0.0001009434   0.0000213700
        0.0000070203   0.0000311318  -0.0000078026  -0.0000172427   0.0000494002
       -0.0000219085   0.0000012846   0.0000025573   0.0000245695  -0.0000018628
        0.0000239128  -0.0000032531  -0.0000643499  -0.0000366196   0.0001110326
       -0.0000088650   0.0000063986  -0.0000171322  -0.0000440199   0.0000209058
        0.0000208383   0.0000153109   0.0000042944   0.0000302454  -0.0000038119
       -0.0000004329  -0.0000051899   0.0000351791   0.0001262140  -0.0001339741
        0.0001498107  -0.0000389318   0.0000724692   0.0000175425   0.0000415305
       -0.0000475927   0.1132938897  -0.1181753817   0.0108043985   0.0055171081
       -0.0081878033   0.0012027112  -0.0208519875   0.0285588844  -0.0037876779
        0.0001565831  -0.0001450773  -0.0000952592   0.0002655137  -0.0000725054
        0.0001058863   0.0000529894   0.0000542649  -0.0000529857   0.0000703777
        0.0000458835  -0.0001144717  -0.0000963229   0.0000744023   0.0001038511
       -0.0000861903  -0.0004849311   0.0000917889  -0.0000129459   0.0000611960
        0.0000325218  -0.0000053840  -0.0000403218  -0.0000567923  -0.0002922707
        0.0006093755  -0.0001385908   0.0001052895   0.0000245116   0.0001237213
        0.0000178920   0.0000520511   0.0000292115   0.0096168583  -0.0188978556
       -0.0053397319  -0.0014204315  -0.0013410666  -0.0008307844   0.0001817744
        0.0001556216   0.0000963269  -0.0000990950   0.0000320490  -0.0000968898
        0.1009029570  -0.2216289795   0.0166548694  -0.0001747680   0.0006305108
       -0.0004283711   0.0001223858   0.0001631295   0.0000595801  -0.0008026459
        0.0002726326   0.0005665800   0.0001938016   0.0000534604   0.0001688319
        0.0000091748   0.0000183613   0.0000011006   0.0000487027   0.0000813114
       -0.0000516314   0.0000284393  -0.0000112485  -0.0000091884   0.0000368623
        0.0000271554  -0.0000008587   0.0000089249  -0.0002094462   0.0001354074
       -0.0000360096   0.0000283106  -0.0000255711  -0.0000293299   0.0000638397
       -0.0000730789   0.0000194520  -0.0000023805   0.0000230920  -0.0000148676
        0.0000110001   0.0000000870  -0.0001162506  -0.0005030950   0.0002143163
        0.0000793671   0.0012748115  -0.0010680847   0.0000623471   0.0000199618
        0.0000866239  -0.1181753817   0.2557269416  -0.0160009211   0.0093325365
       -0.0190482475   0.0056379312   0.0000496640   0.0029043726   0.0002514836
       -0.0000447432   0.0000171205   0.0001191823   0.0003564635   0.0004025931
        0.0001516405  -0.0006076932  -0.0006247848   0.0000019081   0.0000232941
        0.0001609125   0.0003066573  -0.0000018762  -0.0000033696  -0.0000746850
        0.0000777091   0.0001828630   0.0001431540   0.0000152659   0.0000114444
       -0.0000366378  -0.0000154938  -0.0000115667   0.0000489575   0.0000858425
       -0.0002016946  -0.0001399756  -0.0000582429   0.0000232881   0.0000215843
       -0.0000076707  -0.0000009848  -0.0000306382   0.0130697681  -0.0255383417
       -0.0027538013  -0.0012642506  -0.0020703669  -0.0018820075   0.0001258978
        0.0001237807  -0.0000648071   0.0000796164   0.0001315492   0.0000279706
       -0.0088327133   0.0144122763  -0.0381165115  -0.0008084262   0.0002372805
       -0.0009183859   0.0001136720   0.0001192993  -0.0000916754   0.0005264414
        0.0000467461   0.0001534637  -0.0000881323  -0.0000283418  -0.0001008011
        0.0000489042   0.0000348605  -0.0000465210  -0.0000104262  -0.0000107171
       -0.0000427794   0.0000151616  -0.0000198626  -0.0000114670   0.0000254661
        0.0000200334  -0.0000104612   0.0001660089   0.0001270965  -0.0001158023
        0.0000063727   0.0000116546  -0.0000200106   0.0000453954  -0.0000462577
       -0.0001089416  -0.0000036232  -0.0000022432  -0.0000087380   0.0000087194
       -0.0000071324   0.0000030430  -0.0000170205  -0.0007364006   0.0002996742
        0.0001240431   0.0017683216  -0.0018092634  -0.0000360556  -0.0001134120
        0.0000075552   0.0108043985  -0.0160009211   0.0481242297  -0.0119769701
        0.0244770712  -0.0034759381  -0.0019451028   0.0031082062   0.0004508287
        0.0000959023  -0.0000099531  -0.0002909728   0.0001886639  -0.0001662432
       -0.0001712370  -0.0000699915  -0.0000267250  -0.0002264227  -0.0001844482
       -0.0000312499  -0.0000560012   0.0000046752   0.0000113258   0.0002672093
       -0.0010066575  -0.0011559755  -0.0016138219  -0.0000728683  -0.0000097208
        0.0001212478  -0.0000280201  -0.0001099020  -0.0000766719  -0.0043945942
       -0.0025434361   0.0023062896   0.0002176032  -0.0000797791   0.0001535762
        0.0000150815   0.0000380033   0.0000712391   0.0021540046   0.0046449074
        0.0006898501   0.0007033534  -0.0004747054  -0.0006594139  -0.0000456671
        0.0000367024   0.0000077593  -0.0001837921   0.0000248339   0.0000005913
       -0.0731033332  -0.0453337269   0.0675748519   0.0000354415  -0.0000441704
        0.0000675429  -0.0000777625   0.0000191197   0.0000608855  -0.0005946905
        0.0006515768  -0.0002159045   0.0001168793  -0.0000040752   0.0001021207
       -0.0000515946  -0.0000045171   0.0000105455   0.0003630431   0.0003930550
        0.0002414054   0.0000173153   0.0000013368   0.0000649444  -0.0000002886
       -0.0000101028  -0.0000193845  -0.0000134616  -0.0000330181   0.0010083705
       -0.0000622710  -0.0000852015  -0.0000489295   0.0001332067   0.0001428981
       -0.0000157464   0.0000402332   0.0000261202   0.0000312504  -0.0000064537
        0.0000004076  -0.0000048646   0.0001486585  -0.0001658070   0.0000094042
        0.0002719470  -0.0001076980  -0.0000536019   0.0000835196   0.0000680840
        0.0000874911   0.0055171081   0.0093325365  -0.0119769701   0.0848139950
        0.0522835715  -0.0821840018  -0.0150247366  -0.0172784719   0.0247373698
       -0.0000826454   0.0001851377  -0.0001454214  -0.0000126294   0.0002826187
        0.0000750309   0.0000490400  -0.0000892357   0.0002155360  -0.0000067423
        0.0001756329   0.0002457739   0.0000982436   0.0000222958   0.0000837622
       -0.0006864926  -0.0000255451  -0.0009585388   0.0000186821  -0.0000556335
        0.0000048634  -0.0000117276  -0.0000321547   0.0000645567  -0.0031756968
       -0.0033195629   0.0018000782  -0.0001341658  -0.0000802845  -0.0002927136
        0.0000095559  -0.0000260947  -0.0000031149   0.0057791813   0.0085879184
       -0.0132985872  -0.0004339528  -0.0010498216  -0.0022805271   0.0000251279
       -0.0000917870  -0.0000303604   0.0000294776   0.0000489150   0.0003624852
       -0.0438415637  -0.1012949800   0.0991723033  -0.0000380984  -0.0000869951
        0.0000052295   0.0000525138   0.0000300580  -0.0000907296   0.0005467202
       -0.0001298762  -0.0000503208  -0.0001098046  -0.0000833542  -0.0001134786
        0.0000387715  -0.0000201798  -0.0000284893   0.0001027907   0.0000671707
        0.0001424326   0.0000240259  -0.0000028835   0.0000345085  -0.0000057231
       -0.0000275582  -0.0000143106   0.0002910580   0.0007091672   0.0003121966
        0.0000247927  -0.0000492893   0.0000389061   0.0003060853  -0.0004460121
       -0.0002026795   0.0000053338   0.0000138278  -0.0000125888   0.0000201191
       -0.0000089955   0.0000030532  -0.0000839407   0.0002713615  -0.0002351923
        0.0006533687  -0.0014865711  -0.0000940997  -0.0000113633   0.0000670595
       -0.0000832364  -0.0081878033  -0.0190482475   0.0244770712   0.0522835715
        0.1198905793  -0.1139965460  -0.0035361096  -0.0028966804   0.0048931478
       -0.0002747478  -0.0002368048  -0.0001710784   0.0000392313   0.0002338300
        0.0005263579  -0.0001188007   0.0001016550  -0.0001927135  -0.0000042253
       -0.0000679909  -0.0000431195  -0.0002484089   0.0000153618  -0.0000060975
       -0.0004413991  -0.0004184359   0.0005347705   0.0000285093   0.0000031395
       -0.0000275469  -0.0000343363   0.0000204899  -0.0000236723   0.0028861517
        0.0028119393  -0.0010799411  -0.0000884507  -0.0000780597  -0.0003432074
        0.0000348917   0.0000014781   0.0000130437   0.0098017867   0.0081425327
       -0.0284206445  -0.0013722490  -0.0012242191  -0.0031067165   0.0002878736
        0.0000664371   0.0002929893  -0.0000594871   0.0000063790   0.0002668419
        0.0679083608   0.1011893957  -0.1968963815   0.0000788735  -0.0000361927
       -0.0001081631   0.0001295557   0.0000107292   0.0000542717  -0.0003311921
        0.0002328510   0.0003519144   0.0001519780  -0.0000061766   0.0000886610
        0.0000677798  -0.0000092038   0.0000028480  -0.0001318535  -0.0000633587
       -0.0001609799   0.0000365030   0.0000137090  -0.0000064446   0.0000300892
        0.0000098069   0.0000187533   0.0009297832  -0.0001869539  -0.0006666365
        0.0000818644   0.0001258111   0.0001195882   0.0002722603  -0.0004220409
        0.0001691568   0.0000110695  -0.0000022686   0.0000099271   0.0000108386
       -0.0000006309   0.0000001380  -0.0004232514   0.0004738167  -0.0003469731
        0.0009242190  -0.0022268383   0.0003880818   0.0001144092   0.0001556212
       -0.0001782481   0.0012027112   0.0056379312  -0.0034759381  -0.0821840018
       -0.1139965460   0.2302479432   0.0006836638  -0.0002771938   0.0021692157
       -0.0000625764   0.0001774407  -0.0000477151   0.0006685327  -0.0005731062
       -0.0010126945   0.0001082839  -0.0001481635   0.0000632622  -0.0000419016
        0.0000621919   0.0001135459   0.0000478177  -0.0000333668  -0.0000957990
       -0.0000203944   0.0001124966  -0.0000527652  -0.0000212952  -0.0000485142
        0.0000773987   0.0001033067   0.0000136540   0.0000589205  -0.0001602350
       -0.0004742350   0.0004331274  -0.0001413501   0.0000955861  -0.0000288884
       -0.0000001528  -0.0000190907  -0.0000022908  -0.0092794436  -0.0044419070
       -0.0048552833   0.0012578853   0.0013773285   0.0019078117  -0.0003626318
       -0.0002004180  -0.0003180567   0.0001748197  -0.0000822980  -0.0000078708
       -0.2729341148  -0.0411869116  -0.0269703868  -0.0000158503  -0.0000497837
        0.0001923239   0.0000544227  -0.0000009634   0.0000343945  -0.0000383066
       -0.0001351213  -0.0002683586  -0.0000248774  -0.0000473302  -0.0000619263
        0.0000210369   0.0000017523   0.0000028061  -0.0000115433  -0.0000289201
        0.0000072538   0.0000185325   0.0000308728   0.0000084642  -0.0000241435
       -0.0000303948   0.0000224107  -0.0001304715   0.0000180932  -0.0000753109
        0.0000388458   0.0000456988   0.0000372894  -0.0000764146  -0.0001177975
       -0.0000045403  -0.0000063589  -0.0000090389  -0.0000249484  -0.0000000928
        0.0000117515   0.0000082997   0.0006348888   0.0003242300   0.0002459056
        0.0000134713   0.0001555251   0.0004365038  -0.0001177990   0.0000211638
       -0.0000457435  -0.0208519875   0.0000496640  -0.0019451028  -0.0150247366
       -0.0035361096   0.0006836638   0.3162048339   0.0486660215   0.0314842995
        0.0001564179   0.0001316558   0.0000531092   0.0000633243  -0.0006551066
       -0.0032602386   0.0000790773   0.0001184634   0.0001420545   0.0001397119
        0.0000254447  -0.0000026075   0.0000582371   0.0000511504   0.0000080738
       -0.0001327072  -0.0000433353  -0.0001015372  -0.0000207172  -0.0000384361
        0.0000446315   0.0000491442   0.0000212033   0.0000168670  -0.0000818023
       -0.0002482965   0.0003304612  -0.0001309251  -0.0000208444  -0.0001128850
       -0.0000053189  -0.0000001826   0.0000005797  -0.0171399844  -0.0047199732
       -0.0048176750  -0.0009360064  -0.0001155965   0.0006960639  -0.0008168309
       -0.0003334832  -0.0005749837   0.0001079899   0.0000079260   0.0000973107
       -0.0414578764  -0.0510354302  -0.0038268131  -0.0000601433  -0.0000153149
       -0.0001976973   0.0000146680   0.0000819599  -0.0000069662  -0.0001376774
       -0.0001241326   0.0001504006  -0.0000023574   0.0000128815   0.0000153013
        0.0000119568  -0.0000026544   0.0000047959  -0.0000023520  -0.0000078304
       -0.0000178249   0.0000228704   0.0000176204   0.0000200913  -0.0000025082
       -0.0000059744   0.0000143825  -0.0001620343  -0.0000239631   0.0000778603
        0.0000344763   0.0000360609   0.0000063622  -0.0000747502  -0.0000273963
        0.0000230308   0.0000050185  -0.0000004074   0.0000008233   0.0000036209
        0.0000032288  -0.0000006163   0.0005760101  -0.0000254012  -0.0004914329
       -0.0000090979   0.0000905764   0.0003500862  -0.0000958679   0.0000075358
       -0.0000621526   0.0285588844   0.0029043726   0.0031082062  -0.0172784719
       -0.0028966804  -0.0002771938   0.0486660215   0.0568303599   0.0085901323
       -0.0001598681  -0.0000685666  -0.0002317908  -0.0001521243  -0.0027944935
       -0.0035393413   0.0001895697  -0.0000483567   0.0000867603   0.0000517418
       -0.0000990762   0.0000040635  -0.0000101627  -0.0000275228  -0.0000019855
        0.0002068842   0.0000351623   0.0001222733  -0.0001114141  -0.0001043903
        0.0001198833   0.0000531039  -0.0000188238  -0.0000011816   0.0000657287
        0.0003851807  -0.0005922233  -0.0000721251   0.0000643782   0.0000274649
       -0.0000005392   0.0000079834   0.0000213968  -0.0253699535  -0.0064291576
       -0.0053525573  -0.0017976089  -0.0000681568   0.0003055887  -0.0010407156
       -0.0004749850  -0.0006809330   0.0000936474   0.0000419736   0.0000014180
       -0.0256421374  -0.0041001629  -0.0463250118   0.0000480523   0.0000380421
        0.0000211411   0.0000783929   0.0000000603   0.0000363024  -0.0000722851
        0.0001127425   0.0000011480   0.0000638758   0.0000165362   0.0000335382
       -0.0000163191   0.0000083574   0.0000084251   0.0000150202   0.0000148730
        0.0000120862   0.0000296099   0.0000177722   0.0000244316  -0.0000251918
       -0.0000231788   0.0000136283   0.0002680266   0.0000372365  -0.0000826526
        0.0000033967   0.0000056558  -0.0000121119   0.0000454657  -0.0000489033
       -0.0000152421   0.0000072132   0.0000001092   0.0000031827  -0.0000031425
        0.0000063619  -0.0000007239   0.0009047116  -0.0003848568  -0.0009202830
       -0.0000053761   0.0002224887   0.0004344792  -0.0000794684  -0.0000590467
        0.0000220114  -0.0037876779   0.0002514836   0.0004508287   0.0247373698
        0.0048931478   0.0021692157   0.0314842995   0.0085901323   0.0538367706
