$hessian                                                                        
        0.4698085630   0.0217102455  -0.0152208393  -0.0968364230   0.0457686855
        0.0214646911   0.0056947349  -0.0013526356  -0.0018865274   0.0003586003
        0.0002416696   0.0002514250  -0.0114749066  -0.0100856702   0.0122309429
       -0.0658263275  -0.0084978169   0.0227980151  -0.1313209182  -0.0098323177
       -0.0473641927  -0.0227357024  -0.0127251873  -0.0020144721  -0.0159914663
        0.0085825867   0.0248519288  -0.0699657088  -0.0293800031   0.0110440604
       -0.0014780111  -0.0018650835   0.0015809003  -0.0265652606   0.0125825073
        0.0030990817  -0.0000425226   0.0012978648  -0.0020876807  -0.0073758625
        0.0078973485   0.0065469675  -0.0129063433  -0.0237152313  -0.0094021664
       -0.0001859966  -0.0000383867   0.0004586579  -0.0002739428  -0.0023286724
        0.0002427562  -0.0001009295  -0.0005021547  -0.0001527625   0.0000766401
       -0.0001791785   0.0000856376   0.0000107882  -0.0000184748  -0.0000324070
       -0.0017723457  -0.0026673148  -0.0002570980   0.0054133479   0.0045502366
       -0.0179715263  -0.0178011499   0.0007870318  -0.0105283048   0.0032898408
        0.0007875196   0.0013268736   0.0003298844  -0.0001608531  -0.0007985263
       -0.0065159392  -0.0157347657   0.0070955202   0.0046055308   0.0178822843
       -0.0047360964   0.0002159186  -0.0000058356   0.0002086982  -0.0005024434
       -0.0005872420  -0.0002294974   0.0002703833  -0.0021719240  -0.0005941519
       -0.0002676581   0.0006312685   0.0003946876  -0.0004690619  -0.0005401626
       -0.0000736473   0.0000799883  -0.0001008104   0.0000195843   0.0002971626
       -0.0000947692  -0.0001669037  -0.0000424630  -0.0001347586  -0.0001836285
        0.0217102455   0.4756480731  -0.0039903621   0.0391660112  -0.1009973021
       -0.0198300572   0.0136785602  -0.0267303782  -0.0046485520   0.0012789716
        0.0025112385  -0.0009169240  -0.0176717171  -0.0113422490   0.0193539704
       -0.0067189382  -0.0609717262   0.0183539991  -0.0103846807  -0.0630451954
       -0.0091855218  -0.0210138497  -0.0067990628  -0.0041476034   0.0170843097
       -0.0035278203  -0.0237887187  -0.0287124089  -0.1501089018   0.0185490487
       -0.0018725218  -0.0020987095   0.0023017160   0.0067483536   0.0036659068
        0.0036246409  -0.0019741850  -0.0015218404   0.0005231507   0.0031502414
       -0.0018875329  -0.0029106922  -0.0131714001  -0.0129875993  -0.0091961660
       -0.0002886226  -0.0000321838  -0.0002367442  -0.0014253295  -0.0049505107
        0.0000217027  -0.0001337637  -0.0000642711  -0.0002182156   0.0000070500
       -0.0001568926   0.0001479612   0.0002403057   0.0001072887  -0.0003415106
       -0.0034946350  -0.0043844629  -0.0000651711  -0.0012897538   0.0000983837
        0.0027023588   0.0193986255   0.0013843483   0.0119764933  -0.0067342125
       -0.0016198414  -0.0050365641  -0.0002329000   0.0002992570  -0.0013342483
       -0.0033146371  -0.0054715363   0.0037362451  -0.0032118754  -0.0248746876
        0.0049914336   0.0000574709  -0.0000196392   0.0000522558  -0.0008535503
       -0.0007756724  -0.0001196566  -0.0001786203  -0.0007094832  -0.0001778665
       -0.0001759791   0.0002166044   0.0001983202   0.0005284570   0.0012207644
       -0.0004568783   0.0000349681  -0.0000970048   0.0000508706  -0.0000789506
        0.0000680019   0.0000942040  -0.0001510393  -0.0000453630  -0.0000769185
       -0.0152208393  -0.0039903621   0.4429618493   0.0135728220  -0.0136565286
       -0.0665801273  -0.0022322539   0.0022142045   0.0020074122  -0.0002218048
       -0.0001307599   0.0001848381   0.0093169051   0.0098691095  -0.0060648217
        0.0270659641   0.0201165321  -0.1433129463  -0.0489094716  -0.0085651405
       -0.0958858506   0.0021435679  -0.0037402152   0.0058674387   0.0143535004
       -0.0091927524  -0.0133814414   0.0093820266   0.0193236923  -0.0631573233
        0.0008940214   0.0017094147  -0.0014599931  -0.0059411595   0.0085833274
        0.0042437497  -0.0004834157  -0.0001683309   0.0002137142   0.0206174780
       -0.0211587320  -0.0144163079  -0.0155693288  -0.0264119214  -0.0043157679
       -0.0000659009  -0.0004947976  -0.0002023106   0.0000041503   0.0013524277
       -0.0000843201  -0.0001427251  -0.0001233825  -0.0001625902   0.0000722441
        0.0000714393  -0.0000817554  -0.0000299888  -0.0002111546   0.0000256989
       -0.0002802526   0.0008070817  -0.0004666597   0.0050152308   0.0057244487
       -0.0222182079  -0.0036264784   0.0006098320  -0.0012974258  -0.0211272061
       -0.0057498838  -0.0166028380   0.0000089243  -0.0003381298   0.0010041800
        0.0111185727   0.0233916431  -0.0072142592   0.0000649541   0.0000859980
        0.0004743553   0.0000630344  -0.0000988630  -0.0001983387   0.0002355774
        0.0007623366   0.0002412765  -0.0000053635  -0.0007803120  -0.0001559764
        0.0000437195   0.0002490219   0.0000155032  -0.0001847066   0.0000376634
        0.0006126723   0.0000133973   0.0000987176   0.0000459398   0.0000827658
       -0.0001164813  -0.0003817287  -0.0000279604  -0.0000791430  -0.0002576381
       -0.0968364230   0.0391660112   0.0135728220   0.4521729713   0.0250562940
       -0.0041431850  -0.0759778090  -0.0368437505   0.0026353696  -0.0075900504
       -0.0130459852   0.0047839390   0.0012418917  -0.0004196893  -0.0010198292
       -0.0083482366   0.0068930146   0.0060885601  -0.0244333339   0.0165703968
        0.0002623961   0.0001269279   0.0004274013  -0.0003616063  -0.0009589712
        0.0000266987   0.0019495379   0.0055586023  -0.0015889213  -0.0013981679
       -0.0001414864  -0.0002818257  -0.0000173733  -0.1536943069  -0.0118582778
       -0.0429670878  -0.0366403513  -0.0114788748  -0.0027817215  -0.0431177234
       -0.0040905789   0.0310199950  -0.0005126837   0.0001662616  -0.0006171922
       -0.0046924069  -0.0000747952  -0.0060281876   0.0065373775   0.0181253363
       -0.0020879523  -0.0086829869  -0.0200819367  -0.0001133223   0.0002183917
        0.0001039268  -0.0001205250  -0.0014742072  -0.0008701061   0.0029868017
        0.0002055270  -0.0000134621  -0.0000833816   0.0003748813   0.0000257055
       -0.0008106275  -0.0043256378  -0.0001206600  -0.0016816817   0.0008687955
        0.0007510983   0.0012135669   0.0000666044  -0.0001035080  -0.0000332265
        0.0000063333  -0.0007089615  -0.0000884545   0.0000101850  -0.0020757153
        0.0007906607   0.0000108914   0.0000372100   0.0000103601   0.0000284945
       -0.0000929025  -0.0000001002  -0.0007264793  -0.0050031748   0.0000287194
       -0.0001444658   0.0024650700  -0.0008903551  -0.0001415148  -0.0005700872
       -0.0000904772   0.0003438146  -0.0001392986   0.0005758362  -0.0000275069
        0.0000428602  -0.0000891598   0.0006948919  -0.0003947740  -0.0004949502
        0.0457686855  -0.1009973021  -0.0136565286   0.0250562940   0.4240908590
       -0.0170726478  -0.0386034133  -0.1549665614   0.0099411567  -0.0058390206
       -0.0052559917   0.0070625436   0.0007472384  -0.0000176850  -0.0003763091
        0.0027501640  -0.0008742763  -0.0048532315   0.0036828739  -0.0000114281
        0.0011377257  -0.0001474094  -0.0002907596  -0.0001577316  -0.0008511333
        0.0012873174   0.0009383140   0.0146564361  -0.0259643239  -0.0037938392
        0.0000315416  -0.0000333391   0.0000269196  -0.0186288976  -0.0620130355
       -0.0046751669  -0.0150886545  -0.0012516913  -0.0036303736  -0.0029212775
       -0.0420143457   0.0197015450   0.0001994098   0.0003494038   0.0001363194
        0.0064291788   0.0009875062   0.0021327085  -0.0061039415  -0.0242145968
        0.0025808194  -0.0071145755  -0.0120447435   0.0006638102  -0.0000992550
        0.0001686059   0.0001963078   0.0003609572   0.0008198388   0.0005824033
        0.0000130670  -0.0000587135   0.0000330402   0.0000658871   0.0003240234
        0.0004976029  -0.0002204594   0.0002998908  -0.0004184005  -0.0005620072
        0.0001705539  -0.0005761008  -0.0000542321  -0.0001260526   0.0000408358
        0.0014041373   0.0008169511  -0.0011117927  -0.0010237812  -0.0048041501
        0.0002307395  -0.0000231041   0.0000284066  -0.0000277446  -0.0000463223
        0.0000222979   0.0000253551  -0.0051120940   0.0084716999   0.0045107311
        0.0004992824  -0.0031769362  -0.0022970392   0.0001099333   0.0001157225
        0.0001692187  -0.0000250718  -0.0002741359  -0.0002759587   0.0002056224
        0.0002408129  -0.0000377101   0.0004839411   0.0001961781   0.0023524785
        0.0214646911  -0.0198300572  -0.0665801273  -0.0041431850  -0.0170726478
        0.5034152945   0.0068880579   0.0181274501  -0.0682522753   0.0103774283
        0.0208251170  -0.0039822677  -0.0013978383  -0.0001115397   0.0015121468
        0.0166019014  -0.0153659696  -0.0071395095  -0.0105044492   0.0085716516
        0.0011500954   0.0001208288   0.0003266260  -0.0002040373   0.0048939012
       -0.0015827730  -0.0064013128  -0.0020064381   0.0012633034   0.0003193735
       -0.0000105817  -0.0001087338   0.0000276642  -0.0528378386  -0.0054325669
       -0.0885897899   0.0081791487   0.0009149224   0.0044630544   0.0313022330
        0.0189948417  -0.2540713282   0.0002343225   0.0005487770   0.0003246378
       -0.0216239658  -0.0013201124  -0.0109481215  -0.0001265002   0.0009839195
        0.0007399823  -0.0078564824  -0.0195952774   0.0004220239  -0.0000437816
        0.0001818865   0.0000034617   0.0029957624   0.0013227780  -0.0034843803
       -0.0002670152   0.0000423489   0.0000122584   0.0000869374  -0.0007113636
        0.0005684904  -0.0032775971   0.0001922980  -0.0013722488  -0.0016151896
        0.0009010573   0.0006271589   0.0000242042   0.0001235341   0.0000425512
       -0.0002523025   0.0013133583   0.0004655153   0.0000567336   0.0015378829
       -0.0000076331  -0.0000265716  -0.0000048214  -0.0000154493  -0.0000553751
       -0.0000522303  -0.0000088143   0.0020976794   0.0043740949   0.0003722169
        0.0022728679  -0.0004587188   0.0002667609  -0.0001187767  -0.0005689208
       -0.0001165199  -0.0001826841  -0.0002093442   0.0004471110   0.0000171429
       -0.0001267011   0.0003336111  -0.0012672680   0.0020059303  -0.0043395931
        0.0056947349   0.0136785602  -0.0022322539  -0.0759778090  -0.0386034133
        0.0068880579   0.5117928378  -0.0327037937   0.0285824454  -0.1031937245
       -0.0085495281   0.0546574172  -0.0173965504   0.0040593872   0.0173388905
        0.0006979905  -0.0013021670  -0.0007221560   0.0000755625   0.0000548443
        0.0001795261  -0.0012786578   0.0006936076   0.0008826091   0.0000050622
        0.0001926527  -0.0000102743  -0.0023932910   0.0025839793   0.0006018172
        0.0001749131   0.0001547569   0.0001804511  -0.0142166562  -0.0224878036
        0.0021793502  -0.0026214633  -0.0007424622  -0.0024434526  -0.0026773381
       -0.0088364732   0.0025646543   0.0003566139   0.0001730193   0.0001717467
        0.0006704221   0.0005826028   0.0007779839  -0.1725476232   0.1147200093
       -0.0063264852  -0.1204342227  -0.0264466565  -0.1071886462   0.0086039075
        0.0023299301  -0.0117271872  -0.0109803577  -0.0045614863   0.0149593944
       -0.0022815366   0.0035981486   0.0009565103   0.0000829960   0.0000537147
        0.0001058883   0.0000765100   0.0000676957   0.0001207680  -0.0001402941
        0.0002727049  -0.0000762842  -0.0000412558  -0.0000323440  -0.0000374767
       -0.0000586172   0.0000450810   0.0000000031   0.0001781215   0.0010395472
       -0.0001589730  -0.0000523021   0.0001160438   0.0000381193  -0.0000048750
        0.0000021553   0.0000331895  -0.0015307258   0.0010241137   0.0008936708
        0.0001622797  -0.0004097475  -0.0004147157  -0.0000790964   0.0000186678
        0.0000657238  -0.0007144331  -0.0006021522  -0.0009992009   0.0000027107
       -0.0000670210  -0.0000407293   0.0000461676  -0.0001161738   0.0001996180
       -0.0013526356  -0.0267303782   0.0022142045  -0.0368437505  -0.1549665614
        0.0181274501  -0.0327037937   0.4656708469   0.0061785267  -0.0058243050
       -0.0656119250   0.0069225695   0.0131320934   0.0003788736  -0.0161516920
       -0.0007319886   0.0013718050   0.0006506814  -0.0002712322  -0.0001615001
       -0.0000869857   0.0002240201   0.0005982108  -0.0000945659  -0.0002852155
        0.0004356840   0.0002820994   0.0029949696  -0.0023443844  -0.0006306895
       -0.0000231086  -0.0002563431  -0.0000847421  -0.0095781825  -0.0072614862
       -0.0024797522   0.0004078095  -0.0001694706  -0.0007819348  -0.0050995621
       -0.0086023771   0.0028704919  -0.0002021230   0.0000001807  -0.0002333168
        0.0002658783  -0.0003455106   0.0004036324   0.1150605138  -0.1415721395
        0.0040591439  -0.0266503690  -0.0525530659  -0.0404459212  -0.0000877117
        0.0005898072  -0.0002950704  -0.0163595897  -0.0046524648   0.0208743097
        0.0034637935  -0.0029940263  -0.0011445837  -0.0000356041  -0.0000668058
       -0.0001999420  -0.0001334213  -0.0001095285  -0.0001980307   0.0002190155
       -0.0000185119  -0.0001702462  -0.0000425137  -0.0000908833  -0.0000072892
        0.0001491112   0.0002073857  -0.0001822510  -0.0002070371  -0.0011650623
        0.0001154280   0.0000556499  -0.0000591998  -0.0001102098   0.0000310331
        0.0000361064   0.0000260164  -0.0000432602   0.0003340794   0.0002430464
        0.0001279199  -0.0000747353  -0.0001833365   0.0000242000  -0.0000972068
       -0.0000135090   0.0001975660   0.0003087875   0.0004951221  -0.0000171140
       -0.0001487372  -0.0001053699   0.0001389442   0.0001205367   0.0001367162
       -0.0018865274  -0.0046485520   0.0020074122   0.0026353696   0.0099411567
       -0.0682522753   0.0285824454   0.0061785267   0.4845150419   0.0567973848
        0.0113421943  -0.1544397524   0.0083183212  -0.0041135816  -0.0042478861
       -0.0001350673   0.0002439516   0.0001353458   0.0001128447  -0.0002874824
       -0.0002831425  -0.0006080743   0.0002761000   0.0007785617  -0.0004496662
        0.0003704409   0.0002529171   0.0007499794  -0.0010698809   0.0002209971
        0.0000319640   0.0000094711  -0.0001626572  -0.0038853159  -0.0110308067
        0.0026281645  -0.0022337179  -0.0004781487  -0.0003734058   0.0107289399
        0.0262784465  -0.0082560380   0.0000992075   0.0003901796   0.0001348515
        0.0004900663   0.0000473996  -0.0000950848  -0.0059075088   0.0037130458
       -0.0421393094  -0.1072841401  -0.0402270513  -0.1852801551   0.0134155252
        0.0026009672  -0.0258076804   0.0023926466   0.0015203129  -0.0025234844
       -0.0000614415  -0.0003990719   0.0008014060  -0.0000427160  -0.0001008918
       -0.0001561145  -0.0000066564  -0.0001864178   0.0000041629  -0.0001705348
        0.0005472259  -0.0000232077   0.0000353354  -0.0000219812  -0.0000257391
       -0.0000182100  -0.0000709879   0.0000153765  -0.0000960636  -0.0002560158
        0.0001780002  -0.0000167524  -0.0000627129  -0.0001033872  -0.0000572656
        0.0000321769   0.0000475975  -0.0005333253   0.0004249830   0.0006992679
       -0.0000512022  -0.0001408462   0.0000967954  -0.0001120287  -0.0000506689
       -0.0000189618  -0.0007654853  -0.0003002284  -0.0003066534  -0.0001309525
       -0.0003157618  -0.0001408493   0.0000626221  -0.0001554903   0.0001198861
        0.0003586003   0.0012789716  -0.0002218048  -0.0075900504  -0.0058390206
        0.0103774283  -0.1031937245  -0.0058243050   0.0567973848   0.4709359043
        0.0352808037   0.0411366303  -0.1075915929   0.0588862403   0.0113813816
        0.0070317393  -0.0044261507  -0.0005866303  -0.0005709155  -0.0001558788
        0.0000573600  -0.0163345498   0.0137179585  -0.0099378496  -0.0004031604
       -0.0042969632  -0.0009274144  -0.0001427714   0.0001265196  -0.0000213552
        0.0012779867   0.0013880195  -0.0002184967  -0.0001961111  -0.0004258514
        0.0000619460  -0.0000783125  -0.0000293440  -0.0000142773  -0.0002966006
       -0.0012381762   0.0002817747   0.0000727442  -0.0001306176  -0.0000336068
        0.0001388314   0.0006182729  -0.0000807562  -0.0150902361   0.0004578428
        0.0208974007   0.0077974362  -0.0003882332  -0.0113375909  -0.1159633269
        0.0018542814  -0.1084558404  -0.1060649491  -0.1035183875  -0.0123948517
       -0.0140810035   0.0163073954   0.0040674180   0.0006395797  -0.0016216100
       -0.0002146745   0.0000749009   0.0000914259   0.0000205779   0.0000085829
        0.0000088368   0.0000497108   0.0003127326  -0.0007474214  -0.0002594580
       -0.0000030209  -0.0000305664  -0.0000205864   0.0000107233   0.0000365812
       -0.0000022621   0.0006786234  -0.0012621587  -0.0007247391  -0.0003265132
        0.0005468060   0.0002555267  -0.0000929945   0.0000449837   0.0000248749
       -0.0000311777  -0.0000390414  -0.0000444672  -0.0000580028   0.0001106985
        0.0000702765  -0.0011028054  -0.0004611387   0.0000129262  -0.0001224704
       -0.0001232039  -0.0000465020  -0.0000040957  -0.0001975694   0.0000505464
        0.0002416696   0.0025112385  -0.0001307599  -0.0130459852  -0.0052559917
        0.0208251170  -0.0085495281  -0.0656119250   0.0113421943   0.0352808037
        0.4962421300   0.0030320472   0.0570505252  -0.1330567605  -0.0112860366
        0.0125672696  -0.0297034552  -0.0032596905  -0.0002929535   0.0004766743
        0.0000132633   0.0097286266  -0.0045941083   0.0088693332  -0.0027169300
       -0.0060290585  -0.0001658054  -0.0002142990  -0.0000285686  -0.0001876746
       -0.0017142394  -0.0011104597  -0.0013430242  -0.0001555105  -0.0002435917
        0.0002733340  -0.0003133961  -0.0000763411  -0.0000991724  -0.0023295586
       -0.0044179950   0.0020399136   0.0001846365   0.0000913150   0.0000866374
       -0.0001095839  -0.0002353989  -0.0001303013   0.0116694542   0.0009023260
       -0.0158898017   0.0022997648   0.0007475738  -0.0034344142   0.0022645984
       -0.0430113241   0.0064140923  -0.1040736818  -0.2079050134  -0.0159718259
        0.0005727774   0.0006527026  -0.0007928389   0.0016660431   0.0004474910
        0.0004947230  -0.0000526034   0.0000540161  -0.0001152375   0.0000379221
       -0.0000589108   0.0000615869   0.0007116289  -0.0013132819  -0.0005160073
        0.0000044126   0.0000863304  -0.0000147235   0.0000229196   0.0001005332
       -0.0000789478  -0.0002557318   0.0002900806   0.0001265607  -0.0001229685
       -0.0000992500  -0.0001106557  -0.0001178578   0.0000883231   0.0000084452
        0.0000204283  -0.0000218514  -0.0000676756  -0.0000425286   0.0000007604
        0.0000118804   0.0000042380  -0.0000001545  -0.0001277866  -0.0001475718
        0.0001453681   0.0000195034  -0.0000727907  -0.0000634228   0.0001037472
        0.0002514250  -0.0009169240   0.0001848381   0.0047839390   0.0070625436
       -0.0039822677   0.0546574172   0.0069225695  -0.1544397524   0.0411366303
        0.0030320472   0.5007520700   0.0029553165  -0.0024212777  -0.0610104304
        0.0016864040  -0.0044866041   0.0002326152   0.0003227640  -0.0010484476
       -0.0013453816  -0.0176073834   0.0189152956  -0.0010925785  -0.0007156555
       -0.0017679553   0.0000753605   0.0001474226   0.0000905476   0.0000144066
       -0.0000865069   0.0008081374  -0.0010655810   0.0001128958  -0.0000490762
        0.0000007152   0.0002001045   0.0000978251  -0.0001757132   0.0006947262
        0.0007851573   0.0006933252  -0.0000550211  -0.0000421395  -0.0000457367
        0.0004579312   0.0003343693  -0.0004523268   0.0028186421  -0.0004614919
       -0.0023489555   0.0137493663   0.0015638200  -0.0293657463  -0.1093216442
        0.0067603716  -0.1995593175  -0.0119975417  -0.0155089672  -0.0444494761
        0.0153111158  -0.0165871889  -0.0026673684   0.0004208747  -0.0012216279
        0.0003379307  -0.0000667857  -0.0001041263   0.0001919836   0.0002262047
        0.0001258092  -0.0003453927   0.0002086988  -0.0003900264  -0.0000565085
       -0.0000471816  -0.0000399523   0.0000533483  -0.0000224862  -0.0000529983
        0.0000026510   0.0008850339  -0.0017695483  -0.0010198617  -0.0004790087
        0.0007126810   0.0004145668  -0.0000815241   0.0000082102   0.0000314015
       -0.0000064071  -0.0000533372   0.0000506971   0.0000128468   0.0000503078
        0.0000268495  -0.0006930963  -0.0000529546   0.0003905693  -0.0000105638
       -0.0003225233  -0.0000248143   0.0001510469   0.0000274743  -0.0000061193
       -0.0114749066  -0.0176717171   0.0093169051   0.0012418917   0.0007472384
       -0.0013978383  -0.0173965504   0.0131320934   0.0083183212  -0.1075915929
        0.0570505252   0.0029553165   0.4866692716   0.0202602093  -0.0581397357
       -0.1022285378  -0.0601870555  -0.0060994965   0.0052736684  -0.0052821755
        0.0040871252  -0.0853259900   0.0099768590  -0.0495273145   0.0114253320
        0.0153577965   0.0017660572  -0.0012754082  -0.0005715795   0.0026140956
       -0.0176243676   0.0008472027  -0.0250892753  -0.0003788386  -0.0000797456
       -0.0000991284   0.0001035501   0.0000536663   0.0000452753   0.0001926133
        0.0001011386  -0.0001244128   0.0001774487   0.0003307437   0.0000131279
       -0.0000148098   0.0001061799  -0.0000087248  -0.0021351168   0.0002311232
        0.0035015017   0.0004851540  -0.0002039265  -0.0005389658  -0.0147316729
        0.0159622892  -0.0017268235   0.0075912069  -0.0089820689  -0.0007939012
       -0.1367220841  -0.0230786637   0.1132682267  -0.0132541343  -0.0157278995
       -0.0026915968  -0.0006571547  -0.0012448731   0.0012437878  -0.0008514807
       -0.0006765821   0.0005541922  -0.0012816146   0.0034491187   0.0012758700
       -0.0003209339  -0.0008159026   0.0003335548  -0.0000311513   0.0000361050
        0.0001030802   0.0004838508  -0.0061452802  -0.0035818807  -0.0005238741
        0.0030936688   0.0004522527   0.0000621011   0.0000152136   0.0000023934
        0.0000010007  -0.0000111657   0.0000172766   0.0000616309  -0.0000661518
       -0.0000622111  -0.0000340845   0.0001940283   0.0000321613   0.0000540453
       -0.0001846172  -0.0000636519   0.0000315383  -0.0000157955   0.0000444361
       -0.0100856702  -0.0113422490   0.0098691095  -0.0004196893  -0.0000176850
       -0.0001115397   0.0040593872   0.0003788736  -0.0041135816   0.0588862403
       -0.1330567605  -0.0024212777   0.0202602093   0.4520396259  -0.0338019925
       -0.0567033163  -0.1345312714  -0.0097011078   0.0005423531  -0.0042746759
        0.0168185650   0.0043467880  -0.0633186457   0.0154201265  -0.0082943751
       -0.0328329458  -0.0063604681  -0.0009868396   0.0000958813   0.0013660570
       -0.0033336241   0.0036773244  -0.0091920571  -0.0002656244  -0.0000877242
        0.0000589240  -0.0000141899   0.0000055615   0.0000469827   0.0000622809
        0.0000443528  -0.0000680218   0.0002338938   0.0004611236  -0.0000068451
        0.0001058416  -0.0001876674  -0.0000620516  -0.0007291593   0.0007637893
        0.0002895935  -0.0002478438   0.0002066074   0.0002804249   0.0058239477
       -0.0053247409   0.0013714905   0.0164079747  -0.0253618546  -0.0024779278
       -0.0234543797  -0.0431843434   0.0235698409  -0.0010537107  -0.0004078300
       -0.0004258136  -0.0006544044  -0.0011749646   0.0004631829  -0.0009680075
       -0.0016246434   0.0008384239   0.0016568710  -0.0046116086  -0.0015670607
       -0.0001463448  -0.0004755508   0.0001669164   0.0000037079   0.0001453013
       -0.0000269560  -0.0071888543   0.0065675127   0.0022128481   0.0022690309
       -0.0025968228  -0.0022845522   0.0000310249   0.0000231400  -0.0000014050
        0.0000138230   0.0000091116  -0.0000299637  -0.0000942765  -0.0000861126
        0.0000113540  -0.0000512459   0.0000432111  -0.0000337984  -0.0000396790
       -0.0000088821  -0.0001034681   0.0000278605   0.0000455622   0.0000060486
        0.0122309429   0.0193539704  -0.0060648217  -0.0010198292  -0.0003763091
        0.0015121468   0.0173388905  -0.0161516920  -0.0042478861   0.0113813816
       -0.0112860366  -0.0610104304  -0.0581397357  -0.0338019925   0.5234944665
       -0.0057101512  -0.0087953467  -0.0651961368  -0.0001023387   0.0145966423
       -0.0230977990  -0.0498440533   0.0237715335  -0.1680212769  -0.0033965351
       -0.0118941117   0.0002752634   0.0011757224   0.0007485733  -0.0047908714
       -0.0126276264  -0.0018605415  -0.0137142033   0.0001544337   0.0000454576
       -0.0002278070  -0.0000097671  -0.0000410770  -0.0000075814  -0.0001552540
       -0.0001881397   0.0000418847  -0.0003920366  -0.0007785336   0.0004030719
       -0.0003118784   0.0000492650   0.0000666337   0.0031446690  -0.0003139197
       -0.0037264967  -0.0000820121  -0.0002111398   0.0003470178  -0.0166015762
        0.0179291919   0.0002580352   0.0014873007  -0.0027439157   0.0001414698
        0.1128230258   0.0218965875  -0.1739036225  -0.0139960676  -0.0154737830
       -0.0017617362   0.0005082135   0.0009342655  -0.0018260094   0.0008591656
        0.0023247590  -0.0019849924   0.0009814228  -0.0011383065   0.0001522198
        0.0005134519   0.0012450682  -0.0003819717   0.0000574547   0.0000083997
       -0.0000493429  -0.0027893544   0.0030396104   0.0029830468   0.0022532458
       -0.0009464252   0.0001565956  -0.0000350905   0.0000051163   0.0000012504
       -0.0000230444   0.0000066225   0.0000489100   0.0001263124   0.0001085463
       -0.0000630084   0.0001723658  -0.0000049159  -0.0000037247   0.0001393362
       -0.0000231292   0.0001759712  -0.0001109845  -0.0000342941   0.0000217353
       -0.0658263275  -0.0067189382   0.0270659641  -0.0083482366   0.0027501640
        0.0166019014   0.0006979905  -0.0007319886  -0.0001350673   0.0070317393
        0.0125672696   0.0016864040  -0.1022285378  -0.0567033163  -0.0057101512
        0.4788228358   0.0052919760   0.0701870914   0.0029285250  -0.0011278060
       -0.0179330342  -0.0157479091  -0.0163071481  -0.0172806377  -0.1357062649
        0.0763613008   0.0312084471  -0.0067143889  -0.0078964287   0.0103803297
       -0.0007458420   0.0003490309  -0.0025858121   0.0003172024  -0.0006049532
        0.0003349777  -0.0001356702  -0.0000804822   0.0001141788  -0.0015026863
        0.0018518378   0.0007908688   0.0009599022   0.0009287011   0.0019519413
        0.0013744485  -0.0004881185  -0.0009354740  -0.0001034383  -0.0001194109
        0.0000937697  -0.0000975282   0.0001345166  -0.0001579845   0.0006314898
        0.0018384655   0.0003447084  -0.0015416661   0.0037358941   0.0003800082
       -0.0123334312  -0.0167115290  -0.0013164428  -0.1465422296   0.0110193032
       -0.1060266802  -0.0001353700   0.0005108709  -0.0004708957  -0.0033917971
       -0.0011008413  -0.0028244363   0.0130136043  -0.0093596104  -0.0060226572
       -0.0005742309  -0.0017091014   0.0006959816  -0.0001318009   0.0009320680
       -0.0001239954  -0.0010429864   0.0003774860  -0.0002492429   0.0001957072
        0.0000514770  -0.0000658170   0.0000229649  -0.0000047163   0.0000166441
       -0.0000611224   0.0000776287  -0.0000772222  -0.0004485100  -0.0000349464
        0.0002232413  -0.0002179196   0.0001135873   0.0000738199  -0.0026070336
        0.0006285677  -0.0003293593   0.0001885175   0.0001791902   0.0000946325
       -0.0084978169  -0.0609717262   0.0201165321   0.0068930146  -0.0008742763
       -0.0153659696  -0.0013021670   0.0013718050   0.0002439516  -0.0044261507
       -0.0297034552  -0.0044866041  -0.0601870555  -0.1345312714  -0.0087953467
        0.0052919760   0.4484128808   0.0151077775   0.0000338853   0.0008168599
        0.0016251164  -0.0069970784  -0.0001717703  -0.0088787045   0.0503600372
       -0.1358402479  -0.0287135069  -0.0094039044  -0.0060276382   0.0242627065
        0.0002858254  -0.0004277404   0.0003356638  -0.0003290457   0.0002629538
       -0.0003477945   0.0002140199   0.0001849908  -0.0000354124   0.0024346891
       -0.0020386022  -0.0017436308   0.0005291714   0.0015161523   0.0000219104
       -0.0005967365   0.0000661616   0.0001752424  -0.0002001633   0.0001847706
        0.0001943472   0.0001331826  -0.0000833492  -0.0001467329  -0.0011086837
        0.0004546035  -0.0005105644   0.0023471202  -0.0032330132  -0.0009373611
       -0.0043860510  -0.0050932694  -0.0003914313   0.0098137099  -0.0389957951
        0.0146732739   0.0003684810  -0.0003007978   0.0005446966  -0.0000958659
       -0.0003682148   0.0001434475   0.0188736733  -0.0288276582  -0.0095944949
       -0.0018443002  -0.0050888575   0.0016208564   0.0001794984  -0.0003534528
        0.0003668682   0.0002971077  -0.0000848249   0.0002486559  -0.0001101974
        0.0002267639   0.0000365505  -0.0000209841   0.0000782177  -0.0000002050
        0.0000517018  -0.0000528853   0.0000074124   0.0005858014  -0.0003983173
       -0.0001258670   0.0001364082  -0.0000621109   0.0000844462   0.0007948072
       -0.0000413129   0.0002796762  -0.0001179097  -0.0000055722  -0.0000155058
        0.0227980151   0.0183539991  -0.1433129463   0.0060885601  -0.0048532315
       -0.0071395095  -0.0007221560   0.0006506814   0.0001353458  -0.0005866303
       -0.0032596905   0.0002326152  -0.0060994965  -0.0097011078  -0.0651961368
        0.0701870914   0.0151077775   0.4787031929  -0.0067300716  -0.0030967761
       -0.0318305648  -0.0142394534  -0.0178148994  -0.0112676224   0.0258538518
       -0.0358916369  -0.0604853311   0.0069443819   0.0071345352  -0.0049676095
       -0.0016229924   0.0007000141  -0.0039702180   0.0000223432   0.0003886770
        0.0015919031  -0.0000372735   0.0003456680  -0.0004173418   0.0001504047
       -0.0000723628   0.0002604151  -0.0017325379  -0.0007057965  -0.0023080185
        0.0009908193  -0.0004989352  -0.0006011873  -0.0000453634   0.0003647426
        0.0000780057  -0.0001579929  -0.0001757337  -0.0001510416  -0.0000634561
        0.0011902900   0.0002244266  -0.0001961013  -0.0004016992   0.0003387321
        0.0138486178   0.0178328841   0.0024617371  -0.1102719385   0.0180240247
       -0.1459900371  -0.0000271094   0.0000221459   0.0001023866  -0.0028715747
       -0.0000197609  -0.0031241201   0.0014597296  -0.0040810070  -0.0033685749
       -0.0000195226   0.0000690367   0.0002707824  -0.0001096232  -0.0003366962
        0.0001751853  -0.0016606272   0.0006276721   0.0000174041   0.0004428547
       -0.0000272535  -0.0002806816  -0.0002440031  -0.0001735204  -0.0000607318
        0.0000433507   0.0000566781  -0.0000262045  -0.0000057404  -0.0001065486
        0.0003802617  -0.0000361876   0.0000520259   0.0001032648  -0.0015098193
        0.0003542857  -0.0004249782   0.0001596510  -0.0000584818  -0.0001528025
       -0.1313209182  -0.0103846807  -0.0489094716  -0.0244333339   0.0036828739
       -0.0105044492   0.0000755625  -0.0002712322   0.0001128447  -0.0005709155
       -0.0002929535   0.0003227640   0.0052736684   0.0005423531  -0.0001023387
        0.0029285250   0.0000338853  -0.0067300716   0.4342285349  -0.0369156840
       -0.0116989867  -0.0988029096  -0.0488332844   0.0383827234   0.0000435514
        0.0004724043   0.0002759395  -0.0124750687  -0.0061773244  -0.0087365675
       -0.0180125619  -0.0201888484   0.0129085571  -0.0017356013   0.0031233627
        0.0009389231  -0.0003815280  -0.0000811440  -0.0002311821   0.0003735526
       -0.0005756110  -0.0016016121  -0.0011805265  -0.0020249194   0.0001355737
       -0.0003310312  -0.0001099006  -0.0003016852  -0.0000748013  -0.0001438174
       -0.0001150363  -0.0002676635   0.0003594727  -0.0002511539  -0.0000820182
       -0.0001060808  -0.0000916153   0.0000877044  -0.0000024172  -0.0000962832
       -0.0004944702  -0.0006154440  -0.0008044711  -0.0001879182  -0.0008777624
        0.0005552628  -0.1019241226   0.1065731157  -0.0081212690  -0.0514200457
        0.0157788082   0.0460227521  -0.0002106006  -0.0000482919  -0.0000249320
        0.0002070767   0.0002311436  -0.0000372763   0.0007710969   0.0015893393
       -0.0000158269  -0.0002551292   0.0022765882   0.0023426079   0.0005004216
       -0.0067135394  -0.0035416704   0.0000179939  -0.0004123947  -0.0000718396
       -0.0000369101   0.0001433328   0.0000158383  -0.0001432216  -0.0000205050
        0.0000810739  -0.0000281433  -0.0000197912   0.0000084975  -0.0000866047
       -0.0000073988   0.0000349980  -0.0000516442   0.0000163454  -0.0001506173
       -0.0098323177  -0.0630451954  -0.0085651405   0.0165703968  -0.0000114281
        0.0085716516   0.0000548443  -0.0001615001  -0.0002874824  -0.0001558788
        0.0004766743  -0.0010484476  -0.0052821755  -0.0042746759   0.0145966423
       -0.0011278060   0.0008168599  -0.0030967761  -0.0369156840   0.4794654775
        0.0060593618  -0.0460971636  -0.1224466600   0.0512673216  -0.0001645588
        0.0008334376  -0.0003448964  -0.0165222370  -0.0061331494  -0.0121057758
       -0.0142038196  -0.0146583654   0.0063841080   0.0020242746  -0.0024018018
       -0.0010977410   0.0005922224   0.0002748133   0.0002618347   0.0004253608
        0.0003903646   0.0006462540  -0.0051040476  -0.0059250454  -0.0023393207
        0.0001461436   0.0001301661   0.0000814131   0.0001566708   0.0001027712
        0.0002067609   0.0009181186  -0.0008048055   0.0003602398  -0.0000889652
        0.0001014799   0.0000225909  -0.0000701815   0.0000688192   0.0001021785
        0.0006002104  -0.0004703571   0.0014140879  -0.0005724209  -0.0001682545
       -0.0001078548   0.1033014671  -0.2056618297   0.0096411192   0.0163191372
       -0.0612247758  -0.0707974514  -0.0001538878   0.0000869433   0.0002028962
        0.0000077782   0.0000745247  -0.0000356812  -0.0025116589   0.0005407073
       -0.0014313957   0.0028838579  -0.0023934838  -0.0010441340  -0.0056154042
        0.0063863136   0.0024236099   0.0000413898   0.0004178339   0.0000619856
        0.0000448293  -0.0001327866  -0.0000750469   0.0002772629  -0.0002926562
       -0.0001052024   0.0000041342   0.0000525850  -0.0000031131  -0.0000092135
       -0.0000121316   0.0000778755   0.0000593214  -0.0000008691   0.0001035286
       -0.0473641927  -0.0091855218  -0.0958858506   0.0002623961   0.0011377257
        0.0011500954   0.0001795261  -0.0000869857  -0.0002831425   0.0000573600
        0.0000132633  -0.0013453816   0.0040871252   0.0168185650  -0.0230977990
       -0.0179330342   0.0016251164  -0.0318305648  -0.0116989867   0.0060593618
        0.5313348015   0.0341240965   0.0462259708  -0.1011888876  -0.0013798275
        0.0005389088   0.0005148158  -0.0010752686  -0.0018170694   0.0004727017
        0.0012624076  -0.0013248600   0.0045454129   0.0004230372  -0.0006797034
       -0.0000707676   0.0000326888  -0.0001142996   0.0000198555   0.0018258386
       -0.0003444197   0.0012561343   0.0008218361   0.0010204051   0.0013720049
        0.0000493208   0.0000442335   0.0000025019   0.0000358048  -0.0000633386
        0.0001004039   0.0000091605  -0.0002330811   0.0004652434  -0.0003322472
        0.0001943235   0.0000290878  -0.0000906626   0.0000158046  -0.0000190343
       -0.0020140300   0.0010912648  -0.0038113608   0.0015798370   0.0009869222
       -0.0060251825  -0.0068331634   0.0072290411  -0.0402279837   0.0473922003
       -0.0697809405  -0.2403350341   0.0001367870   0.0000216964  -0.0002332684
       -0.0001675184   0.0001950782   0.0000516181   0.0002321763   0.0004583903
        0.0003611405   0.0007385636  -0.0020146970   0.0001347613  -0.0043379931
        0.0018673706   0.0024249038   0.0000813912   0.0001663760   0.0000513003
        0.0000196047  -0.0000338054   0.0000481960  -0.0002047450  -0.0000714736
       -0.0000886719   0.0000099427  -0.0000447775  -0.0000326473   0.0000299442
        0.0000691901   0.0000359703   0.0000406238   0.0000159653   0.0001046273
       -0.0227357024  -0.0210138497   0.0021435679   0.0001269279  -0.0001474094
        0.0001208288  -0.0012786578   0.0002240201  -0.0006080743  -0.0163345498
        0.0097286266  -0.0176073834  -0.0853259900   0.0043467880  -0.0498440533
       -0.0157479091  -0.0069970784  -0.0142394534  -0.0988029096  -0.0460971636
        0.0341240965   0.6806198518   0.2755057069   0.1770342267   0.0000967425
        0.0009899724   0.0004488989  -0.0027267153   0.0000616703  -0.0017301786
       -0.4117159738  -0.1973754044  -0.1340676682  -0.0005478712  -0.0000661442
       -0.0002507923   0.0001599950  -0.0000008676   0.0001159233  -0.0002563476
       -0.0000125298   0.0000966056  -0.0006824086  -0.0011129575  -0.0005505405
       -0.0000102326   0.0000074948  -0.0000079507   0.0000427419   0.0000116283
       -0.0002185956  -0.0003533673   0.0010827020   0.0004633811  -0.0028737615
        0.0031633566  -0.0009464389   0.0007879933  -0.0010064079   0.0002144660
        0.0072355685  -0.0009978052   0.0139064284  -0.0020513514  -0.0027204905
       -0.0008328219   0.0072068747   0.0050300181  -0.0040914299  -0.0039512567
       -0.0066211560   0.0068693147  -0.0000081198  -0.0001134223  -0.0000793206
        0.0000280772  -0.0001087256   0.0001600736   0.0000929065   0.0000560007
       -0.0001847298  -0.0142072943  -0.0050560739  -0.0081259774  -0.0168691116
       -0.0106492101  -0.0022741261   0.0001347650   0.0000408149   0.0000178209
       -0.0000186923  -0.0000114016  -0.0000068606  -0.0000432960  -0.0001783681
       -0.0000483688  -0.0000148725   0.0000367521  -0.0000405709  -0.0000789154
        0.0000046043  -0.0000135542   0.0001028621  -0.0000036905   0.0000532567
       -0.0127251873  -0.0067990628  -0.0037402152   0.0004274013  -0.0002907596
        0.0003266260   0.0006936076   0.0005982108   0.0002761000   0.0137179585
       -0.0045941083   0.0189152956   0.0099768590  -0.0633186457   0.0237715335
       -0.0163071481  -0.0001717703  -0.0178148994  -0.0488332844  -0.1224466600
        0.0462259708   0.2755057069   0.3808139953  -0.0343186420   0.0001160736
       -0.0004563881   0.0008591094  -0.0016888246  -0.0004007696  -0.0006313377
       -0.1977143434  -0.1440094512  -0.0515506237  -0.0001683700  -0.0001963952
       -0.0001473428   0.0000412128  -0.0000541123   0.0000678378  -0.0002443194
        0.0000180378   0.0000891334  -0.0002476723  -0.0001857810   0.0000523050
       -0.0000164292   0.0000734494   0.0000663265  -0.0000950575  -0.0000661747
        0.0002440297   0.0009243788  -0.0001625538  -0.0006250173   0.0033602015
       -0.0033603689   0.0001427262   0.0000629290  -0.0002373294   0.0005674424
        0.0012481458  -0.0000968441   0.0052936843  -0.0029206353  -0.0034135349
       -0.0002127643  -0.0136532791  -0.0245279515   0.0164945027   0.0034304026
        0.0045513358  -0.0005074341   0.0000311893  -0.0000526803  -0.0002914425
       -0.0000431674  -0.0001622623   0.0001367203  -0.0000581355  -0.0000457316
       -0.0000822773   0.0047785981   0.0019439099   0.0006967201  -0.0196715281
       -0.0128481523  -0.0043580168   0.0000571676   0.0000482167   0.0000362868
       -0.0000422299  -0.0000183065  -0.0000000400   0.0000114942  -0.0001227186
       -0.0000722944  -0.0000365067   0.0000021508   0.0000353669   0.0000428327
       -0.0000296289   0.0000230092   0.0000399591   0.0000188352   0.0000316206
       -0.0020144721  -0.0041476034   0.0058674387  -0.0003616063  -0.0001577316
       -0.0002040373   0.0008826091  -0.0000945659   0.0007785617  -0.0099378496
        0.0088693332  -0.0010925785  -0.0495273145   0.0154201265  -0.1680212769
       -0.0172806377  -0.0088787045  -0.0112676224   0.0383827234   0.0512673216
       -0.1011888876   0.1770342267  -0.0343186420   0.4429974121   0.0000505884
        0.0011946128  -0.0001145389  -0.0007638199   0.0001621183  -0.0016719872
       -0.1335961546  -0.0513050629  -0.1145875913  -0.0001767779   0.0000679889
        0.0000788657  -0.0000308934   0.0000369798  -0.0000668781   0.0002229944
        0.0000777221  -0.0001893496  -0.0007112097  -0.0008049935  -0.0006100182
        0.0001218922   0.0001215573  -0.0001971549   0.0002131210  -0.0000844209
       -0.0004218733   0.0004861270  -0.0008129322  -0.0000082551   0.0006067735
       -0.0008979095   0.0003733984   0.0005370449  -0.0003276173   0.0002227828
       -0.0095076233   0.0052027907  -0.0229294942  -0.0009898279  -0.0015906985
       -0.0011346858   0.0015871553   0.0058468647  -0.0013851950   0.0151342072
        0.0185504582  -0.0163887088   0.0003120015   0.0004419120   0.0001561242
        0.0001574875   0.0001512787  -0.0000967611  -0.0000855338   0.0001408805
       -0.0000259206  -0.0264171998  -0.0120279893  -0.0131394319   0.0159616085
        0.0079948330   0.0042256581   0.0000021278  -0.0000471118  -0.0000097869
        0.0000191943   0.0000091363  -0.0000231896  -0.0001031883  -0.0000343837
        0.0000496230  -0.0001345319   0.0000359656   0.0000214406  -0.0001252033
       -0.0000729796  -0.0000074824   0.0000519613   0.0000114664   0.0000114002
       -0.0159914663   0.0170843097   0.0143535004  -0.0009589712  -0.0008511333
        0.0048939012   0.0000050622  -0.0002852155  -0.0004496662  -0.0004031604
       -0.0027169300  -0.0007156555   0.0114253320  -0.0082943751  -0.0033965351
       -0.1357062649   0.0503600372   0.0258538518   0.0000435514  -0.0001645588
       -0.0013798275   0.0000967425   0.0001160736   0.0000505884   0.3527837541
        0.0894761339  -0.0420088498   0.0001336230   0.0013939857  -0.0005789428
        0.0002855380  -0.0001320967   0.0000255389   0.0008423880   0.0001957539
       -0.0002098491  -0.0001167784  -0.0000686931  -0.0000832846  -0.0011740969
        0.0011420396   0.0011460058  -0.0015564565  -0.0006826755   0.0006755159
       -0.0009010189   0.0001420306  -0.0001086701   0.0000468706  -0.0000912455
       -0.0000239483   0.0000039272  -0.0000781934   0.0001285464  -0.0000535884
       -0.0004369846   0.0002568581   0.0004576910  -0.0004669380   0.0001176226
        0.0008656563   0.0006478794  -0.0002240155  -0.0281053725   0.0313129728
        0.0046470490   0.0001527367  -0.0004399949   0.0002581481   0.0000167394
       -0.0001209257   0.0001409541  -0.1827992708  -0.1769417014  -0.0048165415
        0.0002310234   0.0001585364  -0.0001268097  -0.0001887084  -0.0004713455
        0.0004781158   0.0000343291   0.0000611542   0.0001121013  -0.0000399343
        0.0001192938   0.0000432673  -0.0000412418  -0.0000529502  -0.0000416068
        0.0000362590  -0.0000102503   0.0000204791   0.0003464750   0.0000430369
        0.0000734664   0.0000978012  -0.0001955329   0.0000502365   0.0003930103
        0.0001917366   0.0006326787  -0.0002621809   0.0000567661   0.0002057765
        0.0085825867  -0.0035278203  -0.0091927524   0.0000266987   0.0012873174
       -0.0015827730   0.0001926527   0.0004356840   0.0003704409  -0.0042969632
       -0.0060290585  -0.0017679553   0.0153577965  -0.0328329458  -0.0118941117
        0.0763613008  -0.1358402479  -0.0358916369   0.0004724043   0.0008334376
        0.0005389088   0.0009899724  -0.0004563881   0.0011946128   0.0894761339
        0.4757485266   0.0813078595  -0.0016836101  -0.0012808991   0.0001306997
       -0.0003364202   0.0001566789   0.0002343757  -0.0005200042  -0.0002810443
        0.0002520415   0.0000282394   0.0001697838   0.0000947998   0.0005579586
       -0.0006415840  -0.0006605068  -0.0002926158   0.0002239852   0.0014769024
        0.0008600731   0.0000609261   0.0001022447  -0.0000307973  -0.0000132718
        0.0000918405  -0.0001134970  -0.0000243883  -0.0000300288  -0.0003473434
        0.0005246467  -0.0000634188   0.0008567575  -0.0019862172  -0.0003261728
        0.0007339343   0.0019137468   0.0008508050   0.0212264619  -0.0159268334
       -0.0000763634  -0.0003516696   0.0004482827  -0.0006163546  -0.0001363253
       -0.0000956222  -0.0000017111  -0.2065839888  -0.2836249480  -0.0239469435
       -0.0001403599   0.0002136535  -0.0001772084  -0.0005125251   0.0007108796
        0.0000761603   0.0000399124   0.0000699347  -0.0001052054   0.0000486762
       -0.0000571128   0.0000537009   0.0000341653  -0.0000202684   0.0000331445
       -0.0000216694  -0.0000346976  -0.0000599634  -0.0002651314   0.0000797633
        0.0002376715  -0.0001324994   0.0001584691  -0.0000547930  -0.0002973408
       -0.0002927270  -0.0004579187   0.0002170362  -0.0000696413  -0.0001403906
        0.0248519288  -0.0237887187  -0.0133814414   0.0019495379   0.0009383140
       -0.0064013128  -0.0000102743   0.0002820994   0.0002529171  -0.0009274144
       -0.0001658054   0.0000753605   0.0017660572  -0.0063604681   0.0002752634
        0.0312084471  -0.0287135069  -0.0604853311   0.0002759395  -0.0003448964
        0.0005148158   0.0004488989   0.0008591094  -0.0001145389  -0.0420088498
        0.0813078595   0.0789139344  -0.0005660120  -0.0003767625  -0.0003482582
        0.0000956264   0.0000232385   0.0002576596  -0.0006739983   0.0000018491
       -0.0007628898   0.0001806723  -0.0000137625   0.0001862327   0.0013093850
       -0.0013945905  -0.0009335235   0.0007814835  -0.0000491257   0.0012463975
        0.0001225234  -0.0000517100   0.0001315342   0.0000543484  -0.0000867523
        0.0000352370   0.0000286599   0.0001285765   0.0000920890   0.0002608577
       -0.0001044009   0.0001753306   0.0001761500  -0.0002020649   0.0000577371
       -0.0007994613  -0.0001625472   0.0001289381  -0.0079343245   0.0098412184
        0.0083500353   0.0003594144  -0.0004962289   0.0002513963   0.0004239416
       -0.0001354362   0.0002883213  -0.0121548447  -0.0295999486  -0.0088056603
       -0.0000029275  -0.0005721343   0.0002024414   0.0004768375  -0.0006024796
       -0.0002498417   0.0001375522  -0.0000064378   0.0000794679  -0.0001166329
       -0.0001250231   0.0000397413   0.0001174065   0.0001000807   0.0000933518
       -0.0000754993  -0.0000985917   0.0001126511   0.0000098966   0.0000080062
       -0.0003524797  -0.0000051674  -0.0000511139  -0.0000550675   0.0002339495
       -0.0000254223   0.0000610752   0.0000058920   0.0000375764   0.0000684164
       -0.0699657088  -0.0287124089   0.0093820266   0.0055586023   0.0146564361
       -0.0020064381  -0.0023932910   0.0029949696   0.0007499794  -0.0001427714
       -0.0002142990   0.0001474226  -0.0012754082  -0.0009868396   0.0011757224
       -0.0067143889  -0.0094039044   0.0069443819  -0.0124750687  -0.0165222370
       -0.0010752686  -0.0027267153  -0.0016888246  -0.0007638199   0.0001336230
       -0.0016836101  -0.0005660120   0.4908681308  -0.0529645458  -0.0317997308
       -0.0005930766  -0.0005148709   0.0004053264   0.0011392849   0.0006912860
       -0.0004152707  -0.0002901150  -0.0007640312  -0.0002498080   0.0004147557
        0.0006436841   0.0000235900  -0.1050402386  -0.0074181311  -0.0570359380
       -0.0001413248  -0.0004181322  -0.0000628846   0.0001692983   0.0012550083
       -0.0000694936   0.0000052799   0.0000540522   0.0000456479  -0.0000559738
        0.0000361708  -0.0000679714   0.0000294356   0.0000241742  -0.0000023798
       -0.0001654273  -0.0003455733  -0.0000171842   0.0001336210   0.0001686398
       -0.0006679710  -0.0003219699  -0.0022993246  -0.0000514416  -0.0001863747
       -0.0003747007   0.0000286228   0.0006555995  -0.0000421602   0.0007077882
       -0.1078570060  -0.0032602507   0.0996359197  -0.1657374998   0.1149369789
        0.0003218525   0.0000448015  -0.0000313190   0.0000741937  -0.0001194578
       -0.0000453860  -0.0001227852  -0.0002256312   0.0002978298  -0.0000257583
       -0.0001883027   0.0002272300   0.0001010158  -0.0225547770  -0.0085422583
       -0.0245961464   0.0000116315  -0.0000631417   0.0000133283   0.0001263189
        0.0002070580  -0.0001329562  -0.0001198554   0.0001024312  -0.0000275599
       -0.0293800031  -0.1501089018   0.0193236923  -0.0015889213  -0.0259643239
        0.0012633034   0.0025839793  -0.0023443844  -0.0010698809   0.0001265196
       -0.0000285686   0.0000905476  -0.0005715795   0.0000958813   0.0007485733
       -0.0078964287  -0.0060276382   0.0071345352  -0.0061773244  -0.0061331494
       -0.0018170694   0.0000616703  -0.0004007696   0.0001621183   0.0013939857
       -0.0012808991  -0.0003767625  -0.0529645458   0.4493584437   0.0014715935
       -0.0002118970  -0.0000868326  -0.0000739592  -0.0003790312   0.0000906567
        0.0000654938  -0.0000933583  -0.0006044804  -0.0004892477  -0.0005066446
        0.0007372567   0.0007597120  -0.0245804314  -0.0798998296  -0.0595029220
       -0.0002417373  -0.0001858832  -0.0000214696  -0.0003957425  -0.0009619583
        0.0001161202   0.0000373198  -0.0001467505   0.0001011333  -0.0000788146
       -0.0000673406  -0.0000493124   0.0001438010   0.0002323676  -0.0000169051
        0.0001017522  -0.0000422510  -0.0002092661   0.0003351645   0.0002895117
       -0.0007006504   0.0015068650   0.0007874467   0.0007854906   0.0003316234
       -0.0000313088   0.0001960852   0.0000876932   0.0004080435  -0.0006293049
       -0.0025114533  -0.0424416960   0.0107682546   0.1124361086  -0.1426715789
        0.0048409257   0.0000786700  -0.0000191538   0.0000982153   0.0001340179
        0.0002236373  -0.0000770953  -0.0000626818  -0.0000809675   0.0000598282
        0.0000958171  -0.0000240500   0.0001390500   0.0081487932   0.0072859474
        0.0165833771  -0.0000078091  -0.0000935086   0.0000395791   0.0001213580
        0.0000765802   0.0002553236  -0.0000767350   0.0000604520   0.0000308932
        0.0110440604   0.0185490487  -0.0631573233  -0.0013981679  -0.0037938392
        0.0003193735   0.0006018172  -0.0006306895   0.0002209971  -0.0000213552
       -0.0001876746   0.0000144066   0.0026140956   0.0013660570  -0.0047908714
        0.0103803297   0.0242627065  -0.0049676095  -0.0087365675  -0.0121057758
        0.0004727017  -0.0017301786  -0.0006313377  -0.0016719872  -0.0005789428
        0.0001306997  -0.0003482582  -0.0317997308   0.0014715935   0.4607523023
       -0.0003504580  -0.0003959514   0.0003394398   0.0005527636  -0.0004056391
        0.0003596987  -0.0003868367  -0.0006620221   0.0002060613  -0.0000142436
       -0.0014358228   0.0001967428  -0.0731099651  -0.0449197407  -0.1542224493
       -0.0000232329  -0.0003711627  -0.0003776499  -0.0000755863  -0.0002578801
        0.0000525798  -0.0000268480   0.0000742728  -0.0000501562   0.0000052314
        0.0000742114  -0.0000893748  -0.0000379508  -0.0000577439   0.0000011312
        0.0010152145   0.0012333404   0.0000320485  -0.0000173504   0.0005004370
       -0.0008796990  -0.0001602598  -0.0011466774   0.0005500227  -0.0006173811
       -0.0003741633  -0.0003500005   0.0023109693  -0.0002924428  -0.0008719329
        0.1009852601   0.0091315637  -0.1844078104  -0.0028542512   0.0063404995
       -0.0422717654  -0.0000368659  -0.0000271152   0.0000336138  -0.0001702976
       -0.0001402904  -0.0000273115  -0.0001250780  -0.0000057524  -0.0001791207
        0.0004401758  -0.0000292844  -0.0002380616  -0.0077365708   0.0043857168
       -0.0043283448   0.0000034215  -0.0000982638  -0.0000112256   0.0000224995
        0.0003672332  -0.0003671882   0.0000322804   0.0000818891   0.0000570206
       -0.0014780111  -0.0018725218   0.0008940214  -0.0001414864   0.0000315416
       -0.0000105817   0.0001749131  -0.0000231086   0.0000319640   0.0012779867
       -0.0017142394  -0.0000865069  -0.0176243676  -0.0033336241  -0.0126276264
       -0.0007458420   0.0002858254  -0.0016229924  -0.0180125619  -0.0142038196
        0.0012624076  -0.4117159738  -0.1977143434  -0.1335961546   0.0002855380
       -0.0003364202   0.0000956264  -0.0005930766  -0.0002118970  -0.0003504580
        0.6278890233   0.2903424633   0.1707183355   0.0000099000   0.0000079273
       -0.0000182629  -0.0000219721   0.0000066037  -0.0000042843   0.0000089958
       -0.0000346070  -0.0001184353  -0.0001473395  -0.0002499687  -0.0000427357
       -0.0000065452   0.0000074844  -0.0000015466   0.0000854326  -0.0000405193
        0.0000364333  -0.0006294655   0.0001392298   0.0000435233  -0.0000676817
        0.0001518191   0.0000712785   0.0001174639  -0.0000472449   0.0000066947
        0.0005134783  -0.0005800025   0.0009376999  -0.0002822880  -0.0004605859
       -0.0000542448  -0.0000699086   0.0008792980  -0.0010282127   0.0003383128
        0.0003252862  -0.0014183233   0.0000805116   0.0000698024   0.0000119571
        0.0000612373   0.0000026657  -0.0000294295  -0.0000920701   0.0000582952
       -0.0000044264  -0.0797274226   0.0160362266  -0.0949480190  -0.0995380906
       -0.0875477712   0.0718025081  -0.0000127885   0.0000011117  -0.0000013359
        0.0000128396   0.0000104832  -0.0000122669   0.0000340024   0.0000271125
        0.0000217159   0.0000112791  -0.0000290078   0.0000037945   0.0000114476
        0.0000138196   0.0000333596  -0.0000054702   0.0000026852   0.0000045235
       -0.0018650835  -0.0020987095   0.0017094147  -0.0002818257  -0.0000333391
       -0.0001087338   0.0001547569  -0.0002563431   0.0000094711   0.0013880195
       -0.0011104597   0.0008081374   0.0008472027   0.0036773244  -0.0018605415
        0.0003490309  -0.0004277404   0.0007000141  -0.0201888484  -0.0146583654
       -0.0013248600  -0.1973754044  -0.1440094512  -0.0513050629  -0.0001320967
        0.0001566789   0.0000232385  -0.0005148709  -0.0000868326  -0.0003959514
        0.2903424633   0.3523458559  -0.1069214983  -0.0000419992   0.0000957383
        0.0000383906  -0.0000029411   0.0000483696   0.0000147340   0.0000299550
       -0.0000319783  -0.0000634001  -0.0002401494  -0.0002631808  -0.0001365188
        0.0000480902   0.0000103031  -0.0000108793   0.0000640906   0.0000055134
        0.0000904578  -0.0000622060   0.0001103854   0.0002859046   0.0003141879
       -0.0000349129   0.0001923527   0.0000577123   0.0003926014  -0.0001539516
        0.0006710597  -0.0000237051   0.0008184279   0.0001229674   0.0001403864
        0.0000198204  -0.0013572360   0.0003336825   0.0001350920  -0.0007670445
        0.0003126584  -0.0006725871   0.0000277437   0.0000215544   0.0000676288
        0.0000439146  -0.0000080036  -0.0000183671  -0.0000485285   0.0001761916
        0.0000012001   0.0155961686  -0.0475324046   0.0521192490  -0.0871789415
       -0.1472483540   0.1059642388   0.0000117650  -0.0000210245  -0.0000134537
        0.0000186810   0.0000017059  -0.0000154232  -0.0000021060   0.0000055165
        0.0000085846  -0.0000314957   0.0000185477  -0.0000160087  -0.0000150931
       -0.0000157167   0.0000139863   0.0000180613   0.0000075078  -0.0000031055
        0.0015809003   0.0023017160  -0.0014599931  -0.0000173733   0.0000269196
        0.0000276642   0.0001804511  -0.0000847421  -0.0001626572  -0.0002184967
       -0.0013430242  -0.0010655810  -0.0250892753  -0.0091920571  -0.0137142033
       -0.0025858121   0.0003356638  -0.0039702180   0.0129085571   0.0063841080
        0.0045454129  -0.1340676682  -0.0515506237  -0.1145875913   0.0000255389
        0.0002343757   0.0002576596   0.0004053264  -0.0000739592   0.0003394398
        0.1707183355  -0.1069214983   0.5139558624   0.0000177351   0.0000143626
       -0.0000656317   0.0000202819  -0.0000011343   0.0000216833  -0.0000845463
        0.0000157815   0.0000446056   0.0002202971   0.0002635577   0.0002950996
       -0.0000683136  -0.0000072443   0.0000385104   0.0000088108  -0.0000068465
        0.0001375225   0.0000297961   0.0000767010   0.0002408718  -0.0004337481
        0.0006201444  -0.0000187806  -0.0000312879   0.0000703028  -0.0001044442
       -0.0009909721  -0.0004566763   0.0006558560  -0.0008787968  -0.0010068560
       -0.0002681295   0.0008812519   0.0013374032  -0.0000346866   0.0006779820
        0.0010300594   0.0000518326  -0.0000148433  -0.0000497507  -0.0000319285
       -0.0000650983  -0.0000169802   0.0000218905   0.0000063082  -0.0000500055
       -0.0000052896  -0.0938258218   0.0531544811  -0.2521098540   0.0705825672
        0.1048897322  -0.1330762531   0.0000181489   0.0000107684   0.0000127121
       -0.0000201542  -0.0000122057   0.0000208536   0.0000279702   0.0000046261
       -0.0000455590   0.0000330558  -0.0000325540  -0.0000178360   0.0000634185
        0.0000347049   0.0000444129  -0.0000145251   0.0000007498   0.0000267470
       -0.0265652606   0.0067483536  -0.0059411595  -0.1536943069  -0.0186288976
       -0.0528378386  -0.0142166562  -0.0095781825  -0.0038853159  -0.0001961111
       -0.0001555105   0.0001128958  -0.0003788386  -0.0002656244   0.0001544337
        0.0003172024  -0.0003290457   0.0000223432  -0.0017356013   0.0020242746
        0.0004230372  -0.0005478712  -0.0001683700  -0.0001767779   0.0008423880
       -0.0005200042  -0.0006739983   0.0011392849  -0.0003790312   0.0005527636
        0.0000099000  -0.0000419992   0.0000177351   0.6089936867   0.1796323455
       -0.0802762519  -0.3088811787  -0.1571063320   0.1688057900  -0.0039526437
        0.0015844734  -0.0046137815  -0.0039877911   0.0022574722   0.0000580630
       -0.0718354936   0.0087247023  -0.0260499876   0.0006905230   0.0011256933
        0.0000988836  -0.0004620357  -0.0007767553   0.0000838875   0.0003223190
       -0.0000893339   0.0001657913   0.0001655101   0.0000161213   0.0000381738
        0.0001803176   0.0000608692  -0.0000978031   0.0001273157   0.0001133671
        0.0005553913  -0.0005906421  -0.0000795100  -0.0003732021   0.0001412423
        0.0001770431   0.0001318648  -0.0000899771   0.0001861014   0.0001767915
        0.0006093366  -0.0001614170  -0.0001153269  -0.0000925533  -0.0004258535
       -0.0001903061   0.0000665276   0.0000205132   0.0000910130   0.0000503866
        0.0000518321  -0.0000316194  -0.0272342958  -0.0124383795   0.0128253051
        0.0026853569   0.0008006215  -0.0018080509   0.0039658877  -0.0033061461
       -0.0013037727   0.0017752748  -0.0028896817   0.0059855490   0.0035795599
       -0.0057767485   0.0161836719  -0.0112007630   0.0095930390  -0.0281081920
        0.0125825073   0.0036659068   0.0085833274  -0.0118582778  -0.0620130355
       -0.0054325669  -0.0224878036  -0.0072614862  -0.0110308067  -0.0004258514
       -0.0002435917  -0.0000490762  -0.0000797456  -0.0000877242   0.0000454576
       -0.0006049532   0.0002629538   0.0003886770   0.0031233627  -0.0024018018
       -0.0006797034  -0.0000661442  -0.0001963952   0.0000679889   0.0001957539
       -0.0002810443   0.0000018491   0.0006912860   0.0000906567  -0.0004056391
        0.0000079273   0.0000957383   0.0000143626   0.1796323455   0.3074988057
       -0.1912312970  -0.1616880398  -0.1340237668   0.1245535214   0.0008572907
        0.0021411955   0.0018540301   0.0026707048  -0.0036895255  -0.0000363885
        0.0112166205  -0.0795193230   0.0469659555  -0.0009166277  -0.0000595617
       -0.0005260278  -0.0025713797  -0.0048751448   0.0000382736   0.0000891187
       -0.0001288192   0.0002486477  -0.0000387589  -0.0001445899   0.0003601585
        0.0000096790  -0.0000594685  -0.0000152190   0.0001318186   0.0002227275
        0.0000645057   0.0009974797  -0.0000407510   0.0004154350  -0.0001106525
       -0.0000777279  -0.0000911768  -0.0000069267   0.0000638989  -0.0000423457
        0.0001471931  -0.0004318387   0.0004892540  -0.0002701867   0.0001010192
       -0.0000825368   0.0000231190  -0.0000133954   0.0000257222   0.0000302642
        0.0000355432  -0.0000252871  -0.0049559353  -0.0032245890   0.0016098613
       -0.0063669904  -0.0071878799   0.0076592206   0.0001798500  -0.0006798133
       -0.0016909425   0.0043742830  -0.0143408632   0.0297234558  -0.0045805028
        0.0053633548  -0.0097703010   0.0000681722   0.0014403365  -0.0020003892
        0.0030990817   0.0036246409   0.0042437497  -0.0429670878  -0.0046751669
       -0.0885897899   0.0021793502  -0.0024797522   0.0026281645   0.0000619460
        0.0002733340   0.0000007152  -0.0000991284   0.0000589240  -0.0002278070
        0.0003349777  -0.0003477945   0.0015919031   0.0009389231  -0.0010977410
       -0.0000707676  -0.0002507923  -0.0001473428   0.0000788657  -0.0002098491
        0.0002520415  -0.0007628898  -0.0004152707   0.0000654938   0.0003596987
       -0.0000182629   0.0000383906  -0.0000656317  -0.0802762519  -0.1912312970
        0.5461803708   0.1702972758   0.1222155141  -0.1993493721  -0.0272286174
       -0.0022823168  -0.0221034841   0.0034247908  -0.0023690622  -0.0008627094
       -0.0332760865   0.0478982683  -0.1862866462  -0.0002799543   0.0000474048
        0.0007150537  -0.0001617585   0.0005775499   0.0007034751   0.0003237977
        0.0002784898  -0.0004178186   0.0000870853   0.0000560574  -0.0002821544
        0.0001181257  -0.0000037651  -0.0000478840   0.0004585470  -0.0002411632
       -0.0009741944   0.0004026199  -0.0000300903   0.0003789108  -0.0001068023
       -0.0000011136   0.0000443984   0.0000500685  -0.0000894550   0.0002744715
       -0.0000956244   0.0003995095  -0.0005826263   0.0001074242  -0.0001497868
       -0.0001054468  -0.0000180122  -0.0000130324  -0.0000016989   0.0000492013
        0.0000285491  -0.0000175461  -0.0081703636  -0.0047056408   0.0045158643
        0.0189846162   0.0138730250  -0.0210383501  -0.0029555456   0.0025672671
        0.0026454812   0.0024919110   0.0075043093  -0.0059693952   0.0002253735
        0.0076342969  -0.0267618055  -0.0071057076   0.0024714545  -0.0098431046
       -0.0000425226  -0.0019741850  -0.0004834157  -0.0366403513  -0.0150886545
        0.0081791487  -0.0026214633   0.0004078095  -0.0022337179  -0.0000783125
       -0.0003133961   0.0002001045   0.0001035501  -0.0000141899  -0.0000097671
       -0.0001356702   0.0002140199  -0.0000372735  -0.0003815280   0.0005922224
        0.0000326888   0.0001599950   0.0000412128  -0.0000308934  -0.0001167784
        0.0000282394   0.0001806723  -0.0002901150  -0.0000933583  -0.0003868367
       -0.0000219721  -0.0000029411   0.0000202819  -0.3088811787  -0.1616880398
        0.1702972758   0.6583078343   0.2003012130  -0.0464194339  -0.0009569427
       -0.0008903474   0.0022365275   0.0007313158   0.0001413121   0.0009416114
        0.0007201559  -0.0011047327   0.0040091210   0.0000589565   0.0000827085
       -0.0000223328  -0.0004031172  -0.0010859221   0.0000200422  -0.0001347366
        0.0000294023  -0.0000403610  -0.0000531791   0.0000403711   0.0001286645
       -0.0000011607  -0.0000140200  -0.0000282683  -0.0001767787   0.0000328821
       -0.0000039778  -0.0001841374  -0.0000458154  -0.0000766627   0.0000540953
       -0.0000396502   0.0001071750   0.0000225472  -0.0000283829  -0.0000376471
       -0.0004858891   0.0002455247  -0.0000022093   0.0000160495  -0.0000342203
        0.0000235260   0.0000034418  -0.0000015543   0.0000043251  -0.0000062136
       -0.0000037516  -0.0000018864  -0.2595830016  -0.0351203910  -0.0931151581
       -0.0497651880   0.0093532868  -0.0393941488  -0.0017029075   0.0031556363
        0.0010349501   0.0003851705   0.0014272189  -0.0016946364   0.0008088087
        0.0002934258  -0.0015707336   0.0012912236   0.0011570670  -0.0018267545
        0.0012978648  -0.0015218404  -0.0001683309  -0.0114788748  -0.0012516913
        0.0009149224  -0.0007424622  -0.0001694706  -0.0004781487  -0.0000293440
       -0.0000763411   0.0000978251   0.0000536663   0.0000055615  -0.0000410770
       -0.0000804822   0.0001849908   0.0003456680  -0.0000811440   0.0002748133
       -0.0001142996  -0.0000008676  -0.0000541123   0.0000369798  -0.0000686931
        0.0001697838  -0.0000137625  -0.0007640312  -0.0006044804  -0.0006620221
        0.0000066037   0.0000483696  -0.0000011343  -0.1571063320  -0.1340237668
        0.1222155141   0.2003012130   0.2440622288  -0.2134736985   0.0010211735
       -0.0000092348   0.0005512259   0.0050763069  -0.0032047949  -0.0008617495
       -0.0085627157  -0.0060987876   0.0151718743   0.0000057316   0.0001456400
       -0.0000482772  -0.0000434640  -0.0001766607   0.0000017340   0.0000155475
       -0.0000004978  -0.0000294541   0.0000155941   0.0000495742   0.0000186339
        0.0000343162   0.0000259852  -0.0000170900  -0.0001145436  -0.0000861136
       -0.0000093599  -0.0000787146  -0.0000229434  -0.0000187458   0.0000397101
       -0.0000251372   0.0000330868  -0.0001294451  -0.0000034146   0.0001312980
        0.0000144913   0.0000265522  -0.0004195502   0.0002272366   0.0000212906
        0.0001458539   0.0000085282  -0.0000077502  -0.0000039637   0.0000243742
        0.0000124267  -0.0000037809  -0.0355977813  -0.0386304794  -0.0094476629
        0.0099895745  -0.0607867052   0.0832902961  -0.0034894881   0.0027191437
        0.0019124288   0.0004126901  -0.0005743629   0.0016163117   0.0003794333
       -0.0003033714   0.0001792622  -0.0005556727  -0.0001144036  -0.0008508073
       -0.0020876807   0.0005231507   0.0002137142  -0.0027817215  -0.0036303736
        0.0044630544  -0.0024434526  -0.0007819348  -0.0003734058  -0.0000142773
       -0.0000991724  -0.0001757132   0.0000452753   0.0000469827  -0.0000075814
        0.0001141788  -0.0000354124  -0.0004173418  -0.0002311821   0.0002618347
        0.0000198555   0.0001159233   0.0000678378  -0.0000668781  -0.0000832846
        0.0000947998   0.0001862327  -0.0002498080  -0.0004892477   0.0002060613
       -0.0000042843   0.0000147340   0.0000216833   0.1688057900   0.1245535214
       -0.1993493721  -0.0464194339  -0.2134736985   0.5786954904  -0.0030586464
       -0.0009431395   0.0013726287   0.0000092337  -0.0002987261  -0.0005478727
        0.0188896997   0.0192876447  -0.0286979450   0.0000941165   0.0002199320
       -0.0000752957  -0.0002463355  -0.0003634077  -0.0000664362  -0.0000713201
       -0.0000617856   0.0000334051  -0.0000697685  -0.0000791314   0.0001131845
       -0.0000531636   0.0000026444   0.0000286618  -0.0000222545   0.0000452047
       -0.0000194424  -0.0001643397   0.0000020792  -0.0000404376   0.0000191147
       -0.0000675955   0.0000736973  -0.0000105432   0.0000026711  -0.0000140685
       -0.0002380586   0.0002493458  -0.0000369155   0.0001541817  -0.0000426977
       -0.0000668078  -0.0000006282  -0.0000028172   0.0000049622  -0.0000136943
       -0.0000145015  -0.0000006533  -0.0916447567  -0.0082466529  -0.0806577991
       -0.0408133730   0.0824259889  -0.2684457681   0.0011470104  -0.0021878608
       -0.0003124097  -0.0005995779   0.0010523969  -0.0031582309  -0.0003333800
        0.0015292695  -0.0031535389   0.0022604410   0.0004381169   0.0002512823
       -0.0073758625   0.0031502414   0.0206174780  -0.0431177234  -0.0029212775
        0.0313022330  -0.0026773381  -0.0050995621   0.0107289399  -0.0002966006
       -0.0023295586   0.0006947262   0.0001926133   0.0000622809  -0.0001552540
       -0.0015026863   0.0024346891   0.0001504047   0.0003735526   0.0004253608
        0.0018258386  -0.0002563476  -0.0002443194   0.0002229944  -0.0011740969
        0.0005579586   0.0013093850   0.0004147557  -0.0005066446  -0.0000142436
        0.0000089958   0.0000299550  -0.0000845463  -0.0039526437   0.0008572907
       -0.0272286174  -0.0009569427   0.0010211735  -0.0030586464   0.0673196336
        0.0055924417  -0.0345313536  -0.0002676986  -0.0000379966  -0.0001691658
       -0.0037129834  -0.0012012473  -0.0018505925  -0.0001830251  -0.0000117596
        0.0000371601  -0.0002151447  -0.0009099986   0.0011994531  -0.0001418365
        0.0000001273   0.0000886353  -0.0003373753  -0.0001743491   0.0003880982
        0.0000347500  -0.0000152860  -0.0000805472  -0.0000659140   0.0000078599
       -0.0001181039   0.0000726006  -0.0000927426  -0.0000854929  -0.0013226785
        0.0001454190  -0.0008150608   0.0000295698  -0.0000627736  -0.0000155922
        0.0004008999  -0.0000925328  -0.0000802399  -0.0001065777  -0.0000865946
        0.0000219542  -0.0000489905   0.0000113691  -0.0000357814   0.0000819472
        0.0000428459  -0.0000296539   0.0003483203   0.0000669819   0.0001166457
       -0.0011336799  -0.0008209879   0.0005192637   0.0000378488  -0.0000939626
       -0.0001600045  -0.0000135315  -0.0002077072   0.0002543418  -0.0000393054
        0.0000515138   0.0000812892  -0.0004165049   0.0004517921  -0.0010459447
        0.0078973485  -0.0018875329  -0.0211587320  -0.0040905789  -0.0420143457
        0.0189948417  -0.0088364732  -0.0086023771   0.0262784465  -0.0012381762
       -0.0044179950   0.0007851573   0.0001011386   0.0000443528  -0.0001881397
        0.0018518378  -0.0020386022  -0.0000723628  -0.0005756110   0.0003903646
       -0.0003444197  -0.0000125298   0.0000180378   0.0000777221   0.0011420396
       -0.0006415840  -0.0013945905   0.0006436841   0.0007372567  -0.0014358228
       -0.0000346070  -0.0000319783   0.0000157815   0.0015844734   0.0021411955
       -0.0022823168  -0.0008903474  -0.0000092348  -0.0009431395   0.0055924417
        0.0570333001  -0.0219506356   0.0000706009   0.0000701528   0.0004864216
       -0.0004479859   0.0006757973   0.0002691192   0.0001313142  -0.0004008855
        0.0000794016  -0.0007003723   0.0002208829   0.0013813312  -0.0000626460
       -0.0000576994   0.0000395058  -0.0007949169  -0.0003436276   0.0009002878
        0.0000524778  -0.0000664596  -0.0000537259  -0.0000538793  -0.0001241097
        0.0000868790  -0.0001274625  -0.0001130043  -0.0001474804   0.0001292684
        0.0004300449   0.0001645141   0.0000588727   0.0000711761  -0.0000253522
       -0.0002542923  -0.0008437490   0.0002348598  -0.0001002854   0.0001181020
        0.0001033471  -0.0000021683  -0.0000016379  -0.0000219385   0.0000093732
       -0.0000032423  -0.0000007752   0.0000708852  -0.0001668397   0.0000746359
       -0.0009022627  -0.0001002081   0.0002175254  -0.0001094409  -0.0000531454
       -0.0001658392  -0.0000928508  -0.0000164864  -0.0000058770   0.0000059880
       -0.0001068306   0.0001121451  -0.0000148576   0.0000909121  -0.0001107748
        0.0065469675  -0.0029106922  -0.0144163079   0.0310199950   0.0197015450
       -0.2540713282   0.0025646543   0.0028704919  -0.0082560380   0.0002817747
        0.0020399136   0.0006933252  -0.0001244128  -0.0000680218   0.0000418847
        0.0007908688  -0.0017436308   0.0002604151  -0.0016016121   0.0006462540
        0.0012561343   0.0000966056   0.0000891334  -0.0001893496   0.0011460058
       -0.0006605068  -0.0009335235   0.0000235900   0.0007597120   0.0001967428
       -0.0001184353  -0.0000634001   0.0000446056  -0.0046137815   0.0018540301
       -0.0221034841   0.0022365275   0.0005512259   0.0013726287  -0.0345313536
       -0.0219506356   0.2941876154  -0.0002237457  -0.0001944057   0.0001569051
       -0.0030235175  -0.0007904781  -0.0006221085   0.0000136130   0.0003927347
       -0.0002576379  -0.0002524136  -0.0007510332   0.0013724398  -0.0000144555
       -0.0000678331   0.0002115955   0.0004067613   0.0001562135  -0.0004687121
       -0.0000814158   0.0000195747   0.0001186166  -0.0000209577   0.0000664482
        0.0001845286  -0.0001350708   0.0001009586   0.0000129969   0.0001648918
        0.0001383240   0.0005088261  -0.0000486978   0.0001782243  -0.0000132470
       -0.0003251704  -0.0005435008   0.0003600540  -0.0001315334   0.0000798994
        0.0001483801   0.0000273701   0.0000071560   0.0000625207  -0.0000134535
       -0.0000265902  -0.0000189486   0.0003767274   0.0004723262   0.0004110466
       -0.0000877192  -0.0006959527   0.0007217588   0.0000164605   0.0000254543
       -0.0003104846   0.0000345116  -0.0001715326   0.0000500836   0.0000130087
        0.0000992509   0.0002076055  -0.0004125873   0.0003893428  -0.0009195396
       -0.0129063433  -0.0131714001  -0.0155693288  -0.0005126837   0.0001994098
        0.0002343225   0.0003566139  -0.0002021230   0.0000992075   0.0000727442
        0.0001846365  -0.0000550211   0.0001774487   0.0002338938  -0.0003920366
        0.0009599022   0.0005291714  -0.0017325379  -0.0011805265  -0.0051040476
        0.0008218361  -0.0006824086  -0.0002476723  -0.0007112097  -0.0015564565
       -0.0002926158   0.0007814835  -0.1050402386  -0.0245804314  -0.0731099651
       -0.0001473395  -0.0002401494   0.0002202971  -0.0039877911   0.0026707048
        0.0034247908   0.0007313158   0.0050763069   0.0000092337  -0.0002676986
        0.0000706009  -0.0002237457   0.4154403710  -0.1560875710   0.1079765326
        0.0002264720   0.0000209141   0.0004051827   0.0000468616  -0.0002415738
        0.0000024059  -0.0000357623   0.0000791235  -0.0000132385   0.0000012854
        0.0000414408   0.0000424104  -0.0000743552  -0.0000136560  -0.0000289059
       -0.0000285967   0.0000640135   0.0000560184  -0.0002127641   0.0000534817
        0.0001579652   0.0005542407   0.0001104355   0.0001827469  -0.0003057116
       -0.0000407379  -0.0003660671   0.0007612645  -0.0001452924   0.0000605326
        0.0084530105   0.0015986974  -0.0013791442  -0.0241901437  -0.0047572623
       -0.0271624572   0.0000057002   0.0000444243  -0.0000067746  -0.0001711407
       -0.0001062273   0.0000578057   0.0003082263  -0.0001895353  -0.0000006637
       -0.0000023338  -0.0001966554  -0.0002529251  -0.2768220711   0.1951158614
        0.0068973246   0.0000334837   0.0000301853  -0.0001009333  -0.0001036881
       -0.0003314727  -0.0003139984   0.0000991128  -0.0001748779  -0.0000111437
       -0.0237152313  -0.0129875993  -0.0264119214   0.0001662616   0.0003494038
        0.0005487770   0.0001730193   0.0000001807   0.0003901796  -0.0001306176
        0.0000913150  -0.0000421395   0.0003307437   0.0004611236  -0.0007785336
        0.0009287011   0.0015161523  -0.0007057965  -0.0020249194  -0.0059250454
        0.0010204051  -0.0011129575  -0.0001857810  -0.0008049935  -0.0006826755
        0.0002239852  -0.0000491257  -0.0074181311  -0.0798998296  -0.0449197407
       -0.0002499687  -0.0002631808   0.0002635577   0.0022574722  -0.0036895255
       -0.0023690622   0.0001413121  -0.0032047949  -0.0002987261  -0.0000379966
        0.0000701528  -0.0001944057  -0.1560875710   0.2507428688   0.0945882769
        0.0000171469   0.0001609671  -0.0001862404   0.0000980408  -0.0000630279
        0.0000128243  -0.0000049785   0.0001700705  -0.0000714523   0.0000520783
        0.0000881383  -0.0000267934  -0.0000446447  -0.0001037837  -0.0000466601
        0.0000556171   0.0000855145   0.0000400878  -0.0005145644  -0.0001588436
       -0.0002740626   0.0002748668   0.0001623642   0.0002964296  -0.0003562981
       -0.0001098317  -0.0003689621   0.0003801247  -0.0009703355   0.0001277811
       -0.0023158779   0.0007894268  -0.0084855428   0.0100901794   0.0063523109
        0.0143329906  -0.0000211323   0.0000083996  -0.0000367579  -0.0001430301
       -0.0001812481   0.0000017976   0.0001047072   0.0000034759   0.0000558720
       -0.0000854340   0.0000534110  -0.0002157827   0.1799429699  -0.1538992236
       -0.0248863911  -0.0000449021   0.0000368797  -0.0001272246  -0.0001204658
        0.0002555815  -0.0002826948   0.0000981554   0.0000203283  -0.0000959695
       -0.0094021664  -0.0091961660  -0.0043157679  -0.0006171922   0.0001363194
        0.0003246378   0.0001717467  -0.0002333168   0.0001348515  -0.0000336068
        0.0000866374  -0.0000457367   0.0000131279  -0.0000068451   0.0004030719
        0.0019519413   0.0000219104  -0.0023080185   0.0001355737  -0.0023393207
        0.0013720049  -0.0005505405   0.0000523050  -0.0006100182   0.0006755159
        0.0014769024   0.0012463975  -0.0570359380  -0.0595029220  -0.1542224493
       -0.0000427357  -0.0001365188   0.0002950996   0.0000580630  -0.0000363885
       -0.0008627094   0.0009416114  -0.0008617495  -0.0005478727  -0.0001691658
        0.0004864216   0.0001569051   0.1079765326   0.0945882769   0.2334700086
        0.0001053605   0.0004046491   0.0005170907   0.0000649621  -0.0001242209
       -0.0000155365   0.0000586922   0.0001206307   0.0000161857   0.0000814089
       -0.0001117971   0.0001522593  -0.0000261897   0.0000526509   0.0000358134
       -0.0001445863  -0.0000810589   0.0001472786   0.0003975077  -0.0003766853
        0.0010546977   0.0005125828   0.0003199478  -0.0001077944  -0.0000355408
        0.0003330678   0.0000483081  -0.0022370260   0.0006364286  -0.0000983383
       -0.0211081661  -0.0132124852  -0.0429945675  -0.0099665723   0.0008626177
       -0.0066155652   0.0001069846   0.0000364127   0.0000440617  -0.0001227564
       -0.0001481267   0.0000472878   0.0001084246   0.0000033333   0.0000785065
       -0.0002362852  -0.0000829727   0.0001689107  -0.0115957374  -0.0127705599
       -0.0274564672   0.0000160326   0.0000868146  -0.0000239566  -0.0001207445
       -0.0003921909   0.0005585320   0.0000688814  -0.0000920011  -0.0000471107
       -0.0001859966  -0.0002886226  -0.0000659009  -0.0046924069   0.0064291788
       -0.0216239658   0.0006704221   0.0002658783   0.0004900663   0.0001388314
       -0.0001095839   0.0004579312  -0.0000148098   0.0001058416  -0.0003118784
        0.0013744485  -0.0005967365   0.0009908193  -0.0003310312   0.0001461436
        0.0000493208  -0.0000102326  -0.0000164292   0.0001218922  -0.0009010189
        0.0008600731   0.0001225234  -0.0001413248  -0.0002417373  -0.0000232329
       -0.0000065452   0.0000480902  -0.0000683136  -0.0718354936   0.0112166205
       -0.0332760865   0.0007201559  -0.0085627157   0.0188896997  -0.0037129834
       -0.0004479859  -0.0030235175   0.0002264720   0.0000171469   0.0001053605
        0.5166697677   0.0142936093  -0.0117311668  -0.0004104379  -0.0000391521
       -0.0002707638  -0.0000355559   0.0001233732  -0.0000150152  -0.0009473498
       -0.0001934966  -0.0006500487  -0.0002469950  -0.0000265140  -0.0002830611
       -0.0000927577  -0.0000082970  -0.0000449790  -0.0031853295   0.0008485422
       -0.0010118805  -0.0001224679   0.0000350308  -0.0000161636  -0.0000120696
        0.0000076365  -0.0000036605   0.0000224573  -0.0000917487  -0.0000164194
       -0.0001026308   0.0000761702  -0.0000466820   0.0000417609   0.0000123471
       -0.0000506743  -0.0000569736  -0.0000222179  -0.0000547543  -0.0000269335
       -0.0000236744   0.0000036643   0.0007924120   0.0004076937   0.0025645949
       -0.0009508874  -0.0047664469   0.0018688210  -0.0001922904   0.0001848704
        0.0000317199  -0.0529033199  -0.0495821116   0.0015626829  -0.1098473762
        0.0611320413   0.0897283727  -0.2696915097  -0.0311928172  -0.0443993043
       -0.0000383867  -0.0000321838  -0.0004947976  -0.0000747952   0.0009875062
       -0.0013201124   0.0005826028  -0.0003455106   0.0000473996   0.0006182729
       -0.0002353989   0.0003343693   0.0001061799  -0.0001876674   0.0000492650
       -0.0004881185   0.0000661616  -0.0004989352  -0.0001099006   0.0001301661
        0.0000442335   0.0000074948   0.0000734494   0.0001215573   0.0001420306
        0.0000609261  -0.0000517100  -0.0004181322  -0.0001858832  -0.0003711627
        0.0000074844   0.0000103031  -0.0000072443   0.0087247023  -0.0795193230
        0.0478982683  -0.0011047327  -0.0060987876   0.0192876447  -0.0012012473
        0.0006757973  -0.0007904781   0.0000209141   0.0001609671   0.0004046491
        0.0142936093   0.4937243904   0.0081141784  -0.0007915834   0.0001133802
       -0.0007262753  -0.0000846527   0.0001261062  -0.0001022168  -0.0009100165
        0.0002030246  -0.0000904388  -0.0001058102   0.0000667534  -0.0000466731
        0.0000082254   0.0000824601   0.0000156615   0.0014952211  -0.0004251645
        0.0003629776  -0.0000484546   0.0000254986  -0.0000063965   0.0000357694
       -0.0000135833   0.0000056382  -0.0001249639   0.0000159640   0.0000329809
        0.0000382949   0.0000289883   0.0000392079   0.0000741006   0.0000498678
        0.0000961783  -0.0000019674  -0.0000098519  -0.0000245453   0.0000110341
        0.0000060656   0.0000037766   0.0021690222  -0.0033066695  -0.0010558122
       -0.0044787566   0.0088378309   0.0053999161   0.0003688434  -0.0006514730
       -0.0001977698  -0.0493674883  -0.2716178621   0.0130556574   0.0618693710
       -0.0939314988  -0.0828716263  -0.0312241668  -0.0488847495  -0.0066573654
        0.0004586579  -0.0002367442  -0.0002023106  -0.0060281876   0.0021327085
       -0.0109481215   0.0007779839   0.0004036324  -0.0000950848  -0.0000807562
       -0.0001303013  -0.0004523268  -0.0000087248  -0.0000620516   0.0000666337
       -0.0009354740   0.0001752424  -0.0006011873  -0.0003016852   0.0000814131
        0.0000025019  -0.0000079507   0.0000663265  -0.0001971549  -0.0001086701
        0.0001022447   0.0001315342  -0.0000628846  -0.0000214696  -0.0003776499
       -0.0000015466  -0.0000108793   0.0000385104  -0.0260499876   0.0469659555
       -0.1862866462   0.0040091210   0.0151718743  -0.0286979450  -0.0018505925
        0.0002691192  -0.0006221085   0.0004051827  -0.0001862404   0.0005170907
       -0.0117311668   0.0081141784   0.4709790502  -0.0003857040   0.0000704920
       -0.0000853302  -0.0001814115   0.0001696627   0.0001197955   0.0000829161
        0.0000047089   0.0002047519  -0.0000917828   0.0000099408   0.0000671882
       -0.0000700209   0.0000232189   0.0000449366   0.0015483919  -0.0004027754
        0.0006004984  -0.0000492350  -0.0000192202   0.0000031250   0.0000300161
        0.0000544549   0.0001097657  -0.0000755590   0.0000429629  -0.0001006438
       -0.0000356052  -0.0000772352   0.0001277009  -0.0000402010   0.0000429169
        0.0000269002   0.0000234532   0.0000149675   0.0000351681  -0.0000198935
       -0.0000117064  -0.0000003897  -0.0009289955  -0.0023489511  -0.0000474601
        0.0004071727   0.0055812299   0.0008025678  -0.0001502216   0.0006885456
       -0.0006325809   0.0002644125   0.0100577819  -0.0385017132   0.0861994470
       -0.0800528461  -0.1543029257  -0.0450104984  -0.0066831571  -0.0517261406
       -0.0002739428  -0.0014253295   0.0000041503   0.0065373775  -0.0061039415
       -0.0001265002  -0.1725476232   0.1150605138  -0.0059075088  -0.0150902361
        0.0116694542   0.0028186421  -0.0021351168  -0.0007291593   0.0031446690
       -0.0001034383  -0.0002001633  -0.0000453634  -0.0000748013   0.0001566708
        0.0000358048   0.0000427419  -0.0000950575   0.0002131210   0.0000468706
       -0.0000307973   0.0000543484   0.0001692983  -0.0003957425  -0.0000755863
        0.0000854326   0.0000640906   0.0000088108   0.0006905230  -0.0009166277
       -0.0002799543   0.0000589565   0.0000057316   0.0000941165  -0.0001830251
        0.0001313142   0.0000136130   0.0000468616   0.0000980408   0.0000649621
       -0.0004104379  -0.0007915834  -0.0003857040   0.2021672604  -0.1308721965
        0.0059709381  -0.0189182497   0.0139916469  -0.0050306141   0.0008442954
        0.0000647172  -0.0004901522  -0.0003766120  -0.0001803338  -0.0000311711
       -0.0006625730   0.0008275954   0.0002466261  -0.0000080618   0.0000304032
        0.0000543123   0.0000436466  -0.0000650710   0.0000607778  -0.0000469485
       -0.0001139392   0.0001681219   0.0000495948  -0.0000042515  -0.0000301745
        0.0000319088   0.0000174392  -0.0000212482   0.0000010931  -0.0001475718
       -0.0000096587   0.0000015356   0.0000181507   0.0000252465   0.0000121937
        0.0000169364   0.0000110319   0.0000028935   0.0000802758   0.0000149055
        0.0000208886   0.0000308841  -0.0000361209   0.0000188649  -0.0000342687
       -0.0000141368   0.0000786873  -0.0002407517  -0.0006142618  -0.0000427804
        0.0000784097   0.0000706030  -0.0000770778   0.0000045115   0.0000233540
       -0.0023286724  -0.0049505107   0.0013524277   0.0181253363  -0.0242145968
        0.0009839195   0.1147200093  -0.1415721395   0.0037130458   0.0004578428
        0.0009023260  -0.0004614919   0.0002311232   0.0007637893  -0.0003139197
       -0.0001194109   0.0001847706   0.0003647426  -0.0001438174   0.0001027712
       -0.0000633386   0.0000116283  -0.0000661747  -0.0000844209  -0.0000912455
       -0.0000132718  -0.0000867523   0.0012550083  -0.0009619583  -0.0002578801
       -0.0000405193   0.0000055134  -0.0000068465   0.0011256933  -0.0000595617
        0.0000474048   0.0000827085   0.0001456400   0.0002199320  -0.0000117596
       -0.0004008855   0.0003927347  -0.0002415738  -0.0000630279  -0.0001242209
       -0.0000391521   0.0001133802   0.0000704920  -0.1308721965   0.1661329117
       -0.0050731470  -0.0018579886   0.0036472484   0.0003874477  -0.0001283662
        0.0001877718  -0.0000796746   0.0000458637   0.0000678594  -0.0000255642
        0.0000383859  -0.0001320486   0.0000273405   0.0000073468  -0.0000658057
       -0.0001085418  -0.0000869377   0.0000707397   0.0000019659  -0.0000092491
       -0.0000248667   0.0000091049   0.0000317618   0.0000745366   0.0000731118
        0.0000441942   0.0000267985  -0.0000246541  -0.0001128885  -0.0004136339
        0.0000764902  -0.0000117792  -0.0000144668   0.0000127528  -0.0000060025
        0.0000138226  -0.0000143391   0.0000957341  -0.0000467036  -0.0000777868
        0.0000779572   0.0000265161   0.0000078762   0.0001074714  -0.0000271237
        0.0000012836  -0.0004378749   0.0004743779  -0.0009829856   0.0000384034
        0.0000169312   0.0000676383   0.0000429658   0.0000690713  -0.0000241468
        0.0002427562   0.0000217027  -0.0000843201  -0.0020879523   0.0025808194
        0.0007399823  -0.0063264852   0.0040591439  -0.0421393094   0.0208974007
       -0.0158898017  -0.0023489555   0.0035015017   0.0002895935  -0.0037264967
        0.0000937697   0.0001943472   0.0000780057  -0.0001150363   0.0002067609
        0.0001004039  -0.0002185956   0.0002440297  -0.0004218733  -0.0000239483
        0.0000918405   0.0000352370  -0.0000694936   0.0001161202   0.0000525798
        0.0000364333   0.0000904578   0.0001375225   0.0000988836  -0.0005260278
        0.0007150537  -0.0000223328  -0.0000482772  -0.0000752957   0.0000371601
        0.0000794016  -0.0002576379   0.0000024059   0.0000128243  -0.0000155365
       -0.0002707638  -0.0007262753  -0.0000853302   0.0059709381  -0.0050731470
        0.0511247888  -0.0221613465   0.0161043583  -0.0030843548   0.0002364557
       -0.0007231251   0.0007409844  -0.0000346620   0.0000268944   0.0001055668
        0.0009615026  -0.0010141161  -0.0003540343   0.0000205133  -0.0000078027
       -0.0000541602   0.0000486976   0.0000243769   0.0000421997  -0.0000032686
       -0.0001269828   0.0001307621  -0.0000371497  -0.0000287082  -0.0000063230
       -0.0000179154   0.0000026009   0.0000029299   0.0000317323   0.0000311083
       -0.0000081985   0.0000207352  -0.0000113393   0.0000404995  -0.0000267498
       -0.0000064426  -0.0000238118  -0.0000102259  -0.0000302294  -0.0000032610
        0.0000143797   0.0000528813  -0.0001124201  -0.0000021595  -0.0000194569
        0.0000151990  -0.0009249152  -0.0003110005  -0.0011879282   0.0000432025
        0.0000651557  -0.0000787001   0.0000945321   0.0002483151   0.0000062324
       -0.0001009295  -0.0001337637  -0.0001427251  -0.0086829869  -0.0071145755
       -0.0078564824  -0.1204342227  -0.0266503690  -0.1072841401   0.0077974362
        0.0022997648   0.0137493663   0.0004851540  -0.0002478438  -0.0000820121
       -0.0000975282   0.0001331826  -0.0001579929  -0.0002676635   0.0009181186
        0.0000091605  -0.0003533673   0.0009243788   0.0004861270   0.0000039272
       -0.0001134970   0.0000286599   0.0000052799   0.0000373198  -0.0000268480
       -0.0006294655  -0.0000622060   0.0000297961  -0.0004620357  -0.0025713797
       -0.0001617585  -0.0004031172  -0.0000434640  -0.0002463355  -0.0002151447
       -0.0007003723  -0.0002524136  -0.0000357623  -0.0000049785   0.0000586922
       -0.0000355559  -0.0000846527  -0.0001814115  -0.0189182497  -0.0018579886
       -0.0221613465   0.1424070406   0.0348294817   0.1197996024  -0.0008558018
       -0.0000303042   0.0031578258   0.0009635032   0.0002977204   0.0006756211
       -0.0000674423  -0.0000743804  -0.0000800947  -0.0000700001  -0.0000407356
        0.0000574525  -0.0000659419   0.0001125540   0.0000956457   0.0002070047
        0.0003065014  -0.0000557158   0.0000093534   0.0000372455   0.0000002387
       -0.0000545533  -0.0000087143   0.0000127521   0.0000040337   0.0000232731
        0.0000076822  -0.0000651337   0.0000383226  -0.0000766366   0.0000060917
       -0.0001086327   0.0000004943  -0.0001426467   0.0001771286   0.0001990952
        0.0000194338  -0.0000976238   0.0000066637   0.0000322592   0.0000295699
       -0.0000137628   0.0000232011  -0.0001165472   0.0002075501  -0.0000704706
       -0.0000857178   0.0001164216   0.0000643010  -0.0000168149   0.0000808286
       -0.0005021547  -0.0000642711  -0.0001233825  -0.0200819367  -0.0120447435
       -0.0195952774  -0.0264466565  -0.0525530659  -0.0402270513  -0.0003882332
        0.0007475738   0.0015638200  -0.0002039265   0.0002066074  -0.0002111398
        0.0001345166  -0.0000833492  -0.0001757337   0.0003594727  -0.0008048055
       -0.0002330811   0.0010827020  -0.0001625538  -0.0008129322  -0.0000781934
       -0.0000243883   0.0001285765   0.0000540522  -0.0001467505   0.0000742728
        0.0001392298   0.0001103854   0.0000767010  -0.0007767553  -0.0048751448
        0.0005775499  -0.0010859221  -0.0001766607  -0.0003634077  -0.0009099986
        0.0002208829  -0.0007510332   0.0000791235   0.0001700705   0.0001206307
        0.0001233732   0.0001261062   0.0001696627   0.0139916469   0.0036472484
        0.0161043583   0.0348294817   0.0651860267   0.0400934892  -0.0001170860
        0.0008531989   0.0006819503   0.0001147350   0.0003549047   0.0013510702
        0.0000161160  -0.0000816172   0.0001015530  -0.0000353128  -0.0000222439
        0.0001390702  -0.0001240610  -0.0000094435   0.0001573943   0.0002655581
       -0.0009198432   0.0009033992   0.0000190128   0.0000337188  -0.0000289367
       -0.0000501219   0.0000495934  -0.0000275793   0.0000188199  -0.0000306055
       -0.0000015200   0.0000442383  -0.0000151399   0.0000512724  -0.0001301847
       -0.0000603984   0.0000651520  -0.0003740831   0.0003220547   0.0003099222
        0.0000741408  -0.0000748067  -0.0000869715   0.0000172927  -0.0000071846
        0.0000334915  -0.0000664903   0.0000435104  -0.0001176178   0.0000047265
        0.0000190886   0.0000172952   0.0000028783   0.0000660456   0.0000350326
       -0.0001527625  -0.0002182156  -0.0001625902  -0.0001133223   0.0006638102
        0.0004220239  -0.1071886462  -0.0404459212  -0.1852801551  -0.0113375909
       -0.0034344142  -0.0293657463  -0.0005389658   0.0002804249   0.0003470178
       -0.0001579845  -0.0001467329  -0.0001510416  -0.0002511539   0.0003602398
        0.0004652434   0.0004633811  -0.0006250173  -0.0000082551   0.0001285464
       -0.0000300288   0.0000920890   0.0000456479   0.0001011333  -0.0000501562
        0.0000435233   0.0002859046   0.0002408718   0.0000838875   0.0000382736
        0.0007034751   0.0000200422   0.0000017340  -0.0000664362   0.0011994531
        0.0013813312   0.0013724398  -0.0000132385  -0.0000714523   0.0000161857
       -0.0000150152  -0.0001022168   0.0001197955  -0.0050306141   0.0003874477
       -0.0030843548   0.1197996024   0.0400934892   0.2192461297   0.0034333415
        0.0005097390  -0.0055958076  -0.0004730195   0.0000075386   0.0004250364
       -0.0000926816   0.0001580570   0.0001257365   0.0000734342   0.0001833493
        0.0000766425   0.0000168881   0.0001478197  -0.0000094170  -0.0000987659
        0.0003359596   0.0001410223  -0.0000223878   0.0000945240  -0.0000208330
       -0.0000176052   0.0000052010   0.0000276434   0.0000122323  -0.0000210632
        0.0000099828  -0.0000406598  -0.0000207985  -0.0000120745   0.0000539696
        0.0000622444  -0.0000977441   0.0000233554  -0.0000351309   0.0000041631
       -0.0000234976  -0.0000036853   0.0000664267   0.0000167519   0.0000495250
       -0.0000198611   0.0000681523  -0.0000943870  -0.0000577779   0.0000345682
        0.0000942370   0.0000364430   0.0000511339   0.0000070811   0.0000438822
        0.0000766401   0.0000070500   0.0000722441   0.0002183917  -0.0000992550
       -0.0000437816   0.0086039075  -0.0000877117   0.0134155252  -0.1159633269
        0.0022645984  -0.1093216442  -0.0147316729   0.0058239477  -0.0166015762
        0.0006314898  -0.0011086837  -0.0000634561  -0.0000820182  -0.0000889652
       -0.0003322472  -0.0028737615   0.0033602015   0.0006067735  -0.0000535884
       -0.0003473434   0.0002608577  -0.0000559738  -0.0000788146   0.0000052314
       -0.0000676817   0.0003141879  -0.0004337481   0.0003223190   0.0000891187
        0.0003237977  -0.0001347366   0.0000155475  -0.0000713201  -0.0001418365
       -0.0000626460  -0.0000144555   0.0000012854   0.0000520783   0.0000814089
       -0.0009473498  -0.0009100165   0.0000829161   0.0008442954  -0.0001283662
        0.0002364557  -0.0008558018  -0.0001170860   0.0034333415   0.1386501050
       -0.0055017906   0.1248005833  -0.0120428647  -0.0029117893  -0.0162966564
       -0.0001913902  -0.0001807778  -0.0000883475   0.0006497210   0.0001041030
        0.0001208818   0.0000063699  -0.0000099119  -0.0000049136   0.0000037565
        0.0000376265   0.0000191681   0.0000185904  -0.0000882735  -0.0001007099
       -0.0000138521  -0.0000120673   0.0000022405  -0.0000211420   0.0000009792
       -0.0000240023   0.0001624653  -0.0004320835  -0.0002049703  -0.0000268756
        0.0001789936   0.0000821469   0.0000008759   0.0000073624  -0.0000118307
        0.0000318684   0.0000546780  -0.0000837950   0.0000415227  -0.0000552053
       -0.0000153577  -0.0016671995   0.0003304969   0.0003904011  -0.0002102390
       -0.0005488645  -0.0001711062  -0.0001822924   0.0001286824  -0.0000500551
       -0.0001791785  -0.0001568926   0.0000714393   0.0001039268   0.0001686059
        0.0001818865   0.0023299301   0.0005898072   0.0026009672   0.0018542814
       -0.0430113241   0.0067603716   0.0159622892  -0.0053247409   0.0179291919
        0.0018384655   0.0004546035   0.0011902900  -0.0001060808   0.0001014799
        0.0001943235   0.0031633566  -0.0033603689  -0.0008979095  -0.0004369846
        0.0005246467  -0.0001044009   0.0000361708  -0.0000673406   0.0000742114
        0.0001518191  -0.0000349129   0.0006201444  -0.0000893339  -0.0001288192
        0.0002784898   0.0000294023  -0.0000004978  -0.0000617856   0.0000001273
       -0.0000576994  -0.0000678331   0.0000414408   0.0000881383  -0.0001117971
       -0.0001934966   0.0002030246   0.0000047089   0.0000647172   0.0001877718
       -0.0007231251  -0.0000303042   0.0008531989   0.0005097390  -0.0055017906
        0.0512648386  -0.0057931682  -0.0178698319  -0.0014964695  -0.0222500627
       -0.0001924890   0.0003596012   0.0000145556  -0.0002075973  -0.0013307827
       -0.0003958099   0.0000087372   0.0000496253  -0.0000387742  -0.0000756500
       -0.0000081072   0.0000645899   0.0000152548  -0.0000053235   0.0000938155
        0.0000292734   0.0000240437  -0.0000267427  -0.0000016892   0.0000313787
        0.0000044209  -0.0001737065   0.0004802933   0.0002939590   0.0001718210
       -0.0002261759  -0.0001150783   0.0000178944  -0.0000047556  -0.0000178776
        0.0000119344   0.0000353812  -0.0000221805  -0.0000745732  -0.0000408889
        0.0000545621  -0.0002527412   0.0005556396   0.0000987423  -0.0005283196
       -0.0006422347  -0.0003145324   0.0000829246  -0.0000747437  -0.0000993314
        0.0000856376   0.0001479612  -0.0000817554  -0.0001205250   0.0001963078
        0.0000034617  -0.0117271872  -0.0002950704  -0.0258076804  -0.1084558404
        0.0064140923  -0.1995593175  -0.0017268235   0.0013714905   0.0002580352
        0.0003447084  -0.0005105644   0.0002244266  -0.0000916153   0.0000225909
        0.0000290878  -0.0009464389   0.0001427262   0.0003733984   0.0002568581
       -0.0000634188   0.0001753306  -0.0000679714  -0.0000493124  -0.0000893748
        0.0000712785   0.0001923527  -0.0000187806   0.0001657913   0.0002486477
       -0.0004178186  -0.0000403610  -0.0000294541   0.0000334051   0.0000886353
        0.0000395058   0.0002115955   0.0000424104  -0.0000267934   0.0001522593
       -0.0006500487  -0.0000904388   0.0002047519  -0.0004901522  -0.0000796746
        0.0007409844   0.0031578258   0.0006819503  -0.0055958076   0.1248005833
       -0.0057931682   0.2321995580  -0.0053255553  -0.0019140436  -0.0045498963
       -0.0000067878  -0.0000501822   0.0002792226   0.0001991072   0.0002775159
        0.0004140942   0.0000307160   0.0000139594   0.0000318173  -0.0000012065
       -0.0001088525   0.0001363069  -0.0000891008  -0.0000364839  -0.0000055216
       -0.0000324236  -0.0000218508  -0.0000115799  -0.0000040295  -0.0000398166
       -0.0000218826   0.0000673861  -0.0001041869  -0.0000164573   0.0000249624
        0.0000171299  -0.0000138184   0.0000116774  -0.0000134655   0.0000291681
       -0.0000478399  -0.0000244430   0.0000464647   0.0000485884   0.0000428853
       -0.0000397652   0.0008077148  -0.0003456658   0.0003400722  -0.0001208773
        0.0000253735   0.0003201150  -0.0002590968  -0.0002376037   0.0000259007
        0.0000107882   0.0002403057  -0.0000299888  -0.0014742072   0.0003609572
        0.0029957624  -0.0109803577  -0.0163595897   0.0023926466  -0.1060649491
       -0.1040736818  -0.0119975417   0.0075912069   0.0164079747   0.0014873007
       -0.0015416661   0.0023471202  -0.0001961013   0.0000877044  -0.0000701815
       -0.0000906626   0.0007879933   0.0000629290   0.0005370449   0.0004576910
        0.0008567575   0.0001761500   0.0000294356   0.0001438010  -0.0000379508
        0.0001174639   0.0000577123  -0.0000312879   0.0001655101  -0.0000387589
        0.0000870853  -0.0000531791   0.0000155941  -0.0000697685  -0.0003373753
       -0.0007949169   0.0004067613  -0.0000743552  -0.0000446447  -0.0000261897
       -0.0002469950  -0.0001058102  -0.0000917828  -0.0003766120   0.0000458637
       -0.0000346620   0.0009635032   0.0001147350  -0.0004730195  -0.0120428647
       -0.0178698319  -0.0053255553   0.1226437604   0.1181978409   0.0097766771
        0.0007351429   0.0001480629  -0.0000536327  -0.0000592018   0.0000859424
        0.0001846903  -0.0000141260  -0.0000126740   0.0000355141  -0.0000716363
       -0.0000094652   0.0000116151  -0.0000567115   0.0003625927   0.0001212864
        0.0000019810   0.0000318883   0.0000084822   0.0000132902  -0.0000169282
       -0.0000019998  -0.0000139024  -0.0000829960   0.0001146758  -0.0001942427
        0.0000222052   0.0000145616  -0.0000544426   0.0000340449  -0.0000055611
        0.0000236439   0.0000061020  -0.0000209917   0.0000753047   0.0000196278
        0.0000031698  -0.0000185941  -0.0002530912  -0.0000630806   0.0000055871
        0.0001888492   0.0001251905  -0.0000345881  -0.0000183362   0.0000711629
       -0.0000184748   0.0001072887  -0.0002111546  -0.0008701061   0.0008198388
        0.0013227780  -0.0045614863  -0.0046524648   0.0015203129  -0.1035183875
       -0.2079050134  -0.0155089672  -0.0089820689  -0.0253618546  -0.0027439157
        0.0037358941  -0.0032330132  -0.0004016992  -0.0000024172   0.0000688192
        0.0000158046  -0.0010064079  -0.0002373294  -0.0003276173  -0.0004669380
       -0.0019862172  -0.0002020649   0.0000241742   0.0002323676  -0.0000577439
       -0.0000472449   0.0003926014   0.0000703028   0.0000161213  -0.0001445899
        0.0000560574   0.0000403711   0.0000495742  -0.0000791314  -0.0001743491
       -0.0003436276   0.0001562135  -0.0000136560  -0.0001037837   0.0000526509
       -0.0000265140   0.0000667534   0.0000099408  -0.0001803338   0.0000678594
        0.0000268944   0.0002977204   0.0003549047   0.0000075386  -0.0029117893
       -0.0014964695  -0.0019140436   0.1181978409   0.2425974321   0.0184817031
       -0.0003520885   0.0005874452  -0.0001503406   0.0003233302   0.0001233373
        0.0000836777  -0.0000271590   0.0000619924  -0.0000580016   0.0000047813
       -0.0000011594   0.0000332889   0.0001758836  -0.0002715493  -0.0000748345
       -0.0000370238   0.0000201559   0.0000289616   0.0000238287   0.0000285295
       -0.0000204316   0.0000536505  -0.0000674845  -0.0001783100   0.0003029164
        0.0002148143  -0.0000075381  -0.0000355155   0.0000069307  -0.0000143621
        0.0000193391  -0.0000127277   0.0000040031   0.0000529337   0.0000803559
        0.0000044787  -0.0001170869  -0.0000932437  -0.0000113490   0.0000452003
        0.0000108023   0.0000757472   0.0000350617   0.0000187248   0.0000111512
       -0.0000324070  -0.0003415106   0.0000256989   0.0029868017   0.0005824033
       -0.0034843803   0.0149593944   0.0208743097  -0.0025234844  -0.0123948517
       -0.0159718259  -0.0444494761  -0.0007939012  -0.0024779278   0.0001414698
        0.0003800082  -0.0009373611   0.0003387321  -0.0000962832   0.0001021785
       -0.0000190343   0.0002144660   0.0005674424   0.0002227828   0.0001176226
       -0.0003261728   0.0000577371  -0.0000023798  -0.0000169051   0.0000011312
        0.0000066947  -0.0001539516  -0.0001044442   0.0000381738   0.0003601585
       -0.0002821544   0.0001286645   0.0000186339   0.0001131845   0.0003880982
        0.0009002878  -0.0004687121  -0.0000289059  -0.0000466601   0.0000358134
       -0.0002830611  -0.0000466731   0.0000671882  -0.0000311711  -0.0000255642
        0.0001055668   0.0006756211   0.0013510702   0.0004250364  -0.0162966564
       -0.0222500627  -0.0045498963   0.0097766771   0.0184817031   0.0540946304
       -0.0000966269  -0.0005511145   0.0000399977   0.0001856710   0.0001357965
        0.0000930897   0.0000209816  -0.0000108267  -0.0000036814   0.0000492627
        0.0000195509  -0.0000005262  -0.0000065078  -0.0000404224  -0.0000125700
       -0.0000161075  -0.0000414025   0.0000091407  -0.0000058471  -0.0000085722
        0.0000004265   0.0000280434  -0.0000139565  -0.0000519099  -0.0000144919
       -0.0000175457   0.0001251259   0.0000717626  -0.0000494677  -0.0000142550
       -0.0000264608  -0.0000038378   0.0000547146   0.0000167747   0.0000097391
       -0.0000366110   0.0001083554  -0.0002041215  -0.0000734960   0.0000433799
        0.0001805842   0.0000805331  -0.0000707945  -0.0000479756   0.0000426318
       -0.0017723457  -0.0034946350  -0.0002802526   0.0002055270   0.0000130670
       -0.0002670152  -0.0022815366   0.0034637935  -0.0000614415  -0.0140810035
        0.0005727774   0.0153111158  -0.1367220841  -0.0234543797   0.1128230258
       -0.0123334312  -0.0043860510   0.0138486178  -0.0004944702   0.0006002104
       -0.0020140300   0.0072355685   0.0012481458  -0.0095076233   0.0008656563
        0.0007339343  -0.0007994613  -0.0001654273   0.0001017522   0.0010152145
        0.0005134783   0.0006710597  -0.0009909721   0.0001803176   0.0000096790
        0.0001181257  -0.0000011607   0.0000343162  -0.0000531636   0.0000347500
        0.0000524778  -0.0000814158  -0.0000285967   0.0000556171  -0.0001445863
       -0.0000927577   0.0000082254  -0.0000700209  -0.0006625730   0.0000383859
        0.0009615026  -0.0000674423   0.0000161160  -0.0000926816  -0.0001913902
       -0.0001924890  -0.0000067878   0.0007351429  -0.0003520885  -0.0000966269
        0.1593940318   0.0239369965  -0.1295963907  -0.0004513102  -0.0002140939
       -0.0001047792   0.0000333389   0.0000986444  -0.0001212383   0.0000934159
        0.0002174822  -0.0003018599   0.0003184839   0.0004493206   0.0001825270
       -0.0001169704  -0.0002506323   0.0000614829  -0.0000167892   0.0000089632
       -0.0000194443  -0.0002220208   0.0002017832   0.0002256074   0.0000327989
       -0.0001633214  -0.0000457927  -0.0000136638  -0.0000001798  -0.0000149721
        0.0000234993   0.0000182908  -0.0000364389   0.0000485617   0.0000105493
        0.0000399431   0.0000079089  -0.0000010942   0.0000708182  -0.0000458032
       -0.0000492981   0.0000561244   0.0000382969  -0.0000033252  -0.0000071101
       -0.0026673148  -0.0043844629   0.0008070817  -0.0000134621  -0.0000587135
        0.0000423489   0.0035981486  -0.0029940263  -0.0003990719   0.0163073954
        0.0006527026  -0.0165871889  -0.0230786637  -0.0431843434   0.0218965875
       -0.0167115290  -0.0050932694   0.0178328841  -0.0006154440  -0.0004703571
        0.0010912648  -0.0009978052  -0.0000968441   0.0052027907   0.0006478794
        0.0019137468  -0.0001625472  -0.0003455733  -0.0000422510   0.0012333404
       -0.0005800025  -0.0000237051  -0.0004566763   0.0000608692  -0.0000594685
       -0.0000037651  -0.0000140200   0.0000259852   0.0000026444  -0.0000152860
       -0.0000664596   0.0000195747   0.0000640135   0.0000855145  -0.0000810589
       -0.0000082970   0.0000824601   0.0000232189   0.0008275954  -0.0001320486
       -0.0010141161  -0.0000743804  -0.0000816172   0.0001580570  -0.0001807778
        0.0003596012  -0.0000501822   0.0001480629   0.0005874452  -0.0005511145
        0.0239369965   0.0535868098  -0.0294731733  -0.0001133109  -0.0001728097
        0.0000488646  -0.0000165797  -0.0000744293   0.0001182109  -0.0000909093
       -0.0002316582   0.0001168015   0.0002754026   0.0004056541   0.0001747458
       -0.0001691794  -0.0003603820   0.0000864469  -0.0000333048   0.0000086967
        0.0000076401   0.0000880693  -0.0002510310   0.0000097465  -0.0002452144
        0.0000914494  -0.0001150678  -0.0000021367  -0.0000090496  -0.0000047073
        0.0000109221  -0.0000064098  -0.0000082772   0.0000254658   0.0000171191
        0.0000202650  -0.0000200055  -0.0000074716  -0.0000262676  -0.0000024419
       -0.0000108832   0.0000422299   0.0000048178  -0.0000054935  -0.0000015298
       -0.0002570980  -0.0000651711  -0.0004666597  -0.0000833816   0.0000330402
        0.0000122584   0.0009565103  -0.0011445837   0.0008014060   0.0040674180
       -0.0007928389  -0.0026673684   0.1132682267   0.0235698409  -0.1739036225
       -0.0013164428  -0.0003914313   0.0024617371  -0.0008044711   0.0014140879
       -0.0038113608   0.0139064284   0.0052936843  -0.0229294942  -0.0002240155
        0.0008508050   0.0001289381  -0.0000171842  -0.0002092661   0.0000320485
        0.0009376999   0.0008184279   0.0006558560  -0.0000978031  -0.0000152190
       -0.0000478840  -0.0000282683  -0.0000170900   0.0000286618  -0.0000805472
       -0.0000537259   0.0001186166   0.0000560184   0.0000400878   0.0001472786
       -0.0000449790   0.0000156615   0.0000449366   0.0002466261   0.0000273405
       -0.0003540343  -0.0000800947   0.0001015530   0.0001257365  -0.0000883475
        0.0000145556   0.0002792226  -0.0000536327  -0.0001503406   0.0000399977
       -0.1295963907  -0.0294731733   0.1996802493   0.0000603475  -0.0000472441
       -0.0001070356   0.0002269699   0.0003090437  -0.0004394715   0.0002825984
        0.0005874112  -0.0003682898  -0.0004182381  -0.0003215515   0.0000058668
       -0.0000765396  -0.0000052502   0.0000253808  -0.0000215264  -0.0000254335
       -0.0000371564  -0.0005111985   0.0005485970   0.0007643863  -0.0002453109
       -0.0008934286  -0.0001597863   0.0000270949   0.0000050941   0.0000118691
       -0.0000128999  -0.0000011284  -0.0000057818  -0.0000238658  -0.0000293284
       -0.0000393750   0.0000101864  -0.0000102070  -0.0000399367   0.0000465460
        0.0000205184   0.0000052391  -0.0000104352  -0.0000033375   0.0000075710
        0.0054133479  -0.0012897538   0.0050152308   0.0003748813   0.0000658871
        0.0000869374   0.0000829960  -0.0000356041  -0.0000427160   0.0006395797
        0.0016660431   0.0004208747  -0.0132541343  -0.0010537107  -0.0139960676
       -0.1465422296   0.0098137099  -0.1102719385  -0.0001879182  -0.0005724209
        0.0015798370  -0.0020513514  -0.0029206353  -0.0009898279  -0.0281053725
        0.0212264619  -0.0079343245   0.0001336210   0.0003351645  -0.0000173504
       -0.0002822880   0.0001229674  -0.0008787968   0.0001273157   0.0001318186
        0.0004585470  -0.0001767787  -0.0001145436  -0.0000222545  -0.0000659140
       -0.0000538793  -0.0000209577  -0.0002127641  -0.0005145644   0.0003975077
       -0.0031853295   0.0014952211   0.0015483919  -0.0000080618   0.0000073468
        0.0000205133  -0.0000700001  -0.0000353128   0.0000734342   0.0006497210
       -0.0002075973   0.0001991072  -0.0000592018   0.0003233302   0.0001856710
       -0.0004513102  -0.0001133109   0.0000603475   0.1890657331  -0.0285364923
        0.1243949958  -0.0000036708  -0.0000780743   0.0001973759   0.0002232854
        0.0000772663   0.0003122571   0.0010068522  -0.0002185143   0.0007007367
       -0.0001427122  -0.0000894763  -0.0000075134  -0.0000943626  -0.0000540267
       -0.0000127662  -0.0003757378   0.0001037878   0.0000161971   0.0000667095
       -0.0000170395  -0.0000447229  -0.0000340922  -0.0000166922  -0.0000251783
        0.0000404812   0.0000389275  -0.0000855027  -0.0000454841  -0.0001804900
        0.0002153821   0.0002902990   0.0000274641  -0.0001816768  -0.0024811087
        0.0008326744  -0.0011500537  -0.0002850001  -0.0001659321  -0.0002016967
        0.0045502366   0.0000983837   0.0057244487   0.0000257055   0.0003240234
       -0.0007113636   0.0000537147  -0.0000668058  -0.0001008918  -0.0016216100
        0.0004474910  -0.0012216279  -0.0157278995  -0.0004078300  -0.0154737830
        0.0110193032  -0.0389957951   0.0180240247  -0.0008777624  -0.0001682545
        0.0009869222  -0.0027204905  -0.0034135349  -0.0015906985   0.0313129728
       -0.0159268334   0.0098412184   0.0001686398   0.0002895117   0.0005004370
       -0.0004605859   0.0001403864  -0.0010068560   0.0001133671   0.0002227275
       -0.0002411632   0.0000328821  -0.0000861136   0.0000452047   0.0000078599
       -0.0001241097   0.0000664482   0.0000534817  -0.0001588436  -0.0003766853
        0.0008485422  -0.0004251645  -0.0004027754   0.0000304032  -0.0000658057
       -0.0000078027  -0.0000407356  -0.0000222439   0.0001833493   0.0001041030
       -0.0013307827   0.0002775159   0.0000859424   0.0001233373   0.0001357965
       -0.0002140939  -0.0001728097  -0.0000472441  -0.0285364923   0.0594760480
       -0.0163094629  -0.0000239241  -0.0001149546  -0.0000516428   0.0001785526
        0.0000811819   0.0001978992   0.0013786237  -0.0002737354   0.0009869906
       -0.0000800265  -0.0000531970  -0.0001389265   0.0000316422  -0.0000037468
       -0.0000788487  -0.0004488082   0.0001051567  -0.0000461809   0.0000852511
       -0.0000261170  -0.0000735671  -0.0000252664  -0.0000082792   0.0000163481
       -0.0000223806  -0.0000402606   0.0000536288  -0.0005006249   0.0000144757
        0.0003747426   0.0001497242  -0.0004427715  -0.0000959803   0.0011307875
        0.0009771138   0.0004302020  -0.0000610347   0.0000281522   0.0001303240
       -0.0179715263   0.0027023588  -0.0222182079  -0.0008106275   0.0004976029
        0.0005684904   0.0001058883  -0.0001999420  -0.0001561145  -0.0002146745
        0.0004947230   0.0003379307  -0.0026915968  -0.0004258136  -0.0017617362
       -0.1060266802   0.0146732739  -0.1459900371   0.0005552628  -0.0001078548
       -0.0060251825  -0.0008328219  -0.0002127643  -0.0011346858   0.0046470490
       -0.0000763634   0.0083500353  -0.0006679710  -0.0007006504  -0.0008796990
       -0.0000542448   0.0000198204  -0.0002681295   0.0005553913   0.0000645057
       -0.0009741944  -0.0000039778  -0.0000093599  -0.0000194424  -0.0001181039
        0.0000868790   0.0001845286   0.0001579652  -0.0002740626   0.0010546977
       -0.0010118805   0.0003629776   0.0006004984   0.0000543123  -0.0001085418
       -0.0000541602   0.0000574525   0.0001390702   0.0000766425   0.0001208818
       -0.0003958099   0.0004140942   0.0001846903   0.0000836777   0.0000930897
       -0.0001047792   0.0000488646  -0.0001070356   0.1243949958  -0.0163094629
        0.1662703014   0.0000127416  -0.0001147680   0.0000109571  -0.0011986228
       -0.0001897889  -0.0009750915   0.0002202205  -0.0002033511   0.0012596240
        0.0000418996   0.0001730009   0.0000496024   0.0000646025  -0.0001424201
       -0.0000333950  -0.0000636335  -0.0000453789   0.0000246430  -0.0000193432
       -0.0000033990   0.0000367682  -0.0000033080  -0.0000073669   0.0000518711
       -0.0000658489  -0.0000284874   0.0000491634   0.0005384088   0.0003014762
       -0.0003173484   0.0001050993  -0.0001467861  -0.0000165143   0.0002745923
        0.0000500326   0.0014229476  -0.0002318131   0.0000041084   0.0000750886
       -0.0178011499   0.0193986255  -0.0036264784  -0.0043256378  -0.0002204594
       -0.0032775971   0.0000765100  -0.0001334213  -0.0000066564   0.0000749009
       -0.0000526034  -0.0000667857  -0.0006571547  -0.0006544044   0.0005082135
       -0.0001353700   0.0003684810  -0.0000271094  -0.1019241226   0.1033014671
       -0.0068331634   0.0072068747  -0.0136532791   0.0015871553   0.0001527367
       -0.0003516696   0.0003594144  -0.0003219699   0.0015068650  -0.0001602598
       -0.0000699086  -0.0013572360   0.0008812519  -0.0005906421   0.0009974797
        0.0004026199  -0.0001841374  -0.0000787146  -0.0001643397   0.0000726006
       -0.0001274625  -0.0001350708   0.0005542407   0.0002748668   0.0005125828
       -0.0001224679  -0.0000484546  -0.0000492350   0.0000436466  -0.0000869377
        0.0000486976  -0.0000659419  -0.0001240610   0.0000168881   0.0000063699
        0.0000087372   0.0000307160  -0.0000141260  -0.0000271590   0.0000209816
        0.0000333389  -0.0000165797   0.0002269699  -0.0000036708  -0.0000239241
        0.0000127416   0.1229250684  -0.1170008729   0.0083033591  -0.0038432608
        0.0094683072   0.0020196829  -0.0000593123  -0.0000407793  -0.0003260101
       -0.0001524072  -0.0000438990   0.0002003549  -0.0005345351  -0.0016367749
       -0.0005940275   0.0001811521  -0.0002656511  -0.0002483297  -0.0006159701
        0.0007816636   0.0003134961  -0.0000119728  -0.0001559688  -0.0000300872
       -0.0000024815   0.0000795610   0.0000139627   0.0001070139  -0.0000343524
        0.0000749756   0.0000178105  -0.0000406243   0.0000366664   0.0000093227
        0.0000010393   0.0000089184  -0.0000253474  -0.0000118043  -0.0000344986
        0.0007870318   0.0013843483   0.0006098320  -0.0001206600   0.0002998908
        0.0001922980   0.0000676957  -0.0001095285  -0.0001864178   0.0000914259
        0.0000540161  -0.0001041263  -0.0012448731  -0.0011749646   0.0009342655
        0.0005108709  -0.0003007978   0.0000221459   0.1065731157  -0.2056618297
        0.0072290411   0.0050300181  -0.0245279515   0.0058468647  -0.0004399949
        0.0004482827  -0.0004962289  -0.0022993246   0.0007874467  -0.0011466774
        0.0008792980   0.0003336825   0.0013374032  -0.0000795100  -0.0000407510
       -0.0000300903  -0.0000458154  -0.0000229434   0.0000020792  -0.0000927426
       -0.0001130043   0.0001009586   0.0001104355   0.0001623642   0.0003199478
        0.0000350308   0.0000254986  -0.0000192202  -0.0000650710   0.0000707397
        0.0000243769   0.0001125540  -0.0000094435   0.0001478197  -0.0000099119
        0.0000496253   0.0000139594  -0.0000126740   0.0000619924  -0.0000108267
        0.0000986444  -0.0000744293   0.0003090437  -0.0000780743  -0.0001149546
       -0.0001147680  -0.1170008729   0.2407336779  -0.0114435491   0.0088262558
       -0.0124796879  -0.0030965799  -0.0000955980  -0.0000534216   0.0000716431
        0.0001113859  -0.0000610538   0.0000243917  -0.0007726113  -0.0002449549
       -0.0003575267   0.0001928114  -0.0007533417  -0.0005871456  -0.0009692063
        0.0013659217   0.0003877200   0.0000255489   0.0000110785   0.0000050373
        0.0000125672  -0.0000126319  -0.0000080398  -0.0001333968  -0.0000280063
        0.0000054737  -0.0000272974   0.0000025710  -0.0000161707   0.0000026849
       -0.0000131046   0.0000165927   0.0000202596   0.0000056643   0.0000164735
       -0.0105283048   0.0119764933  -0.0012974258  -0.0016816817  -0.0004184005
       -0.0013722488   0.0001207680  -0.0001980307   0.0000041629   0.0000205779
       -0.0001152375   0.0001919836   0.0012437878   0.0004631829  -0.0018260094
       -0.0004708957   0.0005446966   0.0001023866  -0.0081212690   0.0096411192
       -0.0402279837  -0.0040914299   0.0164945027  -0.0013851950   0.0002581481
       -0.0006163546   0.0002513963  -0.0000514416   0.0007854906   0.0005500227
       -0.0010282127   0.0001350920  -0.0000346866  -0.0003732021   0.0004154350
        0.0003789108  -0.0000766627  -0.0000187458  -0.0000404376  -0.0000854929
       -0.0001474804   0.0000129969   0.0001827469   0.0002964296  -0.0001077944
       -0.0000161636  -0.0000063965   0.0000031250   0.0000607778   0.0000019659
        0.0000421997   0.0000956457   0.0001573943  -0.0000094170  -0.0000049136
       -0.0000387742   0.0000318173   0.0000355141  -0.0000580016  -0.0000036814
       -0.0001212383   0.0001182109  -0.0004394715   0.0001973759  -0.0000516428
        0.0000109571   0.0083033591  -0.0114435491   0.0472788760   0.0162417070
       -0.0264791096  -0.0015784699  -0.0002215888  -0.0000731442  -0.0004085671
        0.0002368589  -0.0001242793  -0.0000976313  -0.0003716774  -0.0006293383
        0.0002978146  -0.0004841342   0.0003085738   0.0001886994   0.0006874330
       -0.0007682856  -0.0005046837   0.0000045052  -0.0000833373  -0.0000221382
       -0.0000052834   0.0000246233  -0.0000085593   0.0000243513  -0.0000835035
        0.0000339846   0.0000117700  -0.0000052542  -0.0000055098   0.0000016060
        0.0000025727  -0.0000078263   0.0000066597  -0.0000069171  -0.0000015971
        0.0032898408  -0.0067342125  -0.0211272061   0.0008687955  -0.0005620072
       -0.0016151896  -0.0001402941   0.0002190155  -0.0001705348   0.0000085829
        0.0000379221   0.0002262047  -0.0008514807  -0.0009680075   0.0008591656
       -0.0033917971  -0.0000958659  -0.0028715747  -0.0514200457   0.0163191372
        0.0473922003  -0.0039512567   0.0034304026   0.0151342072   0.0000167394
       -0.0001363253   0.0004239416  -0.0001863747   0.0003316234  -0.0006173811
        0.0003383128  -0.0007670445   0.0006779820   0.0001412423  -0.0001106525
       -0.0001068023   0.0000540953   0.0000397101   0.0000191147  -0.0013226785
        0.0001292684   0.0001648918  -0.0003057116  -0.0003562981  -0.0000355408
       -0.0000120696   0.0000357694   0.0000300161  -0.0000469485  -0.0000092491
       -0.0000032686   0.0002070047   0.0002655581  -0.0000987659   0.0000037565
       -0.0000756500  -0.0000012065  -0.0000716363   0.0000047813   0.0000492627
        0.0000934159  -0.0000909093   0.0002825984   0.0002232854   0.0001785526
       -0.0011986228  -0.0038432608   0.0088262558   0.0162417070   0.0605801647
       -0.0193939394  -0.0530239496   0.0000790620   0.0000017729  -0.0000921337
       -0.0000695048  -0.0001386674  -0.0000266441  -0.0001584961  -0.0000274617
        0.0000741965  -0.0006447603   0.0001818173  -0.0000701161   0.0004334200
       -0.0004648463  -0.0006722261   0.0000593819   0.0000368601   0.0000451984
       -0.0000402566  -0.0000388710   0.0000205701   0.0000087639  -0.0000322324
       -0.0000122781   0.0000038109  -0.0000157377   0.0000090758   0.0000211451
       -0.0000071704   0.0000536384   0.0000257520  -0.0000132988   0.0000394700
        0.0007875196  -0.0016198414  -0.0057498838   0.0007510983   0.0001705539
        0.0009010573   0.0002727049  -0.0000185119   0.0005472259   0.0000088368
       -0.0000589108   0.0001258092  -0.0006765821  -0.0016246434   0.0023247590
       -0.0011008413  -0.0003682148  -0.0000197609   0.0157788082  -0.0612247758
       -0.0697809405  -0.0066211560   0.0045513358   0.0185504582  -0.0001209257
       -0.0000956222  -0.0001354362  -0.0003747007  -0.0000313088  -0.0003741633
        0.0003252862   0.0003126584   0.0010300594   0.0001770431  -0.0000777279
       -0.0000011136  -0.0000396502  -0.0000251372  -0.0000675955   0.0001454190
        0.0004300449   0.0001383240  -0.0000407379  -0.0001098317   0.0003330678
        0.0000076365  -0.0000135833   0.0000544549  -0.0001139392  -0.0000248667
       -0.0001269828   0.0003065014  -0.0009198432   0.0003359596   0.0000376265
       -0.0000081072  -0.0001088525  -0.0000094652  -0.0000011594   0.0000195509
        0.0002174822  -0.0002316582   0.0005874112   0.0000772663   0.0000811819
       -0.0001897889   0.0094683072  -0.0124796879  -0.0264791096  -0.0193939394
        0.0737097058   0.0783414995   0.0000948719   0.0000847268   0.0000460027
       -0.0003824121  -0.0001082640   0.0000844013   0.0001065901  -0.0000031879
       -0.0001095614  -0.0001536044   0.0004945009   0.0001029634   0.0005316797
       -0.0008203150  -0.0004696489  -0.0000143803  -0.0000023025   0.0000325697
       -0.0000453461  -0.0000123489   0.0000293905  -0.0000141180   0.0000703990
       -0.0000159845   0.0000118619  -0.0000086764   0.0000268951   0.0000166206
       -0.0000133031   0.0000130717  -0.0000213622  -0.0000032777   0.0000038911
        0.0013268736  -0.0050365641  -0.0166028380   0.0012135669  -0.0005761008
        0.0006271589  -0.0000762842  -0.0001702462  -0.0000232077   0.0000497108
        0.0000615869  -0.0003453927   0.0005541922   0.0008384239  -0.0019849924
       -0.0028244363   0.0001434475  -0.0031241201   0.0460227521  -0.0707974514
       -0.2403350341   0.0068693147  -0.0005074341  -0.0163887088   0.0001409541
       -0.0000017111   0.0002883213   0.0000286228   0.0001960852  -0.0003500005
       -0.0014183233  -0.0006725871   0.0000518326   0.0001318648  -0.0000911768
        0.0000443984   0.0001071750   0.0000330868   0.0000736973  -0.0008150608
        0.0001645141   0.0005088261  -0.0003660671  -0.0003689621   0.0000483081
       -0.0000036605   0.0000056382   0.0001097657   0.0001681219   0.0000091049
        0.0001307621  -0.0000557158   0.0009033992   0.0001410223   0.0000191681
        0.0000645899   0.0001363069   0.0000116151   0.0000332889  -0.0000005262
       -0.0003018599   0.0001168015  -0.0003682898   0.0003122571   0.0001978992
       -0.0009750915   0.0020196829  -0.0030965799  -0.0015784699  -0.0530239496
        0.0783414995   0.2792476624   0.0000143392   0.0001565592   0.0000395363
       -0.0002691481  -0.0000953769   0.0001304213  -0.0000150924  -0.0000446798
       -0.0001440385   0.0005472764  -0.0004413958   0.0000055288  -0.0005461526
        0.0006840247   0.0005722092   0.0000561258   0.0000091718   0.0000130014
       -0.0000574831  -0.0000450727   0.0000428049   0.0000922240  -0.0000254645
       -0.0000276208   0.0000219013   0.0000225971  -0.0000223307   0.0000600746
       -0.0000031604   0.0000292213   0.0000054201  -0.0000077544   0.0000298762
        0.0003298844  -0.0002329000   0.0000089243   0.0000666044  -0.0000542321
        0.0000242042  -0.0000412558  -0.0000425137   0.0000353354   0.0003127326
        0.0007116289   0.0002086988  -0.0012816146   0.0016568710   0.0009814228
        0.0130136043   0.0188736733   0.0014597296  -0.0002106006  -0.0001538878
        0.0001367870  -0.0000081198   0.0000311893   0.0003120015  -0.1827992708
       -0.2065839888  -0.0121548447   0.0006555995   0.0000876932   0.0023109693
        0.0000805116   0.0000277437  -0.0000148433  -0.0000899771  -0.0000069267
        0.0000500685   0.0000225472  -0.0001294451  -0.0000105432   0.0000295698
        0.0000588727  -0.0000486978   0.0007612645   0.0003801247  -0.0022370260
        0.0000224573  -0.0001249639  -0.0000755590   0.0000495948   0.0000317618
       -0.0000371497   0.0000093534   0.0000190128  -0.0000223878   0.0000185904
        0.0000152548  -0.0000891008  -0.0000567115   0.0001758836  -0.0000065078
        0.0003184839   0.0002754026  -0.0004182381   0.0010068522   0.0013786237
        0.0002202205  -0.0000593123  -0.0000955980  -0.0002215888   0.0000790620
        0.0000948719   0.0000143392   0.1679177015   0.1832121852   0.0097447925
       -0.0000552277   0.0001165375  -0.0001317799   0.0002511907   0.0001603401
        0.0002546482  -0.0000254772  -0.0000431630  -0.0000563482   0.0000540161
        0.0000076731  -0.0000390157  -0.0000025583   0.0000286558  -0.0000000869
       -0.0000011140   0.0000274509   0.0000023460  -0.0003403490  -0.0000310187
       -0.0000631999  -0.0000053654  -0.0000314216  -0.0000161457  -0.0000463414
        0.0001341027  -0.0001101364   0.0000236748   0.0000245060  -0.0000112882
       -0.0001608531   0.0002992570  -0.0003381298  -0.0001035080  -0.0001260526
        0.0001235341  -0.0000323440  -0.0000908833  -0.0000219812  -0.0007474214
       -0.0013132819  -0.0003900264   0.0034491187  -0.0046116086  -0.0011383065
       -0.0093596104  -0.0288276582  -0.0040810070  -0.0000482919   0.0000869433
        0.0000216964  -0.0001134223  -0.0000526803   0.0004419120  -0.1769417014
       -0.2836249480  -0.0295999486  -0.0000421602   0.0004080435  -0.0002924428
        0.0000698024   0.0000215544  -0.0000497507   0.0001861014   0.0000638989
       -0.0000894550  -0.0000283829  -0.0000034146   0.0000026711  -0.0000627736
        0.0000711761   0.0001782243  -0.0001452924  -0.0009703355   0.0006364286
       -0.0000917487   0.0000159640   0.0000429629  -0.0000042515   0.0000745366
       -0.0000287082   0.0000372455   0.0000337188   0.0000945240  -0.0000882735
       -0.0000053235  -0.0000364839   0.0003625927  -0.0002715493  -0.0000404224
        0.0004493206   0.0004056541  -0.0003215515  -0.0002185143  -0.0002737354
       -0.0002033511  -0.0000407793  -0.0000534216  -0.0000731442   0.0000017729
        0.0000847268   0.0001565592   0.1832121852   0.3180265772   0.0345669789
       -0.0001745981   0.0001674675   0.0001297656  -0.0000695015   0.0004037951
        0.0005593953   0.0000153185  -0.0000117099   0.0000007545   0.0000839322
        0.0000458437  -0.0000258366  -0.0000107140  -0.0000043851  -0.0000081738
        0.0000053435  -0.0000026810   0.0000184969   0.0005100356   0.0000820384
       -0.0003860710  -0.0000261149   0.0000445150   0.0000019411   0.0001866124
       -0.0001122708   0.0001340912  -0.0000591241   0.0000202295   0.0000148546
       -0.0007985263  -0.0013342483   0.0010041800  -0.0000332265   0.0000408358
        0.0000425512  -0.0000374767  -0.0000072892  -0.0000257391  -0.0002594580
       -0.0005160073  -0.0000565085   0.0012758700  -0.0015670607   0.0001522198
       -0.0060226572  -0.0095944949  -0.0033685749  -0.0000249320   0.0002028962
       -0.0002332684  -0.0000793206  -0.0002914425   0.0001561242  -0.0048165415
       -0.0239469435  -0.0088056603   0.0007077882  -0.0006293049  -0.0008719329
        0.0000119571   0.0000676288  -0.0000319285   0.0001767915  -0.0000423457
        0.0002744715  -0.0000376471   0.0001312980  -0.0000140685  -0.0000155922
       -0.0000253522  -0.0000132470   0.0000605326   0.0001277811  -0.0000983383
       -0.0000164194   0.0000329809  -0.0001006438  -0.0000301745   0.0000731118
       -0.0000063230   0.0000002387  -0.0000289367  -0.0000208330  -0.0001007099
        0.0000938155  -0.0000055216   0.0001212864  -0.0000748345  -0.0000125700
        0.0001825270   0.0001747458   0.0000058668   0.0007007367   0.0009869906
        0.0012596240  -0.0003260101   0.0000716431  -0.0004085671  -0.0000921337
        0.0000460027   0.0000395363   0.0097447925   0.0345669789   0.0127885815
       -0.0003407636   0.0000563743  -0.0000293186   0.0001311974   0.0010463415
       -0.0018347193  -0.0000064557  -0.0000072006  -0.0000306617   0.0000723514
        0.0000779663  -0.0000064853  -0.0000498556  -0.0000398994  -0.0000313388
        0.0000287587   0.0000169431  -0.0000680430  -0.0000173371   0.0002471899
        0.0003185825  -0.0000106696   0.0000247257   0.0000045261  -0.0000800882
        0.0000218608   0.0000407193  -0.0000188324  -0.0000027506  -0.0000126916
       -0.0065159392  -0.0033146371   0.0111185727   0.0000063333   0.0014041373
       -0.0002523025  -0.0000586172   0.0001491112  -0.0000182100  -0.0000030209
        0.0000044126  -0.0000471816  -0.0003209339  -0.0001463448   0.0005134519
       -0.0005742309  -0.0018443002  -0.0000195226   0.0002070767   0.0000077782
       -0.0001675184   0.0000280772  -0.0000431674   0.0001574875   0.0002310234
       -0.0001403599  -0.0000029275  -0.1078570060  -0.0025114533   0.1009852601
        0.0000612373   0.0000439146  -0.0000650983   0.0006093366   0.0001471931
       -0.0000956244  -0.0004858891   0.0000144913  -0.0002380586   0.0004008999
       -0.0002542923  -0.0003251704   0.0084530105  -0.0023158779  -0.0211081661
       -0.0001026308   0.0000382949  -0.0000356052   0.0000319088   0.0000441942
       -0.0000179154  -0.0000545533  -0.0000501219  -0.0000176052  -0.0000138521
        0.0000292734  -0.0000324236   0.0000019810  -0.0000370238  -0.0000161075
       -0.0001169704  -0.0001691794  -0.0000765396  -0.0001427122  -0.0000800265
        0.0000418996  -0.0001524072   0.0001113859   0.0002368589  -0.0000695048
       -0.0003824121  -0.0002691481  -0.0000552277  -0.0001745981  -0.0003407636
        0.1227278756   0.0062247799  -0.1101607166  -0.0167739964   0.0021191907
        0.0216993011  -0.0000486449  -0.0000041765  -0.0000304575   0.0000284708
        0.0000247392  -0.0000093331  -0.0000557731  -0.0001278011  -0.0000153821
       -0.0005767524   0.0006343352   0.0002949435   0.0012511279   0.0006335936
       -0.0017380437  -0.0000167011  -0.0000145775   0.0000451571  -0.0000634749
       -0.0000258031   0.0000273585   0.0000204796   0.0000053277  -0.0000204695
       -0.0157347657  -0.0054715363   0.0233916431  -0.0007089615   0.0008169511
        0.0013133583   0.0000450810   0.0002073857  -0.0000709879  -0.0000305664
        0.0000863304  -0.0000399523  -0.0008159026  -0.0004755508   0.0012450682
       -0.0017091014  -0.0050888575   0.0000690367   0.0002311436   0.0000745247
        0.0001950782  -0.0001087256  -0.0001622623   0.0001512787   0.0001585364
        0.0002136535  -0.0005721343  -0.0032602507  -0.0424416960   0.0091315637
        0.0000026657  -0.0000080036  -0.0000169802  -0.0001614170  -0.0004318387
        0.0003995095   0.0002455247   0.0000265522   0.0002493458  -0.0000925328
       -0.0008437490  -0.0005435008   0.0015986974   0.0007894268  -0.0132124852
        0.0000761702   0.0000289883  -0.0000772352   0.0000174392   0.0000267985
        0.0000026009  -0.0000087143   0.0000495934   0.0000052010  -0.0000120673
        0.0000240437  -0.0000218508   0.0000318883   0.0000201559  -0.0000414025
       -0.0002506323  -0.0003603820  -0.0000052502  -0.0000894763  -0.0000531970
        0.0001730009  -0.0000438990  -0.0000610538  -0.0001242793  -0.0001386674
       -0.0001082640  -0.0000953769   0.0001165375   0.0001674675   0.0000563743
        0.0062247799   0.0522005933  -0.0050215955   0.0141798165   0.0001373736
       -0.0166912096  -0.0000035314   0.0000057695  -0.0000112797   0.0000098585
        0.0000108945  -0.0000035212  -0.0001002856   0.0000717181  -0.0001506155
        0.0007104174  -0.0000587071  -0.0003768778  -0.0002985200   0.0005760904
        0.0008445223  -0.0000349094   0.0000553438  -0.0000271632  -0.0000459823
       -0.0000392882  -0.0000816545   0.0000003526   0.0000147313  -0.0000422292
        0.0070955202   0.0037362451  -0.0072142592  -0.0000884545  -0.0011117927
        0.0004655153   0.0000000031  -0.0001822510   0.0000153765  -0.0000205864
       -0.0000147235   0.0000533483   0.0003335548   0.0001669164  -0.0003819717
        0.0006959816   0.0016208564   0.0002707824  -0.0000372763  -0.0000356812
        0.0000516181   0.0001600736   0.0001367203  -0.0000967611  -0.0001268097
       -0.0001772084   0.0002024414   0.0996359197   0.0107682546  -0.1844078104
       -0.0000294295  -0.0000183671   0.0000218905  -0.0001153269   0.0004892540
       -0.0005826263  -0.0000022093  -0.0004195502  -0.0000369155  -0.0000802399
        0.0002348598   0.0003600540  -0.0013791442  -0.0084855428  -0.0429945675
       -0.0000466820   0.0000392079   0.0001277009  -0.0000212482  -0.0000246541
        0.0000029299   0.0000127521  -0.0000275793   0.0000276434   0.0000022405
       -0.0000267427  -0.0000115799   0.0000084822   0.0000289616   0.0000091407
        0.0000614829   0.0000864469   0.0000253808  -0.0000075134  -0.0001389265
        0.0000496024   0.0002003549   0.0000243917  -0.0000976313  -0.0000266441
        0.0000844013   0.0001304213  -0.0001317799   0.0001297656  -0.0000293186
       -0.1101607166  -0.0050215955   0.2336949685   0.0035363501  -0.0010985058
       -0.0011128667   0.0000274485  -0.0000038247   0.0000245596   0.0000015679
        0.0000013676  -0.0000008793   0.0000864408   0.0000388709   0.0000454602
        0.0000585195  -0.0001624415   0.0004979772   0.0003028353  -0.0005118981
        0.0007698884   0.0000280680   0.0000012714   0.0000370254   0.0000239778
       -0.0000889696   0.0000772711   0.0000024872  -0.0000375370   0.0000061912
        0.0046055308  -0.0032118754   0.0000649541   0.0000101850  -0.0010237812
        0.0000567336   0.0001781215  -0.0002070371  -0.0000960636   0.0000107233
        0.0000229196  -0.0000224862  -0.0000311513   0.0000037079   0.0000574547
       -0.0001318009   0.0001794984  -0.0001096232   0.0007710969  -0.0025116589
        0.0002321763   0.0000929065  -0.0000581355  -0.0000855338  -0.0001887084
       -0.0005125251   0.0004768375  -0.1657374998   0.1124361086  -0.0028542512
       -0.0000920701  -0.0000485285   0.0000063082  -0.0000925533  -0.0002701867
        0.0001074242   0.0000160495   0.0002272366   0.0001541817  -0.0001065777
       -0.0001002854  -0.0001315334  -0.0241901437   0.0100901794  -0.0099665723
        0.0000417609   0.0000741006  -0.0000402010   0.0000010931  -0.0001128885
        0.0000317323   0.0000040337   0.0000188199   0.0000122323  -0.0000211420
       -0.0000016892  -0.0000040295   0.0000132902   0.0000238287  -0.0000058471
       -0.0000167892  -0.0000333048  -0.0000215264  -0.0000943626   0.0000316422
        0.0000646025  -0.0005345351  -0.0007726113  -0.0003716774  -0.0001584961
        0.0001065901  -0.0000150924   0.0002511907  -0.0000695015   0.0001311974
       -0.0167739964   0.0141798165   0.0035363501   0.2036253754  -0.1277836041
        0.0132959479   0.0000046938   0.0000022148   0.0000004453  -0.0000189234
        0.0000295390   0.0000090837   0.0000446988  -0.0000284319  -0.0000553527
        0.0000542940   0.0000125967  -0.0001006851  -0.0015229694  -0.0006428138
       -0.0044430240  -0.0000009542   0.0000297673   0.0000182299  -0.0000578700
       -0.0000440026   0.0000516565   0.0000454994  -0.0000357048   0.0000159511
        0.0178822843  -0.0248746876   0.0000859980  -0.0020757153  -0.0048041501
        0.0015378829   0.0010395472  -0.0011650623  -0.0002560158   0.0000365812
        0.0001005332  -0.0000529983   0.0000361050   0.0001453013   0.0000083997
        0.0009320680  -0.0003534528  -0.0003366962   0.0015893393   0.0005407073
        0.0004583903   0.0000560007  -0.0000457316   0.0001408805  -0.0004713455
        0.0007108796  -0.0006024796   0.1149369789  -0.1426715789   0.0063404995
        0.0000582952   0.0001761916  -0.0000500055  -0.0004258535   0.0001010192
       -0.0001497868  -0.0000342203   0.0000212906  -0.0000426977  -0.0000865946
        0.0001181020   0.0000798994  -0.0047572623   0.0063523109   0.0008626177
        0.0000123471   0.0000498678   0.0000429169  -0.0001475718  -0.0004136339
        0.0000311083   0.0000232731  -0.0000306055  -0.0000210632   0.0000009792
        0.0000313787  -0.0000398166  -0.0000169282   0.0000285295  -0.0000085722
        0.0000089632   0.0000086967  -0.0000254335  -0.0000540267  -0.0000037468
       -0.0001424201  -0.0016367749  -0.0002449549  -0.0006293383  -0.0000274617
       -0.0000031879  -0.0000446798   0.0001603401   0.0004037951   0.0010463415
        0.0021191907   0.0001373736  -0.0010985058  -0.1277836041   0.1647023069
       -0.0059011757  -0.0000179808  -0.0000011166  -0.0000285668   0.0000719305
        0.0000297962  -0.0000092262  -0.0000129137  -0.0000157989   0.0000101195
       -0.0000288050  -0.0000389475   0.0000652463  -0.0013651718   0.0010104163
       -0.0012008140  -0.0000187063   0.0000252483  -0.0000266384   0.0000048066
       -0.0000321087  -0.0000231846  -0.0000080938   0.0000050191  -0.0000201856
       -0.0047360964   0.0049914336   0.0004743553   0.0007906607   0.0002307395
       -0.0000076331  -0.0001589730   0.0001154280   0.0001780002  -0.0000022621
       -0.0000789478   0.0000026510   0.0001030802  -0.0000269560  -0.0000493429
       -0.0001239954   0.0003668682   0.0001751853  -0.0000158269  -0.0014313957
        0.0003611405  -0.0001847298  -0.0000822773  -0.0000259206   0.0004781158
        0.0000761603  -0.0002498417   0.0003218525   0.0048409257  -0.0422717654
       -0.0000044264   0.0000012001  -0.0000052896  -0.0001903061  -0.0000825368
       -0.0001054468   0.0000235260   0.0001458539  -0.0000668078   0.0000219542
        0.0001033471   0.0001483801  -0.0271624572   0.0143329906  -0.0066155652
       -0.0000506743   0.0000961783   0.0000269002  -0.0000096587   0.0000764902
       -0.0000081985   0.0000076822  -0.0000015200   0.0000099828  -0.0000240023
        0.0000044209  -0.0000218826  -0.0000019998  -0.0000204316   0.0000004265
       -0.0000194443   0.0000076401  -0.0000371564  -0.0000127662  -0.0000788487
       -0.0000333950  -0.0005940275  -0.0003575267   0.0002978146   0.0000741965
       -0.0001095614  -0.0001440385   0.0002546482   0.0005593953  -0.0018347193
        0.0216993011  -0.0166912096  -0.0011128667   0.0132959479  -0.0059011757
        0.0543859097  -0.0000360070  -0.0000112703  -0.0000205257  -0.0000028980
        0.0000129204  -0.0000119076   0.0000379252  -0.0000338323   0.0000663405
       -0.0000988739  -0.0000147577   0.0001257993  -0.0036764530  -0.0009670525
       -0.0036775035   0.0000084994   0.0000170401   0.0000252738  -0.0000299055
       -0.0000586049   0.0000216789   0.0000183937  -0.0000311274  -0.0000000318
        0.0002159186   0.0000574709   0.0000630344   0.0000108914  -0.0000231041
       -0.0000265716  -0.0000523021   0.0000556499  -0.0000167524   0.0006786234
       -0.0002557318   0.0008850339   0.0004838508  -0.0071888543  -0.0027893544
       -0.0010429864   0.0002971077  -0.0016606272  -0.0002551292   0.0028838579
        0.0007385636  -0.0142072943   0.0047785981  -0.0264171998   0.0000343291
        0.0000399124   0.0001375522   0.0000448015   0.0000786700  -0.0000368659
       -0.0797274226   0.0155961686  -0.0938258218   0.0000665276   0.0000231190
       -0.0000180122   0.0000034418   0.0000085282  -0.0000006282  -0.0000489905
       -0.0000021683   0.0000273701   0.0000057002  -0.0000211323   0.0001069846
       -0.0000569736  -0.0000019674   0.0000234532   0.0000015356  -0.0000117792
        0.0000207352  -0.0000651337   0.0000442383  -0.0000406598   0.0001624653
       -0.0001737065   0.0000673861  -0.0000139024   0.0000536505   0.0000280434
       -0.0002220208   0.0000880693  -0.0005111985  -0.0003757378  -0.0004488082
       -0.0000636335   0.0001811521   0.0001928114  -0.0004841342  -0.0006447603
       -0.0001536044   0.0005472764  -0.0000254772   0.0000153185  -0.0000064557
       -0.0000486449  -0.0000035314   0.0000274485   0.0000046938  -0.0000179808
       -0.0000360070   0.0895623261  -0.0120329994   0.1119263685   0.0052325210
       -0.0038816478   0.0113090818   0.0000118081   0.0000006876  -0.0000028429
       -0.0000011315  -0.0000052472   0.0000032460   0.0000480165   0.0000108999
       -0.0000189769   0.0000191994  -0.0000109224   0.0000010550   0.0000333074
        0.0000109858   0.0000328764  -0.0000132024  -0.0000025583   0.0000102326
       -0.0000058356  -0.0000196392  -0.0000988630   0.0000372100   0.0000284066
       -0.0000048214   0.0001160438  -0.0000591998  -0.0000627129  -0.0012621587
        0.0002900806  -0.0017695483  -0.0061452802   0.0065675127   0.0030396104
        0.0003774860  -0.0000848249   0.0006276721   0.0022765882  -0.0023934838
       -0.0020146970  -0.0050560739   0.0019439099  -0.0120279893   0.0000611542
        0.0000699347  -0.0000064378  -0.0000313190  -0.0000191538  -0.0000271152
        0.0160362266  -0.0475324046   0.0531544811   0.0000205132  -0.0000133954
       -0.0000130324  -0.0000015543  -0.0000077502  -0.0000028172   0.0000113691
       -0.0000016379   0.0000071560   0.0000444243   0.0000083996   0.0000364127
       -0.0000222179  -0.0000098519   0.0000149675   0.0000181507  -0.0000144668
       -0.0000113393   0.0000383226  -0.0000151399  -0.0000207985  -0.0004320835
        0.0004802933  -0.0001041869  -0.0000829960  -0.0000674845  -0.0000139565
        0.0002017832  -0.0002510310   0.0005485970   0.0001037878   0.0001051567
       -0.0000453789  -0.0002656511  -0.0007533417   0.0003085738   0.0001818173
        0.0004945009  -0.0004413958  -0.0000431630  -0.0000117099  -0.0000072006
       -0.0000041765   0.0000057695  -0.0000038247   0.0000022148  -0.0000011166
       -0.0000112703  -0.0120329994   0.0448663816  -0.0593575087   0.0058528634
       -0.0036200428   0.0182915681   0.0000029648   0.0000068294   0.0000045959
       -0.0000025677   0.0000019564  -0.0000018909  -0.0000173367   0.0000153201
        0.0000064377   0.0000157385  -0.0000127023   0.0000018784   0.0000034344
        0.0000080585   0.0000018870   0.0000033209  -0.0000041336   0.0000029478
        0.0002086982   0.0000522558  -0.0001983387   0.0000103601  -0.0000277446
       -0.0000154493   0.0000381193  -0.0001102098  -0.0001033872  -0.0007247391
        0.0001265607  -0.0010198617  -0.0035818807   0.0022128481   0.0029830468
       -0.0002492429   0.0002486559   0.0000174041   0.0023426079  -0.0010441340
        0.0001347613  -0.0081259774   0.0006967201  -0.0131394319   0.0001121013
       -0.0001052054   0.0000794679   0.0000741937   0.0000982153   0.0000336138
       -0.0949480190   0.0521192490  -0.2521098540   0.0000910130   0.0000257222
       -0.0000016989   0.0000043251  -0.0000039637   0.0000049622  -0.0000357814
       -0.0000219385   0.0000625207  -0.0000067746  -0.0000367579   0.0000440617
       -0.0000547543  -0.0000245453   0.0000351681   0.0000252465   0.0000127528
        0.0000404995  -0.0000766366   0.0000512724  -0.0000120745  -0.0002049703
        0.0002939590  -0.0000164573   0.0001146758  -0.0001783100  -0.0000519099
        0.0002256074   0.0000097465   0.0007643863   0.0000161971  -0.0000461809
        0.0000246430  -0.0002483297  -0.0005871456   0.0001886994  -0.0000701161
        0.0001029634   0.0000055288  -0.0000563482   0.0000007545  -0.0000306617
       -0.0000304575  -0.0000112797   0.0000245596   0.0000004453  -0.0000285668
       -0.0000205257   0.1119263685  -0.0593575087   0.2793489366  -0.0068315025
        0.0055058852  -0.0170871828  -0.0000041796   0.0000019707  -0.0000039246
       -0.0000017554  -0.0000065418   0.0000089376   0.0000204576   0.0000273321
       -0.0000067440   0.0000399708  -0.0000119606  -0.0000036063   0.0000264913
        0.0000243404   0.0000178300  -0.0000254136  -0.0000092106   0.0000020812
       -0.0005024434  -0.0008535503   0.0002355774   0.0000284945  -0.0000463223
       -0.0000553751  -0.0000048750   0.0000310331  -0.0000572656  -0.0003265132
       -0.0001229685  -0.0004790087  -0.0005238741   0.0022690309   0.0022532458
        0.0001957072  -0.0001101974   0.0004428547   0.0005004216  -0.0056154042
       -0.0043379931  -0.0168691116  -0.0196715281   0.0159616085  -0.0000399343
        0.0000486762  -0.0001166329  -0.0001194578   0.0001340179  -0.0001702976
       -0.0995380906  -0.0871789415   0.0705825672   0.0000503866   0.0000302642
        0.0000492013  -0.0000062136   0.0000243742  -0.0000136943   0.0000819472
        0.0000093732  -0.0000134535  -0.0001711407  -0.0001430301  -0.0001227564
       -0.0000269335   0.0000110341  -0.0000198935   0.0000121937  -0.0000060025
       -0.0000267498   0.0000060917  -0.0001301847   0.0000539696  -0.0000268756
        0.0001718210   0.0000249624  -0.0001942427   0.0003029164  -0.0000144919
        0.0000327989  -0.0002452144  -0.0002453109   0.0000667095   0.0000852511
       -0.0000193432  -0.0006159701  -0.0009692063   0.0006874330   0.0004334200
        0.0005316797  -0.0005461526   0.0000540161   0.0000839322   0.0000723514
        0.0000284708   0.0000098585   0.0000015679  -0.0000189234   0.0000719305
       -0.0000028980   0.0052325210   0.0058528634  -0.0068315025   0.1122327106
        0.1054402919  -0.0772949296   0.0000017826  -0.0000112905  -0.0000149025
        0.0000174391   0.0000055201  -0.0000132288   0.0000100517   0.0000012357
        0.0000152581  -0.0000074488   0.0000078479   0.0000059282   0.0000032553
       -0.0000156336   0.0000101448   0.0000036304  -0.0000034778  -0.0000007898
       -0.0005872420  -0.0007756724   0.0007623366  -0.0000929025   0.0000222979
       -0.0000522303   0.0000021553   0.0000361064   0.0000321769   0.0005468060
       -0.0000992500   0.0007126810   0.0030936688  -0.0025968228  -0.0009464252
        0.0000514770   0.0002267639  -0.0000272535  -0.0067135394   0.0063863136
        0.0018673706  -0.0106492101  -0.0128481523   0.0079948330   0.0001192938
       -0.0000571128  -0.0001250231  -0.0000453860   0.0002236373  -0.0001402904
       -0.0875477712  -0.1472483540   0.1048897322   0.0000518321   0.0000355432
        0.0000285491  -0.0000037516   0.0000124267  -0.0000145015   0.0000428459
       -0.0000032423  -0.0000265902  -0.0001062273  -0.0001812481  -0.0001481267
       -0.0000236744   0.0000060656  -0.0000117064   0.0000169364   0.0000138226
       -0.0000064426  -0.0001086327  -0.0000603984   0.0000622444   0.0001789936
       -0.0002261759   0.0000171299   0.0000222052   0.0002148143  -0.0000175457
       -0.0001633214   0.0000914494  -0.0008934286  -0.0000170395  -0.0000261170
       -0.0000033990   0.0007816636   0.0013659217  -0.0007682856  -0.0004648463
       -0.0008203150   0.0006840247   0.0000076731   0.0000458437   0.0000779663
        0.0000247392   0.0000108945   0.0000013676   0.0000295390   0.0000297962
        0.0000129204  -0.0038816478  -0.0036200428   0.0055058852   0.1054402919
        0.1598208334  -0.1194782434  -0.0000106667  -0.0000109156  -0.0000117715
        0.0000149049   0.0000059989  -0.0000111817   0.0000020772   0.0000311228
        0.0000267057  -0.0000068032   0.0000092706   0.0000082841   0.0000027073
       -0.0000157439   0.0000051893  -0.0000071484   0.0000006405  -0.0000069517
       -0.0002294974  -0.0001196566   0.0002412765  -0.0000001002   0.0000253551
       -0.0000088143   0.0000331895   0.0000260164   0.0000475975   0.0002555267
       -0.0001106557   0.0004145668   0.0004522527  -0.0022845522   0.0001565956
       -0.0000658170   0.0000365505  -0.0002806816  -0.0035416704   0.0024236099
        0.0024249038  -0.0022741261  -0.0043580168   0.0042256581   0.0000432673
        0.0000537009   0.0000397413  -0.0001227852  -0.0000770953  -0.0000273115
        0.0718025081   0.1059642388  -0.1330762531  -0.0000316194  -0.0000252871
       -0.0000175461  -0.0000018864  -0.0000037809  -0.0000006533  -0.0000296539
       -0.0000007752  -0.0000189486   0.0000578057   0.0000017976   0.0000472878
        0.0000036643   0.0000037766  -0.0000003897   0.0000110319  -0.0000143391
       -0.0000238118   0.0000004943   0.0000651520  -0.0000977441   0.0000821469
       -0.0001150783  -0.0000138184   0.0000145616  -0.0000075381   0.0001251259
       -0.0000457927  -0.0001150678  -0.0001597863  -0.0000447229  -0.0000735671
        0.0000367682   0.0003134961   0.0003877200  -0.0005046837  -0.0006722261
       -0.0004696489   0.0005722092  -0.0000390157  -0.0000258366  -0.0000064853
       -0.0000093331  -0.0000035212  -0.0000008793   0.0000090837  -0.0000092262
       -0.0000119076   0.0113090818   0.0182915681  -0.0170871828  -0.0772949296
       -0.1194782434   0.1430015075   0.0000090121   0.0000069164   0.0000040079
       -0.0000022891   0.0000034967  -0.0000032708   0.0000011112   0.0000038902
       -0.0000003355  -0.0000034821  -0.0000040456   0.0000018452  -0.0000009584
       -0.0000013189  -0.0000004424   0.0000116717   0.0000034618   0.0000018550
        0.0002703833  -0.0001786203  -0.0000053635  -0.0007264793  -0.0051120940
        0.0020976794  -0.0015307258  -0.0000432602  -0.0005333253  -0.0000929945
       -0.0001178578  -0.0000815241   0.0000621011   0.0000310249  -0.0000350905
        0.0000229649  -0.0000209841  -0.0002440031   0.0000179939   0.0000413898
        0.0000813912   0.0001347650   0.0000571676   0.0000021278  -0.0000412418
        0.0000341653   0.0001174065  -0.0002256312  -0.0000626818  -0.0001250780
       -0.0000127885   0.0000117650   0.0000181489  -0.0272342958  -0.0049559353
       -0.0081703636  -0.2595830016  -0.0355977813  -0.0916447567   0.0003483203
        0.0000708852   0.0003767274   0.0003082263   0.0001047072   0.0001084246
        0.0007924120   0.0021690222  -0.0009289955   0.0000028935   0.0000957341
       -0.0000102259  -0.0001426467  -0.0003740831   0.0000233554   0.0000008759
        0.0000178944   0.0000116774  -0.0000544426  -0.0000355155   0.0000717626
       -0.0000136638  -0.0000021367   0.0000270949  -0.0000340922  -0.0000252664
       -0.0000033080  -0.0000119728   0.0000255489   0.0000045052   0.0000593819
       -0.0000143803   0.0000561258  -0.0000025583  -0.0000107140  -0.0000498556
       -0.0000557731  -0.0001002856   0.0000864408   0.0000446988  -0.0000129137
        0.0000379252   0.0000118081   0.0000029648  -0.0000041796   0.0000017826
       -0.0000106667   0.0000090121   0.2934921934   0.0451717987   0.1019396325
       -0.0059042816  -0.0011787387  -0.0036764551  -0.0006799264   0.0000797571
       -0.0000226281   0.0000878268   0.0003477061  -0.0004251212   0.0000148459
       -0.0000725467  -0.0000137115   0.0006730424  -0.0003350693   0.0009045476
       -0.0021719240  -0.0007094832  -0.0007803120  -0.0050031748   0.0084716999
        0.0043740949   0.0010241137   0.0003340794   0.0004249830   0.0000449837
        0.0000883231   0.0000082102   0.0000152136   0.0000231400   0.0000051163
       -0.0000047163   0.0000782177  -0.0001735204  -0.0004123947   0.0004178339
        0.0001663760   0.0000408149   0.0000482167  -0.0000471118  -0.0000529502
       -0.0000202684   0.0001000807   0.0002978298  -0.0000809675  -0.0000057524
        0.0000011117  -0.0000210245   0.0000107684  -0.0124383795  -0.0032245890
       -0.0047056408  -0.0351203910  -0.0386304794  -0.0082466529   0.0000669819
       -0.0001668397   0.0004723262  -0.0001895353   0.0000034759   0.0000033333
        0.0004076937  -0.0033066695  -0.0023489511   0.0000802758  -0.0000467036
       -0.0000302294   0.0001771286   0.0003220547  -0.0000351309   0.0000073624
       -0.0000047556  -0.0000134655   0.0000340449   0.0000069307  -0.0000494677
       -0.0000001798  -0.0000090496   0.0000050941  -0.0000166922  -0.0000082792
       -0.0000073669  -0.0001559688   0.0000110785  -0.0000833373   0.0000368601
       -0.0000023025   0.0000091718   0.0000286558  -0.0000043851  -0.0000398994
       -0.0001278011   0.0000717181   0.0000388709  -0.0000284319  -0.0000157989
       -0.0000338323   0.0000006876   0.0000068294   0.0000019707  -0.0000112905
       -0.0000109156   0.0000069164   0.0451717987   0.0339249277   0.0056769150
        0.0077239500   0.0028343654   0.0048239413   0.0003026939  -0.0001183614
       -0.0001496052  -0.0000292383  -0.0002642877   0.0006384687   0.0002190991
        0.0002635261  -0.0007820741   0.0000817684  -0.0002612569   0.0007657121
       -0.0005941519  -0.0001778665  -0.0001559764   0.0000287194   0.0045107311
        0.0003722169   0.0008936708   0.0002430464   0.0006992679   0.0000248749
        0.0000084452   0.0000314015   0.0000023934  -0.0000014050   0.0000012504
        0.0000166441  -0.0000002050  -0.0000607318  -0.0000718396   0.0000619856
        0.0000513003   0.0000178209   0.0000362868  -0.0000097869  -0.0000416068
        0.0000331445   0.0000933518  -0.0000257583   0.0000598282  -0.0001791207
       -0.0000013359  -0.0000134537   0.0000127121   0.0128253051   0.0016098613
        0.0045158643  -0.0931151581  -0.0094476629  -0.0806577991   0.0001166457
        0.0000746359   0.0004110466  -0.0000006637   0.0000558720   0.0000785065
        0.0025645949  -0.0010558122  -0.0000474601   0.0000149055  -0.0000777868
       -0.0000032610   0.0001990952   0.0003099222   0.0000041631  -0.0000118307
       -0.0000178776   0.0000291681  -0.0000055611  -0.0000143621  -0.0000142550
       -0.0000149721  -0.0000047073   0.0000118691  -0.0000251783   0.0000163481
        0.0000518711  -0.0000300872   0.0000050373  -0.0000221382   0.0000451984
        0.0000325697   0.0000130014  -0.0000000869  -0.0000081738  -0.0000313388
       -0.0000153821  -0.0001506155   0.0000454602  -0.0000553527   0.0000101195
        0.0000663405  -0.0000028429   0.0000045959  -0.0000039246  -0.0000149025
       -0.0000117715   0.0000040079   0.1019396325   0.0056769150   0.0878211272
       -0.0250073166  -0.0022641682  -0.0120908926   0.0000529739  -0.0001289358
       -0.0000260407  -0.0001043159  -0.0001196491   0.0001461151   0.0000519752
        0.0001415874  -0.0003870485   0.0003438936   0.0006035206  -0.0007702675
       -0.0002676581  -0.0001759791   0.0000437195  -0.0001444658   0.0004992824
        0.0022728679   0.0001622797   0.0001279199  -0.0000512022  -0.0000311777
        0.0000204283  -0.0000064071   0.0000010007   0.0000138230  -0.0000230444
       -0.0000611224   0.0000517018   0.0000433507  -0.0000369101   0.0000448293
        0.0000196047  -0.0000186923  -0.0000422299   0.0000191943   0.0000362590
       -0.0000216694  -0.0000754993  -0.0001883027   0.0000958171   0.0004401758
        0.0000128396   0.0000186810  -0.0000201542   0.0026853569  -0.0063669904
        0.0189846162  -0.0497651880   0.0099895745  -0.0408133730  -0.0011336799
       -0.0009022627  -0.0000877192  -0.0000023338  -0.0000854340  -0.0002362852
       -0.0009508874  -0.0044787566   0.0004071727   0.0000208886   0.0000779572
        0.0000143797   0.0000194338   0.0000741408  -0.0000234976   0.0000318684
        0.0000119344  -0.0000478399   0.0000236439   0.0000193391  -0.0000264608
        0.0000234993   0.0000109221  -0.0000128999   0.0000404812  -0.0000223806
       -0.0000658489  -0.0000024815   0.0000125672  -0.0000052834  -0.0000402566
       -0.0000453461  -0.0000574831  -0.0000011140   0.0000053435   0.0000287587
       -0.0005767524   0.0007104174   0.0000585195   0.0000542940  -0.0000288050
       -0.0000988739  -0.0000011315  -0.0000025677  -0.0000017554   0.0000174391
        0.0000149049  -0.0000022891  -0.0059042816   0.0077239500  -0.0250073166
        0.0555899725  -0.0069753624   0.0431651963  -0.0000805077   0.0001239411
        0.0000543196   0.0002822630  -0.0005618881   0.0012746231   0.0001663138
        0.0000780067  -0.0001755068   0.0000391101  -0.0000158097   0.0000122414
        0.0006312685   0.0002166044   0.0002490219   0.0024650700  -0.0031769362
       -0.0004587188  -0.0004097475  -0.0000747353  -0.0001408462  -0.0000390414
       -0.0000218514  -0.0000533372  -0.0000111657   0.0000091116   0.0000066225
        0.0000776287  -0.0000528853   0.0000566781   0.0001433328  -0.0001327866
       -0.0000338054  -0.0000114016  -0.0000183065   0.0000091363  -0.0000102503
       -0.0000346976  -0.0000985917   0.0002272300  -0.0000240500  -0.0000292844
        0.0000104832   0.0000017059  -0.0000122057   0.0008006215  -0.0071878799
        0.0138730250   0.0093532868  -0.0607867052   0.0824259889  -0.0008209879
       -0.0001002081  -0.0006959527  -0.0001966554   0.0000534110  -0.0000829727
       -0.0047664469   0.0088378309   0.0055812299   0.0000308841   0.0000265161
        0.0000528813  -0.0000976238  -0.0000748067  -0.0000036853   0.0000546780
        0.0000353812  -0.0000244430   0.0000061020  -0.0000127277  -0.0000038378
        0.0000182908  -0.0000064098  -0.0000011284   0.0000389275  -0.0000402606
       -0.0000284874   0.0000795610  -0.0000126319   0.0000246233  -0.0000388710
       -0.0000123489  -0.0000450727   0.0000274509  -0.0000026810   0.0000169431
        0.0006343352  -0.0000587071  -0.0001624415   0.0000125967  -0.0000389475
       -0.0000147577  -0.0000052472   0.0000019564  -0.0000065418   0.0000055201
        0.0000059989   0.0000034967  -0.0011787387   0.0028343654  -0.0022641682
       -0.0069753624   0.0602039866  -0.0990733455   0.0002316147  -0.0001651824
        0.0000242996  -0.0001078550   0.0008890221  -0.0015757747   0.0000968626
       -0.0010982474   0.0027561990  -0.0002763504   0.0000181026  -0.0002707469
        0.0003946876   0.0001983202   0.0000155032  -0.0008903551  -0.0022970392
        0.0002667609  -0.0004147157  -0.0001833365   0.0000967954  -0.0000444672
       -0.0000676756   0.0000506971   0.0000172766  -0.0000299637   0.0000489100
       -0.0000772222   0.0000074124  -0.0000262045   0.0000158383  -0.0000750469
        0.0000481960  -0.0000068606  -0.0000000400  -0.0000231896   0.0000204791
       -0.0000599634   0.0001126511   0.0001010158   0.0001390500  -0.0002380616
       -0.0000122669  -0.0000154232   0.0000208536  -0.0018080509   0.0076592206
       -0.0210383501  -0.0393941488   0.0832902961  -0.2684457681   0.0005192637
        0.0002175254   0.0007217588  -0.0002529251  -0.0002157827   0.0001689107
        0.0018688210   0.0053999161   0.0008025678  -0.0000361209   0.0000078762
       -0.0001124201   0.0000066637  -0.0000869715   0.0000664267  -0.0000837950
       -0.0000221805   0.0000464647  -0.0000209917   0.0000040031   0.0000547146
       -0.0000364389  -0.0000082772  -0.0000057818  -0.0000855027   0.0000536288
        0.0000491634   0.0000139627  -0.0000080398  -0.0000085593   0.0000205701
        0.0000293905   0.0000428049   0.0000023460   0.0000184969  -0.0000680430
        0.0002949435  -0.0003768778   0.0004979772  -0.0001006851   0.0000652463
        0.0001257993   0.0000032460  -0.0000018909   0.0000089376  -0.0000132288
       -0.0000111817  -0.0000032708  -0.0036764551   0.0048239413  -0.0120908926
        0.0431651963  -0.0990733455   0.3003793486   0.0000675342   0.0000729281
       -0.0007287374  -0.0000193350   0.0006462946  -0.0016605509   0.0000062034
        0.0000424273   0.0003529969   0.0004555175  -0.0001429378   0.0004715914
       -0.0004690619   0.0005284570  -0.0001847066  -0.0001415148   0.0001099333
       -0.0001187767  -0.0000790964   0.0000242000  -0.0001120287  -0.0000580028
       -0.0000425286   0.0000128468   0.0000616309  -0.0000942765   0.0001263124
       -0.0004485100   0.0005858014  -0.0000057404  -0.0001432216   0.0002772629
       -0.0002047450  -0.0000432960   0.0000114942  -0.0001031883   0.0003464750
       -0.0002651314   0.0000098966  -0.0225547770   0.0081487932  -0.0077365708
        0.0000340024  -0.0000021060   0.0000279702   0.0039658877   0.0001798500
       -0.0029555456  -0.0017029075  -0.0034894881   0.0011470104   0.0000378488
       -0.0001094409   0.0000164605  -0.2768220711   0.1799429699  -0.0115957374
       -0.0001922904   0.0003688434  -0.0001502216   0.0000188649   0.0001074714
       -0.0000021595   0.0000322592   0.0000172927   0.0000167519   0.0000415227
       -0.0000745732   0.0000485884   0.0000753047   0.0000529337   0.0000167747
        0.0000485617   0.0000254658  -0.0000238658  -0.0000454841  -0.0005006249
        0.0005384088   0.0001070139  -0.0001333968   0.0000243513   0.0000087639
       -0.0000141180   0.0000922240  -0.0003403490   0.0005100356  -0.0000173371
        0.0012511279  -0.0002985200   0.0003028353  -0.0015229694  -0.0013651718
       -0.0036764530   0.0000480165  -0.0000173367   0.0000204576   0.0000100517
        0.0000020772   0.0000011112  -0.0006799264   0.0003026939   0.0000529739
       -0.0000805077   0.0002316147   0.0000675342   0.2993510389  -0.1853389354
        0.0237641794  -0.0000337651  -0.0000009379   0.0000603614   0.0001668559
        0.0000865132   0.0006171346  -0.0002474756   0.0002328826  -0.0000771073
       -0.0005401626   0.0012207644   0.0000376634  -0.0005700872   0.0001157225
       -0.0005689208   0.0000186678  -0.0000972068  -0.0000506689   0.0001106985
        0.0000007604   0.0000503078  -0.0000661518  -0.0000861126   0.0001085463
       -0.0000349464  -0.0003983173  -0.0001065486  -0.0000205050  -0.0002926562
       -0.0000714736  -0.0001783681  -0.0001227186  -0.0000343837   0.0000430369
        0.0000797633   0.0000080062  -0.0085422583   0.0072859474   0.0043857168
        0.0000271125   0.0000055165   0.0000046261  -0.0033061461  -0.0006798133
        0.0025672671   0.0031556363   0.0027191437  -0.0021878608  -0.0000939626
       -0.0000531454   0.0000254543   0.1951158614  -0.1538992236  -0.0127705599
        0.0001848704  -0.0006514730   0.0006885456  -0.0000342687  -0.0000271237
       -0.0000194569   0.0000295699  -0.0000071846   0.0000495250  -0.0000552053
       -0.0000408889   0.0000428853   0.0000196278   0.0000803559   0.0000097391
        0.0000105493   0.0000171191  -0.0000293284  -0.0001804900   0.0000144757
        0.0003014762  -0.0000343524  -0.0000280063  -0.0000835035  -0.0000322324
        0.0000703990  -0.0000254645  -0.0000310187   0.0000820384   0.0002471899
        0.0006335936   0.0005760904  -0.0005118981  -0.0006428138   0.0010104163
       -0.0009670525   0.0000108999   0.0000153201   0.0000273321   0.0000012357
        0.0000311228   0.0000038902   0.0000797571  -0.0001183614  -0.0001289358
        0.0001239411  -0.0001651824   0.0000729281  -0.1853389354   0.1440095729
        0.0084347660   0.0000624834  -0.0000146021   0.0000352384   0.0000443884
       -0.0005475684   0.0003624617   0.0000299749  -0.0001049440   0.0000924903
       -0.0000736473  -0.0004568783   0.0006126723  -0.0000904772   0.0001692187
       -0.0001165199   0.0000657238  -0.0000135090  -0.0000189618   0.0000702765
        0.0000118804   0.0000268495  -0.0000622111   0.0000113540  -0.0000630084
        0.0002232413  -0.0001258670   0.0003802617   0.0000810739  -0.0001052024
       -0.0000886719  -0.0000483688  -0.0000722944   0.0000496230   0.0000734664
        0.0002376715  -0.0003524797  -0.0245961464   0.0165833771  -0.0043283448
        0.0000217159   0.0000085846  -0.0000455590  -0.0013037727  -0.0016909425
        0.0026454812   0.0010349501   0.0019124288  -0.0003124097  -0.0001600045
       -0.0001658392  -0.0003104846   0.0068973246  -0.0248863911  -0.0274564672
        0.0000317199  -0.0001977698  -0.0006325809  -0.0000141368   0.0000012836
        0.0000151990  -0.0000137628   0.0000334915  -0.0000198611  -0.0000153577
        0.0000545621  -0.0000397652   0.0000031698   0.0000044787  -0.0000366110
        0.0000399431   0.0000202650  -0.0000393750   0.0002153821   0.0003747426
       -0.0003173484   0.0000749756   0.0000054737   0.0000339846  -0.0000122781
       -0.0000159845  -0.0000276208  -0.0000631999  -0.0003860710   0.0003185825
       -0.0017380437   0.0008445223   0.0007698884  -0.0044430240  -0.0012008140
       -0.0036775035  -0.0000189769   0.0000064377  -0.0000067440   0.0000152581
        0.0000267057  -0.0000003355  -0.0000226281  -0.0001496052  -0.0000260407
        0.0000543196   0.0000242996  -0.0007287374   0.0237641794   0.0084347660
        0.0347770954  -0.0000626819  -0.0000550281  -0.0001355088   0.0002984492
        0.0005938858  -0.0008143915  -0.0002264514   0.0001627668  -0.0000343068
        0.0000799883   0.0000349681   0.0000133973   0.0003438146  -0.0000250718
       -0.0001826841  -0.0007144331   0.0001975660  -0.0007654853  -0.0011028054
        0.0000042380  -0.0006930963  -0.0000340845  -0.0000512459   0.0001723658
       -0.0002179196   0.0001364082  -0.0000361876  -0.0000281433   0.0000041342
        0.0000099427  -0.0000148725  -0.0000365067  -0.0001345319   0.0000978012
       -0.0001324994  -0.0000051674   0.0000116315  -0.0000078091   0.0000034215
        0.0000112791  -0.0000314957   0.0000330558   0.0017752748   0.0043742830
        0.0024919110   0.0003851705   0.0004126901  -0.0005995779  -0.0000135315
       -0.0000928508   0.0000345116   0.0000334837  -0.0000449021   0.0000160326
       -0.0529033199  -0.0493674883   0.0002644125   0.0000786873  -0.0004378749
       -0.0009249152   0.0000232011  -0.0000664903   0.0000681523  -0.0016671995
       -0.0002527412   0.0008077148  -0.0000185941  -0.0001170869   0.0001083554
        0.0000079089  -0.0000200055   0.0000101864   0.0002902990   0.0001497242
        0.0001050993   0.0000178105  -0.0000272974   0.0000117700   0.0000038109
        0.0000118619   0.0000219013  -0.0000053654  -0.0000261149  -0.0000106696
       -0.0000167011  -0.0000349094   0.0000280680  -0.0000009542  -0.0000187063
        0.0000084994   0.0000191994   0.0000157385   0.0000399708  -0.0000074488
       -0.0000068032  -0.0000034821   0.0000878268  -0.0000292383  -0.0001043159
        0.0002822630  -0.0001078550  -0.0000193350  -0.0000337651   0.0000624834
       -0.0000626819   0.0601701873   0.0596545651  -0.0019307286   0.0035211645
        0.0181131064   0.0011011144  -0.0104616646  -0.0322367744   0.0001229758
       -0.0001008104  -0.0000970048   0.0000987176  -0.0001392986  -0.0002741359
       -0.0002093442  -0.0006021522   0.0003087875  -0.0003002284  -0.0004611387
       -0.0000001545  -0.0000529546   0.0001940283   0.0000432111  -0.0000049159
        0.0001135873  -0.0000621109   0.0000520259  -0.0000197912   0.0000525850
       -0.0000447775   0.0000367521   0.0000021508   0.0000359656  -0.0001955329
        0.0001584691  -0.0000511139  -0.0000631417  -0.0000935086  -0.0000982638
       -0.0000290078   0.0000185477  -0.0000325540  -0.0028896817  -0.0143408632
        0.0075043093   0.0014272189  -0.0005743629   0.0010523969  -0.0002077072
       -0.0000164864  -0.0001715326   0.0000301853   0.0000368797   0.0000868146
       -0.0495821116  -0.2716178621   0.0100577819  -0.0002407517   0.0004743779
       -0.0003110005  -0.0001165472   0.0000435104  -0.0000943870   0.0003304969
        0.0005556396  -0.0003456658  -0.0002530912  -0.0000932437  -0.0002041215
       -0.0000010942  -0.0000074716  -0.0000102070   0.0000274641  -0.0004427715
       -0.0001467861  -0.0000406243   0.0000025710  -0.0000052542  -0.0000157377
       -0.0000086764   0.0000225971  -0.0000314216   0.0000445150   0.0000247257
       -0.0000145775   0.0000553438   0.0000012714   0.0000297673   0.0000252483
        0.0000170401  -0.0000109224  -0.0000127023  -0.0000119606   0.0000078479
        0.0000092706  -0.0000040456   0.0003477061  -0.0002642877  -0.0001196491
       -0.0005618881   0.0008890221   0.0006462946  -0.0000009379  -0.0000146021
       -0.0000550281   0.0596545651   0.3143141193  -0.0137243033  -0.0022376244
       -0.0215930005  -0.0030266010  -0.0043840275  -0.0075210038  -0.0005752460
        0.0000195843   0.0000508706   0.0000459398   0.0005758362  -0.0002759587
        0.0004471110  -0.0009992009   0.0004951221  -0.0003066534   0.0000129262
       -0.0001277866   0.0003905693   0.0000321613  -0.0000337984  -0.0000037247
        0.0000738199   0.0000844462   0.0001032648   0.0000084975  -0.0000031131
       -0.0000326473  -0.0000405709   0.0000353669   0.0000214406   0.0000502365
       -0.0000547930  -0.0000550675   0.0000133283   0.0000395791  -0.0000112256
        0.0000037945  -0.0000160087  -0.0000178360   0.0059855490   0.0297234558
       -0.0059693952  -0.0016946364   0.0016163117  -0.0031582309   0.0002543418
       -0.0000058770   0.0000500836  -0.0001009333  -0.0001272246  -0.0000239566
        0.0015626829   0.0130556574  -0.0385017132  -0.0006142618  -0.0009829856
       -0.0011879282   0.0002075501  -0.0001176178  -0.0000577779   0.0003904011
        0.0000987423   0.0003400722  -0.0000630806  -0.0000113490  -0.0000734960
        0.0000708182  -0.0000262676  -0.0000399367  -0.0001816768  -0.0000959803
       -0.0000165143   0.0000366664  -0.0000161707  -0.0000055098   0.0000090758
        0.0000268951  -0.0000223307  -0.0000161457   0.0000019411   0.0000045261
        0.0000451571  -0.0000271632   0.0000370254   0.0000182299  -0.0000266384
        0.0000252738   0.0000010550   0.0000018784  -0.0000036063   0.0000059282
        0.0000082841   0.0000018452  -0.0004251212   0.0006384687   0.0001461151
        0.0012746231  -0.0015757747  -0.0016605509   0.0000603614   0.0000352384
       -0.0001355088  -0.0019307286  -0.0137243033   0.0485563509  -0.0031730949
       -0.0231684988   0.0001004207  -0.0014731738  -0.0054949482   0.0010135714
        0.0002971626  -0.0000789506   0.0000827658  -0.0000275069   0.0002056224
        0.0000171429   0.0000027107  -0.0000171140  -0.0001309525  -0.0001224704
       -0.0001475718  -0.0000105638   0.0000540453  -0.0000396790   0.0001393362
       -0.0026070336   0.0007948072  -0.0015098193  -0.0000866047  -0.0000092135
        0.0000299442  -0.0000789154   0.0000428327  -0.0001252033   0.0003930103
       -0.0002973408   0.0002339495   0.0001263189   0.0001213580   0.0000224995
        0.0000114476  -0.0000150931   0.0000634185   0.0035795599  -0.0045805028
        0.0002253735   0.0008088087   0.0003794333  -0.0003333800  -0.0000393054
        0.0000059880   0.0000130087  -0.0001036881  -0.0001204658  -0.0001207445
       -0.1098473762   0.0618693710   0.0861994470  -0.0000427804   0.0000384034
        0.0000432025  -0.0000704706   0.0000047265   0.0000345682  -0.0002102390
       -0.0005283196  -0.0001208773   0.0000055871   0.0000452003   0.0000433799
       -0.0000458032  -0.0000024419   0.0000465460  -0.0024811087   0.0011307875
        0.0002745923   0.0000093227   0.0000026849   0.0000016060   0.0000211451
        0.0000166206   0.0000600746  -0.0000463414   0.0001866124  -0.0000800882
       -0.0000634749  -0.0000459823   0.0000239778  -0.0000578700   0.0000048066
       -0.0000299055   0.0000333074   0.0000034344   0.0000264913   0.0000032553
        0.0000027073  -0.0000009584   0.0000148459   0.0002190991   0.0000519752
        0.0001663138   0.0000968626   0.0000062034   0.0001668559   0.0000443884
        0.0002984492   0.0035211645  -0.0022376244  -0.0031730949   0.1295161290
       -0.0732695693  -0.1039147375  -0.0228000020   0.0161741223   0.0216123729
       -0.0000947692   0.0000680019  -0.0001164813   0.0000428602   0.0002408129
       -0.0001267011  -0.0000670210  -0.0001487372  -0.0003157618  -0.0001232039
        0.0001453681  -0.0003225233  -0.0001846172  -0.0000088821  -0.0000231292
        0.0006285677  -0.0000413129   0.0003542857  -0.0000073988  -0.0000121316
        0.0000691901   0.0000046043  -0.0000296289  -0.0000729796   0.0001917366
       -0.0002927270  -0.0000254223   0.0002070580   0.0000765802   0.0003672332
        0.0000138196  -0.0000157167   0.0000347049  -0.0057767485   0.0053633548
        0.0076342969   0.0002934258  -0.0003033714   0.0015292695   0.0000515138
       -0.0001068306   0.0000992509  -0.0003314727   0.0002555815  -0.0003921909
        0.0611320413  -0.0939314988  -0.0800528461   0.0000784097   0.0000169312
        0.0000651557  -0.0000857178   0.0000190886   0.0000942370  -0.0005488645
       -0.0006422347   0.0000253735   0.0001888492   0.0000108023   0.0001805842
       -0.0000492981  -0.0000108832   0.0000205184   0.0008326744   0.0009771138
        0.0000500326   0.0000010393  -0.0000131046   0.0000025727  -0.0000071704
       -0.0000133031  -0.0000031604   0.0001341027  -0.0001122708   0.0000218608
       -0.0000258031  -0.0000392882  -0.0000889696  -0.0000440026  -0.0000321087
       -0.0000586049   0.0000109858   0.0000080585   0.0000243404  -0.0000156336
       -0.0000157439  -0.0000013189  -0.0000725467   0.0002635261   0.0001415874
        0.0000780067  -0.0010982474   0.0000424273   0.0000865132  -0.0005475684
        0.0005938858   0.0181131064  -0.0215930005  -0.0231684988  -0.0732695693
        0.1093044270   0.0914313706  -0.0013854774   0.0022589438   0.0019864103
       -0.0001669037   0.0000942040  -0.0003817287  -0.0000891598  -0.0000377101
        0.0003336111  -0.0000407293  -0.0001053699  -0.0001408493  -0.0000465020
        0.0000195034  -0.0000248143  -0.0000636519  -0.0001034681   0.0001759712
       -0.0003293593   0.0002796762  -0.0004249782   0.0000349980   0.0000778755
        0.0000359703  -0.0000135542   0.0000230092  -0.0000074824   0.0006326787
       -0.0004579187   0.0000610752  -0.0001329562   0.0002553236  -0.0003671882
        0.0000333596   0.0000139863   0.0000444129   0.0161836719  -0.0097703010
       -0.0267618055  -0.0015707336   0.0001792622  -0.0031535389   0.0000812892
        0.0001121451   0.0002076055  -0.0003139984  -0.0002826948   0.0005585320
        0.0897283727  -0.0828716263  -0.1543029257   0.0000706030   0.0000676383
       -0.0000787001   0.0001164216   0.0000172952   0.0000364430  -0.0001711062
       -0.0003145324   0.0003201150   0.0001251905   0.0000757472   0.0000805331
        0.0000561244   0.0000422299   0.0000052391  -0.0011500537   0.0004302020
        0.0014229476   0.0000089184   0.0000165927  -0.0000078263   0.0000536384
        0.0000130717   0.0000292213  -0.0001101364   0.0001340912   0.0000407193
        0.0000273585  -0.0000816545   0.0000772711   0.0000516565  -0.0000231846
        0.0000216789   0.0000328764   0.0000018870   0.0000178300   0.0000101448
        0.0000051893  -0.0000004424  -0.0000137115  -0.0007820741  -0.0003870485
       -0.0001755068   0.0027561990   0.0003529969   0.0006171346   0.0003624617
       -0.0008143915   0.0011011144  -0.0030266010   0.0001004207  -0.1039147375
        0.0914313706   0.1795275966  -0.0006627511   0.0014481742   0.0034035293
       -0.0000424630  -0.0001510393  -0.0000279604   0.0006948919   0.0004839411
       -0.0012672680   0.0000461676   0.0001389442   0.0000626221  -0.0000040957
       -0.0000727907   0.0001510469   0.0000315383   0.0000278605  -0.0001109845
        0.0001885175  -0.0001179097   0.0001596510  -0.0000516442   0.0000593214
        0.0000406238   0.0001028621   0.0000399591   0.0000519613  -0.0002621809
        0.0002170362   0.0000058920  -0.0001198554  -0.0000767350   0.0000322804
       -0.0000054702   0.0000180613  -0.0000145251  -0.0112007630   0.0000681722
       -0.0071057076   0.0012912236  -0.0005556727   0.0022604410  -0.0004165049
       -0.0000148576  -0.0004125873   0.0000991128   0.0000981554   0.0000688814
       -0.2696915097  -0.0312241668  -0.0450104984  -0.0000770778   0.0000429658
        0.0000945321   0.0000643010   0.0000028783   0.0000511339  -0.0001822924
        0.0000829246  -0.0002590968  -0.0000345881   0.0000350617  -0.0000707945
        0.0000382969   0.0000048178  -0.0000104352  -0.0002850001  -0.0000610347
       -0.0002318131  -0.0000253474   0.0000202596   0.0000066597   0.0000257520
       -0.0000213622   0.0000054201   0.0000236748  -0.0000591241  -0.0000188324
        0.0000204796   0.0000003526   0.0000024872   0.0000454994  -0.0000080938
        0.0000183937  -0.0000132024   0.0000033209  -0.0000254136   0.0000036304
       -0.0000071484   0.0000116717   0.0006730424   0.0000817684   0.0003438936
        0.0000391101  -0.0002763504   0.0004555175  -0.0002474756   0.0000299749
       -0.0002264514  -0.0104616646  -0.0043840275  -0.0014731738  -0.0228000020
       -0.0013854774  -0.0006627511   0.3125330369   0.0369600143   0.0531051839
       -0.0001347586  -0.0000453630  -0.0000791430  -0.0003947740   0.0001961781
        0.0020059303  -0.0001161738   0.0001205367  -0.0001554903  -0.0001975694
       -0.0000634228   0.0000274743  -0.0000157955   0.0000455622  -0.0000342941
        0.0001791902  -0.0000055722  -0.0000584818   0.0000163454  -0.0000008691
        0.0000159653  -0.0000036905   0.0000188352   0.0000114664   0.0000567661
       -0.0000696413   0.0000375764   0.0001024312   0.0000604520   0.0000818891
        0.0000026852   0.0000075078   0.0000007498   0.0095930390   0.0014403365
        0.0024714545   0.0011570670  -0.0001144036   0.0004381169   0.0004517921
        0.0000909121   0.0003893428  -0.0001748779   0.0000203283  -0.0000920011
       -0.0311928172  -0.0488847495  -0.0066831571   0.0000045115   0.0000690713
        0.0002483151  -0.0000168149   0.0000660456   0.0000070811   0.0001286824
       -0.0000747437  -0.0002376037  -0.0000183362   0.0000187248  -0.0000479756
       -0.0000033252  -0.0000054935  -0.0000033375  -0.0001659321   0.0000281522
        0.0000041084  -0.0000118043   0.0000056643  -0.0000069171  -0.0000132988
       -0.0000032777  -0.0000077544   0.0000245060   0.0000202295  -0.0000027506
        0.0000053277   0.0000147313  -0.0000375370  -0.0000357048   0.0000050191
       -0.0000311274  -0.0000025583  -0.0000041336  -0.0000092106  -0.0000034778
        0.0000006405   0.0000034618  -0.0003350693  -0.0002612569   0.0006035206
       -0.0000158097   0.0000181026  -0.0001429378   0.0002328826  -0.0001049440
        0.0001627668  -0.0322367744  -0.0075210038  -0.0054949482   0.0161741223
        0.0022589438   0.0014481742   0.0369600143   0.0526529008   0.0051672737
       -0.0001836285  -0.0000769185  -0.0002576381  -0.0004949502   0.0023524785
       -0.0043395931   0.0001996180   0.0001367162   0.0001198861   0.0000505464
        0.0001037472  -0.0000061193   0.0000444361   0.0000060486   0.0000217353
        0.0000946325  -0.0000155058  -0.0001528025  -0.0001506173   0.0001035286
        0.0001046273   0.0000532567   0.0000316206   0.0000114002   0.0002057765
       -0.0001403906   0.0000684164  -0.0000275599   0.0000308932   0.0000570206
        0.0000045235  -0.0000031055   0.0000267470  -0.0281081920  -0.0020003892
       -0.0098431046  -0.0018267545  -0.0008508073   0.0002512823  -0.0010459447
       -0.0001107748  -0.0009195396  -0.0000111437  -0.0000959695  -0.0000471107
       -0.0443993043  -0.0066573654  -0.0517261406   0.0000233540  -0.0000241468
        0.0000062324   0.0000808286   0.0000350326   0.0000438822  -0.0000500551
       -0.0000993314   0.0000259007   0.0000711629   0.0000111512   0.0000426318
       -0.0000071101  -0.0000015298   0.0000075710  -0.0002016967   0.0001303240
        0.0000750886  -0.0000344986   0.0000164735  -0.0000015971   0.0000394700
        0.0000038911   0.0000298762  -0.0000112882   0.0000148546  -0.0000126916
       -0.0000204695  -0.0000422292   0.0000061912   0.0000159511  -0.0000201856
       -0.0000000318   0.0000102326   0.0000029478   0.0000020812  -0.0000007898
       -0.0000069517   0.0000018550   0.0009045476   0.0007657121  -0.0007702675
        0.0000122414  -0.0002707469   0.0004715914  -0.0000771073   0.0000924903
       -0.0000343068   0.0001229758  -0.0005752460   0.0010135714   0.0216123729
        0.0019864103   0.0034035293   0.0531051839   0.0051672737   0.0623198256
